tradeDate,indexCode,indexNameCnAll,indexNameCn,indexNameEnAll,indexNameEn,open,high,low,close,change,changePct,tradingVol,tradingValue,consNumber,peg,date,rolling_pe,trading_value
20210104,H20269,中证红利低波动全收益指数,红利低波全收益,CSI Dividend Low Volatility Total Return Index,CSI Dividend Low VolatilityTRI,,,,13192.72,-99.29,-0.75,3131572567.0,270.8,50.0,6.19,2021-01-04,6.19,270.8
20210105,H20269,中证红利低波动全收益指数,红利低波全收益,CSI Dividend Low Volatility Total Return Index,CSI Dividend Low VolatilityTRI,,,,13180.12,-12.6,-0.1,3003517648.0,260.12,50.0,6.15,2021-01-05,6.15,260.12
20210106,H20269,中证红利低波动全收益指数,红利低波全收益,CSI Dividend Low Volatility Total Return Index,CSI Dividend Low VolatilityTRI,,,,13295.14,115.02,0.87,2579874205.0,259.45,50.0,6.21,2021-01-06,6.21,259.45
20210107,H20269,中证红利低波动全收益指数,红利低波全收益,CSI Dividend Low Volatility Total Return Index,CSI Dividend Low VolatilityTRI,,,,13314.6,19.46,0.15,2837698253.0,256.11,50.0,6.23,2021-01-07,6.23,256.11
20210108,H20269,中证红利低波动全收益指数,红利低波全收益,CSI Dividend Low Volatility Total Return Index,CSI Dividend Low VolatilityTRI,,,,13345.4,30.8,0.23,2714569339.0,239.2,50.0,6.26,2021-01-08,6.26,239.2
20210111,H20269,中证红利低波动全收益指数,红利低波全收益,CSI Dividend Low Volatility Total Return Index,CSI Dividend Low VolatilityTRI,,,,13217.17,-128.23,-0.96,3343535331.0,292.08,50.0,6.24,2021-01-11,6.24,292.08
20210112,H20269,中证红利低波动全收益指数,红利低波全收益,CSI Dividend Low Volatility Total Return Index,CSI Dividend Low VolatilityTRI,,,,13218.51,1.34,0.01,2721359067.0,224.57,50.0,6.26,2021-01-12,6.26,224.57
20210113,H20269,中证红利低波动全收益指数,红利低波全收益,CSI Dividend Low Volatility Total Return Index,CSI Dividend Low VolatilityTRI,,,,13205.18,-13.33,-0.1,2927285992.0,251.88,50.0,6.3,2021-01-13,6.3,251.88
20210114,H20269,中证红利低波动全收益指数,红利低波全收益,CSI Dividend Low Volatility Total Return Index,CSI Dividend Low VolatilityTRI,,,,13170.96,-34.22,-0.26,2938256881.0,249.17,50.0,6.32,2021-01-14,6.32,249.17
20210115,H20269,中证红利低波动全收益指数,红利低波全收益,CSI Dividend Low Volatility Total Return Index,CSI Dividend Low VolatilityTRI,,,,13261.1,90.14,0.68,4396267064.0,356.12,50.0,6.39,2021-01-15,6.39,356.12
20210118,H20269,中证红利低波动全收益指数,红利低波全收益,CSI Dividend Low Volatility Total Return Index,CSI Dividend Low VolatilityTRI,,,,13365.03,103.94,0.78,3260606329.0,299.59,50.0,6.44,2021-01-18,6.44,299.59
20210119,H20269,中证红利低波动全收益指数,红利低波全收益,CSI Dividend Low Volatility Total Return Index,CSI Dividend Low VolatilityTRI,,,,13494.86,129.83,0.97,3777370811.0,331.52,50.0,6.49,2021-01-19,6.49,331.52
20210120,H20269,中证红利低波动全收益指数,红利低波全收益,CSI Dividend Low Volatility Total Return Index,CSI Dividend Low VolatilityTRI,,,,13359.0,-135.86,-1.01,2563808610.0,222.49,50.0,6.41,2021-01-20,6.41,222.49
20210121,H20269,中证红利低波动全收益指数,红利低波全收益,CSI Dividend Low Volatility Total Return Index,CSI Dividend Low VolatilityTRI,,,,13356.6,-2.4,-0.02,2521359890.0,226.5,50.0,6.39,2021-01-21,6.39,226.5
20210122,H20269,中证红利低波动全收益指数,红利低波全收益,CSI Dividend Low Volatility Total Return Index,CSI Dividend Low VolatilityTRI,,,,13126.43,-230.17,-1.72,2537468088.0,226.32,50.0,6.29,2021-01-22,6.29,226.32
20210125,H20269,中证红利低波动全收益指数,红利低波全收益,CSI Dividend Low Volatility Total Return Index,CSI Dividend Low VolatilityTRI,,,,12977.27,-149.17,-1.14,2469570830.0,224.55,50.0,6.27,2021-01-25,6.27,224.55
20210126,H20269,中证红利低波动全收益指数,红利低波全收益,CSI Dividend Low Volatility Total Return Index,CSI Dividend Low VolatilityTRI,,,,12942.68,-34.58,-0.27,1918118505.0,174.02,50.0,6.25,2021-01-26,6.25,174.02
20210127,H20269,中证红利低波动全收益指数,红利低波全收益,CSI Dividend Low Volatility Total Return Index,CSI Dividend Low VolatilityTRI,,,,12979.06,36.38,0.28,2411819476.0,202.08,50.0,6.28,2021-01-27,6.28,202.08
20210128,H20269,中证红利低波动全收益指数,红利低波全收益,CSI Dividend Low Volatility Total Return Index,CSI Dividend Low VolatilityTRI,,,,12836.17,-142.88,-1.1,2223345089.0,189.34,50.0,6.22,2021-01-28,6.22,189.34
20210129,H20269,中证红利低波动全收益指数,红利低波全收益,CSI Dividend Low Volatility Total Return Index,CSI Dividend Low VolatilityTRI,,,,12824.63,-11.55,-0.09,2611489377.0,212.01,50.0,6.22,2021-01-29,6.22,212.01
20210201,H20269,中证红利低波动全收益指数,红利低波全收益,CSI Dividend Low Volatility Total Return Index,CSI Dividend Low VolatilityTRI,,,,12951.34,126.72,0.99,2557072031.0,204.29,50.0,6.27,2021-02-01,6.27,204.29
20210202,H20269,中证红利低波动全收益指数,红利低波全收益,CSI Dividend Low Volatility Total Return Index,CSI Dividend Low VolatilityTRI,,,,12896.88,-54.46,-0.42,2295436884.0,199.7,50.0,6.23,2021-02-02,6.23,199.7
20210203,H20269,中证红利低波动全收益指数,红利低波全收益,CSI Dividend Low Volatility Total Return Index,CSI Dividend Low VolatilityTRI,,,,12845.79,-51.1,-0.4,2345588838.0,194.1,50.0,6.23,2021-02-03,6.23,194.1
20210204,H20269,中证红利低波动全收益指数,红利低波全收益,CSI Dividend Low Volatility Total Return Index,CSI Dividend Low VolatilityTRI,,,,12813.91,-31.88,-0.25,2395548584.0,200.27,50.0,6.23,2021-02-04,6.23,200.27
20210205,H20269,中证红利低波动全收益指数,红利低波全收益,CSI Dividend Low Volatility Total Return Index,CSI Dividend Low VolatilityTRI,,,,13009.78,195.87,1.53,4524101667.0,319.45,50.0,6.35,2021-02-05,6.35,319.45
20210208,H20269,中证红利低波动全收益指数,红利低波全收益,CSI Dividend Low Volatility Total Return Index,CSI Dividend Low VolatilityTRI,,,,13018.63,8.85,0.07,3275325800.0,255.51,50.0,6.36,2021-02-08,6.36,255.51
20210209,H20269,中证红利低波动全收益指数,红利低波全收益,CSI Dividend Low Volatility Total Return Index,CSI Dividend Low VolatilityTRI,,,,13073.9,55.27,0.42,2593501030.0,199.28,50.0,6.35,2021-02-09,6.35,199.28
20210210,H20269,中证红利低波动全收益指数,红利低波全收益,CSI Dividend Low Volatility Total Return Index,CSI Dividend Low VolatilityTRI,,,,13133.02,59.12,0.45,3505175403.0,256.91,50.0,6.4,2021-02-10,6.4,256.91
20210218,H20269,中证红利低波动全收益指数,红利低波全收益,CSI Dividend Low Volatility Total Return Index,CSI Dividend Low VolatilityTRI,,,,13409.61,276.59,2.11,3843156912.0,303.86,50.0,6.49,2021-02-18,6.49,303.86
20210219,H20269,中证红利低波动全收益指数,红利低波全收益,CSI Dividend Low Volatility Total Return Index,CSI Dividend Low VolatilityTRI,,,,13637.19,227.58,1.7,3262666647.0,282.25,50.0,6.52,2021-02-19,6.52,282.25
20210222,H20269,中证红利低波动全收益指数,红利低波全收益,CSI Dividend Low Volatility Total Return Index,CSI Dividend Low VolatilityTRI,,,,13753.49,116.3,0.85,4526596816.0,368.58,50.0,6.57,2021-02-22,6.57,368.58
20210223,H20269,中证红利低波动全收益指数,红利低波全收益,CSI Dividend Low Volatility Total Return Index,CSI Dividend Low VolatilityTRI,,,,13634.69,-118.81,-0.86,3894393023.0,306.76,50.0,6.56,2021-02-23,6.56,306.76
20210224,H20269,中证红利低波动全收益指数,红利低波全收益,CSI Dividend Low Volatility Total Return Index,CSI Dividend Low VolatilityTRI,,,,13613.77,-20.91,-0.15,3638659902.0,288.28,50.0,6.49,2021-02-24,6.49,288.28
20210225,H20269,中证红利低波动全收益指数,红利低波全收益,CSI Dividend Low Volatility Total Return Index,CSI Dividend Low VolatilityTRI,,,,13931.69,317.92,2.34,4840389484.0,444.16,50.0,6.66,2021-02-25,6.66,444.16
20210226,H20269,中证红利低波动全收益指数,红利低波全收益,CSI Dividend Low Volatility Total Return Index,CSI Dividend Low VolatilityTRI,,,,13652.3,-279.39,-2.01,4478384881.0,404.39,50.0,6.54,2021-02-26,6.54,404.39
20210301,H20269,中证红利低波动全收益指数,红利低波全收益,CSI Dividend Low Volatility Total Return Index,CSI Dividend Low VolatilityTRI,,,,13857.5,205.2,1.5,3074212188.0,272.07,50.0,6.55,2021-03-01,6.55,272.07
20210302,H20269,中证红利低波动全收益指数,红利低波全收益,CSI Dividend Low Volatility Total Return Index,CSI Dividend Low VolatilityTRI,,,,13758.38,-99.11,-0.72,3221606017.0,287.85,50.0,6.52,2021-03-02,6.52,287.85
20210303,H20269,中证红利低波动全收益指数,红利低波全收益,CSI Dividend Low Volatility Total Return Index,CSI Dividend Low VolatilityTRI,,,,14072.55,314.17,2.28,4308500755.0,342.93,50.0,6.67,2021-03-03,6.67,342.93
20210304,H20269,中证红利低波动全收益指数,红利低波全收益,CSI Dividend Low Volatility Total Return Index,CSI Dividend Low VolatilityTRI,,,,14091.54,18.99,0.13,4236478478.0,330.84,50.0,6.64,2021-03-04,6.64,330.84
20210305,H20269,中证红利低波动全收益指数,红利低波全收益,CSI Dividend Low Volatility Total Return Index,CSI Dividend Low VolatilityTRI,,,,13888.57,-202.97,-1.44,3920614247.0,314.84,50.0,6.66,2021-03-05,6.66,314.84
20210308,H20269,中证红利低波动全收益指数,红利低波全收益,CSI Dividend Low Volatility Total Return Index,CSI Dividend Low VolatilityTRI,,,,13817.28,-71.3,-0.51,3979480572.0,297.8,50.0,6.62,2021-03-08,6.62,297.8
20210309,H20269,中证红利低波动全收益指数,红利低波全收益,CSI Dividend Low Volatility Total Return Index,CSI Dividend Low VolatilityTRI,,,,13672.4,-144.88,-1.05,3926577755.0,298.09,50.0,6.55,2021-03-09,6.55,298.09
20210310,H20269,中证红利低波动全收益指数,红利低波全收益,CSI Dividend Low Volatility Total Return Index,CSI Dividend Low VolatilityTRI,,,,13574.64,-97.76,-0.72,2853739645.0,221.87,50.0,6.53,2021-03-10,6.53,221.87
20210311,H20269,中证红利低波动全收益指数,红利低波全收益,CSI Dividend Low Volatility Total Return Index,CSI Dividend Low VolatilityTRI,,,,13921.35,346.71,2.55,3537522652.0,278.36,50.0,6.63,2021-03-11,6.63,278.36
20210312,H20269,中证红利低波动全收益指数,红利低波全收益,CSI Dividend Low Volatility Total Return Index,CSI Dividend Low VolatilityTRI,,,,14198.32,276.97,1.99,3719328811.0,306.88,50.0,6.69,2021-03-12,6.69,306.88
20210315,H20269,中证红利低波动全收益指数,红利低波全收益,CSI Dividend Low Volatility Total Return Index,CSI Dividend Low VolatilityTRI,,,,14290.02,91.71,0.65,3856021922.0,304.03,50.0,6.75,2021-03-15,6.75,304.03
20210316,H20269,中证红利低波动全收益指数,红利低波全收益,CSI Dividend Low Volatility Total Return Index,CSI Dividend Low VolatilityTRI,,,,14340.62,50.6,0.35,3043822276.0,262.8,50.0,6.8,2021-03-16,6.8,262.8
20210317,H20269,中证红利低波动全收益指数,红利低波全收益,CSI Dividend Low Volatility Total Return Index,CSI Dividend Low VolatilityTRI,,,,14248.38,-92.24,-0.64,2664575016.0,217.35,50.0,6.74,2021-03-17,6.74,217.35
20210318,H20269,中证红利低波动全收益指数,红利低波全收益,CSI Dividend Low Volatility Total Return Index,CSI Dividend Low VolatilityTRI,,,,14277.58,29.2,0.2,2478537624.0,196.11,50.0,6.71,2021-03-18,6.71,196.11
20210319,H20269,中证红利低波动全收益指数,红利低波全收益,CSI Dividend Low Volatility Total Return Index,CSI Dividend Low VolatilityTRI,,,,14097.62,-179.97,-1.26,3341810157.0,259.23,50.0,6.59,2021-03-19,6.59,259.23
20210322,H20269,中证红利低波动全收益指数,红利低波全收益,CSI Dividend Low Volatility Total Return Index,CSI Dividend Low VolatilityTRI,,,,14254.76,157.14,1.11,2773143113.0,213.58,50.0,6.67,2021-03-22,6.67,213.58
20210323,H20269,中证红利低波动全收益指数,红利低波全收益,CSI Dividend Low Volatility Total Return Index,CSI Dividend Low VolatilityTRI,,,,14077.1,-177.66,-1.25,2568603614.0,200.83,50.0,6.63,2021-03-23,6.63,200.83
20210324,H20269,中证红利低波动全收益指数,红利低波全收益,CSI Dividend Low Volatility Total Return Index,CSI Dividend Low VolatilityTRI,,,,13898.2,-178.9,-1.27,2615542004.0,206.72,50.0,6.58,2021-03-24,6.58,206.72
20210325,H20269,中证红利低波动全收益指数,红利低波全收益,CSI Dividend Low Volatility Total Return Index,CSI Dividend Low VolatilityTRI,,,,13861.85,-36.35,-0.26,2167673735.0,158.8,50.0,6.55,2021-03-25,6.55,158.8
20210326,H20269,中证红利低波动全收益指数,红利低波全收益,CSI Dividend Low Volatility Total Return Index,CSI Dividend Low VolatilityTRI,,,,13973.62,111.77,0.81,2594195006.0,185.05,50.0,6.56,2021-03-26,6.56,185.05
20210329,H20269,中证红利低波动全收益指数,红利低波全收益,CSI Dividend Low Volatility Total Return Index,CSI Dividend Low VolatilityTRI,,,,14230.07,256.45,1.84,3464783764.0,259.95,50.0,6.68,2021-03-29,6.68,259.95
20210330,H20269,中证红利低波动全收益指数,红利低波全收益,CSI Dividend Low Volatility Total Return Index,CSI Dividend Low VolatilityTRI,,,,14187.88,-42.2,-0.3,2733155755.0,213.28,50.0,6.7,2021-03-30,6.7,213.28
20210331,H20269,中证红利低波动全收益指数,红利低波全收益,CSI Dividend Low Volatility Total Return Index,CSI Dividend Low VolatilityTRI,,,,14185.87,-2.01,-0.01,3506137778.0,266.83,50.0,6.73,2021-03-31,6.73,266.83
20210401,H20269,中证红利低波动全收益指数,红利低波全收益,CSI Dividend Low Volatility Total Return Index,CSI Dividend Low VolatilityTRI,,,,14262.34,76.47,0.54,2329202414.0,167.09,50.0,6.7,2021-04-01,6.7,167.09
20210402,H20269,中证红利低波动全收益指数,红利低波全收益,CSI Dividend Low Volatility Total Return Index,CSI Dividend Low VolatilityTRI,,,,14126.53,-135.81,-0.95,2348809610.0,167.35,50.0,6.63,2021-04-02,6.63,167.35
20210406,H20269,中证红利低波动全收益指数,红利低波全收益,CSI Dividend Low Volatility Total Return Index,CSI Dividend Low VolatilityTRI,,,,14125.8,-0.73,-0.01,1774969249.0,138.29,50.0,6.63,2021-04-06,6.63,138.29
20210407,H20269,中证红利低波动全收益指数,红利低波全收益,CSI Dividend Low Volatility Total Return Index,CSI Dividend Low VolatilityTRI,,,,14271.93,146.13,1.03,2453470224.0,178.95,50.0,6.65,2021-04-07,6.65,178.95
20210408,H20269,中证红利低波动全收益指数,红利低波全收益,CSI Dividend Low Volatility Total Return Index,CSI Dividend Low VolatilityTRI,,,,14240.83,-31.1,-0.22,2281270460.0,171.69,50.0,6.62,2021-04-08,6.62,171.69
20210409,H20269,中证红利低波动全收益指数,红利低波全收益,CSI Dividend Low Volatility Total Return Index,CSI Dividend Low VolatilityTRI,,,,14208.67,-32.15,-0.23,2048857373.0,152.21,50.0,6.61,2021-04-09,6.61,152.21
20210412,H20269,中证红利低波动全收益指数,红利低波全收益,CSI Dividend Low Volatility Total Return Index,CSI Dividend Low VolatilityTRI,,,,14242.83,34.15,0.24,2395840209.0,178.42,50.0,6.65,2021-04-12,6.65,178.42
20210413,H20269,中证红利低波动全收益指数,红利低波全收益,CSI Dividend Low Volatility Total Return Index,CSI Dividend Low VolatilityTRI,,,,14144.1,-98.73,-0.69,2285316761.0,175.94,50.0,6.62,2021-04-13,6.62,175.94
20210414,H20269,中证红利低波动全收益指数,红利低波全收益,CSI Dividend Low Volatility Total Return Index,CSI Dividend Low VolatilityTRI,,,,14207.75,63.65,0.45,2168359190.0,175.63,50.0,6.59,2021-04-14,6.59,175.63
20210415,H20269,中证红利低波动全收益指数,红利低波全收益,CSI Dividend Low Volatility Total Return Index,CSI Dividend Low VolatilityTRI,,,,14211.31,3.56,0.03,2165766701.0,196.69,50.0,6.56,2021-04-15,6.56,196.69
20210416,H20269,中证红利低波动全收益指数,红利低波全收益,CSI Dividend Low Volatility Total Return Index,CSI Dividend Low VolatilityTRI,,,,14416.87,205.55,1.45,1882323387.0,153.47,50.0,6.58,2021-04-16,6.58,153.47
20210419,H20269,中证红利低波动全收益指数,红利低波全收益,CSI Dividend Low Volatility Total Return Index,CSI Dividend Low VolatilityTRI,,,,14376.32,-40.55,-0.28,2373305797.0,197.18,50.0,6.59,2021-04-19,6.59,197.18
20210420,H20269,中证红利低波动全收益指数,红利低波全收益,CSI Dividend Low Volatility Total Return Index,CSI Dividend Low VolatilityTRI,,,,14349.19,-27.13,-0.19,2264145864.0,184.02,50.0,6.56,2021-04-20,6.56,184.02
20210421,H20269,中证红利低波动全收益指数,红利低波全收益,CSI Dividend Low Volatility Total Return Index,CSI Dividend Low VolatilityTRI,,,,14388.64,39.45,0.27,2222108546.0,179.86,50.0,6.57,2021-04-21,6.57,179.86
20210422,H20269,中证红利低波动全收益指数,红利低波全收益,CSI Dividend Low Volatility Total Return Index,CSI Dividend Low VolatilityTRI,,,,14390.08,1.43,0.01,2414139127.0,177.56,50.0,6.54,2021-04-22,6.54,177.56
20210423,H20269,中证红利低波动全收益指数,红利低波全收益,CSI Dividend Low Volatility Total Return Index,CSI Dividend Low VolatilityTRI,,,,14287.48,-102.6,-0.71,2141948088.0,178.13,50.0,6.49,2021-04-23,6.49,178.13
20210426,H20269,中证红利低波动全收益指数,红利低波全收益,CSI Dividend Low Volatility Total Return Index,CSI Dividend Low VolatilityTRI,,,,14227.27,-60.2,-0.42,2312694487.0,190.52,50.0,6.44,2021-04-26,6.44,190.52
20210427,H20269,中证红利低波动全收益指数,红利低波全收益,CSI Dividend Low Volatility Total Return Index,CSI Dividend Low VolatilityTRI,,,,14179.48,-47.8,-0.34,1895807592.0,145.98,50.0,6.43,2021-04-27,6.43,145.98
20210428,H20269,中证红利低波动全收益指数,红利低波全收益,CSI Dividend Low Volatility Total Return Index,CSI Dividend Low VolatilityTRI,,,,14295.84,116.36,0.82,2182822096.0,164.66,50.0,6.42,2021-04-28,6.42,164.66
20210429,H20269,中证红利低波动全收益指数,红利低波全收益,CSI Dividend Low Volatility Total Return Index,CSI Dividend Low VolatilityTRI,,,,14448.68,152.84,1.07,2929593498.0,216.12,50.0,6.48,2021-04-29,6.48,216.12
20210430,H20269,中证红利低波动全收益指数,红利低波全收益,CSI Dividend Low Volatility Total Return Index,CSI Dividend Low VolatilityTRI,,,,14334.92,-113.76,-0.79,3728884725.0,277.65,50.0,6.39,2021-04-30,6.39,277.65
20210506,H20269,中证红利低波动全收益指数,红利低波全收益,CSI Dividend Low Volatility Total Return Index,CSI Dividend Low VolatilityTRI,,,,14528.7,193.78,1.35,2797483433.0,215.81,50.0,6.07,2021-05-06,6.07,215.81
20210507,H20269,中证红利低波动全收益指数,红利低波全收益,CSI Dividend Low Volatility Total Return Index,CSI Dividend Low VolatilityTRI,,,,14599.87,71.17,0.49,3177088888.0,249.44,50.0,6.14,2021-05-07,6.14,249.44
20210510,H20269,中证红利低波动全收益指数,红利低波全收益,CSI Dividend Low Volatility Total Return Index,CSI Dividend Low VolatilityTRI,,,,14719.15,119.28,0.82,2890481747.0,228.82,50.0,6.14,2021-05-10,6.14,228.82
20210511,H20269,中证红利低波动全收益指数,红利低波全收益,CSI Dividend Low Volatility Total Return Index,CSI Dividend Low VolatilityTRI,,,,14632.21,-86.94,-0.59,2489833043.0,195.87,50.0,6.15,2021-05-11,6.15,195.87
20210512,H20269,中证红利低波动全收益指数,红利低波全收益,CSI Dividend Low Volatility Total Return Index,CSI Dividend Low VolatilityTRI,,,,14784.21,152.0,1.04,2598720997.0,214.51,50.0,6.17,2021-05-12,6.17,214.51
20210513,H20269,中证红利低波动全收益指数,红利低波全收益,CSI Dividend Low Volatility Total Return Index,CSI Dividend Low VolatilityTRI,,,,14713.99,-70.22,-0.47,2169807904.0,170.66,50.0,6.14,2021-05-13,6.14,170.66
20210514,H20269,中证红利低波动全收益指数,红利低波全收益,CSI Dividend Low Volatility Total Return Index,CSI Dividend Low VolatilityTRI,,,,14746.53,32.54,0.22,2528034491.0,202.53,50.0,6.18,2021-05-14,6.18,202.53
20210517,H20269,中证红利低波动全收益指数,红利低波全收益,CSI Dividend Low Volatility Total Return Index,CSI Dividend Low VolatilityTRI,,,,14814.83,68.31,0.46,2579636163.0,205.72,50.0,6.17,2021-05-17,6.17,205.72
20210518,H20269,中证红利低波动全收益指数,红利低波全收益,CSI Dividend Low Volatility Total Return Index,CSI Dividend Low VolatilityTRI,,,,14864.18,49.35,0.33,1923328840.0,150.75,50.0,6.16,2021-05-18,6.16,150.75
20210519,H20269,中证红利低波动全收益指数,红利低波全收益,CSI Dividend Low Volatility Total Return Index,CSI Dividend Low VolatilityTRI,,,,14812.05,-52.14,-0.35,2305964416.0,197.28,50.0,6.1,2021-05-19,6.1,197.28
20210520,H20269,中证红利低波动全收益指数,红利低波全收益,CSI Dividend Low Volatility Total Return Index,CSI Dividend Low VolatilityTRI,,,,14593.73,-218.31,-1.47,2409627353.0,190.79,50.0,6.1,2021-05-20,6.1,190.79
20210521,H20269,中证红利低波动全收益指数,红利低波全收益,CSI Dividend Low Volatility Total Return Index,CSI Dividend Low VolatilityTRI,,,,14630.77,37.04,0.25,2095121726.0,165.57,50.0,6.07,2021-05-21,6.07,165.57
20210524,H20269,中证红利低波动全收益指数,红利低波全收益,CSI Dividend Low Volatility Total Return Index,CSI Dividend Low VolatilityTRI,,,,14724.52,93.74,0.64,2091482721.0,173.53,50.0,6.07,2021-05-24,6.07,173.53
20210525,H20269,中证红利低波动全收益指数,红利低波全收益,CSI Dividend Low Volatility Total Return Index,CSI Dividend Low VolatilityTRI,,,,14965.44,240.93,1.64,3327503366.0,266.99,50.0,6.17,2021-05-25,6.17,266.99
20210526,H20269,中证红利低波动全收益指数,红利低波全收益,CSI Dividend Low Volatility Total Return Index,CSI Dividend Low VolatilityTRI,,,,15041.33,75.89,0.51,3129636820.0,257.87,50.0,6.2,2021-05-26,6.2,257.87
20210527,H20269,中证红利低波动全收益指数,红利低波全收益,CSI Dividend Low Volatility Total Return Index,CSI Dividend Low VolatilityTRI,,,,15116.43,75.1,0.5,2789202409.0,223.36,50.0,6.19,2021-05-27,6.19,223.36
20210528,H20269,中证红利低波动全收益指数,红利低波全收益,CSI Dividend Low Volatility Total Return Index,CSI Dividend Low VolatilityTRI,,,,15203.37,86.94,0.58,2901382696.0,226.42,50.0,6.19,2021-05-28,6.19,226.42
20210531,H20269,中证红利低波动全收益指数,红利低波全收益,CSI Dividend Low Volatility Total Return Index,CSI Dividend Low VolatilityTRI,,,,15315.5,112.13,0.74,3135384812.0,243.31,50.0,6.17,2021-05-31,6.17,243.31
20210601,H20269,中证红利低波动全收益指数,红利低波全收益,CSI Dividend Low Volatility Total Return Index,CSI Dividend Low VolatilityTRI,,,,15299.72,-15.78,-0.1,2981731010.0,235.14,50.0,6.15,2021-06-01,6.15,235.14
20210602,H20269,中证红利低波动全收益指数,红利低波全收益,CSI Dividend Low Volatility Total Return Index,CSI Dividend Low VolatilityTRI,,,,15311.09,11.37,0.07,3400193273.0,258.8,50.0,6.17,2021-06-02,6.17,258.8
20210603,H20269,中证红利低波动全收益指数,红利低波全收益,CSI Dividend Low Volatility Total Return Index,CSI Dividend Low VolatilityTRI,,,,15272.96,-38.13,-0.25,3118152053.0,238.13,50.0,6.15,2021-06-03,6.15,238.13
20210604,H20269,中证红利低波动全收益指数,红利低波全收益,CSI Dividend Low Volatility Total Return Index,CSI Dividend Low VolatilityTRI,,,,15232.72,-40.24,-0.26,2830481210.0,218.73,50.0,6.13,2021-06-04,6.13,218.73
20210607,H20269,中证红利低波动全收益指数,红利低波全收益,CSI Dividend Low Volatility Total Return Index,CSI Dividend Low VolatilityTRI,,,,15076.11,-156.6,-1.03,2804542687.0,210.96,50.0,6.11,2021-06-07,6.11,210.96
20210608,H20269,中证红利低波动全收益指数,红利低波全收益,CSI Dividend Low Volatility Total Return Index,CSI Dividend Low VolatilityTRI,,,,15068.41,-7.7,-0.05,2566564346.0,187.94,50.0,6.12,2021-06-08,6.12,187.94
20210609,H20269,中证红利低波动全收益指数,红利低波全收益,CSI Dividend Low Volatility Total Return Index,CSI Dividend Low VolatilityTRI,,,,15092.09,23.68,0.16,2551759093.0,190.74,50.0,6.12,2021-06-09,6.12,190.74
20210610,H20269,中证红利低波动全收益指数,红利低波全收益,CSI Dividend Low Volatility Total Return Index,CSI Dividend Low VolatilityTRI,,,,15086.45,-5.65,-0.04,2633864001.0,203.24,50.0,6.1,2021-06-10,6.1,203.24
20210611,H20269,中证红利低波动全收益指数,红利低波全收益,CSI Dividend Low Volatility Total Return Index,CSI Dividend Low VolatilityTRI,,,,15028.11,-58.33,-0.39,2870416325.0,225.13,50.0,6.08,2021-06-11,6.08,225.13
20210615,H20269,中证红利低波动全收益指数,红利低波全收益,CSI Dividend Low Volatility Total Return Index,CSI Dividend Low VolatilityTRI,,,,14880.81,-147.3,-0.98,2941995783.0,236.33,50.0,6.01,2021-06-15,6.01,236.33
20210616,H20269,中证红利低波动全收益指数,红利低波全收益,CSI Dividend Low Volatility Total Return Index,CSI Dividend Low VolatilityTRI,,,,14827.22,-53.59,-0.36,2412567105.0,192.57,50.0,6.02,2021-06-16,6.02,192.57
20210617,H20269,中证红利低波动全收益指数,红利低波全收益,CSI Dividend Low Volatility Total Return Index,CSI Dividend Low VolatilityTRI,,,,14810.07,-17.15,-0.12,2357415351.0,175.62,50.0,5.95,2021-06-17,5.95,175.62
20210618,H20269,中证红利低波动全收益指数,红利低波全收益,CSI Dividend Low Volatility Total Return Index,CSI Dividend Low VolatilityTRI,,,,14728.91,-81.16,-0.55,2286700508.0,186.91,50.0,5.89,2021-06-18,5.89,186.91
20210621,H20269,中证红利低波动全收益指数,红利低波全收益,CSI Dividend Low Volatility Total Return Index,CSI Dividend Low VolatilityTRI,,,,14709.4,-19.51,-0.13,2461864339.0,203.14,50.0,5.85,2021-06-21,5.85,203.14
20210622,H20269,中证红利低波动全收益指数,红利低波全收益,CSI Dividend Low Volatility Total Return Index,CSI Dividend Low VolatilityTRI,,,,14755.41,46.01,0.31,2297319300.0,193.31,50.0,5.87,2021-06-22,5.87,193.31
20210623,H20269,中证红利低波动全收益指数,红利低波全收益,CSI Dividend Low Volatility Total Return Index,CSI Dividend Low VolatilityTRI,,,,14931.58,176.18,1.19,2425519541.0,199.15,50.0,5.88,2021-06-23,5.88,199.15
20210624,H20269,中证红利低波动全收益指数,红利低波全收益,CSI Dividend Low Volatility Total Return Index,CSI Dividend Low VolatilityTRI,,,,14932.97,1.38,0.01,2189169776.0,173.72,50.0,5.91,2021-06-24,5.91,173.72
20210625,H20269,中证红利低波动全收益指数,红利低波全收益,CSI Dividend Low Volatility Total Return Index,CSI Dividend Low VolatilityTRI,,,,14996.94,63.97,0.43,2072689184.0,160.38,50.0,5.95,2021-06-25,5.95,160.38
20210628,H20269,中证红利低波动全收益指数,红利低波全收益,CSI Dividend Low Volatility Total Return Index,CSI Dividend Low VolatilityTRI,,,,14737.71,-259.23,-1.73,2133536974.0,170.71,50.0,5.88,2021-06-28,5.88,170.71
20210629,H20269,中证红利低波动全收益指数,红利低波全收益,CSI Dividend Low Volatility Total Return Index,CSI Dividend Low VolatilityTRI,,,,14691.71,-46.0,-0.31,2416716352.0,194.51,50.0,5.84,2021-06-29,5.84,194.51
20210630,H20269,中证红利低波动全收益指数,红利低波全收益,CSI Dividend Low Volatility Total Return Index,CSI Dividend Low VolatilityTRI,,,,14765.75,74.03,0.5,2314736882.0,190.98,50.0,5.86,2021-06-30,5.86,190.98
20210701,H20269,中证红利低波动全收益指数,红利低波全收益,CSI Dividend Low Volatility Total Return Index,CSI Dividend Low VolatilityTRI,,,,14868.43,102.69,0.7,2732296626.0,246.78,50.0,5.93,2021-07-01,5.93,246.78
20210702,H20269,中证红利低波动全收益指数,红利低波全收益,CSI Dividend Low Volatility Total Return Index,CSI Dividend Low VolatilityTRI,,,,14711.25,-157.19,-1.06,2605971473.0,206.19,50.0,5.88,2021-07-02,5.88,206.19
20210705,H20269,中证红利低波动全收益指数,红利低波全收益,CSI Dividend Low Volatility Total Return Index,CSI Dividend Low VolatilityTRI,,,,14657.4,-53.85,-0.37,2202801166.0,166.84,50.0,5.87,2021-07-05,5.87,166.84
20210706,H20269,中证红利低波动全收益指数,红利低波全收益,CSI Dividend Low Volatility Total Return Index,CSI Dividend Low VolatilityTRI,,,,14713.17,55.77,0.38,2504148836.0,194.44,50.0,5.84,2021-07-06,5.84,194.44
20210707,H20269,中证红利低波动全收益指数,红利低波全收益,CSI Dividend Low Volatility Total Return Index,CSI Dividend Low VolatilityTRI,,,,14671.97,-41.19,-0.28,2038495464.0,156.73,50.0,5.81,2021-07-07,5.81,156.73
20210708,H20269,中证红利低波动全收益指数,红利低波全收益,CSI Dividend Low Volatility Total Return Index,CSI Dividend Low VolatilityTRI,,,,14406.03,-265.94,-1.81,2939956577.0,223.03,50.0,5.75,2021-07-08,5.75,223.03
20210709,H20269,中证红利低波动全收益指数,红利低波全收益,CSI Dividend Low Volatility Total Return Index,CSI Dividend Low VolatilityTRI,,,,14520.36,114.33,0.79,2530248191.0,186.01,50.0,5.73,2021-07-09,5.73,186.01
20210712,H20269,中证红利低波动全收益指数,红利低波全收益,CSI Dividend Low Volatility Total Return Index,CSI Dividend Low VolatilityTRI,,,,14430.05,-90.31,-0.62,3170637017.0,229.24,50.0,5.65,2021-07-12,5.65,229.24
20210713,H20269,中证红利低波动全收益指数,红利低波全收益,CSI Dividend Low Volatility Total Return Index,CSI Dividend Low VolatilityTRI,,,,14509.23,79.18,0.55,2663329845.0,185.82,50.0,5.65,2021-07-13,5.65,185.82
20210714,H20269,中证红利低波动全收益指数,红利低波全收益,CSI Dividend Low Volatility Total Return Index,CSI Dividend Low VolatilityTRI,,,,14515.73,6.51,0.04,2871666114.0,207.08,50.0,5.59,2021-07-14,5.59,207.08
20210715,H20269,中证红利低波动全收益指数,红利低波全收益,CSI Dividend Low Volatility Total Return Index,CSI Dividend Low VolatilityTRI,,,,14587.67,71.93,0.5,2452417907.0,187.0,50.0,5.64,2021-07-15,5.64,187.0
20210716,H20269,中证红利低波动全收益指数,红利低波全收益,CSI Dividend Low Volatility Total Return Index,CSI Dividend Low VolatilityTRI,,,,14659.0,71.33,0.49,2102507758.0,160.05,50.0,5.62,2021-07-16,5.62,160.05
20210719,H20269,中证红利低波动全收益指数,红利低波全收益,CSI Dividend Low Volatility Total Return Index,CSI Dividend Low VolatilityTRI,,,,14683.37,24.37,0.17,2278167747.0,176.28,50.0,5.61,2021-07-19,5.61,176.28
20210720,H20269,中证红利低波动全收益指数,红利低波全收益,CSI Dividend Low Volatility Total Return Index,CSI Dividend Low VolatilityTRI,,,,14644.56,-38.81,-0.26,1931996591.0,147.09,50.0,5.57,2021-07-20,5.57,147.09
20210721,H20269,中证红利低波动全收益指数,红利低波全收益,CSI Dividend Low Volatility Total Return Index,CSI Dividend Low VolatilityTRI,,,,14539.49,-105.07,-0.72,2141464970.0,170.39,50.0,5.53,2021-07-21,5.53,170.39
20210722,H20269,中证红利低波动全收益指数,红利低波全收益,CSI Dividend Low Volatility Total Return Index,CSI Dividend Low VolatilityTRI,,,,14663.96,124.47,0.86,2142006989.0,168.98,50.0,5.56,2021-07-22,5.56,168.98
20210723,H20269,中证红利低波动全收益指数,红利低波全收益,CSI Dividend Low Volatility Total Return Index,CSI Dividend Low VolatilityTRI,,,,14584.31,-79.66,-0.54,2327604119.0,176.49,50.0,5.54,2021-07-23,5.54,176.49
20210726,H20269,中证红利低波动全收益指数,红利低波全收益,CSI Dividend Low Volatility Total Return Index,CSI Dividend Low VolatilityTRI,,,,14261.62,-322.68,-2.21,2985083544.0,237.88,50.0,5.43,2021-07-26,5.43,237.88
20210727,H20269,中证红利低波动全收益指数,红利低波全收益,CSI Dividend Low Volatility Total Return Index,CSI Dividend Low VolatilityTRI,,,,13835.48,-426.14,-2.99,3122479816.0,245.44,50.0,5.34,2021-07-27,5.34,245.44
20210728,H20269,中证红利低波动全收益指数,红利低波全收益,CSI Dividend Low Volatility Total Return Index,CSI Dividend Low VolatilityTRI,,,,13798.4,-37.08,-0.27,2944312351.0,212.02,50.0,5.36,2021-07-28,5.36,212.02
20210729,H20269,中证红利低波动全收益指数,红利低波全收益,CSI Dividend Low Volatility Total Return Index,CSI Dividend Low VolatilityTRI,,,,13819.69,21.29,0.15,2401085370.0,183.64,50.0,5.32,2021-07-29,5.32,183.64
20210730,H20269,中证红利低波动全收益指数,红利低波全收益,CSI Dividend Low Volatility Total Return Index,CSI Dividend Low VolatilityTRI,,,,13829.35,9.66,0.07,2454485430.0,177.12,50.0,5.29,2021-07-30,5.29,177.12
20210802,H20269,中证红利低波动全收益指数,红利低波全收益,CSI Dividend Low Volatility Total Return Index,CSI Dividend Low VolatilityTRI,,,,13770.33,-59.02,-0.43,2992665717.0,225.2,50.0,5.33,2021-08-02,5.33,225.2
20210803,H20269,中证红利低波动全收益指数,红利低波全收益,CSI Dividend Low Volatility Total Return Index,CSI Dividend Low VolatilityTRI,,,,13662.7,-107.62,-0.78,2120642817.0,167.52,50.0,5.3,2021-08-03,5.3,167.52
20210804,H20269,中证红利低波动全收益指数,红利低波全收益,CSI Dividend Low Volatility Total Return Index,CSI Dividend Low VolatilityTRI,,,,13767.26,104.55,0.77,1927758635.0,148.85,50.0,5.29,2021-08-04,5.29,148.85
20210805,H20269,中证红利低波动全收益指数,红利低波全收益,CSI Dividend Low Volatility Total Return Index,CSI Dividend Low VolatilityTRI,,,,13739.23,-28.03,-0.2,2242255974.0,180.36,50.0,5.3,2021-08-05,5.3,180.36
20210806,H20269,中证红利低波动全收益指数,红利低波全收益,CSI Dividend Low Volatility Total Return Index,CSI Dividend Low VolatilityTRI,,,,13809.36,70.13,0.51,1881990404.0,146.13,50.0,5.3,2021-08-06,5.3,146.13
20210809,H20269,中证红利低波动全收益指数,红利低波全收益,CSI Dividend Low Volatility Total Return Index,CSI Dividend Low VolatilityTRI,,,,14008.48,199.12,1.44,2840147741.0,241.25,50.0,5.38,2021-08-09,5.38,241.25
20210810,H20269,中证红利低波动全收益指数,红利低波全收益,CSI Dividend Low Volatility Total Return Index,CSI Dividend Low VolatilityTRI,,,,14060.04,51.56,0.37,2344852176.0,195.63,50.0,5.4,2021-08-10,5.4,195.63
20210811,H20269,中证红利低波动全收益指数,红利低波全收益,CSI Dividend Low Volatility Total Return Index,CSI Dividend Low VolatilityTRI,,,,14367.78,307.74,2.19,3579903799.0,293.16,50.0,5.49,2021-08-11,5.49,293.16
20210812,H20269,中证红利低波动全收益指数,红利低波全收益,CSI Dividend Low Volatility Total Return Index,CSI Dividend Low VolatilityTRI,,,,14534.48,166.7,1.16,2129060376.0,180.92,50.0,5.47,2021-08-12,5.47,180.92
20210813,H20269,中证红利低波动全收益指数,红利低波全收益,CSI Dividend Low Volatility Total Return Index,CSI Dividend Low VolatilityTRI,,,,14523.27,-11.21,-0.08,2065031205.0,181.8,50.0,5.46,2021-08-13,5.46,181.8
20210816,H20269,中证红利低波动全收益指数,红利低波全收益,CSI Dividend Low Volatility Total Return Index,CSI Dividend Low VolatilityTRI,,,,14638.8,115.53,0.8,2492360697.0,213.04,50.0,5.47,2021-08-16,5.47,213.04
20210817,H20269,中证红利低波动全收益指数,红利低波全收益,CSI Dividend Low Volatility Total Return Index,CSI Dividend Low VolatilityTRI,,,,14431.89,-206.91,-1.41,2920480902.0,238.26,50.0,5.46,2021-08-17,5.46,238.26
20210818,H20269,中证红利低波动全收益指数,红利低波全收益,CSI Dividend Low Volatility Total Return Index,CSI Dividend Low VolatilityTRI,,,,14499.77,67.88,0.47,2903626739.0,225.29,50.0,5.52,2021-08-18,5.52,225.29
20210819,H20269,中证红利低波动全收益指数,红利低波全收益,CSI Dividend Low Volatility Total Return Index,CSI Dividend Low VolatilityTRI,,,,14335.14,-164.63,-1.14,2331386964.0,185.58,50.0,5.45,2021-08-19,5.45,185.58
20210820,H20269,中证红利低波动全收益指数,红利低波全收益,CSI Dividend Low Volatility Total Return Index,CSI Dividend Low VolatilityTRI,,,,14354.34,19.2,0.13,2649430605.0,211.12,50.0,5.46,2021-08-20,5.46,211.12
20210823,H20269,中证红利低波动全收益指数,红利低波全收益,CSI Dividend Low Volatility Total Return Index,CSI Dividend Low VolatilityTRI,,,,14474.28,119.94,0.84,2341428416.0,179.63,50.0,5.46,2021-08-23,5.46,179.63
20210824,H20269,中证红利低波动全收益指数,红利低波全收益,CSI Dividend Low Volatility Total Return Index,CSI Dividend Low VolatilityTRI,,,,14555.66,81.37,0.56,2388111700.0,193.65,50.0,5.47,2021-08-24,5.47,193.65
20210825,H20269,中证红利低波动全收益指数,红利低波全收益,CSI Dividend Low Volatility Total Return Index,CSI Dividend Low VolatilityTRI,,,,14647.93,92.27,0.63,2284842987.0,183.63,50.0,5.45,2021-08-25,5.45,183.63
20210826,H20269,中证红利低波动全收益指数,红利低波全收益,CSI Dividend Low Volatility Total Return Index,CSI Dividend Low VolatilityTRI,,,,14757.43,109.5,0.75,2253742430.0,180.32,50.0,5.43,2021-08-26,5.43,180.32
20210827,H20269,中证红利低波动全收益指数,红利低波全收益,CSI Dividend Low Volatility Total Return Index,CSI Dividend Low VolatilityTRI,,,,14919.26,161.84,1.1,2202095589.0,189.99,50.0,5.45,2021-08-27,5.45,189.99
20210830,H20269,中证红利低波动全收益指数,红利低波全收益,CSI Dividend Low Volatility Total Return Index,CSI Dividend Low VolatilityTRI,,,,14976.41,57.15,0.38,2992712235.0,255.93,50.0,5.41,2021-08-30,5.41,255.93
20210831,H20269,中证红利低波动全收益指数,红利低波全收益,CSI Dividend Low Volatility Total Return Index,CSI Dividend Low VolatilityTRI,,,,15362.44,386.03,2.58,3147772271.0,265.19,50.0,5.51,2021-08-31,5.51,265.19
20210901,H20269,中证红利低波动全收益指数,红利低波全收益,CSI Dividend Low Volatility Total Return Index,CSI Dividend Low VolatilityTRI,,,,15369.75,7.3,0.05,4149163012.0,347.82,50.0,5.37,2021-09-01,5.37,347.82
20210902,H20269,中证红利低波动全收益指数,红利低波全收益,CSI Dividend Low Volatility Total Return Index,CSI Dividend Low VolatilityTRI,,,,15659.58,289.83,1.89,3044276964.0,260.39,50.0,5.4,2021-09-02,5.4,260.39
20210903,H20269,中证红利低波动全收益指数,红利低波全收益,CSI Dividend Low Volatility Total Return Index,CSI Dividend Low VolatilityTRI,,,,15591.86,-67.72,-0.43,3431038095.0,261.98,50.0,5.42,2021-09-03,5.42,261.98
20210906,H20269,中证红利低波动全收益指数,红利低波全收益,CSI Dividend Low Volatility Total Return Index,CSI Dividend Low VolatilityTRI,,,,15757.7,165.85,1.06,3106449079.0,255.04,50.0,5.44,2021-09-06,5.44,255.04
20210907,H20269,中证红利低波动全收益指数,红利低波全收益,CSI Dividend Low Volatility Total Return Index,CSI Dividend Low VolatilityTRI,,,,16095.37,337.66,2.14,3602360028.0,280.64,50.0,5.5,2021-09-07,5.5,280.64
20210908,H20269,中证红利低波动全收益指数,红利低波全收益,CSI Dividend Low Volatility Total Return Index,CSI Dividend Low VolatilityTRI,,,,16370.6,275.24,1.71,3950505572.0,310.68,50.0,5.53,2021-09-08,5.53,310.68
20210909,H20269,中证红利低波动全收益指数,红利低波全收益,CSI Dividend Low Volatility Total Return Index,CSI Dividend Low VolatilityTRI,,,,16802.62,432.02,2.64,4096059094.0,350.92,50.0,5.58,2021-09-09,5.58,350.92
20210910,H20269,中证红利低波动全收益指数,红利低波全收益,CSI Dividend Low Volatility Total Return Index,CSI Dividend Low VolatilityTRI,,,,16671.27,-131.34,-0.78,4891493120.0,418.13,50.0,5.58,2021-09-10,5.58,418.13
20210913,H20269,中证红利低波动全收益指数,红利低波全收益,CSI Dividend Low Volatility Total Return Index,CSI Dividend Low VolatilityTRI,,,,17155.29,484.02,2.9,3915562861.0,375.52,50.0,5.65,2021-09-13,5.65,375.52
20210914,H20269,中证红利低波动全收益指数,红利低波全收益,CSI Dividend Low Volatility Total Return Index,CSI Dividend Low VolatilityTRI,,,,16821.65,-333.64,-1.94,4242166592.0,369.98,50.0,5.54,2021-09-14,5.54,369.98
20210915,H20269,中证红利低波动全收益指数,红利低波全收益,CSI Dividend Low Volatility Total Return Index,CSI Dividend Low VolatilityTRI,,,,16752.7,-68.95,-0.41,3011429086.0,276.33,50.0,5.49,2021-09-15,5.49,276.33
20210916,H20269,中证红利低波动全收益指数,红利低波全收益,CSI Dividend Low Volatility Total Return Index,CSI Dividend Low VolatilityTRI,,,,16647.7,-105.0,-0.63,3527315712.0,310.24,50.0,5.46,2021-09-16,5.46,310.24
20210917,H20269,中证红利低波动全收益指数,红利低波全收益,CSI Dividend Low Volatility Total Return Index,CSI Dividend Low VolatilityTRI,,,,16301.13,-346.57,-2.08,3079380625.0,264.17,50.0,5.46,2021-09-17,5.46,264.17
20210922,H20269,中证红利低波动全收益指数,红利低波全收益,CSI Dividend Low Volatility Total Return Index,CSI Dividend Low VolatilityTRI,,,,16769.29,468.16,2.87,3963614790.0,331.07,50.0,5.51,2021-09-22,5.51,331.07
20210923,H20269,中证红利低波动全收益指数,红利低波全收益,CSI Dividend Low Volatility Total Return Index,CSI Dividend Low VolatilityTRI,,,,16726.96,-42.33,-0.25,3807398045.0,328.77,50.0,5.53,2021-09-23,5.53,328.77
20210924,H20269,中证红利低波动全收益指数,红利低波全收益,CSI Dividend Low Volatility Total Return Index,CSI Dividend Low VolatilityTRI,,,,16174.79,-552.17,-3.3,3338327339.0,291.78,50.0,5.43,2021-09-24,5.43,291.78
20210927,H20269,中证红利低波动全收益指数,红利低波全收益,CSI Dividend Low Volatility Total Return Index,CSI Dividend Low VolatilityTRI,,,,15782.27,-392.53,-2.43,3792692741.0,289.13,50.0,5.38,2021-09-27,5.38,289.13
20210928,H20269,中证红利低波动全收益指数,红利低波全收益,CSI Dividend Low Volatility Total Return Index,CSI Dividend Low VolatilityTRI,,,,16233.89,451.62,2.86,3629649455.0,312.98,50.0,5.49,2021-09-28,5.49,312.98
20210929,H20269,中证红利低波动全收益指数,红利低波全收益,CSI Dividend Low Volatility Total Return Index,CSI Dividend Low VolatilityTRI,,,,15774.95,-458.94,-2.83,3884794008.0,290.18,50.0,5.47,2021-09-29,5.47,290.18
20210930,H20269,中证红利低波动全收益指数,红利低波全收益,CSI Dividend Low Volatility Total Return Index,CSI Dividend Low VolatilityTRI,,,,15984.49,209.54,1.33,3272016802.0,258.38,50.0,5.48,2021-09-30,5.48,258.38
20211008,H20269,中证红利低波动全收益指数,红利低波全收益,CSI Dividend Low Volatility Total Return Index,CSI Dividend Low VolatilityTRI,,,,15851.28,-133.21,-0.83,3289343296.0,251.63,50.0,5.48,2021-10-08,5.48,251.63
20211011,H20269,中证红利低波动全收益指数,红利低波全收益,CSI Dividend Low Volatility Total Return Index,CSI Dividend Low VolatilityTRI,,,,16002.07,150.8,0.95,3476527121.0,282.18,50.0,5.54,2021-10-11,5.54,282.18
20211012,H20269,中证红利低波动全收益指数,红利低波全收益,CSI Dividend Low Volatility Total Return Index,CSI Dividend Low VolatilityTRI,,,,15909.38,-92.69,-0.58,3376725829.0,279.02,50.0,5.53,2021-10-12,5.53,279.02
20211013,H20269,中证红利低波动全收益指数,红利低波全收益,CSI Dividend Low Volatility Total Return Index,CSI Dividend Low VolatilityTRI,,,,15636.2,-273.18,-1.72,2546813534.0,207.5,50.0,5.47,2021-10-13,5.47,207.5
20211014,H20269,中证红利低波动全收益指数,红利低波全收益,CSI Dividend Low Volatility Total Return Index,CSI Dividend Low VolatilityTRI,,,,15475.69,-160.51,-1.03,2113490315.0,174.13,50.0,5.42,2021-10-14,5.42,174.13
20211015,H20269,中证红利低波动全收益指数,红利低波全收益,CSI Dividend Low Volatility Total Return Index,CSI Dividend Low VolatilityTRI,,,,15568.56,92.88,0.6,2543082140.0,196.53,50.0,5.45,2021-10-15,5.45,196.53
20211018,H20269,中证红利低波动全收益指数,红利低波全收益,CSI Dividend Low Volatility Total Return Index,CSI Dividend Low VolatilityTRI,,,,15883.42,314.86,2.02,2550031758.0,221.31,50.0,5.48,2021-10-18,5.48,221.31
20211019,H20269,中证红利低波动全收益指数,红利低波全收益,CSI Dividend Low Volatility Total Return Index,CSI Dividend Low VolatilityTRI,,,,15880.07,-3.34,-0.02,2332157136.0,195.32,50.0,5.47,2021-10-19,5.47,195.32
20211020,H20269,中证红利低波动全收益指数,红利低波全收益,CSI Dividend Low Volatility Total Return Index,CSI Dividend Low VolatilityTRI,,,,15575.96,-304.12,-1.92,2317443573.0,187.42,50.0,5.42,2021-10-20,5.42,187.42
20211021,H20269,中证红利低波动全收益指数,红利低波全收益,CSI Dividend Low Volatility Total Return Index,CSI Dividend Low VolatilityTRI,,,,15775.72,199.76,1.28,2917545249.0,257.4,50.0,5.5,2021-10-21,5.5,257.4
20211022,H20269,中证红利低波动全收益指数,红利低波全收益,CSI Dividend Low Volatility Total Return Index,CSI Dividend Low VolatilityTRI,,,,15431.1,-344.62,-2.18,2977895734.0,262.4,50.0,5.46,2021-10-22,5.46,262.4
20211025,H20269,中证红利低波动全收益指数,红利低波全收益,CSI Dividend Low Volatility Total Return Index,CSI Dividend Low VolatilityTRI,,,,15467.75,36.65,0.24,2469601176.0,221.19,50.0,5.46,2021-10-25,5.46,221.19
20211026,H20269,中证红利低波动全收益指数,红利低波全收益,CSI Dividend Low Volatility Total Return Index,CSI Dividend Low VolatilityTRI,,,,15363.93,-103.82,-0.67,2402306373.0,204.61,50.0,5.41,2021-10-26,5.41,204.61
20211027,H20269,中证红利低波动全收益指数,红利低波全收益,CSI Dividend Low Volatility Total Return Index,CSI Dividend Low VolatilityTRI,,,,15059.58,-304.35,-1.98,2406602874.0,198.26,50.0,5.38,2021-10-27,5.38,198.26
20211028,H20269,中证红利低波动全收益指数,红利低波全收益,CSI Dividend Low Volatility Total Return Index,CSI Dividend Low VolatilityTRI,,,,14632.42,-427.16,-2.84,2370174805.0,194.81,50.0,5.32,2021-10-28,5.32,194.81
20211029,H20269,中证红利低波动全收益指数,红利低波全收益,CSI Dividend Low Volatility Total Return Index,CSI Dividend Low VolatilityTRI,,,,14565.61,-66.81,-0.46,2644704531.0,232.94,50.0,5.29,2021-10-29,5.29,232.94
20211101,H20269,中证红利低波动全收益指数,红利低波全收益,CSI Dividend Low Volatility Total Return Index,CSI Dividend Low VolatilityTRI,,,,14731.12,165.51,1.14,3110348290.0,231.45,50.0,5.2,2021-11-01,5.2,231.45
20211102,H20269,中证红利低波动全收益指数,红利低波全收益,CSI Dividend Low Volatility Total Return Index,CSI Dividend Low VolatilityTRI,,,,14357.38,-373.75,-2.54,3470261799.0,269.5,50.0,5.1,2021-11-02,5.1,269.5
20211103,H20269,中证红利低波动全收益指数,红利低波全收益,CSI Dividend Low Volatility Total Return Index,CSI Dividend Low VolatilityTRI,,,,14646.76,289.38,2.02,2248806193.0,182.61,50.0,5.14,2021-11-03,5.14,182.61
20211104,H20269,中证红利低波动全收益指数,红利低波全收益,CSI Dividend Low Volatility Total Return Index,CSI Dividend Low VolatilityTRI,,,,14611.98,-34.78,-0.24,1953143189.0,151.92,50.0,5.13,2021-11-04,5.13,151.92
20211105,H20269,中证红利低波动全收益指数,红利低波全收益,CSI Dividend Low Volatility Total Return Index,CSI Dividend Low VolatilityTRI,,,,14291.22,-320.76,-2.2,1955293119.0,146.02,50.0,5.09,2021-11-05,5.09,146.02
20211108,H20269,中证红利低波动全收益指数,红利低波全收益,CSI Dividend Low Volatility Total Return Index,CSI Dividend Low VolatilityTRI,,,,14345.71,54.49,0.38,1806537209.0,147.38,50.0,5.09,2021-11-08,5.09,147.38
20211109,H20269,中证红利低波动全收益指数,红利低波全收益,CSI Dividend Low Volatility Total Return Index,CSI Dividend Low VolatilityTRI,,,,14294.86,-50.85,-0.35,1560865737.0,120.9,50.0,5.09,2021-11-09,5.09,120.9
20211110,H20269,中证红利低波动全收益指数,红利低波全收益,CSI Dividend Low Volatility Total Return Index,CSI Dividend Low VolatilityTRI,,,,14252.2,-42.66,-0.3,2425149733.0,196.19,50.0,5.08,2021-11-10,5.08,196.19
20211111,H20269,中证红利低波动全收益指数,红利低波全收益,CSI Dividend Low Volatility Total Return Index,CSI Dividend Low VolatilityTRI,,,,14584.06,331.86,2.33,3232880056.0,293.54,50.0,5.19,2021-11-11,5.19,293.54
20211112,H20269,中证红利低波动全收益指数,红利低波全收益,CSI Dividend Low Volatility Total Return Index,CSI Dividend Low VolatilityTRI,,,,14467.56,-116.5,-0.8,2352221975.0,209.1,50.0,5.16,2021-11-12,5.16,209.1
20211115,H20269,中证红利低波动全收益指数,红利低波全收益,CSI Dividend Low Volatility Total Return Index,CSI Dividend Low VolatilityTRI,,,,14435.78,-31.79,-0.22,1889837634.0,156.76,50.0,5.16,2021-11-15,5.16,156.76
20211116,H20269,中证红利低波动全收益指数,红利低波全收益,CSI Dividend Low Volatility Total Return Index,CSI Dividend Low VolatilityTRI,,,,14320.32,-115.46,-0.8,1933076215.0,149.58,50.0,5.14,2021-11-16,5.14,149.58
20211117,H20269,中证红利低波动全收益指数,红利低波全收益,CSI Dividend Low Volatility Total Return Index,CSI Dividend Low VolatilityTRI,,,,14290.11,-30.21,-0.21,1600587555.0,120.17,50.0,5.13,2021-11-17,5.13,120.17
20211118,H20269,中证红利低波动全收益指数,红利低波全收益,CSI Dividend Low Volatility Total Return Index,CSI Dividend Low VolatilityTRI,,,,14282.77,-7.34,-0.05,1723747508.0,133.75,50.0,5.11,2021-11-18,5.11,133.75
20211119,H20269,中证红利低波动全收益指数,红利低波全收益,CSI Dividend Low Volatility Total Return Index,CSI Dividend Low VolatilityTRI,,,,14494.97,212.2,1.49,2291528874.0,182.4,50.0,5.17,2021-11-19,5.17,182.4
20211122,H20269,中证红利低波动全收益指数,红利低波全收益,CSI Dividend Low Volatility Total Return Index,CSI Dividend Low VolatilityTRI,,,,14467.79,-27.18,-0.19,2191468609.0,174.33,50.0,5.13,2021-11-22,5.13,174.33
20211123,H20269,中证红利低波动全收益指数,红利低波全收益,CSI Dividend Low Volatility Total Return Index,CSI Dividend Low VolatilityTRI,,,,14621.18,153.39,1.06,2021536725.0,162.52,50.0,5.15,2021-11-23,5.15,162.52
20211124,H20269,中证红利低波动全收益指数,红利低波全收益,CSI Dividend Low Volatility Total Return Index,CSI Dividend Low VolatilityTRI,,,,14807.13,185.95,1.27,2260961848.0,188.55,50.0,5.18,2021-11-24,5.18,188.55
20211125,H20269,中证红利低波动全收益指数,红利低波全收益,CSI Dividend Low Volatility Total Return Index,CSI Dividend Low VolatilityTRI,,,,14773.38,-33.75,-0.23,1825885655.0,141.98,50.0,5.16,2021-11-25,5.16,141.98
20211126,H20269,中证红利低波动全收益指数,红利低波全收益,CSI Dividend Low Volatility Total Return Index,CSI Dividend Low VolatilityTRI,,,,14576.69,-196.7,-1.33,1850051605.0,141.31,50.0,5.12,2021-11-26,5.12,141.31
20211129,H20269,中证红利低波动全收益指数,红利低波全收益,CSI Dividend Low Volatility Total Return Index,CSI Dividend Low VolatilityTRI,,,,14442.66,-134.03,-0.92,2333403295.0,165.73,50.0,5.09,2021-11-29,5.09,165.73
20211130,H20269,中证红利低波动全收益指数,红利低波全收益,CSI Dividend Low Volatility Total Return Index,CSI Dividend Low VolatilityTRI,,,,14409.05,-33.6,-0.23,2078830782.0,148.77,50.0,5.08,2021-11-30,5.08,148.77
20211201,H20269,中证红利低波动全收益指数,红利低波全收益,CSI Dividend Low Volatility Total Return Index,CSI Dividend Low VolatilityTRI,,,,14645.07,236.02,1.64,2041933934.0,149.83,50.0,5.13,2021-12-01,5.13,149.83
20211202,H20269,中证红利低波动全收益指数,红利低波全收益,CSI Dividend Low Volatility Total Return Index,CSI Dividend Low VolatilityTRI,,,,14704.73,59.66,0.41,2197833591.0,187.76,50.0,5.16,2021-12-02,5.16,187.76
20211203,H20269,中证红利低波动全收益指数,红利低波全收益,CSI Dividend Low Volatility Total Return Index,CSI Dividend Low VolatilityTRI,,,,14946.05,241.32,1.64,2376550315.0,202.16,50.0,5.22,2021-12-03,5.22,202.16
20211206,H20269,中证红利低波动全收益指数,红利低波全收益,CSI Dividend Low Volatility Total Return Index,CSI Dividend Low VolatilityTRI,,,,14888.81,-57.24,-0.38,2962576448.0,246.01,50.0,5.22,2021-12-06,5.22,246.01
20211207,H20269,中证红利低波动全收益指数,红利低波全收益,CSI Dividend Low Volatility Total Return Index,CSI Dividend Low VolatilityTRI,,,,15125.01,236.2,1.59,3415599397.0,281.76,50.0,5.27,2021-12-07,5.27,281.76
20211208,H20269,中证红利低波动全收益指数,红利低波全收益,CSI Dividend Low Volatility Total Return Index,CSI Dividend Low VolatilityTRI,,,,15126.4,1.39,0.01,2755686863.0,222.01,50.0,5.26,2021-12-08,5.26,222.01
20211209,H20269,中证红利低波动全收益指数,红利低波全收益,CSI Dividend Low Volatility Total Return Index,CSI Dividend Low VolatilityTRI,,,,15190.68,64.27,0.42,3622002121.0,274.17,50.0,5.29,2021-12-09,5.29,274.17
20211210,H20269,中证红利低波动全收益指数,红利低波全收益,CSI Dividend Low Volatility Total Return Index,CSI Dividend Low VolatilityTRI,,,,15072.29,-118.39,-0.78,3745231596.0,251.76,50.0,5.27,2021-12-10,5.27,251.76
20211213,H20269,中证红利低波动全收益指数,红利低波全收益,CSI Dividend Low Volatility Total Return Index,CSI Dividend Low VolatilityTRI,,,,15098.11,25.82,0.17,3006795493.0,271.29,50.0,5.24,2021-12-13,5.24,271.29
20211214,H20269,中证红利低波动全收益指数,红利低波全收益,CSI Dividend Low Volatility Total Return Index,CSI Dividend Low VolatilityTRI,,,,14932.5,-165.61,-1.1,2500113539.0,214.15,50.0,5.21,2021-12-14,5.21,214.15
20211215,H20269,中证红利低波动全收益指数,红利低波全收益,CSI Dividend Low Volatility Total Return Index,CSI Dividend Low VolatilityTRI,,,,15064.13,131.64,0.88,2209925225.0,184.74,50.0,5.22,2021-12-15,5.22,184.74
20211216,H20269,中证红利低波动全收益指数,红利低波全收益,CSI Dividend Low Volatility Total Return Index,CSI Dividend Low VolatilityTRI,,,,15325.3,261.17,1.73,2282995809.0,193.78,50.0,5.28,2021-12-16,5.28,193.78
20211217,H20269,中证红利低波动全收益指数,红利低波全收益,CSI Dividend Low Volatility Total Return Index,CSI Dividend Low VolatilityTRI,,,,15327.98,2.68,0.02,2425095181.0,216.2,50.0,5.26,2021-12-17,5.26,216.2
20211220,H20269,中证红利低波动全收益指数,红利低波全收益,CSI Dividend Low Volatility Total Return Index,CSI Dividend Low VolatilityTRI,,,,15270.94,-57.04,-0.37,2470580783.0,195.44,50.0,5.25,2021-12-20,5.25,195.44
20211221,H20269,中证红利低波动全收益指数,红利低波全收益,CSI Dividend Low Volatility Total Return Index,CSI Dividend Low VolatilityTRI,,,,15538.86,267.92,1.75,2986802816.0,237.9,50.0,5.31,2021-12-21,5.31,237.9
20211222,H20269,中证红利低波动全收益指数,红利低波全收益,CSI Dividend Low Volatility Total Return Index,CSI Dividend Low VolatilityTRI,,,,15483.81,-55.05,-0.35,2259748242.0,177.79,50.0,5.29,2021-12-22,5.29,177.79
20211223,H20269,中证红利低波动全收益指数,红利低波全收益,CSI Dividend Low Volatility Total Return Index,CSI Dividend Low VolatilityTRI,,,,15542.26,58.45,0.38,1939711996.0,176.98,50.0,5.31,2021-12-23,5.31,176.98
20211224,H20269,中证红利低波动全收益指数,红利低波全收益,CSI Dividend Low Volatility Total Return Index,CSI Dividend Low VolatilityTRI,,,,15428.87,-113.39,-0.73,1806934920.0,149.57,50.0,5.3,2021-12-24,5.3,149.57
20211227,H20269,中证红利低波动全收益指数,红利低波全收益,CSI Dividend Low Volatility Total Return Index,CSI Dividend Low VolatilityTRI,,,,15502.92,74.05,0.48,1811494529.0,159.81,50.0,5.31,2021-12-27,5.31,159.81
20211228,H20269,中证红利低波动全收益指数,红利低波全收益,CSI Dividend Low Volatility Total Return Index,CSI Dividend Low VolatilityTRI,,,,15371.59,-131.33,-0.85,2112816980.0,166.93,50.0,5.31,2021-12-28,5.31,166.93
20211229,H20269,中证红利低波动全收益指数,红利低波全收益,CSI Dividend Low Volatility Total Return Index,CSI Dividend Low VolatilityTRI,,,,15294.71,-76.89,-0.5,1615464064.0,130.71,50.0,5.28,2021-12-29,5.28,130.71
20211230,H20269,中证红利低波动全收益指数,红利低波全收益,CSI Dividend Low Volatility Total Return Index,CSI Dividend Low VolatilityTRI,,,,15347.77,53.06,0.35,1755597986.0,143.32,50.0,5.28,2021-12-30,5.28,143.32
20211231,H20269,中证红利低波动全收益指数,红利低波全收益,CSI Dividend Low Volatility Total Return Index,CSI Dividend Low VolatilityTRI,,,,15463.56,115.8,0.75,1799065319.0,153.11,50.0,5.3,2021-12-31,5.3,153.11
20220104,H20269,中证红利低波动全收益指数,红利低波全收益,CSI Dividend Low Volatility Total Return Index,CSI Dividend Low VolatilityTRI,,,,15715.54,251.98,1.63,2653460923.0,235.77,50.0,5.35,2022-01-04,5.35,235.77
20220105,H20269,中证红利低波动全收益指数,红利低波全收益,CSI Dividend Low Volatility Total Return Index,CSI Dividend Low VolatilityTRI,,,,15801.11,85.57,0.54,3823511772.0,313.47,50.0,5.39,2022-01-05,5.39,313.47
20220106,H20269,中证红利低波动全收益指数,红利低波全收益,CSI Dividend Low Volatility Total Return Index,CSI Dividend Low VolatilityTRI,,,,15880.07,78.96,0.5,2966694457.0,248.36,50.0,5.37,2022-01-06,5.37,248.36
20220107,H20269,中证红利低波动全收益指数,红利低波全收益,CSI Dividend Low Volatility Total Return Index,CSI Dividend Low VolatilityTRI,,,,16052.21,172.14,1.08,3774366503.0,300.55,50.0,5.45,2022-01-07,5.45,300.55
20220110,H20269,中证红利低波动全收益指数,红利低波全收益,CSI Dividend Low Volatility Total Return Index,CSI Dividend Low VolatilityTRI,,,,16166.5,114.29,0.71,3255269684.0,261.95,50.0,5.47,2022-01-10,5.47,261.95
20220111,H20269,中证红利低波动全收益指数,红利低波全收益,CSI Dividend Low Volatility Total Return Index,CSI Dividend Low VolatilityTRI,,,,16186.46,19.96,0.12,3392188951.0,293.72,50.0,5.5,2022-01-11,5.5,293.72
20220112,H20269,中证红利低波动全收益指数,红利低波全收益,CSI Dividend Low Volatility Total Return Index,CSI Dividend Low VolatilityTRI,,,,16099.71,-86.75,-0.54,2860769642.0,238.31,50.0,5.46,2022-01-12,5.46,238.31
20220113,H20269,中证红利低波动全收益指数,红利低波全收益,CSI Dividend Low Volatility Total Return Index,CSI Dividend Low VolatilityTRI,,,,16019.68,-80.03,-0.5,2794400898.0,220.36,50.0,5.46,2022-01-13,5.46,220.36
20220114,H20269,中证红利低波动全收益指数,红利低波全收益,CSI Dividend Low Volatility Total Return Index,CSI Dividend Low VolatilityTRI,,,,15730.56,-289.12,-1.8,3045312423.0,235.56,50.0,5.37,2022-01-14,5.37,235.56
20220117,H20269,中证红利低波动全收益指数,红利低波全收益,CSI Dividend Low Volatility Total Return Index,CSI Dividend Low VolatilityTRI,,,,15786.08,55.52,0.35,1985247485.0,158.1,50.0,5.36,2022-01-17,5.36,158.1
20220118,H20269,中证红利低波动全收益指数,红利低波全收益,CSI Dividend Low Volatility Total Return Index,CSI Dividend Low VolatilityTRI,,,,15979.84,193.75,1.23,3089850604.0,241.45,50.0,5.47,2022-01-18,5.47,241.45
20220119,H20269,中证红利低波动全收益指数,红利低波全收益,CSI Dividend Low Volatility Total Return Index,CSI Dividend Low VolatilityTRI,,,,16158.34,178.5,1.12,3019732074.0,265.66,50.0,5.49,2022-01-19,5.49,265.66
20220120,H20269,中证红利低波动全收益指数,红利低波全收益,CSI Dividend Low Volatility Total Return Index,CSI Dividend Low VolatilityTRI,,,,16117.05,-41.29,-0.26,3883150865.0,312.67,50.0,5.53,2022-01-20,5.53,312.67
20220121,H20269,中证红利低波动全收益指数,红利低波全收益,CSI Dividend Low Volatility Total Return Index,CSI Dividend Low VolatilityTRI,,,,15968.57,-148.48,-0.92,2442378578.0,202.86,50.0,5.5,2022-01-21,5.5,202.86
20220124,H20269,中证红利低波动全收益指数,红利低波全收益,CSI Dividend Low Volatility Total Return Index,CSI Dividend Low VolatilityTRI,,,,15995.99,27.42,0.17,2572832985.0,204.8,50.0,5.5,2022-01-24,5.5,204.8
20220125,H20269,中证红利低波动全收益指数,红利低波全收益,CSI Dividend Low Volatility Total Return Index,CSI Dividend Low VolatilityTRI,,,,15535.41,-460.58,-2.88,2439145051.0,187.94,50.0,5.41,2022-01-25,5.41,187.94
20220126,H20269,中证红利低波动全收益指数,红利低波全收益,CSI Dividend Low Volatility Total Return Index,CSI Dividend Low VolatilityTRI,,,,15656.67,121.26,0.78,1910756352.0,151.67,50.0,5.42,2022-01-26,5.42,151.67
20220127,H20269,中证红利低波动全收益指数,红利低波全收益,CSI Dividend Low Volatility Total Return Index,CSI Dividend Low VolatilityTRI,,,,15506.99,-149.68,-0.96,2291155232.0,179.62,50.0,5.4,2022-01-27,5.4,179.62
20220128,H20269,中证红利低波动全收益指数,红利低波全收益,CSI Dividend Low Volatility Total Return Index,CSI Dividend Low VolatilityTRI,,,,15343.91,-163.08,-1.05,2633266142.0,193.27,50.0,5.35,2022-01-28,5.35,193.27
20220207,H20269,中证红利低波动全收益指数,红利低波全收益,CSI Dividend Low Volatility Total Return Index,CSI Dividend Low VolatilityTRI,,,,15788.86,444.95,2.9,3358717625.0,254.88,50.0,5.48,2022-02-07,5.48,254.88
20220208,H20269,中证红利低波动全收益指数,红利低波全收益,CSI Dividend Low Volatility Total Return Index,CSI Dividend Low VolatilityTRI,,,,16140.94,352.08,2.23,4035668932.0,283.19,50.0,5.59,2022-02-08,5.59,283.19
20220209,H20269,中证红利低波动全收益指数,红利低波全收益,CSI Dividend Low Volatility Total Return Index,CSI Dividend Low VolatilityTRI,,,,16223.38,82.44,0.51,3481304222.0,269.12,50.0,5.58,2022-02-09,5.58,269.12
20220210,H20269,中证红利低波动全收益指数,红利低波全收益,CSI Dividend Low Volatility Total Return Index,CSI Dividend Low VolatilityTRI,,,,16452.83,229.45,1.41,3095334391.0,258.35,50.0,5.65,2022-02-10,5.65,258.35
20220211,H20269,中证红利低波动全收益指数,红利低波全收益,CSI Dividend Low Volatility Total Return Index,CSI Dividend Low VolatilityTRI,,,,16498.41,45.58,0.28,3516708158.0,297.61,50.0,5.68,2022-02-11,5.68,297.61
20220214,H20269,中证红利低波动全收益指数,红利低波全收益,CSI Dividend Low Volatility Total Return Index,CSI Dividend Low VolatilityTRI,,,,16168.38,-330.03,-2.0,3140148336.0,240.87,50.0,5.58,2022-02-14,5.58,240.87
20220215,H20269,中证红利低波动全收益指数,红利低波全收益,CSI Dividend Low Volatility Total Return Index,CSI Dividend Low VolatilityTRI,,,,16035.82,-132.56,-0.82,2446487591.0,203.76,50.0,5.52,2022-02-15,5.52,203.76
20220216,H20269,中证红利低波动全收益指数,红利低波全收益,CSI Dividend Low Volatility Total Return Index,CSI Dividend Low VolatilityTRI,,,,16217.36,181.54,1.13,2039266332.0,162.29,50.0,5.56,2022-02-16,5.56,162.29
20220217,H20269,中证红利低波动全收益指数,红利低波全收益,CSI Dividend Low Volatility Total Return Index,CSI Dividend Low VolatilityTRI,,,,16146.84,-70.52,-0.43,2067707277.0,167.61,50.0,5.56,2022-02-17,5.56,167.61
20220218,H20269,中证红利低波动全收益指数,红利低波全收益,CSI Dividend Low Volatility Total Return Index,CSI Dividend Low VolatilityTRI,,,,16495.61,348.78,2.16,2864176038.0,230.41,50.0,5.63,2022-02-18,5.63,230.41
20220221,H20269,中证红利低波动全收益指数,红利低波全收益,CSI Dividend Low Volatility Total Return Index,CSI Dividend Low VolatilityTRI,,,,16538.34,42.73,0.26,2497887234.0,194.87,50.0,5.63,2022-02-21,5.63,194.87
20220222,H20269,中证红利低波动全收益指数,红利低波全收益,CSI Dividend Low Volatility Total Return Index,CSI Dividend Low VolatilityTRI,,,,16381.62,-156.72,-0.95,2327292567.0,194.51,50.0,5.6,2022-02-22,5.6,194.51
20220223,H20269,中证红利低波动全收益指数,红利低波全收益,CSI Dividend Low Volatility Total Return Index,CSI Dividend Low VolatilityTRI,,,,16218.98,-162.65,-0.99,2622025181.0,205.76,50.0,5.55,2022-02-23,5.55,205.76
20220224,H20269,中证红利低波动全收益指数,红利低波全收益,CSI Dividend Low Volatility Total Return Index,CSI Dividend Low VolatilityTRI,,,,15909.31,-309.67,-1.91,3184091759.0,232.4,50.0,5.47,2022-02-24,5.47,232.4
20220225,H20269,中证红利低波动全收益指数,红利低波全收益,CSI Dividend Low Volatility Total Return Index,CSI Dividend Low VolatilityTRI,,,,15888.25,-21.06,-0.13,2811280072.0,218.98,50.0,5.44,2022-02-25,5.44,218.98
20220228,H20269,中证红利低波动全收益指数,红利低波全收益,CSI Dividend Low Volatility Total Return Index,CSI Dividend Low VolatilityTRI,,,,15895.22,6.97,0.04,2267520249.0,175.3,50.0,5.46,2022-02-28,5.46,175.3
20220301,H20269,中证红利低波动全收益指数,红利低波全收益,CSI Dividend Low Volatility Total Return Index,CSI Dividend Low VolatilityTRI,,,,16055.24,160.02,1.01,2191454343.0,177.56,50.0,5.51,2022-03-01,5.51,177.56
20220302,H20269,中证红利低波动全收益指数,红利低波全收益,CSI Dividend Low Volatility Total Return Index,CSI Dividend Low VolatilityTRI,,,,16191.36,136.12,0.85,2120296084.0,175.67,50.0,5.53,2022-03-02,5.53,175.67
20220303,H20269,中证红利低波动全收益指数,红利低波全收益,CSI Dividend Low Volatility Total Return Index,CSI Dividend Low VolatilityTRI,,,,16427.0,235.63,1.46,3116778761.0,249.61,50.0,5.59,2022-03-03,5.59,249.61
20220304,H20269,中证红利低波动全收益指数,红利低波全收益,CSI Dividend Low Volatility Total Return Index,CSI Dividend Low VolatilityTRI,,,,16295.73,-131.27,-0.8,2542438880.0,221.04,50.0,5.57,2022-03-04,5.57,221.04
20220307,H20269,中证红利低波动全收益指数,红利低波全收益,CSI Dividend Low Volatility Total Return Index,CSI Dividend Low VolatilityTRI,,,,16151.2,-144.53,-0.89,3060205036.0,252.12,50.0,5.51,2022-03-07,5.51,252.12
20220308,H20269,中证红利低波动全收益指数,红利低波全收益,CSI Dividend Low Volatility Total Return Index,CSI Dividend Low VolatilityTRI,,,,15635.54,-515.66,-3.19,3078636033.0,254.37,50.0,5.41,2022-03-08,5.41,254.37
20220309,H20269,中证红利低波动全收益指数,红利低波全收益,CSI Dividend Low Volatility Total Return Index,CSI Dividend Low VolatilityTRI,,,,15477.86,-157.69,-1.01,3939568384.0,302.91,50.0,5.36,2022-03-09,5.36,302.91
20220310,H20269,中证红利低波动全收益指数,红利低波全收益,CSI Dividend Low Volatility Total Return Index,CSI Dividend Low VolatilityTRI,,,,15611.71,133.85,0.86,2430771844.0,194.55,50.0,5.36,2022-03-10,5.36,194.55
20220311,H20269,中证红利低波动全收益指数,红利低波全收益,CSI Dividend Low Volatility Total Return Index,CSI Dividend Low VolatilityTRI,,,,15692.1,80.39,0.51,2801474382.0,206.2,50.0,5.39,2022-03-11,5.39,206.2
20220314,H20269,中证红利低波动全收益指数,红利低波全收益,CSI Dividend Low Volatility Total Return Index,CSI Dividend Low VolatilityTRI,,,,15386.62,-305.48,-1.95,2610999897.0,199.76,50.0,5.34,2022-03-14,5.34,199.76
20220315,H20269,中证红利低波动全收益指数,红利低波全收益,CSI Dividend Low Volatility Total Return Index,CSI Dividend Low VolatilityTRI,,,,14494.29,-892.33,-5.8,4553105679.0,326.69,50.0,5.12,2022-03-15,5.12,326.69
20220316,H20269,中证红利低波动全收益指数,红利低波全收益,CSI Dividend Low Volatility Total Return Index,CSI Dividend Low VolatilityTRI,,,,14849.29,355.0,2.45,3937214722.0,283.55,50.0,5.22,2022-03-16,5.22,283.55
20220317,H20269,中证红利低波动全收益指数,红利低波全收益,CSI Dividend Low Volatility Total Return Index,CSI Dividend Low VolatilityTRI,,,,15036.45,187.16,1.26,3525407012.0,267.5,50.0,5.23,2022-03-17,5.23,267.5
20220318,H20269,中证红利低波动全收益指数,红利低波全收益,CSI Dividend Low Volatility Total Return Index,CSI Dividend Low VolatilityTRI,,,,15440.23,403.78,2.69,3731198389.0,279.52,50.0,5.33,2022-03-18,5.33,279.52
20220321,H20269,中证红利低波动全收益指数,红利低波全收益,CSI Dividend Low Volatility Total Return Index,CSI Dividend Low VolatilityTRI,,,,15376.09,-64.14,-0.42,2483899279.0,197.94,50.0,5.3,2022-03-21,5.3,197.94
20220322,H20269,中证红利低波动全收益指数,红利低波全收益,CSI Dividend Low Volatility Total Return Index,CSI Dividend Low VolatilityTRI,,,,15674.44,298.34,1.94,3332268435.0,241.65,50.0,5.4,2022-03-22,5.4,241.65
20220323,H20269,中证红利低波动全收益指数,红利低波全收益,CSI Dividend Low Volatility Total Return Index,CSI Dividend Low VolatilityTRI,,,,15674.68,0.24,0.0,3353483320.0,271.69,50.0,5.38,2022-03-23,5.38,271.69
20220324,H20269,中证红利低波动全收益指数,红利低波全收益,CSI Dividend Low Volatility Total Return Index,CSI Dividend Low VolatilityTRI,,,,15579.93,-94.74,-0.6,2225310405.0,171.19,50.0,5.37,2022-03-24,5.37,171.19
20220325,H20269,中证红利低波动全收益指数,红利低波全收益,CSI Dividend Low Volatility Total Return Index,CSI Dividend Low VolatilityTRI,,,,15613.76,33.82,0.22,2639298287.0,190.92,50.0,5.38,2022-03-25,5.38,190.92
20220328,H20269,中证红利低波动全收益指数,红利低波全收益,CSI Dividend Low Volatility Total Return Index,CSI Dividend Low VolatilityTRI,,,,15947.02,333.26,2.13,3364364893.0,247.6,50.0,5.48,2022-03-28,5.48,247.6
20220329,H20269,中证红利低波动全收益指数,红利低波全收益,CSI Dividend Low Volatility Total Return Index,CSI Dividend Low VolatilityTRI,,,,15888.54,-58.48,-0.37,2537198597.0,185.64,50.0,5.5,2022-03-29,5.5,185.64
20220330,H20269,中证红利低波动全收益指数,红利低波全收益,CSI Dividend Low Volatility Total Return Index,CSI Dividend Low VolatilityTRI,,,,16146.92,258.38,1.63,3685948065.0,290.43,50.0,5.55,2022-03-30,5.55,290.43
20220331,H20269,中证红利低波动全收益指数,红利低波全收益,CSI Dividend Low Volatility Total Return Index,CSI Dividend Low VolatilityTRI,,,,16330.1,183.18,1.13,4460830285.0,346.17,50.0,5.62,2022-03-31,5.62,346.17
20220401,H20269,中证红利低波动全收益指数,红利低波全收益,CSI Dividend Low Volatility Total Return Index,CSI Dividend Low VolatilityTRI,,,,16623.89,293.79,1.8,4268125701.0,345.63,50.0,5.68,2022-04-01,5.68,345.63
20220406,H20269,中证红利低波动全收益指数,红利低波全收益,CSI Dividend Low Volatility Total Return Index,CSI Dividend Low VolatilityTRI,,,,16918.02,294.14,1.77,5456857123.0,425.33,50.0,5.75,2022-04-06,5.75,425.33
20220407,H20269,中证红利低波动全收益指数,红利低波全收益,CSI Dividend Low Volatility Total Return Index,CSI Dividend Low VolatilityTRI,,,,16622.25,-295.77,-1.75,4041143523.0,313.5,50.0,5.71,2022-04-07,5.71,313.5
20220408,H20269,中证红利低波动全收益指数,红利低波全收益,CSI Dividend Low Volatility Total Return Index,CSI Dividend Low VolatilityTRI,,,,16837.75,215.5,1.3,4035746274.0,314.01,50.0,5.77,2022-04-08,5.77,314.01
20220411,H20269,中证红利低波动全收益指数,红利低波全收益,CSI Dividend Low Volatility Total Return Index,CSI Dividend Low VolatilityTRI,,,,16567.87,-269.88,-1.6,3812928991.0,301.84,50.0,5.72,2022-04-11,5.72,301.84
20220412,H20269,中证红利低波动全收益指数,红利低波全收益,CSI Dividend Low Volatility Total Return Index,CSI Dividend Low VolatilityTRI,,,,16566.82,-1.05,-0.01,3899996148.0,304.07,50.0,5.71,2022-04-12,5.71,304.07
20220413,H20269,中证红利低波动全收益指数,红利低波全收益,CSI Dividend Low Volatility Total Return Index,CSI Dividend Low VolatilityTRI,,,,16450.44,-116.38,-0.7,3380306259.0,271.46,50.0,5.73,2022-04-13,5.73,271.46
20220414,H20269,中证红利低波动全收益指数,红利低波全收益,CSI Dividend Low Volatility Total Return Index,CSI Dividend Low VolatilityTRI,,,,16764.1,313.66,1.91,3209333673.0,274.19,50.0,5.76,2022-04-14,5.76,274.19
20220415,H20269,中证红利低波动全收益指数,红利低波全收益,CSI Dividend Low Volatility Total Return Index,CSI Dividend Low VolatilityTRI,,,,16682.32,-81.78,-0.49,3612574417.0,307.18,50.0,5.76,2022-04-15,5.76,307.18
20220418,H20269,中证红利低波动全收益指数,红利低波全收益,CSI Dividend Low Volatility Total Return Index,CSI Dividend Low VolatilityTRI,,,,16433.68,-248.64,-1.49,3755312107.0,296.35,50.0,5.66,2022-04-18,5.66,296.35
20220419,H20269,中证红利低波动全收益指数,红利低波全收益,CSI Dividend Low Volatility Total Return Index,CSI Dividend Low VolatilityTRI,,,,16633.9,200.22,1.22,3149489318.0,257.51,50.0,5.71,2022-04-19,5.71,257.51
20220420,H20269,中证红利低波动全收益指数,红利低波全收益,CSI Dividend Low Volatility Total Return Index,CSI Dividend Low VolatilityTRI,,,,16206.89,-427.01,-2.57,3216835881.0,266.66,50.0,5.64,2022-04-20,5.64,266.66
20220421,H20269,中证红利低波动全收益指数,红利低波全收益,CSI Dividend Low Volatility Total Return Index,CSI Dividend Low VolatilityTRI,,,,15914.06,-292.83,-1.81,3266333104.0,244.2,50.0,5.63,2022-04-21,5.63,244.2
20220422,H20269,中证红利低波动全收益指数,红利低波全收益,CSI Dividend Low Volatility Total Return Index,CSI Dividend Low VolatilityTRI,,,,16210.67,296.61,1.86,3530390169.0,267.83,50.0,5.7,2022-04-22,5.7,267.83
20220425,H20269,中证红利低波动全收益指数,红利低波全收益,CSI Dividend Low Volatility Total Return Index,CSI Dividend Low VolatilityTRI,,,,15567.09,-643.58,-3.97,4326347411.0,317.71,50.0,5.55,2022-04-25,5.55,317.71
20220426,H20269,中证红利低波动全收益指数,红利低波全收益,CSI Dividend Low Volatility Total Return Index,CSI Dividend Low VolatilityTRI,,,,15449.35,-117.74,-0.76,3913529595.0,270.66,50.0,5.57,2022-04-26,5.57,270.66
20220427,H20269,中证红利低波动全收益指数,红利低波全收益,CSI Dividend Low Volatility Total Return Index,CSI Dividend Low VolatilityTRI,,,,15566.79,117.44,0.76,4550726277.0,338.3,50.0,5.53,2022-04-27,5.53,338.3
20220428,H20269,中证红利低波动全收益指数,红利低波全收益,CSI Dividend Low Volatility Total Return Index,CSI Dividend Low VolatilityTRI,,,,15904.91,338.13,2.17,4211506913.0,312.94,50.0,5.65,2022-04-28,5.65,312.94
20220429,H20269,中证红利低波动全收益指数,红利低波全收益,CSI Dividend Low Volatility Total Return Index,CSI Dividend Low VolatilityTRI,,,,16180.37,275.46,1.73,4895839866.0,375.27,50.0,5.65,2022-04-29,5.65,375.27
20220505,H20269,中证红利低波动全收益指数,红利低波全收益,CSI Dividend Low Volatility Total Return Index,CSI Dividend Low VolatilityTRI,,,,16207.82,27.45,0.17,4416468417.0,318.4,50.0,5.51,2022-05-05,5.51,318.4
20220506,H20269,中证红利低波动全收益指数,红利低波全收益,CSI Dividend Low Volatility Total Return Index,CSI Dividend Low VolatilityTRI,,,,15731.66,-476.15,-2.94,3049330388.0,223.14,50.0,5.41,2022-05-06,5.41,223.14
20220509,H20269,中证红利低波动全收益指数,红利低波全收益,CSI Dividend Low Volatility Total Return Index,CSI Dividend Low VolatilityTRI,,,,15825.13,93.47,0.59,2657062045.0,191.79,50.0,5.39,2022-05-09,5.39,191.79
20220510,H20269,中证红利低波动全收益指数,红利低波全收益,CSI Dividend Low Volatility Total Return Index,CSI Dividend Low VolatilityTRI,,,,15979.49,154.36,0.98,3588364202.0,261.19,50.0,5.41,2022-05-10,5.41,261.19
20220511,H20269,中证红利低波动全收益指数,红利低波全收益,CSI Dividend Low Volatility Total Return Index,CSI Dividend Low VolatilityTRI,,,,15960.02,-19.47,-0.12,3806356502.0,282.79,50.0,5.37,2022-05-11,5.37,282.79
20220512,H20269,中证红利低波动全收益指数,红利低波全收益,CSI Dividend Low Volatility Total Return Index,CSI Dividend Low VolatilityTRI,,,,15968.41,8.38,0.05,3155192837.0,242.0,50.0,5.34,2022-05-12,5.34,242.0
20220513,H20269,中证红利低波动全收益指数,红利低波全收益,CSI Dividend Low Volatility Total Return Index,CSI Dividend Low VolatilityTRI,,,,16350.52,382.11,2.39,3486436851.0,287.96,50.0,5.45,2022-05-13,5.45,287.96
20220516,H20269,中证红利低波动全收益指数,红利低波全收益,CSI Dividend Low Volatility Total Return Index,CSI Dividend Low VolatilityTRI,,,,16429.34,78.83,0.48,3439903616.0,277.17,50.0,5.43,2022-05-16,5.43,277.17
20220517,H20269,中证红利低波动全收益指数,红利低波全收益,CSI Dividend Low Volatility Total Return Index,CSI Dividend Low VolatilityTRI,,,,16299.37,-129.98,-0.79,3339989845.0,263.86,50.0,5.43,2022-05-17,5.43,263.86
20220518,H20269,中证红利低波动全收益指数,红利低波全收益,CSI Dividend Low Volatility Total Return Index,CSI Dividend Low VolatilityTRI,,,,16206.67,-92.7,-0.57,2642346486.0,220.84,50.0,5.39,2022-05-18,5.39,220.84
20220519,H20269,中证红利低波动全收益指数,红利低波全收益,CSI Dividend Low Volatility Total Return Index,CSI Dividend Low VolatilityTRI,,,,16312.17,105.5,0.65,3116340368.0,243.32,50.0,5.41,2022-05-19,5.41,243.32
20220520,H20269,中证红利低波动全收益指数,红利低波全收益,CSI Dividend Low Volatility Total Return Index,CSI Dividend Low VolatilityTRI,,,,16389.47,77.3,0.47,3567404109.0,280.46,50.0,5.44,2022-05-20,5.44,280.46
20220523,H20269,中证红利低波动全收益指数,红利低波全收益,CSI Dividend Low Volatility Total Return Index,CSI Dividend Low VolatilityTRI,,,,16309.18,-80.29,-0.49,2935273050.0,235.6,50.0,5.41,2022-05-23,5.41,235.6
20220524,H20269,中证红利低波动全收益指数,红利低波全收益,CSI Dividend Low Volatility Total Return Index,CSI Dividend Low VolatilityTRI,,,,15945.76,-363.43,-2.23,3102870061.0,228.95,50.0,5.39,2022-05-24,5.39,228.95
20220525,H20269,中证红利低波动全收益指数,红利低波全收益,CSI Dividend Low Volatility Total Return Index,CSI Dividend Low VolatilityTRI,,,,16214.26,268.5,1.68,2497390071.0,182.58,50.0,5.42,2022-05-25,5.42,182.58
20220526,H20269,中证红利低波动全收益指数,红利低波全收益,CSI Dividend Low Volatility Total Return Index,CSI Dividend Low VolatilityTRI,,,,16404.65,190.39,1.17,2870209916.0,221.04,50.0,5.46,2022-05-26,5.46,221.04
20220527,H20269,中证红利低波动全收益指数,红利低波全收益,CSI Dividend Low Volatility Total Return Index,CSI Dividend Low VolatilityTRI,,,,16489.68,85.03,0.52,2707405799.0,216.43,50.0,5.48,2022-05-27,5.48,216.43
20220530,H20269,中证红利低波动全收益指数,红利低波全收益,CSI Dividend Low Volatility Total Return Index,CSI Dividend Low VolatilityTRI,,,,16491.61,1.93,0.01,3141962867.0,236.92,50.0,5.44,2022-05-30,5.44,236.92
20220531,H20269,中证红利低波动全收益指数,红利低波全收益,CSI Dividend Low Volatility Total Return Index,CSI Dividend Low VolatilityTRI,,,,16450.63,-40.98,-0.25,3052267475.0,238.69,50.0,5.44,2022-05-31,5.44,238.69
20220601,H20269,中证红利低波动全收益指数,红利低波全收益,CSI Dividend Low Volatility Total Return Index,CSI Dividend Low VolatilityTRI,,,,16491.53,40.9,0.25,2541214591.0,197.8,50.0,5.44,2022-06-01,5.44,197.8
20220602,H20269,中证红利低波动全收益指数,红利低波全收益,CSI Dividend Low Volatility Total Return Index,CSI Dividend Low VolatilityTRI,,,,16322.97,-168.56,-1.02,2347272612.0,198.64,50.0,5.4,2022-06-02,5.4,198.64
20220606,H20269,中证红利低波动全收益指数,红利低波全收益,CSI Dividend Low Volatility Total Return Index,CSI Dividend Low VolatilityTRI,,,,16306.29,-16.68,-0.1,3750451612.0,303.57,50.0,5.39,2022-06-06,5.39,303.57
20220607,H20269,中证红利低波动全收益指数,红利低波全收益,CSI Dividend Low Volatility Total Return Index,CSI Dividend Low VolatilityTRI,,,,16323.09,16.8,0.1,2854179808.0,228.61,50.0,5.4,2022-06-07,5.4,228.61
20220608,H20269,中证红利低波动全收益指数,红利低波全收益,CSI Dividend Low Volatility Total Return Index,CSI Dividend Low VolatilityTRI,,,,16471.79,148.7,0.91,2775921910.0,221.59,50.0,5.43,2022-06-08,5.43,221.59
20220609,H20269,中证红利低波动全收益指数,红利低波全收益,CSI Dividend Low Volatility Total Return Index,CSI Dividend Low VolatilityTRI,,,,16504.65,32.86,0.2,3353829198.0,271.32,50.0,5.46,2022-06-09,5.46,271.32
20220610,H20269,中证红利低波动全收益指数,红利低波全收益,CSI Dividend Low Volatility Total Return Index,CSI Dividend Low VolatilityTRI,,,,16561.5,56.84,0.34,3969641027.0,281.23,50.0,5.49,2022-06-10,5.49,281.23
20220613,H20269,中证红利低波动全收益指数,红利低波全收益,CSI Dividend Low Volatility Total Return Index,CSI Dividend Low VolatilityTRI,,,,16252.09,-309.41,-1.87,3317035964.0,258.25,50.0,5.41,2022-06-13,5.41,258.25
20220614,H20269,中证红利低波动全收益指数,红利低波全收益,CSI Dividend Low Volatility Total Return Index,CSI Dividend Low VolatilityTRI,,,,16475.96,223.88,1.38,3011939109.0,228.31,50.0,5.48,2022-06-14,5.48,228.31
20220615,H20269,中证红利低波动全收益指数,红利低波全收益,CSI Dividend Low Volatility Total Return Index,CSI Dividend Low VolatilityTRI,,,,16540.84,64.88,0.39,4714392372.0,351.86,50.0,5.51,2022-06-15,5.51,351.86
20220616,H20269,中证红利低波动全收益指数,红利低波全收益,CSI Dividend Low Volatility Total Return Index,CSI Dividend Low VolatilityTRI,,,,16313.27,-227.57,-1.38,3019986075.0,240.98,50.0,5.42,2022-06-16,5.42,240.98
20220617,H20269,中证红利低波动全收益指数,红利低波全收益,CSI Dividend Low Volatility Total Return Index,CSI Dividend Low VolatilityTRI,,,,16266.19,-47.08,-0.29,2548076761.0,198.59,50.0,5.43,2022-06-17,5.43,198.59
20220620,H20269,中证红利低波动全收益指数,红利低波全收益,CSI Dividend Low Volatility Total Return Index,CSI Dividend Low VolatilityTRI,,,,16209.38,-56.81,-0.35,2883836821.0,241.25,50.0,5.38,2022-06-20,5.38,241.25
20220621,H20269,中证红利低波动全收益指数,红利低波全收益,CSI Dividend Low Volatility Total Return Index,CSI Dividend Low VolatilityTRI,,,,16300.24,90.86,0.56,2932815907.0,222.95,50.0,5.42,2022-06-21,5.42,222.95
20220622,H20269,中证红利低波动全收益指数,红利低波全收益,CSI Dividend Low Volatility Total Return Index,CSI Dividend Low VolatilityTRI,,,,16036.73,-263.5,-1.62,2265091418.0,174.38,50.0,5.38,2022-06-22,5.38,174.38
20220623,H20269,中证红利低波动全收益指数,红利低波全收益,CSI Dividend Low Volatility Total Return Index,CSI Dividend Low VolatilityTRI,,,,16173.86,137.13,0.86,2276258554.0,172.48,50.0,5.42,2022-06-23,5.42,172.48
20220624,H20269,中证红利低波动全收益指数,红利低波全收益,CSI Dividend Low Volatility Total Return Index,CSI Dividend Low VolatilityTRI,,,,16109.26,-64.61,-0.4,2492137013.0,195.01,50.0,5.39,2022-06-24,5.39,195.01
20220627,H20269,中证红利低波动全收益指数,红利低波全收益,CSI Dividend Low Volatility Total Return Index,CSI Dividend Low VolatilityTRI,,,,16276.14,166.89,1.04,2804330029.0,216.19,50.0,5.42,2022-06-27,5.42,216.19
20220628,H20269,中证红利低波动全收益指数,红利低波全收益,CSI Dividend Low Volatility Total Return Index,CSI Dividend Low VolatilityTRI,,,,16353.27,77.13,0.47,2538431769.0,195.58,50.0,5.43,2022-06-28,5.43,195.58
20220629,H20269,中证红利低波动全收益指数,红利低波全收益,CSI Dividend Low Volatility Total Return Index,CSI Dividend Low VolatilityTRI,,,,16493.98,140.71,0.86,3596451848.0,294.15,50.0,5.47,2022-06-29,5.47,294.15
20220630,H20269,中证红利低波动全收益指数,红利低波全收益,CSI Dividend Low Volatility Total Return Index,CSI Dividend Low VolatilityTRI,,,,16534.01,40.03,0.24,3267114524.0,281.03,50.0,5.48,2022-06-30,5.48,281.03
20220701,H20269,中证红利低波动全收益指数,红利低波全收益,CSI Dividend Low Volatility Total Return Index,CSI Dividend Low VolatilityTRI,,,,16545.6,11.59,0.07,2485073706.0,225.6,50.0,5.5,2022-07-01,5.5,225.6
20220704,H20269,中证红利低波动全收益指数,红利低波全收益,CSI Dividend Low Volatility Total Return Index,CSI Dividend Low VolatilityTRI,,,,16502.61,-42.99,-0.26,2660864747.0,222.08,50.0,5.5,2022-07-04,5.5,222.08
20220705,H20269,中证红利低波动全收益指数,红利低波全收益,CSI Dividend Low Volatility Total Return Index,CSI Dividend Low VolatilityTRI,,,,16553.73,51.11,0.31,2516414724.0,216.25,50.0,5.52,2022-07-05,5.52,216.25
20220706,H20269,中证红利低波动全收益指数,红利低波全收益,CSI Dividend Low Volatility Total Return Index,CSI Dividend Low VolatilityTRI,,,,16191.91,-361.81,-2.19,2669391744.0,204.67,50.0,5.44,2022-07-06,5.44,204.67
20220707,H20269,中证红利低波动全收益指数,红利低波全收益,CSI Dividend Low Volatility Total Return Index,CSI Dividend Low VolatilityTRI,,,,16202.63,10.72,0.07,1966603797.0,154.62,50.0,5.44,2022-07-07,5.44,154.62
20220708,H20269,中证红利低波动全收益指数,红利低波全收益,CSI Dividend Low Volatility Total Return Index,CSI Dividend Low VolatilityTRI,,,,16224.16,21.53,0.13,2048196474.0,154.82,50.0,5.45,2022-07-08,5.45,154.82
20220711,H20269,中证红利低波动全收益指数,红利低波全收益,CSI Dividend Low Volatility Total Return Index,CSI Dividend Low VolatilityTRI,,,,16156.79,-67.37,-0.42,2831439389.0,199.19,50.0,5.41,2022-07-11,5.41,199.19
20220712,H20269,中证红利低波动全收益指数,红利低波全收益,CSI Dividend Low Volatility Total Return Index,CSI Dividend Low VolatilityTRI,,,,16309.56,152.77,0.95,3216913560.0,220.43,50.0,5.37,2022-07-12,5.37,220.43
20220713,H20269,中证红利低波动全收益指数,红利低波全收益,CSI Dividend Low Volatility Total Return Index,CSI Dividend Low VolatilityTRI,,,,16261.08,-48.49,-0.3,3531713540.0,251.47,50.0,5.31,2022-07-13,5.31,251.47
20220714,H20269,中证红利低波动全收益指数,红利低波全收益,CSI Dividend Low Volatility Total Return Index,CSI Dividend Low VolatilityTRI,,,,16013.89,-247.19,-1.52,3759985008.0,252.41,50.0,5.24,2022-07-14,5.24,252.41
20220715,H20269,中证红利低波动全收益指数,红利低波全收益,CSI Dividend Low Volatility Total Return Index,CSI Dividend Low VolatilityTRI,,,,15745.5,-268.39,-1.68,3570386909.0,256.62,50.0,5.08,2022-07-15,5.08,256.62
20220718,H20269,中证红利低波动全收益指数,红利低波全收益,CSI Dividend Low Volatility Total Return Index,CSI Dividend Low VolatilityTRI,,,,16096.16,350.66,2.23,2515676153.0,188.41,50.0,5.16,2022-07-18,5.16,188.41
20220719,H20269,中证红利低波动全收益指数,红利低波全收益,CSI Dividend Low Volatility Total Return Index,CSI Dividend Low VolatilityTRI,,,,16154.28,58.12,0.36,2202651479.0,156.78,50.0,5.18,2022-07-19,5.18,156.78
20220720,H20269,中证红利低波动全收益指数,红利低波全收益,CSI Dividend Low Volatility Total Return Index,CSI Dividend Low VolatilityTRI,,,,16174.03,19.75,0.12,1782427605.0,129.34,50.0,5.2,2022-07-20,5.2,129.34
20220721,H20269,中证红利低波动全收益指数,红利低波全收益,CSI Dividend Low Volatility Total Return Index,CSI Dividend Low VolatilityTRI,,,,15875.16,-298.87,-1.85,2247073559.0,180.69,50.0,5.09,2022-07-21,5.09,180.69
20220722,H20269,中证红利低波动全收益指数,红利低波全收益,CSI Dividend Low Volatility Total Return Index,CSI Dividend Low VolatilityTRI,,,,15865.16,-9.99,-0.06,1802407326.0,132.15,50.0,5.11,2022-07-22,5.11,132.15
20220725,H20269,中证红利低波动全收益指数,红利低波全收益,CSI Dividend Low Volatility Total Return Index,CSI Dividend Low VolatilityTRI,,,,15875.3,10.14,0.06,1574191786.0,114.34,50.0,5.13,2022-07-25,5.13,114.34
20220726,H20269,中证红利低波动全收益指数,红利低波全收益,CSI Dividend Low Volatility Total Return Index,CSI Dividend Low VolatilityTRI,,,,16103.27,227.97,1.44,2115072971.0,157.16,50.0,5.17,2022-07-26,5.17,157.16
20220727,H20269,中证红利低波动全收益指数,红利低波全收益,CSI Dividend Low Volatility Total Return Index,CSI Dividend Low VolatilityTRI,,,,16040.96,-62.32,-0.39,1799693535.0,124.71,50.0,5.14,2022-07-27,5.14,124.71
20220728,H20269,中证红利低波动全收益指数,红利低波全收益,CSI Dividend Low Volatility Total Return Index,CSI Dividend Low VolatilityTRI,,,,16091.25,50.29,0.31,1960368048.0,133.52,50.0,5.13,2022-07-28,5.13,133.52
20220729,H20269,中证红利低波动全收益指数,红利低波全收益,CSI Dividend Low Volatility Total Return Index,CSI Dividend Low VolatilityTRI,,,,15930.29,-160.95,-1.0,2012900047.0,142.85,50.0,5.09,2022-07-29,5.09,142.85
20220801,H20269,中证红利低波动全收益指数,红利低波全收益,CSI Dividend Low Volatility Total Return Index,CSI Dividend Low VolatilityTRI,,,,15940.97,10.68,0.07,1828666492.0,140.42,50.0,5.07,2022-08-01,5.07,140.42
20220802,H20269,中证红利低波动全收益指数,红利低波全收益,CSI Dividend Low Volatility Total Return Index,CSI Dividend Low VolatilityTRI,,,,15558.72,-382.25,-2.4,2512584036.0,171.31,50.0,5.02,2022-08-02,5.02,171.31
20220803,H20269,中证红利低波动全收益指数,红利低波全收益,CSI Dividend Low Volatility Total Return Index,CSI Dividend Low VolatilityTRI,,,,15352.82,-205.91,-1.32,1965006123.0,140.87,50.0,4.97,2022-08-03,4.97,140.87
20220804,H20269,中证红利低波动全收益指数,红利低波全收益,CSI Dividend Low Volatility Total Return Index,CSI Dividend Low VolatilityTRI,,,,15473.17,120.35,0.78,1740312609.0,114.81,50.0,5.02,2022-08-04,5.02,114.81
20220805,H20269,中证红利低波动全收益指数,红利低波全收益,CSI Dividend Low Volatility Total Return Index,CSI Dividend Low VolatilityTRI,,,,15554.96,81.79,0.53,1478932189.0,108.48,50.0,5.04,2022-08-05,5.04,108.48
20220808,H20269,中证红利低波动全收益指数,红利低波全收益,CSI Dividend Low Volatility Total Return Index,CSI Dividend Low VolatilityTRI,,,,15708.81,153.85,0.99,1567862411.0,113.85,50.0,5.04,2022-08-08,5.04,113.85
20220809,H20269,中证红利低波动全收益指数,红利低波全收益,CSI Dividend Low Volatility Total Return Index,CSI Dividend Low VolatilityTRI,,,,15755.85,47.04,0.3,1249610416.0,95.95,50.0,5.04,2022-08-09,5.04,95.95
20220810,H20269,中证红利低波动全收益指数,红利低波全收益,CSI Dividend Low Volatility Total Return Index,CSI Dividend Low VolatilityTRI,,,,15711.05,-44.8,-0.28,1129972122.0,87.93,50.0,5.02,2022-08-10,5.02,87.93
20220811,H20269,中证红利低波动全收益指数,红利低波全收益,CSI Dividend Low Volatility Total Return Index,CSI Dividend Low VolatilityTRI,,,,15903.69,192.64,1.23,1734393928.0,121.71,50.0,5.07,2022-08-11,5.07,121.71
20220812,H20269,中证红利低波动全收益指数,红利低波全收益,CSI Dividend Low Volatility Total Return Index,CSI Dividend Low VolatilityTRI,,,,16013.62,109.93,0.69,1584260889.0,108.07,50.0,5.08,2022-08-12,5.08,108.07
20220815,H20269,中证红利低波动全收益指数,红利低波全收益,CSI Dividend Low Volatility Total Return Index,CSI Dividend Low VolatilityTRI,,,,16009.68,-3.94,-0.02,1633603417.0,128.06,50.0,5.07,2022-08-15,5.07,128.06
20220816,H20269,中证红利低波动全收益指数,红利低波全收益,CSI Dividend Low Volatility Total Return Index,CSI Dividend Low VolatilityTRI,,,,16037.21,27.53,0.17,1511379208.0,112.6,50.0,5.06,2022-08-16,5.06,112.6
20220817,H20269,中证红利低波动全收益指数,红利低波全收益,CSI Dividend Low Volatility Total Return Index,CSI Dividend Low VolatilityTRI,,,,16108.71,71.5,0.45,1926125830.0,145.1,50.0,5.09,2022-08-17,5.09,145.1
20220818,H20269,中证红利低波动全收益指数,红利低波全收益,CSI Dividend Low Volatility Total Return Index,CSI Dividend Low VolatilityTRI,,,,15959.53,-149.18,-0.93,1468430270.0,111.28,50.0,5.05,2022-08-18,5.05,111.28
20220819,H20269,中证红利低波动全收益指数,红利低波全收益,CSI Dividend Low Volatility Total Return Index,CSI Dividend Low VolatilityTRI,,,,16114.08,154.55,0.97,1707394276.0,138.09,50.0,5.09,2022-08-19,5.09,138.09
20220822,H20269,中证红利低波动全收益指数,红利低波全收益,CSI Dividend Low Volatility Total Return Index,CSI Dividend Low VolatilityTRI,,,,16241.34,127.26,0.79,1632874236.0,128.25,50.0,5.1,2022-08-22,5.1,128.25
20220823,H20269,中证红利低波动全收益指数,红利低波全收益,CSI Dividend Low Volatility Total Return Index,CSI Dividend Low VolatilityTRI,,,,16246.74,5.39,0.03,1504474794.0,126.33,50.0,5.08,2022-08-23,5.08,126.33
20220824,H20269,中证红利低波动全收益指数,红利低波全收益,CSI Dividend Low Volatility Total Return Index,CSI Dividend Low VolatilityTRI,,,,16080.6,-166.14,-1.02,1789545560.0,137.48,50.0,5.07,2022-08-24,5.07,137.48
20220825,H20269,中证红利低波动全收益指数,红利低波全收益,CSI Dividend Low Volatility Total Return Index,CSI Dividend Low VolatilityTRI,,,,16470.8,390.2,2.43,1811804358.0,159.18,50.0,5.14,2022-08-25,5.14,159.18
20220826,H20269,中证红利低波动全收益指数,红利低波全收益,CSI Dividend Low Volatility Total Return Index,CSI Dividend Low VolatilityTRI,,,,16426.28,-44.52,-0.27,1506852884.0,135.58,50.0,5.12,2022-08-26,5.12,135.58
20220829,H20269,中证红利低波动全收益指数,红利低波全收益,CSI Dividend Low Volatility Total Return Index,CSI Dividend Low VolatilityTRI,,,,16542.5,116.22,0.71,1951462339.0,176.11,50.0,5.11,2022-08-29,5.11,176.11
20220830,H20269,中证红利低波动全收益指数,红利低波全收益,CSI Dividend Low Volatility Total Return Index,CSI Dividend Low VolatilityTRI,,,,16567.6,25.1,0.15,1942506893.0,153.23,50.0,5.1,2022-08-30,5.1,153.23
20220831,H20269,中证红利低波动全收益指数,红利低波全收益,CSI Dividend Low Volatility Total Return Index,CSI Dividend Low VolatilityTRI,,,,16478.8,-88.79,-0.54,2758818110.0,217.61,50.0,5.15,2022-08-31,5.15,217.61
20220901,H20269,中证红利低波动全收益指数,红利低波全收益,CSI Dividend Low Volatility Total Return Index,CSI Dividend Low VolatilityTRI,,,,16662.55,183.75,1.12,2187737322.0,174.93,50.0,5.08,2022-09-01,5.08,174.93
20220902,H20269,中证红利低波动全收益指数,红利低波全收益,CSI Dividend Low Volatility Total Return Index,CSI Dividend Low VolatilityTRI,,,,16626.43,-36.13,-0.22,1808130526.0,136.82,50.0,5.06,2022-09-02,5.06,136.82
20220905,H20269,中证红利低波动全收益指数,红利低波全收益,CSI Dividend Low Volatility Total Return Index,CSI Dividend Low VolatilityTRI,,,,16947.54,321.12,1.93,1931817092.0,165.1,50.0,5.12,2022-09-05,5.12,165.1
20220906,H20269,中证红利低波动全收益指数,红利低波全收益,CSI Dividend Low Volatility Total Return Index,CSI Dividend Low VolatilityTRI,,,,17134.27,186.73,1.1,2290483110.0,188.15,50.0,5.15,2022-09-06,5.15,188.15
20220907,H20269,中证红利低波动全收益指数,红利低波全收益,CSI Dividend Low Volatility Total Return Index,CSI Dividend Low VolatilityTRI,,,,17148.67,14.4,0.08,1815397800.0,147.95,50.0,5.13,2022-09-07,5.13,147.95
20220908,H20269,中证红利低波动全收益指数,红利低波全收益,CSI Dividend Low Volatility Total Return Index,CSI Dividend Low VolatilityTRI,,,,17168.42,19.75,0.12,1730162481.0,139.69,50.0,5.13,2022-09-08,5.13,139.69
20220909,H20269,中证红利低波动全收益指数,红利低波全收益,CSI Dividend Low Volatility Total Return Index,CSI Dividend Low VolatilityTRI,,,,17378.32,209.9,1.22,2763019374.0,224.37,50.0,5.18,2022-09-09,5.18,224.37
20220913,H20269,中证红利低波动全收益指数,红利低波全收益,CSI Dividend Low Volatility Total Return Index,CSI Dividend Low VolatilityTRI,,,,17276.8,-101.52,-0.58,2499202232.0,189.0,50.0,5.18,2022-09-13,5.18,189.0
20220914,H20269,中证红利低波动全收益指数,红利低波全收益,CSI Dividend Low Volatility Total Return Index,CSI Dividend Low VolatilityTRI,,,,17148.2,-128.6,-0.74,1911897702.0,142.13,50.0,5.15,2022-09-14,5.15,142.13
20220915,H20269,中证红利低波动全收益指数,红利低波全收益,CSI Dividend Low Volatility Total Return Index,CSI Dividend Low VolatilityTRI,,,,17232.47,84.27,0.49,3036943789.0,230.93,50.0,5.2,2022-09-15,5.2,230.93
20220916,H20269,中证红利低波动全收益指数,红利低波全收益,CSI Dividend Low Volatility Total Return Index,CSI Dividend Low VolatilityTRI,,,,16717.15,-515.33,-2.99,3068737009.0,229.98,50.0,5.09,2022-09-16,5.09,229.98
20220919,H20269,中证红利低波动全收益指数,红利低波全收益,CSI Dividend Low Volatility Total Return Index,CSI Dividend Low VolatilityTRI,,,,16720.28,3.14,0.02,2257803304.0,162.68,50.0,5.13,2022-09-19,5.13,162.68
20220920,H20269,中证红利低波动全收益指数,红利低波全收益,CSI Dividend Low Volatility Total Return Index,CSI Dividend Low VolatilityTRI,,,,16635.39,-84.89,-0.51,2063459744.0,154.34,50.0,5.09,2022-09-20,5.09,154.34
20220921,H20269,中证红利低波动全收益指数,红利低波全收益,CSI Dividend Low Volatility Total Return Index,CSI Dividend Low VolatilityTRI,,,,16773.36,137.96,0.83,1944661594.0,132.85,50.0,5.1,2022-09-21,5.1,132.85
20220922,H20269,中证红利低波动全收益指数,红利低波全收益,CSI Dividend Low Volatility Total Return Index,CSI Dividend Low VolatilityTRI,,,,16701.7,-71.66,-0.43,1793598100.0,131.23,50.0,5.11,2022-09-22,5.11,131.23
20220923,H20269,中证红利低波动全收益指数,红利低波全收益,CSI Dividend Low Volatility Total Return Index,CSI Dividend Low VolatilityTRI,,,,16557.51,-144.19,-0.86,2208548377.0,139.65,50.0,5.11,2022-09-23,5.11,139.65
20220926,H20269,中证红利低波动全收益指数,红利低波全收益,CSI Dividend Low Volatility Total Return Index,CSI Dividend Low VolatilityTRI,,,,16264.08,-293.43,-1.77,2300070726.0,155.56,50.0,5.04,2022-09-26,5.04,155.56
20220927,H20269,中证红利低波动全收益指数,红利低波全收益,CSI Dividend Low Volatility Total Return Index,CSI Dividend Low VolatilityTRI,,,,16437.29,173.22,1.07,1854172803.0,138.85,50.0,5.03,2022-09-27,5.03,138.85
20220928,H20269,中证红利低波动全收益指数,红利低波全收益,CSI Dividend Low Volatility Total Return Index,CSI Dividend Low VolatilityTRI,,,,16293.04,-144.25,-0.88,1762526898.0,128.09,50.0,5.04,2022-09-28,5.04,128.09
20220929,H20269,中证红利低波动全收益指数,红利低波全收益,CSI Dividend Low Volatility Total Return Index,CSI Dividend Low VolatilityTRI,,,,16161.97,-131.07,-0.8,1911175961.0,137.37,50.0,5.01,2022-09-29,5.01,137.37
20220930,H20269,中证红利低波动全收益指数,红利低波全收益,CSI Dividend Low Volatility Total Return Index,CSI Dividend Low VolatilityTRI,,,,16231.38,69.41,0.43,1831345622.0,138.28,50.0,5.06,2022-09-30,5.06,138.28
20221010,H20269,中证红利低波动全收益指数,红利低波全收益,CSI Dividend Low Volatility Total Return Index,CSI Dividend Low VolatilityTRI,,,,16301.58,70.19,0.43,2643542175.0,182.88,50.0,5.08,2022-10-10,5.08,182.88
20221011,H20269,中证红利低波动全收益指数,红利低波全收益,CSI Dividend Low Volatility Total Return Index,CSI Dividend Low VolatilityTRI,,,,16280.86,-20.71,-0.13,1845212908.0,127.79,50.0,5.06,2022-10-11,5.06,127.79
20221012,H20269,中证红利低波动全收益指数,红利低波全收益,CSI Dividend Low Volatility Total Return Index,CSI Dividend Low VolatilityTRI,,,,16490.78,209.92,1.29,1916911765.0,132.25,50.0,5.09,2022-10-12,5.09,132.25
20221013,H20269,中证红利低波动全收益指数,红利低波全收益,CSI Dividend Low Volatility Total Return Index,CSI Dividend Low VolatilityTRI,,,,16335.83,-154.95,-0.94,1935841971.0,152.7,50.0,5.03,2022-10-13,5.03,152.7
20221014,H20269,中证红利低波动全收益指数,红利低波全收益,CSI Dividend Low Volatility Total Return Index,CSI Dividend Low VolatilityTRI,,,,16448.38,112.55,0.69,2255965420.0,157.05,50.0,5.05,2022-10-14,5.05,157.05
20221017,H20269,中证红利低波动全收益指数,红利低波全收益,CSI Dividend Low Volatility Total Return Index,CSI Dividend Low VolatilityTRI,,,,16386.52,-61.86,-0.38,1763545971.0,134.45,50.0,5.03,2022-10-17,5.03,134.45
20221018,H20269,中证红利低波动全收益指数,红利低波全收益,CSI Dividend Low Volatility Total Return Index,CSI Dividend Low VolatilityTRI,,,,16330.09,-56.43,-0.34,1590713002.0,120.13,50.0,5.01,2022-10-18,5.01,120.13
20221019,H20269,中证红利低波动全收益指数,红利低波全收益,CSI Dividend Low Volatility Total Return Index,CSI Dividend Low VolatilityTRI,,,,16250.93,-79.16,-0.48,1548497227.0,122.99,50.0,4.99,2022-10-19,4.99,122.99
20221020,H20269,中证红利低波动全收益指数,红利低波全收益,CSI Dividend Low Volatility Total Return Index,CSI Dividend Low VolatilityTRI,,,,16125.05,-125.88,-0.77,1675942398.0,122.06,50.0,4.98,2022-10-20,4.98,122.06
20221021,H20269,中证红利低波动全收益指数,红利低波全收益,CSI Dividend Low Volatility Total Return Index,CSI Dividend Low VolatilityTRI,,,,16182.41,57.36,0.36,1926178674.0,136.03,50.0,4.99,2022-10-21,4.99,136.03
20221024,H20269,中证红利低波动全收益指数,红利低波全收益,CSI Dividend Low Volatility Total Return Index,CSI Dividend Low VolatilityTRI,,,,15814.4,-368.01,-2.27,2852010447.0,193.55,50.0,4.92,2022-10-24,4.92,193.55
20221025,H20269,中证红利低波动全收益指数,红利低波全收益,CSI Dividend Low Volatility Total Return Index,CSI Dividend Low VolatilityTRI,,,,15727.1,-87.3,-0.55,1973211894.0,134.44,50.0,4.91,2022-10-25,4.91,134.44
20221026,H20269,中证红利低波动全收益指数,红利低波全收益,CSI Dividend Low Volatility Total Return Index,CSI Dividend Low VolatilityTRI,,,,15607.25,-119.85,-0.76,2600909583.0,172.49,50.0,4.85,2022-10-26,4.85,172.49
20221027,H20269,中证红利低波动全收益指数,红利低波全收益,CSI Dividend Low Volatility Total Return Index,CSI Dividend Low VolatilityTRI,,,,15684.12,76.87,0.49,2324290100.0,158.16,50.0,4.83,2022-10-27,4.83,158.16
20221028,H20269,中证红利低波动全收益指数,红利低波全收益,CSI Dividend Low Volatility Total Return Index,CSI Dividend Low VolatilityTRI,,,,15410.19,-273.93,-1.75,2279648081.0,164.31,50.0,4.8,2022-10-28,4.8,164.31
20221031,H20269,中证红利低波动全收益指数,红利低波全收益,CSI Dividend Low Volatility Total Return Index,CSI Dividend Low VolatilityTRI,,,,15025.68,-384.5,-2.5,2996637750.0,220.97,50.0,4.69,2022-10-31,4.69,220.97
20221101,H20269,中证红利低波动全收益指数,红利低波全收益,CSI Dividend Low Volatility Total Return Index,CSI Dividend Low VolatilityTRI,,,,15170.16,144.47,0.96,3735669256.0,246.23,50.0,4.66,2022-11-01,4.66,246.23
20221102,H20269,中证红利低波动全收益指数,红利低波全收益,CSI Dividend Low Volatility Total Return Index,CSI Dividend Low VolatilityTRI,,,,15368.57,198.41,1.31,2722448411.0,186.15,50.0,4.67,2022-11-02,4.67,186.15
20221103,H20269,中证红利低波动全收益指数,红利低波全收益,CSI Dividend Low Volatility Total Return Index,CSI Dividend Low VolatilityTRI,,,,15244.26,-124.31,-0.81,1764771198.0,128.47,50.0,4.63,2022-11-03,4.63,128.47
20221104,H20269,中证红利低波动全收益指数,红利低波全收益,CSI Dividend Low Volatility Total Return Index,CSI Dividend Low VolatilityTRI,,,,15501.78,257.52,1.69,2396294825.0,168.79,50.0,4.7,2022-11-04,4.7,168.79
20221107,H20269,中证红利低波动全收益指数,红利低波全收益,CSI Dividend Low Volatility Total Return Index,CSI Dividend Low VolatilityTRI,,,,15576.98,75.2,0.49,1991398303.0,143.26,50.0,4.71,2022-11-07,4.71,143.26
20221108,H20269,中证红利低波动全收益指数,红利低波全收益,CSI Dividend Low Volatility Total Return Index,CSI Dividend Low VolatilityTRI,,,,15581.03,4.05,0.03,1648600719.0,123.23,50.0,4.7,2022-11-08,4.7,123.23
20221109,H20269,中证红利低波动全收益指数,红利低波全收益,CSI Dividend Low Volatility Total Return Index,CSI Dividend Low VolatilityTRI,,,,15563.24,-17.79,-0.11,1768242907.0,127.44,50.0,4.71,2022-11-09,4.71,127.44
20221110,H20269,中证红利低波动全收益指数,红利低波全收益,CSI Dividend Low Volatility Total Return Index,CSI Dividend Low VolatilityTRI,,,,15590.68,27.44,0.18,2005826633.0,120.47,50.0,4.72,2022-11-10,4.72,120.47
20221111,H20269,中证红利低波动全收益指数,红利低波全收益,CSI Dividend Low Volatility Total Return Index,CSI Dividend Low VolatilityTRI,,,,15994.37,403.69,2.59,3981600722.0,281.11,50.0,4.82,2022-11-11,4.82,281.11
20221114,H20269,中证红利低波动全收益指数,红利低波全收益,CSI Dividend Low Volatility Total Return Index,CSI Dividend Low VolatilityTRI,,,,15946.77,-47.6,-0.3,4022923993.0,311.58,50.0,4.82,2022-11-14,4.82,311.58
20221115,H20269,中证红利低波动全收益指数,红利低波全收益,CSI Dividend Low Volatility Total Return Index,CSI Dividend Low VolatilityTRI,,,,16024.37,77.6,0.49,2508507848.0,201.62,50.0,4.85,2022-11-15,4.85,201.62
20221116,H20269,中证红利低波动全收益指数,红利低波全收益,CSI Dividend Low Volatility Total Return Index,CSI Dividend Low VolatilityTRI,,,,15972.11,-52.25,-0.33,1990348505.0,147.83,50.0,4.83,2022-11-16,4.83,147.83
20221117,H20269,中证红利低波动全收益指数,红利低波全收益,CSI Dividend Low Volatility Total Return Index,CSI Dividend Low VolatilityTRI,,,,15917.13,-54.98,-0.34,1778083263.0,135.36,50.0,4.82,2022-11-17,4.82,135.36
20221118,H20269,中证红利低波动全收益指数,红利低波全收益,CSI Dividend Low Volatility Total Return Index,CSI Dividend Low VolatilityTRI,,,,15826.56,-90.58,-0.57,1875168040.0,127.2,50.0,4.8,2022-11-18,4.8,127.2
20221121,H20269,中证红利低波动全收益指数,红利低波全收益,CSI Dividend Low Volatility Total Return Index,CSI Dividend Low VolatilityTRI,,,,15764.77,-61.79,-0.39,1710330155.0,120.1,50.0,4.79,2022-11-21,4.79,120.1
20221122,H20269,中证红利低波动全收益指数,红利低波全收益,CSI Dividend Low Volatility Total Return Index,CSI Dividend Low VolatilityTRI,,,,15934.39,169.62,1.08,2885856108.0,181.69,50.0,4.86,2022-11-22,4.86,181.69
20221123,H20269,中证红利低波动全收益指数,红利低波全收益,CSI Dividend Low Volatility Total Return Index,CSI Dividend Low VolatilityTRI,,,,16040.72,106.33,0.67,3108910455.0,190.85,50.0,4.9,2022-11-23,4.9,190.85
20221124,H20269,中证红利低波动全收益指数,红利低波全收益,CSI Dividend Low Volatility Total Return Index,CSI Dividend Low VolatilityTRI,,,,16113.26,72.54,0.45,2067510084.0,143.47,50.0,4.9,2022-11-24,4.9,143.47
20221125,H20269,中证红利低波动全收益指数,红利低波全收益,CSI Dividend Low Volatility Total Return Index,CSI Dividend Low VolatilityTRI,,,,16424.57,311.31,1.93,4034840472.0,274.12,50.0,5.01,2022-11-25,5.01,274.12
20221128,H20269,中证红利低波动全收益指数,红利低波全收益,CSI Dividend Low Volatility Total Return Index,CSI Dividend Low VolatilityTRI,,,,16335.59,-88.98,-0.54,3033258828.0,201.61,50.0,4.95,2022-11-28,4.95,201.61
20221129,H20269,中证红利低波动全收益指数,红利低波全收益,CSI Dividend Low Volatility Total Return Index,CSI Dividend Low VolatilityTRI,,,,16819.38,483.79,2.96,5162065967.0,370.92,50.0,5.07,2022-11-29,5.07,370.92
20221130,H20269,中证红利低波动全收益指数,红利低波全收益,CSI Dividend Low Volatility Total Return Index,CSI Dividend Low VolatilityTRI,,,,16790.19,-29.19,-0.17,4594089448.0,321.62,50.0,5.05,2022-11-30,5.05,321.62
20221201,H20269,中证红利低波动全收益指数,红利低波全收益,CSI Dividend Low Volatility Total Return Index,CSI Dividend Low VolatilityTRI,,,,16677.42,-112.77,-0.67,3651283154.0,249.03,50.0,5.0,2022-12-01,5.0,249.03
20221202,H20269,中证红利低波动全收益指数,红利低波全收益,CSI Dividend Low Volatility Total Return Index,CSI Dividend Low VolatilityTRI,,,,16553.2,-124.21,-0.74,2803790677.0,208.1,50.0,4.97,2022-12-02,4.97,208.1
20221205,H20269,中证红利低波动全收益指数,红利低波全收益,CSI Dividend Low Volatility Total Return Index,CSI Dividend Low VolatilityTRI,,,,16831.76,278.56,1.68,3928996409.0,279.57,50.0,5.07,2022-12-05,5.07,279.57
20221206,H20269,中证红利低波动全收益指数,红利低波全收益,CSI Dividend Low Volatility Total Return Index,CSI Dividend Low VolatilityTRI,,,,16758.63,-73.13,-0.43,2977611218.0,196.74,50.0,5.06,2022-12-06,5.06,196.74
20221207,H20269,中证红利低波动全收益指数,红利低波全收益,CSI Dividend Low Volatility Total Return Index,CSI Dividend Low VolatilityTRI,,,,16660.57,-98.06,-0.59,2792467395.0,202.93,50.0,5.01,2022-12-07,5.01,202.93
20221208,H20269,中证红利低波动全收益指数,红利低波全收益,CSI Dividend Low Volatility Total Return Index,CSI Dividend Low VolatilityTRI,,,,16716.35,55.78,0.33,2461366788.0,177.65,50.0,5.04,2022-12-08,5.04,177.65
20221209,H20269,中证红利低波动全收益指数,红利低波全收益,CSI Dividend Low Volatility Total Return Index,CSI Dividend Low VolatilityTRI,,,,16641.66,-74.7,-0.45,3349645536.0,263.22,50.0,5.06,2022-12-09,5.06,263.22
20221212,H20269,中证红利低波动全收益指数,红利低波全收益,CSI Dividend Low Volatility Total Return Index,CSI Dividend Low VolatilityTRI,,,,16415.73,-225.92,-1.36,2492889318.0,172.17,50.0,5.0,2022-12-12,5.0,172.17
20221213,H20269,中证红利低波动全收益指数,红利低波全收益,CSI Dividend Low Volatility Total Return Index,CSI Dividend Low VolatilityTRI,,,,16500.97,85.23,0.52,1852342369.0,122.57,50.0,5.03,2022-12-13,5.03,122.57
20221214,H20269,中证红利低波动全收益指数,红利低波全收益,CSI Dividend Low Volatility Total Return Index,CSI Dividend Low VolatilityTRI,,,,16437.35,-63.61,-0.39,1725757536.0,118.72,50.0,5.03,2022-12-14,5.03,118.72
20221215,H20269,中证红利低波动全收益指数,红利低波全收益,CSI Dividend Low Volatility Total Return Index,CSI Dividend Low VolatilityTRI,,,,16263.99,-173.36,-1.05,1568263525.0,109.15,50.0,4.98,2022-12-15,4.98,109.15
20221216,H20269,中证红利低波动全收益指数,红利低波全收益,CSI Dividend Low Volatility Total Return Index,CSI Dividend Low VolatilityTRI,,,,16442.94,178.95,1.1,2077013841.0,139.81,50.0,5.03,2022-12-16,5.03,139.81
20221219,H20269,中证红利低波动全收益指数,红利低波全收益,CSI Dividend Low Volatility Total Return Index,CSI Dividend Low VolatilityTRI,,,,16157.22,-285.72,-1.74,2004434211.0,135.36,50.0,4.96,2022-12-19,4.96,135.36
20221220,H20269,中证红利低波动全收益指数,红利低波全收益,CSI Dividend Low Volatility Total Return Index,CSI Dividend Low VolatilityTRI,,,,15994.02,-163.2,-1.01,1744261323.0,116.66,50.0,4.91,2022-12-20,4.91,116.66
20221221,H20269,中证红利低波动全收益指数,红利低波全收益,CSI Dividend Low Volatility Total Return Index,CSI Dividend Low VolatilityTRI,,,,15986.49,-7.53,-0.05,1173093485.0,79.2,50.0,4.92,2022-12-21,4.92,79.2
20221222,H20269,中证红利低波动全收益指数,红利低波全收益,CSI Dividend Low Volatility Total Return Index,CSI Dividend Low VolatilityTRI,,,,15895.01,-91.48,-0.57,1468160181.0,101.28,50.0,4.92,2022-12-22,4.92,101.28
20221223,H20269,中证红利低波动全收益指数,红利低波全收益,CSI Dividend Low Volatility Total Return Index,CSI Dividend Low VolatilityTRI,,,,15833.63,-61.38,-0.39,1143739871.0,73.28,50.0,4.91,2022-12-23,4.91,73.28
20221226,H20269,中证红利低波动全收益指数,红利低波全收益,CSI Dividend Low Volatility Total Return Index,CSI Dividend Low VolatilityTRI,,,,15809.56,-24.08,-0.15,1477488139.0,93.37,50.0,4.89,2022-12-26,4.89,93.37
20221227,H20269,中证红利低波动全收益指数,红利低波全收益,CSI Dividend Low Volatility Total Return Index,CSI Dividend Low VolatilityTRI,,,,16000.08,190.52,1.21,1710206656.0,106.57,50.0,4.95,2022-12-27,4.95,106.57
20221228,H20269,中证红利低波动全收益指数,红利低波全收益,CSI Dividend Low Volatility Total Return Index,CSI Dividend Low VolatilityTRI,,,,16011.02,10.94,0.07,1700054133.0,107.35,50.0,4.98,2022-12-28,4.98,107.35
20221229,H20269,中证红利低波动全收益指数,红利低波全收益,CSI Dividend Low Volatility Total Return Index,CSI Dividend Low VolatilityTRI,,,,15889.65,-121.37,-0.76,1683546542.0,105.82,50.0,4.93,2022-12-29,4.93,105.82
20221230,H20269,中证红利低波动全收益指数,红利低波全收益,CSI Dividend Low Volatility Total Return Index,CSI Dividend Low VolatilityTRI,,,,15998.07,108.42,0.68,1892792883.0,112.31,50.0,4.96,2022-12-30,4.96,112.31
20230103,H20269,中证红利低波动全收益指数,红利低波全收益,CSI Dividend Low Volatility Total Return Index,CSI Dividend Low VolatilityTRI,,,,16089.92,91.85,0.57,1998067704.0,130.16,50.0,4.98,2023-01-03,4.98,130.16
20230104,H20269,中证红利低波动全收益指数,红利低波全收益,CSI Dividend Low Volatility Total Return Index,CSI Dividend Low VolatilityTRI,,,,16206.32,116.4,0.72,2458711915.0,163.98,50.0,5.02,2023-01-04,5.02,163.98
20230105,H20269,中证红利低波动全收益指数,红利低波全收益,CSI Dividend Low Volatility Total Return Index,CSI Dividend Low VolatilityTRI,,,,16199.49,-6.83,-0.04,1970571802.0,137.07,50.0,5.01,2023-01-05,5.01,137.07
20230106,H20269,中证红利低波动全收益指数,红利低波全收益,CSI Dividend Low Volatility Total Return Index,CSI Dividend Low VolatilityTRI,,,,16181.94,-17.55,-0.11,1895680430.0,124.32,50.0,5.01,2023-01-06,5.01,124.32
20230109,H20269,中证红利低波动全收益指数,红利低波全收益,CSI Dividend Low Volatility Total Return Index,CSI Dividend Low VolatilityTRI,,,,16175.48,-6.46,-0.04,1596378800.0,111.19,50.0,5.01,2023-01-09,5.01,111.19
20230110,H20269,中证红利低波动全收益指数,红利低波全收益,CSI Dividend Low Volatility Total Return Index,CSI Dividend Low VolatilityTRI,,,,16063.99,-111.48,-0.69,1545316787.0,106.03,50.0,4.98,2023-01-10,4.98,106.03
20230111,H20269,中证红利低波动全收益指数,红利低波全收益,CSI Dividend Low Volatility Total Return Index,CSI Dividend Low VolatilityTRI,,,,16125.06,61.07,0.38,1671365902.0,137.09,50.0,5.02,2023-01-11,5.02,137.09
20230112,H20269,中证红利低波动全收益指数,红利低波全收益,CSI Dividend Low Volatility Total Return Index,CSI Dividend Low VolatilityTRI,,,,16100.54,-24.52,-0.15,1561267649.0,108.05,50.0,5.03,2023-01-12,5.03,108.05
20230113,H20269,中证红利低波动全收益指数,红利低波全收益,CSI Dividend Low Volatility Total Return Index,CSI Dividend Low VolatilityTRI,,,,16253.04,152.5,0.95,1667670654.0,117.26,50.0,5.07,2023-01-13,5.07,117.26
20230116,H20269,中证红利低波动全收益指数,红利低波全收益,CSI Dividend Low Volatility Total Return Index,CSI Dividend Low VolatilityTRI,,,,16306.84,53.8,0.33,2663144003.0,185.44,50.0,5.06,2023-01-16,5.06,185.44
20230117,H20269,中证红利低波动全收益指数,红利低波全收益,CSI Dividend Low Volatility Total Return Index,CSI Dividend Low VolatilityTRI,,,,16274.56,-32.28,-0.2,1648530065.0,113.84,50.0,5.05,2023-01-17,5.05,113.84
20230118,H20269,中证红利低波动全收益指数,红利低波全收益,CSI Dividend Low Volatility Total Return Index,CSI Dividend Low VolatilityTRI,,,,16335.57,61.01,0.37,1500671258.0,106.45,50.0,5.06,2023-01-18,5.06,106.45
20230119,H20269,中证红利低波动全收益指数,红利低波全收益,CSI Dividend Low Volatility Total Return Index,CSI Dividend Low VolatilityTRI,,,,16380.55,44.98,0.28,1464208287.0,106.69,50.0,5.06,2023-01-19,5.06,106.69
20230120,H20269,中证红利低波动全收益指数,红利低波全收益,CSI Dividend Low Volatility Total Return Index,CSI Dividend Low VolatilityTRI,,,,16524.35,143.8,0.88,1973175893.0,133.6,50.0,5.09,2023-01-20,5.09,133.6
20230130,H20269,中证红利低波动全收益指数,红利低波全收益,CSI Dividend Low Volatility Total Return Index,CSI Dividend Low VolatilityTRI,,,,16515.29,-9.06,-0.05,2579265827.0,187.4,50.0,5.08,2023-01-30,5.08,187.4
20230131,H20269,中证红利低波动全收益指数,红利低波全收益,CSI Dividend Low Volatility Total Return Index,CSI Dividend Low VolatilityTRI,,,,16547.15,31.86,0.19,1800159327.0,133.87,50.0,5.06,2023-01-31,5.06,133.87
20230201,H20269,中证红利低波动全收益指数,红利低波全收益,CSI Dividend Low Volatility Total Return Index,CSI Dividend Low VolatilityTRI,,,,16629.69,82.53,0.5,2168978070.0,152.68,50.0,5.07,2023-02-01,5.07,152.68
20230202,H20269,中证红利低波动全收益指数,红利低波全收益,CSI Dividend Low Volatility Total Return Index,CSI Dividend Low VolatilityTRI,,,,16640.53,10.85,0.07,2044946650.0,148.69,50.0,5.06,2023-02-02,5.06,148.69
20230203,H20269,中证红利低波动全收益指数,红利低波全收益,CSI Dividend Low Volatility Total Return Index,CSI Dividend Low VolatilityTRI,,,,16512.19,-128.34,-0.77,2019371673.0,136.09,50.0,5.03,2023-02-03,5.03,136.09
20230206,H20269,中证红利低波动全收益指数,红利低波全收益,CSI Dividend Low Volatility Total Return Index,CSI Dividend Low VolatilityTRI,,,,16479.33,-32.86,-0.2,1814126836.0,125.93,50.0,5.02,2023-02-06,5.02,125.93
20230207,H20269,中证红利低波动全收益指数,红利低波全收益,CSI Dividend Low Volatility Total Return Index,CSI Dividend Low VolatilityTRI,,,,16547.62,68.29,0.41,1515492360.0,109.59,50.0,5.03,2023-02-07,5.03,109.59
20230208,H20269,中证红利低波动全收益指数,红利低波全收益,CSI Dividend Low Volatility Total Return Index,CSI Dividend Low VolatilityTRI,,,,16448.64,-98.97,-0.6,1456637235.0,99.05,50.0,5.02,2023-02-08,5.02,99.05
20230209,H20269,中证红利低波动全收益指数,红利低波全收益,CSI Dividend Low Volatility Total Return Index,CSI Dividend Low VolatilityTRI,,,,16587.64,139.0,0.85,1490441897.0,104.82,50.0,5.03,2023-02-09,5.03,104.82
20230210,H20269,中证红利低波动全收益指数,红利低波全收益,CSI Dividend Low Volatility Total Return Index,CSI Dividend Low VolatilityTRI,,,,16629.97,42.33,0.26,1500905720.0,105.51,50.0,5.03,2023-02-10,5.03,105.51
20230213,H20269,中证红利低波动全收益指数,红利低波全收益,CSI Dividend Low Volatility Total Return Index,CSI Dividend Low VolatilityTRI,,,,16691.13,61.16,0.37,2245749713.0,170.28,50.0,5.02,2023-02-13,5.02,170.28
20230214,H20269,中证红利低波动全收益指数,红利低波全收益,CSI Dividend Low Volatility Total Return Index,CSI Dividend Low VolatilityTRI,,,,16780.83,89.7,0.54,1594759476.0,117.16,50.0,5.03,2023-02-14,5.03,117.16
20230215,H20269,中证红利低波动全收益指数,红利低波全收益,CSI Dividend Low Volatility Total Return Index,CSI Dividend Low VolatilityTRI,,,,16732.66,-48.17,-0.29,1625294747.0,115.53,50.0,5.01,2023-02-15,5.01,115.53
20230216,H20269,中证红利低波动全收益指数,红利低波全收益,CSI Dividend Low Volatility Total Return Index,CSI Dividend Low VolatilityTRI,,,,16646.36,-86.3,-0.52,2462901538.0,179.39,50.0,5.0,2023-02-16,5.0,179.39
20230217,H20269,中证红利低波动全收益指数,红利低波全收益,CSI Dividend Low Volatility Total Return Index,CSI Dividend Low VolatilityTRI,,,,16592.02,-54.34,-0.33,2050498639.0,148.93,50.0,5.0,2023-02-17,5.0,148.93
20230220,H20269,中证红利低波动全收益指数,红利低波全收益,CSI Dividend Low Volatility Total Return Index,CSI Dividend Low VolatilityTRI,,,,16987.72,395.7,2.38,3271386434.0,249.13,50.0,5.09,2023-02-20,5.09,249.13
20230221,H20269,中证红利低波动全收益指数,红利低波全收益,CSI Dividend Low Volatility Total Return Index,CSI Dividend Low VolatilityTRI,,,,17154.72,166.99,0.98,2614826367.0,224.84,50.0,5.12,2023-02-21,5.12,224.84
20230222,H20269,中证红利低波动全收益指数,红利低波全收益,CSI Dividend Low Volatility Total Return Index,CSI Dividend Low VolatilityTRI,,,,17158.98,4.26,0.02,1765639920.0,156.3,50.0,5.09,2023-02-22,5.09,156.3
20230223,H20269,中证红利低波动全收益指数,红利低波全收益,CSI Dividend Low Volatility Total Return Index,CSI Dividend Low VolatilityTRI,,,,17162.4,3.42,0.02,2055290887.0,187.6,50.0,5.1,2023-02-23,5.1,187.6
20230224,H20269,中证红利低波动全收益指数,红利低波全收益,CSI Dividend Low Volatility Total Return Index,CSI Dividend Low VolatilityTRI,,,,17121.76,-40.64,-0.24,1862183615.0,149.97,50.0,5.08,2023-02-24,5.08,149.97
20230227,H20269,中证红利低波动全收益指数,红利低波全收益,CSI Dividend Low Volatility Total Return Index,CSI Dividend Low VolatilityTRI,,,,17044.68,-77.08,-0.45,1645610898.0,134.16,50.0,5.07,2023-02-27,5.07,134.16
20230228,H20269,中证红利低波动全收益指数,红利低波全收益,CSI Dividend Low Volatility Total Return Index,CSI Dividend Low VolatilityTRI,,,,17140.18,95.5,0.56,1877436835.0,142.22,50.0,5.08,2023-02-28,5.08,142.22
20230301,H20269,中证红利低波动全收益指数,红利低波全收益,CSI Dividend Low Volatility Total Return Index,CSI Dividend Low VolatilityTRI,,,,17265.43,125.25,0.73,2638843125.0,193.49,50.0,5.12,2023-03-01,5.12,193.49
20230302,H20269,中证红利低波动全收益指数,红利低波全收益,CSI Dividend Low Volatility Total Return Index,CSI Dividend Low VolatilityTRI,,,,17372.48,107.05,0.62,2898102063.0,203.81,50.0,5.16,2023-03-02,5.16,203.81
20230303,H20269,中证红利低波动全收益指数,红利低波全收益,CSI Dividend Low Volatility Total Return Index,CSI Dividend Low VolatilityTRI,,,,17529.73,157.26,0.91,4084837464.0,255.36,50.0,5.24,2023-03-03,5.24,255.36
20230306,H20269,中证红利低波动全收益指数,红利低波全收益,CSI Dividend Low Volatility Total Return Index,CSI Dividend Low VolatilityTRI,,,,17501.2,-28.53,-0.16,3564052585.0,244.7,50.0,5.22,2023-03-06,5.22,244.7
20230307,H20269,中证红利低波动全收益指数,红利低波全收益,CSI Dividend Low Volatility Total Return Index,CSI Dividend Low VolatilityTRI,,,,17441.68,-59.53,-0.34,5775447023.0,366.67,50.0,5.28,2023-03-07,5.28,366.67
20230308,H20269,中证红利低波动全收益指数,红利低波全收益,CSI Dividend Low Volatility Total Return Index,CSI Dividend Low VolatilityTRI,,,,17439.14,-2.54,-0.01,2757324237.0,182.0,50.0,5.27,2023-03-08,5.27,182.0
20230309,H20269,中证红利低波动全收益指数,红利低波全收益,CSI Dividend Low Volatility Total Return Index,CSI Dividend Low VolatilityTRI,,,,17389.5,-49.64,-0.28,2641502094.0,168.93,50.0,5.26,2023-03-09,5.26,168.93
20230310,H20269,中证红利低波动全收益指数,红利低波全收益,CSI Dividend Low Volatility Total Return Index,CSI Dividend Low VolatilityTRI,,,,17083.06,-306.44,-1.76,2641269332.0,177.51,50.0,5.17,2023-03-10,5.17,177.51
20230313,H20269,中证红利低波动全收益指数,红利低波全收益,CSI Dividend Low Volatility Total Return Index,CSI Dividend Low VolatilityTRI,,,,17316.94,233.87,1.37,2864476026.0,201.82,50.0,5.28,2023-03-13,5.28,201.82
20230314,H20269,中证红利低波动全收益指数,红利低波全收益,CSI Dividend Low Volatility Total Return Index,CSI Dividend Low VolatilityTRI,,,,17213.51,-103.43,-0.6,2697798610.0,191.51,50.0,5.25,2023-03-14,5.25,191.51
20230315,H20269,中证红利低波动全收益指数,红利低波全收益,CSI Dividend Low Volatility Total Return Index,CSI Dividend Low VolatilityTRI,,,,17511.01,297.5,1.73,3270195710.0,213.48,50.0,5.32,2023-03-15,5.32,213.48
20230316,H20269,中证红利低波动全收益指数,红利低波全收益,CSI Dividend Low Volatility Total Return Index,CSI Dividend Low VolatilityTRI,,,,17346.77,-164.25,-0.94,4259999622.0,254.08,50.0,5.31,2023-03-16,5.31,254.08
20230317,H20269,中证红利低波动全收益指数,红利低波全收益,CSI Dividend Low Volatility Total Return Index,CSI Dividend Low VolatilityTRI,,,,17566.82,220.05,1.27,4287844956.0,271.6,50.0,5.38,2023-03-17,5.38,271.6
20230320,H20269,中证红利低波动全收益指数,红利低波全收益,CSI Dividend Low Volatility Total Return Index,CSI Dividend Low VolatilityTRI,,,,17513.46,-53.35,-0.3,4584289293.0,296.87,50.0,5.38,2023-03-20,5.38,296.87
20230321,H20269,中证红利低波动全收益指数,红利低波全收益,CSI Dividend Low Volatility Total Return Index,CSI Dividend Low VolatilityTRI,,,,17444.03,-69.43,-0.4,3185145018.0,203.03,50.0,5.31,2023-03-21,5.31,203.03
20230322,H20269,中证红利低波动全收益指数,红利低波全收益,CSI Dividend Low Volatility Total Return Index,CSI Dividend Low VolatilityTRI,,,,17558.55,114.52,0.66,2580152524.0,173.45,50.0,5.36,2023-03-22,5.36,173.45
20230323,H20269,中证红利低波动全收益指数,红利低波全收益,CSI Dividend Low Volatility Total Return Index,CSI Dividend Low VolatilityTRI,,,,17570.13,11.58,0.07,2400154086.0,170.74,50.0,5.39,2023-03-23,5.39,170.74
20230324,H20269,中证红利低波动全收益指数,红利低波全收益,CSI Dividend Low Volatility Total Return Index,CSI Dividend Low VolatilityTRI,,,,17442.67,-127.46,-0.73,2956923416.0,200.55,50.0,5.31,2023-03-24,5.31,200.55
20230327,H20269,中证红利低波动全收益指数,红利低波全收益,CSI Dividend Low Volatility Total Return Index,CSI Dividend Low VolatilityTRI,,,,17293.77,-148.9,-0.85,3184822301.0,235.99,50.0,5.25,2023-03-27,5.25,235.99
20230328,H20269,中证红利低波动全收益指数,红利低波全收益,CSI Dividend Low Volatility Total Return Index,CSI Dividend Low VolatilityTRI,,,,17343.65,49.89,0.29,2474054545.0,182.67,50.0,5.29,2023-03-28,5.29,182.67
20230329,H20269,中证红利低波动全收益指数,红利低波全收益,CSI Dividend Low Volatility Total Return Index,CSI Dividend Low VolatilityTRI,,,,17249.03,-94.63,-0.55,2343036175.0,154.25,50.0,5.27,2023-03-29,5.27,154.25
20230330,H20269,中证红利低波动全收益指数,红利低波全收益,CSI Dividend Low Volatility Total Return Index,CSI Dividend Low VolatilityTRI,,,,17344.73,95.7,0.55,3158861849.0,224.64,50.0,5.37,2023-03-30,5.37,224.64
20230331,H20269,中证红利低波动全收益指数,红利低波全收益,CSI Dividend Low Volatility Total Return Index,CSI Dividend Low VolatilityTRI,,,,17399.51,54.78,0.32,2784086631.0,185.18,50.0,5.34,2023-03-31,5.34,185.18
20230403,H20269,中证红利低波动全收益指数,红利低波全收益,CSI Dividend Low Volatility Total Return Index,CSI Dividend Low VolatilityTRI,,,,17554.17,154.66,0.89,2864285090.0,198.52,50.0,5.34,2023-04-03,5.34,198.52
20230404,H20269,中证红利低波动全收益指数,红利低波全收益,CSI Dividend Low Volatility Total Return Index,CSI Dividend Low VolatilityTRI,,,,17661.12,106.95,0.61,3498219586.0,223.93,50.0,5.43,2023-04-04,5.43,223.93
20230406,H20269,中证红利低波动全收益指数,红利低波全收益,CSI Dividend Low Volatility Total Return Index,CSI Dividend Low VolatilityTRI,,,,17509.01,-152.1,-0.86,2304598007.0,153.28,50.0,5.43,2023-04-06,5.43,153.28
20230407,H20269,中证红利低波动全收益指数,红利低波全收益,CSI Dividend Low Volatility Total Return Index,CSI Dividend Low VolatilityTRI,,,,17495.67,-13.34,-0.08,1817016765.0,128.66,50.0,5.42,2023-04-07,5.42,128.66
20230410,H20269,中证红利低波动全收益指数,红利低波全收益,CSI Dividend Low Volatility Total Return Index,CSI Dividend Low VolatilityTRI,,,,17518.27,22.6,0.13,2574624271.0,172.21,50.0,5.47,2023-04-10,5.47,172.21
20230411,H20269,中证红利低波动全收益指数,红利低波全收益,CSI Dividend Low Volatility Total Return Index,CSI Dividend Low VolatilityTRI,,,,17710.88,192.61,1.1,2839982317.0,215.63,50.0,5.52,2023-04-11,5.52,215.63
20230412,H20269,中证红利低波动全收益指数,红利低波全收益,CSI Dividend Low Volatility Total Return Index,CSI Dividend Low VolatilityTRI,,,,17987.11,276.23,1.56,3567542893.0,236.47,50.0,5.61,2023-04-12,5.61,236.47
20230413,H20269,中证红利低波动全收益指数,红利低波全收益,CSI Dividend Low Volatility Total Return Index,CSI Dividend Low VolatilityTRI,,,,18020.46,33.35,0.19,3256196056.0,235.42,50.0,5.62,2023-04-13,5.62,235.42
20230414,H20269,中证红利低波动全收益指数,红利低波全收益,CSI Dividend Low Volatility Total Return Index,CSI Dividend Low VolatilityTRI,,,,17956.82,-63.64,-0.35,2668944088.0,202.3,50.0,5.64,2023-04-14,5.64,202.3
20230417,H20269,中证红利低波动全收益指数,红利低波全收益,CSI Dividend Low Volatility Total Return Index,CSI Dividend Low VolatilityTRI,,,,18211.26,254.44,1.42,4240874834.0,316.83,50.0,5.8,2023-04-17,5.8,316.83
20230418,H20269,中证红利低波动全收益指数,红利低波全收益,CSI Dividend Low Volatility Total Return Index,CSI Dividend Low VolatilityTRI,,,,18239.44,28.18,0.15,4101924991.0,293.14,50.0,5.83,2023-04-18,5.83,293.14
20230419,H20269,中证红利低波动全收益指数,红利低波全收益,CSI Dividend Low Volatility Total Return Index,CSI Dividend Low VolatilityTRI,,,,18262.8,23.36,0.13,3396760168.0,246.43,50.0,5.82,2023-04-19,5.82,246.43
20230420,H20269,中证红利低波动全收益指数,红利低波全收益,CSI Dividend Low Volatility Total Return Index,CSI Dividend Low VolatilityTRI,,,,18397.8,134.99,0.74,3421994920.0,259.29,50.0,5.84,2023-04-20,5.84,259.29
20230421,H20269,中证红利低波动全收益指数,红利低波全收益,CSI Dividend Low Volatility Total Return Index,CSI Dividend Low VolatilityTRI,,,,18127.95,-269.85,-1.47,3581532272.0,258.98,50.0,5.79,2023-04-21,5.79,258.98
20230424,H20269,中证红利低波动全收益指数,红利低波全收益,CSI Dividend Low Volatility Total Return Index,CSI Dividend Low VolatilityTRI,,,,18160.61,32.66,0.18,3837458396.0,280.91,50.0,5.8,2023-04-24,5.8,280.91
20230425,H20269,中证红利低波动全收益指数,红利低波全收益,CSI Dividend Low Volatility Total Return Index,CSI Dividend Low VolatilityTRI,,,,18299.74,139.13,0.77,4538676604.0,319.61,50.0,5.91,2023-04-25,5.91,319.61
20230426,H20269,中证红利低波动全收益指数,红利低波全收益,CSI Dividend Low Volatility Total Return Index,CSI Dividend Low VolatilityTRI,,,,18311.54,11.79,0.06,4260213895.0,297.66,50.0,5.87,2023-04-26,5.87,297.66
20230427,H20269,中证红利低波动全收益指数,红利低波全收益,CSI Dividend Low Volatility Total Return Index,CSI Dividend Low VolatilityTRI,,,,18372.27,60.74,0.33,3310340041.0,255.17,50.0,5.89,2023-04-27,5.89,255.17
20230428,H20269,中证红利低波动全收益指数,红利低波全收益,CSI Dividend Low Volatility Total Return Index,CSI Dividend Low VolatilityTRI,,,,18691.73,319.45,1.74,4079685192.0,314.84,50.0,5.95,2023-04-28,5.95,314.84
20230504,H20269,中证红利低波动全收益指数,红利低波全收益,CSI Dividend Low Volatility Total Return Index,CSI Dividend Low VolatilityTRI,,,,19193.35,501.63,2.68,7059044108.0,540.59,50.0,6.15,2023-05-04,6.15,540.59
20230505,H20269,中证红利低波动全收益指数,红利低波全收益,CSI Dividend Low Volatility Total Return Index,CSI Dividend Low VolatilityTRI,,,,19240.88,47.53,0.25,5877253545.0,432.0,50.0,6.18,2023-05-05,6.18,432.0
20230508,H20269,中证红利低波动全收益指数,红利低波全收益,CSI Dividend Low Volatility Total Return Index,CSI Dividend Low VolatilityTRI,,,,19800.28,559.4,2.91,8691076973.0,631.83,50.0,6.54,2023-05-08,6.54,631.83
20230509,H20269,中证红利低波动全收益指数,红利低波全收益,CSI Dividend Low Volatility Total Return Index,CSI Dividend Low VolatilityTRI,,,,19579.26,-221.03,-1.12,8592994285.0,601.55,50.0,6.45,2023-05-09,6.45,601.55
20230510,H20269,中证红利低波动全收益指数,红利低波全收益,CSI Dividend Low Volatility Total Return Index,CSI Dividend Low VolatilityTRI,,,,19099.08,-480.18,-2.45,7025079543.0,455.5,50.0,6.19,2023-05-10,6.19,455.5
20230511,H20269,中证红利低波动全收益指数,红利低波全收益,CSI Dividend Low Volatility Total Return Index,CSI Dividend Low VolatilityTRI,,,,19040.33,-58.75,-0.31,4204755041.0,288.19,50.0,6.12,2023-05-11,6.12,288.19
20230512,H20269,中证红利低波动全收益指数,红利低波全收益,CSI Dividend Low Volatility Total Return Index,CSI Dividend Low VolatilityTRI,,,,18840.98,-199.35,-1.05,3842047070.0,270.52,50.0,6.06,2023-05-12,6.06,270.52
20230515,H20269,中证红利低波动全收益指数,红利低波全收益,CSI Dividend Low Volatility Total Return Index,CSI Dividend Low VolatilityTRI,,,,18770.82,-70.16,-0.37,5200015003.0,335.01,50.0,6.1,2023-05-15,6.1,335.01
20230516,H20269,中证红利低波动全收益指数,红利低波全收益,CSI Dividend Low Volatility Total Return Index,CSI Dividend Low VolatilityTRI,,,,18578.41,-192.41,-1.03,3931247556.0,270.26,50.0,6.09,2023-05-16,6.09,270.26
20230517,H20269,中证红利低波动全收益指数,红利低波全收益,CSI Dividend Low Volatility Total Return Index,CSI Dividend Low VolatilityTRI,,,,18520.6,-57.81,-0.31,2781223966.0,195.14,50.0,6.05,2023-05-17,6.05,195.14
20230518,H20269,中证红利低波动全收益指数,红利低波全收益,CSI Dividend Low Volatility Total Return Index,CSI Dividend Low VolatilityTRI,,,,18709.96,189.36,1.02,3958165604.0,265.72,50.0,6.17,2023-05-18,6.17,265.72
20230519,H20269,中证红利低波动全收益指数,红利低波全收益,CSI Dividend Low Volatility Total Return Index,CSI Dividend Low VolatilityTRI,,,,18412.12,-297.85,-1.59,2973494338.0,208.87,50.0,6.08,2023-05-19,6.08,208.87
20230522,H20269,中证红利低波动全收益指数,红利低波全收益,CSI Dividend Low Volatility Total Return Index,CSI Dividend Low VolatilityTRI,,,,18385.41,-26.7,-0.15,2649605845.0,188.94,50.0,6.08,2023-05-22,6.08,188.94
20230523,H20269,中证红利低波动全收益指数,红利低波全收益,CSI Dividend Low Volatility Total Return Index,CSI Dividend Low VolatilityTRI,,,,18115.91,-269.5,-1.47,3265116346.0,208.04,50.0,5.95,2023-05-23,5.95,208.04
20230524,H20269,中证红利低波动全收益指数,红利低波全收益,CSI Dividend Low Volatility Total Return Index,CSI Dividend Low VolatilityTRI,,,,17863.15,-252.77,-1.4,4150056302.0,259.18,50.0,5.8,2023-05-24,5.8,259.18
20230525,H20269,中证红利低波动全收益指数,红利低波全收益,CSI Dividend Low Volatility Total Return Index,CSI Dividend Low VolatilityTRI,,,,17765.54,-97.61,-0.55,3126218368.0,208.18,50.0,5.79,2023-05-25,5.79,208.18
20230526,H20269,中证红利低波动全收益指数,红利低波全收益,CSI Dividend Low Volatility Total Return Index,CSI Dividend Low VolatilityTRI,,,,18016.92,251.38,1.42,2381942659.0,163.91,50.0,5.82,2023-05-26,5.82,163.91
20230529,H20269,中证红利低波动全收益指数,红利低波全收益,CSI Dividend Low Volatility Total Return Index,CSI Dividend Low VolatilityTRI,,,,18113.42,96.51,0.54,3111513939.0,218.63,50.0,5.94,2023-05-29,5.94,218.63
20230530,H20269,中证红利低波动全收益指数,红利低波全收益,CSI Dividend Low Volatility Total Return Index,CSI Dividend Low VolatilityTRI,,,,18184.61,71.19,0.39,3017726473.0,210.98,50.0,5.91,2023-05-30,5.91,210.98
20230531,H20269,中证红利低波动全收益指数,红利低波全收益,CSI Dividend Low Volatility Total Return Index,CSI Dividend Low VolatilityTRI,,,,18053.92,-130.69,-0.72,2615490403.0,201.18,50.0,5.85,2023-05-31,5.85,201.18
20230601,H20269,中证红利低波动全收益指数,红利低波全收益,CSI Dividend Low Volatility Total Return Index,CSI Dividend Low VolatilityTRI,,,,18137.73,83.81,0.46,2987516492.0,211.47,50.0,5.87,2023-06-01,5.87,211.47
20230602,H20269,中证红利低波动全收益指数,红利低波全收益,CSI Dividend Low Volatility Total Return Index,CSI Dividend Low VolatilityTRI,,,,18154.98,17.24,0.1,2514469911.0,190.18,50.0,5.89,2023-06-02,5.89,190.18
20230605,H20269,中证红利低波动全收益指数,红利低波全收益,CSI Dividend Low Volatility Total Return Index,CSI Dividend Low VolatilityTRI,,,,18356.64,201.66,1.11,2549777671.0,171.8,50.0,5.97,2023-06-05,5.97,171.8
20230606,H20269,中证红利低波动全收益指数,红利低波全收益,CSI Dividend Low Volatility Total Return Index,CSI Dividend Low VolatilityTRI,,,,18226.01,-130.63,-0.71,2769859322.0,198.94,50.0,5.97,2023-06-06,5.97,198.94
20230607,H20269,中证红利低波动全收益指数,红利低波全收益,CSI Dividend Low Volatility Total Return Index,CSI Dividend Low VolatilityTRI,,,,18394.02,168.01,0.92,2198182055.0,156.58,50.0,6.01,2023-06-07,6.01,156.58
20230608,H20269,中证红利低波动全收益指数,红利低波全收益,CSI Dividend Low Volatility Total Return Index,CSI Dividend Low VolatilityTRI,,,,18529.55,135.53,0.74,3060181504.0,216.93,50.0,6.13,2023-06-08,6.13,216.93
20230609,H20269,中证红利低波动全收益指数,红利低波全收益,CSI Dividend Low Volatility Total Return Index,CSI Dividend Low VolatilityTRI,,,,18543.1,13.55,0.07,2724064389.0,200.37,50.0,6.12,2023-06-09,6.12,200.37
20230612,H20269,中证红利低波动全收益指数,红利低波全收益,CSI Dividend Low Volatility Total Return Index,CSI Dividend Low VolatilityTRI,,,,18403.8,-139.3,-0.75,3019768295.0,219.39,50.0,6.05,2023-06-12,6.05,219.39
20230613,H20269,中证红利低波动全收益指数,红利低波全收益,CSI Dividend Low Volatility Total Return Index,CSI Dividend Low VolatilityTRI,,,,18385.43,-18.37,-0.1,2227611403.0,163.4,50.0,6.03,2023-06-13,6.03,163.4
20230614,H20269,中证红利低波动全收益指数,红利低波全收益,CSI Dividend Low Volatility Total Return Index,CSI Dividend Low VolatilityTRI,,,,18268.66,-116.76,-0.64,2983128682.0,205.43,50.0,5.95,2023-06-14,5.95,205.43
20230615,H20269,中证红利低波动全收益指数,红利低波全收益,CSI Dividend Low Volatility Total Return Index,CSI Dividend Low VolatilityTRI,,,,18298.7,30.04,0.16,2313801815.0,173.46,50.0,5.96,2023-06-15,5.96,173.46
20230616,H20269,中证红利低波动全收益指数,红利低波全收益,CSI Dividend Low Volatility Total Return Index,CSI Dividend Low VolatilityTRI,,,,18257.06,-41.65,-0.23,2558882176.0,192.7,50.0,5.94,2023-06-16,5.94,192.7
20230619,H20269,中证红利低波动全收益指数,红利低波全收益,CSI Dividend Low Volatility Total Return Index,CSI Dividend Low VolatilityTRI,,,,17994.06,-263.0,-1.44,2803395222.0,195.73,50.0,5.86,2023-06-19,5.86,195.73
20230620,H20269,中证红利低波动全收益指数,红利低波全收益,CSI Dividend Low Volatility Total Return Index,CSI Dividend Low VolatilityTRI,,,,17821.36,-172.7,-0.96,2288637634.0,161.16,50.0,5.8,2023-06-20,5.8,161.16
20230621,H20269,中证红利低波动全收益指数,红利低波全收益,CSI Dividend Low Volatility Total Return Index,CSI Dividend Low VolatilityTRI,,,,17672.57,-148.78,-0.83,2522620207.0,171.37,50.0,5.81,2023-06-21,5.81,171.37
20230626,H20269,中证红利低波动全收益指数,红利低波全收益,CSI Dividend Low Volatility Total Return Index,CSI Dividend Low VolatilityTRI,,,,17358.84,-313.73,-1.78,2661406646.0,175.71,50.0,5.72,2023-06-26,5.72,175.71
20230627,H20269,中证红利低波动全收益指数,红利低波全收益,CSI Dividend Low Volatility Total Return Index,CSI Dividend Low VolatilityTRI,,,,17704.36,345.52,1.99,2459133763.0,169.05,50.0,5.82,2023-06-27,5.82,169.05
20230628,H20269,中证红利低波动全收益指数,红利低波全收益,CSI Dividend Low Volatility Total Return Index,CSI Dividend Low VolatilityTRI,,,,17789.96,85.6,0.48,2030971460.0,148.83,50.0,5.82,2023-06-28,5.82,148.83
20230629,H20269,中证红利低波动全收益指数,红利低波全收益,CSI Dividend Low Volatility Total Return Index,CSI Dividend Low VolatilityTRI,,,,17743.6,-46.36,-0.26,1909682499.0,131.26,50.0,5.78,2023-06-29,5.78,131.26
20230630,H20269,中证红利低波动全收益指数,红利低波全收益,CSI Dividend Low Volatility Total Return Index,CSI Dividend Low VolatilityTRI,,,,17820.89,77.29,0.44,1890648794.0,130.16,50.0,5.81,2023-06-30,5.81,130.16
20230703,H20269,中证红利低波动全收益指数,红利低波全收益,CSI Dividend Low Volatility Total Return Index,CSI Dividend Low VolatilityTRI,,,,18068.74,247.85,1.39,2538515927.0,177.99,50.0,5.93,2023-07-03,5.93,177.99
20230704,H20269,中证红利低波动全收益指数,红利低波全收益,CSI Dividend Low Volatility Total Return Index,CSI Dividend Low VolatilityTRI,,,,17992.71,-76.02,-0.42,2155788587.0,153.78,50.0,5.88,2023-07-04,5.88,153.78
20230705,H20269,中证红利低波动全收益指数,红利低波全收益,CSI Dividend Low Volatility Total Return Index,CSI Dividend Low VolatilityTRI,,,,17961.34,-31.37,-0.17,1584484282.0,116.74,50.0,5.85,2023-07-05,5.85,116.74
20230706,H20269,中证红利低波动全收益指数,红利低波全收益,CSI Dividend Low Volatility Total Return Index,CSI Dividend Low VolatilityTRI,,,,17922.98,-38.36,-0.21,1851897729.0,123.48,50.0,5.8,2023-07-06,5.8,123.48
20230707,H20269,中证红利低波动全收益指数,红利低波全收益,CSI Dividend Low Volatility Total Return Index,CSI Dividend Low VolatilityTRI,,,,17967.91,44.93,0.25,1600138304.0,114.43,50.0,5.81,2023-07-07,5.81,114.43
20230710,H20269,中证红利低波动全收益指数,红利低波全收益,CSI Dividend Low Volatility Total Return Index,CSI Dividend Low VolatilityTRI,,,,18030.94,63.03,0.35,1450362895.0,108.92,50.0,5.79,2023-07-10,5.79,108.92
20230711,H20269,中证红利低波动全收益指数,红利低波全收益,CSI Dividend Low Volatility Total Return Index,CSI Dividend Low VolatilityTRI,,,,18071.18,40.24,0.22,1581359329.0,115.16,50.0,5.82,2023-07-11,5.82,115.16
20230712,H20269,中证红利低波动全收益指数,红利低波全收益,CSI Dividend Low Volatility Total Return Index,CSI Dividend Low VolatilityTRI,,,,18005.55,-65.62,-0.36,1969663379.0,148.5,50.0,5.83,2023-07-12,5.83,148.5
20230713,H20269,中证红利低波动全收益指数,红利低波全收益,CSI Dividend Low Volatility Total Return Index,CSI Dividend Low VolatilityTRI,,,,18275.35,269.8,1.5,2411941656.0,168.37,50.0,5.94,2023-07-13,5.94,168.37
20230714,H20269,中证红利低波动全收益指数,红利低波全收益,CSI Dividend Low Volatility Total Return Index,CSI Dividend Low VolatilityTRI,,,,18319.3,43.94,0.24,2247996892.0,154.56,50.0,5.95,2023-07-14,5.95,154.56
20230717,H20269,中证红利低波动全收益指数,红利低波全收益,CSI Dividend Low Volatility Total Return Index,CSI Dividend Low VolatilityTRI,,,,18190.08,-129.21,-0.71,2025363434.0,134.21,50.0,5.76,2023-07-17,5.76,134.21
20230718,H20269,中证红利低波动全收益指数,红利低波全收益,CSI Dividend Low Volatility Total Return Index,CSI Dividend Low VolatilityTRI,,,,18157.24,-32.84,-0.18,1863138293.0,121.51,50.0,5.68,2023-07-18,5.68,121.51
20230719,H20269,中证红利低波动全收益指数,红利低波全收益,CSI Dividend Low Volatility Total Return Index,CSI Dividend Low VolatilityTRI,,,,18302.31,145.07,0.8,1616750710.0,117.72,50.0,5.71,2023-07-19,5.71,117.72
20230720,H20269,中证红利低波动全收益指数,红利低波全收益,CSI Dividend Low Volatility Total Return Index,CSI Dividend Low VolatilityTRI,,,,18198.21,-104.1,-0.57,1744025449.0,126.91,50.0,5.68,2023-07-20,5.68,126.91
20230721,H20269,中证红利低波动全收益指数,红利低波全收益,CSI Dividend Low Volatility Total Return Index,CSI Dividend Low VolatilityTRI,,,,18184.59,-13.61,-0.07,1530466737.0,107.74,50.0,5.67,2023-07-21,5.67,107.74
20230724,H20269,中证红利低波动全收益指数,红利低波全收益,CSI Dividend Low Volatility Total Return Index,CSI Dividend Low VolatilityTRI,,,,18199.34,14.75,0.08,1433884916.0,98.16,50.0,5.66,2023-07-24,5.66,98.16
20230725,H20269,中证红利低波动全收益指数,红利低波全收益,CSI Dividend Low Volatility Total Return Index,CSI Dividend Low VolatilityTRI,,,,18541.79,342.45,1.88,2971002832.0,216.68,50.0,5.78,2023-07-25,5.78,216.68
20230726,H20269,中证红利低波动全收益指数,红利低波全收益,CSI Dividend Low Volatility Total Return Index,CSI Dividend Low VolatilityTRI,,,,18503.99,-37.81,-0.2,1903459520.0,136.89,50.0,5.74,2023-07-26,5.74,136.89
20230727,H20269,中证红利低波动全收益指数,红利低波全收益,CSI Dividend Low Volatility Total Return Index,CSI Dividend Low VolatilityTRI,,,,18538.48,34.5,0.19,2745326227.0,181.99,50.0,5.78,2023-07-27,5.78,181.99
20230728,H20269,中证红利低波动全收益指数,红利低波全收益,CSI Dividend Low Volatility Total Return Index,CSI Dividend Low VolatilityTRI,,,,18829.32,290.84,1.57,3468542815.0,239.58,50.0,5.89,2023-07-28,5.89,239.58
20230731,H20269,中证红利低波动全收益指数,红利低波全收益,CSI Dividend Low Volatility Total Return Index,CSI Dividend Low VolatilityTRI,,,,18996.9,167.58,0.89,3658589253.0,263.51,50.0,5.89,2023-07-31,5.89,263.51
20230801,H20269,中证红利低波动全收益指数,红利低波全收益,CSI Dividend Low Volatility Total Return Index,CSI Dividend Low VolatilityTRI,,,,19038.2,41.3,0.22,2507604613.0,173.75,50.0,5.92,2023-08-01,5.92,173.75
20230802,H20269,中证红利低波动全收益指数,红利低波全收益,CSI Dividend Low Volatility Total Return Index,CSI Dividend Low VolatilityTRI,,,,18784.67,-253.53,-1.33,3422531053.0,220.38,50.0,5.75,2023-08-02,5.75,220.38
20230803,H20269,中证红利低波动全收益指数,红利低波全收益,CSI Dividend Low Volatility Total Return Index,CSI Dividend Low VolatilityTRI,,,,18811.7,27.03,0.14,2494906841.0,162.21,50.0,5.78,2023-08-03,5.78,162.21
20230804,H20269,中证红利低波动全收益指数,红利低波全收益,CSI Dividend Low Volatility Total Return Index,CSI Dividend Low VolatilityTRI,,,,18846.28,34.58,0.18,2728051048.0,184.5,50.0,5.8,2023-08-04,5.8,184.5
20230807,H20269,中证红利低波动全收益指数,红利低波全收益,CSI Dividend Low Volatility Total Return Index,CSI Dividend Low VolatilityTRI,,,,18725.44,-120.84,-0.64,2230281045.0,149.57,50.0,5.78,2023-08-07,5.78,149.57
20230808,H20269,中证红利低波动全收益指数,红利低波全收益,CSI Dividend Low Volatility Total Return Index,CSI Dividend Low VolatilityTRI,,,,18714.06,-11.38,-0.06,1744671361.0,124.7,50.0,5.77,2023-08-08,5.77,124.7
20230809,H20269,中证红利低波动全收益指数,红利低波全收益,CSI Dividend Low Volatility Total Return Index,CSI Dividend Low VolatilityTRI,,,,18588.02,-126.04,-0.67,1506510444.0,104.77,50.0,5.77,2023-08-09,5.77,104.77
20230810,H20269,中证红利低波动全收益指数,红利低波全收益,CSI Dividend Low Volatility Total Return Index,CSI Dividend Low VolatilityTRI,,,,18618.65,30.63,0.16,1554354957.0,121.87,50.0,5.79,2023-08-10,5.79,121.87
20230811,H20269,中证红利低波动全收益指数,红利低波全收益,CSI Dividend Low Volatility Total Return Index,CSI Dividend Low VolatilityTRI,,,,18328.76,-289.89,-1.56,2109026093.0,140.78,50.0,5.69,2023-08-11,5.69,140.78
20230814,H20269,中证红利低波动全收益指数,红利低波全收益,CSI Dividend Low Volatility Total Return Index,CSI Dividend Low VolatilityTRI,,,,18337.14,8.38,0.05,2079204398.0,138.38,50.0,5.66,2023-08-14,5.66,138.38
20230815,H20269,中证红利低波动全收益指数,红利低波全收益,CSI Dividend Low Volatility Total Return Index,CSI Dividend Low VolatilityTRI,,,,18432.69,95.55,0.52,2040966069.0,126.17,50.0,5.73,2023-08-15,5.73,126.17
20230816,H20269,中证红利低波动全收益指数,红利低波全收益,CSI Dividend Low Volatility Total Return Index,CSI Dividend Low VolatilityTRI,,,,18368.02,-64.67,-0.35,1653946268.0,108.53,50.0,5.7,2023-08-16,5.7,108.53
20230817,H20269,中证红利低波动全收益指数,红利低波全收益,CSI Dividend Low Volatility Total Return Index,CSI Dividend Low VolatilityTRI,,,,18349.63,-18.39,-0.1,1881771693.0,122.57,50.0,5.68,2023-08-17,5.68,122.57
20230818,H20269,中证红利低波动全收益指数,红利低波全收益,CSI Dividend Low Volatility Total Return Index,CSI Dividend Low VolatilityTRI,,,,18271.4,-78.23,-0.43,2054655061.0,133.12,50.0,5.68,2023-08-18,5.68,133.12
20230821,H20269,中证红利低波动全收益指数,红利低波全收益,CSI Dividend Low Volatility Total Return Index,CSI Dividend Low VolatilityTRI,,,,18155.03,-116.37,-0.64,2031821747.0,135.12,50.0,5.61,2023-08-21,5.61,135.12
20230822,H20269,中证红利低波动全收益指数,红利低波全收益,CSI Dividend Low Volatility Total Return Index,CSI Dividend Low VolatilityTRI,,,,18386.91,231.87,1.28,2247869022.0,154.11,50.0,5.7,2023-08-22,5.7,154.11
20230823,H20269,中证红利低波动全收益指数,红利低波全收益,CSI Dividend Low Volatility Total Return Index,CSI Dividend Low VolatilityTRI,,,,18365.43,-21.47,-0.12,2052242750.0,142.58,50.0,5.71,2023-08-23,5.71,142.58
20230824,H20269,中证红利低波动全收益指数,红利低波全收益,CSI Dividend Low Volatility Total Return Index,CSI Dividend Low VolatilityTRI,,,,18260.87,-104.56,-0.57,2256456769.0,147.29,50.0,5.66,2023-08-24,5.66,147.29
20230825,H20269,中证红利低波动全收益指数,红利低波全收益,CSI Dividend Low Volatility Total Return Index,CSI Dividend Low VolatilityTRI,,,,18264.44,3.56,0.02,2124681243.0,136.1,50.0,5.69,2023-08-25,5.69,136.1
20230828,H20269,中证红利低波动全收益指数,红利低波全收益,CSI Dividend Low Volatility Total Return Index,CSI Dividend Low VolatilityTRI,,,,18510.75,246.31,1.35,3943580172.0,277.8,50.0,5.78,2023-08-28,5.78,277.8
20230829,H20269,中证红利低波动全收益指数,红利低波全收益,CSI Dividend Low Volatility Total Return Index,CSI Dividend Low VolatilityTRI,,,,18493.83,-16.92,-0.09,3158360180.0,211.18,50.0,5.71,2023-08-29,5.71,211.18
20230830,H20269,中证红利低波动全收益指数,红利低波全收益,CSI Dividend Low Volatility Total Return Index,CSI Dividend Low VolatilityTRI,,,,18340.38,-153.45,-0.83,2471656241.0,171.5,50.0,5.68,2023-08-30,5.68,171.5
20230831,H20269,中证红利低波动全收益指数,红利低波全收益,CSI Dividend Low Volatility Total Return Index,CSI Dividend Low VolatilityTRI,,,,18206.35,-134.03,-0.73,2375709594.0,169.63,50.0,5.67,2023-08-31,5.67,169.63
20230901,H20269,中证红利低波动全收益指数,红利低波全收益,CSI Dividend Low Volatility Total Return Index,CSI Dividend Low VolatilityTRI,,,,18342.59,136.25,0.75,2519756379.0,185.44,50.0,5.68,2023-09-01,5.68,185.44
20230904,H20269,中证红利低波动全收益指数,红利低波全收益,CSI Dividend Low Volatility Total Return Index,CSI Dividend Low VolatilityTRI,,,,18705.11,362.52,1.98,3375277859.0,252.32,50.0,5.78,2023-09-04,5.78,252.32
20230905,H20269,中证红利低波动全收益指数,红利低波全收益,CSI Dividend Low Volatility Total Return Index,CSI Dividend Low VolatilityTRI,,,,18502.33,-202.79,-1.08,2216329685.0,167.68,50.0,5.75,2023-09-05,5.75,167.68
20230906,H20269,中证红利低波动全收益指数,红利低波全收益,CSI Dividend Low Volatility Total Return Index,CSI Dividend Low VolatilityTRI,,,,18465.67,-36.66,-0.2,1885423769.0,141.3,50.0,5.77,2023-09-06,5.77,141.3
20230907,H20269,中证红利低波动全收益指数,红利低波全收益,CSI Dividend Low Volatility Total Return Index,CSI Dividend Low VolatilityTRI,,,,18405.75,-59.91,-0.32,2148599196.0,153.07,50.0,5.78,2023-09-07,5.78,153.07
20230908,H20269,中证红利低波动全收益指数,红利低波全收益,CSI Dividend Low Volatility Total Return Index,CSI Dividend Low VolatilityTRI,,,,18288.4,-117.35,-0.64,1483433827.0,104.23,50.0,5.73,2023-09-08,5.73,104.23
20230911,H20269,中证红利低波动全收益指数,红利低波全收益,CSI Dividend Low Volatility Total Return Index,CSI Dividend Low VolatilityTRI,,,,18444.26,155.86,0.85,2180462973.0,152.63,50.0,5.75,2023-09-11,5.75,152.63
20230912,H20269,中证红利低波动全收益指数,红利低波全收益,CSI Dividend Low Volatility Total Return Index,CSI Dividend Low VolatilityTRI,,,,18409.97,-34.3,-0.19,1527129333.0,109.19,50.0,5.74,2023-09-12,5.74,109.19
20230913,H20269,中证红利低波动全收益指数,红利低波全收益,CSI Dividend Low Volatility Total Return Index,CSI Dividend Low VolatilityTRI,,,,18460.5,50.53,0.27,2011306706.0,137.86,50.0,5.78,2023-09-13,5.78,137.86
20230914,H20269,中证红利低波动全收益指数,红利低波全收益,CSI Dividend Low Volatility Total Return Index,CSI Dividend Low VolatilityTRI,,,,18606.39,145.89,0.79,2927407402.0,198.31,50.0,5.85,2023-09-14,5.85,198.31
20230915,H20269,中证红利低波动全收益指数,红利低波全收益,CSI Dividend Low Volatility Total Return Index,CSI Dividend Low VolatilityTRI,,,,18605.8,-0.59,0.0,2989174750.0,207.97,50.0,5.8,2023-09-15,5.8,207.97
20230918,H20269,中证红利低波动全收益指数,红利低波全收益,CSI Dividend Low Volatility Total Return Index,CSI Dividend Low VolatilityTRI,,,,18586.53,-19.27,-0.1,2119121289.0,147.71,50.0,5.8,2023-09-18,5.8,147.71
20230919,H20269,中证红利低波动全收益指数,红利低波全收益,CSI Dividend Low Volatility Total Return Index,CSI Dividend Low VolatilityTRI,,,,18709.54,123.01,0.66,2548918726.0,177.38,50.0,5.86,2023-09-19,5.86,177.38
20230920,H20269,中证红利低波动全收益指数,红利低波全收益,CSI Dividend Low Volatility Total Return Index,CSI Dividend Low VolatilityTRI,,,,18770.1,60.56,0.32,2477026436.0,166.53,50.0,5.87,2023-09-20,5.87,166.53
20230921,H20269,中证红利低波动全收益指数,红利低波全收益,CSI Dividend Low Volatility Total Return Index,CSI Dividend Low VolatilityTRI,,,,18621.21,-148.89,-0.79,2203189762.0,145.9,50.0,5.82,2023-09-21,5.82,145.9
20230922,H20269,中证红利低波动全收益指数,红利低波全收益,CSI Dividend Low Volatility Total Return Index,CSI Dividend Low VolatilityTRI,,,,18763.67,142.46,0.77,2614137259.0,179.09,50.0,5.88,2023-09-22,5.88,179.09
20230925,H20269,中证红利低波动全收益指数,红利低波全收益,CSI Dividend Low Volatility Total Return Index,CSI Dividend Low VolatilityTRI,,,,18723.22,-40.45,-0.22,2370360060.0,156.31,50.0,5.87,2023-09-25,5.87,156.31
20230926,H20269,中证红利低波动全收益指数,红利低波全收益,CSI Dividend Low Volatility Total Return Index,CSI Dividend Low VolatilityTRI,,,,18682.0,-41.22,-0.22,1913532372.0,124.1,50.0,5.84,2023-09-26,5.84,124.1
20230927,H20269,中证红利低波动全收益指数,红利低波全收益,CSI Dividend Low Volatility Total Return Index,CSI Dividend Low VolatilityTRI,,,,18631.65,-50.35,-0.27,2142402466.0,140.06,50.0,5.81,2023-09-27,5.81,140.06
20230928,H20269,中证红利低波动全收益指数,红利低波全收益,CSI Dividend Low Volatility Total Return Index,CSI Dividend Low VolatilityTRI,,,,18620.74,-10.91,-0.06,1890397690.0,127.96,50.0,5.82,2023-09-28,5.82,127.96
20231009,H20269,中证红利低波动全收益指数,红利低波全收益,CSI Dividend Low Volatility Total Return Index,CSI Dividend Low VolatilityTRI,,,,18553.39,-67.35,-0.36,2367258879.0,161.06,50.0,5.81,2023-10-09,5.81,161.06
20231010,H20269,中证红利低波动全收益指数,红利低波全收益,CSI Dividend Low Volatility Total Return Index,CSI Dividend Low VolatilityTRI,,,,18361.19,-192.2,-1.04,2280391651.0,152.92,50.0,5.76,2023-10-10,5.76,152.92
20231011,H20269,中证红利低波动全收益指数,红利低波全收益,CSI Dividend Low Volatility Total Return Index,CSI Dividend Low VolatilityTRI,,,,18317.14,-44.04,-0.24,2427923184.0,156.73,50.0,5.75,2023-10-11,5.75,156.73
20231012,H20269,中证红利低波动全收益指数,红利低波全收益,CSI Dividend Low Volatility Total Return Index,CSI Dividend Low VolatilityTRI,,,,18548.98,231.84,1.27,3568451715.0,206.48,50.0,5.82,2023-10-12,5.82,206.48
20231013,H20269,中证红利低波动全收益指数,红利低波全收益,CSI Dividend Low Volatility Total Return Index,CSI Dividend Low VolatilityTRI,,,,18516.55,-32.42,-0.17,3003100158.0,175.28,50.0,5.85,2023-10-13,5.85,175.28
20231016,H20269,中证红利低波动全收益指数,红利低波全收益,CSI Dividend Low Volatility Total Return Index,CSI Dividend Low VolatilityTRI,,,,18610.86,94.31,0.51,2304165464.0,150.35,50.0,5.88,2023-10-16,5.88,150.35
20231017,H20269,中证红利低波动全收益指数,红利低波全收益,CSI Dividend Low Volatility Total Return Index,CSI Dividend Low VolatilityTRI,,,,18702.97,92.11,0.49,1952199445.0,137.35,50.0,5.92,2023-10-17,5.92,137.35
20231018,H20269,中证红利低波动全收益指数,红利低波全收益,CSI Dividend Low Volatility Total Return Index,CSI Dividend Low VolatilityTRI,,,,18606.48,-96.49,-0.52,2481474623.0,168.37,50.0,5.92,2023-10-18,5.92,168.37
20231019,H20269,中证红利低波动全收益指数,红利低波全收益,CSI Dividend Low Volatility Total Return Index,CSI Dividend Low VolatilityTRI,,,,18254.38,-352.11,-1.89,3060598219.0,202.93,50.0,5.79,2023-10-19,5.79,202.93
20231020,H20269,中证红利低波动全收益指数,红利低波全收益,CSI Dividend Low Volatility Total Return Index,CSI Dividend Low VolatilityTRI,,,,18137.25,-117.13,-0.64,2294642589.0,147.14,50.0,5.75,2023-10-20,5.75,147.14
20231023,H20269,中证红利低波动全收益指数,红利低波全收益,CSI Dividend Low Volatility Total Return Index,CSI Dividend Low VolatilityTRI,,,,17872.9,-264.35,-1.46,2200946136.0,140.14,50.0,5.71,2023-10-23,5.71,140.14
20231024,H20269,中证红利低波动全收益指数,红利低波全收益,CSI Dividend Low Volatility Total Return Index,CSI Dividend Low VolatilityTRI,,,,18015.04,142.14,0.8,2672088941.0,170.71,50.0,5.69,2023-10-24,5.69,170.71
20231025,H20269,中证红利低波动全收益指数,红利低波全收益,CSI Dividend Low Volatility Total Return Index,CSI Dividend Low VolatilityTRI,,,,18202.86,187.82,1.04,3290827506.0,215.26,50.0,5.64,2023-10-25,5.64,215.26
20231026,H20269,中证红利低波动全收益指数,红利低波全收益,CSI Dividend Low Volatility Total Return Index,CSI Dividend Low VolatilityTRI,,,,18288.44,85.58,0.47,2529086104.0,162.08,50.0,5.7,2023-10-26,5.7,162.08
20231027,H20269,中证红利低波动全收益指数,红利低波全收益,CSI Dividend Low Volatility Total Return Index,CSI Dividend Low VolatilityTRI,,,,18340.11,51.67,0.28,2889623149.0,192.23,50.0,5.7,2023-10-27,5.7,192.23
20231030,H20269,中证红利低波动全收益指数,红利低波全收益,CSI Dividend Low Volatility Total Return Index,CSI Dividend Low VolatilityTRI,,,,18025.33,-314.78,-1.72,3962491786.0,242.72,50.0,5.57,2023-10-30,5.57,242.72
20231031,H20269,中证红利低波动全收益指数,红利低波全收益,CSI Dividend Low Volatility Total Return Index,CSI Dividend Low VolatilityTRI,,,,18053.45,28.12,0.16,2705245071.0,182.88,50.0,5.6,2023-10-31,5.6,182.88
20231101,H20269,中证红利低波动全收益指数,红利低波全收益,CSI Dividend Low Volatility Total Return Index,CSI Dividend Low VolatilityTRI,,,,18056.76,3.31,0.02,2264734175.0,145.64,50.0,5.62,2023-11-01,5.62,145.64
20231102,H20269,中证红利低波动全收益指数,红利低波全收益,CSI Dividend Low Volatility Total Return Index,CSI Dividend Low VolatilityTRI,,,,18109.21,52.46,0.29,2230747571.0,148.07,50.0,5.66,2023-11-02,5.66,148.07
20231103,H20269,中证红利低波动全收益指数,红利低波全收益,CSI Dividend Low Volatility Total Return Index,CSI Dividend Low VolatilityTRI,,,,18015.67,-93.54,-0.52,2125257301.0,135.09,50.0,5.63,2023-11-03,5.63,135.09
20231106,H20269,中证红利低波动全收益指数,红利低波全收益,CSI Dividend Low Volatility Total Return Index,CSI Dividend Low VolatilityTRI,,,,17989.36,-26.32,-0.15,3341208722.0,217.92,50.0,5.57,2023-11-06,5.57,217.92
20231107,H20269,中证红利低波动全收益指数,红利低波全收益,CSI Dividend Low Volatility Total Return Index,CSI Dividend Low VolatilityTRI,,,,17999.16,9.8,0.05,2262432538.0,150.3,50.0,5.58,2023-11-07,5.58,150.3
20231108,H20269,中证红利低波动全收益指数,红利低波全收益,CSI Dividend Low Volatility Total Return Index,CSI Dividend Low VolatilityTRI,,,,18008.45,9.29,0.05,2137749657.0,152.49,50.0,5.56,2023-11-08,5.56,152.49
20231109,H20269,中证红利低波动全收益指数,红利低波全收益,CSI Dividend Low Volatility Total Return Index,CSI Dividend Low VolatilityTRI,,,,18058.5,50.06,0.28,2463187643.0,170.89,50.0,5.62,2023-11-09,5.62,170.89
20231110,H20269,中证红利低波动全收益指数,红利低波全收益,CSI Dividend Low Volatility Total Return Index,CSI Dividend Low VolatilityTRI,,,,17932.34,-126.17,-0.7,2236846489.0,149.09,50.0,5.61,2023-11-10,5.61,149.09
20231113,H20269,中证红利低波动全收益指数,红利低波全收益,CSI Dividend Low Volatility Total Return Index,CSI Dividend Low VolatilityTRI,,,,18017.11,84.77,0.47,2062231946.0,146.58,50.0,5.61,2023-11-13,5.61,146.58
20231114,H20269,中证红利低波动全收益指数,红利低波全收益,CSI Dividend Low Volatility Total Return Index,CSI Dividend Low VolatilityTRI,,,,18017.46,0.35,0.0,1986412632.0,137.21,50.0,5.6,2023-11-14,5.6,137.21
20231115,H20269,中证红利低波动全收益指数,红利低波全收益,CSI Dividend Low Volatility Total Return Index,CSI Dividend Low VolatilityTRI,,,,18151.72,134.26,0.75,1956306464.0,137.58,50.0,5.63,2023-11-15,5.63,137.58
20231116,H20269,中证红利低波动全收益指数,红利低波全收益,CSI Dividend Low Volatility Total Return Index,CSI Dividend Low VolatilityTRI,,,,18153.41,1.7,0.01,1816751975.0,122.68,50.0,5.63,2023-11-16,5.63,122.68
20231117,H20269,中证红利低波动全收益指数,红利低波全收益,CSI Dividend Low Volatility Total Return Index,CSI Dividend Low VolatilityTRI,,,,18110.14,-43.28,-0.24,1726549456.0,120.97,50.0,5.6,2023-11-17,5.6,120.97
20231120,H20269,中证红利低波动全收益指数,红利低波全收益,CSI Dividend Low Volatility Total Return Index,CSI Dividend Low VolatilityTRI,,,,18144.61,34.47,0.19,1727395923.0,120.08,50.0,5.63,2023-11-20,5.63,120.08
20231121,H20269,中证红利低波动全收益指数,红利低波全收益,CSI Dividend Low Volatility Total Return Index,CSI Dividend Low VolatilityTRI,,,,18218.82,74.21,0.41,2111029323.0,142.12,50.0,5.64,2023-11-21,5.64,142.12
20231122,H20269,中证红利低波动全收益指数,红利低波全收益,CSI Dividend Low Volatility Total Return Index,CSI Dividend Low VolatilityTRI,,,,18190.21,-28.61,-0.16,1553012472.0,106.54,50.0,5.63,2023-11-22,5.63,106.54
20231123,H20269,中证红利低波动全收益指数,红利低波全收益,CSI Dividend Low Volatility Total Return Index,CSI Dividend Low VolatilityTRI,,,,18259.71,69.5,0.38,1543889922.0,106.09,50.0,5.64,2023-11-23,5.64,106.09
20231124,H20269,中证红利低波动全收益指数,红利低波全收益,CSI Dividend Low Volatility Total Return Index,CSI Dividend Low VolatilityTRI,,,,18254.69,-5.01,-0.03,1730490576.0,119.23,50.0,5.64,2023-11-24,5.64,119.23
20231127,H20269,中证红利低波动全收益指数,红利低波全收益,CSI Dividend Low Volatility Total Return Index,CSI Dividend Low VolatilityTRI,,,,18168.21,-86.49,-0.47,2343397491.0,150.77,50.0,5.62,2023-11-27,5.62,150.77
20231128,H20269,中证红利低波动全收益指数,红利低波全收益,CSI Dividend Low Volatility Total Return Index,CSI Dividend Low VolatilityTRI,,,,18154.42,-13.79,-0.08,1799601399.0,119.52,50.0,5.61,2023-11-28,5.61,119.52
20231129,H20269,中证红利低波动全收益指数,红利低波全收益,CSI Dividend Low Volatility Total Return Index,CSI Dividend Low VolatilityTRI,,,,17987.14,-167.28,-0.92,2232447378.0,145.39,50.0,5.58,2023-11-29,5.58,145.39
20231130,H20269,中证红利低波动全收益指数,红利低波全收益,CSI Dividend Low Volatility Total Return Index,CSI Dividend Low VolatilityTRI,,,,18057.09,69.95,0.39,2191983498.0,141.52,50.0,5.63,2023-11-30,5.63,141.52
20231201,H20269,中证红利低波动全收益指数,红利低波全收益,CSI Dividend Low Volatility Total Return Index,CSI Dividend Low VolatilityTRI,,,,18145.63,88.53,0.49,2318097047.0,153.3,50.0,5.64,2023-12-01,5.64,153.3
20231204,H20269,中证红利低波动全收益指数,红利低波全收益,CSI Dividend Low Volatility Total Return Index,CSI Dividend Low VolatilityTRI,,,,18181.51,35.88,0.2,1840769633.0,127.01,50.0,5.63,2023-12-04,5.63,127.01
20231205,H20269,中证红利低波动全收益指数,红利低波全收益,CSI Dividend Low Volatility Total Return Index,CSI Dividend Low VolatilityTRI,,,,17889.74,-291.76,-1.6,2025543819.0,135.4,50.0,5.56,2023-12-05,5.56,135.4
20231206,H20269,中证红利低波动全收益指数,红利低波全收益,CSI Dividend Low Volatility Total Return Index,CSI Dividend Low VolatilityTRI,,,,17865.41,-24.33,-0.14,2683627197.0,162.96,50.0,5.49,2023-12-06,5.49,162.96
20231207,H20269,中证红利低波动全收益指数,红利低波全收益,CSI Dividend Low Volatility Total Return Index,CSI Dividend Low VolatilityTRI,,,,17897.95,32.54,0.18,2461622075.0,157.34,50.0,5.5,2023-12-07,5.5,157.34
20231208,H20269,中证红利低波动全收益指数,红利低波全收益,CSI Dividend Low Volatility Total Return Index,CSI Dividend Low VolatilityTRI,,,,17837.49,-60.45,-0.34,3245857024.0,200.59,50.0,5.51,2023-12-08,5.51,200.59
20231211,H20269,中证红利低波动全收益指数,红利低波全收益,CSI Dividend Low Volatility Total Return Index,CSI Dividend Low VolatilityTRI,,,,18076.31,238.82,1.34,3436724541.0,205.29,50.0,5.29,2023-12-11,5.29,205.29
20231212,H20269,中证红利低波动全收益指数,红利低波全收益,CSI Dividend Low Volatility Total Return Index,CSI Dividend Low VolatilityTRI,,,,18185.31,109.0,0.6,2605069047.0,154.14,50.0,5.35,2023-12-12,5.35,154.14
20231213,H20269,中证红利低波动全收益指数,红利低波全收益,CSI Dividend Low Volatility Total Return Index,CSI Dividend Low VolatilityTRI,,,,18038.89,-146.42,-0.81,2018832406.0,121.23,50.0,5.31,2023-12-13,5.31,121.23
20231214,H20269,中证红利低波动全收益指数,红利低波全收益,CSI Dividend Low Volatility Total Return Index,CSI Dividend Low VolatilityTRI,,,,18014.19,-24.7,-0.14,1697057228.0,106.42,50.0,5.3,2023-12-14,5.3,106.42
20231215,H20269,中证红利低波动全收益指数,红利低波全收益,CSI Dividend Low Volatility Total Return Index,CSI Dividend Low VolatilityTRI,,,,17900.81,-113.38,-0.63,2099206089.0,126.12,50.0,5.26,2023-12-15,5.26,126.12
20231218,H20269,中证红利低波动全收益指数,红利低波全收益,CSI Dividend Low Volatility Total Return Index,CSI Dividend Low VolatilityTRI,,,,17887.23,-13.58,-0.08,2207503076.0,124.76,50.0,5.29,2023-12-18,5.29,124.76
20231219,H20269,中证红利低波动全收益指数,红利低波全收益,CSI Dividend Low Volatility Total Return Index,CSI Dividend Low VolatilityTRI,,,,17876.87,-10.36,-0.06,1793964969.0,102.03,50.0,5.3,2023-12-19,5.3,102.03
20231220,H20269,中证红利低波动全收益指数,红利低波全收益,CSI Dividend Low Volatility Total Return Index,CSI Dividend Low VolatilityTRI,,,,17843.15,-33.72,-0.19,2042121667.0,120.29,50.0,5.29,2023-12-20,5.29,120.29
20231221,H20269,中证红利低波动全收益指数,红利低波全收益,CSI Dividend Low Volatility Total Return Index,CSI Dividend Low VolatilityTRI,,,,17796.71,-46.45,-0.26,2311598618.0,136.25,50.0,5.29,2023-12-21,5.29,136.25
20231222,H20269,中证红利低波动全收益指数,红利低波全收益,CSI Dividend Low Volatility Total Return Index,CSI Dividend Low VolatilityTRI,,,,17802.69,5.99,0.03,2385803195.0,150.19,50.0,5.31,2023-12-22,5.31,150.19
20231225,H20269,中证红利低波动全收益指数,红利低波全收益,CSI Dividend Low Volatility Total Return Index,CSI Dividend Low VolatilityTRI,,,,17810.13,7.43,0.04,1666086165.0,105.36,50.0,5.34,2023-12-25,5.34,105.36
20231226,H20269,中证红利低波动全收益指数,红利低波全收益,CSI Dividend Low Volatility Total Return Index,CSI Dividend Low VolatilityTRI,,,,17792.02,-18.11,-0.1,1852954132.0,125.73,50.0,5.35,2023-12-26,5.35,125.73
20231227,H20269,中证红利低波动全收益指数,红利低波全收益,CSI Dividend Low Volatility Total Return Index,CSI Dividend Low VolatilityTRI,,,,17918.39,126.37,0.71,2179296148.0,134.11,50.0,5.39,2023-12-27,5.39,134.11
20231228,H20269,中证红利低波动全收益指数,红利低波全收益,CSI Dividend Low Volatility Total Return Index,CSI Dividend Low VolatilityTRI,,,,17849.55,-68.84,-0.38,3388593431.0,201.86,50.0,5.35,2023-12-28,5.35,201.86
20231229,H20269,中证红利低波动全收益指数,红利低波全收益,CSI Dividend Low Volatility Total Return Index,CSI Dividend Low VolatilityTRI,,,,17954.84,105.29,0.59,2313974942.0,144.25,50.0,5.38,2023-12-29,5.38,144.25
20240102,H20269,中证红利低波动全收益指数,红利低波全收益,CSI Dividend Low Volatility Total Return Index,CSI Dividend Low VolatilityTRI,,,,18146.64,191.8,1.07,2806142960.0,184.86,50.0,5.41,2024-01-02,5.41,184.86
20240103,H20269,中证红利低波动全收益指数,红利低波全收益,CSI Dividend Low Volatility Total Return Index,CSI Dividend Low VolatilityTRI,,,,18375.26,228.62,1.26,2824604907.0,178.91,50.0,5.47,2024-01-03,5.47,178.91
20240104,H20269,中证红利低波动全收益指数,红利低波全收益,CSI Dividend Low Volatility Total Return Index,CSI Dividend Low VolatilityTRI,,,,18524.52,149.26,0.81,2883549934.0,187.27,50.0,5.54,2024-01-04,5.54,187.27
20240105,H20269,中证红利低波动全收益指数,红利低波全收益,CSI Dividend Low Volatility Total Return Index,CSI Dividend Low VolatilityTRI,,,,18587.56,63.04,0.34,3837493460.0,239.67,50.0,5.54,2024-01-05,5.54,239.67
20240108,H20269,中证红利低波动全收益指数,红利低波全收益,CSI Dividend Low Volatility Total Return Index,CSI Dividend Low VolatilityTRI,,,,18416.46,-171.1,-0.92,2941859252.0,187.7,50.0,5.52,2024-01-08,5.52,187.7
20240109,H20269,中证红利低波动全收益指数,红利低波全收益,CSI Dividend Low Volatility Total Return Index,CSI Dividend Low VolatilityTRI,,,,18528.07,111.61,0.61,2590305162.0,161.68,50.0,5.53,2024-01-09,5.53,161.68
20240110,H20269,中证红利低波动全收益指数,红利低波全收益,CSI Dividend Low Volatility Total Return Index,CSI Dividend Low VolatilityTRI,,,,18396.9,-131.17,-0.71,2083130133.0,131.47,50.0,5.49,2024-01-10,5.49,131.47
20240111,H20269,中证红利低波动全收益指数,红利低波全收益,CSI Dividend Low Volatility Total Return Index,CSI Dividend Low VolatilityTRI,,,,18280.71,-116.19,-0.63,2749910171.0,167.68,50.0,5.42,2024-01-11,5.42,167.68
20240112,H20269,中证红利低波动全收益指数,红利低波全收益,CSI Dividend Low Volatility Total Return Index,CSI Dividend Low VolatilityTRI,,,,18352.9,72.19,0.39,2162454195.0,130.0,50.0,5.45,2024-01-12,5.45,130.0
20240115,H20269,中证红利低波动全收益指数,红利低波全收益,CSI Dividend Low Volatility Total Return Index,CSI Dividend Low VolatilityTRI,,,,18486.62,133.73,0.73,2026776773.0,128.97,50.0,5.5,2024-01-15,5.5,128.97
20240116,H20269,中证红利低波动全收益指数,红利低波全收益,CSI Dividend Low Volatility Total Return Index,CSI Dividend Low VolatilityTRI,,,,18583.82,97.2,0.53,2746326233.0,167.29,50.0,5.53,2024-01-16,5.53,167.29
20240117,H20269,中证红利低波动全收益指数,红利低波全收益,CSI Dividend Low Volatility Total Return Index,CSI Dividend Low VolatilityTRI,,,,18341.88,-241.94,-1.3,2902907547.0,180.72,50.0,5.47,2024-01-17,5.47,180.72
20240118,H20269,中证红利低波动全收益指数,红利低波全收益,CSI Dividend Low Volatility Total Return Index,CSI Dividend Low VolatilityTRI,,,,18210.3,-131.58,-0.72,4871795806.0,280.86,50.0,5.46,2024-01-18,5.46,280.86
20240119,H20269,中证红利低波动全收益指数,红利低波全收益,CSI Dividend Low Volatility Total Return Index,CSI Dividend Low VolatilityTRI,,,,18101.34,-108.95,-0.6,2942143085.0,184.3,50.0,5.44,2024-01-19,5.44,184.3
20240122,H20269,中证红利低波动全收益指数,红利低波全收益,CSI Dividend Low Volatility Total Return Index,CSI Dividend Low VolatilityTRI,,,,17586.12,-515.22,-2.85,3992144006.0,238.31,50.0,5.41,2024-01-22,5.41,238.31
20240123,H20269,中证红利低波动全收益指数,红利低波全收益,CSI Dividend Low Volatility Total Return Index,CSI Dividend Low VolatilityTRI,,,,17754.53,168.41,0.96,2960890480.0,175.82,50.0,5.41,2024-01-23,5.41,175.82
20240124,H20269,中证红利低波动全收益指数,红利低波全收益,CSI Dividend Low Volatility Total Return Index,CSI Dividend Low VolatilityTRI,,,,18178.86,424.34,2.39,3560065587.0,208.79,50.0,5.55,2024-01-24,5.55,208.79
20240125,H20269,中证红利低波动全收益指数,红利低波全收益,CSI Dividend Low Volatility Total Return Index,CSI Dividend Low VolatilityTRI,,,,18726.56,547.7,3.01,4310686926.0,267.16,50.0,5.73,2024-01-25,5.73,267.16
20240126,H20269,中证红利低波动全收益指数,红利低波全收益,CSI Dividend Low Volatility Total Return Index,CSI Dividend Low VolatilityTRI,,,,18990.17,263.61,1.41,4634657133.0,295.45,50.0,5.85,2024-01-26,5.85,295.45
20240129,H20269,中证红利低波动全收益指数,红利低波全收益,CSI Dividend Low Volatility Total Return Index,CSI Dividend Low VolatilityTRI,,,,19035.67,45.5,0.24,4789743040.0,311.38,50.0,5.89,2024-01-29,5.89,311.38
20240130,H20269,中证红利低波动全收益指数,红利低波全收益,CSI Dividend Low Volatility Total Return Index,CSI Dividend Low VolatilityTRI,,,,18798.68,-236.99,-1.24,3524206212.0,227.26,50.0,5.86,2024-01-30,5.86,227.26
20240131,H20269,中证红利低波动全收益指数,红利低波全收益,CSI Dividend Low Volatility Total Return Index,CSI Dividend Low VolatilityTRI,,,,18783.74,-14.94,-0.08,3590408808.0,239.79,50.0,5.89,2024-01-31,5.89,239.79
20240201,H20269,中证红利低波动全收益指数,红利低波全收益,CSI Dividend Low Volatility Total Return Index,CSI Dividend Low VolatilityTRI,,,,18561.8,-221.94,-1.18,3417965547.0,223.08,50.0,5.83,2024-02-01,5.83,223.08
20240202,H20269,中证红利低波动全收益指数,红利低波全收益,CSI Dividend Low Volatility Total Return Index,CSI Dividend Low VolatilityTRI,,,,18573.47,11.67,0.06,4465033715.0,285.06,50.0,5.86,2024-02-02,5.86,285.06
20240205,H20269,中证红利低波动全收益指数,红利低波全收益,CSI Dividend Low Volatility Total Return Index,CSI Dividend Low VolatilityTRI,,,,18553.28,-20.19,-0.11,5676101963.0,359.26,50.0,5.97,2024-02-05,5.97,359.26
20240206,H20269,中证红利低波动全收益指数,红利低波全收益,CSI Dividend Low Volatility Total Return Index,CSI Dividend Low VolatilityTRI,,,,18864.23,310.95,1.68,5274290597.0,335.35,50.0,5.99,2024-02-06,5.99,335.35
20240207,H20269,中证红利低波动全收益指数,红利低波全收益,CSI Dividend Low Volatility Total Return Index,CSI Dividend Low VolatilityTRI,,,,19127.52,263.29,1.4,6371900665.0,402.27,50.0,5.97,2024-02-07,5.97,402.27
20240208,H20269,中证红利低波动全收益指数,红利低波全收益,CSI Dividend Low Volatility Total Return Index,CSI Dividend Low VolatilityTRI,,,,19085.65,-41.87,-0.22,5095279705.0,322.73,50.0,5.91,2024-02-08,5.91,322.73
20240219,H20269,中证红利低波动全收益指数,红利低波全收益,CSI Dividend Low Volatility Total Return Index,CSI Dividend Low VolatilityTRI,,,,19556.3,470.65,2.47,5018671207.0,331.9,50.0,6.11,2024-02-19,6.11,331.9
20240220,H20269,中证红利低波动全收益指数,红利低波全收益,CSI Dividend Low Volatility Total Return Index,CSI Dividend Low VolatilityTRI,,,,19734.69,178.4,0.91,3377207013.0,231.27,50.0,6.16,2024-02-20,6.16,231.27
20240221,H20269,中证红利低波动全收益指数,红利低波全收益,CSI Dividend Low Volatility Total Return Index,CSI Dividend Low VolatilityTRI,,,,19822.26,87.57,0.44,4310797884.0,304.71,50.0,6.21,2024-02-21,6.21,304.71
20240222,H20269,中证红利低波动全收益指数,红利低波全收益,CSI Dividend Low Volatility Total Return Index,CSI Dividend Low VolatilityTRI,,,,20114.18,291.92,1.47,3080709079.0,234.09,50.0,6.31,2024-02-22,6.31,234.09
20240223,H20269,中证红利低波动全收益指数,红利低波全收益,CSI Dividend Low Volatility Total Return Index,CSI Dividend Low VolatilityTRI,,,,20107.53,-6.65,-0.03,3656306559.0,260.28,50.0,6.32,2024-02-23,6.32,260.28
20240226,H20269,中证红利低波动全收益指数,红利低波全收益,CSI Dividend Low Volatility Total Return Index,CSI Dividend Low VolatilityTRI,,,,19630.51,-477.02,-2.37,3797602987.0,270.16,50.0,6.15,2024-02-26,6.15,270.16
20240227,H20269,中证红利低波动全收益指数,红利低波全收益,CSI Dividend Low Volatility Total Return Index,CSI Dividend Low VolatilityTRI,,,,19742.99,112.49,0.57,2800223735.0,196.36,50.0,6.16,2024-02-27,6.16,196.36
20240228,H20269,中证红利低波动全收益指数,红利低波全收益,CSI Dividend Low Volatility Total Return Index,CSI Dividend Low VolatilityTRI,,,,19569.12,-173.88,-0.88,3616314478.0,254.68,50.0,6.16,2024-02-28,6.16,254.68
20240229,H20269,中证红利低波动全收益指数,红利低波全收益,CSI Dividend Low Volatility Total Return Index,CSI Dividend Low VolatilityTRI,,,,19759.95,190.83,0.98,2858862019.0,202.06,50.0,6.18,2024-02-29,6.18,202.06
20240301,H20269,中证红利低波动全收益指数,红利低波全收益,CSI Dividend Low Volatility Total Return Index,CSI Dividend Low VolatilityTRI,,,,19760.74,0.79,0.0,2763108056.0,191.98,50.0,6.18,2024-03-01,6.18,191.98
20240304,H20269,中证红利低波动全收益指数,红利低波全收益,CSI Dividend Low Volatility Total Return Index,CSI Dividend Low VolatilityTRI,,,,19867.86,107.12,0.54,3208014325.0,231.66,50.0,6.22,2024-03-04,6.22,231.66
20240305,H20269,中证红利低波动全收益指数,红利低波全收益,CSI Dividend Low Volatility Total Return Index,CSI Dividend Low VolatilityTRI,,,,20011.23,143.37,0.72,3542930901.0,247.59,50.0,6.31,2024-03-05,6.31,247.59
20240306,H20269,中证红利低波动全收益指数,红利低波全收益,CSI Dividend Low Volatility Total Return Index,CSI Dividend Low VolatilityTRI,,,,20006.89,-4.34,-0.02,2980272002.0,211.28,50.0,6.24,2024-03-06,6.24,211.28
20240307,H20269,中证红利低波动全收益指数,红利低波全收益,CSI Dividend Low Volatility Total Return Index,CSI Dividend Low VolatilityTRI,,,,20086.95,80.06,0.4,2725487305.0,197.19,50.0,6.28,2024-03-07,6.28,197.19
20240308,H20269,中证红利低波动全收益指数,红利低波全收益,CSI Dividend Low Volatility Total Return Index,CSI Dividend Low VolatilityTRI,,,,20213.25,126.3,0.63,2537901838.0,184.46,50.0,6.3,2024-03-08,6.3,184.46
20240311,H20269,中证红利低波动全收益指数,红利低波全收益,CSI Dividend Low Volatility Total Return Index,CSI Dividend Low VolatilityTRI,,,,20076.06,-137.19,-0.68,2982180054.0,217.65,50.0,6.24,2024-03-11,6.24,217.65
20240312,H20269,中证红利低波动全收益指数,红利低波全收益,CSI Dividend Low Volatility Total Return Index,CSI Dividend Low VolatilityTRI,,,,19576.5,-499.56,-2.49,4007114976.0,283.27,50.0,6.07,2024-03-12,6.07,283.27
20240313,H20269,中证红利低波动全收益指数,红利低波全收益,CSI Dividend Low Volatility Total Return Index,CSI Dividend Low VolatilityTRI,,,,19518.36,-58.14,-0.3,2887068085.0,199.54,50.0,6.04,2024-03-13,6.04,199.54
20240314,H20269,中证红利低波动全收益指数,红利低波全收益,CSI Dividend Low Volatility Total Return Index,CSI Dividend Low VolatilityTRI,,,,19581.33,62.98,0.32,2529009406.0,176.84,50.0,6.07,2024-03-14,6.07,176.84
20240315,H20269,中证红利低波动全收益指数,红利低波全收益,CSI Dividend Low Volatility Total Return Index,CSI Dividend Low VolatilityTRI,,,,19636.98,55.65,0.28,2559883257.0,184.05,50.0,6.09,2024-03-15,6.09,184.05
20240318,H20269,中证红利低波动全收益指数,红利低波全收益,CSI Dividend Low Volatility Total Return Index,CSI Dividend Low VolatilityTRI,,,,19630.02,-6.96,-0.04,2510275714.0,178.06,50.0,6.07,2024-03-18,6.07,178.06
20240319,H20269,中证红利低波动全收益指数,红利低波全收益,CSI Dividend Low Volatility Total Return Index,CSI Dividend Low VolatilityTRI,,,,19543.5,-86.53,-0.44,2610476884.0,184.94,50.0,6.04,2024-03-19,6.04,184.94
20240320,H20269,中证红利低波动全收益指数,红利低波全收益,CSI Dividend Low Volatility Total Return Index,CSI Dividend Low VolatilityTRI,,,,19662.77,119.27,0.61,2367887068.0,168.79,50.0,6.11,2024-03-20,6.11,168.79
20240321,H20269,中证红利低波动全收益指数,红利低波全收益,CSI Dividend Low Volatility Total Return Index,CSI Dividend Low VolatilityTRI,,,,19747.72,84.95,0.43,2248196334.0,157.93,50.0,6.13,2024-03-21,6.13,157.93
20240322,H20269,中证红利低波动全收益指数,红利低波全收益,CSI Dividend Low Volatility Total Return Index,CSI Dividend Low VolatilityTRI,,,,19673.52,-74.2,-0.38,2571801240.0,179.5,50.0,6.13,2024-03-22,6.13,179.5
20240325,H20269,中证红利低波动全收益指数,红利低波全收益,CSI Dividend Low Volatility Total Return Index,CSI Dividend Low VolatilityTRI,,,,19710.94,37.41,0.19,2767692724.0,201.56,50.0,6.18,2024-03-25,6.18,201.56
20240326,H20269,中证红利低波动全收益指数,红利低波全收益,CSI Dividend Low Volatility Total Return Index,CSI Dividend Low VolatilityTRI,,,,19728.02,17.09,0.09,2781666537.0,197.7,50.0,6.2,2024-03-26,6.2,197.7
20240327,H20269,中证红利低波动全收益指数,红利低波全收益,CSI Dividend Low Volatility Total Return Index,CSI Dividend Low VolatilityTRI,,,,19695.28,-32.75,-0.17,2853266949.0,194.72,50.0,6.23,2024-03-27,6.23,194.72
20240328,H20269,中证红利低波动全收益指数,红利低波全收益,CSI Dividend Low Volatility Total Return Index,CSI Dividend Low VolatilityTRI,,,,19644.45,-50.83,-0.26,3266678021.0,217.21,50.0,6.16,2024-03-28,6.16,217.21
20240329,H20269,中证红利低波动全收益指数,红利低波全收益,CSI Dividend Low Volatility Total Return Index,CSI Dividend Low VolatilityTRI,,,,19933.07,288.63,1.47,2856481938.0,205.54,50.0,6.27,2024-03-29,6.27,205.54
20240401,H20269,中证红利低波动全收益指数,红利低波全收益,CSI Dividend Low Volatility Total Return Index,CSI Dividend Low VolatilityTRI,,,,19985.93,52.86,0.27,2828583763.0,205.95,50.0,6.27,2024-04-01,6.27,205.95
20240402,H20269,中证红利低波动全收益指数,红利低波全收益,CSI Dividend Low Volatility Total Return Index,CSI Dividend Low VolatilityTRI,,,,20108.57,122.64,0.61,3067681789.0,219.53,50.0,6.33,2024-04-02,6.33,219.53
20240403,H20269,中证红利低波动全收益指数,红利低波全收益,CSI Dividend Low Volatility Total Return Index,CSI Dividend Low VolatilityTRI,,,,20280.16,171.59,0.85,2697604908.0,205.06,50.0,6.36,2024-04-03,6.36,205.06
20240408,H20269,中证红利低波动全收益指数,红利低波全收益,CSI Dividend Low Volatility Total Return Index,CSI Dividend Low VolatilityTRI,,,,20369.98,89.81,0.44,3331286777.0,238.43,50.0,6.41,2024-04-08,6.41,238.43
20240409,H20269,中证红利低波动全收益指数,红利低波全收益,CSI Dividend Low Volatility Total Return Index,CSI Dividend Low VolatilityTRI,,,,20249.14,-120.84,-0.59,3025205239.0,205.44,50.0,6.34,2024-04-09,6.34,205.44
20240410,H20269,中证红利低波动全收益指数,红利低波全收益,CSI Dividend Low Volatility Total Return Index,CSI Dividend Low VolatilityTRI,,,,20300.69,51.55,0.25,2784769803.0,204.49,50.0,6.38,2024-04-10,6.38,204.49
20240411,H20269,中证红利低波动全收益指数,红利低波全收益,CSI Dividend Low Volatility Total Return Index,CSI Dividend Low VolatilityTRI,,,,20486.96,186.27,0.92,2627647527.0,187.14,50.0,6.37,2024-04-11,6.37,187.14
20240412,H20269,中证红利低波动全收益指数,红利低波全收益,CSI Dividend Low Volatility Total Return Index,CSI Dividend Low VolatilityTRI,,,,20464.04,-22.92,-0.11,2624447517.0,180.3,50.0,6.36,2024-04-12,6.36,180.3
20240415,H20269,中证红利低波动全收益指数,红利低波全收益,CSI Dividend Low Volatility Total Return Index,CSI Dividend Low VolatilityTRI,,,,20882.49,418.45,2.04,4000360162.0,278.32,50.0,6.53,2024-04-15,6.53,278.32
20240416,H20269,中证红利低波动全收益指数,红利低波全收益,CSI Dividend Low Volatility Total Return Index,CSI Dividend Low VolatilityTRI,,,,20862.9,-19.59,-0.09,4292046316.0,307.27,50.0,6.59,2024-04-16,6.59,307.27
20240417,H20269,中证红利低波动全收益指数,红利低波全收益,CSI Dividend Low Volatility Total Return Index,CSI Dividend Low VolatilityTRI,,,,21285.42,422.52,2.03,4100969895.0,283.61,50.0,6.65,2024-04-17,6.65,283.61
20240418,H20269,中证红利低波动全收益指数,红利低波全收益,CSI Dividend Low Volatility Total Return Index,CSI Dividend Low VolatilityTRI,,,,21375.91,90.49,0.43,4528270210.0,316.29,50.0,6.65,2024-04-18,6.65,316.29
20240419,H20269,中证红利低波动全收益指数,红利低波全收益,CSI Dividend Low Volatility Total Return Index,CSI Dividend Low VolatilityTRI,,,,21394.23,18.32,0.09,3495926151.0,255.52,50.0,6.7,2024-04-19,6.7,255.52
20240422,H20269,中证红利低波动全收益指数,红利低波全收益,CSI Dividend Low Volatility Total Return Index,CSI Dividend Low VolatilityTRI,,,,20956.2,-438.03,-2.05,3728743004.0,272.49,50.0,6.58,2024-04-22,6.58,272.49
20240423,H20269,中证红利低波动全收益指数,红利低波全收益,CSI Dividend Low Volatility Total Return Index,CSI Dividend Low VolatilityTRI,,,,20639.6,-316.6,-1.51,3423966243.0,241.44,50.0,6.53,2024-04-23,6.53,241.44
20240424,H20269,中证红利低波动全收益指数,红利低波全收益,CSI Dividend Low Volatility Total Return Index,CSI Dividend Low VolatilityTRI,,,,20594.0,-45.6,-0.22,2677823875.0,192.3,50.0,6.52,2024-04-24,6.52,192.3
20240425,H20269,中证红利低波动全收益指数,红利低波全收益,CSI Dividend Low Volatility Total Return Index,CSI Dividend Low VolatilityTRI,,,,20746.45,152.44,0.74,2666509098.0,191.53,50.0,6.58,2024-04-25,6.58,191.53
20240426,H20269,中证红利低波动全收益指数,红利低波全收益,CSI Dividend Low Volatility Total Return Index,CSI Dividend Low VolatilityTRI,,,,20506.97,-239.47,-1.15,4904392254.0,345.31,50.0,6.51,2024-04-26,6.51,345.31
20240429,H20269,中证红利低波动全收益指数,红利低波全收益,CSI Dividend Low Volatility Total Return Index,CSI Dividend Low VolatilityTRI,,,,20445.68,-61.3,-0.3,4834340019.0,354.11,50.0,6.43,2024-04-29,6.43,354.11
20240430,H20269,中证红利低波动全收益指数,红利低波全收益,CSI Dividend Low Volatility Total Return Index,CSI Dividend Low VolatilityTRI,,,,20533.11,87.43,0.43,3783457725.0,270.01,50.0,6.47,2024-04-30,6.47,270.01
20240506,H20269,中证红利低波动全收益指数,红利低波全收益,CSI Dividend Low Volatility Total Return Index,CSI Dividend Low VolatilityTRI,,,,20670.83,137.73,0.67,4634035795.0,324.99,50.0,6.64,2024-05-06,6.64,324.99
20240507,H20269,中证红利低波动全收益指数,红利低波全收益,CSI Dividend Low Volatility Total Return Index,CSI Dividend Low VolatilityTRI,,,,20693.05,22.21,0.11,3476627690.0,237.65,50.0,6.67,2024-05-07,6.67,237.65
20240508,H20269,中证红利低波动全收益指数,红利低波全收益,CSI Dividend Low Volatility Total Return Index,CSI Dividend Low VolatilityTRI,,,,20781.14,88.09,0.43,3062836957.0,224.97,50.0,6.71,2024-05-08,6.71,224.97
20240509,H20269,中证红利低波动全收益指数,红利低波全收益,CSI Dividend Low Volatility Total Return Index,CSI Dividend Low VolatilityTRI,,,,20924.66,143.53,0.69,3062468849.0,206.2,50.0,6.69,2024-05-09,6.69,206.2
20240510,H20269,中证红利低波动全收益指数,红利低波全收益,CSI Dividend Low Volatility Total Return Index,CSI Dividend Low VolatilityTRI,,,,21041.13,116.47,0.56,3431411841.0,224.76,50.0,6.72,2024-05-10,6.72,224.76
20240513,H20269,中证红利低波动全收益指数,红利低波全收益,CSI Dividend Low Volatility Total Return Index,CSI Dividend Low VolatilityTRI,,,,21185.65,144.52,0.69,3427069005.0,229.17,50.0,6.72,2024-05-13,6.72,229.17
20240514,H20269,中证红利低波动全收益指数,红利低波全收益,CSI Dividend Low Volatility Total Return Index,CSI Dividend Low VolatilityTRI,,,,21092.03,-93.63,-0.44,3049848449.0,214.26,50.0,6.67,2024-05-14,6.67,214.26
20240515,H20269,中证红利低波动全收益指数,红利低波全收益,CSI Dividend Low Volatility Total Return Index,CSI Dividend Low VolatilityTRI,,,,21057.98,-34.04,-0.16,2272657673.0,157.95,50.0,6.66,2024-05-15,6.66,157.95
20240516,H20269,中证红利低波动全收益指数,红利低波全收益,CSI Dividend Low Volatility Total Return Index,CSI Dividend Low VolatilityTRI,,,,21088.4,30.41,0.14,3432046769.0,234.09,50.0,6.68,2024-05-16,6.68,234.09
20240517,H20269,中证红利低波动全收益指数,红利低波全收益,CSI Dividend Low Volatility Total Return Index,CSI Dividend Low VolatilityTRI,,,,21250.77,162.38,0.77,3375914786.0,227.62,50.0,6.74,2024-05-17,6.74,227.62
20240520,H20269,中证红利低波动全收益指数,红利低波全收益,CSI Dividend Low Volatility Total Return Index,CSI Dividend Low VolatilityTRI,,,,21465.88,215.11,1.01,3744883923.0,270.54,50.0,6.79,2024-05-20,6.79,270.54
20240521,H20269,中证红利低波动全收益指数,红利低波全收益,CSI Dividend Low Volatility Total Return Index,CSI Dividend Low VolatilityTRI,,,,21523.97,58.09,0.27,2769823970.0,199.71,50.0,6.82,2024-05-21,6.82,199.71
20240522,H20269,中证红利低波动全收益指数,红利低波全收益,CSI Dividend Low Volatility Total Return Index,CSI Dividend Low VolatilityTRI,,,,21477.0,-46.97,-0.22,3044665349.0,214.28,50.0,6.83,2024-05-22,6.83,214.28
20240523,H20269,中证红利低波动全收益指数,红利低波全收益,CSI Dividend Low Volatility Total Return Index,CSI Dividend Low VolatilityTRI,,,,21258.57,-218.42,-1.02,2645703539.0,181.41,50.0,6.79,2024-05-23,6.79,181.41
20240524,H20269,中证红利低波动全收益指数,红利低波全收益,CSI Dividend Low Volatility Total Return Index,CSI Dividend Low VolatilityTRI,,,,21241.2,-17.37,-0.08,2596857437.0,179.07,50.0,6.76,2024-05-24,6.76,179.07
20240527,H20269,中证红利低波动全收益指数,红利低波全收益,CSI Dividend Low Volatility Total Return Index,CSI Dividend Low VolatilityTRI,,,,21607.23,366.03,1.72,2990515206.0,215.86,50.0,6.87,2024-05-27,6.87,215.86
20240528,H20269,中证红利低波动全收益指数,红利低波全收益,CSI Dividend Low Volatility Total Return Index,CSI Dividend Low VolatilityTRI,,,,21536.2,-71.03,-0.33,2595698190.0,186.97,50.0,6.89,2024-05-28,6.89,186.97
20240529,H20269,中证红利低波动全收益指数,红利低波全收益,CSI Dividend Low Volatility Total Return Index,CSI Dividend Low VolatilityTRI,,,,21545.17,8.97,0.04,2602183616.0,186.81,50.0,6.89,2024-05-29,6.89,186.81
20240530,H20269,中证红利低波动全收益指数,红利低波全收益,CSI Dividend Low Volatility Total Return Index,CSI Dividend Low VolatilityTRI,,,,21385.24,-159.93,-0.74,2769204847.0,198.55,50.0,6.81,2024-05-30,6.81,198.55
20240531,H20269,中证红利低波动全收益指数,红利低波全收益,CSI Dividend Low Volatility Total Return Index,CSI Dividend Low VolatilityTRI,,,,21384.78,-0.46,0.0,2427274723.0,176.97,50.0,6.79,2024-05-31,6.79,176.97
20240603,H20269,中证红利低波动全收益指数,红利低波全收益,CSI Dividend Low Volatility Total Return Index,CSI Dividend Low VolatilityTRI,,,,21193.62,-191.17,-0.89,3363190492.0,239.92,50.0,6.79,2024-06-03,6.79,239.92
20240604,H20269,中证红利低波动全收益指数,红利低波全收益,CSI Dividend Low Volatility Total Return Index,CSI Dividend Low VolatilityTRI,,,,21243.28,49.67,0.23,2701984945.0,204.14,50.0,6.77,2024-06-04,6.77,204.14
20240605,H20269,中证红利低波动全收益指数,红利低波全收益,CSI Dividend Low Volatility Total Return Index,CSI Dividend Low VolatilityTRI,,,,20946.72,-296.56,-1.4,2593317566.0,189.99,50.0,6.73,2024-06-05,6.73,189.99
20240606,H20269,中证红利低波动全收益指数,红利低波全收益,CSI Dividend Low Volatility Total Return Index,CSI Dividend Low VolatilityTRI,,,,21009.1,62.38,0.3,3044980057.0,213.84,50.0,6.77,2024-06-06,6.77,213.84
20240607,H20269,中证红利低波动全收益指数,红利低波全收益,CSI Dividend Low Volatility Total Return Index,CSI Dividend Low VolatilityTRI,,,,21217.34,208.25,0.99,3144420165.0,206.83,50.0,6.77,2024-06-07,6.77,206.83
20240611,H20269,中证红利低波动全收益指数,红利低波全收益,CSI Dividend Low Volatility Total Return Index,CSI Dividend Low VolatilityTRI,,,,20821.88,-395.46,-1.86,3611515384.0,234.9,50.0,6.65,2024-06-11,6.65,234.9
20240612,H20269,中证红利低波动全收益指数,红利低波全收益,CSI Dividend Low Volatility Total Return Index,CSI Dividend Low VolatilityTRI,,,,21056.6,234.72,1.13,3295521096.0,222.13,50.0,6.67,2024-06-12,6.67,222.13
20240613,H20269,中证红利低波动全收益指数,红利低波全收益,CSI Dividend Low Volatility Total Return Index,CSI Dividend Low VolatilityTRI,,,,20826.81,-229.8,-1.09,2747948688.0,183.11,50.0,6.65,2024-06-13,6.65,183.11
20240614,H20269,中证红利低波动全收益指数,红利低波全收益,CSI Dividend Low Volatility Total Return Index,CSI Dividend Low VolatilityTRI,,,,20854.18,27.37,0.13,4249265595.0,284.41,50.0,6.66,2024-06-14,6.66,284.41
20240617,H20269,中证红利低波动全收益指数,红利低波全收益,CSI Dividend Low Volatility Total Return Index,CSI Dividend Low VolatilityTRI,,,,20634.94,-219.24,-1.05,3329953394.0,222.06,50.0,6.57,2024-06-17,6.57,222.06
20240618,H20269,中证红利低波动全收益指数,红利低波全收益,CSI Dividend Low Volatility Total Return Index,CSI Dividend Low VolatilityTRI,,,,20717.97,83.03,0.4,2464931222.0,162.74,50.0,6.6,2024-06-18,6.6,162.74
20240619,H20269,中证红利低波动全收益指数,红利低波全收益,CSI Dividend Low Volatility Total Return Index,CSI Dividend Low VolatilityTRI,,,,20724.95,6.99,0.03,2562999447.0,173.82,50.0,6.66,2024-06-19,6.66,173.82
20240620,H20269,中证红利低波动全收益指数,红利低波全收益,CSI Dividend Low Volatility Total Return Index,CSI Dividend Low VolatilityTRI,,,,20721.35,-3.6,-0.02,2424806356.0,175.03,50.0,6.7,2024-06-20,6.7,175.03
20240621,H20269,中证红利低波动全收益指数,红利低波全收益,CSI Dividend Low Volatility Total Return Index,CSI Dividend Low VolatilityTRI,,,,20711.89,-9.46,-0.05,2573388849.0,177.22,50.0,6.67,2024-06-21,6.67,177.22
20240624,H20269,中证红利低波动全收益指数,红利低波全收益,CSI Dividend Low Volatility Total Return Index,CSI Dividend Low VolatilityTRI,,,,20474.42,-237.47,-1.15,2789286356.0,186.98,50.0,6.69,2024-06-24,6.69,186.98
20240625,H20269,中证红利低波动全收益指数,红利低波全收益,CSI Dividend Low Volatility Total Return Index,CSI Dividend Low VolatilityTRI,,,,20553.7,79.28,0.39,2704716330.0,179.28,50.0,6.7,2024-06-25,6.7,179.28
20240626,H20269,中证红利低波动全收益指数,红利低波全收益,CSI Dividend Low Volatility Total Return Index,CSI Dividend Low VolatilityTRI,,,,20665.12,111.42,0.54,2467242185.0,162.32,50.0,6.68,2024-06-26,6.68,162.32
20240627,H20269,中证红利低波动全收益指数,红利低波全收益,CSI Dividend Low Volatility Total Return Index,CSI Dividend Low VolatilityTRI,,,,20657.93,-7.19,-0.03,3035670464.0,202.02,50.0,6.72,2024-06-27,6.72,202.02
20240628,H20269,中证红利低波动全收益指数,红利低波全收益,CSI Dividend Low Volatility Total Return Index,CSI Dividend Low VolatilityTRI,,,,20859.37,201.44,0.98,3020363050.0,207.61,50.0,6.84,2024-06-28,6.84,207.61
20240701,H20269,中证红利低波动全收益指数,红利低波全收益,CSI Dividend Low Volatility Total Return Index,CSI Dividend Low VolatilityTRI,,,,21260.78,401.41,1.92,2827740800.0,196.89,50.0,6.94,2024-07-01,6.94,196.89
20240702,H20269,中证红利低波动全收益指数,红利低波全收益,CSI Dividend Low Volatility Total Return Index,CSI Dividend Low VolatilityTRI,,,,21312.63,51.85,0.24,3085385124.0,212.13,50.0,7.05,2024-07-02,7.05,212.13
20240703,H20269,中证红利低波动全收益指数,红利低波全收益,CSI Dividend Low Volatility Total Return Index,CSI Dividend Low VolatilityTRI,,,,21115.98,-196.65,-0.92,2515340292.0,173.1,50.0,6.99,2024-07-03,6.99,173.1
20240704,H20269,中证红利低波动全收益指数,红利低波全收益,CSI Dividend Low Volatility Total Return Index,CSI Dividend Low VolatilityTRI,,,,21038.5,-77.47,-0.37,2404412931.0,169.05,50.0,7.03,2024-07-04,7.03,169.05
20240705,H20269,中证红利低波动全收益指数,红利低波全收益,CSI Dividend Low Volatility Total Return Index,CSI Dividend Low VolatilityTRI,,,,20897.27,-141.24,-0.67,3088733964.0,218.04,50.0,6.92,2024-07-05,6.92,218.04
20240708,H20269,中证红利低波动全收益指数,红利低波全收益,CSI Dividend Low Volatility Total Return Index,CSI Dividend Low VolatilityTRI,,,,20787.18,-110.08,-0.53,2732913532.0,193.19,50.0,6.93,2024-07-08,6.93,193.19
20240709,H20269,中证红利低波动全收益指数,红利低波全收益,CSI Dividend Low Volatility Total Return Index,CSI Dividend Low VolatilityTRI,,,,21031.21,244.03,1.17,2802689634.0,193.81,50.0,6.95,2024-07-09,6.95,193.81
20240710,H20269,中证红利低波动全收益指数,红利低波全收益,CSI Dividend Low Volatility Total Return Index,CSI Dividend Low VolatilityTRI,,,,20656.17,-375.05,-1.78,2725659713.0,201.69,50.0,6.88,2024-07-10,6.88,201.69
20240711,H20269,中证红利低波动全收益指数,红利低波全收益,CSI Dividend Low Volatility Total Return Index,CSI Dividend Low VolatilityTRI,,,,20691.63,35.46,0.17,2926635821.0,201.17,50.0,6.84,2024-07-11,6.84,201.17
20240712,H20269,中证红利低波动全收益指数,红利低波全收益,CSI Dividend Low Volatility Total Return Index,CSI Dividend Low VolatilityTRI,,,,20690.98,-0.66,0.0,3007688138.0,204.34,50.0,6.89,2024-07-12,6.89,204.34
20240715,H20269,中证红利低波动全收益指数,红利低波全收益,CSI Dividend Low Volatility Total Return Index,CSI Dividend Low VolatilityTRI,,,,20889.83,198.86,0.96,2953296284.0,206.5,50.0,7.01,2024-07-15,7.01,206.5
20240716,H20269,中证红利低波动全收益指数,红利低波全收益,CSI Dividend Low Volatility Total Return Index,CSI Dividend Low VolatilityTRI,,,,20823.05,-66.78,-0.32,2928903541.0,193.7,50.0,6.95,2024-07-16,6.95,193.7
20240717,H20269,中证红利低波动全收益指数,红利低波全收益,CSI Dividend Low Volatility Total Return Index,CSI Dividend Low VolatilityTRI,,,,20698.82,-124.23,-0.6,2724468244.0,186.58,50.0,6.87,2024-07-17,6.87,186.58
20240718,H20269,中证红利低波动全收益指数,红利低波全收益,CSI Dividend Low Volatility Total Return Index,CSI Dividend Low VolatilityTRI,,,,20787.66,88.85,0.43,2458914975.0,166.94,50.0,6.89,2024-07-18,6.89,166.94
20240719,H20269,中证红利低波动全收益指数,红利低波全收益,CSI Dividend Low Volatility Total Return Index,CSI Dividend Low VolatilityTRI,,,,20623.05,-164.62,-0.79,2931317914.0,197.32,50.0,6.85,2024-07-19,6.85,197.32
20240722,H20269,中证红利低波动全收益指数,红利低波全收益,CSI Dividend Low Volatility Total Return Index,CSI Dividend Low VolatilityTRI,,,,20434.45,-188.6,-0.91,3074659791.0,213.49,50.0,6.75,2024-07-22,6.75,213.49
20240723,H20269,中证红利低波动全收益指数,红利低波全收益,CSI Dividend Low Volatility Total Return Index,CSI Dividend Low VolatilityTRI,,,,20332.8,-101.64,-0.5,3403693646.0,223.08,50.0,6.81,2024-07-23,6.81,223.08
20240724,H20269,中证红利低波动全收益指数,红利低波全收益,CSI Dividend Low Volatility Total Return Index,CSI Dividend Low VolatilityTRI,,,,20360.52,27.71,0.14,3325635865.0,213.88,50.0,6.85,2024-07-24,6.85,213.88
20240725,H20269,中证红利低波动全收益指数,红利低波全收益,CSI Dividend Low Volatility Total Return Index,CSI Dividend Low VolatilityTRI,,,,20235.3,-125.22,-0.62,3533565098.0,225.21,50.0,6.77,2024-07-25,6.77,225.21
20240726,H20269,中证红利低波动全收益指数,红利低波全收益,CSI Dividend Low Volatility Total Return Index,CSI Dividend Low VolatilityTRI,,,,20100.86,-134.43,-0.66,3261745705.0,205.42,50.0,6.67,2024-07-26,6.67,205.42
20240729,H20269,中证红利低波动全收益指数,红利低波全收益,CSI Dividend Low Volatility Total Return Index,CSI Dividend Low VolatilityTRI,,,,20197.39,96.53,0.48,2787192595.0,175.12,50.0,6.75,2024-07-29,6.75,175.12
20240730,H20269,中证红利低波动全收益指数,红利低波全收益,CSI Dividend Low Volatility Total Return Index,CSI Dividend Low VolatilityTRI,,,,20043.08,-154.31,-0.76,2583757506.0,171.56,50.0,6.68,2024-07-30,6.68,171.56
20240731,H20269,中证红利低波动全收益指数,红利低波全收益,CSI Dividend Low Volatility Total Return Index,CSI Dividend Low VolatilityTRI,,,,20234.61,191.53,0.96,3586596324.0,230.66,50.0,6.63,2024-07-31,6.63,230.66
20240801,H20269,中证红利低波动全收益指数,红利低波全收益,CSI Dividend Low Volatility Total Return Index,CSI Dividend Low VolatilityTRI,,,,20245.26,10.65,0.05,3153092951.0,203.68,50.0,6.66,2024-08-01,6.66,203.68
20240802,H20269,中证红利低波动全收益指数,红利低波全收益,CSI Dividend Low Volatility Total Return Index,CSI Dividend Low VolatilityTRI,,,,20224.37,-20.89,-0.1,2399551636.0,155.6,50.0,6.64,2024-08-02,6.64,155.6
20240805,H20269,中证红利低波动全收益指数,红利低波全收益,CSI Dividend Low Volatility Total Return Index,CSI Dividend Low VolatilityTRI,,,,19993.08,-231.29,-1.14,3182390240.0,207.76,50.0,6.54,2024-08-05,6.54,207.76
20240806,H20269,中证红利低波动全收益指数,红利低波全收益,CSI Dividend Low Volatility Total Return Index,CSI Dividend Low VolatilityTRI,,,,19911.3,-81.78,-0.41,2712290205.0,175.06,50.0,6.49,2024-08-06,6.49,175.06
20240807,H20269,中证红利低波动全收益指数,红利低波全收益,CSI Dividend Low Volatility Total Return Index,CSI Dividend Low VolatilityTRI,,,,20000.6,89.3,0.45,2295464781.0,153.57,50.0,6.53,2024-08-07,6.53,153.57
20240808,H20269,中证红利低波动全收益指数,红利低波全收益,CSI Dividend Low Volatility Total Return Index,CSI Dividend Low VolatilityTRI,,,,20021.77,21.17,0.11,1753634931.0,115.31,50.0,6.53,2024-08-08,6.53,115.31
20240809,H20269,中证红利低波动全收益指数,红利低波全收益,CSI Dividend Low Volatility Total Return Index,CSI Dividend Low VolatilityTRI,,,,20029.38,7.61,0.04,1905706667.0,125.76,50.0,6.58,2024-08-09,6.58,125.76
20240812,H20269,中证红利低波动全收益指数,红利低波全收益,CSI Dividend Low Volatility Total Return Index,CSI Dividend Low VolatilityTRI,,,,20094.54,65.17,0.33,1959631600.0,127.18,50.0,6.61,2024-08-12,6.61,127.18
20240813,H20269,中证红利低波动全收益指数,红利低波全收益,CSI Dividend Low Volatility Total Return Index,CSI Dividend Low VolatilityTRI,,,,20167.49,72.95,0.36,2181610899.0,139.1,50.0,6.64,2024-08-13,6.64,139.1
20240814,H20269,中证红利低波动全收益指数,红利低波全收益,CSI Dividend Low Volatility Total Return Index,CSI Dividend Low VolatilityTRI,,,,20138.16,-29.33,-0.15,1799846402.0,115.8,50.0,6.65,2024-08-14,6.65,115.8
20240815,H20269,中证红利低波动全收益指数,红利低波全收益,CSI Dividend Low Volatility Total Return Index,CSI Dividend Low VolatilityTRI,,,,20342.22,204.06,1.01,2299199268.0,154.79,50.0,6.71,2024-08-15,6.71,154.79
20240816,H20269,中证红利低波动全收益指数,红利低波全收益,CSI Dividend Low Volatility Total Return Index,CSI Dividend Low VolatilityTRI,,,,20415.57,73.35,0.36,2557373994.0,166.21,50.0,6.79,2024-08-16,6.79,166.21
20240819,H20269,中证红利低波动全收益指数,红利低波全收益,CSI Dividend Low Volatility Total Return Index,CSI Dividend Low VolatilityTRI,,,,20711.78,296.2,1.45,2986544089.0,197.87,50.0,6.9,2024-08-19,6.9,197.87
20240820,H20269,中证红利低波动全收益指数,红利低波全收益,CSI Dividend Low Volatility Total Return Index,CSI Dividend Low VolatilityTRI,,,,20509.54,-202.24,-0.98,2960907528.0,198.77,50.0,6.9,2024-08-20,6.9,198.77
20240821,H20269,中证红利低波动全收益指数,红利低波全收益,CSI Dividend Low Volatility Total Return Index,CSI Dividend Low VolatilityTRI,,,,20354.64,-154.9,-0.76,2481025002.0,165.33,50.0,6.86,2024-08-21,6.86,165.33
20240822,H20269,中证红利低波动全收益指数,红利低波全收益,CSI Dividend Low Volatility Total Return Index,CSI Dividend Low VolatilityTRI,,,,20413.52,58.89,0.29,2696713924.0,176.28,50.0,6.93,2024-08-22,6.93,176.28
20240823,H20269,中证红利低波动全收益指数,红利低波全收益,CSI Dividend Low Volatility Total Return Index,CSI Dividend Low VolatilityTRI,,,,20379.88,-33.64,-0.16,2351890473.0,163.76,50.0,6.96,2024-08-23,6.96,163.76
20240826,H20269,中证红利低波动全收益指数,红利低波全收益,CSI Dividend Low Volatility Total Return Index,CSI Dividend Low VolatilityTRI,,,,20385.8,5.92,0.03,2377869663.0,162.48,50.0,6.97,2024-08-26,6.97,162.48
20240827,H20269,中证红利低波动全收益指数,红利低波全收益,CSI Dividend Low Volatility Total Return Index,CSI Dividend Low VolatilityTRI,,,,20504.62,118.82,0.58,2776142732.0,194.04,50.0,7.08,2024-08-27,7.08,194.04
20240828,H20269,中证红利低波动全收益指数,红利低波全收益,CSI Dividend Low Volatility Total Return Index,CSI Dividend Low VolatilityTRI,,,,20376.84,-127.79,-0.62,2558359841.0,176.42,50.0,7.02,2024-08-28,7.02,176.42
20240829,H20269,中证红利低波动全收益指数,红利低波全收益,CSI Dividend Low Volatility Total Return Index,CSI Dividend Low VolatilityTRI,,,,19948.69,-428.15,-2.1,4040223792.0,259.56,50.0,6.77,2024-08-29,6.77,259.56
20240830,H20269,中证红利低波动全收益指数,红利低波全收益,CSI Dividend Low Volatility Total Return Index,CSI Dividend Low VolatilityTRI,,,,19830.59,-118.11,-0.59,5575966462.0,355.12,50.0,6.63,2024-08-30,6.63,355.12
20240902,H20269,中证红利低波动全收益指数,红利低波全收益,CSI Dividend Low Volatility Total Return Index,CSI Dividend Low VolatilityTRI,,,,19936.05,105.46,0.53,4496306114.0,284.26,50.0,6.71,2024-09-02,6.71,284.26
20240903,H20269,中证红利低波动全收益指数,红利低波全收益,CSI Dividend Low Volatility Total Return Index,CSI Dividend Low VolatilityTRI,,,,19697.12,-238.93,-1.2,4190096586.0,259.78,50.0,6.52,2024-09-03,6.52,259.78
20240904,H20269,中证红利低波动全收益指数,红利低波全收益,CSI Dividend Low Volatility Total Return Index,CSI Dividend Low VolatilityTRI,,,,19631.75,-65.37,-0.33,3081616951.0,193.17,50.0,6.44,2024-09-04,6.44,193.17
20240905,H20269,中证红利低波动全收益指数,红利低波全收益,CSI Dividend Low Volatility Total Return Index,CSI Dividend Low VolatilityTRI,,,,19584.22,-47.52,-0.24,2737148956.0,179.65,50.0,6.39,2024-09-05,6.39,179.65
20240906,H20269,中证红利低波动全收益指数,红利低波全收益,CSI Dividend Low Volatility Total Return Index,CSI Dividend Low VolatilityTRI,,,,19458.32,-125.9,-0.64,2311168083.0,147.41,50.0,6.39,2024-09-06,6.39,147.41
20240909,H20269,中证红利低波动全收益指数,红利低波全收益,CSI Dividend Low Volatility Total Return Index,CSI Dividend Low VolatilityTRI,,,,19130.0,-328.31,-1.69,3097424348.0,195.96,50.0,6.29,2024-09-09,6.29,195.96
20240910,H20269,中证红利低波动全收益指数,红利低波全收益,CSI Dividend Low Volatility Total Return Index,CSI Dividend Low VolatilityTRI,,,,19158.57,28.56,0.15,2898657242.0,177.99,50.0,6.36,2024-09-10,6.36,177.99
20240911,H20269,中证红利低波动全收益指数,红利低波全收益,CSI Dividend Low Volatility Total Return Index,CSI Dividend Low VolatilityTRI,,,,18692.86,-465.71,-2.43,3381229898.0,205.97,50.0,6.2,2024-09-11,6.2,205.97
20240912,H20269,中证红利低波动全收益指数,红利低波全收益,CSI Dividend Low Volatility Total Return Index,CSI Dividend Low VolatilityTRI,,,,18786.54,93.68,0.5,2797324258.0,170.93,50.0,6.24,2024-09-12,6.24,170.93
20240913,H20269,中证红利低波动全收益指数,红利低波全收益,CSI Dividend Low Volatility Total Return Index,CSI Dividend Low VolatilityTRI,,,,18731.39,-55.15,-0.29,2480406543.0,148.49,50.0,6.22,2024-09-13,6.22,148.49
20240918,H20269,中证红利低波动全收益指数,红利低波全收益,CSI Dividend Low Volatility Total Return Index,CSI Dividend Low VolatilityTRI,,,,18991.53,260.14,1.39,2256799945.0,137.81,50.0,6.32,2024-09-18,6.32,137.81
20240919,H20269,中证红利低波动全收益指数,红利低波全收益,CSI Dividend Low Volatility Total Return Index,CSI Dividend Low VolatilityTRI,,,,19023.06,31.54,0.17,2720727422.0,167.31,50.0,6.28,2024-09-19,6.28,167.31
20240920,H20269,中证红利低波动全收益指数,红利低波全收益,CSI Dividend Low Volatility Total Return Index,CSI Dividend Low VolatilityTRI,,,,19002.4,-20.66,-0.11,2802050340.0,173.7,50.0,6.32,2024-09-20,6.32,173.7
20240923,H20269,中证红利低波动全收益指数,红利低波全收益,CSI Dividend Low Volatility Total Return Index,CSI Dividend Low VolatilityTRI,,,,19230.8,228.4,1.2,2385577620.0,149.66,50.0,6.41,2024-09-23,6.41,149.66
20240924,H20269,中证红利低波动全收益指数,红利低波全收益,CSI Dividend Low Volatility Total Return Index,CSI Dividend Low VolatilityTRI,,,,20080.24,849.44,4.42,4771684905.0,309.74,50.0,6.69,2024-09-24,6.69,309.74
20240925,H20269,中证红利低波动全收益指数,红利低波全收益,CSI Dividend Low Volatility Total Return Index,CSI Dividend Low VolatilityTRI,,,,20396.82,316.58,1.58,5430309442.0,358.54,50.0,6.76,2024-09-25,6.76,358.54
20240926,H20269,中证红利低波动全收益指数,红利低波全收益,CSI Dividend Low Volatility Total Return Index,CSI Dividend Low VolatilityTRI,,,,21017.73,620.92,3.04,5404839150.0,360.36,50.0,6.9,2024-09-26,6.9,360.36
20240927,H20269,中证红利低波动全收益指数,红利低波全收益,CSI Dividend Low Volatility Total Return Index,CSI Dividend Low VolatilityTRI,,,,21062.95,45.22,0.22,5188878396.0,334.56,50.0,6.77,2024-09-27,6.77,334.56
20240930,H20269,中证红利低波动全收益指数,红利低波全收益,CSI Dividend Low Volatility Total Return Index,CSI Dividend Low VolatilityTRI,,,,22292.03,1229.08,5.84,12250454083.0,842.89,50.0,7.07,2024-09-30,7.07,842.89
20241008,H20269,中证红利低波动全收益指数,红利低波全收益,CSI Dividend Low Volatility Total Return Index,CSI Dividend Low VolatilityTRI,,,,22565.99,273.96,1.23,13450852703.0,981.81,50.0,7.12,2024-10-08,7.12,981.81
20241009,H20269,中证红利低波动全收益指数,红利低波全收益,CSI Dividend Low Volatility Total Return Index,CSI Dividend Low VolatilityTRI,,,,20952.67,-1613.32,-7.15,8997310716.0,616.03,50.0,6.75,2024-10-09,6.75,616.03
20241010,H20269,中证红利低波动全收益指数,红利低波全收益,CSI Dividend Low Volatility Total Return Index,CSI Dividend Low VolatilityTRI,,,,21813.16,860.49,4.11,9006835484.0,633.94,50.0,7.04,2024-10-10,7.04,633.94
20241011,H20269,中证红利低波动全收益指数,红利低波全收益,CSI Dividend Low Volatility Total Return Index,CSI Dividend Low VolatilityTRI,,,,21386.95,-426.21,-1.95,5723503911.0,403.87,50.0,6.98,2024-10-11,6.98,403.87
20241014,H20269,中证红利低波动全收益指数,红利低波全收益,CSI Dividend Low Volatility Total Return Index,CSI Dividend Low VolatilityTRI,,,,22059.43,672.47,3.14,7294203259.0,517.25,50.0,7.17,2024-10-14,7.17,517.25
20241015,H20269,中证红利低波动全收益指数,红利低波全收益,CSI Dividend Low Volatility Total Return Index,CSI Dividend Low VolatilityTRI,,,,21583.02,-476.41,-2.16,5192903972.0,364.29,50.0,6.98,2024-10-15,6.98,364.29
20241016,H20269,中证红利低波动全收益指数,红利低波全收益,CSI Dividend Low Volatility Total Return Index,CSI Dividend Low VolatilityTRI,,,,21953.53,370.52,1.72,5190275019.0,372.47,50.0,7.09,2024-10-16,7.09,372.47
20241017,H20269,中证红利低波动全收益指数,红利低波全收益,CSI Dividend Low Volatility Total Return Index,CSI Dividend Low VolatilityTRI,,,,21667.87,-285.66,-1.3,4474202523.0,326.02,50.0,7.01,2024-10-17,7.01,326.02
20241018,H20269,中证红利低波动全收益指数,红利低波全收益,CSI Dividend Low Volatility Total Return Index,CSI Dividend Low VolatilityTRI,,,,21798.47,130.59,0.6,5515351335.0,387.96,50.0,7.05,2024-10-18,7.05,387.96
20241021,H20269,中证红利低波动全收益指数,红利低波全收益,CSI Dividend Low Volatility Total Return Index,CSI Dividend Low VolatilityTRI,,,,21648.33,-150.13,-0.69,5437480862.0,380.49,50.0,6.95,2024-10-21,6.95,380.49
20241022,H20269,中证红利低波动全收益指数,红利低波全收益,CSI Dividend Low Volatility Total Return Index,CSI Dividend Low VolatilityTRI,,,,21755.14,106.8,0.49,3807810187.0,266.38,50.0,6.95,2024-10-22,6.95,266.38
20241023,H20269,中证红利低波动全收益指数,红利低波全收益,CSI Dividend Low Volatility Total Return Index,CSI Dividend Low VolatilityTRI,,,,21723.27,-31.86,-0.15,3548969222.0,253.37,50.0,6.95,2024-10-23,6.95,253.37
20241024,H20269,中证红利低波动全收益指数,红利低波全收益,CSI Dividend Low Volatility Total Return Index,CSI Dividend Low VolatilityTRI,,,,21612.82,-110.45,-0.51,2860413484.0,200.41,50.0,6.94,2024-10-24,6.94,200.41
20241025,H20269,中证红利低波动全收益指数,红利低波全收益,CSI Dividend Low Volatility Total Return Index,CSI Dividend Low VolatilityTRI,,,,21538.68,-74.14,-0.34,3139362840.0,215.96,50.0,6.89,2024-10-25,6.89,215.96
20241028,H20269,中证红利低波动全收益指数,红利低波全收益,CSI Dividend Low Volatility Total Return Index,CSI Dividend Low VolatilityTRI,,,,21617.47,78.79,0.37,4242784090.0,290.62,50.0,6.85,2024-10-28,6.85,290.62
20241029,H20269,中证红利低波动全收益指数,红利低波全收益,CSI Dividend Low Volatility Total Return Index,CSI Dividend Low VolatilityTRI,,,,21310.49,-306.98,-1.42,4033061511.0,285.86,50.0,6.81,2024-10-29,6.81,285.86
20241030,H20269,中证红利低波动全收益指数,红利低波全收益,CSI Dividend Low Volatility Total Return Index,CSI Dividend Low VolatilityTRI,,,,21151.48,-159.01,-0.75,3398128589.0,234.57,50.0,6.73,2024-10-30,6.73,234.57
20241031,H20269,中证红利低波动全收益指数,红利低波全收益,CSI Dividend Low Volatility Total Return Index,CSI Dividend Low VolatilityTRI,,,,21116.69,-34.79,-0.16,4195035712.0,305.66,50.0,6.72,2024-10-31,6.72,305.66
20241101,H20269,中证红利低波动全收益指数,红利低波全收益,CSI Dividend Low Volatility Total Return Index,CSI Dividend Low VolatilityTRI,,,,21329.26,212.57,1.01,4856926407.0,356.95,50.0,6.86,2024-11-01,6.86,356.95
20241104,H20269,中证红利低波动全收益指数,红利低波全收益,CSI Dividend Low Volatility Total Return Index,CSI Dividend Low VolatilityTRI,,,,21536.3,207.04,0.97,3406672353.0,237.25,50.0,6.85,2024-11-04,6.85,237.25
20241105,H20269,中证红利低波动全收益指数,红利低波全收益,CSI Dividend Low Volatility Total Return Index,CSI Dividend Low VolatilityTRI,,,,21798.57,262.27,1.22,3895464557.0,283.93,50.0,6.89,2024-11-05,6.89,283.93
20241106,H20269,中证红利低波动全收益指数,红利低波全收益,CSI Dividend Low Volatility Total Return Index,CSI Dividend Low VolatilityTRI,,,,21733.64,-64.93,-0.3,4022629140.0,305.3,50.0,6.85,2024-11-06,6.85,305.3
20241107,H20269,中证红利低波动全收益指数,红利低波全收益,CSI Dividend Low Volatility Total Return Index,CSI Dividend Low VolatilityTRI,,,,22091.07,357.43,1.64,4924679584.0,370.48,50.0,6.94,2024-11-07,6.94,370.48
20241108,H20269,中证红利低波动全收益指数,红利低波全收益,CSI Dividend Low Volatility Total Return Index,CSI Dividend Low VolatilityTRI,,,,21778.39,-312.68,-1.42,4921837081.0,375.34,50.0,6.86,2024-11-08,6.86,375.34
20241111,H20269,中证红利低波动全收益指数,红利低波全收益,CSI Dividend Low Volatility Total Return Index,CSI Dividend Low VolatilityTRI,,,,21617.55,-160.85,-0.74,4536915491.0,333.41,50.0,6.77,2024-11-11,6.77,333.41
20241112,H20269,中证红利低波动全收益指数,红利低波全收益,CSI Dividend Low Volatility Total Return Index,CSI Dividend Low VolatilityTRI,,,,21427.19,-190.36,-0.88,4146471063.0,305.51,50.0,6.71,2024-11-12,6.71,305.51
20241113,H20269,中证红利低波动全收益指数,红利低波全收益,CSI Dividend Low Volatility Total Return Index,CSI Dividend Low VolatilityTRI,,,,21549.12,121.93,0.57,3386835163.0,248.22,50.0,6.75,2024-11-13,6.75,248.22
20241114,H20269,中证红利低波动全收益指数,红利低波全收益,CSI Dividend Low Volatility Total Return Index,CSI Dividend Low VolatilityTRI,,,,21398.29,-150.82,-0.7,3765163579.0,268.07,50.0,6.76,2024-11-14,6.76,268.07
20241115,H20269,中证红利低波动全收益指数,红利低波全收益,CSI Dividend Low Volatility Total Return Index,CSI Dividend Low VolatilityTRI,,,,21349.98,-48.32,-0.23,3989341039.0,283.16,50.0,6.77,2024-11-15,6.77,283.16
20241118,H20269,中证红利低波动全收益指数,红利低波全收益,CSI Dividend Low Volatility Total Return Index,CSI Dividend Low VolatilityTRI,,,,21705.3,355.33,1.66,7234949188.0,496.85,50.0,6.91,2024-11-18,6.91,496.85
20241119,H20269,中证红利低波动全收益指数,红利低波全收益,CSI Dividend Low Volatility Total Return Index,CSI Dividend Low VolatilityTRI,,,,21756.42,51.12,0.24,5319683645.0,353.38,50.0,6.88,2024-11-19,6.88,353.38
20241120,H20269,中证红利低波动全收益指数,红利低波全收益,CSI Dividend Low Volatility Total Return Index,CSI Dividend Low VolatilityTRI,,,,21797.76,41.34,0.19,3616223787.0,248.16,50.0,6.87,2024-11-20,6.87,248.16
20241121,H20269,中证红利低波动全收益指数,红利低波全收益,CSI Dividend Low Volatility Total Return Index,CSI Dividend Low VolatilityTRI,,,,21741.58,-56.18,-0.26,2807420516.0,203.92,50.0,6.87,2024-11-21,6.87,203.92
20241122,H20269,中证红利低波动全收益指数,红利低波全收益,CSI Dividend Low Volatility Total Return Index,CSI Dividend Low VolatilityTRI,,,,21198.73,-542.85,-2.5,3761467475.0,274.65,50.0,6.75,2024-11-22,6.75,274.65
20241125,H20269,中证红利低波动全收益指数,红利低波全收益,CSI Dividend Low Volatility Total Return Index,CSI Dividend Low VolatilityTRI,,,,21236.99,38.27,0.18,3488160885.0,244.08,50.0,6.77,2024-11-25,6.77,244.08
20241126,H20269,中证红利低波动全收益指数,红利低波全收益,CSI Dividend Low Volatility Total Return Index,CSI Dividend Low VolatilityTRI,,,,21293.98,56.99,0.27,3309043325.0,226.36,50.0,6.83,2024-11-26,6.83,226.36
20241127,H20269,中证红利低波动全收益指数,红利低波全收益,CSI Dividend Low Volatility Total Return Index,CSI Dividend Low VolatilityTRI,,,,21553.78,259.8,1.22,3356724688.0,239.57,50.0,6.89,2024-11-27,6.89,239.57
20241128,H20269,中证红利低波动全收益指数,红利低波全收益,CSI Dividend Low Volatility Total Return Index,CSI Dividend Low VolatilityTRI,,,,21476.63,-77.16,-0.36,2833417664.0,205.42,50.0,6.88,2024-11-28,6.88,205.42
20241129,H20269,中证红利低波动全收益指数,红利低波全收益,CSI Dividend Low Volatility Total Return Index,CSI Dividend Low VolatilityTRI,,,,21536.53,59.9,0.28,3575632924.0,252.15,50.0,6.86,2024-11-29,6.86,252.15
20241202,H20269,中证红利低波动全收益指数,红利低波全收益,CSI Dividend Low Volatility Total Return Index,CSI Dividend Low VolatilityTRI,,,,21562.66,26.13,0.12,4026321753.0,294.4,50.0,6.85,2024-12-02,6.85,294.4
20241203,H20269,中证红利低波动全收益指数,红利低波全收益,CSI Dividend Low Volatility Total Return Index,CSI Dividend Low VolatilityTRI,,,,21829.46,266.8,1.24,4141355697.0,293.8,50.0,6.94,2024-12-03,6.94,293.8
20241204,H20269,中证红利低波动全收益指数,红利低波全收益,CSI Dividend Low Volatility Total Return Index,CSI Dividend Low VolatilityTRI,,,,21886.7,57.23,0.26,4186611502.0,316.83,50.0,7.03,2024-12-04,7.03,316.83
20241205,H20269,中证红利低波动全收益指数,红利低波全收益,CSI Dividend Low Volatility Total Return Index,CSI Dividend Low VolatilityTRI,,,,21875.38,-11.32,-0.05,2974712176.0,219.02,50.0,7.0,2024-12-05,7.0,219.02
20241206,H20269,中证红利低波动全收益指数,红利低波全收益,CSI Dividend Low Volatility Total Return Index,CSI Dividend Low VolatilityTRI,,,,22149.46,274.09,1.25,3967086065.0,287.0,50.0,7.05,2024-12-06,7.05,287.0
20241209,H20269,中证红利低波动全收益指数,红利低波全收益,CSI Dividend Low Volatility Total Return Index,CSI Dividend Low VolatilityTRI,,,,22225.76,76.29,0.34,3680030817.0,264.17,50.0,7.1,2024-12-09,7.1,264.17
20241210,H20269,中证红利低波动全收益指数,红利低波全收益,CSI Dividend Low Volatility Total Return Index,CSI Dividend Low VolatilityTRI,,,,22235.79,10.04,0.05,4596856912.0,340.13,50.0,7.14,2024-12-10,7.14,340.13
20241211,H20269,中证红利低波动全收益指数,红利低波全收益,CSI Dividend Low Volatility Total Return Index,CSI Dividend Low VolatilityTRI,,,,22256.55,20.76,0.09,3930614825.0,296.02,50.0,7.08,2024-12-11,7.08,296.02
20241212,H20269,中证红利低波动全收益指数,红利低波全收益,CSI Dividend Low Volatility Total Return Index,CSI Dividend Low VolatilityTRI,,,,22319.61,63.06,0.28,3871152933.0,284.83,50.0,7.14,2024-12-12,7.14,284.83
20241213,H20269,中证红利低波动全收益指数,红利低波全收益,CSI Dividend Low Volatility Total Return Index,CSI Dividend Low VolatilityTRI,,,,21907.26,-412.36,-1.85,5280923912.0,387.93,50.0,7.05,2024-12-13,7.05,387.93
20241216,H20269,中证红利低波动全收益指数,红利低波全收益,CSI Dividend Low Volatility Total Return Index,CSI Dividend Low VolatilityTRI,,,,22247.3,340.05,1.55,5004423955.0,442.83,50.0,6.88,2024-12-16,6.88,442.83
20241217,H20269,中证红利低波动全收益指数,红利低波全收益,CSI Dividend Low Volatility Total Return Index,CSI Dividend Low VolatilityTRI,,,,22227.7,-19.61,-0.09,4336344073.0,379.52,50.0,6.88,2024-12-17,6.88,379.52
20241218,H20269,中证红利低波动全收益指数,红利低波全收益,CSI Dividend Low Volatility Total Return Index,CSI Dividend Low VolatilityTRI,,,,22398.61,170.91,0.77,4599296990.0,401.45,50.0,6.93,2024-12-18,6.93,401.45
20241219,H20269,中证红利低波动全收益指数,红利低波全收益,CSI Dividend Low Volatility Total Return Index,CSI Dividend Low VolatilityTRI,,,,22161.82,-236.78,-1.06,3850243981.0,324.17,50.0,6.85,2024-12-19,6.85,324.17
20241220,H20269,中证红利低波动全收益指数,红利低波全收益,CSI Dividend Low Volatility Total Return Index,CSI Dividend Low VolatilityTRI,,,,21998.09,-163.73,-0.74,3783724304.0,320.78,50.0,6.84,2024-12-20,6.84,320.78
20241223,H20269,中证红利低波动全收益指数,红利低波全收益,CSI Dividend Low Volatility Total Return Index,CSI Dividend Low VolatilityTRI,,,,22066.62,68.53,0.31,4846844046.0,411.06,50.0,6.97,2024-12-23,6.97,411.06
20241224,H20269,中证红利低波动全收益指数,红利低波全收益,CSI Dividend Low Volatility Total Return Index,CSI Dividend Low VolatilityTRI,,,,22300.99,234.37,1.06,3997609931.0,362.58,50.0,7.06,2024-12-24,7.06,362.58
20241225,H20269,中证红利低波动全收益指数,红利低波全收益,CSI Dividend Low Volatility Total Return Index,CSI Dividend Low VolatilityTRI,,,,22448.94,147.95,0.66,4393805728.0,378.71,50.0,7.15,2024-12-25,7.15,378.71
20241226,H20269,中证红利低波动全收益指数,红利低波全收益,CSI Dividend Low Volatility Total Return Index,CSI Dividend Low VolatilityTRI,,,,22354.06,-94.88,-0.42,3393539088.0,297.39,50.0,7.13,2024-12-26,7.13,297.39
20241227,H20269,中证红利低波动全收益指数,红利低波全收益,CSI Dividend Low Volatility Total Return Index,CSI Dividend Low VolatilityTRI,,,,22405.54,51.47,0.23,3934041043.0,343.23,50.0,7.12,2024-12-27,7.12,343.23
20241230,H20269,中证红利低波动全收益指数,红利低波全收益,CSI Dividend Low Volatility Total Return Index,CSI Dividend Low VolatilityTRI,,,,22586.22,180.69,0.81,3999741099.0,358.96,50.0,7.19,2024-12-30,7.19,358.96
20241231,H20269,中证红利低波动全收益指数,红利低波全收益,CSI Dividend Low Volatility Total Return Index,CSI Dividend Low VolatilityTRI,,,,22411.53,-174.7,-0.77,4260613099.0,385.63,50.0,7.14,2024-12-31,7.14,385.63
20250102,H20269,中证红利低波动全收益指数,红利低波全收益,CSI Dividend Low Volatility Total Return Index,CSI Dividend Low VolatilityTRI,,,,21923.43,-488.1,-2.18,4996148726.0,442.48,50.0,6.98,2025-01-02,6.98,442.48
20250103,H20269,中证红利低波动全收益指数,红利低波全收益,CSI Dividend Low Volatility Total Return Index,CSI Dividend Low VolatilityTRI,,,,21678.01,-245.42,-1.12,4184705593.0,360.57,50.0,6.94,2025-01-03,6.94,360.57
20250106,H20269,中证红利低波动全收益指数,红利低波全收益,CSI Dividend Low Volatility Total Return Index,CSI Dividend Low VolatilityTRI,,,,21730.26,52.26,0.24,3931333910.0,338.96,50.0,6.98,2025-01-06,6.98,338.96
20250107,H20269,中证红利低波动全收益指数,红利低波全收益,CSI Dividend Low Volatility Total Return Index,CSI Dividend Low VolatilityTRI,,,,21779.28,49.01,0.23,3312120692.0,282.86,50.0,6.99,2025-01-07,6.99,282.86
20250108,H20269,中证红利低波动全收益指数,红利低波全收益,CSI Dividend Low Volatility Total Return Index,CSI Dividend Low VolatilityTRI,,,,21881.18,101.9,0.47,3943942476.0,343.19,50.0,7.02,2025-01-08,7.02,343.19
20250109,H20269,中证红利低波动全收益指数,红利低波全收益,CSI Dividend Low Volatility Total Return Index,CSI Dividend Low VolatilityTRI,,,,21609.88,-271.29,-1.24,3045055829.0,260.84,50.0,6.94,2025-01-09,6.94,260.84
20250110,H20269,中证红利低波动全收益指数,红利低波全收益,CSI Dividend Low Volatility Total Return Index,CSI Dividend Low VolatilityTRI,,,,21378.9,-230.98,-1.07,3010198299.0,264.76,50.0,6.89,2025-01-10,6.89,264.76
20250113,H20269,中证红利低波动全收益指数,红利低波全收益,CSI Dividend Low Volatility Total Return Index,CSI Dividend Low VolatilityTRI,,,,21171.52,-207.38,-0.97,3214081232.0,275.78,50.0,6.83,2025-01-13,6.83,275.78
20250114,H20269,中证红利低波动全收益指数,红利低波全收益,CSI Dividend Low Volatility Total Return Index,CSI Dividend Low VolatilityTRI,,,,21476.06,304.54,1.44,3415645154.0,309.57,50.0,6.89,2025-01-14,6.89,309.57
20250115,H20269,中证红利低波动全收益指数,红利低波全收益,CSI Dividend Low Volatility Total Return Index,CSI Dividend Low VolatilityTRI,,,,21509.53,33.47,0.16,3312345697.0,298.87,50.0,6.92,2025-01-15,6.92,298.87
20250116,H20269,中证红利低波动全收益指数,红利低波全收益,CSI Dividend Low Volatility Total Return Index,CSI Dividend Low VolatilityTRI,,,,21703.03,193.5,0.9,3062418393.0,275.24,50.0,6.97,2025-01-16,6.97,275.24
20250117,H20269,中证红利低波动全收益指数,红利低波全收益,CSI Dividend Low Volatility Total Return Index,CSI Dividend Low VolatilityTRI,,,,21672.04,-30.98,-0.14,3032540684.0,263.99,50.0,6.91,2025-01-17,6.91,263.99
20250120,H20269,中证红利低波动全收益指数,红利低波全收益,CSI Dividend Low Volatility Total Return Index,CSI Dividend Low VolatilityTRI,,,,21668.86,-3.18,-0.01,3069351204.0,273.56,50.0,6.85,2025-01-20,6.85,273.56
20250121,H20269,中证红利低波动全收益指数,红利低波全收益,CSI Dividend Low Volatility Total Return Index,CSI Dividend Low VolatilityTRI,,,,21517.19,-151.67,-0.7,2749126184.0,243.79,50.0,6.83,2025-01-21,6.83,243.79
20250122,H20269,中证红利低波动全收益指数,红利低波全收益,CSI Dividend Low Volatility Total Return Index,CSI Dividend Low VolatilityTRI,,,,21199.74,-317.45,-1.48,3296008261.0,287.95,50.0,6.71,2025-01-22,6.71,287.95
20250123,H20269,中证红利低波动全收益指数,红利低波全收益,CSI Dividend Low Volatility Total Return Index,CSI Dividend Low VolatilityTRI,,,,21535.0,335.26,1.58,4519917023.0,389.04,50.0,6.85,2025-01-23,6.85,389.04
20250124,H20269,中证红利低波动全收益指数,红利低波全收益,CSI Dividend Low Volatility Total Return Index,CSI Dividend Low VolatilityTRI,,,,21611.07,76.08,0.35,3294149489.0,293.09,50.0,6.84,2025-01-24,6.84,293.09
20250127,H20269,中证红利低波动全收益指数,红利低波全收益,CSI Dividend Low Volatility Total Return Index,CSI Dividend Low VolatilityTRI,,,,21922.35,311.28,1.44,3610739566.0,310.05,50.0,6.96,2025-01-27,6.96,310.05
20250205,H20269,中证红利低波动全收益指数,红利低波全收益,CSI Dividend Low Volatility Total Return Index,CSI Dividend Low VolatilityTRI,,,,21530.95,-391.4,-1.79,3446779495.0,301.27,50.0,6.82,2025-02-05,6.82,301.27
20250206,H20269,中证红利低波动全收益指数,红利低波全收益,CSI Dividend Low Volatility Total Return Index,CSI Dividend Low VolatilityTRI,,,,21540.58,9.63,0.04,2905445492.0,251.43,50.0,6.82,2025-02-06,6.82,251.43
20250207,H20269,中证红利低波动全收益指数,红利低波全收益,CSI Dividend Low Volatility Total Return Index,CSI Dividend Low VolatilityTRI,,,,21565.12,24.54,0.11,3731175137.0,329.4,50.0,6.82,2025-02-07,6.82,329.4
20250210,H20269,中证红利低波动全收益指数,红利低波全收益,CSI Dividend Low Volatility Total Return Index,CSI Dividend Low VolatilityTRI,,,,21542.32,-22.8,-0.11,3208465542.0,304.46,50.0,6.82,2025-02-10,6.82,304.46
20250211,H20269,中证红利低波动全收益指数,红利低波全收益,CSI Dividend Low Volatility Total Return Index,CSI Dividend Low VolatilityTRI,,,,21772.06,229.74,1.07,3804691447.0,318.94,50.0,6.9,2025-02-11,6.9,318.94
20250212,H20269,中证红利低波动全收益指数,红利低波全收益,CSI Dividend Low Volatility Total Return Index,CSI Dividend Low VolatilityTRI,,,,21835.76,63.69,0.29,3340217211.0,294.55,50.0,6.94,2025-02-12,6.94,294.55
20250213,H20269,中证红利低波动全收益指数,红利低波全收益,CSI Dividend Low Volatility Total Return Index,CSI Dividend Low VolatilityTRI,,,,21860.95,25.2,0.12,3611145654.0,312.12,50.0,6.95,2025-02-13,6.95,312.12
20250214,H20269,中证红利低波动全收益指数,红利低波全收益,CSI Dividend Low Volatility Total Return Index,CSI Dividend Low VolatilityTRI,,,,21883.68,22.72,0.1,3598968855.0,329.07,50.0,6.98,2025-02-14,6.98,329.07
20250217,H20269,中证红利低波动全收益指数,红利低波全收益,CSI Dividend Low Volatility Total Return Index,CSI Dividend Low VolatilityTRI,,,,21860.77,-22.91,-0.1,3732930963.0,346.13,50.0,6.98,2025-02-17,6.98,346.13
20250218,H20269,中证红利低波动全收益指数,红利低波全收益,CSI Dividend Low Volatility Total Return Index,CSI Dividend Low VolatilityTRI,,,,21859.34,-1.43,-0.01,4479084114.0,381.57,50.0,7.04,2025-02-18,7.04,381.57
20250219,H20269,中证红利低波动全收益指数,红利低波全收益,CSI Dividend Low Volatility Total Return Index,CSI Dividend Low VolatilityTRI,,,,21859.24,-0.1,0.0,3504758411.0,297.57,50.0,7.0,2025-02-19,7.0,297.57
20250220,H20269,中证红利低波动全收益指数,红利低波全收益,CSI Dividend Low Volatility Total Return Index,CSI Dividend Low VolatilityTRI,,,,21820.46,-38.78,-0.18,2846067935.0,256.4,50.0,7.0,2025-02-20,7.0,256.4
20250221,H20269,中证红利低波动全收益指数,红利低波全收益,CSI Dividend Low Volatility Total Return Index,CSI Dividend Low VolatilityTRI,,,,21613.93,-206.53,-0.95,4526272822.0,408.64,50.0,6.92,2025-02-21,6.92,408.64
20250224,H20269,中证红利低波动全收益指数,红利低波全收益,CSI Dividend Low Volatility Total Return Index,CSI Dividend Low VolatilityTRI,,,,21598.44,-15.49,-0.07,4184264330.0,375.23,50.0,6.89,2025-02-24,6.89,375.23
20250225,H20269,中证红利低波动全收益指数,红利低波全收益,CSI Dividend Low Volatility Total Return Index,CSI Dividend Low VolatilityTRI,,,,21407.88,-190.56,-0.88,3517179265.0,316.66,50.0,6.83,2025-02-25,6.83,316.66
20250226,H20269,中证红利低波动全收益指数,红利低波全收益,CSI Dividend Low Volatility Total Return Index,CSI Dividend Low VolatilityTRI,,,,21565.45,157.58,0.74,3442527349.0,300.01,50.0,6.86,2025-02-26,6.86,300.01
20250227,H20269,中证红利低波动全收益指数,红利低波全收益,CSI Dividend Low Volatility Total Return Index,CSI Dividend Low VolatilityTRI,,,,21752.94,187.49,0.87,3671685921.0,325.34,50.0,6.93,2025-02-27,6.93,325.34
20250228,H20269,中证红利低波动全收益指数,红利低波全收益,CSI Dividend Low Volatility Total Return Index,CSI Dividend Low VolatilityTRI,,,,21647.57,-105.37,-0.48,4040136773.0,359.78,50.0,6.88,2025-02-28,6.88,359.78
20250303,H20269,中证红利低波动全收益指数,红利低波全收益,CSI Dividend Low Volatility Total Return Index,CSI Dividend Low VolatilityTRI,,,,21674.52,26.95,0.12,3550687042.0,298.36,50.0,6.87,2025-03-03,6.87,298.36
20250304,H20269,中证红利低波动全收益指数,红利低波全收益,CSI Dividend Low Volatility Total Return Index,CSI Dividend Low VolatilityTRI,,,,21670.86,-3.66,-0.02,2935317300.0,244.02,50.0,6.82,2025-03-04,6.82,244.02
20250305,H20269,中证红利低波动全收益指数,红利低波全收益,CSI Dividend Low Volatility Total Return Index,CSI Dividend Low VolatilityTRI,,,,21858.03,187.17,0.86,3984811677.0,335.2,50.0,6.91,2025-03-05,6.91,335.2
20250306,H20269,中证红利低波动全收益指数,红利低波全收益,CSI Dividend Low Volatility Total Return Index,CSI Dividend Low VolatilityTRI,,,,21750.1,-107.92,-0.49,3828328796.0,346.5,50.0,6.89,2025-03-06,6.89,346.5
20250307,H20269,中证红利低波动全收益指数,红利低波全收益,CSI Dividend Low Volatility Total Return Index,CSI Dividend Low VolatilityTRI,,,,21715.58,-34.53,-0.16,3011770842.0,271.78,50.0,6.89,2025-03-07,6.89,271.78
20250310,H20269,中证红利低波动全收益指数,红利低波全收益,CSI Dividend Low Volatility Total Return Index,CSI Dividend Low VolatilityTRI,,,,21610.0,-105.58,-0.49,3049211891.0,271.64,50.0,6.84,2025-03-10,6.84,271.64
20250311,H20269,中证红利低波动全收益指数,红利低波全收益,CSI Dividend Low Volatility Total Return Index,CSI Dividend Low VolatilityTRI,,,,21753.35,143.36,0.66,2790240662.0,251.83,50.0,6.88,2025-03-11,6.88,251.83
20250312,H20269,中证红利低波动全收益指数,红利低波全收益,CSI Dividend Low Volatility Total Return Index,CSI Dividend Low VolatilityTRI,,,,21722.39,-30.97,-0.14,2843204042.0,254.51,50.0,6.84,2025-03-12,6.84,254.51
20250313,H20269,中证红利低波动全收益指数,红利低波全收益,CSI Dividend Low Volatility Total Return Index,CSI Dividend Low VolatilityTRI,,,,21833.42,111.04,0.51,3138941882.0,290.45,50.0,6.88,2025-03-13,6.88,290.45
20250314,H20269,中证红利低波动全收益指数,红利低波全收益,CSI Dividend Low Volatility Total Return Index,CSI Dividend Low VolatilityTRI,,,,22018.65,185.22,0.85,4596241755.0,452.39,50.0,6.95,2025-03-14,6.95,452.39
20250317,H20269,中证红利低波动全收益指数,红利低波全收益,CSI Dividend Low Volatility Total Return Index,CSI Dividend Low VolatilityTRI,,,,22087.67,69.02,0.31,3307611921.0,309.45,50.0,6.98,2025-03-17,6.98,309.45
20250318,H20269,中证红利低波动全收益指数,红利低波全收益,CSI Dividend Low Volatility Total Return Index,CSI Dividend Low VolatilityTRI,,,,22065.5,-22.17,-0.1,2372203788.0,229.7,50.0,6.98,2025-03-18,6.98,229.7
20250319,H20269,中证红利低波动全收益指数,红利低波全收益,CSI Dividend Low Volatility Total Return Index,CSI Dividend Low VolatilityTRI,,,,22207.77,142.27,0.64,3011684304.0,284.3,50.0,7.04,2025-03-19,7.04,284.3
20250320,H20269,中证红利低波动全收益指数,红利低波全收益,CSI Dividend Low Volatility Total Return Index,CSI Dividend Low VolatilityTRI,,,,22111.0,-96.77,-0.44,2831590338.0,307.15,50.0,7.0,2025-03-20,7.0,307.15
20250321,H20269,中证红利低波动全收益指数,红利低波全收益,CSI Dividend Low Volatility Total Return Index,CSI Dividend Low VolatilityTRI,,,,22042.27,-68.73,-0.31,3395546012.0,348.06,50.0,6.94,2025-03-21,6.94,348.06
20250324,H20269,中证红利低波动全收益指数,红利低波全收益,CSI Dividend Low Volatility Total Return Index,CSI Dividend Low VolatilityTRI,,,,22189.26,146.99,0.67,3353593367.0,300.05,50.0,7.0,2025-03-24,7.0,300.05
20250325,H20269,中证红利低波动全收益指数,红利低波全收益,CSI Dividend Low Volatility Total Return Index,CSI Dividend Low VolatilityTRI,,,,22341.45,152.18,0.69,2852339450.0,247.11,50.0,7.04,2025-03-25,7.04,247.11
20250326,H20269,中证红利低波动全收益指数,红利低波全收益,CSI Dividend Low Volatility Total Return Index,CSI Dividend Low VolatilityTRI,,,,22270.31,-71.14,-0.32,2754068414.0,286.24,50.0,6.99,2025-03-26,6.99,286.24
20250327,H20269,中证红利低波动全收益指数,红利低波全收益,CSI Dividend Low Volatility Total Return Index,CSI Dividend Low VolatilityTRI,,,,22318.25,47.94,0.22,2572136382.0,244.71,50.0,7.02,2025-03-27,7.02,244.71
20250328,H20269,中证红利低波动全收益指数,红利低波全收益,CSI Dividend Low Volatility Total Return Index,CSI Dividend Low VolatilityTRI,,,,22247.19,-71.06,-0.32,2926221225.0,242.21,50.0,6.99,2025-03-28,6.99,242.21
20250331,H20269,中证红利低波动全收益指数,红利低波全收益,CSI Dividend Low Volatility Total Return Index,CSI Dividend Low VolatilityTRI,,,,22260.41,13.22,0.06,4525085453.0,364.09,50.0,7.03,2025-03-31,7.03,364.09
20250401,H20269,中证红利低波动全收益指数,红利低波全收益,CSI Dividend Low Volatility Total Return Index,CSI Dividend Low VolatilityTRI,,,,22314.2,53.79,0.24,3558025528.0,290.59,50.0,7.0,2025-04-01,7.0,290.59
20250402,H20269,中证红利低波动全收益指数,红利低波全收益,CSI Dividend Low Volatility Total Return Index,CSI Dividend Low VolatilityTRI,,,,22479.56,165.36,0.74,3029222472.0,252.26,50.0,7.03,2025-04-02,7.03,252.26
20250403,H20269,中证红利低波动全收益指数,红利低波全收益,CSI Dividend Low Volatility Total Return Index,CSI Dividend Low VolatilityTRI,,,,22530.12,50.56,0.22,3136843617.0,277.39,50.0,7.06,2025-04-03,7.06,277.39
20250407,H20269,中证红利低波动全收益指数,红利低波全收益,CSI Dividend Low Volatility Total Return Index,CSI Dividend Low VolatilityTRI,,,,21324.62,-1205.5,-5.35,7997863080.0,728.01,50.0,6.74,2025-04-07,6.74,728.01
20250408,H20269,中证红利低波动全收益指数,红利低波全收益,CSI Dividend Low Volatility Total Return Index,CSI Dividend Low VolatilityTRI,,,,21788.52,463.9,2.18,6420168864.0,589.98,50.0,6.87,2025-04-08,6.87,589.98
20250409,H20269,中证红利低波动全收益指数,红利低波全收益,CSI Dividend Low Volatility Total Return Index,CSI Dividend Low VolatilityTRI,,,,21730.62,-57.9,-0.27,5234492949.0,455.05,50.0,6.81,2025-04-09,6.81,455.05
20250410,H20269,中证红利低波动全收益指数,红利低波全收益,CSI Dividend Low Volatility Total Return Index,CSI Dividend Low VolatilityTRI,,,,21855.52,124.9,0.57,4311813139.0,379.77,50.0,6.83,2025-04-10,6.83,379.77
20250411,H20269,中证红利低波动全收益指数,红利低波全收益,CSI Dividend Low Volatility Total Return Index,CSI Dividend Low VolatilityTRI,,,,21750.85,-104.67,-0.48,3531937224.0,294.91,50.0,6.85,2025-04-11,6.85,294.91
20250414,H20269,中证红利低波动全收益指数,红利低波全收益,CSI Dividend Low Volatility Total Return Index,CSI Dividend Low VolatilityTRI,,,,21927.37,176.52,0.81,3498878207.0,295.76,50.0,6.91,2025-04-14,6.91,295.76
20250415,H20269,中证红利低波动全收益指数,红利低波全收益,CSI Dividend Low Volatility Total Return Index,CSI Dividend Low VolatilityTRI,,,,22174.99,247.62,1.13,3631517071.0,309.48,50.0,7.01,2025-04-15,7.01,309.48
20250416,H20269,中证红利低波动全收益指数,红利低波全收益,CSI Dividend Low Volatility Total Return Index,CSI Dividend Low VolatilityTRI,,,,22366.85,191.86,0.87,3981189425.0,348.38,50.0,7.1,2025-04-16,7.1,348.38
20250417,H20269,中证红利低波动全收益指数,红利低波全收益,CSI Dividend Low Volatility Total Return Index,CSI Dividend Low VolatilityTRI,,,,22392.7,25.85,0.12,2730309374.0,240.64,50.0,7.11,2025-04-17,7.11,240.64
20250418,H20269,中证红利低波动全收益指数,红利低波全收益,CSI Dividend Low Volatility Total Return Index,CSI Dividend Low VolatilityTRI,,,,22454.47,61.77,0.28,2679662428.0,235.58,50.0,7.15,2025-04-18,7.15,235.58
20250421,H20269,中证红利低波动全收益指数,红利低波全收益,CSI Dividend Low Volatility Total Return Index,CSI Dividend Low VolatilityTRI,,,,22309.63,-144.84,-0.65,3052801289.0,260.16,50.0,7.08,2025-04-21,7.08,260.16
20250422,H20269,中证红利低波动全收益指数,红利低波全收益,CSI Dividend Low Volatility Total Return Index,CSI Dividend Low VolatilityTRI,,,,22436.61,126.98,0.57,2898840960.0,245.66,50.0,7.15,2025-04-22,7.15,245.66
20250423,H20269,中证红利低波动全收益指数,红利低波全收益,CSI Dividend Low Volatility Total Return Index,CSI Dividend Low VolatilityTRI,,,,22331.24,-105.38,-0.47,2482085805.0,224.31,50.0,7.12,2025-04-23,7.12,224.31
20250424,H20269,中证红利低波动全收益指数,红利低波全收益,CSI Dividend Low Volatility Total Return Index,CSI Dividend Low VolatilityTRI,,,,22563.18,231.95,1.04,2928411467.0,258.15,50.0,7.21,2025-04-24,7.21,258.15
20250425,H20269,中证红利低波动全收益指数,红利低波全收益,CSI Dividend Low Volatility Total Return Index,CSI Dividend Low VolatilityTRI,,,,22531.26,-31.92,-0.14,2719555308.0,239.49,50.0,7.16,2025-04-25,7.16,239.49
20250428,H20269,中证红利低波动全收益指数,红利低波全收益,CSI Dividend Low Volatility Total Return Index,CSI Dividend Low VolatilityTRI,,,,22643.6,112.34,0.5,2984073070.0,274.67,50.0,7.22,2025-04-28,7.22,274.67
20250429,H20269,中证红利低波动全收益指数,红利低波全收益,CSI Dividend Low Volatility Total Return Index,CSI Dividend Low VolatilityTRI,,,,22579.07,-64.53,-0.28,2745533314.0,247.25,50.0,7.19,2025-04-29,7.19,247.25
20250430,H20269,中证红利低波动全收益指数,红利低波全收益,CSI Dividend Low Volatility Total Return Index,CSI Dividend Low VolatilityTRI,,,,22188.15,-390.92,-1.73,4821021456.0,410.05,50.0,7.03,2025-04-30,7.03,410.05
20250506,H20269,中证红利低波动全收益指数,红利低波全收益,CSI Dividend Low Volatility Total Return Index,CSI Dividend Low VolatilityTRI,,,,22225.19,37.05,0.17,3863812648.0,330.03,50.0,6.96,2025-05-06,6.96,330.03
20250507,H20269,中证红利低波动全收益指数,红利低波全收益,CSI Dividend Low Volatility Total Return Index,CSI Dividend Low VolatilityTRI,,,,22420.45,195.26,0.88,3810767598.0,330.2,50.0,7.07,2025-05-07,7.07,330.2
20250508,H20269,中证红利低波动全收益指数,红利低波全收益,CSI Dividend Low Volatility Total Return Index,CSI Dividend Low VolatilityTRI,,,,22538.79,118.34,0.53,3064420996.0,297.8,50.0,7.09,2025-05-08,7.09,297.8
20250509,H20269,中证红利低波动全收益指数,红利低波全收益,CSI Dividend Low Volatility Total Return Index,CSI Dividend Low VolatilityTRI,,,,22712.38,173.59,0.77,3086540815.0,282.16,50.0,7.16,2025-05-09,7.16,282.16
20250512,H20269,中证红利低波动全收益指数,红利低波全收益,CSI Dividend Low Volatility Total Return Index,CSI Dividend Low VolatilityTRI,,,,22723.16,10.77,0.05,3106112900.0,302.18,50.0,7.17,2025-05-12,7.17,302.18
20250513,H20269,中证红利低波动全收益指数,红利低波全收益,CSI Dividend Low Volatility Total Return Index,CSI Dividend Low VolatilityTRI,,,,22957.89,234.74,1.03,3471584451.0,314.42,50.0,7.25,2025-05-13,7.25,314.42
20250514,H20269,中证红利低波动全收益指数,红利低波全收益,CSI Dividend Low Volatility Total Return Index,CSI Dividend Low VolatilityTRI,,,,23093.14,135.25,0.59,3644594311.0,395.01,50.0,7.31,2025-05-14,7.31,395.01
20250515,H20269,中证红利低波动全收益指数,红利低波全收益,CSI Dividend Low Volatility Total Return Index,CSI Dividend Low VolatilityTRI,,,,22997.57,-95.57,-0.41,2869593319.0,282.76,50.0,7.3,2025-05-15,7.3,282.76
20250516,H20269,中证红利低波动全收益指数,红利低波全收益,CSI Dividend Low Volatility Total Return Index,CSI Dividend Low VolatilityTRI,,,,22855.92,-141.65,-0.62,3041281657.0,279.26,50.0,7.22,2025-05-16,7.22,279.26
20250519,H20269,中证红利低波动全收益指数,红利低波全收益,CSI Dividend Low Volatility Total Return Index,CSI Dividend Low VolatilityTRI,,,,22904.5,48.58,0.21,2382782055.0,223.75,50.0,7.2,2025-05-19,7.2,223.75
20250520,H20269,中证红利低波动全收益指数,红利低波全收益,CSI Dividend Low Volatility Total Return Index,CSI Dividend Low VolatilityTRI,,,,22986.11,81.61,0.36,2313546713.0,225.3,50.0,7.22,2025-05-20,7.22,225.3
20250521,H20269,中证红利低波动全收益指数,红利低波全收益,CSI Dividend Low Volatility Total Return Index,CSI Dividend Low VolatilityTRI,,,,23130.14,144.03,0.63,2506875203.0,242.26,50.0,7.25,2025-05-21,7.25,242.26
20250522,H20269,中证红利低波动全收益指数,红利低波全收益,CSI Dividend Low Volatility Total Return Index,CSI Dividend Low VolatilityTRI,,,,23235.86,105.72,0.46,2620797140.0,243.1,50.0,7.29,2025-05-22,7.29,243.1
20250523,H20269,中证红利低波动全收益指数,红利低波全收益,CSI Dividend Low Volatility Total Return Index,CSI Dividend Low VolatilityTRI,,,,23053.96,-181.9,-0.78,2948963216.0,269.04,50.0,7.22,2025-05-23,7.22,269.04
20250526,H20269,中证红利低波动全收益指数,红利低波全收益,CSI Dividend Low Volatility Total Return Index,CSI Dividend Low VolatilityTRI,,,,22966.21,-87.74,-0.38,2650784923.0,239.69,50.0,7.18,2025-05-26,7.18,239.69
20250527,H20269,中证红利低波动全收益指数,红利低波全收益,CSI Dividend Low Volatility Total Return Index,CSI Dividend Low VolatilityTRI,,,,23010.51,44.3,0.19,2411760604.0,215.54,50.0,7.19,2025-05-27,7.19,215.54
20250528,H20269,中证红利低波动全收益指数,红利低波全收益,CSI Dividend Low Volatility Total Return Index,CSI Dividend Low VolatilityTRI,,,,23122.28,111.77,0.49,2383942593.0,219.05,50.0,7.21,2025-05-28,7.21,219.05
20250529,H20269,中证红利低波动全收益指数,红利低波全收益,CSI Dividend Low Volatility Total Return Index,CSI Dividend Low VolatilityTRI,,,,23097.72,-24.56,-0.11,2559694746.0,238.48,50.0,7.19,2025-05-29,7.19,238.48
20250530,H20269,中证红利低波动全收益指数,红利低波全收益,CSI Dividend Low Volatility Total Return Index,CSI Dividend Low VolatilityTRI,,,,23176.36,78.63,0.34,3221909779.0,292.74,50.0,7.22,2025-05-30,7.22,292.74
20250603,H20269,中证红利低波动全收益指数,红利低波全收益,CSI Dividend Low Volatility Total Return Index,CSI Dividend Low VolatilityTRI,,,,23417.63,241.28,1.04,3892996858.0,364.94,50.0,7.29,2025-06-03,7.29,364.94
20250604,H20269,中证红利低波动全收益指数,红利低波全收益,CSI Dividend Low Volatility Total Return Index,CSI Dividend Low VolatilityTRI,,,,23525.32,107.68,0.46,2723353971.0,263.06,50.0,7.29,2025-06-04,7.29,263.06
20250605,H20269,中证红利低波动全收益指数,红利低波全收益,CSI Dividend Low Volatility Total Return Index,CSI Dividend Low VolatilityTRI,,,,23348.85,-176.46,-0.75,2813900148.0,262.69,50.0,7.28,2025-06-05,7.28,262.69
20250606,H20269,中证红利低波动全收益指数,红利低波全收益,CSI Dividend Low Volatility Total Return Index,CSI Dividend Low VolatilityTRI,,,,23402.1,53.25,0.23,2523277319.0,234.2,50.0,7.3,2025-06-06,7.3,234.2
20250609,H20269,中证红利低波动全收益指数,红利低波全收益,CSI Dividend Low Volatility Total Return Index,CSI Dividend Low VolatilityTRI,,,,23413.48,11.38,0.05,3143077409.0,283.76,50.0,7.31,2025-06-09,7.31,283.76
20250610,H20269,中证红利低波动全收益指数,红利低波全收益,CSI Dividend Low Volatility Total Return Index,CSI Dividend Low VolatilityTRI,,,,23451.3,37.81,0.16,3742777361.0,333.41,50.0,7.33,2025-06-10,7.33,333.41
20250611,H20269,中证红利低波动全收益指数,红利低波全收益,CSI Dividend Low Volatility Total Return Index,CSI Dividend Low VolatilityTRI,,,,23494.66,43.37,0.18,2720491064.0,278.36,50.0,7.37,2025-06-11,7.37,278.36
20250612,H20269,中证红利低波动全收益指数,红利低波全收益,CSI Dividend Low Volatility Total Return Index,CSI Dividend Low VolatilityTRI,,,,23582.79,88.13,0.38,3003160308.0,293.56,50.0,7.37,2025-06-12,7.37,293.56
20250613,H20269,中证红利低波动全收益指数,红利低波全收益,CSI Dividend Low Volatility Total Return Index,CSI Dividend Low VolatilityTRI,,,,23416.53,-166.26,-0.71,4866558491.0,436.43,50.0,7.34,2025-06-13,7.34,436.43
20250616,H20269,中证红利低波动全收益指数,红利低波全收益,CSI Dividend Low Volatility Total Return Index,CSI Dividend Low VolatilityTRI,,,,23549.41,132.88,0.57,3807220160.0,328.96,50.0,7.39,2025-06-16,7.39,328.96
20250617,H20269,中证红利低波动全收益指数,红利低波全收益,CSI Dividend Low Volatility Total Return Index,CSI Dividend Low VolatilityTRI,,,,23494.85,-54.56,-0.23,2774815907.0,260.41,50.0,7.41,2025-06-17,7.41,260.41
20250618,H20269,中证红利低波动全收益指数,红利低波全收益,CSI Dividend Low Volatility Total Return Index,CSI Dividend Low VolatilityTRI,,,,23632.36,137.51,0.59,3381135757.0,297.22,50.0,7.48,2025-06-18,7.48,297.22
20250619,H20269,中证红利低波动全收益指数,红利低波全收益,CSI Dividend Low Volatility Total Return Index,CSI Dividend Low VolatilityTRI,,,,23568.76,-63.6,-0.27,3100758104.0,282.84,50.0,7.49,2025-06-19,7.49,282.84
20250620,H20269,中证红利低波动全收益指数,红利低波全收益,CSI Dividend Low Volatility Total Return Index,CSI Dividend Low VolatilityTRI,,,,23686.52,117.75,0.5,3434343102.0,337.8,50.0,7.52,2025-06-20,7.52,337.8
20250623,H20269,中证红利低波动全收益指数,红利低波全收益,CSI Dividend Low Volatility Total Return Index,CSI Dividend Low VolatilityTRI,,,,23828.9,142.38,0.6,3995102282.0,378.04,50.0,7.6,2025-06-23,7.6,378.04
20250624,H20269,中证红利低波动全收益指数,红利低波全收益,CSI Dividend Low Volatility Total Return Index,CSI Dividend Low VolatilityTRI,,,,23887.09,58.2,0.24,4382329516.0,434.68,50.0,7.63,2025-06-24,7.63,434.68
20250625,H20269,中证红利低波动全收益指数,红利低波全收益,CSI Dividend Low Volatility Total Return Index,CSI Dividend Low VolatilityTRI,,,,24071.92,184.83,0.77,4054767801.0,404.59,50.0,7.66,2025-06-25,7.66,404.59
20250626,H20269,中证红利低波动全收益指数,红利低波全收益,CSI Dividend Low Volatility Total Return Index,CSI Dividend Low VolatilityTRI,,,,24180.03,108.11,0.45,3567045213.0,344.85,50.0,7.68,2025-06-26,7.68,344.85
20250627,H20269,中证红利低波动全收益指数,红利低波全收益,CSI Dividend Low Volatility Total Return Index,CSI Dividend Low VolatilityTRI,,,,23813.16,-366.87,-1.52,5306380863.0,493.44,50.0,7.49,2025-06-27,7.49,493.44
20250630,H20269,中证红利低波动全收益指数,红利低波全收益,CSI Dividend Low Volatility Total Return Index,CSI Dividend Low VolatilityTRI,,,,23769.64,-43.52,-0.18,3374055178.0,321.47,50.0,7.48,2025-06-30,7.48,321.47
20250701,H20269,中证红利低波动全收益指数,红利低波全收益,CSI Dividend Low Volatility Total Return Index,CSI Dividend Low VolatilityTRI,,,,24015.5,245.87,1.03,3008924408.0,274.55,50.0,7.55,2025-07-01,7.55,274.55
20250702,H20269,中证红利低波动全收益指数,红利低波全收益,CSI Dividend Low Volatility Total Return Index,CSI Dividend Low VolatilityTRI,,,,24069.18,53.68,0.22,2896522564.0,277.91,50.0,7.57,2025-07-02,7.57,277.91
20250703,H20269,中证红利低波动全收益指数,红利低波全收益,CSI Dividend Low Volatility Total Return Index,CSI Dividend Low VolatilityTRI,,,,24074.05,4.86,0.02,2639437837.0,256.65,50.0,7.55,2025-07-03,7.55,256.65
20250704,H20269,中证红利低波动全收益指数,红利低波全收益,CSI Dividend Low Volatility Total Return Index,CSI Dividend Low VolatilityTRI,,,,24302.14,228.09,0.95,3539828754.0,349.66,50.0,7.65,2025-07-04,7.65,349.66
20250707,H20269,中证红利低波动全收益指数,红利低波全收益,CSI Dividend Low Volatility Total Return Index,CSI Dividend Low VolatilityTRI,,,,24426.11,123.97,0.51,3088467817.0,291.37,50.0,7.68,2025-07-07,7.68,291.37
20250708,H20269,中证红利低波动全收益指数,红利低波全收益,CSI Dividend Low Volatility Total Return Index,CSI Dividend Low VolatilityTRI,,,,24374.27,-51.84,-0.21,2893900035.0,286.23,50.0,7.69,2025-07-08,7.69,286.23
20250709,H20269,中证红利低波动全收益指数,红利低波全收益,CSI Dividend Low Volatility Total Return Index,CSI Dividend Low VolatilityTRI,,,,24506.08,131.81,0.54,3374153148.0,326.02,50.0,7.73,2025-07-09,7.73,326.02
20250710,H20269,中证红利低波动全收益指数,红利低波全收益,CSI Dividend Low Volatility Total Return Index,CSI Dividend Low VolatilityTRI,,,,24637.83,131.75,0.54,4693810331.0,471.78,50.0,7.82,2025-07-10,7.82,471.78
20250711,H20269,中证红利低波动全收益指数,红利低波全收益,CSI Dividend Low Volatility Total Return Index,CSI Dividend Low VolatilityTRI,,,,24414.19,-223.64,-0.91,6289256464.0,614.71,50.0,7.72,2025-07-11,7.72,614.71
20250714,H20269,中证红利低波动全收益指数,红利低波全收益,CSI Dividend Low Volatility Total Return Index,CSI Dividend Low VolatilityTRI,,,,24589.14,174.95,0.72,4337765605.0,399.32,50.0,7.75,2025-07-14,7.75,399.32
20250715,H20269,中证红利低波动全收益指数,红利低波全收益,CSI Dividend Low Volatility Total Return Index,CSI Dividend Low VolatilityTRI,,,,24362.01,-227.13,-0.92,3399375936.0,329.01,50.0,7.7,2025-07-15,7.7,329.01
20250716,H20269,中证红利低波动全收益指数,红利低波全收益,CSI Dividend Low Volatility Total Return Index,CSI Dividend Low VolatilityTRI,,,,24272.74,-89.27,-0.37,3273727254.0,309.05,50.0,7.69,2025-07-16,7.69,309.05
20250717,H20269,中证红利低波动全收益指数,红利低波全收益,CSI Dividend Low Volatility Total Return Index,CSI Dividend Low VolatilityTRI,,,,24228.66,-44.08,-0.18,2846929266.0,264.26,50.0,7.62,2025-07-17,7.62,264.26
20250718,H20269,中证红利低波动全收益指数,红利低波全收益,CSI Dividend Low Volatility Total Return Index,CSI Dividend Low VolatilityTRI,,,,24350.29,121.63,0.5,2890896796.0,282.68,50.0,7.66,2025-07-18,7.66,282.68
20250721,H20269,中证红利低波动全收益指数,红利低波全收益,CSI Dividend Low Volatility Total Return Index,CSI Dividend Low VolatilityTRI,,,,24354.24,3.96,0.02,3628323887.0,341.51,50.0,7.63,2025-07-21,7.63,341.51
20250722,H20269,中证红利低波动全收益指数,红利低波全收益,CSI Dividend Low Volatility Total Return Index,CSI Dividend Low VolatilityTRI,,,,24401.37,47.12,0.19,5318620585.0,508.39,50.0,7.59,2025-07-22,7.59,508.39
20250723,H20269,中证红利低波动全收益指数,红利低波全收益,CSI Dividend Low Volatility Total Return Index,CSI Dividend Low VolatilityTRI,,,,24431.9,30.53,0.13,5207733642.0,504.38,50.0,7.64,2025-07-23,7.64,504.38
20250724,H20269,中证红利低波动全收益指数,红利低波全收益,CSI Dividend Low Volatility Total Return Index,CSI Dividend Low VolatilityTRI,,,,24241.26,-190.64,-0.78,4914187946.0,470.73,50.0,7.56,2025-07-24,7.56,470.73
20250725,H20269,中证红利低波动全收益指数,红利低波全收益,CSI Dividend Low Volatility Total Return Index,CSI Dividend Low VolatilityTRI,,,,24078.49,-162.76,-0.67,3940869721.0,373.39,50.0,7.51,2025-07-25,7.51,373.39
20250728,H20269,中证红利低波动全收益指数,红利低波全收益,CSI Dividend Low Volatility Total Return Index,CSI Dividend Low VolatilityTRI,,,,23995.71,-82.79,-0.34,3579776467.0,385.96,50.0,7.5,2025-07-28,7.5,385.96
20250729,H20269,中证红利低波动全收益指数,红利低波全收益,CSI Dividend Low Volatility Total Return Index,CSI Dividend Low VolatilityTRI,,,,23854.57,-141.13,-0.59,3753801381.0,357.47,50.0,7.46,2025-07-29,7.46,357.47
20250730,H20269,中证红利低波动全收益指数,红利低波全收益,CSI Dividend Low Volatility Total Return Index,CSI Dividend Low VolatilityTRI,,,,23953.81,99.24,0.42,4028511669.0,395.88,50.0,7.53,2025-07-30,7.53,395.88
20250731,H20269,中证红利低波动全收益指数,红利低波全收益,CSI Dividend Low Volatility Total Return Index,CSI Dividend Low VolatilityTRI,,,,23667.0,-286.81,-1.2,4411261541.0,417.95,50.0,7.53,2025-07-31,7.53,417.95
20250801,H20269,中证红利低波动全收益指数,红利低波全收益,CSI Dividend Low Volatility Total Return Index,CSI Dividend Low VolatilityTRI,,,,23662.37,-4.63,-0.02,3838886393.0,350.04,50.0,7.5,2025-08-01,7.5,350.04
20250804,H20269,中证红利低波动全收益指数,红利低波全收益,CSI Dividend Low Volatility Total Return Index,CSI Dividend Low VolatilityTRI,,,,23805.49,143.12,0.6,3735973482.0,331.83,50.0,7.55,2025-08-04,7.55,331.83
20250805,H20269,中证红利低波动全收益指数,红利低波全收益,CSI Dividend Low Volatility Total Return Index,CSI Dividend Low VolatilityTRI,,,,24105.96,300.47,1.26,3756322823.0,346.21,50.0,7.65,2025-08-05,7.65,346.21
20250806,H20269,中证红利低波动全收益指数,红利低波全收益,CSI Dividend Low Volatility Total Return Index,CSI Dividend Low VolatilityTRI,,,,24138.66,32.7,0.14,3145082866.0,298.98,50.0,7.67,2025-08-06,7.67,298.98
20250807,H20269,中证红利低波动全收益指数,红利低波全收益,CSI Dividend Low Volatility Total Return Index,CSI Dividend Low VolatilityTRI,,,,24216.25,77.59,0.32,3195210969.0,306.72,50.0,7.73,2025-08-07,7.73,306.72
20250808,H20269,中证红利低波动全收益指数,红利低波全收益,CSI Dividend Low Volatility Total Return Index,CSI Dividend Low VolatilityTRI,,,,24257.01,40.76,0.17,2891494438.0,287.63,50.0,7.71,2025-08-08,7.71,287.63
20250811,H20269,中证红利低波动全收益指数,红利低波全收益,CSI Dividend Low Volatility Total Return Index,CSI Dividend Low VolatilityTRI,,,,24101.33,-155.68,-0.64,3659400345.0,350.19,50.0,7.65,2025-08-11,7.65,350.19
20250812,H20269,中证红利低波动全收益指数,红利低波全收益,CSI Dividend Low Volatility Total Return Index,CSI Dividend Low VolatilityTRI,,,,24186.2,84.87,0.35,3332561204.0,323.46,50.0,7.72,2025-08-12,7.72,323.46
20250813,H20269,中证红利低波动全收益指数,红利低波全收益,CSI Dividend Low Volatility Total Return Index,CSI Dividend Low VolatilityTRI,,,,24064.53,-121.68,-0.5,4356536558.0,424.91,50.0,7.65,2025-08-13,7.65,424.91
20250814,H20269,中证红利低波动全收益指数,红利低波全收益,CSI Dividend Low Volatility Total Return Index,CSI Dividend Low VolatilityTRI,,,,24052.98,-11.55,-0.05,3653088620.0,380.77,50.0,7.67,2025-08-14,7.67,380.77
20250815,H20269,中证红利低波动全收益指数,红利低波全收益,CSI Dividend Low Volatility Total Return Index,CSI Dividend Low VolatilityTRI,,,,23987.23,-65.74,-0.27,5737305521.0,539.11,50.0,7.58,2025-08-15,7.58,539.11
20250818,H20269,中证红利低波动全收益指数,红利低波全收益,CSI Dividend Low Volatility Total Return Index,CSI Dividend Low VolatilityTRI,,,,24052.83,65.59,0.27,4620170557.0,463.27,50.0,7.59,2025-08-18,7.59,463.27
20250819,H20269,中证红利低波动全收益指数,红利低波全收益,CSI Dividend Low Volatility Total Return Index,CSI Dividend Low VolatilityTRI,,,,24067.12,14.29,0.06,4063827259.0,424.77,50.0,7.62,2025-08-19,7.62,424.77
20250820,H20269,中证红利低波动全收益指数,红利低波全收益,CSI Dividend Low Volatility Total Return Index,CSI Dividend Low VolatilityTRI,,,,24261.25,194.13,0.81,4275227214.0,418.41,50.0,7.67,2025-08-20,7.67,418.41
20250821,H20269,中证红利低波动全收益指数,红利低波全收益,CSI Dividend Low Volatility Total Return Index,CSI Dividend Low VolatilityTRI,,,,24383.6,122.35,0.5,3928867443.0,381.56,50.0,7.75,2025-08-21,7.75,381.56
20250822,H20269,中证红利低波动全收益指数,红利低波全收益,CSI Dividend Low Volatility Total Return Index,CSI Dividend Low VolatilityTRI,,,,24316.62,-66.98,-0.27,4230500548.0,422.35,50.0,7.75,2025-08-22,7.75,422.35
20250825,H20269,中证红利低波动全收益指数,红利低波全收益,CSI Dividend Low Volatility Total Return Index,CSI Dividend Low VolatilityTRI,,,,24538.63,222.02,0.91,4838138770.0,470.87,50.0,7.77,2025-08-25,7.77,470.87
20250826,H20269,中证红利低波动全收益指数,红利低波全收益,CSI Dividend Low Volatility Total Return Index,CSI Dividend Low VolatilityTRI,,,,24479.24,-59.39,-0.24,3855477832.0,378.48,50.0,7.75,2025-08-26,7.75,378.48
20250827,H20269,中证红利低波动全收益指数,红利低波全收益,CSI Dividend Low Volatility Total Return Index,CSI Dividend Low VolatilityTRI,,,,24039.24,-440.0,-1.8,5234680827.0,510.87,50.0,7.59,2025-08-27,7.59,510.87
20250828,H20269,中证红利低波动全收益指数,红利低波全收益,CSI Dividend Low Volatility Total Return Index,CSI Dividend Low VolatilityTRI,,,,24084.89,45.65,0.19,4669081235.0,454.73,50.0,7.58,2025-08-28,7.58,454.73
20250829,H20269,中证红利低波动全收益指数,红利低波全收益,CSI Dividend Low Volatility Total Return Index,CSI Dividend Low VolatilityTRI,,,,23973.51,-111.38,-0.46,6348702073.0,605.85,50.0,7.58,2025-08-29,7.58,605.85
20250901,H20269,中证红利低波动全收益指数,红利低波全收益,CSI Dividend Low Volatility Total Return Index,CSI Dividend Low VolatilityTRI,,,,23941.26,-32.26,-0.13,6217724450.0,579.34,50.0,7.86,2025-09-01,7.86,579.34
20250902,H20269,中证红利低波动全收益指数,红利低波全收益,CSI Dividend Low Volatility Total Return Index,CSI Dividend Low VolatilityTRI,,,,24141.37,200.12,0.84,5901032267.0,569.52,50.0,8.02,2025-09-02,8.02,569.52
20250903,H20269,中证红利低波动全收益指数,红利低波全收益,CSI Dividend Low Volatility Total Return Index,CSI Dividend Low VolatilityTRI,,,,23873.24,-268.13,-1.11,4203073210.0,405.28,50.0,7.94,2025-09-03,7.94,405.28
20250904,H20269,中证红利低波动全收益指数,红利低波全收益,CSI Dividend Low Volatility Total Return Index,CSI Dividend Low VolatilityTRI,,,,23935.65,62.41,0.26,6303280894.0,570.53,50.0,8.05,2025-09-04,8.05,570.53
20250905,H20269,中证红利低波动全收益指数,红利低波全收益,CSI Dividend Low Volatility Total Return Index,CSI Dividend Low VolatilityTRI,,,,23827.44,-108.21,-0.45,4208356815.0,383.18,50.0,7.94,2025-09-05,7.94,383.18
20250908,H20269,中证红利低波动全收益指数,红利低波全收益,CSI Dividend Low Volatility Total Return Index,CSI Dividend Low VolatilityTRI,,,,23856.63,29.2,0.12,4396534561.0,405.47,50.0,7.9,2025-09-08,7.9,405.47
20250909,H20269,中证红利低波动全收益指数,红利低波全收益,CSI Dividend Low Volatility Total Return Index,CSI Dividend Low VolatilityTRI,,,,23956.77,100.14,0.42,3675543242.0,333.84,50.0,7.93,2025-09-09,7.93,333.84
20250910,H20269,中证红利低波动全收益指数,红利低波全收益,CSI Dividend Low Volatility Total Return Index,CSI Dividend Low VolatilityTRI,,,,23914.11,-42.66,-0.18,3548147912.0,310.75,50.0,7.93,2025-09-10,7.93,310.75
20250911,H20269,中证红利低波动全收益指数,红利低波全收益,CSI Dividend Low Volatility Total Return Index,CSI Dividend Low VolatilityTRI,,,,23996.86,82.75,0.35,4292038184.0,396.26,50.0,7.95,2025-09-11,7.95,396.26
20250912,H20269,中证红利低波动全收益指数,红利低波全收益,CSI Dividend Low Volatility Total Return Index,CSI Dividend Low VolatilityTRI,,,,23821.92,-174.94,-0.73,4367995086.0,408.57,50.0,7.89,2025-09-12,7.89,408.57
20250915,H20269,中证红利低波动全收益指数,红利低波全收益,CSI Dividend Low Volatility Total Return Index,CSI Dividend Low VolatilityTRI,,,,23638.18,-183.74,-0.77,4198444316.0,378.84,50.0,7.85,2025-09-15,7.85,378.84
20250916,H20269,中证红利低波动全收益指数,红利低波全收益,CSI Dividend Low Volatility Total Return Index,CSI Dividend Low VolatilityTRI,,,,23552.92,-85.26,-0.36,5031806622.0,428.44,50.0,7.77,2025-09-16,7.77,428.44
20250917,H20269,中证红利低波动全收益指数,红利低波全收益,CSI Dividend Low Volatility Total Return Index,CSI Dividend Low VolatilityTRI,,,,23636.22,83.3,0.35,4082031624.0,375.16,50.0,7.75,2025-09-17,7.75,375.16
20250918,H20269,中证红利低波动全收益指数,红利低波全收益,CSI Dividend Low Volatility Total Return Index,CSI Dividend Low VolatilityTRI,,,,23167.55,-468.67,-1.98,5353213387.0,502.98,50.0,7.57,2025-09-18,7.57,502.98
20250919,H20269,中证红利低波动全收益指数,红利低波全收益,CSI Dividend Low Volatility Total Return Index,CSI Dividend Low VolatilityTRI,,,,23315.69,148.14,0.64,4535967342.0,397.25,50.0,7.54,2025-09-19,7.54,397.25
20250922,H20269,中证红利低波动全收益指数,红利低波全收益,CSI Dividend Low Volatility Total Return Index,CSI Dividend Low VolatilityTRI,,,,23143.05,-172.64,-0.74,3287700488.0,302.44,50.0,7.46,2025-09-22,7.46,302.44
20250923,H20269,中证红利低波动全收益指数,红利低波全收益,CSI Dividend Low Volatility Total Return Index,CSI Dividend Low VolatilityTRI,,,,23308.95,165.9,0.72,5609924803.0,493.35,50.0,7.58,2025-09-23,7.58,493.35
20250924,H20269,中证红利低波动全收益指数,红利低波全收益,CSI Dividend Low Volatility Total Return Index,CSI Dividend Low VolatilityTRI,,,,23288.22,-20.72,-0.09,4047472973.0,356.68,50.0,7.57,2025-09-24,7.57,356.68
20250925,H20269,中证红利低波动全收益指数,红利低波全收益,CSI Dividend Low Volatility Total Return Index,CSI Dividend Low VolatilityTRI,,,,23097.26,-190.96,-0.82,3614645373.0,326.24,50.0,7.53,2025-09-25,7.53,326.24
20250926,H20269,中证红利低波动全收益指数,红利低波全收益,CSI Dividend Low Volatility Total Return Index,CSI Dividend Low VolatilityTRI,,,,23106.78,9.52,0.04,3389804679.0,321.43,50.0,7.54,2025-09-26,7.54,321.43
20250929,H20269,中证红利低波动全收益指数,红利低波全收益,CSI Dividend Low Volatility Total Return Index,CSI Dividend Low VolatilityTRI,,,,23103.06,-3.72,-0.02,4614159296.0,432.28,50.0,7.5,2025-09-29,7.5,432.28
20250930,H20269,中证红利低波动全收益指数,红利低波全收益,CSI Dividend Low Volatility Total Return Index,CSI Dividend Low VolatilityTRI,,,,22927.2,-175.86,-0.76,3909977321.0,356.19,50.0,7.46,2025-09-30,7.46,356.19
20251009,H20269,中证红利低波动全收益指数,红利低波全收益,CSI Dividend Low Volatility Total Return Index,CSI Dividend Low VolatilityTRI,,,,22980.36,53.16,0.23,4702420545.0,432.39,50.0,7.49,2025-10-09,7.49,432.39
20251010,H20269,中证红利低波动全收益指数,红利低波全收益,CSI Dividend Low Volatility Total Return Index,CSI Dividend Low VolatilityTRI,,,,23150.99,170.64,0.74,5355502265.0,456.66,50.0,7.53,2025-10-10,7.53,456.66
20251013,H20269,中证红利低波动全收益指数,红利低波全收益,CSI Dividend Low Volatility Total Return Index,CSI Dividend Low VolatilityTRI,,,,23292.91,141.92,0.61,5465223024.0,484.81,50.0,7.54,2025-10-13,7.54,484.81
20251014,H20269,中证红利低波动全收益指数,红利低波全收益,CSI Dividend Low Volatility Total Return Index,CSI Dividend Low VolatilityTRI,,,,23705.58,412.67,1.77,6594177175.0,634.23,50.0,7.71,2025-10-14,7.71,634.23
20251015,H20269,中证红利低波动全收益指数,红利低波全收益,CSI Dividend Low Volatility Total Return Index,CSI Dividend Low VolatilityTRI,,,,23828.56,122.98,0.52,4748813414.0,453.13,50.0,7.76,2025-10-15,7.76,453.13
20251016,H20269,中证红利低波动全收益指数,红利低波全收益,CSI Dividend Low Volatility Total Return Index,CSI Dividend Low VolatilityTRI,,,,23964.26,135.7,0.57,5155294012.0,472.39,50.0,7.89,2025-10-16,7.89,472.39
20251017,H20269,中证红利低波动全收益指数,红利低波全收益,CSI Dividend Low Volatility Total Return Index,CSI Dividend Low VolatilityTRI,,,,23881.1,-83.16,-0.35,4743701529.0,439.31,50.0,7.88,2025-10-17,7.88,439.31
20251020,H20269,中证红利低波动全收益指数,红利低波全收益,CSI Dividend Low Volatility Total Return Index,CSI Dividend Low VolatilityTRI,,,,23896.19,15.09,0.06,4449245574.0,397.31,50.0,7.93,2025-10-20,7.93,397.31
20251021,H20269,中证红利低波动全收益指数,红利低波全收益,CSI Dividend Low Volatility Total Return Index,CSI Dividend Low VolatilityTRI,,,,23980.89,84.7,0.35,4442540982.0,420.54,50.0,7.98,2025-10-21,7.98,420.54
20251022,H20269,中证红利低波动全收益指数,红利低波全收益,CSI Dividend Low Volatility Total Return Index,CSI Dividend Low VolatilityTRI,,,,24129.78,148.89,0.62,4442674027.0,376.8,50.0,8.09,2025-10-22,8.09,376.8
20251023,H20269,中证红利低波动全收益指数,红利低波全收益,CSI Dividend Low Volatility Total Return Index,CSI Dividend Low VolatilityTRI,,,,24258.42,128.64,0.53,5419360266.0,456.57,50.0,8.16,2025-10-23,8.16,456.57
20251024,H20269,中证红利低波动全收益指数,红利低波全收益,CSI Dividend Low Volatility Total Return Index,CSI Dividend Low VolatilityTRI,,,,24116.39,-142.04,-0.59,4851190523.0,415.89,50.0,8.13,2025-10-24,8.13,415.89
20251027,H20269,中证红利低波动全收益指数,红利低波全收益,CSI Dividend Low Volatility Total Return Index,CSI Dividend Low VolatilityTRI,,,,24129.77,13.38,0.06,5080396253.0,462.3,50.0,8.19,2025-10-27,8.19,462.3
20251028,H20269,中证红利低波动全收益指数,红利低波全收益,CSI Dividend Low Volatility Total Return Index,CSI Dividend Low VolatilityTRI,,,,24092.84,-36.93,-0.15,4114586012.0,360.83,50.0,8.22,2025-10-28,8.22,360.83
20251029,H20269,中证红利低波动全收益指数,红利低波全收益,CSI Dividend Low Volatility Total Return Index,CSI Dividend Low VolatilityTRI,,,,23899.92,-192.92,-0.8,4639574336.0,452.47,50.0,8.12,2025-10-29,8.12,452.47
20251030,H20269,中证红利低波动全收益指数,红利低波全收益,CSI Dividend Low Volatility Total Return Index,CSI Dividend Low VolatilityTRI,,,,23921.04,21.12,0.09,4282507798.0,415.17,50.0,8.12,2025-10-30,8.12,415.17
20251031,H20269,中证红利低波动全收益指数,红利低波全收益,CSI Dividend Low Volatility Total Return Index,CSI Dividend Low VolatilityTRI,,,,23909.16,-11.88,-0.05,4994393642.0,431.69,50.0,8.07,2025-10-31,8.07,431.69
20251103,H20269,中证红利低波动全收益指数,红利低波全收益,CSI Dividend Low Volatility Total Return Index,CSI Dividend Low VolatilityTRI,,,,24227.46,318.3,1.33,4487798804.0,412.89,50.0,8.2,2025-11-03,8.2,412.89
20251104,H20269,中证红利低波动全收益指数,红利低波全收益,CSI Dividend Low Volatility Total Return Index,CSI Dividend Low VolatilityTRI,,,,24481.86,254.4,1.05,4986572213.0,483.72,50.0,8.33,2025-11-04,8.33,483.72
20251105,H20269,中证红利低波动全收益指数,红利低波全收益,CSI Dividend Low Volatility Total Return Index,CSI Dividend Low VolatilityTRI,,,,24489.24,7.38,0.03,3791396834.0,360.23,50.0,8.33,2025-11-05,8.33,360.23
20251106,H20269,中证红利低波动全收益指数,红利低波全收益,CSI Dividend Low Volatility Total Return Index,CSI Dividend Low VolatilityTRI,,,,24494.83,5.59,0.02,3516691368.0,347.75,50.0,8.3,2025-11-06,8.3,347.75
20251107,H20269,中证红利低波动全收益指数,红利低波全收益,CSI Dividend Low Volatility Total Return Index,CSI Dividend Low VolatilityTRI,,,,24498.2,3.37,0.01,3275765271.0,302.52,50.0,8.29,2025-11-07,8.29,302.52
20251110,H20269,中证红利低波动全收益指数,红利低波全收益,CSI Dividend Low Volatility Total Return Index,CSI Dividend Low VolatilityTRI,,,,24720.03,221.82,0.91,3487176650.0,331.31,50.0,8.36,2025-11-10,8.36,331.31
20251111,H20269,中证红利低波动全收益指数,红利低波全收益,CSI Dividend Low Volatility Total Return Index,CSI Dividend Low VolatilityTRI,,,,24786.68,66.65,0.27,2949263397.0,288.51,50.0,8.39,2025-11-11,8.39,288.51
20251112,H20269,中证红利低波动全收益指数,红利低波全收益,CSI Dividend Low Volatility Total Return Index,CSI Dividend Low VolatilityTRI,,,,24974.03,187.35,0.76,4402655207.0,465.98,50.0,8.49,2025-11-12,8.49,465.98
20251113,H20269,中证红利低波动全收益指数,红利低波全收益,CSI Dividend Low Volatility Total Return Index,CSI Dividend Low VolatilityTRI,,,,24950.12,-23.92,-0.1,3985433470.0,410.76,50.0,8.48,2025-11-13,8.48,410.76
20251114,H20269,中证红利低波动全收益指数,红利低波全收益,CSI Dividend Low Volatility Total Return Index,CSI Dividend Low VolatilityTRI,,,,24866.34,-83.78,-0.34,3824815143.0,376.09,50.0,8.48,2025-11-14,8.48,376.09
20251117,H20269,中证红利低波动全收益指数,红利低波全收益,CSI Dividend Low Volatility Total Return Index,CSI Dividend Low VolatilityTRI,,,,24673.48,-192.86,-0.78,3850015855.0,359.67,50.0,8.39,2025-11-17,8.39,359.67
20251118,H20269,中证红利低波动全收益指数,红利低波全收益,CSI Dividend Low Volatility Total Return Index,CSI Dividend Low VolatilityTRI,,,,24493.08,-180.4,-0.73,3123572055.0,293.22,50.0,8.36,2025-11-18,8.36,293.22
20251119,H20269,中证红利低波动全收益指数,红利低波全收益,CSI Dividend Low Volatility Total Return Index,CSI Dividend Low VolatilityTRI,,,,24533.86,40.77,0.17,3572689132.0,336.43,50.0,8.47,2025-11-19,8.47,336.43
20251120,H20269,中证红利低波动全收益指数,红利低波全收益,CSI Dividend Low Volatility Total Return Index,CSI Dividend Low VolatilityTRI,,,,24647.36,113.5,0.46,5164505240.0,434.87,50.0,8.51,2025-11-20,8.51,434.87
20251121,H20269,中证红利低波动全收益指数,红利低波全收益,CSI Dividend Low Volatility Total Return Index,CSI Dividend Low VolatilityTRI,,,,24330.36,-317.0,-1.29,5105182609.0,470.99,50.0,8.44,2025-11-21,8.44,470.99
20251124,H20269,中证红利低波动全收益指数,红利低波全收益,CSI Dividend Low Volatility Total Return Index,CSI Dividend Low VolatilityTRI,,,,24181.8,-148.56,-0.61,4381587971.0,404.44,50.0,8.35,2025-11-24,8.35,404.44
20251125,H20269,中证红利低波动全收益指数,红利低波全收益,CSI Dividend Low Volatility Total Return Index,CSI Dividend Low VolatilityTRI,,,,24333.83,152.04,0.63,3727519474.0,343.91,50.0,8.44,2025-11-25,8.44,343.91
20251126,H20269,中证红利低波动全收益指数,红利低波全收益,CSI Dividend Low Volatility Total Return Index,CSI Dividend Low VolatilityTRI,,,,24184.62,-149.21,-0.61,3447098938.0,312.97,50.0,8.35,2025-11-26,8.35,312.97
20251127,H20269,中证红利低波动全收益指数,红利低波全收益,CSI Dividend Low Volatility Total Return Index,CSI Dividend Low VolatilityTRI,,,,24228.21,43.59,0.18,3091056950.0,297.62,50.0,8.4,2025-11-27,8.4,297.62
20251128,H20269,中证红利低波动全收益指数,红利低波全收益,CSI Dividend Low Volatility Total Return Index,CSI Dividend Low VolatilityTRI,,,,24193.82,-34.39,-0.14,3214452195.0,286.68,50.0,8.33,2025-11-28,8.33,286.68
20251201,H20269,中证红利低波动全收益指数,红利低波全收益,CSI Dividend Low Volatility Total Return Index,CSI Dividend Low VolatilityTRI,,,,24386.58,192.75,0.8,3917049108.0,366.27,50.0,8.35,2025-12-01,8.35,366.27
20251202,H20269,中证红利低波动全收益指数,红利低波全收益,CSI Dividend Low Volatility Total Return Index,CSI Dividend Low VolatilityTRI,,,,24364.51,-22.07,-0.09,2952277485.0,276.56,50.0,8.36,2025-12-02,8.36,276.56
20251203,H20269,中证红利低波动全收益指数,红利低波全收益,CSI Dividend Low Volatility Total Return Index,CSI Dividend Low VolatilityTRI,,,,24249.52,-114.98,-0.47,3226724381.0,288.43,50.0,8.29,2025-12-03,8.29,288.43
20251204,H20269,中证红利低波动全收益指数,红利低波全收益,CSI Dividend Low Volatility Total Return Index,CSI Dividend Low VolatilityTRI,,,,24137.53,-111.99,-0.46,2694412725.0,236.06,50.0,8.27,2025-12-04,8.27,236.06
20251205,H20269,中证红利低波动全收益指数,红利低波全收益,CSI Dividend Low Volatility Total Return Index,CSI Dividend Low VolatilityTRI,,,,24008.41,-129.12,-0.53,3321003023.0,358.47,50.0,8.23,2025-12-05,8.23,358.47
20251208,H20269,中证红利低波动全收益指数,红利低波全收益,CSI Dividend Low Volatility Total Return Index,CSI Dividend Low VolatilityTRI,,,,23952.31,-56.1,-0.23,3174001255.0,342.75,50.0,8.23,2025-12-08,8.23,342.75
20251209,H20269,中证红利低波动全收益指数,红利低波全收益,CSI Dividend Low Volatility Total Return Index,CSI Dividend Low VolatilityTRI,,,,23787.2,-165.11,-0.69,3250608360.0,301.34,50.0,8.25,2025-12-09,8.25,301.34
20251210,H20269,中证红利低波动全收益指数,红利低波全收益,CSI Dividend Low Volatility Total Return Index,CSI Dividend Low VolatilityTRI,,,,23662.09,-125.11,-0.53,3740009083.0,348.74,50.0,8.12,2025-12-10,8.12,348.74
20251211,H20269,中证红利低波动全收益指数,红利低波全收益,CSI Dividend Low Volatility Total Return Index,CSI Dividend Low VolatilityTRI,,,,23558.49,-103.6,-0.44,3310678322.0,320.31,50.0,8.15,2025-12-11,8.15,320.31
20251212,H20269,中证红利低波动全收益指数,红利低波全收益,CSI Dividend Low Volatility Total Return Index,CSI Dividend Low VolatilityTRI,,,,23567.11,8.62,0.04,5268999915.0,518.1,50.0,8.09,2025-12-12,8.09,518.1
20251215,H20269,中证红利低波动全收益指数,红利低波全收益,CSI Dividend Low Volatility Total Return Index,CSI Dividend Low VolatilityTRI,,,,23643.22,76.11,0.32,3155524749.0,420.09,50.0,8.09,2025-12-15,8.09,420.09
20251216,H20269,中证红利低波动全收益指数,红利低波全收益,CSI Dividend Low Volatility Total Return Index,CSI Dividend Low VolatilityTRI,,,,23537.64,-105.58,-0.45,2978804007.0,348.77,50.0,8.05,2025-12-16,8.05,348.77
20251217,H20269,中证红利低波动全收益指数,红利低波全收益,CSI Dividend Low Volatility Total Return Index,CSI Dividend Low VolatilityTRI,,,,23561.74,24.1,0.1,2951926559.0,348.05,50.0,8.08,2025-12-17,8.08,348.05
20251218,H20269,中证红利低波动全收益指数,红利低波全收益,CSI Dividend Low Volatility Total Return Index,CSI Dividend Low VolatilityTRI,,,,23793.11,231.37,0.98,3043732529.0,327.0,50.0,8.08,2025-12-18,8.08,327.0
20251219,H20269,中证红利低波动全收益指数,红利低波全收益,CSI Dividend Low Volatility Total Return Index,CSI Dividend Low VolatilityTRI,,,,23758.25,-34.86,-0.15,2949879092.0,330.74,50.0,8.03,2025-12-19,8.03,330.74
20251222,H20269,中证红利低波动全收益指数,红利低波全收益,CSI Dividend Low Volatility Total Return Index,CSI Dividend Low VolatilityTRI,,,,23617.05,-141.2,-0.59,2594402192.0,300.92,50.0,8.03,2025-12-22,8.03,300.92
20251223,H20269,中证红利低波动全收益指数,红利低波全收益,CSI Dividend Low Volatility Total Return Index,CSI Dividend Low VolatilityTRI,,,,23661.09,44.04,0.19,2809149160.0,319.66,50.0,8.08,2025-12-23,8.08,319.66
20251224,H20269,中证红利低波动全收益指数,红利低波全收益,CSI Dividend Low Volatility Total Return Index,CSI Dividend Low VolatilityTRI,,,,23684.06,22.97,0.1,2481167862.0,278.38,50.0,8.05,2025-12-24,8.05,278.38
20251225,H20269,中证红利低波动全收益指数,红利低波全收益,CSI Dividend Low Volatility Total Return Index,CSI Dividend Low VolatilityTRI,,,,23719.93,35.87,0.15,2209539250.0,275.79,50.0,8.04,2025-12-25,8.04,275.79
20251226,H20269,中证红利低波动全收益指数,红利低波全收益,CSI Dividend Low Volatility Total Return Index,CSI Dividend Low VolatilityTRI,,,,23678.98,-40.96,-0.17,2102689050.0,263.19,50.0,8.01,2025-12-26,8.01,263.19
20251229,H20269,中证红利低波动全收益指数,红利低波全收益,CSI Dividend Low Volatility Total Return Index,CSI Dividend Low VolatilityTRI,,,,23685.55,6.57,0.03,3334650048.0,374.84,50.0,8.08,2025-12-29,8.08,374.84
20251230,H20269,中证红利低波动全收益指数,红利低波全收益,CSI Dividend Low Volatility Total Return Index,CSI Dividend Low VolatilityTRI,,,,23657.76,-27.79,-0.12,2911413779.0,359.57,50.0,8.09,2025-12-30,8.09,359.57
20251231,H20269,中证红利低波动全收益指数,红利低波全收益,CSI Dividend Low Volatility Total Return Index,CSI Dividend Low VolatilityTRI,,,,23660.95,3.19,0.01,2835770477.0,315.01,50.0,8.13,2025-12-31,8.13,315.01
20260105,H20269,中证红利低波动全收益指数,红利低波全收益,CSI Dividend Low Volatility Total Return Index,CSI Dividend Low VolatilityTRI,,,,23650.81,-10.14,-0.04,3964481520.0,498.75,50.0,8.08,2026-01-05,8.08,498.75
20260106,H20269,中证红利低波动全收益指数,红利低波全收益,CSI Dividend Low Volatility Total Return Index,CSI Dividend Low VolatilityTRI,,,,23678.54,27.72,0.12,4006630196.0,500.42,50.0,8.1,2026-01-06,8.1,500.42
20260107,H20269,中证红利低波动全收益指数,红利低波全收益,CSI Dividend Low Volatility Total Return Index,CSI Dividend Low VolatilityTRI,,,,23558.84,-119.69,-0.51,3654377637.0,452.2,50.0,8.01,2026-01-07,8.01,452.2
20260108,H20269,中证红利低波动全收益指数,红利低波全收益,CSI Dividend Low Volatility Total Return Index,CSI Dividend Low VolatilityTRI,,,,23412.79,-146.05,-0.62,3280345370.0,442.15,50.0,7.94,2026-01-08,7.94,442.15
20260109,H20269,中证红利低波动全收益指数,红利低波全收益,CSI Dividend Low Volatility Total Return Index,CSI Dividend Low VolatilityTRI,,,,23425.43,12.64,0.05,3259712647.0,473.18,50.0,7.93,2026-01-09,7.93,473.18
20260112,H20269,中证红利低波动全收益指数,红利低波全收益,CSI Dividend Low Volatility Total Return Index,CSI Dividend Low VolatilityTRI,,,,23469.68,44.24,0.19,3646369720.0,498.87,50.0,7.95,2026-01-12,7.95,498.87
20260113,H20269,中证红利低波动全收益指数,红利低波全收益,CSI Dividend Low Volatility Total Return Index,CSI Dividend Low VolatilityTRI,,,,23529.13,59.45,0.25,4415561908.0,576.8,50.0,8.0,2026-01-13,8.0,576.8
20260114,H20269,中证红利低波动全收益指数,红利低波全收益,CSI Dividend Low Volatility Total Return Index,CSI Dividend Low VolatilityTRI,,,,23295.33,-233.8,-0.99,5161823359.0,618.05,50.0,7.88,2026-01-14,7.88,618.05
20260115,H20269,中证红利低波动全收益指数,红利低波全收益,CSI Dividend Low Volatility Total Return Index,CSI Dividend Low VolatilityTRI,,,,23241.76,-53.56,-0.23,3599160979.0,443.11,50.0,7.84,2026-01-15,7.84,443.11
20260116,H20269,中证红利低波动全收益指数,红利低波全收益,CSI Dividend Low Volatility Total Return Index,CSI Dividend Low VolatilityTRI,,,,23050.49,-191.27,-0.82,4389098597.0,517.7,50.0,7.75,2026-01-16,7.75,517.7
20260119,H20269,中证红利低波动全收益指数,红利低波全收益,CSI Dividend Low Volatility Total Return Index,CSI Dividend Low VolatilityTRI,,,,23090.38,39.89,0.17,3385323709.0,383.37,50.0,7.71,2026-01-19,7.71,383.37
20260120,H20269,中证红利低波动全收益指数,红利低波全收益,CSI Dividend Low Volatility Total Return Index,CSI Dividend Low VolatilityTRI,,,,23430.68,340.3,1.47,4034438995.0,462.77,50.0,7.78,2026-01-20,7.78,462.77
20260121,H20269,中证红利低波动全收益指数,红利低波全收益,CSI Dividend Low Volatility Total Return Index,CSI Dividend Low VolatilityTRI,,,,23239.36,-191.32,-0.82,4330989117.0,476.8,50.0,7.66,2026-01-21,7.66,476.8
20260122,H20269,中证红利低波动全收益指数,红利低波全收益,CSI Dividend Low Volatility Total Return Index,CSI Dividend Low VolatilityTRI,,,,23281.68,42.32,0.18,4063727879.0,494.07,50.0,7.62,2026-01-22,7.62,494.07
20260123,H20269,中证红利低波动全收益指数,红利低波全收益,CSI Dividend Low Volatility Total Return Index,CSI Dividend Low VolatilityTRI,,,,23220.56,-61.12,-0.26,4096303322.0,515.09,50.0,7.53,2026-01-23,7.53,515.09
20260126,H20269,中证红利低波动全收益指数,红利低波全收益,CSI Dividend Low Volatility Total Return Index,CSI Dividend Low VolatilityTRI,,,,23341.93,121.37,0.52,5316602644.0,664.47,50.0,7.62,2026-01-26,7.62,664.47
20260127,H20269,中证红利低波动全收益指数,红利低波全收益,CSI Dividend Low Volatility Total Return Index,CSI Dividend Low VolatilityTRI,,,,23214.71,-127.23,-0.55,4807053213.0,552.88,50.0,7.63,2026-01-27,7.63,552.88
20260128,H20269,中证红利低波动全收益指数,红利低波全收益,CSI Dividend Low Volatility Total Return Index,CSI Dividend Low VolatilityTRI,,,,23268.22,53.51,0.23,5821233678.0,717.6,50.0,7.63,2026-01-28,7.63,717.6
20260129,H20269,中证红利低波动全收益指数,红利低波全收益,CSI Dividend Low Volatility Total Return Index,CSI Dividend Low VolatilityTRI,,,,23604.81,336.59,1.45,6434560825.0,801.78,50.0,7.72,2026-01-29,7.72,801.78
20260130,H20269,中证红利低波动全收益指数,红利低波全收益,CSI Dividend Low Volatility Total Return Index,CSI Dividend Low VolatilityTRI,,,,23587.79,-17.02,-0.07,5153305551.0,621.91,50.0,7.7,2026-01-30,7.7,621.91
20260202,H20269,中证红利低波动全收益指数,红利低波全收益,CSI Dividend Low Volatility Total Return Index,CSI Dividend Low VolatilityTRI,,,,23287.6,-300.18,-1.27,5357584922.0,602.91,50.0,7.68,2026-02-02,7.68,602.91
20260203,H20269,中证红利低波动全收益指数,红利低波全收益,CSI Dividend Low Volatility Total Return Index,CSI Dividend Low VolatilityTRI,,,,23245.48,-42.12,-0.18,4277122923.0,449.52,50.0,7.59,2026-02-03,7.59,449.52
20260204,H20269,中证红利低波动全收益指数,红利低波全收益,CSI Dividend Low Volatility Total Return Index,CSI Dividend Low VolatilityTRI,,,,23597.22,351.74,1.51,3982856896.0,427.73,50.0,7.67,2026-02-04,7.67,427.73
20260205,H20269,中证红利低波动全收益指数,红利低波全收益,CSI Dividend Low Volatility Total Return Index,CSI Dividend Low VolatilityTRI,,,,23864.07,266.85,1.13,4372815335.0,467.88,50.0,7.73,2026-02-05,7.73,467.88
20260206,H20269,中证红利低波动全收益指数,红利低波全收益,CSI Dividend Low Volatility Total Return Index,CSI Dividend Low VolatilityTRI,,,,23785.92,-78.16,-0.33,3794129176.0,388.37,50.0,7.72,2026-02-06,7.72,388.37
20260209,H20269,中证红利低波动全收益指数,红利低波全收益,CSI Dividend Low Volatility Total Return Index,CSI Dividend Low VolatilityTRI,,,,23906.11,120.2,0.51,3007203216.0,346.43,50.0,7.75,2026-02-09,7.75,346.43
20260210,H20269,中证红利低波动全收益指数,红利低波全收益,CSI Dividend Low Volatility Total Return Index,CSI Dividend Low VolatilityTRI,,,,23965.78,59.67,0.25,2943363235.0,307.56,50.0,7.78,2026-02-10,7.78,307.56
20260211,H20269,中证红利低波动全收益指数,红利低波全收益,CSI Dividend Low Volatility Total Return Index,CSI Dividend Low VolatilityTRI,,,,24031.33,65.55,0.27,2500641300.0,267.78,50.0,7.8,2026-02-11,7.8,267.78
20260212,H20269,中证红利低波动全收益指数,红利低波全收益,CSI Dividend Low Volatility Total Return Index,CSI Dividend Low VolatilityTRI,,,,23808.98,-222.35,-0.93,3328908544.0,342.32,50.0,7.72,2026-02-12,7.72,342.32
20260213,H20269,中证红利低波动全收益指数,红利低波全收益,CSI Dividend Low Volatility Total Return Index,CSI Dividend Low VolatilityTRI,,,,23556.55,-252.43,-1.06,3119494162.0,336.23,50.0,7.6,2026-02-13,7.6,336.23
20260224,H20269,中证红利低波动全收益指数,红利低波全收益,CSI Dividend Low Volatility Total Return Index,CSI Dividend Low VolatilityTRI,,,,23708.59,152.04,0.65,2956047781.0,353.66,50.0,7.64,2026-02-24,7.64,353.66
20260225,H20269,中证红利低波动全收益指数,红利低波全收益,CSI Dividend Low Volatility Total Return Index,CSI Dividend Low VolatilityTRI,,,,23672.42,-36.17,-0.15,3767505575.0,390.63,50.0,7.63,2026-02-25,7.63,390.63
20260226,H20269,中证红利低波动全收益指数,红利低波全收益,CSI Dividend Low Volatility Total Return Index,CSI Dividend Low VolatilityTRI,,,,23625.73,-46.69,-0.2,3030854799.0,358.51,50.0,7.57,2026-02-26,7.57,358.51
20260227,H20269,中证红利低波动全收益指数,红利低波全收益,CSI Dividend Low Volatility Total Return Index,CSI Dividend Low VolatilityTRI,,,,23698.63,72.9,0.31,2731971557.0,298.07,50.0,7.56,2026-02-27,7.56,298.07
20260302,H20269,中证红利低波动全收益指数,红利低波全收益,CSI Dividend Low Volatility Total Return Index,CSI Dividend Low VolatilityTRI,,,,23930.94,232.31,0.98,4982796310.0,570.86,50.0,7.69,2026-03-02,7.69,570.86
20260303,H20269,中证红利低波动全收益指数,红利低波全收益,CSI Dividend Low Volatility Total Return Index,CSI Dividend Low VolatilityTRI,,,,24148.25,217.31,0.91,6692787307.0,773.52,50.0,7.93,2026-03-03,7.93,773.52
20260304,H20269,中证红利低波动全收益指数,红利低波全收益,CSI Dividend Low Volatility Total Return Index,CSI Dividend Low VolatilityTRI,,,,23844.46,-303.79,-1.26,6079590557.0,712.23,50.0,7.87,2026-03-04,7.87,712.23
20260305,H20269,中证红利低波动全收益指数,红利低波全收益,CSI Dividend Low Volatility Total Return Index,CSI Dividend Low VolatilityTRI,,,,23905.56,61.1,0.26,4042594638.0,470.07,50.0,7.85,2026-03-05,7.85,470.07
20260306,H20269,中证红利低波动全收益指数,红利低波全收益,CSI Dividend Low Volatility Total Return Index,CSI Dividend Low VolatilityTRI,,,,24028.0,122.44,0.51,3403385841.0,386.54,50.0,7.82,2026-03-06,7.82,386.54
20260309,H20269,中证红利低波动全收益指数,红利低波全收益,CSI Dividend Low Volatility Total Return Index,CSI Dividend Low VolatilityTRI,,,,24039.74,11.74,0.05,4850583223.0,593.62,50.0,7.85,2026-03-09,7.85,593.62
20260310,H20269,中证红利低波动全收益指数,红利低波全收益,CSI Dividend Low Volatility Total Return Index,CSI Dividend Low VolatilityTRI,,,,23970.42,-69.32,-0.29,3692942233.0,415.5,50.0,7.74,2026-03-10,7.74,415.5
20260311,H20269,中证红利低波动全收益指数,红利低波全收益,CSI Dividend Low Volatility Total Return Index,CSI Dividend Low VolatilityTRI,,,,24231.98,261.56,1.09,3740034576.0,419.27,50.0,7.82,2026-03-11,7.82,419.27
20260312,H20269,中证红利低波动全收益指数,红利低波全收益,CSI Dividend Low Volatility Total Return Index,CSI Dividend Low VolatilityTRI,,,,24363.53,131.55,0.54,3703249282.0,423.46,50.0,7.84,2026-03-12,7.84,423.46
20260313,H20269,中证红利低波动全收益指数,红利低波全收益,CSI Dividend Low Volatility Total Return Index,CSI Dividend Low VolatilityTRI,,,,24413.41,49.88,0.2,4116065896.0,451.85,50.0,7.84,2026-03-13,7.84,451.85
20260316,H20269,中证红利低波动全收益指数,红利低波全收益,CSI Dividend Low Volatility Total Return Index,CSI Dividend Low VolatilityTRI,,,,24407.56,-5.85,-0.02,3607479175.0,407.65,50.0,7.85,2026-03-16,7.85,407.65
20260317,H20269,中证红利低波动全收益指数,红利低波全收益,CSI Dividend Low Volatility Total Return Index,CSI Dividend Low VolatilityTRI,,,,24463.81,56.25,0.23,3954539872.0,436.16,50.0,7.94,2026-03-17,7.94,436.16
20260318,H20269,中证红利低波动全收益指数,红利低波全收益,CSI Dividend Low Volatility Total Return Index,CSI Dividend Low VolatilityTRI,,,,24374.85,-88.96,-0.36,3806283846.0,388.47,50.0,7.91,2026-03-18,7.91,388.47
20260319,H20269,中证红利低波动全收益指数,红利低波全收益,CSI Dividend Low Volatility Total Return Index,CSI Dividend Low VolatilityTRI,,,,24278.64,-96.21,-0.39,4228644707.0,479.24,50.0,7.99,2026-03-19,7.99,479.24
20260320,H20269,中证红利低波动全收益指数,红利低波全收益,CSI Dividend Low Volatility Total Return Index,CSI Dividend Low VolatilityTRI,,,,24200.71,-77.93,-0.32,3676300391.0,413.8,50.0,7.93,2026-03-20,7.93,413.8
20260323,H20269,中证红利低波动全收益指数,红利低波全收益,CSI Dividend Low Volatility Total Return Index,CSI Dividend Low VolatilityTRI,,,,23366.13,-834.57,-3.45,5669751112.0,608.7,50.0,7.73,2026-03-23,7.73,608.7
20260324,H20269,中证红利低波动全收益指数,红利低波全收益,CSI Dividend Low Volatility Total Return Index,CSI Dividend Low VolatilityTRI,,,,23838.16,472.02,2.02,3956986381.0,417.73,50.0,7.79,2026-03-24,7.79,417.73
20260325,H20269,中证红利低波动全收益指数,红利低波全收益,CSI Dividend Low Volatility Total Return Index,CSI Dividend Low VolatilityTRI,,,,24009.4,171.25,0.72,3654554030.0,385.09,50.0,7.81,2026-03-25,7.81,385.09
20260326,H20269,中证红利低波动全收益指数,红利低波全收益,CSI Dividend Low Volatility Total Return Index,CSI Dividend Low VolatilityTRI,,,,23994.48,-14.93,-0.06,3099558180.0,354.38,50.0,7.84,2026-03-26,7.84,354.38
20260327,H20269,中证红利低波动全收益指数,红利低波全收益,CSI Dividend Low Volatility Total Return Index,CSI Dividend Low VolatilityTRI,,,,23907.19,-87.29,-0.36,2851670121.0,327.79,50.0,7.83,2026-03-27,7.83,327.79
20260330,H20269,中证红利低波动全收益指数,红利低波全收益,CSI Dividend Low Volatility Total Return Index,CSI Dividend Low VolatilityTRI,,,,24138.25,231.06,0.97,3282255854.0,374.85,50.0,7.91,2026-03-30,7.91,374.85
20260331,H20269,中证红利低波动全收益指数,红利低波全收益,CSI Dividend Low Volatility Total Return Index,CSI Dividend Low VolatilityTRI,,,,24217.55,79.3,0.33,4605891349.0,475.73,50.0,7.99,2026-03-31,7.99,475.73
20260401,H20269,中证红利低波动全收益指数,红利低波全收益,CSI Dividend Low Volatility Total Return Index,CSI Dividend Low VolatilityTRI,,,,24235.59,18.04,0.07,3755293069.0,397.96,50.0,7.98,2026-04-01,7.98,397.96
20260402,H20269,中证红利低波动全收益指数,红利低波全收益,CSI Dividend Low Volatility Total Return Index,CSI Dividend Low VolatilityTRI,,,,24340.45,104.85,0.43,3567003750.0,365.64,50.0,8.08,2026-04-02,8.08,365.64
20260403,H20269,中证红利低波动全收益指数,红利低波全收益,CSI Dividend Low Volatility Total Return Index,CSI Dividend Low VolatilityTRI,,,,23998.61,-341.83,-1.4,2865743012.0,284.06,50.0,7.99,2026-04-03,7.99,284.06
20260407,H20269,中证红利低波动全收益指数,红利低波全收益,CSI Dividend Low Volatility Total Return Index,CSI Dividend Low VolatilityTRI,,,,23868.55,-130.06,-0.54,2849421892.0,295.36,50.0,7.94,2026-04-07,7.94,295.36
20260408,H20269,中证红利低波动全收益指数,红利低波全收益,CSI Dividend Low Volatility Total Return Index,CSI Dividend Low VolatilityTRI,,,,24097.43,228.88,0.96,3904568606.0,448.08,50.0,7.89,2026-04-08,7.89,448.08
20260409,H20269,中证红利低波动全收益指数,红利低波全收益,CSI Dividend Low Volatility Total Return Index,CSI Dividend Low VolatilityTRI,,,,23918.86,-178.57,-0.74,2550827836.0,290.6,50.0,7.86,2026-04-09,7.86,290.6
20260410,H20269,中证红利低波动全收益指数,红利低波全收益,CSI Dividend Low Volatility Total Return Index,CSI Dividend Low VolatilityTRI,,,,23900.46,-18.4,-0.08,2448262561.0,277.55,50.0,7.84,2026-04-10,7.84,277.55
20260413,H20269,中证红利低波动全收益指数,红利低波全收益,CSI Dividend Low Volatility Total Return Index,CSI Dividend Low VolatilityTRI,,,,23822.97,-77.49,-0.32,2518926652.0,280.57,50.0,7.86,2026-04-13,7.86,280.57
20260414,H20269,中证红利低波动全收益指数,红利低波全收益,CSI Dividend Low Volatility Total Return Index,CSI Dividend Low VolatilityTRI,,,,23926.42,103.45,0.43,2696825715.0,287.3,50.0,7.91,2026-04-14,7.91,287.3
20260415,H20269,中证红利低波动全收益指数,红利低波全收益,CSI Dividend Low Volatility Total Return Index,CSI Dividend Low VolatilityTRI,,,,24072.8,146.38,0.61,3092743951.0,345.8,50.0,7.97,2026-04-15,7.97,345.8
20260416,H20269,中证红利低波动全收益指数,红利低波全收益,CSI Dividend Low Volatility Total Return Index,CSI Dividend Low VolatilityTRI,,,,24069.1,-3.71,-0.02,2765155725.0,302.11,50.0,7.95,2026-04-16,7.95,302.11
20260417,H20269,中证红利低波动全收益指数,红利低波全收益,CSI Dividend Low Volatility Total Return Index,CSI Dividend Low VolatilityTRI,,,,24013.99,-55.11,-0.23,2462398729.0,282.01,50.0,7.94,2026-04-17,7.94,282.01
20260420,H20269,中证红利低波动全收益指数,红利低波全收益,CSI Dividend Low Volatility Total Return Index,CSI Dividend Low VolatilityTRI,,,,24104.1,90.12,0.38,3054600278.0,325.64,50.0,8.03,2026-04-20,8.03,325.64
20260421,H20269,中证红利低波动全收益指数,红利低波全收益,CSI Dividend Low Volatility Total Return Index,CSI Dividend Low VolatilityTRI,,,,24235.42,131.32,0.54,2997061085.0,323.77,50.0,8.05,2026-04-21,8.05,323.77
20260422,H20269,中证红利低波动全收益指数,红利低波全收益,CSI Dividend Low Volatility Total Return Index,CSI Dividend Low VolatilityTRI,,,,24135.44,-99.98,-0.41,2707267879.0,289.71,50.0,7.98,2026-04-22,7.98,289.71
20260423,H20269,中证红利低波动全收益指数,红利低波全收益,CSI Dividend Low Volatility Total Return Index,CSI Dividend Low VolatilityTRI,,,,24283.06,147.61,0.61,3211511189.0,360.65,50.0,8.03,2026-04-23,8.03,360.65
20260424,H20269,中证红利低波动全收益指数,红利低波全收益,CSI Dividend Low Volatility Total Return Index,CSI Dividend Low VolatilityTRI,,,,24247.26,-35.8,-0.15,2695014561.0,304.77,50.0,8.03,2026-04-24,8.03,304.77
20260427,H20269,中证红利低波动全收益指数,红利低波全收益,CSI Dividend Low Volatility Total Return Index,CSI Dividend Low VolatilityTRI,,,,24003.43,-243.83,-1.01,3111892360.0,366.7,50.0,7.98,2026-04-27,7.98,366.7
20260428,H20269,中证红利低波动全收益指数,红利低波全收益,CSI Dividend Low Volatility Total Return Index,CSI Dividend Low VolatilityTRI,,,,24087.32,83.88,0.35,3110883069.0,358.49,50.0,8.05,2026-04-28,8.05,358.49
20260429,H20269,中证红利低波动全收益指数,红利低波全收益,CSI Dividend Low Volatility Total Return Index,CSI Dividend Low VolatilityTRI,,,,24159.93,72.61,0.3,3767725531.0,567.16,50.0,8.05,2026-04-29,8.05,567.16
20260430,H20269,中证红利低波动全收益指数,红利低波全收益,CSI Dividend Low Volatility Total Return Index,CSI Dividend Low VolatilityTRI,,,,23959.91,-200.02,-0.83,3703427075.0,444.26,50.0,8.01,2026-04-30,8.01,444.26
20260506,H20269,中证红利低波动全收益指数,红利低波全收益,CSI Dividend Low Volatility Total Return Index,CSI Dividend Low VolatilityTRI,,,,23841.43,-118.48,-0.49,4033878978.0,476.39,50.0,7.87,2026-05-06,7.87,476.39
20260507,H20269,中证红利低波动全收益指数,红利低波全收益,CSI Dividend Low Volatility Total Return Index,CSI Dividend Low VolatilityTRI,,,,23759.49,-81.94,-0.34,3183652916.0,412.18,50.0,7.8,2026-05-07,7.8,412.18
20260508,H20269,中证红利低波动全收益指数,红利低波全收益,CSI Dividend Low Volatility Total Return Index,CSI Dividend Low VolatilityTRI,,,,23746.94,-12.55,-0.05,2660817447.0,322.57,50.0,7.8,2026-05-08,7.8,322.57
20260511,H20269,中证红利低波动全收益指数,红利低波全收益,CSI Dividend Low Volatility Total Return Index,CSI Dividend Low VolatilityTRI,,,,23746.49,-0.45,0.0,3664324759.0,427.94,50.0,7.79,2026-05-11,7.79,427.94
20260512,H20269,中证红利低波动全收益指数,红利低波全收益,CSI Dividend Low Volatility Total Return Index,CSI Dividend Low VolatilityTRI,,,,23730.98,-15.5,-0.07,3149400728.0,365.38,50.0,7.79,2026-05-12,7.79,365.38
20260513,H20269,中证红利低波动全收益指数,红利低波全收益,CSI Dividend Low Volatility Total Return Index,CSI Dividend Low VolatilityTRI,,,,23748.44,17.46,0.07,3099449277.0,362.21,50.0,7.71,2026-05-13,7.71,362.21
20260514,H20269,中证红利低波动全收益指数,红利低波全收益,CSI Dividend Low Volatility Total Return Index,CSI Dividend Low VolatilityTRI,,,,23698.32,-50.12,-0.21,3490713071.0,397.84,50.0,7.76,2026-05-14,7.76,397.84
20260515,H20269,中证红利低波动全收益指数,红利低波全收益,CSI Dividend Low Volatility Total Return Index,CSI Dividend Low VolatilityTRI,,,,23538.15,-160.17,-0.68,3412065652.0,412.47,50.0,7.74,2026-05-15,7.74,412.47
20260518,H20269,中证红利低波动全收益指数,红利低波全收益,CSI Dividend Low Volatility Total Return Index,CSI Dividend Low VolatilityTRI,,,,23396.75,-141.4,-0.6,3026245661.0,359.34,50.0,7.7,2026-05-18,7.7,359.34
20260519,H20269,中证红利低波动全收益指数,红利低波全收益,CSI Dividend Low Volatility Total Return Index,CSI Dividend Low VolatilityTRI,,,,23550.81,154.06,0.66,2917373695.0,346.64,50.0,7.72,2026-05-19,7.72,346.64
20260520,H20269,中证红利低波动全收益指数,红利低波全收益,CSI Dividend Low Volatility Total Return Index,CSI Dividend Low VolatilityTRI,,,,23469.49,-81.32,-0.35,3133439786.0,337.2,50.0,7.64,2026-05-20,7.64,337.2
20260521,H20269,中证红利低波动全收益指数,红利低波全收益,CSI Dividend Low Volatility Total Return Index,CSI Dividend Low VolatilityTRI,,,,23344.84,-124.65,-0.53,3540051801.0,392.72,50.0,7.63,2026-05-21,7.63,392.72
20260522,H20269,中证红利低波动全收益指数,红利低波全收益,CSI Dividend Low Volatility Total Return Index,CSI Dividend Low VolatilityTRI,,,,23278.95,-65.89,-0.28,3159115601.0,336.67,50.0,7.6,2026-05-22,7.6,336.67
20260525,H20269,中证红利低波动全收益指数,红利低波全收益,CSI Dividend Low Volatility Total Return Index,CSI Dividend Low VolatilityTRI,,,,23244.58,-34.37,-0.15,2790648554.0,315.83,50.0,7.56,2026-05-25,7.56,315.83
20260526,H20269,中证红利低波动全收益指数,红利低波全收益,CSI Dividend Low Volatility Total Return Index,CSI Dividend Low VolatilityTRI,,,,23308.16,63.58,0.27,3177429693.0,344.71,50.0,7.59,2026-05-26,7.59,344.71
20260527,H20269,中证红利低波动全收益指数,红利低波全收益,CSI Dividend Low Volatility Total Return Index,CSI Dividend Low VolatilityTRI,,,,23153.76,-154.39,-0.66,3432677922.0,361.46,50.0,7.52,2026-05-27,7.52,361.46
20260528,H20269,中证红利低波动全收益指数,红利低波全收益,CSI Dividend Low Volatility Total Return Index,CSI Dividend Low VolatilityTRI,,,,23046.7,-107.06,-0.46,3404298987.0,364.31,50.0,7.46,2026-05-28,7.46,364.31
20260529,H20269,中证红利低波动全收益指数,红利低波全收益,CSI Dividend Low Volatility Total Return Index,CSI Dividend Low VolatilityTRI,,,,23517.1,470.4,2.04,4540040284.0,493.51,50.0,7.58,2026-05-29,7.58,493.51
20260601,H20269,中证红利低波动全收益指数,红利低波全收益,CSI Dividend Low Volatility Total Return Index,CSI Dividend Low VolatilityTRI,,,,23856.93,339.83,1.45,4498660621.0,463.97,50.0,7.66,2026-06-01,7.66,463.97
20260602,H20269,中证红利低波动全收益指数,红利低波全收益,CSI Dividend Low Volatility Total Return Index,CSI Dividend Low VolatilityTRI,,,,23818.93,-38.0,-0.16,4045075884.0,437.31,50.0,7.67,2026-06-02,7.67,437.31
20260603,H20269,中证红利低波动全收益指数,红利低波全收益,CSI Dividend Low Volatility Total Return Index,CSI Dividend Low VolatilityTRI,,,,23621.24,-197.69,-0.83,3891281877.0,390.33,50.0,7.64,2026-06-03,7.64,390.33
20260604,H20269,中证红利低波动全收益指数,红利低波全收益,CSI Dividend Low Volatility Total Return Index,CSI Dividend Low VolatilityTRI,,,,23325.75,-295.48,-1.25,3029867159.0,320.9,50.0,7.55,2026-06-04,7.55,320.9
20260605,H20269,中证红利低波动全收益指数,红利低波全收益,CSI Dividend Low Volatility Total Return Index,CSI Dividend Low VolatilityTRI,,,,23395.1,69.35,0.3,3506792976.0,367.02,50.0,7.62,2026-06-05,7.62,367.02
20260608,H20269,中证红利低波动全收益指数,红利低波全收益,CSI Dividend Low Volatility Total Return Index,CSI Dividend Low VolatilityTRI,,,,23472.92,77.82,0.33,4322286135.0,442.82,50.0,7.74,2026-06-08,7.74,442.82
20260609,H20269,中证红利低波动全收益指数,红利低波全收益,CSI Dividend Low Volatility Total Return Index,CSI Dividend Low VolatilityTRI,,,,23480.27,7.35,0.03,4053974686.0,405.29,50.0,7.7,2026-06-09,7.7,405.29
20260610,H20269,中证红利低波动全收益指数,红利低波全收益,CSI Dividend Low Volatility Total Return Index,CSI Dividend Low VolatilityTRI,,,,23628.55,148.27,0.63,4149335623.0,436.64,50.0,7.77,2026-06-10,7.77,436.64
20260611,H20269,中证红利低波动全收益指数,红利低波全收益,CSI Dividend Low Volatility Total Return Index,CSI Dividend Low VolatilityTRI,,,,23432.45,-196.1,-0.83,3448450225.0,378.01,50.0,7.77,2026-06-11,7.77,378.01
20260612,H20269,中证红利低波动全收益指数,红利低波全收益,CSI Dividend Low Volatility Total Return Index,CSI Dividend Low VolatilityTRI,,,,23664.67,232.22,0.99,4834109823.0,520.74,50.0,7.85,2026-06-12,7.85,520.74
20260615,H20269,中证红利低波动全收益指数,红利低波全收益,CSI Dividend Low Volatility Total Return Index,CSI Dividend Low VolatilityTRI,,,,23431.19,-233.48,-0.99,4655931353.0,507.72,50.0,7.7,2026-06-15,7.7,507.72
20260616,H20269,中证红利低波动全收益指数,红利低波全收益,CSI Dividend Low Volatility Total Return Index,CSI Dividend Low VolatilityTRI,,,,23081.02,-350.17,-1.49,3382961921.0,379.35,50.0,7.58,2026-06-16,7.58,379.35
20260617,H20269,中证红利低波动全收益指数,红利低波全收益,CSI Dividend Low Volatility Total Return Index,CSI Dividend Low VolatilityTRI,,,,22966.71,-114.31,-0.5,3262891761.0,336.95,50.0,7.51,2026-06-17,7.51,336.95
20260618,H20269,中证红利低波动全收益指数,红利低波全收益,CSI Dividend Low Volatility Total Return Index,CSI Dividend Low VolatilityTRI,,,,22409.93,-556.78,-2.42,4564043671.0,494.49,50.0,7.31,2026-06-18,7.31,494.49
20260622,H20269,中证红利低波动全收益指数,红利低波全收益,CSI Dividend Low Volatility Total Return Index,CSI Dividend Low VolatilityTRI,,,,22451.03,41.1,0.18,4339294044.0,469.47,50.0,7.39,2026-06-22,7.39,469.47
20260623,H20269,中证红利低波动全收益指数,红利低波全收益,CSI Dividend Low Volatility Total Return Index,CSI Dividend Low VolatilityTRI,,,,22570.31,119.28,0.53,4651925423.0,471.02,50.0,7.46,2026-06-23,7.46,471.02
20260624,H20269,中证红利低波动全收益指数,红利低波全收益,CSI Dividend Low Volatility Total Return Index,CSI Dividend Low VolatilityTRI,,,,22130.61,-439.7,-1.95,4247733275.0,431.59,50.0,7.3,2026-06-24,7.3,431.59
20260625,H20269,中证红利低波动全收益指数,红利低波全收益,CSI Dividend Low Volatility Total Return Index,CSI Dividend Low VolatilityTRI,,,,21871.42,-259.19,-1.17,3922069089.0,432.75,50.0,7.19,2026-06-25,7.19,432.75
20260626,H20269,中证红利低波动全收益指数,红利低波全收益,CSI Dividend Low Volatility Total Return Index,CSI Dividend Low VolatilityTRI,,,,21758.96,-112.46,-0.51,3835174225.0,417.48,50.0,7.14,2026-06-26,7.14,417.48
20260629,H20269,中证红利低波动全收益指数,红利低波全收益,CSI Dividend Low Volatility Total Return Index,CSI Dividend Low VolatilityTRI,,,,21903.1,144.14,0.66,4096409638.0,450.14,50.0,7.18,2026-06-29,7.18,450.14
20260630,H20269,中证红利低波动全收益指数,红利低波全收益,CSI Dividend Low Volatility Total Return Index,CSI Dividend Low VolatilityTRI,,,,21476.52,-426.58,-1.95,3979605497.0,415.52,50.0,7.03,2026-06-30,7.03,415.52
20260701,H20269,中证红利低波动全收益指数,红利低波全收益,CSI Dividend Low Volatility Total Return Index,CSI Dividend Low VolatilityTRI,,,,21700.15,223.63,1.04,3304858068.0,381.48,50.0,7.05,2026-07-01,7.05,381.48
20260702,H20269,中证红利低波动全收益指数,红利低波全收益,CSI Dividend Low Volatility Total Return Index,CSI Dividend Low VolatilityTRI,,,,21875.44,175.29,0.81,3882996482.0,410.81,50.0,7.06,2026-07-02,7.06,410.81
20260703,H20269,中证红利低波动全收益指数,红利低波全收益,CSI Dividend Low Volatility Total Return Index,CSI Dividend Low VolatilityTRI,,,,21943.08,67.63,0.31,3361935555.0,363.34,50.0,7.07,2026-07-03,7.07,363.34
20260706,H20269,中证红利低波动全收益指数,红利低波全收益,CSI Dividend Low Volatility Total Return Index,CSI Dividend Low VolatilityTRI,,,,22398.65,455.57,2.08,3746581872.0,399.16,50.0,7.18,2026-07-06,7.18,399.16
20260707,H20269,中证红利低波动全收益指数,红利低波全收益,CSI Dividend Low Volatility Total Return Index,CSI Dividend Low VolatilityTRI,,,,22265.94,-132.71,-0.59,3369088511.0,333.82,50.0,7.23,2026-07-07,7.23,333.82
20260708,H20269,中证红利低波动全收益指数,红利低波全收益,CSI Dividend Low Volatility Total Return Index,CSI Dividend Low VolatilityTRI,,,,22501.92,235.98,1.06,3655156426.0,356.63,50.0,7.33,2026-07-08,7.33,356.63
20260709,H20269,中证红利低波动全收益指数,红利低波全收益,CSI Dividend Low Volatility Total Return Index,CSI Dividend Low VolatilityTRI,,,,22268.54,-233.38,-1.04,3497061822.0,345.2,50.0,7.27,2026-07-09,7.27,345.2
20260710,H20269,中证红利低波动全收益指数,红利低波全收益,CSI Dividend Low Volatility Total Return Index,CSI Dividend Low VolatilityTRI,,,,22344.3,75.75,0.34,3646984360.0,357.75,50.0,7.28,2026-07-10,7.28,357.75
20260713,H20269,中证红利低波动全收益指数,红利低波全收益,CSI Dividend Low Volatility Total Return Index,CSI Dividend Low VolatilityTRI,,,,22726.92,382.62,1.71,4792909244.0,472.99,50.0,7.43,2026-07-13,7.43,472.99
20260714,H20269,中证红利低波动全收益指数,红利低波全收益,CSI Dividend Low Volatility Total Return Index,CSI Dividend Low VolatilityTRI,,,,22925.53,198.61,0.87,4371346267.0,459.13,50.0,7.47,2026-07-14,7.47,459.13
20260715,H20269,中证红利低波动全收益指数,红利低波全收益,CSI Dividend Low Volatility Total Return Index,CSI Dividend Low VolatilityTRI,,,,23217.77,292.25,1.27,4009468076.0,437.45,50.0,7.52,2026-07-15,7.52,437.45
20260716,H20269,中证红利低波动全收益指数,红利低波全收益,CSI Dividend Low Volatility Total Return Index,CSI Dividend Low VolatilityTRI,,,,23018.43,-199.35,-0.86,3593820043.0,370.18,50.0,7.44,2026-07-16,7.44,370.18
20260717,H20269,中证红利低波动全收益指数,红利低波全收益,CSI Dividend Low Volatility Total Return Index,CSI Dividend Low VolatilityTRI,,,,23075.67,57.24,0.25,5222739485.0,534.54,50.0,7.55,2026-07-17,7.55,534.54
20260720,H20269,中证红利低波动全收益指数,红利低波全收益,CSI Dividend Low Volatility Total Return Index,CSI Dividend Low VolatilityTRI,,,,23694.15,618.48,2.68,6219345199.0,674.82,50.0,7.79,2026-07-20,7.79,674.82
20260721,H20269,中证红利低波动全收益指数,红利低波全收益,CSI Dividend Low Volatility Total Return Index,CSI Dividend Low VolatilityTRI,,,,23382.63,-311.51,-1.31,6175404544.0,663.79,50.0,7.62,2026-07-21,7.62,663.79
20260722,H20269,中证红利低波动全收益指数,红利低波全收益,CSI Dividend Low Volatility Total Return Index,CSI Dividend Low VolatilityTRI,,,,23520.29,137.66,0.59,4352154913.0,471.04,50.0,7.72,2026-07-22,7.72,471.04
20260723,H20269,中证红利低波动全收益指数,红利低波全收益,CSI Dividend Low Volatility Total Return Index,CSI Dividend Low VolatilityTRI,,,,23624.67,104.38,0.44,3425573558.0,361.37,50.0,7.75,2026-07-23,7.75,361.37
20260724,H20269,中证红利低波动全收益指数,红利低波全收益,CSI Dividend Low Volatility Total Return Index,CSI Dividend Low VolatilityTRI,,,,23414.06,-210.61,-0.89,3652140989.0,400.8,50.0,7.79,2026-07-24,7.79,400.8
20260727,H20269,中证红利低波动全收益指数,红利低波全收益,CSI Dividend Low Volatility Total Return Index,CSI Dividend Low VolatilityTRI,,,,23508.62,94.56,0.4,3804402546.0,386.36,50.0,7.78,2026-07-27,7.78,386.36
