tradeDate,indexCode,indexNameCnAll,indexNameCn,indexNameEnAll,indexNameEn,open,high,low,close,change,changePct,tradingVol,tradingValue,consNumber,peg,date,rolling_pe,trading_value
20150101,000510,中证A500指数,中证A500,CSI A500 Index,CSI A500,3775.73,3876.34,3769.59,3857.54,,2.97,44708216332.0,4913.74,,,2015-01-01,,4913.74
20150105,000510,中证A500指数,中证A500,CSI A500 Index,CSI A500,3775.73,3876.34,3769.59,3857.54,,2.97,44708216332.0,4913.74,,,2015-01-05,,4913.74
20150106,000510,中证A500指数,中证A500,CSI A500 Index,CSI A500,3829.42,3907.56,3829.42,3884.41,,0.7,42959486619.0,4931.95,,,2015-01-06,,4931.95
20150107,000510,中证A500指数,中证A500,CSI A500 Index,CSI A500,3866.88,3898.59,3840.49,3881.12,,-0.08,32043518721.0,3771.67,,,2015-01-07,,3771.67
20150108,000510,中证A500指数,中证A500,CSI A500 Index,CSI A500,3886.06,3886.06,3809.79,3809.79,,-1.84,30398653491.0,3510.16,,,2015-01-08,,3510.16
20150109,000510,中证A500指数,中证A500,CSI A500 Index,CSI A500,3796.96,3917.29,3795.34,3796.3,,-0.35,34487222825.0,4106.75,,,2015-01-09,,4106.75
20150112,000510,中证A500指数,中证A500,CSI A500 Index,CSI A500,3780.43,3794.16,3721.1,3762.28,,-0.9,27035030143.0,3305.81,,,2015-01-12,,3305.81
20150113,000510,中证A500指数,中证A500,CSI A500 Index,CSI A500,3757.39,3801.67,3757.39,3780.48,,0.48,19750780222.0,2598.24,,,2015-01-13,,2598.24
20150114,000510,中证A500指数,中证A500,CSI A500 Index,CSI A500,3788.29,3798.49,3735.91,3760.04,,-0.54,20480562080.0,2474.36,,,2015-01-14,,2474.36
20150115,000510,中证A500指数,中证A500,CSI A500 Index,CSI A500,3759.36,3851.01,3752.03,3851.01,,2.42,23420731416.0,2883.55,,,2015-01-15,,2883.55
20150116,000510,中证A500指数,中证A500,CSI A500 Index,CSI A500,3864.2,3914.56,3863.38,3896.41,,1.18,28876326252.0,3563.8,,,2015-01-16,,3563.8
20150119,000510,中证A500指数,中证A500,CSI A500 Index,CSI A500,3691.37,3778.96,3598.07,3628.98,,-6.86,34881645623.0,3914.38,,,2015-01-19,,3914.38
20150120,000510,中证A500指数,中证A500,CSI A500 Index,CSI A500,3624.64,3711.63,3624.64,3706.5,,2.14,30357986623.0,3862.6,,,2015-01-20,,3862.6
20150121,000510,中证A500指数,中证A500,CSI A500 Index,CSI A500,3728.86,3850.83,3723.32,3850.83,,3.89,34754200276.0,4351.3,,,2015-01-21,,4351.3
20150122,000510,中证A500指数,中证A500,CSI A500 Index,CSI A500,3853.33,3882.35,3831.61,3877.43,,0.69,28934945392.0,3729.23,,,2015-01-22,,3729.23
20150123,000510,中证A500指数,中证A500,CSI A500 Index,CSI A500,3891.42,3912.58,3858.2,3866.58,,-0.28,29085289352.0,3712.19,,,2015-01-23,,3712.19
20150126,000510,中证A500指数,中证A500,CSI A500 Index,CSI A500,3870.44,3913.83,3864.37,3913.78,,1.22,25546524391.0,3190.74,,,2015-01-26,,3190.74
20150127,000510,中证A500指数,中证A500,CSI A500 Index,CSI A500,3923.04,3924.5,3838.5,3892.56,,-0.54,30858478054.0,3777.61,,,2015-01-27,,3777.61
20150128,000510,中证A500指数,中证A500,CSI A500 Index,CSI A500,3865.99,3895.06,3836.52,3843.1,,-1.27,23977664809.0,3038.36,,,2015-01-28,,3038.36
20150129,000510,中证A500指数,中证A500,CSI A500 Index,CSI A500,3793.98,3820.28,3788.64,3800.54,,-1.11,22489259665.0,2661.76,,,2015-01-29,,2661.76
20150130,000510,中证A500指数,中证A500,CSI A500 Index,CSI A500,3814.05,3821.99,3745.07,3745.07,,-1.46,21087345947.0,2541.07,,,2015-01-30,,2541.07
20150202,000510,中证A500指数,中证A500,CSI A500 Index,CSI A500,3675.07,3722.24,3673.81,3674.96,,-1.87,20854716962.0,2399.71,,,2015-02-02,,2399.71
20150203,000510,中证A500指数,中证A500,CSI A500 Index,CSI A500,3706.24,3763.71,3691.9,3763.71,,2.42,20791245764.0,2632.07,,,2015-02-03,,2632.07
20150204,000510,中证A500指数,中证A500,CSI A500 Index,CSI A500,3773.82,3792.5,3730.8,3730.8,,-0.87,20853068912.0,2656.0,,,2015-02-04,,2656.0
20150205,000510,中证A500指数,中证A500,CSI A500 Index,CSI A500,3806.3,3806.3,3695.04,3695.04,,-0.96,26038017556.0,3230.98,,,2015-02-05,,3230.98
20150206,000510,中证A500指数,中证A500,CSI A500 Index,CSI A500,3684.27,3691.23,3609.76,3630.36,,-1.75,21031309478.0,2440.74,,,2015-02-06,,2440.74
20150209,000510,中证A500指数,中证A500,CSI A500 Index,CSI A500,3637.04,3670.24,3621.05,3646.0,,0.43,17102465162.0,2130.7,,,2015-02-09,,2130.7
20150210,000510,中证A500指数,中证A500,CSI A500 Index,CSI A500,3646.06,3712.35,3646.06,3712.35,,1.82,16108725923.0,1987.54,,,2015-02-10,,1987.54
20150211,000510,中证A500指数,中证A500,CSI A500 Index,CSI A500,3721.47,3754.22,3721.47,3749.67,,1.01,15811043923.0,2060.88,,,2015-02-11,,2060.88
20150212,000510,中证A500指数,中证A500,CSI A500 Index,CSI A500,3752.68,3774.29,3730.96,3765.02,,0.41,17369605446.0,2162.87,,,2015-02-12,,2162.87
20150213,000510,中证A500指数,中证A500,CSI A500 Index,CSI A500,3782.66,3831.01,3782.66,3800.15,,0.93,21878953201.0,2697.73,,,2015-02-13,,2697.73
20150216,000510,中证A500指数,中证A500,CSI A500 Index,CSI A500,3807.88,3851.62,3805.7,3849.94,,1.31,19128549464.0,2607.26,,,2015-02-16,,2607.26
20150217,000510,中证A500指数,中证A500,CSI A500 Index,CSI A500,3863.42,3887.31,3863.42,3875.46,,0.66,18379448770.0,2437.45,,,2015-02-17,,2437.45
20150225,000510,中证A500指数,中证A500,CSI A500 Index,CSI A500,3884.93,3884.93,3823.89,3837.52,,-0.98,19363566607.0,2532.16,,,2015-02-25,,2532.16
20150226,000510,中证A500指数,中证A500,CSI A500 Index,CSI A500,3832.24,3914.16,3817.17,3911.92,,1.94,24599077209.0,2981.02,,,2015-02-26,,2981.02
20150227,000510,中证A500指数,中证A500,CSI A500 Index,CSI A500,3912.82,3944.05,3912.82,3930.6,,0.48,24804975572.0,3059.06,,,2015-02-27,,3059.06
20150302,000510,中证A500指数,中证A500,CSI A500 Index,CSI A500,3958.95,3972.97,3931.43,3972.97,,1.08,27249034973.0,3575.98,,,2015-03-02,,3575.98
20150303,000510,中证A500指数,中证A500,CSI A500 Index,CSI A500,3952.51,3952.51,3891.65,3891.65,,-2.05,30348594646.0,3936.09,,,2015-03-03,,3936.09
20150304,000510,中证A500指数,中证A500,CSI A500 Index,CSI A500,3897.84,3926.76,3888.93,3926.74,,0.9,23505069911.0,3109.02,,,2015-03-04,,3109.02
20150305,000510,中证A500指数,中证A500,CSI A500 Index,CSI A500,3911.71,3915.44,3864.95,3892.9,,-0.86,24949654107.0,3264.6,,,2015-03-05,,3264.6
20150306,000510,中证A500指数,中证A500,CSI A500 Index,CSI A500,3898.36,3908.19,3861.15,3862.93,,-0.77,21168553421.0,2757.51,,,2015-03-06,,2757.51
20150309,000510,中证A500指数,中证A500,CSI A500 Index,CSI A500,3841.83,3935.86,3818.44,3934.56,,1.85,24304351614.0,2941.75,,,2015-03-09,,2941.75
20150310,000510,中证A500指数,中证A500,CSI A500 Index,CSI A500,3925.73,3958.55,3925.18,3935.7,,0.03,21891388267.0,2840.06,,,2015-03-10,,2840.06
20150311,000510,中证A500指数,中证A500,CSI A500 Index,CSI A500,3940.72,3972.73,3926.83,3936.95,,0.03,21593601897.0,2768.82,,,2015-03-11,,2768.82
20150312,000510,中证A500指数,中证A500,CSI A500 Index,CSI A500,3967.83,3994.36,3953.94,3990.96,,1.37,27831031433.0,3446.51,,,2015-03-12,,3446.51
20150313,000510,中证A500指数,中证A500,CSI A500 Index,CSI A500,4002.87,4034.87,4002.87,4028.88,,0.95,26075129968.0,3212.49,,,2015-03-13,,3212.49
20150316,000510,中证A500指数,中证A500,CSI A500 Index,CSI A500,4057.15,4136.91,4047.1,4136.91,,2.68,31017292374.0,4137.58,,,2015-03-16,,4137.58
20150317,000510,中证A500指数,中证A500,CSI A500 Index,CSI A500,4165.2,4198.85,4144.88,4190.21,,1.29,41101017869.0,5047.14,,,2015-03-17,,5047.14
20150318,000510,中证A500指数,中证A500,CSI A500 Index,CSI A500,4200.48,4284.2,4195.13,4284.2,,2.24,45063188151.0,5308.05,,,2015-03-18,,5308.05
20150319,000510,中证A500指数,中证A500,CSI A500 Index,CSI A500,4289.83,4298.64,4261.2,4287.6,,0.08,43250943576.0,5206.51,,,2015-03-19,,5206.51
20150320,000510,中证A500指数,中证A500,CSI A500 Index,CSI A500,4300.31,4343.29,4291.08,4333.25,,1.07,41098615050.0,5513.61,,,2015-03-20,,5513.61
20150323,000510,中证A500指数,中证A500,CSI A500 Index,CSI A500,4366.29,4429.86,4366.29,4429.86,,2.23,42781757997.0,5711.4,,,2015-03-23,,5711.4
20150324,000510,中证A500指数,中证A500,CSI A500 Index,CSI A500,4441.42,4449.8,4343.79,4448.17,,0.41,52476833524.0,6726.24,,,2015-03-24,,6726.24
20150325,000510,中证A500指数,中证A500,CSI A500 Index,CSI A500,4439.27,4463.95,4409.37,4431.93,,-0.36,42536385287.0,5777.69,,,2015-03-25,,5777.69
20150326,000510,中证A500指数,中证A500,CSI A500 Index,CSI A500,4411.42,4469.06,4398.76,4426.27,,-0.13,39042929833.0,5452.12,,,2015-03-26,,5452.12
20150327,000510,中证A500指数,中证A500,CSI A500 Index,CSI A500,4429.4,4469.59,4412.51,4451.62,,0.57,32209192887.0,4365.43,,,2015-03-27,,4365.43
20150330,000510,中证A500指数,中证A500,CSI A500 Index,CSI A500,4479.82,4560.02,4479.82,4556.91,,2.37,44943414482.0,5809.74,,,2015-03-30,,5809.74
20150331,000510,中证A500指数,中证A500,CSI A500 Index,CSI A500,4601.72,4607.42,4516.09,4528.1,,-0.63,45124163213.0,6178.93,,,2015-03-31,,6178.93
20150401,000510,中证A500指数,中证A500,CSI A500 Index,CSI A500,4534.9,4629.13,4534.37,4617.73,,1.98,35895892446.0,5129.46,,,2015-04-01,,5129.46
20150402,000510,中证A500指数,中证A500,CSI A500 Index,CSI A500,4647.35,4648.84,4580.0,4643.23,,0.55,37866841999.0,5454.05,,,2015-04-02,,5454.05
20150403,000510,中证A500指数,中证A500,CSI A500 Index,CSI A500,4622.47,4694.84,4622.47,4694.84,,1.11,35932713831.0,5298.8,,,2015-04-03,,5298.8
20150407,000510,中证A500指数,中证A500,CSI A500 Index,CSI A500,4737.29,4795.35,4730.73,4795.35,,2.14,45106416222.0,6281.03,,,2015-04-07,,6281.03
20150408,000510,中证A500指数,中证A500,CSI A500 Index,CSI A500,4815.89,4820.27,4710.39,4796.43,,0.02,47901130352.0,6927.81,,,2015-04-08,,6927.81
20150409,000510,中证A500指数,中证A500,CSI A500 Index,CSI A500,4810.78,4810.78,4682.43,4749.48,,-0.98,44827484100.0,6595.87,,,2015-04-09,,6595.87
20150410,000510,中证A500指数,中证A500,CSI A500 Index,CSI A500,4735.83,4854.41,4735.83,4854.27,,2.21,37102172003.0,5524.77,,,2015-04-10,,5524.77
20150413,000510,中证A500指数,中证A500,CSI A500 Index,CSI A500,4903.54,4958.06,4895.64,4951.73,,2.01,45973490261.0,6528.76,,,2015-04-13,,6528.76
20150414,000510,中证A500指数,中证A500,CSI A500 Index,CSI A500,4966.12,5010.2,4936.41,4968.54,,0.34,47253437722.0,6640.97,,,2015-04-14,,6640.97
20150415,000510,中证A500指数,中证A500,CSI A500 Index,CSI A500,4968.29,4973.68,4871.92,4878.03,,-1.82,50270183434.0,6515.69,,,2015-04-15,,6515.69
20150416,000510,中证A500指数,中证A500,CSI A500 Index,CSI A500,4847.64,5024.06,4847.64,5017.91,,2.87,44049605897.0,6057.18,,,2015-04-16,,6057.18
20150417,000510,中证A500指数,中证A500,CSI A500 Index,CSI A500,5087.2,5136.25,5065.53,5107.3,,1.78,58992226855.0,7951.19,,,2015-04-17,,7951.19
20150420,000510,中证A500指数,中证A500,CSI A500 Index,CSI A500,5125.0,5195.71,5011.67,5044.92,,-1.22,72861818992.0,10117.33,,,2015-04-20,,10117.33
20150421,000510,中证A500指数,中证A500,CSI A500 Index,CSI A500,5048.67,5162.87,5036.45,5162.87,,2.34,53157609866.0,7609.76,,,2015-04-21,,7609.76
20150422,000510,中证A500指数,中证A500,CSI A500 Index,CSI A500,5185.89,5288.8,5185.89,5288.8,,2.44,55870201321.0,8406.69,,,2015-04-22,,8406.69
20150423,000510,中证A500指数,中证A500,CSI A500 Index,CSI A500,5317.91,5333.68,5262.5,5304.67,,0.3,53271775390.0,8090.25,,,2015-04-23,,8090.25
20150424,000510,中证A500指数,中证A500,CSI A500 Index,CSI A500,5245.7,5301.8,5204.6,5289.28,,-0.29,52659907559.0,8047.17,,,2015-04-24,,8047.17
20150427,000510,中证A500指数,中证A500,CSI A500 Index,CSI A500,5355.13,5406.51,5334.16,5403.48,,2.16,56217726977.0,8598.47,,,2015-04-27,,8598.47
20150428,000510,中证A500指数,中证A500,CSI A500 Index,CSI A500,5410.06,5410.06,5294.31,5309.74,,-1.74,65138612846.0,9381.77,,,2015-04-28,,9381.77
20150429,000510,中证A500指数,中证A500,CSI A500 Index,CSI A500,5292.68,5387.84,5269.24,5368.61,,1.11,42812449526.0,6792.03,,,2015-04-29,,6792.03
20150430,000510,中证A500指数,中证A500,CSI A500 Index,CSI A500,5387.2,5420.64,5359.65,5359.65,,-0.17,42777321300.0,6828.56,,,2015-04-30,,6828.56
20150504,000510,中证A500指数,中证A500,CSI A500 Index,CSI A500,5369.31,5405.22,5301.59,5405.22,,0.85,40905963351.0,6383.18,,,2015-05-04,,6383.18
20150505,000510,中证A500指数,中证A500,CSI A500 Index,CSI A500,5401.65,5401.65,5182.06,5193.19,,-3.92,49169560038.0,7222.94,,,2015-05-05,,7222.94
20150506,000510,中证A500指数,中证A500,CSI A500 Index,CSI A500,5221.73,5309.67,5108.59,5144.71,,-0.93,40598565147.0,6528.77,,,2015-05-06,,6528.77
20150507,000510,中证A500指数,中证A500,CSI A500 Index,CSI A500,5108.55,5117.96,5028.9,5029.32,,-2.24,32435452225.0,4798.78,,,2015-05-07,,4798.78
20150508,000510,中证A500指数,中证A500,CSI A500 Index,CSI A500,5080.45,5162.72,5043.31,5162.72,,2.65,33682639572.0,5299.91,,,2015-05-08,,5299.91
20150511,000510,中证A500指数,中证A500,CSI A500 Index,CSI A500,5194.05,5335.14,5168.53,5335.14,,3.34,40589794598.0,6705.42,,,2015-05-11,,6705.42
20150512,000510,中证A500指数,中证A500,CSI A500 Index,CSI A500,5344.73,5419.19,5339.56,5419.19,,1.58,41043654776.0,6940.83,,,2015-05-12,,6940.83
20150513,000510,中证A500指数,中证A500,CSI A500 Index,CSI A500,5410.97,5458.91,5392.02,5399.65,,-0.36,41542131548.0,7083.53,,,2015-05-13,,7083.53
20150514,000510,中证A500指数,中证A500,CSI A500 Index,CSI A500,5395.99,5409.25,5354.79,5375.81,,-0.44,36737633628.0,6011.18,,,2015-05-14,,6011.18
20150515,000510,中证A500指数,中证A500,CSI A500 Index,CSI A500,5362.98,5362.98,5273.01,5302.75,,-1.36,35606247044.0,5817.71,,,2015-05-15,,5817.71
20150518,000510,中证A500指数,中证A500,CSI A500 Index,CSI A500,5278.15,5347.08,5278.15,5304.98,,0.04,30116879051.0,5236.37,,,2015-05-18,,5236.37
20150519,000510,中证A500指数,中证A500,CSI A500 Index,CSI A500,5316.1,5458.26,5316.1,5458.26,,2.89,33483731658.0,5793.9,,,2015-05-19,,5793.9
20150520,000510,中证A500指数,中证A500,CSI A500 Index,CSI A500,5483.96,5606.37,5483.96,5512.79,,1.0,40190118114.0,6882.32,,,2015-05-20,,6882.32
20150521,000510,中证A500指数,中证A500,CSI A500 Index,CSI A500,5534.92,5640.4,5523.88,5640.4,,2.32,35628952642.0,6319.67,,,2015-05-21,,6319.67
20150522,000510,中证A500指数,中证A500,CSI A500 Index,CSI A500,5711.55,5750.93,5653.92,5750.79,,1.96,50518430531.0,8385.87,,,2015-05-22,,8385.87
20150525,000510,中证A500指数,中证A500,CSI A500 Index,CSI A500,5732.14,5910.57,5732.14,5910.57,,2.78,51068033118.0,8578.47,,,2015-05-25,,8578.47
20150526,000510,中证A500指数,中证A500,CSI A500 Index,CSI A500,5959.35,6053.9,5926.91,6053.9,,2.43,53782847778.0,9250.46,,,2015-05-26,,9250.46
20150527,000510,中证A500指数,中证A500,CSI A500 Index,CSI A500,6080.1,6080.1,5964.82,6046.55,,-0.12,52607667675.0,9167.72,,,2015-05-27,,9167.72
20150528,000510,中证A500指数,中证A500,CSI A500 Index,CSI A500,6038.79,6079.34,5657.08,5658.4,,-6.42,62711266500.0,10059.7,,,2015-05-28,,10059.7
20150529,000510,中证A500指数,中证A500,CSI A500 Index,CSI A500,5659.5,5757.94,5534.79,5687.78,,0.52,47072787535.0,7449.07,,,2015-05-29,,7449.07
20150601,000510,中证A500指数,中证A500,CSI A500 Index,CSI A500,5723.72,5968.6,5723.72,5966.58,,4.9,45460656245.0,7333.43,,,2015-06-01,,7333.43
20150602,000510,中证A500指数,中证A500,CSI A500 Index,CSI A500,6000.01,6105.46,5970.26,6105.35,,2.33,47078498053.0,7940.18,,,2015-06-02,,7940.18
20150603,000510,中证A500指数,中证A500,CSI A500 Index,CSI A500,6131.11,6131.11,5998.86,6099.1,,-0.1,45392153318.0,7960.61,,,2015-06-03,,7960.61
20150604,000510,中证A500指数,中证A500,CSI A500 Index,CSI A500,6112.09,6118.48,5814.56,6117.07,,0.3,51215650470.0,8325.11,,,2015-06-04,,8325.11
20150605,000510,中证A500指数,中证A500,CSI A500 Index,CSI A500,6199.94,6233.64,6090.06,6176.09,,0.97,58698012946.0,9722.33,,,2015-06-05,,9722.33
20150608,000510,中证A500指数,中证A500,CSI A500 Index,CSI A500,6201.89,6269.4,6113.87,6248.43,,1.17,66591099040.0,10290.68,,,2015-06-08,,10290.68
20150609,000510,中证A500指数,中证A500,CSI A500 Index,CSI A500,6265.96,6270.65,6152.57,6220.5,,-0.45,59063592746.0,9337.44,,,2015-06-09,,9337.44
20150610,000510,中证A500指数,中证A500,CSI A500 Index,CSI A500,6158.64,6318.21,6143.24,6247.67,,0.44,48183083944.0,8183.5,,,2015-06-10,,8183.5
20150611,000510,中证A500指数,中证A500,CSI A500 Index,CSI A500,6246.88,6270.62,6214.96,6270.62,,0.37,44041052333.0,7806.25,,,2015-06-11,,7806.25
20150612,000510,中证A500指数,中证A500,CSI A500 Index,CSI A500,6302.02,6338.33,6263.53,6321.03,,0.8,48506405340.0,8293.67,,,2015-06-12,,8293.67
20150615,000510,中证A500指数,中证A500,CSI A500 Index,CSI A500,6344.18,6344.18,6189.51,6189.51,,-2.08,52614029388.0,8980.31,,,2015-06-15,,8980.31
20150616,000510,中证A500指数,中证A500,CSI A500 Index,CSI A500,6121.27,6123.3,5927.42,5977.29,,-3.43,45740858921.0,7706.3,,,2015-06-16,,7706.3
20150617,000510,中证A500指数,中证A500,CSI A500 Index,CSI A500,5980.69,6083.56,5840.8,6082.19,,1.76,44104399481.0,7028.52,,,2015-06-17,,7028.52
20150618,000510,中证A500指数,中证A500,CSI A500 Index,CSI A500,6054.79,6074.75,5839.51,5839.51,,-3.99,40061394567.0,6535.75,,,2015-06-18,,6535.75
20150619,000510,中证A500指数,中证A500,CSI A500 Index,CSI A500,5729.41,5784.48,5481.27,5482.04,,-6.12,38744928392.0,5976.46,,,2015-06-19,,5976.46
20150623,000510,中证A500指数,中证A500,CSI A500 Index,CSI A500,5479.38,5624.92,5267.65,5624.92,,2.61,39597099203.0,6122.78,,,2015-06-23,,6122.78
20150624,000510,中证A500指数,中证A500,CSI A500 Index,CSI A500,5659.07,5733.82,5597.35,5733.82,,1.94,46693583609.0,6997.65,,,2015-06-24,,6997.65
20150625,000510,中证A500指数,中证A500,CSI A500 Index,CSI A500,5760.79,5760.79,5480.55,5520.31,,-3.72,47447232055.0,7192.53,,,2015-06-25,,7192.53
20150626,000510,中证A500指数,中证A500,CSI A500 Index,CSI A500,5354.36,5410.81,5045.74,5084.98,,-7.89,46454152258.0,6562.9,,,2015-06-26,,6562.9
20150629,000510,中证A500指数,中证A500,CSI A500 Index,CSI A500,5201.51,5201.51,4727.28,4876.39,,-4.1,54844091746.0,7540.28,,,2015-06-29,,7540.28
20150630,000510,中证A500指数,中证A500,CSI A500 Index,CSI A500,4818.87,5182.96,4662.65,5182.96,,6.29,56327225490.0,7906.5,,,2015-06-30,,7906.5
20150701,000510,中证A500指数,中证A500,CSI A500 Index,CSI A500,5112.78,5251.3,4924.38,4930.14,,-4.88,46826097334.0,7071.59,,,2015-07-01,,7071.59
20150702,000510,中证A500指数,中证A500,CSI A500 Index,CSI A500,4950.82,4950.82,4662.88,4724.71,,-4.17,47964354775.0,6411.46,,,2015-07-02,,6411.46
20150703,000510,中证A500指数,中证A500,CSI A500 Index,CSI A500,4599.04,4775.09,4378.65,4465.12,,-5.49,45608337590.0,5841.47,,,2015-07-03,,5841.47
20150706,000510,中证A500指数,中证A500,CSI A500 Index,CSI A500,4822.0,4822.0,4348.43,4527.61,,1.4,68865957625.0,8358.47,,,2015-07-06,,8358.47
20150707,000510,中证A500指数,中证A500,CSI A500 Index,CSI A500,4384.95,4443.14,4265.03,4413.27,,-2.53,63751349194.0,7385.63,,,2015-07-07,,7385.63
20150708,000510,中证A500指数,中证A500,CSI A500 Index,CSI A500,4133.22,4244.4,4129.08,4158.7,,-5.77,62874385463.0,7017.1,,,2015-07-08,,7017.1
20150709,000510,中证A500指数,中证A500,CSI A500 Index,CSI A500,4105.42,4423.73,4066.25,4397.54,,5.74,48919814482.0,5439.39,,,2015-07-09,,5439.39
20150710,000510,中证A500指数,中证A500,CSI A500 Index,CSI A500,4442.92,4685.43,4442.92,4617.89,,5.01,46897430674.0,5798.73,,,2015-07-10,,5798.73
20150713,000510,中证A500指数,中证A500,CSI A500 Index,CSI A500,4685.97,4815.56,4641.99,4768.93,,3.27,49303180453.0,6504.17,,,2015-07-13,,6504.17
20150714,000510,中证A500指数,中证A500,CSI A500 Index,CSI A500,4770.34,4864.0,4703.27,4716.67,,-1.1,47689267433.0,6470.84,,,2015-07-14,,6470.84
20150715,000510,中证A500指数,中证A500,CSI A500 Index,CSI A500,4681.8,4702.63,4477.38,4542.43,,-3.69,46175114788.0,5961.88,,,2015-07-15,,5961.88
20150716,000510,中证A500指数,中证A500,CSI A500 Index,CSI A500,4506.88,4666.1,4420.88,4591.75,,1.09,37097504625.0,4900.69,,,2015-07-16,,4900.69
20150717,000510,中证A500指数,中证A500,CSI A500 Index,CSI A500,4622.49,4823.44,4610.9,4787.14,,4.26,36736556859.0,5127.09,,,2015-07-17,,5127.09
20150720,000510,中证A500指数,中证A500,CSI A500 Index,CSI A500,4798.94,4877.68,4758.21,4823.75,,0.77,40457805353.0,5917.55,,,2015-07-20,,5917.55
20150721,000510,中证A500指数,中证A500,CSI A500 Index,CSI A500,4762.23,4880.37,4762.23,4840.84,,0.35,35769838018.0,5166.42,,,2015-07-21,,5166.42
20150722,000510,中证A500指数,中证A500,CSI A500 Index,CSI A500,4824.44,4875.23,4771.3,4851.69,,0.22,36576652280.0,5397.29,,,2015-07-22,,5397.29
20150723,000510,中证A500指数,中证A500,CSI A500 Index,CSI A500,4854.47,4968.79,4846.46,4963.69,,2.31,40023175518.0,5775.38,,,2015-07-23,,5775.38
20150724,000510,中证A500指数,中证A500,CSI A500 Index,CSI A500,4970.57,5022.14,4883.26,4884.1,,-1.6,44157067795.0,6493.64,,,2015-07-24,,6493.64
20150727,000510,中证A500指数,中证A500,CSI A500 Index,CSI A500,4788.78,4865.69,4483.91,4484.07,,-8.19,41118677839.0,5819.34,,,2015-07-27,,5819.34
20150728,000510,中证A500指数,中证A500,CSI A500 Index,CSI A500,4321.5,4539.9,4252.18,4431.05,,-1.18,42514857548.0,5705.48,,,2015-07-28,,5705.48
20150729,000510,中证A500指数,中证A500,CSI A500 Index,CSI A500,4476.45,4592.54,4385.56,4592.54,,3.64,32065858520.0,4616.99,,,2015-07-29,,4616.99
20150730,000510,中证A500指数,中证A500,CSI A500 Index,CSI A500,4574.48,4631.7,4462.83,4462.83,,-2.82,31812138641.0,4768.32,,,2015-07-30,,4768.32
20150731,000510,中证A500指数,中证A500,CSI A500 Index,CSI A500,4414.04,4502.48,4401.74,4442.84,,-0.45,25222113747.0,3642.96,,,2015-07-31,,3642.96
20150803,000510,中证A500指数,中证A500,CSI A500 Index,CSI A500,4382.21,4429.95,4332.35,4409.37,,-0.75,27829648303.0,3721.99,,,2015-08-03,,3721.99
20150804,000510,中证A500指数,中证A500,CSI A500 Index,CSI A500,4408.93,4578.09,4388.66,4578.09,,3.83,26083951702.0,3657.69,,,2015-08-04,,3657.69
20150805,000510,中证A500指数,中证A500,CSI A500 Index,CSI A500,4570.85,4610.48,4483.73,4497.82,,-1.75,25213826772.0,3690.07,,,2015-08-05,,3690.07
20150806,000510,中证A500指数,中证A500,CSI A500 Index,CSI A500,4415.36,4525.31,4415.36,4464.46,,-0.74,18356436743.0,2631.66,,,2015-08-06,,2631.66
20150807,000510,中证A500指数,中证A500,CSI A500 Index,CSI A500,4508.71,4578.1,4506.95,4568.44,,2.33,23125889079.0,3433.34,,,2015-08-07,,3433.34
20150810,000510,中证A500指数,中证A500,CSI A500 Index,CSI A500,4621.09,4796.42,4612.42,4778.07,,4.59,35064024428.0,5010.9,,,2015-08-10,,5010.9
20150811,000510,中证A500指数,中证A500,CSI A500 Index,CSI A500,4781.7,4810.11,4743.3,4769.55,,-0.18,38092797110.0,5398.47,,,2015-08-11,,5398.47
20150812,000510,中证A500指数,中证A500,CSI A500 Index,CSI A500,4722.17,4785.98,4706.39,4706.39,,-1.32,30678330818.0,4423.62,,,2015-08-12,,4423.62
20150813,000510,中证A500指数,中证A500,CSI A500 Index,CSI A500,4693.64,4785.41,4649.14,4785.41,,1.68,28938485467.0,4141.21,,,2015-08-13,,4141.21
20150814,000510,中证A500指数,中证A500,CSI A500 Index,CSI A500,4813.65,4834.22,4776.61,4786.99,,0.03,30394410421.0,4489.08,,,2015-08-14,,4489.08
20150817,000510,中证A500指数,中证A500,CSI A500 Index,CSI A500,4768.88,4811.18,4734.13,4811.18,,0.51,30761085880.0,4401.01,,,2015-08-17,,4401.01
20150818,000510,中证A500指数,中证A500,CSI A500 Index,CSI A500,4818.71,4825.97,4500.35,4501.39,,-6.44,37113691069.0,5308.78,,,2015-08-18,,5308.78
20150819,000510,中证A500指数,中证A500,CSI A500 Index,CSI A500,4394.13,4599.1,4316.48,4580.89,,1.77,31985488397.0,4383.45,,,2015-08-19,,4383.45
20150820,000510,中证A500指数,中证A500,CSI A500 Index,CSI A500,4541.73,4583.2,4441.52,4441.52,,-3.04,26283685940.0,3713.34,,,2015-08-20,,3713.34
20150821,000510,中证A500指数,中证A500,CSI A500 Index,CSI A500,4376.41,4427.26,4233.65,4234.67,,-4.66,26352858971.0,3502.91,,,2015-08-21,,3502.91
20150824,000510,中证A500指数,中证A500,CSI A500 Index,CSI A500,4068.7,4068.7,3868.83,3877.2,,-8.44,26934333874.0,3062.44,,,2015-08-24,,3062.44
20150825,000510,中证A500指数,中证A500,CSI A500 Index,CSI A500,3631.14,3763.25,3590.78,3603.35,,-7.06,28806574365.0,3116.29,,,2015-08-25,,3116.29
20150826,000510,中证A500指数,中证A500,CSI A500 Index,CSI A500,3614.25,3752.33,3492.39,3550.64,,-1.46,34529532011.0,3769.95,,,2015-08-26,,3769.95
20150827,000510,中证A500指数,中证A500,CSI A500 Index,CSI A500,3625.88,3734.88,3555.17,3734.88,,5.19,29905721799.0,3327.18,,,2015-08-27,,3327.18
20150828,000510,中证A500指数,中证A500,CSI A500 Index,CSI A500,3782.57,3916.77,3769.29,3907.5,,4.62,33838123892.0,3840.37,,,2015-08-28,,3840.37
20150831,000510,中证A500指数,中证A500,CSI A500 Index,CSI A500,3867.26,3888.66,3763.77,3888.66,,-0.48,30260218772.0,3527.33,,,2015-08-31,,3527.33
20150901,000510,中证A500指数,中证A500,CSI A500 Index,CSI A500,3814.38,3825.92,3688.62,3822.04,,-1.71,35236137921.0,3622.78,,,2015-09-01,,3622.78
20150902,000510,中证A500指数,中证A500,CSI A500 Index,CSI A500,3657.33,3831.79,3657.33,3808.26,,-0.36,35971082752.0,3736.84,,,2015-09-02,,3736.84
20150907,000510,中证A500指数,中证A500,CSI A500 Index,CSI A500,3804.51,3876.67,3718.95,3718.95,,-2.35,23566436698.0,2683.17,,,2015-09-07,,2683.17
20150908,000510,中证A500指数,中证A500,CSI A500 Index,CSI A500,3687.41,3827.11,3645.55,3827.11,,2.91,18835252224.0,2150.95,,,2015-09-08,,2150.95
20150909,000510,中证A500指数,中证A500,CSI A500 Index,CSI A500,3843.89,3937.7,3843.89,3910.72,,2.19,27962745882.0,3455.7,,,2015-09-09,,3455.7
20150910,000510,中证A500指数,中证A500,CSI A500 Index,CSI A500,3852.84,3912.61,3852.84,3863.79,,-1.2,18711919025.0,2310.71,,,2015-09-10,,2310.71
20150911,000510,中证A500指数,中证A500,CSI A500 Index,CSI A500,3857.05,3894.16,3830.05,3866.42,,0.07,15281279908.0,1924.99,,,2015-09-11,,1924.99
20150914,000510,中证A500指数,中证A500,CSI A500 Index,CSI A500,3893.36,3893.36,3690.81,3757.52,,-2.82,24714060465.0,2865.47,,,2015-09-14,,2865.47
20150915,000510,中证A500指数,中证A500,CSI A500 Index,CSI A500,3670.33,3709.98,3583.24,3601.66,,-4.15,18119568016.0,1956.72,,,2015-09-15,,1956.72
20150916,000510,中证A500指数,中证A500,CSI A500 Index,CSI A500,3601.92,3822.2,3596.85,3789.59,,5.22,20042005369.0,2229.02,,,2015-09-16,,2229.02
20150917,000510,中证A500指数,中证A500,CSI A500 Index,CSI A500,3771.55,3844.97,3716.91,3716.91,,-1.92,22527347322.0,2706.83,,,2015-09-17,,2706.83
20150918,000510,中证A500指数,中证A500,CSI A500 Index,CSI A500,3739.05,3767.86,3714.24,3744.54,,0.74,14791600302.0,1793.35,,,2015-09-18,,1793.35
20150921,000510,中证A500指数,中证A500,CSI A500 Index,CSI A500,3709.49,3826.92,3709.49,3826.92,,2.2,16962223022.0,2131.91,,,2015-09-21,,2131.91
20150922,000510,中证A500指数,中证A500,CSI A500 Index,CSI A500,3833.31,3879.07,3828.11,3852.71,,0.67,19280045488.0,2435.56,,,2015-09-22,,2435.56
20150923,000510,中证A500指数,中证A500,CSI A500 Index,CSI A500,3794.74,3829.51,3770.84,3780.67,,-1.87,16936288042.0,2033.55,,,2015-09-23,,2033.55
20150924,000510,中证A500指数,中证A500,CSI A500 Index,CSI A500,3799.78,3822.62,3777.3,3811.22,,0.81,14424986356.0,1834.69,,,2015-09-24,,1834.69
20150925,000510,中证A500指数,中证A500,CSI A500 Index,CSI A500,3797.99,3816.2,3706.21,3736.89,,-1.95,16080089794.0,1913.31,,,2015-09-25,,1913.31
20150928,000510,中证A500指数,中证A500,CSI A500 Index,CSI A500,3733.47,3769.47,3700.81,3767.79,,0.83,10755971307.0,1363.43,,,2015-09-28,,1363.43
20150929,000510,中证A500指数,中证A500,CSI A500 Index,CSI A500,3712.8,3733.83,3680.38,3696.11,,-1.9,11920079437.0,1431.42,,,2015-09-29,,1431.42
20150930,000510,中证A500指数,中证A500,CSI A500 Index,CSI A500,3717.32,3738.68,3694.07,3719.39,,0.63,10192221435.0,1307.64,,,2015-09-30,,1307.64
20151008,000510,中证A500指数,中证A500,CSI A500 Index,CSI A500,3852.02,3871.48,3826.86,3834.17,,3.09,16567737653.0,2141.79,,,2015-10-08,,2141.79
20151009,000510,中证A500指数,中证A500,CSI A500 Index,CSI A500,3840.7,3892.0,3840.7,3884.11,,1.3,16139391536.0,2020.03,,,2015-10-09,,2020.03
20151012,000510,中证A500指数,中证A500,CSI A500 Index,CSI A500,3899.47,4052.42,3899.47,4010.97,,3.27,27135817181.0,3403.14,,,2015-10-12,,3403.14
20151013,000510,中证A500指数,中证A500,CSI A500 Index,CSI A500,3983.64,4022.85,3983.64,4021.72,,0.27,19432099100.0,2519.05,,,2015-10-13,,2519.05
20151014,000510,中证A500指数,中证A500,CSI A500 Index,CSI A500,4006.01,4031.27,3976.79,3976.79,,-1.12,19895341152.0,2478.27,,,2015-10-14,,2478.27
20151015,000510,中证A500指数,中证A500,CSI A500 Index,CSI A500,3971.74,4075.89,3971.74,4075.89,,2.49,21750823266.0,2828.1,,,2015-10-15,,2828.1
20151016,000510,中证A500指数,中证A500,CSI A500 Index,CSI A500,4100.87,4130.33,4073.93,4128.46,,1.29,26297847577.0,3414.56,,,2015-10-16,,3414.56
20151019,000510,中证A500指数,中证A500,CSI A500 Index,CSI A500,4142.53,4158.89,4093.02,4120.39,,-0.2,25740049389.0,3378.16,,,2015-10-19,,3378.16
20151020,000510,中证A500指数,中证A500,CSI A500 Index,CSI A500,4112.34,4176.75,4106.29,4176.75,,1.37,23001798738.0,3142.64,,,2015-10-20,,3142.64
20151021,000510,中证A500指数,中证A500,CSI A500 Index,CSI A500,4178.31,4187.7,4001.27,4030.38,,-3.5,34218701420.0,4305.68,,,2015-10-21,,4305.68
20151022,000510,中证A500指数,中证A500,CSI A500 Index,CSI A500,4010.7,4107.3,4003.22,4107.3,,1.91,23367400584.0,3099.62,,,2015-10-22,,3099.62
20151023,000510,中证A500指数,中证A500,CSI A500 Index,CSI A500,4126.62,4173.95,4107.04,4169.25,,1.51,25846804555.0,3612.86,,,2015-10-23,,3612.86
20151026,000510,中证A500指数,中证A500,CSI A500 Index,CSI A500,4215.8,4215.8,4153.59,4188.41,,0.46,26011386230.0,3768.43,,,2015-10-26,,3768.43
20151027,000510,中证A500指数,中证A500,CSI A500 Index,CSI A500,4164.59,4205.76,4088.7,4204.23,,0.38,24765797880.0,3438.78,,,2015-10-27,,3438.78
20151028,000510,中证A500指数,中证A500,CSI A500 Index,CSI A500,4184.74,4204.28,4121.57,4121.57,,-1.97,22023386708.0,3091.59,,,2015-10-28,,3091.59
20151029,000510,中证A500指数,中证A500,CSI A500 Index,CSI A500,4143.0,4165.41,4107.63,4137.68,,0.39,16930974661.0,2442.5,,,2015-10-29,,2442.5
20151030,000510,中证A500指数,中证A500,CSI A500 Index,CSI A500,4132.56,4179.45,4103.1,4132.92,,-0.11,17567199609.0,2595.0,,,2015-10-30,,2595.0
20151102,000510,中证A500指数,中证A500,CSI A500 Index,CSI A500,4073.7,4145.8,4060.08,4062.58,,-1.7,16814607729.0,2465.63,,,2015-11-02,,2465.63
20151103,000510,中证A500指数,中证A500,CSI A500 Index,CSI A500,4073.43,4089.39,4035.22,4049.31,,-0.33,13343058581.0,1964.48,,,2015-11-03,,1964.48
20151104,000510,中证A500指数,中证A500,CSI A500 Index,CSI A500,4063.5,4235.35,4063.5,4235.35,,4.6,24363673859.0,3479.06,,,2015-11-04,,3479.06
20151105,000510,中证A500指数,中证A500,CSI A500 Index,CSI A500,4231.81,4361.22,4231.81,4294.27,,1.39,42540006039.0,5662.99,,,2015-11-05,,5662.99
20151106,000510,中证A500指数,中证A500,CSI A500 Index,CSI A500,4292.68,4391.7,4292.68,4386.37,,2.15,31866434705.0,4458.06,,,2015-11-06,,4458.06
20151109,000510,中证A500指数,中证A500,CSI A500 Index,CSI A500,4382.36,4474.34,4382.36,4447.41,,1.39,37676199327.0,5199.09,,,2015-11-09,,5199.09
20151110,000510,中证A500指数,中证A500,CSI A500 Index,CSI A500,4415.25,4465.81,4415.25,4439.34,,-0.18,31307880708.0,4469.28,,,2015-11-10,,4469.28
20151111,000510,中证A500指数,中证A500,CSI A500 Index,CSI A500,4437.9,4450.19,4405.11,4450.19,,0.24,26760317358.0,3830.69,,,2015-11-11,,3830.69
20151112,000510,中证A500指数,中证A500,CSI A500 Index,CSI A500,4463.35,4463.35,4391.92,4412.12,,-0.86,25549903844.0,3880.26,,,2015-11-12,,3880.26
20151113,000510,中证A500指数,中证A500,CSI A500 Index,CSI A500,4370.8,4393.57,4332.39,4343.33,,-1.56,23400762450.0,3499.79,,,2015-11-13,,3499.79
20151116,000510,中证A500指数,中证A500,CSI A500 Index,CSI A500,4272.42,4382.91,4272.42,4382.91,,0.91,19154924945.0,2906.84,,,2015-11-16,,2906.84
20151117,000510,中证A500指数,中证A500,CSI A500 Index,CSI A500,4412.39,4453.03,4358.44,4361.76,,-0.48,27075606609.0,4221.48,,,2015-11-17,,4221.48
20151118,000510,中证A500指数,中证A500,CSI A500 Index,CSI A500,4366.88,4375.92,4309.95,4310.75,,-1.17,19879617626.0,2974.84,,,2015-11-18,,2974.84
20151119,000510,中证A500指数,中证A500,CSI A500 Index,CSI A500,4319.86,4389.22,4315.7,4389.22,,1.82,18148337804.0,2685.12,,,2015-11-19,,2685.12
20151120,000510,中证A500指数,中证A500,CSI A500 Index,CSI A500,4397.41,4418.02,4384.03,4406.45,,0.39,23155529036.0,3426.48,,,2015-11-20,,3426.48
20151123,000510,中证A500指数,中证A500,CSI A500 Index,CSI A500,4406.56,4438.98,4369.94,4379.4,,-0.61,21863554409.0,3261.87,,,2015-11-23,,3261.87
20151124,000510,中证A500指数,中证A500,CSI A500 Index,CSI A500,4371.55,4384.48,4324.83,4384.48,,0.12,16509558964.0,2467.54,,,2015-11-24,,2467.54
20151125,000510,中证A500指数,中证A500,CSI A500 Index,CSI A500,4383.33,4429.31,4376.29,4429.31,,1.02,18953439346.0,3055.82,,,2015-11-25,,3055.82
20151126,000510,中证A500指数,中证A500,CSI A500 Index,CSI A500,4443.43,4445.37,4399.59,4401.67,,-0.62,20998535757.0,3305.15,,,2015-11-26,,3305.15
20151127,000510,中证A500指数,中证A500,CSI A500 Index,CSI A500,4382.47,4382.47,4143.03,4163.29,,-5.42,24669776569.0,3565.9,,,2015-11-27,,3565.9
20151130,000510,中证A500指数,中证A500,CSI A500 Index,CSI A500,4161.57,4189.25,4024.33,4170.38,,0.17,20771342335.0,2974.31,,,2015-11-30,,2974.31
20151201,000510,中证A500指数,中证A500,CSI A500 Index,CSI A500,4168.08,4213.22,4146.38,4191.32,,0.5,16367135084.0,2401.76,,,2015-12-01,,2401.76
20151202,000510,中证A500指数,中证A500,CSI A500 Index,CSI A500,4187.18,4287.67,4172.68,4287.67,,2.3,21834634210.0,2841.43,,,2015-12-02,,2841.43
20151203,000510,中证A500指数,中证A500,CSI A500 Index,CSI A500,4278.95,4336.08,4278.95,4336.08,,1.13,20386633186.0,2615.84,,,2015-12-03,,2615.84
20151204,000510,中证A500指数,中证A500,CSI A500 Index,CSI A500,4308.32,4316.32,4263.93,4266.76,,-1.6,17080758988.0,2424.25,,,2015-12-04,,2424.25
20151207,000510,中证A500指数,中证A500,CSI A500 Index,CSI A500,4274.35,4301.92,4257.61,4292.09,,0.59,13958440054.0,2131.56,,,2015-12-07,,2131.56
20151208,000510,中证A500指数,中证A500,CSI A500 Index,CSI A500,4269.76,4269.76,4208.46,4210.24,,-1.91,15437911283.0,2214.68,,,2015-12-08,,2214.68
20151209,000510,中证A500指数,中证A500,CSI A500 Index,CSI A500,4196.85,4232.55,4196.85,4213.54,,0.08,13642405313.0,2068.41,,,2015-12-09,,2068.41
20151210,000510,中证A500指数,中证A500,CSI A500 Index,CSI A500,4211.98,4251.18,4200.47,4205.34,,-0.2,13855932997.0,2127.2,,,2015-12-10,,2127.2
20151211,000510,中证A500指数,中证A500,CSI A500 Index,CSI A500,4187.6,4198.37,4165.8,4183.58,,-0.52,12727743287.0,1864.83,,,2015-12-11,,1864.83
20151214,000510,中证A500指数,中证A500,CSI A500 Index,CSI A500,4146.22,4275.66,4146.22,4275.66,,2.2,15464926361.0,2196.8,,,2015-12-14,,2196.8
20151215,000510,中证A500指数,中证A500,CSI A500 Index,CSI A500,4272.38,4296.25,4263.97,4274.35,,-0.03,14060429651.0,2214.6,,,2015-12-15,,2214.6
20151216,000510,中证A500指数,中证A500,CSI A500 Index,CSI A500,4285.55,4296.14,4263.53,4270.81,,-0.08,13121728203.0,2054.4,,,2015-12-16,,2054.4
20151217,000510,中证A500指数,中证A500,CSI A500 Index,CSI A500,4299.22,4356.96,4299.22,4356.96,,2.02,20639915362.0,3059.85,,,2015-12-17,,3059.85
20151218,000510,中证A500指数,中证A500,CSI A500 Index,CSI A500,4357.06,4398.59,4357.06,4369.32,,0.28,20057715702.0,2972.8,,,2015-12-18,,2972.8
20151221,000510,中证A500指数,中证A500,CSI A500 Index,CSI A500,4365.43,4475.89,4365.43,4467.5,,2.25,23646816457.0,3394.75,,,2015-12-21,,3394.75
20151222,000510,中证A500指数,中证A500,CSI A500 Index,CSI A500,4475.21,4486.12,4440.83,4486.12,,0.42,20571314267.0,3037.28,,,2015-12-22,,3037.28
20151223,000510,中证A500指数,中证A500,CSI A500 Index,CSI A500,4486.68,4507.97,4451.98,4455.26,,-0.69,21612224794.0,3258.0,,,2015-12-23,,3258.0
20151224,000510,中证A500指数,中证A500,CSI A500 Index,CSI A500,4449.82,4449.82,4393.96,4431.41,,-0.54,15907946956.0,2381.08,,,2015-12-24,,2381.08
20151225,000510,中证A500指数,中证A500,CSI A500 Index,CSI A500,4435.34,4451.63,4423.45,4444.89,,0.3,13630767399.0,2071.22,,,2015-12-25,,2071.22
20151228,000510,中证A500指数,中证A500,CSI A500 Index,CSI A500,4456.06,4456.06,4332.77,4332.77,,-2.52,18228804810.0,2765.76,,,2015-12-28,,2765.76
20151229,000510,中证A500指数,中证A500,CSI A500 Index,CSI A500,4327.45,4367.41,4309.41,4367.41,,0.8,12610442693.0,1964.98,,,2015-12-29,,1964.98
20151230,000510,中证A500指数,中证A500,CSI A500 Index,CSI A500,4372.35,4385.42,4345.13,4385.42,,0.41,13198310104.0,2151.33,,,2015-12-30,,2151.33
20151231,000510,中证A500指数,中证A500,CSI A500 Index,CSI A500,4382.94,4390.1,4335.12,4337.75,,-1.09,12621786236.0,2024.73,,,2015-12-31,,2024.73
20160104,000510,中证A500指数,中证A500,CSI A500 Index,CSI A500,4335.19,4335.19,4027.59,4027.59,,-7.15,13610874606.0,1929.81,,,2016-01-04,,1929.81
20160105,000510,中证A500指数,中证A500,CSI A500 Index,CSI A500,3908.56,4062.61,3908.56,4019.86,,-0.19,19314507189.0,2618.47,,,2016-01-05,,2618.47
20160106,000510,中证A500指数,中证A500,CSI A500 Index,CSI A500,4028.4,4096.09,4011.34,4096.09,,1.9,16982275052.0,2165.46,,,2016-01-06,,2165.46
20160107,000510,中证A500指数,中证A500,CSI A500 Index,CSI A500,4031.14,4031.14,3797.79,3807.74,,-7.04,4916282391.0,587.25,,,2016-01-07,,587.25
20160108,000510,中证A500指数,中证A500,CSI A500 Index,CSI A500,3895.63,3925.46,3728.01,3869.99,,1.64,20395287239.0,2467.18,,,2016-01-08,,2467.18
20160111,000510,中证A500指数,中证A500,CSI A500 Index,CSI A500,3801.35,3838.08,3665.75,3665.75,,-5.28,19618285832.0,2251.83,,,2016-01-11,,2251.83
20160112,000510,中证A500指数,中证A500,CSI A500 Index,CSI A500,3686.11,3715.51,3637.13,3686.68,,0.57,14612943961.0,1770.21,,,2016-01-12,,1770.21
20160113,000510,中证A500指数,中证A500,CSI A500 Index,CSI A500,3714.63,3734.13,3601.06,3601.06,,-2.32,13723860931.0,1615.72,,,2016-01-13,,1615.72
20160114,000510,中证A500指数,中证A500,CSI A500 Index,CSI A500,3509.25,3691.36,3509.25,3689.57,,2.46,15492574423.0,1802.1,,,2016-01-14,,1802.1
20160115,000510,中证A500指数,中证A500,CSI A500 Index,CSI A500,3666.01,3684.04,3555.8,3570.15,,-3.24,14645575300.0,1718.01,,,2016-01-15,,1718.01
20160118,000510,中证A500指数,中证A500,CSI A500 Index,CSI A500,3511.55,3627.05,3511.55,3599.0,,0.81,12370353391.0,1496.74,,,2016-01-18,,1496.74
20160119,000510,中证A500指数,中证A500,CSI A500 Index,CSI A500,3598.94,3710.9,3587.74,3707.88,,3.03,15114374839.0,1861.07,,,2016-01-19,,1861.07
20160120,000510,中证A500指数,中证A500,CSI A500 Index,CSI A500,3686.31,3711.49,3633.2,3653.89,,-1.46,15630789080.0,1888.97,,,2016-01-20,,1888.97
20160121,000510,中证A500指数,中证A500,CSI A500 Index,CSI A500,3607.85,3678.23,3539.2,3539.2,,-3.14,13437741759.0,1633.93,,,2016-01-21,,1633.93
20160122,000510,中证A500指数,中证A500,CSI A500 Index,CSI A500,3577.77,3584.6,3511.68,3580.01,,1.15,11189958701.0,1340.93,,,2016-01-22,,1340.93
20160125,000510,中证A500指数,中证A500,CSI A500 Index,CSI A500,3600.11,3618.59,3570.18,3599.24,,0.54,10105734567.0,1192.17,,,2016-01-25,,1192.17
20160126,000510,中证A500指数,中证A500,CSI A500 Index,CSI A500,3562.33,3564.39,3374.07,3375.81,,-6.21,14881467787.0,1640.29,,,2016-01-26,,1640.29
20160127,000510,中证A500指数,中证A500,CSI A500 Index,CSI A500,3388.27,3388.27,3247.89,3361.76,,-0.42,15455681269.0,1647.75,,,2016-01-27,,1647.75
20160128,000510,中证A500指数,中证A500,CSI A500 Index,CSI A500,3331.86,3359.83,3258.25,3261.12,,-2.99,11591727881.0,1246.47,,,2016-01-28,,1246.47
20160129,000510,中证A500指数,中证A500,CSI A500 Index,CSI A500,3261.14,3387.79,3261.14,3366.62,,3.24,13011822279.0,1386.4,,,2016-01-29,,1386.4
20160201,000510,中证A500指数,中证A500,CSI A500 Index,CSI A500,3359.46,3367.35,3291.4,3318.8,,-1.42,10397709783.0,1120.17,,,2016-02-01,,1120.17
20160202,000510,中证A500指数,中证A500,CSI A500 Index,CSI A500,3320.78,3407.01,3320.78,3398.02,,2.39,10744966940.0,1238.63,,,2016-02-02,,1238.63
20160203,000510,中证A500指数,中证A500,CSI A500 Index,CSI A500,3359.73,3392.33,3338.04,3388.47,,-0.28,9488046680.0,1072.04,,,2016-02-03,,1072.04
20160204,000510,中证A500指数,中证A500,CSI A500 Index,CSI A500,3402.33,3448.7,3402.33,3436.25,,1.41,11309459589.0,1307.45,,,2016-02-04,,1307.45
20160205,000510,中证A500指数,中证A500,CSI A500 Index,CSI A500,3437.4,3443.09,3416.33,3416.33,,-0.58,9302536689.0,1060.35,,,2016-02-05,,1060.35
20160215,000510,中证A500指数,中证A500,CSI A500 Index,CSI A500,3327.08,3418.95,3327.08,3405.87,,-0.31,9043883102.0,1019.69,,,2016-02-15,,1019.69
20160216,000510,中证A500指数,中证A500,CSI A500 Index,CSI A500,3422.95,3517.94,3422.95,3516.93,,3.26,13734652162.0,1557.22,,,2016-02-16,,1557.22
20160217,000510,中证A500指数,中证A500,CSI A500 Index,CSI A500,3513.86,3548.58,3506.13,3548.58,,0.9,15812773760.0,1737.81,,,2016-02-17,,1737.81
20160218,000510,中证A500指数,中证A500,CSI A500 Index,CSI A500,3567.45,3571.27,3534.55,3534.73,,-0.39,15090240742.0,1709.16,,,2016-02-18,,1709.16
20160219,000510,中证A500指数,中证A500,CSI A500 Index,CSI A500,3527.56,3550.18,3514.39,3537.78,,0.09,11195216923.0,1367.82,,,2016-02-19,,1367.82
20160222,000510,中证A500指数,中证A500,CSI A500 Index,CSI A500,3574.74,3613.72,3560.59,3608.26,,1.99,16448317561.0,1851.86,,,2016-02-22,,1851.86
20160223,000510,中证A500指数,中证A500,CSI A500 Index,CSI A500,3606.77,3606.89,3542.2,3575.6,,-0.91,13777699795.0,1629.02,,,2016-02-23,,1629.02
20160224,000510,中证A500指数,中证A500,CSI A500 Index,CSI A500,3562.66,3597.78,3537.08,3597.78,,0.62,13955556256.0,1628.77,,,2016-02-24,,1628.77
20160225,000510,中证A500指数,中证A500,CSI A500 Index,CSI A500,3591.72,3591.72,3363.98,3369.64,,-6.34,18825100621.0,2051.45,,,2016-02-25,,2051.45
20160226,000510,中证A500指数,中证A500,CSI A500 Index,CSI A500,3394.72,3411.89,3352.21,3392.41,,0.68,13104077810.0,1422.12,,,2016-02-26,,1422.12
20160229,000510,中证A500指数,中证A500,CSI A500 Index,CSI A500,3380.14,3380.14,3239.41,3283.99,,-3.2,15043664333.0,1517.9,,,2016-02-29,,1517.9
20160301,000510,中证A500指数,中证A500,CSI A500 Index,CSI A500,3286.84,3350.9,3262.73,3341.94,,1.77,13408620793.0,1400.49,,,2016-03-01,,1400.49
20160302,000510,中证A500指数,中证A500,CSI A500 Index,CSI A500,3344.21,3480.32,3344.21,3476.12,,4.02,19406853939.0,1955.84,,,2016-03-02,,1955.84
20160303,000510,中证A500指数,中证A500,CSI A500 Index,CSI A500,3472.68,3513.35,3472.68,3486.24,,0.29,19440013165.0,2049.13,,,2016-03-03,,2049.13
20160304,000510,中证A500指数,中证A500,CSI A500 Index,CSI A500,3474.61,3504.11,3443.01,3491.78,,0.16,23213975573.0,2319.13,,,2016-03-04,,2319.13
20160307,000510,中证A500指数,中证A500,CSI A500 Index,CSI A500,3512.78,3541.8,3497.87,3520.36,,0.82,15183316612.0,1593.08,,,2016-03-07,,1593.08
20160308,000510,中证A500指数,中证A500,CSI A500 Index,CSI A500,3514.82,3532.09,3415.12,3532.09,,0.33,16519437479.0,1707.72,,,2016-03-08,,1707.72
20160309,000510,中证A500指数,中证A500,CSI A500 Index,CSI A500,3461.09,3487.91,3442.77,3485.73,,-1.31,13270910671.0,1394.06,,,2016-03-09,,1394.06
20160310,000510,中证A500指数,中证A500,CSI A500 Index,CSI A500,3471.62,3490.37,3423.68,3423.68,,-1.78,9395549688.0,1059.38,,,2016-03-10,,1059.38
20160311,000510,中证A500指数,中证A500,CSI A500 Index,CSI A500,3395.84,3435.0,3388.19,3425.13,,0.04,8627579553.0,940.64,,,2016-03-11,,940.64
20160314,000510,中证A500指数,中证A500,CSI A500 Index,CSI A500,3451.54,3529.81,3450.68,3491.81,,1.95,13715243712.0,1582.02,,,2016-03-14,,1582.02
20160315,000510,中证A500指数,中证A500,CSI A500 Index,CSI A500,3486.44,3493.59,3452.06,3492.89,,0.03,11754802830.0,1352.93,,,2016-03-15,,1352.93
20160316,000510,中证A500指数,中证A500,CSI A500 Index,CSI A500,3493.02,3510.9,3487.24,3498.5,,0.16,13539250298.0,1497.04,,,2016-03-16,,1497.04
20160317,000510,中证A500指数,中证A500,CSI A500 Index,CSI A500,3507.57,3570.2,3496.14,3555.51,,1.63,14634961398.0,1829.67,,,2016-03-17,,1829.67
20160318,000510,中证A500指数,中证A500,CSI A500 Index,CSI A500,3571.36,3646.72,3571.36,3621.58,,1.86,22591600332.0,2701.32,,,2016-03-18,,2701.32
20160321,000510,中证A500指数,中证A500,CSI A500 Index,CSI A500,3654.53,3708.36,3654.53,3698.89,,2.14,24972275865.0,3014.26,,,2016-03-21,,3014.26
20160322,000510,中证A500指数,中证A500,CSI A500 Index,CSI A500,3675.8,3706.95,3675.8,3680.81,,-0.49,18103322790.0,2382.59,,,2016-03-22,,2382.59
20160323,000510,中证A500指数,中证A500,CSI A500 Index,CSI A500,3672.8,3695.81,3658.35,3695.81,,0.41,14550046130.0,1982.84,,,2016-03-23,,1982.84
20160324,000510,中证A500指数,中证A500,CSI A500 Index,CSI A500,3669.21,3685.94,3640.52,3640.52,,-1.5,16012662375.0,2179.7,,,2016-03-24,,2179.7
20160325,000510,中证A500指数,中证A500,CSI A500 Index,CSI A500,3635.15,3662.49,3631.45,3660.28,,0.54,12076078715.0,1554.99,,,2016-03-25,,1554.99
20160328,000510,中证A500指数,中证A500,CSI A500 Index,CSI A500,3674.85,3696.46,3622.9,3632.01,,-0.77,13054058132.0,1716.1,,,2016-03-28,,1716.1
20160329,000510,中证A500指数,中证A500,CSI A500 Index,CSI A500,3631.1,3631.1,3567.21,3582.5,,-1.36,11753683063.0,1493.03,,,2016-03-29,,1493.03
20160330,000510,中证A500指数,中证A500,CSI A500 Index,CSI A500,3611.93,3682.87,3611.93,3682.87,,2.8,13761659262.0,1793.18,,,2016-03-30,,1793.18
20160331,000510,中证A500指数,中证A500,CSI A500 Index,CSI A500,3697.73,3707.63,3679.05,3686.93,,0.11,14529468586.0,1962.57,,,2016-03-31,,1962.57
20160401,000510,中证A500指数,中证A500,CSI A500 Index,CSI A500,3680.39,3689.63,3629.55,3687.15,,0.01,14238607174.0,1692.45,,,2016-04-01,,1692.45
20160405,000510,中证A500指数,中证A500,CSI A500 Index,CSI A500,3678.45,3752.92,3678.45,3746.09,,1.6,17359356859.0,2122.65,,,2016-04-05,,2122.65
20160406,000510,中证A500指数,中证A500,CSI A500 Index,CSI A500,3730.4,3749.73,3720.71,3746.26,,0.01,15379778592.0,1971.13,,,2016-04-06,,1971.13
20160407,000510,中证A500指数,中证A500,CSI A500 Index,CSI A500,3755.92,3755.92,3690.09,3690.22,,-1.5,14654611527.0,1887.73,,,2016-04-07,,1887.73
20160408,000510,中证A500指数,中证A500,CSI A500 Index,CSI A500,3665.81,3674.42,3638.08,3662.94,,-0.74,12441848992.0,1579.75,,,2016-04-08,,1579.75
20160411,000510,中证A500指数,中证A500,CSI A500 Index,CSI A500,3689.22,3735.13,3689.22,3717.26,,1.48,14862508454.0,1936.26,,,2016-04-11,,1936.26
20160412,000510,中证A500指数,中证A500,CSI A500 Index,CSI A500,3715.86,3721.2,3684.17,3703.16,,-0.38,12160694742.0,1594.32,,,2016-04-12,,1594.32
20160413,000510,中证A500指数,中证A500,CSI A500 Index,CSI A500,3725.31,3789.1,3725.31,3750.54,,1.28,22254160866.0,2630.03,,,2016-04-13,,2630.03
20160414,000510,中证A500指数,中证A500,CSI A500 Index,CSI A500,3769.3,3776.35,3743.17,3770.23,,0.53,14107808396.0,1739.56,,,2016-04-14,,1739.56
20160415,000510,中证A500指数,中证A500,CSI A500 Index,CSI A500,3775.58,3778.3,3754.8,3765.99,,-0.11,12454399897.0,1567.4,,,2016-04-15,,1567.4
20160418,000510,中证A500指数,中证A500,CSI A500 Index,CSI A500,3743.87,3743.87,3709.51,3714.85,,-1.36,12045337827.0,1493.05,,,2016-04-18,,1493.05
20160419,000510,中证A500指数,中证A500,CSI A500 Index,CSI A500,3732.67,3732.67,3707.61,3725.21,,0.28,10013415590.0,1276.18,,,2016-04-19,,1276.18
20160420,000510,中证A500指数,中证A500,CSI A500 Index,CSI A500,3734.31,3734.31,3570.42,3634.86,,-2.43,19124545039.0,2289.76,,,2016-04-20,,2289.76
20160421,000510,中证A500指数,中证A500,CSI A500 Index,CSI A500,3615.5,3655.44,3608.5,3610.9,,-0.66,12746171302.0,1480.13,,,2016-04-21,,1480.13
20160422,000510,中证A500指数,中证A500,CSI A500 Index,CSI A500,3589.47,3628.71,3589.47,3628.71,,0.49,9622193020.0,1143.47,,,2016-04-22,,1143.47
20160425,000510,中证A500指数,中证A500,CSI A500 Index,CSI A500,3618.36,3624.09,3586.0,3613.43,,-0.42,8421044197.0,1039.44,,,2016-04-25,,1039.44
20160426,000510,中证A500指数,中证A500,CSI A500 Index,CSI A500,3610.3,3637.13,3601.12,3637.13,,0.66,7727775925.0,992.94,,,2016-04-26,,992.94
20160427,000510,中证A500指数,中证A500,CSI A500 Index,CSI A500,3641.05,3649.48,3619.59,3622.65,,-0.4,8137473594.0,1056.14,,,2016-04-27,,1056.14
20160428,000510,中证A500指数,中证A500,CSI A500 Index,CSI A500,3625.36,3628.29,3579.48,3614.53,,-0.22,8929466668.0,1115.52,,,2016-04-28,,1115.52
20160429,000510,中证A500指数,中证A500,CSI A500 Index,CSI A500,3605.83,3626.44,3605.83,3611.11,,-0.09,7224699265.0,958.69,,,2016-04-29,,958.69
20160503,000510,中证A500指数,中证A500,CSI A500 Index,CSI A500,3614.16,3687.08,3605.49,3687.06,,2.1,11861362773.0,1530.12,,,2016-05-03,,1530.12
20160504,000510,中证A500指数,中证A500,CSI A500 Index,CSI A500,3674.87,3698.54,3672.93,3682.23,,-0.13,11622266967.0,1424.77,,,2016-05-04,,1424.77
20160505,000510,中证A500指数,中证A500,CSI A500 Index,CSI A500,3676.72,3690.5,3669.74,3689.35,,0.19,9547874226.0,1208.5,,,2016-05-05,,1208.5
20160506,000510,中证A500指数,中证A500,CSI A500 Index,CSI A500,3688.64,3694.07,3582.94,3582.94,,-2.88,14102216211.0,1725.82,,,2016-05-06,,1725.82
20160509,000510,中证A500指数,中证A500,CSI A500 Index,CSI A500,3562.82,3562.82,3484.38,3495.87,,-2.43,12118993699.0,1352.78,,,2016-05-09,,1352.78
20160510,000510,中证A500指数,中证A500,CSI A500 Index,CSI A500,3484.54,3513.51,3484.54,3498.82,,0.09,8331280240.0,936.5,,,2016-05-10,,936.5
20160511,000510,中证A500指数,中证A500,CSI A500 Index,CSI A500,3512.81,3530.63,3494.34,3507.43,,0.25,9841652480.0,1137.23,,,2016-05-11,,1137.23
20160512,000510,中证A500指数,中证A500,CSI A500 Index,CSI A500,3476.43,3512.86,3455.47,3512.57,,0.15,9508224648.0,1070.72,,,2016-05-12,,1070.72
20160513,000510,中证A500指数,中证A500,CSI A500 Index,CSI A500,3502.96,3529.9,3488.88,3496.97,,-0.44,7833551478.0,909.94,,,2016-05-13,,909.94
20160516,000510,中证A500指数,中证A500,CSI A500 Index,CSI A500,3485.45,3527.5,3477.46,3527.5,,0.87,7719800491.0,917.58,,,2016-05-16,,917.58
20160517,000510,中证A500指数,中证A500,CSI A500 Index,CSI A500,3528.81,3540.3,3504.99,3521.05,,-0.18,8676152307.0,1108.39,,,2016-05-17,,1108.39
20160518,000510,中证A500指数,中证A500,CSI A500 Index,CSI A500,3502.16,3502.16,3457.82,3480.27,,-1.16,10155836552.0,1167.18,,,2016-05-18,,1167.18
20160519,000510,中证A500指数,中证A500,CSI A500 Index,CSI A500,3474.0,3507.75,3474.0,3480.84,,0.02,7935999706.0,969.81,,,2016-05-19,,969.81
20160520,000510,中证A500指数,中证A500,CSI A500 Index,CSI A500,3461.91,3504.11,3461.91,3504.11,,0.67,7513090306.0,943.63,,,2016-05-20,,943.63
20160523,000510,中证A500指数,中证A500,CSI A500 Index,CSI A500,3506.85,3527.58,3506.85,3522.12,,0.51,8237836032.0,1055.35,,,2016-05-23,,1055.35
20160524,000510,中证A500指数,中证A500,CSI A500 Index,CSI A500,3517.27,3517.27,3484.14,3492.58,,-0.84,7809757822.0,899.57,,,2016-05-24,,899.57
20160525,000510,中证A500指数,中证A500,CSI A500 Index,CSI A500,3512.94,3522.44,3484.76,3485.42,,-0.2,7490488287.0,922.79,,,2016-05-25,,922.79
20160526,000510,中证A500指数,中证A500,CSI A500 Index,CSI A500,3480.91,3493.41,3445.79,3493.41,,0.23,8161115942.0,986.83,,,2016-05-26,,986.83
20160527,000510,中证A500指数,中证A500,CSI A500 Index,CSI A500,3487.72,3504.18,3481.01,3491.38,,-0.06,7907680098.0,914.66,,,2016-05-27,,914.66
20160530,000510,中证A500指数,中证A500,CSI A500 Index,CSI A500,3481.68,3500.36,3467.66,3491.53,,0.0,7845197204.0,903.08,,,2016-05-30,,903.08
20160531,000510,中证A500指数,中证A500,CSI A500 Index,CSI A500,3493.81,3607.1,3493.81,3607.1,,3.31,15899732925.0,1900.38,,,2016-05-31,,1900.38
20160601,000510,中证A500指数,中证A500,CSI A500 Index,CSI A500,3611.25,3620.97,3604.41,3604.59,,-0.07,13603870822.0,1761.1,,,2016-06-01,,1761.1
20160602,000510,中证A500指数,中证A500,CSI A500 Index,CSI A500,3600.56,3615.44,3594.94,3615.44,,0.3,10815943229.0,1383.78,,,2016-06-02,,1383.78
20160603,000510,中证A500指数,中证A500,CSI A500 Index,CSI A500,3621.78,3656.27,3611.46,3642.55,,0.75,12682975675.0,1855.33,,,2016-06-03,,1855.33
20160606,000510,中证A500指数,中证A500,CSI A500 Index,CSI A500,3648.84,3648.84,3624.17,3634.98,,-0.21,9957389253.0,1446.5,,,2016-06-06,,1446.5
20160607,000510,中证A500指数,中证A500,CSI A500 Index,CSI A500,3637.86,3637.86,3621.25,3632.22,,-0.08,8766925914.0,1257.97,,,2016-06-07,,1257.97
20160608,000510,中证A500指数,中证A500,CSI A500 Index,CSI A500,3626.84,3629.69,3602.02,3617.82,,-0.4,9770685618.0,1378.31,,,2016-06-08,,1378.31
20160613,000510,中证A500指数,中证A500,CSI A500 Index,CSI A500,3581.58,3596.25,3497.91,3497.91,,-3.31,11722314547.0,1591.75,,,2016-06-13,,1591.75
20160614,000510,中证A500指数,中证A500,CSI A500 Index,CSI A500,3488.21,3511.22,3483.42,3505.84,,0.23,8063377704.0,1071.24,,,2016-06-14,,1071.24
20160615,000510,中证A500指数,中证A500,CSI A500 Index,CSI A500,3472.02,3573.58,3472.02,3567.34,,1.75,11292765015.0,1525.22,,,2016-06-15,,1525.22
20160616,000510,中证A500指数,中证A500,CSI A500 Index,CSI A500,3555.38,3567.4,3540.38,3545.65,,-0.61,11300292292.0,1465.81,,,2016-06-16,,1465.81
20160617,000510,中证A500指数,中证A500,CSI A500 Index,CSI A500,3548.87,3586.56,3548.87,3567.36,,0.61,11695431090.0,1488.95,,,2016-06-17,,1488.95
20160620,000510,中证A500指数,中证A500,CSI A500 Index,CSI A500,3571.27,3571.27,3543.39,3568.9,,0.04,8788232585.0,1150.2,,,2016-06-20,,1150.2
20160621,000510,中证A500指数,中证A500,CSI A500 Index,CSI A500,3584.28,3602.0,3542.15,3550.29,,-0.52,10755484139.0,1421.35,,,2016-06-21,,1421.35
20160622,000510,中证A500指数,中证A500,CSI A500 Index,CSI A500,3544.92,3586.07,3544.43,3586.07,,1.01,8530671308.0,1134.37,,,2016-06-22,,1134.37
20160623,000510,中证A500指数,中证A500,CSI A500 Index,CSI A500,3582.1,3583.05,3555.85,3570.07,,-0.45,9557740374.0,1299.22,,,2016-06-23,,1299.22
20160624,000510,中证A500指数,中证A500,CSI A500 Index,CSI A500,3563.0,3578.58,3494.76,3527.39,,-1.2,13406881507.0,1706.92,,,2016-06-24,,1706.92
20160627,000510,中证A500指数,中证A500,CSI A500 Index,CSI A500,3511.88,3586.18,3511.88,3586.18,,1.67,11089215878.0,1564.27,,,2016-06-27,,1564.27
20160628,000510,中证A500指数,中证A500,CSI A500 Index,CSI A500,3572.05,3607.74,3572.05,3607.74,,0.6,12343505150.0,1734.75,,,2016-06-28,,1734.75
20160629,000510,中证A500指数,中证A500,CSI A500 Index,CSI A500,3617.61,3628.97,3612.99,3623.75,,0.44,13143888848.0,1667.66,,,2016-06-29,,1667.66
20160630,000510,中证A500指数,中证A500,CSI A500 Index,CSI A500,3627.17,3636.7,3620.91,3628.75,,0.14,10415281755.0,1449.57,,,2016-06-30,,1449.57
20160701,000510,中证A500指数,中证A500,CSI A500 Index,CSI A500,3632.97,3646.57,3626.18,3627.53,,-0.03,9774230284.0,1347.08,,,2016-07-01,,1347.08
20160704,000510,中证A500指数,中证A500,CSI A500 Index,CSI A500,3608.3,3688.63,3608.3,3684.8,,1.58,15635141895.0,1926.57,,,2016-07-04,,1926.57
20160705,000510,中证A500指数,中证A500,CSI A500 Index,CSI A500,3681.64,3697.77,3681.0,3688.56,,0.1,16345166117.0,2024.14,,,2016-07-05,,2024.14
20160706,000510,中证A500指数,中证A500,CSI A500 Index,CSI A500,3676.29,3701.62,3663.13,3701.3,,0.35,15039309310.0,1927.2,,,2016-07-06,,1927.2
20160707,000510,中证A500指数,中证A500,CSI A500 Index,CSI A500,3689.91,3706.03,3677.77,3694.33,,-0.19,15064529073.0,1978.24,,,2016-07-07,,1978.24
20160708,000510,中证A500指数,中证A500,CSI A500 Index,CSI A500,3683.24,3690.14,3664.62,3676.88,,-0.47,11685998246.0,1580.86,,,2016-07-08,,1580.86
20160711,000510,中证A500指数,中证A500,CSI A500 Index,CSI A500,3687.77,3725.94,3687.77,3690.09,,0.36,16652995984.0,2075.38,,,2016-07-11,,2075.38
20160712,000510,中证A500指数,中证A500,CSI A500 Index,CSI A500,3689.16,3761.39,3684.82,3761.39,,1.93,19753877017.0,2368.95,,,2016-07-12,,2368.95
20160713,000510,中证A500指数,中证A500,CSI A500 Index,CSI A500,3764.83,3787.53,3764.83,3777.55,,0.43,19739054610.0,2424.18,,,2016-07-13,,2424.18
20160714,000510,中证A500指数,中证A500,CSI A500 Index,CSI A500,3772.03,3774.68,3759.7,3774.68,,-0.08,14030426552.0,1878.24,,,2016-07-14,,1878.24
20160715,000510,中证A500指数,中证A500,CSI A500 Index,CSI A500,3775.5,3779.65,3758.5,3770.94,,-0.1,13119119972.0,1774.77,,,2016-07-15,,1774.77
20160718,000510,中证A500指数,中证A500,CSI A500 Index,CSI A500,3764.79,3777.97,3753.1,3758.15,,-0.34,13313783250.0,1740.86,,,2016-07-18,,1740.86
20160719,000510,中证A500指数,中证A500,CSI A500 Index,CSI A500,3756.47,3759.01,3723.41,3749.35,,-0.23,11519408530.0,1549.4,,,2016-07-19,,1549.4
20160720,000510,中证A500指数,中证A500,CSI A500 Index,CSI A500,3746.79,3753.99,3735.18,3738.21,,-0.3,9824111601.0,1371.49,,,2016-07-20,,1371.49
20160721,000510,中证A500指数,中证A500,CSI A500 Index,CSI A500,3738.46,3773.8,3738.46,3754.75,,0.44,11418748432.0,1563.92,,,2016-07-21,,1563.92
20160722,000510,中证A500指数,中证A500,CSI A500 Index,CSI A500,3753.42,3753.42,3722.65,3725.75,,-0.77,11437266607.0,1561.03,,,2016-07-22,,1561.03
20160725,000510,中证A500指数,中证A500,CSI A500 Index,CSI A500,3720.34,3746.87,3718.46,3732.73,,0.19,10033429299.0,1414.32,,,2016-07-25,,1414.32
20160726,000510,中证A500指数,中证A500,CSI A500 Index,CSI A500,3730.13,3778.11,3730.13,3778.11,,1.22,10746488942.0,1450.74,,,2016-07-26,,1450.74
20160727,000510,中证A500指数,中证A500,CSI A500 Index,CSI A500,3780.12,3788.01,3659.53,3699.21,,-2.09,20523521356.0,2592.11,,,2016-07-27,,2592.11
20160728,000510,中证A500指数,中证A500,CSI A500 Index,CSI A500,3686.72,3722.4,3682.69,3707.6,,0.23,14392650421.0,1850.88,,,2016-07-28,,1850.88
20160729,000510,中证A500指数,中证A500,CSI A500 Index,CSI A500,3704.17,3710.74,3685.38,3685.65,,-0.59,11188751646.0,1413.21,,,2016-07-29,,1413.21
20160801,000510,中证A500指数,中证A500,CSI A500 Index,CSI A500,3675.57,3675.57,3622.15,3646.55,,-1.06,10932500528.0,1335.77,,,2016-08-01,,1335.77
20160802,000510,中证A500指数,中证A500,CSI A500 Index,CSI A500,3641.81,3665.46,3637.1,3665.46,,0.52,7862162421.0,969.82,,,2016-08-02,,969.82
20160803,000510,中证A500指数,中证A500,CSI A500 Index,CSI A500,3655.86,3675.11,3655.86,3672.38,,0.19,9389302347.0,1111.34,,,2016-08-03,,1111.34
20160804,000510,中证A500指数,中证A500,CSI A500 Index,CSI A500,3669.58,3684.11,3654.81,3684.11,,0.32,9055285371.0,1152.32,,,2016-08-04,,1152.32
20160805,000510,中证A500指数,中证A500,CSI A500 Index,CSI A500,3684.26,3701.3,3675.29,3680.27,,-0.1,8998956753.0,1178.72,,,2016-08-05,,1178.72
20160808,000510,中证A500指数,中证A500,CSI A500 Index,CSI A500,3674.55,3719.51,3661.08,3719.51,,1.07,10572832189.0,1333.96,,,2016-08-08,,1333.96
20160809,000510,中证A500指数,中证A500,CSI A500 Index,CSI A500,3716.67,3748.87,3715.61,3748.87,,0.79,11276437063.0,1409.92,,,2016-08-09,,1409.92
20160810,000510,中证A500指数,中证A500,CSI A500 Index,CSI A500,3746.03,3755.56,3734.01,3734.01,,-0.4,10965448098.0,1367.07,,,2016-08-10,,1367.07
20160811,000510,中证A500指数,中证A500,CSI A500 Index,CSI A500,3727.96,3749.06,3708.91,3708.91,,-0.67,10840591547.0,1324.63,,,2016-08-11,,1324.63
20160812,000510,中证A500指数,中证A500,CSI A500 Index,CSI A500,3707.68,3764.93,3707.68,3764.93,,1.51,11453562373.0,1344.14,,,2016-08-12,,1344.14
20160815,000510,中证A500指数,中证A500,CSI A500 Index,CSI A500,3772.51,3877.16,3772.51,3861.78,,2.57,20939574019.0,2513.79,,,2016-08-15,,2513.79
20160816,000510,中证A500指数,中证A500,CSI A500 Index,CSI A500,3873.14,3879.38,3852.83,3854.03,,-0.2,19417836187.0,2319.4,,,2016-08-16,,2319.4
20160817,000510,中证A500指数,中证A500,CSI A500 Index,CSI A500,3852.13,3866.36,3837.23,3858.05,,0.1,14840391990.0,1851.29,,,2016-08-17,,1851.29
20160818,000510,中证A500指数,中证A500,CSI A500 Index,CSI A500,3856.28,3870.5,3839.13,3846.31,,-0.3,15150995042.0,1890.38,,,2016-08-18,,1890.38
20160819,000510,中证A500指数,中证A500,CSI A500 Index,CSI A500,3841.32,3856.71,3827.6,3850.38,,0.11,13427176868.0,1587.68,,,2016-08-19,,1587.68
20160822,000510,中证A500指数,中证A500,CSI A500 Index,CSI A500,3850.16,3850.87,3816.12,3816.12,,-0.89,12437902949.0,1514.59,,,2016-08-22,,1514.59
20160823,000510,中证A500指数,中证A500,CSI A500 Index,CSI A500,3811.61,3837.41,3808.82,3821.63,,0.14,10949534469.0,1289.45,,,2016-08-23,,1289.45
20160824,000510,中证A500指数,中证A500,CSI A500 Index,CSI A500,3823.07,3830.7,3811.15,3816.17,,-0.14,9858072374.0,1195.91,,,2016-08-24,,1195.91
20160825,000510,中证A500指数,中证A500,CSI A500 Index,CSI A500,3797.44,3797.44,3758.26,3788.56,,-0.72,11197111617.0,1363.47,,,2016-08-25,,1363.47
20160826,000510,中证A500指数,中证A500,CSI A500 Index,CSI A500,3793.56,3817.97,3789.92,3794.2,,0.15,10171553969.0,1275.52,,,2016-08-26,,1275.52
20160829,000510,中证A500指数,中证A500,CSI A500 Index,CSI A500,3795.13,3805.16,3788.9,3796.3,,0.06,9780538827.0,1227.62,,,2016-08-29,,1227.62
20160830,000510,中证A500指数,中证A500,CSI A500 Index,CSI A500,3798.69,3810.89,3793.8,3800.26,,0.11,9114145441.0,1157.67,,,2016-08-30,,1157.67
20160831,000510,中证A500指数,中证A500,CSI A500 Index,CSI A500,3798.2,3811.04,3787.0,3809.96,,0.26,8726269352.0,1137.72,,,2016-08-31,,1137.72
20160901,000510,中证A500指数,中证A500,CSI A500 Index,CSI A500,3809.84,3815.56,3785.67,3785.67,,-0.64,9829905191.0,1222.32,,,2016-09-01,,1222.32
20160902,000510,中证A500指数,中证A500,CSI A500 Index,CSI A500,3782.42,3801.31,3776.7,3791.82,,0.16,9773117956.0,1223.14,,,2016-09-02,,1223.14
20160905,000510,中证A500指数,中证A500,CSI A500 Index,CSI A500,3800.5,3818.43,3797.25,3802.36,,0.28,8818357167.0,1082.06,,,2016-09-05,,1082.06
20160906,000510,中证A500指数,中证A500,CSI A500 Index,CSI A500,3805.57,3837.63,3786.71,3837.63,,0.93,12061368044.0,1565.12,,,2016-09-06,,1565.12
20160907,000510,中证A500指数,中证A500,CSI A500 Index,CSI A500,3839.3,3853.83,3836.37,3838.4,,0.02,13019169338.0,1591.47,,,2016-09-07,,1591.47
20160908,000510,中证A500指数,中证A500,CSI A500 Index,CSI A500,3835.71,3843.32,3829.32,3841.87,,0.09,9314750068.0,1191.44,,,2016-09-08,,1191.44
20160909,000510,中证A500指数,中证A500,CSI A500 Index,CSI A500,3842.08,3847.69,3816.51,3816.51,,-0.66,10081115013.0,1285.48,,,2016-09-09,,1285.48
20160912,000510,中证A500指数,中证A500,CSI A500 Index,CSI A500,3761.45,3764.96,3723.81,3743.67,,-1.91,14035247386.0,1662.12,,,2016-09-12,,1662.12
20160913,000510,中证A500指数,中证A500,CSI A500 Index,CSI A500,3750.53,3753.94,3728.54,3745.07,,0.04,8183276489.0,1049.09,,,2016-09-13,,1049.09
20160914,000510,中证A500指数,中证A500,CSI A500 Index,CSI A500,3727.39,3737.72,3712.27,3720.09,,-0.67,7982463173.0,996.58,,,2016-09-14,,996.58
20160919,000510,中证A500指数,中证A500,CSI A500 Index,CSI A500,3725.3,3751.68,3725.3,3751.68,,0.85,7047721454.0,894.39,,,2016-09-19,,894.39
20160920,000510,中证A500指数,中证A500,CSI A500 Index,CSI A500,3753.16,3753.16,3739.18,3744.42,,-0.19,6412517573.0,810.85,,,2016-09-20,,810.85
20160921,000510,中证A500指数,中证A500,CSI A500 Index,CSI A500,3744.61,3756.9,3742.24,3752.38,,0.21,6923987095.0,891.35,,,2016-09-21,,891.35
20160922,000510,中证A500指数,中证A500,CSI A500 Index,CSI A500,3770.02,3789.77,3766.62,3779.54,,0.72,8936140587.0,1139.35,,,2016-09-22,,1139.35
20160923,000510,中证A500指数,中证A500,CSI A500 Index,CSI A500,3781.92,3781.92,3766.51,3766.71,,-0.34,7506675068.0,973.58,,,2016-09-23,,973.58
20160926,000510,中证A500指数,中证A500,CSI A500 Index,CSI A500,3759.32,3759.32,3699.42,3699.42,,-1.79,9039458671.0,1098.51,,,2016-09-26,,1098.51
20160927,000510,中证A500指数,中证A500,CSI A500 Index,CSI A500,3692.96,3721.5,3688.83,3721.5,,0.6,7121278919.0,881.75,,,2016-09-27,,881.75
20160928,000510,中证A500指数,中证A500,CSI A500 Index,CSI A500,3725.74,3725.74,3710.71,3712.19,,-0.25,5703304760.0,725.49,,,2016-09-28,,725.49
20160929,000510,中证A500指数,中证A500,CSI A500 Index,CSI A500,3716.33,3735.82,3716.33,3724.76,,0.34,6297072702.0,776.83,,,2016-09-29,,776.83
20160930,000510,中证A500指数,中证A500,CSI A500 Index,CSI A500,3720.45,3742.26,3720.45,3736.26,,0.31,5513738412.0,707.43,,,2016-09-30,,707.43
20161010,000510,中证A500指数,中证A500,CSI A500 Index,CSI A500,3753.63,3796.48,3753.63,3796.48,,1.61,9587267622.0,1205.64,,,2016-10-10,,1205.64
20161011,000510,中证A500指数,中证A500,CSI A500 Index,CSI A500,3799.92,3814.23,3798.93,3814.23,,0.47,10697405618.0,1213.53,,,2016-10-11,,1213.53
20161012,000510,中证A500指数,中证A500,CSI A500 Index,CSI A500,3804.59,3809.61,3797.88,3808.54,,-0.15,8867724939.0,1047.45,,,2016-10-12,,1047.45
20161013,000510,中证A500指数,中证A500,CSI A500 Index,CSI A500,3806.75,3814.06,3798.49,3809.35,,0.02,9794034444.0,1101.35,,,2016-10-13,,1101.35
20161014,000510,中证A500指数,中证A500,CSI A500 Index,CSI A500,3804.31,3809.39,3786.26,3809.08,,-0.01,9650486010.0,1071.76,,,2016-10-14,,1071.76
20161017,000510,中证A500指数,中证A500,CSI A500 Index,CSI A500,3810.52,3813.51,3769.32,3776.52,,-0.86,10224956985.0,1168.5,,,2016-10-17,,1168.5
20161018,000510,中证A500指数,中证A500,CSI A500 Index,CSI A500,3771.03,3824.3,3771.03,3824.3,,1.27,11374912263.0,1250.29,,,2016-10-18,,1250.29
20161019,000510,中证A500指数,中证A500,CSI A500 Index,CSI A500,3827.81,3836.31,3813.05,3817.95,,-0.17,11878517875.0,1257.58,,,2016-10-19,,1257.58
20161020,000510,中证A500指数,中证A500,CSI A500 Index,CSI A500,3819.0,3825.06,3812.06,3820.58,,0.07,9563798034.0,1093.12,,,2016-10-20,,1093.12
20161021,000510,中证A500指数,中证A500,CSI A500 Index,CSI A500,3818.18,3836.09,3804.68,3824.58,,0.11,12439625049.0,1322.78,,,2016-10-21,,1322.78
20161024,000510,中证A500指数,中证A500,CSI A500 Index,CSI A500,3829.31,3873.23,3828.48,3864.08,,1.03,15654783100.0,1601.73,,,2016-10-24,,1601.73
20161025,000510,中证A500指数,中证A500,CSI A500 Index,CSI A500,3866.08,3869.86,3857.2,3868.64,,0.12,12975552516.0,1414.49,,,2016-10-25,,1414.49
20161026,000510,中证A500指数,中证A500,CSI A500 Index,CSI A500,3866.75,3866.75,3847.13,3851.74,,-0.44,12030980048.0,1381.7,,,2016-10-26,,1381.7
20161027,000510,中证A500指数,中证A500,CSI A500 Index,CSI A500,3847.56,3847.56,3827.34,3839.09,,-0.33,9655967687.0,1135.97,,,2016-10-27,,1135.97
20161028,000510,中证A500指数,中证A500,CSI A500 Index,CSI A500,3837.47,3853.41,3821.68,3823.34,,-0.41,10233045089.0,1185.01,,,2016-10-28,,1185.01
20161031,000510,中证A500指数,中证A500,CSI A500 Index,CSI A500,3816.19,3819.26,3802.81,3816.12,,-0.19,8698487037.0,1045.94,,,2016-10-31,,1045.94
20161101,000510,中证A500指数,中证A500,CSI A500 Index,CSI A500,3820.37,3844.12,3815.77,3844.12,,0.73,8711243548.0,1047.28,,,2016-11-01,,1047.28
20161102,000510,中证A500指数,中证A500,CSI A500 Index,CSI A500,3834.99,3836.07,3811.55,3811.75,,-0.84,10592314877.0,1232.8,,,2016-11-02,,1232.8
20161103,000510,中证A500指数,中证A500,CSI A500 Index,CSI A500,3804.16,3851.47,3804.16,3840.27,,0.75,13130037915.0,1469.49,,,2016-11-03,,1469.49
20161104,000510,中证A500指数,中证A500,CSI A500 Index,CSI A500,3836.8,3850.68,3822.07,3826.86,,-0.35,11564493689.0,1295.11,,,2016-11-04,,1295.11
20161107,000510,中证A500指数,中证A500,CSI A500 Index,CSI A500,3825.79,3835.63,3814.04,3828.17,,0.03,11507226611.0,1161.93,,,2016-11-07,,1161.93
20161108,000510,中证A500指数,中证A500,CSI A500 Index,CSI A500,3839.57,3858.41,3835.28,3847.0,,0.49,12026310645.0,1255.31,,,2016-11-08,,1255.31
20161109,000510,中证A500指数,中证A500,CSI A500 Index,CSI A500,3847.05,3849.01,3800.54,3826.3,,-0.54,15909631608.0,1696.6,,,2016-11-09,,1696.6
20161110,000510,中证A500指数,中证A500,CSI A500 Index,CSI A500,3851.31,3875.1,3851.31,3868.23,,1.1,15672814825.0,1580.1,,,2016-11-10,,1580.1
20161111,000510,中证A500指数,中证A500,CSI A500 Index,CSI A500,3864.56,3888.52,3858.87,3888.52,,0.53,20518276745.0,2000.15,,,2016-11-11,,2000.15
20161114,000510,中证A500指数,中证A500,CSI A500 Index,CSI A500,3882.23,3918.0,3882.23,3903.61,,0.39,22859040073.0,2245.15,,,2016-11-14,,2245.15
20161115,000510,中证A500指数,中证A500,CSI A500 Index,CSI A500,3905.11,3910.54,3896.83,3910.54,,0.18,16513174424.0,1713.06,,,2016-11-15,,1713.06
20161116,000510,中证A500指数,中证A500,CSI A500 Index,CSI A500,3913.5,3917.52,3906.57,3911.18,,0.02,15640632502.0,1635.26,,,2016-11-16,,1635.26
20161117,000510,中证A500指数,中证A500,CSI A500 Index,CSI A500,3905.14,3916.16,3891.3,3915.79,,0.12,14126734283.0,1453.95,,,2016-11-17,,1453.95
20161118,000510,中证A500指数,中证A500,CSI A500 Index,CSI A500,3918.23,3921.32,3897.09,3898.12,,-0.45,13382647733.0,1393.35,,,2016-11-18,,1393.35
20161121,000510,中证A500指数,中证A500,CSI A500 Index,CSI A500,3894.29,3940.85,3894.29,3918.7,,0.53,16191886995.0,1693.34,,,2016-11-21,,1693.34
20161122,000510,中证A500指数,中证A500,CSI A500 Index,CSI A500,3920.64,3947.14,3920.64,3947.14,,0.73,18385527378.0,1900.66,,,2016-11-22,,1900.66
20161123,000510,中证A500指数,中证A500,CSI A500 Index,CSI A500,3952.98,3965.03,3943.33,3947.67,,0.01,17194825770.0,1902.57,,,2016-11-23,,1902.57
20161124,000510,中证A500指数,中证A500,CSI A500 Index,CSI A500,3942.8,3973.05,3942.8,3953.74,,0.15,15787763493.0,1828.48,,,2016-11-24,,1828.48
20161125,000510,中证A500指数,中证A500,CSI A500 Index,CSI A500,3954.5,3985.15,3919.32,3985.15,,0.79,16342186413.0,1819.65,,,2016-11-25,,1819.65
20161128,000510,中证A500指数,中证A500,CSI A500 Index,CSI A500,4001.94,4019.66,3999.25,4005.39,,0.51,22359292332.0,2418.17,,,2016-11-28,,2418.17
20161129,000510,中证A500指数,中证A500,CSI A500 Index,CSI A500,3996.47,4047.28,3994.86,4031.33,,0.65,25128844830.0,2727.33,,,2016-11-29,,2727.33
20161130,000510,中证A500指数,中证A500,CSI A500 Index,CSI A500,4023.4,4030.58,3996.07,4006.84,,-0.61,19021935778.0,2117.04,,,2016-11-30,,2117.04
20161201,000510,中证A500指数,中证A500,CSI A500 Index,CSI A500,4014.32,4038.82,4014.32,4028.57,,0.54,18110050380.0,2092.75,,,2016-12-01,,2092.75
20161202,000510,中证A500指数,中证A500,CSI A500 Index,CSI A500,4022.96,4022.96,3982.48,3984.82,,-1.09,20153890087.0,2165.69,,,2016-12-02,,2165.69
20161205,000510,中证A500指数,中证A500,CSI A500 Index,CSI A500,3929.12,3957.92,3928.95,3935.15,,-1.25,17889015628.0,1944.79,,,2016-12-05,,1944.79
20161206,000510,中证A500指数,中证A500,CSI A500 Index,CSI A500,3934.15,3945.55,3928.53,3928.56,,-0.17,12244266892.0,1388.31,,,2016-12-06,,1388.31
20161207,000510,中证A500指数,中证A500,CSI A500 Index,CSI A500,3928.39,3950.88,3918.26,3950.88,,0.57,12217427444.0,1312.74,,,2016-12-07,,1312.74
20161208,000510,中证A500指数,中证A500,CSI A500 Index,CSI A500,3957.09,3958.34,3942.84,3943.21,,-0.19,13097754624.0,1410.06,,,2016-12-08,,1410.06
20161209,000510,中证A500指数,中证A500,CSI A500 Index,CSI A500,3936.8,3972.69,3936.8,3959.09,,0.4,15759688456.0,1675.35,,,2016-12-09,,1675.35
20161212,000510,中证A500指数,中证A500,CSI A500 Index,CSI A500,3954.48,3954.94,3846.02,3848.87,,-2.78,21163342255.0,2285.4,,,2016-12-12,,2285.4
20161213,000510,中证A500指数,中证A500,CSI A500 Index,CSI A500,3833.03,3859.06,3808.58,3848.08,,-0.02,13823947133.0,1447.84,,,2016-12-13,,1447.84
20161214,000510,中证A500指数,中证A500,CSI A500 Index,CSI A500,3841.32,3855.91,3819.23,3819.23,,-0.75,14242244835.0,1488.77,,,2016-12-14,,1488.77
20161215,000510,中证A500指数,中证A500,CSI A500 Index,CSI A500,3803.36,3819.58,3778.01,3789.14,,-0.79,13130264706.0,1413.62,,,2016-12-15,,1413.62
20161216,000510,中证A500指数,中证A500,CSI A500 Index,CSI A500,3783.37,3808.83,3783.14,3800.06,,0.29,10634502023.0,1175.27,,,2016-12-16,,1175.27
20161219,000510,中证A500指数,中证A500,CSI A500 Index,CSI A500,3796.63,3799.54,3779.11,3783.29,,-0.44,9524380091.0,1011.52,,,2016-12-19,,1011.52
20161220,000510,中证A500指数,中证A500,CSI A500 Index,CSI A500,3783.07,3783.07,3744.71,3762.64,,-0.55,10302273797.0,1029.99,,,2016-12-20,,1029.99
20161221,000510,中证A500指数,中证A500,CSI A500 Index,CSI A500,3768.73,3797.84,3768.73,3796.47,,0.9,12331255420.0,1213.39,,,2016-12-21,,1213.39
20161222,000510,中证A500指数,中证A500,CSI A500 Index,CSI A500,3793.65,3798.28,3781.94,3794.59,,-0.05,10619804118.0,1076.23,,,2016-12-22,,1076.23
20161223,000510,中证A500指数,中证A500,CSI A500 Index,CSI A500,3792.82,3792.82,3760.89,3764.91,,-0.78,11044374713.0,1154.84,,,2016-12-23,,1154.84
20161226,000510,中证A500指数,中证A500,CSI A500 Index,CSI A500,3749.63,3779.99,3719.45,3779.99,,0.4,10492876138.0,1120.31,,,2016-12-26,,1120.31
20161227,000510,中证A500指数,中证A500,CSI A500 Index,CSI A500,3777.12,3787.32,3773.76,3773.76,,-0.17,9089633059.0,982.33,,,2016-12-27,,982.33
20161228,000510,中证A500指数,中证A500,CSI A500 Index,CSI A500,3773.84,3776.37,3753.0,3757.96,,-0.42,8285102338.0,890.56,,,2016-12-28,,890.56
20161229,000510,中证A500指数,中证A500,CSI A500 Index,CSI A500,3752.88,3767.21,3744.93,3753.87,,-0.11,8188328984.0,903.17,,,2016-12-29,,903.17
20161230,000510,中证A500指数,中证A500,CSI A500 Index,CSI A500,3759.32,3768.48,3752.18,3764.99,,0.3,8498737381.0,933.98,,,2016-12-30,,933.98
20170103,000510,中证A500指数,中证A500,CSI A500 Index,CSI A500,3769.64,3799.11,3769.64,3799.11,,0.91,9987779962.0,1045.53,,,2017-01-03,,1045.53
20170104,000510,中证A500指数,中证A500,CSI A500 Index,CSI A500,3798.35,3833.75,3798.35,3833.75,,0.91,11380283013.0,1274.06,,,2017-01-04,,1274.06
20170105,000510,中证A500指数,中证A500,CSI A500 Index,CSI A500,3833.38,3839.11,3830.19,3835.85,,0.06,11014218795.0,1197.71,,,2017-01-05,,1197.71
20170106,000510,中证A500指数,中证A500,CSI A500 Index,CSI A500,3835.24,3836.33,3815.11,3815.6,,-0.53,11126094575.0,1196.99,,,2017-01-06,,1196.99
20170109,000510,中证A500指数,中证A500,CSI A500 Index,CSI A500,3812.91,3837.49,3812.66,3837.49,,0.57,10840154384.0,1191.54,,,2017-01-09,,1191.54
20170110,000510,中证A500指数,中证A500,CSI A500 Index,CSI A500,3835.01,3843.77,3827.66,3829.23,,-0.21,11044023629.0,1140.26,,,2017-01-10,,1140.26
20170111,000510,中证A500指数,中证A500,CSI A500 Index,CSI A500,3826.2,3839.2,3803.52,3803.52,,-0.67,11654559163.0,1129.22,,,2017-01-11,,1129.22
20170112,000510,中证A500指数,中证A500,CSI A500 Index,CSI A500,3801.15,3809.32,3780.44,3780.44,,-0.61,10203789209.0,976.16,,,2017-01-12,,976.16
20170113,000510,中证A500指数,中证A500,CSI A500 Index,CSI A500,3780.63,3793.75,3768.49,3771.82,,-0.23,10193357427.0,1037.53,,,2017-01-13,,1037.53
20170116,000510,中证A500指数,中证A500,CSI A500 Index,CSI A500,3765.69,3765.69,3695.78,3750.79,,-0.56,17798233683.0,1738.37,,,2017-01-16,,1738.37
20170117,000510,中证A500指数,中证A500,CSI A500 Index,CSI A500,3735.59,3767.17,3724.93,3767.17,,0.44,8954407930.0,967.16,,,2017-01-17,,967.16
20170118,000510,中证A500指数,中证A500,CSI A500 Index,CSI A500,3762.28,3788.47,3762.28,3776.22,,0.24,8770595113.0,942.25,,,2017-01-18,,942.25
20170119,000510,中证A500指数,中证A500,CSI A500 Index,CSI A500,3767.14,3780.75,3758.68,3763.36,,-0.34,8081707828.0,788.58,,,2017-01-19,,788.58
20170120,000510,中证A500指数,中证A500,CSI A500 Index,CSI A500,3762.17,3798.23,3762.17,3796.81,,0.89,7807888014.0,862.65,,,2017-01-20,,862.65
20170123,000510,中证A500指数,中证A500,CSI A500 Index,CSI A500,3802.46,3824.44,3802.46,3811.05,,0.38,9310713005.0,951.19,,,2017-01-23,,951.19
20170124,000510,中证A500指数,中证A500,CSI A500 Index,CSI A500,3809.22,3814.35,3801.76,3808.93,,-0.06,8317421400.0,833.15,,,2017-01-24,,833.15
20170125,000510,中证A500指数,中证A500,CSI A500 Index,CSI A500,3804.89,3822.23,3800.98,3822.23,,0.35,7379657467.0,765.71,,,2017-01-25,,765.71
20170126,000510,中证A500指数,中证A500,CSI A500 Index,CSI A500,3824.74,3844.1,3824.74,3839.38,,0.45,8061223052.0,816.45,,,2017-01-26,,816.45
20170203,000510,中证A500指数,中证A500,CSI A500 Index,CSI A500,3842.68,3842.68,3813.54,3816.1,,-0.61,6896090269.0,710.03,,,2017-02-03,,710.03
20170206,000510,中证A500指数,中证A500,CSI A500 Index,CSI A500,3819.3,3838.08,3811.87,3831.86,,0.41,8648824742.0,936.17,,,2017-02-06,,936.17
20170207,000510,中证A500指数,中证A500,CSI A500 Index,CSI A500,3830.0,3834.38,3812.62,3823.44,,-0.22,8284039872.0,907.0,,,2017-02-07,,907.0
20170208,000510,中证A500指数,中证A500,CSI A500 Index,CSI A500,3819.45,3840.79,3803.96,3840.79,,0.45,9176015207.0,990.72,,,2017-02-08,,990.72
20170209,000510,中证A500指数,中证A500,CSI A500 Index,CSI A500,3840.0,3863.33,3840.0,3857.26,,0.43,11761816081.0,1230.6,,,2017-02-09,,1230.6
20170210,000510,中证A500指数,中证A500,CSI A500 Index,CSI A500,3858.15,3880.17,3858.15,3872.01,,0.38,15526724710.0,1508.03,,,2017-02-10,,1508.03
20170213,000510,中证A500指数,中证A500,CSI A500 Index,CSI A500,3875.51,3896.48,3875.51,3895.22,,0.6,14443431821.0,1482.37,,,2017-02-13,,1482.37
20170214,000510,中证A500指数,中证A500,CSI A500 Index,CSI A500,3896.5,3898.11,3883.23,3895.16,,0.0,12026775071.0,1219.26,,,2017-02-14,,1219.26
20170215,000510,中证A500指数,中证A500,CSI A500 Index,CSI A500,3893.97,3903.89,3869.2,3874.53,,-0.53,15598892223.0,1506.08,,,2017-02-15,,1506.08
20170216,000510,中证A500指数,中证A500,CSI A500 Index,CSI A500,3874.99,3896.44,3872.99,3896.44,,0.57,13110288909.0,1239.16,,,2017-02-16,,1239.16
20170217,000510,中证A500指数,中证A500,CSI A500 Index,CSI A500,3897.29,3903.35,3868.28,3870.44,,-0.67,13141951291.0,1340.1,,,2017-02-17,,1340.1
20170220,000510,中证A500指数,中证A500,CSI A500 Index,CSI A500,3871.48,3924.93,3871.48,3924.93,,1.41,15256328870.0,1561.5,,,2017-02-20,,1561.5
20170221,000510,中证A500指数,中证A500,CSI A500 Index,CSI A500,3929.45,3941.84,3929.45,3941.84,,0.43,13598223027.0,1448.82,,,2017-02-21,,1448.82
20170222,000510,中证A500指数,中证A500,CSI A500 Index,CSI A500,3942.67,3952.88,3935.48,3952.88,,0.28,13424303505.0,1440.88,,,2017-02-22,,1440.88
20170223,000510,中证A500指数,中证A500,CSI A500 Index,CSI A500,3951.15,3954.87,3927.8,3940.82,,-0.3,13495523937.0,1436.11,,,2017-02-23,,1436.11
20170224,000510,中证A500指数,中证A500,CSI A500 Index,CSI A500,3936.31,3943.48,3924.63,3943.48,,0.07,12953507786.0,1378.11,,,2017-02-24,,1378.11
20170227,000510,中证A500指数,中证A500,CSI A500 Index,CSI A500,3941.11,3944.45,3911.69,3914.41,,-0.74,12732271836.0,1385.8,,,2017-02-27,,1385.8
20170228,000510,中证A500指数,中证A500,CSI A500 Index,CSI A500,3913.23,3928.34,3908.33,3922.06,,0.19,9826017220.0,1086.65,,,2017-02-28,,1086.65
20170301,000510,中证A500指数,中证A500,CSI A500 Index,CSI A500,3920.73,3941.73,3919.83,3930.0,,0.2,12907469533.0,1403.02,,,2017-03-01,,1403.02
20170302,000510,中证A500指数,中证A500,CSI A500 Index,CSI A500,3935.07,3936.75,3904.13,3904.13,,-0.66,11308335191.0,1257.94,,,2017-03-02,,1257.94
20170303,000510,中证A500指数,中证A500,CSI A500 Index,CSI A500,3893.12,3902.19,3881.64,3902.19,,-0.05,10470497959.0,1205.35,,,2017-03-03,,1205.35
20170306,000510,中证A500指数,中证A500,CSI A500 Index,CSI A500,3902.5,3926.95,3902.5,3926.95,,0.63,10766265896.0,1306.63,,,2017-03-06,,1306.63
20170307,000510,中证A500指数,中证A500,CSI A500 Index,CSI A500,3927.2,3935.93,3919.21,3935.93,,0.23,10378626750.0,1267.53,,,2017-03-07,,1267.53
20170308,000510,中证A500指数,中证A500,CSI A500 Index,CSI A500,3933.61,3936.71,3920.22,3928.29,,-0.19,10067065032.0,1182.5,,,2017-03-08,,1182.5
20170309,000510,中证A500指数,中证A500,CSI A500 Index,CSI A500,3921.35,3921.35,3891.95,3903.82,,-0.62,10674658916.0,1201.1,,,2017-03-09,,1201.1
20170310,000510,中证A500指数,中证A500,CSI A500 Index,CSI A500,3900.04,3911.31,3900.04,3904.98,,0.03,8702920645.0,1087.64,,,2017-03-10,,1087.64
20170313,000510,中证A500指数,中证A500,CSI A500 Index,CSI A500,3903.13,3938.98,3894.09,3938.98,,0.87,11127167370.0,1366.29,,,2017-03-13,,1366.29
20170314,000510,中证A500指数,中证A500,CSI A500 Index,CSI A500,3937.96,3943.58,3927.84,3936.17,,-0.07,9602020460.0,1230.34,,,2017-03-14,,1230.34
20170315,000510,中证A500指数,中证A500,CSI A500 Index,CSI A500,3931.1,3944.28,3929.15,3944.28,,0.21,9848225099.0,1220.03,,,2017-03-15,,1220.03
20170316,000510,中证A500指数,中证A500,CSI A500 Index,CSI A500,3953.7,3969.53,3953.7,3964.11,,0.5,11921744189.0,1447.99,,,2017-03-16,,1447.99
20170317,000510,中证A500指数,中证A500,CSI A500 Index,CSI A500,3967.25,3969.06,3927.18,3927.18,,-0.93,12307194368.0,1505.89,,,2017-03-17,,1505.89
20170320,000510,中证A500指数,中证A500,CSI A500 Index,CSI A500,3932.41,3938.39,3913.91,3937.33,,0.26,10374495818.0,1253.36,,,2017-03-20,,1253.36
20170321,000510,中证A500指数,中证A500,CSI A500 Index,CSI A500,3937.1,3958.58,3933.32,3958.58,,0.54,10389083461.0,1368.12,,,2017-03-21,,1368.12
20170322,000510,中证A500指数,中证A500,CSI A500 Index,CSI A500,3940.66,3956.7,3927.58,3944.58,,-0.35,12345598567.0,1504.52,,,2017-03-22,,1504.52
20170323,000510,中证A500指数,中证A500,CSI A500 Index,CSI A500,3946.9,3964.98,3930.99,3955.03,,0.27,11400141438.0,1453.54,,,2017-03-23,,1453.54
20170324,000510,中证A500指数,中证A500,CSI A500 Index,CSI A500,3957.59,3989.77,3957.59,3984.83,,0.75,14874986748.0,1714.79,,,2017-03-24,,1714.79
20170327,000510,中证A500指数,中证A500,CSI A500 Index,CSI A500,3984.75,3996.41,3966.95,3969.2,,-0.39,13102341172.0,1546.18,,,2017-03-27,,1546.18
20170328,000510,中证A500指数,中证A500,CSI A500 Index,CSI A500,3969.42,3971.77,3951.36,3959.53,,-0.24,10327499997.0,1238.72,,,2017-03-28,,1238.72
20170329,000510,中证A500指数,中证A500,CSI A500 Index,CSI A500,3963.07,3975.2,3942.24,3954.81,,-0.12,13343757283.0,1454.17,,,2017-03-29,,1454.17
20170330,000510,中证A500指数,中证A500,CSI A500 Index,CSI A500,3950.05,3950.05,3903.63,3912.66,,-1.07,15144161944.0,1567.68,,,2017-03-30,,1567.68
20170331,000510,中证A500指数,中证A500,CSI A500 Index,CSI A500,3911.46,3936.37,3911.46,3936.37,,0.61,11785064960.0,1304.35,,,2017-03-31,,1304.35
20170405,000510,中证A500指数,中证A500,CSI A500 Index,CSI A500,3958.92,3994.48,3958.92,3994.48,,1.48,16980777719.0,1953.03,,,2017-04-05,,1953.03
20170406,000510,中证A500指数,中证A500,CSI A500 Index,CSI A500,4001.33,4010.8,3989.47,4009.08,,0.37,15164464435.0,1745.02,,,2017-04-06,,1745.02
20170407,000510,中证A500指数,中证A500,CSI A500 Index,CSI A500,4008.97,4025.25,4001.78,4015.32,,0.16,16539093709.0,1858.09,,,2017-04-07,,1858.09
20170410,000510,中证A500指数,中证A500,CSI A500 Index,CSI A500,4016.01,4018.29,3999.23,4000.33,,-0.37,16799640588.0,1946.45,,,2017-04-10,,1946.45
20170411,000510,中证A500指数,中证A500,CSI A500 Index,CSI A500,3998.11,4018.99,3970.39,4017.31,,0.43,20606917293.0,2431.92,,,2017-04-11,,2431.92
20170412,000510,中证A500指数,中证A500,CSI A500 Index,CSI A500,4011.38,4016.62,3996.63,4000.14,,-0.43,19828412330.0,2116.68,,,2017-04-12,,2116.68
20170413,000510,中证A500指数,中证A500,CSI A500 Index,CSI A500,3990.73,4014.8,3990.73,4011.42,,0.28,14498899042.0,1560.52,,,2017-04-13,,1560.52
20170414,000510,中证A500指数,中证A500,CSI A500 Index,CSI A500,4013.61,4013.61,3968.0,3976.36,,-0.87,15576456474.0,1623.01,,,2017-04-14,,1623.01
20170417,000510,中证A500指数,中证A500,CSI A500 Index,CSI A500,3965.64,3970.22,3939.04,3964.68,,-0.29,15907570664.0,1732.81,,,2017-04-17,,1732.81
20170418,000510,中证A500指数,中证A500,CSI A500 Index,CSI A500,3960.3,3980.24,3946.72,3946.72,,-0.45,13693237639.0,1581.3,,,2017-04-18,,1581.3
20170419,000510,中证A500指数,中证A500,CSI A500 Index,CSI A500,3934.5,3934.5,3896.86,3923.09,,-0.6,15127393252.0,1657.4,,,2017-04-19,,1657.4
20170420,000510,中证A500指数,中证A500,CSI A500 Index,CSI A500,3922.61,3946.9,3922.61,3940.37,,0.44,13864327645.0,1648.71,,,2017-04-20,,1648.71
20170421,000510,中证A500指数,中证A500,CSI A500 Index,CSI A500,3939.74,3953.37,3926.84,3937.44,,-0.07,12245570615.0,1379.69,,,2017-04-21,,1379.69
20170424,000510,中证A500指数,中证A500,CSI A500 Index,CSI A500,3927.91,3927.91,3871.05,3883.8,,-1.36,13433669020.0,1464.57,,,2017-04-24,,1464.57
20170425,000510,中证A500指数,中证A500,CSI A500 Index,CSI A500,3881.42,3909.62,3881.42,3900.34,,0.43,11487540100.0,1329.81,,,2017-04-25,,1329.81
20170426,000510,中证A500指数,中证A500,CSI A500 Index,CSI A500,3900.08,3927.08,3900.08,3907.4,,0.18,13179180990.0,1579.44,,,2017-04-26,,1579.44
20170427,000510,中证A500指数,中证A500,CSI A500 Index,CSI A500,3896.82,3917.08,3856.54,3915.44,,0.21,15200357480.0,1733.54,,,2017-04-27,,1733.54
20170428,000510,中证A500指数,中证A500,CSI A500 Index,CSI A500,3907.5,3911.3,3891.67,3911.3,,-0.11,11950797035.0,1399.31,,,2017-04-28,,1399.31
20170502,000510,中证A500指数,中证A500,CSI A500 Index,CSI A500,3900.2,3909.37,3892.84,3903.83,,-0.19,11196146172.0,1301.5,,,2017-05-02,,1301.5
20170503,000510,中证A500指数,中证A500,CSI A500 Index,CSI A500,3898.98,3909.32,3884.54,3890.52,,-0.34,11379806909.0,1294.28,,,2017-05-03,,1294.28
20170504,000510,中证A500指数,中证A500,CSI A500 Index,CSI A500,3882.54,3902.41,3866.04,3880.94,,-0.25,12266654362.0,1396.78,,,2017-05-04,,1396.78
20170505,000510,中证A500指数,中证A500,CSI A500 Index,CSI A500,3869.52,3873.7,3850.85,3852.28,,-0.74,12102135894.0,1373.93,,,2017-05-05,,1373.93
20170508,000510,中证A500指数,中证A500,CSI A500 Index,CSI A500,3839.67,3843.2,3808.07,3816.96,,-0.92,13666096661.0,1470.93,,,2017-05-08,,1470.93
20170509,000510,中证A500指数,中证A500,CSI A500 Index,CSI A500,3798.97,3818.28,3785.44,3816.22,,-0.02,9377557107.0,1090.38,,,2017-05-09,,1090.38
20170510,000510,中证A500指数,中证A500,CSI A500 Index,CSI A500,3814.4,3831.3,3785.98,3785.98,,-0.79,11052827943.0,1290.04,,,2017-05-10,,1290.04
20170511,000510,中证A500指数,中证A500,CSI A500 Index,CSI A500,3769.79,3804.58,3749.92,3804.34,,0.49,13178762192.0,1400.63,,,2017-05-11,,1400.63
20170512,000510,中证A500指数,中证A500,CSI A500 Index,CSI A500,3798.28,3829.68,3798.28,3828.32,,0.63,10422345483.0,1148.64,,,2017-05-12,,1148.64
20170515,000510,中证A500指数,中证A500,CSI A500 Index,CSI A500,3837.05,3852.97,3837.05,3843.87,,0.41,9207665964.0,1082.61,,,2017-05-15,,1082.61
20170516,000510,中证A500指数,中证A500,CSI A500 Index,CSI A500,3834.93,3888.34,3817.85,3888.34,,1.16,12667030825.0,1436.16,,,2017-05-16,,1436.16
20170517,000510,中证A500指数,中证A500,CSI A500 Index,CSI A500,3881.57,3893.18,3869.92,3871.15,,-0.44,12037742077.0,1400.4,,,2017-05-17,,1400.4
20170518,000510,中证A500指数,中证A500,CSI A500 Index,CSI A500,3845.26,3871.63,3845.26,3854.44,,-0.43,9712325867.0,1134.17,,,2017-05-18,,1134.17
20170519,000510,中证A500指数,中证A500,CSI A500 Index,CSI A500,3852.62,3864.23,3846.92,3860.45,,0.16,8528805677.0,1027.66,,,2017-05-19,,1027.66
20170522,000510,中证A500指数,中证A500,CSI A500 Index,CSI A500,3857.56,3881.29,3845.27,3862.45,,0.05,10486798411.0,1204.19,,,2017-05-22,,1204.19
20170523,000510,中证A500指数,中证A500,CSI A500 Index,CSI A500,3856.06,3877.28,3843.74,3858.01,,-0.11,12747242503.0,1457.48,,,2017-05-23,,1457.48
20170524,000510,中证A500指数,中证A500,CSI A500 Index,CSI A500,3842.31,3862.66,3821.69,3862.66,,0.12,9534106050.0,1122.83,,,2017-05-24,,1122.83
20170525,000510,中证A500指数,中证A500,CSI A500 Index,CSI A500,3851.94,3917.21,3851.94,3916.61,,1.4,13313088971.0,1454.83,,,2017-05-25,,1454.83
20170526,000510,中证A500指数,中证A500,CSI A500 Index,CSI A500,3910.58,3926.4,3904.22,3911.52,,-0.13,10688699165.0,1237.04,,,2017-05-26,,1237.04
20170531,000510,中证A500指数,中证A500,CSI A500 Index,CSI A500,3928.85,3939.52,3905.55,3917.48,,0.15,10910236371.0,1267.69,,,2017-05-31,,1267.69
20170601,000510,中证A500指数,中证A500,CSI A500 Index,CSI A500,3909.3,3916.99,3902.46,3906.09,,-0.29,11065176048.0,1268.09,,,2017-06-01,,1268.09
20170602,000510,中证A500指数,中证A500,CSI A500 Index,CSI A500,3898.62,3909.33,3876.57,3904.14,,-0.05,9313652526.0,1069.14,,,2017-06-02,,1069.14
20170605,000510,中证A500指数,中证A500,CSI A500 Index,CSI A500,3900.27,3904.21,3891.25,3896.34,,-0.2,9106815472.0,1035.11,,,2017-06-05,,1035.11
20170606,000510,中证A500指数,中证A500,CSI A500 Index,CSI A500,3891.65,3921.1,3891.65,3921.1,,0.64,7686015924.0,948.37,,,2017-06-06,,948.37
20170607,000510,中证A500指数,中证A500,CSI A500 Index,CSI A500,3922.1,3974.83,3922.1,3973.89,,1.35,11873392524.0,1466.29,,,2017-06-07,,1466.29
20170608,000510,中证A500指数,中证A500,CSI A500 Index,CSI A500,3970.99,4002.83,3970.99,4002.32,,0.72,10529596820.0,1341.62,,,2017-06-08,,1341.62
20170609,000510,中证A500指数,中证A500,CSI A500 Index,CSI A500,4003.2,4029.06,4003.2,4021.41,,0.48,11315900506.0,1391.79,,,2017-06-09,,1391.79
20170612,000510,中证A500指数,中证A500,CSI A500 Index,CSI A500,4013.95,4045.12,4010.95,4015.73,,-0.14,10454830537.0,1343.1,,,2017-06-12,,1343.1
20170613,000510,中证A500指数,中证A500,CSI A500 Index,CSI A500,4010.77,4034.91,4006.03,4033.68,,0.45,9575218363.0,1178.19,,,2017-06-13,,1178.19
20170614,000510,中证A500指数,中证A500,CSI A500 Index,CSI A500,4022.31,4022.31,3984.39,3988.85,,-1.11,10424325356.0,1298.38,,,2017-06-14,,1298.38
20170615,000510,中证A500指数,中证A500,CSI A500 Index,CSI A500,3984.42,3995.78,3966.53,3988.14,,-0.02,10412241996.0,1317.47,,,2017-06-15,,1317.47
20170616,000510,中证A500指数,中证A500,CSI A500 Index,CSI A500,3981.51,3992.16,3974.95,3978.21,,-0.25,9242744334.0,1125.44,,,2017-06-16,,1125.44
20170619,000510,中证A500指数,中证A500,CSI A500 Index,CSI A500,3980.03,4012.8,3980.03,4012.8,,0.87,9164786500.0,1134.92,,,2017-06-19,,1134.92
20170620,000510,中证A500指数,中证A500,CSI A500 Index,CSI A500,4019.98,4019.98,4003.65,4008.33,,-0.11,10265377353.0,1255.73,,,2017-06-20,,1255.73
20170621,000510,中证A500指数,中证A500,CSI A500 Index,CSI A500,4025.48,4049.46,4006.23,4049.46,,1.03,10251972548.0,1330.74,,,2017-06-21,,1330.74
20170622,000510,中证A500指数,中证A500,CSI A500 Index,CSI A500,4045.81,4085.39,4038.12,4038.12,,-0.28,14505593572.0,1796.61,,,2017-06-22,,1796.61
20170623,000510,中证A500指数,中证A500,CSI A500 Index,CSI A500,4031.83,4072.39,4019.81,4072.39,,0.85,11798638132.0,1486.15,,,2017-06-23,,1486.15
20170626,000510,中证A500指数,中证A500,CSI A500 Index,CSI A500,4077.09,4126.35,4077.09,4124.93,,1.29,14698653823.0,1862.0,,,2017-06-26,,1862.0
20170627,000510,中证A500指数,中证A500,CSI A500 Index,CSI A500,4122.86,4134.47,4106.61,4132.54,,0.18,11588480404.0,1459.16,,,2017-06-27,,1459.16
20170628,000510,中证A500指数,中证A500,CSI A500 Index,CSI A500,4121.66,4126.6,4099.65,4101.86,,-0.74,11438126728.0,1425.35,,,2017-06-28,,1425.35
20170629,000510,中证A500指数,中证A500,CSI A500 Index,CSI A500,4106.19,4129.74,4106.19,4129.74,,0.68,10602747158.0,1375.36,,,2017-06-29,,1375.36
20170630,000510,中证A500指数,中证A500,CSI A500 Index,CSI A500,4115.08,4133.85,4107.48,4132.45,,0.07,9983775650.0,1246.48,,,2017-06-30,,1246.48
20170703,000510,中证A500指数,中证A500,CSI A500 Index,CSI A500,4133.64,4133.64,4100.91,4123.31,,-0.22,11573734122.0,1456.4,,,2017-07-03,,1456.4
20170704,000510,中证A500指数,中证A500,CSI A500 Index,CSI A500,4118.91,4118.91,4086.17,4093.77,,-0.72,11952103872.0,1538.07,,,2017-07-04,,1538.07
20170705,000510,中证A500指数,中证A500,CSI A500 Index,CSI A500,4084.64,4135.54,4084.4,4135.54,,1.02,11741134501.0,1549.01,,,2017-07-05,,1549.01
20170706,000510,中证A500指数,中证A500,CSI A500 Index,CSI A500,4129.66,4144.87,4105.35,4138.08,,0.06,13838342434.0,1759.09,,,2017-07-06,,1759.09
20170707,000510,中证A500指数,中证A500,CSI A500 Index,CSI A500,4123.59,4130.76,4109.48,4129.68,,-0.2,13108375243.0,1537.96,,,2017-07-07,,1537.96
20170710,000510,中证A500指数,中证A500,CSI A500 Index,CSI A500,4122.54,4136.06,4115.24,4119.86,,-0.24,14849562377.0,1713.36,,,2017-07-10,,1713.36
20170711,000510,中证A500指数,中证A500,CSI A500 Index,CSI A500,4111.41,4154.58,4111.41,4124.68,,0.12,13710054359.0,1666.05,,,2017-07-11,,1666.05
20170712,000510,中证A500指数,中证A500,CSI A500 Index,CSI A500,4127.0,4139.14,4096.85,4114.71,,-0.24,14324804861.0,1683.0,,,2017-07-12,,1683.0
20170713,000510,中证A500指数,中证A500,CSI A500 Index,CSI A500,4112.86,4138.52,4112.86,4135.24,,0.5,14653407769.0,1696.1,,,2017-07-13,,1696.1
20170714,000510,中证A500指数,中证A500,CSI A500 Index,CSI A500,4129.24,4142.53,4114.23,4142.53,,0.18,12742639428.0,1478.77,,,2017-07-14,,1478.77
20170717,000510,中证A500指数,中证A500,CSI A500 Index,CSI A500,4136.48,4136.48,4054.82,4073.06,,-1.68,20649142127.0,2241.74,,,2017-07-17,,2241.74
20170718,000510,中证A500指数,中证A500,CSI A500 Index,CSI A500,4056.72,4086.09,4042.79,4086.09,,0.32,14901120683.0,1659.95,,,2017-07-18,,1659.95
20170719,000510,中证A500指数,中证A500,CSI A500 Index,CSI A500,4079.64,4144.45,4079.64,4143.56,,1.41,20666709185.0,2142.46,,,2017-07-19,,2142.46
20170720,000510,中证A500指数,中证A500,CSI A500 Index,CSI A500,4139.27,4165.78,4139.27,4164.13,,0.5,16497014897.0,1890.29,,,2017-07-20,,1890.29
20170721,000510,中证A500指数,中证A500,CSI A500 Index,CSI A500,4155.42,4170.07,4149.75,4153.5,,-0.26,14360664619.0,1676.85,,,2017-07-21,,1676.85
20170724,000510,中证A500指数,中证A500,CSI A500 Index,CSI A500,4149.66,4180.09,4149.56,4173.72,,0.49,16610280104.0,1878.06,,,2017-07-24,,1878.06
20170725,000510,中证A500指数,中证A500,CSI A500 Index,CSI A500,4172.65,4181.35,4147.75,4154.54,,-0.46,15009578817.0,1640.74,,,2017-07-25,,1640.74
20170726,000510,中证A500指数,中证A500,CSI A500 Index,CSI A500,4158.84,4171.96,4121.6,4138.22,,-0.39,16743624431.0,1851.05,,,2017-07-26,,1851.05
20170727,000510,中证A500指数,中证A500,CSI A500 Index,CSI A500,4132.97,4156.38,4114.14,4153.05,,0.36,17940565679.0,2031.19,,,2017-07-27,,2031.19
20170728,000510,中证A500指数,中证A500,CSI A500 Index,CSI A500,4144.95,4169.53,4144.95,4168.01,,0.36,14452844994.0,1700.48,,,2017-07-28,,1700.48
20170731,000510,中证A500指数,中证A500,CSI A500 Index,CSI A500,4168.62,4193.96,4163.97,4190.46,,0.54,19162166293.0,2025.26,,,2017-07-31,,2025.26
20170801,000510,中证A500指数,中证A500,CSI A500 Index,CSI A500,4191.68,4217.4,4191.68,4217.4,,0.64,17838658300.0,1976.72,,,2017-08-01,,1976.72
20170802,000510,中证A500指数,中证A500,CSI A500 Index,CSI A500,4215.74,4229.58,4203.02,4203.06,,-0.34,20103685822.0,2181.72,,,2017-08-02,,2181.72
20170803,000510,中证A500指数,中证A500,CSI A500 Index,CSI A500,4197.31,4208.97,4174.23,4177.96,,-0.6,17820199242.0,1966.1,,,2017-08-03,,1966.1
20170804,000510,中证A500指数,中证A500,CSI A500 Index,CSI A500,4175.27,4187.77,4154.9,4154.9,,-0.55,20465843843.0,2213.44,,,2017-08-04,,2213.44
20170807,000510,中证A500指数,中证A500,CSI A500 Index,CSI A500,4151.79,4189.46,4144.69,4188.43,,0.81,17272196374.0,1804.39,,,2017-08-07,,1804.39
20170808,000510,中证A500指数,中证A500,CSI A500 Index,CSI A500,4186.29,4203.02,4184.74,4195.94,,0.18,19399506488.0,2026.36,,,2017-08-08,,2026.36
20170809,000510,中证A500指数,中证A500,CSI A500 Index,CSI A500,4191.7,4206.01,4178.02,4202.9,,0.17,17545683091.0,1908.94,,,2017-08-09,,1908.94
20170810,000510,中证A500指数,中证A500,CSI A500 Index,CSI A500,4195.31,4215.12,4157.58,4180.11,,-0.54,17264706087.0,1958.29,,,2017-08-10,,1958.29
20170811,000510,中证A500指数,中证A500,CSI A500 Index,CSI A500,4148.65,4165.8,4106.37,4107.37,,-1.74,19826131134.0,2125.84,,,2017-08-11,,2125.84
20170814,000510,中证A500指数,中证A500,CSI A500 Index,CSI A500,4111.95,4170.44,4111.95,4167.96,,1.48,15310355321.0,1895.03,,,2017-08-14,,1895.03
20170815,000510,中证A500指数,中证A500,CSI A500 Index,CSI A500,4169.46,4191.42,4168.7,4182.16,,0.34,14140321698.0,1732.92,,,2017-08-15,,1732.92
20170816,000510,中证A500指数,中证A500,CSI A500 Index,CSI A500,4177.84,4185.14,4161.43,4181.33,,-0.02,14755892124.0,1847.31,,,2017-08-16,,1847.31
20170817,000510,中证A500指数,中证A500,CSI A500 Index,CSI A500,4188.77,4205.7,4184.24,4204.9,,0.56,15750611774.0,1990.11,,,2017-08-17,,1990.11
20170818,000510,中证A500指数,中证A500,CSI A500 Index,CSI A500,4187.34,4214.37,4185.03,4207.18,,0.05,13286473576.0,1681.76,,,2017-08-18,,1681.76
20170821,000510,中证A500指数,中证A500,CSI A500 Index,CSI A500,4215.57,4229.6,4215.18,4229.6,,0.53,13610147976.0,1670.78,,,2017-08-21,,1670.78
20170822,000510,中证A500指数,中证A500,CSI A500 Index,CSI A500,4233.77,4241.87,4223.65,4236.88,,0.17,13941227746.0,1841.34,,,2017-08-22,,1841.34
20170823,000510,中证A500指数,中证A500,CSI A500 Index,CSI A500,4230.62,4243.27,4220.72,4230.55,,-0.15,13056490827.0,1577.09,,,2017-08-23,,1577.09
20170824,000510,中证A500指数,中证A500,CSI A500 Index,CSI A500,4231.54,4235.44,4202.21,4208.74,,-0.52,11611539376.0,1432.52,,,2017-08-24,,1432.52
20170825,000510,中证A500指数,中证A500,CSI A500 Index,CSI A500,4210.11,4267.27,4210.11,4267.27,,1.39,14777539625.0,1731.54,,,2017-08-25,,1731.54
20170828,000510,中证A500指数,中证A500,CSI A500 Index,CSI A500,4274.01,4329.02,4274.01,4307.9,,0.95,18719356498.0,2425.94,,,2017-08-28,,2425.94
20170829,000510,中证A500指数,中证A500,CSI A500 Index,CSI A500,4304.84,4314.53,4291.95,4300.68,,-0.17,14744233312.0,1827.13,,,2017-08-29,,1827.13
20170830,000510,中证A500指数,中证A500,CSI A500 Index,CSI A500,4300.52,4315.98,4300.52,4306.55,,0.14,16472036145.0,1896.33,,,2017-08-30,,1896.33
20170831,000510,中证A500指数,中证A500,CSI A500 Index,CSI A500,4308.83,4311.48,4273.42,4296.6,,-0.23,15951358967.0,1879.35,,,2017-08-31,,1879.35
20170901,000510,中证A500指数,中证A500,CSI A500 Index,CSI A500,4301.18,4321.43,4300.9,4313.06,,0.38,19836028787.0,2283.11,,,2017-09-01,,2283.11
20170904,000510,中证A500指数,中证A500,CSI A500 Index,CSI A500,4313.44,4336.66,4302.02,4336.66,,0.55,20071913749.0,2380.74,,,2017-09-04,,2380.74
20170905,000510,中证A500指数,中证A500,CSI A500 Index,CSI A500,4335.99,4355.05,4331.28,4350.01,,0.31,16056552516.0,1947.17,,,2017-09-05,,1947.17
20170906,000510,中证A500指数,中证A500,CSI A500 Index,CSI A500,4338.58,4356.2,4333.44,4350.71,,0.02,17409975125.0,2164.06,,,2017-09-06,,2164.06
20170907,000510,中证A500指数,中证A500,CSI A500 Index,CSI A500,4351.43,4354.38,4325.34,4325.34,,-0.58,16351110489.0,2141.22,,,2017-09-07,,2141.22
20170908,000510,中证A500指数,中证A500,CSI A500 Index,CSI A500,4324.75,4341.89,4313.63,4324.99,,-0.01,14094026949.0,1853.94,,,2017-09-08,,1853.94
20170911,000510,中证A500指数,中证A500,CSI A500 Index,CSI A500,4327.79,4349.76,4319.73,4334.81,,0.23,16552474779.0,2129.1,,,2017-09-11,,2129.1
20170912,000510,中证A500指数,中证A500,CSI A500 Index,CSI A500,4342.34,4359.47,4333.01,4343.29,,0.2,20111561396.0,2667.93,,,2017-09-12,,2667.93
20170913,000510,中证A500指数,中证A500,CSI A500 Index,CSI A500,4340.6,4355.0,4331.38,4354.73,,0.26,13965424698.0,1834.71,,,2017-09-13,,1834.71
20170914,000510,中证A500指数,中证A500,CSI A500 Index,CSI A500,4355.21,4362.07,4330.19,4337.69,,-0.39,15369306119.0,1939.6,,,2017-09-14,,1939.6
20170915,000510,中证A500指数,中证A500,CSI A500 Index,CSI A500,4332.87,4341.79,4317.97,4329.25,,-0.2,15557359483.0,1947.55,,,2017-09-15,,1947.55
20170918,000510,中证A500指数,中证A500,CSI A500 Index,CSI A500,4328.97,4357.46,4328.97,4344.69,,0.36,14242306995.0,1793.21,,,2017-09-18,,1793.21
20170919,000510,中证A500指数,中证A500,CSI A500 Index,CSI A500,4351.07,4356.58,4323.37,4330.19,,-0.33,13315059687.0,1732.91,,,2017-09-19,,1732.91
20170920,000510,中证A500指数,中证A500,CSI A500 Index,CSI A500,4327.93,4354.55,4326.7,4348.47,,0.42,13910031093.0,1748.33,,,2017-09-20,,1748.33
20170921,000510,中证A500指数,中证A500,CSI A500 Index,CSI A500,4349.26,4360.93,4336.39,4336.39,,-0.28,14298034349.0,1822.73,,,2017-09-21,,1822.73
20170922,000510,中证A500指数,中证A500,CSI A500 Index,CSI A500,4323.55,4332.24,4311.98,4332.24,,-0.1,12952918425.0,1637.7,,,2017-09-22,,1637.7
20170925,000510,中证A500指数,中证A500,CSI A500 Index,CSI A500,4326.85,4335.25,4310.84,4312.78,,-0.45,12565614484.0,1637.28,,,2017-09-25,,1637.28
20170926,000510,中证A500指数,中证A500,CSI A500 Index,CSI A500,4304.89,4319.09,4304.89,4319.09,,0.15,10627884811.0,1320.47,,,2017-09-26,,1320.47
20170927,000510,中证A500指数,中证A500,CSI A500 Index,CSI A500,4318.13,4338.97,4318.13,4329.82,,0.25,11570417481.0,1491.96,,,2017-09-27,,1491.96
20170928,000510,中证A500指数,中证A500,CSI A500 Index,CSI A500,4329.54,4339.7,4326.26,4334.51,,0.11,12233193363.0,1537.08,,,2017-09-28,,1537.08
20170929,000510,中证A500指数,中证A500,CSI A500 Index,CSI A500,4337.67,4362.73,4337.67,4350.76,,0.38,12233990164.0,1523.87,,,2017-09-29,,1523.87
20171009,000510,中证A500指数,中证A500,CSI A500 Index,CSI A500,4425.41,4429.44,4402.17,4405.79,,1.27,16980695060.0,2149.16,,,2017-10-09,,2149.16
20171010,000510,中证A500指数,中证A500,CSI A500 Index,CSI A500,4407.25,4421.92,4384.02,4421.68,,0.36,15446785843.0,2110.12,,,2017-10-10,,2110.12
20171011,000510,中证A500指数,中证A500,CSI A500 Index,CSI A500,4418.01,4438.52,4415.18,4429.21,,0.17,14992365609.0,2055.64,,,2017-10-11,,2055.64
20171012,000510,中证A500指数,中证A500,CSI A500 Index,CSI A500,4427.38,4443.07,4421.27,4441.32,,0.27,13086860472.0,1716.04,,,2017-10-12,,1716.04
20171013,000510,中证A500指数,中证A500,CSI A500 Index,CSI A500,4440.84,4460.99,4440.84,4457.56,,0.37,12317761811.0,1609.28,,,2017-10-13,,1609.28
20171016,000510,中证A500指数,中证A500,CSI A500 Index,CSI A500,4462.56,4478.38,4439.77,4439.77,,-0.4,15832597058.0,2005.3,,,2017-10-16,,2005.3
20171017,000510,中证A500指数,中证A500,CSI A500 Index,CSI A500,4434.47,4451.84,4426.41,4438.16,,-0.04,10534564421.0,1385.95,,,2017-10-17,,1385.95
20171018,000510,中证A500指数,中证A500,CSI A500 Index,CSI A500,4439.8,4461.47,4439.8,4461.47,,0.53,13230750435.0,1630.93,,,2017-10-18,,1630.93
20171019,000510,中证A500指数,中证A500,CSI A500 Index,CSI A500,4457.62,4462.53,4444.69,4449.97,,-0.26,13199653616.0,1609.03,,,2017-10-19,,1609.03
20171020,000510,中证A500指数,中证A500,CSI A500 Index,CSI A500,4436.35,4453.31,4434.59,4453.31,,0.08,10118953327.0,1292.71,,,2017-10-20,,1292.71
20171023,000510,中证A500指数,中证A500,CSI A500 Index,CSI A500,4457.68,4468.01,4452.45,4464.35,,0.25,10797374903.0,1343.06,,,2017-10-23,,1343.06
20171024,000510,中证A500指数,中证A500,CSI A500 Index,CSI A500,4458.71,4485.75,4457.63,4485.75,,0.48,11191850515.0,1465.67,,,2017-10-24,,1465.67
20171025,000510,中证A500指数,中证A500,CSI A500 Index,CSI A500,4483.49,4509.44,4483.49,4509.44,,0.53,11011896089.0,1383.15,,,2017-10-25,,1383.15
20171026,000510,中证A500指数,中证A500,CSI A500 Index,CSI A500,4512.02,4544.3,4511.4,4529.94,,0.46,15621461712.0,2083.09,,,2017-10-26,,2083.09
20171027,000510,中证A500指数,中证A500,CSI A500 Index,CSI A500,4528.39,4553.16,4528.39,4553.06,,0.51,14897956266.0,1837.29,,,2017-10-27,,1837.29
20171030,000510,中证A500指数,中证A500,CSI A500 Index,CSI A500,4552.21,4560.25,4489.1,4529.46,,-0.52,18356987689.0,2289.39,,,2017-10-30,,2289.39
20171031,000510,中证A500指数,中证A500,CSI A500 Index,CSI A500,4516.33,4537.34,4507.9,4536.82,,0.16,13194679050.0,1775.01,,,2017-10-31,,1775.01
20171101,000510,中证A500指数,中证A500,CSI A500 Index,CSI A500,4538.31,4559.77,4523.9,4529.86,,-0.15,15342285626.0,2001.19,,,2017-11-01,,2001.19
20171102,000510,中证A500指数,中证A500,CSI A500 Index,CSI A500,4526.24,4526.24,4500.14,4518.56,,-0.25,14918779118.0,1838.55,,,2017-11-02,,1838.55
20171103,000510,中证A500指数,中证A500,CSI A500 Index,CSI A500,4513.1,4520.63,4480.4,4508.86,,-0.21,15584298189.0,1919.2,,,2017-11-03,,1919.2
20171106,000510,中证A500指数,中证A500,CSI A500 Index,CSI A500,4507.78,4552.27,4493.67,4552.27,,0.96,14799330771.0,1957.98,,,2017-11-06,,1957.98
20171107,000510,中证A500指数,中证A500,CSI A500 Index,CSI A500,4553.24,4593.14,4553.24,4587.27,,0.77,17733133074.0,2282.38,,,2017-11-07,,2282.38
20171108,000510,中证A500指数,中证A500,CSI A500 Index,CSI A500,4584.04,4617.78,4573.65,4578.1,,-0.2,17344651754.0,2345.98,,,2017-11-08,,2345.98
20171109,000510,中证A500指数,中证A500,CSI A500 Index,CSI A500,4574.8,4615.0,4574.68,4615.0,,0.81,15022923294.0,1965.62,,,2017-11-09,,1965.62
20171110,000510,中证A500指数,中证A500,CSI A500 Index,CSI A500,4607.91,4658.64,4607.67,4657.5,,0.92,17223331230.0,2387.51,,,2017-11-10,,2387.51
20171113,000510,中证A500指数,中证A500,CSI A500 Index,CSI A500,4662.68,4681.98,4662.68,4680.3,,0.49,18350019425.0,2525.18,,,2017-11-13,,2525.18
20171114,000510,中证A500指数,中证A500,CSI A500 Index,CSI A500,4681.15,4686.05,4636.42,4644.7,,-0.76,17724294519.0,2472.37,,,2017-11-14,,2472.37
20171115,000510,中证A500指数,中证A500,CSI A500 Index,CSI A500,4627.77,4644.59,4590.63,4606.86,,-0.82,14905675431.0,2193.76,,,2017-11-15,,2193.76
20171116,000510,中证A500指数,中证A500,CSI A500 Index,CSI A500,4597.43,4647.3,4595.06,4645.92,,0.85,13967533962.0,2022.02,,,2017-11-16,,2022.02
20171117,000510,中证A500指数,中证A500,CSI A500 Index,CSI A500,4634.64,4654.14,4614.21,4629.08,,-0.36,21334954272.0,2826.15,,,2017-11-17,,2826.15
20171120,000510,中证A500指数,中证A500,CSI A500 Index,CSI A500,4600.51,4665.22,4563.29,4665.22,,0.78,15761085559.0,2206.82,,,2017-11-20,,2206.82
20171121,000510,中证A500指数,中证A500,CSI A500 Index,CSI A500,4651.54,4728.25,4651.54,4728.25,,1.35,18793801349.0,2674.37,,,2017-11-21,,2674.37
20171122,000510,中证A500指数,中证A500,CSI A500 Index,CSI A500,4739.03,4770.91,4710.51,4739.36,,0.24,20437712230.0,2808.23,,,2017-11-22,,2808.23
20171123,000510,中证A500指数,中证A500,CSI A500 Index,CSI A500,4723.63,4723.63,4590.21,4597.02,,-3.0,20162361098.0,2700.7,,,2017-11-23,,2700.7
20171124,000510,中证A500指数,中证A500,CSI A500 Index,CSI A500,4581.93,4604.42,4562.19,4595.22,,-0.04,15102600448.0,2091.42,,,2017-11-24,,2091.42
20171127,000510,中证A500指数,中证A500,CSI A500 Index,CSI A500,4580.66,4580.66,4520.97,4529.59,,-1.43,16327807818.0,2076.02,,,2017-11-27,,2076.02
20171128,000510,中证A500指数,中证A500,CSI A500 Index,CSI A500,4514.22,4552.61,4502.23,4552.58,,0.51,12516339044.0,1611.37,,,2017-11-28,,1611.37
20171129,000510,中证A500指数,中证A500,CSI A500 Index,CSI A500,4557.16,4558.59,4499.67,4545.84,,-0.15,15135973239.0,1929.58,,,2017-11-29,,1929.58
20171130,000510,中证A500指数,中证A500,CSI A500 Index,CSI A500,4525.99,4544.02,4484.94,4494.68,,-1.13,12701267321.0,1662.99,,,2017-11-30,,1662.99
20171201,000510,中证A500指数,中证A500,CSI A500 Index,CSI A500,4492.59,4517.89,4482.51,4497.14,,0.06,11872877286.0,1596.96,,,2017-12-01,,1596.96
20171204,000510,中证A500指数,中证A500,CSI A500 Index,CSI A500,4489.89,4533.28,4489.89,4516.17,,0.42,12624555918.0,1650.13,,,2017-12-04,,1650.13
20171205,000510,中证A500指数,中证A500,CSI A500 Index,CSI A500,4504.28,4528.53,4504.28,4513.39,,-0.06,17429771475.0,2186.61,,,2017-12-05,,2186.61
20171206,000510,中证A500指数,中证A500,CSI A500 Index,CSI A500,4500.17,4507.34,4436.02,4497.09,,-0.36,13413511045.0,1712.03,,,2017-12-06,,1712.03
20171207,000510,中证A500指数,中证A500,CSI A500 Index,CSI A500,4483.67,4492.27,4442.34,4451.51,,-1.01,10788779645.0,1429.23,,,2017-12-07,,1429.23
20171208,000510,中证A500指数,中证A500,CSI A500 Index,CSI A500,4443.46,4497.3,4443.46,4494.09,,0.96,11007700722.0,1486.49,,,2017-12-08,,1486.49
20171211,000510,中证A500指数,中证A500,CSI A500 Index,CSI A500,4501.89,4571.96,4501.89,4571.96,,1.73,12226339850.0,1796.03,,,2017-12-11,,1796.03
20171212,000510,中证A500指数,中证A500,CSI A500 Index,CSI A500,4571.63,4571.63,4514.88,4514.88,,-1.25,10954195202.0,1578.54,,,2017-12-12,,1578.54
20171213,000510,中证A500指数,中证A500,CSI A500 Index,CSI A500,4512.3,4557.59,4508.67,4557.59,,0.95,9989851161.0,1447.13,,,2017-12-13,,1447.13
20171214,000510,中证A500指数,中证A500,CSI A500 Index,CSI A500,4557.93,4565.79,4528.62,4540.25,,-0.38,10478794719.0,1456.69,,,2017-12-14,,1456.69
20171215,000510,中证A500指数,中证A500,CSI A500 Index,CSI A500,4532.26,4532.26,4486.08,4489.62,,-1.12,11789915306.0,1568.99,,,2017-12-15,,1568.99
20171218,000510,中证A500指数,中证A500,CSI A500 Index,CSI A500,4491.2,4515.55,4474.48,4489.72,,0.0,10082007498.0,1435.93,,,2017-12-18,,1435.93
20171219,000510,中证A500指数,中证A500,CSI A500 Index,CSI A500,4489.74,4544.14,4489.74,4544.14,,1.21,10078876347.0,1461.19,,,2017-12-19,,1461.19
20171220,000510,中证A500指数,中证A500,CSI A500 Index,CSI A500,4544.69,4551.88,4529.05,4533.82,,-0.23,11343100987.0,1545.26,,,2017-12-20,,1545.26
20171221,000510,中证A500指数,中证A500,CSI A500 Index,CSI A500,4525.47,4584.48,4520.73,4573.49,,0.88,11968887659.0,1676.02,,,2017-12-21,,1676.02
20171222,000510,中证A500指数,中证A500,CSI A500 Index,CSI A500,4570.38,4583.8,4561.13,4564.0,,-0.21,9865636666.0,1369.65,,,2017-12-22,,1369.65
20171225,000510,中证A500指数,中证A500,CSI A500 Index,CSI A500,4566.43,4589.45,4529.49,4542.62,,-0.47,11344715756.0,1580.26,,,2017-12-25,,1580.26
20171226,000510,中证A500指数,中证A500,CSI A500 Index,CSI A500,4541.09,4556.06,4514.61,4556.06,,0.3,11131022210.0,1459.6,,,2017-12-26,,1459.6
20171227,000510,中证A500指数,中证A500,CSI A500 Index,CSI A500,4548.12,4548.12,4490.35,4490.76,,-1.43,12790296867.0,1709.36,,,2017-12-27,,1709.36
20171228,000510,中证A500指数,中证A500,CSI A500 Index,CSI A500,4492.03,4539.95,4486.42,4521.63,,0.69,14003163919.0,1815.16,,,2017-12-28,,1815.16
20171229,000510,中证A500指数,中证A500,CSI A500 Index,CSI A500,4526.16,4545.06,4514.51,4534.62,,0.29,11139172163.0,1478.04,,,2017-12-29,,1478.04
20180102,000510,中证A500指数,中证A500,CSI A500 Index,CSI A500,4549.94,4595.15,4549.94,4595.15,,1.34,16552540974.0,2000.9,,,2018-01-02,,2000.9
20180103,000510,中证A500指数,中证A500,CSI A500 Index,CSI A500,4599.52,4648.17,4599.52,4623.97,,0.63,17575505621.0,2349.5,,,2018-01-03,,2349.5
20180104,000510,中证A500指数,中证A500,CSI A500 Index,CSI A500,4625.19,4651.35,4625.19,4646.29,,0.48,16036818037.0,2112.47,,,2018-01-04,,2112.47
20180105,000510,中证A500指数,中证A500,CSI A500 Index,CSI A500,4651.77,4656.57,4641.17,4650.98,,0.1,16560925557.0,2093.05,,,2018-01-05,,2093.05
20180108,000510,中证A500指数,中证A500,CSI A500 Index,CSI A500,4650.36,4667.86,4637.38,4667.86,,0.36,18953267485.0,2441.72,,,2018-01-08,,2441.72
20180109,000510,中证A500指数,中证A500,CSI A500 Index,CSI A500,4665.38,4698.24,4665.38,4698.21,,0.65,15853698992.0,2057.27,,,2018-01-09,,2057.27
20180110,000510,中证A500指数,中证A500,CSI A500 Index,CSI A500,4695.48,4712.69,4676.51,4712.02,,0.29,17625534491.0,2250.33,,,2018-01-10,,2250.33
20180111,000510,中证A500指数,中证A500,CSI A500 Index,CSI A500,4699.81,4719.64,4687.82,4714.65,,0.06,15331252194.0,2059.08,,,2018-01-11,,2059.08
20180112,000510,中证A500指数,中证A500,CSI A500 Index,CSI A500,4713.34,4728.35,4704.64,4728.15,,0.29,13771324436.0,1871.15,,,2018-01-12,,1871.15
20180115,000510,中证A500指数,中证A500,CSI A500 Index,CSI A500,4729.56,4746.32,4695.08,4704.7,,-0.5,20015283201.0,2668.66,,,2018-01-15,,2668.66
20180116,000510,中证A500指数,中证A500,CSI A500 Index,CSI A500,4694.7,4732.1,4694.7,4724.67,,0.42,17695035394.0,2438.99,,,2018-01-16,,2438.99
20180117,000510,中证A500指数,中证A500,CSI A500 Index,CSI A500,4724.27,4728.89,4693.22,4701.34,,-0.49,21070953447.0,2761.48,,,2018-01-17,,2761.48
20180118,000510,中证A500指数,中证A500,CSI A500 Index,CSI A500,4710.18,4741.94,4706.19,4725.91,,0.52,17644185254.0,2258.99,,,2018-01-18,,2258.99
20180119,000510,中证A500指数,中证A500,CSI A500 Index,CSI A500,4735.22,4763.36,4712.92,4727.36,,0.03,20093858305.0,2476.96,,,2018-01-19,,2476.96
20180122,000510,中证A500指数,中证A500,CSI A500 Index,CSI A500,4720.17,4796.04,4720.17,4796.04,,1.45,18587490920.0,2438.03,,,2018-01-22,,2438.03
20180123,000510,中证A500指数,中证A500,CSI A500 Index,CSI A500,4805.64,4831.73,4801.11,4831.73,,0.74,19943201124.0,2492.57,,,2018-01-23,,2492.57
20180124,000510,中证A500指数,中证A500,CSI A500 Index,CSI A500,4836.2,4842.78,4811.1,4842.78,,0.23,22231895267.0,2858.8,,,2018-01-24,,2858.8
20180125,000510,中证A500指数,中证A500,CSI A500 Index,CSI A500,4836.54,4850.03,4812.48,4826.11,,-0.34,21694588146.0,2725.5,,,2018-01-25,,2725.5
20180126,000510,中证A500指数,中证A500,CSI A500 Index,CSI A500,4812.62,4857.12,4812.62,4837.84,,0.24,18939503195.0,2363.37,,,2018-01-26,,2363.37
20180129,000510,中证A500指数,中证A500,CSI A500 Index,CSI A500,4842.47,4847.36,4742.54,4751.28,,-1.79,20753021474.0,2719.51,,,2018-01-29,,2719.51
20180130,000510,中证A500指数,中证A500,CSI A500 Index,CSI A500,4734.72,4757.58,4705.25,4710.3,,-0.86,15651913448.0,2041.66,,,2018-01-30,,2041.66
20180131,000510,中证A500指数,中证A500,CSI A500 Index,CSI A500,4683.51,4723.72,4683.51,4709.0,,-0.03,16260333098.0,2091.29,,,2018-01-31,,2091.29
20180201,000510,中证A500指数,中证A500,CSI A500 Index,CSI A500,4707.79,4714.44,4630.55,4652.98,,-1.19,21287271243.0,2584.8,,,2018-02-01,,2584.8
20180202,000510,中证A500指数,中证A500,CSI A500 Index,CSI A500,4620.01,4682.0,4598.39,4682.0,,0.62,16870690799.0,2102.45,,,2018-02-02,,2102.45
20180205,000510,中证A500指数,中证A500,CSI A500 Index,CSI A500,4609.7,4676.62,4609.7,4672.34,,-0.21,17891699073.0,2292.81,,,2018-02-05,,2292.81
20180206,000510,中证A500指数,中证A500,CSI A500 Index,CSI A500,4572.39,4601.64,4515.7,4521.28,,-3.23,23577798547.0,2942.1,,,2018-02-06,,2942.1
20180207,000510,中证A500指数,中证A500,CSI A500 Index,CSI A500,4584.63,4584.63,4440.18,4440.18,,-1.79,22152458887.0,2723.8,,,2018-02-07,,2723.8
20180208,000510,中证A500指数,中证A500,CSI A500 Index,CSI A500,4411.54,4470.22,4393.42,4417.96,,-0.5,18160441676.0,2144.68,,,2018-02-08,,2144.68
20180209,000510,中证A500指数,中证A500,CSI A500 Index,CSI A500,4292.49,4299.24,4168.38,4243.35,,-3.95,22729880661.0,2605.36,,,2018-02-09,,2605.36
20180212,000510,中证A500指数,中证A500,CSI A500 Index,CSI A500,4253.37,4329.45,4253.37,4314.27,,1.67,13382059101.0,1656.09,,,2018-02-12,,1656.09
20180213,000510,中证A500指数,中证A500,CSI A500 Index,CSI A500,4351.15,4409.09,4351.15,4357.35,,1.0,12831451234.0,1590.57,,,2018-02-13,,1590.57
20180214,000510,中证A500指数,中证A500,CSI A500 Index,CSI A500,4367.4,4395.25,4352.87,4391.89,,0.79,8447155546.0,1048.89,,,2018-02-14,,1048.89
20180222,000510,中证A500指数,中证A500,CSI A500 Index,CSI A500,4447.45,4493.65,4441.58,4489.21,,2.22,12339003654.0,1551.68,,,2018-02-22,,1551.68
20180223,000510,中证A500指数,中证A500,CSI A500 Index,CSI A500,4497.37,4513.46,4472.69,4505.55,,0.36,12435286178.0,1490.17,,,2018-02-23,,1490.17
20180226,000510,中证A500指数,中证A500,CSI A500 Index,CSI A500,4531.02,4579.64,4508.33,4572.24,,1.48,16876213177.0,2102.44,,,2018-02-26,,2102.44
20180227,000510,中证A500指数,中证A500,CSI A500 Index,CSI A500,4576.17,4576.17,4517.27,4522.27,,-1.09,16218198667.0,2080.66,,,2018-02-27,,2080.66
20180228,000510,中证A500指数,中证A500,CSI A500 Index,CSI A500,4477.79,4512.68,4464.18,4489.77,,-0.72,14123797714.0,1865.09,,,2018-02-28,,1865.09
20180301,000510,中证A500指数,中证A500,CSI A500 Index,CSI A500,4459.29,4534.13,4459.29,4528.58,,0.86,14674163205.0,1890.95,,,2018-03-01,,1890.95
20180302,000510,中证A500指数,中证A500,CSI A500 Index,CSI A500,4491.23,4519.44,4491.07,4491.89,,-0.81,13270915158.0,1729.52,,,2018-03-02,,1729.52
20180305,000510,中证A500指数,中证A500,CSI A500 Index,CSI A500,4499.55,4514.08,4475.8,4496.26,,0.1,12293109806.0,1574.42,,,2018-03-05,,1574.42
20180306,000510,中证A500指数,中证A500,CSI A500 Index,CSI A500,4513.15,4542.12,4483.8,4542.12,,1.02,16980436822.0,2061.34,,,2018-03-06,,2061.34
20180307,000510,中证A500指数,中证A500,CSI A500 Index,CSI A500,4538.83,4560.7,4506.49,4507.96,,-0.75,13226706890.0,1632.25,,,2018-03-07,,1632.25
20180308,000510,中证A500指数,中证A500,CSI A500 Index,CSI A500,4510.19,4555.01,4509.86,4555.01,,1.04,12082908448.0,1548.79,,,2018-03-08,,1548.79
20180309,000510,中证A500指数,中证A500,CSI A500 Index,CSI A500,4565.53,4603.23,4562.39,4601.56,,1.02,15557399880.0,1980.1,,,2018-03-09,,1980.1
20180312,000510,中证A500指数,中证A500,CSI A500 Index,CSI A500,4628.3,4643.78,4623.32,4638.01,,0.79,18271256437.0,2387.64,,,2018-03-12,,2387.64
20180313,000510,中证A500指数,中证A500,CSI A500 Index,CSI A500,4634.7,4634.7,4598.93,4600.36,,-0.81,14878414952.0,1866.12,,,2018-03-13,,1866.12
20180314,000510,中证A500指数,中证A500,CSI A500 Index,CSI A500,4582.92,4592.96,4573.08,4573.5,,-0.58,13442205125.0,1704.74,,,2018-03-14,,1704.74
20180315,000510,中证A500指数,中证A500,CSI A500 Index,CSI A500,4556.97,4598.51,4556.97,4598.51,,0.55,12133603116.0,1639.12,,,2018-03-15,,1639.12
20180316,000510,中证A500指数,中证A500,CSI A500 Index,CSI A500,4598.93,4608.48,4553.9,4553.9,,-0.97,11432110351.0,1544.62,,,2018-03-16,,1544.62
20180319,000510,中证A500指数,中证A500,CSI A500 Index,CSI A500,4552.78,4580.53,4534.19,4580.53,,0.59,11523598982.0,1574.74,,,2018-03-19,,1574.74
20180320,000510,中证A500指数,中证A500,CSI A500 Index,CSI A500,4547.38,4589.49,4545.0,4589.44,,0.19,11545917162.0,1516.45,,,2018-03-20,,1516.45
20180321,000510,中证A500指数,中证A500,CSI A500 Index,CSI A500,4609.66,4620.7,4551.68,4559.94,,-0.64,12983104022.0,1773.57,,,2018-03-21,,1773.57
20180322,000510,中证A500指数,中证A500,CSI A500 Index,CSI A500,4562.2,4574.83,4500.99,4519.65,,-0.88,11680709394.0,1600.46,,,2018-03-22,,1600.46
20180323,000510,中证A500指数,中证A500,CSI A500 Index,CSI A500,4377.8,4411.47,4313.21,4373.26,,-3.24,22444245409.0,2649.67,,,2018-03-23,,2649.67
20180326,000510,中证A500指数,中证A500,CSI A500 Index,CSI A500,4325.63,4370.93,4303.92,4370.93,,-0.05,14895114115.0,1968.34,,,2018-03-26,,1968.34
20180327,000510,中证A500指数,中证A500,CSI A500 Index,CSI A500,4422.74,4431.28,4395.23,4425.25,,1.24,15536966165.0,2165.52,,,2018-03-27,,2165.52
20180328,000510,中证A500指数,中证A500,CSI A500 Index,CSI A500,4369.24,4410.18,4345.88,4348.32,,-1.74,13965098088.0,2049.78,,,2018-03-28,,2049.78
20180329,000510,中证A500指数,中证A500,CSI A500 Index,CSI A500,4362.99,4409.35,4303.84,4394.98,,1.07,14108754609.0,1944.65,,,2018-03-29,,1944.65
20180330,000510,中证A500指数,中证A500,CSI A500 Index,CSI A500,4398.93,4429.2,4392.03,4419.61,,0.56,13467654764.0,1889.49,,,2018-03-30,,1889.49
20180402,000510,中证A500指数,中证A500,CSI A500 Index,CSI A500,4421.09,4449.13,4403.34,4407.55,,-0.27,15300915624.0,2161.82,,,2018-04-02,,2161.82
20180403,000510,中证A500指数,中证A500,CSI A500 Index,CSI A500,4362.18,4382.3,4348.85,4374.71,,-0.75,13161747496.0,1802.43,,,2018-04-03,,1802.43
20180404,000510,中证A500指数,中证A500,CSI A500 Index,CSI A500,4389.08,4410.6,4356.42,4359.23,,-0.35,11878109902.0,1714.82,,,2018-04-04,,1714.82
20180409,000510,中证A500指数,中证A500,CSI A500 Index,CSI A500,4355.14,4379.64,4344.93,4362.1,,0.07,11394676880.0,1565.04,,,2018-04-09,,1565.04
20180410,000510,中证A500指数,中证A500,CSI A500 Index,CSI A500,4370.35,4428.78,4363.72,4428.78,,1.53,13403550544.0,1722.5,,,2018-04-10,,1722.5
20180411,000510,中证A500指数,中证A500,CSI A500 Index,CSI A500,4439.42,4459.38,4431.26,4441.22,,0.28,13379587951.0,1710.37,,,2018-04-11,,1710.37
20180412,000510,中证A500指数,中证A500,CSI A500 Index,CSI A500,4437.47,4437.47,4398.4,4398.91,,-0.95,10791706545.0,1422.37,,,2018-04-12,,1422.37
20180413,000510,中证A500指数,中证A500,CSI A500 Index,CSI A500,4423.57,4423.57,4369.34,4373.77,,-0.57,9785430820.0,1341.26,,,2018-04-13,,1341.26
20180416,000510,中证A500指数,中证A500,CSI A500 Index,CSI A500,4365.48,4365.48,4306.44,4326.59,,-1.08,13182955619.0,1735.45,,,2018-04-16,,1735.45
20180417,000510,中证A500指数,中证A500,CSI A500 Index,CSI A500,4332.81,4332.81,4247.03,4247.03,,-1.84,12783529399.0,1756.82,,,2018-04-17,,1756.82
20180418,000510,中证A500指数,中证A500,CSI A500 Index,CSI A500,4284.4,4284.4,4206.22,4277.33,,0.71,14922895258.0,1972.45,,,2018-04-18,,1972.45
20180419,000510,中证A500指数,中证A500,CSI A500 Index,CSI A500,4284.1,4338.44,4284.1,4326.25,,1.14,14341485726.0,1844.45,,,2018-04-19,,1844.45
20180420,000510,中证A500指数,中证A500,CSI A500 Index,CSI A500,4313.62,4328.95,4260.03,4265.59,,-1.4,14183792157.0,1743.61,,,2018-04-20,,1743.61
20180423,000510,中证A500指数,中证A500,CSI A500 Index,CSI A500,4261.28,4287.96,4226.78,4257.28,,-0.2,12949905251.0,1597.86,,,2018-04-23,,1597.86
20180424,000510,中证A500指数,中证A500,CSI A500 Index,CSI A500,4258.89,4349.0,4258.89,4347.04,,2.11,14795115289.0,1846.83,,,2018-04-24,,1846.83
20180425,000510,中证A500指数,中证A500,CSI A500 Index,CSI A500,4324.98,4342.08,4324.98,4337.14,,-0.23,11622324467.0,1533.79,,,2018-04-25,,1533.79
20180426,000510,中证A500指数,中证A500,CSI A500 Index,CSI A500,4328.0,4328.0,4250.13,4251.63,,-1.97,12207316508.0,1693.0,,,2018-04-26,,1693.0
20180427,000510,中证A500指数,中证A500,CSI A500 Index,CSI A500,4270.24,4270.24,4210.79,4251.86,,0.01,11768513319.0,1785.36,,,2018-04-27,,1785.36
20180502,000510,中证A500指数,中证A500,CSI A500 Index,CSI A500,4262.47,4280.85,4236.61,4256.79,,0.12,11418127519.0,1603.05,,,2018-05-02,,1603.05
20180503,000510,中证A500指数,中证A500,CSI A500 Index,CSI A500,4247.54,4290.11,4215.95,4288.86,,0.75,12321332265.0,1609.73,,,2018-05-03,,1609.73
20180504,000510,中证A500指数,中证A500,CSI A500 Index,CSI A500,4278.43,4293.4,4269.36,4271.51,,-0.4,9441434274.0,1315.94,,,2018-05-04,,1315.94
20180507,000510,中证A500指数,中证A500,CSI A500 Index,CSI A500,4280.27,4343.66,4279.31,4343.66,,1.69,11305043811.0,1618.35,,,2018-05-07,,1618.35
20180508,000510,中证A500指数,中证A500,CSI A500 Index,CSI A500,4345.65,4394.9,4345.65,4386.9,,1.0,11899407549.0,1668.7,,,2018-05-08,,1668.7
20180509,000510,中证A500指数,中证A500,CSI A500 Index,CSI A500,4384.29,4388.55,4363.54,4382.32,,-0.1,9297686669.0,1246.96,,,2018-05-09,,1246.96
20180510,000510,中证A500指数,中证A500,CSI A500 Index,CSI A500,4393.94,4403.36,4378.42,4403.36,,0.48,9864371124.0,1377.44,,,2018-05-10,,1377.44
20180511,000510,中证A500指数,中证A500,CSI A500 Index,CSI A500,4412.75,4412.75,4378.16,4378.16,,-0.57,10258452721.0,1442.28,,,2018-05-11,,1442.28
20180514,000510,中证A500指数,中证A500,CSI A500 Index,CSI A500,4392.51,4421.51,4392.51,4411.61,,0.76,10945141263.0,1582.05,,,2018-05-14,,1582.05
20180515,000510,中证A500指数,中证A500,CSI A500 Index,CSI A500,4422.99,4437.56,4396.87,4437.56,,0.59,10198180691.0,1397.88,,,2018-05-15,,1397.88
20180516,000510,中证A500指数,中证A500,CSI A500 Index,CSI A500,4421.92,4438.25,4407.08,4407.71,,-0.67,9882780529.0,1392.33,,,2018-05-16,,1392.33
20180517,000510,中证A500指数,中证A500,CSI A500 Index,CSI A500,4409.87,4409.87,4369.3,4375.56,,-0.73,8258647713.0,1150.94,,,2018-05-17,,1150.94
20180518,000510,中证A500指数,中证A500,CSI A500 Index,CSI A500,4371.6,4413.02,4353.27,4413.02,,0.86,9560759415.0,1253.51,,,2018-05-18,,1253.51
20180521,000510,中证A500指数,中证A500,CSI A500 Index,CSI A500,4438.72,4453.21,4433.7,4444.16,,0.71,12489088203.0,1616.54,,,2018-05-21,,1616.54
20180522,000510,中证A500指数,中证A500,CSI A500 Index,CSI A500,4440.53,4440.53,4413.02,4438.04,,-0.14,10143899924.0,1350.22,,,2018-05-22,,1350.22
20180523,000510,中证A500指数,中证A500,CSI A500 Index,CSI A500,4428.36,4428.36,4379.22,4379.22,,-1.33,11447590489.0,1484.97,,,2018-05-23,,1484.97
20180524,000510,中证A500指数,中证A500,CSI A500 Index,CSI A500,4378.15,4383.96,4348.91,4351.08,,-0.64,9402658009.0,1262.2,,,2018-05-24,,1262.2
20180525,000510,中证A500指数,中证A500,CSI A500 Index,CSI A500,4346.27,4357.01,4317.92,4328.47,,-0.52,10123141139.0,1326.3,,,2018-05-25,,1326.3
20180528,000510,中证A500指数,中证A500,CSI A500 Index,CSI A500,4327.66,4356.72,4313.61,4342.1,,0.31,10108028201.0,1338.76,,,2018-05-28,,1338.76
20180529,000510,中证A500指数,中证A500,CSI A500 Index,CSI A500,4332.87,4355.29,4311.4,4311.62,,-0.7,10511980473.0,1438.02,,,2018-05-29,,1438.02
20180530,000510,中证A500指数,中证A500,CSI A500 Index,CSI A500,4255.39,4269.09,4221.14,4221.14,,-2.1,11961262748.0,1505.56,,,2018-05-30,,1505.56
20180531,000510,中证A500指数,中证A500,CSI A500 Index,CSI A500,4251.24,4306.37,4242.41,4306.37,,2.02,11668072750.0,1585.13,,,2018-05-31,,1585.13
20180601,000510,中证A500指数,中证A500,CSI A500 Index,CSI A500,4290.98,4304.49,4245.56,4261.63,,-1.04,9804340613.0,1307.96,,,2018-06-01,,1307.96
20180604,000510,中证A500指数,中证A500,CSI A500 Index,CSI A500,4277.52,4302.59,4274.51,4295.53,,0.8,9513760082.0,1363.02,,,2018-06-04,,1363.02
20180605,000510,中证A500指数,中证A500,CSI A500 Index,CSI A500,4300.14,4350.32,4299.54,4350.32,,1.28,9842088987.0,1433.81,,,2018-06-05,,1433.81
20180606,000510,中证A500指数,中证A500,CSI A500 Index,CSI A500,4345.34,4353.69,4338.27,4344.91,,-0.12,9528816085.0,1323.11,,,2018-06-06,,1323.11
20180607,000510,中证A500指数,中证A500,CSI A500 Index,CSI A500,4355.34,4360.27,4327.79,4327.98,,-0.39,9711486455.0,1308.69,,,2018-06-07,,1308.69
20180608,000510,中证A500指数,中证A500,CSI A500 Index,CSI A500,4317.1,4317.1,4251.68,4275.72,,-1.21,10028897272.0,1289.7,,,2018-06-08,,1289.7
20180611,000510,中证A500指数,中证A500,CSI A500 Index,CSI A500,4265.89,4282.94,4253.95,4268.49,,-0.17,8174823258.0,1222.6,,,2018-06-11,,1222.6
20180612,000510,中证A500指数,中证A500,CSI A500 Index,CSI A500,4272.38,4324.46,4259.23,4321.65,,1.25,9094487243.0,1369.33,,,2018-06-12,,1369.33
20180613,000510,中证A500指数,中证A500,CSI A500 Index,CSI A500,4308.44,4308.44,4271.11,4275.79,,-1.06,8445988438.0,1168.35,,,2018-06-13,,1168.35
20180614,000510,中证A500指数,中证A500,CSI A500 Index,CSI A500,4260.3,4297.7,4244.97,4254.72,,-0.49,8533663619.0,1175.51,,,2018-06-14,,1175.51
20180615,000510,中证A500指数,中证A500,CSI A500 Index,CSI A500,4244.83,4254.27,4196.62,4216.15,,-0.91,10495743952.0,1305.23,,,2018-06-15,,1305.23
20180619,000510,中证A500指数,中证A500,CSI A500 Index,CSI A500,4155.71,4162.11,4009.47,4049.23,,-3.96,18309081833.0,2137.73,,,2018-06-19,,2137.73
20180620,000510,中证A500指数,中证A500,CSI A500 Index,CSI A500,4027.51,4079.45,4002.4,4068.74,,0.48,10882940837.0,1342.44,,,2018-06-20,,1342.44
20180621,000510,中证A500指数,中证A500,CSI A500 Index,CSI A500,4067.5,4104.77,4011.24,4011.63,,-1.4,11637795668.0,1392.86,,,2018-06-21,,1392.86
20180622,000510,中证A500指数,中证A500,CSI A500 Index,CSI A500,3982.88,4034.53,3979.7,4034.53,,0.57,9309822813.0,1089.28,,,2018-06-22,,1089.28
20180625,000510,中证A500指数,中证A500,CSI A500 Index,CSI A500,4054.21,4054.21,3985.48,3985.48,,-1.22,9465625425.0,1219.59,,,2018-06-25,,1219.59
20180626,000510,中证A500指数,中证A500,CSI A500 Index,CSI A500,3942.35,3978.48,3923.43,3969.48,,-0.4,10294961771.0,1271.94,,,2018-06-26,,1271.94
20180627,000510,中证A500指数,中证A500,CSI A500 Index,CSI A500,3964.71,3973.7,3882.98,3895.95,,-1.85,9793518715.0,1242.65,,,2018-06-27,,1242.65
20180628,000510,中证A500指数,中证A500,CSI A500 Index,CSI A500,3872.42,3903.64,3848.44,3851.18,,-1.15,9063114496.0,1138.5,,,2018-06-28,,1138.5
20180629,000510,中证A500指数,中证A500,CSI A500 Index,CSI A500,3861.93,3960.31,3855.44,3960.31,,2.83,10165179434.0,1247.9,,,2018-06-29,,1247.9
20180702,000510,中证A500指数,中证A500,CSI A500 Index,CSI A500,3954.15,3956.91,3842.8,3856.47,,-2.62,10496526197.0,1303.25,,,2018-07-02,,1303.25
20180703,000510,中证A500指数,中证A500,CSI A500 Index,CSI A500,3858.68,3865.22,3762.67,3864.9,,0.22,12043841626.0,1596.17,,,2018-07-03,,1596.17
20180704,000510,中证A500指数,中证A500,CSI A500 Index,CSI A500,3851.37,3869.36,3804.09,3809.17,,-1.44,9942873520.0,1190.65,,,2018-07-04,,1190.65
20180705,000510,中证A500指数,中证A500,CSI A500 Index,CSI A500,3810.94,3834.72,3771.25,3773.21,,-0.94,10055967181.0,1182.64,,,2018-07-05,,1182.64
20180706,000510,中证A500指数,中证A500,CSI A500 Index,CSI A500,3777.99,3837.19,3739.87,3800.93,,0.74,11067658600.0,1363.56,,,2018-07-06,,1363.56
20180709,000510,中证A500指数,中证A500,CSI A500 Index,CSI A500,3816.09,3905.25,3816.09,3905.25,,2.75,9889530383.0,1255.31,,,2018-07-09,,1255.31
20180710,000510,中证A500指数,中证A500,CSI A500 Index,CSI A500,3911.48,3920.82,3883.52,3915.32,,0.26,9044936379.0,1117.69,,,2018-07-10,,1117.69
20180711,000510,中证A500指数,中证A500,CSI A500 Index,CSI A500,3838.56,3868.8,3819.29,3847.46,,-1.73,9933801390.0,1180.75,,,2018-07-11,,1180.75
20180712,000510,中证A500指数,中证A500,CSI A500 Index,CSI A500,3844.48,3952.36,3844.48,3937.65,,2.34,13141513002.0,1529.39,,,2018-07-12,,1529.39
20180713,000510,中证A500指数,中证A500,CSI A500 Index,CSI A500,3944.18,3957.32,3932.36,3952.9,,0.39,10387183469.0,1307.19,,,2018-07-13,,1307.19
20180716,000510,中证A500指数,中证A500,CSI A500 Index,CSI A500,3948.6,3957.44,3922.03,3934.94,,-0.45,9451662978.0,1178.55,,,2018-07-16,,1178.55
20180717,000510,中证A500指数,中证A500,CSI A500 Index,CSI A500,3929.91,3929.91,3881.52,3916.23,,-0.48,9037017977.0,1141.51,,,2018-07-17,,1141.51
20180718,000510,中证A500指数,中证A500,CSI A500 Index,CSI A500,3923.0,3942.92,3893.19,3893.19,,-0.59,9519518282.0,1186.38,,,2018-07-18,,1186.38
20180719,000510,中证A500指数,中证A500,CSI A500 Index,CSI A500,3905.12,3925.83,3874.55,3884.77,,-0.22,9460007400.0,1137.67,,,2018-07-19,,1137.67
20180720,000510,中证A500指数,中证A500,CSI A500 Index,CSI A500,3882.55,3954.1,3860.56,3949.51,,1.67,12063863052.0,1422.26,,,2018-07-20,,1422.26
20180723,000510,中证A500指数,中证A500,CSI A500 Index,CSI A500,3925.98,3984.67,3925.98,3984.67,,0.89,14892452671.0,1734.1,,,2018-07-23,,1734.1
20180724,000510,中证A500指数,中证A500,CSI A500 Index,CSI A500,3989.48,4057.69,3989.48,4046.6,,1.55,18880762591.0,2109.33,,,2018-07-24,,2109.33
20180725,000510,中证A500指数,中证A500,CSI A500 Index,CSI A500,4054.97,4057.43,4037.39,4045.91,,-0.02,13096849889.0,1485.45,,,2018-07-25,,1485.45
20180726,000510,中证A500指数,中证A500,CSI A500 Index,CSI A500,4050.32,4050.32,3994.38,3997.99,,-1.19,12397240373.0,1358.31,,,2018-07-26,,1358.31
20180727,000510,中证A500指数,中证A500,CSI A500 Index,CSI A500,3994.9,4002.43,3975.46,3979.94,,-0.45,10019899877.0,1064.19,,,2018-07-27,,1064.19
20180730,000510,中证A500指数,中证A500,CSI A500 Index,CSI A500,3979.54,3996.51,3939.01,3963.71,,-0.41,10886110048.0,1219.13,,,2018-07-30,,1219.13
20180731,000510,中证A500指数,中证A500,CSI A500 Index,CSI A500,3958.72,3969.38,3947.34,3963.45,,-0.01,8491056486.0,968.11,,,2018-07-31,,968.11
20180801,000510,中证A500指数,中证A500,CSI A500 Index,CSI A500,3980.34,3996.03,3891.93,3891.93,,-1.8,11200005698.0,1279.23,,,2018-08-01,,1279.23
20180802,000510,中证A500指数,中证A500,CSI A500 Index,CSI A500,3878.37,3878.37,3750.68,3806.53,,-2.19,13320288922.0,1513.72,,,2018-08-02,,1513.72
20180803,000510,中证A500指数,中证A500,CSI A500 Index,CSI A500,3801.21,3801.21,3740.47,3740.47,,-1.74,9509360235.0,1136.75,,,2018-08-03,,1136.75
20180806,000510,中证A500指数,中证A500,CSI A500 Index,CSI A500,3735.97,3759.75,3683.42,3688.14,,-1.4,10176121172.0,1184.92,,,2018-08-06,,1184.92
20180807,000510,中证A500指数,中证A500,CSI A500 Index,CSI A500,3700.78,3794.67,3686.48,3794.67,,2.89,11732277163.0,1303.86,,,2018-08-07,,1303.86
20180808,000510,中证A500指数,中证A500,CSI A500 Index,CSI A500,3786.78,3790.96,3732.17,3732.58,,-1.64,10427244389.0,1144.34,,,2018-08-08,,1144.34
20180809,000510,中证A500指数,中证A500,CSI A500 Index,CSI A500,3720.31,3841.89,3720.31,3829.1,,2.59,12292905738.0,1388.1,,,2018-08-09,,1388.1
20180810,000510,中证A500指数,中证A500,CSI A500 Index,CSI A500,3828.26,3848.57,3814.8,3839.66,,0.28,9126892123.0,1072.92,,,2018-08-10,,1072.92
20180813,000510,中证A500指数,中证A500,CSI A500 Index,CSI A500,3800.25,3838.31,3772.95,3834.99,,-0.12,10182399459.0,1189.43,,,2018-08-13,,1189.43
20180814,000510,中证A500指数,中证A500,CSI A500 Index,CSI A500,3829.6,3835.03,3797.57,3814.75,,-0.53,8425161089.0,957.27,,,2018-08-14,,957.27
20180815,000510,中证A500指数,中证A500,CSI A500 Index,CSI A500,3813.49,3813.49,3718.62,3722.25,,-2.43,9288728815.0,1077.48,,,2018-08-15,,1077.48
20180816,000510,中证A500指数,中证A500,CSI A500 Index,CSI A500,3674.87,3733.59,3674.87,3694.47,,-0.75,9615910367.0,1094.81,,,2018-08-16,,1094.81
20180817,000510,中证A500指数,中证A500,CSI A500 Index,CSI A500,3727.7,3727.7,3635.36,3637.12,,-1.55,8887214400.0,1057.38,,,2018-08-17,,1057.38
20180820,000510,中证A500指数,中证A500,CSI A500 Index,CSI A500,3642.88,3672.3,3607.08,3672.3,,0.97,9210574278.0,1094.5,,,2018-08-20,,1094.5
20180821,000510,中证A500指数,中证A500,CSI A500 Index,CSI A500,3674.81,3740.73,3674.81,3737.57,,1.78,9589674582.0,1187.48,,,2018-08-21,,1187.48
20180822,000510,中证A500指数,中证A500,CSI A500 Index,CSI A500,3739.2,3739.2,3705.85,3712.28,,-0.68,7280677214.0,870.03,,,2018-08-22,,870.03
20180823,000510,中证A500指数,中证A500,CSI A500 Index,CSI A500,3711.67,3742.67,3693.94,3728.5,,0.44,8317006727.0,1025.33,,,2018-08-23,,1025.33
20180824,000510,中证A500指数,中证A500,CSI A500 Index,CSI A500,3715.62,3754.46,3700.27,3728.55,,0.0,8001616818.0,933.0,,,2018-08-24,,933.0
20180827,000510,中证A500指数,中证A500,CSI A500 Index,CSI A500,3744.0,3823.2,3744.0,3823.2,,2.54,11642620714.0,1374.13,,,2018-08-27,,1374.13
20180828,000510,中证A500指数,中证A500,CSI A500 Index,CSI A500,3825.81,3827.12,3808.31,3818.33,,-0.13,9868098280.0,1173.72,,,2018-08-28,,1173.72
20180829,000510,中证A500指数,中证A500,CSI A500 Index,CSI A500,3810.76,3810.76,3789.55,3798.52,,-0.52,8640347460.0,974.97,,,2018-08-29,,974.97
20180830,000510,中证A500指数,中证A500,CSI A500 Index,CSI A500,3797.11,3803.02,3755.79,3755.79,,-1.13,9163470861.0,1015.95,,,2018-08-30,,1015.95
20180831,000510,中证A500指数,中证A500,CSI A500 Index,CSI A500,3734.31,3748.24,3705.91,3724.89,,-0.82,9128955426.0,1097.27,,,2018-08-31,,1097.27
20180903,000510,中证A500指数,中证A500,CSI A500 Index,CSI A500,3711.62,3721.48,3680.41,3718.83,,-0.16,8748077183.0,1011.67,,,2018-09-03,,1011.67
20180904,000510,中证A500指数,中证A500,CSI A500 Index,CSI A500,3720.22,3772.77,3705.73,3767.23,,1.3,9494097046.0,1125.51,,,2018-09-04,,1125.51
20180905,000510,中证A500指数,中证A500,CSI A500 Index,CSI A500,3752.87,3757.01,3694.84,3694.84,,-1.92,8971680759.0,1033.5,,,2018-09-05,,1033.5
20180906,000510,中证A500指数,中证A500,CSI A500 Index,CSI A500,3681.42,3707.59,3652.65,3658.92,,-0.97,8491242413.0,1013.02,,,2018-09-06,,1013.02
20180907,000510,中证A500指数,中证A500,CSI A500 Index,CSI A500,3670.63,3711.61,3650.56,3671.01,,0.33,9241868122.0,1096.94,,,2018-09-07,,1096.94
20180910,000510,中证A500指数,中证A500,CSI A500 Index,CSI A500,3665.03,3665.03,3613.8,3613.8,,-1.56,8757981260.0,964.22,,,2018-09-10,,964.22
20180911,000510,中证A500指数,中证A500,CSI A500 Index,CSI A500,3613.08,3630.39,3596.88,3609.29,,-0.13,8218771511.0,866.4,,,2018-09-11,,866.4
20180912,000510,中证A500指数,中证A500,CSI A500 Index,CSI A500,3601.13,3607.79,3580.32,3583.58,,-0.71,7404877371.0,870.42,,,2018-09-12,,870.42
20180913,000510,中证A500指数,中证A500,CSI A500 Index,CSI A500,3625.08,3625.68,3565.72,3618.49,,0.97,9080388207.0,1078.99,,,2018-09-13,,1078.99
20180914,000510,中证A500指数,中证A500,CSI A500 Index,CSI A500,3625.8,3629.8,3604.22,3615.47,,-0.08,8433635845.0,978.99,,,2018-09-14,,978.99
20180917,000510,中证A500指数,中证A500,CSI A500 Index,CSI A500,3596.03,3596.03,3568.69,3571.19,,-1.23,7251288162.0,771.75,,,2018-09-17,,771.75
20180918,000510,中证A500指数,中证A500,CSI A500 Index,CSI A500,3558.69,3644.51,3558.69,3644.51,,2.05,9287972792.0,1019.49,,,2018-09-18,,1019.49
20180919,000510,中证A500指数,中证A500,CSI A500 Index,CSI A500,3637.14,3716.45,3637.14,3690.02,,1.25,11235951488.0,1278.52,,,2018-09-19,,1278.52
20180920,000510,中证A500指数,中证A500,CSI A500 Index,CSI A500,3692.74,3708.78,3680.6,3686.35,,-0.1,8581480031.0,913.55,,,2018-09-20,,913.55
20180921,000510,中证A500指数,中证A500,CSI A500 Index,CSI A500,3698.87,3788.59,3683.91,3788.59,,2.77,12726071812.0,1366.9,,,2018-09-21,,1366.9
20180925,000510,中证A500指数,中证A500,CSI A500 Index,CSI A500,3755.12,3778.93,3753.2,3764.74,,-0.63,8476050698.0,947.69,,,2018-09-25,,947.69
20180926,000510,中证A500指数,中证A500,CSI A500 Index,CSI A500,3773.02,3834.2,3770.8,3803.66,,1.03,11191187949.0,1324.73,,,2018-09-26,,1324.73
20180927,000510,中证A500指数,中证A500,CSI A500 Index,CSI A500,3801.46,3809.78,3777.63,3782.46,,-0.56,9740608127.0,1071.79,,,2018-09-27,,1071.79
20180928,000510,中证A500指数,中证A500,CSI A500 Index,CSI A500,3788.99,3819.84,3782.38,3819.44,,0.98,10460000893.0,1094.84,,,2018-09-28,,1094.84
20181008,000510,中证A500指数,中证A500,CSI A500 Index,CSI A500,3736.16,3738.44,3655.77,3658.52,,-4.21,11845436583.0,1295.81,,,2018-10-08,,1295.81
20181009,000510,中证A500指数,中证A500,CSI A500 Index,CSI A500,3659.73,3680.47,3641.65,3655.71,,-0.08,8876116479.0,958.97,,,2018-10-09,,958.97
20181010,000510,中证A500指数,中证A500,CSI A500 Index,CSI A500,3662.33,3677.35,3629.99,3647.04,,-0.24,8327041579.0,941.13,,,2018-10-10,,941.13
20181011,000510,中证A500指数,中证A500,CSI A500 Index,CSI A500,3528.76,3554.33,3442.8,3461.25,,-5.09,15309872125.0,1494.73,,,2018-10-11,,1494.73
20181012,000510,中证A500指数,中证A500,CSI A500 Index,CSI A500,3457.81,3517.06,3416.51,3504.69,,1.26,13335394513.0,1276.47,,,2018-10-12,,1276.47
20181015,000510,中证A500指数,中证A500,CSI A500 Index,CSI A500,3508.32,3523.79,3453.5,3455.54,,-1.4,9443276249.0,953.95,,,2018-10-15,,953.95
20181016,000510,中证A500指数,中证A500,CSI A500 Index,CSI A500,3457.24,3488.31,3404.7,3416.96,,-1.12,9419954960.0,936.71,,,2018-10-16,,936.71
20181017,000510,中证A500指数,中证A500,CSI A500 Index,CSI A500,3460.83,3460.83,3387.6,3439.76,,0.67,10425751106.0,1064.49,,,2018-10-17,,1064.49
20181018,000510,中证A500指数,中证A500,CSI A500 Index,CSI A500,3415.43,3415.43,3352.84,3353.49,,-2.51,9843214526.0,966.52,,,2018-10-18,,966.52
20181019,000510,中证A500指数,中证A500,CSI A500 Index,CSI A500,3320.22,3454.91,3320.22,3451.66,,2.93,12462367425.0,1284.26,,,2018-10-19,,1284.26
20181022,000510,中证A500指数,中证A500,CSI A500 Index,CSI A500,3479.64,3619.26,3479.64,3596.86,,4.21,17845903414.0,1928.12,,,2018-10-22,,1928.12
20181023,000510,中证A500指数,中证A500,CSI A500 Index,CSI A500,3594.02,3594.02,3487.5,3501.15,,-2.66,13592804191.0,1519.38,,,2018-10-23,,1519.38
20181024,000510,中证A500指数,中证A500,CSI A500 Index,CSI A500,3487.16,3548.69,3482.26,3496.41,,-0.14,11595341609.0,1240.03,,,2018-10-24,,1240.03
20181025,000510,中证A500指数,中证A500,CSI A500 Index,CSI A500,3405.69,3486.12,3405.69,3486.12,,-0.29,11193023395.0,1170.79,,,2018-10-25,,1170.79
20181026,000510,中证A500指数,中证A500,CSI A500 Index,CSI A500,3500.68,3512.47,3450.79,3469.14,,-0.49,10867582029.0,1108.14,,,2018-10-26,,1108.14
20181029,000510,中证A500指数,中证A500,CSI A500 Index,CSI A500,3451.31,3451.31,3360.98,3368.19,,-2.91,10143588501.0,1146.7,,,2018-10-29,,1146.7
20181030,000510,中证A500指数,中证A500,CSI A500 Index,CSI A500,3348.41,3420.94,3327.34,3392.1,,0.71,12052831060.0,1344.33,,,2018-10-30,,1344.33
20181031,000510,中证A500指数,中证A500,CSI A500 Index,CSI A500,3401.12,3459.15,3401.12,3447.68,,1.64,12723366084.0,1266.6,,,2018-10-31,,1266.6
20181101,000510,中证A500指数,中证A500,CSI A500 Index,CSI A500,3482.84,3520.21,3474.62,3474.62,,0.78,15198773528.0,1580.82,,,2018-11-01,,1580.82
20181102,000510,中证A500指数,中证A500,CSI A500 Index,CSI A500,3563.84,3605.88,3537.33,3605.88,,3.78,18295728788.0,1980.96,,,2018-11-02,,1980.96
20181105,000510,中证A500指数,中证A500,CSI A500 Index,CSI A500,3585.87,3601.79,3546.57,3581.84,,-0.67,13964173036.0,1443.31,,,2018-11-05,,1443.31
20181106,000510,中证A500指数,中证A500,CSI A500 Index,CSI A500,3572.78,3572.78,3527.11,3560.99,,-0.58,10618526992.0,1066.8,,,2018-11-06,,1066.8
20181107,000510,中证A500指数,中证A500,CSI A500 Index,CSI A500,3563.5,3590.25,3540.88,3540.88,,-0.57,12716329800.0,1255.34,,,2018-11-07,,1255.34
20181108,000510,中证A500指数,中证A500,CSI A500 Index,CSI A500,3572.35,3572.35,3524.98,3528.88,,-0.34,10543091433.0,1028.97,,,2018-11-08,,1028.97
20181109,000510,中证A500指数,中证A500,CSI A500 Index,CSI A500,3507.47,3507.47,3482.55,3482.55,,-1.31,10522199112.0,1002.58,,,2018-11-09,,1002.58
20181112,000510,中证A500指数,中证A500,CSI A500 Index,CSI A500,3474.01,3535.63,3474.01,3535.43,,1.52,12756300340.0,1233.24,,,2018-11-12,,1233.24
20181113,000510,中证A500指数,中证A500,CSI A500 Index,CSI A500,3491.62,3589.56,3491.62,3575.31,,1.13,17610762442.0,1573.26,,,2018-11-13,,1573.26
20181114,000510,中证A500指数,中证A500,CSI A500 Index,CSI A500,3570.79,3575.66,3538.65,3543.39,,-0.89,15561001600.0,1319.85,,,2018-11-14,,1319.85
20181115,000510,中证A500指数,中证A500,CSI A500 Index,CSI A500,3538.73,3583.72,3536.7,3583.72,,1.14,13726249913.0,1255.93,,,2018-11-15,,1255.93
20181116,000510,中证A500指数,中证A500,CSI A500 Index,CSI A500,3584.55,3619.8,3568.03,3596.75,,0.36,16256498507.0,1594.67,,,2018-11-16,,1594.67
20181119,000510,中证A500指数,中证A500,CSI A500 Index,CSI A500,3597.48,3622.88,3586.76,3622.88,,0.73,14669616982.0,1397.62,,,2018-11-19,,1397.62
20181120,000510,中证A500指数,中证A500,CSI A500 Index,CSI A500,3593.82,3596.04,3540.38,3540.89,,-2.26,14641446877.0,1385.34,,,2018-11-20,,1385.34
20181121,000510,中证A500指数,中证A500,CSI A500 Index,CSI A500,3505.36,3550.62,3505.36,3550.62,,0.28,12055840228.0,1117.42,,,2018-11-21,,1117.42
20181122,000510,中证A500指数,中证A500,CSI A500 Index,CSI A500,3557.79,3557.79,3526.82,3540.52,,-0.28,9893811000.0,913.63,,,2018-11-22,,913.63
20181123,000510,中证A500指数,中证A500,CSI A500 Index,CSI A500,3534.92,3534.92,3452.49,3454.24,,-2.44,12728712175.0,1135.29,,,2018-11-23,,1135.29
20181126,000510,中证A500指数,中证A500,CSI A500 Index,CSI A500,3459.34,3473.72,3443.02,3453.3,,-0.03,8768287099.0,808.1,,,2018-11-26,,808.1
20181127,000510,中证A500指数,中证A500,CSI A500 Index,CSI A500,3467.08,3477.32,3441.44,3453.65,,0.01,8392329183.0,812.94,,,2018-11-27,,812.94
20181128,000510,中证A500指数,中证A500,CSI A500 Index,CSI A500,3454.67,3496.06,3440.8,3496.06,,1.23,10495580119.0,980.11,,,2018-11-28,,980.11
20181129,000510,中证A500指数,中证A500,CSI A500 Index,CSI A500,3517.61,3521.97,3448.54,3448.54,,-1.36,10766509704.0,1047.62,,,2018-11-29,,1047.62
20181130,000510,中证A500指数,中证A500,CSI A500 Index,CSI A500,3446.6,3486.28,3439.31,3484.06,,1.03,9514706061.0,927.6,,,2018-11-30,,927.6
20181203,000510,中证A500指数,中证A500,CSI A500 Index,CSI A500,3578.16,3599.04,3552.41,3587.6,,2.97,15567581960.0,1674.64,,,2018-12-03,,1674.64
20181204,000510,中证A500指数,中证A500,CSI A500 Index,CSI A500,3582.38,3598.84,3572.57,3598.84,,0.31,11332807889.0,1128.34,,,2018-12-04,,1128.34
20181205,000510,中证A500指数,中证A500,CSI A500 Index,CSI A500,3548.47,3598.51,3548.47,3581.48,,-0.48,10977875771.0,1134.94,,,2018-12-05,,1134.94
20181206,000510,中证A500指数,中证A500,CSI A500 Index,CSI A500,3546.7,3548.46,3503.05,3503.33,,-2.18,10419047229.0,1157.65,,,2018-12-06,,1157.65
20181207,000510,中证A500指数,中证A500,CSI A500 Index,CSI A500,3510.5,3514.08,3496.67,3502.27,,-0.03,7693362330.0,842.2,,,2018-12-07,,842.2
20181210,000510,中证A500指数,中证A500,CSI A500 Index,CSI A500,3471.39,3489.74,3455.38,3464.65,,-1.07,8475556469.0,896.6,,,2018-12-10,,896.6
20181211,000510,中证A500指数,中证A500,CSI A500 Index,CSI A500,3469.4,3483.36,3464.84,3480.83,,0.47,7235565866.0,749.53,,,2018-12-11,,749.53
20181212,000510,中证A500指数,中证A500,CSI A500 Index,CSI A500,3503.27,3503.27,3480.39,3490.33,,0.27,7055778691.0,733.03,,,2018-12-12,,733.03
20181213,000510,中证A500指数,中证A500,CSI A500 Index,CSI A500,3498.23,3556.03,3492.49,3542.15,,1.49,10978451991.0,1179.81,,,2018-12-13,,1179.81
20181214,000510,中证A500指数,中证A500,CSI A500 Index,CSI A500,3529.54,3529.54,3477.64,3477.65,,-1.82,10848959328.0,1090.13,,,2018-12-14,,1090.13
20181217,000510,中证A500指数,中证A500,CSI A500 Index,CSI A500,3468.48,3471.25,3444.95,3470.8,,-0.2,8824814250.0,913.77,,,2018-12-17,,913.77
20181218,000510,中证A500指数,中证A500,CSI A500 Index,CSI A500,3448.55,3474.23,3426.6,3441.64,,-0.84,8413353220.0,847.4,,,2018-12-18,,847.4
20181219,000510,中证A500指数,中证A500,CSI A500 Index,CSI A500,3446.75,3446.75,3397.07,3397.07,,-1.3,7470987441.0,797.17,,,2018-12-19,,797.17
20181220,000510,中证A500指数,中证A500,CSI A500 Index,CSI A500,3388.31,3388.31,3355.67,3375.3,,-0.64,8571668729.0,882.66,,,2018-12-20,,882.66
20181221,000510,中证A500指数,中证A500,CSI A500 Index,CSI A500,3363.11,3363.11,3318.33,3340.7,,-1.03,9415047767.0,952.72,,,2018-12-21,,952.72
20181224,000510,中证A500指数,中证A500,CSI A500 Index,CSI A500,3327.43,3357.49,3326.97,3357.02,,0.49,7224130506.0,737.72,,,2018-12-24,,737.72
20181225,000510,中证A500指数,中证A500,CSI A500 Index,CSI A500,3321.93,3346.14,3273.2,3333.18,,-0.71,10309897210.0,962.31,,,2018-12-25,,962.31
20181226,000510,中证A500指数,中证A500,CSI A500 Index,CSI A500,3328.2,3341.2,3312.44,3316.33,,-0.51,7697277922.0,729.33,,,2018-12-26,,729.33
20181227,000510,中证A500指数,中证A500,CSI A500 Index,CSI A500,3361.79,3361.79,3296.11,3296.11,,-0.61,10283489445.0,966.4,,,2018-12-27,,966.4
20181228,000510,中证A500指数,中证A500,CSI A500 Index,CSI A500,3300.8,3316.71,3287.01,3310.24,,0.43,8980093516.0,914.94,,,2018-12-28,,914.94
20190102,000510,中证A500指数,中证A500,CSI A500 Index,CSI A500,3318.33,3318.33,3258.24,3267.28,,-1.3,8721184374.0,882.27,,,2019-01-02,,882.27
20190103,000510,中证A500指数,中证A500,CSI A500 Index,CSI A500,3260.52,3288.31,3246.16,3255.28,,-0.37,9150025068.0,895.85,,,2019-01-03,,895.85
20190104,000510,中证A500指数,中证A500,CSI A500 Index,CSI A500,3227.88,3324.41,3227.88,3324.34,,2.12,12154647042.0,1167.16,,,2019-01-04,,1167.16
20190107,000510,中证A500指数,中证A500,CSI A500 Index,CSI A500,3344.79,3359.15,3335.66,3355.19,,0.93,12763057432.0,1220.12,,,2019-01-07,,1220.12
20190108,000510,中证A500指数,中证A500,CSI A500 Index,CSI A500,3348.9,3353.21,3339.63,3347.41,,-0.23,10671065640.0,933.4,,,2019-01-08,,933.4
20190109,000510,中证A500指数,中证A500,CSI A500 Index,CSI A500,3365.83,3415.95,3364.89,3378.78,,0.94,13822606539.0,1359.89,,,2019-01-09,,1359.89
20190110,000510,中证A500指数,中证A500,CSI A500 Index,CSI A500,3378.99,3398.73,3368.34,3377.43,,-0.04,11036981439.0,1061.69,,,2019-01-10,,1061.69
20190111,000510,中证A500指数,中证A500,CSI A500 Index,CSI A500,3386.03,3402.61,3375.51,3402.61,,0.75,9748518768.0,934.43,,,2019-01-11,,934.43
20190114,000510,中证A500指数,中证A500,CSI A500 Index,CSI A500,3399.74,3399.74,3369.63,3371.66,,-0.91,9805920934.0,861.81,,,2019-01-14,,861.81
20190115,000510,中证A500指数,中证A500,CSI A500 Index,CSI A500,3374.1,3436.3,3374.1,3435.98,,1.91,10790646084.0,1114.65,,,2019-01-15,,1114.65
20190116,000510,中证A500指数,中证A500,CSI A500 Index,CSI A500,3435.07,3447.78,3428.37,3435.91,,0.0,10562730703.0,1042.05,,,2019-01-16,,1042.05
20190117,000510,中证A500指数,中证A500,CSI A500 Index,CSI A500,3438.84,3446.8,3413.59,3414.47,,-0.62,10915451905.0,992.52,,,2019-01-17,,992.52
20190118,000510,中证A500指数,中证A500,CSI A500 Index,CSI A500,3427.79,3476.81,3427.79,3474.29,,1.75,13511734433.0,1250.74,,,2019-01-18,,1250.74
20190121,000510,中证A500指数,中证A500,CSI A500 Index,CSI A500,3477.92,3508.71,3477.92,3498.12,,0.69,12322639376.0,1244.63,,,2019-01-21,,1244.63
20190122,000510,中证A500指数,中证A500,CSI A500 Index,CSI A500,3476.41,3476.41,3442.61,3447.57,,-1.45,9743816668.0,952.7,,,2019-01-22,,952.7
20190123,000510,中证A500指数,中证A500,CSI A500 Index,CSI A500,3439.59,3459.77,3437.39,3447.59,,0.0,8172824882.0,783.25,,,2019-01-23,,783.25
20190124,000510,中证A500指数,中证A500,CSI A500 Index,CSI A500,3453.1,3474.56,3434.51,3468.48,,0.61,9864839292.0,1012.68,,,2019-01-24,,1012.68
20190125,000510,中证A500指数,中证A500,CSI A500 Index,CSI A500,3474.61,3508.9,3474.61,3490.33,,0.63,11279459893.0,1132.61,,,2019-01-25,,1132.61
20190128,000510,中证A500指数,中证A500,CSI A500 Index,CSI A500,3509.83,3538.45,3485.6,3488.27,,-0.06,10904808222.0,1153.49,,,2019-01-28,,1153.49
20190129,000510,中证A500指数,中证A500,CSI A500 Index,CSI A500,3482.24,3499.25,3447.23,3490.84,,0.07,11177164072.0,1074.68,,,2019-01-29,,1074.68
20190130,000510,中证A500指数,中证A500,CSI A500 Index,CSI A500,3476.97,3493.87,3458.77,3458.77,,-0.92,8979136438.0,901.93,,,2019-01-30,,901.93
20190131,000510,中证A500指数,中证A500,CSI A500 Index,CSI A500,3471.65,3501.03,3468.6,3484.53,,0.75,11669164924.0,1140.04,,,2019-01-31,,1140.04
20190201,000510,中证A500指数,中证A500,CSI A500 Index,CSI A500,3506.67,3544.12,3496.25,3544.12,,1.71,10945920446.0,1118.7,,,2019-02-01,,1118.7
20190211,000510,中证A500指数,中证A500,CSI A500 Index,CSI A500,3539.06,3618.75,3539.06,3618.57,,2.1,13042983376.0,1371.53,,,2019-02-11,,1371.53
20190212,000510,中证A500指数,中证A500,CSI A500 Index,CSI A500,3618.07,3650.85,3616.14,3646.12,,0.76,15650223910.0,1457.21,,,2019-02-12,,1457.21
20190213,000510,中证A500指数,中证A500,CSI A500 Index,CSI A500,3654.49,3724.98,3648.22,3715.81,,1.91,20328049117.0,1950.87,,,2019-02-13,,1950.87
20190214,000510,中证A500指数,中证A500,CSI A500 Index,CSI A500,3712.46,3738.18,3703.82,3722.99,,0.19,18499346846.0,1616.86,,,2019-02-14,,1616.86
20190215,000510,中证A500指数,中证A500,CSI A500 Index,CSI A500,3711.96,3716.59,3662.39,3663.51,,-1.6,17815504011.0,1641.99,,,2019-02-15,,1641.99
20190218,000510,中证A500指数,中证A500,CSI A500 Index,CSI A500,3692.15,3781.06,3692.15,3781.06,,3.21,22587525470.0,2095.04,,,2019-02-18,,2095.04
20190219,000510,中证A500指数,中证A500,CSI A500 Index,CSI A500,3792.13,3810.03,3758.58,3776.16,,-0.13,23294011048.0,2185.37,,,2019-02-19,,2185.37
20190220,000510,中证A500指数,中证A500,CSI A500 Index,CSI A500,3786.33,3787.82,3757.06,3786.16,,0.27,19176610867.0,1732.88,,,2019-02-20,,1732.88
20190221,000510,中证A500指数,中证A500,CSI A500 Index,CSI A500,3784.4,3836.47,3763.94,3774.87,,-0.3,23005659584.0,2189.91,,,2019-02-21,,2189.91
20190222,000510,中证A500指数,中证A500,CSI A500 Index,CSI A500,3768.36,3849.76,3754.55,3849.76,,1.98,22163264218.0,2215.28,,,2019-02-22,,2215.28
20190225,000510,中证A500指数,中证A500,CSI A500 Index,CSI A500,3905.13,4067.33,3905.13,4067.33,,5.65,40912651725.0,4124.19,,,2019-02-25,,4124.19
20190226,000510,中证A500指数,中证A500,CSI A500 Index,CSI A500,4070.23,4098.08,4030.27,4030.27,,-0.91,43537756541.0,4271.42,,,2019-02-26,,4271.42
20190227,000510,中证A500指数,中证A500,CSI A500 Index,CSI A500,4027.91,4076.84,3990.14,4016.12,,-0.35,34657299603.0,3357.09,,,2019-02-27,,3357.09
20190228,000510,中证A500指数,中证A500,CSI A500 Index,CSI A500,4016.07,4044.98,4005.59,4020.42,,0.11,24486442313.0,2405.36,,,2019-02-28,,2405.36
20190301,000510,中证A500指数,中证A500,CSI A500 Index,CSI A500,4052.1,4099.0,4018.54,4099.0,,1.96,24264408053.0,2547.93,,,2019-03-01,,2547.93
20190304,000510,中证A500指数,中证A500,CSI A500 Index,CSI A500,4139.17,4238.28,4128.15,4153.94,,1.34,38379052133.0,4111.59,,,2019-03-04,,4111.59
20190305,000510,中证A500指数,中证A500,CSI A500 Index,CSI A500,4147.41,4199.28,4147.41,4199.28,,1.09,31304831231.0,3239.86,,,2019-03-05,,3239.86
20190306,000510,中证A500指数,中证A500,CSI A500 Index,CSI A500,4211.21,4233.98,4182.26,4233.98,,0.83,40793278318.0,3971.95,,,2019-03-06,,3971.95
20190307,000510,中证A500指数,中证A500,CSI A500 Index,CSI A500,4222.84,4230.98,4167.69,4194.64,,-0.93,39063686652.0,4029.52,,,2019-03-07,,4029.52
20190308,000510,中证A500指数,中证A500,CSI A500 Index,CSI A500,4105.06,4166.79,4048.93,4049.87,,-3.45,40300844437.0,4185.24,,,2019-03-08,,4185.24
20190311,000510,中证A500指数,中证A500,CSI A500 Index,CSI A500,4066.62,4150.27,4055.98,4149.38,,2.46,31115551778.0,3380.95,,,2019-03-11,,3380.95
20190312,000510,中证A500指数,中证A500,CSI A500 Index,CSI A500,4180.11,4233.45,4157.86,4191.22,,1.01,37386669603.0,4103.4,,,2019-03-12,,4103.4
20190313,000510,中证A500指数,中证A500,CSI A500 Index,CSI A500,4195.72,4195.72,4123.65,4133.83,,-1.37,32350072797.0,3625.33,,,2019-03-13,,3625.33
20190314,000510,中证A500指数,中证A500,CSI A500 Index,CSI A500,4116.7,4146.56,4075.92,4096.25,,-0.91,26176659624.0,2892.73,,,2019-03-14,,2892.73
20190315,000510,中证A500指数,中证A500,CSI A500 Index,CSI A500,4115.1,4180.17,4115.1,4144.27,,1.17,23335785421.0,2686.21,,,2019-03-15,,2686.21
20190318,000510,中证A500指数,中证A500,CSI A500 Index,CSI A500,4155.85,4259.36,4146.36,4259.36,,2.78,27680996656.0,3199.45,,,2019-03-18,,3199.45
20190319,000510,中证A500指数,中证A500,CSI A500 Index,CSI A500,4265.34,4271.82,4231.82,4249.41,,-0.23,24860945708.0,2780.43,,,2019-03-19,,2780.43
20190320,000510,中证A500指数,中证A500,CSI A500 Index,CSI A500,4241.31,4257.18,4192.16,4241.17,,-0.19,24264644347.0,2665.76,,,2019-03-20,,2665.76
20190321,000510,中证A500指数,中证A500,CSI A500 Index,CSI A500,4247.52,4277.21,4235.03,4250.9,,0.23,26963163354.0,2898.48,,,2019-03-21,,2898.48
20190322,000510,中证A500指数,中证A500,CSI A500 Index,CSI A500,4254.76,4257.87,4203.5,4255.27,,0.1,24709866018.0,2619.91,,,2019-03-22,,2619.91
20190325,000510,中证A500指数,中证A500,CSI A500 Index,CSI A500,4190.84,4233.02,4168.52,4168.52,,-2.04,27068598319.0,2886.44,,,2019-03-25,,2886.44
20190326,000510,中证A500指数,中证A500,CSI A500 Index,CSI A500,4193.24,4193.24,4097.53,4108.1,,-1.45,24722116422.0,2617.28,,,2019-03-26,,2617.28
20190327,000510,中证A500指数,中证A500,CSI A500 Index,CSI A500,4134.58,4152.36,4118.03,4152.04,,1.07,19703814366.0,2270.42,,,2019-03-27,,2270.42
20190328,000510,中证A500指数,中证A500,CSI A500 Index,CSI A500,4139.67,4165.25,4129.12,4131.18,,-0.5,19545526734.0,2302.12,,,2019-03-28,,2302.12
20190329,000510,中证A500指数,中证A500,CSI A500 Index,CSI A500,4142.14,4279.55,4142.14,4279.36,,3.59,26413040421.0,3216.36,,,2019-03-29,,3216.36
20190401,000510,中证A500指数,中证A500,CSI A500 Index,CSI A500,4314.04,4406.56,4314.04,4405.31,,2.94,34351659474.0,4024.02,,,2019-04-01,,4024.02
20190402,000510,中证A500指数,中证A500,CSI A500 Index,CSI A500,4423.5,4424.74,4395.02,4407.49,,0.05,32221479435.0,3710.97,,,2019-04-02,,3710.97
20190403,000510,中证A500指数,中证A500,CSI A500 Index,CSI A500,4383.21,4455.16,4383.21,4455.16,,1.08,29708916867.0,3397.16,,,2019-04-03,,3397.16
20190404,000510,中证A500指数,中证A500,CSI A500 Index,CSI A500,4475.19,4503.12,4468.56,4498.04,,0.96,32663603820.0,3750.62,,,2019-04-04,,3750.62
20190408,000510,中证A500指数,中证A500,CSI A500 Index,CSI A500,4537.09,4544.76,4449.42,4490.0,,-0.18,36003422514.0,4084.92,,,2019-04-08,,4084.92
20190409,000510,中证A500指数,中证A500,CSI A500 Index,CSI A500,4492.95,4511.67,4467.08,4503.29,,0.3,25117999581.0,2999.46,,,2019-04-09,,2999.46
20190410,000510,中证A500指数,中证A500,CSI A500 Index,CSI A500,4486.15,4543.91,4464.29,4517.48,,0.31,26016427890.0,3369.04,,,2019-04-10,,3369.04
20190411,000510,中证A500指数,中证A500,CSI A500 Index,CSI A500,4516.97,4516.97,4418.1,4418.1,,-2.2,23148371976.0,2913.86,,,2019-04-11,,2913.86
20190412,000510,中证A500指数,中证A500,CSI A500 Index,CSI A500,4406.63,4421.59,4378.6,4407.88,,-0.23,18536661793.0,2190.57,,,2019-04-12,,2190.57
20190415,000510,中证A500指数,中证A500,CSI A500 Index,CSI A500,4478.87,4505.14,4390.18,4390.18,,-0.4,23730685366.0,2840.86,,,2019-04-15,,2840.86
20190416,000510,中证A500指数,中证A500,CSI A500 Index,CSI A500,4370.24,4506.64,4363.7,4506.64,,2.65,25034955454.0,2954.74,,,2019-04-16,,2954.74
20190417,000510,中证A500指数,中证A500,CSI A500 Index,CSI A500,4503.01,4527.24,4489.03,4519.05,,0.28,24665867197.0,2932.71,,,2019-04-17,,2932.71
20190418,000510,中证A500指数,中证A500,CSI A500 Index,CSI A500,4516.26,4521.94,4492.91,4498.89,,-0.45,20931416783.0,2406.66,,,2019-04-18,,2406.66
20190419,000510,中证A500指数,中证A500,CSI A500 Index,CSI A500,4501.61,4551.49,4474.0,4551.49,,1.17,20547654003.0,2410.06,,,2019-04-19,,2410.06
20190422,000510,中证A500指数,中证A500,CSI A500 Index,CSI A500,4556.38,4556.38,4459.15,4460.83,,-1.99,24143798059.0,2874.55,,,2019-04-22,,2874.55
20190423,000510,中证A500指数,中证A500,CSI A500 Index,CSI A500,4455.86,4475.43,4430.47,4437.01,,-0.53,21888240432.0,2485.17,,,2019-04-23,,2485.17
20190424,000510,中证A500指数,中证A500,CSI A500 Index,CSI A500,4452.11,4461.29,4396.42,4460.98,,0.54,20383877104.0,2329.62,,,2019-04-24,,2329.62
20190425,000510,中证A500指数,中证A500,CSI A500 Index,CSI A500,4440.69,4448.0,4346.74,4346.91,,-2.56,22794067124.0,2509.23,,,2019-04-25,,2509.23
20190426,000510,中证A500指数,中证A500,CSI A500 Index,CSI A500,4324.26,4347.39,4289.47,4289.47,,-1.32,19455073298.0,2265.39,,,2019-04-26,,2265.39
20190429,000510,中证A500指数,中证A500,CSI A500 Index,CSI A500,4297.44,4350.21,4275.61,4285.82,,-0.08,20684695524.0,2421.26,,,2019-04-29,,2421.26
20190430,000510,中证A500指数,中证A500,CSI A500 Index,CSI A500,4269.1,4311.25,4269.1,4299.75,,0.33,15199951220.0,1886.98,,,2019-04-30,,1886.98
20190506,000510,中证A500指数,中证A500,CSI A500 Index,CSI A500,4145.61,4145.61,4001.75,4034.59,,-6.17,23813171117.0,2808.71,,,2019-05-06,,2808.71
20190507,000510,中证A500指数,中证A500,CSI A500 Index,CSI A500,4055.22,4091.26,4014.28,4071.02,,0.9,17210535620.0,2087.25,,,2019-05-07,,2087.25
20190508,000510,中证A500指数,中证A500,CSI A500 Index,CSI A500,3987.63,4069.36,3987.63,4015.66,,-1.36,15459290315.0,1742.46,,,2019-05-08,,1742.46
20190509,000510,中证A500指数,中证A500,CSI A500 Index,CSI A500,3984.14,4009.68,3935.66,3948.02,,-1.68,13442003333.0,1638.86,,,2019-05-09,,1638.86
20190510,000510,中证A500指数,中证A500,CSI A500 Index,CSI A500,3995.85,4096.39,3980.7,4096.13,,3.75,19562327852.0,2290.21,,,2019-05-10,,2290.21
20190513,000510,中证A500指数,中证A500,CSI A500 Index,CSI A500,4038.45,4068.25,4022.67,4030.3,,-1.61,14135248235.0,1642.49,,,2019-05-13,,1642.49
20190514,000510,中证A500指数,中证A500,CSI A500 Index,CSI A500,3987.09,4041.22,3987.09,4002.54,,-0.69,13926350949.0,1636.32,,,2019-05-14,,1636.32
20190515,000510,中证A500指数,中证A500,CSI A500 Index,CSI A500,4035.07,4107.37,4035.07,4096.28,,2.34,15153870882.0,1836.5,,,2019-05-15,,1836.5
20190516,000510,中证A500指数,中证A500,CSI A500 Index,CSI A500,4089.3,4117.02,4083.1,4114.51,,0.45,16233520620.0,1763.23,,,2019-05-16,,1763.23
20190517,000510,中证A500指数,中证A500,CSI A500 Index,CSI A500,4116.14,4116.14,3995.6,4006.51,,-2.63,17892961907.0,1957.24,,,2019-05-17,,1957.24
20190520,000510,中证A500指数,中证A500,CSI A500 Index,CSI A500,3996.28,3996.28,3934.6,3975.28,,-0.78,14602694052.0,1639.17,,,2019-05-20,,1639.17
20190521,000510,中证A500指数,中证A500,CSI A500 Index,CSI A500,3976.61,4054.84,3976.61,4031.69,,1.42,15334399999.0,1681.34,,,2019-05-21,,1681.34
20190522,000510,中证A500指数,中证A500,CSI A500 Index,CSI A500,4025.85,4038.14,3996.71,4012.76,,-0.47,14366839730.0,1611.68,,,2019-05-22,,1611.68
20190523,000510,中证A500指数,中证A500,CSI A500 Index,CSI A500,3991.85,3991.85,3928.02,3932.05,,-2.01,14327240533.0,1628.25,,,2019-05-23,,1628.25
20190524,000510,中证A500指数,中证A500,CSI A500 Index,CSI A500,3930.15,3966.56,3920.07,3932.98,,0.02,11744089517.0,1289.35,,,2019-05-24,,1289.35
20190527,000510,中证A500指数,中证A500,CSI A500 Index,CSI A500,3932.57,3997.1,3908.44,3991.42,,1.49,14500983524.0,1609.8,,,2019-05-27,,1609.8
20190528,000510,中证A500指数,中证A500,CSI A500 Index,CSI A500,3990.94,4041.43,3989.52,4025.7,,0.86,15808840767.0,1803.51,,,2019-05-28,,1803.51
20190529,000510,中证A500指数,中证A500,CSI A500 Index,CSI A500,3996.28,4044.02,3996.28,4021.64,,-0.1,12997036232.0,1496.62,,,2019-05-29,,1496.62
20190530,000510,中证A500指数,中证A500,CSI A500 Index,CSI A500,4004.84,4004.84,3968.97,3996.93,,-0.62,13471781965.0,1441.81,,,2019-05-30,,1441.81
20190531,000510,中证A500指数,中证A500,CSI A500 Index,CSI A500,3995.12,4018.8,3980.83,3982.53,,-0.36,12681745568.0,1353.43,,,2019-05-31,,1353.43
20190603,000510,中证A500指数,中证A500,CSI A500 Index,CSI A500,3995.73,4016.93,3961.57,3978.16,,-0.11,14182578492.0,1524.51,,,2019-06-03,,1524.51
20190604,000510,中证A500指数,中证A500,CSI A500 Index,CSI A500,3977.55,3977.55,3927.38,3937.43,,-1.02,12177241419.0,1377.21,,,2019-06-04,,1377.21
20190605,000510,中证A500指数,中证A500,CSI A500 Index,CSI A500,3970.47,3970.47,3931.87,3931.87,,-0.14,11545426819.0,1353.9,,,2019-06-05,,1353.9
20190606,000510,中证A500指数,中证A500,CSI A500 Index,CSI A500,3935.17,3935.17,3884.47,3886.06,,-1.17,11663780945.0,1267.68,,,2019-06-06,,1267.68
20190610,000510,中证A500指数,中证A500,CSI A500 Index,CSI A500,3901.94,3952.83,3901.94,3940.44,,1.4,11176487585.0,1291.13,,,2019-06-10,,1291.13
20190611,000510,中证A500指数,中证A500,CSI A500 Index,CSI A500,3948.01,4065.18,3948.01,4064.28,,3.14,18248031931.0,2079.06,,,2019-06-11,,2079.06
20190612,000510,中证A500指数,中证A500,CSI A500 Index,CSI A500,4050.68,4052.92,4026.74,4034.28,,-0.74,15837944462.0,1620.34,,,2019-06-12,,1620.34
20190613,000510,中证A500指数,中证A500,CSI A500 Index,CSI A500,4032.25,4042.91,4001.6,4032.24,,-0.05,13176309858.0,1367.66,,,2019-06-13,,1367.66
20190614,000510,中证A500指数,中证A500,CSI A500 Index,CSI A500,4036.9,4051.23,3990.03,3991.9,,-1.0,14026652848.0,1439.05,,,2019-06-14,,1439.05
20190617,000510,中证A500指数,中证A500,CSI A500 Index,CSI A500,3990.15,4018.2,3978.36,3989.13,,-0.07,9652170978.0,1114.29,,,2019-06-17,,1114.29
20190618,000510,中证A500指数,中证A500,CSI A500 Index,CSI A500,3995.55,4005.7,3979.26,4004.23,,0.38,9105712145.0,1050.07,,,2019-06-18,,1050.07
20190619,000510,中证A500指数,中证A500,CSI A500 Index,CSI A500,4099.52,4099.52,4058.68,4058.68,,1.36,15061076551.0,1904.89,,,2019-06-19,,1904.89
20190620,000510,中证A500指数,中证A500,CSI A500 Index,CSI A500,4061.53,4180.3,4061.53,4171.96,,2.79,18430802715.0,2308.26,,,2019-06-20,,2308.26
20190621,000510,中证A500指数,中证A500,CSI A500 Index,CSI A500,4182.37,4200.35,4170.25,4189.05,,0.41,18534559372.0,2197.65,,,2019-06-21,,2197.65
20190624,000510,中证A500指数,中证A500,CSI A500 Index,CSI A500,4192.52,4204.28,4183.57,4197.14,,0.19,13604978302.0,1674.88,,,2019-06-24,,1674.88
20190625,000510,中证A500指数,中证A500,CSI A500 Index,CSI A500,4193.63,4193.63,4108.71,4151.02,,-1.1,14993221758.0,1849.71,,,2019-06-25,,1849.71
20190626,000510,中证A500指数,中证A500,CSI A500 Index,CSI A500,4130.87,4162.62,4130.87,4149.94,,-0.03,10382264655.0,1302.39,,,2019-06-26,,1302.39
20190627,000510,中证A500指数,中证A500,CSI A500 Index,CSI A500,4163.88,4208.19,4163.88,4194.99,,1.09,12913227233.0,1738.78,,,2019-06-27,,1738.78
20190628,000510,中证A500指数,中证A500,CSI A500 Index,CSI A500,4190.89,4190.89,4155.36,4177.17,,-0.43,11472325301.0,1393.18,,,2019-06-28,,1393.18
20190701,000510,中证A500指数,中证A500,CSI A500 Index,CSI A500,4258.25,4304.32,4251.31,4304.32,,3.04,19239124977.0,2453.28,,,2019-07-01,,2453.28
20190702,000510,中证A500指数,中证A500,CSI A500 Index,CSI A500,4299.22,4308.06,4292.28,4305.17,,0.02,16353541606.0,2026.64,,,2019-07-02,,2026.64
20190703,000510,中证A500指数,中证A500,CSI A500 Index,CSI A500,4295.77,4295.77,4239.44,4254.6,,-1.18,13619504452.0,1844.69,,,2019-07-03,,1844.69
20190704,000510,中证A500指数,中证A500,CSI A500 Index,CSI A500,4258.87,4262.5,4217.72,4232.71,,-0.51,12247116236.0,1609.61,,,2019-07-04,,1609.61
20190705,000510,中证A500指数,中证A500,CSI A500 Index,CSI A500,4236.12,4261.98,4221.11,4256.97,,0.57,9310318434.0,1314.6,,,2019-07-05,,1314.6
20190708,000510,中证A500指数,中证A500,CSI A500 Index,CSI A500,4238.56,4238.56,4135.53,4147.92,,-2.56,13625417803.0,1671.77,,,2019-07-08,,1671.77
20190709,000510,中证A500指数,中证A500,CSI A500 Index,CSI A500,4143.79,4152.39,4121.21,4138.72,,-0.22,8812069541.0,1171.4,,,2019-07-09,,1171.4
20190710,000510,中证A500指数,中证A500,CSI A500 Index,CSI A500,4156.57,4156.57,4122.24,4130.45,,-0.2,8656057010.0,1115.69,,,2019-07-10,,1115.69
20190711,000510,中证A500指数,中证A500,CSI A500 Index,CSI A500,4154.67,4177.4,4121.56,4131.45,,0.02,9072162462.0,1234.52,,,2019-07-11,,1234.52
20190712,000510,中证A500指数,中证A500,CSI A500 Index,CSI A500,4130.98,4166.28,4130.98,4155.5,,0.58,9317731097.0,1176.55,,,2019-07-12,,1176.55
20190715,000510,中证A500指数,中证A500,CSI A500 Index,CSI A500,4138.48,4195.64,4099.77,4178.49,,0.55,12654747368.0,1628.52,,,2019-07-15,,1628.52
20190716,000510,中证A500指数,中证A500,CSI A500 Index,CSI A500,4173.12,4173.12,4153.19,4159.62,,-0.45,10253332258.0,1263.14,,,2019-07-16,,1263.14
20190717,000510,中证A500指数,中证A500,CSI A500 Index,CSI A500,4152.8,4171.09,4151.69,4155.47,,-0.1,12085519177.0,1345.53,,,2019-07-17,,1345.53
20190718,000510,中证A500指数,中证A500,CSI A500 Index,CSI A500,4141.02,4141.02,4108.18,4108.18,,-1.14,11087681536.0,1289.41,,,2019-07-18,,1289.41
20190719,000510,中证A500指数,中证A500,CSI A500 Index,CSI A500,4127.18,4165.33,4127.18,4143.87,,0.87,10295169134.0,1259.42,,,2019-07-19,,1259.42
20190722,000510,中证A500指数,中证A500,CSI A500 Index,CSI A500,4149.88,4149.88,4099.45,4109.87,,-0.82,11245184112.0,1317.43,,,2019-07-22,,1317.43
20190723,000510,中证A500指数,中证A500,CSI A500 Index,CSI A500,4112.37,4126.07,4105.38,4126.07,,0.39,8653892132.0,1151.31,,,2019-07-23,,1151.31
20190724,000510,中证A500指数,中证A500,CSI A500 Index,CSI A500,4141.4,4181.67,4141.4,4163.26,,0.9,11240336745.0,1468.08,,,2019-07-24,,1468.08
20190725,000510,中证A500指数,中证A500,CSI A500 Index,CSI A500,4164.74,4195.38,4159.19,4195.38,,0.77,11563255131.0,1469.92,,,2019-07-25,,1469.92
20190726,000510,中证A500指数,中证A500,CSI A500 Index,CSI A500,4179.51,4208.77,4179.51,4205.26,,0.24,10248185898.0,1291.11,,,2019-07-26,,1291.11
20190729,000510,中证A500指数,中证A500,CSI A500 Index,CSI A500,4205.45,4210.77,4192.91,4202.52,,-0.06,10238579540.0,1251.46,,,2019-07-29,,1251.46
20190730,000510,中证A500指数,中证A500,CSI A500 Index,CSI A500,4209.89,4239.02,4209.89,4218.81,,0.39,11739096440.0,1395.07,,,2019-07-30,,1395.07
20190731,000510,中证A500指数,中证A500,CSI A500 Index,CSI A500,4206.69,4206.69,4183.59,4184.72,,-0.81,10237983329.0,1280.68,,,2019-07-31,,1280.68
20190801,000510,中证A500指数,中证A500,CSI A500 Index,CSI A500,4166.46,4177.35,4143.83,4154.93,,-0.71,10280501779.0,1341.42,,,2019-08-01,,1341.42
20190802,000510,中证A500指数,中证A500,CSI A500 Index,CSI A500,4071.81,4100.55,4071.81,4096.2,,-1.41,13192721492.0,1620.19,,,2019-08-02,,1620.19
20190805,000510,中证A500指数,中证A500,CSI A500 Index,CSI A500,4071.55,4085.5,4022.51,4022.51,,-1.8,12546329176.0,1555.61,,,2019-08-05,,1555.61
20190806,000510,中证A500指数,中证A500,CSI A500 Index,CSI A500,3948.85,3980.63,3907.54,3968.76,,-1.34,16061599841.0,1903.33,,,2019-08-06,,1903.33
20190807,000510,中证A500指数,中证A500,CSI A500 Index,CSI A500,3989.87,3989.87,3951.87,3951.87,,-0.43,10805563343.0,1290.44,,,2019-08-07,,1290.44
20190808,000510,中证A500指数,中证A500,CSI A500 Index,CSI A500,3978.64,4005.36,3978.64,4003.24,,1.3,10879838416.0,1328.1,,,2019-08-08,,1328.1
20190809,000510,中证A500指数,中证A500,CSI A500 Index,CSI A500,4022.84,4022.84,3959.99,3964.72,,-0.96,11042387488.0,1376.36,,,2019-08-09,,1376.36
20190812,000510,中证A500指数,中证A500,CSI A500 Index,CSI A500,3979.02,4036.19,3974.58,4036.19,,1.8,10141375734.0,1365.74,,,2019-08-12,,1365.74
20190813,000510,中证A500指数,中证A500,CSI A500 Index,CSI A500,4009.89,4013.04,3994.72,4002.58,,-0.83,9700208680.0,1216.08,,,2019-08-13,,1216.08
20190814,000510,中证A500指数,中证A500,CSI A500 Index,CSI A500,4053.71,4060.65,4025.44,4026.5,,0.6,11869417119.0,1533.47,,,2019-08-14,,1533.47
20190815,000510,中证A500指数,中证A500,CSI A500 Index,CSI A500,3953.49,4043.21,3953.49,4043.21,,0.42,12232305180.0,1474.07,,,2019-08-15,,1474.07
20190816,000510,中证A500指数,中证A500,CSI A500 Index,CSI A500,4046.02,4092.08,4036.5,4062.02,,0.47,12028363566.0,1612.13,,,2019-08-16,,1612.13
20190819,000510,中证A500指数,中证A500,CSI A500 Index,CSI A500,4091.5,4154.22,4083.65,4154.22,,2.27,17087824781.0,2204.86,,,2019-08-19,,2204.86
20190820,000510,中证A500指数,中证A500,CSI A500 Index,CSI A500,4152.37,4164.53,4146.61,4152.43,,-0.04,14653237812.0,1818.62,,,2019-08-20,,1818.62
20190821,000510,中证A500指数,中证A500,CSI A500 Index,CSI A500,4142.87,4160.13,4142.43,4149.38,,-0.07,11840976977.0,1535.21,,,2019-08-21,,1535.21
20190822,000510,中证A500指数,中证A500,CSI A500 Index,CSI A500,4162.36,4163.85,4138.42,4163.49,,0.34,12185558048.0,1551.17,,,2019-08-22,,1551.17
20190823,000510,中证A500指数,中证A500,CSI A500 Index,CSI A500,4167.07,4199.17,4165.27,4190.78,,0.66,12082371263.0,1707.66,,,2019-08-23,,1707.66
20190826,000510,中证A500指数,中证A500,CSI A500 Index,CSI A500,4118.81,4144.95,4117.24,4132.89,,-1.38,12624778690.0,1720.49,,,2019-08-26,,1720.49
20190827,000510,中证A500指数,中证A500,CSI A500 Index,CSI A500,4159.51,4219.64,4159.51,4189.86,,1.38,16242022346.0,2142.97,,,2019-08-27,,2142.97
20190828,000510,中证A500指数,中证A500,CSI A500 Index,CSI A500,4190.96,4192.29,4164.81,4174.98,,-0.36,12812917314.0,1716.1,,,2019-08-28,,1716.1
20190829,000510,中证A500指数,中证A500,CSI A500 Index,CSI A500,4178.75,4178.75,4150.47,4168.3,,-0.16,12227916587.0,1604.03,,,2019-08-29,,1604.03
20190830,000510,中证A500指数,中证A500,CSI A500 Index,CSI A500,4196.19,4207.47,4159.06,4174.19,,0.14,14098068681.0,1974.98,,,2019-08-30,,1974.98
20190902,000510,中证A500指数,中证A500,CSI A500 Index,CSI A500,4180.16,4244.21,4180.16,4238.81,,1.55,15760183019.0,2113.75,,,2019-09-02,,2113.75
20190903,000510,中证A500指数,中证A500,CSI A500 Index,CSI A500,4244.12,4248.86,4227.67,4248.03,,0.22,15128309144.0,2009.94,,,2019-09-03,,2009.94
20190904,000510,中证A500指数,中证A500,CSI A500 Index,CSI A500,4241.39,4280.14,4240.31,4280.14,,0.76,17017361312.0,2210.64,,,2019-09-04,,2210.64
20190905,000510,中证A500指数,中证A500,CSI A500 Index,CSI A500,4304.74,4355.46,4304.74,4318.54,,0.9,22962452745.0,2916.79,,,2019-09-05,,2916.79
20190906,000510,中证A500指数,中证A500,CSI A500 Index,CSI A500,4340.59,4345.31,4319.78,4345.31,,0.62,16374751554.0,2235.77,,,2019-09-06,,2235.77
20190909,000510,中证A500指数,中证A500,CSI A500 Index,CSI A500,4379.3,4386.39,4357.13,4386.39,,0.95,20260447419.0,2644.26,,,2019-09-09,,2644.26
20190910,000510,中证A500指数,中证A500,CSI A500 Index,CSI A500,4391.53,4391.53,4348.89,4367.54,,-0.43,18186112056.0,2371.93,,,2019-09-10,,2371.93
20190911,000510,中证A500指数,中证A500,CSI A500 Index,CSI A500,4377.27,4377.27,4325.34,4329.69,,-0.87,16761642673.0,2250.05,,,2019-09-11,,2250.05
20190912,000510,中证A500指数,中证A500,CSI A500 Index,CSI A500,4346.41,4372.23,4336.52,4372.0,,0.98,13937589154.0,1843.1,,,2019-09-12,,1843.1
20190916,000510,中证A500指数,中证A500,CSI A500 Index,CSI A500,4383.18,4383.18,4349.59,4364.12,,-0.18,15538824969.0,2005.63,,,2019-09-16,,2005.63
20190917,000510,中证A500指数,中证A500,CSI A500 Index,CSI A500,4352.73,4352.73,4273.61,4286.15,,-1.79,15992681842.0,2001.81,,,2019-09-17,,2001.81
20190918,000510,中证A500指数,中证A500,CSI A500 Index,CSI A500,4298.1,4311.78,4293.89,4302.39,,0.38,11806824708.0,1658.6,,,2019-09-18,,1658.6
20190919,000510,中证A500指数,中证A500,CSI A500 Index,CSI A500,4317.31,4324.17,4294.37,4324.17,,0.51,12383974553.0,1677.43,,,2019-09-19,,1677.43
20190920,000510,中证A500指数,中证A500,CSI A500 Index,CSI A500,4336.2,4345.37,4324.44,4338.75,,0.34,14227952600.0,1999.07,,,2019-09-20,,1999.07
20190923,000510,中证A500指数,中证A500,CSI A500 Index,CSI A500,4328.81,4328.81,4266.92,4293.42,,-1.05,13296226994.0,1859.78,,,2019-09-23,,1859.78
20190924,000510,中证A500指数,中证A500,CSI A500 Index,CSI A500,4298.57,4334.68,4293.72,4311.23,,0.42,13098563052.0,1966.07,,,2019-09-24,,1966.07
20190925,000510,中证A500指数,中证A500,CSI A500 Index,CSI A500,4295.94,4295.94,4270.12,4270.12,,-0.95,13333457292.0,1856.41,,,2019-09-25,,1856.41
20190926,000510,中证A500指数,中证A500,CSI A500 Index,CSI A500,4284.34,4284.34,4221.28,4221.48,,-1.14,14084850096.0,1914.89,,,2019-09-26,,1914.89
20190927,000510,中证A500指数,中证A500,CSI A500 Index,CSI A500,4223.86,4243.58,4218.98,4238.26,,0.4,10784946455.0,1422.24,,,2019-09-27,,1422.24
20190930,000510,中证A500指数,中证A500,CSI A500 Index,CSI A500,4228.52,4243.14,4194.3,4194.3,,-1.04,9398221524.0,1277.31,,,2019-09-30,,1277.31
20191008,000510,中证A500指数,中证A500,CSI A500 Index,CSI A500,4199.26,4240.83,4199.26,4211.32,,0.41,10180967392.0,1408.71,,,2019-10-08,,1408.71
20191009,000510,中证A500指数,中证A500,CSI A500 Index,CSI A500,4194.94,4215.4,4182.88,4215.4,,0.1,9660914825.0,1322.45,,,2019-10-09,,1322.45
20191010,000510,中证A500指数,中证A500,CSI A500 Index,CSI A500,4212.12,4258.35,4212.12,4258.35,,1.02,10924850129.0,1579.89,,,2019-10-10,,1579.89
20191011,000510,中证A500指数,中证A500,CSI A500 Index,CSI A500,4269.64,4302.54,4249.98,4290.54,,0.76,12169670933.0,1661.59,,,2019-10-11,,1661.59
20191014,000510,中证A500指数,中证A500,CSI A500 Index,CSI A500,4326.92,4359.75,4321.76,4338.28,,1.11,15563292103.0,1982.82,,,2019-10-14,,1982.82
20191015,000510,中证A500指数,中证A500,CSI A500 Index,CSI A500,4336.15,4336.15,4305.5,4310.48,,-0.64,12158749416.0,1595.72,,,2019-10-15,,1595.72
20191016,000510,中证A500指数,中证A500,CSI A500 Index,CSI A500,4311.69,4326.75,4292.11,4294.31,,-0.38,10908565677.0,1561.91,,,2019-10-16,,1561.91
20191017,000510,中证A500指数,中证A500,CSI A500 Index,CSI A500,4301.25,4307.56,4288.88,4300.51,,0.15,9335927605.0,1292.18,,,2019-10-17,,1292.18
20191018,000510,中证A500指数,中证A500,CSI A500 Index,CSI A500,4310.48,4315.76,4241.17,4242.41,,-1.35,11536138954.0,1501.06,,,2019-10-18,,1501.06
20191021,000510,中证A500指数,中证A500,CSI A500 Index,CSI A500,4238.99,4245.72,4222.29,4245.42,,0.07,9617959961.0,1272.2,,,2019-10-21,,1272.2
20191022,000510,中证A500指数,中证A500,CSI A500 Index,CSI A500,4261.08,4267.64,4240.22,4267.64,,0.52,9205394979.0,1235.99,,,2019-10-22,,1235.99
20191023,000510,中证A500指数,中证A500,CSI A500 Index,CSI A500,4264.81,4265.79,4234.17,4238.53,,-0.68,9627013622.0,1219.54,,,2019-10-23,,1219.54
20191024,000510,中证A500指数,中证A500,CSI A500 Index,CSI A500,4243.83,4249.62,4214.41,4232.79,,-0.14,9172542200.0,1227.3,,,2019-10-24,,1227.3
20191025,000510,中证A500指数,中证A500,CSI A500 Index,CSI A500,4231.94,4259.79,4210.26,4259.79,,0.64,10130843289.0,1473.53,,,2019-10-25,,1473.53
20191028,000510,中证A500指数,中证A500,CSI A500 Index,CSI A500,4279.5,4308.24,4277.55,4308.24,,1.14,14353229497.0,1918.75,,,2019-10-28,,1918.75
20191029,000510,中证A500指数,中证A500,CSI A500 Index,CSI A500,4311.27,4311.27,4286.05,4286.05,,-0.52,14363614761.0,1935.51,,,2019-10-29,,1935.51
20191030,000510,中证A500指数,中证A500,CSI A500 Index,CSI A500,4277.69,4278.83,4254.77,4261.9,,-0.56,12049440881.0,1629.41,,,2019-10-30,,1629.41
20191031,000510,中证A500指数,中证A500,CSI A500 Index,CSI A500,4277.2,4277.97,4248.65,4254.44,,-0.18,11937758294.0,1666.57,,,2019-10-31,,1666.57
20191101,000510,中证A500指数,中证A500,CSI A500 Index,CSI A500,4251.62,4326.06,4251.62,4323.53,,1.62,11576728026.0,1680.57,,,2019-11-01,,1680.57
20191104,000510,中证A500指数,中证A500,CSI A500 Index,CSI A500,4337.75,4365.38,4337.75,4355.98,,0.75,13018557112.0,1865.28,,,2019-11-04,,1865.28
20191105,000510,中证A500指数,中证A500,CSI A500 Index,CSI A500,4360.74,4396.71,4347.07,4380.42,,0.56,13462407107.0,1908.19,,,2019-11-05,,1908.19
20191106,000510,中证A500指数,中证A500,CSI A500 Index,CSI A500,4383.8,4383.8,4352.91,4360.04,,-0.47,12494482276.0,1736.8,,,2019-11-06,,1736.8
20191107,000510,中证A500指数,中证A500,CSI A500 Index,CSI A500,4359.49,4378.84,4354.26,4370.7,,0.24,10820593923.0,1447.81,,,2019-11-07,,1447.81
20191108,000510,中证A500指数,中证A500,CSI A500 Index,CSI A500,4398.79,4398.79,4355.0,4355.0,,-0.36,12262534290.0,1694.31,,,2019-11-08,,1694.31
20191111,000510,中证A500指数,中证A500,CSI A500 Index,CSI A500,4327.92,4327.92,4271.94,4273.38,,-1.87,12018634342.0,1573.8,,,2019-11-11,,1573.8
20191112,000510,中证A500指数,中证A500,CSI A500 Index,CSI A500,4276.46,4276.46,4241.47,4271.49,,-0.04,10152194318.0,1330.79,,,2019-11-12,,1330.79
20191113,000510,中证A500指数,中证A500,CSI A500 Index,CSI A500,4272.8,4280.0,4254.89,4275.13,,0.09,9554658964.0,1358.18,,,2019-11-13,,1358.18
20191114,000510,中证A500指数,中证A500,CSI A500 Index,CSI A500,4280.85,4296.03,4274.17,4286.83,,0.27,10973636838.0,1477.42,,,2019-11-14,,1477.42
20191115,000510,中证A500指数,中证A500,CSI A500 Index,CSI A500,4289.16,4292.51,4255.58,4255.58,,-0.73,11009997671.0,1458.62,,,2019-11-15,,1458.62
20191118,000510,中证A500指数,中证A500,CSI A500 Index,CSI A500,4253.44,4288.43,4253.44,4288.43,,0.77,9693707135.0,1291.39,,,2019-11-18,,1291.39
20191119,000510,中证A500指数,中证A500,CSI A500 Index,CSI A500,4284.91,4341.52,4284.91,4341.52,,1.24,11103451555.0,1577.11,,,2019-11-19,,1577.11
20191120,000510,中证A500指数,中证A500,CSI A500 Index,CSI A500,4335.64,4338.11,4303.92,4303.92,,-0.87,11139030886.0,1588.53,,,2019-11-20,,1588.53
20191121,000510,中证A500指数,中证A500,CSI A500 Index,CSI A500,4289.39,4296.74,4272.47,4283.91,,-0.47,9949591124.0,1349.29,,,2019-11-21,,1349.29
20191122,000510,中证A500指数,中证A500,CSI A500 Index,CSI A500,4289.74,4314.19,4219.94,4235.19,,-1.14,13277222210.0,1948.71,,,2019-11-22,,1948.71
20191125,000510,中证A500指数,中证A500,CSI A500 Index,CSI A500,4236.45,4258.63,4219.68,4258.63,,0.55,14399194674.0,1791.29,,,2019-11-25,,1791.29
20191126,000510,中证A500指数,中证A500,CSI A500 Index,CSI A500,4273.78,4279.26,4252.65,4269.14,,0.25,14321781634.0,1730.52,,,2019-11-26,,1730.52
20191127,000510,中证A500指数,中证A500,CSI A500 Index,CSI A500,4262.25,4275.55,4244.44,4259.8,,-0.22,11304934640.0,1463.21,,,2019-11-27,,1463.21
20191128,000510,中证A500指数,中证A500,CSI A500 Index,CSI A500,4260.89,4270.8,4237.99,4245.42,,-0.34,9140797411.0,1160.07,,,2019-11-28,,1160.07
20191129,000510,中证A500指数,中证A500,CSI A500 Index,CSI A500,4239.02,4239.02,4181.76,4210.6,,-0.82,10062563561.0,1421.01,,,2019-11-29,,1421.01
20191202,000510,中证A500指数,中证A500,CSI A500 Index,CSI A500,4214.25,4229.9,4205.07,4213.74,,0.08,10086212925.0,1317.72,,,2019-12-02,,1317.72
20191203,000510,中证A500指数,中证A500,CSI A500 Index,CSI A500,4206.01,4230.78,4192.94,4230.78,,0.4,9782557414.0,1349.0,,,2019-12-03,,1349.0
20191204,000510,中证A500指数,中证A500,CSI A500 Index,CSI A500,4218.63,4238.29,4213.19,4233.04,,0.05,10808902844.0,1431.55,,,2019-12-04,,1431.55
20191205,000510,中证A500指数,中证A500,CSI A500 Index,CSI A500,4247.64,4273.04,4247.64,4270.32,,0.88,11747621907.0,1655.14,,,2019-12-05,,1655.14
20191206,000510,中证A500指数,中证A500,CSI A500 Index,CSI A500,4276.25,4297.81,4270.42,4297.81,,0.64,11034204291.0,1508.59,,,2019-12-06,,1508.59
20191209,000510,中证A500指数,中证A500,CSI A500 Index,CSI A500,4306.18,4306.18,4280.33,4290.48,,-0.17,13126039267.0,1711.05,,,2019-12-09,,1711.05
20191210,000510,中证A500指数,中证A500,CSI A500 Index,CSI A500,4280.65,4304.81,4280.65,4304.71,,0.33,12424156796.0,1619.96,,,2019-12-10,,1619.96
20191211,000510,中证A500指数,中证A500,CSI A500 Index,CSI A500,4309.28,4309.28,4287.41,4300.37,,-0.1,13136881558.0,1631.7,,,2019-12-11,,1631.7
20191212,000510,中证A500指数,中证A500,CSI A500 Index,CSI A500,4306.22,4306.22,4285.72,4289.57,,-0.25,11822833136.0,1561.87,,,2019-12-12,,1561.87
20191213,000510,中证A500指数,中证A500,CSI A500 Index,CSI A500,4329.32,4368.09,4326.58,4366.57,,1.8,16966939647.0,2261.04,,,2019-12-13,,2261.04
20191216,000510,中证A500指数,中证A500,CSI A500 Index,CSI A500,4372.06,4399.73,4360.96,4399.73,,0.76,18584315319.0,2461.85,,,2019-12-16,,2461.85
20191217,000510,中证A500指数,中证A500,CSI A500 Index,CSI A500,4401.47,4466.5,4400.83,4453.17,,1.22,22936734598.0,2842.91,,,2019-12-17,,2842.91
20191218,000510,中证A500指数,中证A500,CSI A500 Index,CSI A500,4452.37,4465.9,4433.91,4442.1,,-0.25,18255620791.0,2331.11,,,2019-12-18,,2331.11
20191219,000510,中证A500指数,中证A500,CSI A500 Index,CSI A500,4444.87,4445.22,4427.18,4439.91,,-0.05,15664975257.0,1933.14,,,2019-12-19,,1933.14
20191220,000510,中证A500指数,中证A500,CSI A500 Index,CSI A500,4444.86,4446.8,4414.53,4414.53,,-0.57,15136505505.0,1854.63,,,2019-12-20,,1854.63
20191223,000510,中证A500指数,中证A500,CSI A500 Index,CSI A500,4408.15,4425.27,4357.86,4359.06,,-1.26,14818684708.0,1870.12,,,2019-12-23,,1870.12
20191224,000510,中证A500指数,中证A500,CSI A500 Index,CSI A500,4365.01,4400.87,4363.91,4400.62,,0.95,12565642625.0,1554.26,,,2019-12-24,,1554.26
20191225,000510,中证A500指数,中证A500,CSI A500 Index,CSI A500,4397.01,4413.48,4393.85,4406.82,,0.14,13283293414.0,1793.24,,,2019-12-25,,1793.24
20191226,000510,中证A500指数,中证A500,CSI A500 Index,CSI A500,4408.41,4438.23,4408.41,4438.23,,0.71,13582142371.0,1707.85,,,2019-12-26,,1707.85
20191227,000510,中证A500指数,中证A500,CSI A500 Index,CSI A500,4443.57,4476.61,4428.96,4428.96,,-0.21,18923745421.0,2313.88,,,2019-12-27,,2313.88
20191230,000510,中证A500指数,中证A500,CSI A500 Index,CSI A500,4422.18,4485.41,4411.38,4485.41,,1.28,18151519235.0,2375.46,,,2019-12-30,,2375.46
20191231,000510,中证A500指数,中证A500,CSI A500 Index,CSI A500,4481.32,4502.24,4475.23,4501.89,,0.37,15255757568.0,1992.25,,,2019-12-31,,1992.25
20200102,000510,中证A500指数,中证A500,CSI A500 Index,CSI A500,4524.72,4583.47,4524.72,4571.48,,1.55,22259527924.0,3050.46,,,2020-01-02,,3050.46
20200103,000510,中证A500指数,中证A500,CSI A500 Index,CSI A500,4582.75,4586.8,4552.92,4568.62,,-0.06,19066828946.0,2642.77,,,2020-01-03,,2642.77
20200106,000510,中证A500指数,中证A500,CSI A500 Index,CSI A500,4546.28,4603.3,4541.61,4564.16,,-0.1,23780084749.0,3179.27,,,2020-01-06,,3179.27
20200107,000510,中证A500指数,中证A500,CSI A500 Index,CSI A500,4572.55,4604.04,4572.55,4604.04,,0.87,20232425413.0,2617.73,,,2020-01-07,,2617.73
20200108,000510,中证A500指数,中证A500,CSI A500 Index,CSI A500,4583.53,4594.2,4547.31,4554.89,,-1.07,23183596835.0,2810.37,,,2020-01-08,,2810.37
20200109,000510,中证A500指数,中证A500,CSI A500 Index,CSI A500,4589.86,4616.93,4589.86,4616.93,,1.36,19394501614.0,2672.44,,,2020-01-09,,2672.44
20200110,000510,中证A500指数,中证A500,CSI A500 Index,CSI A500,4628.44,4628.44,4597.1,4614.16,,-0.06,16201714580.0,2344.25,,,2020-01-10,,2344.25
20200113,000510,中证A500指数,中证A500,CSI A500 Index,CSI A500,4620.05,4664.77,4607.92,4664.77,,1.1,17195492827.0,2612.16,,,2020-01-13,,2612.16
20200114,000510,中证A500指数,中证A500,CSI A500 Index,CSI A500,4679.01,4685.52,4650.24,4650.24,,-0.31,18724131280.0,2614.5,,,2020-01-14,,2614.5
20200115,000510,中证A500指数,中证A500,CSI A500 Index,CSI A500,4644.83,4655.12,4611.19,4631.12,,-0.41,16030293184.0,2258.11,,,2020-01-15,,2258.11
20200116,000510,中证A500指数,中证A500,CSI A500 Index,CSI A500,4640.67,4640.67,4612.69,4617.91,,-0.28,15648185699.0,2226.14,,,2020-01-16,,2226.14
20200117,000510,中证A500指数,中证A500,CSI A500 Index,CSI A500,4632.14,4642.91,4612.15,4621.53,,0.08,14872400458.0,2227.24,,,2020-01-17,,2227.24
20200120,000510,中证A500指数,中证A500,CSI A500 Index,CSI A500,4639.85,4668.43,4627.72,4668.43,,1.02,17431905168.0,2714.63,,,2020-01-20,,2714.63
20200121,000510,中证A500指数,中证A500,CSI A500 Index,CSI A500,4648.67,4648.67,4594.17,4594.17,,-1.59,17789397109.0,2681.73,,,2020-01-21,,2681.73
20200122,000510,中证A500指数,中证A500,CSI A500 Index,CSI A500,4570.73,4634.26,4519.82,4623.69,,0.64,17896313109.0,2775.49,,,2020-01-22,,2775.49
20200123,000510,中证A500指数,中证A500,CSI A500 Index,CSI A500,4580.35,4597.36,4440.1,4478.96,,-3.13,22215130106.0,3333.16,,,2020-01-23,,3333.16
20200203,000510,中证A500指数,中证A500,CSI A500 Index,CSI A500,4078.42,4177.56,4078.42,4132.44,,-7.74,18294610057.0,2857.8,,,2020-02-03,,2857.8
20200204,000510,中证A500指数,中证A500,CSI A500 Index,CSI A500,4087.76,4252.59,4087.76,4251.51,,2.88,28969897732.0,3817.89,,,2020-02-04,,3817.89
20200205,000510,中证A500指数,中证A500,CSI A500 Index,CSI A500,4276.99,4348.35,4276.99,4316.92,,1.54,24464182396.0,3579.54,,,2020-02-05,,3579.54
20200206,000510,中证A500指数,中证A500,CSI A500 Index,CSI A500,4327.26,4419.59,4318.58,4414.65,,2.26,25538425287.0,3716.01,,,2020-02-06,,3716.01
20200207,000510,中证A500指数,中证A500,CSI A500 Index,CSI A500,4397.57,4423.36,4362.13,4423.36,,0.2,24779925038.0,3601.32,,,2020-02-07,,3601.32
20200210,000510,中证A500指数,中证A500,CSI A500 Index,CSI A500,4401.1,4447.77,4392.65,4445.85,,0.51,24347055753.0,3479.25,,,2020-02-10,,3479.25
20200211,000510,中证A500指数,中证A500,CSI A500 Index,CSI A500,4455.17,4489.81,4450.97,4470.36,,0.55,21113420540.0,3014.72,,,2020-02-11,,3014.72
20200212,000510,中证A500指数,中证A500,CSI A500 Index,CSI A500,4460.8,4523.97,4460.8,4523.97,,1.2,20185825138.0,3032.14,,,2020-02-12,,3032.14
20200213,000510,中证A500指数,中证A500,CSI A500 Index,CSI A500,4522.8,4531.22,4480.06,4492.56,,-0.69,21955438960.0,3355.59,,,2020-02-13,,3355.59
20200214,000510,中证A500指数,中证A500,CSI A500 Index,CSI A500,4487.37,4531.71,4487.37,4508.89,,0.36,20660752154.0,3165.93,,,2020-02-14,,3165.93
20200217,000510,中证A500指数,中证A500,CSI A500 Index,CSI A500,4519.94,4617.7,4519.94,4617.7,,2.41,24595685667.0,3587.23,,,2020-02-17,,3587.23
20200218,000510,中证A500指数,中证A500,CSI A500 Index,CSI A500,4615.3,4630.59,4579.1,4619.01,,0.03,24967029583.0,3605.72,,,2020-02-18,,3605.72
20200219,000510,中证A500指数,中证A500,CSI A500 Index,CSI A500,4612.18,4641.32,4595.28,4599.99,,-0.41,25788671045.0,3846.6,,,2020-02-19,,3846.6
20200220,000510,中证A500指数,中证A500,CSI A500 Index,CSI A500,4615.25,4697.73,4611.19,4697.73,,2.13,27449329308.0,4056.48,,,2020-02-20,,4056.48
20200221,000510,中证A500指数,中证A500,CSI A500 Index,CSI A500,4689.73,4742.37,4689.73,4721.95,,0.52,29412989526.0,4391.88,,,2020-02-21,,4391.88
20200224,000510,中证A500指数,中证A500,CSI A500 Index,CSI A500,4708.08,4738.24,4679.62,4723.18,,0.03,31286022619.0,4736.61,,,2020-02-24,,4736.61
20200225,000510,中证A500指数,中证A500,CSI A500 Index,CSI A500,4641.61,4726.74,4611.51,4722.04,,-0.02,36037977637.0,5430.26,,,2020-02-25,,5430.26
20200226,000510,中证A500指数,中证A500,CSI A500 Index,CSI A500,4657.89,4706.26,4634.28,4636.17,,-1.82,36545873742.0,5119.1,,,2020-02-26,,5119.1
20200227,000510,中证A500指数,中证A500,CSI A500 Index,CSI A500,4653.29,4684.83,4634.99,4651.52,,0.33,27528815604.0,4102.36,,,2020-02-27,,4102.36
20200228,000510,中证A500指数,中证A500,CSI A500 Index,CSI A500,4526.69,4574.48,4461.91,4464.31,,-4.03,32461600430.0,4559.31,,,2020-02-28,,4559.31
20200302,000510,中证A500指数,中证A500,CSI A500 Index,CSI A500,4504.15,4634.77,4504.15,4610.67,,3.28,29991183164.0,4225.55,,,2020-03-02,,4225.55
20200303,000510,中证A500指数,中证A500,CSI A500 Index,CSI A500,4682.0,4717.3,4614.21,4644.19,,0.73,31781084265.0,4613.94,,,2020-03-03,,4613.94
20200304,000510,中证A500指数,中证A500,CSI A500 Index,CSI A500,4625.68,4656.12,4593.01,4655.95,,0.25,25334674604.0,3690.23,,,2020-03-04,,3690.23
20200305,000510,中证A500指数,中证A500,CSI A500 Index,CSI A500,4704.87,4754.3,4674.98,4747.11,,1.96,29513226464.0,4337.46,,,2020-03-05,,4337.46
20200306,000510,中证A500指数,中证A500,CSI A500 Index,CSI A500,4692.15,4715.48,4681.5,4685.28,,-1.3,23775142025.0,3224.7,,,2020-03-06,,3224.7
20200309,000510,中证A500指数,中证A500,CSI A500 Index,CSI A500,4598.39,4598.39,4505.87,4505.87,,-3.83,29141460463.0,3986.04,,,2020-03-09,,3986.04
20200310,000510,中证A500指数,中证A500,CSI A500 Index,CSI A500,4476.55,4620.4,4457.95,4615.49,,2.43,27665899449.0,3897.18,,,2020-03-10,,3897.18
20200311,000510,中证A500指数,中证A500,CSI A500 Index,CSI A500,4628.82,4628.82,4552.76,4552.76,,-1.36,24371596213.0,3376.69,,,2020-03-11,,3376.69
20200312,000510,中证A500指数,中证A500,CSI A500 Index,CSI A500,4490.06,4494.49,4434.29,4464.02,,-1.95,22447424968.0,3073.87,,,2020-03-12,,3073.87
20200313,000510,中证A500指数,中证A500,CSI A500 Index,CSI A500,4255.7,4448.53,4255.7,4408.27,,-1.25,27270936028.0,3733.5,,,2020-03-13,,3733.5
20200316,000510,中证A500指数,中证A500,CSI A500 Index,CSI A500,4416.45,4416.45,4212.21,4212.21,,-4.45,26413332400.0,3759.16,,,2020-03-16,,3759.16
20200317,000510,中证A500指数,中证A500,CSI A500 Index,CSI A500,4232.3,4232.86,4087.45,4201.4,,-0.26,23245123176.0,3273.26,,,2020-03-17,,3273.26
20200318,000510,中证A500指数,中证A500,CSI A500 Index,CSI A500,4228.34,4281.11,4124.13,4124.13,,-1.84,22780839502.0,3325.21,,,2020-03-18,,3325.21
20200319,000510,中证A500指数,中证A500,CSI A500 Index,CSI A500,4113.76,4138.29,4002.44,4084.85,,-0.95,24004140767.0,3474.4,,,2020-03-19,,3474.4
20200320,000510,中证A500指数,中证A500,CSI A500 Index,CSI A500,4133.1,4161.39,4084.3,4153.49,,1.68,19360799789.0,2835.71,,,2020-03-20,,2835.71
20200323,000510,中证A500指数,中证A500,CSI A500 Index,CSI A500,4027.35,4073.12,3995.27,4002.32,,-3.64,19316845582.0,2684.78,,,2020-03-23,,2684.78
20200324,000510,中证A500指数,中证A500,CSI A500 Index,CSI A500,4081.59,4108.4,4018.33,4104.12,,2.54,20461275187.0,2811.37,,,2020-03-24,,2811.37
20200325,000510,中证A500指数,中证A500,CSI A500 Index,CSI A500,4202.52,4220.09,4183.62,4214.95,,2.7,20963999634.0,2983.47,,,2020-03-25,,2983.47
20200326,000510,中证A500指数,中证A500,CSI A500 Index,CSI A500,4181.21,4220.77,4180.35,4183.42,,-0.75,16047637265.0,2331.15,,,2020-03-26,,2331.15
20200327,000510,中证A500指数,中证A500,CSI A500 Index,CSI A500,4239.83,4242.01,4186.07,4186.07,,0.06,16719168379.0,2423.77,,,2020-03-27,,2423.77
20200330,000510,中证A500指数,中证A500,CSI A500 Index,CSI A500,4125.35,4152.08,4087.26,4129.11,,-1.36,17913834766.0,2453.52,,,2020-03-30,,2453.52
20200331,000510,中证A500指数,中证A500,CSI A500 Index,CSI A500,4168.22,4171.51,4134.33,4142.13,,0.31,15207092022.0,2062.06,,,2020-03-31,,2062.06
20200401,000510,中证A500指数,中证A500,CSI A500 Index,CSI A500,4138.29,4195.74,4128.23,4131.48,,-0.26,16507345174.0,2249.26,,,2020-04-01,,2249.26
20200402,000510,中证A500指数,中证A500,CSI A500 Index,CSI A500,4111.37,4213.28,4111.37,4213.28,,1.98,16242552569.0,2315.94,,,2020-04-02,,2315.94
20200403,000510,中证A500指数,中证A500,CSI A500 Index,CSI A500,4200.71,4213.01,4172.72,4185.84,,-0.65,14441580496.0,2120.12,,,2020-04-03,,2120.12
20200407,000510,中证A500指数,中证A500,CSI A500 Index,CSI A500,4264.62,4294.01,4261.85,4292.3,,2.54,19441897161.0,2750.06,,,2020-04-07,,2750.06
20200408,000510,中证A500指数,中证A500,CSI A500 Index,CSI A500,4268.61,4288.61,4265.67,4279.02,,-0.31,16735395576.0,2293.57,,,2020-04-08,,2293.57
20200409,000510,中证A500指数,中证A500,CSI A500 Index,CSI A500,4301.23,4307.9,4288.26,4299.62,,0.48,15006322540.0,2184.75,,,2020-04-09,,2184.75
20200410,000510,中证A500指数,中证A500,CSI A500 Index,CSI A500,4301.71,4315.76,4250.36,4255.32,,-1.03,15678607977.0,2310.81,,,2020-04-10,,2310.81
20200413,000510,中证A500指数,中证A500,CSI A500 Index,CSI A500,4232.65,4251.41,4221.56,4230.63,,-0.58,12233572766.0,1733.63,,,2020-04-13,,1733.63
20200414,000510,中证A500指数,中证A500,CSI A500 Index,CSI A500,4259.69,4318.7,4250.11,4318.7,,2.08,15157774432.0,2289.35,,,2020-04-14,,2289.35
20200415,000510,中证A500指数,中证A500,CSI A500 Index,CSI A500,4316.73,4323.16,4289.46,4290.35,,-0.66,15740363928.0,2354.21,,,2020-04-15,,2354.21
20200416,000510,中证A500指数,中证A500,CSI A500 Index,CSI A500,4267.77,4307.56,4267.77,4307.37,,0.4,14444843198.0,2091.06,,,2020-04-16,,2091.06
20200417,000510,中证A500指数,中证A500,CSI A500 Index,CSI A500,4343.7,4373.93,4342.6,4348.1,,0.95,19231331617.0,2893.57,,,2020-04-17,,2893.57
20200420,000510,中证A500指数,中证A500,CSI A500 Index,CSI A500,4356.22,4374.79,4347.68,4374.67,,0.61,16189948988.0,2311.32,,,2020-04-20,,2311.32
20200421,000510,中证A500指数,中证A500,CSI A500 Index,CSI A500,4357.82,4357.82,4291.43,4326.24,,-1.11,16635922126.0,2359.62,,,2020-04-21,,2359.62
20200422,000510,中证A500指数,中证A500,CSI A500 Index,CSI A500,4300.77,4361.69,4300.77,4361.69,,0.82,14318623524.0,2002.96,,,2020-04-22,,2002.96
20200423,000510,中证A500指数,中证A500,CSI A500 Index,CSI A500,4377.65,4377.65,4343.39,4346.14,,-0.36,15810408450.0,2185.63,,,2020-04-23,,2185.63
20200424,000510,中证A500指数,中证A500,CSI A500 Index,CSI A500,4339.93,4339.93,4292.05,4301.29,,-1.03,14858901566.0,2035.32,,,2020-04-24,,2035.32
20200427,000510,中证A500指数,中证A500,CSI A500 Index,CSI A500,4312.41,4343.62,4304.36,4322.08,,0.48,13863362627.0,1943.78,,,2020-04-27,,1943.78
20200428,000510,中证A500指数,中证A500,CSI A500 Index,CSI A500,4332.58,4350.81,4246.53,4340.13,,0.42,17703094422.0,2473.0,,,2020-04-28,,2473.0
20200429,000510,中证A500指数,中证A500,CSI A500 Index,CSI A500,4324.52,4374.17,4324.52,4354.04,,0.32,13272768326.0,1942.54,,,2020-04-29,,1942.54
20200430,000510,中证A500指数,中证A500,CSI A500 Index,CSI A500,4373.92,4426.39,4373.92,4420.99,,1.54,18665119407.0,2765.45,,,2020-04-30,,2765.45
20200506,000510,中证A500指数,中证A500,CSI A500 Index,CSI A500,4374.07,4468.59,4374.07,4467.84,,1.06,20011458877.0,2959.66,,,2020-05-06,,2959.66
20200507,000510,中证A500指数,中证A500,CSI A500 Index,CSI A500,4470.33,4473.2,4444.96,4455.39,,-0.28,16218981835.0,2374.92,,,2020-05-07,,2374.92
20200508,000510,中证A500指数,中证A500,CSI A500 Index,CSI A500,4477.07,4514.52,4477.07,4499.55,,0.99,16678512409.0,2571.33,,,2020-05-08,,2571.33
20200511,000510,中证A500指数,中证A500,CSI A500 Index,CSI A500,4517.01,4535.42,4479.45,4496.08,,-0.08,17722693754.0,2636.48,,,2020-05-11,,2636.48
20200512,000510,中证A500指数,中证A500,CSI A500 Index,CSI A500,4496.2,4506.72,4469.22,4505.2,,0.2,15235768161.0,2270.12,,,2020-05-12,,2270.12
20200513,000510,中证A500指数,中证A500,CSI A500 Index,CSI A500,4489.86,4518.35,4479.18,4517.11,,0.27,13838132268.0,2136.24,,,2020-05-13,,2136.24
20200514,000510,中证A500指数,中证A500,CSI A500 Index,CSI A500,4498.65,4499.01,4470.98,4471.89,,-1.0,14667682549.0,2139.17,,,2020-05-14,,2139.17
20200515,000510,中证A500指数,中证A500,CSI A500 Index,CSI A500,4490.96,4490.96,4458.8,4464.98,,-0.15,14885358751.0,2357.02,,,2020-05-15,,2357.02
20200518,000510,中证A500指数,中证A500,CSI A500 Index,CSI A500,4470.33,4493.4,4449.58,4464.68,,-0.01,17626848531.0,2763.87,,,2020-05-18,,2763.87
20200519,000510,中证A500指数,中证A500,CSI A500 Index,CSI A500,4509.59,4515.32,4493.13,4514.59,,1.12,14648453811.0,2377.2,,,2020-05-19,,2377.2
20200520,000510,中证A500指数,中证A500,CSI A500 Index,CSI A500,4516.83,4516.83,4480.56,4487.41,,-0.6,16181218919.0,2482.87,,,2020-05-20,,2482.87
20200521,000510,中证A500指数,中证A500,CSI A500 Index,CSI A500,4505.82,4505.82,4450.76,4455.34,,-0.72,14732554951.0,2255.32,,,2020-05-21,,2255.32
20200522,000510,中证A500指数,中证A500,CSI A500 Index,CSI A500,4448.08,4448.08,4352.63,4352.63,,-2.31,14931363100.0,2195.43,,,2020-05-22,,2195.43
20200525,000510,中证A500指数,中证A500,CSI A500 Index,CSI A500,4356.02,4356.39,4330.15,4353.58,,0.02,11518224499.0,1753.3,,,2020-05-25,,1753.3
20200526,000510,中证A500指数,中证A500,CSI A500 Index,CSI A500,4378.66,4419.89,4378.66,4417.79,,1.48,12046963871.0,1849.19,,,2020-05-26,,1849.19
20200527,000510,中证A500指数,中证A500,CSI A500 Index,CSI A500,4420.37,4420.37,4372.99,4380.41,,-0.85,13321313439.0,1908.6,,,2020-05-27,,1908.6
20200528,000510,中证A500指数,中证A500,CSI A500 Index,CSI A500,4382.04,4402.84,4338.6,4383.29,,0.07,13343682414.0,1916.81,,,2020-05-28,,1916.81
20200529,000510,中证A500指数,中证A500,CSI A500 Index,CSI A500,4365.14,4413.41,4365.14,4403.38,,0.46,14705300488.0,1973.13,,,2020-05-29,,1973.13
20200601,000510,中证A500指数,中证A500,CSI A500 Index,CSI A500,4440.58,4531.97,4440.58,4527.8,,2.83,19605303601.0,2813.51,,,2020-06-01,,2813.51
20200602,000510,中证A500指数,中证A500,CSI A500 Index,CSI A500,4531.65,4541.89,4519.92,4536.74,,0.2,20743691374.0,2720.25,,,2020-06-02,,2720.25
20200603,000510,中证A500指数,中证A500,CSI A500 Index,CSI A500,4554.79,4568.22,4538.9,4538.9,,0.05,19906031411.0,2802.29,,,2020-06-03,,2802.29
20200604,000510,中证A500指数,中证A500,CSI A500 Index,CSI A500,4554.41,4554.41,4526.39,4540.25,,0.03,16084718036.0,2186.08,,,2020-06-04,,2186.08
20200605,000510,中证A500指数,中证A500,CSI A500 Index,CSI A500,4546.62,4563.91,4529.91,4563.91,,0.52,15243801048.0,2124.12,,,2020-06-05,,2124.12
20200608,000510,中证A500指数,中证A500,CSI A500 Index,CSI A500,4589.96,4613.24,4574.11,4579.0,,0.33,18741851505.0,2590.12,,,2020-06-08,,2590.12
20200609,000510,中证A500指数,中证A500,CSI A500 Index,CSI A500,4585.78,4611.42,4585.76,4609.26,,0.66,16058311990.0,2207.23,,,2020-06-09,,2207.23
20200610,000510,中证A500指数,中证A500,CSI A500 Index,CSI A500,4610.64,4610.93,4589.04,4608.8,,-0.01,15908884160.0,2241.23,,,2020-06-10,,2241.23
20200611,000510,中证A500指数,中证A500,CSI A500 Index,CSI A500,4602.76,4623.06,4560.94,4570.37,,-0.83,18225468818.0,2763.74,,,2020-06-11,,2763.74
20200612,000510,中证A500指数,中证A500,CSI A500 Index,CSI A500,4491.56,4580.35,4491.56,4578.72,,0.18,19016263093.0,2732.81,,,2020-06-12,,2732.81
20200615,000510,中证A500指数,中证A500,CSI A500 Index,CSI A500,4558.35,4585.55,4528.09,4528.09,,-1.11,19223177739.0,2846.91,,,2020-06-15,,2846.91
20200616,000510,中证A500指数,中证A500,CSI A500 Index,CSI A500,4575.89,4607.55,4573.57,4607.55,,1.76,17976805638.0,2645.8,,,2020-06-16,,2645.8
20200617,000510,中证A500指数,中证A500,CSI A500 Index,CSI A500,4614.06,4616.21,4584.32,4615.95,,0.18,18414513089.0,2653.8,,,2020-06-17,,2653.8
20200618,000510,中证A500指数,中证A500,CSI A500 Index,CSI A500,4607.73,4641.2,4598.35,4637.77,,0.47,21126662430.0,2889.92,,,2020-06-18,,2889.92
20200619,000510,中证A500指数,中证A500,CSI A500 Index,CSI A500,4642.03,4703.24,4642.03,4695.52,,1.25,20030550989.0,3086.9,,,2020-06-19,,3086.9
20200622,000510,中证A500指数,中证A500,CSI A500 Index,CSI A500,4696.14,4715.86,4684.76,4695.88,,0.01,19404554099.0,3118.3,,,2020-06-22,,3118.3
20200623,000510,中证A500指数,中证A500,CSI A500 Index,CSI A500,4694.33,4724.73,4673.65,4722.54,,0.57,17356756044.0,2947.21,,,2020-06-23,,2947.21
20200624,000510,中证A500指数,中证A500,CSI A500 Index,CSI A500,4731.11,4743.67,4723.13,4738.67,,0.34,15940246921.0,2792.39,,,2020-06-24,,2792.39
20200629,000510,中证A500指数,中证A500,CSI A500 Index,CSI A500,4724.1,4724.1,4690.78,4708.42,,-0.64,17085627321.0,2800.73,,,2020-06-29,,2800.73
20200630,000510,中证A500指数,中证A500,CSI A500 Index,CSI A500,4732.79,4780.58,4732.79,4770.21,,1.31,16142094567.0,2791.31,,,2020-06-30,,2791.31
20200701,000510,中证A500指数,中证A500,CSI A500 Index,CSI A500,4785.29,4835.92,4782.79,4835.92,,1.38,20435409226.0,3568.59,,,2020-07-01,,3568.59
20200702,000510,中证A500指数,中证A500,CSI A500 Index,CSI A500,4828.39,4911.99,4828.39,4911.84,,1.57,28458910869.0,4319.2,,,2020-07-02,,4319.2
20200703,000510,中证A500指数,中证A500,CSI A500 Index,CSI A500,4927.67,4987.84,4927.67,4987.84,,1.55,30836042050.0,4662.82,,,2020-07-03,,4662.82
20200706,000510,中证A500指数,中证A500,CSI A500 Index,CSI A500,5026.97,5239.98,5026.97,5232.28,,4.9,44649776921.0,6390.15,,,2020-07-06,,6390.15
20200707,000510,中证A500指数,中证A500,CSI A500 Index,CSI A500,5305.38,5383.78,5298.14,5298.14,,1.26,45269374261.0,6888.24,,,2020-07-07,,6888.24
20200708,000510,中证A500指数,中证A500,CSI A500 Index,CSI A500,5299.34,5400.06,5284.16,5383.17,,1.61,38881236913.0,5884.15,,,2020-07-08,,5884.15
20200709,000510,中证A500指数,中证A500,CSI A500 Index,CSI A500,5385.39,5489.23,5385.39,5479.56,,1.79,42093621814.0,6452.87,,,2020-07-09,,6452.87
20200710,000510,中证A500指数,中证A500,CSI A500 Index,CSI A500,5439.38,5477.72,5397.0,5406.72,,-1.33,37915598598.0,6011.15,,,2020-07-10,,6011.15
20200713,000510,中证A500指数,中证A500,CSI A500 Index,CSI A500,5407.05,5554.95,5407.05,5548.96,,2.63,39058091864.0,6312.91,,,2020-07-13,,6312.91
20200714,000510,中证A500指数,中证A500,CSI A500 Index,CSI A500,5530.55,5551.71,5415.56,5488.31,,-1.09,38939503912.0,6408.7,,,2020-07-14,,6408.7
20200715,000510,中证A500指数,中证A500,CSI A500 Index,CSI A500,5502.09,5508.1,5383.14,5406.62,,-1.49,34905498716.0,5918.8,,,2020-07-15,,5918.8
20200716,000510,中证A500指数,中证A500,CSI A500 Index,CSI A500,5405.9,5429.67,5137.61,5137.61,,-4.98,34474209710.0,5889.02,,,2020-07-16,,5889.02
20200717,000510,中证A500指数,中证A500,CSI A500 Index,CSI A500,5147.57,5230.27,5132.02,5180.16,,0.83,25321881433.0,4372.59,,,2020-07-17,,4372.59
20200720,000510,中证A500指数,中证A500,CSI A500 Index,CSI A500,5243.72,5333.05,5189.63,5333.05,,2.95,30116153229.0,4840.11,,,2020-07-20,,4840.11
20200721,000510,中证A500指数,中证A500,CSI A500 Index,CSI A500,5352.4,5374.28,5320.13,5356.68,,0.44,25860066942.0,4304.05,,,2020-07-21,,4304.05
20200722,000510,中证A500指数,中证A500,CSI A500 Index,CSI A500,5348.68,5460.46,5348.68,5389.18,,0.61,27409517725.0,4561.76,,,2020-07-22,,4561.76
20200723,000510,中证A500指数,中证A500,CSI A500 Index,CSI A500,5340.8,5394.33,5276.54,5394.06,,0.09,29400001551.0,4931.09,,,2020-07-23,,4931.09
20200724,000510,中证A500指数,中证A500,CSI A500 Index,CSI A500,5356.59,5356.59,5119.79,5143.91,,-4.64,30650872110.0,5286.86,,,2020-07-24,,5286.86
20200727,000510,中证A500指数,中证A500,CSI A500 Index,CSI A500,5174.41,5196.66,5132.36,5170.21,,0.51,21003735318.0,3677.31,,,2020-07-27,,3677.31
20200728,000510,中证A500指数,中证A500,CSI A500 Index,CSI A500,5216.85,5241.14,5181.92,5214.28,,0.85,20335658778.0,3531.21,,,2020-07-28,,3531.21
20200729,000510,中证A500指数,中证A500,CSI A500 Index,CSI A500,5204.61,5347.23,5197.75,5347.07,,2.55,22895888330.0,4121.33,,,2020-07-29,,4121.33
20200730,000510,中证A500指数,中证A500,CSI A500 Index,CSI A500,5363.29,5369.63,5320.47,5321.45,,-0.48,22291228639.0,4070.96,,,2020-07-30,,4070.96
20200731,000510,中证A500指数,中证A500,CSI A500 Index,CSI A500,5318.59,5414.54,5296.09,5372.54,,0.96,23790795075.0,4262.57,,,2020-07-31,,4262.57
20200803,000510,中证A500指数,中证A500,CSI A500 Index,CSI A500,5417.01,5473.66,5411.1,5473.66,,1.88,27882437571.0,4912.6,,,2020-08-03,,4912.6
20200804,000510,中证A500指数,中证A500,CSI A500 Index,CSI A500,5483.19,5491.82,5442.83,5460.43,,-0.24,29127349161.0,5105.28,,,2020-08-04,,5105.28
20200805,000510,中证A500指数,中证A500,CSI A500 Index,CSI A500,5453.89,5488.82,5405.64,5478.6,,0.33,26021199236.0,4367.5,,,2020-08-05,,4367.5
20200806,000510,中证A500指数,中证A500,CSI A500 Index,CSI A500,5481.88,5481.88,5386.1,5456.16,,-0.41,30100803677.0,4957.88,,,2020-08-06,,4957.88
20200807,000510,中证A500指数,中证A500,CSI A500 Index,CSI A500,5439.43,5448.12,5320.28,5398.3,,-1.06,27386209361.0,4807.08,,,2020-08-07,,4807.08
20200810,000510,中证A500指数,中证A500,CSI A500 Index,CSI A500,5370.68,5436.63,5356.71,5408.44,,0.19,25492616406.0,4394.54,,,2020-08-10,,4394.54
20200811,000510,中证A500指数,中证A500,CSI A500 Index,CSI A500,5414.42,5466.25,5347.46,5347.46,,-1.13,25568588186.0,4114.53,,,2020-08-11,,4114.53
20200812,000510,中证A500指数,中证A500,CSI A500 Index,CSI A500,5333.09,5333.97,5209.24,5299.25,,-0.9,25521242551.0,4159.02,,,2020-08-12,,4159.02
20200813,000510,中证A500指数,中证A500,CSI A500 Index,CSI A500,5322.53,5322.53,5284.09,5286.89,,-0.23,20116222859.0,3027.85,,,2020-08-13,,3027.85
20200814,000510,中证A500指数,中证A500,CSI A500 Index,CSI A500,5278.64,5358.3,5275.95,5357.81,,1.34,18817254887.0,3002.1,,,2020-08-14,,3002.1
20200817,000510,中证A500指数,中证A500,CSI A500 Index,CSI A500,5377.86,5472.46,5377.86,5465.05,,2.0,28665444172.0,4359.15,,,2020-08-17,,4359.15
20200818,000510,中证A500指数,中证A500,CSI A500 Index,CSI A500,5468.91,5479.4,5445.69,5470.71,,0.1,23263855157.0,3662.17,,,2020-08-18,,3662.17
20200819,000510,中证A500指数,中证A500,CSI A500 Index,CSI A500,5462.87,5462.87,5373.74,5373.74,,-1.77,24549299605.0,3771.39,,,2020-08-19,,3771.39
20200820,000510,中证A500指数,中证A500,CSI A500 Index,CSI A500,5337.32,5356.21,5304.78,5312.22,,-1.15,20881056176.0,3137.82,,,2020-08-20,,3137.82
20200821,000510,中证A500指数,中证A500,CSI A500 Index,CSI A500,5354.97,5376.82,5324.78,5355.43,,0.81,18906967410.0,3013.14,,,2020-08-21,,3013.14
20200824,000510,中证A500指数,中证A500,CSI A500 Index,CSI A500,5388.05,5420.83,5354.69,5408.4,,0.99,20463421012.0,3323.52,,,2020-08-24,,3323.52
20200825,000510,中证A500指数,中证A500,CSI A500 Index,CSI A500,5421.99,5443.73,5397.24,5408.28,,0.0,20073874948.0,3202.86,,,2020-08-25,,3202.86
20200826,000510,中证A500指数,中证A500,CSI A500 Index,CSI A500,5409.36,5424.57,5319.27,5337.07,,-1.32,20669814338.0,3348.93,,,2020-08-26,,3348.93
20200827,000510,中证A500指数,中证A500,CSI A500 Index,CSI A500,5353.66,5377.07,5313.31,5375.69,,0.72,17566680383.0,2893.62,,,2020-08-27,,2893.62
20200828,000510,中证A500指数,中证A500,CSI A500 Index,CSI A500,5371.79,5488.82,5366.54,5488.53,,2.1,21168327156.0,3540.4,,,2020-08-28,,3540.4
20200831,000510,中证A500指数,中证A500,CSI A500 Index,CSI A500,5520.69,5548.2,5461.87,5461.87,,-0.49,24458160906.0,3938.8,,,2020-08-31,,3938.8
20200901,000510,中证A500指数,中证A500,CSI A500 Index,CSI A500,5449.82,5497.32,5449.82,5497.32,,0.65,18783409032.0,3104.36,,,2020-09-01,,3104.36
20200902,000510,中证A500指数,中证A500,CSI A500 Index,CSI A500,5516.17,5522.01,5450.51,5505.74,,0.15,23163530464.0,3481.47,,,2020-09-02,,3481.47
20200903,000510,中证A500指数,中证A500,CSI A500 Index,CSI A500,5503.94,5530.11,5459.93,5469.79,,-0.65,21057673335.0,3384.19,,,2020-09-03,,3384.19
20200904,000510,中证A500指数,中证A500,CSI A500 Index,CSI A500,5376.96,5429.21,5376.96,5421.34,,-0.89,18062070991.0,2986.78,,,2020-09-04,,2986.78
20200907,000510,中证A500指数,中证A500,CSI A500 Index,CSI A500,5414.05,5447.77,5294.24,5307.01,,-2.11,22883018469.0,3653.96,,,2020-09-07,,3653.96
20200908,000510,中证A500指数,中证A500,CSI A500 Index,CSI A500,5323.44,5345.4,5279.84,5336.6,,0.56,21979389905.0,3138.56,,,2020-09-08,,3138.56
20200909,000510,中证A500指数,中证A500,CSI A500 Index,CSI A500,5268.0,5273.05,5178.55,5199.37,,-2.57,27865045933.0,3377.1,,,2020-09-09,,3377.1
20200910,000510,中证A500指数,中证A500,CSI A500 Index,CSI A500,5249.68,5257.06,5162.54,5173.56,,-0.5,23930165692.0,2917.28,,,2020-09-10,,2917.28
20200911,000510,中证A500指数,中证A500,CSI A500 Index,CSI A500,5160.6,5239.84,5160.6,5237.35,,1.23,16744972260.0,2383.03,,,2020-09-11,,2383.03
20200914,000510,中证A500指数,中证A500,CSI A500 Index,CSI A500,5269.29,5298.15,5248.89,5277.35,,0.76,17147790132.0,2682.21,,,2020-09-14,,2682.21
20200915,000510,中证A500指数,中证A500,CSI A500 Index,CSI A500,5278.36,5325.81,5262.82,5323.0,,0.86,15752057803.0,2493.39,,,2020-09-15,,2493.39
20200916,000510,中证A500指数,中证A500,CSI A500 Index,CSI A500,5316.24,5316.24,5265.37,5282.26,,-0.77,15762130362.0,2381.48,,,2020-09-16,,2381.48
20200917,000510,中证A500指数,中证A500,CSI A500 Index,CSI A500,5267.22,5298.92,5231.52,5267.81,,-0.27,15723775645.0,2643.57,,,2020-09-17,,2643.57
20200918,000510,中证A500指数,中证A500,CSI A500 Index,CSI A500,5273.4,5367.5,5270.48,5367.5,,1.89,19423867282.0,3067.44,,,2020-09-18,,3067.44
20200921,000510,中证A500指数,中证A500,CSI A500 Index,CSI A500,5378.31,5378.31,5318.05,5321.31,,-0.86,16460091555.0,2617.79,,,2020-09-21,,2617.79
20200922,000510,中证A500指数,中证A500,CSI A500 Index,CSI A500,5280.08,5318.31,5247.87,5253.9,,-1.27,15020175601.0,2357.49,,,2020-09-22,,2357.49
20200923,000510,中证A500指数,中证A500,CSI A500 Index,CSI A500,5261.94,5293.36,5249.77,5281.51,,0.53,12730603573.0,2281.38,,,2020-09-23,,2281.38
20200924,000510,中证A500指数,中证A500,CSI A500 Index,CSI A500,5245.57,5245.57,5168.3,5168.3,,-2.14,15155348596.0,2332.27,,,2020-09-24,,2332.27
20200925,000510,中证A500指数,中证A500,CSI A500 Index,CSI A500,5191.98,5203.53,5153.19,5168.06,,-0.01,11202177275.0,1864.02,,,2020-09-25,,1864.02
20200928,000510,中证A500指数,中证A500,CSI A500 Index,CSI A500,5184.79,5205.85,5159.71,5167.09,,-0.02,10683765456.0,1805.04,,,2020-09-28,,1805.04
20200929,000510,中证A500指数,中证A500,CSI A500 Index,CSI A500,5196.23,5215.13,5179.71,5194.42,,0.53,11157309297.0,1910.91,,,2020-09-29,,1910.91
20200930,000510,中证A500指数,中证A500,CSI A500 Index,CSI A500,5212.61,5245.11,5171.6,5195.33,,0.02,11369734457.0,1942.87,,,2020-09-30,,1942.87
20201009,000510,中证A500指数,中证A500,CSI A500 Index,CSI A500,5290.33,5339.04,5290.33,5324.93,,2.5,14734710246.0,2758.12,,,2020-10-09,,2758.12
20201012,000510,中证A500指数,中证A500,CSI A500 Index,CSI A500,5357.82,5486.06,5357.82,5486.06,,3.03,19579964784.0,3567.35,,,2020-10-12,,3567.35
20201013,000510,中证A500指数,中证A500,CSI A500 Index,CSI A500,5478.97,5511.03,5458.19,5504.18,,0.33,14698547004.0,2824.11,,,2020-10-13,,2824.11
20201014,000510,中证A500指数,中证A500,CSI A500 Index,CSI A500,5495.72,5495.72,5462.49,5471.94,,-0.59,15762064405.0,2837.29,,,2020-10-14,,2837.29
20201015,000510,中证A500指数,中证A500,CSI A500 Index,CSI A500,5476.35,5483.75,5453.18,5453.18,,-0.34,14526302744.0,2537.68,,,2020-10-15,,2537.68
20201016,000510,中证A500指数,中证A500,CSI A500 Index,CSI A500,5452.89,5469.22,5406.65,5435.46,,-0.32,14623886736.0,2423.87,,,2020-10-16,,2423.87
20201019,000510,中证A500指数,中证A500,CSI A500 Index,CSI A500,5473.12,5489.78,5384.24,5394.39,,-0.76,15378214948.0,2565.6,,,2020-10-19,,2565.6
20201020,000510,中证A500指数,中证A500,CSI A500 Index,CSI A500,5392.6,5449.03,5385.87,5449.03,,1.01,13318684892.0,2247.73,,,2020-10-20,,2247.73
20201021,000510,中证A500指数,中证A500,CSI A500 Index,CSI A500,5457.08,5457.08,5395.42,5424.73,,-0.45,13944126085.0,2392.98,,,2020-10-21,,2392.98
20201022,000510,中证A500指数,中证A500,CSI A500 Index,CSI A500,5408.69,5408.69,5346.42,5401.81,,-0.42,12893436420.0,2260.23,,,2020-10-22,,2260.23
20201023,000510,中证A500指数,中证A500,CSI A500 Index,CSI A500,5402.2,5425.9,5322.92,5326.09,,-1.4,12986404424.0,2288.66,,,2020-10-23,,2288.66
20201026,000510,中证A500指数,中证A500,CSI A500 Index,CSI A500,5292.94,5333.39,5261.13,5321.13,,-0.09,12395018382.0,2242.51,,,2020-10-26,,2242.51
20201027,000510,中证A500指数,中证A500,CSI A500 Index,CSI A500,5307.72,5339.68,5300.08,5330.24,,0.17,12146894317.0,2211.36,,,2020-10-27,,2211.36
20201028,000510,中证A500指数,中证A500,CSI A500 Index,CSI A500,5331.78,5387.64,5311.31,5374.1,,0.82,14234505603.0,2718.59,,,2020-10-28,,2718.59
20201029,000510,中证A500指数,中证A500,CSI A500 Index,CSI A500,5311.06,5435.76,5311.06,5409.42,,0.66,15340123805.0,2949.81,,,2020-10-29,,2949.81
20201030,000510,中证A500指数,中证A500,CSI A500 Index,CSI A500,5419.26,5419.26,5322.51,5326.33,,-1.54,17871795771.0,3286.8,,,2020-10-30,,3286.8
20201102,000510,中证A500指数,中证A500,CSI A500 Index,CSI A500,5336.6,5379.53,5326.45,5367.02,,0.76,18240240953.0,3219.24,,,2020-11-02,,3219.24
20201103,000510,中证A500指数,中证A500,CSI A500 Index,CSI A500,5392.93,5444.91,5392.93,5433.06,,1.23,17228648660.0,2973.52,,,2020-11-03,,2973.52
20201104,000510,中证A500指数,中证A500,CSI A500 Index,CSI A500,5438.22,5473.6,5429.02,5471.58,,0.71,15030828293.0,2728.53,,,2020-11-04,,2728.53
20201105,000510,中证A500指数,中证A500,CSI A500 Index,CSI A500,5526.66,5557.56,5507.66,5557.56,,1.57,18256993408.0,3309.45,,,2020-11-05,,3309.45
20201106,000510,中证A500指数,中证A500,CSI A500 Index,CSI A500,5573.7,5573.7,5507.74,5546.89,,-0.19,19713041253.0,3532.65,,,2020-11-06,,3532.65
20201109,000510,中证A500指数,中证A500,CSI A500 Index,CSI A500,5586.27,5675.31,5586.27,5659.17,,2.02,25068389131.0,4328.58,,,2020-11-09,,4328.58
20201110,000510,中证A500指数,中证A500,CSI A500 Index,CSI A500,5671.27,5671.27,5603.87,5620.69,,-0.68,22632952570.0,3928.52,,,2020-11-10,,3928.52
20201111,000510,中证A500指数,中证A500,CSI A500 Index,CSI A500,5603.28,5612.4,5548.95,5548.95,,-1.28,21498558565.0,3508.13,,,2020-11-11,,3508.13
20201112,000510,中证A500指数,中证A500,CSI A500 Index,CSI A500,5568.58,5577.49,5544.26,5562.48,,0.24,16219828863.0,2715.03,,,2020-11-12,,2715.03
20201113,000510,中证A500指数,中证A500,CSI A500 Index,CSI A500,5543.72,5543.72,5487.11,5522.1,,-0.73,17500190188.0,3003.0,,,2020-11-13,,3003.0
20201116,000510,中证A500指数,中证A500,CSI A500 Index,CSI A500,5547.08,5572.11,5510.61,5572.11,,0.91,20817366373.0,3200.22,,,2020-11-16,,3200.22
20201117,000510,中证A500指数,中证A500,CSI A500 Index,CSI A500,5571.38,5571.38,5509.46,5541.17,,-0.56,20813894708.0,3388.63,,,2020-11-17,,3388.63
20201118,000510,中证A500指数,中证A500,CSI A500 Index,CSI A500,5535.63,5558.88,5508.65,5532.72,,-0.15,21026719599.0,3316.39,,,2020-11-18,,3316.39
20201119,000510,中证A500指数,中证A500,CSI A500 Index,CSI A500,5521.89,5571.54,5513.99,5566.21,,0.61,18074510449.0,2875.47,,,2020-11-19,,2875.47
20201120,000510,中证A500指数,中证A500,CSI A500 Index,CSI A500,5567.85,5599.62,5567.85,5598.92,,0.59,18553702374.0,2801.06,,,2020-11-20,,2801.06
20201123,000510,中证A500指数,中证A500,CSI A500 Index,CSI A500,5616.15,5679.27,5610.99,5661.67,,1.12,26865262626.0,3823.85,,,2020-11-23,,3823.85
20201124,000510,中证A500指数,中证A500,CSI A500 Index,CSI A500,5657.65,5657.65,5626.73,5636.44,,-0.45,21628709485.0,3200.81,,,2020-11-24,,3200.81
20201125,000510,中证A500指数,中证A500,CSI A500 Index,CSI A500,5653.44,5656.66,5554.24,5554.24,,-1.46,22562664688.0,3352.6,,,2020-11-25,,3352.6
20201126,000510,中证A500指数,中证A500,CSI A500 Index,CSI A500,5552.34,5564.84,5504.2,5554.53,,0.01,17847668476.0,2790.06,,,2020-11-26,,2790.06
20201127,000510,中证A500指数,中证A500,CSI A500 Index,CSI A500,5565.68,5603.62,5543.29,5603.62,,0.88,18775260150.0,2741.84,,,2020-11-27,,2741.84
20201130,000510,中证A500指数,中证A500,CSI A500 Index,CSI A500,5614.32,5664.37,5582.73,5582.73,,-0.37,27009682911.0,3939.3,,,2020-11-30,,3939.3
20201201,000510,中证A500指数,中证A500,CSI A500 Index,CSI A500,5585.51,5699.66,5585.51,5696.53,,2.04,21829291746.0,3425.39,,,2020-12-01,,3425.39
20201202,000510,中证A500指数,中证A500,CSI A500 Index,CSI A500,5703.61,5705.14,5672.32,5694.8,,-0.03,21796540359.0,3299.43,,,2020-12-02,,3299.43
20201203,000510,中证A500指数,中证A500,CSI A500 Index,CSI A500,5693.86,5693.86,5665.1,5683.71,,-0.2,19913465305.0,3059.29,,,2020-12-03,,3059.29
20201204,000510,中证A500指数,中证A500,CSI A500 Index,CSI A500,5677.88,5710.02,5658.86,5709.03,,0.45,16494044234.0,2807.54,,,2020-12-04,,2807.54
20201207,000510,中证A500指数,中证A500,CSI A500 Index,CSI A500,5712.26,5712.26,5664.83,5673.18,,-0.63,16818691396.0,2982.7,,,2020-12-07,,2982.7
20201208,000510,中证A500指数,中证A500,CSI A500 Index,CSI A500,5681.31,5692.96,5656.41,5665.39,,-0.14,14710592372.0,2694.85,,,2020-12-08,,2694.85
20201209,000510,中证A500指数,中证A500,CSI A500 Index,CSI A500,5678.38,5678.38,5585.43,5586.11,,-1.4,16843069531.0,2963.37,,,2020-12-09,,2963.37
20201210,000510,中证A500指数,中证A500,CSI A500 Index,CSI A500,5572.77,5611.36,5556.8,5588.71,,0.05,15423713498.0,2594.33,,,2020-12-10,,2594.33
20201211,000510,中证A500指数,中证A500,CSI A500 Index,CSI A500,5609.52,5609.52,5479.28,5524.98,,-1.14,19877666928.0,3194.71,,,2020-12-11,,3194.71
20201214,000510,中证A500指数,中证A500,CSI A500 Index,CSI A500,5537.91,5580.98,5523.43,5578.26,,0.96,15577812613.0,2799.94,,,2020-12-14,,2799.94
20201215,000510,中证A500指数,中证A500,CSI A500 Index,CSI A500,5576.25,5608.67,5558.22,5602.61,,0.44,14958733515.0,2829.26,,,2020-12-15,,2829.26
20201216,000510,中证A500指数,中证A500,CSI A500 Index,CSI A500,5615.66,5623.29,5592.99,5610.84,,0.15,14102783056.0,2639.13,,,2020-12-16,,2639.13
20201217,000510,中证A500指数,中证A500,CSI A500 Index,CSI A500,5617.39,5680.9,5609.78,5676.68,,1.17,17435921271.0,3031.0,,,2020-12-17,,3031.0
20201218,000510,中证A500指数,中证A500,CSI A500 Index,CSI A500,5676.71,5685.18,5646.25,5662.23,,-0.25,17563306700.0,2984.6,,,2020-12-18,,2984.6
20201221,000510,中证A500指数,中证A500,CSI A500 Index,CSI A500,5663.71,5741.24,5648.23,5741.24,,1.4,19224959439.0,3537.34,,,2020-12-21,,3537.34
20201222,000510,中证A500指数,中证A500,CSI A500 Index,CSI A500,5725.52,5745.48,5641.48,5643.71,,-1.7,21366738832.0,3800.01,,,2020-12-22,,3800.01
20201223,000510,中证A500指数,中证A500,CSI A500 Index,CSI A500,5656.34,5719.34,5656.34,5696.6,,0.94,19499362832.0,3644.88,,,2020-12-23,,3644.88
20201224,000510,中证A500指数,中证A500,CSI A500 Index,CSI A500,5695.98,5716.69,5655.97,5675.97,,-0.36,16882529660.0,3026.19,,,2020-12-24,,3026.19
20201225,000510,中证A500指数,中证A500,CSI A500 Index,CSI A500,5659.74,5728.04,5658.49,5728.04,,0.92,17379284102.0,2987.99,,,2020-12-25,,2987.99
20201228,000510,中证A500指数,中证A500,CSI A500 Index,CSI A500,5731.71,5766.83,5716.0,5739.37,,0.2,19632537962.0,3406.47,,,2020-12-28,,3406.47
20201229,000510,中证A500指数,中证A500,CSI A500 Index,CSI A500,5745.19,5746.01,5708.6,5710.8,,-0.5,20533123212.0,3361.33,,,2020-12-29,,3361.33
20201230,000510,中证A500指数,中证A500,CSI A500 Index,CSI A500,5711.27,5804.12,5711.27,5804.12,,1.63,19974929756.0,3523.9,,,2020-12-30,,3523.9
20201231,000510,中证A500指数,中证A500,CSI A500 Index,CSI A500,5814.86,5911.5,5814.86,5910.32,,1.83,20861405517.0,3954.01,,,2020-12-31,,3954.01
20210104,000510,中证A500指数,中证A500,CSI A500 Index,CSI A500,5917.31,6020.26,5917.31,6008.25,,1.66,26210238801.0,5078.7,,,2021-01-04,,5078.7
20210105,000510,中证A500指数,中证A500,CSI A500 Index,CSI A500,5981.41,6104.18,5981.41,6104.18,,1.6,28157756958.0,5486.8,,,2021-01-05,,5486.8
20210106,000510,中证A500指数,中证A500,CSI A500 Index,CSI A500,6125.57,6162.23,6071.77,6152.6,,0.79,25492079431.0,5026.61,,,2021-01-06,,5026.61
20210107,000510,中证A500指数,中证A500,CSI A500 Index,CSI A500,6159.41,6250.9,6152.86,6250.9,,1.6,29000224420.0,5394.14,,,2021-01-07,,5394.14
20210108,000510,中证A500指数,中证A500,CSI A500 Index,CSI A500,6268.62,6268.62,6192.27,6244.36,,-0.1,27569451672.0,5409.03,,,2021-01-08,,5409.03
20210111,000510,中证A500指数,中证A500,CSI A500 Index,CSI A500,6254.27,6297.46,6152.24,6183.55,,-0.97,30026927069.0,5947.74,,,2021-01-11,,5947.74
20210112,000510,中证A500指数,中证A500,CSI A500 Index,CSI A500,6160.57,6342.78,6160.57,6342.78,,2.58,26605850310.0,5292.92,,,2021-01-12,,5292.92
20210113,000510,中证A500指数,中证A500,CSI A500 Index,CSI A500,6357.15,6387.41,6271.07,6316.86,,-0.41,32704130764.0,6211.53,,,2021-01-13,,6211.53
20210114,000510,中证A500指数,中证A500,CSI A500 Index,CSI A500,6288.34,6288.34,6195.79,6200.97,,-1.83,29995574548.0,5683.05,,,2021-01-14,,5683.05
20210115,000510,中证A500指数,中证A500,CSI A500 Index,CSI A500,6199.84,6225.13,6115.34,6193.47,,-0.12,27022531088.0,5142.46,,,2021-01-15,,5142.46
20210118,000510,中证A500指数,中证A500,CSI A500 Index,CSI A500,6171.17,6286.0,6168.19,6271.03,,1.25,24923523224.0,4739.33,,,2021-01-18,,4739.33
20210119,000510,中证A500指数,中证A500,CSI A500 Index,CSI A500,6276.29,6277.79,6149.33,6172.69,,-1.57,25424128980.0,4823.73,,,2021-01-19,,4823.73
20210120,000510,中证A500指数,中证A500,CSI A500 Index,CSI A500,6180.97,6251.57,6180.97,6236.96,,1.04,21598730565.0,4243.78,,,2021-01-20,,4243.78
20210121,000510,中证A500指数,中证A500,CSI A500 Index,CSI A500,6256.51,6367.66,6256.51,6338.65,,1.63,26285899996.0,5116.02,,,2021-01-21,,5116.02
20210122,000510,中证A500指数,中证A500,CSI A500 Index,CSI A500,6335.68,6371.67,6293.24,6367.4,,0.45,25339945901.0,5288.22,,,2021-01-22,,5288.22
20210125,000510,中证A500指数,中证A500,CSI A500 Index,CSI A500,6363.06,6465.69,6343.54,6417.91,,0.79,25860221706.0,5934.47,,,2021-01-25,,5934.47
20210126,000510,中证A500指数,中证A500,CSI A500 Index,CSI A500,6386.64,6386.64,6277.77,6279.3,,-2.16,22239267569.0,4814.47,,,2021-01-26,,4814.47
20210127,000510,中证A500指数,中证A500,CSI A500 Index,CSI A500,6277.3,6308.9,6217.62,6300.5,,0.34,21550145914.0,4375.4,,,2021-01-27,,4375.4
20210128,000510,中证A500指数,中证A500,CSI A500 Index,CSI A500,6207.39,6227.22,6105.63,6118.35,,-2.89,22877237717.0,4413.36,,,2021-01-28,,4413.36
20210129,000510,中证A500指数,中证A500,CSI A500 Index,CSI A500,6163.02,6173.85,6007.74,6078.87,,-0.65,23543547612.0,4507.01,,,2021-01-29,,4507.01
20210201,000510,中证A500指数,中证A500,CSI A500 Index,CSI A500,6083.29,6158.16,6083.29,6155.65,,1.26,21072258656.0,3944.81,,,2021-02-01,,3944.81
20210202,000510,中证A500指数,中证A500,CSI A500 Index,CSI A500,6170.53,6253.18,6141.74,6250.85,,1.55,21516659890.0,4387.56,,,2021-02-02,,4387.56
20210203,000510,中证A500指数,中证A500,CSI A500 Index,CSI A500,6255.77,6288.96,6227.38,6228.09,,-0.36,24763826187.0,4779.17,,,2021-02-03,,4779.17
20210204,000510,中证A500指数,中证A500,CSI A500 Index,CSI A500,6198.16,6252.02,6144.96,6213.22,,-0.24,23371815732.0,4586.02,,,2021-02-04,,4586.02
20210205,000510,中证A500指数,中证A500,CSI A500 Index,CSI A500,6238.31,6274.4,6189.45,6192.76,,-0.33,22142231215.0,4408.63,,,2021-02-05,,4408.63
20210208,000510,中证A500指数,中证A500,CSI A500 Index,CSI A500,6218.28,6309.19,6201.81,6305.53,,1.82,19721962692.0,4090.65,,,2021-02-08,,4090.65
20210209,000510,中证A500指数,中证A500,CSI A500 Index,CSI A500,6330.98,6444.83,6317.16,6444.83,,2.21,20389412465.0,4219.72,,,2021-02-09,,4219.72
20210210,000510,中证A500指数,中证A500,CSI A500 Index,CSI A500,6473.68,6590.55,6473.68,6577.13,,2.05,20722771631.0,4528.45,,,2021-02-10,,4528.45
20210218,000510,中证A500指数,中证A500,CSI A500 Index,CSI A500,6712.15,6712.15,6527.5,6545.17,,-0.49,28643526366.0,5763.19,,,2021-02-18,,5763.19
20210219,000510,中证A500指数,中证A500,CSI A500 Index,CSI A500,6506.6,6564.02,6433.26,6558.11,,0.2,29101461492.0,5282.6,,,2021-02-19,,5282.6
20210222,000510,中证A500指数,中证A500,CSI A500 Index,CSI A500,6570.9,6570.9,6373.41,6373.41,,-2.82,38330859731.0,6402.01,,,2021-02-22,,6402.01
20210223,000510,中证A500指数,中证A500,CSI A500 Index,CSI A500,6314.29,6416.42,6314.29,6350.44,,-0.36,32059514255.0,5017.92,,,2021-02-23,,5017.92
20210224,000510,中证A500指数,中证A500,CSI A500 Index,CSI A500,6364.36,6364.36,6146.36,6188.31,,-2.55,30530684442.0,5501.56,,,2021-02-24,,5501.56
20210225,000510,中证A500指数,中证A500,CSI A500 Index,CSI A500,6259.28,6271.53,6191.3,6208.01,,0.32,28712972718.0,4652.69,,,2021-02-25,,4652.69
20210226,000510,中证A500指数,中证A500,CSI A500 Index,CSI A500,6062.05,6139.32,6045.66,6059.9,,-2.39,26505692884.0,4525.86,,,2021-02-26,,4525.86
20210301,000510,中证A500指数,中证A500,CSI A500 Index,CSI A500,6122.91,6178.88,6092.48,6175.4,,1.91,24877199074.0,4208.94,,,2021-03-01,,4208.94
20210302,000510,中证A500指数,中证A500,CSI A500 Index,CSI A500,6216.91,6216.91,6047.78,6100.19,,-1.22,27208376898.0,4444.75,,,2021-03-02,,4444.75
20210303,000510,中证A500指数,中证A500,CSI A500 Index,CSI A500,6077.24,6208.99,6075.13,6208.99,,1.78,26370575581.0,3928.58,,,2021-03-03,,3928.58
20210304,000510,中证A500指数,中证A500,CSI A500 Index,CSI A500,6138.32,6138.32,5999.26,6015.65,,-3.11,30517475747.0,4625.73,,,2021-03-04,,4625.73
20210305,000510,中证A500指数,中证A500,CSI A500 Index,CSI A500,5912.72,6026.47,5907.97,5988.56,,-0.45,26567593823.0,3945.55,,,2021-03-05,,3945.55
20210308,000510,中证A500指数,中证A500,CSI A500 Index,CSI A500,6032.27,6046.73,5780.11,5780.11,,-3.48,28846953485.0,4534.73,,,2021-03-08,,4534.73
20210309,000510,中证A500指数,中证A500,CSI A500 Index,CSI A500,5761.83,5790.85,5585.07,5655.17,,-2.16,31639492471.0,4785.26,,,2021-03-09,,4785.26
20210310,000510,中证A500指数,中证A500,CSI A500 Index,CSI A500,5747.46,5747.46,5673.22,5688.28,,0.59,23299802793.0,3578.87,,,2021-03-10,,3578.87
20210311,000510,中证A500指数,中证A500,CSI A500 Index,CSI A500,5711.23,5841.69,5707.13,5833.9,,2.56,25895658480.0,3858.48,,,2021-03-11,,3858.48
20210312,000510,中证A500指数,中证A500,CSI A500 Index,CSI A500,5866.63,5866.63,5791.53,5852.4,,0.32,26399573946.0,3750.2,,,2021-03-12,,3750.2
20210315,000510,中证A500指数,中证A500,CSI A500 Index,CSI A500,5819.98,5819.98,5682.24,5728.33,,-2.12,26893699169.0,3802.44,,,2021-03-15,,3802.44
20210316,000510,中证A500指数,中证A500,CSI A500 Index,CSI A500,5749.22,5778.9,5706.06,5775.38,,0.82,21943548486.0,3197.93,,,2021-03-16,,3197.93
20210317,000510,中证A500指数,中证A500,CSI A500 Index,CSI A500,5755.79,5817.21,5707.78,5803.25,,0.48,20221798211.0,3071.42,,,2021-03-17,,3071.42
20210318,000510,中证A500指数,中证A500,CSI A500 Index,CSI A500,5819.61,5860.09,5819.61,5852.63,,0.85,20416880195.0,3142.13,,,2021-03-18,,3142.13
20210319,000510,中证A500指数,中证A500,CSI A500 Index,CSI A500,5763.52,5787.67,5670.68,5699.52,,-2.62,21985330148.0,3354.37,,,2021-03-19,,3354.37
20210322,000510,中证A500指数,中证A500,CSI A500 Index,CSI A500,5703.01,5771.17,5697.5,5754.95,,0.97,21857241499.0,3135.71,,,2021-03-22,,3135.71
20210323,000510,中证A500指数,中证A500,CSI A500 Index,CSI A500,5754.82,5754.82,5646.62,5686.2,,-1.2,21480890284.0,3071.03,,,2021-03-23,,3071.03
20210324,000510,中证A500指数,中证A500,CSI A500 Index,CSI A500,5657.76,5697.26,5580.05,5586.29,,-1.76,20636756704.0,3046.16,,,2021-03-24,,3046.16
20210325,000510,中证A500指数,中证A500,CSI A500 Index,CSI A500,5558.1,5613.19,5547.42,5592.3,,0.11,17722667590.0,2590.73,,,2021-03-25,,2590.73
20210326,000510,中证A500指数,中证A500,CSI A500 Index,CSI A500,5621.77,5740.02,5621.77,5725.55,,2.38,19472270308.0,3209.56,,,2021-03-26,,3209.56
20210329,000510,中证A500指数,中证A500,CSI A500 Index,CSI A500,5744.18,5770.83,5705.24,5734.19,,0.15,19818999574.0,3135.44,,,2021-03-29,,3135.44
20210330,000510,中证A500指数,中证A500,CSI A500 Index,CSI A500,5728.72,5799.3,5728.72,5791.66,,1.0,19204347144.0,3016.02,,,2021-03-30,,3016.02
20210331,000510,中证A500指数,中证A500,CSI A500 Index,CSI A500,5784.17,5784.17,5711.99,5747.41,,-0.76,18605973461.0,2824.76,,,2021-03-31,,2824.76
20210401,000510,中证A500指数,中证A500,CSI A500 Index,CSI A500,5760.86,5826.97,5760.86,5823.45,,1.32,17231041410.0,2587.09,,,2021-04-01,,2587.09
20210402,000510,中证A500指数,中证A500,CSI A500 Index,CSI A500,5842.03,5885.72,5829.75,5874.1,,0.87,17381434989.0,2928.7,,,2021-04-02,,2928.7
20210406,000510,中证A500指数,中证A500,CSI A500 Index,CSI A500,5893.14,5893.14,5835.41,5852.78,,-0.36,15368831433.0,2581.05,,,2021-04-06,,2581.05
20210407,000510,中证A500指数,中证A500,CSI A500 Index,CSI A500,5859.58,5859.58,5768.15,5819.23,,-0.57,21244252251.0,2989.71,,,2021-04-07,,2989.71
20210408,000510,中证A500指数,中证A500,CSI A500 Index,CSI A500,5792.94,5847.74,5792.94,5828.24,,0.16,21852203452.0,2829.81,,,2021-04-08,,2829.81
20210409,000510,中证A500指数,中证A500,CSI A500 Index,CSI A500,5818.46,5818.46,5735.26,5747.94,,-1.38,19278105313.0,2715.63,,,2021-04-09,,2715.63
20210412,000510,中证A500指数,中证A500,CSI A500 Index,CSI A500,5740.91,5755.0,5631.33,5644.62,,-1.8,22091437360.0,3227.95,,,2021-04-12,,3227.95
20210413,000510,中证A500指数,中证A500,CSI A500 Index,CSI A500,5645.59,5695.9,5621.09,5637.59,,-0.13,18820504538.0,2670.39,,,2021-04-13,,2670.39
20210414,000510,中证A500指数,中证A500,CSI A500 Index,CSI A500,5648.99,5707.19,5648.99,5701.81,,1.14,17426142652.0,2639.52,,,2021-04-14,,2639.52
20210415,000510,中证A500指数,中证A500,CSI A500 Index,CSI A500,5687.16,5687.16,5613.63,5666.88,,-0.61,16193739682.0,2546.78,,,2021-04-15,,2546.78
20210416,000510,中证A500指数,中证A500,CSI A500 Index,CSI A500,5685.85,5700.64,5636.18,5689.23,,0.4,17015330421.0,2619.07,,,2021-04-16,,2619.07
20210419,000510,中证A500指数,中证A500,CSI A500 Index,CSI A500,5689.35,5833.29,5689.35,5832.82,,2.52,21124796427.0,3632.53,,,2021-04-19,,3632.53
20210420,000510,中证A500指数,中证A500,CSI A500 Index,CSI A500,5808.78,5862.51,5808.78,5825.43,,-0.13,19243564427.0,3287.3,,,2021-04-20,,3287.3
20210421,000510,中证A500指数,中证A500,CSI A500 Index,CSI A500,5789.27,5838.01,5781.29,5832.46,,0.12,17016473031.0,2807.04,,,2021-04-21,,2807.04
20210422,000510,中证A500指数,中证A500,CSI A500 Index,CSI A500,5853.3,5853.3,5808.7,5830.75,,-0.03,17438393332.0,2915.83,,,2021-04-22,,2915.83
20210423,000510,中证A500指数,中证A500,CSI A500 Index,CSI A500,5830.25,5898.71,5830.25,5889.83,,1.01,18307220858.0,3224.93,,,2021-04-23,,3224.93
20210426,000510,中证A500指数,中证A500,CSI A500 Index,CSI A500,5916.36,5949.9,5827.99,5830.56,,-1.01,21625743845.0,3988.71,,,2021-04-26,,3988.71
20210427,000510,中证A500指数,中证A500,CSI A500 Index,CSI A500,5827.71,5843.93,5789.05,5842.14,,0.2,17684641082.0,3070.29,,,2021-04-27,,3070.29
20210428,000510,中证A500指数,中证A500,CSI A500 Index,CSI A500,5824.66,5879.91,5813.5,5879.91,,0.65,17230866753.0,3268.31,,,2021-04-28,,3268.31
20210429,000510,中证A500指数,中证A500,CSI A500 Index,CSI A500,5891.77,5926.85,5873.04,5922.54,,0.73,18214015835.0,3377.29,,,2021-04-29,,3377.29
20210430,000510,中证A500指数,中证A500,CSI A500 Index,CSI A500,5915.74,5937.87,5871.12,5897.59,,-0.42,20540612692.0,3699.24,,,2021-04-30,,3699.24
20210506,000510,中证A500指数,中证A500,CSI A500 Index,CSI A500,5875.18,5895.95,5798.49,5833.79,,-1.08,21953552429.0,3843.84,,,2021-05-06,,3843.84
20210507,000510,中证A500指数,中证A500,CSI A500 Index,CSI A500,5851.46,5863.97,5755.95,5755.95,,-1.33,25569713478.0,3793.98,,,2021-05-07,,3793.98
20210510,000510,中证A500指数,中证A500,CSI A500 Index,CSI A500,5768.02,5791.21,5721.41,5764.59,,0.15,25922426031.0,3533.64,,,2021-05-10,,3533.64
20210511,000510,中证A500指数,中证A500,CSI A500 Index,CSI A500,5720.75,5792.46,5678.21,5779.37,,0.26,23966509378.0,3361.95,,,2021-05-11,,3361.95
20210512,000510,中证A500指数,中证A500,CSI A500 Index,CSI A500,5758.76,5812.12,5758.76,5807.62,,0.49,19438996667.0,2846.52,,,2021-05-12,,2846.52
20210513,000510,中证A500指数,中证A500,CSI A500 Index,CSI A500,5744.8,5775.98,5721.04,5736.59,,-1.22,21012177634.0,3045.12,,,2021-05-13,,3045.12
20210514,000510,中证A500指数,中证A500,CSI A500 Index,CSI A500,5754.04,5853.67,5728.46,5853.31,,2.04,20752144854.0,3555.61,,,2021-05-14,,3555.61
20210517,000510,中证A500指数,中证A500,CSI A500 Index,CSI A500,5864.05,5965.24,5864.05,5947.21,,1.6,20805279982.0,3863.23,,,2021-05-17,,3863.23
20210518,000510,中证A500指数,中证A500,CSI A500 Index,CSI A500,5953.46,5953.46,5921.09,5950.54,,0.06,16480933407.0,2826.59,,,2021-05-18,,2826.59
20210519,000510,中证A500指数,中证A500,CSI A500 Index,CSI A500,5933.6,5955.09,5921.41,5941.54,,-0.15,17263957896.0,3043.27,,,2021-05-19,,3043.27
20210520,000510,中证A500指数,中证A500,CSI A500 Index,CSI A500,5930.14,5956.71,5920.19,5941.72,,0.0,20197590159.0,3326.84,,,2021-05-20,,3326.84
20210521,000510,中证A500指数,中证A500,CSI A500 Index,CSI A500,5959.89,5974.97,5888.53,5895.27,,-0.78,17645085578.0,3177.48,,,2021-05-21,,3177.48
20210524,000510,中证A500指数,中证A500,CSI A500 Index,CSI A500,5898.2,5919.95,5858.47,5919.95,,0.42,17706141818.0,3263.05,,,2021-05-24,,3263.05
20210525,000510,中证A500指数,中证A500,CSI A500 Index,CSI A500,5931.89,6089.63,5931.89,6087.65,,2.83,21375737194.0,4293.81,,,2021-05-25,,4293.81
20210526,000510,中证A500指数,中证A500,CSI A500 Index,CSI A500,6095.66,6104.88,6074.27,6088.82,,0.02,20721229960.0,3765.48,,,2021-05-26,,3765.48
20210527,000510,中证A500指数,中证A500,CSI A500 Index,CSI A500,6082.58,6135.03,6067.77,6120.46,,0.52,19918507937.0,3602.45,,,2021-05-27,,3602.45
20210528,000510,中证A500指数,中证A500,CSI A500 Index,CSI A500,6125.56,6154.15,6085.68,6109.53,,-0.18,21435899231.0,3888.15,,,2021-05-28,,3888.15
20210531,000510,中证A500指数,中证A500,CSI A500 Index,CSI A500,6113.09,6139.47,6084.78,6139.47,,0.49,20096804696.0,3899.85,,,2021-05-31,,3899.85
20210601,000510,中证A500指数,中证A500,CSI A500 Index,CSI A500,6125.62,6156.17,6086.95,6154.66,,0.25,21019781358.0,3948.05,,,2021-06-01,,3948.05
20210602,000510,中证A500指数,中证A500,CSI A500 Index,CSI A500,6164.42,6164.42,6083.13,6094.16,,-0.98,20209283397.0,3625.71,,,2021-06-02,,3625.71
20210603,000510,中证A500指数,中证A500,CSI A500 Index,CSI A500,6092.05,6118.03,6053.73,6053.73,,-0.66,20634174277.0,3439.93,,,2021-06-03,,3439.93
20210604,000510,中证A500指数,中证A500,CSI A500 Index,CSI A500,6025.42,6132.13,6025.42,6089.26,,0.59,19208623837.0,3506.01,,,2021-06-04,,3506.01
20210607,000510,中证A500指数,中证A500,CSI A500 Index,CSI A500,6093.32,6093.32,6043.33,6081.27,,-0.13,18470591441.0,3499.52,,,2021-06-07,,3499.52
20210608,000510,中证A500指数,中证A500,CSI A500 Index,CSI A500,6081.44,6116.59,6013.38,6041.09,,-0.66,19255250375.0,3681.89,,,2021-06-08,,3681.89
20210609,000510,中证A500指数,中证A500,CSI A500 Index,CSI A500,6034.83,6064.76,6034.83,6056.56,,0.26,18323197747.0,3185.4,,,2021-06-09,,3185.4
20210610,000510,中证A500指数,中证A500,CSI A500 Index,CSI A500,6056.99,6144.11,6056.99,6119.88,,1.05,21592866136.0,3928.22,,,2021-06-10,,3928.22
20210611,000510,中证A500指数,中证A500,CSI A500 Index,CSI A500,6129.86,6129.86,6064.19,6083.1,,-0.6,25635867273.0,4601.57,,,2021-06-11,,4601.57
20210615,000510,中证A500指数,中证A500,CSI A500 Index,CSI A500,6080.3,6080.3,5990.48,6013.55,,-1.14,21699799851.0,4217.61,,,2021-06-15,,4217.61
20210616,000510,中证A500指数,中证A500,CSI A500 Index,CSI A500,6008.23,6008.23,5885.13,5889.21,,-2.07,19511417942.0,3898.29,,,2021-06-16,,3898.29
20210617,000510,中证A500指数,中证A500,CSI A500 Index,CSI A500,5882.81,5942.38,5882.81,5929.28,,0.68,18237442859.0,3648.08,,,2021-06-17,,3648.08
20210618,000510,中证A500指数,中证A500,CSI A500 Index,CSI A500,5935.17,5968.82,5903.97,5945.65,,0.28,21481681034.0,4377.11,,,2021-06-18,,4377.11
20210621,000510,中证A500指数,中证A500,CSI A500 Index,CSI A500,5931.03,5971.91,5926.03,5949.45,,0.06,20274964300.0,4207.19,,,2021-06-21,,4207.19
20210622,000510,中证A500指数,中证A500,CSI A500 Index,CSI A500,5966.66,5984.76,5944.12,5982.76,,0.56,20312499341.0,4029.14,,,2021-06-22,,4029.14
20210623,000510,中证A500指数,中证A500,CSI A500 Index,CSI A500,5990.12,6053.28,5990.12,6029.77,,0.79,20978546868.0,4497.55,,,2021-06-23,,4497.55
20210624,000510,中证A500指数,中证A500,CSI A500 Index,CSI A500,6041.46,6041.46,5995.31,6024.87,,-0.08,19102772789.0,3897.36,,,2021-06-24,,3897.36
20210625,000510,中证A500指数,中证A500,CSI A500 Index,CSI A500,6029.13,6125.86,6029.13,6114.66,,1.49,21470115391.0,4446.26,,,2021-06-25,,4446.26
20210628,000510,中证A500指数,中证A500,CSI A500 Index,CSI A500,6129.55,6147.26,6119.97,6144.37,,0.49,19582052964.0,4277.94,,,2021-06-28,,4277.94
20210629,000510,中证A500指数,中证A500,CSI A500 Index,CSI A500,6149.94,6149.94,6079.67,6084.5,,-0.97,18929527840.0,4132.39,,,2021-06-29,,4132.39
20210630,000510,中证A500指数,中证A500,CSI A500 Index,CSI A500,6084.55,6138.18,6084.55,6135.48,,0.84,16239889452.0,3690.37,,,2021-06-30,,3690.37
20210701,000510,中证A500指数,中证A500,CSI A500 Index,CSI A500,6153.55,6156.75,6093.91,6125.53,,-0.16,18071656080.0,4103.41,,,2021-07-01,,4103.41
20210702,000510,中证A500指数,中证A500,CSI A500 Index,CSI A500,6076.84,6076.84,5956.0,5961.76,,-2.67,18862061858.0,4336.12,,,2021-07-02,,4336.12
20210705,000510,中证A500指数,中证A500,CSI A500 Index,CSI A500,5958.12,5987.91,5933.02,5977.81,,0.27,19912104387.0,4354.72,,,2021-07-05,,4354.72
20210706,000510,中证A500指数,中证A500,CSI A500 Index,CSI A500,5986.28,5994.04,5905.08,5968.6,,-0.15,21102943506.0,4782.96,,,2021-07-06,,4782.96
20210707,000510,中证A500指数,中证A500,CSI A500 Index,CSI A500,5932.23,6059.5,5932.23,6053.03,,1.41,21998133738.0,4473.02,,,2021-07-07,,4473.02
20210708,000510,中证A500指数,中证A500,CSI A500 Index,CSI A500,6065.11,6065.11,6006.14,6013.08,,-0.66,24863464250.0,5170.1,,,2021-07-08,,5170.1
20210709,000510,中证A500指数,中证A500,CSI A500 Index,CSI A500,5983.81,6019.46,5928.84,6005.15,,-0.13,24716011814.0,4797.23,,,2021-07-09,,4797.23
20210712,000510,中证A500指数,中证A500,CSI A500 Index,CSI A500,6053.68,6128.21,6038.64,6108.0,,1.71,30171467677.0,5831.18,,,2021-07-12,,5831.18
20210713,000510,中证A500指数,中证A500,CSI A500 Index,CSI A500,6098.83,6128.1,6080.5,6113.5,,0.09,26815365986.0,5114.23,,,2021-07-13,,5114.23
20210714,000510,中证A500指数,中证A500,CSI A500 Index,CSI A500,6097.6,6097.6,6033.48,6039.68,,-1.21,27900882955.0,5031.26,,,2021-07-14,,5031.26
20210715,000510,中证A500指数,中证A500,CSI A500 Index,CSI A500,6025.16,6113.21,6020.1,6113.21,,1.22,26598338813.0,4868.85,,,2021-07-15,,4868.85
20210716,000510,中证A500指数,中证A500,CSI A500 Index,CSI A500,6100.54,6100.54,6034.51,6037.06,,-1.25,26637017235.0,5001.98,,,2021-07-16,,5001.98
20210719,000510,中证A500指数,中证A500,CSI A500 Index,CSI A500,6029.99,6055.53,5989.99,6054.57,,0.29,23968152424.0,4672.98,,,2021-07-19,,4672.98
20210720,000510,中证A500指数,中证A500,CSI A500 Index,CSI A500,6010.4,6058.47,6000.39,6055.58,,0.02,20581829868.0,3866.99,,,2021-07-20,,3866.99
20210721,000510,中证A500指数,中证A500,CSI A500 Index,CSI A500,6076.54,6137.02,6076.54,6120.05,,1.07,25785664331.0,5201.93,,,2021-07-21,,5201.93
20210722,000510,中证A500指数,中证A500,CSI A500 Index,CSI A500,6131.62,6138.82,6116.33,6136.11,,0.26,28709444654.0,5488.27,,,2021-07-22,,5488.27
20210723,000510,中证A500指数,中证A500,CSI A500 Index,CSI A500,6132.6,6132.6,6044.99,6059.25,,-1.25,33266034856.0,5815.77,,,2021-07-23,,5815.77
20210726,000510,中证A500指数,中证A500,CSI A500 Index,CSI A500,6035.1,6035.1,5805.52,5887.64,,-2.83,32234179465.0,6257.43,,,2021-07-26,,6257.43
20210727,000510,中证A500指数,中证A500,CSI A500 Index,CSI A500,5890.34,5909.36,5680.9,5680.9,,-3.51,35356212954.0,6869.83,,,2021-07-27,,6869.83
20210728,000510,中证A500指数,中证A500,CSI A500 Index,CSI A500,5633.31,5723.47,5600.71,5690.38,,0.17,29070601563.0,5529.69,,,2021-07-28,,5529.69
20210729,000510,中证A500指数,中证A500,CSI A500 Index,CSI A500,5802.13,5836.4,5769.43,5832.18,,2.49,25669799407.0,5478.57,,,2021-07-29,,5478.57
20210730,000510,中证A500指数,中证A500,CSI A500 Index,CSI A500,5810.88,5815.03,5745.66,5800.26,,-0.55,28208466356.0,5735.73,,,2021-07-30,,5735.73
20210802,000510,中证A500指数,中证A500,CSI A500 Index,CSI A500,5785.91,5927.99,5752.31,5927.99,,2.2,32190050074.0,6700.45,,,2021-08-02,,6700.45
20210803,000510,中证A500指数,中证A500,CSI A500 Index,CSI A500,5903.61,5940.89,5886.65,5910.1,,-0.3,29720200914.0,6098.55,,,2021-08-03,,6098.55
20210804,000510,中证A500指数,中证A500,CSI A500 Index,CSI A500,5900.55,5991.38,5900.55,5991.38,,1.38,26440365925.0,5674.77,,,2021-08-04,,5674.77
20210805,000510,中证A500指数,中证A500,CSI A500 Index,CSI A500,5955.53,5994.21,5936.62,5955.47,,-0.6,26524044056.0,5413.37,,,2021-08-05,,5413.37
20210806,000510,中证A500指数,中证A500,CSI A500 Index,CSI A500,5957.11,5957.11,5895.07,5928.87,,-0.45,25100323907.0,5140.77,,,2021-08-06,,5140.77
20210809,000510,中证A500指数,中证A500,CSI A500 Index,CSI A500,5887.81,5981.39,5887.81,5968.36,,0.67,25778173289.0,5246.48,,,2021-08-09,,5246.48
20210810,000510,中证A500指数,中证A500,CSI A500 Index,CSI A500,5959.26,6020.19,5930.33,6020.19,,0.87,24407405820.0,5343.5,,,2021-08-10,,5343.5
20210811,000510,中证A500指数,中证A500,CSI A500 Index,CSI A500,6015.23,6035.66,5998.46,5998.51,,-0.36,26334502745.0,4925.25,,,2021-08-11,,4925.25
20210812,000510,中证A500指数,中证A500,CSI A500 Index,CSI A500,5976.91,5997.58,5951.0,5958.76,,-0.66,27018077044.0,5065.61,,,2021-08-12,,5065.61
20210813,000510,中证A500指数,中证A500,CSI A500 Index,CSI A500,5932.88,5985.76,5900.87,5926.74,,-0.54,26402884016.0,5028.51,,,2021-08-13,,5028.51
20210816,000510,中证A500指数,中证A500,CSI A500 Index,CSI A500,5911.72,5937.5,5894.07,5899.81,,-0.45,25327166639.0,4681.85,,,2021-08-16,,4681.85
20210817,000510,中证A500指数,中证A500,CSI A500 Index,CSI A500,5897.38,5913.48,5750.3,5766.36,,-2.26,27160577454.0,5043.92,,,2021-08-17,,5043.92
20210818,000510,中证A500指数,中证A500,CSI A500 Index,CSI A500,5771.4,5820.87,5754.7,5814.07,,0.83,24574380424.0,4597.98,,,2021-08-18,,4597.98
20210819,000510,中证A500指数,中证A500,CSI A500 Index,CSI A500,5806.35,5827.09,5766.98,5799.53,,-0.25,24693647676.0,4562.54,,,2021-08-19,,4562.54
20210820,000510,中证A500指数,中证A500,CSI A500 Index,CSI A500,5747.22,5753.38,5638.86,5695.0,,-1.8,24287347346.0,5004.58,,,2021-08-20,,5004.58
20210823,000510,中证A500指数,中证A500,CSI A500 Index,CSI A500,5710.48,5799.31,5701.41,5796.37,,1.78,25110288910.0,5005.27,,,2021-08-23,,5005.27
20210824,000510,中证A500指数,中证A500,CSI A500 Index,CSI A500,5805.53,5872.11,5799.1,5856.87,,1.04,28160590975.0,5337.52,,,2021-08-24,,5337.52
20210825,000510,中证A500指数,中证A500,CSI A500 Index,CSI A500,5864.97,5886.59,5838.61,5886.59,,0.51,27685617264.0,4861.01,,,2021-08-25,,4861.01
20210826,000510,中证A500指数,中证A500,CSI A500 Index,CSI A500,5886.63,5886.63,5782.72,5782.72,,-1.77,31455062653.0,5137.42,,,2021-08-26,,5137.42
20210827,000510,中证A500指数,中证A500,CSI A500 Index,CSI A500,5772.15,5841.18,5772.15,5818.03,,0.61,30148773856.0,5160.32,,,2021-08-27,,5160.32
20210830,000510,中证A500指数,中证A500,CSI A500 Index,CSI A500,5845.13,5849.11,5789.15,5820.95,,0.05,34911645236.0,6524.42,,,2021-08-30,,6524.42
20210831,000510,中证A500指数,中证A500,CSI A500 Index,CSI A500,5811.12,5813.16,5733.14,5802.57,,-0.32,35030549746.0,6127.8,,,2021-08-31,,6127.8
20210901,000510,中证A500指数,中证A500,CSI A500 Index,CSI A500,5805.26,5855.83,5754.69,5832.35,,0.51,44610446147.0,7136.94,,,2021-09-01,,7136.94
20210902,000510,中证A500指数,中证A500,CSI A500 Index,CSI A500,5827.38,5852.95,5818.7,5838.75,,0.11,36713786820.0,5698.86,,,2021-09-02,,5698.86
20210903,000510,中证A500指数,中证A500,CSI A500 Index,CSI A500,5837.91,5843.38,5787.67,5802.26,,-0.63,37160246923.0,5901.48,,,2021-09-03,,5901.48
20210906,000510,中证A500指数,中证A500,CSI A500 Index,CSI A500,5805.26,5923.25,5805.26,5915.32,,1.95,33869655413.0,5697.63,,,2021-09-06,,5697.63
20210907,000510,中证A500指数,中证A500,CSI A500 Index,CSI A500,5915.45,5995.73,5913.27,5984.95,,1.18,34653745187.0,5343.83,,,2021-09-07,,5343.83
20210908,000510,中证A500指数,中证A500,CSI A500 Index,CSI A500,5980.93,5995.74,5948.05,5964.34,,-0.34,37755693676.0,5559.95,,,2021-09-08,,5559.95
20210909,000510,中证A500指数,中证A500,CSI A500 Index,CSI A500,5948.16,5973.65,5926.8,5973.65,,0.16,39515082224.0,5516.34,,,2021-09-09,,5516.34
20210910,000510,中证A500指数,中证A500,CSI A500 Index,CSI A500,5964.58,6024.61,5964.58,6012.27,,0.65,41133814978.0,6177.3,,,2021-09-10,,6177.3
20210913,000510,中证A500指数,中证A500,CSI A500 Index,CSI A500,6007.28,6025.53,5967.17,5993.7,,-0.31,37918214313.0,5888.98,,,2021-09-13,,5888.98
20210914,000510,中证A500指数,中证A500,CSI A500 Index,CSI A500,5988.56,6019.2,5926.21,5931.63,,-1.04,37805419542.0,5839.37,,,2021-09-14,,5839.37
20210915,000510,中证A500指数,中证A500,CSI A500 Index,CSI A500,5914.64,5917.58,5855.25,5883.49,,-0.81,29893803301.0,5053.46,,,2021-09-15,,5053.46
20210916,000510,中证A500指数,中证A500,CSI A500 Index,CSI A500,5885.92,5893.74,5792.72,5792.72,,-1.54,33862335396.0,5418.31,,,2021-09-16,,5418.31
20210917,000510,中证A500指数,中证A500,CSI A500 Index,CSI A500,5775.86,5832.48,5761.7,5827.77,,0.61,31371345516.0,4855.17,,,2021-09-17,,4855.17
20210922,000510,中证A500指数,中证A500,CSI A500 Index,CSI A500,5732.6,5813.8,5732.6,5806.3,,-0.37,27954613622.0,4122.95,,,2021-09-22,,4122.95
20210923,000510,中证A500指数,中证A500,CSI A500 Index,CSI A500,5845.35,5858.41,5827.97,5839.59,,0.57,34040344805.0,4902.21,,,2021-09-23,,4902.21
20210924,000510,中证A500指数,中证A500,CSI A500 Index,CSI A500,5829.5,5878.9,5817.17,5822.87,,-0.29,32452214968.0,4892.12,,,2021-09-24,,4892.12
20210927,000510,中证A500指数,中证A500,CSI A500 Index,CSI A500,5852.03,5880.5,5795.89,5828.92,,0.1,33066358961.0,5420.19,,,2021-09-27,,5420.19
20210928,000510,中证A500指数,中证A500,CSI A500 Index,CSI A500,5815.32,5846.96,5801.02,5826.69,,-0.04,24896905040.0,3952.5,,,2021-09-28,,3952.5
20210929,000510,中证A500指数,中证A500,CSI A500 Index,CSI A500,5778.85,5785.29,5720.05,5746.27,,-1.38,27728524566.0,4198.47,,,2021-09-29,,4198.47
20210930,000510,中证A500指数,中证A500,CSI A500 Index,CSI A500,5761.69,5821.9,5761.69,5812.6,,1.15,22280985382.0,3662.6,,,2021-09-30,,3662.6
20211008,000510,中证A500指数,中证A500,CSI A500 Index,CSI A500,5878.44,5884.37,5838.59,5869.22,,0.97,25581072357.0,4368.65,,,2021-10-08,,4368.65
20211011,000510,中证A500指数,中证A500,CSI A500 Index,CSI A500,5881.09,5904.65,5862.94,5866.91,,-0.04,24392154890.0,4013.89,,,2021-10-11,,4013.89
20211012,000510,中证A500指数,中证A500,CSI A500 Index,CSI A500,5851.08,5851.08,5741.53,5788.12,,-1.34,24705503496.0,3814.09,,,2021-10-12,,3814.09
20211013,000510,中证A500指数,中证A500,CSI A500 Index,CSI A500,5786.17,5866.57,5778.05,5860.55,,1.25,19976219460.0,3513.14,,,2021-10-13,,3513.14
20211014,000510,中证A500指数,中证A500,CSI A500 Index,CSI A500,5855.22,5866.68,5833.55,5846.66,,-0.24,18692296555.0,3212.39,,,2021-10-14,,3212.39
20211015,000510,中证A500指数,中证A500,CSI A500 Index,CSI A500,5829.95,5890.54,5829.95,5886.57,,0.68,22068198154.0,4033.46,,,2021-10-15,,4033.46
20211018,000510,中证A500指数,中证A500,CSI A500 Index,CSI A500,5882.07,5882.07,5810.16,5846.77,,-0.68,22286962467.0,4052.8,,,2021-10-18,,4052.8
20211019,000510,中证A500指数,中证A500,CSI A500 Index,CSI A500,5845.57,5896.53,5845.57,5892.99,,0.79,20594092429.0,3687.09,,,2021-10-19,,3687.09
20211020,000510,中证A500指数,中证A500,CSI A500 Index,CSI A500,5893.13,5906.83,5871.6,5883.56,,-0.16,21616257084.0,3793.18,,,2021-10-20,,3793.18
20211021,000510,中证A500指数,中证A500,CSI A500 Index,CSI A500,5887.73,5912.11,5868.42,5898.22,,0.25,22050404787.0,3677.41,,,2021-10-21,,3677.41
20211022,000510,中证A500指数,中证A500,CSI A500 Index,CSI A500,5907.79,5955.29,5907.79,5920.21,,0.37,22368101998.0,3894.56,,,2021-10-22,,3894.56
20211025,000510,中证A500指数,中证A500,CSI A500 Index,CSI A500,5904.15,5954.55,5903.78,5952.66,,0.55,20431456092.0,3867.92,,,2021-10-25,,3867.92
20211026,000510,中证A500指数,中证A500,CSI A500 Index,CSI A500,5970.57,5985.63,5926.38,5932.27,,-0.34,21938282328.0,4077.58,,,2021-10-26,,4077.58
20211027,000510,中证A500指数,中证A500,CSI A500 Index,CSI A500,5916.79,5916.79,5853.59,5870.53,,-1.04,22358886154.0,4005.29,,,2021-10-27,,4005.29
20211028,000510,中证A500指数,中证A500,CSI A500 Index,CSI A500,5855.25,5855.83,5807.61,5819.06,,-0.88,23909779527.0,4255.68,,,2021-10-28,,4255.68
20211029,000510,中证A500指数,中证A500,CSI A500 Index,CSI A500,5820.97,5894.05,5815.48,5894.05,,1.29,22717714987.0,4676.43,,,2021-10-29,,4676.43
20211101,000510,中证A500指数,中证A500,CSI A500 Index,CSI A500,5860.23,5904.35,5855.43,5877.44,,-0.28,24325908880.0,4824.76,,,2021-11-01,,4824.76
20211102,000510,中证A500指数,中证A500,CSI A500 Index,CSI A500,5874.14,5903.21,5781.96,5824.05,,-0.91,26638014441.0,4906.2,,,2021-11-02,,4906.2
20211103,000510,中证A500指数,中证A500,CSI A500 Index,CSI A500,5817.27,5835.32,5775.75,5800.75,,-0.4,20782111557.0,3908.72,,,2021-11-03,,3908.72
20211104,000510,中证A500指数,中证A500,CSI A500 Index,CSI A500,5826.11,5862.78,5826.11,5861.45,,1.05,20124610486.0,4023.7,,,2021-11-04,,4023.7
20211105,000510,中证A500指数,中证A500,CSI A500 Index,CSI A500,5849.52,5882.69,5823.74,5823.74,,-0.64,23685409587.0,4201.94,,,2021-11-05,,4201.94
20211108,000510,中证A500指数,中证A500,CSI A500 Index,CSI A500,5824.62,5856.85,5814.98,5839.17,,0.27,21151445891.0,3957.04,,,2021-11-08,,3957.04
20211109,000510,中证A500指数,中证A500,CSI A500 Index,CSI A500,5854.73,5856.18,5824.17,5852.7,,0.23,18758146337.0,3637.1,,,2021-11-09,,3637.1
20211110,000510,中证A500指数,中证A500,CSI A500 Index,CSI A500,5830.95,5830.95,5742.96,5813.94,,-0.66,21909457877.0,4124.4,,,2021-11-10,,4124.4
20211111,000510,中证A500指数,中证A500,CSI A500 Index,CSI A500,5807.85,5896.63,5807.85,5896.63,,1.42,23325204256.0,4193.88,,,2021-11-11,,4193.88
20211112,000510,中证A500指数,中证A500,CSI A500 Index,CSI A500,5902.56,5903.62,5874.28,5888.68,,-0.14,21532551163.0,3813.49,,,2021-11-12,,3813.49
20211115,000510,中证A500指数,中证A500,CSI A500 Index,CSI A500,5897.14,5897.14,5846.86,5866.55,,-0.38,19956973223.0,3856.06,,,2021-11-15,,3856.06
20211116,000510,中证A500指数,中证A500,CSI A500 Index,CSI A500,5864.01,5894.12,5852.69,5855.15,,-0.19,21180060450.0,3902.14,,,2021-11-16,,3902.14
20211117,000510,中证A500指数,中证A500,CSI A500 Index,CSI A500,5860.48,5877.41,5847.64,5877.41,,0.38,18157479843.0,3429.8,,,2021-11-17,,3429.8
20211118,000510,中证A500指数,中证A500,CSI A500 Index,CSI A500,5862.93,5862.93,5815.99,5825.67,,-0.88,20540179125.0,3538.57,,,2021-11-18,,3538.57
20211119,000510,中证A500指数,中证A500,CSI A500 Index,CSI A500,5821.31,5890.79,5821.31,5890.79,,1.12,21581725301.0,3650.42,,,2021-11-19,,3650.42
20211122,000510,中证A500指数,中证A500,CSI A500 Index,CSI A500,5901.92,5947.79,5901.92,5946.76,,0.95,22591521454.0,4387.86,,,2021-11-22,,4387.86
20211123,000510,中证A500指数,中证A500,CSI A500 Index,CSI A500,5938.26,5955.4,5932.59,5939.5,,-0.12,24543737191.0,4112.7,,,2021-11-23,,4112.7
20211124,000510,中证A500指数,中证A500,CSI A500 Index,CSI A500,5941.17,5955.04,5922.09,5937.12,,-0.04,22996363079.0,4033.23,,,2021-11-24,,4033.23
20211125,000510,中证A500指数,中证A500,CSI A500 Index,CSI A500,5935.78,5938.89,5912.8,5917.67,,-0.33,20581808762.0,3706.43,,,2021-11-25,,3706.43
20211126,000510,中证A500指数,中证A500,CSI A500 Index,CSI A500,5904.64,5909.58,5876.12,5881.7,,-0.61,20629562342.0,3522.62,,,2021-11-26,,3522.62
20211129,000510,中证A500指数,中证A500,CSI A500 Index,CSI A500,5829.89,5887.94,5829.89,5887.94,,0.11,21944780878.0,3972.07,,,2021-11-29,,3972.07
20211130,000510,中证A500指数,中证A500,CSI A500 Index,CSI A500,5900.18,5907.81,5852.29,5873.97,,-0.24,22100463615.0,4001.65,,,2021-11-30,,4001.65
20211201,000510,中证A500指数,中证A500,CSI A500 Index,CSI A500,5871.14,5878.75,5855.09,5878.75,,0.08,20686640356.0,3657.51,,,2021-12-01,,3657.51
20211202,000510,中证A500指数,中证A500,CSI A500 Index,CSI A500,5871.64,5896.17,5870.73,5882.73,,0.07,22575334198.0,3823.86,,,2021-12-02,,3823.86
20211203,000510,中证A500指数,中证A500,CSI A500 Index,CSI A500,5885.51,5934.43,5883.45,5934.43,,0.88,22420897588.0,3986.96,,,2021-12-03,,3986.96
20211206,000510,中证A500指数,中证A500,CSI A500 Index,CSI A500,5935.09,5956.89,5898.1,5901.36,,-0.56,25279204136.0,4209.3,,,2021-12-06,,4209.3
20211207,000510,中证A500指数,中证A500,CSI A500 Index,CSI A500,5943.72,5943.72,5875.31,5908.07,,0.11,25506651327.0,4388.13,,,2021-12-07,,4388.13
20211208,000510,中证A500指数,中证A500,CSI A500 Index,CSI A500,5925.56,6000.39,5912.51,6000.39,,1.56,22679762875.0,4116.96,,,2021-12-08,,4116.96
20211209,000510,中证A500指数,中证A500,CSI A500 Index,CSI A500,6005.08,6100.78,6005.08,6076.18,,1.26,27343144860.0,4892.84,,,2021-12-09,,4892.84
20211210,000510,中证A500指数,中证A500,CSI A500 Index,CSI A500,6037.99,6063.85,6037.99,6059.84,,-0.27,25671128683.0,4470.34,,,2021-12-10,,4470.34
20211213,000510,中证A500指数,中证A500,CSI A500 Index,CSI A500,6096.29,6144.55,6095.92,6100.57,,0.67,29476558582.0,5164.22,,,2021-12-13,,5164.22
20211214,000510,中证A500指数,中证A500,CSI A500 Index,CSI A500,6082.31,6082.31,6056.8,6061.81,,-0.64,24473542967.0,4159.95,,,2021-12-14,,4159.95
20211215,000510,中证A500指数,中证A500,CSI A500 Index,CSI A500,6047.19,6070.48,6015.09,6015.09,,-0.77,23189731556.0,3833.68,,,2021-12-15,,3833.68
20211216,000510,中证A500指数,中证A500,CSI A500 Index,CSI A500,6018.48,6056.57,6010.28,6056.57,,0.69,23867994329.0,3860.33,,,2021-12-16,,3860.33
20211217,000510,中证A500指数,中证A500,CSI A500 Index,CSI A500,6042.29,6042.29,5963.42,5963.42,,-1.54,25184296003.0,4062.16,,,2021-12-17,,4062.16
20211220,000510,中证A500指数,中证A500,CSI A500 Index,CSI A500,5940.97,5976.5,5862.01,5866.87,,-1.62,25509336744.0,4065.13,,,2021-12-20,,4065.13
20211221,000510,中证A500指数,中证A500,CSI A500 Index,CSI A500,5862.1,5916.22,5862.1,5913.35,,0.79,21263443663.0,3296.11,,,2021-12-21,,3296.11
20211222,000510,中证A500指数,中证A500,CSI A500 Index,CSI A500,5928.25,5942.15,5918.23,5927.96,,0.25,21665032267.0,3388.69,,,2021-12-22,,3388.69
20211223,000510,中证A500指数,中证A500,CSI A500 Index,CSI A500,5938.49,5964.54,5926.89,5964.54,,0.62,22018525636.0,3541.31,,,2021-12-23,,3541.31
20211224,000510,中证A500指数,中证A500,CSI A500 Index,CSI A500,5970.81,5973.15,5906.91,5921.26,,-0.73,21701999871.0,3728.43,,,2021-12-24,,3728.43
20211227,000510,中证A500指数,中证A500,CSI A500 Index,CSI A500,5914.68,5940.69,5888.88,5911.33,,-0.17,18881274438.0,3252.38,,,2021-12-27,,3252.38
20211228,000510,中证A500指数,中证A500,CSI A500 Index,CSI A500,5917.78,5950.96,5906.33,5950.72,,0.67,19392683238.0,3461.44,,,2021-12-28,,3461.44
20211229,000510,中证A500指数,中证A500,CSI A500 Index,CSI A500,5951.22,5951.22,5873.8,5873.8,,-1.29,17362556932.0,3425.34,,,2021-12-29,,3425.34
20211230,000510,中证A500指数,中证A500,CSI A500 Index,CSI A500,5872.6,5941.86,5872.6,5921.15,,0.81,18627083249.0,3410.28,,,2021-12-30,,3410.28
20211231,000510,中证A500指数,中证A500,CSI A500 Index,CSI A500,5937.72,5950.43,5929.0,5946.59,,0.43,18882680760.0,3406.49,,,2021-12-31,,3406.49
20220104,000510,中证A500指数,中证A500,CSI A500 Index,CSI A500,5969.93,5969.93,5874.24,5918.18,,-0.48,24950120576.0,4398.91,,,2022-01-04,,4398.91
20220105,000510,中证A500指数,中证A500,CSI A500 Index,CSI A500,5905.27,5905.27,5826.33,5843.02,,-1.27,27102059921.0,4609.65,,,2022-01-05,,4609.65
20220106,000510,中证A500指数,中证A500,CSI A500 Index,CSI A500,5812.24,5825.32,5758.46,5793.98,,-0.84,24845505717.0,4048.99,,,2022-01-06,,4048.99
20220107,000510,中证A500指数,中证A500,CSI A500 Index,CSI A500,5801.03,5835.58,5785.07,5789.44,,-0.08,28289974193.0,4251.7,,,2022-01-07,,4251.7
20220110,000510,中证A500指数,中证A500,CSI A500 Index,CSI A500,5778.05,5815.86,5754.79,5815.68,,0.45,22876350650.0,3765.05,,,2022-01-10,,3765.05
20220111,000510,中证A500指数,中证A500,CSI A500 Index,CSI A500,5812.12,5815.9,5751.11,5756.27,,-1.02,22305185184.0,3668.56,,,2022-01-11,,3668.56
20220112,000510,中证A500指数,中证A500,CSI A500 Index,CSI A500,5784.31,5820.8,5780.29,5819.56,,1.1,21856941080.0,3762.1,,,2022-01-12,,3762.1
20220113,000510,中证A500指数,中证A500,CSI A500 Index,CSI A500,5830.48,5830.48,5721.89,5721.89,,-1.68,22376906762.0,3682.65,,,2022-01-13,,3682.65
20220114,000510,中证A500指数,中证A500,CSI A500 Index,CSI A500,5694.65,5727.19,5686.41,5688.78,,-0.58,22982574288.0,3646.34,,,2022-01-14,,3646.34
20220117,000510,中证A500指数,中证A500,CSI A500 Index,CSI A500,5692.6,5753.32,5692.6,5748.23,,1.05,20705383123.0,3655.03,,,2022-01-17,,3655.03
20220118,000510,中证A500指数,中证A500,CSI A500 Index,CSI A500,5748.63,5807.45,5748.63,5795.1,,0.82,24170938651.0,3815.66,,,2022-01-18,,3815.66
20220119,000510,中证A500指数,中证A500,CSI A500 Index,CSI A500,5796.07,5796.07,5722.28,5750.42,,-0.77,22556973160.0,3698.69,,,2022-01-19,,3698.69
20220120,000510,中证A500指数,中证A500,CSI A500 Index,CSI A500,5748.88,5796.81,5748.88,5775.12,,0.43,23761567800.0,3762.06,,,2022-01-20,,3762.06
20220121,000510,中证A500指数,中证A500,CSI A500 Index,CSI A500,5757.41,5757.41,5697.97,5717.54,,-1.0,20836637934.0,3450.76,,,2022-01-21,,3450.76
20220124,000510,中证A500指数,中证A500,CSI A500 Index,CSI A500,5687.41,5743.14,5687.41,5727.52,,0.18,17280180779.0,3076.34,,,2022-01-24,,3076.34
20220125,000510,中证A500指数,中证A500,CSI A500 Index,CSI A500,5698.13,5704.52,5584.99,5584.99,,-2.49,20541129096.0,3237.68,,,2022-01-25,,3237.68
20220126,000510,中证A500指数,中证A500,CSI A500 Index,CSI A500,5607.95,5629.01,5564.72,5620.96,,0.64,16124767531.0,2792.79,,,2022-01-26,,2792.79
20220127,000510,中证A500指数,中证A500,CSI A500 Index,CSI A500,5616.28,5616.28,5495.51,5497.25,,-2.2,17783654380.0,3045.08,,,2022-01-27,,3045.08
20220128,000510,中证A500指数,中证A500,CSI A500 Index,CSI A500,5530.45,5530.45,5429.71,5435.23,,-1.13,18647440441.0,3181.21,,,2022-01-28,,3181.21
20220207,000510,中证A500指数,中证A500,CSI A500 Index,CSI A500,5527.46,5554.9,5506.09,5523.91,,1.63,21343234984.0,3248.96,,,2022-02-07,,3248.96
20220208,000510,中证A500指数,中证A500,CSI A500 Index,CSI A500,5516.39,5516.39,5404.05,5504.02,,-0.36,22578326477.0,3441.48,,,2022-02-08,,3441.48
20220209,000510,中证A500指数,中证A500,CSI A500 Index,CSI A500,5503.98,5573.48,5493.88,5565.43,,1.12,22429992743.0,3438.28,,,2022-02-09,,3438.28
20220210,000510,中证A500指数,中证A500,CSI A500 Index,CSI A500,5571.57,5571.57,5518.94,5552.24,,-0.24,22844792552.0,3528.78,,,2022-02-10,,3528.78
20220211,000510,中证A500指数,中证A500,CSI A500 Index,CSI A500,5525.45,5567.24,5489.59,5495.93,,-1.01,22728061696.0,3722.44,,,2022-02-11,,3722.44
20220214,000510,中证A500指数,中证A500,CSI A500 Index,CSI A500,5467.99,5493.0,5421.24,5443.93,,-0.95,20075401215.0,3268.34,,,2022-02-14,,3268.34
20220215,000510,中证A500指数,中证A500,CSI A500 Index,CSI A500,5447.48,5507.57,5447.48,5506.28,,1.15,16628112289.0,3029.35,,,2022-02-15,,3029.35
20220216,000510,中证A500指数,中证A500,CSI A500 Index,CSI A500,5529.99,5553.8,5513.79,5527.48,,0.39,16210696443.0,2653.84,,,2022-02-16,,2653.84
20220217,000510,中证A500指数,中证A500,CSI A500 Index,CSI A500,5525.26,5564.71,5517.39,5541.82,,0.26,17594702260.0,2947.44,,,2022-02-17,,2947.44
20220218,000510,中证A500指数,中证A500,CSI A500 Index,CSI A500,5511.49,5573.07,5511.49,5573.07,,0.56,18140253623.0,2668.38,,,2022-02-18,,2668.38
20220221,000510,中证A500指数,中证A500,CSI A500 Index,CSI A500,5569.58,5569.58,5536.52,5559.14,,-0.25,18746465292.0,2921.84,,,2022-02-21,,2921.84
20220222,000510,中证A500指数,中证A500,CSI A500 Index,CSI A500,5521.66,5521.66,5461.67,5490.21,,-1.24,19875168665.0,3261.7,,,2022-02-22,,3261.7
20220223,000510,中证A500指数,中证A500,CSI A500 Index,CSI A500,5498.93,5565.05,5498.93,5563.02,,1.33,19490067916.0,3514.25,,,2022-02-23,,3514.25
20220224,000510,中证A500指数,中证A500,CSI A500 Index,CSI A500,5527.33,5551.13,5404.77,5453.18,,-1.97,29108685112.0,4645.36,,,2022-02-24,,4645.36
20220225,000510,中证A500指数,中证A500,CSI A500 Index,CSI A500,5496.6,5554.25,5494.65,5505.8,,0.97,22694871428.0,3602.52,,,2022-02-25,,3602.52
20220228,000510,中证A500指数,中证A500,CSI A500 Index,CSI A500,5497.66,5523.09,5470.99,5523.09,,0.31,20510990234.0,3301.17,,,2022-02-28,,3301.17
20220301,000510,中证A500指数,中证A500,CSI A500 Index,CSI A500,5541.15,5561.88,5521.09,5559.84,,0.67,18943871860.0,3354.57,,,2022-03-01,,3354.57
20220302,000510,中证A500指数,中证A500,CSI A500 Index,CSI A500,5530.76,5530.76,5494.73,5512.81,,-0.85,18488082172.0,2920.49,,,2022-03-02,,2920.49
20220303,000510,中证A500指数,中证A500,CSI A500 Index,CSI A500,5533.75,5533.75,5474.83,5477.91,,-0.63,24010616235.0,3391.76,,,2022-03-03,,3391.76
20220304,000510,中证A500指数,中证A500,CSI A500 Index,CSI A500,5430.68,5458.57,5387.91,5405.51,,-1.32,22190976655.0,3390.14,,,2022-03-04,,3390.14
20220307,000510,中证A500指数,中证A500,CSI A500 Index,CSI A500,5370.14,5370.14,5224.41,5236.45,,-3.13,24792712942.0,3901.25,,,2022-03-07,,3901.25
20220308,000510,中证A500指数,中证A500,CSI A500 Index,CSI A500,5245.12,5249.03,5110.56,5122.25,,-2.18,26109490815.0,4067.68,,,2022-03-08,,4067.68
20220309,000510,中证A500指数,中证A500,CSI A500 Index,CSI A500,5139.48,5154.46,4891.57,5074.85,,-0.93,28190452636.0,4291.32,,,2022-03-09,,4291.32
20220310,000510,中证A500指数,中证A500,CSI A500 Index,CSI A500,5193.89,5211.3,5156.61,5160.58,,1.69,21857153588.0,3828.16,,,2022-03-10,,3828.16
20220311,000510,中证A500指数,中证A500,CSI A500 Index,CSI A500,5086.66,5179.77,5021.86,5175.83,,0.3,21528723508.0,3629.29,,,2022-03-11,,3629.29
20220314,000510,中证A500指数,中证A500,CSI A500 Index,CSI A500,5108.13,5139.8,5019.8,5019.8,,-3.02,18862334894.0,3259.22,,,2022-03-14,,3259.22
20220315,000510,中证A500指数,中证A500,CSI A500 Index,CSI A500,4963.5,5002.8,4778.88,4778.88,,-4.8,28132996538.0,4184.71,,,2022-03-15,,4184.71
20220316,000510,中证A500指数,中证A500,CSI A500 Index,CSI A500,4866.6,4990.61,4731.58,4980.24,,4.21,26512636057.0,4481.16,,,2022-03-16,,4481.16
20220317,000510,中证A500指数,中证A500,CSI A500 Index,CSI A500,5078.06,5153.4,5066.65,5084.8,,2.1,24626772356.0,4591.35,,,2022-03-17,,4591.35
20220318,000510,中证A500指数,中证A500,CSI A500 Index,CSI A500,5062.86,5137.89,5042.61,5121.25,,0.72,19988122077.0,3308.0,,,2022-03-18,,3308.0
20220321,000510,中证A500指数,中证A500,CSI A500 Index,CSI A500,5139.5,5150.17,5082.58,5119.37,,-0.04,18976176634.0,3186.1,,,2022-03-21,,3186.1
20220322,000510,中证A500指数,中证A500,CSI A500 Index,CSI A500,5112.81,5139.83,5098.59,5116.69,,-0.05,18419136478.0,2821.41,,,2022-03-22,,2821.41
20220323,000510,中证A500指数,中证A500,CSI A500 Index,CSI A500,5134.11,5152.32,5101.19,5143.95,,0.53,17219785734.0,2847.16,,,2022-03-23,,2847.16
20220324,000510,中证A500指数,中证A500,CSI A500 Index,CSI A500,5113.69,5138.96,5073.23,5110.49,,-0.65,16191132722.0,2778.04,,,2022-03-24,,2778.04
20220325,000510,中证A500指数,中证A500,CSI A500 Index,CSI A500,5108.51,5112.06,5019.0,5019.0,,-1.79,15672954135.0,2664.69,,,2022-03-25,,2664.69
20220328,000510,中证A500指数,中证A500,CSI A500 Index,CSI A500,4966.65,5012.12,4929.23,4992.3,,-0.53,16791848252.0,2639.01,,,2022-03-28,,2639.01
20220329,000510,中证A500指数,中证A500,CSI A500 Index,CSI A500,5001.66,5024.01,4965.01,4970.51,,-0.44,14677130965.0,2504.25,,,2022-03-29,,2504.25
20220330,000510,中证A500指数,中证A500,CSI A500 Index,CSI A500,5002.25,5107.48,5001.01,5107.48,,2.76,18710804712.0,3188.53,,,2022-03-30,,3188.53
20220331,000510,中证A500指数,中证A500,CSI A500 Index,CSI A500,5086.47,5086.47,5054.72,5061.53,,-0.9,18905975688.0,2934.66,,,2022-03-31,,2934.66
20220401,000510,中证A500指数,中证A500,CSI A500 Index,CSI A500,5032.63,5128.83,5032.63,5117.28,,1.1,18501543824.0,2893.13,,,2022-04-01,,2893.13
20220406,000510,中证A500指数,中证A500,CSI A500 Index,CSI A500,5099.62,5105.62,5069.46,5099.74,,-0.34,22603251085.0,3155.65,,,2022-04-06,,3155.65
20220407,000510,中证A500指数,中证A500,CSI A500 Index,CSI A500,5070.96,5103.57,5031.06,5031.06,,-1.35,20511954675.0,2775.33,,,2022-04-07,,2775.33
20220408,000510,中证A500指数,中证A500,CSI A500 Index,CSI A500,5034.97,5058.81,4983.64,5052.46,,0.43,21401643028.0,2910.43,,,2022-04-08,,2910.43
20220411,000510,中证A500指数,中证A500,CSI A500 Index,CSI A500,5021.66,5021.66,4878.16,4887.54,,-3.26,21991671517.0,3281.4,,,2022-04-11,,3281.4
20220412,000510,中证A500指数,中证A500,CSI A500 Index,CSI A500,4890.1,4975.75,4859.38,4975.75,,1.8,20393884813.0,2998.51,,,2022-04-12,,2998.51
20220413,000510,中证A500指数,中证A500,CSI A500 Index,CSI A500,4945.91,4987.1,4923.65,4923.65,,-1.05,19058901284.0,2734.53,,,2022-04-13,,2734.53
20220414,000510,中证A500指数,中证A500,CSI A500 Index,CSI A500,4961.16,5015.05,4945.01,4985.5,,1.26,18001916219.0,2907.91,,,2022-04-14,,2907.91
20220415,000510,中证A500指数,中证A500,CSI A500 Index,CSI A500,4951.67,4999.21,4946.72,4968.77,,-0.34,19395475184.0,2846.28,,,2022-04-15,,2846.28
20220418,000510,中证A500指数,中证A500,CSI A500 Index,CSI A500,4929.16,4957.58,4913.05,4953.2,,-0.31,16369090322.0,2556.74,,,2022-04-18,,2556.74
20220419,000510,中证A500指数,中证A500,CSI A500 Index,CSI A500,4949.86,4965.39,4906.6,4925.82,,-0.55,16009584288.0,2530.58,,,2022-04-19,,2530.58
20220420,000510,中证A500指数,中证A500,CSI A500 Index,CSI A500,4921.81,4921.81,4835.12,4838.8,,-1.77,17611989454.0,2653.4,,,2022-04-20,,2653.4
20220421,000510,中证A500指数,中证A500,CSI A500 Index,CSI A500,4813.57,4855.27,4709.31,4729.12,,-2.27,19133476902.0,2738.4,,,2022-04-21,,2738.4
20220422,000510,中证A500指数,中证A500,CSI A500 Index,CSI A500,4696.38,4772.52,4690.69,4741.82,,0.27,17146552515.0,2465.46,,,2022-04-22,,2465.46
20220425,000510,中证A500指数,中证A500,CSI A500 Index,CSI A500,4649.61,4651.92,4484.45,4484.45,,-5.43,23774761037.0,3235.35,,,2022-04-25,,3235.35
20220426,000510,中证A500指数,中证A500,CSI A500 Index,CSI A500,4492.28,4547.0,4430.28,4436.91,,-1.06,22066885195.0,3056.25,,,2022-04-26,,3056.25
20220427,000510,中证A500指数,中证A500,CSI A500 Index,CSI A500,4406.44,4591.57,4406.44,4591.57,,3.49,24462260438.0,3520.41,,,2022-04-27,,3520.41
20220428,000510,中证A500指数,中证A500,CSI A500 Index,CSI A500,4575.23,4633.93,4567.72,4615.85,,0.53,21054672445.0,3144.2,,,2022-04-28,,3144.2
20220429,000510,中证A500指数,中证A500,CSI A500 Index,CSI A500,4639.16,4746.24,4605.88,4745.73,,2.81,24293091382.0,3718.18,,,2022-04-29,,3718.18
20220505,000510,中证A500指数,中证A500,CSI A500 Index,CSI A500,4723.36,4783.91,4722.68,4749.48,,0.08,20991357640.0,3404.74,,,2022-05-05,,3404.74
20220506,000510,中证A500指数,中证A500,CSI A500 Index,CSI A500,4646.23,4668.09,4626.03,4630.76,,-2.5,17825196798.0,2572.96,,,2022-05-06,,2572.96
20220509,000510,中证A500指数,中证A500,CSI A500 Index,CSI A500,4602.98,4636.98,4579.2,4603.14,,-0.6,14440260112.0,2110.99,,,2022-05-09,,2110.99
20220510,000510,中证A500指数,中证A500,CSI A500 Index,CSI A500,4533.55,4657.03,4533.55,4655.1,,1.13,19917727046.0,2885.35,,,2022-05-10,,2885.35
20220511,000510,中证A500指数,中证A500,CSI A500 Index,CSI A500,4654.35,4793.5,4654.35,4724.33,,1.49,23806784115.0,3718.43,,,2022-05-11,,3718.43
20220512,000510,中证A500指数,中证A500,CSI A500 Index,CSI A500,4692.56,4728.37,4676.45,4706.89,,-0.37,16754769373.0,2464.78,,,2022-05-12,,2464.78
20220513,000510,中证A500指数,中证A500,CSI A500 Index,CSI A500,4736.42,4747.83,4705.45,4743.89,,0.79,15711779553.0,2352.84,,,2022-05-13,,2352.84
20220516,000510,中证A500指数,中证A500,CSI A500 Index,CSI A500,4778.44,4778.44,4708.18,4715.22,,-0.6,16718201320.0,2473.83,,,2022-05-16,,2473.83
20220517,000510,中证A500指数,中证A500,CSI A500 Index,CSI A500,4721.16,4774.9,4709.5,4774.9,,1.27,16131884498.0,2589.85,,,2022-05-17,,2589.85
20220518,000510,中证A500指数,中证A500,CSI A500 Index,CSI A500,4783.86,4783.86,4736.19,4758.58,,-0.34,16248936170.0,2487.98,,,2022-05-18,,2487.98
20220519,000510,中证A500指数,中证A500,CSI A500 Index,CSI A500,4691.62,4775.09,4691.62,4775.09,,0.35,17406338933.0,2632.18,,,2022-05-19,,2632.18
20220520,000510,中证A500指数,中证A500,CSI A500 Index,CSI A500,4799.69,4866.11,4799.69,4866.11,,1.91,21797709643.0,3271.74,,,2022-05-20,,3271.74
20220523,000510,中证A500指数,中证A500,CSI A500 Index,CSI A500,4872.32,4872.32,4815.3,4846.71,,-0.4,19812147599.0,2863.13,,,2022-05-23,,2863.13
20220524,000510,中证A500指数,中证A500,CSI A500 Index,CSI A500,4844.53,4844.53,4718.35,4718.35,,-2.65,22086275422.0,3199.24,,,2022-05-24,,3199.24
20220525,000510,中证A500指数,中证A500,CSI A500 Index,CSI A500,4718.8,4752.82,4709.53,4752.59,,0.73,16811189012.0,2412.74,,,2022-05-25,,2412.74
20220526,000510,中证A500指数,中证A500,CSI A500 Index,CSI A500,4759.17,4792.71,4705.83,4773.4,,0.44,18616703470.0,2703.44,,,2022-05-26,,2703.44
20220527,000510,中证A500指数,中证A500,CSI A500 Index,CSI A500,4807.95,4827.23,4760.92,4781.58,,0.17,17252171657.0,2585.41,,,2022-05-27,,2585.41
20220530,000510,中证A500指数,中证A500,CSI A500 Index,CSI A500,4805.6,4828.3,4786.82,4821.24,,0.83,16478863786.0,2571.56,,,2022-05-30,,2571.56
20220531,000510,中证A500指数,中证A500,CSI A500 Index,CSI A500,4824.48,4896.41,4809.91,4895.1,,1.53,19440620539.0,3213.14,,,2022-05-31,,3213.14
20220601,000510,中证A500指数,中证A500,CSI A500 Index,CSI A500,4888.08,4900.66,4864.66,4892.27,,-0.06,17688646427.0,2860.79,,,2022-06-01,,2860.79
20220602,000510,中证A500指数,中证A500,CSI A500 Index,CSI A500,4870.31,4912.34,4870.31,4910.26,,0.37,18207071139.0,2925.12,,,2022-06-02,,2925.12
20220606,000510,中证A500指数,中证A500,CSI A500 Index,CSI A500,4913.78,5008.67,4902.38,5007.95,,1.99,24283632090.0,4017.34,,,2022-06-06,,4017.34
20220607,000510,中证A500指数,中证A500,CSI A500 Index,CSI A500,5008.01,5028.79,4990.12,5014.86,,0.14,20445800695.0,3476.71,,,2022-06-07,,3476.71
20220608,000510,中证A500指数,中证A500,CSI A500 Index,CSI A500,5023.95,5062.67,4980.3,5059.96,,0.9,22528455877.0,3851.61,,,2022-06-08,,3851.61
20220609,000510,中证A500指数,中证A500,CSI A500 Index,CSI A500,5049.38,5051.27,4982.45,4997.56,,-1.23,22285088352.0,3388.63,,,2022-06-09,,3388.63
20220610,000510,中证A500指数,中证A500,CSI A500 Index,CSI A500,4960.53,5078.69,4960.53,5077.12,,1.59,24149539729.0,3837.21,,,2022-06-10,,3837.21
20220613,000510,中证A500指数,中证A500,CSI A500 Index,CSI A500,5026.63,5058.32,4996.75,5032.02,,-0.89,25257183815.0,4418.7,,,2022-06-13,,4418.7
20220614,000510,中证A500指数,中证A500,CSI A500 Index,CSI A500,4975.18,5057.46,4917.86,5057.46,,0.51,24625645724.0,4257.4,,,2022-06-14,,4257.4
20220615,000510,中证A500指数,中证A500,CSI A500 Index,CSI A500,5062.54,5184.68,5062.54,5103.63,,0.91,32159421992.0,5410.45,,,2022-06-15,,5410.45
20220616,000510,中证A500指数,中证A500,CSI A500 Index,CSI A500,5108.53,5136.43,5070.75,5085.32,,-0.36,24865916077.0,4102.79,,,2022-06-16,,4102.79
20220617,000510,中证A500指数,中证A500,CSI A500 Index,CSI A500,5049.24,5164.4,5049.24,5158.75,,1.44,22486951957.0,4342.46,,,2022-06-17,,4342.46
20220620,000510,中证A500指数,中证A500,CSI A500 Index,CSI A500,5175.68,5222.84,5152.09,5183.93,,0.49,24639041402.0,4679.71,,,2022-06-20,,4679.71
20220621,000510,中证A500指数,中证A500,CSI A500 Index,CSI A500,5180.12,5199.66,5128.74,5167.81,,-0.31,23784348364.0,4112.41,,,2022-06-21,,4112.41
20220622,000510,中证A500指数,中证A500,CSI A500 Index,CSI A500,5175.26,5175.26,5096.67,5096.67,,-1.38,22481489075.0,3776.56,,,2022-06-22,,3776.56
20220623,000510,中证A500指数,中证A500,CSI A500 Index,CSI A500,5106.84,5191.96,5083.44,5191.96,,1.87,23993949773.0,4158.65,,,2022-06-23,,4158.65
20220624,000510,中证A500指数,中证A500,CSI A500 Index,CSI A500,5205.14,5258.79,5205.14,5258.23,,1.28,24039570866.0,4513.18,,,2022-06-24,,4513.18
20220627,000510,中证A500指数,中证A500,CSI A500 Index,CSI A500,5283.26,5346.37,5283.26,5315.96,,1.1,26013966596.0,4947.58,,,2022-06-27,,4947.58
20220628,000510,中证A500指数,中证A500,CSI A500 Index,CSI A500,5316.09,5381.16,5285.17,5381.16,,1.23,25481426015.0,4707.16,,,2022-06-28,,4707.16
20220629,000510,中证A500指数,中证A500,CSI A500 Index,CSI A500,5362.12,5390.86,5280.41,5288.53,,-1.72,26968630390.0,5074.83,,,2022-06-29,,5074.83
20220630,000510,中证A500指数,中证A500,CSI A500 Index,CSI A500,5287.62,5396.39,5287.62,5364.32,,1.43,22813750981.0,4468.22,,,2022-06-30,,4468.22
20220701,000510,中证A500指数,中证A500,CSI A500 Index,CSI A500,5367.45,5369.68,5331.0,5348.78,,-0.29,21374367061.0,4107.92,,,2022-07-01,,4107.92
20220704,000510,中证A500指数,中证A500,CSI A500 Index,CSI A500,5329.06,5391.5,5329.06,5391.5,,0.8,21787868422.0,4632.73,,,2022-07-04,,4632.73
20220705,000510,中证A500指数,中证A500,CSI A500 Index,CSI A500,5403.37,5410.67,5326.73,5388.13,,-0.06,24555327472.0,4795.92,,,2022-07-05,,4795.92
20220706,000510,中证A500指数,中证A500,CSI A500 Index,CSI A500,5370.88,5370.88,5271.09,5308.38,,-1.48,23697264596.0,4480.73,,,2022-07-06,,4480.73
20220707,000510,中证A500指数,中证A500,CSI A500 Index,CSI A500,5309.13,5350.73,5271.47,5337.58,,0.55,20683365676.0,4255.57,,,2022-07-07,,4255.57
20220708,000510,中证A500指数,中证A500,CSI A500 Index,CSI A500,5369.23,5369.23,5312.32,5312.67,,-0.47,19410690009.0,3974.74,,,2022-07-08,,3974.74
20220711,000510,中证A500指数,中证A500,CSI A500 Index,CSI A500,5286.26,5286.26,5185.29,5215.34,,-1.83,20683258745.0,3924.65,,,2022-07-11,,3924.65
20220712,000510,中证A500指数,中证A500,CSI A500 Index,CSI A500,5212.01,5228.53,5146.16,5159.01,,-1.08,19128653235.0,3691.17,,,2022-07-12,,3691.17
20220713,000510,中证A500指数,中证A500,CSI A500 Index,CSI A500,5160.16,5193.15,5124.63,5173.34,,0.28,20133205413.0,3628.91,,,2022-07-13,,3628.91
20220714,000510,中证A500指数,中证A500,CSI A500 Index,CSI A500,5160.56,5212.75,5157.09,5186.02,,0.25,21326602384.0,3919.65,,,2022-07-14,,3919.65
20220715,000510,中证A500指数,中证A500,CSI A500 Index,CSI A500,5161.16,5209.35,5101.8,5101.8,,-1.62,22447601442.0,4106.07,,,2022-07-15,,4106.07
20220718,000510,中证A500指数,中证A500,CSI A500 Index,CSI A500,5117.63,5163.43,5077.11,5160.73,,1.16,19941635394.0,3768.77,,,2022-07-18,,3768.77
20220719,000510,中证A500指数,中证A500,CSI A500 Index,CSI A500,5157.83,5157.83,5106.25,5140.25,,-0.4,18136987810.0,3324.11,,,2022-07-19,,3324.11
20220720,000510,中证A500指数,中证A500,CSI A500 Index,CSI A500,5166.61,5177.62,5152.29,5164.83,,0.48,17613156177.0,3137.72,,,2022-07-20,,3137.72
20220721,000510,中证A500指数,中证A500,CSI A500 Index,CSI A500,5150.01,5155.17,5107.79,5107.79,,-1.11,20714313106.0,3504.16,,,2022-07-21,,3504.16
20220722,000510,中证A500指数,中证A500,CSI A500 Index,CSI A500,5125.06,5134.66,5066.34,5101.26,,-0.13,17756084389.0,3119.69,,,2022-07-22,,3119.69
20220725,000510,中证A500指数,中证A500,CSI A500 Index,CSI A500,5098.29,5101.4,5054.52,5065.65,,-0.7,15389648884.0,2765.92,,,2022-07-25,,2765.92
20220726,000510,中证A500指数,中证A500,CSI A500 Index,CSI A500,5073.89,5122.16,5071.9,5109.57,,0.87,14192039552.0,2735.71,,,2022-07-26,,2735.71
20220727,000510,中证A500指数,中证A500,CSI A500 Index,CSI A500,5098.63,5105.07,5083.04,5093.77,,-0.31,13653149556.0,2692.48,,,2022-07-27,,2692.48
20220728,000510,中证A500指数,中证A500,CSI A500 Index,CSI A500,5116.25,5142.97,5094.27,5097.12,,0.07,17576242438.0,3328.52,,,2022-07-28,,3328.52
20220729,000510,中证A500指数,中证A500,CSI A500 Index,CSI A500,5099.91,5112.5,5029.86,5034.18,,-1.24,18462575275.0,3404.89,,,2022-07-29,,3404.89
20220801,000510,中证A500指数,中证A500,CSI A500 Index,CSI A500,5023.36,5067.18,4991.38,5064.4,,0.6,17433095294.0,3410.5,,,2022-08-01,,3410.5
20220802,000510,中证A500指数,中证A500,CSI A500 Index,CSI A500,5010.6,5010.6,4926.23,4958.26,,-2.1,23438695972.0,3923.35,,,2022-08-02,,3923.35
20220803,000510,中证A500指数,中证A500,CSI A500 Index,CSI A500,4967.06,4995.22,4908.82,4912.54,,-0.92,19790129250.0,3815.29,,,2022-08-03,,3815.29
20220804,000510,中证A500指数,中证A500,CSI A500 Index,CSI A500,4940.6,4957.07,4913.02,4951.83,,0.8,14966663441.0,3023.99,,,2022-08-04,,3023.99
20220805,000510,中证A500指数,中证A500,CSI A500 Index,CSI A500,4962.58,5028.51,4956.34,5026.27,,1.5,17073993884.0,3473.02,,,2022-08-05,,3473.02
20220808,000510,中证A500指数,中证A500,CSI A500 Index,CSI A500,5011.28,5027.44,5010.17,5026.75,,0.01,15347978351.0,3217.05,,,2022-08-08,,3217.05
20220809,000510,中证A500指数,中证A500,CSI A500 Index,CSI A500,5021.26,5042.88,5010.9,5040.32,,0.27,14718212610.0,3125.18,,,2022-08-09,,3125.18
20220810,000510,中证A500指数,中证A500,CSI A500 Index,CSI A500,5032.03,5044.2,4977.67,4990.32,,-0.99,15117704375.0,3236.82,,,2022-08-10,,3236.82
20220811,000510,中证A500指数,中证A500,CSI A500 Index,CSI A500,5014.71,5084.1,4999.35,5084.1,,1.88,18351335402.0,3646.74,,,2022-08-11,,3646.74
20220812,000510,中证A500指数,中证A500,CSI A500 Index,CSI A500,5074.45,5091.75,5068.72,5076.57,,-0.15,16804677412.0,3088.38,,,2022-08-12,,3088.38
20220815,000510,中证A500指数,中证A500,CSI A500 Index,CSI A500,5064.05,5111.31,5064.05,5079.98,,0.07,16673911856.0,3350.94,,,2022-08-15,,3350.94
20220816,000510,中证A500指数,中证A500,CSI A500 Index,CSI A500,5084.6,5104.61,5065.08,5074.68,,-0.1,15884765675.0,3242.94,,,2022-08-16,,3242.94
20220817,000510,中证A500指数,中证A500,CSI A500 Index,CSI A500,5080.44,5114.44,5048.42,5112.8,,0.75,18009804928.0,3490.65,,,2022-08-17,,3490.65
20220818,000510,中证A500指数,中证A500,CSI A500 Index,CSI A500,5099.7,5099.7,5069.03,5073.07,,-0.78,16649575600.0,3216.2,,,2022-08-18,,3216.2
20220819,000510,中证A500指数,中证A500,CSI A500 Index,CSI A500,5068.19,5076.82,5029.82,5029.82,,-0.85,18794752558.0,3538.48,,,2022-08-19,,3538.48
20220822,000510,中证A500指数,中证A500,CSI A500 Index,CSI A500,5012.72,5080.28,5010.54,5080.28,,1.0,18321772321.0,3591.74,,,2022-08-22,,3591.74
20220823,000510,中证A500指数,中证A500,CSI A500 Index,CSI A500,5072.8,5074.61,5042.75,5057.93,,-0.44,16516224585.0,3273.08,,,2022-08-23,,3273.08
20220824,000510,中证A500指数,中证A500,CSI A500 Index,CSI A500,5067.01,5067.01,4944.17,4944.17,,-2.25,19421652633.0,3613.76,,,2022-08-24,,3613.76
20220825,000510,中证A500指数,中证A500,CSI A500 Index,CSI A500,4957.87,4978.94,4911.16,4978.94,,0.7,17200332334.0,3208.7,,,2022-08-25,,3208.7
20220826,000510,中证A500指数,中证A500,CSI A500 Index,CSI A500,4991.6,5007.73,4957.58,4962.93,,-0.32,15823752396.0,3056.23,,,2022-08-26,,3056.23
20220829,000510,中证A500指数,中证A500,CSI A500 Index,CSI A500,4904.6,4946.04,4904.6,4944.53,,-0.37,14893151793.0,2733.66,,,2022-08-29,,2733.66
20220830,000510,中证A500指数,中证A500,CSI A500 Index,CSI A500,4942.83,4945.73,4900.23,4922.82,,-0.44,15275882077.0,2616.14,,,2022-08-30,,2616.14
20220831,000510,中证A500指数,中证A500,CSI A500 Index,CSI A500,4899.39,4932.93,4869.37,4900.1,,-0.46,19348179898.0,3615.15,,,2022-08-31,,3615.15
20220901,000510,中证A500指数,中证A500,CSI A500 Index,CSI A500,4886.61,4915.22,4858.92,4858.92,,-0.84,14545184199.0,2674.4,,,2022-09-01,,2674.4
20220902,000510,中证A500指数,中证A500,CSI A500 Index,CSI A500,4871.84,4871.84,4824.36,4843.38,,-0.32,13093011219.0,2384.03,,,2022-09-02,,2384.03
20220905,000510,中证A500指数,中证A500,CSI A500 Index,CSI A500,4829.25,4836.13,4808.28,4836.13,,-0.15,13850990153.0,2531.72,,,2022-09-05,,2531.72
20220906,000510,中证A500指数,中证A500,CSI A500 Index,CSI A500,4847.78,4891.3,4835.82,4890.41,,1.12,16508127114.0,3012.04,,,2022-09-06,,3012.04
20220907,000510,中证A500指数,中证A500,CSI A500 Index,CSI A500,4866.14,4912.4,4866.14,4900.86,,0.21,16509223369.0,2830.74,,,2022-09-07,,2830.74
20220908,000510,中证A500指数,中证A500,CSI A500 Index,CSI A500,4904.29,4906.97,4874.05,4875.09,,-0.53,15224703886.0,2465.27,,,2022-09-08,,2465.27
20220909,000510,中证A500指数,中证A500,CSI A500 Index,CSI A500,4889.58,4942.41,4889.58,4939.15,,1.31,16461080547.0,2789.75,,,2022-09-09,,2789.75
20220913,000510,中证A500指数,中证A500,CSI A500 Index,CSI A500,4961.67,4971.72,4945.08,4955.98,,0.34,15589633371.0,2751.95,,,2022-09-13,,2751.95
20220914,000510,中证A500指数,中证A500,CSI A500 Index,CSI A500,4889.87,4926.22,4887.53,4902.15,,-1.09,13741955814.0,2466.26,,,2022-09-14,,2466.26
20220915,000510,中证A500指数,中证A500,CSI A500 Index,CSI A500,4921.19,4921.19,4803.83,4837.22,,-1.33,18512937362.0,3313.08,,,2022-09-15,,3313.08
20220916,000510,中证A500指数,中证A500,CSI A500 Index,CSI A500,4819.89,4819.89,4727.19,4727.19,,-2.28,18606324337.0,3006.77,,,2022-09-16,,3006.77
20220919,000510,中证A500指数,中证A500,CSI A500 Index,CSI A500,4721.28,4747.33,4697.64,4715.27,,-0.25,13879967823.0,2319.96,,,2022-09-19,,2319.96
20220920,000510,中证A500指数,中证A500,CSI A500 Index,CSI A500,4738.52,4756.04,4715.06,4728.67,,0.28,12256588425.0,2315.53,,,2022-09-20,,2315.53
20220921,000510,中证A500指数,中证A500,CSI A500 Index,CSI A500,4713.99,4718.94,4676.45,4699.39,,-0.62,13003408105.0,2194.5,,,2022-09-21,,2194.5
20220922,000510,中证A500指数,中证A500,CSI A500 Index,CSI A500,4664.27,4693.74,4657.9,4662.82,,-0.78,12603073968.0,2185.37,,,2022-09-22,,2185.37
20220923,000510,中证A500指数,中证A500,CSI A500 Index,CSI A500,4657.36,4681.43,4606.91,4634.59,,-0.61,13752287739.0,2276.55,,,2022-09-23,,2276.55
20220926,000510,中证A500指数,中证A500,CSI A500 Index,CSI A500,4600.74,4672.4,4600.74,4604.36,,-0.65,14658839146.0,2422.04,,,2022-09-26,,2422.04
20220927,000510,中证A500指数,中证A500,CSI A500 Index,CSI A500,4614.11,4673.07,4596.73,4673.07,,1.49,13134344111.0,2350.31,,,2022-09-27,,2350.31
20220928,000510,中证A500指数,中证A500,CSI A500 Index,CSI A500,4658.35,4658.35,4579.13,4579.78,,-2.0,12584421904.0,2197.19,,,2022-09-28,,2197.19
20220929,000510,中证A500指数,中证A500,CSI A500 Index,CSI A500,4624.93,4634.71,4565.79,4583.42,,0.08,12270687485.0,2175.42,,,2022-09-29,,2175.42
20220930,000510,中证A500指数,中证A500,CSI A500 Index,CSI A500,4588.31,4605.72,4546.88,4547.41,,-0.79,11287302428.0,2010.45,,,2022-09-30,,2010.45
20221010,000510,中证A500指数,中证A500,CSI A500 Index,CSI A500,4549.98,4549.98,4441.14,4445.62,,-2.24,13922896158.0,2351.62,,,2022-10-10,,2351.62
20221011,000510,中证A500指数,中证A500,CSI A500 Index,CSI A500,4458.75,4472.63,4432.95,4460.14,,0.33,11667970401.0,2043.67,,,2022-10-11,,2043.67
20221012,000510,中证A500指数,中证A500,CSI A500 Index,CSI A500,4454.85,4536.16,4382.59,4536.16,,1.7,15237133456.0,2635.32,,,2022-10-12,,2635.32
20221013,000510,中证A500指数,中证A500,CSI A500 Index,CSI A500,4502.04,4533.61,4501.69,4505.74,,-0.67,14227105663.0,2519.1,,,2022-10-13,,2519.1
20221014,000510,中证A500指数,中证A500,CSI A500 Index,CSI A500,4541.85,4637.43,4541.85,4616.75,,2.46,16482575281.0,3193.26,,,2022-10-14,,3193.26
20221017,000510,中证A500指数,中证A500,CSI A500 Index,CSI A500,4593.29,4632.47,4587.87,4629.34,,0.27,14901877381.0,2794.7,,,2022-10-17,,2794.7
20221018,000510,中证A500指数,中证A500,CSI A500 Index,CSI A500,4651.97,4651.97,4615.38,4623.59,,-0.12,13041404091.0,2444.07,,,2022-10-18,,2444.07
20221019,000510,中证A500指数,中证A500,CSI A500 Index,CSI A500,4611.2,4620.74,4555.65,4555.65,,-1.47,12491751358.0,2416.76,,,2022-10-19,,2416.76
20221020,000510,中证A500指数,中证A500,CSI A500 Index,CSI A500,4520.22,4573.17,4495.21,4524.66,,-0.68,13705278808.0,2634.11,,,2022-10-20,,2634.11
20221021,000510,中证A500指数,中证A500,CSI A500 Index,CSI A500,4520.07,4537.9,4491.24,4507.88,,-0.37,13293775926.0,2278.34,,,2022-10-21,,2278.34
20221024,000510,中证A500指数,中证A500,CSI A500 Index,CSI A500,4494.27,4542.5,4390.08,4393.9,,-2.53,17291543900.0,3210.7,,,2022-10-24,,3210.7
20221025,000510,中证A500指数,中证A500,CSI A500 Index,CSI A500,4377.99,4431.47,4342.8,4385.73,,-0.19,15327056376.0,2775.25,,,2022-10-25,,2775.25
20221026,000510,中证A500指数,中证A500,CSI A500 Index,CSI A500,4391.37,4468.57,4391.37,4431.15,,1.04,17237491278.0,3133.63,,,2022-10-26,,3133.63
20221027,000510,中证A500指数,中证A500,CSI A500 Index,CSI A500,4443.88,4465.21,4403.55,4403.55,,-0.62,17070280616.0,3276.83,,,2022-10-27,,3276.83
20221028,000510,中证A500指数,中证A500,CSI A500 Index,CSI A500,4371.76,4375.9,4275.72,4282.57,,-2.75,17719452280.0,3157.07,,,2022-10-28,,3157.07
20221031,000510,中证A500指数,中证A500,CSI A500 Index,CSI A500,4239.22,4296.44,4239.22,4254.26,,-0.66,19138133353.0,3270.69,,,2022-10-31,,3270.69
20221101,000510,中证A500指数,中证A500,CSI A500 Index,CSI A500,4266.0,4398.88,4266.0,4398.88,,3.4,20387546575.0,3685.91,,,2022-11-01,,3685.91
20221102,000510,中证A500指数,中证A500,CSI A500 Index,CSI A500,4384.73,4477.32,4384.73,4452.05,,1.21,20521872683.0,3720.41,,,2022-11-02,,3720.41
20221103,000510,中证A500指数,中证A500,CSI A500 Index,CSI A500,4412.14,4445.59,4405.57,4424.78,,-0.61,16110119336.0,2879.74,,,2022-11-03,,2879.74
20221104,000510,中证A500指数,中证A500,CSI A500 Index,CSI A500,4424.46,4576.08,4424.46,4565.41,,3.18,21336667099.0,3962.66,,,2022-11-04,,3962.66
20221107,000510,中证A500指数,中证A500,CSI A500 Index,CSI A500,4556.13,4593.19,4551.85,4575.78,,0.23,19767850468.0,3399.14,,,2022-11-07,,3399.14
20221108,000510,中证A500指数,中证A500,CSI A500 Index,CSI A500,4574.42,4574.42,4522.78,4550.81,,-0.55,15067301125.0,2625.92,,,2022-11-08,,2625.92
20221109,000510,中证A500指数,中证A500,CSI A500 Index,CSI A500,4554.6,4560.04,4510.61,4512.03,,-0.85,13826024349.0,2349.91,,,2022-11-09,,2349.91
20221110,000510,中证A500指数,中证A500,CSI A500 Index,CSI A500,4476.82,4486.78,4447.95,4471.7,,-0.89,15649181503.0,2464.35,,,2022-11-10,,2464.35
20221111,000510,中证A500指数,中证A500,CSI A500 Index,CSI A500,4594.2,4625.09,4548.13,4582.53,,2.48,25317684926.0,4240.18,,,2022-11-11,,4240.18
20221114,000510,中证A500指数,中证A500,CSI A500 Index,CSI A500,4613.33,4635.21,4567.59,4580.57,,-0.04,22076679264.0,3831.27,,,2022-11-14,,3831.27
20221115,000510,中证A500指数,中证A500,CSI A500 Index,CSI A500,4574.11,4667.11,4574.11,4667.11,,1.89,19557316008.0,3590.94,,,2022-11-15,,3590.94
20221116,000510,中证A500指数,中证A500,CSI A500 Index,CSI A500,4663.92,4684.05,4626.32,4631.86,,-0.76,16797957528.0,2982.33,,,2022-11-16,,2982.33
20221117,000510,中证A500指数,中证A500,CSI A500 Index,CSI A500,4616.67,4616.67,4561.95,4614.68,,-0.37,16021985338.0,2918.37,,,2022-11-17,,2918.37
20221118,000510,中证A500指数,中证A500,CSI A500 Index,CSI A500,4619.31,4633.72,4593.21,4593.21,,-0.47,17411115492.0,2989.32,,,2022-11-18,,2989.32
20221121,000510,中证A500指数,中证A500,CSI A500 Index,CSI A500,4555.35,4565.35,4524.07,4565.35,,-0.61,14430154673.0,2484.29,,,2022-11-21,,2484.29
20221122,000510,中证A500指数,中证A500,CSI A500 Index,CSI A500,4560.92,4594.27,4541.32,4555.25,,-0.22,18843658158.0,2623.17,,,2022-11-22,,2623.17
20221123,000510,中证A500指数,中证A500,CSI A500 Index,CSI A500,4544.37,4571.17,4526.79,4559.08,,0.08,18332349409.0,2519.37,,,2022-11-23,,2519.37
20221124,000510,中证A500指数,中证A500,CSI A500 Index,CSI A500,4578.11,4578.11,4539.89,4542.31,,-0.37,13938973254.0,2129.23,,,2022-11-24,,2129.23
20221125,000510,中证A500指数,中证A500,CSI A500 Index,CSI A500,4534.28,4565.44,4531.76,4551.89,,0.21,17414503115.0,2353.56,,,2022-11-25,,2353.56
20221128,000510,中证A500指数,中证A500,CSI A500 Index,CSI A500,4466.11,4506.96,4444.82,4506.96,,-0.99,16873337240.0,2465.68,,,2022-11-28,,2465.68
20221129,000510,中证A500指数,中证A500,CSI A500 Index,CSI A500,4543.76,4633.89,4543.76,4631.24,,2.76,22080253640.0,3444.95,,,2022-11-29,,3444.95
20221130,000510,中证A500指数,中证A500,CSI A500 Index,CSI A500,4618.41,4646.88,4614.87,4638.82,,0.16,20491317432.0,3119.77,,,2022-11-30,,3119.77
20221201,000510,中证A500指数,中证A500,CSI A500 Index,CSI A500,4713.03,4720.18,4687.99,4688.25,,1.07,22000713041.0,3676.85,,,2022-12-01,,3676.85
20221202,000510,中证A500指数,中证A500,CSI A500 Index,CSI A500,4677.99,4691.91,4657.46,4660.69,,-0.59,16187754660.0,2608.5,,,2022-12-02,,2608.5
20221205,000510,中证A500指数,中证A500,CSI A500 Index,CSI A500,4700.26,4738.31,4696.16,4737.68,,1.65,25950596273.0,3632.6,,,2022-12-05,,3632.6
20221206,000510,中证A500指数,中证A500,CSI A500 Index,CSI A500,4717.96,4777.93,4717.96,4759.91,,0.47,20953826552.0,3405.11,,,2022-12-06,,3405.11
20221207,000510,中证A500指数,中证A500,CSI A500 Index,CSI A500,4746.14,4783.97,4737.43,4750.2,,-0.2,19681295061.0,3223.4,,,2022-12-07,,3223.4
20221208,000510,中证A500指数,中证A500,CSI A500 Index,CSI A500,4743.75,4756.16,4734.62,4745.62,,-0.1,16909840076.0,2607.24,,,2022-12-08,,2607.24
20221209,000510,中证A500指数,中证A500,CSI A500 Index,CSI A500,4748.94,4792.61,4732.91,4788.88,,0.91,22026343012.0,3458.68,,,2022-12-09,,3458.68
20221212,000510,中证A500指数,中证A500,CSI A500 Index,CSI A500,4765.61,4768.54,4741.46,4742.43,,-0.97,18086802138.0,3101.78,,,2022-12-12,,3101.78
20221213,000510,中证A500指数,中证A500,CSI A500 Index,CSI A500,4741.8,4741.8,4717.79,4722.22,,-0.43,14855493995.0,2542.8,,,2022-12-13,,2542.8
20221214,000510,中证A500指数,中证A500,CSI A500 Index,CSI A500,4730.21,4741.67,4715.99,4724.62,,0.05,14283377967.0,2616.88,,,2022-12-14,,2616.88
20221215,000510,中证A500指数,中证A500,CSI A500 Index,CSI A500,4723.43,4731.11,4697.51,4729.55,,0.1,12973052396.0,2435.79,,,2022-12-15,,2435.79
20221216,000510,中证A500指数,中证A500,CSI A500 Index,CSI A500,4702.94,4722.23,4691.53,4719.39,,-0.21,13302817901.0,2287.92,,,2022-12-16,,2287.92
20221219,000510,中证A500指数,中证A500,CSI A500 Index,CSI A500,4714.98,4724.47,4630.99,4645.73,,-1.56,14428359050.0,2364.16,,,2022-12-19,,2364.16
20221220,000510,中证A500指数,中证A500,CSI A500 Index,CSI A500,4630.68,4630.68,4555.08,4573.33,,-1.56,11269220155.0,2087.93,,,2022-12-20,,2087.93
20221221,000510,中证A500指数,中证A500,CSI A500 Index,CSI A500,4583.33,4594.32,4554.16,4566.63,,-0.15,9419315190.0,1667.63,,,2022-12-21,,1667.63
20221222,000510,中证A500指数,中证A500,CSI A500 Index,CSI A500,4598.51,4610.33,4542.53,4558.78,,-0.17,12214632571.0,2150.88,,,2022-12-22,,2150.88
20221223,000510,中证A500指数,中证A500,CSI A500 Index,CSI A500,4530.77,4567.45,4526.68,4547.99,,-0.24,9991444436.0,1757.38,,,2022-12-23,,1757.38
20221226,000510,中证A500指数,中证A500,CSI A500 Index,CSI A500,4549.63,4593.15,4549.63,4582.58,,0.76,10934875919.0,1991.34,,,2022-12-26,,1991.34
20221227,000510,中证A500指数,中证A500,CSI A500 Index,CSI A500,4600.48,4633.28,4599.55,4629.31,,1.02,11389148768.0,2017.24,,,2022-12-27,,2017.24
20221228,000510,中证A500指数,中证A500,CSI A500 Index,CSI A500,4614.0,4624.02,4590.64,4607.09,,-0.48,12877012724.0,2156.64,,,2022-12-28,,2156.64
20221229,000510,中证A500指数,中证A500,CSI A500 Index,CSI A500,4587.68,4607.41,4575.95,4592.26,,-0.32,11572428059.0,1970.56,,,2022-12-29,,1970.56
20221230,000510,中证A500指数,中证A500,CSI A500 Index,CSI A500,4612.46,4627.46,4605.18,4605.18,,0.28,11422671304.0,1928.9,,,2022-12-30,,1928.9
20230103,000510,中证A500指数,中证A500,CSI A500 Index,CSI A500,4599.46,4647.68,4571.31,4642.81,,0.82,15640303996.0,2618.97,,,2023-01-03,,2618.97
20230104,000510,中证A500指数,中证A500,CSI A500 Index,CSI A500,4640.34,4658.55,4621.06,4642.45,,-0.01,15247956230.0,2590.58,,,2023-01-04,,2590.58
20230105,000510,中证A500指数,中证A500,CSI A500 Index,CSI A500,4663.47,4731.66,4663.47,4728.51,,1.85,15881659236.0,3125.86,,,2023-01-05,,3125.86
20230106,000510,中证A500指数,中证A500,CSI A500 Index,CSI A500,4728.53,4765.44,4728.53,4746.14,,0.37,15805880416.0,3005.14,,,2023-01-06,,3005.14
20230109,000510,中证A500指数,中证A500,CSI A500 Index,CSI A500,4766.44,4791.48,4766.42,4779.08,,0.69,15552283785.0,2892.99,,,2023-01-09,,2892.99
20230110,000510,中证A500指数,中证A500,CSI A500 Index,CSI A500,4781.82,4798.25,4769.12,4787.71,,0.18,14262516542.0,2698.04,,,2023-01-10,,2698.04
20230111,000510,中证A500指数,中证A500,CSI A500 Index,CSI A500,4790.0,4818.4,4775.57,4776.91,,-0.23,14422120754.0,2614.97,,,2023-01-11,,2614.97
20230112,000510,中证A500指数,中证A500,CSI A500 Index,CSI A500,4790.81,4804.89,4770.36,4785.03,,0.17,13877653911.0,2389.17,,,2023-01-12,,2389.17
20230113,000510,中证A500指数,中证A500,CSI A500 Index,CSI A500,4801.99,4840.45,4799.94,4840.45,,1.16,13092234581.0,2531.3,,,2023-01-13,,2531.3
20230116,000510,中证A500指数,中证A500,CSI A500 Index,CSI A500,4844.41,4953.64,4844.41,4912.45,,1.49,18879269535.0,3670.26,,,2023-01-16,,3670.26
20230117,000510,中证A500指数,中证A500,CSI A500 Index,CSI A500,4914.69,4918.52,4895.78,4913.72,,0.03,12926945916.0,2494.38,,,2023-01-17,,2494.38
20230118,000510,中证A500指数,中证A500,CSI A500 Index,CSI A500,4919.29,4927.13,4906.9,4912.39,,-0.03,12422411604.0,2197.97,,,2023-01-18,,2197.97
20230119,000510,中证A500指数,中证A500,CSI A500 Index,CSI A500,4907.59,4945.76,4886.98,4945.76,,0.68,12973544809.0,2428.1,,,2023-01-19,,2428.1
20230120,000510,中证A500指数,中证A500,CSI A500 Index,CSI A500,4958.06,4985.0,4958.06,4982.74,,0.75,17001547062.0,2851.71,,,2023-01-20,,2851.71
20230130,000510,中证A500指数,中证A500,CSI A500 Index,CSI A500,5083.97,5083.97,5009.21,5011.25,,0.57,22621354366.0,4201.23,,,2023-01-30,,4201.23
20230131,000510,中证A500指数,中证A500,CSI A500 Index,CSI A500,5007.47,5014.88,4966.73,4969.58,,-0.83,18496278536.0,3232.21,,,2023-01-31,,3232.21
20230201,000510,中证A500指数,中证A500,CSI A500 Index,CSI A500,4984.93,5018.3,4953.05,5018.3,,0.98,20889105038.0,3520.69,,,2023-02-01,,3520.69
20230202,000510,中证A500指数,中证A500,CSI A500 Index,CSI A500,5029.54,5029.54,4998.17,5006.98,,-0.22,19101894197.0,3400.89,,,2023-02-02,,3400.89
20230203,000510,中证A500指数,中证A500,CSI A500 Index,CSI A500,4985.82,4985.82,4919.13,4966.35,,-0.81,17286917602.0,3032.79,,,2023-02-03,,3032.79
20230206,000510,中证A500指数,中证A500,CSI A500 Index,CSI A500,4924.18,4924.73,4882.76,4906.49,,-1.21,16219429619.0,2988.09,,,2023-02-06,,2988.09
20230207,000510,中证A500指数,中证A500,CSI A500 Index,CSI A500,4917.9,4924.5,4897.4,4916.94,,0.21,15369566099.0,2637.58,,,2023-02-07,,2637.58
20230208,000510,中证A500指数,中证A500,CSI A500 Index,CSI A500,4923.08,4928.12,4890.43,4892.09,,-0.51,14674121772.0,2465.44,,,2023-02-08,,2465.44
20230209,000510,中证A500指数,中证A500,CSI A500 Index,CSI A500,4880.74,4960.12,4880.74,4960.12,,1.39,15922682096.0,2882.05,,,2023-02-09,,2882.05
20230210,000510,中证A500指数,中证A500,CSI A500 Index,CSI A500,4952.85,4953.19,4914.79,4931.58,,-0.58,16606139100.0,2839.84,,,2023-02-10,,2839.84
20230213,000510,中证A500指数,中证A500,CSI A500 Index,CSI A500,4923.82,4977.57,4923.82,4977.02,,0.92,20024223543.0,3395.37,,,2023-02-13,,3395.37
20230214,000510,中证A500指数,中证A500,CSI A500 Index,CSI A500,4985.94,4985.94,4955.63,4978.38,,0.03,16338078789.0,2886.19,,,2023-02-14,,2886.19
20230215,000510,中证A500指数,中证A500,CSI A500 Index,CSI A500,4980.18,4980.18,4951.18,4956.92,,-0.43,18577195207.0,3118.94,,,2023-02-15,,3118.94
20230216,000510,中证A500指数,中证A500,CSI A500 Index,CSI A500,4957.31,5001.81,4892.01,4909.83,,-0.95,24582110415.0,3880.05,,,2023-02-16,,3880.05
20230217,000510,中证A500指数,中证A500,CSI A500 Index,CSI A500,4902.73,4922.32,4840.36,4840.36,,-1.42,18063903678.0,3088.91,,,2023-02-17,,3088.91
20230220,000510,中证A500指数,中证A500,CSI A500 Index,CSI A500,4844.23,4955.19,4842.92,4953.71,,2.34,22658077953.0,3628.28,,,2023-02-20,,3628.28
20230221,000510,中证A500指数,中证A500,CSI A500 Index,CSI A500,4951.78,4978.18,4938.05,4970.09,,0.33,21676523634.0,3347.29,,,2023-02-21,,3347.29
20230222,000510,中证A500指数,中证A500,CSI A500 Index,CSI A500,4939.76,4952.65,4922.9,4929.67,,-0.81,15908964648.0,2606.08,,,2023-02-22,,2606.08
20230223,000510,中证A500指数,中证A500,CSI A500 Index,CSI A500,4929.24,4949.91,4905.55,4922.76,,-0.14,15819513914.0,2662.95,,,2023-02-23,,2662.95
20230224,000510,中证A500指数,中证A500,CSI A500 Index,CSI A500,4921.26,4921.26,4864.17,4878.25,,-0.9,14838252741.0,2574.98,,,2023-02-24,,2574.98
20230227,000510,中证A500指数,中证A500,CSI A500 Index,CSI A500,4853.89,4884.56,4849.73,4856.07,,-0.46,14404834669.0,2585.0,,,2023-02-27,,2585.0
20230228,000510,中证A500指数,中证A500,CSI A500 Index,CSI A500,4873.08,4890.49,4837.13,4886.28,,0.62,15577282962.0,2621.66,,,2023-02-28,,2621.66
20230301,000510,中证A500指数,中证A500,CSI A500 Index,CSI A500,4885.19,4955.05,4884.05,4952.18,,1.35,21620305547.0,3347.4,,,2023-03-01,,3347.4
20230302,000510,中证A500指数,中证A500,CSI A500 Index,CSI A500,4944.55,4960.53,4935.85,4940.32,,-0.24,21947526600.0,3277.25,,,2023-03-02,,3277.25
20230303,000510,中证A500指数,中证A500,CSI A500 Index,CSI A500,4947.84,4956.49,4917.02,4951.67,,0.23,22106014010.0,3076.82,,,2023-03-03,,3076.82
20230306,000510,中证A500指数,中证A500,CSI A500 Index,CSI A500,4952.57,4952.57,4907.34,4932.75,,-0.38,21998075352.0,3655.77,,,2023-03-06,,3655.77
20230307,000510,中证A500指数,中证A500,CSI A500 Index,CSI A500,4925.8,4942.51,4853.43,4855.38,,-1.57,24690725171.0,3422.25,,,2023-03-07,,3422.25
20230308,000510,中证A500指数,中证A500,CSI A500 Index,CSI A500,4834.63,4849.46,4819.93,4845.87,,-0.2,16284650298.0,2568.9,,,2023-03-08,,2568.9
20230309,000510,中证A500指数,中证A500,CSI A500 Index,CSI A500,4848.78,4854.28,4811.76,4830.83,,-0.31,16161330036.0,2632.02,,,2023-03-09,,2632.02
20230310,000510,中证A500指数,中证A500,CSI A500 Index,CSI A500,4797.47,4807.77,4766.49,4766.49,,-1.33,17282506024.0,2855.81,,,2023-03-10,,2855.81
20230313,000510,中证A500指数,中证A500,CSI A500 Index,CSI A500,4759.19,4810.08,4759.19,4810.08,,0.91,20075339849.0,3179.09,,,2023-03-13,,3179.09
20230314,000510,中证A500指数,中证A500,CSI A500 Index,CSI A500,4800.38,4800.38,4731.74,4776.44,,-0.7,21553823079.0,3502.62,,,2023-03-14,,3502.62
20230315,000510,中证A500指数,中证A500,CSI A500 Index,CSI A500,4806.66,4816.47,4779.1,4779.42,,0.06,19871709553.0,3002.89,,,2023-03-15,,3002.89
20230316,000510,中证A500指数,中证A500,CSI A500 Index,CSI A500,4744.21,4764.31,4714.79,4716.27,,-1.32,21971563473.0,3258.25,,,2023-03-16,,3258.25
20230317,000510,中证A500指数,中证A500,CSI A500 Index,CSI A500,4752.77,4791.78,4734.52,4743.62,,0.58,25400276173.0,3969.34,,,2023-03-17,,3969.34
20230320,000510,中证A500指数,中证A500,CSI A500 Index,CSI A500,4749.04,4768.49,4717.84,4722.61,,-0.44,28177413901.0,4169.98,,,2023-03-20,,4169.98
20230321,000510,中证A500指数,中证A500,CSI A500 Index,CSI A500,4732.63,4781.3,4732.63,4781.26,,1.24,21018835015.0,3330.21,,,2023-03-21,,3330.21
20230322,000510,中证A500指数,中证A500,CSI A500 Index,CSI A500,4794.51,4817.33,4789.4,4806.47,,0.53,22647177603.0,3622.58,,,2023-03-22,,3622.58
20230323,000510,中证A500指数,中证A500,CSI A500 Index,CSI A500,4788.99,4850.07,4788.99,4850.07,,0.91,22956731441.0,3989.71,,,2023-03-23,,3989.71
20230324,000510,中证A500指数,中证A500,CSI A500 Index,CSI A500,4847.52,4849.28,4830.23,4841.55,,-0.18,23927687307.0,4110.72,,,2023-03-24,,4110.72
20230327,000510,中证A500指数,中证A500,CSI A500 Index,CSI A500,4838.01,4838.01,4800.33,4830.88,,-0.22,25366819880.0,4414.77,,,2023-03-27,,4414.77
20230328,000510,中证A500指数,中证A500,CSI A500 Index,CSI A500,4833.26,4833.26,4799.55,4805.37,,-0.53,21448896960.0,3678.36,,,2023-03-28,,3678.36
20230329,000510,中证A500指数,中证A500,CSI A500 Index,CSI A500,4819.84,4825.83,4801.96,4811.51,,0.13,20872350316.0,3749.5,,,2023-03-29,,3749.5
20230330,000510,中证A500指数,中证A500,CSI A500 Index,CSI A500,4813.51,4846.89,4783.02,4845.72,,0.71,21267760807.0,3741.11,,,2023-03-30,,3741.11
20230331,000510,中证A500指数,中证A500,CSI A500 Index,CSI A500,4851.86,4869.83,4851.86,4868.38,,0.47,20638570333.0,3755.5,,,2023-03-31,,3755.5
20230403,000510,中证A500指数,中证A500,CSI A500 Index,CSI A500,4878.99,4927.82,4878.99,4924.86,,1.16,26969683873.0,5228.4,,,2023-04-03,,5228.4
20230404,000510,中证A500指数,中证A500,CSI A500 Index,CSI A500,4923.06,4930.73,4908.2,4930.73,,0.12,28366593515.0,5393.83,,,2023-04-04,,5393.83
20230406,000510,中证A500指数,中证A500,CSI A500 Index,CSI A500,4905.27,4930.46,4905.27,4928.78,,-0.04,23151631085.0,4681.11,,,2023-04-06,,4681.11
20230407,000510,中证A500指数,中证A500,CSI A500 Index,CSI A500,4929.52,4965.11,4929.52,4963.72,,0.71,20046264071.0,4016.38,,,2023-04-07,,4016.38
20230410,000510,中证A500指数,中证A500,CSI A500 Index,CSI A500,4973.04,4973.04,4932.26,4935.5,,-0.57,22959220412.0,4729.09,,,2023-04-10,,4729.09
20230411,000510,中证A500指数,中证A500,CSI A500 Index,CSI A500,4936.48,4941.91,4911.85,4933.52,,-0.04,22469643153.0,4388.61,,,2023-04-11,,4388.61
20230412,000510,中证A500指数,中证A500,CSI A500 Index,CSI A500,4935.3,4948.47,4929.24,4939.48,,0.12,24923914268.0,4535.76,,,2023-04-12,,4535.76
20230413,000510,中证A500指数,中证A500,CSI A500 Index,CSI A500,4923.15,4928.87,4893.76,4900.55,,-0.79,25077390938.0,4443.76,,,2023-04-13,,4443.76
20230414,000510,中证A500指数,中证A500,CSI A500 Index,CSI A500,4912.95,4936.06,4910.31,4933.36,,0.67,23964975103.0,4472.53,,,2023-04-14,,4472.53
20230417,000510,中证A500指数,中证A500,CSI A500 Index,CSI A500,4927.11,4984.76,4927.11,4984.76,,1.04,25607421393.0,4516.8,,,2023-04-17,,4516.8
20230418,000510,中证A500指数,中证A500,CSI A500 Index,CSI A500,4972.55,4998.45,4972.55,4995.86,,0.22,23057123652.0,4451.94,,,2023-04-18,,4451.94
20230419,000510,中证A500指数,中证A500,CSI A500 Index,CSI A500,4991.87,4991.87,4952.02,4955.11,,-0.82,23392252322.0,4334.72,,,2023-04-19,,4334.72
20230420,000510,中证A500指数,中证A500,CSI A500 Index,CSI A500,4951.22,4951.22,4920.32,4943.7,,-0.23,24252663563.0,4618.84,,,2023-04-20,,4618.84
20230421,000510,中证A500指数,中证A500,CSI A500 Index,CSI A500,4943.39,4943.39,4836.78,4836.78,,-2.16,26131865798.0,4814.14,,,2023-04-21,,4814.14
20230424,000510,中证A500指数,中证A500,CSI A500 Index,CSI A500,4835.36,4835.36,4767.61,4782.88,,-1.11,24901227329.0,4548.94,,,2023-04-24,,4548.94
20230425,000510,中证A500指数,中证A500,CSI A500 Index,CSI A500,4782.18,4782.18,4699.05,4737.78,,-0.94,26175361892.0,4658.49,,,2023-04-25,,4658.49
20230426,000510,中证A500指数,中证A500,CSI A500 Index,CSI A500,4721.05,4765.16,4713.35,4741.32,,0.08,24958725369.0,4608.23,,,2023-04-26,,4608.23
20230427,000510,中证A500指数,中证A500,CSI A500 Index,CSI A500,4726.09,4776.7,4726.09,4763.83,,0.48,22953600444.0,4186.72,,,2023-04-27,,4186.72
20230428,000510,中证A500指数,中证A500,CSI A500 Index,CSI A500,4764.54,4819.53,4764.54,4819.14,,1.16,25184688107.0,4396.97,,,2023-04-28,,4396.97
20230504,000510,中证A500指数,中证A500,CSI A500 Index,CSI A500,4799.37,4811.37,4793.02,4808.14,,-0.23,31511297899.0,4664.34,,,2023-05-04,,4664.34
20230505,000510,中证A500指数,中证A500,CSI A500 Index,CSI A500,4806.19,4807.96,4763.22,4777.25,,-0.64,27272071140.0,4072.32,,,2023-05-05,,4072.32
20230508,000510,中证A500指数,中证A500,CSI A500 Index,CSI A500,4790.29,4826.97,4788.14,4825.64,,1.01,31452155076.0,4459.48,,,2023-05-08,,4459.48
20230509,000510,中证A500指数,中证A500,CSI A500 Index,CSI A500,4825.8,4843.23,4776.09,4776.09,,-1.03,32967064153.0,4676.47,,,2023-05-09,,4676.47
20230510,000510,中证A500指数,中证A500,CSI A500 Index,CSI A500,4765.19,4768.19,4737.14,4756.12,,-0.42,26072147560.0,3914.7,,,2023-05-10,,3914.7
20230511,000510,中证A500指数,中证A500,CSI A500 Index,CSI A500,4766.34,4771.37,4747.25,4747.68,,-0.18,20904242462.0,3270.05,,,2023-05-11,,3270.05
20230512,000510,中证A500指数,中证A500,CSI A500 Index,CSI A500,4741.75,4748.94,4681.51,4681.51,,-1.39,21257826758.0,3146.89,,,2023-05-12,,3146.89
20230515,000510,中证A500指数,中证A500,CSI A500 Index,CSI A500,4683.5,4753.98,4674.98,4753.98,,1.55,23376357575.0,3611.41,,,2023-05-15,,3611.41
20230516,000510,中证A500指数,中证A500,CSI A500 Index,CSI A500,4758.34,4758.34,4714.03,4724.9,,-0.61,18964666072.0,3151.06,,,2023-05-16,,3151.06
20230517,000510,中证A500指数,中证A500,CSI A500 Index,CSI A500,4716.79,4729.97,4694.11,4711.7,,-0.28,16533033048.0,2742.91,,,2023-05-17,,2742.91
20230518,000510,中证A500指数,中证A500,CSI A500 Index,CSI A500,4718.68,4730.96,4692.75,4710.22,,-0.03,18817882183.0,3148.49,,,2023-05-18,,3148.49
20230519,000510,中证A500指数,中证A500,CSI A500 Index,CSI A500,4698.65,4722.59,4685.56,4699.29,,-0.23,17120161962.0,2960.15,,,2023-05-19,,2960.15
20230522,000510,中证A500指数,中证A500,CSI A500 Index,CSI A500,4697.34,4732.57,4691.39,4723.37,,0.51,15406442592.0,2675.54,,,2023-05-22,,2675.54
20230523,000510,中证A500指数,中证A500,CSI A500 Index,CSI A500,4722.13,4722.13,4661.3,4661.3,,-1.31,16588399953.0,2548.31,,,2023-05-23,,2548.31
20230524,000510,中证A500指数,中证A500,CSI A500 Index,CSI A500,4649.15,4654.51,4607.17,4607.17,,-1.16,17594107276.0,2761.56,,,2023-05-24,,2761.56
20230525,000510,中证A500指数,中证A500,CSI A500 Index,CSI A500,4599.77,4610.89,4554.59,4595.79,,-0.25,17612531962.0,2941.32,,,2023-05-25,,2941.32
20230526,000510,中证A500指数,中证A500,CSI A500 Index,CSI A500,4592.29,4607.5,4558.95,4599.61,,0.08,15995313744.0,2704.25,,,2023-05-26,,2704.25
20230529,000510,中证A500指数,中证A500,CSI A500 Index,CSI A500,4614.42,4614.42,4568.58,4579.03,,-0.45,20314144205.0,3306.27,,,2023-05-29,,3306.27
20230530,000510,中证A500指数,中证A500,CSI A500 Index,CSI A500,4570.26,4592.77,4533.93,4592.77,,0.3,21163673874.0,3481.67,,,2023-05-30,,3481.67
20230531,000510,中证A500指数,中证A500,CSI A500 Index,CSI A500,4579.49,4579.49,4528.34,4548.86,,-0.96,18897571799.0,3293.26,,,2023-05-31,,3293.26
20230601,000510,中证A500指数,中证A500,CSI A500 Index,CSI A500,4535.46,4591.82,4535.46,4562.89,,0.31,20298431640.0,3406.28,,,2023-06-01,,3406.28
20230602,000510,中证A500指数,中证A500,CSI A500 Index,CSI A500,4579.73,4632.91,4579.73,4629.38,,1.46,19485580248.0,3282.9,,,2023-06-02,,3282.9
20230605,000510,中证A500指数,中证A500,CSI A500 Index,CSI A500,4627.55,4627.55,4601.97,4612.11,,-0.37,18325245115.0,3025.53,,,2023-06-05,,3025.53
20230606,000510,中证A500指数,中证A500,CSI A500 Index,CSI A500,4607.37,4622.72,4557.33,4559.01,,-1.15,19319804316.0,3109.89,,,2023-06-06,,3109.89
20230607,000510,中证A500指数,中证A500,CSI A500 Index,CSI A500,4565.42,4565.6,4526.76,4537.26,,-0.48,14722214323.0,2634.91,,,2023-06-07,,2634.91
20230608,000510,中证A500指数,中证A500,CSI A500 Index,CSI A500,4536.78,4569.93,4526.52,4558.22,,0.46,16514068683.0,2739.26,,,2023-06-08,,2739.26
20230609,000510,中证A500指数,中证A500,CSI A500 Index,CSI A500,4561.61,4587.19,4551.85,4587.19,,0.64,19794749654.0,3472.89,,,2023-06-09,,3472.89
20230612,000510,中证A500指数,中证A500,CSI A500 Index,CSI A500,4575.89,4614.32,4567.84,4599.42,,0.27,19046518250.0,3365.33,,,2023-06-12,,3365.33
20230613,000510,中证A500指数,中证A500,CSI A500 Index,CSI A500,4590.9,4625.0,4590.9,4624.15,,0.54,17736994753.0,3200.39,,,2023-06-13,,3200.39
20230614,000510,中证A500指数,中证A500,CSI A500 Index,CSI A500,4631.82,4647.39,4624.96,4625.96,,0.04,19216733600.0,3446.98,,,2023-06-14,,3446.98
20230615,000510,中证A500指数,中证A500,CSI A500 Index,CSI A500,4635.26,4696.73,4635.26,4696.73,,1.53,19697569192.0,3904.5,,,2023-06-15,,3904.5
20230616,000510,中证A500指数,中证A500,CSI A500 Index,CSI A500,4703.02,4750.33,4703.02,4746.53,,1.06,20444560495.0,3913.18,,,2023-06-16,,3913.18
20230619,000510,中证A500指数,中证A500,CSI A500 Index,CSI A500,4740.66,4740.66,4708.76,4716.63,,-0.63,20534004051.0,3869.06,,,2023-06-19,,3869.06
20230620,000510,中证A500指数,中证A500,CSI A500 Index,CSI A500,4709.8,4729.16,4702.99,4714.91,,-0.04,19146784306.0,3875.0,,,2023-06-20,,3875.0
20230621,000510,中证A500指数,中证A500,CSI A500 Index,CSI A500,4696.26,4697.38,4630.25,4630.25,,-1.8,19073728540.0,3626.56,,,2023-06-21,,3626.56
20230626,000510,中证A500指数,中证A500,CSI A500 Index,CSI A500,4593.15,4601.28,4555.22,4561.29,,-1.49,20341293558.0,3463.05,,,2023-06-26,,3463.05
20230627,000510,中证A500指数,中证A500,CSI A500 Index,CSI A500,4564.15,4611.08,4564.15,4606.02,,0.98,17424534503.0,2880.41,,,2023-06-27,,2880.41
20230628,000510,中证A500指数,中证A500,CSI A500 Index,CSI A500,4595.88,4598.43,4557.99,4595.32,,-0.23,16868625388.0,2949.67,,,2023-06-28,,2949.67
20230629,000510,中证A500指数,中证A500,CSI A500 Index,CSI A500,4589.98,4597.09,4570.77,4578.56,,-0.36,15350253931.0,2870.19,,,2023-06-29,,2870.19
20230630,000510,中证A500指数,中证A500,CSI A500 Index,CSI A500,4570.0,4624.18,4570.0,4608.5,,0.65,16048825508.0,3018.52,,,2023-06-30,,3018.52
20230703,000510,中证A500指数,中证A500,CSI A500 Index,CSI A500,4621.21,4664.28,4621.21,4656.92,,1.05,19642969193.0,3553.47,,,2023-07-03,,3553.47
20230704,000510,中证A500指数,中证A500,CSI A500 Index,CSI A500,4653.52,4667.76,4643.5,4666.45,,0.21,18121518135.0,3121.34,,,2023-07-04,,3121.34
20230705,000510,中证A500指数,中证A500,CSI A500 Index,CSI A500,4661.67,4663.5,4629.67,4631.48,,-0.75,16894364552.0,2861.8,,,2023-07-05,,2861.8
20230706,000510,中证A500指数,中证A500,CSI A500 Index,CSI A500,4619.7,4643.05,4596.85,4602.78,,-0.62,16533615906.0,2774.15,,,2023-07-06,,2774.15
20230707,000510,中证A500指数,中证A500,CSI A500 Index,CSI A500,4589.94,4595.6,4570.94,4575.24,,-0.6,16618056903.0,2559.21,,,2023-07-07,,2559.21
20230710,000510,中证A500指数,中证A500,CSI A500 Index,CSI A500,4593.41,4616.41,4585.06,4599.23,,0.52,14872000335.0,2614.07,,,2023-07-10,,2614.07
20230711,000510,中证A500指数,中证A500,CSI A500 Index,CSI A500,4609.53,4630.24,4601.13,4630.23,,0.67,14143712748.0,2558.78,,,2023-07-11,,2558.78
20230712,000510,中证A500指数,中证A500,CSI A500 Index,CSI A500,4624.99,4629.15,4587.59,4592.52,,-0.81,18388948721.0,3127.5,,,2023-07-12,,3127.5
20230713,000510,中证A500指数,中证A500,CSI A500 Index,CSI A500,4607.48,4659.04,4607.48,4656.57,,1.4,18141755687.0,3262.13,,,2023-07-13,,3262.13
20230714,000510,中证A500指数,中证A500,CSI A500 Index,CSI A500,4664.82,4667.03,4652.29,4655.08,,-0.03,18817478391.0,3185.76,,,2023-07-14,,3185.76
20230717,000510,中证A500指数,中证A500,CSI A500 Index,CSI A500,4635.74,4635.74,4602.6,4620.03,,-0.75,15616839237.0,2627.14,,,2023-07-17,,2627.14
20230718,000510,中证A500指数,中证A500,CSI A500 Index,CSI A500,4624.83,4624.83,4594.47,4605.96,,-0.3,14371791267.0,2483.39,,,2023-07-18,,2483.39
20230719,000510,中证A500指数,中证A500,CSI A500 Index,CSI A500,4600.2,4610.04,4579.43,4598.64,,-0.16,12418532594.0,2172.25,,,2023-07-19,,2172.25
20230720,000510,中证A500指数,中证A500,CSI A500 Index,CSI A500,4605.35,4621.0,4558.64,4560.56,,-0.83,14973163003.0,2605.77,,,2023-07-20,,2605.77
20230721,000510,中证A500指数,中证A500,CSI A500 Index,CSI A500,4552.15,4582.73,4542.22,4555.17,,-0.12,13400207869.0,2271.64,,,2023-07-21,,2271.64
20230724,000510,中证A500指数,中证A500,CSI A500 Index,CSI A500,4535.35,4563.31,4530.73,4536.15,,-0.42,12965869944.0,2160.49,,,2023-07-24,,2160.49
20230725,000510,中证A500指数,中证A500,CSI A500 Index,CSI A500,4601.83,4654.94,4601.83,4654.94,,2.62,21236403757.0,3605.67,,,2023-07-25,,3605.67
20230726,000510,中证A500指数,中证A500,CSI A500 Index,CSI A500,4649.2,4649.2,4628.19,4641.92,,-0.28,15582629631.0,2500.36,,,2023-07-26,,2500.36
20230727,000510,中证A500指数,中证A500,CSI A500 Index,CSI A500,4649.05,4668.76,4625.37,4629.15,,-0.28,17136037745.0,2520.55,,,2023-07-27,,2520.55
20230728,000510,中证A500指数,中证A500,CSI A500 Index,CSI A500,4614.6,4724.49,4614.6,4716.89,,1.9,22480526367.0,3431.2,,,2023-07-28,,3431.2
20230731,000510,中证A500指数,中证A500,CSI A500 Index,CSI A500,4743.75,4787.95,4741.2,4748.8,,0.68,25189371053.0,4183.51,,,2023-07-31,,4183.51
20230801,000510,中证A500指数,中证A500,CSI A500 Index,CSI A500,4745.61,4764.91,4720.19,4737.65,,-0.24,20711058541.0,3193.82,,,2023-08-01,,3193.82
20230802,000510,中证A500指数,中证A500,CSI A500 Index,CSI A500,4725.28,4741.62,4696.57,4707.98,,-0.63,17715306652.0,2605.06,,,2023-08-02,,2605.06
20230803,000510,中证A500指数,中证A500,CSI A500 Index,CSI A500,4694.17,4736.3,4694.17,4736.3,,0.6,16329093586.0,2611.35,,,2023-08-03,,2611.35
20230804,000510,中证A500指数,中证A500,CSI A500 Index,CSI A500,4764.37,4788.01,4746.19,4756.87,,0.43,21015916925.0,3537.57,,,2023-08-04,,3537.57
20230807,000510,中证A500指数,中证A500,CSI A500 Index,CSI A500,4741.5,4741.5,4711.28,4723.63,,-0.7,16901719127.0,2871.11,,,2023-08-07,,2871.11
20230808,000510,中证A500指数,中证A500,CSI A500 Index,CSI A500,4714.08,4726.62,4701.44,4708.65,,-0.32,14470752829.0,2439.61,,,2023-08-08,,2439.61
20230809,000510,中证A500指数,中证A500,CSI A500 Index,CSI A500,4694.7,4708.1,4685.01,4687.99,,-0.44,13232869643.0,2241.95,,,2023-08-09,,2241.95
20230810,000510,中证A500指数,中证A500,CSI A500 Index,CSI A500,4682.23,4697.52,4666.55,4694.57,,0.14,12428764551.0,2064.6,,,2023-08-10,,2064.6
20230811,000510,中证A500指数,中证A500,CSI A500 Index,CSI A500,4698.84,4698.84,4592.6,4592.6,,-2.17,16075884087.0,2395.19,,,2023-08-11,,2395.19
20230814,000510,中证A500指数,中证A500,CSI A500 Index,CSI A500,4544.53,4571.7,4518.12,4568.65,,-0.52,15427639071.0,2468.82,,,2023-08-14,,2468.82
20230815,000510,中证A500指数,中证A500,CSI A500 Index,CSI A500,4572.4,4572.4,4509.13,4545.51,,-0.51,13430004529.0,2226.57,,,2023-08-15,,2226.57
20230816,000510,中证A500指数,中证A500,CSI A500 Index,CSI A500,4528.24,4542.74,4504.92,4504.92,,-0.89,12653546429.0,2089.08,,,2023-08-16,,2089.08
20230817,000510,中证A500指数,中证A500,CSI A500 Index,CSI A500,4484.56,4530.04,4473.0,4525.9,,0.47,12821619310.0,2157.54,,,2023-08-17,,2157.54
20230818,000510,中证A500指数,中证A500,CSI A500 Index,CSI A500,4525.97,4529.23,4461.03,4461.03,,-1.43,13145798784.0,2140.23,,,2023-08-18,,2140.23
20230821,000510,中证A500指数,中证A500,CSI A500 Index,CSI A500,4449.2,4462.78,4403.24,4403.24,,-1.3,12840318114.0,2086.96,,,2023-08-21,,2086.96
20230822,000510,中证A500指数,中证A500,CSI A500 Index,CSI A500,4424.68,4446.72,4368.57,4435.35,,0.73,16394621818.0,2601.01,,,2023-08-22,,2601.01
20230823,000510,中证A500指数,中证A500,CSI A500 Index,CSI A500,4427.82,4427.82,4356.41,4356.41,,-1.78,13571335141.0,2094.25,,,2023-08-23,,2094.25
20230824,000510,中证A500指数,中证A500,CSI A500 Index,CSI A500,4374.38,4412.25,4359.35,4387.0,,0.7,16661765674.0,2540.04,,,2023-08-24,,2540.04
20230825,000510,中证A500指数,中证A500,CSI A500 Index,CSI A500,4362.41,4382.56,4341.46,4355.35,,-0.72,15454058200.0,2330.59,,,2023-08-25,,2330.59
20230828,000510,中证A500指数,中证A500,CSI A500 Index,CSI A500,4587.18,4587.18,4399.83,4404.9,,1.14,24300951245.0,3845.24,,,2023-08-28,,3845.24
20230829,000510,中证A500指数,中证A500,CSI A500 Index,CSI A500,4394.74,4484.31,4394.74,4468.55,,1.45,21017295796.0,3288.23,,,2023-08-29,,3288.23
20230830,000510,中证A500指数,中证A500,CSI A500 Index,CSI A500,4485.42,4502.93,4466.36,4475.71,,0.16,19949554138.0,3032.16,,,2023-08-30,,3032.16
20230831,000510,中证A500指数,中证A500,CSI A500 Index,CSI A500,4473.88,4475.02,4446.46,4450.74,,-0.56,17276818542.0,2514.55,,,2023-08-31,,2514.55
20230901,000510,中证A500指数,中证A500,CSI A500 Index,CSI A500,4464.1,4489.88,4463.72,4475.65,,0.56,15535798360.0,2230.0,,,2023-09-01,,2230.0
20230904,000510,中证A500指数,中证A500,CSI A500 Index,CSI A500,4501.14,4545.56,4495.83,4545.56,,1.56,20223855205.0,3020.9,,,2023-09-04,,3020.9
20230905,000510,中证A500指数,中证A500,CSI A500 Index,CSI A500,4535.26,4535.26,4509.44,4513.36,,-0.71,15234564438.0,2434.06,,,2023-09-05,,2434.06
20230906,000510,中证A500指数,中证A500,CSI A500 Index,CSI A500,4498.18,4507.73,4481.59,4505.96,,-0.16,14478914608.0,2273.15,,,2023-09-06,,2273.15
20230907,000510,中证A500指数,中证A500,CSI A500 Index,CSI A500,4495.13,4495.13,4436.19,4436.19,,-1.55,14804651780.0,2211.22,,,2023-09-07,,2211.22
20230908,000510,中证A500指数,中证A500,CSI A500 Index,CSI A500,4422.37,4430.96,4402.03,4416.74,,-0.44,12059960258.0,1883.97,,,2023-09-08,,1883.97
20230911,000510,中证A500指数,中证A500,CSI A500 Index,CSI A500,4419.2,4472.44,4419.2,4452.49,,0.81,15991232179.0,2572.21,,,2023-09-11,,2572.21
20230912,000510,中证A500指数,中证A500,CSI A500 Index,CSI A500,4449.41,4462.06,4445.03,4445.43,,-0.16,12613920039.0,2020.58,,,2023-09-12,,2020.58
20230913,000510,中证A500指数,中证A500,CSI A500 Index,CSI A500,4442.3,4446.9,4390.05,4411.32,,-0.77,12674490849.0,1936.46,,,2023-09-13,,1936.46
20230914,000510,中证A500指数,中证A500,CSI A500 Index,CSI A500,4410.58,4417.72,4386.23,4403.42,,-0.18,14076079858.0,2008.11,,,2023-09-14,,2008.11
20230915,000510,中证A500指数,中证A500,CSI A500 Index,CSI A500,4412.74,4417.5,4365.04,4377.13,,-0.6,14739048186.0,2314.38,,,2023-09-15,,2314.38
20230918,000510,中证A500指数,中证A500,CSI A500 Index,CSI A500,4365.42,4411.48,4365.42,4398.78,,0.5,12899586534.0,2143.33,,,2023-09-18,,2143.33
20230919,000510,中证A500指数,中证A500,CSI A500 Index,CSI A500,4393.58,4393.58,4366.51,4383.56,,-0.35,12091693033.0,1815.27,,,2023-09-19,,1815.27
20230920,000510,中证A500指数,中证A500,CSI A500 Index,CSI A500,4377.07,4377.33,4362.47,4362.47,,-0.48,10963690037.0,1606.8,,,2023-09-20,,1606.8
20230921,000510,中证A500指数,中证A500,CSI A500 Index,CSI A500,4352.98,4363.49,4325.59,4325.59,,-0.85,11861731651.0,1778.05,,,2023-09-21,,1778.05
20230922,000510,中证A500指数,中证A500,CSI A500 Index,CSI A500,4325.04,4406.91,4319.15,4406.91,,1.88,15593381067.0,2584.97,,,2023-09-22,,2584.97
20230925,000510,中证A500指数,中证A500,CSI A500 Index,CSI A500,4406.69,4406.69,4375.12,4378.57,,-0.64,13264745633.0,2212.51,,,2023-09-25,,2212.51
20230926,000510,中证A500指数,中证A500,CSI A500 Index,CSI A500,4375.12,4385.7,4353.02,4353.02,,-0.58,11771942775.0,2032.0,,,2023-09-26,,2032.0
20230927,000510,中证A500指数,中证A500,CSI A500 Index,CSI A500,4353.42,4390.21,4353.42,4367.35,,0.33,13389662062.0,2273.94,,,2023-09-27,,2273.94
20230928,000510,中证A500指数,中证A500,CSI A500 Index,CSI A500,4380.41,4380.41,4357.95,4362.85,,-0.1,12942263376.0,2147.27,,,2023-09-28,,2147.27
20231009,000510,中证A500指数,中证A500,CSI A500 Index,CSI A500,4351.95,4359.59,4318.34,4355.8,,-0.16,14647884685.0,2420.07,,,2023-10-09,,2420.07
20231010,000510,中证A500指数,中证A500,CSI A500 Index,CSI A500,4368.35,4368.35,4327.41,4327.52,,-0.65,14327338679.0,2283.37,,,2023-10-10,,2283.37
20231011,000510,中证A500指数,中证A500,CSI A500 Index,CSI A500,4346.23,4360.89,4331.1,4340.32,,0.3,15135089483.0,2605.75,,,2023-10-11,,2605.75
20231012,000510,中证A500指数,中证A500,CSI A500 Index,CSI A500,4371.5,4378.92,4357.47,4378.92,,0.89,17148203778.0,2737.3,,,2023-10-12,,2737.3
20231013,000510,中证A500指数,中证A500,CSI A500 Index,CSI A500,4351.6,4351.6,4322.46,4335.21,,-1.0,14987516113.0,2454.92,,,2023-10-13,,2454.92
20231016,000510,中证A500指数,中证A500,CSI A500 Index,CSI A500,4336.64,4336.64,4280.35,4289.1,,-1.06,14753134800.0,2387.38,,,2023-10-16,,2387.38
20231017,000510,中证A500指数,中证A500,CSI A500 Index,CSI A500,4297.04,4303.1,4278.32,4299.81,,0.25,13229129479.0,2075.61,,,2023-10-17,,2075.61
20231018,000510,中证A500指数,中证A500,CSI A500 Index,CSI A500,4289.45,4289.45,4256.42,4257.6,,-0.98,14605614255.0,2295.13,,,2023-10-18,,2295.13
20231019,000510,中证A500指数,中证A500,CSI A500 Index,CSI A500,4231.27,4231.27,4173.82,4173.82,,-1.97,15803638848.0,2537.93,,,2023-10-19,,2537.93
20231020,000510,中证A500指数,中证A500,CSI A500 Index,CSI A500,4156.19,4174.78,4135.99,4142.97,,-0.74,14539105081.0,2315.67,,,2023-10-20,,2315.67
20231023,000510,中证A500指数,中证A500,CSI A500 Index,CSI A500,4132.38,4132.38,4065.89,4089.34,,-1.29,15514536772.0,2231.82,,,2023-10-23,,2231.82
20231024,000510,中证A500指数,中证A500,CSI A500 Index,CSI A500,4101.11,4113.63,4074.58,4108.2,,0.46,16783030507.0,2575.28,,,2023-10-24,,2575.28
20231025,000510,中证A500指数,中证A500,CSI A500 Index,CSI A500,4147.92,4161.12,4125.99,4126.73,,0.45,18565873792.0,2777.76,,,2023-10-25,,2777.76
20231026,000510,中证A500指数,中证A500,CSI A500 Index,CSI A500,4103.56,4139.31,4094.25,4138.42,,0.28,15984112660.0,2494.25,,,2023-10-26,,2494.25
20231027,000510,中证A500指数,中证A500,CSI A500 Index,CSI A500,4123.35,4218.04,4123.35,4202.45,,1.55,17778389281.0,3028.54,,,2023-10-27,,3028.54
20231030,000510,中证A500指数,中证A500,CSI A500 Index,CSI A500,4193.1,4247.21,4193.1,4237.01,,0.82,20860648290.0,3281.92,,,2023-10-30,,3281.92
20231031,000510,中证A500指数,中证A500,CSI A500 Index,CSI A500,4234.42,4234.42,4200.7,4219.44,,-0.42,17197365136.0,2687.51,,,2023-10-31,,2687.51
20231101,000510,中证A500指数,中证A500,CSI A500 Index,CSI A500,4251.37,4251.37,4209.84,4215.81,,-0.09,14413494672.0,2417.73,,,2023-11-01,,2417.73
20231102,000510,中证A500指数,中证A500,CSI A500 Index,CSI A500,4225.52,4239.97,4192.18,4192.18,,-0.56,14213828698.0,2137.03,,,2023-11-02,,2137.03
20231103,000510,中证A500指数,中证A500,CSI A500 Index,CSI A500,4197.22,4245.94,4197.22,4232.31,,0.96,15185194341.0,2373.08,,,2023-11-03,,2373.08
20231106,000510,中证A500指数,中证A500,CSI A500 Index,CSI A500,4257.82,4295.48,4257.82,4294.11,,1.46,21647781926.0,3382.8,,,2023-11-06,,3382.8
20231107,000510,中证A500指数,中证A500,CSI A500 Index,CSI A500,4283.43,4293.66,4265.82,4283.8,,-0.24,16993934791.0,2744.38,,,2023-11-07,,2744.38
20231108,000510,中证A500指数,中证A500,CSI A500 Index,CSI A500,4272.59,4295.99,4257.1,4277.98,,-0.14,17414198934.0,2801.87,,,2023-11-08,,2801.87
20231109,000510,中证A500指数,中证A500,CSI A500 Index,CSI A500,4269.1,4293.17,4266.22,4276.23,,-0.04,16346244014.0,2603.01,,,2023-11-09,,2603.01
20231110,000510,中证A500指数,中证A500,CSI A500 Index,CSI A500,4257.35,4257.35,4236.26,4247.06,,-0.68,14018429559.0,2226.69,,,2023-11-10,,2226.69
20231113,000510,中证A500指数,中证A500,CSI A500 Index,CSI A500,4258.44,4258.44,4229.31,4250.08,,0.07,14556447686.0,2378.41,,,2023-11-13,,2378.41
20231114,000510,中证A500指数,中证A500,CSI A500 Index,CSI A500,4251.33,4269.48,4240.74,4253.3,,0.08,14035183864.0,2219.32,,,2023-11-14,,2219.32
20231115,000510,中证A500指数,中证A500,CSI A500 Index,CSI A500,4295.45,4295.45,4273.86,4283.7,,0.72,15890733460.0,2623.69,,,2023-11-15,,2623.69
20231116,000510,中证A500指数,中证A500,CSI A500 Index,CSI A500,4274.51,4276.58,4239.67,4239.67,,-1.03,13272350016.0,2053.66,,,2023-11-16,,2053.66
20231117,000510,中证A500指数,中证A500,CSI A500 Index,CSI A500,4227.29,4242.78,4216.35,4241.08,,0.03,13072899893.0,1988.67,,,2023-11-17,,1988.67
20231120,000510,中证A500指数,中证A500,CSI A500 Index,CSI A500,4243.8,4263.57,4219.99,4254.29,,0.31,14667757039.0,2287.13,,,2023-11-20,,2287.13
20231121,000510,中证A500指数,中证A500,CSI A500 Index,CSI A500,4267.37,4290.39,4248.1,4253.42,,-0.02,17539063516.0,2504.84,,,2023-11-21,,2504.84
20231122,000510,中证A500指数,中证A500,CSI A500 Index,CSI A500,4238.76,4238.76,4203.63,4203.63,,-1.17,15442927092.0,2078.32,,,2023-11-22,,2078.32
20231123,000510,中证A500指数,中证A500,CSI A500 Index,CSI A500,4198.95,4229.35,4189.21,4228.8,,0.6,14555325884.0,2030.9,,,2023-11-23,,2030.9
20231124,000510,中证A500指数,中证A500,CSI A500 Index,CSI A500,4228.01,4228.01,4191.4,4194.91,,-0.8,15026670819.0,2011.34,,,2023-11-24,,2011.34
20231127,000510,中证A500指数,中证A500,CSI A500 Index,CSI A500,4189.97,4189.97,4149.87,4170.41,,-0.58,14953946823.0,2124.38,,,2023-11-27,,2124.38
20231128,000510,中证A500指数,中证A500,CSI A500 Index,CSI A500,4168.27,4182.82,4159.09,4181.67,,0.27,13696756063.0,1995.71,,,2023-11-28,,1995.71
20231129,000510,中证A500指数,中证A500,CSI A500 Index,CSI A500,4181.08,4181.08,4141.66,4148.03,,-0.8,14400974685.0,2048.72,,,2023-11-29,,2048.72
20231130,000510,中证A500指数,中证A500,CSI A500 Index,CSI A500,4143.88,4159.42,4136.49,4150.27,,0.05,14158304415.0,2011.08,,,2023-11-30,,2011.08
20231201,000510,中证A500指数,中证A500,CSI A500 Index,CSI A500,4147.75,4151.74,4108.31,4144.43,,-0.14,16642459053.0,2476.22,,,2023-12-01,,2476.22
20231204,000510,中证A500指数,中证A500,CSI A500 Index,CSI A500,4143.87,4150.32,4120.82,4121.32,,-0.56,15936729880.0,2444.19,,,2023-12-04,,2444.19
20231205,000510,中证A500指数,中证A500,CSI A500 Index,CSI A500,4108.8,4108.8,4040.31,4040.31,,-1.97,15301196827.0,2320.6,,,2023-12-05,,2320.6
20231206,000510,中证A500指数,中证A500,CSI A500 Index,CSI A500,4032.08,4067.48,4032.08,4051.59,,0.28,16189638316.0,2430.27,,,2023-12-06,,2430.27
20231207,000510,中证A500指数,中证A500,CSI A500 Index,CSI A500,4045.23,4053.01,4019.82,4041.1,,-0.26,15364484530.0,2299.01,,,2023-12-07,,2299.01
20231208,000510,中证A500指数,中证A500,CSI A500 Index,CSI A500,4043.04,4064.09,4036.68,4054.91,,0.34,19219914900.0,2908.9,,,2023-12-08,,2908.9
20231211,000510,中证A500指数,中证A500,CSI A500 Index,CSI A500,4029.16,4088.85,4002.47,4082.77,,0.69,19969821925.0,2892.16,,,2023-12-11,,2892.16
20231212,000510,中证A500指数,中证A500,CSI A500 Index,CSI A500,4073.11,4090.16,4072.57,4089.46,,0.16,15391432441.0,2290.52,,,2023-12-12,,2290.52
20231213,000510,中证A500指数,中证A500,CSI A500 Index,CSI A500,4079.68,4079.68,4023.5,4023.5,,-1.61,13837099758.0,2165.0,,,2023-12-13,,2165.0
20231214,000510,中证A500指数,中证A500,CSI A500 Index,CSI A500,4045.2,4056.67,4003.95,4003.95,,-0.49,13032723091.0,2016.77,,,2023-12-14,,2016.77
20231215,000510,中证A500指数,中证A500,CSI A500 Index,CSI A500,4019.57,4039.22,3989.93,3990.26,,-0.34,14633764029.0,2212.59,,,2023-12-15,,2212.59
20231218,000510,中证A500指数,中证A500,CSI A500 Index,CSI A500,3975.82,3992.51,3957.68,3965.11,,-0.63,13720445875.0,1937.98,,,2023-12-18,,1937.98
20231219,000510,中证A500指数,中证A500,CSI A500 Index,CSI A500,3960.74,3986.37,3948.46,3970.67,,0.14,12151749643.0,1787.23,,,2023-12-19,,1787.23
20231220,000510,中证A500指数,中证A500,CSI A500 Index,CSI A500,3972.17,3972.17,3925.36,3925.36,,-1.14,12913852274.0,1853.72,,,2023-12-20,,1853.72
20231221,000510,中证A500指数,中证A500,CSI A500 Index,CSI A500,3909.94,3972.66,3909.94,3965.9,,1.03,14509722624.0,2236.07,,,2023-12-21,,2236.07
20231222,000510,中证A500指数,中证A500,CSI A500 Index,CSI A500,3964.16,3997.05,3949.2,3965.49,,-0.01,16961307610.0,2405.35,,,2023-12-22,,2405.35
20231225,000510,中证A500指数,中证A500,CSI A500 Index,CSI A500,3957.86,3979.15,3957.86,3977.71,,0.31,11975875589.0,1718.37,,,2023-12-25,,1718.37
20231226,000510,中证A500指数,中证A500,CSI A500 Index,CSI A500,3975.82,3975.82,3936.5,3948.56,,-0.73,11558102573.0,1689.33,,,2023-12-26,,1689.33
20231227,000510,中证A500指数,中证A500,CSI A500 Index,CSI A500,3951.31,3962.62,3932.59,3959.05,,0.27,13445907737.0,1850.98,,,2023-12-27,,1850.98
20231228,000510,中证A500指数,中证A500,CSI A500 Index,CSI A500,3956.9,4058.89,3956.9,4054.18,,2.4,20327390429.0,3138.79,,,2023-12-28,,3138.79
20231229,000510,中证A500指数,中证A500,CSI A500 Index,CSI A500,4049.43,4079.4,4049.43,4079.4,,0.62,16794273850.0,2584.34,,,2023-12-29,,2584.34
20240102,000510,中证A500指数,中证A500,CSI A500 Index,CSI A500,4075.19,4075.19,4030.38,4030.38,,-1.2,16713652455.0,2405.86,,,2024-01-02,,2405.86
20240103,000510,中证A500指数,中证A500,CSI A500 Index,CSI A500,4021.54,4031.18,4000.55,4018.73,,-0.29,15523772041.0,2221.87,,,2024-01-03,,2221.87
20240104,000510,中证A500指数,中证A500,CSI A500 Index,CSI A500,4014.23,4014.23,3962.03,3979.08,,-0.99,14807729322.0,2142.43,,,2024-01-04,,2142.43
20240105,000510,中证A500指数,中证A500,CSI A500 Index,CSI A500,3972.12,3994.27,3933.66,3946.39,,-0.82,16211963534.0,2324.78,,,2024-01-05,,2324.78
20240108,000510,中证A500指数,中证A500,CSI A500 Index,CSI A500,3938.92,3938.92,3888.18,3888.8,,-1.46,15351319846.0,2161.07,,,2024-01-08,,2161.07
20240109,000510,中证A500指数,中证A500,CSI A500 Index,CSI A500,3891.36,3910.34,3876.3,3898.32,,0.25,14719281162.0,2184.93,,,2024-01-09,,2184.93
20240110,000510,中证A500指数,中证A500,CSI A500 Index,CSI A500,3885.82,3921.82,3865.56,3878.46,,-0.51,13066990154.0,2040.97,,,2024-01-10,,2040.97
20240111,000510,中证A500指数,中证A500,CSI A500 Index,CSI A500,3876.11,3923.73,3868.54,3910.39,,0.82,15328400068.0,2418.39,,,2024-01-11,,2418.39
20240112,000510,中证A500指数,中证A500,CSI A500 Index,CSI A500,3897.71,3926.55,3894.86,3894.86,,-0.4,13605107465.0,2074.67,,,2024-01-12,,2074.67
20240115,000510,中证A500指数,中证A500,CSI A500 Index,CSI A500,3878.4,3910.19,3873.87,3889.0,,-0.15,12124091272.0,1867.37,,,2024-01-15,,1867.37
20240116,000510,中证A500指数,中证A500,CSI A500 Index,CSI A500,3880.05,3904.44,3856.08,3902.64,,0.35,14606648244.0,2178.23,,,2024-01-16,,2178.23
20240117,000510,中证A500指数,中证A500,CSI A500 Index,CSI A500,3891.44,3891.44,3810.06,3810.06,,-2.37,14040500476.0,2135.62,,,2024-01-17,,2135.62
20240118,000510,中证A500指数,中证A500,CSI A500 Index,CSI A500,3790.75,3858.23,3743.2,3858.23,,1.26,21893346549.0,3086.35,,,2024-01-18,,3086.35
20240119,000510,中证A500指数,中证A500,CSI A500 Index,CSI A500,3843.96,3869.02,3835.38,3846.48,,-0.3,15473468069.0,2370.0,,,2024-01-19,,2370.0
20240122,000510,中证A500指数,中证A500,CSI A500 Index,CSI A500,3837.82,3837.82,3757.89,3758.49,,-2.29,19244018195.0,2763.5,,,2024-01-22,,2763.5
20240123,000510,中证A500指数,中证A500,CSI A500 Index,CSI A500,3747.46,3801.96,3738.45,3784.04,,0.68,16668651613.0,2446.28,,,2024-01-23,,2446.28
20240124,000510,中证A500指数,中证A500,CSI A500 Index,CSI A500,3800.6,3831.3,3726.42,3831.15,,1.25,19245771098.0,2606.13,,,2024-01-24,,2606.13
20240125,000510,中证A500指数,中证A500,CSI A500 Index,CSI A500,3828.64,3916.82,3827.29,3916.82,,2.24,24394461105.0,3172.95,,,2024-01-25,,3172.95
20240126,000510,中证A500指数,中证A500,CSI A500 Index,CSI A500,3898.31,3916.23,3886.86,3895.91,,-0.53,22212048440.0,2856.06,,,2024-01-26,,2856.06
20240129,000510,中证A500指数,中证A500,CSI A500 Index,CSI A500,3897.04,3898.87,3846.1,3846.1,,-1.28,21991359837.0,2881.93,,,2024-01-29,,2881.93
20240130,000510,中证A500指数,中证A500,CSI A500 Index,CSI A500,3823.13,3832.52,3772.67,3772.67,,-1.91,17846039102.0,2356.44,,,2024-01-30,,2356.44
20240131,000510,中证A500指数,中证A500,CSI A500 Index,CSI A500,3755.19,3779.88,3713.67,3720.82,,-1.37,20504557170.0,2679.82,,,2024-01-31,,2679.82
20240201,000510,中证A500指数,中证A500,CSI A500 Index,CSI A500,3704.23,3764.76,3690.98,3721.23,,0.01,18995294390.0,2474.74,,,2024-02-01,,2474.74
20240202,000510,中证A500指数,中证A500,CSI A500 Index,CSI A500,3724.34,3736.23,3616.9,3663.77,,-1.54,22643745414.0,2831.26,,,2024-02-02,,2831.26
20240205,000510,中证A500指数,中证A500,CSI A500 Index,CSI A500,3643.05,3718.34,3573.37,3663.41,,-0.01,27044668933.0,3373.03,,,2024-02-05,,3373.03
20240206,000510,中证A500指数,中证A500,CSI A500 Index,CSI A500,3641.68,3826.15,3641.68,3825.41,,4.42,27388860415.0,3488.87,,,2024-02-06,,3488.87
20240207,000510,中证A500指数,中证A500,CSI A500 Index,CSI A500,3829.72,3902.19,3829.72,3902.19,,2.01,30634714421.0,3893.09,,,2024-02-07,,3893.09
20240208,000510,中证A500指数,中证A500,CSI A500 Index,CSI A500,3913.36,3960.96,3908.79,3934.25,,0.82,27928105835.0,3656.6,,,2024-02-08,,3656.6
20240219,000510,中证A500指数,中证A500,CSI A500 Index,CSI A500,3977.84,3977.84,3939.47,3976.73,,1.08,25796034328.0,3508.28,,,2024-02-19,,3508.28
20240220,000510,中证A500指数,中证A500,CSI A500 Index,CSI A500,3962.66,3982.01,3944.53,3978.07,,0.03,19165577287.0,2774.38,,,2024-02-20,,2774.38
20240221,000510,中证A500指数,中证A500,CSI A500 Index,CSI A500,3952.44,4077.72,3952.44,4021.93,,1.1,24890755721.0,3549.95,,,2024-02-21,,3549.95
20240222,000510,中证A500指数,中证A500,CSI A500 Index,CSI A500,4015.26,4056.43,4015.26,4056.43,,0.86,19152280845.0,2789.25,,,2024-02-22,,2789.25
20240223,000510,中证A500指数,中证A500,CSI A500 Index,CSI A500,4063.41,4067.08,4041.82,4064.84,,0.21,21052261005.0,3024.93,,,2024-02-23,,3024.93
20240226,000510,中证A500指数,中证A500,CSI A500 Index,CSI A500,4061.71,4065.16,4032.08,4034.64,,-0.74,22014907559.0,3135.08,,,2024-02-26,,3135.08
20240227,000510,中证A500指数,中证A500,CSI A500 Index,CSI A500,4018.3,4094.55,4018.3,4094.55,,1.49,21323904829.0,3261.93,,,2024-02-27,,3261.93
20240228,000510,中证A500指数,中证A500,CSI A500 Index,CSI A500,4100.27,4130.17,4026.96,4026.96,,-1.65,28588740400.0,4341.78,,,2024-02-28,,4341.78
20240229,000510,中证A500指数,中证A500,CSI A500 Index,CSI A500,4010.72,4118.96,4010.72,4118.96,,2.29,22934157754.0,3682.39,,,2024-02-29,,3682.39
20240301,000510,中证A500指数,中证A500,CSI A500 Index,CSI A500,4118.51,4150.71,4114.77,4147.92,,0.7,23186138177.0,3770.69,,,2024-03-01,,3770.69
20240304,000510,中证A500指数,中证A500,CSI A500 Index,CSI A500,4151.15,4158.59,4125.83,4156.22,,0.2,23651745107.0,3914.52,,,2024-03-04,,3914.52
20240305,000510,中证A500指数,中证A500,CSI A500 Index,CSI A500,4135.3,4173.52,4135.3,4170.82,,0.35,24033242390.0,3935.17,,,2024-03-05,,3935.17
20240306,000510,中证A500指数,中证A500,CSI A500 Index,CSI A500,4157.82,4181.35,4147.29,4158.08,,-0.3,20364313054.0,3238.29,,,2024-03-06,,3238.29
20240307,000510,中证A500指数,中证A500,CSI A500 Index,CSI A500,4155.57,4175.16,4122.04,4124.08,,-0.82,22389905020.0,3347.16,,,2024-03-07,,3347.16
20240308,000510,中证A500指数,中证A500,CSI A500 Index,CSI A500,4125.13,4155.4,4110.22,4152.9,,0.7,19039429268.0,3020.68,,,2024-03-08,,3020.68
20240311,000510,中证A500指数,中证A500,CSI A500 Index,CSI A500,4153.05,4212.5,4153.05,4212.5,,1.44,22486441895.0,3785.09,,,2024-03-11,,3785.09
20240312,000510,中证A500指数,中证A500,CSI A500 Index,CSI A500,4217.75,4233.11,4200.3,4221.12,,0.21,25753486055.0,4321.94,,,2024-03-12,,4321.94
20240313,000510,中证A500指数,中证A500,CSI A500 Index,CSI A500,4219.94,4224.04,4189.95,4200.65,,-0.49,22969401729.0,3652.12,,,2024-03-13,,3652.12
20240314,000510,中证A500指数,中证A500,CSI A500 Index,CSI A500,4201.69,4225.18,4169.34,4189.25,,-0.27,22131588327.0,3523.78,,,2024-03-14,,3523.78
20240315,000510,中证A500指数,中证A500,CSI A500 Index,CSI A500,4179.5,4209.11,4154.52,4207.05,,0.43,21830336278.0,3386.81,,,2024-03-15,,3386.81
20240318,000510,中证A500指数,中证A500,CSI A500 Index,CSI A500,4218.0,4250.5,4217.68,4250.22,,1.03,24680417587.0,3975.66,,,2024-03-18,,3975.66
20240319,000510,中证A500指数,中证A500,CSI A500 Index,CSI A500,4238.6,4254.57,4217.7,4217.7,,-0.77,23733176613.0,3653.15,,,2024-03-19,,3653.15
20240320,000510,中证A500指数,中证A500,CSI A500 Index,CSI A500,4207.41,4231.98,4207.41,4229.9,,0.29,20890980628.0,3220.58,,,2024-03-20,,3220.58
20240321,000510,中证A500指数,中证A500,CSI A500 Index,CSI A500,4240.68,4242.53,4213.48,4219.38,,-0.25,20818149227.0,3284.3,,,2024-03-21,,3284.3
20240322,000510,中证A500指数,中证A500,CSI A500 Index,CSI A500,4207.53,4207.53,4152.85,4176.06,,-1.03,22509423255.0,3519.17,,,2024-03-22,,3519.17
20240325,000510,中证A500指数,中证A500,CSI A500 Index,CSI A500,4166.91,4197.62,4142.67,4142.67,,-0.8,21588928582.0,3297.88,,,2024-03-25,,3297.88
20240326,000510,中证A500指数,中证A500,CSI A500 Index,CSI A500,4142.27,4159.5,4131.18,4157.11,,0.35,19586807439.0,3216.37,,,2024-03-26,,3216.37
20240327,000510,中证A500指数,中证A500,CSI A500 Index,CSI A500,4152.11,4152.11,4093.02,4093.02,,-1.54,19062661218.0,2946.66,,,2024-03-27,,2946.66
20240328,000510,中证A500指数,中证A500,CSI A500 Index,CSI A500,4089.34,4156.79,4089.34,4127.86,,0.85,20319001204.0,3169.19,,,2024-03-28,,3169.19
20240329,000510,中证A500指数,中证A500,CSI A500 Index,CSI A500,4124.6,4154.62,4124.6,4154.54,,0.65,18752564306.0,2835.36,,,2024-03-29,,2835.36
20240401,000510,中证A500指数,中证A500,CSI A500 Index,CSI A500,4172.24,4231.91,4172.24,4231.91,,1.86,23782747195.0,3561.84,,,2024-04-01,,3561.84
20240402,000510,中证A500指数,中证A500,CSI A500 Index,CSI A500,4228.03,4228.26,4200.02,4214.18,,-0.42,21736577457.0,3219.36,,,2024-04-02,,3219.36
20240403,000510,中证A500指数,中证A500,CSI A500 Index,CSI A500,4211.6,4211.6,4193.81,4200.94,,-0.31,22078655968.0,3195.89,,,2024-04-03,,3195.89
20240408,000510,中证A500指数,中证A500,CSI A500 Index,CSI A500,4186.06,4201.28,4158.94,4158.94,,-1.0,24220822694.0,3437.28,,,2024-04-08,,3437.28
20240409,000510,中证A500指数,中证A500,CSI A500 Index,CSI A500,4154.99,4166.77,4143.92,4164.4,,0.13,19721790641.0,2846.39,,,2024-04-09,,2846.39
20240410,000510,中证A500指数,中证A500,CSI A500 Index,CSI A500,4158.02,4158.02,4106.17,4125.57,,-0.93,19620457939.0,2842.95,,,2024-04-10,,2842.95
20240411,000510,中证A500指数,中证A500,CSI A500 Index,CSI A500,4100.18,4149.3,4100.18,4128.58,,0.07,19849632119.0,2873.32,,,2024-04-11,,2873.32
20240412,000510,中证A500指数,中证A500,CSI A500 Index,CSI A500,4130.67,4133.26,4098.47,4099.5,,-0.7,18948479785.0,2878.06,,,2024-04-12,,2878.06
20240415,000510,中证A500指数,中证A500,CSI A500 Index,CSI A500,4094.97,4177.15,4092.06,4173.03,,1.79,25913188682.0,3557.65,,,2024-04-15,,3557.65
20240416,000510,中证A500指数,中证A500,CSI A500 Index,CSI A500,4152.72,4159.71,4107.54,4107.54,,-1.57,25729962912.0,3449.33,,,2024-04-16,,3449.33
20240417,000510,中证A500指数,中证A500,CSI A500 Index,CSI A500,4110.4,4186.05,4110.4,4185.72,,1.9,23724569082.0,3264.46,,,2024-04-17,,3264.46
20240418,000510,中证A500指数,中证A500,CSI A500 Index,CSI A500,4166.67,4222.5,4166.67,4186.64,,0.02,24272907999.0,3447.57,,,2024-04-18,,3447.57
20240419,000510,中证A500指数,中证A500,CSI A500 Index,CSI A500,4164.72,4176.88,4142.07,4156.64,,-0.72,21959194111.0,3182.16,,,2024-04-19,,3182.16
20240422,000510,中证A500指数,中证A500,CSI A500 Index,CSI A500,4146.97,4172.22,4134.82,4136.7,,-0.48,21596164349.0,3099.1,,,2024-04-22,,3099.1
20240423,000510,中证A500指数,中证A500,CSI A500 Index,CSI A500,4128.27,4128.27,4094.65,4101.91,,-0.84,20770377894.0,2919.0,,,2024-04-23,,2919.0
20240424,000510,中证A500指数,中证A500,CSI A500 Index,CSI A500,4109.15,4128.71,4095.82,4128.71,,0.65,18543040390.0,2780.43,,,2024-04-24,,2780.43
20240425,000510,中证A500指数,中证A500,CSI A500 Index,CSI A500,4113.85,4149.33,4111.42,4135.89,,0.17,17911906008.0,2647.95,,,2024-04-25,,2647.95
20240426,000510,中证A500指数,中证A500,CSI A500 Index,CSI A500,4134.19,4204.85,4134.19,4204.26,,1.65,26003433989.0,3933.99,,,2024-04-26,,3933.99
20240429,000510,中证A500指数,中证A500,CSI A500 Index,CSI A500,4204.85,4275.84,4204.85,4260.22,,1.33,29710994208.0,4534.39,,,2024-04-29,,4534.39
20240430,000510,中证A500指数,中证A500,CSI A500 Index,CSI A500,4254.6,4260.42,4232.69,4232.69,,-0.65,26317449576.0,3686.92,,,2024-04-30,,3686.92
20240506,000510,中证A500指数,中证A500,CSI A500 Index,CSI A500,4289.71,4308.44,4286.69,4301.89,,1.64,28371906921.0,4249.65,,,2024-05-06,,4249.65
20240507,000510,中证A500指数,中证A500,CSI A500 Index,CSI A500,4301.92,4312.33,4293.72,4304.15,,0.05,22970546633.0,3326.91,,,2024-05-07,,3326.91
20240508,000510,中证A500指数,中证A500,CSI A500 Index,CSI A500,4293.86,4293.86,4260.78,4261.39,,-0.99,19201723118.0,2759.4,,,2024-05-08,,2759.4
20240509,000510,中证A500指数,中证A500,CSI A500 Index,CSI A500,4262.29,4315.22,4262.29,4311.92,,1.19,21179650545.0,3154.65,,,2024-05-09,,3154.65
20240510,000510,中证A500指数,中证A500,CSI A500 Index,CSI A500,4317.68,4317.68,4280.8,4305.79,,-0.14,21063115979.0,3080.69,,,2024-05-10,,3080.69
20240513,000510,中证A500指数,中证A500,CSI A500 Index,CSI A500,4280.39,4303.02,4270.7,4293.77,,-0.28,21133940372.0,3123.94,,,2024-05-13,,3123.94
20240514,000510,中证A500指数,中证A500,CSI A500 Index,CSI A500,4299.03,4306.41,4278.31,4285.8,,-0.19,19053357576.0,2774.95,,,2024-05-14,,2774.95
20240515,000510,中证A500指数,中证A500,CSI A500 Index,CSI A500,4277.51,4278.63,4249.97,4251.0,,-0.81,17363462011.0,2488.52,,,2024-05-15,,2488.52
20240516,000510,中证A500指数,中证A500,CSI A500 Index,CSI A500,4263.55,4280.86,4253.62,4260.77,,0.23,20994322564.0,3050.78,,,2024-05-16,,3050.78
20240517,000510,中证A500指数,中证A500,CSI A500 Index,CSI A500,4258.81,4307.94,4248.06,4307.94,,1.11,22140982222.0,3198.11,,,2024-05-17,,3198.11
20240520,000510,中证A500指数,中证A500,CSI A500 Index,CSI A500,4313.03,4331.97,4310.82,4326.88,,0.44,25181309998.0,3652.98,,,2024-05-20,,3652.98
20240521,000510,中证A500指数,中证A500,CSI A500 Index,CSI A500,4316.79,4316.79,4293.18,4302.33,,-0.57,18991760923.0,2640.18,,,2024-05-21,,2640.18
20240522,000510,中证A500指数,中证A500,CSI A500 Index,CSI A500,4299.72,4312.17,4293.09,4307.33,,0.12,20123246052.0,2926.99,,,2024-05-22,,2926.99
20240523,000510,中证A500指数,中证A500,CSI A500 Index,CSI A500,4291.61,4291.61,4239.79,4248.86,,-1.36,20132728964.0,2838.59,,,2024-05-23,,2838.59
20240524,000510,中证A500指数,中证A500,CSI A500 Index,CSI A500,4235.86,4257.12,4202.24,4202.59,,-1.09,16949045871.0,2502.81,,,2024-05-24,,2502.81
20240527,000510,中证A500指数,中证A500,CSI A500 Index,CSI A500,4209.41,4245.31,4201.84,4243.43,,0.97,18210211284.0,2637.05,,,2024-05-27,,2637.05
20240528,000510,中证A500指数,中证A500,CSI A500 Index,CSI A500,4239.46,4240.97,4208.66,4209.6,,-0.8,17205018446.0,2427.65,,,2024-05-28,,2427.65
20240529,000510,中证A500指数,中证A500,CSI A500 Index,CSI A500,4208.23,4234.56,4205.31,4218.6,,0.21,16360477116.0,2343.25,,,2024-05-29,,2343.25
20240530,000510,中证A500指数,中证A500,CSI A500 Index,CSI A500,4211.13,4226.05,4192.76,4197.96,,-0.49,17356588320.0,2513.77,,,2024-05-30,,2513.77
20240531,000510,中证A500指数,中证A500,CSI A500 Index,CSI A500,4202.9,4222.02,4182.71,4182.71,,-0.36,15927014325.0,2344.73,,,2024-05-31,,2344.73
20240603,000510,中证A500指数,中证A500,CSI A500 Index,CSI A500,4180.01,4204.01,4166.09,4189.86,,0.17,19747936055.0,2835.3,,,2024-06-03,,2835.3
20240604,000510,中证A500指数,中证A500,CSI A500 Index,CSI A500,4182.84,4232.92,4181.04,4228.1,,0.91,17684897489.0,2545.09,,,2024-06-04,,2545.09
20240605,000510,中证A500指数,中证A500,CSI A500 Index,CSI A500,4219.22,4234.73,4199.37,4199.37,,-0.68,16761552217.0,2403.06,,,2024-06-05,,2403.06
20240606,000510,中证A500指数,中证A500,CSI A500 Index,CSI A500,4209.46,4229.33,4185.87,4189.64,,-0.23,20998658190.0,2938.97,,,2024-06-06,,2938.97
20240607,000510,中证A500指数,中证A500,CSI A500 Index,CSI A500,4194.34,4198.29,4144.15,4167.53,,-0.53,18206981232.0,2647.28,,,2024-06-07,,2647.28
20240611,000510,中证A500指数,中证A500,CSI A500 Index,CSI A500,4143.6,4146.94,4119.16,4140.49,,-0.65,18814087885.0,2732.55,,,2024-06-11,,2732.55
20240612,000510,中证A500指数,中证A500,CSI A500 Index,CSI A500,4134.95,4152.84,4132.63,4145.07,,0.11,17081555996.0,2530.73,,,2024-06-12,,2530.73
20240613,000510,中证A500指数,中证A500,CSI A500 Index,CSI A500,4148.59,4148.59,4115.11,4120.63,,-0.59,17356709415.0,2700.12,,,2024-06-13,,2700.12
20240614,000510,中证A500指数,中证A500,CSI A500 Index,CSI A500,4108.41,4140.21,4097.36,4134.26,,0.33,21692591389.0,3438.42,,,2024-06-14,,3438.42
20240617,000510,中证A500指数,中证A500,CSI A500 Index,CSI A500,4113.48,4137.98,4113.48,4132.53,,-0.04,18864411493.0,2994.65,,,2024-06-17,,2994.65
20240618,000510,中证A500指数,中证A500,CSI A500 Index,CSI A500,4129.74,4152.36,4129.74,4146.0,,0.33,17054245172.0,2718.63,,,2024-06-18,,2718.63
20240619,000510,中证A500指数,中证A500,CSI A500 Index,CSI A500,4144.97,4144.97,4117.54,4120.39,,-0.62,15029783105.0,2460.51,,,2024-06-19,,2460.51
20240620,000510,中证A500指数,中证A500,CSI A500 Index,CSI A500,4115.75,4126.35,4080.57,4080.57,,-0.97,16249016374.0,2459.72,,,2024-06-20,,2459.72
20240621,000510,中证A500指数,中证A500,CSI A500 Index,CSI A500,4072.12,4085.85,4051.41,4074.68,,-0.14,14412245497.0,2260.24,,,2024-06-21,,2260.24
20240624,000510,中证A500指数,中证A500,CSI A500 Index,CSI A500,4048.54,4073.08,4039.08,4040.09,,-0.85,16558945770.0,2516.05,,,2024-06-24,,2516.05
20240625,000510,中证A500指数,中证A500,CSI A500 Index,CSI A500,4037.86,4046.58,3998.49,4015.32,,-0.61,16028874194.0,2425.66,,,2024-06-25,,2425.66
20240626,000510,中证A500指数,中证A500,CSI A500 Index,CSI A500,4008.99,4054.1,3997.91,4052.84,,0.93,16726774894.0,2283.11,,,2024-06-26,,2283.11
20240627,000510,中证A500指数,中证A500,CSI A500 Index,CSI A500,4036.54,4036.54,4009.55,4009.55,,-1.07,16595130015.0,2222.64,,,2024-06-27,,2222.64
20240628,000510,中证A500指数,中证A500,CSI A500 Index,CSI A500,3997.22,4049.11,3997.22,4023.33,,0.34,18499206336.0,2574.03,,,2024-06-28,,2574.03
20240701,000510,中证A500指数,中证A500,CSI A500 Index,CSI A500,4020.46,4050.69,4002.89,4046.46,,0.58,16901406633.0,2409.7,,,2024-07-01,,2409.7
20240702,000510,中证A500指数,中证A500,CSI A500 Index,CSI A500,4040.41,4052.74,4025.85,4029.67,,-0.42,16510702568.0,2361.38,,,2024-07-02,,2361.38
20240703,000510,中证A500指数,中证A500,CSI A500 Index,CSI A500,4029.17,4029.17,4011.12,4017.39,,-0.3,14206330529.0,2091.34,,,2024-07-03,,2091.34
20240704,000510,中证A500指数,中证A500,CSI A500 Index,CSI A500,4024.16,4038.13,3991.19,3991.19,,-0.65,15538204043.0,2078.94,,,2024-07-04,,2078.94
20240705,000510,中证A500指数,中证A500,CSI A500 Index,CSI A500,3988.15,3988.15,3945.07,3985.52,,-0.14,15950238492.0,2266.63,,,2024-07-05,,2266.63
20240708,000510,中证A500指数,中证A500,CSI A500 Index,CSI A500,3974.21,3974.21,3945.55,3945.64,,-1.0,16239645248.0,2252.66,,,2024-07-08,,2252.66
20240709,000510,中证A500指数,中证A500,CSI A500 Index,CSI A500,3938.93,4004.26,3924.78,3997.4,,1.31,19643453382.0,2832.33,,,2024-07-09,,2832.33
20240710,000510,中证A500指数,中证A500,CSI A500 Index,CSI A500,3982.84,4007.59,3980.73,3985.72,,-0.29,18546244872.0,2628.64,,,2024-07-10,,2628.64
20240711,000510,中证A500指数,中证A500,CSI A500 Index,CSI A500,4016.19,4044.96,4008.69,4043.58,,1.45,20862280802.0,3101.45,,,2024-07-11,,3101.45
20240712,000510,中证A500指数,中证A500,CSI A500 Index,CSI A500,4035.04,4053.86,4033.93,4046.25,,0.07,18575216044.0,2680.54,,,2024-07-12,,2680.54
20240715,000510,中证A500指数,中证A500,CSI A500 Index,CSI A500,4033.05,4044.97,4032.41,4039.64,,-0.16,17206841573.0,2286.44,,,2024-07-15,,2286.44
20240716,000510,中证A500指数,中证A500,CSI A500 Index,CSI A500,4029.37,4065.23,4029.35,4064.56,,0.62,17704127714.0,2668.03,,,2024-07-16,,2668.03
20240717,000510,中证A500指数,中证A500,CSI A500 Index,CSI A500,4059.98,4072.0,4049.45,4057.22,,-0.18,18130997431.0,2888.69,,,2024-07-17,,2888.69
20240718,000510,中证A500指数,中证A500,CSI A500 Index,CSI A500,4033.52,4079.29,4025.47,4079.29,,0.54,17249795109.0,2780.65,,,2024-07-18,,2780.65
20240719,000510,中证A500指数,中证A500,CSI A500 Index,CSI A500,4054.97,4099.69,4047.81,4094.49,,0.37,17618454445.0,2839.19,,,2024-07-19,,2839.19
20240722,000510,中证A500指数,中证A500,CSI A500 Index,CSI A500,4093.43,4093.43,4054.48,4073.01,,-0.52,17375151190.0,2714.41,,,2024-07-22,,2714.41
20240723,000510,中证A500指数,中证A500,CSI A500 Index,CSI A500,4068.31,4068.31,3975.66,3975.66,,-2.39,17702788981.0,2570.89,,,2024-07-23,,2570.89
20240724,000510,中证A500指数,中证A500,CSI A500 Index,CSI A500,3967.09,3987.72,3936.09,3946.05,,-0.75,18718247936.0,2366.28,,,2024-07-24,,2366.28
20240725,000510,中证A500指数,中证A500,CSI A500 Index,CSI A500,3927.99,3942.55,3909.82,3925.35,,-0.53,16536196398.0,2365.28,,,2024-07-25,,2365.28
20240726,000510,中证A500指数,中证A500,CSI A500 Index,CSI A500,3930.96,3955.95,3924.72,3948.59,,0.59,16099487180.0,2345.09,,,2024-07-26,,2345.09
20240729,000510,中证A500指数,中证A500,CSI A500 Index,CSI A500,3945.81,3945.81,3924.42,3924.42,,-0.61,14704981006.0,2142.6,,,2024-07-29,,2142.6
20240730,000510,中证A500指数,中证A500,CSI A500 Index,CSI A500,3912.63,3912.63,3884.14,3901.81,,-0.58,14615524913.0,2116.92,,,2024-07-30,,2116.92
20240731,000510,中证A500指数,中证A500,CSI A500 Index,CSI A500,3895.13,3999.15,3895.13,3997.47,,2.45,23135874502.0,3224.26,,,2024-07-31,,3224.26
20240801,000510,中证A500指数,中证A500,CSI A500 Index,CSI A500,4000.96,4000.96,3967.97,3970.35,,-0.68,18270966949.0,2602.81,,,2024-08-01,,2602.81
20240802,000510,中证A500指数,中证A500,CSI A500 Index,CSI A500,3939.36,3969.81,3926.47,3926.47,,-1.11,16462071314.0,2353.37,,,2024-08-02,,2353.37
20240805,000510,中证A500指数,中证A500,CSI A500 Index,CSI A500,3898.67,3951.54,3869.26,3869.26,,-1.46,19532958626.0,2861.05,,,2024-08-05,,2861.05
20240806,000510,中证A500指数,中证A500,CSI A500 Index,CSI A500,3900.91,3900.91,3849.57,3879.57,,0.27,17475444652.0,2361.11,,,2024-08-06,,2361.11
20240807,000510,中证A500指数,中证A500,CSI A500 Index,CSI A500,3874.5,3901.49,3874.5,3877.82,,-0.04,14546546988.0,1960.61,,,2024-08-07,,1960.61
20240808,000510,中证A500指数,中证A500,CSI A500 Index,CSI A500,3866.57,3895.73,3852.97,3876.53,,-0.03,14673373910.0,1961.16,,,2024-08-08,,1961.16
20240809,000510,中证A500指数,中证A500,CSI A500 Index,CSI A500,3895.67,3900.49,3861.37,3861.37,,-0.39,15323417043.0,1870.24,,,2024-08-09,,1870.24
20240812,000510,中证A500指数,中证A500,CSI A500 Index,CSI A500,3857.79,3866.47,3849.81,3854.76,,-0.17,12755068733.0,1558.91,,,2024-08-12,,1558.91
20240813,000510,中证A500指数,中证A500,CSI A500 Index,CSI A500,3856.81,3865.01,3836.86,3864.83,,0.26,12129208714.0,1581.59,,,2024-08-13,,1581.59
20240814,000510,中证A500指数,中证A500,CSI A500 Index,CSI A500,3863.29,3863.29,3830.21,3830.21,,-0.9,11328913834.0,1472.89,,,2024-08-14,,1472.89
20240815,000510,中证A500指数,中证A500,CSI A500 Index,CSI A500,3821.18,3882.75,3821.18,3866.78,,0.96,15186719326.0,1894.19,,,2024-08-15,,1894.19
20240816,000510,中证A500指数,中证A500,CSI A500 Index,CSI A500,3868.6,3881.79,3862.29,3867.01,,0.01,14076342836.0,1773.04,,,2024-08-16,,1773.04
20240819,000510,中证A500指数,中证A500,CSI A500 Index,CSI A500,3865.5,3900.08,3865.5,3878.35,,0.29,14616864194.0,1805.27,,,2024-08-19,,1805.27
20240820,000510,中证A500指数,中证A500,CSI A500 Index,CSI A500,3883.6,3883.6,3836.83,3844.69,,-0.87,14957686194.0,1771.49,,,2024-08-20,,1771.49
20240821,000510,中证A500指数,中证A500,CSI A500 Index,CSI A500,3833.41,3851.54,3826.1,3834.75,,-0.26,13715139240.0,1681.98,,,2024-08-21,,1681.98
20240822,000510,中证A500指数,中证A500,CSI A500 Index,CSI A500,3836.03,3836.09,3815.35,3818.68,,-0.42,14551515246.0,1864.74,,,2024-08-22,,1864.74
20240823,000510,中证A500指数,中证A500,CSI A500 Index,CSI A500,3809.99,3838.15,3809.99,3833.19,,0.38,12800209763.0,1689.71,,,2024-08-23,,1689.71
20240826,000510,中证A500指数,中证A500,CSI A500 Index,CSI A500,3838.45,3838.45,3820.28,3832.7,,-0.01,14193773124.0,1869.3,,,2024-08-26,,1869.3
20240827,000510,中证A500指数,中证A500,CSI A500 Index,CSI A500,3822.64,3822.64,3800.97,3807.54,,-0.66,14199506666.0,1745.07,,,2024-08-27,,1745.07
20240828,000510,中证A500指数,中证A500,CSI A500 Index,CSI A500,3800.78,3803.57,3781.19,3790.86,,-0.44,13976729807.0,1749.93,,,2024-08-28,,1749.93
20240829,000510,中证A500指数,中证A500,CSI A500 Index,CSI A500,3775.32,3807.75,3775.32,3795.78,,0.13,18435712251.0,2252.66,,,2024-08-29,,2252.66
20240903,000510,中证A500指数,中证A500,CSI A500 Index,CSI A500,,,,3800.66,20.22,0.53,17384716680.0,2059.04,500.0,12.2,2024-09-03,12.2,2059.04
20240904,000510,中证A500指数,中证A500,CSI A500 Index,CSI A500,,,,3777.34,-23.32,-0.61,15797571400.0,1929.06,500.0,12.11,2024-09-04,12.11,1929.06
20240905,000510,中证A500指数,中证A500,CSI A500 Index,CSI A500,,,,3785.99,8.65,0.23,14425279123.0,1804.19,500.0,12.11,2024-09-05,12.11,1804.19
20240906,000510,中证A500指数,中证A500,CSI A500 Index,CSI A500,,,,3747.96,-38.03,-1.0,13048056339.0,1636.03,500.0,12.01,2024-09-06,12.01,1636.03
20240909,000510,中证A500指数,中证A500,CSI A500 Index,CSI A500,,,,3706.38,-41.58,-1.11,14692394758.0,1862.22,500.0,,2024-09-09,,1862.22
20240910,000510,中证A500指数,中证A500,CSI A500 Index,CSI A500,,,,3710.91,4.53,0.12,14533165927.0,1822.64,500.0,11.91,2024-09-10,11.91,1822.64
20240911,000510,中证A500指数,中证A500,CSI A500 Index,CSI A500,,,,3709.2,-1.72,-0.05,14080021704.0,1884.69,500.0,11.84,2024-09-11,11.84,1884.69
20240912,000510,中证A500指数,中证A500,CSI A500 Index,CSI A500,,,,3691.62,-17.57,-0.47,13369058116.0,1801.14,500.0,11.8,2024-09-12,11.8,1801.14
20240913,000510,中证A500指数,中证A500,CSI A500 Index,CSI A500,,,,3671.06,-20.57,-0.56,12733546359.0,1820.7,500.0,11.75,2024-09-13,11.75,1820.7
20240918,000510,中证A500指数,中证A500,CSI A500 Index,CSI A500,,,,3685.02,13.96,0.38,12396797981.0,1631.02,500.0,11.83,2024-09-18,11.83,1631.02
20240919,000510,中证A500指数,中证A500,CSI A500 Index,CSI A500,,,,3716.39,31.37,0.85,18086070245.0,2347.4,500.0,11.88,2024-09-19,11.88,2347.4
20240920,000510,中证A500指数,中证A500,CSI A500 Index,CSI A500,,,,3717.17,0.77,0.02,16503127655.0,2129.77,500.0,11.91,2024-09-20,11.91,2129.77
20240923,000510,中证A500指数,中证A500,CSI A500 Index,CSI A500,3716.39,3748.63,3711.59,3725.78,8.61,0.23,14284392700.0,1923.78,500.0,11.96,2024-09-23,11.96,1923.78
20240924,000510,中证A500指数,中证A500,CSI A500 Index,CSI A500,3761.02,3885.23,3734.17,3885.17,159.39,4.28,28166127900.0,3796.97,500.0,12.47,2024-09-24,12.47,3796.97
20240925,000510,中证A500指数,中证A500,CSI A500 Index,CSI A500,3941.61,4016.42,3929.48,3937.37,52.2,1.34,33304232200.0,4371.33,500.0,12.62,2024-09-25,12.62,4371.33
20240926,000510,中证A500指数,中证A500,CSI A500 Index,CSI A500,3934.95,4103.82,3926.96,4103.82,166.45,4.23,32911887600.0,4521.23,500.0,13.09,2024-09-26,13.09,4521.23
20240927,000510,中证A500指数,中证A500,CSI A500 Index,CSI A500,4184.84,4311.02,4169.28,4298.56,194.74,4.75,37942962400.0,5886.23,500.0,13.54,2024-09-27,13.54,5886.23
20240930,000510,中证A500指数,中证A500,CSI A500 Index,CSI A500,4468.09,4707.59,4414.16,4684.89,386.33,8.99,67661206400.0,10433.05,500.0,14.64,2024-09-30,14.64,10433.05
20241008,000510,中证A500指数,中证A500,CSI A500 Index,CSI A500,5207.26,5207.26,4773.3,4981.3,296.41,6.33,82474901100.0,14087.17,500.0,15.4,2024-10-08,15.4,14087.17
20241009,000510,中证A500指数,中证A500,CSI A500 Index,CSI A500,4874.78,4911.48,4611.87,4630.94,-350.36,-7.03,64138449700.0,12365.12,500.0,14.33,2024-10-09,14.33,12365.12
20241010,000510,中证A500指数,中证A500,CSI A500 Index,CSI A500,4653.03,4787.16,4567.81,4661.03,30.09,0.65,51328544500.0,8789.62,500.0,14.54,2024-10-10,14.54,8789.62
20241011,000510,中证A500指数,中证A500,CSI A500 Index,CSI A500,4626.32,4627.9,4467.05,4516.47,-144.56,-3.1,36485748300.0,6011.82,500.0,14.16,2024-10-11,14.16,6011.82
20241014,000510,中证A500指数,中证A500,CSI A500 Index,CSI A500,4544.02,4628.73,4488.86,4609.55,93.08,2.06,38326059300.0,6351.34,500.0,14.45,2024-10-14,14.45,6351.34
20241015,000510,中证A500指数,中证A500,CSI A500 Index,CSI A500,4589.99,4631.73,4495.57,4495.57,-113.99,-2.47,33999948300.0,5840.15,500.0,14.07,2024-10-15,14.07,5840.15
20241016,000510,中证A500指数,中证A500,CSI A500 Index,CSI A500,4435.37,4520.04,4433.82,4464.92,-30.65,-0.68,29813015500.0,4855.37,500.0,14.01,2024-10-16,14.01,4855.37
20241017,000510,中证A500指数,中证A500,CSI A500 Index,CSI A500,4493.66,4524.22,4417.99,4418.55,-46.37,-1.04,31230299000.0,5053.2,500.0,13.86,2024-10-17,13.86,5053.2
20241018,000510,中证A500指数,中证A500,CSI A500 Index,CSI A500,4410.63,4669.67,4401.31,4581.32,162.77,3.68,43018608600.0,7935.42,500.0,14.28,2024-10-18,14.28,7935.42
20241021,000510,中证A500指数,中证A500,CSI A500 Index,CSI A500,4614.82,4671.84,4563.6,4614.35,33.03,0.72,41624359300.0,7991.59,500.0,14.32,2024-10-21,14.32,7991.59
20241022,000510,中证A500指数,中证A500,CSI A500 Index,CSI A500,4605.48,4659.02,4593.14,4644.92,30.57,0.66,35813568100.0,6465.9,500.0,14.4,2024-10-22,14.4,6465.9
20241023,000510,中证A500指数,中证A500,CSI A500 Index,CSI A500,4638.2,4712.37,4621.25,4664.25,19.34,0.42,39303113400.0,6756.25,500.0,14.45,2024-10-23,14.45,6756.25
20241024,000510,中证A500指数,中证A500,CSI A500 Index,CSI A500,4637.76,4644.82,4593.87,4610.74,-53.52,-1.15,28980129300.0,5051.49,500.0,14.31,2024-10-24,14.31,5051.49
20241025,000510,中证A500指数,中证A500,CSI A500 Index,CSI A500,4614.29,4698.68,4608.53,4655.91,45.18,0.98,34461268800.0,6080.62,500.0,14.39,2024-10-25,14.39,6080.62
20241028,000510,中证A500指数,中证A500,CSI A500 Index,CSI A500,4653.78,4674.82,4613.18,4674.82,18.91,0.41,36637214300.0,5823.07,500.0,14.42,2024-10-28,14.42,5823.07
20241029,000510,中证A500指数,中证A500,CSI A500 Index,CSI A500,4684.82,4703.42,4625.51,4628.61,-46.21,-0.99,36643457200.0,6329.75,500.0,14.29,2024-10-29,14.29,6329.75
20241030,000510,中证A500指数,中证A500,CSI A500 Index,CSI A500,4607.54,4639.69,4570.49,4603.98,-24.63,-0.53,36078406700.0,5801.67,500.0,14.18,2024-10-30,14.18,5801.67
20241031,000510,中证A500指数,中证A500,CSI A500 Index,CSI A500,4605.79,4647.17,4574.01,4614.79,10.81,0.23,45962287100.0,7472.58,500.0,14.17,2024-10-31,14.17,7472.58
20241101,000510,中证A500指数,中证A500,CSI A500 Index,CSI A500,4605.01,4653.59,4581.68,4597.45,-17.34,-0.38,51562586900.0,7654.81,500.0,13.85,2024-11-01,13.85,7654.81
20241104,000510,中证A500指数,中证A500,CSI A500 Index,CSI A500,4601.77,4665.2,4601.25,4665.2,67.75,1.47,38194059600.0,6030.55,500.0,14.01,2024-11-04,14.01,6030.55
20241105,000510,中证A500指数,中证A500,CSI A500 Index,CSI A500,4658.9,4793.63,4647.61,4789.76,124.56,2.67,50333020300.0,8396.49,500.0,14.34,2024-11-05,14.34,8396.49
20241106,000510,中证A500指数,中证A500,CSI A500 Index,CSI A500,4799.07,4846.21,4748.2,4775.62,-14.14,-0.3,56091227000.0,9282.39,500.0,14.28,2024-11-06,14.28,9282.39
20241107,000510,中证A500指数,中证A500,CSI A500 Index,CSI A500,4730.62,4893.84,4725.59,4893.31,117.68,2.46,55475811400.0,9067.09,500.0,14.64,2024-11-07,14.64,9067.09
20241108,000510,中证A500指数,中证A500,CSI A500 Index,CSI A500,4945.49,4960.8,4849.16,4860.88,-32.42,-0.66,53712525900.0,9563.35,500.0,14.52,2024-11-08,14.52,9563.35
20241111,000510,中证A500指数,中证A500,CSI A500 Index,CSI A500,4825.69,4915.27,4811.57,4913.93,53.05,1.09,49883460300.0,9304.44,500.0,14.58,2024-11-11,14.58,9304.44
20241112,000510,中证A500指数,中证A500,CSI A500 Index,CSI A500,4919.65,4970.27,4828.72,4862.39,-51.55,-1.05,50009885800.0,9545.26,500.0,14.42,2024-11-12,14.42,9545.26
20241113,000510,中证A500指数,中证A500,CSI A500 Index,CSI A500,4832.59,4894.34,4825.14,4883.98,21.59,0.44,39600771100.0,7336.76,500.0,14.5,2024-11-13,14.5,7336.76
20241114,000510,中证A500指数,中证A500,CSI A500 Index,CSI A500,4870.79,4881.99,4773.77,4779.67,-104.31,-2.14,37451939400.0,6549.37,500.0,14.27,2024-11-14,14.27,6549.37
20241115,000510,中证A500指数,中证A500,CSI A500 Index,CSI A500,4761.36,4789.42,4687.89,4687.89,-91.79,-1.92,39194428800.0,6647.52,500.0,14.06,2024-11-15,14.06,6647.52
20241118,000510,中证A500指数,中证A500,CSI A500 Index,CSI A500,4703.52,4749.58,4624.82,4648.17,-39.71,-0.85,45791150600.0,6432.87,500.0,14.03,2024-11-18,14.03,6432.87
20241119,000510,中证A500指数,中证A500,CSI A500 Index,CSI A500,4651.31,4694.55,4586.66,4692.88,44.71,0.96,37903269600.0,5598.21,500.0,14.1,2024-11-19,14.1,5598.21
20241120,000510,中证A500指数,中证A500,CSI A500 Index,CSI A500,4680.87,4735.26,4671.91,4715.84,22.96,0.49,32979540300.0,5271.56,500.0,14.15,2024-11-20,14.15,5271.56
20241121,000510,中证A500指数,中证A500,CSI A500 Index,CSI A500,4704.81,4731.45,4687.11,4716.76,0.91,0.02,31172973000.0,4995.57,500.0,14.14,2024-11-21,14.14,4995.57
20241122,000510,中证A500指数,中证A500,CSI A500 Index,CSI A500,4708.37,4718.0,4566.55,4566.55,-150.2,-3.18,37147150700.0,5764.57,500.0,13.73,2024-11-22,13.73,5764.57
20241125,000510,中证A500指数,中证A500,CSI A500 Index,CSI A500,4577.14,4591.98,4499.35,4544.75,-21.8,-0.48,32382237400.0,4986.98,500.0,13.67,2024-11-25,13.67,4986.98
20241126,000510,中证A500指数,中证A500,CSI A500 Index,CSI A500,4532.19,4573.35,4523.53,4524.87,-19.88,-0.44,26549117900.0,3886.68,500.0,13.65,2024-11-26,13.65,3886.68
20241127,000510,中证A500指数,中证A500,CSI A500 Index,CSI A500,4509.84,4608.55,4488.28,4608.38,83.51,1.85,30797386100.0,4658.1,500.0,13.86,2024-11-27,13.86,4658.1
20241128,000510,中证A500指数,中证A500,CSI A500 Index,CSI A500,4607.31,4613.13,4557.88,4565.13,-43.25,-0.94,29032817900.0,4389.08,500.0,13.75,2024-11-28,13.75,4389.08
20241129,000510,中证A500指数,中证A500,CSI A500 Index,CSI A500,4560.63,4668.85,4560.63,4620.27,55.15,1.21,30639736300.0,5204.83,500.0,13.88,2024-11-29,13.88,5204.83
20241202,000510,中证A500指数,中证A500,CSI A500 Index,CSI A500,4615.63,4678.66,4608.16,4669.07,48.8,1.06,34232878000.0,5296.75,500.0,14.01,2024-12-02,14.01,5296.75
20241203,000510,中证A500指数,中证A500,CSI A500 Index,CSI A500,4670.11,4682.43,4632.7,4666.91,-2.16,-0.05,31736642600.0,4782.58,500.0,14.04,2024-12-03,14.04,4782.58
20241204,000510,中证A500指数,中证A500,CSI A500 Index,CSI A500,4663.31,4672.97,4619.06,4635.88,-31.03,-0.66,32422231200.0,4633.63,500.0,14.0,2024-12-04,14.0,4633.63
20241205,000510,中证A500指数,中证A500,CSI A500 Index,CSI A500,4618.0,4647.91,4614.05,4631.03,-4.84,-0.1,27223625800.0,3967.92,500.0,13.96,2024-12-05,13.96,3967.92
20241206,000510,中证A500指数,中证A500,CSI A500 Index,CSI A500,4634.75,4721.46,4632.16,4694.33,63.29,1.37,37928862400.0,5202.84,500.0,14.14,2024-12-06,14.14,5202.84
20241209,000510,中证A500指数,中证A500,CSI A500 Index,CSI A500,4693.41,4718.48,4659.81,4682.52,-11.81,-0.25,38886929400.0,4634.29,500.0,14.14,2024-12-09,14.14,4634.29
20241210,000510,中证A500指数,中证A500,CSI A500 Index,CSI A500,4829.76,4835.09,4707.74,4715.94,33.42,0.71,47395477300.0,6799.29,500.0,14.23,2024-12-10,14.23,6799.29
20241211,000510,中证A500指数,中证A500,CSI A500 Index,CSI A500,4705.85,4730.95,4700.65,4717.18,1.24,0.03,35229379200.0,4675.59,500.0,14.22,2024-12-11,14.22,4675.59
20241212,000510,中证A500指数,中证A500,CSI A500 Index,CSI A500,4715.81,4763.25,4706.85,4759.41,42.23,0.9,33402274400.0,4870.1,500.0,14.36,2024-12-12,14.36,4870.1
20241213,000510,中证A500指数,中证A500,CSI A500 Index,CSI A500,4727.31,4727.31,4648.42,4649.95,-109.47,-2.3,39973388300.0,6051.7,500.0,14.05,2024-12-13,14.05,6051.7
20241216,000510,中证A500指数,中证A500,CSI A500 Index,CSI A500,4647.3,4653.92,4604.04,4617.17,-32.78,-0.7,29971427500.0,4690.85,500.0,14.1,2024-12-16,14.1,4690.85
20241217,000510,中证A500指数,中证A500,CSI A500 Index,CSI A500,4611.39,4661.0,4611.39,4616.95,-0.23,0.0,26502288700.0,4204.47,500.0,14.12,2024-12-17,14.12,4204.47
20241218,000510,中证A500指数,中证A500,CSI A500 Index,CSI A500,4631.34,4661.28,4630.11,4643.69,26.75,0.58,25404908500.0,3832.17,500.0,14.19,2024-12-18,14.19,3832.17
20241219,000510,中证A500指数,中证A500,CSI A500 Index,CSI A500,4605.11,4664.18,4591.5,4653.51,9.82,0.21,26443613000.0,4432.35,500.0,14.17,2024-12-19,14.17,4432.35
20241220,000510,中证A500指数,中证A500,CSI A500 Index,CSI A500,4643.56,4674.41,4632.14,4639.21,-14.29,-0.31,26447215500.0,4672.46,500.0,14.11,2024-12-20,14.11,4672.46
20241223,000510,中证A500指数,中证A500,CSI A500 Index,CSI A500,4639.14,4673.61,4622.43,4626.14,-13.08,-0.28,28464188200.0,4740.76,500.0,14.16,2024-12-23,14.16,4740.76
20241224,000510,中证A500指数,中证A500,CSI A500 Index,CSI A500,4628.76,4684.44,4628.76,4682.22,56.09,1.21,23758245800.0,4066.22,500.0,14.33,2024-12-24,14.33,4066.22
20241225,000510,中证A500指数,中证A500,CSI A500 Index,CSI A500,4686.92,4700.02,4652.85,4673.14,-9.08,-0.19,23172224800.0,3922.24,500.0,14.37,2024-12-25,14.37,3922.24
20241226,000510,中证A500指数,中证A500,CSI A500 Index,CSI A500,4668.98,4690.97,4655.23,4684.84,11.7,0.25,21511260700.0,4123.22,500.0,14.38,2024-12-26,14.38,4123.22
20241227,000510,中证A500指数,中证A500,CSI A500 Index,CSI A500,4686.82,4716.01,4668.79,4678.68,-6.16,-0.13,24410531500.0,4594.0,500.0,14.36,2024-12-27,14.36,4594.0
20241230,000510,中证A500指数,中证A500,CSI A500 Index,CSI A500,4673.47,4705.78,4673.47,4693.23,14.55,0.31,22775454500.0,4146.79,500.0,14.42,2024-12-30,14.42,4146.79
20241231,000510,中证A500指数,中证A500,CSI A500 Index,CSI A500,4690.98,4698.3,4608.94,4608.94,-84.29,-1.8,25943757900.0,4489.06,500.0,14.22,2024-12-31,14.22,4489.06
20250102,000510,中证A500指数,中证A500,CSI A500 Index,CSI A500,4604.75,4607.87,4443.25,4473.66,-135.28,-2.94,29133815500.0,4871.36,500.0,13.82,2025-01-02,13.82,4871.36
20250103,000510,中证A500指数,中证A500,CSI A500 Index,CSI A500,4478.69,4494.12,4404.2,4411.04,-62.62,-1.4,25268473800.0,3966.5,500.0,13.66,2025-01-03,13.66,3966.5
20250106,000510,中证A500指数,中证A500,CSI A500 Index,CSI A500,4411.58,4428.34,4377.56,4402.91,-8.12,-0.18,21028969800.0,3355.2,500.0,13.64,2025-01-06,13.64,3355.2
20250107,000510,中证A500指数,中证A500,CSI A500 Index,CSI A500,4395.18,4442.64,4380.71,4440.99,38.08,0.86,21656149200.0,3501.29,500.0,13.71,2025-01-07,13.71,3501.29
20250108,000510,中证A500指数,中证A500,CSI A500 Index,CSI A500,4422.52,4456.12,4351.58,4428.28,-12.71,-0.29,25171965200.0,3935.85,500.0,13.69,2025-01-08,13.69,3935.85
20250109,000510,中证A500指数,中证A500,CSI A500 Index,CSI A500,4416.29,4443.22,4407.13,4424.24,-4.03,-0.09,20688696700.0,3391.62,500.0,13.63,2025-01-09,13.63,3391.62
20250110,000510,中证A500指数,中证A500,CSI A500 Index,CSI A500,4422.17,4437.57,4365.54,4365.54,-58.7,-1.33,21685936700.0,3655.43,500.0,13.47,2025-01-10,13.47,3655.43
20250113,000510,中证A500指数,中证A500,CSI A500 Index,CSI A500,4331.32,4380.1,4330.84,4358.2,-7.34,-0.17,20102372300.0,3220.74,500.0,13.43,2025-01-13,13.43,3220.74
20250114,000510,中证A500指数,中证A500,CSI A500 Index,CSI A500,4365.85,4491.23,4354.0,4484.09,125.9,2.89,26041525600.0,4582.5,500.0,13.76,2025-01-14,13.76,4582.5
20250115,000510,中证A500指数,中证A500,CSI A500 Index,CSI A500,4473.02,4478.3,4444.21,4452.02,-32.07,-0.72,21370494900.0,3717.76,500.0,13.67,2025-01-15,13.67,3717.76
20250116,000510,中证A500指数,中证A500,CSI A500 Index,CSI A500,4471.47,4516.12,4429.68,4458.96,6.93,0.16,23898404500.0,4116.28,500.0,13.71,2025-01-16,13.71,4116.28
20250117,000510,中证A500指数,中证A500,CSI A500 Index,CSI A500,4443.74,4502.55,4436.89,4476.98,18.03,0.4,20089774600.0,3583.58,500.0,13.74,2025-01-17,13.74,3583.58
20250120,000510,中证A500指数,中证A500,CSI A500 Index,CSI A500,4504.53,4534.69,4489.28,4499.54,22.56,0.5,21091592400.0,3846.43,500.0,13.77,2025-01-20,13.77,3846.43
20250121,000510,中证A500指数,中证A500,CSI A500 Index,CSI A500,4523.87,4524.69,4482.18,4507.06,7.52,0.17,21210912800.0,3768.11,500.0,13.77,2025-01-21,13.77,3768.11
20250122,000510,中证A500指数,中证A500,CSI A500 Index,CSI A500,4493.62,4494.47,4448.01,4466.66,-40.4,-0.9,19953274400.0,3763.62,500.0,13.63,2025-01-22,13.63,3763.62
20250123,000510,中证A500指数,中证A500,CSI A500 Index,CSI A500,4504.55,4545.73,4463.82,4463.97,-2.69,-0.06,25618479900.0,4430.59,500.0,13.68,2025-01-23,13.68,4430.59
20250124,000510,中证A500指数,中证A500,CSI A500 Index,CSI A500,4452.77,4519.86,4452.43,4504.01,40.04,0.9,22667902600.0,3941.1,500.0,13.82,2025-01-24,13.82,3941.1
20250127,000510,中证A500指数,中证A500,CSI A500 Index,CSI A500,4509.72,4527.05,4478.66,4478.66,-25.35,-0.56,21348344000.0,3644.58,500.0,13.82,2025-01-27,13.82,3644.58
20250205,000510,中证A500指数,中证A500,CSI A500 Index,CSI A500,4517.17,4517.41,4453.54,4468.24,-10.42,-0.23,25573904400.0,4748.38,500.0,13.72,2025-02-05,13.72,4748.38
20250206,000510,中证A500指数,中证A500,CSI A500 Index,CSI A500,4462.06,4541.52,4460.47,4540.92,72.67,1.63,29111162900.0,5369.68,500.0,13.9,2025-02-06,13.9,5369.68
20250207,000510,中证A500指数,中证A500,CSI A500 Index,CSI A500,4542.96,4639.96,4531.02,4606.19,65.27,1.44,36650113800.0,6923.72,500.0,14.06,2025-02-07,14.06,6923.72
20250210,000510,中证A500指数,中证A500,CSI A500 Index,CSI A500,4616.93,4633.01,4593.34,4627.01,20.82,0.45,33335431400.0,5809.61,500.0,14.1,2025-02-10,14.1,5809.61
20250211,000510,中证A500指数,中证A500,CSI A500 Index,CSI A500,4631.23,4631.23,4589.74,4603.14,-23.88,-0.52,30191825000.0,5196.55,500.0,14.07,2025-02-11,14.07,5196.55
20250212,000510,中证A500指数,中证A500,CSI A500 Index,CSI A500,4592.66,4653.52,4586.05,4652.67,49.53,1.08,30272025400.0,5528.45,500.0,14.2,2025-02-12,14.2,5528.45
20250213,000510,中证A500指数,中证A500,CSI A500 Index,CSI A500,4646.46,4673.18,4630.37,4630.56,-22.1,-0.48,32064929100.0,5738.17,500.0,14.16,2025-02-13,14.16,5738.17
20250214,000510,中证A500指数,中证A500,CSI A500 Index,CSI A500,4626.83,4680.18,4626.83,4675.97,45.41,0.98,31256671300.0,5647.19,500.0,14.28,2025-02-14,14.28,5647.19
20250217,000510,中证A500指数,中证A500,CSI A500 Index,CSI A500,4695.53,4697.86,4650.05,4681.52,5.54,0.12,35563339800.0,6531.61,500.0,14.23,2025-02-17,14.23,6531.61
20250218,000510,中证A500指数,中证A500,CSI A500 Index,CSI A500,4676.19,4696.7,4614.63,4629.25,-52.27,-1.12,33496342000.0,5890.53,500.0,14.13,2025-02-18,14.13,5890.53
20250219,000510,中证A500指数,中证A500,CSI A500 Index,CSI A500,4622.44,4674.85,4619.77,4674.28,45.03,0.97,30367015900.0,5499.85,500.0,14.21,2025-02-19,14.21,5499.85
20250220,000510,中证A500指数,中证A500,CSI A500 Index,CSI A500,4669.6,4681.29,4647.27,4667.88,-6.4,-0.14,29715398300.0,5274.72,500.0,14.19,2025-02-20,14.19,5274.72
20250221,000510,中证A500指数,中证A500,CSI A500 Index,CSI A500,4679.27,4738.14,4668.32,4734.86,66.98,1.43,38744073800.0,7612.47,500.0,14.32,2025-02-21,14.32,7612.47
20250224,000510,中证A500指数,中证A500,CSI A500 Index,CSI A500,4728.67,4751.84,4697.3,4725.35,-9.51,-0.2,37676799400.0,6954.84,500.0,14.28,2025-02-24,14.28,6954.84
20250225,000510,中证A500指数,中证A500,CSI A500 Index,CSI A500,4675.99,4714.77,4661.33,4673.99,-51.36,-1.09,31445096700.0,6034.05,500.0,14.11,2025-02-25,14.11,6034.05
20250226,000510,中证A500指数,中证A500,CSI A500 Index,CSI A500,4682.26,4712.92,4674.69,4712.62,38.63,0.83,31409509200.0,5831.26,500.0,14.21,2025-02-26,14.21,5831.26
20250227,000510,中证A500指数,中证A500,CSI A500 Index,CSI A500,4715.19,4726.83,4666.33,4712.33,-0.29,-0.01,32230444300.0,6123.22,500.0,14.24,2025-02-27,14.24,6123.22
20250228,000510,中证A500指数,中证A500,CSI A500 Index,CSI A500,4690.26,4710.33,4600.87,4606.36,-105.97,-2.25,30583004500.0,5835.2,500.0,13.98,2025-02-28,13.98,5835.2
20250303,000510,中证A500指数,中证A500,CSI A500 Index,CSI A500,4619.52,4666.39,4590.34,4611.58,5.22,0.11,28200319000.0,5140.49,500.0,13.98,2025-03-03,13.98,5140.49
20250304,000510,中证A500指数,中证A500,CSI A500 Index,CSI A500,4582.4,4619.65,4571.56,4613.8,2.22,0.05,23490217300.0,4298.9,500.0,13.95,2025-03-04,13.95,4298.9
20250305,000510,中证A500指数,中证A500,CSI A500 Index,CSI A500,4616.51,4637.18,4599.16,4632.25,18.45,0.4,24335878400.0,4213.76,500.0,14.02,2025-03-05,14.02,4213.76
20250306,000510,中证A500指数,中证A500,CSI A500 Index,CSI A500,4658.8,4714.48,4654.32,4704.58,72.33,1.56,31204173300.0,5766.14,500.0,14.19,2025-03-06,14.19,5766.14
20250307,000510,中证A500指数,中证A500,CSI A500 Index,CSI A500,4691.89,4722.65,4676.88,4690.56,-14.02,-0.3,31040655200.0,5336.71,500.0,14.16,2025-03-07,14.16,5336.71
20250310,000510,中证A500指数,中证A500,CSI A500 Index,CSI A500,4695.09,4703.32,4647.87,4677.52,-13.03,-0.28,26660176300.0,4514.05,500.0,14.11,2025-03-10,14.11,4514.05
20250311,000510,中证A500指数,中证A500,CSI A500 Index,CSI A500,4627.47,4692.04,4626.03,4692.04,14.51,0.31,25654004000.0,4396.82,500.0,14.15,2025-03-11,14.15,4396.82
20250312,000510,中证A500指数,中证A500,CSI A500 Index,CSI A500,4702.18,4709.99,4672.44,4676.3,-15.73,-0.34,27304930200.0,4686.13,500.0,14.1,2025-03-12,14.1,4686.13
20250313,000510,中证A500指数,中证A500,CSI A500 Index,CSI A500,4674.31,4685.52,4627.27,4648.53,-27.78,-0.59,25623878000.0,4352.39,500.0,14.06,2025-03-13,14.06,4352.39
20250314,000510,中证A500指数,中证A500,CSI A500 Index,CSI A500,4656.84,4760.57,4656.05,4755.15,106.62,2.29,30542301200.0,5756.71,500.0,14.35,2025-03-14,14.35,5756.71
20250317,000510,中证A500指数,中证A500,CSI A500 Index,CSI A500,4772.79,4773.67,4743.43,4748.1,-7.05,-0.15,25274333000.0,4482.49,500.0,14.35,2025-03-17,14.35,4482.49
20250318,000510,中证A500指数,中证A500,CSI A500 Index,CSI A500,4765.91,4778.26,4751.57,4765.55,17.46,0.37,23335675900.0,4303.1,500.0,14.37,2025-03-18,14.37,4303.1
20250319,000510,中证A500指数,中证A500,CSI A500 Index,CSI A500,4760.18,4778.0,4735.37,4758.89,-6.66,-0.14,22534257300.0,4091.9,500.0,14.38,2025-03-19,14.38,4091.9
20250320,000510,中证A500指数,中证A500,CSI A500 Index,CSI A500,4759.64,4760.99,4713.25,4718.18,-40.71,-0.86,20839653900.0,3690.09,500.0,14.27,2025-03-20,14.27,3690.09
20250321,000510,中证A500指数,中证A500,CSI A500 Index,CSI A500,4706.38,4725.76,4630.97,4642.74,-75.44,-1.6,24898904800.0,4293.97,500.0,14.07,2025-03-21,14.07,4293.97
20250324,000510,中证A500指数,中证A500,CSI A500 Index,CSI A500,4645.2,4667.36,4620.0,4661.75,19.01,0.41,23638428800.0,3864.16,500.0,14.14,2025-03-24,14.14,3864.16
20250325,000510,中证A500指数,中证A500,CSI A500 Index,CSI A500,4664.75,4675.27,4642.38,4653.25,-8.51,-0.18,20754959000.0,3389.56,500.0,14.15,2025-03-25,14.15,3389.56
20250326,000510,中证A500指数,中证A500,CSI A500 Index,CSI A500,4649.7,4666.88,4635.54,4638.73,-14.52,-0.31,18327420100.0,3016.06,500.0,14.11,2025-03-26,14.11,3016.06
20250327,000510,中证A500指数,中证A500,CSI A500 Index,CSI A500,4628.29,4679.45,4612.92,4652.07,13.34,0.29,18480938100.0,3175.88,500.0,14.16,2025-03-27,14.16,3175.88
20250328,000510,中证A500指数,中证A500,CSI A500 Index,CSI A500,4649.09,4654.62,4619.64,4627.14,-24.93,-0.54,18073335100.0,2899.39,500.0,14.08,2025-03-28,14.08,2899.39
20250331,000510,中证A500指数,中证A500,CSI A500 Index,CSI A500,4612.6,4637.17,4569.19,4591.71,-35.43,-0.77,22227454500.0,3482.94,500.0,14.02,2025-03-31,14.02,3482.94
20250401,000510,中证A500指数,中证A500,CSI A500 Index,CSI A500,4599.36,4619.71,4588.89,4596.44,4.73,0.1,18886662200.0,3243.28,500.0,14.02,2025-04-01,14.02,3243.28
20250402,000510,中证A500指数,中证A500,CSI A500 Index,CSI A500,4592.3,4613.59,4581.96,4590.67,-5.77,-0.13,15420627100.0,2618.04,500.0,14.01,2025-04-02,14.01,2618.04
20250403,000510,中证A500指数,中证A500,CSI A500 Index,CSI A500,4541.08,4587.14,4540.42,4554.25,-36.42,-0.79,19008206600.0,3364.13,500.0,13.94,2025-04-03,13.94,3364.13
20250407,000510,中证A500指数,中证A500,CSI A500 Index,CSI A500,4319.46,4359.1,4117.62,4199.09,-355.16,-7.8,38282160700.0,6129.86,500.0,12.98,2025-04-07,12.98,6129.86
20250408,000510,中证A500指数,中证A500,CSI A500 Index,CSI A500,4204.8,4259.31,4185.43,4259.31,60.22,1.43,36210083400.0,5692.76,500.0,13.22,2025-04-08,13.22,5692.76
20250409,000510,中证A500指数,中证A500,CSI A500 Index,CSI A500,4201.71,4315.34,4162.83,4311.84,52.53,1.23,35591958000.0,5764.3,500.0,13.32,2025-04-09,13.32,5764.3
20250410,000510,中证A500指数,中证A500,CSI A500 Index,CSI A500,4391.88,4409.12,4349.24,4376.28,64.44,1.49,31277004900.0,5237.04,500.0,13.47,2025-04-10,13.47,5237.04
20250411,000510,中证A500指数,中证A500,CSI A500 Index,CSI A500,4366.75,4419.76,4349.81,4400.64,24.37,0.56,23533484800.0,4239.5,500.0,13.52,2025-04-11,13.52,4239.5
20250414,000510,中证A500指数,中证A500,CSI A500 Index,CSI A500,4431.98,4441.24,4410.15,4417.52,16.88,0.38,22864871600.0,3906.37,500.0,13.58,2025-04-14,13.58,3906.37
20250415,000510,中证A500指数,中证A500,CSI A500 Index,CSI A500,4415.16,4415.86,4388.31,4412.31,-5.21,-0.12,18452929500.0,3039.85,500.0,13.61,2025-04-15,13.61,3039.85
20250416,000510,中证A500指数,中证A500,CSI A500 Index,CSI A500,4408.37,4417.86,4357.23,4415.38,3.07,0.07,20899877600.0,3359.28,500.0,13.66,2025-04-16,13.66,3359.28
20250417,000510,中证A500指数,中证A500,CSI A500 Index,CSI A500,4393.8,4425.34,4390.48,4412.42,-2.96,-0.07,16885451900.0,2773.21,500.0,13.65,2025-04-17,13.65,2773.21
20250418,000510,中证A500指数,中证A500,CSI A500 Index,CSI A500,4399.41,4422.5,4390.65,4413.14,0.72,0.02,14476069500.0,2351.82,500.0,13.66,2025-04-18,13.66,2351.82
20250421,000510,中证A500指数,中证A500,CSI A500 Index,CSI A500,4409.68,4449.47,4401.31,4444.33,31.19,0.71,17547393100.0,2862.51,500.0,13.7,2025-04-21,13.7,2862.51
20250422,000510,中证A500指数,中证A500,CSI A500 Index,CSI A500,4438.65,4456.2,4435.6,4436.51,-7.82,-0.18,18915663300.0,2965.48,500.0,13.72,2025-04-22,13.72,2965.48
20250423,000510,中证A500指数,中证A500,CSI A500 Index,CSI A500,4460.99,4468.75,4436.92,4444.97,8.46,0.19,19480565000.0,3386.58,500.0,13.72,2025-04-23,13.72,3386.58
20250424,000510,中证A500指数,中证A500,CSI A500 Index,CSI A500,4446.36,4466.18,4423.07,4435.18,-9.78,-0.22,17071269300.0,2809.44,500.0,13.74,2025-04-24,13.74,2809.44
20250425,000510,中证A500指数,中证A500,CSI A500 Index,CSI A500,4444.7,4463.85,4436.79,4443.17,7.99,0.18,18173967000.0,3034.76,500.0,13.73,2025-04-25,13.73,3034.76
20250428,000510,中证A500指数,中证A500,CSI A500 Index,CSI A500,4441.32,4444.37,4422.87,4432.14,-11.04,-0.25,17779690700.0,2875.75,500.0,13.71,2025-04-28,13.71,2875.75
20250429,000510,中证A500指数,中证A500,CSI A500 Index,CSI A500,4425.82,4443.39,4419.1,4431.63,-0.5,-0.01,16480776100.0,2688.04,500.0,13.69,2025-04-29,13.69,2688.04
20250430,000510,中证A500指数,中证A500,CSI A500 Index,CSI A500,4433.0,4452.09,4426.55,4435.81,4.18,0.09,20698707700.0,3297.14,500.0,13.65,2025-04-30,13.65,3297.14
20250506,000510,中证A500指数,中证A500,CSI A500 Index,CSI A500,4465.59,4494.97,4454.9,4494.63,58.82,1.33,23707364500.0,3775.95,500.0,13.4,2025-05-06,13.4,3775.95
20250507,000510,中证A500指数,中证A500,CSI A500 Index,CSI A500,4555.08,4558.13,4494.86,4517.5,22.88,0.51,24265384600.0,4024.8,500.0,13.51,2025-05-07,13.51,4024.8
20250508,000510,中证A500指数,中证A500,CSI A500 Index,CSI A500,4504.16,4558.64,4498.89,4543.64,26.14,0.58,19669891100.0,3522.5,500.0,13.56,2025-05-08,13.56,3522.5
20250509,000510,中证A500指数,中证A500,CSI A500 Index,CSI A500,4539.06,4539.06,4514.22,4526.24,-17.4,-0.38,17608243500.0,3112.2,500.0,13.54,2025-05-09,13.54,3112.2
20250512,000510,中证A500指数,中证A500,CSI A500 Index,CSI A500,4551.69,4583.34,4543.62,4583.19,56.95,1.26,21462438300.0,4013.02,500.0,13.67,2025-05-12,13.67,4013.02
20250513,000510,中证A500指数,中证A500,CSI A500 Index,CSI A500,4614.86,4614.86,4578.61,4584.7,1.51,0.03,20850592900.0,3690.54,500.0,13.7,2025-05-13,13.7,3690.54
20250514,000510,中证A500指数,中证A500,CSI A500 Index,CSI A500,4582.27,4647.8,4573.93,4626.07,41.38,0.9,21748453800.0,3861.26,500.0,13.84,2025-05-14,13.84,3861.26
20250515,000510,中证A500指数,中证A500,CSI A500 Index,CSI A500,4616.53,4616.53,4575.28,4578.18,-47.9,-1.04,19693241700.0,3188.39,500.0,13.74,2025-05-15,13.74,3188.39
20250516,000510,中证A500指数,中证A500,CSI A500 Index,CSI A500,4566.87,4577.21,4549.5,4563.02,-15.16,-0.33,16614547300.0,2731.01,500.0,13.67,2025-05-16,13.67,2731.01
20250519,000510,中证A500指数,中证A500,CSI A500 Index,CSI A500,4557.92,4560.21,4533.86,4552.41,-10.61,-0.23,15327448400.0,2553.4,500.0,13.63,2025-05-19,13.63,2553.4
20250520,000510,中证A500指数,中证A500,CSI A500 Index,CSI A500,4558.26,4592.82,4552.35,4579.38,26.97,0.59,16593611700.0,2852.83,500.0,13.69,2025-05-20,13.69,2852.83
20250521,000510,中证A500指数,中证A500,CSI A500 Index,CSI A500,4579.73,4612.05,4579.73,4599.67,20.28,0.44,16839819300.0,3072.41,500.0,13.76,2025-05-21,13.76,3072.41
20250522,000510,中证A500指数,中证A500,CSI A500 Index,CSI A500,4592.66,4599.46,4581.3,4585.83,-13.83,-0.3,16182560500.0,2764.53,500.0,13.73,2025-05-22,13.73,2764.53
20250523,000510,中证A500指数,中证A500,CSI A500 Index,CSI A500,4581.12,4611.2,4549.89,4549.89,-35.95,-0.78,17335017000.0,3121.84,500.0,13.62,2025-05-23,13.62,3121.84
20250526,000510,中证A500指数,中证A500,CSI A500 Index,CSI A500,4543.6,4559.06,4517.02,4531.73,-18.15,-0.4,15674735400.0,2786.85,500.0,13.56,2025-05-26,13.56,2786.85
20250527,000510,中证A500指数,中证A500,CSI A500 Index,CSI A500,4527.78,4531.53,4497.04,4504.86,-26.87,-0.59,14443590000.0,2464.96,500.0,13.5,2025-05-27,13.5,2464.96
20250528,000510,中证A500指数,中证A500,CSI A500 Index,CSI A500,4508.46,4515.77,4494.12,4497.62,-7.25,-0.16,13648454400.0,2267.11,500.0,13.49,2025-05-28,13.49,2267.11
20250529,000510,中证A500指数,中证A500,CSI A500 Index,CSI A500,4498.31,4543.3,4492.38,4532.18,34.57,0.77,16073946100.0,2817.44,500.0,13.55,2025-05-29,13.55,2817.44
20250530,000510,中证A500指数,中证A500,CSI A500 Index,CSI A500,4521.59,4528.13,4493.8,4503.46,-28.72,-0.63,15939560200.0,2649.91,500.0,13.5,2025-05-30,13.5,2649.91
20250603,000510,中证A500指数,中证A500,CSI A500 Index,CSI A500,4493.96,4523.95,4493.96,4512.07,8.62,0.19,17914222900.0,2999.86,500.0,13.52,2025-06-03,13.52,2999.86
20250604,000510,中证A500指数,中证A500,CSI A500 Index,CSI A500,4516.49,4542.08,4516.49,4533.83,21.76,0.48,16489389100.0,2812.36,500.0,13.56,2025-06-04,13.56,2812.36
20250605,000510,中证A500指数,中证A500,CSI A500 Index,CSI A500,4538.17,4555.79,4525.48,4549.54,15.71,0.35,17327291300.0,3085.35,500.0,13.6,2025-06-05,13.6,3085.35
20250606,000510,中证A500指数,中证A500,CSI A500 Index,CSI A500,4549.64,4560.72,4538.74,4545.1,-4.44,-0.1,15589747000.0,2707.73,500.0,13.6,2025-06-06,13.6,2707.73
20250609,000510,中证A500指数,中证A500,CSI A500 Index,CSI A500,4549.5,4575.94,4543.84,4562.77,17.67,0.39,18449782600.0,3407.44,500.0,13.62,2025-06-09,13.62,3407.44
20250610,000510,中证A500指数,中证A500,CSI A500 Index,CSI A500,4565.93,4572.48,4514.65,4536.05,-26.72,-0.59,20301052700.0,3535.95,500.0,13.57,2025-06-10,13.57,3535.95
20250611,000510,中证A500指数,中证A500,CSI A500 Index,CSI A500,4541.33,4586.93,4541.33,4567.49,31.45,0.69,18228702100.0,3226.41,500.0,13.66,2025-06-11,13.66,3226.41
20250612,000510,中证A500指数,中证A500,CSI A500 Index,CSI A500,4557.29,4576.25,4542.12,4566.6,-0.89,-0.02,18178311200.0,3349.91,500.0,13.65,2025-06-12,13.65,3349.91
20250613,000510,中证A500指数,中证A500,CSI A500 Index,CSI A500,4553.37,4562.87,4520.02,4532.8,-33.81,-0.74,23744575200.0,4129.52,500.0,13.57,2025-06-13,13.57,4129.52
20250616,000510,中证A500指数,中证A500,CSI A500 Index,CSI A500,4520.84,4546.81,4520.84,4543.99,11.19,0.25,18822839800.0,3395.48,500.0,13.62,2025-06-16,13.62,3395.48
20250617,000510,中证A500指数,中证A500,CSI A500 Index,CSI A500,4546.57,4552.54,4528.28,4537.18,-6.81,-0.15,17763747300.0,3092.78,500.0,13.62,2025-06-17,13.62,3092.78
20250618,000510,中证A500指数,中证A500,CSI A500 Index,CSI A500,4535.65,4547.12,4518.14,4540.41,3.23,0.07,17258424100.0,3092.91,500.0,13.64,2025-06-18,13.64,3092.91
20250619,000510,中证A500指数,中证A500,CSI A500 Index,CSI A500,4534.09,4538.51,4489.68,4499.82,-40.6,-0.89,18302357800.0,3191.03,500.0,13.55,2025-06-19,13.55,3191.03
20250620,000510,中证A500指数,中证A500,CSI A500 Index,CSI A500,4494.87,4512.76,4489.29,4492.54,-7.28,-0.16,15801964800.0,2785.32,500.0,13.54,2025-06-20,13.54,2785.32
20250623,000510,中证A500指数,中证A500,CSI A500 Index,CSI A500,4473.55,4519.99,4473.55,4509.89,17.35,0.39,17636950900.0,3035.0,500.0,13.6,2025-06-23,13.6,3035.0
20250624,000510,中证A500指数,中证A500,CSI A500 Index,CSI A500,4516.53,4576.89,4516.53,4570.19,60.3,1.34,22017834200.0,3871.33,500.0,13.67,2025-06-24,13.67,3871.33
20250625,000510,中证A500指数,中证A500,CSI A500 Index,CSI A500,4574.17,4634.55,4569.68,4631.27,61.08,1.34,24365613300.0,4545.71,500.0,13.81,2025-06-25,13.81,4545.71
20250626,000510,中证A500指数,中证A500,CSI A500 Index,CSI A500,4624.61,4642.11,4613.47,4614.44,-16.82,-0.36,22743981500.0,4332.61,500.0,13.74,2025-06-26,13.74,4332.61
20250627,000510,中证A500指数,中证A500,CSI A500 Index,CSI A500,4622.25,4646.59,4598.61,4601.77,-12.68,-0.27,25203763100.0,4418.6,500.0,13.64,2025-06-27,13.64,4418.6
20250630,000510,中证A500指数,中证A500,CSI A500 Index,CSI A500,4604.57,4634.95,4601.02,4630.45,28.69,0.62,21746835400.0,4064.41,500.0,13.7,2025-06-30,13.7,4064.41
20250701,000510,中证A500指数,中证A500,CSI A500 Index,CSI A500,4630.7,4640.33,4614.74,4636.79,6.34,0.14,19888788200.0,3539.76,500.0,13.74,2025-07-01,13.74,3539.76
20250702,000510,中证A500指数,中证A500,CSI A500 Index,CSI A500,4634.62,4637.93,4615.19,4627.66,-9.13,-0.2,21080843500.0,3461.84,500.0,13.72,2025-07-02,13.72,3461.84
20250703,000510,中证A500指数,中证A500,CSI A500 Index,CSI A500,4633.87,4661.48,4628.12,4656.91,29.25,0.63,18589621700.0,3483.77,500.0,13.76,2025-07-03,13.76,3483.77
20250704,000510,中证A500指数,中证A500,CSI A500 Index,CSI A500,4655.6,4701.58,4642.83,4662.51,5.61,0.12,20598185600.0,3791.65,500.0,13.81,2025-07-04,13.81,3791.65
20250707,000510,中证A500指数,中证A500,CSI A500 Index,CSI A500,4655.59,4658.66,4633.74,4639.96,-22.55,-0.48,16901301300.0,2961.78,500.0,13.76,2025-07-07,13.76,2961.78
20250708,000510,中证A500指数,中证A500,CSI A500 Index,CSI A500,4640.03,4691.44,4640.03,4687.58,47.62,1.03,21060712000.0,3862.32,500.0,13.86,2025-07-08,13.86,3862.32
20250709,000510,中证A500指数,中证A500,CSI A500 Index,CSI A500,4686.97,4706.37,4670.25,4676.05,-11.53,-0.25,22771419300.0,3946.07,500.0,13.85,2025-07-09,13.85,3946.07
20250710,000510,中证A500指数,中证A500,CSI A500 Index,CSI A500,4678.81,4720.42,4675.81,4696.44,20.39,0.44,25797356400.0,4293.72,500.0,13.93,2025-07-10,13.93,4293.72
20250711,000510,中证A500指数,中证A500,CSI A500 Index,CSI A500,4696.09,4756.91,4691.91,4707.08,10.64,0.23,31383765000.0,5275.45,500.0,13.92,2025-07-11,13.92,5275.45
20250714,000510,中证A500指数,中证A500,CSI A500 Index,CSI A500,4714.65,4725.02,4709.78,4709.78,2.7,0.06,26405101700.0,4145.21,500.0,13.95,2025-07-14,13.95,4145.21
20250715,000510,中证A500指数,中证A500,CSI A500 Index,CSI A500,4714.65,4739.16,4685.45,4717.89,8.11,0.17,26291079600.0,4674.29,500.0,13.95,2025-07-15,13.95,4674.29
20250716,000510,中证A500指数,中证A500,CSI A500 Index,CSI A500,4720.21,4735.13,4693.78,4707.35,-10.54,-0.22,22099201400.0,4102.52,500.0,13.91,2025-07-16,13.91,4102.52
20250717,000510,中证A500指数,中证A500,CSI A500 Index,CSI A500,4705.23,4749.83,4705.23,4749.74,42.38,0.9,23165109700.0,4526.98,500.0,13.97,2025-07-17,13.97,4526.98
20250718,000510,中证A500指数,中证A500,CSI A500 Index,CSI A500,4756.31,4780.61,4752.43,4773.24,23.5,0.49,25712606000.0,4821.23,500.0,14.05,2025-07-18,14.05,4821.23
20250721,000510,中证A500指数,中证A500,CSI A500 Index,CSI A500,4788.65,4809.26,4780.24,4808.62,35.38,0.74,31504466600.0,5110.65,500.0,14.14,2025-07-21,14.14,5110.65
20250722,000510,中证A500指数,中证A500,CSI A500 Index,CSI A500,4810.45,4849.51,4793.56,4849.17,40.55,0.84,35685932100.0,6017.05,500.0,14.24,2025-07-22,14.24,6017.05
20250723,000510,中证A500指数,中证A500,CSI A500 Index,CSI A500,4858.34,4885.3,4837.96,4844.33,-4.84,-0.1,38157029200.0,5915.36,500.0,14.25,2025-07-23,14.25,5915.36
20250724,000510,中证A500指数,中证A500,CSI A500 Index,CSI A500,4842.76,4888.72,4839.99,4888.72,44.39,0.92,40031618000.0,6116.94,500.0,14.32,2025-07-24,14.32,6116.94
20250725,000510,中证A500指数,中证A500,CSI A500 Index,CSI A500,4884.99,4892.38,4859.16,4871.12,-17.6,-0.36,36808731700.0,5703.44,500.0,14.25,2025-07-25,14.25,5703.44
20250728,000510,中证A500指数,中证A500,CSI A500 Index,CSI A500,4875.23,4890.55,4854.31,4885.77,14.66,0.3,31034584100.0,5666.26,500.0,14.27,2025-07-28,14.27,5666.26
20250729,000510,中证A500指数,中证A500,CSI A500 Index,CSI A500,4881.75,4911.03,4865.62,4910.19,24.42,0.5,31187533000.0,5720.65,500.0,14.08,2025-07-29,14.08,5720.65
20250730,000510,中证A500指数,中证A500,CSI A500 Index,CSI A500,4905.01,4942.27,4869.57,4899.2,-10.99,-0.22,33598195000.0,5958.3,500.0,14.09,2025-07-30,14.09,5958.3
20250731,000510,中证A500指数,中证A500,CSI A500 Index,CSI A500,4889.25,4889.25,4799.24,4813.39,-85.81,-1.75,36099001700.0,6456.33,500.0,13.88,2025-07-31,13.88,6456.33
20250801,000510,中证A500指数,中证A500,CSI A500 Index,CSI A500,4807.41,4826.84,4771.45,4792.42,-20.97,-0.44,27218292400.0,4885.61,500.0,13.81,2025-08-01,13.81,4885.61
20250804,000510,中证A500指数,中证A500,CSI A500 Index,CSI A500,4772.53,4814.07,4772.53,4814.07,21.65,0.45,23294320100.0,4248.9,500.0,13.88,2025-08-04,13.88,4248.9
20250805,000510,中证A500指数,中证A500,CSI A500 Index,CSI A500,4826.1,4848.75,4819.26,4846.51,32.44,0.67,24467571300.0,4262.22,500.0,13.99,2025-08-05,13.99,4262.22
20250806,000510,中证A500指数,中证A500,CSI A500 Index,CSI A500,4843.15,4868.54,4840.72,4866.34,19.83,0.41,25788715700.0,4491.25,500.0,14.04,2025-08-06,14.04,4491.25
20250807,000510,中证A500指数,中证A500,CSI A500 Index,CSI A500,4871.93,4881.34,4837.5,4864.07,-2.27,-0.05,28508571800.0,5092.73,500.0,14.06,2025-08-07,14.06,5092.73
20250808,000510,中证A500指数,中证A500,CSI A500 Index,CSI A500,4856.28,4873.02,4843.05,4852.41,-11.66,-0.24,25736775500.0,4488.64,500.0,14.04,2025-08-08,14.04,4488.64
20250811,000510,中证A500指数,中证A500,CSI A500 Index,CSI A500,4861.1,4899.38,4858.78,4886.84,34.43,0.71,27559731500.0,5069.29,500.0,14.08,2025-08-11,14.08,5069.29
20250812,000510,中证A500指数,中证A500,CSI A500 Index,CSI A500,4886.75,4914.82,4881.34,4907.8,20.96,0.43,26513101600.0,5386.65,500.0,14.16,2025-08-12,14.16,5386.65
20250813,000510,中证A500指数,中证A500,CSI A500 Index,CSI A500,4914.48,4963.38,4914.48,4956.03,48.23,0.98,30802869900.0,6349.59,500.0,14.24,2025-08-13,14.24,6349.59
20250814,000510,中证A500指数,中证A500,CSI A500 Index,CSI A500,4959.54,4995.57,4927.49,4939.05,-16.97,-0.34,32525333300.0,6623.22,500.0,14.22,2025-08-14,14.22,6623.22
20250815,000510,中证A500指数,中证A500,CSI A500 Index,CSI A500,4926.29,4997.99,4925.54,4985.83,46.78,0.95,34719002000.0,6753.11,500.0,14.29,2025-08-15,14.29,6753.11
20250818,000510,中证A500指数,中证A500,CSI A500 Index,CSI A500,5006.35,5075.98,4990.63,5038.68,52.85,1.06,43690299100.0,8613.27,500.0,14.42,2025-08-18,14.42,8613.27
20250819,000510,中证A500指数,中证A500,CSI A500 Index,CSI A500,5040.91,5068.26,5006.36,5016.82,-21.86,-0.43,37304840200.0,7641.19,500.0,14.39,2025-08-19,14.39,7641.19
20250820,000510,中证A500指数,中证A500,CSI A500 Index,CSI A500,4999.36,5075.49,4977.97,5075.22,58.39,1.16,37970909200.0,7452.03,500.0,14.55,2025-08-20,14.55,7452.03
20250821,000510,中证A500指数,中证A500,CSI A500 Index,CSI A500,5087.93,5116.13,5070.32,5089.34,14.12,0.28,37852135100.0,7516.04,500.0,14.62,2025-08-21,14.62,7516.04
20250822,000510,中证A500指数,中证A500,CSI A500 Index,CSI A500,5089.73,5199.05,5089.73,5198.91,109.58,2.15,40267133300.0,8797.31,500.0,14.87,2025-08-22,14.87,8797.31
20250825,000510,中证A500指数,中证A500,CSI A500 Index,CSI A500,5246.93,5316.3,5232.8,5311.73,112.82,2.17,51527911700.0,11053.43,500.0,15.14,2025-08-25,15.14,11053.43
20250826,000510,中证A500指数,中证A500,CSI A500 Index,CSI A500,5293.46,5334.86,5275.45,5304.51,-7.22,-0.14,42550441100.0,8967.33,500.0,15.11,2025-08-26,15.11,8967.33
20250827,000510,中证A500指数,中证A500,CSI A500 Index,CSI A500,5312.21,5367.36,5227.98,5227.98,-76.53,-1.44,50265778600.0,10944.78,500.0,14.87,2025-08-27,14.87,10944.78
20250828,000510,中证A500指数,中证A500,CSI A500 Index,CSI A500,5220.86,5328.64,5198.02,5327.88,99.9,1.91,45147684400.0,10295.46,500.0,15.08,2025-08-28,15.08,10295.46
20250829,000510,中证A500指数,中证A500,CSI A500 Index,CSI A500,5324.09,5399.82,5314.52,5372.76,44.88,0.84,47222236600.0,10922.72,500.0,15.18,2025-08-29,15.18,10922.72
20250901,000510,中证A500指数,中证A500,CSI A500 Index,CSI A500,5401.46,5420.69,5365.55,5418.52,45.76,0.85,44806133000.0,10574.72,500.0,15.74,2025-09-01,15.74,10574.72
20250902,000510,中证A500指数,中证A500,CSI A500 Index,CSI A500,5417.21,5441.69,5315.06,5358.44,-60.08,-1.11,44490619300.0,10772.66,500.0,15.68,2025-09-02,15.68,10772.66
20250903,000510,中证A500指数,中证A500,CSI A500 Index,CSI A500,5373.92,5387.19,5288.33,5323.49,-34.95,-0.65,38005480800.0,9059.86,500.0,15.55,2025-09-03,15.55,9059.86
20250904,000510,中证A500指数,中证A500,CSI A500 Index,CSI A500,5327.19,5335.04,5141.27,5192.02,-131.47,-2.47,43430950600.0,10350.84,500.0,15.29,2025-09-04,15.29,10350.84
20250905,000510,中证A500指数,中证A500,CSI A500 Index,CSI A500,5194.33,5339.27,5178.46,5333.07,141.06,2.72,37356582900.0,9220.43,500.0,15.54,2025-09-05,15.54,9220.43
20250908,000510,中证A500指数,中证A500,CSI A500 Index,CSI A500,5347.12,5365.87,5311.59,5358.7,25.63,0.48,39291827800.0,9574.51,500.0,15.6,2025-09-08,15.6,9574.51
20250909,000510,中证A500指数,中证A500,CSI A500 Index,CSI A500,5333.67,5366.82,5287.66,5314.41,-44.29,-0.83,35211214000.0,8109.19,500.0,15.51,2025-09-09,15.51,8109.19
20250910,000510,中证A500指数,中证A500,CSI A500 Index,CSI A500,5310.82,5351.4,5279.63,5325.81,11.4,0.21,30989229500.0,7546.92,500.0,15.53,2025-09-10,15.53,7546.92
20250911,000510,中证A500指数,中证A500,CSI A500 Index,CSI A500,5317.67,5454.27,5298.28,5454.27,128.47,2.41,37079546500.0,9543.89,500.0,15.83,2025-09-11,15.83,9543.89
20250912,000510,中证A500指数,中证A500,CSI A500 Index,CSI A500,5449.17,5477.87,5428.24,5432.21,-22.06,-0.4,39586270000.0,9655.44,500.0,15.76,2025-09-12,15.76,9655.44
20250915,000510,中证A500指数,中证A500,CSI A500 Index,CSI A500,5450.6,5487.09,5436.93,5448.41,16.2,0.3,34473896200.0,8581.72,500.0,15.79,2025-09-15,15.79,8581.72
20250916,000510,中证A500指数,中证A500,CSI A500 Index,CSI A500,5459.35,5474.66,5400.78,5449.98,1.57,0.03,35835688700.0,8446.97,500.0,15.76,2025-09-16,15.76,8446.97
20250917,000510,中证A500指数,中证A500,CSI A500 Index,CSI A500,5444.27,5494.84,5426.8,5492.41,42.43,0.78,36415718700.0,8411.7,500.0,15.85,2025-09-17,15.85,8411.7
20250918,000510,中证A500指数,中证A500,CSI A500 Index,CSI A500,5485.65,5529.97,5376.73,5433.76,-58.65,-1.07,47889584400.0,11635.27,500.0,15.64,2025-09-18,15.64,11635.27
20250919,000510,中证A500指数,中证A500,CSI A500 Index,CSI A500,5434.93,5474.65,5419.33,5433.29,-0.47,-0.01,34753254300.0,8556.01,500.0,15.62,2025-09-19,15.62,8556.01
20250922,000510,中证A500指数,中证A500,CSI A500 Index,CSI A500,5446.4,5457.6,5409.52,5457.29,24.0,0.44,32114798200.0,7936.33,500.0,15.64,2025-09-22,15.64,7936.33
20250923,000510,中证A500指数,中证A500,CSI A500 Index,CSI A500,5475.48,5499.23,5362.6,5446.02,-11.27,-0.21,39395868600.0,9610.67,500.0,15.66,2025-09-23,15.66,9610.67
20250924,000510,中证A500指数,中证A500,CSI A500 Index,CSI A500,5416.51,5522.63,5413.86,5521.82,75.8,1.39,34964445200.0,9056.91,500.0,15.81,2025-09-24,15.81,9056.91
20250925,000510,中证A500指数,中证A500,CSI A500 Index,CSI A500,5521.41,5588.11,5515.69,5561.13,39.32,0.71,36665015400.0,9768.43,500.0,15.88,2025-09-25,15.88,9768.43
20250926,000510,中证A500指数,中证A500,CSI A500 Index,CSI A500,5539.67,5568.8,5497.73,5497.73,-63.41,-1.14,32492407700.0,8599.69,500.0,15.75,2025-09-26,15.75,8599.69
20250929,000510,中证A500指数,中证A500,CSI A500 Index,CSI A500,5507.29,5604.97,5486.58,5579.03,81.3,1.48,35218954500.0,8933.4,500.0,15.93,2025-09-29,15.93,8933.4
20250930,000510,中证A500指数,中证A500,CSI A500 Index,CSI A500,5593.61,5626.96,5586.48,5618.71,39.69,0.71,34905142000.0,9112.24,500.0,16.01,2025-09-30,16.01,9112.24
20251009,000510,中证A500指数,中证A500,CSI A500 Index,CSI A500,5652.56,5725.36,5636.58,5708.29,89.57,1.59,47561573200.0,11434.77,500.0,16.24,2025-10-09,16.24,11434.77
20251010,000510,中证A500指数,中证A500,CSI A500 Index,CSI A500,5670.44,5673.44,5558.4,5577.65,-130.63,-2.29,42431325500.0,10469.8,500.0,15.98,2025-10-10,15.98,10469.8
20251013,000510,中证A500指数,中证A500,CSI A500 Index,CSI A500,5407.31,5560.42,5407.31,5550.3,-27.36,-0.49,42080021100.0,9505.23,500.0,15.9,2025-10-13,15.9,9505.23
20251014,000510,中证A500指数,中证A500,CSI A500 Index,CSI A500,5601.32,5607.8,5429.01,5451.59,-98.71,-1.78,48203098100.0,10523.76,500.0,15.75,2025-10-14,15.75,10523.76
20251015,000510,中证A500指数,中证A500,CSI A500 Index,CSI A500,5459.33,5535.51,5431.15,5534.09,82.51,1.51,36875129700.0,7949.58,500.0,15.94,2025-10-15,15.94,7949.58
20251016,000510,中证A500指数,中证A500,CSI A500 Index,CSI A500,5514.36,5573.38,5508.87,5531.79,-2.31,-0.04,32385287000.0,7340.61,500.0,16.0,2025-10-16,16.0,7340.61
20251017,000510,中证A500指数,中证A500,CSI A500 Index,CSI A500,5524.29,5535.44,5387.09,5392.97,-138.82,-2.51,33584372500.0,7286.01,500.0,15.69,2025-10-17,15.69,7286.01
20251020,000510,中证A500指数,中证A500,CSI A500 Index,CSI A500,5449.5,5469.53,5404.08,5427.08,34.11,0.63,28559418500.0,6645.51,500.0,15.79,2025-10-20,15.79,6645.51
20251021,000510,中证A500指数,中证A500,CSI A500 Index,CSI A500,5450.9,5523.82,5439.84,5516.48,89.4,1.65,28279048700.0,7098.61,500.0,16.01,2025-10-21,16.01,7098.61
20251022,000510,中证A500指数,中证A500,CSI A500 Index,CSI A500,5475.94,5510.26,5464.47,5494.74,-21.74,-0.39,24293717100.0,5850.75,500.0,16.02,2025-10-22,16.02,5850.75
20251023,000510,中证A500指数,中证A500,CSI A500 Index,CSI A500,5476.5,5516.93,5424.31,5510.46,15.73,0.29,25766153300.0,5599.04,500.0,16.08,2025-10-23,16.08,5599.04
20251024,000510,中证A500指数,中证A500,CSI A500 Index,CSI A500,5532.52,5586.35,5532.52,5586.35,75.89,1.38,27511639100.0,7313.98,500.0,16.24,2025-10-24,16.24,7313.98
20251027,000510,中证A500指数,中证A500,CSI A500 Index,CSI A500,5639.11,5665.03,5618.89,5658.85,72.49,1.3,34746252400.0,9096.26,500.0,16.43,2025-10-27,16.43,9096.26
20251028,000510,中证A500指数,中证A500,CSI A500 Index,CSI A500,5635.69,5680.5,5610.25,5628.29,-30.56,-0.54,30368194600.0,7899.52,500.0,16.37,2025-10-28,16.37,7899.52
20251029,000510,中证A500指数,中证A500,CSI A500 Index,CSI A500,5638.44,5703.99,5638.3,5703.99,75.7,1.34,32511339400.0,8642.64,500.0,16.5,2025-10-29,16.5,8642.64
20251030,000510,中证A500指数,中证A500,CSI A500 Index,CSI A500,5688.99,5713.42,5646.93,5653.75,-50.24,-0.88,38156944300.0,9686.43,500.0,16.37,2025-10-30,16.37,9686.43
20251031,000510,中证A500指数,中证A500,CSI A500 Index,CSI A500,5644.62,5659.09,5583.72,5583.72,-70.02,-1.24,39417755500.0,9284.63,500.0,16.17,2025-10-31,16.17,9284.63
20251103,000510,中证A500指数,中证A500,CSI A500 Index,CSI A500,5582.68,5594.52,5516.5,5594.41,10.68,0.19,35473592400.0,7795.29,500.0,16.22,2025-11-03,16.22,7795.29
20251104,000510,中证A500指数,中证A500,CSI A500 Index,CSI A500,5587.56,5603.55,5504.75,5535.37,-59.04,-1.06,32671658300.0,6894.61,500.0,16.12,2025-11-04,16.12,6894.61
20251105,000510,中证A500指数,中证A500,CSI A500 Index,CSI A500,5458.63,5567.82,5458.63,5548.07,12.7,0.23,30251964700.0,6485.88,500.0,16.14,2025-11-05,16.14,6485.88
20251106,000510,中证A500指数,中证A500,CSI A500 Index,CSI A500,5565.25,5638.13,5565.25,5633.52,85.45,1.54,32629549400.0,7507.95,500.0,16.35,2025-11-06,16.35,7507.95
20251107,000510,中证A500指数,中证A500,CSI A500 Index,CSI A500,5608.88,5650.18,5594.13,5622.12,-11.4,-0.2,31205351900.0,7108.49,500.0,16.31,2025-11-07,16.31,7108.49
20251110,000510,中证A500指数,中证A500,CSI A500 Index,CSI A500,5640.03,5651.39,5594.77,5635.39,13.27,0.24,34027226800.0,8159.6,500.0,16.37,2025-11-10,16.37,8159.6
20251111,000510,中证A500指数,中证A500,CSI A500 Index,CSI A500,5651.92,5656.86,5582.77,5588.23,-47.16,-0.84,28486015600.0,6811.13,500.0,16.27,2025-11-11,16.27,6811.13
20251112,000510,中证A500指数,中证A500,CSI A500 Index,CSI A500,5574.22,5606.02,5539.37,5574.51,-13.72,-0.25,29970640100.0,6741.93,500.0,16.3,2025-11-12,16.3,6741.93
20251113,000510,中证A500指数,中证A500,CSI A500 Index,CSI A500,5574.02,5655.17,5574.02,5654.44,79.93,1.43,30747275400.0,7156.07,500.0,16.46,2025-11-13,16.46,7156.07
20251114,000510,中证A500指数,中证A500,CSI A500 Index,CSI A500,5603.37,5632.31,5563.4,5563.5,-90.94,-1.61,28129714500.0,6268.67,500.0,16.24,2025-11-14,16.24,6268.67
20251117,000510,中证A500指数,中证A500,CSI A500 Index,CSI A500,5554.86,5566.62,5515.98,5540.11,-23.39,-0.42,27801969000.0,6246.59,500.0,16.13,2025-11-17,16.13,6246.59
20251118,000510,中证A500指数,中证A500,CSI A500 Index,CSI A500,5525.48,5543.98,5475.83,5496.54,-43.57,-0.79,29466990300.0,6239.25,500.0,16.01,2025-11-18,16.01,6239.25
20251119,000510,中证A500指数,中证A500,CSI A500 Index,CSI A500,5495.45,5537.06,5485.83,5512.38,15.85,0.29,26045902200.0,5523.89,500.0,16.11,2025-11-19,16.11,5523.89
20251120,000510,中证A500指数,中证A500,CSI A500 Index,CSI A500,5547.67,5550.04,5470.02,5475.55,-36.83,-0.67,26058263700.0,5664.48,500.0,16.04,2025-11-20,16.04,5664.48
20251121,000510,中证A500指数,中证A500,CSI A500 Index,CSI A500,5404.3,5420.81,5325.99,5325.99,-149.56,-2.73,31963521700.0,6565.63,500.0,15.7,2025-11-21,15.7,6565.63
20251124,000510,中证A500指数,中证A500,CSI A500 Index,CSI A500,5352.08,5359.09,5293.63,5334.31,8.33,0.16,27386755600.0,5828.22,500.0,15.68,2025-11-24,15.68,5828.22
20251125,000510,中证A500指数,中证A500,CSI A500 Index,CSI A500,5370.12,5422.71,5362.25,5392.91,58.6,1.1,26501401700.0,5908.59,500.0,15.83,2025-11-25,15.83,5908.59
20251126,000510,中证A500指数,中证A500,CSI A500 Index,CSI A500,5392.61,5451.79,5384.84,5422.52,29.61,0.55,23727094700.0,5896.52,500.0,15.85,2025-11-26,15.85,5896.52
20251127,000510,中证A500指数,中证A500,CSI A500 Index,CSI A500,5425.47,5478.01,5409.7,5415.93,-6.59,-0.12,22173503000.0,5650.29,500.0,15.87,2025-11-27,15.87,5650.29
20251128,000510,中证A500指数,中证A500,CSI A500 Index,CSI A500,5412.0,5446.15,5393.67,5440.94,25.02,0.46,21050270700.0,4850.48,500.0,15.9,2025-11-28,15.9,4850.48
20251201,000510,中证A500指数,中证A500,CSI A500 Index,CSI A500,5461.41,5505.58,5451.84,5505.28,64.33,1.18,27558291500.0,6395.97,500.0,16.06,2025-12-01,16.06,6395.97
20251202,000510,中证A500指数,中证A500,CSI A500 Index,CSI A500,5497.84,5498.29,5453.88,5471.19,-34.09,-0.62,21481260300.0,5016.68,500.0,16.0,2025-12-02,16.0,5016.68
20251203,000510,中证A500指数,中证A500,CSI A500 Index,CSI A500,5472.5,5490.53,5429.3,5440.62,-30.56,-0.56,23992523400.0,5220.87,500.0,15.92,2025-12-03,15.92,5220.87
20251204,000510,中证A500指数,中证A500,CSI A500 Index,CSI A500,5444.27,5474.93,5419.83,5461.75,21.13,0.39,21483423700.0,4924.26,500.0,15.96,2025-12-04,15.96,4924.26
20251205,000510,中证A500指数,中证A500,CSI A500 Index,CSI A500,5461.84,5522.36,5441.68,5513.75,52.0,0.95,25950546000.0,5537.32,500.0,16.06,2025-12-05,16.06,5537.32
20251208,000510,中证A500指数,中证A500,CSI A500 Index,CSI A500,5523.82,5582.67,5522.41,5561.37,47.61,0.86,26305733600.0,6662.31,500.0,16.15,2025-12-08,16.15,6662.31
20251209,000510,中证A500指数,中证A500,CSI A500 Index,CSI A500,5546.81,5569.85,5513.75,5530.03,-31.33,-0.56,24435163800.0,6069.14,500.0,16.08,2025-12-09,16.08,6069.14
20251210,000510,中证A500指数,中证A500,CSI A500 Index,CSI A500,5518.15,5541.46,5473.38,5532.59,2.56,0.05,22715555300.0,5536.42,500.0,16.04,2025-12-10,16.04,5536.42
20251211,000510,中证A500指数,中证A500,CSI A500 Index,CSI A500,5542.22,5561.29,5482.01,5486.31,-46.28,-0.84,24111274600.0,6043.67,500.0,15.95,2025-12-11,15.95,6043.67
20251212,000510,中证A500指数,中证A500,CSI A500 Index,CSI A500,5495.96,5534.02,5464.25,5530.39,44.08,0.8,29841308200.0,7393.61,500.0,16.02,2025-12-12,16.02,7393.61
20251215,000510,中证A500指数,中证A500,CSI A500 Index,CSI A500,5493.07,5542.39,5489.66,5490.12,-40.27,-0.73,24521157600.0,6008.98,500.0,16.17,2025-12-15,16.17,6008.98
20251216,000510,中证A500指数,中证A500,CSI A500 Index,CSI A500,5478.72,5486.47,5393.82,5414.93,-75.19,-1.37,25333559200.0,5697.25,500.0,15.99,2025-12-16,15.99,5697.25
20251217,000510,中证A500指数,中证A500,CSI A500 Index,CSI A500,5418.03,5537.7,5418.03,5520.78,105.85,1.95,25943354700.0,6265.38,500.0,16.24,2025-12-17,16.24,6265.38
20251218,000510,中证A500指数,中证A500,CSI A500 Index,CSI A500,5487.47,5521.54,5483.49,5486.26,-34.52,-0.63,22297116700.0,5356.87,500.0,15.69,2025-12-18,15.69,5356.87
20251219,000510,中证A500指数,中证A500,CSI A500 Index,CSI A500,5499.08,5542.9,5484.3,5516.17,29.91,0.55,24990571800.0,5509.74,500.0,15.73,2025-12-19,15.73,5509.74
20251222,000510,中证A500指数,中证A500,CSI A500 Index,CSI A500,5543.19,5586.17,5543.19,5580.28,64.11,1.16,25528934700.0,6437.8,500.0,15.87,2025-12-22,15.87,6437.8
20251223,000510,中证A500指数,中证A500,CSI A500 Index,CSI A500,5585.21,5621.37,5572.0,5592.43,12.16,0.22,25377826400.0,6322.84,500.0,15.92,2025-12-23,15.92,6322.84
20251224,000510,中证A500指数,中证A500,CSI A500 Index,CSI A500,5594.94,5628.68,5576.09,5622.52,30.08,0.54,24090020000.0,6135.54,500.0,15.96,2025-12-24,15.96,6135.54
20251225,000510,中证A500指数,中证A500,CSI A500 Index,CSI A500,5614.04,5647.79,5601.7,5636.74,14.22,0.25,22815548700.0,5995.54,500.0,15.99,2025-12-25,15.99,5995.54
20251226,000510,中证A500指数,中证A500,CSI A500 Index,CSI A500,5639.7,5689.56,5634.21,5667.82,31.08,0.55,27619265600.0,7031.5,500.0,16.03,2025-12-26,16.03,7031.5
20251229,000510,中证A500指数,中证A500,CSI A500 Index,CSI A500,5670.95,5685.5,5627.2,5640.76,-27.06,-0.48,29228783900.0,7209.24,500.0,16.01,2025-12-29,16.01,7209.24
20251230,000510,中证A500指数,中证A500,CSI A500 Index,CSI A500,5611.88,5678.18,5611.23,5658.69,17.93,0.32,28432654400.0,7231.4,500.0,16.06,2025-12-30,16.06,7231.4
20251231,000510,中证A500指数,中证A500,CSI A500 Index,CSI A500,5668.07,5681.08,5628.91,5642.82,-15.87,-0.28,28181547700.0,6924.95,500.0,16.04,2025-12-31,16.04,6924.95
20260105,000510,中证A500指数,中证A500,CSI A500 Index,CSI A500,5686.6,5766.39,5686.6,5763.3,120.48,2.14,38169187300.0,9528.8,500.0,16.27,2026-01-05,16.27,9528.8
20260106,000510,中证A500指数,中证A500,CSI A500 Index,CSI A500,5768.4,5860.2,5768.4,5860.2,96.91,1.68,47045404300.0,10827.36,500.0,16.51,2026-01-06,16.51,10827.36
20260107,000510,中证A500指数,中证A500,CSI A500 Index,CSI A500,5871.41,5888.59,5826.52,5860.25,0.05,0.0,42760908800.0,10400.48,500.0,16.48,2026-01-07,16.48,10400.48
20260108,000510,中证A500指数,中证A500,CSI A500 Index,CSI A500,5840.52,5861.97,5800.81,5830.57,-29.68,-0.51,41974905200.0,10030.15,500.0,16.4,2026-01-08,16.4,10030.15
20260109,000510,中证A500指数,中证A500,CSI A500 Index,CSI A500,5821.14,5896.92,5821.14,5881.95,51.38,0.88,44442740600.0,10970.66,500.0,16.52,2026-01-09,16.52,10970.66
20260112,000510,中证A500指数,中证A500,CSI A500 Index,CSI A500,5911.49,5957.41,5876.42,5948.7,66.75,1.13,48188356000.0,12418.31,500.0,16.65,2026-01-12,16.65,12418.31
20260113,000510,中证A500指数,中证A500,CSI A500 Index,CSI A500,5962.15,5996.83,5879.67,5901.21,-47.49,-0.8,51432467700.0,12957.82,500.0,16.57,2026-01-13,16.57,12957.82
20260114,000510,中证A500指数,中证A500,CSI A500 Index,CSI A500,5911.83,5998.09,5860.21,5901.2,0.0,0.0,60586329700.0,14339.39,500.0,16.51,2026-01-14,16.51,14339.39
20260115,000510,中证A500指数,中证A500,CSI A500 Index,CSI A500,5870.51,5933.68,5869.53,5914.56,13.35,0.23,44548249500.0,10696.08,500.0,16.52,2026-01-15,16.52,10696.08
20260116,000510,中证A500指数,中证A500,CSI A500 Index,CSI A500,5941.32,5964.65,5871.73,5889.35,-25.2,-0.43,47210807400.0,11579.57,500.0,16.42,2026-01-16,16.42,11579.57
20260119,000510,中证A500指数,中证A500,CSI A500 Index,CSI A500,5871.93,5937.73,5871.93,5905.94,16.59,0.28,41995832000.0,10143.64,500.0,16.47,2026-01-19,16.47,10143.64
20260120,000510,中证A500指数,中证A500,CSI A500 Index,CSI A500,5913.91,5930.24,5828.22,5878.74,-27.2,-0.46,45518989200.0,10627.42,500.0,16.45,2026-01-20,16.45,10627.42
20260121,000510,中证A500指数,中证A500,CSI A500 Index,CSI A500,5866.46,5938.4,5866.46,5904.57,25.83,0.44,40670005800.0,10035.08,500.0,16.44,2026-01-21,16.44,10035.08
20260122,000510,中证A500指数,中证A500,CSI A500 Index,CSI A500,5925.93,5948.48,5880.0,5911.78,7.21,0.12,43612185100.0,10504.36,500.0,16.44,2026-01-22,16.44,10504.36
20260123,000510,中证A500指数,中证A500,CSI A500 Index,CSI A500,5925.13,5946.33,5905.74,5935.11,23.34,0.39,51749704600.0,11933.27,500.0,16.42,2026-01-23,16.42,11933.27
20260126,000510,中证A500指数,中证A500,CSI A500 Index,CSI A500,5960.47,5986.22,5910.19,5925.53,-9.58,-0.16,55996490200.0,12591.92,500.0,16.47,2026-01-26,16.47,12591.92
20260127,000510,中证A500指数,中证A500,CSI A500 Index,CSI A500,5915.4,5962.57,5869.95,5930.42,4.88,0.08,47623113500.0,11117.95,500.0,16.46,2026-01-27,16.46,11117.95
20260128,000510,中证A500指数,中证A500,CSI A500 Index,CSI A500,5953.38,5976.93,5917.28,5951.1,20.68,0.35,54855457900.0,12115.43,500.0,16.52,2026-01-28,16.52,12115.43
20260129,000510,中证A500指数,中证A500,CSI A500 Index,CSI A500,5962.43,5995.05,5926.44,5968.91,17.82,0.3,60395920700.0,13225.18,500.0,16.61,2026-01-29,16.61,13225.18
20260130,000510,中证A500指数,中证A500,CSI A500 Index,CSI A500,5923.55,5946.27,5803.91,5898.13,-70.79,-1.19,49724846100.0,11318.58,500.0,16.44,2026-01-30,16.44,11318.58
20260202,000510,中证A500指数,中证A500,CSI A500 Index,CSI A500,5848.04,5890.9,5738.36,5742.49,-155.64,-2.64,45874269400.0,10593.53,500.0,16.07,2026-02-02,16.07,10593.53
20260203,000510,中证A500指数,中证A500,CSI A500 Index,CSI A500,5803.74,5853.78,5729.76,5852.15,109.66,1.91,42608276700.0,10452.52,500.0,16.26,2026-02-03,16.26,10452.52
20260204,000510,中证A500指数,中证A500,CSI A500 Index,CSI A500,5838.74,5891.37,5813.68,5886.58,34.43,0.59,41493195900.0,9739.65,500.0,16.4,2026-02-04,16.4,9739.65
20260205,000510,中证A500指数,中证A500,CSI A500 Index,CSI A500,5832.18,5857.76,5780.59,5817.6,-68.98,-1.17,35958081600.0,8326.68,500.0,16.27,2026-02-05,16.27,8326.68
20260206,000510,中证A500指数,中证A500,CSI A500 Index,CSI A500,5751.53,5843.66,5729.5,5792.01,-25.59,-0.44,32202201100.0,7819.19,500.0,16.21,2026-02-06,16.21,7819.19
20260209,000510,中证A500指数,中证A500,CSI A500 Index,CSI A500,5868.65,5900.21,5848.6,5899.22,107.21,1.85,33065922600.0,8122.87,500.0,16.44,2026-02-09,16.44,8122.87
20260210,000510,中证A500指数,中证A500,CSI A500 Index,CSI A500,5899.34,5916.42,5884.8,5903.47,4.24,0.07,30532745900.0,7222.35,500.0,16.47,2026-02-10,16.47,7222.35
20260211,000510,中证A500指数,中证A500,CSI A500 Index,CSI A500,5892.52,5915.71,5889.8,5896.15,-7.32,-0.12,29200260600.0,7002.39,500.0,16.47,2026-02-11,16.47,7002.39
20260212,000510,中证A500指数,中证A500,CSI A500 Index,CSI A500,5904.2,5926.27,5898.76,5923.15,27.0,0.46,32072950600.0,7732.52,500.0,16.49,2026-02-12,16.49,7732.52
20260213,000510,中证A500指数,中证A500,CSI A500 Index,CSI A500,5883.48,5902.31,5837.52,5840.73,-82.42,-1.39,30123837900.0,7075.77,500.0,16.25,2026-02-13,16.25,7075.77
20260224,000510,中证A500指数,中证A500,CSI A500 Index,CSI A500,5931.03,5936.89,5891.7,5910.73,70.01,1.2,35430970300.0,8202.06,500.0,16.42,2026-02-24,16.42,8202.06
20260225,000510,中证A500指数,中证A500,CSI A500 Index,CSI A500,5920.44,5994.57,5919.22,5967.3,56.57,0.96,43772884800.0,9392.77,500.0,16.54,2026-02-25,16.54,9392.77
20260226,000510,中证A500指数,中证A500,CSI A500 Index,CSI A500,5976.33,5976.88,5934.04,5961.51,-5.79,-0.1,39705538500.0,9559.18,500.0,16.51,2026-02-26,16.51,9559.18
20260227,000510,中证A500指数,中证A500,CSI A500 Index,CSI A500,5922.25,5970.89,5922.2,5965.35,3.84,0.06,43811142200.0,9278.31,500.0,16.52,2026-02-27,16.52,9278.31
20260302,000510,中证A500指数,中证A500,CSI A500 Index,CSI A500,5923.9,5993.62,5905.97,5984.75,19.39,0.33,54343434400.0,11547.04,500.0,16.68,2026-03-02,16.68,11547.04
20260303,000510,中证A500指数,中证A500,CSI A500 Index,CSI A500,5993.5,6001.29,5834.24,5840.58,-144.17,-2.41,56303716000.0,12148.3,500.0,16.5,2026-03-03,16.5,12148.3
20260304,000510,中证A500指数,中证A500,CSI A500 Index,CSI A500,5771.3,5845.49,5753.92,5784.57,-56.01,-0.96,43061443300.0,8888.43,500.0,16.34,2026-03-04,16.34,8888.43
20260305,000510,中证A500指数,中证A500,CSI A500 Index,CSI A500,5859.02,5878.63,5814.1,5843.49,58.92,1.02,40517555700.0,8849.18,500.0,16.44,2026-03-05,16.44,8849.18
20260306,000510,中证A500指数,中证A500,CSI A500 Index,CSI A500,5808.98,5874.51,5797.71,5859.12,15.63,0.27,37135615500.0,7629.22,500.0,16.47,2026-03-06,16.47,7629.22
20260309,000510,中证A500指数,中证A500,CSI A500 Index,CSI A500,5772.39,5820.15,5690.34,5804.09,-55.03,-0.94,47783812600.0,9952.79,500.0,16.37,2026-03-09,16.37,9952.79
20260310,000510,中证A500指数,中证A500,CSI A500 Index,CSI A500,5850.43,5892.14,5850.43,5890.0,85.91,1.48,39773029500.0,8582.74,500.0,16.48,2026-03-10,16.48,8582.74
20260311,000510,中证A500指数,中证A500,CSI A500 Index,CSI A500,5898.39,5935.94,5893.79,5919.99,29.99,0.51,42412925200.0,9165.91,500.0,16.59,2026-03-11,16.59,9165.91
20260312,000510,中证A500指数,中证A500,CSI A500 Index,CSI A500,5913.8,5921.66,5842.78,5888.21,-31.79,-0.54,45518033800.0,8951.05,500.0,16.55,2026-03-12,16.55,8951.05
20260313,000510,中证A500指数,中证A500,CSI A500 Index,CSI A500,5861.85,5912.72,5831.16,5844.62,-43.58,-0.74,45159499900.0,8837.26,500.0,16.45,2026-03-13,16.45,8837.26
20260316,000510,中证A500指数,中证A500,CSI A500 Index,CSI A500,5842.52,5848.06,5762.87,5835.28,-9.34,-0.16,42129449600.0,8781.96,500.0,16.42,2026-03-16,16.42,8781.96
20260317,000510,中证A500指数,中证A500,CSI A500 Index,CSI A500,5854.51,5885.95,5767.73,5767.73,-67.56,-1.16,35954008800.0,8131.67,500.0,16.31,2026-03-17,16.31,8131.67
20260318,000510,中证A500指数,中证A500,CSI A500 Index,CSI A500,5784.68,5807.93,5724.78,5802.65,34.92,0.61,33149495400.0,7584.23,500.0,16.36,2026-03-18,16.36,7584.23
20260319,000510,中证A500指数,中证A500,CSI A500 Index,CSI A500,5733.88,5759.06,5670.67,5688.63,-114.02,-1.96,36145114800.0,7900.98,500.0,16.15,2026-03-19,16.15,7900.98
20260320,000510,中证A500指数,中证A500,CSI A500 Index,CSI A500,5716.89,5751.24,5655.44,5659.05,-29.58,-0.52,36146098300.0,8789.91,500.0,16.04,2026-03-20,16.04,8789.91
20260323,000510,中证A500指数,中证A500,CSI A500 Index,CSI A500,5567.08,5605.42,5439.46,5466.9,-192.15,-3.4,44389372000.0,9345.26,500.0,15.55,2026-03-23,15.55,9345.26
20260324,000510,中证A500指数,中证A500,CSI A500 Index,CSI A500,5526.33,5542.47,5419.44,5542.36,75.46,1.38,35820677800.0,7659.98,500.0,15.71,2026-03-24,15.71,7659.98
20260325,000510,中证A500指数,中证A500,CSI A500 Index,CSI A500,5588.74,5639.96,5588.74,5633.1,90.74,1.64,37710893200.0,8088.97,500.0,15.91,2026-03-25,15.91,8088.97
20260326,000510,中证A500指数,中证A500,CSI A500 Index,CSI A500,5619.28,5639.95,5540.81,5552.78,-80.32,-1.43,30600085300.0,6961.3,500.0,15.73,2026-03-26,15.73,6961.3
20260327,000510,中证A500指数,中证A500,CSI A500 Index,CSI A500,5488.97,5626.68,5488.97,5600.34,47.56,0.86,28442428700.0,6675.36,500.0,15.83,2026-03-27,15.83,6675.36
20260330,000510,中证A500指数,中证A500,CSI A500 Index,CSI A500,5547.18,5600.32,5522.39,5594.45,-5.89,-0.11,30812081500.0,6782.91,500.0,15.86,2026-03-30,15.86,6782.91
20260331,000510,中证A500指数,中证A500,CSI A500 Index,CSI A500,5591.78,5632.15,5526.73,5526.73,-67.73,-1.21,31558713200.0,7122.77,500.0,15.73,2026-03-31,15.73,7122.77
20260401,000510,中证A500指数,中证A500,CSI A500 Index,CSI A500,5619.66,5638.33,5582.98,5626.33,99.6,1.8,29843226900.0,7147.38,500.0,15.94,2026-04-01,15.94,7147.38
20260402,000510,中证A500指数,中证A500,CSI A500 Index,CSI A500,5610.27,5615.39,5524.32,5550.74,-75.59,-1.34,27641212500.0,6329.49,500.0,15.83,2026-04-02,15.83,6329.49
20260403,000510,中证A500指数,中证A500,CSI A500 Index,CSI A500,5570.71,5572.77,5496.86,5501.88,-48.87,-0.88,24311348600.0,5539.36,500.0,15.69,2026-04-03,15.69,5539.36
20260407,000510,中证A500指数,中证A500,CSI A500 Index,CSI A500,5512.09,5537.37,5482.61,5510.74,8.86,0.16,23669202700.0,5495.09,500.0,15.69,2026-04-07,15.69,5495.09
20260408,000510,中证A500指数,中证A500,CSI A500 Index,CSI A500,5619.19,5728.38,5617.7,5728.38,217.65,3.95,37126463400.0,9174.29,500.0,16.11,2026-04-08,16.11,9174.29
20260409,000510,中证A500指数,中证A500,CSI A500 Index,CSI A500,5683.46,5719.66,5669.09,5698.95,-29.43,-0.51,29575849100.0,7655.05,500.0,16.04,2026-04-09,16.04,7655.05
20260410,000510,中证A500指数,中证A500,CSI A500 Index,CSI A500,5736.26,5808.29,5730.63,5783.05,84.1,1.48,31674349000.0,8949.93,500.0,16.2,2026-04-10,16.2,8949.93
20260413,000510,中证A500指数,中证A500,CSI A500 Index,CSI A500,5752.34,5804.08,5752.34,5792.78,9.72,0.17,30564356100.0,8212.85,500.0,16.23,2026-04-13,16.23,8212.85
20260414,000510,中证A500指数,中证A500,CSI A500 Index,CSI A500,5834.01,5865.35,5803.45,5865.35,72.58,1.25,32281119500.0,9001.18,500.0,16.39,2026-04-14,16.39,9001.18
20260415,000510,中证A500指数,中证A500,CSI A500 Index,CSI A500,5900.11,5905.44,5820.41,5837.45,-27.9,-0.48,31988162300.0,9022.15,500.0,16.36,2026-04-15,16.36,9022.15
20260416,000510,中证A500指数,中证A500,CSI A500 Index,CSI A500,5850.92,5917.04,5844.99,5914.06,76.61,1.31,30349675100.0,8460.72,500.0,16.51,2026-04-16,16.51,8460.72
20260417,000510,中证A500指数,中证A500,CSI A500 Index,CSI A500,5902.03,5925.14,5890.41,5913.84,-0.22,0.0,30004682600.0,8823.38,500.0,16.47,2026-04-17,16.47,8823.38
20260420,000510,中证A500指数,中证A500,CSI A500 Index,CSI A500,5910.99,5963.73,5903.69,5954.83,40.99,0.69,34693591600.0,9495.24,500.0,16.58,2026-04-20,16.58,9495.24
20260421,000510,中证A500指数,中证A500,CSI A500 Index,CSI A500,5944.04,5970.94,5899.35,5959.66,4.83,0.08,31574178700.0,8631.23,500.0,16.6,2026-04-21,16.6,8631.23
20260422,000510,中证A500指数,中证A500,CSI A500 Index,CSI A500,5933.64,6008.54,5933.64,6006.67,47.01,0.79,31770029900.0,9288.11,500.0,16.66,2026-04-22,16.66,9288.11
20260423,000510,中证A500指数,中证A500,CSI A500 Index,CSI A500,6026.53,6030.82,5936.64,5973.41,-33.26,-0.55,35699766100.0,10302.38,500.0,16.63,2026-04-23,16.63,10302.38
20260424,000510,中证A500指数,中证A500,CSI A500 Index,CSI A500,5949.59,5978.89,5906.77,5952.46,-20.95,-0.35,31589069700.0,10003.53,500.0,16.59,2026-04-24,16.59,10003.53
20260427,000510,中证A500指数,中证A500,CSI A500 Index,CSI A500,5956.61,5986.94,5946.28,5965.38,12.93,0.22,32249565400.0,9908.34,500.0,16.58,2026-04-27,16.58,9908.34
20260428,000510,中证A500指数,中证A500,CSI A500 Index,CSI A500,5947.46,5964.71,5909.46,5929.56,-35.83,-0.6,32618472100.0,9249.24,500.0,16.55,2026-04-28,16.55,9249.24
20260429,000510,中证A500指数,中证A500,CSI A500 Index,CSI A500,5901.44,6019.18,5901.23,6013.41,83.85,1.41,35920822100.0,9922.49,500.0,16.71,2026-04-29,16.71,9922.49
20260430,000510,中证A500指数,中证A500,CSI A500 Index,CSI A500,6026.19,6037.86,6000.33,6020.44,7.03,0.12,37841385300.0,10662.6,500.0,16.71,2026-04-30,16.71,10662.6
20260506,000510,中证A500指数,中证A500,CSI A500 Index,CSI A500,6091.54,6158.3,6071.0,6135.86,115.42,1.92,41346208000.0,12704.79,500.0,17.14,2026-05-06,17.14,12704.79
20260507,000510,中证A500指数,中证A500,CSI A500 Index,CSI A500,6162.67,6184.64,6129.85,6183.01,47.15,0.77,40463779700.0,11825.67,500.0,17.18,2026-05-07,17.18,11825.67
20260508,000510,中证A500指数,中证A500,CSI A500 Index,CSI A500,6143.03,6171.13,6116.41,6154.27,-28.74,-0.46,40964524200.0,11254.55,500.0,17.11,2026-05-08,17.11,11254.55
20260511,000510,中证A500指数,中证A500,CSI A500 Index,CSI A500,6200.38,6271.66,6179.09,6262.31,108.04,1.76,46372462200.0,13592.16,500.0,17.33,2026-05-11,17.33,13592.16
20260512,000510,中证A500指数,中证A500,CSI A500 Index,CSI A500,6279.93,6279.93,6219.22,6249.23,-13.08,-0.21,41293711300.0,12247.76,500.0,17.3,2026-05-12,17.3,12247.76
20260513,000510,中证A500指数,中证A500,CSI A500 Index,CSI A500,6209.93,6321.63,6209.93,6318.04,68.81,1.1,40294776100.0,12031.5,500.0,17.41,2026-05-13,17.41,12031.5
20260514,000510,中证A500指数,中证A500,CSI A500 Index,CSI A500,6351.56,6354.96,6182.97,6182.97,-135.07,-2.14,41354626900.0,12319.49,500.0,17.11,2026-05-14,17.11,12319.49
20260515,000510,中证A500指数,中证A500,CSI A500 Index,CSI A500,6179.61,6215.2,6068.01,6105.87,-77.1,-1.25,40785868100.0,12648.67,500.0,16.94,2026-05-15,16.94,12648.67
20260518,000510,中证A500指数,中证A500,CSI A500 Index,CSI A500,6076.37,6132.44,6047.1,6084.51,-21.36,-0.35,35437254700.0,10662.81,500.0,16.87,2026-05-18,16.87,10662.81
20260519,000510,中证A500指数,中证A500,CSI A500 Index,CSI A500,6065.38,6123.5,5998.14,6121.09,36.58,0.6,35294008900.0,10662.99,500.0,16.97,2026-05-19,16.97,10662.99
20260520,000510,中证A500指数,中证A500,CSI A500 Index,CSI A500,6088.76,6150.03,6086.23,6130.45,9.36,0.15,34039682900.0,11022.23,500.0,16.93,2026-05-20,16.93,11022.23
20260521,000510,中证A500指数,中证A500,CSI A500 Index,CSI A500,6176.26,6239.14,6014.99,6019.55,-110.9,-1.81,42653036100.0,13228.36,500.0,16.68,2026-05-21,16.68,13228.36
20260522,000510,中证A500指数,中证A500,CSI A500 Index,CSI A500,6065.32,6122.72,6025.3,6115.18,95.63,1.59,39684504900.0,11149.37,500.0,16.85,2026-05-22,16.85,11149.37
20260525,000510,中证A500指数,中证A500,CSI A500 Index,CSI A500,6151.38,6211.89,6114.18,6211.1,95.92,1.57,38492549900.0,12451.34,500.0,17.03,2026-05-25,17.03,12451.34
20260526,000510,中证A500指数,中证A500,CSI A500 Index,CSI A500,6182.89,6236.64,6150.63,6228.65,17.55,0.28,42638933900.0,12943.71,500.0,17.09,2026-05-26,17.09,12943.71
20260527,000510,中证A500指数,中证A500,CSI A500 Index,CSI A500,6220.67,6264.1,6134.6,6159.17,-69.48,-1.12,43222112500.0,13033.8,500.0,16.9,2026-05-27,16.9,13033.8
20260528,000510,中证A500指数,中证A500,CSI A500 Index,CSI A500,6135.34,6180.99,6071.25,6169.84,10.67,0.17,37816971300.0,11497.41,500.0,16.87,2026-05-28,16.87,11497.41
20260529,000510,中证A500指数,中证A500,CSI A500 Index,CSI A500,6195.98,6201.89,6074.8,6100.14,-69.69,-1.13,45436645700.0,13029.23,500.0,16.79,2026-05-29,16.79,13029.23
20260601,000510,中证A500指数,中证A500,CSI A500 Index,CSI A500,6104.13,6144.24,6021.12,6030.69,-69.45,-1.14,40341819600.0,11375.95,500.0,16.68,2026-06-01,16.68,11375.95
20260602,000510,中证A500指数,中证A500,CSI A500 Index,CSI A500,6051.24,6136.61,5992.14,6111.15,80.46,1.33,38139362800.0,10951.61,500.0,16.84,2026-06-02,16.84,10951.61
20260603,000510,中证A500指数,中证A500,CSI A500 Index,CSI A500,6121.09,6218.76,6096.69,6144.49,33.35,0.55,41141783900.0,12278.78,500.0,16.88,2026-06-03,16.88,12278.78
20260604,000510,中证A500指数,中证A500,CSI A500 Index,CSI A500,6088.35,6149.11,6084.01,6113.49,-31.0,-0.5,36611886600.0,10481.08,500.0,16.75,2026-06-04,16.75,10481.08
20260605,000510,中证A500指数,中证A500,CSI A500 Index,CSI A500,6090.4,6136.15,5985.81,6009.39,-104.1,-1.7,41481223900.0,12037.92,500.0,16.56,2026-06-05,16.56,12037.92
20260608,000510,中证A500指数,中证A500,CSI A500 Index,CSI A500,5848.71,5952.75,5807.47,5855.89,-153.5,-2.55,41514901500.0,11024.78,500.0,16.28,2026-06-08,16.28,11024.78
20260609,000510,中证A500指数,中证A500,CSI A500 Index,CSI A500,5905.59,5983.36,5854.99,5981.78,125.89,2.15,35673398600.0,10186.22,500.0,16.51,2026-06-09,16.51,10186.22
20260610,000510,中证A500指数,中证A500,CSI A500 Index,CSI A500,5917.14,5959.62,5857.12,5902.97,-78.81,-1.32,35723738300.0,9954.17,500.0,16.37,2026-06-10,16.37,9954.17
20260611,000510,中证A500指数,中证A500,CSI A500 Index,CSI A500,5877.5,5928.26,5824.6,5872.7,-30.27,-0.51,34344915300.0,9713.69,500.0,16.3,2026-06-11,16.3,9713.69
20260612,000510,中证A500指数,中证A500,CSI A500 Index,CSI A500,5965.24,5994.47,5921.89,5931.65,58.95,1.0,46192391200.0,12718.63,500.0,16.49,2026-06-12,16.49,12718.63
20260615,000510,中证A500指数,中证A500,CSI A500 Index,CSI A500,6001.76,6099.82,5970.26,6099.19,167.54,2.82,43398261300.0,12557.52,500.0,17.04,2026-06-15,17.04,12557.52
20260616,000510,中证A500指数,中证A500,CSI A500 Index,CSI A500,6107.75,6141.37,6085.31,6111.86,12.68,0.21,39226536200.0,12225.04,500.0,17.0,2026-06-16,17.0,12225.04
20260617,000510,中证A500指数,中证A500,CSI A500 Index,CSI A500,6078.53,6190.91,6078.53,6188.1,76.23,1.25,38800402100.0,12475.34,500.0,17.12,2026-06-17,17.12,12475.34
20260618,000510,中证A500指数,中证A500,CSI A500 Index,CSI A500,6166.62,6253.78,6166.62,6219.79,31.69,0.51,44073120900.0,13984.66,500.0,17.09,2026-06-18,17.09,13984.66
20260622,000510,中证A500指数,中证A500,CSI A500 Index,CSI A500,6235.3,6375.33,6205.79,6373.56,153.77,2.47,49557162000.0,15896.99,500.0,17.48,2026-06-22,17.48,15896.99
20260623,000510,中证A500指数,中证A500,CSI A500 Index,CSI A500,6356.14,6371.8,6147.74,6182.57,-190.99,-3.0,44892697200.0,14439.92,500.0,17.08,2026-06-23,17.08,14439.92
20260624,000510,中证A500指数,中证A500,CSI A500 Index,CSI A500,6156.58,6256.38,6155.24,6247.01,64.43,1.04,41676928700.0,13557.83,500.0,17.15,2026-06-24,17.15,13557.83
20260625,000510,中证A500指数,中证A500,CSI A500 Index,CSI A500,6257.95,6351.08,6247.85,6343.21,96.2,1.54,45414662000.0,15340.84,500.0,17.3,2026-06-25,17.3,15340.84
20260626,000510,中证A500指数,中证A500,CSI A500 Index,CSI A500,6296.72,6296.92,6115.33,6147.45,-195.75,-3.09,46003434000.0,15142.39,500.0,16.83,2026-06-26,16.83,15142.39
20260629,000510,中证A500指数,中证A500,CSI A500 Index,CSI A500,6147.92,6224.94,6090.69,6222.36,74.91,1.22,44226646800.0,14886.81,500.0,17.0,2026-06-29,17.0,14886.81
20260630,000510,中证A500指数,中证A500,CSI A500 Index,CSI A500,6209.73,6324.44,6202.6,6314.99,92.63,1.49,41323374200.0,13884.19,500.0,17.14,2026-06-30,17.14,13884.19
20260701,000510,中证A500指数,中证A500,CSI A500 Index,CSI A500,6310.21,6354.22,6232.17,6277.78,-37.21,-0.59,45234995100.0,15182.48,500.0,17.1,2026-07-01,17.1,15182.48
20260702,000510,中证A500指数,中证A500,CSI A500 Index,CSI A500,6147.43,6204.36,6060.14,6076.25,-201.52,-3.21,46213078000.0,14537.94,500.0,16.69,2026-07-02,16.69,14537.94
20260703,000510,中证A500指数,中证A500,CSI A500 Index,CSI A500,6076.51,6191.02,6068.15,6117.37,41.12,0.68,41238093000.0,13325.94,500.0,16.82,2026-07-03,16.82,13325.94
20260706,000510,中证A500指数,中证A500,CSI A500 Index,CSI A500,6151.47,6171.45,6037.34,6097.12,-20.25,-0.33,40004453500.0,12906.7,500.0,16.84,2026-07-06,16.84,12906.7
20260707,000510,中证A500指数,中证A500,CSI A500 Index,CSI A500,6061.02,6101.06,5978.35,6023.6,-73.52,-1.21,35018996100.0,10850.95,500.0,16.67,2026-07-07,16.67,10850.95
20260708,000510,中证A500指数,中证A500,CSI A500 Index,CSI A500,6038.88,6063.72,5942.87,5952.43,-71.17,-1.18,34884850600.0,10998.92,500.0,16.54,2026-07-08,16.54,10998.92
20260709,000510,中证A500指数,中证A500,CSI A500 Index,CSI A500,5980.78,6128.15,5914.31,6120.87,168.45,2.83,39190113500.0,13026.65,500.0,16.85,2026-07-09,16.85,13026.65
20260710,000510,中证A500指数,中证A500,CSI A500 Index,CSI A500,6139.9,6177.95,6005.87,6005.87,-115.0,-1.88,44023366500.0,15177.73,500.0,16.63,2026-07-10,16.63,15177.73
20260713,000510,中证A500指数,中证A500,CSI A500 Index,CSI A500,5953.72,5988.43,5821.45,5851.82,-154.05,-2.56,39367008800.0,12560.61,500.0,16.36,2026-07-13,16.36,12560.61
20260714,000510,中证A500指数,中证A500,CSI A500 Index,CSI A500,5845.97,5984.37,5776.77,5984.37,132.55,2.27,38898494100.0,12660.47,500.0,16.67,2026-07-14,16.67,12660.47
20260715,000510,中证A500指数,中证A500,CSI A500 Index,CSI A500,5991.99,6015.66,5933.8,5943.88,-40.49,-0.68,37349143600.0,11822.71,500.0,16.63,2026-07-15,16.63,11822.71
20260716,000510,中证A500指数,中证A500,CSI A500 Index,CSI A500,5843.29,5932.07,5792.87,5825.99,-117.89,-1.98,34437413500.0,10907.92,500.0,16.36,2026-07-16,16.36,10907.92
20260717,000510,中证A500指数,中证A500,CSI A500 Index,CSI A500,5777.74,5781.31,5532.12,5577.7,-248.29,-4.26,40495538400.0,12213.79,500.0,15.89,2026-07-17,15.89,12213.79
20260720,000510,中证A500指数,中证A500,CSI A500 Index,CSI A500,5640.16,5689.29,5517.74,5622.82,45.12,0.81,43173580900.0,12278.64,500.0,16.13,2026-07-20,16.13,12278.64
20260721,000510,中证A500指数,中证A500,CSI A500 Index,CSI A500,5662.6,5840.07,5561.53,5839.91,217.08,3.86,45783622600.0,13573.51,500.0,16.5,2026-07-21,16.5,13573.51
20260722,000510,中证A500指数,中证A500,CSI A500 Index,CSI A500,5803.26,5889.7,5772.12,5803.77,-36.13,-0.62,38907146900.0,12529.54,500.0,16.47,2026-07-22,16.47,12529.54
20260723,000510,中证A500指数,中证A500,CSI A500 Index,CSI A500,5824.26,5833.7,5772.92,5814.56,10.78,0.19,33470105300.0,9961.61,500.0,16.52,2026-07-23,16.52,9961.61
20260724,000510,中证A500指数,中证A500,CSI A500 Index,CSI A500,5751.54,5787.07,5698.09,5703.87,-110.69,-1.9,30308512600.0,8537.0,500.0,16.28,2026-07-24,16.28,8537.0
