tradeDate,indexCode,indexNameCnAll,indexNameCn,indexNameEnAll,indexNameEn,open,high,low,close,change,changePct,tradingVol,tradingValue,consNumber,peg,date,rolling_pe,trading_value
20150101,000905,中证小盘500指数,中证500,CSI Smallcap 500 Index,CSI 500,5338.75,5427.23,5314.34,5417.02,94.3,1.77,12878760300.0,1393.43,500.0,32.43,2015-01-01,32.43,1393.43
20150105,000905,中证小盘500指数,中证500,CSI Smallcap 500 Index,CSI 500,5338.75,5427.23,5314.34,5417.02,94.3,1.77,12878760300.0,1393.43,500.0,32.43,2015-01-05,32.43,1393.43
20150106,000905,中证小盘500指数,中证500,CSI Smallcap 500 Index,CSI 500,5389.9,5482.12,5354.34,5479.86,62.85,1.16,12375449600.0,1403.28,500.0,32.81,2015-01-06,32.81,1403.28
20150107,000905,中证小盘500指数,中证500,CSI Smallcap 500 Index,CSI 500,5471.4,5492.83,5436.92,5488.24,8.38,0.15,9605049400.0,1117.87,500.0,32.88,2015-01-07,32.88,1117.87
20150108,000905,中证小盘500指数,中证500,CSI Smallcap 500 Index,CSI 500,5482.39,5497.74,5418.01,5444.04,-44.21,-0.81,9563461700.0,1085.21,500.0,32.63,2015-01-08,32.63,1085.21
20150109,000905,中证小盘500指数,中证500,CSI Smallcap 500 Index,CSI 500,5424.5,5497.69,5409.06,5409.06,-34.98,-0.64,9064080800.0,1053.9,500.0,32.47,2015-01-09,32.47,1053.9
20150112,000905,中证小盘500指数,中证500,CSI Smallcap 500 Index,CSI 500,5386.58,5386.58,5303.73,5332.22,-76.84,-1.42,7802643000.0,893.64,500.0,32.0,2015-01-12,32.0,893.64
20150113,000905,中证小盘500指数,中证500,CSI Smallcap 500 Index,CSI 500,5333.97,5407.63,5333.97,5405.09,72.87,1.37,6869376600.0,847.11,500.0,32.43,2015-01-13,32.43,847.11
20150114,000905,中证小盘500指数,中证500,CSI Smallcap 500 Index,CSI 500,5404.37,5417.8,5350.17,5379.74,-25.35,-0.47,6708649700.0,832.16,500.0,32.28,2015-01-14,32.28,832.16
20150115,000905,中证小盘500指数,中证500,CSI Smallcap 500 Index,CSI 500,5380.45,5449.26,5380.34,5449.04,69.3,1.29,6788551300.0,815.81,500.0,32.69,2015-01-15,32.69,815.81
20150116,000905,中证小盘500指数,中证500,CSI Smallcap 500 Index,CSI 500,5459.19,5520.79,5454.24,5520.12,71.09,1.3,8450684400.0,1046.72,500.0,33.12,2015-01-16,33.12,1046.72
20150119,000905,中证小盘500指数,中证500,CSI Smallcap 500 Index,CSI 500,5359.47,5475.66,5222.04,5281.9,-238.23,-4.32,10533627200.0,1219.18,500.0,31.73,2015-01-19,31.73,1219.18
20150120,000905,中证小盘500指数,中证500,CSI Smallcap 500 Index,CSI 500,5303.18,5472.74,5303.18,5472.51,190.62,3.61,9193795300.0,1138.37,500.0,32.9,2015-01-20,32.9,1138.37
20150121,000905,中证小盘500指数,中证500,CSI Smallcap 500 Index,CSI 500,5490.84,5611.98,5490.53,5611.69,139.18,2.54,11016742800.0,1377.95,500.0,33.77,2015-01-21,33.77,1377.95
20150122,000905,中证小盘500指数,中证500,CSI Smallcap 500 Index,CSI 500,5617.61,5690.43,5610.09,5690.16,78.46,1.4,10541262100.0,1347.78,500.0,34.23,2015-01-22,34.23,1347.78
20150123,000905,中证小盘500指数,中证500,CSI Smallcap 500 Index,CSI 500,5697.84,5699.73,5611.07,5633.29,-56.87,-1.0,9944033700.0,1240.88,500.0,33.9,2015-01-23,33.9,1240.88
20150126,000905,中证小盘500指数,中证500,CSI Smallcap 500 Index,CSI 500,5644.03,5759.37,5636.2,5758.98,125.69,2.23,10129879400.0,1260.16,500.0,34.66,2015-01-26,34.66,1260.16
20150127,000905,中证小盘500指数,中证500,CSI Smallcap 500 Index,CSI 500,5767.74,5783.99,5670.43,5773.82,14.84,0.26,11431798700.0,1396.06,500.0,34.76,2015-01-27,34.76,1396.06
20150128,000905,中证小盘500指数,中证500,CSI Smallcap 500 Index,CSI 500,5756.68,5798.57,5722.49,5739.92,-33.9,-0.59,10238641500.0,1238.33,500.0,34.59,2015-01-28,34.59,1238.33
20150129,000905,中证小盘500指数,中证500,CSI Smallcap 500 Index,CSI 500,5692.39,5739.49,5670.51,5701.21,-38.71,-0.67,8453858000.0,1029.05,500.0,34.37,2015-01-29,34.37,1029.05
20150130,000905,中证小盘500指数,中证500,CSI Smallcap 500 Index,CSI 500,5708.28,5735.93,5631.57,5632.73,-68.48,-1.2,8059327300.0,1000.21,500.0,34.0,2015-01-30,34.0,1000.21
20150202,000905,中证小盘500指数,中证500,CSI Smallcap 500 Index,CSI 500,5568.44,5652.67,5539.52,5609.39,-23.34,-0.41,7187186300.0,878.29,500.0,33.87,2015-02-02,33.87,878.29
20150203,000905,中证小盘500指数,中证500,CSI Smallcap 500 Index,CSI 500,5627.4,5708.28,5627.4,5707.48,98.09,1.75,7543255900.0,985.66,500.0,34.42,2015-02-03,34.42,985.66
20150204,000905,中证小盘500指数,中证500,CSI Smallcap 500 Index,CSI 500,5720.98,5734.33,5680.83,5683.52,-23.96,-0.42,8092671600.0,1048.47,500.0,34.31,2015-02-04,34.31,1048.47
20150205,000905,中证小盘500指数,中证500,CSI Smallcap 500 Index,CSI 500,5741.19,5745.14,5654.22,5654.22,-29.3,-0.52,8832435500.0,1149.77,500.0,34.2,2015-02-05,34.2,1149.77
20150206,000905,中证小盘500指数,中证500,CSI Smallcap 500 Index,CSI 500,5640.03,5657.66,5510.76,5534.79,-119.43,-2.11,7627761000.0,955.97,500.0,33.54,2015-02-06,33.54,955.97
20150209,000905,中证小盘500指数,中证500,CSI Smallcap 500 Index,CSI 500,5526.14,5551.9,5492.55,5504.97,-29.81,-0.54,5587343800.0,712.59,500.0,33.35,2015-02-09,33.35,712.59
20150210,000905,中证小盘500指数,中证500,CSI Smallcap 500 Index,CSI 500,5502.73,5581.34,5500.54,5580.7,75.73,1.38,5497376900.0,728.64,500.0,33.78,2015-02-10,33.78,728.64
20150211,000905,中证小盘500指数,中证500,CSI Smallcap 500 Index,CSI 500,5587.64,5642.3,5587.44,5641.79,61.08,1.09,5805956600.0,784.78,500.0,34.16,2015-02-11,34.16,784.78
20150212,000905,中证小盘500指数,中证500,CSI Smallcap 500 Index,CSI 500,5647.55,5689.74,5640.86,5681.34,39.56,0.7,6269177400.0,862.61,500.0,34.47,2015-02-12,34.47,862.61
20150213,000905,中证小盘500指数,中证500,CSI Smallcap 500 Index,CSI 500,5709.16,5789.38,5709.16,5769.27,87.93,1.55,8230636700.0,1107.77,500.0,35.02,2015-02-13,35.02,1107.77
20150216,000905,中证小盘500指数,中证500,CSI Smallcap 500 Index,CSI 500,5786.15,5870.08,5786.04,5869.71,100.44,1.74,8230557500.0,1130.09,500.0,35.65,2015-02-16,35.65,1130.09
20150217,000905,中证小盘500指数,中证500,CSI Smallcap 500 Index,CSI 500,5888.87,5914.29,5877.95,5911.1,41.39,0.71,8093887200.0,1073.02,500.0,35.92,2015-02-17,35.92,1073.02
20150225,000905,中证小盘500指数,中证500,CSI Smallcap 500 Index,CSI 500,5926.23,5952.71,5887.37,5906.54,-4.56,-0.08,8355061500.0,1099.66,500.0,35.88,2015-02-25,35.88,1099.66
20150226,000905,中证小盘500指数,中证500,CSI Smallcap 500 Index,CSI 500,5903.26,5970.06,5897.72,5969.56,63.02,1.07,9092074400.0,1137.11,500.0,36.24,2015-02-26,36.24,1137.11
20150227,000905,中证小盘500指数,中证500,CSI Smallcap 500 Index,CSI 500,5974.36,6025.12,5970.68,6018.46,48.91,0.82,9656068200.0,1253.37,500.0,36.56,2015-02-27,36.56,1253.37
20150302,000905,中证小盘500指数,中证500,CSI Smallcap 500 Index,CSI 500,6064.82,6139.79,6039.25,6139.79,121.33,2.02,12723533100.0,1686.15,500.0,37.31,2015-03-02,37.31,1686.15
20150303,000905,中证小盘500指数,中证500,CSI Smallcap 500 Index,CSI 500,6124.28,6199.5,6099.13,6118.66,-21.14,-0.34,14695326300.0,1918.69,500.0,37.19,2015-03-03,37.19,1918.69
20150304,000905,中证小盘500指数,中证500,CSI Smallcap 500 Index,CSI 500,6114.69,6211.09,6114.21,6210.42,91.77,1.5,11922633400.0,1594.32,500.0,37.76,2015-03-04,37.76,1594.32
20150305,000905,中证小盘500指数,中证500,CSI Smallcap 500 Index,CSI 500,6212.66,6217.79,6161.38,6208.99,-1.43,-0.02,12095908900.0,1600.69,500.0,37.76,2015-03-05,37.76,1600.69
20150306,000905,中证小盘500指数,中证500,CSI Smallcap 500 Index,CSI 500,6214.33,6234.11,6129.62,6133.03,-75.96,-1.22,10931372500.0,1433.76,500.0,37.31,2015-03-06,37.31,1433.76
20150309,000905,中证小盘500指数,中证500,CSI Smallcap 500 Index,CSI 500,6113.58,6212.57,6080.54,6212.24,79.21,1.29,9870221500.0,1278.01,500.0,37.79,2015-03-09,37.79,1278.01
20150310,000905,中证小盘500指数,中证500,CSI Smallcap 500 Index,CSI 500,6214.52,6299.28,6205.92,6276.49,64.25,1.03,10291505900.0,1356.48,500.0,38.17,2015-03-10,38.17,1356.48
20150311,000905,中证小盘500指数,中证500,CSI Smallcap 500 Index,CSI 500,6275.17,6281.19,6236.79,6262.89,-13.59,-0.22,9946245300.0,1314.95,500.0,38.07,2015-03-11,38.07,1314.95
20150312,000905,中证小盘500指数,中证500,CSI Smallcap 500 Index,CSI 500,6273.69,6288.52,6220.63,6260.14,-2.76,-0.04,10182147400.0,1353.23,500.0,38.05,2015-03-12,38.05,1353.23
20150313,000905,中证小盘500指数,中证500,CSI Smallcap 500 Index,CSI 500,6271.82,6329.7,6271.82,6329.58,69.44,1.11,9522982800.0,1272.8,500.0,38.47,2015-03-13,38.47,1272.8
20150316,000905,中证小盘500指数,中证500,CSI Smallcap 500 Index,CSI 500,6369.2,6517.03,6369.2,6516.77,187.19,2.96,13705832000.0,1894.24,500.0,39.62,2015-03-16,39.62,1894.24
20150317,000905,中证小盘500指数,中证500,CSI Smallcap 500 Index,CSI 500,6547.39,6635.1,6525.83,6618.05,101.29,1.55,17258333800.0,2354.96,500.0,40.19,2015-03-17,40.19,2354.96
20150318,000905,中证小盘500指数,中证500,CSI Smallcap 500 Index,CSI 500,6624.39,6728.51,6612.46,6728.07,110.01,1.66,16461634800.0,2212.65,500.0,40.99,2015-03-18,40.99,2212.65
20150319,000905,中证小盘500指数,中证500,CSI Smallcap 500 Index,CSI 500,6733.12,6783.14,6687.44,6782.46,54.4,0.81,16687298800.0,2260.99,500.0,41.34,2015-03-19,41.34,2260.99
20150320,000905,中证小盘500指数,中证500,CSI Smallcap 500 Index,CSI 500,6789.06,6862.38,6786.34,6850.9,68.43,1.01,15216231900.0,2184.77,500.0,41.78,2015-03-20,41.78,2184.77
20150323,000905,中证小盘500指数,中证500,CSI Smallcap 500 Index,CSI 500,6891.92,7017.48,6891.92,7017.15,166.26,2.43,17177813100.0,2495.61,500.0,42.85,2015-03-23,42.85,2495.61
20150324,000905,中证小盘500指数,中证500,CSI Smallcap 500 Index,CSI 500,7042.93,7055.1,6801.55,7046.12,28.97,0.41,19706688100.0,2872.41,500.0,43.07,2015-03-24,43.07,2872.41
20150325,000905,中证小盘500指数,中证500,CSI Smallcap 500 Index,CSI 500,7051.82,7170.83,7001.51,7124.87,78.75,1.12,16957544800.0,2556.98,500.0,43.61,2015-03-25,43.61,2556.98
20150326,000905,中证小盘500指数,中证500,CSI Smallcap 500 Index,CSI 500,7104.04,7171.62,6995.65,7074.44,-50.44,-0.71,16392638000.0,2465.38,500.0,43.28,2015-03-26,43.28,2465.38
20150327,000905,中证小盘500指数,中证500,CSI Smallcap 500 Index,CSI 500,7076.49,7167.37,7060.43,7155.95,81.51,1.15,12646098200.0,1898.64,500.0,43.8,2015-03-27,43.8,1898.64
20150330,000905,中证小盘500指数,中证500,CSI Smallcap 500 Index,CSI 500,7180.06,7259.54,7180.06,7245.5,89.55,1.25,16321954600.0,2383.12,500.0,44.31,2015-03-30,44.31,2383.12
20150331,000905,中证小盘500指数,中证500,CSI Smallcap 500 Index,CSI 500,7280.15,7328.85,7214.48,7253.1,7.61,0.1,16990600300.0,2532.93,500.0,44.36,2015-03-31,44.36,2532.93
20150401,000905,中证小盘500指数,中证500,CSI Smallcap 500 Index,CSI 500,7258.83,7430.95,7258.74,7425.73,172.63,2.38,15491880600.0,2374.81,500.0,44.66,2015-04-01,44.66,2374.81
20150402,000905,中证小盘500指数,中证500,CSI Smallcap 500 Index,CSI 500,7463.91,7561.2,7447.12,7560.65,134.92,1.82,16765094900.0,2606.29,500.0,45.48,2015-04-02,45.48,2606.29
20150403,000905,中证小盘500指数,中证500,CSI Smallcap 500 Index,CSI 500,7532.15,7682.72,7494.36,7679.01,118.36,1.57,17012356100.0,2643.05,500.0,46.21,2015-04-03,46.21,2643.05
20150407,000905,中证小盘500指数,中证500,CSI Smallcap 500 Index,CSI 500,7728.91,7863.6,7728.8,7863.28,184.27,2.4,18090483500.0,2860.55,500.0,47.36,2015-04-07,47.36,2860.55
20150408,000905,中证小盘500指数,中证500,CSI Smallcap 500 Index,CSI 500,7908.77,7920.98,7674.07,7808.0,-55.29,-0.7,18949572700.0,3077.12,500.0,46.94,2015-04-08,46.94,3077.12
20150409,000905,中证小盘500指数,中证500,CSI Smallcap 500 Index,CSI 500,7818.2,7818.2,7483.28,7746.15,-61.85,-0.79,18275474900.0,2918.43,500.0,46.63,2015-04-09,46.63,2918.43
20150410,000905,中证小盘500指数,中证500,CSI Smallcap 500 Index,CSI 500,7727.01,7971.62,7683.8,7952.19,206.04,2.66,16150296600.0,2596.73,500.0,47.47,2015-04-10,47.47,2596.73
20150413,000905,中证小盘500指数,中证500,CSI Smallcap 500 Index,CSI 500,7994.25,8143.38,7977.0,8122.89,170.7,2.15,17848498700.0,2970.04,500.0,49.79,2015-04-13,49.79,2970.04
20150414,000905,中证小盘500指数,中证500,CSI Smallcap 500 Index,CSI 500,8129.73,8192.24,8039.95,8119.96,-2.93,-0.04,18319049700.0,2981.46,500.0,49.8,2015-04-14,49.8,2981.46
20150415,000905,中证小盘500指数,中证500,CSI Smallcap 500 Index,CSI 500,8093.13,8093.13,7786.93,7802.75,-317.21,-3.91,16721102400.0,2664.83,500.0,47.82,2015-04-15,47.82,2664.83
20150416,000905,中证小盘500指数,中证500,CSI Smallcap 500 Index,CSI 500,7705.46,7976.12,7607.4,7912.09,109.34,1.4,14324605900.0,2300.85,500.0,48.38,2015-04-16,48.38,2300.85
20150417,000905,中证小盘500指数,中证500,CSI Smallcap 500 Index,CSI 500,7979.35,8032.08,7925.74,7980.76,68.67,0.87,19110982400.0,2992.55,500.0,48.74,2015-04-17,48.74,2992.55
20150420,000905,中证小盘500指数,中证500,CSI Smallcap 500 Index,CSI 500,7967.03,8051.47,7801.03,7839.9,-140.86,-1.76,21459606500.0,3303.49,500.0,47.83,2015-04-20,47.83,3303.49
20150421,000905,中证小盘500指数,中证500,CSI Smallcap 500 Index,CSI 500,7852.52,8113.02,7846.61,8112.69,272.79,3.48,16981040900.0,2724.48,500.0,49.36,2015-04-21,49.36,2724.48
20150422,000905,中证小盘500指数,中证500,CSI Smallcap 500 Index,CSI 500,8180.12,8333.82,8179.3,8323.43,210.74,2.6,19915692200.0,3186.52,500.0,50.99,2015-04-22,50.99,3186.52
20150423,000905,中证小盘500指数,中证500,CSI Smallcap 500 Index,CSI 500,8371.85,8447.93,8275.13,8410.7,87.28,1.05,19799496300.0,3228.74,500.0,51.44,2015-04-23,51.44,3228.74
20150424,000905,中证小盘500指数,中证500,CSI Smallcap 500 Index,CSI 500,8321.33,8453.34,8256.2,8419.1,8.39,0.1,18352767600.0,3040.28,500.0,51.45,2015-04-24,51.45,3040.28
20150427,000905,中证小盘500指数,中证500,CSI Smallcap 500 Index,CSI 500,8503.57,8576.48,8413.23,8513.02,93.92,1.12,18568553100.0,3073.14,500.0,51.95,2015-04-27,51.95,3073.14
20150428,000905,中证小盘500指数,中证500,CSI Smallcap 500 Index,CSI 500,8533.67,8543.33,8187.16,8266.48,-246.53,-2.9,18425762500.0,3036.37,500.0,50.34,2015-04-28,50.34,3036.37
20150429,000905,中证小盘500指数,中证500,CSI Smallcap 500 Index,CSI 500,8248.32,8449.7,8204.73,8428.25,161.77,1.96,14507472700.0,2484.14,500.0,50.78,2015-04-29,50.78,2484.14
20150430,000905,中证小盘500指数,中证500,CSI Smallcap 500 Index,CSI 500,8460.39,8551.47,8458.6,8469.67,41.42,0.49,14665389100.0,2528.99,500.0,51.66,2015-04-30,51.66,2528.99
20150504,000905,中证小盘500指数,中证500,CSI Smallcap 500 Index,CSI 500,8493.96,8532.65,8381.37,8510.48,40.81,0.48,13620460100.0,2352.69,500.0,52.18,2015-05-04,52.18,2352.69
20150505,000905,中证小盘500指数,中证500,CSI Smallcap 500 Index,CSI 500,8501.12,8501.12,8160.66,8199.34,-311.14,-3.66,14422427500.0,2379.15,500.0,49.9,2015-05-05,49.9,2379.15
20150506,000905,中证小盘500指数,中证500,CSI Smallcap 500 Index,CSI 500,8220.6,8359.3,8012.48,8083.0,-116.35,-1.42,12931393500.0,2192.98,500.0,49.15,2015-05-06,49.15,2192.98
20150507,000905,中证小盘500指数,中证500,CSI Smallcap 500 Index,CSI 500,8043.01,8076.23,7886.36,7903.48,-179.52,-2.22,11257094100.0,1792.23,500.0,47.97,2015-05-07,47.97,1792.23
20150508,000905,中证小盘500指数,中证500,CSI Smallcap 500 Index,CSI 500,7989.34,8201.8,7983.83,8201.29,297.82,3.77,11888757400.0,2031.54,500.0,49.79,2015-05-08,49.79,2031.54
20150511,000905,中证小盘500指数,中证500,CSI Smallcap 500 Index,CSI 500,8292.63,8558.8,8242.1,8558.22,356.93,4.35,14857231000.0,2684.55,500.0,51.93,2015-05-11,51.93,2684.55
20150512,000905,中证小盘500指数,中证500,CSI Smallcap 500 Index,CSI 500,8595.08,8746.21,8564.66,8745.68,187.46,2.19,16584906300.0,3010.32,500.0,52.81,2015-05-12,52.81,3010.32
20150513,000905,中证小盘500指数,中证500,CSI Smallcap 500 Index,CSI 500,8719.58,8909.58,8643.43,8824.93,79.25,0.91,17498644100.0,3173.05,500.0,54.05,2015-05-13,54.05,3173.05
20150514,000905,中证小盘500指数,中证500,CSI Smallcap 500 Index,CSI 500,8829.83,8878.47,8725.3,8813.39,-11.54,-0.13,14901785300.0,2721.68,500.0,54.12,2015-05-14,54.12,2721.68
20150515,000905,中证小盘500指数,中证500,CSI Smallcap 500 Index,CSI 500,8790.01,8828.12,8626.23,8742.89,-70.51,-0.8,14371357700.0,2568.25,500.0,53.71,2015-05-15,53.71,2568.25
20150518,000905,中证小盘500指数,中证500,CSI Smallcap 500 Index,CSI 500,8725.41,8929.94,8698.9,8903.6,160.71,1.84,14044539000.0,2553.51,500.0,54.7,2015-05-18,54.7,2553.51
20150519,000905,中证小盘500指数,中证500,CSI Smallcap 500 Index,CSI 500,8927.39,9125.52,8904.19,9124.83,221.24,2.48,15175459200.0,2708.58,500.0,56.1,2015-05-19,56.1,2708.58
20150520,000905,中证小盘500指数,中证500,CSI Smallcap 500 Index,CSI 500,9176.03,9429.22,9173.4,9277.33,152.5,1.67,19095596700.0,3414.37,500.0,57.09,2015-05-20,57.09,3414.37
20150521,000905,中证小盘500指数,中证500,CSI Smallcap 500 Index,CSI 500,9320.84,9620.1,9320.23,9619.22,341.89,3.69,18717799200.0,3399.2,500.0,59.19,2015-05-21,59.19,3399.2
20150522,000905,中证小盘500指数,中证500,CSI Smallcap 500 Index,CSI 500,9756.53,9821.81,9547.42,9778.17,158.95,1.65,22250787200.0,4088.72,500.0,59.96,2015-05-22,59.96,4088.72
20150525,000905,中证小盘500指数,中证500,CSI Smallcap 500 Index,CSI 500,9717.51,10040.71,9659.32,10040.09,261.92,2.68,22846395400.0,4157.25,500.0,61.41,2015-05-25,61.41,4157.25
20150526,000905,中证小盘500指数,中证500,CSI Smallcap 500 Index,CSI 500,10117.73,10373.84,10046.24,10373.58,333.49,3.32,23851427600.0,4541.67,500.0,63.22,2015-05-26,63.22,4541.67
20150527,000905,中证小盘500指数,中证500,CSI Smallcap 500 Index,CSI 500,10421.3,10539.75,10192.18,10497.34,123.76,1.19,23261218000.0,4484.45,500.0,63.44,2015-05-27,63.44,4484.45
20150528,000905,中证小盘500指数,中证500,CSI Smallcap 500 Index,CSI 500,10501.36,10637.91,9860.55,9868.42,-628.92,-5.99,25809407500.0,4845.26,500.0,59.18,2015-05-28,59.18,4845.26
20150529,000905,中证小盘500指数,中证500,CSI Smallcap 500 Index,CSI 500,9846.39,10140.1,9433.09,9966.85,98.42,1.0,19877263800.0,3656.94,500.0,59.57,2015-05-29,59.57,3656.94
20150601,000905,中证小盘500指数,中证500,CSI Smallcap 500 Index,CSI 500,10067.53,10488.89,10067.53,10488.31,521.47,5.23,18601613600.0,3521.3,500.0,62.06,2015-06-01,62.06,3521.3
20150602,000905,中证小盘500指数,中证500,CSI Smallcap 500 Index,CSI 500,10592.75,10887.88,10541.28,10886.4,398.09,3.8,21323422500.0,4132.13,500.0,64.41,2015-06-02,64.41,4132.13
20150603,000905,中证小盘500指数,中证500,CSI Smallcap 500 Index,CSI 500,10973.96,11055.21,10674.07,10979.99,93.59,0.86,20905957000.0,4225.16,500.0,64.46,2015-06-03,64.46,4225.16
20150604,000905,中证小盘500指数,中证500,CSI Smallcap 500 Index,CSI 500,10986.42,11023.34,10269.04,10965.41,-14.58,-0.13,21146018900.0,4161.06,500.0,63.86,2015-06-04,63.86,4161.06
20150605,000905,中证小盘500指数,中证500,CSI Smallcap 500 Index,CSI 500,11117.36,11236.15,10887.17,11144.52,179.11,1.63,24887460000.0,4842.67,500.0,64.98,2015-06-05,64.98,4842.67
20150608,000905,中证小盘500指数,中证500,CSI Smallcap 500 Index,CSI 500,11157.18,11157.18,10860.39,11030.92,-113.6,-1.02,23563058100.0,4578.19,500.0,64.3,2015-06-08,64.3,4578.19
20150609,000905,中证小盘500指数,中证500,CSI Smallcap 500 Index,CSI 500,11009.88,11089.2,10861.58,11013.74,-17.18,-0.16,18518446900.0,3652.43,500.0,64.11,2015-06-09,64.11,3652.43
20150610,000905,中证小盘500指数,中证500,CSI Smallcap 500 Index,CSI 500,10947.49,11319.9,10830.33,11208.06,194.32,1.76,18459036400.0,3751.21,500.0,64.96,2015-06-10,64.96,3751.21
20150611,000905,中证小盘500指数,中证500,CSI Smallcap 500 Index,CSI 500,11220.07,11367.63,11155.95,11366.29,158.24,1.41,19036798100.0,3817.99,500.0,65.36,2015-06-11,65.36,3817.99
20150612,000905,中证小盘500指数,中证500,CSI Smallcap 500 Index,CSI 500,11424.33,11616.38,11400.65,11545.89,179.6,1.58,21065558700.0,4254.33,500.0,66.26,2015-06-12,66.26,4254.33
20150615,000905,中证小盘500指数,中证500,CSI Smallcap 500 Index,CSI 500,11589.95,11616.35,11304.04,11332.89,-213.0,-1.84,20587737900.0,4258.91,500.0,64.79,2015-06-15,64.79,4258.91
20150616,000905,中证小盘500指数,中证500,CSI Smallcap 500 Index,CSI 500,11205.75,11205.75,10768.62,10879.84,-453.06,-4.0,17950384100.0,3629.9,500.0,62.11,2015-06-16,62.11,3629.9
20150617,000905,中证小盘500指数,中证500,CSI Smallcap 500 Index,CSI 500,10865.39,11133.11,10497.69,11100.55,220.71,2.03,16003958700.0,3215.36,500.0,63.39,2015-06-17,63.39,3215.36
20150618,000905,中证小盘500指数,中证500,CSI Smallcap 500 Index,CSI 500,11093.3,11178.32,10714.33,10731.38,-369.17,-3.33,15435193900.0,3073.93,500.0,61.14,2015-06-18,61.14,3073.93
20150619,000905,中证小盘500指数,中证500,CSI Smallcap 500 Index,CSI 500,10475.92,10601.04,9968.99,9987.41,-743.97,-6.93,13784861100.0,2603.4,500.0,56.95,2015-06-19,56.95,2603.4
20150623,000905,中证小盘500指数,中证500,CSI Smallcap 500 Index,CSI 500,9951.78,10074.83,9333.91,10046.88,59.48,0.6,14104583900.0,2551.96,500.0,57.32,2015-06-23,57.32,2551.96
20150624,000905,中证小盘500指数,中证500,CSI Smallcap 500 Index,CSI 500,10136.25,10271.23,9950.62,10267.63,220.74,2.2,15820943900.0,3006.43,500.0,58.53,2015-06-24,58.53,3006.43
20150625,000905,中证小盘500指数,中证500,CSI Smallcap 500 Index,CSI 500,10298.56,10343.05,9771.89,9906.1,-361.52,-3.52,16407338300.0,3148.29,500.0,56.45,2015-06-25,56.45,3148.29
20150626,000905,中证小盘500指数,中证500,CSI Smallcap 500 Index,CSI 500,9571.56,9603.13,9059.36,9078.06,-828.04,-8.36,14507658600.0,2472.06,500.0,51.52,2015-06-26,51.52,2472.06
20150629,000905,中证小盘500指数,中证500,CSI Smallcap 500 Index,CSI 500,9267.03,9281.17,8339.33,8484.64,-593.42,-6.54,18165277800.0,2912.94,500.0,48.15,2015-06-29,48.15,2912.94
20150630,000905,中证小盘500指数,中证500,CSI Smallcap 500 Index,CSI 500,8302.18,8912.4,7882.33,8906.02,421.38,4.97,19556853500.0,3067.23,500.0,50.57,2015-06-30,50.57,3067.23
20150701,000905,中证小盘500指数,中证500,CSI Smallcap 500 Index,CSI 500,8808.51,9103.09,8385.43,8411.91,-494.11,-5.55,17129742600.0,2876.42,500.0,47.76,2015-07-01,47.76,2876.42
20150702,000905,中证小盘500指数,中证500,CSI Smallcap 500 Index,CSI 500,8369.49,8433.52,7787.1,7835.1,-576.81,-6.86,15697383500.0,2364.27,500.0,44.42,2015-07-02,44.42,2364.27
20150703,000905,中证小盘500指数,中证500,CSI Smallcap 500 Index,CSI 500,7530.27,7930.15,7249.31,7355.49,-479.61,-6.12,15610599300.0,2119.08,500.0,41.7,2015-07-03,41.7,2119.08
20150706,000905,中证小盘500指数,中证500,CSI Smallcap 500 Index,CSI 500,7842.43,7842.43,6883.61,7236.0,-119.49,-1.62,23075438500.0,2951.73,500.0,41.1,2015-07-06,41.1,2951.73
20150707,000905,中证小盘500指数,中证500,CSI Smallcap 500 Index,CSI 500,6977.55,7030.98,6763.12,6763.53,-472.47,-6.53,11411596100.0,1307.57,500.0,38.13,2015-07-07,38.13,1307.57
20150708,000905,中证小盘500指数,中证500,CSI Smallcap 500 Index,CSI 500,6444.67,6702.28,6444.25,6602.37,-161.15,-2.38,27534075900.0,3063.33,500.0,37.31,2015-07-08,37.31,3063.33
20150709,000905,中证小盘500指数,中证500,CSI Smallcap 500 Index,CSI 500,6525.12,6896.49,6525.12,6896.35,293.98,4.45,9581574700.0,1137.74,500.0,39.01,2015-07-09,39.01,1137.74
20150710,000905,中证小盘500指数,中证500,CSI Smallcap 500 Index,CSI 500,7101.82,7245.33,7081.35,7244.78,348.43,5.05,7214119400.0,924.28,500.0,40.85,2015-07-10,40.85,924.28
20150713,000905,中证小盘500指数,中证500,CSI Smallcap 500 Index,CSI 500,7563.38,7695.67,7502.55,7695.64,450.85,6.22,12457767900.0,1747.32,500.0,43.39,2015-07-13,43.39,1747.32
20150714,000905,中证小盘500指数,中证500,CSI Smallcap 500 Index,CSI 500,7854.0,8076.19,7772.39,7859.06,163.42,2.12,16738370300.0,2498.78,500.0,44.19,2015-07-14,44.19,2498.78
20150715,000905,中证小盘500指数,中证500,CSI Smallcap 500 Index,CSI 500,7836.08,7837.84,7391.96,7405.29,-453.76,-5.77,16426765800.0,2317.34,500.0,41.66,2015-07-15,41.66,2317.34
20150716,000905,中证小盘500指数,中证500,CSI Smallcap 500 Index,CSI 500,7342.83,7729.7,7078.71,7578.76,173.46,2.34,14201307900.0,2005.2,500.0,42.48,2015-07-16,42.48,2005.2
20150717,000905,中证小盘500指数,中证500,CSI Smallcap 500 Index,CSI 500,7629.78,8050.73,7620.16,7994.7,415.94,5.49,13937737000.0,2083.94,500.0,44.84,2015-07-17,44.84,2083.94
20150720,000905,中证小盘500指数,中证500,CSI Smallcap 500 Index,CSI 500,8025.1,8250.4,7931.65,8116.5,121.8,1.52,16213184000.0,2525.43,500.0,45.51,2015-07-20,45.51,2525.43
20150721,000905,中证小盘500指数,中证500,CSI Smallcap 500 Index,CSI 500,8011.9,8291.93,7937.63,8220.46,103.97,1.28,14309759300.0,2229.62,500.0,46.08,2015-07-21,46.08,2229.62
20150722,000905,中证小盘500指数,中证500,CSI Smallcap 500 Index,CSI 500,8207.17,8354.38,8075.6,8320.24,99.77,1.21,16116584700.0,2504.62,500.0,46.54,2015-07-22,46.54,2504.62
20150723,000905,中证小盘500指数,中证500,CSI Smallcap 500 Index,CSI 500,8330.47,8585.8,8288.84,8551.99,231.75,2.79,17749496600.0,2737.45,500.0,47.83,2015-07-23,47.83,2737.45
20150724,000905,中证小盘500指数,中证500,CSI Smallcap 500 Index,CSI 500,8580.65,8706.25,8348.42,8425.07,-126.92,-1.48,19694787500.0,3197.84,500.0,47.18,2015-07-24,47.18,3197.84
20150727,000905,中证小盘500指数,中证500,CSI Smallcap 500 Index,CSI 500,8240.68,8493.35,7791.6,7794.18,-630.89,-7.49,17174004300.0,2778.08,500.0,43.63,2015-07-27,43.63,2778.08
20150728,000905,中证小盘500指数,中证500,CSI Smallcap 500 Index,CSI 500,7514.15,7893.94,7261.61,7649.82,-144.36,-1.85,18029433000.0,2655.49,500.0,42.84,2015-07-28,42.84,2655.49
20150729,000905,中证小盘500指数,中证500,CSI Smallcap 500 Index,CSI 500,7765.95,8024.58,7472.63,8022.8,372.98,4.88,13274524500.0,2070.23,500.0,44.99,2015-07-29,44.99,2070.23
20150730,000905,中证小盘500指数,中证500,CSI Smallcap 500 Index,CSI 500,7979.57,8174.7,7766.46,7800.58,-222.22,-2.77,14192870000.0,2283.27,500.0,43.75,2015-07-30,43.75,2283.27
20150731,000905,中证小盘500指数,中证500,CSI Smallcap 500 Index,CSI 500,7692.48,7876.64,7634.54,7727.06,-73.52,-0.94,10783413600.0,1697.63,500.0,43.38,2015-07-31,43.38,1697.63
20150803,000905,中证小盘500指数,中证500,CSI Smallcap 500 Index,CSI 500,7605.89,7658.17,7370.04,7540.21,-186.86,-2.42,11236458900.0,1651.22,500.0,42.34,2015-08-03,42.34,1651.22
20150804,000905,中证小盘500指数,中证500,CSI Smallcap 500 Index,CSI 500,7548.03,7942.27,7532.83,7942.1,401.89,5.33,11718032000.0,1754.97,500.0,44.67,2015-08-04,44.67,1754.97
20150805,000905,中证小盘500指数,中证500,CSI Smallcap 500 Index,CSI 500,7933.32,8047.7,7773.92,7839.34,-102.76,-1.29,11999976700.0,1861.53,500.0,44.07,2015-08-05,44.07,1861.53
20150806,000905,中证小盘500指数,中证500,CSI Smallcap 500 Index,CSI 500,7660.58,7891.56,7633.29,7792.03,-47.31,-0.6,9005828000.0,1373.51,500.0,43.73,2015-08-06,43.73,1373.51
20150807,000905,中证小盘500指数,中证500,CSI Smallcap 500 Index,CSI 500,7874.42,8015.37,7855.68,8013.32,221.29,2.84,10946966300.0,1705.96,500.0,44.99,2015-08-07,44.99,1705.96
20150810,000905,中证小盘500指数,中证500,CSI Smallcap 500 Index,CSI 500,8106.12,8437.92,8079.88,8394.09,380.77,4.75,14531737000.0,2308.0,500.0,47.18,2015-08-10,47.18,2308.0
20150811,000905,中证小盘500指数,中证500,CSI Smallcap 500 Index,CSI 500,8402.32,8551.53,8356.52,8435.33,41.24,0.49,16243482500.0,2630.75,500.0,47.43,2015-08-11,47.43,2630.75
20150812,000905,中证小盘500指数,中证500,CSI Smallcap 500 Index,CSI 500,8342.61,8490.27,8320.05,8336.34,-98.99,-1.17,13268064600.0,2179.32,500.0,46.83,2015-08-12,46.83,2179.32
20150813,000905,中证小盘500指数,中证500,CSI Smallcap 500 Index,CSI 500,8287.77,8535.37,8237.89,8534.43,198.09,2.38,13365028400.0,2167.07,500.0,47.96,2015-08-13,47.96,2167.07
20150814,000905,中证小盘500指数,中证500,CSI Smallcap 500 Index,CSI 500,8599.77,8717.07,8548.34,8625.24,90.81,1.06,16071307300.0,2623.66,500.0,48.43,2015-08-14,48.43,2623.66
20150817,000905,中证小盘500指数,中证500,CSI Smallcap 500 Index,CSI 500,8613.29,8820.98,8582.83,8820.46,195.21,2.26,16201328100.0,2643.47,500.0,49.48,2015-08-17,49.48,2643.47
20150818,000905,中证小盘500指数,中证500,CSI Smallcap 500 Index,CSI 500,8842.16,8858.33,8140.91,8161.27,-659.19,-7.47,18439570000.0,2953.25,500.0,45.76,2015-08-18,45.76,2953.25
20150819,000905,中证小盘500指数,中证500,CSI Smallcap 500 Index,CSI 500,7865.63,8404.94,7667.32,8340.98,179.71,2.2,16262225000.0,2477.36,500.0,46.77,2015-08-19,46.77,2477.36
20150820,000905,中证小盘500指数,中证500,CSI Smallcap 500 Index,CSI 500,8255.93,8376.66,8049.51,8049.51,-291.47,-3.49,13831446700.0,2155.02,500.0,45.08,2015-08-20,45.08,2155.02
20150821,000905,中证小盘500指数,中证500,CSI Smallcap 500 Index,CSI 500,7884.3,8006.29,7583.7,7612.9,-436.61,-5.42,13456109300.0,1937.9,500.0,42.6,2015-08-21,42.6,1937.9
20150824,000905,中证小盘500指数,中证500,CSI Smallcap 500 Index,CSI 500,7255.29,7292.77,7003.66,7006.19,-606.71,-7.97,9219222300.0,1235.06,500.0,39.13,2015-08-24,39.13,1235.06
20150825,000905,中证小盘500指数,中证500,CSI Smallcap 500 Index,CSI 500,6496.11,6666.81,6467.81,6481.41,-524.78,-7.49,10416229100.0,1278.03,500.0,36.11,2015-08-25,36.11,1278.03
20150826,000905,中证小盘500指数,中证500,CSI Smallcap 500 Index,CSI 500,6470.0,6687.53,6165.11,6238.53,-242.89,-3.75,14919720900.0,1781.17,500.0,34.78,2015-08-26,34.78,1781.17
20150827,000905,中证小盘500指数,中证500,CSI Smallcap 500 Index,CSI 500,6344.95,6457.86,6099.17,6456.05,217.53,3.49,12493233800.0,1481.08,500.0,36.04,2015-08-27,36.04,1481.08
20150828,000905,中证小盘500指数,中证500,CSI Smallcap 500 Index,CSI 500,6554.76,6844.45,6512.7,6842.89,386.84,5.99,14275851600.0,1783.65,500.0,38.19,2015-08-28,38.19,1783.65
20150831,000905,中证小盘500指数,中证500,CSI Smallcap 500 Index,CSI 500,6791.42,6791.42,6578.35,6581.31,-261.58,-3.82,11625855100.0,1482.97,500.0,36.73,2015-08-31,36.73,1482.97
20150901,000905,中证小盘500指数,中证500,CSI Smallcap 500 Index,CSI 500,6507.88,6507.88,6161.03,6169.21,-412.11,-6.26,9866792900.0,1128.18,500.0,35.33,2015-09-01,35.33,1128.18
20150902,000905,中证小盘500指数,中证500,CSI Smallcap 500 Index,CSI 500,5878.21,6314.29,5866.66,6122.55,-46.65,-0.76,11503272300.0,1306.4,500.0,35.24,2015-09-02,35.24,1306.4
20150907,000905,中证小盘500指数,中证500,CSI Smallcap 500 Index,CSI 500,6187.69,6379.2,6094.49,6143.56,21.0,0.34,10244707000.0,1231.25,500.0,35.28,2015-09-07,35.28,1231.25
20150908,000905,中证小盘500指数,中证500,CSI Smallcap 500 Index,CSI 500,6096.01,6387.36,6014.57,6374.86,231.3,3.76,8550983700.0,995.81,500.0,36.63,2015-09-08,36.63,995.81
20150909,000905,中证小盘500指数,中证500,CSI Smallcap 500 Index,CSI 500,6408.67,6609.94,6380.25,6551.01,176.15,2.76,15009782600.0,1851.18,500.0,37.56,2015-09-09,37.56,1851.18
20150910,000905,中证小盘500指数,中证500,CSI Smallcap 500 Index,CSI 500,6434.53,6565.16,6407.12,6440.31,-110.7,-1.69,10641517900.0,1292.32,500.0,36.89,2015-09-10,36.89,1292.32
20150911,000905,中证小盘500指数,中证500,CSI Smallcap 500 Index,CSI 500,6423.52,6523.19,6385.31,6493.32,53.01,0.82,9257202800.0,1133.49,500.0,37.14,2015-09-11,37.14,1133.49
20150914,000905,中证小盘500指数,中证500,CSI Smallcap 500 Index,CSI 500,6535.26,6554.38,6018.44,6049.79,-443.53,-6.83,11911366500.0,1381.02,500.0,34.52,2015-09-14,34.52,1381.02
20150915,000905,中证小盘500指数,中证500,CSI Smallcap 500 Index,CSI 500,5886.27,5996.22,5689.97,5708.03,-341.76,-5.65,9342742600.0,974.6,500.0,32.52,2015-09-15,32.52,974.6
20150916,000905,中证小盘500指数,中证500,CSI Smallcap 500 Index,CSI 500,5722.53,6107.37,5704.12,6084.84,376.81,6.6,10495292200.0,1133.5,500.0,34.75,2015-09-16,34.75,1133.5
20150917,000905,中证小盘500指数,中证500,CSI Smallcap 500 Index,CSI 500,6057.87,6242.25,5965.41,5965.41,-119.43,-1.96,12783572900.0,1452.95,500.0,33.93,2015-09-17,33.93,1452.95
20150918,000905,中证小盘500指数,中证500,CSI Smallcap 500 Index,CSI 500,6007.46,6073.55,5934.1,6036.88,71.47,1.2,8365211000.0,946.12,500.0,34.33,2015-09-18,34.33,946.12
20150921,000905,中证小盘500指数,中证500,CSI Smallcap 500 Index,CSI 500,5966.29,6251.62,5943.59,6250.44,213.56,3.54,10543393000.0,1231.13,500.0,35.13,2015-09-21,35.13,1231.13
20150922,000905,中证小盘500指数,中证500,CSI Smallcap 500 Index,CSI 500,6264.06,6362.05,6215.57,6295.93,45.49,0.73,11868962500.0,1424.89,500.0,35.4,2015-09-22,35.4,1424.89
20150923,000905,中证小盘500指数,中证500,CSI Smallcap 500 Index,CSI 500,6192.33,6302.64,6162.97,6224.6,-71.33,-1.13,10124732500.0,1218.83,500.0,34.6,2015-09-23,34.6,1218.83
20150924,000905,中证小盘500指数,中证500,CSI Smallcap 500 Index,CSI 500,6250.09,6324.31,6227.39,6315.11,90.51,1.45,9329019100.0,1119.95,500.0,34.64,2015-09-24,34.64,1119.95
20150925,000905,中证小盘500指数,中证500,CSI Smallcap 500 Index,CSI 500,6294.2,6336.43,6064.72,6108.38,-206.73,-3.27,9894203200.0,1152.77,500.0,33.46,2015-09-25,33.46,1152.77
20150928,000905,中证小盘500指数,中证500,CSI Smallcap 500 Index,CSI 500,6118.23,6221.01,6020.46,6219.69,111.32,1.82,6773715800.0,811.83,500.0,34.08,2015-09-28,34.08,811.83
20150929,000905,中证小盘500指数,中证500,CSI Smallcap 500 Index,CSI 500,6114.48,6183.83,6065.85,6103.61,-116.09,-1.87,6857949400.0,816.3,500.0,33.44,2015-09-29,33.44,816.3
20150930,000905,中证小盘500指数,中证500,CSI Smallcap 500 Index,CSI 500,6139.14,6165.75,6066.83,6123.73,20.12,0.33,5649767100.0,695.8,500.0,33.49,2015-09-30,33.49,695.8
20151008,000905,中证小盘500指数,中证500,CSI Smallcap 500 Index,CSI 500,6322.54,6409.74,6281.53,6372.49,248.77,4.06,9490731900.0,1176.53,500.0,34.89,2015-10-08,34.89,1176.53
20151009,000905,中证小盘500指数,中证500,CSI Smallcap 500 Index,CSI 500,6369.75,6495.29,6353.04,6470.05,97.56,1.53,9971166500.0,1226.66,500.0,35.44,2015-10-09,35.44,1226.66
20151012,000905,中证小盘500指数,中证500,CSI Smallcap 500 Index,CSI 500,6505.91,6788.4,6501.76,6718.72,248.67,3.84,15361987700.0,1948.73,500.0,36.77,2015-10-12,36.77,1948.73
20151013,000905,中证小盘500指数,中证500,CSI Smallcap 500 Index,CSI 500,6672.66,6816.78,6650.61,6802.08,83.35,1.24,13297752200.0,1670.09,500.0,37.23,2015-10-13,37.23,1670.09
20151014,000905,中证小盘500指数,中证500,CSI Smallcap 500 Index,CSI 500,6772.46,6842.87,6709.35,6724.5,-77.58,-1.14,12588245000.0,1625.33,500.0,36.73,2015-10-14,36.73,1625.33
20151015,000905,中证小盘500指数,中证500,CSI Smallcap 500 Index,CSI 500,6694.07,6929.48,6694.07,6929.24,204.74,3.04,13179506700.0,1767.35,500.0,37.87,2015-10-15,37.87,1767.35
20151016,000905,中证小盘500指数,中证500,CSI Smallcap 500 Index,CSI 500,6979.68,7052.14,6883.2,7047.56,118.32,1.71,16450996900.0,2146.56,500.0,38.5,2015-10-16,38.5,2146.56
20151019,000905,中证小盘500指数,中证500,CSI Smallcap 500 Index,CSI 500,7072.36,7113.66,6951.8,7047.37,-0.19,0.0,15600793200.0,2132.2,500.0,38.51,2015-10-19,38.51,2132.2
20151020,000905,中证小盘500指数,中证500,CSI Smallcap 500 Index,CSI 500,7033.2,7163.26,6996.56,7162.08,114.7,1.63,13806279100.0,1913.15,500.0,38.99,2015-10-20,38.99,1913.15
20151021,000905,中证小盘500指数,中证500,CSI Smallcap 500 Index,CSI 500,7159.13,7186.54,6689.27,6712.74,-449.34,-6.27,17816918100.0,2381.82,500.0,36.5,2015-10-21,36.5,2381.82
20151022,000905,中证小盘500指数,中证500,CSI Smallcap 500 Index,CSI 500,6708.21,6970.68,6700.62,6964.3,251.56,3.75,13547090000.0,1840.23,500.0,37.77,2015-10-22,37.77,1840.23
20151023,000905,中证小盘500指数,中证500,CSI Smallcap 500 Index,CSI 500,7015.62,7169.37,6988.55,7138.23,173.94,2.5,15889896200.0,2313.26,500.0,38.76,2015-10-23,38.76,2313.26
20151026,000905,中证小盘500指数,中证500,CSI Smallcap 500 Index,CSI 500,7223.15,7233.36,7088.57,7186.75,48.52,0.68,16330471500.0,2361.16,500.0,39.04,2015-10-26,39.04,2361.16
20151027,000905,中证小盘500指数,中证500,CSI Smallcap 500 Index,CSI 500,7123.08,7266.78,6900.44,7231.44,44.68,0.62,14744128200.0,2107.82,500.0,39.28,2015-10-27,39.28,2107.82
20151028,000905,中证小盘500指数,中证500,CSI Smallcap 500 Index,CSI 500,7179.99,7270.79,7019.61,7048.9,-182.54,-2.52,13272422000.0,1941.19,500.0,38.23,2015-10-28,38.23,1941.19
20151029,000905,中证小盘500指数,中证500,CSI Smallcap 500 Index,CSI 500,7097.19,7185.21,7011.86,7108.97,60.08,0.85,11074126900.0,1621.67,500.0,38.56,2015-10-29,38.56,1621.67
20151030,000905,中证小盘500指数,中证500,CSI Smallcap 500 Index,CSI 500,7088.81,7185.52,6984.5,7084.97,-24.0,-0.34,11006955200.0,1643.66,500.0,38.47,2015-10-30,38.47,1643.66
20151102,000905,中证小盘500指数,中证500,CSI Smallcap 500 Index,CSI 500,6936.37,7137.05,6914.15,6936.43,-148.54,-2.1,10720432300.0,1578.73,500.0,39.74,2015-11-02,39.74,1578.73
20151103,000905,中证小盘500指数,中证500,CSI Smallcap 500 Index,CSI 500,6956.89,6998.05,6860.44,6920.1,-16.33,-0.24,8910533900.0,1314.76,500.0,39.64,2015-11-03,39.64,1314.76
20151104,000905,中证小盘500指数,中证500,CSI Smallcap 500 Index,CSI 500,6953.87,7268.4,6953.87,7267.99,347.89,5.03,13920839700.0,2034.75,500.0,41.65,2015-11-04,41.65,2034.75
20151105,000905,中证小盘500指数,中证500,CSI Smallcap 500 Index,CSI 500,7277.1,7364.51,7225.64,7276.45,8.46,0.12,18519177300.0,2687.48,500.0,41.66,2015-11-05,41.66,2687.48
20151106,000905,中证小盘500指数,中证500,CSI Smallcap 500 Index,CSI 500,7284.87,7456.24,7284.71,7446.85,170.4,2.34,15269327200.0,2256.29,500.0,42.66,2015-11-06,42.66,2256.29
20151109,000905,中证小盘500指数,中证500,CSI Smallcap 500 Index,CSI 500,7415.76,7593.17,7350.86,7543.8,96.95,1.3,17752009700.0,2693.14,500.0,43.25,2015-11-09,43.25,2693.14
20151110,000905,中证小盘500指数,中证500,CSI Smallcap 500 Index,CSI 500,7517.41,7633.01,7486.85,7575.01,31.21,0.41,16573754200.0,2519.03,500.0,43.41,2015-11-10,43.41,2519.03
20151111,000905,中证小盘500指数,中证500,CSI Smallcap 500 Index,CSI 500,7589.66,7686.3,7556.37,7684.67,109.66,1.45,15208617000.0,2272.82,500.0,44.04,2015-11-11,44.04,2272.82
20151112,000905,中证小盘500指数,中证500,CSI Smallcap 500 Index,CSI 500,7712.64,7739.65,7579.67,7682.45,-2.21,-0.03,16228029300.0,2540.57,500.0,44.05,2015-11-12,44.05,2540.57
20151113,000905,中证小盘500指数,中证500,CSI Smallcap 500 Index,CSI 500,7601.15,7665.14,7478.41,7567.11,-115.34,-1.5,14755926100.0,2318.79,500.0,43.37,2015-11-13,43.37,2318.79
20151116,000905,中证小盘500指数,中证500,CSI Smallcap 500 Index,CSI 500,7438.4,7719.7,7431.74,7718.85,151.75,2.01,11691995900.0,1876.03,500.0,44.29,2015-11-16,44.29,1876.03
20151117,000905,中证小盘500指数,中证500,CSI Smallcap 500 Index,CSI 500,7787.08,7820.02,7635.92,7650.38,-68.47,-0.89,16275088200.0,2589.77,500.0,43.86,2015-11-17,43.86,2589.77
20151118,000905,中证小盘500指数,中证500,CSI Smallcap 500 Index,CSI 500,7655.33,7699.61,7504.99,7526.94,-123.44,-1.61,12569000600.0,1918.24,500.0,43.16,2015-11-18,43.16,1918.24
20151119,000905,中证小盘500指数,中证500,CSI Smallcap 500 Index,CSI 500,7553.0,7719.52,7538.28,7718.62,191.68,2.55,11052002500.0,1758.07,500.0,44.32,2015-11-19,44.32,1758.07
20151120,000905,中证小盘500指数,中证500,CSI Smallcap 500 Index,CSI 500,7741.68,7844.06,7720.16,7806.27,87.64,1.14,14607617800.0,2345.37,500.0,44.61,2015-11-20,44.61,2345.37
20151123,000905,中证小盘500指数,中证500,CSI Smallcap 500 Index,CSI 500,7816.85,7876.48,7710.05,7744.18,-62.08,-0.8,14238345400.0,2276.04,500.0,44.29,2015-11-23,44.29,2276.04
20151124,000905,中证小盘500指数,中证500,CSI Smallcap 500 Index,CSI 500,7739.09,7799.01,7635.78,7798.5,54.32,0.7,11025855800.0,1685.41,500.0,44.6,2015-11-24,44.6,1685.41
20151125,000905,中证小盘500指数,中证500,CSI Smallcap 500 Index,CSI 500,7803.29,7925.54,7795.16,7922.38,123.89,1.59,12443550100.0,2065.36,500.0,45.35,2015-11-25,45.35,2065.36
20151126,000905,中证小盘500指数,中证500,CSI Smallcap 500 Index,CSI 500,7962.17,7974.74,7859.63,7874.08,-48.3,-0.61,14040461500.0,2294.52,500.0,45.06,2015-11-26,45.06,2294.52
20151127,000905,中证小盘500指数,中证500,CSI Smallcap 500 Index,CSI 500,7839.31,7852.0,7317.65,7376.12,-497.96,-6.32,15297048900.0,2343.41,500.0,42.2,2015-11-27,42.2,2343.41
20151130,000905,中证小盘500指数,中证500,CSI Smallcap 500 Index,CSI 500,7388.28,7467.47,7035.55,7408.4,32.27,0.44,12923402300.0,1968.0,500.0,42.44,2015-11-30,42.44,1968.0
20151201,000905,中证小盘500指数,中证500,CSI Smallcap 500 Index,CSI 500,7403.94,7519.94,7358.37,7443.95,35.55,0.48,11300867900.0,1734.39,500.0,42.68,2015-12-01,42.68,1734.39
20151202,000905,中证小盘500指数,中证500,CSI Smallcap 500 Index,CSI 500,7423.5,7444.22,7201.66,7405.86,-38.09,-0.51,10264747500.0,1497.58,500.0,42.44,2015-12-02,42.44,1497.58
20151203,000905,中证小盘500指数,中证500,CSI Smallcap 500 Index,CSI 500,7413.22,7571.45,7412.66,7570.51,164.65,2.22,9532941200.0,1429.64,500.0,43.39,2015-12-03,43.39,1429.64
20151204,000905,中证小盘500指数,中证500,CSI Smallcap 500 Index,CSI 500,7533.61,7600.34,7464.28,7511.67,-58.83,-0.78,10136253500.0,1548.76,500.0,43.0,2015-12-04,43.0,1548.76
20151207,000905,中证小盘500指数,中证500,CSI Smallcap 500 Index,CSI 500,7526.22,7602.77,7476.19,7602.23,90.55,1.21,9288129600.0,1468.3,500.0,43.53,2015-12-07,43.53,1468.3
20151208,000905,中证小盘500指数,中证500,CSI Smallcap 500 Index,CSI 500,7555.46,7555.46,7398.56,7404.14,-198.09,-2.61,9493882300.0,1472.3,500.0,42.4,2015-12-08,42.4,1472.3
20151209,000905,中证小盘500指数,中证500,CSI Smallcap 500 Index,CSI 500,7369.11,7431.04,7322.87,7374.27,-29.87,-0.4,8329999100.0,1323.01,500.0,42.21,2015-12-09,42.21,1323.01
20151210,000905,中证小盘500指数,中证500,CSI Smallcap 500 Index,CSI 500,7374.35,7437.71,7332.98,7350.21,-24.06,-0.33,7899042400.0,1295.07,500.0,42.08,2015-12-10,42.08,1295.07
20151211,000905,中证小盘500指数,中证500,CSI Smallcap 500 Index,CSI 500,7320.16,7347.36,7253.84,7290.7,-59.51,-0.81,7213228700.0,1118.8,500.0,41.74,2015-12-11,41.74,1118.8
20151214,000905,中证小盘500指数,中证500,CSI Smallcap 500 Index,CSI 500,7224.81,7441.76,7210.41,7441.03,150.33,2.06,7995728800.0,1192.29,500.0,43.65,2015-12-14,43.65,1192.29
20151215,000905,中证小盘500指数,中证500,CSI Smallcap 500 Index,CSI 500,7448.71,7534.22,7447.11,7498.18,57.15,0.77,8602149000.0,1342.08,500.0,44.02,2015-12-15,44.02,1342.08
20151216,000905,中证小盘500指数,中证500,CSI Smallcap 500 Index,CSI 500,7522.73,7574.65,7503.09,7529.4,31.22,0.42,8535116900.0,1380.83,500.0,44.2,2015-12-16,44.2,1380.83
20151217,000905,中证小盘500指数,中证500,CSI Smallcap 500 Index,CSI 500,7570.67,7716.48,7570.67,7716.25,186.84,2.48,13005476500.0,1998.21,500.0,45.1,2015-12-17,45.1,1998.21
20151218,000905,中证小盘500指数,中证500,CSI Smallcap 500 Index,CSI 500,7708.34,7746.51,7650.56,7699.37,-16.88,-0.22,11441690900.0,1839.95,500.0,45.36,2015-12-18,45.36,1839.95
20151221,000905,中证小盘500指数,中证500,CSI Smallcap 500 Index,CSI 500,7698.44,7798.08,7692.1,7788.56,89.19,1.16,11501500300.0,1807.3,500.0,45.85,2015-12-21,45.85,1807.3
20151222,000905,中证小盘500指数,中证500,CSI Smallcap 500 Index,CSI 500,7811.0,7856.95,7752.7,7856.61,68.04,0.87,11159250800.0,1758.27,500.0,46.22,2015-12-22,46.22,1758.27
20151223,000905,中证小盘500指数,中证500,CSI Smallcap 500 Index,CSI 500,7859.13,7881.29,7756.33,7773.28,-83.33,-1.06,11816630900.0,1869.04,500.0,45.69,2015-12-23,45.69,1869.04
20151224,000905,中证小盘500指数,中证500,CSI Smallcap 500 Index,CSI 500,7760.38,7778.94,7635.78,7753.04,-20.25,-0.26,9150934100.0,1413.31,500.0,45.55,2015-12-24,45.55,1413.31
20151225,000905,中证小盘500指数,中证500,CSI Smallcap 500 Index,CSI 500,7759.84,7805.05,7738.87,7792.12,39.09,0.5,8125352000.0,1288.07,500.0,45.79,2015-12-25,45.79,1288.07
20151228,000905,中证小盘500指数,中证500,CSI Smallcap 500 Index,CSI 500,7815.38,7837.63,7603.36,7603.36,-188.76,-2.42,10981351500.0,1704.94,500.0,44.73,2015-12-28,44.73,1704.94
20151229,000905,中证小盘500指数,中证500,CSI Smallcap 500 Index,CSI 500,7591.71,7675.31,7545.35,7674.39,71.03,0.93,7729253000.0,1208.74,500.0,45.1,2015-12-29,45.1,1208.74
20151230,000905,中证小盘500指数,中证500,CSI Smallcap 500 Index,CSI 500,7693.02,7747.35,7664.28,7741.05,66.66,0.87,8553323200.0,1394.07,500.0,45.45,2015-12-30,45.45,1394.07
20151231,000905,中证小盘500指数,中证500,CSI Smallcap 500 Index,CSI 500,7745.64,7763.3,7617.39,7617.69,-123.36,-1.59,7978152300.0,1322.87,500.0,44.73,2015-12-31,44.73,1322.87
20160104,000905,中证小盘500指数,中证500,CSI Smallcap 500 Index,CSI 500,7615.51,7624.1,6983.29,6983.4,-634.28,-8.33,7801499900.0,1150.89,500.0,40.98,2016-01-04,40.98,1150.89
20160105,000905,中证小盘500指数,中证500,CSI Smallcap 500 Index,CSI 500,6663.73,7020.54,6627.64,6889.74,-93.66,-1.34,11342822500.0,1567.17,500.0,40.39,2016-01-05,40.39,1567.17
20160106,000905,中证小盘500指数,中证500,CSI Smallcap 500 Index,CSI 500,6916.53,7066.08,6878.65,7065.61,175.87,2.55,10093042700.0,1363.51,500.0,41.4,2016-01-06,41.4,1363.51
20160107,000905,中证小盘500指数,中证500,CSI Smallcap 500 Index,CSI 500,6937.42,6937.42,6454.97,6462.24,-603.36,-8.54,2842674200.0,347.82,500.0,37.82,2016-01-07,37.82,347.82
20160108,000905,中证小盘500指数,中证500,CSI Smallcap 500 Index,CSI 500,6618.08,6689.14,6222.59,6570.43,108.19,1.67,11112960500.0,1389.34,500.0,38.45,2016-01-08,38.45,1389.34
20160111,000905,中证小盘500指数,中证500,CSI Smallcap 500 Index,CSI 500,6435.89,6529.88,6128.22,6128.66,-441.78,-6.72,11560073600.0,1331.2,500.0,35.8,2016-01-11,35.8,1331.2
20160112,000905,中证小盘500指数,中证500,CSI Smallcap 500 Index,CSI 500,6126.67,6205.59,5994.64,6136.66,8.01,0.13,9190522000.0,1057.27,500.0,35.85,2016-01-12,35.85,1057.27
20160113,000905,中证小盘500指数,中证500,CSI Smallcap 500 Index,CSI 500,6168.99,6226.54,5924.04,5924.04,-212.62,-3.46,8612340200.0,984.57,500.0,34.58,2016-01-13,34.58,984.57
20160114,000905,中证小盘500指数,中证500,CSI Smallcap 500 Index,CSI 500,5734.61,6137.51,5726.88,6124.82,200.78,3.39,9225144600.0,1042.55,500.0,35.75,2016-01-14,35.75,1042.55
20160115,000905,中证小盘500指数,中证500,CSI Smallcap 500 Index,CSI 500,6078.62,6135.27,5852.24,5893.68,-231.14,-3.77,8863053900.0,1022.77,500.0,34.41,2016-01-15,34.41,1022.77
20160118,000905,中证小盘500指数,中证500,CSI Smallcap 500 Index,CSI 500,5768.76,6051.18,5765.15,5978.91,85.23,1.45,7246978900.0,869.8,500.0,34.91,2016-01-18,34.91,869.8
20160119,000905,中证小盘500指数,中证500,CSI Smallcap 500 Index,CSI 500,5965.36,6203.4,5956.23,6197.09,218.19,3.65,8798101500.0,1061.86,500.0,36.17,2016-01-19,36.17,1061.86
20160120,000905,中证小盘500指数,中证500,CSI Smallcap 500 Index,CSI 500,6161.23,6244.96,6095.72,6138.5,-58.59,-0.95,9194751800.0,1133.95,500.0,35.84,2016-01-20,35.84,1133.95
20160121,000905,中证小盘500指数,中证500,CSI Smallcap 500 Index,CSI 500,6031.17,6191.32,5886.88,5886.88,-251.62,-4.1,8188276500.0,1005.55,500.0,34.38,2016-01-21,34.38,1005.55
20160122,000905,中证小盘500指数,中证500,CSI Smallcap 500 Index,CSI 500,5954.36,6013.97,5799.71,5980.61,93.73,1.59,6983070900.0,844.29,500.0,34.95,2016-01-22,34.95,844.29
20160125,000905,中证小盘500指数,中证500,CSI Smallcap 500 Index,CSI 500,6034.08,6093.27,5976.34,6041.33,60.72,1.02,6530851400.0,786.78,500.0,35.26,2016-01-25,35.26,786.78
20160126,000905,中证小盘500指数,中证500,CSI Smallcap 500 Index,CSI 500,5966.7,5982.5,5573.83,5589.31,-452.02,-7.48,8544391700.0,981.04,500.0,32.61,2016-01-26,32.61,981.04
20160127,000905,中证小盘500指数,中证500,CSI Smallcap 500 Index,CSI 500,5604.17,5628.19,5240.65,5514.19,-75.12,-1.34,8792411800.0,953.55,500.0,32.17,2016-01-27,32.17,953.55
20160128,000905,中证小盘500指数,中证500,CSI Smallcap 500 Index,CSI 500,5441.74,5511.32,5257.08,5271.23,-242.96,-4.41,6733807600.0,731.53,500.0,30.76,2016-01-28,30.76,731.53
20160129,000905,中证小盘500指数,中证500,CSI Smallcap 500 Index,CSI 500,5262.46,5515.49,5248.22,5469.13,197.89,3.75,7235909100.0,783.04,500.0,31.92,2016-01-29,31.92,783.04
20160201,000905,中证小盘500指数,中证500,CSI Smallcap 500 Index,CSI 500,5458.6,5493.98,5319.7,5399.48,-69.65,-1.27,6471611400.0,708.63,500.0,31.57,2016-02-01,31.57,708.63
20160202,000905,中证小盘500指数,中证500,CSI Smallcap 500 Index,CSI 500,5407.71,5594.36,5407.67,5586.63,187.15,3.47,6657196200.0,756.74,500.0,32.7,2016-02-02,32.7,756.74
20160203,000905,中证小盘500指数,中证500,CSI Smallcap 500 Index,CSI 500,5520.64,5634.92,5482.22,5610.17,23.55,0.42,6328072600.0,706.25,500.0,32.85,2016-02-03,32.85,706.25
20160204,000905,中证小盘500指数,中证500,CSI Smallcap 500 Index,CSI 500,5631.32,5744.02,5631.32,5721.49,111.31,1.98,7108398200.0,832.26,500.0,33.5,2016-02-04,33.5,832.26
20160205,000905,中证小盘500指数,中证500,CSI Smallcap 500 Index,CSI 500,5734.48,5747.98,5662.44,5664.2,-57.29,-1.0,5607554500.0,653.22,500.0,33.17,2016-02-05,33.17,653.22
20160215,000905,中证小盘500指数,中证500,CSI Smallcap 500 Index,CSI 500,5485.72,5700.52,5482.8,5668.04,3.84,0.07,5363125300.0,633.51,500.0,33.18,2016-02-15,33.18,633.51
20160216,000905,中证小盘500指数,中证500,CSI Smallcap 500 Index,CSI 500,5694.75,5918.59,5694.75,5902.53,234.49,4.14,8287714300.0,985.35,500.0,34.55,2016-02-16,34.55,985.35
20160217,000905,中证小盘500指数,中证500,CSI Smallcap 500 Index,CSI 500,5889.5,5979.41,5854.22,5971.41,68.88,1.17,9058252000.0,1078.57,500.0,34.94,2016-02-17,34.94,1078.57
20160218,000905,中证小盘500指数,中证500,CSI Smallcap 500 Index,CSI 500,6009.75,6034.85,5945.2,5957.13,-14.28,-0.24,9371479800.0,1101.1,500.0,34.81,2016-02-18,34.81,1101.1
20160219,000905,中证小盘500指数,中证500,CSI Smallcap 500 Index,CSI 500,5939.7,6009.72,5919.68,5979.52,22.39,0.38,7038049900.0,868.49,500.0,34.95,2016-02-19,34.95,868.49
20160222,000905,中证小盘500指数,中证500,CSI Smallcap 500 Index,CSI 500,6055.68,6111.69,6029.46,6103.72,124.21,2.08,9432052000.0,1108.02,500.0,35.69,2016-02-22,35.69,1108.02
20160223,000905,中证小盘500指数,中证500,CSI Smallcap 500 Index,CSI 500,6102.51,6118.64,5982.21,6070.5,-33.22,-0.54,8787487600.0,1065.57,500.0,35.49,2016-02-23,35.49,1065.57
20160224,000905,中证小盘500指数,中证500,CSI Smallcap 500 Index,CSI 500,6041.75,6116.25,5975.14,6111.04,40.54,0.67,8981957900.0,1111.14,500.0,35.69,2016-02-24,35.69,1111.14
20160225,000905,中证小盘500指数,中证500,CSI Smallcap 500 Index,CSI 500,6097.42,6097.54,5604.1,5626.05,-484.99,-7.94,11066865300.0,1295.97,500.0,32.88,2016-02-25,32.88,1295.97
20160226,000905,中证小盘500指数,中证500,CSI Smallcap 500 Index,CSI 500,5668.33,5701.05,5517.63,5648.94,22.89,0.41,7985789500.0,917.56,500.0,32.99,2016-02-26,32.99,917.56
20160229,000905,中证小盘500指数,中证500,CSI Smallcap 500 Index,CSI 500,5618.51,5618.51,5286.34,5350.43,-298.5,-5.28,8670315300.0,933.76,500.0,31.23,2016-02-29,31.23,933.76
20160301,000905,中证小盘500指数,中证500,CSI Smallcap 500 Index,CSI 500,5361.79,5504.75,5294.54,5473.63,123.2,2.3,8080357100.0,872.23,500.0,31.92,2016-03-01,31.92,872.23
20160302,000905,中证小盘500指数,中证500,CSI Smallcap 500 Index,CSI 500,5464.73,5763.8,5462.74,5753.15,279.51,5.11,11067195200.0,1179.63,500.0,33.53,2016-03-02,33.53,1179.63
20160303,000905,中证小盘500指数,中证500,CSI Smallcap 500 Index,CSI 500,5757.36,5872.92,5745.62,5776.98,23.83,0.41,12852736000.0,1362.99,500.0,33.65,2016-03-03,33.65,1362.99
20160304,000905,中证小盘500指数,中证500,CSI Smallcap 500 Index,CSI 500,5755.12,5805.41,5542.98,5621.56,-155.42,-2.69,10882994800.0,1174.55,500.0,32.73,2016-03-04,32.73,1174.55
20160307,000905,中证小盘500指数,中证500,CSI Smallcap 500 Index,CSI 500,5686.69,5788.47,5681.85,5752.55,130.99,2.33,8717058100.0,944.67,500.0,33.46,2016-03-07,33.46,944.67
20160308,000905,中证小盘500指数,中证500,CSI Smallcap 500 Index,CSI 500,5751.39,5764.33,5538.15,5764.33,11.78,0.2,9814965600.0,1063.69,500.0,33.52,2016-03-08,33.52,1063.69
20160309,000905,中证小盘500指数,中证500,CSI Smallcap 500 Index,CSI 500,5627.14,5709.52,5583.07,5617.04,-147.29,-2.56,7261532300.0,808.05,500.0,32.71,2016-03-09,32.71,808.05
20160310,000905,中证小盘500指数,中证500,CSI Smallcap 500 Index,CSI 500,5617.42,5657.26,5517.02,5521.95,-95.09,-1.69,5955941100.0,672.98,500.0,32.18,2016-03-10,32.18,672.98
20160311,000905,中证小盘500指数,中证500,CSI Smallcap 500 Index,CSI 500,5460.54,5545.34,5433.32,5508.98,-12.97,-0.23,4980002200.0,554.5,500.0,32.15,2016-03-11,32.15,554.5
20160314,000905,中证小盘500指数,中证500,CSI Smallcap 500 Index,CSI 500,5568.46,5748.33,5568.46,5690.59,181.61,3.3,7999741800.0,951.53,500.0,33.22,2016-03-14,33.22,951.53
20160315,000905,中证小盘500指数,中证500,CSI Smallcap 500 Index,CSI 500,5672.75,5701.57,5609.0,5639.8,-50.79,-0.89,6626890000.0,826.07,500.0,32.94,2016-03-15,32.94,826.07
20160316,000905,中证小盘500指数,中证500,CSI Smallcap 500 Index,CSI 500,5662.44,5689.28,5531.33,5562.8,-77.0,-1.37,5748733200.0,695.43,500.0,32.5,2016-03-16,32.5,695.43
20160317,000905,中证小盘500指数,中证500,CSI Smallcap 500 Index,CSI 500,5589.22,5759.54,5579.73,5745.98,183.17,3.29,8457575800.0,1061.78,500.0,33.59,2016-03-17,33.59,1061.78
20160318,000905,中证小盘500指数,中证500,CSI Smallcap 500 Index,CSI 500,5774.3,5967.46,5768.91,5949.26,203.29,3.54,12516034100.0,1577.56,500.0,34.8,2016-03-18,34.8,1577.56
20160321,000905,中证小盘500指数,中证500,CSI Smallcap 500 Index,CSI 500,6016.69,6100.03,6001.32,6099.48,150.22,2.52,13182551400.0,1667.61,500.0,35.66,2016-03-21,35.66,1667.61
20160322,000905,中证小盘500指数,中证500,CSI Smallcap 500 Index,CSI 500,6045.84,6130.26,6013.05,6075.49,-23.99,-0.39,10772165400.0,1399.16,500.0,35.55,2016-03-22,35.55,1399.16
20160323,000905,中证小盘500指数,中证500,CSI Smallcap 500 Index,CSI 500,6054.22,6119.31,6031.27,6118.97,43.47,0.72,8966132400.0,1185.59,500.0,35.83,2016-03-23,35.83,1185.59
20160324,000905,中证小盘500指数,中证500,CSI Smallcap 500 Index,CSI 500,6062.76,6127.51,6008.54,6018.42,-100.54,-1.64,10143974300.0,1348.76,500.0,35.3,2016-03-24,35.3,1348.76
20160325,000905,中证小盘500指数,中证500,CSI Smallcap 500 Index,CSI 500,6006.67,6081.09,5996.54,6077.43,59.01,0.98,7823131200.0,1032.15,500.0,35.64,2016-03-25,35.64,1032.15
20160328,000905,中证小盘500指数,中证500,CSI Smallcap 500 Index,CSI 500,6114.77,6167.24,6017.49,6037.78,-39.65,-0.65,9378233000.0,1242.78,500.0,35.43,2016-03-28,35.43,1242.78
20160329,000905,中证小盘500指数,中证500,CSI Smallcap 500 Index,CSI 500,6029.94,6041.38,5875.07,5921.87,-115.91,-1.92,7900397500.0,999.5,500.0,34.74,2016-03-29,34.74,999.5
20160330,000905,中证小盘500指数,中证500,CSI Smallcap 500 Index,CSI 500,5981.42,6137.79,5981.42,6137.5,215.64,3.64,8806129200.0,1165.11,500.0,36.03,2016-03-30,36.03,1165.11
20160331,000905,中证小盘500指数,中证500,CSI Smallcap 500 Index,CSI 500,6164.28,6211.14,6133.6,6155.81,18.31,0.3,9491572200.0,1302.16,500.0,36.12,2016-03-31,36.12,1302.16
20160401,000905,中证小盘500指数,中证500,CSI Smallcap 500 Index,CSI 500,6129.72,6157.74,6022.97,6124.53,-31.29,-0.51,8521953300.0,1092.36,500.0,35.94,2016-04-01,35.94,1092.36
20160405,000905,中证小盘500指数,中证500,CSI Smallcap 500 Index,CSI 500,6136.69,6293.47,6117.18,6286.58,162.05,2.65,10554304900.0,1373.6,500.0,36.89,2016-04-05,36.89,1373.6
20160406,000905,中证小盘500指数,中证500,CSI Smallcap 500 Index,CSI 500,6262.6,6324.2,6243.11,6323.43,36.85,0.59,10467457900.0,1394.1,500.0,36.98,2016-04-06,36.98,1394.1
20160407,000905,中证小盘500指数,中证500,CSI Smallcap 500 Index,CSI 500,6344.37,6355.33,6228.97,6228.97,-94.46,-1.49,10992715000.0,1453.52,500.0,36.46,2016-04-07,36.46,1453.52
20160408,000905,中证小盘500指数,中证500,CSI Smallcap 500 Index,CSI 500,6176.86,6199.15,6087.1,6168.74,-60.23,-0.97,8867017300.0,1172.74,500.0,35.91,2016-04-08,35.91,1172.74
20160411,000905,中证小盘500指数,中证500,CSI Smallcap 500 Index,CSI 500,6226.38,6334.54,6226.38,6304.3,135.56,2.2,10219997800.0,1361.35,500.0,36.68,2016-04-11,36.68,1361.35
20160412,000905,中证小盘500指数,中证500,CSI Smallcap 500 Index,CSI 500,6299.47,6316.25,6182.82,6252.77,-51.53,-0.82,8706176700.0,1186.71,500.0,36.34,2016-04-12,36.34,1186.71
20160413,000905,中证小盘500指数,中证500,CSI Smallcap 500 Index,CSI 500,6292.57,6421.73,6292.57,6344.23,91.45,1.46,13298998400.0,1684.82,500.0,36.77,2016-04-13,36.77,1684.82
20160414,000905,中证小盘500指数,中证500,CSI Smallcap 500 Index,CSI 500,6375.49,6402.51,6324.46,6401.85,57.63,0.91,9908817600.0,1261.52,500.0,37.06,2016-04-14,37.06,1261.52
20160415,000905,中证小盘500指数,中证500,CSI Smallcap 500 Index,CSI 500,6403.25,6414.79,6345.55,6384.35,-17.5,-0.27,8279805500.0,1084.25,500.0,36.97,2016-04-15,36.97,1084.25
20160418,000905,中证小盘500指数,中证500,CSI Smallcap 500 Index,CSI 500,6343.7,6343.7,6241.98,6281.2,-103.15,-1.62,8040047200.0,1068.56,500.0,36.37,2016-04-18,36.37,1068.56
20160419,000905,中证小盘500指数,中证500,CSI Smallcap 500 Index,CSI 500,6314.58,6334.9,6262.61,6308.23,27.03,0.43,6943866700.0,942.51,500.0,36.43,2016-04-19,36.43,942.51
20160420,000905,中证小盘500指数,中证500,CSI Smallcap 500 Index,CSI 500,6331.87,6344.78,5923.43,6022.21,-286.02,-4.53,11732538700.0,1512.57,500.0,34.72,2016-04-20,34.72,1512.57
20160421,000905,中证小盘500指数,中证500,CSI Smallcap 500 Index,CSI 500,6000.3,6085.93,5960.5,5970.68,-51.53,-0.86,8480859200.0,1064.22,500.0,34.39,2016-04-21,34.39,1064.22
20160422,000905,中证小盘500指数,中证500,CSI Smallcap 500 Index,CSI 500,5930.53,6011.46,5915.31,6011.32,40.64,0.68,6232381100.0,801.1,500.0,34.66,2016-04-22,34.66,801.1
20160425,000905,中证小盘500指数,中证500,CSI Smallcap 500 Index,CSI 500,5997.21,5997.22,5897.74,5978.08,-33.24,-0.55,5703433300.0,735.56,500.0,34.44,2016-04-25,34.44,735.56
20160426,000905,中证小盘500指数,中证500,CSI Smallcap 500 Index,CSI 500,5971.81,6047.06,5958.4,6046.77,68.7,1.15,5605530500.0,733.73,500.0,34.83,2016-04-26,34.83,733.73
20160427,000905,中证小盘500指数,中证500,CSI Smallcap 500 Index,CSI 500,6051.44,6086.36,6005.16,6016.7,-30.07,-0.5,6073158100.0,807.42,500.0,34.66,2016-04-27,34.66,807.42
20160428,000905,中证小盘500指数,中证500,CSI Smallcap 500 Index,CSI 500,6014.13,6027.2,5888.06,5990.33,-26.37,-0.44,6043070100.0,790.16,500.0,34.52,2016-04-28,34.52,790.16
20160429,000905,中证小盘500指数,中证500,CSI Smallcap 500 Index,CSI 500,5963.91,6018.27,5953.13,5985.59,-4.73,-0.08,4970418800.0,667.78,500.0,34.48,2016-04-29,34.48,667.78
20160503,000905,中证小盘500指数,中证500,CSI Smallcap 500 Index,CSI 500,5991.83,6167.8,5960.94,6167.45,181.86,3.04,7583105900.0,1034.26,500.0,35.64,2016-05-03,35.64,1034.26
20160504,000905,中证小盘500指数,中证500,CSI Smallcap 500 Index,CSI 500,6144.57,6213.19,6136.3,6169.78,2.33,0.04,7455574000.0,1052.23,500.0,35.41,2016-05-04,35.41,1052.23
20160505,000905,中证小盘500指数,中证500,CSI Smallcap 500 Index,CSI 500,6159.73,6206.53,6133.38,6203.82,34.03,0.55,6455896700.0,918.31,500.0,35.55,2016-05-05,35.55,918.31
20160506,000905,中证小盘500指数,中证500,CSI Smallcap 500 Index,CSI 500,6208.44,6226.88,5961.46,5961.49,-242.33,-3.91,9805691800.0,1308.1,500.0,33.54,2016-05-06,33.54,1308.1
20160509,000905,中证小盘500指数,中证500,CSI Smallcap 500 Index,CSI 500,5910.12,5910.12,5714.12,5743.65,-217.84,-3.65,7823338100.0,969.7,500.0,32.29,2016-05-09,32.29,969.7
20160510,000905,中证小盘500指数,中证500,CSI Smallcap 500 Index,CSI 500,5728.11,5766.16,5697.09,5738.9,-4.75,-0.08,5265774500.0,668.83,500.0,32.1,2016-05-10,32.1,668.83
20160511,000905,中证小盘500指数,中证500,CSI Smallcap 500 Index,CSI 500,5770.35,5806.47,5700.1,5723.41,-15.49,-0.27,5801112600.0,762.34,500.0,32.04,2016-05-11,32.04,762.34
20160512,000905,中证小盘500指数,中证500,CSI Smallcap 500 Index,CSI 500,5647.07,5727.58,5559.69,5726.46,3.05,0.05,5821581400.0,743.58,500.0,32.06,2016-05-12,32.06,743.58
20160513,000905,中证小盘500指数,中证500,CSI Smallcap 500 Index,CSI 500,5708.63,5779.89,5677.94,5714.31,-12.14,-0.21,5307673600.0,708.03,500.0,31.93,2016-05-13,31.93,708.03
20160516,000905,中证小盘500指数,中证500,CSI Smallcap 500 Index,CSI 500,5692.61,5813.04,5665.21,5812.54,98.23,1.72,5796089800.0,769.19,500.0,32.21,2016-05-16,32.21,769.19
20160517,000905,中证小盘500指数,中证500,CSI Smallcap 500 Index,CSI 500,5814.1,5853.61,5763.51,5790.34,-22.2,-0.38,6526013800.0,884.32,500.0,32.05,2016-05-17,32.05,884.32
20160518,000905,中证小盘500指数,中证500,CSI Smallcap 500 Index,CSI 500,5743.03,5743.03,5563.06,5631.19,-159.15,-2.75,6370485600.0,794.84,500.0,31.18,2016-05-18,31.18,794.84
20160519,000905,中证小盘500指数,中证500,CSI Smallcap 500 Index,CSI 500,5628.73,5729.4,5628.65,5666.73,35.54,0.63,5643894000.0,769.16,500.0,31.13,2016-05-19,31.13,769.16
20160520,000905,中证小盘500指数,中证500,CSI Smallcap 500 Index,CSI 500,5619.94,5733.25,5600.49,5732.9,66.17,1.17,5593607600.0,767.29,500.0,31.57,2016-05-20,31.57,767.29
20160523,000905,中证小盘500指数,中证500,CSI Smallcap 500 Index,CSI 500,5752.15,5811.68,5752.08,5809.48,76.57,1.34,6277779200.0,858.29,500.0,31.98,2016-05-23,31.98,858.29
20160524,000905,中证小盘500指数,中证500,CSI Smallcap 500 Index,CSI 500,5800.0,5800.17,5701.66,5743.18,-66.3,-1.14,5795641600.0,763.73,500.0,31.51,2016-05-24,31.51,763.73
20160525,000905,中证小盘500指数,中证500,CSI Smallcap 500 Index,CSI 500,5780.27,5803.98,5691.61,5715.18,-27.99,-0.49,5330295600.0,740.91,500.0,31.38,2016-05-25,31.38,740.91
20160526,000905,中证小盘500指数,中证500,CSI Smallcap 500 Index,CSI 500,5705.07,5744.85,5598.66,5744.39,29.2,0.51,5966572700.0,794.17,500.0,31.5,2016-05-26,31.5,794.17
20160527,000905,中证小盘500指数,中证500,CSI Smallcap 500 Index,CSI 500,5728.9,5780.07,5712.48,5739.59,-4.8,-0.08,5998470400.0,807.72,500.0,31.08,2016-05-27,31.08,807.72
20160530,000905,中证小盘500指数,中证500,CSI Smallcap 500 Index,CSI 500,5706.0,5764.76,5655.64,5711.32,-28.27,-0.49,4888800300.0,651.26,500.0,30.78,2016-05-30,30.78,651.26
20160531,000905,中证小盘500指数,中证500,CSI Smallcap 500 Index,CSI 500,5721.83,5947.43,5721.83,5947.32,236.01,4.13,9523807200.0,1239.03,500.0,31.91,2016-05-31,31.91,1239.03
20160601,000905,中证小盘500指数,中证500,CSI Smallcap 500 Index,CSI 500,5957.18,6013.9,5949.64,5973.78,26.46,0.44,9451398700.0,1306.84,500.0,32.0,2016-06-01,32.0,1306.84
20160602,000905,中证小盘500指数,中证500,CSI Smallcap 500 Index,CSI 500,5961.72,6014.61,5955.35,6013.89,40.11,0.67,8124530800.0,1087.82,500.0,32.12,2016-06-02,32.12,1087.82
20160603,000905,中证小盘500指数,中证500,CSI Smallcap 500 Index,CSI 500,6016.95,6062.14,5992.32,6032.6,18.71,0.31,8484351400.0,1175.99,500.0,31.98,2016-06-03,31.98,1175.99
20160606,000905,中证小盘500指数,中证500,CSI Smallcap 500 Index,CSI 500,6051.95,6067.47,6008.93,6051.86,19.26,0.32,7355282000.0,1021.19,500.0,32.06,2016-06-06,32.06,1021.19
20160607,000905,中证小盘500指数,中证500,CSI Smallcap 500 Index,CSI 500,6048.32,6052.05,6010.35,6045.36,-6.5,-0.11,6959825800.0,950.45,500.0,31.97,2016-06-07,31.97,950.45
20160608,000905,中证小盘500指数,中证500,CSI Smallcap 500 Index,CSI 500,6037.41,6058.18,5972.74,6023.88,-21.48,-0.36,7349816300.0,1021.06,500.0,31.86,2016-06-08,31.86,1021.06
20160613,000905,中证小盘500指数,中证500,CSI Smallcap 500 Index,CSI 500,5943.73,5992.33,5746.0,5746.44,-277.43,-4.61,8713985700.0,1178.1,500.0,31.88,2016-06-13,31.88,1178.1
20160614,000905,中证小盘500指数,中证500,CSI Smallcap 500 Index,CSI 500,5723.99,5778.85,5700.52,5762.76,16.32,0.28,6203270400.0,813.7,500.0,31.93,2016-06-14,31.93,813.7
20160615,000905,中证小盘500指数,中证500,CSI Smallcap 500 Index,CSI 500,5701.39,5972.85,5692.81,5952.85,190.08,3.3,9087860500.0,1224.35,500.0,32.83,2016-06-15,32.83,1224.35
20160616,000905,中证小盘500指数,中证500,CSI Smallcap 500 Index,CSI 500,5945.49,5979.12,5909.69,5930.55,-22.3,-0.37,9603146000.0,1333.97,500.0,32.55,2016-06-16,32.55,1333.97
20160617,000905,中证小盘500指数,中证500,CSI Smallcap 500 Index,CSI 500,5937.32,6002.62,5918.19,5964.27,33.73,0.57,8906684100.0,1181.52,500.0,32.58,2016-06-17,32.58,1181.52
20160620,000905,中证小盘500指数,中证500,CSI Smallcap 500 Index,CSI 500,5965.82,5995.0,5908.48,5985.57,21.3,0.36,7453014500.0,1004.92,500.0,32.6,2016-06-20,32.6,1004.92
20160621,000905,中证小盘500指数,中证500,CSI Smallcap 500 Index,CSI 500,6023.92,6053.41,5888.36,5916.8,-68.77,-1.15,8814068600.0,1187.31,500.0,32.13,2016-06-21,32.13,1187.31
20160622,000905,中证小盘500指数,中证500,CSI Smallcap 500 Index,CSI 500,5901.15,6009.06,5895.91,6008.89,92.08,1.56,7241714500.0,930.26,500.0,32.63,2016-06-22,32.63,930.26
20160623,000905,中证小盘500指数,中证500,CSI Smallcap 500 Index,CSI 500,5998.67,6015.18,5933.68,5978.17,-30.71,-0.51,7797955600.0,1036.04,500.0,32.39,2016-06-23,32.39,1036.04
20160624,000905,中证小盘500指数,中证500,CSI Smallcap 500 Index,CSI 500,5967.52,6011.37,5748.84,5903.62,-74.55,-1.25,9841986800.0,1255.08,500.0,31.85,2016-06-24,31.85,1255.08
20160627,000905,中证小盘500指数,中证500,CSI Smallcap 500 Index,CSI 500,5864.73,6044.32,5864.61,6044.22,140.6,2.38,8404790700.0,1115.86,500.0,32.53,2016-06-27,32.53,1115.86
20160628,000905,中证小盘500指数,中证500,CSI Smallcap 500 Index,CSI 500,6018.91,6111.07,6012.05,6107.51,63.29,1.05,9495272300.0,1276.83,500.0,32.88,2016-06-28,32.88,1276.83
20160629,000905,中证小盘500指数,中证500,CSI Smallcap 500 Index,CSI 500,6130.58,6145.0,6100.08,6120.2,12.69,0.21,9305521800.0,1217.75,500.0,32.89,2016-06-29,32.89,1217.75
20160630,000905,中证小盘500指数,中证500,CSI Smallcap 500 Index,CSI 500,6127.99,6143.23,6090.9,6123.49,3.29,0.05,7729966100.0,1034.43,500.0,32.65,2016-06-30,32.65,1034.43
20160701,000905,中证小盘500指数,中证500,CSI Smallcap 500 Index,CSI 500,6133.72,6163.43,6095.85,6111.54,-11.96,-0.2,7381443300.0,964.54,500.0,32.58,2016-07-01,32.58,964.54
20160704,000905,中证小盘500指数,中证500,CSI Smallcap 500 Index,CSI 500,6079.58,6240.6,6078.63,6231.88,120.34,1.97,10007819100.0,1256.53,500.0,33.18,2016-07-04,33.18,1256.53
20160705,000905,中证小盘500指数,中证500,CSI Smallcap 500 Index,CSI 500,6244.39,6276.82,6226.3,6269.5,37.62,0.6,10792880000.0,1368.75,500.0,33.38,2016-07-05,33.38,1368.75
20160706,000905,中证小盘500指数,中证500,CSI Smallcap 500 Index,CSI 500,6250.49,6299.73,6231.54,6297.4,27.89,0.44,9506962200.0,1218.76,500.0,33.55,2016-07-06,33.55,1218.76
20160707,000905,中证小盘500指数,中证500,CSI Smallcap 500 Index,CSI 500,6291.06,6342.43,6256.27,6319.79,22.4,0.36,11245359700.0,1516.26,500.0,33.58,2016-07-07,33.58,1516.26
20160708,000905,中证小盘500指数,中证500,CSI Smallcap 500 Index,CSI 500,6308.06,6337.07,6276.83,6299.85,-19.94,-0.32,8806474100.0,1168.56,500.0,33.4,2016-07-08,33.4,1168.56
20160711,000905,中证小盘500指数,中证500,CSI Smallcap 500 Index,CSI 500,6320.06,6387.07,6306.13,6312.5,12.65,0.2,10366286600.0,1397.71,500.0,33.44,2016-07-11,33.44,1397.71
20160712,000905,中证小盘500指数,中证500,CSI Smallcap 500 Index,CSI 500,6309.82,6395.44,6248.93,6395.14,82.65,1.31,11687378800.0,1484.69,500.0,33.85,2016-07-12,33.85,1484.69
20160713,000905,中证小盘500指数,中证500,CSI Smallcap 500 Index,CSI 500,6413.81,6456.77,6392.4,6446.56,51.42,0.8,11212208100.0,1434.67,500.0,34.14,2016-07-13,34.14,1434.67
20160714,000905,中证小盘500指数,中证500,CSI Smallcap 500 Index,CSI 500,6437.28,6458.29,6410.4,6455.58,9.02,0.14,9527158100.0,1248.77,500.0,34.2,2016-07-14,34.2,1248.77
20160715,000905,中证小盘500指数,中证500,CSI Smallcap 500 Index,CSI 500,6459.63,6469.05,6409.8,6441.02,-14.57,-0.23,9319290400.0,1203.38,500.0,34.07,2016-07-15,34.07,1203.38
20160718,000905,中证小盘500指数,中证500,CSI Smallcap 500 Index,CSI 500,6426.86,6455.46,6379.06,6412.07,-28.94,-0.45,8933062800.0,1163.0,500.0,33.75,2016-07-18,33.75,1163.0
20160719,000905,中证小盘500指数,中证500,CSI Smallcap 500 Index,CSI 500,6407.03,6431.94,6355.48,6431.94,19.87,0.31,8096187200.0,1093.08,500.0,33.69,2016-07-19,33.69,1093.08
20160720,000905,中证小盘500指数,中证500,CSI Smallcap 500 Index,CSI 500,6429.69,6454.18,6404.15,6417.92,-14.02,-0.22,7482030800.0,1014.45,500.0,33.63,2016-07-20,33.63,1014.45
20160721,000905,中证小盘500指数,中证500,CSI Smallcap 500 Index,CSI 500,6414.8,6487.02,6405.6,6442.71,24.79,0.39,8743792600.0,1173.64,500.0,33.74,2016-07-21,33.74,1173.64
20160722,000905,中证小盘500指数,中证500,CSI Smallcap 500 Index,CSI 500,6437.88,6448.37,6385.25,6390.93,-51.78,-0.8,8644549300.0,1148.15,500.0,33.44,2016-07-22,33.44,1148.15
20160725,000905,中证小盘500指数,中证500,CSI Smallcap 500 Index,CSI 500,6383.56,6441.32,6374.26,6408.78,17.86,0.28,8109003900.0,1056.71,500.0,33.42,2016-07-25,33.42,1056.71
20160726,000905,中证小盘500指数,中证500,CSI Smallcap 500 Index,CSI 500,6410.82,6494.74,6410.82,6494.47,85.69,1.34,8155655600.0,1031.67,500.0,33.86,2016-07-26,33.86,1031.67
20160727,000905,中证小盘500指数,中证500,CSI Smallcap 500 Index,CSI 500,6499.34,6515.88,6154.46,6229.29,-265.19,-4.08,13852789300.0,1746.73,500.0,32.51,2016-07-27,32.51,1746.73
20160728,000905,中证小盘500指数,中证500,CSI Smallcap 500 Index,CSI 500,6220.92,6273.38,6148.86,6243.29,14.0,0.22,9131871200.0,1144.39,500.0,32.59,2016-07-28,32.59,1144.39
20160729,000905,中证小盘500指数,中证500,CSI Smallcap 500 Index,CSI 500,6239.85,6259.2,6183.16,6202.89,-40.4,-0.65,7268133200.0,903.27,500.0,32.4,2016-07-29,32.4,903.27
20160801,000905,中证小盘500指数,中证500,CSI Smallcap 500 Index,CSI 500,6179.2,6179.2,6046.4,6109.28,-93.61,-1.51,7291022100.0,876.92,500.0,31.92,2016-08-01,31.92,876.92
20160802,000905,中证小盘500指数,中证500,CSI Smallcap 500 Index,CSI 500,6100.75,6168.68,6099.25,6168.51,59.23,0.97,5580505600.0,662.88,500.0,32.21,2016-08-02,32.21,662.88
20160803,000905,中证小盘500指数,中证500,CSI Smallcap 500 Index,CSI 500,6154.47,6203.61,6140.83,6198.39,29.88,0.48,6868695100.0,808.85,500.0,32.36,2016-08-03,32.36,808.85
20160804,000905,中证小盘500指数,中证500,CSI Smallcap 500 Index,CSI 500,6194.2,6245.3,6174.24,6238.23,39.84,0.64,7055639400.0,842.28,500.0,32.56,2016-08-04,32.56,842.28
20160805,000905,中证小盘500指数,中证500,CSI Smallcap 500 Index,CSI 500,6231.53,6251.4,6202.86,6203.29,-34.94,-0.56,6754335600.0,814.08,500.0,32.39,2016-08-05,32.39,814.08
20160808,000905,中证小盘500指数,中证500,CSI Smallcap 500 Index,CSI 500,6191.65,6290.9,6152.58,6290.76,87.47,1.41,7704788000.0,870.88,500.0,32.83,2016-08-08,32.83,870.88
20160809,000905,中证小盘500指数,中证500,CSI Smallcap 500 Index,CSI 500,6283.29,6341.72,6281.07,6341.55,50.79,0.81,7816512200.0,927.95,500.0,33.09,2016-08-09,33.09,927.95
20160810,000905,中证小盘500指数,中证500,CSI Smallcap 500 Index,CSI 500,6336.54,6366.09,6314.51,6318.27,-23.28,-0.37,7719742400.0,913.73,500.0,32.95,2016-08-10,32.95,913.73
20160811,000905,中证小盘500指数,中证500,CSI Smallcap 500 Index,CSI 500,6304.78,6318.98,6226.31,6226.31,-91.96,-1.46,7068452700.0,840.68,500.0,32.47,2016-08-11,32.47,840.68
20160812,000905,中证小盘500指数,中证500,CSI Smallcap 500 Index,CSI 500,6218.35,6299.09,6204.96,6299.09,72.78,1.17,6863547800.0,776.09,500.0,32.86,2016-08-12,32.86,776.09
20160815,000905,中证小盘500指数,中证500,CSI Smallcap 500 Index,CSI 500,6309.41,6451.93,6289.72,6442.53,143.44,2.28,11798146800.0,1361.89,500.0,33.63,2016-08-15,33.63,1361.89
20160816,000905,中证小盘500指数,中证500,CSI Smallcap 500 Index,CSI 500,6449.91,6488.7,6446.24,6468.89,26.37,0.41,10971284000.0,1303.65,500.0,33.76,2016-08-16,33.76,1303.65
20160817,000905,中证小盘500指数,中证500,CSI Smallcap 500 Index,CSI 500,6462.05,6502.14,6437.26,6488.36,19.47,0.3,9578850800.0,1102.22,500.0,33.86,2016-08-17,33.86,1102.22
20160818,000905,中证小盘500指数,中证500,CSI Smallcap 500 Index,CSI 500,6485.93,6527.2,6466.4,6490.41,2.04,0.03,11041553500.0,1202.48,500.0,33.84,2016-08-18,33.84,1202.48
20160819,000905,中证小盘500指数,中证500,CSI Smallcap 500 Index,CSI 500,6485.72,6516.98,6451.61,6499.55,9.15,0.14,9182709900.0,1008.08,500.0,33.87,2016-08-19,33.87,1008.08
20160822,000905,中证小盘500指数,中证500,CSI Smallcap 500 Index,CSI 500,6499.75,6508.8,6419.56,6420.35,-79.2,-1.22,9236915300.0,1019.08,500.0,33.49,2016-08-22,33.49,1019.08
20160823,000905,中证小盘500指数,中证500,CSI Smallcap 500 Index,CSI 500,6414.98,6448.54,6380.92,6428.7,8.34,0.13,8057296300.0,868.82,500.0,33.52,2016-08-23,33.52,868.82
20160824,000905,中证小盘500指数,中证500,CSI Smallcap 500 Index,CSI 500,6432.88,6466.63,6415.7,6435.06,6.36,0.1,7386234400.0,833.36,500.0,33.59,2016-08-24,33.59,833.36
20160825,000905,中证小盘500指数,中证500,CSI Smallcap 500 Index,CSI 500,6398.56,6398.56,6312.65,6382.57,-52.49,-0.82,7972243100.0,908.6,500.0,33.34,2016-08-25,33.34,908.6
20160826,000905,中证小盘500指数,中证500,CSI Smallcap 500 Index,CSI 500,6395.77,6460.87,6395.73,6410.73,28.16,0.44,7478579400.0,882.01,500.0,33.47,2016-08-26,33.47,882.01
20160829,000905,中证小盘500指数,中证500,CSI Smallcap 500 Index,CSI 500,6409.12,6442.4,6398.78,6427.53,16.8,0.26,6895657000.0,823.56,500.0,33.54,2016-08-29,33.54,823.56
20160830,000905,中证小盘500指数,中证500,CSI Smallcap 500 Index,CSI 500,6428.97,6459.71,6413.71,6425.75,-1.77,-0.03,6158835200.0,740.81,500.0,33.41,2016-08-30,33.41,740.81
20160831,000905,中证小盘500指数,中证500,CSI Smallcap 500 Index,CSI 500,6422.8,6441.11,6390.7,6434.21,8.46,0.13,6527700500.0,750.34,500.0,33.45,2016-08-31,33.45,750.34
20160901,000905,中证小盘500指数,中证500,CSI Smallcap 500 Index,CSI 500,6434.26,6445.43,6380.9,6381.48,-52.73,-0.82,7188610900.0,810.05,500.0,31.34,2016-09-01,31.34,810.05
20160902,000905,中证小盘500指数,中证500,CSI Smallcap 500 Index,CSI 500,6371.49,6403.57,6320.48,6356.95,-24.52,-0.38,6750696300.0,785.2,500.0,37.4,2016-09-02,37.4,785.2
20160905,000905,中证小盘500指数,中证500,CSI Smallcap 500 Index,CSI 500,6372.62,6419.75,6372.62,6391.79,34.84,0.55,6543463900.0,764.19,500.0,37.6,2016-09-05,37.6,764.19
20160906,000905,中证小盘500指数,中证500,CSI Smallcap 500 Index,CSI 500,6392.61,6493.35,6345.69,6492.97,101.18,1.58,8682608700.0,1048.29,500.0,38.19,2016-09-06,38.19,1048.29
20160907,000905,中证小盘500指数,中证500,CSI Smallcap 500 Index,CSI 500,6490.33,6529.81,6483.09,6494.32,1.34,0.02,9319020900.0,1094.31,500.0,38.21,2016-09-07,38.21,1094.31
20160908,000905,中证小盘500指数,中证500,CSI Smallcap 500 Index,CSI 500,6489.62,6518.33,6478.65,6517.98,23.67,0.36,7246413500.0,878.24,500.0,38.37,2016-09-08,38.37,878.24
20160909,000905,中证小盘500指数,中证500,CSI Smallcap 500 Index,CSI 500,6518.68,6539.35,6470.9,6471.05,-46.93,-0.72,7867246300.0,953.11,500.0,38.02,2016-09-09,38.02,953.11
20160912,000905,中证小盘500指数,中证500,CSI Smallcap 500 Index,CSI 500,6362.77,6383.84,6283.82,6291.64,-179.42,-2.77,9004175600.0,1047.43,500.0,37.03,2016-09-12,37.03,1047.43
20160913,000905,中证小盘500指数,中证500,CSI Smallcap 500 Index,CSI 500,6324.74,6340.87,6284.04,6320.03,28.4,0.45,6863666000.0,815.13,500.0,37.15,2016-09-13,37.15,815.13
20160914,000905,中证小盘500指数,中证500,CSI Smallcap 500 Index,CSI 500,6286.62,6318.27,6260.65,6278.16,-41.87,-0.66,5831969200.0,691.12,500.0,36.91,2016-09-14,36.91,691.12
20160919,000905,中证小盘500指数,中证500,CSI Smallcap 500 Index,CSI 500,6292.81,6344.45,6292.81,6344.18,66.02,1.05,5497876400.0,638.14,500.0,37.28,2016-09-19,37.28,638.14
20160920,000905,中证小盘500指数,中证500,CSI Smallcap 500 Index,CSI 500,6344.71,6346.93,6319.76,6342.03,-2.15,-0.03,5450561300.0,627.42,500.0,37.27,2016-09-20,37.27,627.42
20160921,000905,中证小盘500指数,中证500,CSI Smallcap 500 Index,CSI 500,6342.0,6363.0,6335.39,6343.75,1.72,0.03,5029034300.0,601.52,500.0,37.28,2016-09-21,37.28,601.52
20160922,000905,中证小盘500指数,中证500,CSI Smallcap 500 Index,CSI 500,6381.16,6410.57,6377.17,6385.64,41.88,0.66,6297160000.0,739.6,500.0,37.53,2016-09-22,37.53,739.6
20160923,000905,中证小盘500指数,中证500,CSI Smallcap 500 Index,CSI 500,6397.33,6402.64,6369.22,6370.58,-15.05,-0.24,6257830700.0,720.46,500.0,37.46,2016-09-23,37.46,720.46
20160926,000905,中证小盘500指数,中证500,CSI Smallcap 500 Index,CSI 500,6363.93,6364.21,6239.87,6241.52,-129.07,-2.03,7210665900.0,809.21,500.0,36.73,2016-09-26,36.73,809.21
20160927,000905,中证小盘500指数,中证500,CSI Smallcap 500 Index,CSI 500,6229.82,6287.34,6200.57,6286.91,45.39,0.73,5640053300.0,636.14,500.0,36.99,2016-09-27,36.99,636.14
20160928,000905,中证小盘500指数,中证500,CSI Smallcap 500 Index,CSI 500,6300.85,6300.85,6266.75,6281.28,-5.63,-0.09,4916326200.0,555.58,500.0,36.96,2016-09-28,36.96,555.58
20160929,000905,中证小盘500指数,中证500,CSI Smallcap 500 Index,CSI 500,6288.92,6323.42,6288.92,6298.79,17.51,0.28,5069155800.0,581.13,500.0,37.06,2016-09-29,37.06,581.13
20160930,000905,中证小盘500指数,中证500,CSI Smallcap 500 Index,CSI 500,6292.08,6338.3,6289.47,6328.09,29.29,0.47,4496512900.0,525.91,500.0,37.23,2016-09-30,37.23,525.91
20161010,000905,中证小盘500指数,中证500,CSI Smallcap 500 Index,CSI 500,6364.52,6447.94,6345.33,6447.69,119.61,1.89,7272403500.0,877.76,500.0,37.89,2016-10-10,37.89,877.76
20161011,000905,中证小盘500指数,中证500,CSI Smallcap 500 Index,CSI 500,6451.04,6486.65,6443.75,6486.43,38.73,0.6,7885088700.0,899.08,500.0,38.13,2016-10-11,38.13,899.08
20161012,000905,中证小盘500指数,中证500,CSI Smallcap 500 Index,CSI 500,6463.81,6484.0,6452.41,6482.74,-3.69,-0.06,6771848700.0,775.96,500.0,38.14,2016-10-12,38.14,775.96
20161013,000905,中证小盘500指数,中证500,CSI Smallcap 500 Index,CSI 500,6480.93,6501.56,6468.13,6484.83,2.09,0.03,6847165100.0,784.94,500.0,38.15,2016-10-13,38.15,784.94
20161014,000905,中证小盘500指数,中证500,CSI Smallcap 500 Index,CSI 500,6476.26,6477.85,6423.58,6469.49,-15.34,-0.24,6586009700.0,754.44,500.0,38.06,2016-10-14,38.06,754.44
20161017,000905,中证小盘500指数,中证500,CSI Smallcap 500 Index,CSI 500,6478.51,6487.67,6394.49,6413.15,-56.34,-0.87,7170479600.0,837.44,500.0,37.75,2016-10-17,37.75,837.44
20161018,000905,中证小盘500指数,中证500,CSI Smallcap 500 Index,CSI 500,6409.74,6509.28,6409.74,6509.28,96.13,1.5,7369850800.0,860.45,500.0,38.33,2016-10-18,38.33,860.45
20161019,000905,中证小盘500指数,中证500,CSI Smallcap 500 Index,CSI 500,6518.74,6531.16,6476.56,6495.26,-14.02,-0.22,7504880700.0,872.77,500.0,38.25,2016-10-19,38.25,872.77
20161020,000905,中证小盘500指数,中证500,CSI Smallcap 500 Index,CSI 500,6495.83,6506.58,6474.78,6498.24,2.98,0.05,6557491200.0,756.35,500.0,38.24,2016-10-20,38.24,756.35
20161021,000905,中证小盘500指数,中证500,CSI Smallcap 500 Index,CSI 500,6498.99,6506.61,6424.44,6475.28,-22.96,-0.35,7319512600.0,836.17,500.0,38.08,2016-10-21,38.08,836.17
20161024,000905,中证小盘500指数,中证500,CSI Smallcap 500 Index,CSI 500,6479.55,6546.79,6472.94,6539.47,64.19,0.99,8607674500.0,931.19,500.0,38.46,2016-10-24,38.46,931.19
20161025,000905,中证小盘500指数,中证500,CSI Smallcap 500 Index,CSI 500,6543.47,6563.52,6536.94,6563.35,23.89,0.37,8392323000.0,943.15,500.0,38.58,2016-10-25,38.58,943.15
20161026,000905,中证小盘500指数,中证500,CSI Smallcap 500 Index,CSI 500,6561.16,6561.25,6511.66,6530.39,-32.96,-0.5,8085924400.0,917.81,500.0,37.57,2016-10-26,37.57,917.81
20161027,000905,中证小盘500指数,中证500,CSI Smallcap 500 Index,CSI 500,6522.89,6529.47,6488.36,6517.36,-13.03,-0.2,6710299700.0,766.63,500.0,37.5,2016-10-27,37.5,766.63
20161028,000905,中证小盘500指数,中证500,CSI Smallcap 500 Index,CSI 500,6512.04,6536.83,6455.15,6455.83,-61.52,-0.94,7069709600.0,797.12,500.0,37.18,2016-10-28,37.18,797.12
20161031,000905,中证小盘500指数,中证500,CSI Smallcap 500 Index,CSI 500,6441.43,6460.77,6408.27,6452.21,-3.63,-0.06,6025368800.0,717.68,500.0,37.18,2016-10-31,37.18,717.68
20161101,000905,中证小盘500指数,中证500,CSI Smallcap 500 Index,CSI 500,6457.0,6508.36,6450.02,6507.95,55.74,0.86,6253990200.0,722.51,500.0,36.81,2016-11-01,36.81,722.51
20161102,000905,中证小盘500指数,中证500,CSI Smallcap 500 Index,CSI 500,6494.98,6506.78,6450.05,6455.13,-52.82,-0.81,7229906800.0,828.98,500.0,36.51,2016-11-02,36.51,828.98
20161103,000905,中证小盘500指数,中证500,CSI Smallcap 500 Index,CSI 500,6442.35,6521.0,6436.91,6483.73,28.6,0.44,7754984500.0,886.83,500.0,36.62,2016-11-03,36.62,886.83
20161104,000905,中证小盘500指数,中证500,CSI Smallcap 500 Index,CSI 500,6482.6,6502.74,6449.56,6462.59,-21.14,-0.33,7063540600.0,816.41,500.0,36.51,2016-11-04,36.51,816.41
20161107,000905,中证小盘500指数,中证500,CSI Smallcap 500 Index,CSI 500,6461.0,6487.06,6437.74,6468.82,6.22,0.1,6881212600.0,763.26,500.0,36.52,2016-11-07,36.52,763.26
20161108,000905,中证小盘500指数,中证500,CSI Smallcap 500 Index,CSI 500,6487.65,6518.19,6476.44,6503.18,34.36,0.53,7244487800.0,785.08,500.0,36.73,2016-11-08,36.73,785.08
20161109,000905,中证小盘500指数,中证500,CSI Smallcap 500 Index,CSI 500,6504.41,6507.86,6380.57,6453.57,-49.61,-0.76,8806010200.0,965.17,500.0,36.42,2016-11-09,36.42,965.17
20161110,000905,中证小盘500指数,中证500,CSI Smallcap 500 Index,CSI 500,6501.64,6538.74,6501.64,6536.97,83.39,1.29,9062523800.0,961.58,500.0,36.9,2016-11-10,36.9,961.58
20161111,000905,中证小盘500指数,中证500,CSI Smallcap 500 Index,CSI 500,6539.36,6584.41,6527.45,6583.89,46.92,0.72,11037159400.0,1176.83,500.0,37.15,2016-11-11,37.15,1176.83
20161114,000905,中证小盘500指数,中证500,CSI Smallcap 500 Index,CSI 500,6568.66,6624.21,6566.05,6615.01,31.12,0.47,12666934300.0,1290.73,500.0,37.35,2016-11-14,37.35,1290.73
20161115,000905,中证小盘500指数,中证500,CSI Smallcap 500 Index,CSI 500,6622.88,6641.04,6602.28,6640.46,25.45,0.38,10511091200.0,1077.85,500.0,37.55,2016-11-15,37.55,1077.85
20161116,000905,中证小盘500指数,中证500,CSI Smallcap 500 Index,CSI 500,6647.53,6658.43,6630.12,6644.19,3.73,0.06,9546867600.0,1027.94,500.0,37.57,2016-11-16,37.57,1027.94
20161117,000905,中证小盘500指数,中证500,CSI Smallcap 500 Index,CSI 500,6633.31,6646.31,6596.9,6636.47,-7.72,-0.12,8453531200.0,877.29,500.0,37.49,2016-11-17,37.49,877.29
20161118,000905,中证小盘500指数,中证500,CSI Smallcap 500 Index,CSI 500,6632.63,6643.94,6592.84,6602.33,-34.14,-0.51,8127855100.0,869.03,500.0,37.32,2016-11-18,37.32,869.03
20161121,000905,中证小盘500指数,中证500,CSI Smallcap 500 Index,CSI 500,6597.17,6635.89,6591.98,6611.54,9.21,0.14,7875184400.0,906.53,500.0,37.4,2016-11-21,37.4,906.53
20161122,000905,中证小盘500指数,中证500,CSI Smallcap 500 Index,CSI 500,6619.85,6661.54,6617.07,6661.25,49.71,0.75,9217780900.0,1019.85,500.0,37.65,2016-11-22,37.65,1019.85
20161123,000905,中证小盘500指数,中证500,CSI Smallcap 500 Index,CSI 500,6668.25,6676.67,6617.78,6631.17,-30.07,-0.45,9396324000.0,1039.04,500.0,37.49,2016-11-23,37.49,1039.04
20161124,000905,中证小盘500指数,中证500,CSI Smallcap 500 Index,CSI 500,6635.22,6656.97,6607.03,6623.05,-8.12,-0.12,9358629900.0,1047.2,500.0,37.42,2016-11-24,37.42,1047.2
20161125,000905,中证小盘500指数,中证500,CSI Smallcap 500 Index,CSI 500,6620.22,6652.92,6531.37,6652.82,29.77,0.45,8893463600.0,1000.29,500.0,37.58,2016-11-25,37.58,1000.29
20161128,000905,中证小盘500指数,中证500,CSI Smallcap 500 Index,CSI 500,6667.27,6692.14,6650.92,6670.8,17.99,0.27,9574136600.0,1067.22,500.0,37.66,2016-11-28,37.66,1067.22
20161129,000905,中证小盘500指数,中证500,CSI Smallcap 500 Index,CSI 500,6658.36,6681.88,6619.04,6620.79,-50.01,-0.75,10144690600.0,1127.0,500.0,37.39,2016-11-29,37.39,1127.0
20161130,000905,中证小盘500指数,中证500,CSI Smallcap 500 Index,CSI 500,6605.36,6615.92,6568.8,6585.58,-35.22,-0.53,8152681300.0,913.55,500.0,37.2,2016-11-30,37.2,913.55
20161201,000905,中证小盘500指数,中证500,CSI Smallcap 500 Index,CSI 500,6593.59,6624.85,6593.07,6624.47,38.89,0.59,7781850900.0,876.63,500.0,37.41,2016-12-01,37.41,876.63
20161202,000905,中证小盘500指数,中证500,CSI Smallcap 500 Index,CSI 500,6617.87,6623.79,6520.97,6520.97,-103.49,-1.56,8109752500.0,912.03,500.0,36.83,2016-12-02,36.83,912.03
20161205,000905,中证小盘500指数,中证500,CSI Smallcap 500 Index,CSI 500,6462.26,6522.6,6451.08,6486.02,-34.96,-0.54,6682182100.0,756.24,500.0,36.66,2016-12-05,36.66,756.24
20161206,000905,中证小盘500指数,中证500,CSI Smallcap 500 Index,CSI 500,6496.16,6514.03,6484.98,6490.89,4.87,0.08,5200919800.0,616.22,500.0,36.72,2016-12-06,36.72,616.22
20161207,000905,中证小盘500指数,中证500,CSI Smallcap 500 Index,CSI 500,6493.0,6558.24,6481.92,6558.02,67.14,1.03,5940641400.0,678.2,500.0,37.09,2016-12-07,37.09,678.2
20161208,000905,中证小盘500指数,中证500,CSI Smallcap 500 Index,CSI 500,6561.72,6562.66,6522.96,6527.43,-30.59,-0.47,5698976300.0,675.9,500.0,36.93,2016-12-08,36.93,675.9
20161209,000905,中证小盘500指数,中证500,CSI Smallcap 500 Index,CSI 500,6519.39,6534.9,6500.21,6513.92,-13.52,-0.21,5921829100.0,715.01,500.0,36.92,2016-12-09,36.92,715.01
20161212,000905,中证小盘500指数,中证500,CSI Smallcap 500 Index,CSI 500,6512.96,6519.63,6241.61,6249.08,-264.84,-4.07,9473677800.0,1074.63,500.0,37.14,2016-12-12,37.14,1074.63
20161213,000905,中证小盘500指数,中证500,CSI Smallcap 500 Index,CSI 500,6235.56,6292.8,6190.39,6278.18,29.1,0.47,6520672800.0,759.46,500.0,37.32,2016-12-13,37.32,759.46
20161214,000905,中证小盘500指数,中证500,CSI Smallcap 500 Index,CSI 500,6269.08,6299.04,6216.95,6239.5,-38.68,-0.62,6897758400.0,810.65,500.0,37.11,2016-12-14,37.11,810.65
20161215,000905,中证小盘500指数,中证500,CSI Smallcap 500 Index,CSI 500,6216.14,6310.74,6211.27,6280.4,40.9,0.66,6473297300.0,752.1,500.0,37.35,2016-12-15,37.35,752.1
20161216,000905,中证小盘500指数,中证500,CSI Smallcap 500 Index,CSI 500,6279.28,6329.19,6273.0,6318.52,38.13,0.61,6220417600.0,713.31,500.0,37.58,2016-12-16,37.58,713.31
20161219,000905,中证小盘500指数,中证500,CSI Smallcap 500 Index,CSI 500,6319.86,6330.38,6297.37,6320.73,2.21,0.03,6257915800.0,701.81,500.0,37.59,2016-12-19,37.59,701.81
20161220,000905,中证小盘500指数,中证500,CSI Smallcap 500 Index,CSI 500,6314.61,6315.54,6275.31,6300.64,-20.09,-0.32,6092065700.0,655.45,500.0,37.46,2016-12-20,37.46,655.45
20161221,000905,中证小盘500指数,中证500,CSI Smallcap 500 Index,CSI 500,6311.06,6348.38,6311.06,6347.61,46.97,0.75,6363287000.0,705.95,500.0,37.71,2016-12-21,37.71,705.95
20161222,000905,中证小盘500指数,中证500,CSI Smallcap 500 Index,CSI 500,6341.2,6350.27,6313.86,6341.79,-5.82,-0.09,5961720700.0,644.78,500.0,37.69,2016-12-22,37.69,644.78
20161223,000905,中证小盘500指数,中证500,CSI Smallcap 500 Index,CSI 500,6339.35,6343.85,6277.66,6282.0,-59.79,-0.94,5718248200.0,642.19,500.0,37.33,2016-12-23,37.33,642.19
20161226,000905,中证小盘500指数,中证500,CSI Smallcap 500 Index,CSI 500,6260.34,6295.24,6194.27,6294.75,12.76,0.2,5444435800.0,608.64,500.0,37.42,2016-12-26,37.42,608.64
20161227,000905,中证小盘500指数,中证500,CSI Smallcap 500 Index,CSI 500,6291.65,6311.04,6284.04,6288.86,-5.9,-0.09,4927552400.0,564.3,500.0,37.39,2016-12-27,37.39,564.3
20161228,000905,中证小盘500指数,中证500,CSI Smallcap 500 Index,CSI 500,6288.73,6295.89,6257.1,6270.24,-18.62,-0.3,4857416500.0,549.61,500.0,37.26,2016-12-28,37.26,549.61
20161229,000905,中证小盘500指数,中证500,CSI Smallcap 500 Index,CSI 500,6261.87,6286.74,6242.98,6252.61,-17.63,-0.28,4502814200.0,511.13,500.0,37.15,2016-12-29,37.15,511.13
20161230,000905,中证小盘500指数,中证500,CSI Smallcap 500 Index,CSI 500,6255.62,6275.55,6241.72,6263.63,11.02,0.18,4692493700.0,545.54,500.0,37.23,2016-12-30,37.23,545.54
20170103,000905,中证小盘500指数,中证500,CSI Smallcap 500 Index,CSI 500,6273.82,6320.95,6273.75,6320.76,57.14,0.91,4857779100.0,573.03,500.0,37.55,2017-01-03,37.55,573.03
20170104,000905,中证小盘500指数,中证500,CSI Smallcap 500 Index,CSI 500,6321.75,6395.0,6314.13,6394.67,73.91,1.17,6673942300.0,785.32,500.0,37.95,2017-01-04,37.95,785.32
20170105,000905,中证小盘500指数,中证500,CSI Smallcap 500 Index,CSI 500,6391.58,6412.87,6385.12,6399.28,4.61,0.07,6144520300.0,722.68,500.0,37.99,2017-01-05,37.99,722.68
20170106,000905,中证小盘500指数,中证500,CSI Smallcap 500 Index,CSI 500,6398.86,6401.74,6364.89,6371.62,-27.67,-0.43,6490247300.0,737.23,500.0,37.79,2017-01-06,37.79,737.23
20170109,000905,中证小盘500指数,中证500,CSI Smallcap 500 Index,CSI 500,6365.39,6415.47,6357.36,6415.42,43.8,0.69,6397903100.0,743.1,500.0,38.01,2017-01-09,38.01,743.1
20170110,000905,中证小盘500指数,中证500,CSI Smallcap 500 Index,CSI 500,6412.76,6428.83,6388.92,6393.93,-21.49,-0.33,6821068400.0,767.22,500.0,37.89,2017-01-10,37.89,767.22
20170111,000905,中证小盘500指数,中证500,CSI Smallcap 500 Index,CSI 500,6381.7,6402.9,6331.51,6331.96,-61.96,-0.97,6284335900.0,683.32,500.0,37.5,2017-01-11,37.5,683.32
20170112,000905,中证小盘500指数,中证500,CSI Smallcap 500 Index,CSI 500,6325.62,6339.32,6269.2,6272.85,-59.11,-0.93,5343363400.0,572.59,500.0,37.16,2017-01-12,37.16,572.59
20170113,000905,中证小盘500指数,中证500,CSI Smallcap 500 Index,CSI 500,6272.79,6282.72,6182.1,6194.66,-78.19,-1.25,5361148400.0,584.45,500.0,36.72,2017-01-13,36.72,584.45
20170116,000905,中证小盘500指数,中证500,CSI Smallcap 500 Index,CSI 500,6184.13,6184.34,5872.4,6031.24,-163.42,-2.64,7895834800.0,821.48,500.0,35.79,2017-01-16,35.79,821.48
20170117,000905,中证小盘500指数,中证500,CSI Smallcap 500 Index,CSI 500,6006.08,6082.2,5957.04,6082.07,50.82,0.84,5054089800.0,540.19,500.0,36.07,2017-01-17,36.07,540.19
20170118,000905,中证小盘500指数,中证500,CSI Smallcap 500 Index,CSI 500,6067.17,6098.78,6049.97,6068.59,-13.47,-0.22,4614218000.0,484.05,500.0,36.09,2017-01-18,36.09,484.05
20170119,000905,中证小盘500指数,中证500,CSI Smallcap 500 Index,CSI 500,6054.73,6074.46,6029.64,6043.68,-24.92,-0.41,4441961600.0,458.54,500.0,35.93,2017-01-19,35.93,458.54
20170120,000905,中证小盘500指数,中证500,CSI Smallcap 500 Index,CSI 500,6037.56,6129.58,6034.97,6122.0,78.32,1.3,4571735400.0,490.13,500.0,36.4,2017-01-20,36.4,490.13
20170123,000905,中证小盘500指数,中证500,CSI Smallcap 500 Index,CSI 500,6130.44,6189.17,6130.2,6172.17,50.17,0.82,5038973600.0,527.27,500.0,36.7,2017-01-23,36.7,527.27
20170124,000905,中证小盘500指数,中证500,CSI Smallcap 500 Index,CSI 500,6167.84,6177.21,6154.07,6165.26,-6.9,-0.11,5012780300.0,495.71,500.0,36.63,2017-01-24,36.63,495.71
20170125,000905,中证小盘500指数,中证500,CSI Smallcap 500 Index,CSI 500,6156.78,6187.43,6152.14,6179.57,14.3,0.23,4297428800.0,437.4,500.0,36.74,2017-01-25,36.74,437.4
20170126,000905,中证小盘500指数,中证500,CSI Smallcap 500 Index,CSI 500,6183.16,6224.19,6183.16,6223.71,44.14,0.71,4054247700.0,419.45,500.0,37.01,2017-01-26,37.01,419.45
20170203,000905,中证小盘500指数,中证500,CSI Smallcap 500 Index,CSI 500,6227.46,6231.6,6190.83,6207.09,-16.61,-0.27,3554149100.0,379.29,500.0,36.93,2017-02-03,36.93,379.29
20170206,000905,中证小盘500指数,中证500,CSI Smallcap 500 Index,CSI 500,6206.54,6259.41,6195.5,6259.25,52.16,0.84,4575565600.0,500.35,500.0,37.25,2017-02-06,37.25,500.35
20170207,000905,中证小盘500指数,中证500,CSI Smallcap 500 Index,CSI 500,6254.2,6269.46,6223.54,6255.93,-3.32,-0.05,5092823200.0,539.51,500.0,37.2,2017-02-07,37.2,539.51
20170208,000905,中证小盘500指数,中证500,CSI Smallcap 500 Index,CSI 500,6248.47,6291.77,6219.02,6291.6,35.67,0.57,5388511900.0,577.42,500.0,37.4,2017-02-08,37.4,577.42
20170209,000905,中证小盘500指数,中证500,CSI Smallcap 500 Index,CSI 500,6288.88,6331.33,6285.73,6331.18,39.58,0.63,7272232900.0,749.04,500.0,37.62,2017-02-09,37.62,749.04
20170210,000905,中证小盘500指数,中证500,CSI Smallcap 500 Index,CSI 500,6329.68,6350.34,6320.25,6337.11,5.93,0.09,8937713900.0,872.03,500.0,37.6,2017-02-10,37.6,872.03
20170213,000905,中证小盘500指数,中证500,CSI Smallcap 500 Index,CSI 500,6341.73,6370.21,6331.96,6369.65,32.54,0.51,8376505400.0,846.25,500.0,37.78,2017-02-13,37.78,846.25
20170214,000905,中证小盘500指数,中证500,CSI Smallcap 500 Index,CSI 500,6366.94,6378.06,6346.59,6374.89,5.23,0.08,7606862900.0,758.79,500.0,37.92,2017-02-14,37.92,758.79
20170215,000905,中证小盘500指数,中证500,CSI Smallcap 500 Index,CSI 500,6367.64,6379.79,6301.01,6311.7,-63.19,-0.99,8407660700.0,847.45,500.0,37.58,2017-02-15,37.58,847.45
20170216,000905,中证小盘500指数,中证500,CSI Smallcap 500 Index,CSI 500,6308.32,6363.87,6306.51,6359.34,47.64,0.75,7507458100.0,757.86,500.0,37.83,2017-02-16,37.83,757.86
20170217,000905,中证小盘500指数,中证500,CSI Smallcap 500 Index,CSI 500,6356.09,6365.7,6300.51,6307.16,-52.17,-0.82,7907995200.0,807.06,500.0,37.52,2017-02-17,37.52,807.06
20170220,000905,中证小盘500指数,中证500,CSI Smallcap 500 Index,CSI 500,6307.23,6385.06,6307.23,6385.06,77.9,1.24,7412663600.0,803.26,500.0,37.97,2017-02-20,37.97,803.26
20170221,000905,中证小盘500指数,中证500,CSI Smallcap 500 Index,CSI 500,6390.51,6434.53,6386.9,6434.44,49.38,0.77,7889690100.0,862.22,500.0,38.26,2017-02-21,38.26,862.22
20170222,000905,中证小盘500指数,中证500,CSI Smallcap 500 Index,CSI 500,6432.75,6474.49,6431.41,6474.23,39.79,0.62,8752564100.0,955.98,500.0,38.46,2017-02-22,38.46,955.98
20170223,000905,中证小盘500指数,中证500,CSI Smallcap 500 Index,CSI 500,6470.62,6482.25,6435.75,6473.99,-0.23,0.0,8936667800.0,992.77,500.0,38.5,2017-02-23,38.5,992.77
20170224,000905,中证小盘500指数,中证500,CSI Smallcap 500 Index,CSI 500,6466.18,6477.42,6445.07,6476.17,2.17,0.03,7625812700.0,854.26,500.0,38.53,2017-02-24,38.53,854.26
20170227,000905,中证小盘500指数,中证500,CSI Smallcap 500 Index,CSI 500,6476.38,6480.19,6417.78,6424.25,-51.91,-0.8,7224501000.0,810.12,500.0,38.23,2017-02-27,38.23,810.12
20170228,000905,中证小盘500指数,中证500,CSI Smallcap 500 Index,CSI 500,6425.0,6451.29,6414.78,6450.97,26.72,0.42,6303112600.0,711.7,500.0,38.39,2017-02-28,38.39,711.7
20170301,000905,中证小盘500指数,中证500,CSI Smallcap 500 Index,CSI 500,6446.44,6488.82,6440.81,6467.64,16.67,0.26,7247967100.0,831.78,500.0,38.46,2017-03-01,38.46,831.78
20170302,000905,中证小盘500指数,中证500,CSI Smallcap 500 Index,CSI 500,6476.11,6484.12,6431.44,6434.63,-33.01,-0.51,7206417200.0,840.93,500.0,38.25,2017-03-02,38.25,840.93
20170303,000905,中证小盘500指数,中证500,CSI Smallcap 500 Index,CSI 500,6417.39,6457.23,6398.88,6452.84,18.21,0.28,6525325300.0,788.92,500.0,38.39,2017-03-03,38.39,788.92
20170306,000905,中证小盘500指数,中证500,CSI Smallcap 500 Index,CSI 500,6457.59,6518.04,6457.59,6517.32,64.48,1.0,6727767200.0,838.53,500.0,38.77,2017-03-06,38.77,838.53
20170307,000905,中证小盘500指数,中证500,CSI Smallcap 500 Index,CSI 500,6517.85,6523.36,6491.26,6523.19,5.86,0.09,6853491500.0,823.31,500.0,38.83,2017-03-07,38.83,823.31
20170308,000905,中证小盘500指数,中证500,CSI Smallcap 500 Index,CSI 500,6519.97,6525.19,6478.55,6497.09,-26.1,-0.4,6306736900.0,750.49,500.0,38.66,2017-03-08,38.66,750.49
20170309,000905,中证小盘500指数,中证500,CSI Smallcap 500 Index,CSI 500,6484.58,6484.83,6425.0,6439.38,-57.71,-0.89,6423898200.0,739.49,500.0,38.31,2017-03-09,38.31,739.49
20170310,000905,中证小盘500指数,中证500,CSI Smallcap 500 Index,CSI 500,6436.76,6464.6,6436.64,6447.92,8.53,0.13,5635992900.0,699.99,500.0,38.38,2017-03-10,38.38,699.99
20170313,000905,中证小盘500指数,中证500,CSI Smallcap 500 Index,CSI 500,6444.56,6508.07,6412.71,6507.9,59.98,0.93,6491243000.0,812.01,500.0,38.72,2017-03-13,38.72,812.01
20170314,000905,中证小盘500指数,中证500,CSI Smallcap 500 Index,CSI 500,6508.37,6518.78,6480.08,6493.48,-14.41,-0.22,6027199500.0,745.48,500.0,38.66,2017-03-14,38.66,745.48
20170315,000905,中证小盘500指数,中证500,CSI Smallcap 500 Index,CSI 500,6486.3,6499.54,6471.72,6486.06,-7.42,-0.11,5575008500.0,691.04,500.0,38.6,2017-03-15,38.6,691.04
20170316,000905,中证小盘500指数,中证500,CSI Smallcap 500 Index,CSI 500,6499.83,6543.34,6499.83,6543.34,57.28,0.88,6865461900.0,848.09,500.0,38.94,2017-03-16,38.94,848.09
20170317,000905,中证小盘500指数,中证500,CSI Smallcap 500 Index,CSI 500,6543.56,6555.58,6480.29,6483.25,-60.09,-0.92,7306370600.0,899.11,500.0,38.6,2017-03-17,38.6,899.11
20170320,000905,中证小盘500指数,中证500,CSI Smallcap 500 Index,CSI 500,6484.54,6498.57,6451.35,6498.34,15.1,0.23,6164478300.0,763.64,500.0,38.68,2017-03-20,38.68,763.64
20170321,000905,中证小盘500指数,中证500,CSI Smallcap 500 Index,CSI 500,6494.77,6516.01,6484.69,6515.95,17.6,0.27,5899504200.0,757.84,500.0,38.81,2017-03-21,38.81,757.84
20170322,000905,中证小盘500指数,中证500,CSI Smallcap 500 Index,CSI 500,6486.3,6514.63,6459.98,6499.79,-16.15,-0.25,7227336600.0,883.32,500.0,38.7,2017-03-22,38.7,883.32
20170323,000905,中证小盘500指数,中证500,CSI Smallcap 500 Index,CSI 500,6502.13,6533.65,6445.81,6512.19,12.39,0.19,7691114700.0,956.65,500.0,38.81,2017-03-23,38.81,956.65
20170324,000905,中证小盘500指数,中证500,CSI Smallcap 500 Index,CSI 500,6509.23,6552.75,6500.07,6546.62,34.43,0.53,8354782200.0,997.64,500.0,38.98,2017-03-24,38.98,997.64
20170327,000905,中证小盘500指数,中证500,CSI Smallcap 500 Index,CSI 500,6545.45,6555.79,6510.44,6516.03,-30.58,-0.47,7748273700.0,916.1,500.0,38.74,2017-03-27,38.74,916.1
20170328,000905,中证小盘500指数,中证500,CSI Smallcap 500 Index,CSI 500,6509.04,6519.09,6483.64,6498.69,-17.34,-0.27,6126211400.0,745.47,500.0,38.64,2017-03-28,38.64,745.47
20170329,000905,中证小盘500指数,中证500,CSI Smallcap 500 Index,CSI 500,6504.25,6522.51,6461.54,6480.54,-18.15,-0.28,8561404800.0,941.46,500.0,38.52,2017-03-29,38.52,941.46
20170330,000905,中证小盘500指数,中证500,CSI Smallcap 500 Index,CSI 500,6467.06,6471.94,6369.12,6375.74,-104.8,-1.62,9651272400.0,1025.59,500.0,37.93,2017-03-30,37.93,1025.59
20170331,000905,中证小盘500指数,中证500,CSI Smallcap 500 Index,CSI 500,6374.57,6402.22,6365.45,6401.65,25.9,0.41,7208277200.0,818.7,500.0,38.1,2017-03-31,38.1,818.7
20170405,000905,中证小盘500指数,中证500,CSI Smallcap 500 Index,CSI 500,6450.9,6539.97,6450.9,6539.97,138.32,2.16,9701497800.0,1102.62,500.0,38.91,2017-04-05,38.91,1102.62
20170406,000905,中证小盘500指数,中证500,CSI Smallcap 500 Index,CSI 500,6554.75,6569.7,6535.04,6559.65,19.69,0.3,9747113500.0,1065.38,500.0,38.99,2017-04-06,38.99,1065.38
20170407,000905,中证小盘500指数,中证500,CSI Smallcap 500 Index,CSI 500,6554.26,6593.95,6544.24,6578.73,19.07,0.29,10059667100.0,1151.46,500.0,39.11,2017-04-07,39.11,1151.46
20170410,000905,中证小盘500指数,中证500,CSI Smallcap 500 Index,CSI 500,6575.46,6595.2,6556.08,6566.54,-12.18,-0.19,10252932300.0,1179.5,500.0,38.99,2017-04-10,38.99,1179.5
20170411,000905,中证小盘500指数,中证500,CSI Smallcap 500 Index,CSI 500,6566.84,6632.0,6531.53,6629.17,62.62,0.95,12773804800.0,1482.01,500.0,39.29,2017-04-11,39.29,1482.01
20170412,000905,中证小盘500指数,中证500,CSI Smallcap 500 Index,CSI 500,6625.88,6626.76,6571.48,6576.48,-52.69,-0.79,11417302700.0,1256.34,500.0,39.0,2017-04-12,39.0,1256.34
20170413,000905,中证小盘500指数,中证500,CSI Smallcap 500 Index,CSI 500,6569.24,6627.7,6562.76,6615.7,39.23,0.6,8771144000.0,957.22,500.0,39.25,2017-04-13,39.25,957.22
20170414,000905,中证小盘500指数,中证500,CSI Smallcap 500 Index,CSI 500,6623.45,6623.8,6522.79,6528.16,-87.54,-1.32,9751115100.0,1075.19,500.0,38.64,2017-04-14,38.64,1075.19
20170417,000905,中证小盘500指数,中证500,CSI Smallcap 500 Index,CSI 500,6500.95,6502.04,6426.28,6456.6,-71.56,-1.1,8753220700.0,993.24,500.0,38.21,2017-04-17,38.21,993.24
20170418,000905,中证小盘500指数,中证500,CSI Smallcap 500 Index,CSI 500,6452.92,6491.81,6416.17,6418.21,-38.39,-0.59,8018564100.0,914.18,500.0,38.06,2017-04-18,38.06,914.18
20170419,000905,中证小盘500指数,中证500,CSI Smallcap 500 Index,CSI 500,6390.33,6401.41,6285.99,6350.65,-67.56,-1.05,8700044700.0,955.77,500.0,37.65,2017-04-19,37.65,955.77
20170420,000905,中证小盘500指数,中证500,CSI Smallcap 500 Index,CSI 500,6349.41,6377.8,6299.89,6347.77,-2.87,-0.05,7917415700.0,920.55,500.0,37.68,2017-04-20,37.68,920.55
20170421,000905,中证小盘500指数,中证500,CSI Smallcap 500 Index,CSI 500,6345.77,6364.67,6296.81,6300.71,-47.06,-0.74,6087110100.0,721.88,500.0,37.43,2017-04-21,37.43,721.88
20170424,000905,中证小盘500指数,中证500,CSI Smallcap 500 Index,CSI 500,6282.33,6282.74,6137.92,6138.5,-162.21,-2.57,7077136800.0,785.87,500.0,36.39,2017-04-24,36.39,785.87
20170425,000905,中证小盘500指数,中证500,CSI Smallcap 500 Index,CSI 500,6139.48,6203.68,6131.95,6160.46,21.96,0.36,6465772900.0,737.14,500.0,36.51,2017-04-25,36.51,737.14
20170426,000905,中证小盘500指数,中证500,CSI Smallcap 500 Index,CSI 500,6159.89,6195.32,6157.4,6176.4,15.94,0.26,6974602900.0,814.33,500.0,36.44,2017-04-26,36.44,814.33
20170427,000905,中证小盘500指数,中证500,CSI Smallcap 500 Index,CSI 500,6157.52,6205.23,6052.88,6192.3,15.91,0.26,8935778900.0,1016.92,500.0,36.53,2017-04-27,36.53,1016.92
20170428,000905,中证小盘500指数,中证500,CSI Smallcap 500 Index,CSI 500,6174.14,6214.16,6166.8,6211.86,19.56,0.32,6676916700.0,767.06,500.0,36.62,2017-04-28,36.62,767.06
20170502,000905,中证小盘500指数,中证500,CSI Smallcap 500 Index,CSI 500,6205.1,6216.49,6186.17,6216.12,4.25,0.07,7028900300.0,835.53,500.0,32.84,2017-05-02,32.84,835.53
20170503,000905,中证小盘500指数,中证500,CSI Smallcap 500 Index,CSI 500,6205.68,6225.63,6174.69,6197.48,-18.64,-0.3,7247544700.0,855.74,500.0,32.75,2017-05-03,32.75,855.74
20170504,000905,中证小盘500指数,中证500,CSI Smallcap 500 Index,CSI 500,6180.03,6236.89,6151.81,6176.31,-21.17,-0.34,7741351300.0,899.16,500.0,32.63,2017-05-04,32.63,899.16
20170505,000905,中证小盘500指数,中证500,CSI Smallcap 500 Index,CSI 500,6155.2,6164.25,6089.09,6089.68,-86.62,-1.4,7155199600.0,812.92,500.0,32.19,2017-05-05,32.19,812.92
20170508,000905,中证小盘500指数,中证500,CSI Smallcap 500 Index,CSI 500,6076.46,6083.36,5975.22,5975.54,-114.14,-1.87,6718255500.0,763.11,500.0,31.57,2017-05-08,31.57,763.11
20170509,000905,中证小盘500指数,中证500,CSI Smallcap 500 Index,CSI 500,5953.84,6012.44,5919.6,6012.0,36.46,0.61,5472699300.0,627.23,500.0,31.77,2017-05-09,31.77,627.23
20170510,000905,中证小盘500指数,中证500,CSI Smallcap 500 Index,CSI 500,6010.73,6038.97,5885.52,5885.84,-126.16,-2.1,6264566000.0,714.67,500.0,31.06,2017-05-10,31.06,714.67
20170511,000905,中证小盘500指数,中证500,CSI Smallcap 500 Index,CSI 500,5856.41,5873.91,5731.48,5872.64,-13.2,-0.22,7305431400.0,775.88,500.0,30.9,2017-05-11,30.9,775.88
20170512,000905,中证小盘500指数,中证500,CSI Smallcap 500 Index,CSI 500,5859.34,5889.93,5820.29,5863.78,-8.86,-0.15,5668562800.0,626.07,500.0,30.64,2017-05-12,30.64,626.07
20170515,000905,中证小盘500指数,中证500,CSI Smallcap 500 Index,CSI 500,5880.7,5912.27,5880.7,5893.51,29.72,0.51,4972593300.0,589.12,500.0,30.62,2017-05-15,30.62,589.12
20170516,000905,中证小盘500指数,中证500,CSI Smallcap 500 Index,CSI 500,5882.33,6014.88,5839.22,6014.73,121.23,2.06,7342661600.0,840.36,500.0,31.2,2017-05-16,31.2,840.36
20170517,000905,中证小盘500指数,中证500,CSI Smallcap 500 Index,CSI 500,6006.47,6055.92,6001.04,6027.65,12.92,0.21,7314690900.0,845.89,500.0,31.27,2017-05-17,31.27,845.89
20170518,000905,中证小盘500指数,中证500,CSI Smallcap 500 Index,CSI 500,5983.35,6030.11,5965.35,5976.3,-51.35,-0.85,6006212500.0,709.72,500.0,30.82,2017-05-18,30.82,709.72
20170519,000905,中证小盘500指数,中证500,CSI Smallcap 500 Index,CSI 500,5973.77,5990.44,5942.61,5974.98,-1.32,-0.02,5506815200.0,646.69,500.0,30.77,2017-05-19,30.77,646.69
20170522,000905,中证小盘500指数,中证500,CSI Smallcap 500 Index,CSI 500,5962.29,5987.31,5873.04,5888.81,-86.16,-1.44,6089413900.0,661.01,500.0,30.33,2017-05-22,30.33,661.01
20170523,000905,中证小盘500指数,中证500,CSI Smallcap 500 Index,CSI 500,5879.56,5893.82,5760.32,5764.88,-123.94,-2.1,6491864700.0,707.79,500.0,29.71,2017-05-23,29.71,707.79
20170524,000905,中证小盘500指数,中证500,CSI Smallcap 500 Index,CSI 500,5740.44,5799.68,5668.72,5799.25,34.37,0.6,5813084700.0,628.45,500.0,29.78,2017-05-24,29.78,628.45
20170525,000905,中证小盘500指数,中证500,CSI Smallcap 500 Index,CSI 500,5788.56,5859.5,5740.8,5850.8,51.55,0.89,7068395700.0,753.52,500.0,29.96,2017-05-25,29.96,753.52
20170526,000905,中证小盘500指数,中证500,CSI Smallcap 500 Index,CSI 500,5843.52,5871.21,5833.09,5836.93,-13.87,-0.24,5925619900.0,656.92,500.0,29.73,2017-05-26,29.73,656.92
20170531,000905,中证小盘500指数,中证500,CSI Smallcap 500 Index,CSI 500,5887.94,5913.18,5820.21,5824.1,-12.83,-0.22,5847776900.0,662.21,500.0,29.64,2017-05-31,29.64,662.21
20170601,000905,中证小盘500指数,中证500,CSI Smallcap 500 Index,CSI 500,5810.42,5810.6,5709.69,5710.0,-114.1,-1.96,6027890500.0,654.9,500.0,29.06,2017-06-01,29.06,654.9
20170602,000905,中证小盘500指数,中证500,CSI Smallcap 500 Index,CSI 500,5696.83,5780.5,5655.76,5772.52,62.52,1.09,5886884700.0,615.63,500.0,29.38,2017-06-02,29.38,615.63
20170605,000905,中证小盘500指数,中证500,CSI Smallcap 500 Index,CSI 500,5778.19,5830.05,5777.95,5815.8,43.28,0.75,5433329200.0,597.76,500.0,29.58,2017-06-05,29.58,597.76
20170606,000905,中证小盘500指数,中证500,CSI Smallcap 500 Index,CSI 500,5808.97,5841.88,5793.44,5841.52,25.72,0.44,4878150000.0,532.38,500.0,29.73,2017-06-06,29.73,532.38
20170607,000905,中证小盘500指数,中证500,CSI Smallcap 500 Index,CSI 500,5838.88,5955.02,5836.44,5955.02,113.49,1.94,7466605900.0,817.42,500.0,30.24,2017-06-07,30.24,817.42
20170608,000905,中证小盘500指数,中证500,CSI Smallcap 500 Index,CSI 500,5947.98,5972.73,5940.72,5958.98,3.96,0.07,6650654700.0,747.53,500.0,29.99,2017-06-08,29.99,747.53
20170609,000905,中证小盘500指数,中证500,CSI Smallcap 500 Index,CSI 500,5952.41,5971.53,5922.73,5969.27,10.3,0.17,6210987400.0,695.75,500.0,30.1,2017-06-09,30.1,695.75
20170612,000905,中证小盘500指数,中证500,CSI Smallcap 500 Index,CSI 500,5943.64,5950.04,5896.4,5902.86,-66.42,-1.11,6035967500.0,702.15,500.0,29.97,2017-06-12,29.97,702.15
20170613,000905,中证小盘500指数,中证500,CSI Smallcap 500 Index,CSI 500,5895.47,5986.87,5894.23,5980.06,77.2,1.31,6042416900.0,707.53,500.0,30.34,2017-06-13,30.34,707.53
20170614,000905,中证小盘500指数,中证500,CSI Smallcap 500 Index,CSI 500,5976.01,5992.78,5958.2,5966.43,-13.63,-0.23,6092696300.0,714.76,500.0,30.28,2017-06-14,30.28,714.76
20170615,000905,中证小盘500指数,中证500,CSI Smallcap 500 Index,CSI 500,5959.47,6024.38,5959.19,6021.17,54.73,0.92,6499111000.0,732.77,500.0,30.57,2017-06-15,30.57,732.77
20170616,000905,中证小盘500指数,中证500,CSI Smallcap 500 Index,CSI 500,6016.97,6027.4,6003.26,6013.0,-8.17,-0.14,5691259600.0,662.88,500.0,30.52,2017-06-16,30.52,662.88
20170619,000905,中证小盘500指数,中证500,CSI Smallcap 500 Index,CSI 500,6010.94,6057.41,6009.22,6057.41,44.41,0.74,5923158500.0,673.15,500.0,30.67,2017-06-19,30.67,673.15
20170620,000905,中证小盘500指数,中证500,CSI Smallcap 500 Index,CSI 500,6061.11,6089.81,6058.69,6066.9,9.49,0.16,6612240800.0,777.91,500.0,30.62,2017-06-20,30.62,777.91
20170621,000905,中证小盘500指数,中证500,CSI Smallcap 500 Index,CSI 500,6074.61,6080.53,6035.27,6078.19,11.29,0.19,5673042900.0,668.57,500.0,30.7,2017-06-21,30.7,668.57
20170622,000905,中证小盘500指数,中证500,CSI Smallcap 500 Index,CSI 500,6074.37,6094.55,5992.34,5992.34,-85.86,-1.41,6922564100.0,823.5,500.0,30.21,2017-06-22,30.21,823.5
20170623,000905,中证小盘500指数,中证500,CSI Smallcap 500 Index,CSI 500,5978.24,6010.31,5923.55,6010.31,17.98,0.3,6350512400.0,739.51,500.0,30.23,2017-06-23,30.23,739.51
20170626,000905,中证小盘500指数,中证500,CSI Smallcap 500 Index,CSI 500,6013.48,6111.71,6011.86,6111.64,101.33,1.69,6984617800.0,863.28,500.0,30.73,2017-06-26,30.73,863.28
20170627,000905,中证小盘500指数,中证500,CSI Smallcap 500 Index,CSI 500,6109.37,6128.38,6089.68,6113.17,1.53,0.02,6231684900.0,755.63,500.0,30.76,2017-06-27,30.76,755.63
20170628,000905,中证小盘500指数,中证500,CSI Smallcap 500 Index,CSI 500,6102.23,6110.35,6075.14,6086.21,-26.95,-0.44,6047948200.0,714.5,500.0,30.61,2017-06-28,30.61,714.5
20170629,000905,中证小盘500指数,中证500,CSI Smallcap 500 Index,CSI 500,6089.92,6132.25,6089.92,6116.99,30.78,0.51,5803528900.0,708.46,500.0,30.78,2017-06-29,30.78,708.46
20170630,000905,中证小盘500指数,中证500,CSI Smallcap 500 Index,CSI 500,6101.36,6139.07,6090.25,6138.16,21.16,0.35,5352122300.0,663.62,500.0,30.89,2017-06-30,30.89,663.62
20170703,000905,中证小盘500指数,中证500,CSI Smallcap 500 Index,CSI 500,6142.17,6177.4,6129.84,6177.4,39.24,0.64,6382532200.0,742.48,500.0,31.08,2017-07-03,31.08,742.48
20170704,000905,中证小盘500指数,中证500,CSI Smallcap 500 Index,CSI 500,6169.03,6170.85,6134.88,6146.85,-30.54,-0.49,6311419600.0,767.09,500.0,30.92,2017-07-04,30.92,767.09
20170705,000905,中证小盘500指数,中证500,CSI Smallcap 500 Index,CSI 500,6135.71,6193.96,6127.51,6193.96,47.11,0.77,6862163800.0,830.41,500.0,31.02,2017-07-05,31.02,830.41
20170706,000905,中证小盘500指数,中证500,CSI Smallcap 500 Index,CSI 500,6187.43,6211.97,6149.93,6201.65,7.69,0.12,8287181400.0,976.26,500.0,31.02,2017-07-06,31.02,976.26
20170707,000905,中证小盘500指数,中证500,CSI Smallcap 500 Index,CSI 500,6182.45,6229.83,6176.74,6226.01,24.36,0.39,7932830700.0,938.85,500.0,31.1,2017-07-07,31.1,938.85
20170710,000905,中证小盘500指数,中证500,CSI Smallcap 500 Index,CSI 500,6221.53,6236.29,6189.0,6206.56,-19.45,-0.31,9037099900.0,1045.82,500.0,31.01,2017-07-10,31.01,1045.82
20170711,000905,中证小盘500指数,中证500,CSI Smallcap 500 Index,CSI 500,6194.62,6202.2,6128.99,6128.99,-77.56,-1.25,7698233000.0,907.95,500.0,30.63,2017-07-11,30.63,907.95
20170712,000905,中证小盘500指数,中证500,CSI Smallcap 500 Index,CSI 500,6124.96,6143.8,6050.65,6132.99,4.0,0.07,7557950100.0,895.55,500.0,30.64,2017-07-12,30.64,895.55
20170713,000905,中证小盘500指数,中证500,CSI Smallcap 500 Index,CSI 500,6134.75,6172.68,6124.36,6149.93,16.94,0.28,7913600900.0,962.52,500.0,30.57,2017-07-13,30.57,962.52
20170714,000905,中证小盘500指数,中证500,CSI Smallcap 500 Index,CSI 500,6143.33,6143.46,6107.91,6128.74,-21.19,-0.34,6638636000.0,807.44,500.0,30.46,2017-07-14,30.46,807.44
20170717,000905,中证小盘500指数,中证500,CSI Smallcap 500 Index,CSI 500,6108.45,6108.45,5860.78,5876.46,-252.28,-4.12,10153616900.0,1130.41,500.0,29.18,2017-07-17,29.18,1130.41
20170718,000905,中证小盘500指数,中证500,CSI Smallcap 500 Index,CSI 500,5854.07,5938.43,5842.96,5938.43,61.98,1.05,7656432300.0,838.32,500.0,29.48,2017-07-18,29.48,838.32
20170719,000905,中证小盘500指数,中证500,CSI Smallcap 500 Index,CSI 500,5928.01,6059.53,5917.67,6059.36,120.92,2.04,10290191400.0,1088.45,500.0,30.05,2017-07-19,30.05,1088.45
20170720,000905,中证小盘500指数,中证500,CSI Smallcap 500 Index,CSI 500,6052.51,6120.19,6046.41,6099.28,39.93,0.66,9382877000.0,1057.55,500.0,30.23,2017-07-20,30.23,1057.55
20170721,000905,中证小盘500指数,中证500,CSI Smallcap 500 Index,CSI 500,6089.66,6136.97,6080.56,6126.11,26.82,0.44,8313265400.0,971.82,500.0,30.35,2017-07-21,30.35,971.82
20170724,000905,中证小盘500指数,中证500,CSI Smallcap 500 Index,CSI 500,6121.33,6171.82,6117.3,6167.13,41.02,0.67,9729992400.0,1143.28,500.0,30.51,2017-07-24,30.51,1143.28
20170725,000905,中证小盘500指数,中证500,CSI Smallcap 500 Index,CSI 500,6159.41,6170.65,6113.56,6153.6,-13.53,-0.22,8922430400.0,1026.86,500.0,30.43,2017-07-25,30.43,1026.86
20170726,000905,中证小盘500指数,中证500,CSI Smallcap 500 Index,CSI 500,6151.85,6162.88,6111.04,6146.7,-6.9,-0.11,8875349500.0,1057.11,500.0,30.39,2017-07-26,30.39,1057.11
20170727,000905,中证小盘500指数,中证500,CSI Smallcap 500 Index,CSI 500,6136.96,6192.94,6105.96,6184.02,37.32,0.61,10400553800.0,1212.83,500.0,30.6,2017-07-27,30.6,1212.83
20170728,000905,中证小盘500指数,中证500,CSI Smallcap 500 Index,CSI 500,6170.66,6229.06,6165.99,6215.46,31.44,0.51,8646787900.0,1048.49,500.0,30.74,2017-07-28,30.74,1048.49
20170731,000905,中证小盘500指数,中证500,CSI Smallcap 500 Index,CSI 500,6214.66,6299.8,6208.46,6298.0,82.54,1.33,11333106600.0,1297.73,500.0,31.13,2017-07-31,31.13,1297.73
20170801,000905,中证小盘500指数,中证500,CSI Smallcap 500 Index,CSI 500,6293.06,6299.16,6261.28,6286.54,-11.46,-0.18,10108155700.0,1169.18,500.0,31.08,2017-08-01,31.08,1169.18
20170802,000905,中证小盘500指数,中证500,CSI Smallcap 500 Index,CSI 500,6289.25,6313.51,6248.36,6251.86,-34.67,-0.55,11401201100.0,1327.33,500.0,30.89,2017-08-02,30.89,1327.33
20170803,000905,中证小盘500指数,中证500,CSI Smallcap 500 Index,CSI 500,6240.15,6288.44,6236.66,6261.97,10.1,0.16,10015993900.0,1131.64,500.0,30.94,2017-08-03,30.94,1131.64
20170804,000905,中证小盘500指数,中证500,CSI Smallcap 500 Index,CSI 500,6258.85,6297.12,6224.2,6225.12,-36.85,-0.59,12588838600.0,1400.98,500.0,30.75,2017-08-04,30.75,1400.98
20170807,000905,中证小盘500指数,中证500,CSI Smallcap 500 Index,CSI 500,6227.52,6304.27,6217.29,6303.42,78.31,1.26,10857231600.0,1140.75,500.0,31.12,2017-08-07,31.12,1140.75
20170808,000905,中证小盘500指数,中证500,CSI Smallcap 500 Index,CSI 500,6302.03,6322.47,6281.62,6303.72,0.3,0.0,12038043700.0,1312.43,500.0,31.13,2017-08-08,31.13,1312.43
20170809,000905,中证小盘500指数,中证500,CSI Smallcap 500 Index,CSI 500,6296.12,6340.38,6285.02,6340.02,36.31,0.58,11534764800.0,1239.89,500.0,31.32,2017-08-09,31.32,1239.89
20170810,000905,中证小盘500指数,中证500,CSI Smallcap 500 Index,CSI 500,6322.83,6341.48,6246.66,6289.22,-50.8,-0.8,11269947000.0,1279.38,500.0,31.08,2017-08-10,31.08,1279.38
20170811,000905,中证小盘500指数,中证500,CSI Smallcap 500 Index,CSI 500,6242.49,6275.89,6153.6,6161.19,-128.03,-2.04,11786061600.0,1315.59,500.0,30.48,2017-08-11,30.48,1315.59
20170814,000905,中证小盘500指数,中证500,CSI Smallcap 500 Index,CSI 500,6165.13,6293.35,6165.13,6292.64,131.45,2.13,8984502300.0,1133.35,500.0,31.11,2017-08-14,31.11,1133.35
20170815,000905,中证小盘500指数,中证500,CSI Smallcap 500 Index,CSI 500,6291.18,6316.2,6283.54,6314.76,22.12,0.35,8260366300.0,1075.86,500.0,31.25,2017-08-15,31.25,1075.86
20170816,000905,中证小盘500指数,中证500,CSI Smallcap 500 Index,CSI 500,6307.17,6323.56,6268.19,6318.8,4.04,0.06,8961769800.0,1132.08,500.0,31.29,2017-08-16,31.29,1132.08
20170817,000905,中证小盘500指数,中证500,CSI Smallcap 500 Index,CSI 500,6327.03,6366.25,6312.89,6366.03,47.24,0.75,9872488600.0,1194.57,500.0,31.51,2017-08-17,31.51,1194.57
20170818,000905,中证小盘500指数,中证500,CSI Smallcap 500 Index,CSI 500,6324.9,6361.97,6313.15,6347.76,-18.28,-0.29,9117455400.0,1114.91,500.0,31.41,2017-08-18,31.41,1114.91
20170821,000905,中证小盘500指数,中证500,CSI Smallcap 500 Index,CSI 500,6354.1,6404.05,6354.01,6403.78,56.02,0.88,8652179500.0,1057.34,500.0,31.68,2017-08-21,31.68,1057.34
20170822,000905,中证小盘500指数,中证500,CSI Smallcap 500 Index,CSI 500,6396.93,6398.56,6362.41,6375.98,-27.8,-0.43,8910016600.0,1167.58,500.0,31.55,2017-08-22,31.55,1167.58
20170823,000905,中证小盘500指数,中证500,CSI Smallcap 500 Index,CSI 500,6359.78,6371.3,6310.01,6322.78,-53.2,-0.83,7560985100.0,942.13,500.0,31.3,2017-08-23,31.3,942.13
20170824,000905,中证小盘500指数,中证500,CSI Smallcap 500 Index,CSI 500,6322.63,6329.03,6267.23,6278.59,-44.19,-0.7,6756758600.0,864.64,500.0,31.1,2017-08-24,31.1,864.64
20170825,000905,中证小盘500指数,中证500,CSI Smallcap 500 Index,CSI 500,6274.35,6358.89,6274.35,6346.53,67.94,1.08,7554972700.0,946.99,500.0,31.44,2017-08-25,31.44,946.99
20170828,000905,中证小盘500指数,中证500,CSI Smallcap 500 Index,CSI 500,6348.87,6442.4,6348.87,6424.58,78.05,1.23,9489340100.0,1233.48,500.0,31.83,2017-08-28,31.83,1233.48
20170829,000905,中证小盘500指数,中证500,CSI Smallcap 500 Index,CSI 500,6420.57,6439.08,6393.48,6408.16,-16.43,-0.26,8770409700.0,1114.34,500.0,31.76,2017-08-29,31.76,1114.34
20170830,000905,中证小盘500指数,中证500,CSI Smallcap 500 Index,CSI 500,6405.9,6462.76,6405.9,6453.46,45.31,0.71,9555966100.0,1155.14,500.0,31.97,2017-08-30,31.97,1155.14
20170831,000905,中证小盘500指数,中证500,CSI Smallcap 500 Index,CSI 500,6451.52,6470.94,6429.74,6470.43,16.96,0.26,9102916900.0,1109.11,500.0,32.05,2017-08-31,32.05,1109.11
20170901,000905,中证小盘500指数,中证500,CSI Smallcap 500 Index,CSI 500,6472.95,6530.9,6466.13,6526.5,56.08,0.87,12111719200.0,1408.62,500.0,32.23,2017-09-01,32.23,1408.62
20170904,000905,中证小盘500指数,中证500,CSI Smallcap 500 Index,CSI 500,6530.51,6566.1,6519.79,6564.68,38.18,0.58,11998402500.0,1438.77,500.0,32.42,2017-09-04,32.42,1438.77
20170905,000905,中证小盘500指数,中证500,CSI Smallcap 500 Index,CSI 500,6561.67,6576.56,6528.11,6571.86,7.18,0.11,9523207700.0,1201.25,500.0,32.44,2017-09-05,32.44,1201.25
20170906,000905,中证小盘500指数,中证500,CSI Smallcap 500 Index,CSI 500,6550.06,6610.75,6540.83,6607.12,35.26,0.54,10547823300.0,1362.38,500.0,32.58,2017-09-06,32.58,1362.38
20170907,000905,中证小盘500指数,中证500,CSI Smallcap 500 Index,CSI 500,6601.34,6614.1,6553.7,6558.6,-48.52,-0.73,10706180700.0,1339.41,500.0,32.33,2017-09-07,32.33,1339.41
20170908,000905,中证小盘500指数,中证500,CSI Smallcap 500 Index,CSI 500,6554.6,6599.13,6537.04,6574.18,15.59,0.24,9385159300.0,1209.12,500.0,32.39,2017-09-08,32.39,1209.12
20170911,000905,中证小盘500指数,中证500,CSI Smallcap 500 Index,CSI 500,6579.89,6650.12,6566.28,6649.63,75.45,1.15,10254740000.0,1346.74,500.0,32.74,2017-09-11,32.74,1346.74
20170912,000905,中证小盘500指数,中证500,CSI Smallcap 500 Index,CSI 500,6659.8,6715.39,6628.88,6644.01,-5.62,-0.08,14188027500.0,1902.94,500.0,32.71,2017-09-12,32.71,1902.94
20170913,000905,中证小盘500指数,中证500,CSI Smallcap 500 Index,CSI 500,6635.17,6684.86,6630.5,6684.38,40.37,0.61,10472243700.0,1365.22,500.0,32.9,2017-09-13,32.9,1365.22
20170914,000905,中证小盘500指数,中证500,CSI Smallcap 500 Index,CSI 500,6683.47,6701.69,6643.59,6672.18,-12.19,-0.18,11396678200.0,1454.26,500.0,32.82,2017-09-14,32.82,1454.26
20170915,000905,中证小盘500指数,中证500,CSI Smallcap 500 Index,CSI 500,6661.52,6663.51,6603.73,6622.04,-50.14,-0.75,10938423400.0,1340.77,500.0,32.58,2017-09-15,32.58,1340.77
20170918,000905,中证小盘500指数,中证500,CSI Smallcap 500 Index,CSI 500,6616.13,6669.45,6616.13,6669.45,47.41,0.72,8885059700.0,1106.71,500.0,32.76,2017-09-18,32.76,1106.71
20170919,000905,中证小盘500指数,中证500,CSI Smallcap 500 Index,CSI 500,6670.97,6681.25,6611.75,6636.02,-33.43,-0.5,9351872100.0,1175.09,500.0,32.62,2017-09-19,32.62,1175.09
20170920,000905,中证小盘500指数,中证500,CSI Smallcap 500 Index,CSI 500,6627.69,6692.71,6613.66,6692.47,56.45,0.85,10197248600.0,1265.34,500.0,32.9,2017-09-20,32.9,1265.34
20170921,000905,中证小盘500指数,中证500,CSI Smallcap 500 Index,CSI 500,6684.65,6687.12,6612.05,6612.05,-80.43,-1.2,9893749300.0,1211.44,500.0,32.53,2017-09-21,32.53,1211.44
20170922,000905,中证小盘500指数,中证500,CSI Smallcap 500 Index,CSI 500,6591.15,6592.88,6547.28,6572.01,-40.04,-0.61,8523646900.0,1032.74,500.0,32.32,2017-09-22,32.32,1032.74
20170925,000905,中证小盘500指数,中证500,CSI Smallcap 500 Index,CSI 500,6560.14,6568.0,6484.21,6489.84,-82.17,-1.25,7782925000.0,974.38,500.0,31.92,2017-09-25,31.92,974.38
20170926,000905,中证小盘500指数,中证500,CSI Smallcap 500 Index,CSI 500,6484.34,6520.72,6482.29,6520.72,30.87,0.48,6776594500.0,825.15,500.0,32.05,2017-09-26,32.05,825.15
20170927,000905,中证小盘500指数,中证500,CSI Smallcap 500 Index,CSI 500,6523.5,6589.74,6522.2,6583.14,62.42,0.96,7517127200.0,947.52,500.0,32.24,2017-09-27,32.24,947.52
20170928,000905,中证小盘500指数,中证500,CSI Smallcap 500 Index,CSI 500,6577.43,6599.13,6565.88,6567.79,-15.35,-0.23,7462589200.0,944.19,500.0,32.1,2017-09-28,32.1,944.19
20170929,000905,中证小盘500指数,中证500,CSI Smallcap 500 Index,CSI 500,6572.45,6611.65,6572.45,6603.26,35.47,0.54,7093629400.0,917.7,500.0,32.31,2017-09-29,32.31,917.7
20171009,000905,中证小盘500指数,中证500,CSI Smallcap 500 Index,CSI 500,6682.58,6696.67,6657.53,6678.37,75.11,1.14,8641966900.0,1106.69,500.0,32.63,2017-10-09,32.63,1106.69
20171010,000905,中证小盘500指数,中证500,CSI Smallcap 500 Index,CSI 500,6677.37,6705.72,6658.86,6705.48,27.11,0.41,8700518600.0,1114.79,500.0,32.77,2017-10-10,32.77,1114.79
20171011,000905,中证小盘500指数,中证500,CSI Smallcap 500 Index,CSI 500,6702.69,6703.58,6661.09,6666.47,-39.01,-0.58,9074605300.0,1209.11,500.0,32.63,2017-10-11,32.63,1209.11
20171012,000905,中证小盘500指数,中证500,CSI Smallcap 500 Index,CSI 500,6658.13,6674.38,6611.97,6659.1,-7.37,-0.11,7796096200.0,992.27,500.0,32.6,2017-10-12,32.6,992.27
20171013,000905,中证小盘500指数,中证500,CSI Smallcap 500 Index,CSI 500,6660.03,6711.93,6659.88,6709.82,50.72,0.76,7292562100.0,948.92,500.0,32.84,2017-10-13,32.84,948.92
20171016,000905,中证小盘500指数,中证500,CSI Smallcap 500 Index,CSI 500,6709.87,6709.87,6609.62,6619.21,-90.61,-1.35,8587104800.0,1092.17,500.0,32.39,2017-10-16,32.39,1092.17
20171017,000905,中证小盘500指数,中证500,CSI Smallcap 500 Index,CSI 500,6604.33,6644.75,6589.54,6612.94,-6.26,-0.09,5941924700.0,787.73,500.0,32.41,2017-10-17,32.41,787.73
20171018,000905,中证小盘500指数,中证500,CSI Smallcap 500 Index,CSI 500,6612.49,6630.67,6557.66,6563.44,-49.51,-0.75,7337096600.0,889.63,500.0,32.18,2017-10-18,32.18,889.63
20171019,000905,中证小盘500指数,中证500,CSI Smallcap 500 Index,CSI 500,6553.87,6562.35,6494.73,6501.4,-62.04,-0.95,7261579000.0,852.53,500.0,31.89,2017-10-19,31.89,852.53
20171020,000905,中证小盘500指数,中证500,CSI Smallcap 500 Index,CSI 500,6489.79,6571.44,6485.81,6571.42,70.02,1.08,6047931600.0,775.33,500.0,32.23,2017-10-20,32.23,775.33
20171023,000905,中证小盘500指数,中证500,CSI Smallcap 500 Index,CSI 500,6569.79,6613.03,6562.91,6612.76,41.34,0.63,6048195300.0,793.5,500.0,32.43,2017-10-23,32.43,793.5
20171024,000905,中证小盘500指数,中证500,CSI Smallcap 500 Index,CSI 500,6605.52,6605.9,6556.34,6603.0,-9.76,-0.15,5917131400.0,786.07,500.0,32.36,2017-10-24,32.36,786.07
20171025,000905,中证小盘500指数,中证500,CSI Smallcap 500 Index,CSI 500,6596.79,6648.39,6593.07,6647.89,44.89,0.68,5864690200.0,801.83,500.0,32.59,2017-10-25,32.59,801.83
20171026,000905,中证小盘500指数,中证500,CSI Smallcap 500 Index,CSI 500,6639.89,6686.12,6630.97,6671.93,24.04,0.36,7490589400.0,1047.52,500.0,32.7,2017-10-26,32.7,1047.52
20171027,000905,中证小盘500指数,中证500,CSI Smallcap 500 Index,CSI 500,6664.43,6673.47,6622.12,6630.81,-41.12,-0.62,6792114100.0,904.44,500.0,32.5,2017-10-27,32.5,904.44
20171030,000905,中证小盘500指数,中证500,CSI Smallcap 500 Index,CSI 500,6621.78,6629.3,6460.05,6511.76,-119.05,-1.8,8376417500.0,1092.5,500.0,31.93,2017-10-30,31.93,1092.5
20171031,000905,中证小盘500指数,中证500,CSI Smallcap 500 Index,CSI 500,6496.69,6560.25,6496.69,6560.21,48.44,0.74,6226143600.0,881.42,500.0,32.19,2017-10-31,32.19,881.42
20171101,000905,中证小盘500指数,中证500,CSI Smallcap 500 Index,CSI 500,6559.52,6586.13,6547.85,6552.95,-7.25,-0.11,6463277600.0,929.89,500.0,29.37,2017-11-01,29.37,929.89
20171102,000905,中证小盘500指数,中证500,CSI Smallcap 500 Index,CSI 500,6541.61,6541.61,6476.37,6484.93,-68.03,-1.04,6755234700.0,908.72,500.0,29.07,2017-11-02,29.07,908.72
20171103,000905,中证小盘500指数,中证500,CSI Smallcap 500 Index,CSI 500,6477.82,6491.05,6395.46,6426.98,-57.95,-0.89,6825710200.0,893.16,500.0,28.79,2017-11-03,28.79,893.16
20171106,000905,中证小盘500指数,中证500,CSI Smallcap 500 Index,CSI 500,6432.07,6512.13,6408.36,6511.1,84.12,1.31,6671760000.0,939.24,500.0,29.18,2017-11-06,29.18,939.24
20171107,000905,中证小盘500指数,中证500,CSI Smallcap 500 Index,CSI 500,6508.21,6552.26,6498.39,6551.94,40.84,0.63,7237767400.0,973.3,500.0,29.34,2017-11-07,29.34,973.3
20171108,000905,中证小盘500指数,中证500,CSI Smallcap 500 Index,CSI 500,6544.59,6601.47,6534.16,6561.69,9.75,0.15,7380679800.0,1016.26,500.0,29.38,2017-11-08,29.38,1016.26
20171109,000905,中证小盘500指数,中证500,CSI Smallcap 500 Index,CSI 500,6562.36,6611.39,6558.49,6611.35,49.66,0.76,6881846600.0,935.14,500.0,29.59,2017-11-09,29.59,935.14
20171110,000905,中证小盘500指数,中证500,CSI Smallcap 500 Index,CSI 500,6599.65,6647.23,6593.03,6641.22,29.86,0.45,8001249700.0,1122.05,500.0,29.72,2017-11-10,29.72,1122.05
20171113,000905,中证小盘500指数,中证500,CSI Smallcap 500 Index,CSI 500,6644.69,6671.26,6624.67,6671.21,29.99,0.45,8459671200.0,1222.7,500.0,29.85,2017-11-13,29.85,1222.7
20171114,000905,中证小盘500指数,中证500,CSI Smallcap 500 Index,CSI 500,6664.61,6673.75,6588.25,6614.51,-56.69,-0.85,8474906100.0,1204.08,500.0,29.6,2017-11-14,29.6,1204.08
20171115,000905,中证小盘500指数,中证500,CSI Smallcap 500 Index,CSI 500,6592.76,6603.51,6505.99,6537.66,-76.86,-1.16,7394918100.0,1077.25,500.0,29.27,2017-11-15,29.27,1077.25
20171116,000905,中证小盘500指数,中证500,CSI Smallcap 500 Index,CSI 500,6529.31,6570.28,6511.9,6558.31,20.65,0.32,6794015900.0,979.28,500.0,29.36,2017-11-16,29.36,979.28
20171117,000905,中证小盘500指数,中证500,CSI Smallcap 500 Index,CSI 500,6549.22,6555.75,6359.52,6361.94,-196.37,-2.99,8901897200.0,1158.28,500.0,28.47,2017-11-17,28.47,1158.28
20171120,000905,中证小盘500指数,中证500,CSI Smallcap 500 Index,CSI 500,6330.9,6433.78,6239.32,6433.17,71.23,1.12,7006670500.0,951.65,500.0,28.75,2017-11-20,28.75,951.65
20171121,000905,中证小盘500指数,中证500,CSI Smallcap 500 Index,CSI 500,6420.39,6473.7,6397.36,6456.35,23.18,0.36,6775458000.0,977.79,500.0,28.86,2017-11-21,28.86,977.79
20171122,000905,中证小盘500指数,中证500,CSI Smallcap 500 Index,CSI 500,6456.32,6483.63,6391.46,6439.44,-16.91,-0.26,7089592400.0,998.18,500.0,28.77,2017-11-22,28.77,998.18
20171123,000905,中证小盘500指数,中证500,CSI Smallcap 500 Index,CSI 500,6427.58,6427.58,6274.51,6274.51,-164.93,-2.56,7500973200.0,1041.05,500.0,28.02,2017-11-23,28.02,1041.05
20171124,000905,中证小盘500指数,中证500,CSI Smallcap 500 Index,CSI 500,6250.06,6307.89,6243.96,6278.03,3.52,0.06,5904905600.0,822.58,500.0,28.03,2017-11-24,28.03,822.58
20171127,000905,中证小盘500指数,中证500,CSI Smallcap 500 Index,CSI 500,6269.23,6279.59,6186.03,6194.55,-83.48,-1.33,5940749100.0,780.93,500.0,27.68,2017-11-27,27.68,780.93
20171128,000905,中证小盘500指数,中证500,CSI Smallcap 500 Index,CSI 500,6188.09,6299.31,6188.09,6299.31,104.76,1.69,5647823400.0,714.19,500.0,28.14,2017-11-28,28.14,714.19
20171129,000905,中证小盘500指数,中证500,CSI Smallcap 500 Index,CSI 500,6293.25,6329.18,6245.06,6318.37,19.06,0.3,7656391500.0,944.09,500.0,28.23,2017-11-29,28.23,944.09
20171130,000905,中证小盘500指数,中证500,CSI Smallcap 500 Index,CSI 500,6303.92,6322.04,6248.18,6263.42,-54.95,-0.87,6088335500.0,777.04,500.0,27.99,2017-11-30,27.99,777.04
20171201,000905,中证小盘500指数,中证500,CSI Smallcap 500 Index,CSI 500,6259.96,6323.84,6256.23,6316.41,52.99,0.85,5474628200.0,720.65,500.0,28.23,2017-12-01,28.23,720.65
20171204,000905,中证小盘500指数,中证500,CSI Smallcap 500 Index,CSI 500,6311.22,6334.87,6272.67,6279.62,-36.79,-0.58,6018816900.0,793.02,500.0,28.08,2017-12-04,28.08,793.02
20171205,000905,中证小盘500指数,中证500,CSI Smallcap 500 Index,CSI 500,6265.79,6279.39,6099.41,6132.91,-146.71,-2.34,6969023200.0,874.09,500.0,27.46,2017-12-05,27.46,874.09
20171206,000905,中证小盘500指数,中证500,CSI Smallcap 500 Index,CSI 500,6116.16,6173.35,6053.24,6172.8,39.89,0.65,6026721300.0,749.94,500.0,27.63,2017-12-06,27.63,749.94
20171207,000905,中证小盘500指数,中证500,CSI Smallcap 500 Index,CSI 500,6156.35,6182.75,6130.83,6135.47,-37.33,-0.6,5309797200.0,692.45,500.0,27.46,2017-12-07,27.46,692.45
20171208,000905,中证小盘500指数,中证500,CSI Smallcap 500 Index,CSI 500,6128.12,6217.57,6126.38,6203.14,67.67,1.1,5557924400.0,723.9,500.0,27.79,2017-12-08,27.79,723.9
20171211,000905,中证小盘500指数,中证500,CSI Smallcap 500 Index,CSI 500,6214.64,6286.5,6214.64,6286.17,83.02,1.34,6111290600.0,773.92,500.0,27.81,2017-12-11,27.81,773.92
20171212,000905,中证小盘500指数,中证500,CSI Smallcap 500 Index,CSI 500,6281.14,6290.85,6233.21,6233.21,-52.95,-0.84,5661439700.0,739.65,500.0,27.56,2017-12-12,27.56,739.65
20171213,000905,中证小盘500指数,中证500,CSI Smallcap 500 Index,CSI 500,6224.78,6277.73,6217.79,6277.44,44.23,0.71,5035200100.0,646.76,500.0,27.76,2017-12-13,27.76,646.76
20171214,000905,中证小盘500指数,中证500,CSI Smallcap 500 Index,CSI 500,6273.61,6288.5,6247.68,6284.08,6.64,0.11,5575924000.0,724.98,500.0,27.79,2017-12-14,27.79,724.98
20171215,000905,中证小盘500指数,中证500,CSI Smallcap 500 Index,CSI 500,6274.1,6278.93,6214.65,6235.76,-48.32,-0.77,6193811200.0,776.9,500.0,27.58,2017-12-15,27.58,776.9
20171218,000905,中证小盘500指数,中证500,CSI Smallcap 500 Index,CSI 500,6229.74,6247.59,6179.03,6199.99,-35.77,-0.57,5377219000.0,671.37,500.0,27.44,2017-12-18,27.44,671.37
20171219,000905,中证小盘500指数,中证500,CSI Smallcap 500 Index,CSI 500,6200.93,6251.49,6200.71,6251.24,51.25,0.83,5263930800.0,651.87,500.0,27.67,2017-12-19,27.67,651.87
20171220,000905,中证小盘500指数,中证500,CSI Smallcap 500 Index,CSI 500,6244.06,6246.91,6188.32,6199.36,-51.88,-0.83,5781453200.0,694.46,500.0,27.45,2017-12-20,27.45,694.46
20171221,000905,中证小盘500指数,中证500,CSI Smallcap 500 Index,CSI 500,6191.78,6255.84,6148.82,6238.5,39.14,0.63,5924585900.0,739.0,500.0,27.63,2017-12-21,27.63,739.0
20171222,000905,中证小盘500指数,中证500,CSI Smallcap 500 Index,CSI 500,6236.23,6269.31,6235.23,6242.88,4.39,0.07,5501064400.0,707.37,500.0,27.66,2017-12-22,27.66,707.37
20171225,000905,中证小盘500指数,中证500,CSI Smallcap 500 Index,CSI 500,6244.86,6257.02,6170.68,6185.59,-57.29,-0.92,6126471200.0,756.04,500.0,27.41,2017-12-25,27.41,756.04
20171226,000905,中证小盘500指数,中证500,CSI Smallcap 500 Index,CSI 500,6179.56,6220.5,6148.1,6220.15,34.56,0.56,5767165600.0,691.18,500.0,27.56,2017-12-26,27.56,691.18
20171227,000905,中证小盘500指数,中证500,CSI Smallcap 500 Index,CSI 500,6213.24,6228.88,6168.13,6173.15,-46.99,-0.76,6419752900.0,780.1,500.0,27.36,2017-12-27,27.36,780.1
20171228,000905,中证小盘500指数,中证500,CSI Smallcap 500 Index,CSI 500,6163.96,6219.54,6157.11,6204.27,31.12,0.5,6587754200.0,780.1,500.0,27.48,2017-12-28,27.48,780.1
20171229,000905,中证小盘500指数,中证500,CSI Smallcap 500 Index,CSI 500,6201.46,6250.82,6201.46,6250.82,46.55,0.75,5716563100.0,718.42,500.0,27.7,2017-12-29,27.7,718.42
20180102,000905,中证小盘500指数,中证500,CSI Smallcap 500 Index,CSI 500,6263.15,6332.61,6258.16,6332.23,81.41,1.3,7303223500.0,881.54,500.0,28.06,2018-01-02,28.06,881.54
20180103,000905,中证小盘500指数,中证500,CSI Smallcap 500 Index,CSI 500,6331.72,6391.98,6324.26,6388.25,56.03,0.88,8393674500.0,1034.55,500.0,28.32,2018-01-03,28.32,1034.55
20180104,000905,中证小盘500指数,中证500,CSI Smallcap 500 Index,CSI 500,6380.27,6418.26,6375.51,6417.54,29.28,0.46,8054369000.0,1029.3,500.0,28.46,2018-01-04,28.46,1029.3
20180105,000905,中证小盘500指数,中证500,CSI Smallcap 500 Index,CSI 500,6414.77,6435.85,6397.29,6417.25,-0.28,0.0,8158101800.0,976.42,500.0,28.46,2018-01-05,28.46,976.42
20180108,000905,中证小盘500指数,中证500,CSI Smallcap 500 Index,CSI 500,6413.87,6446.79,6393.88,6446.18,28.93,0.45,8947692900.0,1063.9,500.0,28.6,2018-01-08,28.6,1063.9
20180109,000905,中证小盘500指数,中证500,CSI Smallcap 500 Index,CSI 500,6441.68,6449.03,6425.03,6445.75,-0.44,-0.01,7557321700.0,928.38,500.0,28.6,2018-01-09,28.6,928.38
20180110,000905,中证小盘500指数,中证500,CSI Smallcap 500 Index,CSI 500,6443.46,6444.31,6361.09,6405.94,-39.81,-0.62,8096697400.0,989.38,500.0,28.43,2018-01-10,28.43,989.38
20180111,000905,中证小盘500指数,中证500,CSI Smallcap 500 Index,CSI 500,6391.9,6432.44,6371.54,6425.94,20.0,0.31,7877007100.0,915.69,500.0,28.49,2018-01-11,28.49,915.69
20180112,000905,中证小盘500指数,中证500,CSI Smallcap 500 Index,CSI 500,6418.83,6435.19,6387.78,6399.37,-26.57,-0.41,7783455800.0,897.77,500.0,28.39,2018-01-12,28.39,897.77
20180115,000905,中证小盘500指数,中证500,CSI Smallcap 500 Index,CSI 500,6391.37,6392.52,6236.56,6253.38,-146.0,-2.28,9147403200.0,1105.13,500.0,27.78,2018-01-15,27.78,1105.13
20180116,000905,中证小盘500指数,中证500,CSI Smallcap 500 Index,CSI 500,6245.15,6301.4,6245.11,6301.13,47.76,0.76,7916973400.0,963.65,500.0,28.0,2018-01-16,28.0,963.65
20180117,000905,中证小盘500指数,中证500,CSI Smallcap 500 Index,CSI 500,6288.02,6288.14,6202.32,6267.46,-33.67,-0.53,8419550300.0,996.94,500.0,27.86,2018-01-17,27.86,996.94
20180118,000905,中证小盘500指数,中证500,CSI Smallcap 500 Index,CSI 500,6253.06,6295.78,6253.06,6286.8,19.34,0.31,6501529300.0,768.97,500.0,27.97,2018-01-18,27.97,768.97
20180119,000905,中证小盘500指数,中证500,CSI Smallcap 500 Index,CSI 500,6284.6,6317.0,6261.24,6272.38,-14.42,-0.23,7180674200.0,842.63,500.0,27.91,2018-01-19,27.91,842.63
20180122,000905,中证小盘500指数,中证500,CSI Smallcap 500 Index,CSI 500,6264.76,6347.81,6248.31,6347.64,75.26,1.2,7276116900.0,854.75,500.0,28.25,2018-01-22,28.25,854.75
20180123,000905,中证小盘500指数,中证500,CSI Smallcap 500 Index,CSI 500,6342.69,6362.58,6330.46,6355.0,7.36,0.12,6675388600.0,805.4,500.0,28.29,2018-01-23,28.29,805.4
20180124,000905,中证小盘500指数,中证500,CSI Smallcap 500 Index,CSI 500,6353.3,6395.57,6322.92,6394.3,39.3,0.62,7734772700.0,947.54,500.0,28.44,2018-01-24,28.44,947.54
20180125,000905,中证小盘500指数,中证500,CSI Smallcap 500 Index,CSI 500,6386.8,6424.35,6380.84,6382.72,-11.58,-0.18,8108293700.0,959.9,500.0,28.38,2018-01-25,28.38,959.9
20180126,000905,中证小盘500指数,中证500,CSI Smallcap 500 Index,CSI 500,6374.1,6401.48,6368.9,6383.63,0.91,0.01,6900454900.0,824.77,500.0,28.4,2018-01-26,28.4,824.77
20180129,000905,中证小盘500指数,中证500,CSI Smallcap 500 Index,CSI 500,6385.04,6398.97,6295.9,6309.88,-73.75,-1.16,8403116100.0,968.62,500.0,28.09,2018-01-29,28.09,968.62
20180130,000905,中证小盘500指数,中证500,CSI Smallcap 500 Index,CSI 500,6301.35,6330.54,6300.46,6313.44,3.56,0.06,7069968800.0,815.78,500.0,28.09,2018-01-30,28.09,815.78
20180131,000905,中证小盘500指数,中证500,CSI Smallcap 500 Index,CSI 500,6277.74,6277.74,6170.16,6189.34,-124.1,-1.97,8073349500.0,881.06,500.0,27.57,2018-01-31,27.57,881.06
20180201,000905,中证小盘500指数,中证500,CSI Smallcap 500 Index,CSI 500,6181.0,6196.71,5984.28,5984.74,-204.6,-3.31,9496852400.0,1021.22,500.0,26.7,2018-02-01,26.7,1021.22
20180202,000905,中证小盘500指数,中证500,CSI Smallcap 500 Index,CSI 500,5937.62,6006.47,5844.46,6004.85,20.11,0.34,8374756100.0,895.57,500.0,26.83,2018-02-02,26.83,895.57
20180205,000905,中证小盘500指数,中证500,CSI Smallcap 500 Index,CSI 500,5927.74,6016.16,5907.47,5998.22,-6.63,-0.11,7404651900.0,792.77,500.0,26.82,2018-02-05,26.82,792.77
20180206,000905,中证小盘500指数,中证500,CSI Smallcap 500 Index,CSI 500,5886.35,5920.74,5702.85,5704.26,-293.96,-4.9,9234070900.0,956.56,500.0,25.5,2018-02-06,25.5,956.56
20180207,000905,中证小盘500指数,中证500,CSI Smallcap 500 Index,CSI 500,5805.97,5831.81,5630.09,5711.33,7.07,0.12,8523599700.0,889.65,500.0,25.52,2018-02-07,25.52,889.65
20180208,000905,中证小盘500指数,中证500,CSI Smallcap 500 Index,CSI 500,5695.67,5786.79,5691.29,5766.48,55.15,0.97,6244479700.0,663.38,500.0,25.76,2018-02-08,25.76,663.38
20180209,000905,中证小盘500指数,中证500,CSI Smallcap 500 Index,CSI 500,5631.96,5663.1,5490.62,5554.9,-211.58,-3.67,8431884200.0,822.92,500.0,24.89,2018-02-09,24.89,822.92
20180212,000905,中证小盘500指数,中证500,CSI Smallcap 500 Index,CSI 500,5581.71,5714.82,5581.71,5699.1,144.2,2.6,5724649400.0,614.31,500.0,25.53,2018-02-12,25.53,614.31
20180213,000905,中证小盘500指数,中证500,CSI Smallcap 500 Index,CSI 500,5731.15,5789.7,5727.75,5736.95,37.85,0.66,5720863400.0,627.9,500.0,25.7,2018-02-13,25.7,627.9
20180214,000905,中证小盘500指数,中证500,CSI Smallcap 500 Index,CSI 500,5741.88,5761.77,5712.88,5754.83,17.88,0.31,4139822200.0,424.9,500.0,25.79,2018-02-14,25.79,424.9
20180222,000905,中证小盘500指数,中证500,CSI Smallcap 500 Index,CSI 500,5800.95,5875.76,5797.91,5875.73,120.89,2.1,5963610700.0,619.92,500.0,26.33,2018-02-22,26.33,619.92
20180223,000905,中证小盘500指数,中证500,CSI Smallcap 500 Index,CSI 500,5877.72,5902.94,5848.52,5897.68,21.95,0.37,6214785000.0,648.25,500.0,26.44,2018-02-23,26.44,648.25
20180226,000905,中证小盘500指数,中证500,CSI Smallcap 500 Index,CSI 500,5926.42,6032.14,5917.62,6029.68,132.0,2.24,8307398700.0,920.65,500.0,27.01,2018-02-26,27.01,920.65
20180227,000905,中证小盘500指数,中证500,CSI Smallcap 500 Index,CSI 500,6025.88,6042.39,6000.88,6010.56,-19.12,-0.32,7702215800.0,902.85,500.0,26.91,2018-02-27,26.91,902.85
20180228,000905,中证小盘500指数,中证500,CSI Smallcap 500 Index,CSI 500,5967.9,6044.07,5939.64,6023.68,13.12,0.22,7098691700.0,822.67,500.0,26.96,2018-02-28,26.96,822.67
20180301,000905,中证小盘500指数,中证500,CSI Smallcap 500 Index,CSI 500,5987.36,6091.0,5974.12,6090.22,66.55,1.1,7310177300.0,864.7,500.0,27.23,2018-03-01,27.23,864.7
20180302,000905,中证小盘500指数,中证500,CSI Smallcap 500 Index,CSI 500,6053.48,6094.8,6044.26,6056.34,-33.89,-0.56,7343482900.0,861.35,500.0,27.07,2018-03-02,27.07,861.35
20180305,000905,中证小盘500指数,中证500,CSI Smallcap 500 Index,CSI 500,6066.68,6080.97,6031.98,6064.1,7.76,0.13,6732469300.0,821.14,500.0,27.07,2018-03-05,27.07,821.14
20180306,000905,中证小盘500指数,中证500,CSI Smallcap 500 Index,CSI 500,6077.37,6145.85,6070.72,6145.58,81.48,1.34,8349576700.0,999.0,500.0,27.46,2018-03-06,27.46,999.0
20180307,000905,中证小盘500指数,中证500,CSI Smallcap 500 Index,CSI 500,6133.95,6149.1,6082.58,6086.49,-59.09,-0.96,7459412900.0,849.35,500.0,27.2,2018-03-07,27.2,849.35
20180308,000905,中证小盘500指数,中证500,CSI Smallcap 500 Index,CSI 500,6073.67,6131.7,6073.67,6131.51,45.03,0.74,6788991100.0,767.33,500.0,27.39,2018-03-08,27.39,767.33
20180309,000905,中证小盘500指数,中证500,CSI Smallcap 500 Index,CSI 500,6131.12,6211.28,6131.01,6206.98,75.46,1.23,8592834100.0,984.13,500.0,27.73,2018-03-09,27.73,984.13
20180312,000905,中证小盘500指数,中证500,CSI Smallcap 500 Index,CSI 500,6230.81,6295.78,6230.39,6295.78,88.8,1.43,9766227600.0,1172.38,500.0,28.12,2018-03-12,28.12,1172.38
20180313,000905,中证小盘500指数,中证500,CSI Smallcap 500 Index,CSI 500,6285.8,6297.43,6251.4,6254.15,-41.63,-0.66,8480475800.0,975.23,500.0,27.92,2018-03-13,27.92,975.23
20180314,000905,中证小盘500指数,中证500,CSI Smallcap 500 Index,CSI 500,6234.24,6253.17,6185.18,6189.32,-64.83,-1.04,7546663300.0,871.85,500.0,27.65,2018-03-14,27.65,871.85
20180315,000905,中证小盘500指数,中证500,CSI Smallcap 500 Index,CSI 500,6172.85,6203.24,6117.6,6180.11,-9.21,-0.15,7217392100.0,829.75,500.0,27.6,2018-03-15,27.6,829.75
20180316,000905,中证小盘500指数,中证500,CSI Smallcap 500 Index,CSI 500,6181.38,6205.87,6146.31,6146.31,-33.81,-0.55,6507353400.0,756.43,500.0,27.45,2018-03-16,27.45,756.43
20180319,000905,中证小盘500指数,中证500,CSI Smallcap 500 Index,CSI 500,6142.52,6186.61,6118.3,6153.83,7.53,0.12,6723321400.0,786.82,500.0,27.46,2018-03-19,27.46,786.82
20180320,000905,中证小盘500指数,中证500,CSI Smallcap 500 Index,CSI 500,6109.61,6176.5,6091.5,6173.7,19.86,0.32,6747566200.0,784.24,500.0,27.52,2018-03-20,27.52,784.24
20180321,000905,中证小盘500指数,中证500,CSI Smallcap 500 Index,CSI 500,6182.11,6224.56,6125.14,6129.2,-44.49,-0.72,7948716100.0,925.26,500.0,27.28,2018-03-21,27.28,925.26
20180322,000905,中证小盘500指数,中证500,CSI Smallcap 500 Index,CSI 500,6130.05,6161.37,6074.66,6101.23,-27.98,-0.46,6740744100.0,781.36,500.0,27.14,2018-03-22,27.14,781.36
20180323,000905,中证小盘500指数,中证500,CSI Smallcap 500 Index,CSI 500,5913.37,5978.42,5722.77,5787.15,-314.08,-5.15,12136706100.0,1210.45,500.0,25.75,2018-03-23,25.75,1210.45
20180326,000905,中证小盘500指数,中证500,CSI Smallcap 500 Index,CSI 500,5715.35,5902.96,5675.37,5902.96,115.81,2.0,8477291300.0,918.1,500.0,26.24,2018-03-26,26.24,918.1
20180327,000905,中证小盘500指数,中证500,CSI Smallcap 500 Index,CSI 500,5956.24,6043.05,5956.24,6034.78,131.82,2.23,8919927100.0,1065.39,500.0,26.79,2018-03-27,26.79,1065.39
20180328,000905,中证小盘500指数,中证500,CSI Smallcap 500 Index,CSI 500,5962.56,6036.16,5949.1,5973.34,-61.43,-1.02,7529909400.0,909.75,500.0,26.51,2018-03-28,26.51,909.75
20180329,000905,中证小盘500指数,中证500,CSI Smallcap 500 Index,CSI 500,5993.97,6040.86,5967.63,6034.86,61.52,1.03,6881373500.0,827.43,500.0,26.79,2018-03-29,26.79,827.43
20180330,000905,中证小盘500指数,中证500,CSI Smallcap 500 Index,CSI 500,6052.18,6115.27,6051.02,6114.74,79.88,1.32,7304648900.0,944.45,500.0,27.13,2018-03-30,27.13,944.45
20180402,000905,中证小盘500指数,中证500,CSI Smallcap 500 Index,CSI 500,6127.23,6169.3,6113.34,6121.96,7.23,0.12,8543383300.0,1099.11,500.0,27.18,2018-04-02,27.18,1099.11
20180403,000905,中证小盘500指数,中证500,CSI Smallcap 500 Index,CSI 500,6039.07,6066.44,6008.51,6059.71,-62.26,-1.02,7174988300.0,878.08,500.0,26.92,2018-04-03,26.92,878.08
20180404,000905,中证小盘500指数,中证500,CSI Smallcap 500 Index,CSI 500,6077.65,6098.84,6011.15,6017.69,-42.02,-0.69,6726019800.0,831.35,500.0,26.74,2018-04-04,26.74,831.35
20180409,000905,中证小盘500指数,中证500,CSI Smallcap 500 Index,CSI 500,5994.35,6053.97,5954.54,6025.65,7.96,0.13,6485182000.0,792.56,500.0,26.76,2018-04-09,26.76,792.56
20180410,000905,中证小盘500指数,中证500,CSI Smallcap 500 Index,CSI 500,6032.49,6064.39,5993.0,6063.74,38.09,0.63,6942099000.0,816.12,500.0,26.95,2018-04-10,26.95,816.12
20180411,000905,中证小盘500指数,中证500,CSI Smallcap 500 Index,CSI 500,6082.03,6110.18,6073.22,6086.61,22.87,0.38,6624885900.0,810.8,500.0,27.01,2018-04-11,27.01,810.8
20180412,000905,中证小盘500指数,中证500,CSI Smallcap 500 Index,CSI 500,6073.77,6091.98,6039.56,6051.33,-35.28,-0.58,6052424000.0,727.05,500.0,26.86,2018-04-12,26.86,727.05
20180413,000905,中证小盘500指数,中证500,CSI Smallcap 500 Index,CSI 500,6073.84,6093.35,6018.01,6027.19,-24.15,-0.4,5415763600.0,668.86,500.0,26.76,2018-04-13,26.76,668.86
20180416,000905,中证小盘500指数,中证500,CSI Smallcap 500 Index,CSI 500,6018.17,6053.99,5966.2,6012.41,-14.78,-0.25,7098586100.0,871.52,500.0,26.66,2018-04-16,26.66,871.52
20180417,000905,中证小盘500指数,中证500,CSI Smallcap 500 Index,CSI 500,6024.55,6038.25,5886.02,5890.86,-121.55,-2.02,7192025800.0,880.04,500.0,26.13,2018-04-17,26.13,880.04
20180418,000905,中证小盘500指数,中证500,CSI Smallcap 500 Index,CSI 500,5925.84,5981.34,5826.65,5970.66,79.8,1.35,7620171200.0,981.99,500.0,26.45,2018-04-18,26.45,981.99
20180419,000905,中证小盘500指数,中证500,CSI Smallcap 500 Index,CSI 500,5965.24,6041.99,5962.71,6004.73,34.08,0.57,7599855600.0,996.49,500.0,26.6,2018-04-19,26.6,996.49
20180420,000905,中证小盘500指数,中证500,CSI Smallcap 500 Index,CSI 500,5984.06,5999.01,5872.5,5880.84,-123.9,-2.06,7239138900.0,905.6,500.0,26.06,2018-04-20,26.06,905.6
20180423,000905,中证小盘500指数,中证500,CSI Smallcap 500 Index,CSI 500,5885.61,5913.57,5761.97,5823.92,-56.92,-0.97,6395239900.0,813.75,500.0,25.82,2018-04-23,25.82,813.75
20180424,000905,中证小盘500指数,中证500,CSI Smallcap 500 Index,CSI 500,5825.45,5957.83,5825.45,5957.19,133.27,2.29,6795411800.0,851.62,500.0,26.4,2018-04-24,26.4,851.62
20180425,000905,中证小盘500指数,中证500,CSI Smallcap 500 Index,CSI 500,5929.41,5968.88,5919.52,5959.42,2.23,0.04,6038279000.0,788.68,500.0,26.41,2018-04-25,26.41,788.68
20180426,000905,中证小盘500指数,中证500,CSI Smallcap 500 Index,CSI 500,5951.19,5955.26,5846.08,5847.98,-111.45,-1.87,6263839400.0,771.08,500.0,25.88,2018-04-26,25.88,771.08
20180427,000905,中证小盘500指数,中证500,CSI Smallcap 500 Index,CSI 500,5865.44,5886.0,5808.78,5860.98,13.01,0.22,5599782200.0,722.96,500.0,25.95,2018-04-27,25.95,722.96
20180502,000905,中证小盘500指数,中证500,CSI Smallcap 500 Index,CSI 500,5861.84,5894.46,5817.39,5855.32,-5.66,-0.1,6314702700.0,787.66,500.0,23.53,2018-05-02,23.53,787.66
20180503,000905,中证小盘500指数,中证500,CSI Smallcap 500 Index,CSI 500,5843.09,5911.09,5779.73,5910.61,55.28,0.94,6760449000.0,838.17,500.0,23.76,2018-05-03,23.76,838.17
20180504,000905,中证小盘500指数,中证500,CSI Smallcap 500 Index,CSI 500,5891.12,5939.95,5883.7,5909.29,-1.31,-0.02,5546404700.0,736.39,500.0,23.73,2018-05-04,23.73,736.39
20180507,000905,中证小盘500指数,中证500,CSI Smallcap 500 Index,CSI 500,5921.31,6023.19,5918.38,6019.14,109.85,1.86,6403335800.0,834.85,500.0,24.17,2018-05-07,24.17,834.85
20180508,000905,中证小盘500指数,中证500,CSI Smallcap 500 Index,CSI 500,6023.58,6042.07,6012.13,6041.81,22.67,0.38,6219466600.0,804.81,500.0,24.27,2018-05-08,24.27,804.81
20180509,000905,中证小盘500指数,中证500,CSI Smallcap 500 Index,CSI 500,6034.46,6042.91,6002.39,6029.23,-12.58,-0.21,5412415300.0,674.14,500.0,24.21,2018-05-09,24.21,674.14
20180510,000905,中证小盘500指数,中证500,CSI Smallcap 500 Index,CSI 500,6036.01,6052.71,5999.95,6040.57,11.34,0.19,5831066500.0,723.14,500.0,24.28,2018-05-10,24.28,723.14
20180511,000905,中证小盘500指数,中证500,CSI Smallcap 500 Index,CSI 500,6044.98,6052.54,5989.43,5991.34,-49.23,-0.81,6384725300.0,768.07,500.0,24.07,2018-05-11,24.07,768.07
20180514,000905,中证小盘500指数,中证500,CSI Smallcap 500 Index,CSI 500,5982.47,6008.89,5951.67,5967.55,-23.79,-0.4,5979819200.0,756.42,500.0,23.99,2018-05-14,23.99,756.42
20180515,000905,中证小盘500指数,中证500,CSI Smallcap 500 Index,CSI 500,5972.16,6021.02,5947.46,6020.57,53.02,0.89,5472154600.0,695.43,500.0,24.14,2018-05-15,24.14,695.43
20180516,000905,中证小盘500指数,中证500,CSI Smallcap 500 Index,CSI 500,6002.75,6045.03,5991.38,6004.07,-16.5,-0.27,5833864000.0,741.15,500.0,24.09,2018-05-16,24.09,741.15
20180517,000905,中证小盘500指数,中证500,CSI Smallcap 500 Index,CSI 500,6000.74,6010.3,5959.73,5973.78,-30.29,-0.5,5299727300.0,659.67,500.0,23.86,2018-05-17,23.86,659.67
20180518,000905,中证小盘500指数,中证500,CSI Smallcap 500 Index,CSI 500,5968.56,6000.95,5932.13,5995.15,21.37,0.36,5786827400.0,708.99,500.0,23.96,2018-05-18,23.96,708.99
20180521,000905,中证小盘500指数,中证500,CSI Smallcap 500 Index,CSI 500,6034.43,6080.82,6034.06,6072.2,77.05,1.29,7072245100.0,869.33,500.0,24.26,2018-05-21,24.26,869.33
20180522,000905,中证小盘500指数,中证500,CSI Smallcap 500 Index,CSI 500,6066.25,6092.91,6052.09,6092.91,20.71,0.34,6226685200.0,744.29,500.0,24.34,2018-05-22,24.34,744.29
20180523,000905,中证小盘500指数,中证500,CSI Smallcap 500 Index,CSI 500,6080.73,6081.53,6012.42,6013.85,-79.06,-1.3,6784586800.0,826.3,500.0,24.0,2018-05-23,24.0,826.3
20180524,000905,中证小盘500指数,中证500,CSI Smallcap 500 Index,CSI 500,6014.02,6028.5,5986.72,5992.62,-21.23,-0.35,5371180800.0,670.66,500.0,23.83,2018-05-24,23.83,670.66
20180525,000905,中证小盘500指数,中证500,CSI Smallcap 500 Index,CSI 500,5983.94,5992.48,5909.04,5917.8,-74.82,-1.25,5779380900.0,694.92,500.0,23.52,2018-05-25,23.52,694.92
20180528,000905,中证小盘500指数,中证500,CSI Smallcap 500 Index,CSI 500,5910.48,5938.07,5858.27,5891.26,-26.54,-0.45,5781012200.0,686.53,500.0,23.39,2018-05-28,23.39,686.53
20180529,000905,中证小盘500指数,中证500,CSI Smallcap 500 Index,CSI 500,5884.59,5921.72,5832.55,5835.45,-55.82,-0.95,5617992900.0,679.02,500.0,23.17,2018-05-29,23.17,679.02
20180530,000905,中证小盘500指数,中证500,CSI Smallcap 500 Index,CSI 500,5759.45,5778.04,5675.91,5682.59,-152.86,-2.62,6852788500.0,761.28,500.0,22.43,2018-05-30,22.43,761.28
20180531,000905,中证小盘500指数,中证500,CSI Smallcap 500 Index,CSI 500,5722.95,5760.2,5672.18,5754.47,71.89,1.27,5600885400.0,651.92,500.0,22.7,2018-05-31,22.7,651.92
20180601,000905,中证小盘500指数,中证500,CSI Smallcap 500 Index,CSI 500,5729.92,5759.5,5654.84,5685.12,-69.36,-1.21,5383357100.0,615.34,500.0,22.42,2018-06-01,22.42,615.34
20180604,000905,中证小盘500指数,中证500,CSI Smallcap 500 Index,CSI 500,5692.97,5707.49,5652.14,5683.15,-1.97,-0.03,4675028200.0,540.5,500.0,22.42,2018-06-04,22.42,540.5
20180605,000905,中证小盘500指数,中证500,CSI Smallcap 500 Index,CSI 500,5681.22,5779.86,5680.49,5779.08,95.93,1.69,4741047000.0,564.5,500.0,22.79,2018-06-05,22.79,564.5
20180606,000905,中证小盘500指数,中证500,CSI Smallcap 500 Index,CSI 500,5770.71,5784.61,5748.7,5774.26,-4.82,-0.08,4818250800.0,563.05,500.0,22.74,2018-06-06,22.74,563.05
20180607,000905,中证小盘500指数,中证500,CSI Smallcap 500 Index,CSI 500,5786.46,5798.33,5734.63,5738.02,-36.24,-0.63,4737619100.0,540.89,500.0,22.6,2018-06-07,22.6,540.89
20180608,000905,中证小盘500指数,中证500,CSI Smallcap 500 Index,CSI 500,5731.84,5731.84,5630.66,5669.3,-68.71,-1.2,5292555500.0,587.67,500.0,22.34,2018-06-08,22.34,587.67
20180611,000905,中证小盘500指数,中证500,CSI Smallcap 500 Index,CSI 500,5657.65,5672.63,5612.87,5632.36,-36.95,-0.65,4310969100.0,487.46,500.0,22.58,2018-06-11,22.58,487.46
20180612,000905,中证小盘500指数,中证500,CSI Smallcap 500 Index,CSI 500,5638.35,5693.61,5594.92,5693.35,60.99,1.08,4664535800.0,541.9,500.0,22.82,2018-06-12,22.82,541.9
20180613,000905,中证小盘500指数,中证500,CSI Smallcap 500 Index,CSI 500,5678.81,5679.67,5605.55,5607.02,-86.33,-1.52,4923421400.0,539.44,500.0,22.37,2018-06-13,22.37,539.44
20180614,000905,中证小盘500指数,中证500,CSI Smallcap 500 Index,CSI 500,5590.57,5645.19,5570.83,5586.93,-20.09,-0.36,4441970900.0,498.65,500.0,22.27,2018-06-14,22.27,498.65
20180615,000905,中证小盘500指数,中证500,CSI Smallcap 500 Index,CSI 500,5582.84,5593.69,5448.07,5483.94,-102.99,-1.84,5644857400.0,595.38,500.0,21.89,2018-06-15,21.89,595.38
20180618,000905,中证小盘500指数,中证500,CSI Smallcap 500 Index,CSI 500,,,,5483.95,0.0,0.0,0.0,0.0,500.0,21.89,2018-06-18,21.89,0.0
20180619,000905,中证小盘500指数,中证500,CSI Smallcap 500 Index,CSI 500,5396.68,5409.41,5070.22,5141.71,-342.24,-6.24,8298635300.0,769.23,500.0,20.53,2018-06-19,20.53,769.23
20180620,000905,中证小盘500指数,中证500,CSI Smallcap 500 Index,CSI 500,5114.06,5222.88,5090.22,5198.39,56.68,1.1,6032941700.0,571.06,500.0,20.76,2018-06-20,20.76,571.06
20180621,000905,中证小盘500指数,中证500,CSI Smallcap 500 Index,CSI 500,5196.13,5244.65,5086.93,5089.25,-109.14,-2.1,6324047800.0,604.29,500.0,20.32,2018-06-21,20.32,604.29
20180622,000905,中证小盘500指数,中证500,CSI Smallcap 500 Index,CSI 500,5052.44,5165.04,5017.51,5160.12,70.87,1.39,5168920600.0,498.99,500.0,20.53,2018-06-22,20.53,498.99
20180625,000905,中证小盘500指数,中证500,CSI Smallcap 500 Index,CSI 500,5196.65,5211.76,5121.21,5125.03,-35.09,-0.68,4786081100.0,466.63,500.0,20.39,2018-06-25,20.39,466.63
20180626,000905,中证小盘500指数,中证500,CSI Smallcap 500 Index,CSI 500,5059.38,5170.17,5044.24,5160.28,35.25,0.69,5106658700.0,497.73,500.0,20.5,2018-06-26,20.5,497.73
20180627,000905,中证小盘500指数,中证500,CSI Smallcap 500 Index,CSI 500,5159.62,5188.2,5089.71,5109.5,-50.79,-0.98,4985784100.0,486.13,500.0,20.28,2018-06-27,20.28,486.13
20180628,000905,中证小盘500指数,中证500,CSI Smallcap 500 Index,CSI 500,5097.51,5150.66,5050.32,5055.11,-54.39,-1.06,4776751800.0,466.65,500.0,20.05,2018-06-28,20.05,466.65
20180629,000905,中证小盘500指数,中证500,CSI Smallcap 500 Index,CSI 500,5061.09,5218.91,5054.05,5217.76,162.66,3.22,5723493700.0,578.95,500.0,20.67,2018-06-29,20.67,578.95
20180702,000905,中证小盘500指数,中证500,CSI Smallcap 500 Index,CSI 500,5216.85,5238.64,5100.87,5138.78,-78.98,-1.51,5524892900.0,586.29,500.0,20.35,2018-07-02,20.35,586.29
20180703,000905,中证小盘500指数,中证500,CSI Smallcap 500 Index,CSI 500,5138.55,5203.36,5054.66,5197.13,58.35,1.14,6142423300.0,642.68,500.0,20.56,2018-07-03,20.56,642.68
20180704,000905,中证小盘500指数,中证500,CSI Smallcap 500 Index,CSI 500,5171.19,5180.27,5102.78,5121.34,-75.79,-1.46,5385995100.0,531.44,500.0,20.26,2018-07-04,20.26,531.44
20180705,000905,中证小盘500指数,中证500,CSI Smallcap 500 Index,CSI 500,5109.14,5126.47,4981.78,4982.76,-138.58,-2.71,5292741400.0,526.39,500.0,19.72,2018-07-05,19.72,526.39
20180706,000905,中证小盘500指数,中证500,CSI Smallcap 500 Index,CSI 500,4981.98,5061.04,4897.26,4996.63,13.87,0.28,6134025500.0,620.83,500.0,19.75,2018-07-06,19.75,620.83
20180709,000905,中证小盘500指数,中证500,CSI Smallcap 500 Index,CSI 500,5007.21,5107.87,5007.21,5107.55,110.92,2.22,5293715900.0,557.86,500.0,20.2,2018-07-09,20.2,557.86
20180710,000905,中证小盘500指数,中证500,CSI Smallcap 500 Index,CSI 500,5114.12,5141.71,5094.29,5136.53,28.98,0.57,5222766900.0,545.66,500.0,20.33,2018-07-10,20.33,545.66
20180711,000905,中证小盘500指数,中证500,CSI Smallcap 500 Index,CSI 500,5060.07,5070.49,4973.99,5036.16,-100.38,-1.95,5891526200.0,588.12,500.0,19.96,2018-07-11,19.96,588.12
20180712,000905,中证小盘500指数,中证500,CSI Smallcap 500 Index,CSI 500,5029.29,5184.02,5029.29,5172.5,136.35,2.71,6808956600.0,712.15,500.0,20.49,2018-07-12,20.49,712.15
20180713,000905,中证小盘500指数,中证500,CSI Smallcap 500 Index,CSI 500,5174.51,5207.36,5167.16,5204.19,31.68,0.61,5635421000.0,612.15,500.0,20.61,2018-07-13,20.61,612.15
20180716,000905,中证小盘500指数,中证500,CSI Smallcap 500 Index,CSI 500,5201.53,5216.56,5170.22,5195.2,-8.99,-0.17,5166737200.0,574.88,500.0,20.6,2018-07-16,20.6,574.88
20180717,000905,中证小盘500指数,中证500,CSI Smallcap 500 Index,CSI 500,5189.15,5196.2,5132.21,5196.2,1.0,0.02,4824332200.0,526.1,500.0,20.58,2018-07-17,20.58,526.1
20180718,000905,中证小盘500指数,中证500,CSI Smallcap 500 Index,CSI 500,5198.89,5220.18,5156.64,5156.64,-39.56,-0.76,5525713400.0,573.92,500.0,20.43,2018-07-18,20.43,573.92
20180719,000905,中证小盘500指数,中证500,CSI Smallcap 500 Index,CSI 500,5153.38,5179.73,5088.12,5111.33,-45.31,-0.88,5048393400.0,514.62,500.0,20.26,2018-07-19,20.26,514.62
20180720,000905,中证小盘500指数,中证500,CSI Smallcap 500 Index,CSI 500,5105.65,5184.87,5072.16,5175.25,63.92,1.25,5786851400.0,589.71,500.0,20.51,2018-07-20,20.51,589.71
20180723,000905,中证小盘500指数,中证500,CSI Smallcap 500 Index,CSI 500,5146.62,5214.38,5132.38,5214.0,38.75,0.75,6848431500.0,712.06,500.0,20.66,2018-07-23,20.66,712.06
20180724,000905,中证小盘500指数,中证500,CSI Smallcap 500 Index,CSI 500,5213.39,5315.67,5211.94,5304.64,90.64,1.74,8820181600.0,895.31,500.0,21.02,2018-07-24,21.02,895.31
20180725,000905,中证小盘500指数,中证500,CSI Smallcap 500 Index,CSI 500,5308.02,5332.62,5294.42,5308.66,4.02,0.08,7485086000.0,722.67,500.0,21.02,2018-07-25,21.02,722.67
20180726,000905,中证小盘500指数,中证500,CSI Smallcap 500 Index,CSI 500,5307.3,5318.88,5262.31,5273.48,-35.18,-0.66,7512024000.0,652.72,500.0,20.87,2018-07-26,20.87,652.72
20180727,000905,中证小盘500指数,中证500,CSI Smallcap 500 Index,CSI 500,5270.23,5281.35,5230.1,5249.29,-24.19,-0.46,6171588700.0,541.49,500.0,20.79,2018-07-27,20.79,541.49
20180730,000905,中证小盘500指数,中证500,CSI Smallcap 500 Index,CSI 500,5244.77,5255.19,5167.4,5185.15,-64.14,-1.22,6083602400.0,583.67,500.0,20.54,2018-07-30,20.54,583.67
20180731,000905,中证小盘500指数,中证500,CSI Smallcap 500 Index,CSI 500,5182.83,5208.38,5163.66,5188.72,3.57,0.07,4949635600.0,493.4,500.0,20.56,2018-07-31,20.56,493.4
20180801,000905,中证小盘500指数,中证500,CSI Smallcap 500 Index,CSI 500,5198.46,5233.5,5105.37,5105.37,-83.34,-1.61,6036948500.0,586.01,500.0,20.23,2018-08-01,20.23,586.01
20180802,000905,中证小盘500指数,中证500,CSI Smallcap 500 Index,CSI 500,5094.34,5094.34,4887.5,4996.01,-109.36,-2.14,7439032500.0,677.86,500.0,19.78,2018-08-02,19.78,677.86
20180803,000905,中证小盘500指数,中证500,CSI Smallcap 500 Index,CSI 500,4982.89,5008.24,4929.75,4929.75,-66.26,-1.33,5073579700.0,482.82,500.0,19.54,2018-08-03,19.54,482.82
20180806,000905,中证小盘500指数,中证500,CSI Smallcap 500 Index,CSI 500,4919.5,4941.18,4798.85,4825.25,-104.5,-2.12,5245522000.0,510.47,500.0,19.12,2018-08-06,19.12,510.47
20180807,000905,中证小盘500指数,中证500,CSI Smallcap 500 Index,CSI 500,4836.31,4956.87,4797.45,4956.87,131.62,2.73,5914578000.0,558.13,500.0,19.63,2018-08-07,19.63,558.13
20180808,000905,中证小盘500指数,中证500,CSI Smallcap 500 Index,CSI 500,4940.78,4952.42,4877.66,4880.57,-76.3,-1.54,5808305100.0,534.09,500.0,19.33,2018-08-08,19.33,534.09
20180809,000905,中证小盘500指数,中证500,CSI Smallcap 500 Index,CSI 500,4862.15,5030.16,4856.48,5004.77,124.2,2.54,6826483300.0,647.28,500.0,19.82,2018-08-09,19.82,647.28
20180810,000905,中证小盘500指数,中证500,CSI Smallcap 500 Index,CSI 500,5000.05,5037.49,4990.83,5030.51,25.74,0.51,5318501200.0,530.25,500.0,19.86,2018-08-10,19.86,530.25
20180813,000905,中证小盘500指数,中证500,CSI Smallcap 500 Index,CSI 500,4981.34,5064.02,4958.89,5055.28,24.76,0.49,5572265200.0,579.31,500.0,19.96,2018-08-13,19.96,579.31
20180814,000905,中证小盘500指数,中证500,CSI Smallcap 500 Index,CSI 500,5043.89,5061.41,5016.32,5037.88,-17.39,-0.34,4637591200.0,479.77,500.0,19.89,2018-08-14,19.89,479.77
20180815,000905,中证小盘500指数,中证500,CSI Smallcap 500 Index,CSI 500,5035.57,5038.77,4929.2,4932.81,-105.08,-2.09,5334998500.0,492.19,500.0,19.47,2018-08-15,19.47,492.19
20180816,000905,中证小盘500指数,中证500,CSI Smallcap 500 Index,CSI 500,4876.69,4943.2,4836.05,4888.37,-44.44,-0.9,5239384400.0,474.23,500.0,19.29,2018-08-16,19.29,474.23
20180817,000905,中证小盘500指数,中证500,CSI Smallcap 500 Index,CSI 500,4923.44,4941.1,4793.77,4803.03,-85.34,-1.75,5170797400.0,477.78,500.0,18.97,2018-08-17,18.97,477.78
20180820,000905,中证小盘500指数,中证500,CSI Smallcap 500 Index,CSI 500,4794.24,4832.91,4736.56,4832.65,29.62,0.62,5163111200.0,477.54,500.0,19.08,2018-08-20,19.08,477.54
20180821,000905,中证小盘500指数,中证500,CSI Smallcap 500 Index,CSI 500,4831.21,4901.12,4816.85,4891.98,59.33,1.23,4973790400.0,488.84,500.0,19.32,2018-08-21,19.32,488.84
20180822,000905,中证小盘500指数,中证500,CSI Smallcap 500 Index,CSI 500,4877.01,4878.82,4829.61,4837.02,-54.96,-1.12,4392226700.0,411.5,500.0,19.1,2018-08-22,19.1,411.5
20180823,000905,中证小盘500指数,中证500,CSI Smallcap 500 Index,CSI 500,4832.01,4885.81,4821.11,4863.67,26.65,0.55,4726381100.0,473.02,500.0,19.19,2018-08-23,19.19,473.02
20180824,000905,中证小盘500指数,中证500,CSI Smallcap 500 Index,CSI 500,4853.86,4880.89,4831.89,4852.29,-11.38,-0.23,4389810000.0,417.42,500.0,19.14,2018-08-24,19.14,417.42
20180827,000905,中证小盘500指数,中证500,CSI Smallcap 500 Index,CSI 500,4859.12,4964.45,4859.12,4960.07,107.78,2.22,5854579900.0,584.02,500.0,19.56,2018-08-27,19.56,584.02
20180828,000905,中证小盘500指数,中证500,CSI Smallcap 500 Index,CSI 500,4964.73,4983.94,4954.17,4974.21,14.14,0.29,5346544000.0,530.29,500.0,19.59,2018-08-28,19.59,530.29
20180829,000905,中证小盘500指数,中证500,CSI Smallcap 500 Index,CSI 500,4972.08,4974.16,4929.46,4941.96,-32.25,-0.65,5327221200.0,451.21,500.0,19.46,2018-08-29,19.46,451.21
20180830,000905,中证小盘500指数,中证500,CSI Smallcap 500 Index,CSI 500,4937.65,4952.61,4861.06,4867.12,-74.84,-1.51,5415846200.0,474.22,500.0,19.17,2018-08-30,19.17,474.22
20180831,000905,中证小盘500指数,中证500,CSI Smallcap 500 Index,CSI 500,4854.96,4862.44,4805.21,4814.82,-52.3,-1.07,4801205400.0,420.53,500.0,18.96,2018-08-31,18.96,420.53
20180903,000905,中证小盘500指数,中证500,CSI Smallcap 500 Index,CSI 500,4808.38,4840.15,4754.81,4838.87,24.05,0.5,5290260200.0,464.96,500.0,18.65,2018-09-03,18.65,464.96
20180904,000905,中证小盘500指数,中证500,CSI Smallcap 500 Index,CSI 500,4833.88,4905.02,4828.52,4890.28,51.41,1.06,6102491400.0,549.69,500.0,18.84,2018-09-04,18.84,549.69
20180905,000905,中证小盘500指数,中证500,CSI Smallcap 500 Index,CSI 500,4877.11,4886.27,4814.96,4815.03,-75.25,-1.54,5840354300.0,472.4,500.0,18.53,2018-09-05,18.53,472.4
20180906,000905,中证小盘500指数,中证500,CSI Smallcap 500 Index,CSI 500,4800.94,4849.18,4773.88,4793.35,-21.69,-0.45,4586849400.0,445.73,500.0,18.44,2018-09-06,18.44,445.73
20180907,000905,中证小盘500指数,中证500,CSI Smallcap 500 Index,CSI 500,4796.84,4867.53,4759.49,4791.78,-1.57,-0.03,5360007200.0,532.43,500.0,18.44,2018-09-07,18.44,532.43
20180910,000905,中证小盘500指数,中证500,CSI Smallcap 500 Index,CSI 500,4792.6,4794.01,4701.29,4704.88,-86.9,-1.81,5132647500.0,453.76,500.0,18.11,2018-09-10,18.11,453.76
20180911,000905,中证小盘500指数,中证500,CSI Smallcap 500 Index,CSI 500,4702.83,4738.26,4669.42,4702.9,-1.98,-0.04,4996800700.0,422.16,500.0,18.1,2018-09-11,18.1,422.16
20180912,000905,中证小盘500指数,中证500,CSI Smallcap 500 Index,CSI 500,4700.9,4733.58,4681.13,4693.97,-8.93,-0.19,4254088200.0,385.25,500.0,18.06,2018-09-12,18.06,385.25
20180913,000905,中证小盘500指数,中证500,CSI Smallcap 500 Index,CSI 500,4727.43,4752.9,4655.21,4721.21,27.24,0.58,5569210200.0,472.79,500.0,18.17,2018-09-13,18.17,472.79
20180914,000905,中证小盘500指数,中证500,CSI Smallcap 500 Index,CSI 500,4720.78,4724.0,4669.94,4670.08,-51.13,-1.08,5644793000.0,449.32,500.0,17.99,2018-09-14,17.99,449.32
20180917,000905,中证小盘500指数,中证500,CSI Smallcap 500 Index,CSI 500,4649.95,4649.95,4586.32,4602.39,-67.69,-1.45,4933894600.0,379.06,500.0,17.72,2018-09-17,17.72,379.06
20180918,000905,中证小盘500指数,中证500,CSI Smallcap 500 Index,CSI 500,4588.23,4684.29,4584.43,4683.51,81.12,1.76,5443232600.0,445.79,500.0,18.04,2018-09-18,18.04,445.79
20180919,000905,中证小盘500指数,中证500,CSI Smallcap 500 Index,CSI 500,4673.95,4772.95,4664.13,4736.89,53.39,1.14,6705585600.0,556.71,500.0,18.25,2018-09-19,18.25,556.71
20180920,000905,中证小盘500指数,中证500,CSI Smallcap 500 Index,CSI 500,4734.48,4761.41,4723.3,4733.48,-3.41,-0.07,5639897400.0,435.74,500.0,18.25,2018-09-20,18.25,435.74
20180921,000905,中证小盘500指数,中证500,CSI Smallcap 500 Index,CSI 500,4743.81,4813.29,4721.69,4805.22,71.73,1.52,6589519600.0,525.08,500.0,18.52,2018-09-21,18.52,525.08
20180925,000905,中证小盘500指数,中证500,CSI Smallcap 500 Index,CSI 500,4774.79,4810.34,4763.21,4792.55,-12.66,-0.26,5265424000.0,426.42,500.0,18.48,2018-09-25,18.48,426.42
20180926,000905,中证小盘500指数,中证500,CSI Smallcap 500 Index,CSI 500,4794.07,4841.7,4782.39,4815.63,23.08,0.48,6471955600.0,517.1,500.0,18.57,2018-09-26,18.57,517.1
20180927,000905,中证小盘500指数,中证500,CSI Smallcap 500 Index,CSI 500,4812.64,4817.62,4754.28,4755.38,-60.25,-1.25,6143767200.0,470.98,500.0,18.36,2018-09-27,18.36,470.98
20180928,000905,中证小盘500指数,中证500,CSI Smallcap 500 Index,CSI 500,4762.33,4802.16,4746.18,4800.73,45.35,0.95,5726864000.0,459.39,500.0,18.53,2018-09-28,18.53,459.39
20181008,000905,中证小盘500指数,中证500,CSI Smallcap 500 Index,CSI 500,4722.42,4737.29,4639.4,4646.49,-154.24,-3.21,6327566400.0,494.95,500.0,17.95,2018-10-08,17.95,494.95
20181009,000905,中证小盘500指数,中证500,CSI Smallcap 500 Index,CSI 500,4652.49,4685.22,4612.64,4634.89,-11.6,-0.25,5043745400.0,412.44,500.0,17.89,2018-10-09,17.89,412.44
20181010,000905,中证小盘500指数,中证500,CSI Smallcap 500 Index,CSI 500,4634.64,4655.55,4586.89,4629.89,-5.01,-0.11,5133963700.0,395.41,500.0,17.88,2018-10-10,17.88,395.41
20181011,000905,中证小盘500指数,中证500,CSI Smallcap 500 Index,CSI 500,4483.27,4503.2,4274.7,4307.42,-322.47,-6.96,9056360100.0,644.8,500.0,16.68,2018-10-11,16.68,644.8
20181012,000905,中证小盘500指数,中证500,CSI Smallcap 500 Index,CSI 500,4267.36,4300.01,4136.63,4278.04,-29.39,-0.68,8152514900.0,567.01,500.0,16.6,2018-10-12,16.6,567.01
20181015,000905,中证小盘500指数,中证500,CSI Smallcap 500 Index,CSI 500,4283.36,4317.71,4195.83,4199.15,-78.88,-1.84,6229184800.0,448.49,500.0,16.31,2018-10-15,16.31,448.49
20181016,000905,中证小盘500指数,中证500,CSI Smallcap 500 Index,CSI 500,4193.38,4221.34,4076.87,4099.68,-99.47,-2.37,6107665900.0,440.16,500.0,15.91,2018-10-16,15.91,440.16
20181017,000905,中证小盘500指数,中证500,CSI Smallcap 500 Index,CSI 500,4147.35,4167.76,4038.42,4133.38,33.7,0.82,6952388100.0,471.38,500.0,16.02,2018-10-17,16.02,471.38
20181018,000905,中证小盘500指数,中证500,CSI Smallcap 500 Index,CSI 500,4104.33,4104.33,4013.65,4018.46,-114.92,-2.78,5978391100.0,403.83,500.0,15.6,2018-10-18,15.6,403.83
20181019,000905,中证小盘500指数,中证500,CSI Smallcap 500 Index,CSI 500,3958.45,4130.93,3948.56,4127.99,109.52,2.73,6956157800.0,499.37,500.0,16.03,2018-10-19,16.03,499.37
20181022,000905,中证小盘500指数,中证500,CSI Smallcap 500 Index,CSI 500,4165.76,4375.6,4165.76,4333.14,205.16,4.97,9295831900.0,695.11,500.0,16.83,2018-10-22,16.83,695.11
20181023,000905,中证小盘500指数,中证500,CSI Smallcap 500 Index,CSI 500,4336.45,4350.73,4228.33,4253.56,-79.59,-1.84,7466806500.0,544.48,500.0,16.52,2018-10-23,16.52,544.48
20181024,000905,中证小盘500指数,中证500,CSI Smallcap 500 Index,CSI 500,4233.84,4297.37,4207.16,4245.49,-8.07,-0.19,6282348200.0,442.65,500.0,16.49,2018-10-24,16.49,442.65
20181025,000905,中证小盘500指数,中证500,CSI Smallcap 500 Index,CSI 500,4124.19,4240.58,4103.56,4234.42,-11.07,-0.26,6968720600.0,483.72,500.0,16.45,2018-10-25,16.45,483.72
20181026,000905,中证小盘500指数,中证500,CSI Smallcap 500 Index,CSI 500,4260.91,4294.56,4217.79,4233.96,-0.46,-0.01,6798362100.0,468.24,500.0,16.43,2018-10-26,16.43,468.24
20181029,000905,中证小盘500指数,中证500,CSI Smallcap 500 Index,CSI 500,4220.64,4227.64,4144.81,4162.53,-71.43,-1.69,5745157000.0,412.78,500.0,16.15,2018-10-29,16.15,412.78
20181030,000905,中证小盘500指数,中证500,CSI Smallcap 500 Index,CSI 500,4145.4,4233.79,4096.14,4204.54,42.02,1.01,7283465000.0,523.08,500.0,16.31,2018-10-30,16.31,523.08
20181031,000905,中证小盘500指数,中证500,CSI Smallcap 500 Index,CSI 500,4207.76,4298.24,4204.36,4272.55,68.01,1.62,7468776500.0,532.43,500.0,16.58,2018-10-31,16.58,532.43
20181101,000905,中证小盘500指数,中证500,CSI Smallcap 500 Index,CSI 500,4299.46,4367.73,4294.87,4298.98,26.43,0.62,8605914200.0,650.05,500.0,16.59,2018-11-01,16.59,650.05
20181102,000905,中证小盘500指数,中证500,CSI Smallcap 500 Index,CSI 500,4366.73,4437.98,4360.87,4437.95,138.96,3.23,9689216800.0,758.09,500.0,17.14,2018-11-02,17.14,758.09
20181105,000905,中证小盘500指数,中证500,CSI Smallcap 500 Index,CSI 500,4427.63,4466.14,4375.04,4440.83,2.88,0.06,8777727700.0,661.55,500.0,17.14,2018-11-05,17.14,661.55
20181106,000905,中证小盘500指数,中证500,CSI Smallcap 500 Index,CSI 500,4427.36,4440.11,4385.33,4438.1,-2.73,-0.06,6980304900.0,512.19,500.0,17.14,2018-11-06,17.14,512.19
20181107,000905,中证小盘500指数,中证500,CSI Smallcap 500 Index,CSI 500,4437.72,4479.69,4414.07,4415.14,-22.96,-0.52,7808636800.0,588.97,500.0,17.06,2018-11-07,17.06,588.97
20181108,000905,中证小盘500指数,中证500,CSI Smallcap 500 Index,CSI 500,4442.66,4450.98,4379.88,4382.33,-32.81,-0.74,7214535500.0,515.22,500.0,16.94,2018-11-08,16.94,515.22
20181109,000905,中证小盘500指数,中证500,CSI Smallcap 500 Index,CSI 500,4363.21,4396.39,4348.81,4368.61,-13.71,-0.31,6742496000.0,458.46,500.0,16.9,2018-11-09,16.9,458.46
20181112,000905,中证小盘500指数,中证500,CSI Smallcap 500 Index,CSI 500,4360.63,4481.77,4354.47,4481.69,113.07,2.59,8699053600.0,599.5,500.0,17.33,2018-11-12,17.33,599.5
20181113,000905,中证小盘500指数,中证500,CSI Smallcap 500 Index,CSI 500,4430.95,4588.5,4422.95,4563.54,81.85,1.83,12871036300.0,849.82,500.0,17.62,2018-11-13,17.62,849.82
20181114,000905,中证小盘500指数,中证500,CSI Smallcap 500 Index,CSI 500,4551.8,4600.13,4534.52,4545.51,-18.03,-0.4,11259883000.0,740.24,500.0,17.55,2018-11-14,17.55,740.24
20181115,000905,中证小盘500指数,中证500,CSI Smallcap 500 Index,CSI 500,4540.88,4619.81,4539.96,4619.81,74.31,1.63,9830520000.0,696.69,500.0,17.83,2018-11-15,17.83,696.69
20181116,000905,中证小盘500指数,中证500,CSI Smallcap 500 Index,CSI 500,4625.0,4691.56,4609.83,4659.1,39.28,0.85,11067182400.0,823.81,500.0,17.97,2018-11-16,17.97,823.81
20181119,000905,中证小盘500指数,中证500,CSI Smallcap 500 Index,CSI 500,4660.48,4677.97,4612.48,4670.74,11.64,0.25,11101510600.0,825.49,500.0,18.02,2018-11-19,18.02,825.49
20181120,000905,中证小盘500指数,中证500,CSI Smallcap 500 Index,CSI 500,4629.13,4645.9,4535.87,4537.45,-133.29,-2.85,10312422500.0,763.0,500.0,17.51,2018-11-20,17.51,763.0
20181121,000905,中证小盘500指数,中证500,CSI Smallcap 500 Index,CSI 500,4483.38,4564.53,4476.42,4554.67,17.23,0.38,9015662700.0,652.99,500.0,17.58,2018-11-21,17.58,652.99
20181122,000905,中证小盘500指数,中证500,CSI Smallcap 500 Index,CSI 500,4562.64,4583.37,4528.24,4551.33,-3.35,-0.07,7527499300.0,541.57,500.0,17.57,2018-11-22,17.57,541.57
20181123,000905,中证小盘500指数,中证500,CSI Smallcap 500 Index,CSI 500,4542.11,4547.51,4365.35,4374.76,-176.56,-3.88,9207482800.0,642.45,500.0,16.91,2018-11-23,16.91,642.45
20181126,000905,中证小盘500指数,中证500,CSI Smallcap 500 Index,CSI 500,4371.42,4408.11,4347.75,4367.46,-7.3,-0.17,6858469900.0,456.42,500.0,16.88,2018-11-26,16.88,456.42
20181127,000905,中证小盘500指数,中证500,CSI Smallcap 500 Index,CSI 500,4393.29,4416.36,4361.02,4387.65,20.19,0.46,6235271000.0,438.32,500.0,16.95,2018-11-27,16.95,438.32
20181128,000905,中证小盘500指数,中证500,CSI Smallcap 500 Index,CSI 500,4389.83,4441.86,4333.06,4441.86,54.21,1.24,7250793100.0,505.82,500.0,17.16,2018-11-28,17.16,505.82
20181129,000905,中证小盘500指数,中证500,CSI Smallcap 500 Index,CSI 500,4462.79,4473.31,4344.9,4345.7,-96.15,-2.16,7710248100.0,526.1,500.0,16.81,2018-11-29,16.81,526.1
20181130,000905,中证小盘500指数,中证500,CSI Smallcap 500 Index,CSI 500,4334.04,4385.0,4291.81,4376.65,30.95,0.71,6384878900.0,440.26,500.0,16.93,2018-11-30,16.93,440.26
20181203,000905,中证小盘500指数,中证500,CSI Smallcap 500 Index,CSI 500,4483.66,4536.83,4460.39,4515.17,138.52,3.17,9626575200.0,726.17,500.0,17.46,2018-12-03,17.46,726.17
20181204,000905,中证小盘500指数,中证500,CSI Smallcap 500 Index,CSI 500,4506.25,4538.42,4492.06,4536.21,21.04,0.47,7628021300.0,563.16,500.0,17.53,2018-12-04,17.53,563.16
20181205,000905,中证小盘500指数,中证500,CSI Smallcap 500 Index,CSI 500,4456.2,4532.28,4445.97,4502.7,-33.51,-0.74,7427597300.0,552.52,500.0,17.4,2018-12-05,17.4,552.52
20181206,000905,中证小盘500指数,中证500,CSI Smallcap 500 Index,CSI 500,4476.81,4483.32,4405.84,4411.09,-91.61,-2.03,6604759600.0,520.51,500.0,17.05,2018-12-06,17.05,520.51
20181207,000905,中证小盘500指数,中证500,CSI Smallcap 500 Index,CSI 500,4419.61,4432.33,4397.42,4410.96,-0.13,0.0,5175505400.0,412.53,500.0,17.06,2018-12-07,17.06,412.53
20181210,000905,中证小盘500指数,中证500,CSI Smallcap 500 Index,CSI 500,4381.38,4396.4,4350.23,4359.31,-51.65,-1.17,5394034800.0,401.03,500.0,16.87,2018-12-10,16.87,401.03
20181211,000905,中证小盘500指数,中证500,CSI Smallcap 500 Index,CSI 500,4373.03,4398.06,4365.12,4395.57,36.26,0.83,5043078100.0,371.94,500.0,17.01,2018-12-11,17.01,371.94
20181212,000905,中证小盘500指数,中证500,CSI Smallcap 500 Index,CSI 500,4408.91,4417.6,4381.32,4393.32,-2.25,-0.05,4809361200.0,358.26,500.0,17.01,2018-12-12,17.01,358.26
20181213,000905,中证小盘500指数,中证500,CSI Smallcap 500 Index,CSI 500,4405.09,4471.26,4378.46,4443.16,49.83,1.13,6361391000.0,477.76,500.0,17.21,2018-12-13,17.21,477.76
20181214,000905,中证小盘500指数,中证500,CSI Smallcap 500 Index,CSI 500,4436.0,4439.05,4331.38,4337.1,-106.05,-2.39,6578654600.0,473.35,500.0,16.82,2018-12-14,16.82,473.35
20181217,000905,中证小盘500指数,中证500,CSI Smallcap 500 Index,CSI 500,4322.59,4341.2,4285.21,4330.65,-6.46,-0.15,5150281500.0,385.62,500.0,16.09,2018-12-17,16.09,385.62
20181218,000905,中证小盘500指数,中证500,CSI Smallcap 500 Index,CSI 500,4308.05,4339.4,4266.45,4307.27,-23.38,-0.54,5130347800.0,373.28,500.0,16.01,2018-12-18,16.01,373.28
20181219,000905,中证小盘500指数,中证500,CSI Smallcap 500 Index,CSI 500,4311.28,4315.11,4245.15,4247.9,-59.37,-1.38,4626017400.0,338.54,500.0,15.81,2018-12-19,15.81,338.54
20181220,000905,中证小盘500指数,中证500,CSI Smallcap 500 Index,CSI 500,4240.37,4274.01,4225.13,4259.76,11.86,0.28,4696785200.0,347.31,500.0,15.85,2018-12-20,15.85,347.31
20181221,000905,中证小盘500指数,中证500,CSI Smallcap 500 Index,CSI 500,4246.43,4260.29,4204.49,4231.14,-28.62,-0.67,4711042500.0,353.75,500.0,15.75,2018-12-21,15.75,353.75
20181224,000905,中证小盘500指数,中证500,CSI Smallcap 500 Index,CSI 500,4227.35,4276.97,4215.02,4274.72,43.58,1.03,4184194100.0,327.06,500.0,15.92,2018-12-24,15.92,327.06
20181225,000905,中证小盘500指数,中证500,CSI Smallcap 500 Index,CSI 500,4233.54,4244.95,4132.76,4225.51,-49.21,-1.15,6038367300.0,437.5,500.0,15.75,2018-12-25,15.75,437.5
20181226,000905,中证小盘500指数,中证500,CSI Smallcap 500 Index,CSI 500,4218.66,4241.35,4194.31,4208.41,-17.11,-0.4,4503293300.0,343.29,500.0,15.69,2018-12-26,15.69,343.29
20181227,000905,中证小盘500指数,中证500,CSI Smallcap 500 Index,CSI 500,4263.33,4272.81,4159.77,4161.27,-47.14,-1.12,5421939300.0,403.28,500.0,15.53,2018-12-27,15.53,403.28
20181228,000905,中证小盘500指数,中证500,CSI Smallcap 500 Index,CSI 500,4168.94,4192.7,4138.93,4168.04,6.77,0.16,4996418500.0,373.5,500.0,15.55,2018-12-28,15.55,373.5
20190102,000905,中证小盘500指数,中证500,CSI Smallcap 500 Index,CSI 500,4176.11,4179.72,4125.94,4131.96,-36.08,-0.87,4749444900.0,355.72,500.0,15.4,2019-01-02,15.4,355.72
20190103,000905,中证小盘500指数,中证500,CSI Smallcap 500 Index,CSI 500,4131.69,4182.2,4110.53,4112.81,-19.15,-0.46,5549124400.0,411.04,500.0,15.32,2019-01-03,15.32,411.04
20190104,000905,中证小盘500指数,中证500,CSI Smallcap 500 Index,CSI 500,4075.62,4210.88,4071.69,4210.88,98.07,2.38,7344873700.0,522.31,500.0,15.66,2019-01-04,15.66,522.31
20190107,000905,中证小盘500指数,中证500,CSI Smallcap 500 Index,CSI 500,4235.03,4297.02,4223.46,4288.32,77.44,1.84,8115345000.0,592.31,500.0,15.94,2019-01-07,15.94,592.31
20190108,000905,中证小盘500指数,中证500,CSI Smallcap 500 Index,CSI 500,4278.28,4289.63,4264.6,4277.3,-11.03,-0.26,6955693700.0,497.0,500.0,15.9,2019-01-08,15.9,497.0
20190109,000905,中证小盘500指数,中证500,CSI Smallcap 500 Index,CSI 500,4286.23,4354.2,4280.66,4288.77,11.48,0.27,8515359500.0,615.11,500.0,15.95,2019-01-09,15.95,615.11
20190110,000905,中证小盘500指数,中证500,CSI Smallcap 500 Index,CSI 500,4289.56,4319.49,4274.2,4281.86,-6.91,-0.16,6891088900.0,492.43,500.0,15.93,2019-01-10,15.93,492.43
20190111,000905,中证小盘500指数,中证500,CSI Smallcap 500 Index,CSI 500,4282.39,4316.54,4267.29,4314.88,33.02,0.77,6835508500.0,466.0,500.0,16.04,2019-01-11,16.04,466.0
20190114,000905,中证小盘500指数,中证500,CSI Smallcap 500 Index,CSI 500,4317.52,4325.95,4278.76,4286.55,-28.33,-0.66,6767961400.0,447.66,500.0,15.94,2019-01-14,15.94,447.66
20190115,000905,中证小盘500指数,中证500,CSI Smallcap 500 Index,CSI 500,4282.99,4350.93,4271.64,4347.36,60.81,1.42,7200518100.0,506.08,500.0,16.17,2019-01-15,16.17,506.08
20190116,000905,中证小盘500指数,中证500,CSI Smallcap 500 Index,CSI 500,4347.08,4364.1,4330.74,4336.88,-10.48,-0.24,6927474400.0,500.3,500.0,16.14,2019-01-16,16.14,500.3
20190117,000905,中证小盘500指数,中证500,CSI Smallcap 500 Index,CSI 500,4334.63,4347.18,4297.67,4303.73,-33.15,-0.76,7456211300.0,484.21,500.0,16.01,2019-01-17,16.01,484.21
20190118,000905,中证小盘500指数,中证500,CSI Smallcap 500 Index,CSI 500,4307.14,4351.44,4297.48,4347.81,44.08,1.02,8337161100.0,554.77,500.0,16.18,2019-01-18,16.18,554.77
20190121,000905,中证小盘500指数,中证500,CSI Smallcap 500 Index,CSI 500,4354.7,4395.06,4352.81,4373.63,25.82,0.59,7278153100.0,529.38,500.0,16.29,2019-01-21,16.29,529.38
20190122,000905,中证小盘500指数,中证500,CSI Smallcap 500 Index,CSI 500,4370.86,4370.86,4291.96,4308.25,-65.38,-1.49,6949667200.0,478.27,500.0,16.05,2019-01-22,16.05,478.27
20190123,000905,中证小盘500指数,中证500,CSI Smallcap 500 Index,CSI 500,4298.94,4322.89,4292.09,4315.68,7.43,0.17,5848573500.0,405.72,500.0,16.09,2019-01-23,16.09,405.72
20190124,000905,中证小盘500指数,中证500,CSI Smallcap 500 Index,CSI 500,4318.71,4363.22,4292.83,4338.17,22.49,0.52,7063030500.0,515.72,500.0,16.18,2019-01-24,16.18,515.72
20190125,000905,中证小盘500指数,中证500,CSI Smallcap 500 Index,CSI 500,4341.41,4359.46,4315.95,4318.44,-19.73,-0.45,7165747800.0,525.05,500.0,16.13,2019-01-25,16.13,525.05
20190128,000905,中证小盘500指数,中证500,CSI Smallcap 500 Index,CSI 500,4341.49,4370.9,4297.96,4307.22,-11.22,-0.26,6727993500.0,492.87,500.0,16.1,2019-01-28,16.1,492.87
20190129,000905,中证小盘500指数,中证500,CSI Smallcap 500 Index,CSI 500,4301.47,4301.47,4188.59,4254.29,-52.93,-1.23,7775372700.0,542.24,500.0,15.92,2019-01-29,15.92,542.24
20190130,000905,中证小盘500指数,中证500,CSI Smallcap 500 Index,CSI 500,4235.27,4266.88,4211.19,4211.62,-42.66,-1.0,5851377000.0,424.67,500.0,15.76,2019-01-30,15.76,424.67
20190131,000905,中证小盘500指数,中证500,CSI Smallcap 500 Index,CSI 500,4203.98,4240.72,4151.41,4176.47,-35.15,-0.83,7151120500.0,476.95,500.0,15.65,2019-01-31,15.65,476.95
20190201,000905,中证小盘500指数,中证500,CSI Smallcap 500 Index,CSI 500,4189.11,4295.04,4189.11,4294.27,117.8,2.82,6609967700.0,476.93,500.0,16.09,2019-02-01,16.09,476.93
20190211,000905,中证小盘500指数,中证500,CSI Smallcap 500 Index,CSI 500,4306.2,4403.73,4306.2,4402.87,108.6,2.53,7529735600.0,567.44,500.0,16.48,2019-02-11,16.48,567.44
20190212,000905,中证小盘500指数,中证500,CSI Smallcap 500 Index,CSI 500,4398.44,4452.5,4394.83,4439.49,36.62,0.83,8527115600.0,615.89,500.0,16.61,2019-02-12,16.61,615.89
20190213,000905,中证小盘500指数,中证500,CSI Smallcap 500 Index,CSI 500,4442.73,4526.27,4433.03,4512.41,72.92,1.64,11321890300.0,829.4,500.0,16.87,2019-02-13,16.87,829.4
20190214,000905,中证小盘500指数,中证500,CSI Smallcap 500 Index,CSI 500,4507.84,4555.23,4494.55,4532.17,19.76,0.44,9482853300.0,701.64,500.0,16.95,2019-02-14,16.95,701.64
20190215,000905,中证小盘500指数,中证500,CSI Smallcap 500 Index,CSI 500,4523.94,4544.39,4497.39,4502.73,-29.44,-0.65,9351160700.0,672.55,500.0,16.83,2019-02-15,16.83,672.55
20190218,000905,中证小盘500指数,中证500,CSI Smallcap 500 Index,CSI 500,4527.97,4661.0,4527.97,4661.0,158.26,3.51,12412400400.0,921.9,500.0,17.41,2019-02-18,17.41,921.9
20190219,000905,中证小盘500指数,中证500,CSI Smallcap 500 Index,CSI 500,4683.33,4706.53,4614.28,4667.28,6.28,0.13,14387476800.0,1057.04,500.0,17.4,2019-02-19,17.4,1057.04
20190220,000905,中证小盘500指数,中证500,CSI Smallcap 500 Index,CSI 500,4667.35,4677.98,4619.46,4667.62,0.34,0.01,12021312900.0,873.03,500.0,17.39,2019-02-20,17.39,873.03
20190221,000905,中证小盘500指数,中证500,CSI Smallcap 500 Index,CSI 500,4666.28,4750.42,4643.11,4659.14,-8.48,-0.18,14595111300.0,1113.29,500.0,17.36,2019-02-21,17.36,1113.29
20190222,000905,中证小盘500指数,中证500,CSI Smallcap 500 Index,CSI 500,4651.54,4777.3,4649.22,4777.3,118.15,2.54,14616614200.0,1115.4,500.0,17.77,2019-02-22,17.77,1115.4
20190225,000905,中证小盘500指数,中证500,CSI Smallcap 500 Index,CSI 500,4840.54,5045.08,4835.48,5044.35,267.05,5.59,24178357900.0,1905.41,500.0,18.75,2019-02-25,18.75,1905.41
20190226,000905,中证小盘500指数,中证500,CSI Smallcap 500 Index,CSI 500,5059.28,5149.62,5004.55,5038.54,-5.8,-0.12,26283326500.0,1962.58,500.0,18.76,2019-02-26,18.76,1962.58
20190227,000905,中证小盘500指数,中证500,CSI Smallcap 500 Index,CSI 500,5027.39,5093.8,4964.62,5017.88,-20.66,-0.41,20885408700.0,1554.72,500.0,18.7,2019-02-27,18.7,1554.72
20190228,000905,中证小盘500指数,中证500,CSI Smallcap 500 Index,CSI 500,5017.44,5072.67,4994.05,5025.29,7.41,0.15,15604287700.0,1169.72,500.0,18.73,2019-02-28,18.73,1169.72
20190301,000905,中证小盘500指数,中证500,CSI Smallcap 500 Index,CSI 500,5047.23,5067.31,4984.99,5067.23,41.93,0.83,14982833000.0,1127.65,500.0,18.89,2019-03-01,18.89,1127.65
20190304,000905,中证小盘500指数,中证500,CSI Smallcap 500 Index,CSI 500,5112.95,5253.39,5108.28,5158.25,91.02,1.8,23244686400.0,1837.82,500.0,19.21,2019-03-04,19.21,1837.82
20190305,000905,中证小盘500指数,中证500,CSI Smallcap 500 Index,CSI 500,5146.62,5295.29,5125.15,5295.29,137.04,2.66,20689126100.0,1680.46,500.0,19.68,2019-03-05,19.68,1680.46
20190306,000905,中证小盘500指数,中证500,CSI Smallcap 500 Index,CSI 500,5328.13,5395.55,5256.79,5390.03,94.74,1.79,26496431800.0,2095.13,500.0,19.99,2019-03-06,19.99,2095.13
20190307,000905,中证小盘500指数,中证500,CSI Smallcap 500 Index,CSI 500,5381.23,5512.64,5353.57,5458.62,68.59,1.27,26696722000.0,2148.12,500.0,20.2,2019-03-07,20.2,2148.12
20190308,000905,中证小盘500指数,中证500,CSI Smallcap 500 Index,CSI 500,5340.11,5480.17,5245.53,5245.7,-212.92,-3.9,28568024900.0,2298.68,500.0,19.42,2019-03-08,19.42,2298.68
20190311,000905,中证小盘500指数,中证500,CSI Smallcap 500 Index,CSI 500,5279.75,5456.42,5272.19,5456.38,210.68,4.02,21425221300.0,1857.67,500.0,20.21,2019-03-11,20.21,1857.67
20190312,000905,中证小盘500指数,中证500,CSI Smallcap 500 Index,CSI 500,5500.94,5591.69,5458.76,5551.0,94.62,1.73,24933399300.0,2162.16,500.0,20.57,2019-03-12,20.57,2162.16
20190313,000905,中证小盘500指数,中证500,CSI Smallcap 500 Index,CSI 500,5557.16,5557.16,5388.25,5424.86,-126.14,-2.27,22434923600.0,2014.84,500.0,20.14,2019-03-13,20.14,2014.84
20190314,000905,中证小盘500指数,中证500,CSI Smallcap 500 Index,CSI 500,5381.11,5432.52,5236.75,5298.5,-126.36,-2.33,17860867900.0,1542.89,500.0,19.71,2019-03-14,19.71,1542.89
20190315,000905,中证小盘500指数,中证500,CSI Smallcap 500 Index,CSI 500,5328.81,5418.33,5308.06,5359.01,60.51,1.14,15284646500.0,1396.82,500.0,19.95,2019-03-15,19.95,1396.82
20190318,000905,中证小盘500指数,中证500,CSI Smallcap 500 Index,CSI 500,5387.38,5501.18,5333.26,5501.18,142.17,2.65,17265525500.0,1538.84,500.0,20.47,2019-03-18,20.47,1538.84
20190319,000905,中证小盘500指数,中证500,CSI Smallcap 500 Index,CSI 500,5505.7,5555.12,5486.8,5522.18,21.0,0.38,16671393100.0,1502.34,500.0,20.55,2019-03-19,20.55,1502.34
20190320,000905,中证小盘500指数,中证500,CSI Smallcap 500 Index,CSI 500,5518.31,5533.05,5415.75,5515.79,-6.39,-0.12,17682073500.0,1543.8,500.0,20.53,2019-03-20,20.53,1543.8
20190321,000905,中证小盘500指数,中证500,CSI Smallcap 500 Index,CSI 500,5525.99,5634.66,5513.39,5589.48,73.69,1.34,20715004500.0,1840.05,500.0,20.79,2019-03-21,20.79,1840.05
20190322,000905,中证小盘500指数,中证500,CSI Smallcap 500 Index,CSI 500,5591.04,5625.1,5505.81,5622.14,32.66,0.58,18195482300.0,1686.1,500.0,20.93,2019-03-22,20.93,1686.1
20190325,000905,中证小盘500指数,中证500,CSI Smallcap 500 Index,CSI 500,5521.25,5629.23,5507.36,5549.67,-72.47,-1.29,17843293700.0,1663.84,500.0,20.65,2019-03-25,20.65,1663.84
20190326,000905,中证小盘500指数,中证500,CSI Smallcap 500 Index,CSI 500,5571.53,5589.41,5380.85,5394.88,-154.79,-2.79,17616473000.0,1605.4,500.0,20.1,2019-03-26,20.1,1605.4
20190327,000905,中证小盘500指数,中证500,CSI Smallcap 500 Index,CSI 500,5431.98,5447.88,5333.78,5447.88,53.0,0.98,14495660800.0,1347.15,500.0,20.33,2019-03-27,20.33,1347.15
20190328,000905,中证小盘500指数,中证500,CSI Smallcap 500 Index,CSI 500,5432.94,5487.77,5370.12,5370.12,-77.76,-1.43,14926108200.0,1413.12,500.0,19.99,2019-03-28,19.99,1413.12
20190329,000905,中证小盘500指数,中证500,CSI Smallcap 500 Index,CSI 500,5370.42,5550.76,5346.21,5547.66,177.53,3.31,17833301700.0,1649.55,500.0,20.64,2019-03-29,20.64,1649.55
20190401,000905,中证小盘500指数,中证500,CSI Smallcap 500 Index,CSI 500,5591.67,5763.58,5591.67,5757.84,210.18,3.79,22118163100.0,2084.65,500.0,21.41,2019-04-01,21.41,2084.65
20190402,000905,中证小盘500指数,中证500,CSI Smallcap 500 Index,CSI 500,5794.79,5833.02,5750.33,5775.55,17.71,0.31,22875028400.0,2160.18,500.0,21.47,2019-04-02,21.47,2160.18
20190403,000905,中证小盘500指数,中证500,CSI Smallcap 500 Index,CSI 500,5744.22,5843.47,5724.13,5836.04,60.49,1.05,19910476300.0,1823.04,500.0,21.7,2019-04-03,21.7,1823.04
20190404,000905,中证小盘500指数,中证500,CSI Smallcap 500 Index,CSI 500,5868.39,5894.99,5813.46,5871.56,35.52,0.61,20883485900.0,1968.45,500.0,21.83,2019-04-04,21.83,1968.45
20190408,000905,中证小盘500指数,中证500,CSI Smallcap 500 Index,CSI 500,5921.21,5939.5,5765.91,5847.63,-23.93,-0.41,23831746600.0,2229.07,500.0,21.73,2019-04-08,21.73,2229.07
20190409,000905,中证小盘500指数,中证500,CSI Smallcap 500 Index,CSI 500,5834.29,5877.84,5798.37,5858.05,10.42,0.18,17936350200.0,1690.73,500.0,21.78,2019-04-09,21.78,1690.73
20190410,000905,中证小盘500指数,中证500,CSI Smallcap 500 Index,CSI 500,5826.03,5906.43,5782.37,5850.76,-7.29,-0.12,17875360700.0,1726.72,500.0,21.76,2019-04-10,21.76,1726.72
20190411,000905,中证小盘500指数,中证500,CSI Smallcap 500 Index,CSI 500,5852.64,5866.92,5720.55,5727.17,-123.59,-2.11,16587607300.0,1573.97,500.0,21.31,2019-04-11,21.31,1573.97
20190412,000905,中证小盘500指数,中证500,CSI Smallcap 500 Index,CSI 500,5720.05,5749.34,5673.74,5714.37,-12.81,-0.22,14007834100.0,1261.22,500.0,21.25,2019-04-12,21.25,1261.22
20190415,000905,中证小盘500指数,中证500,CSI Smallcap 500 Index,CSI 500,5795.5,5815.39,5654.34,5655.98,-58.39,-1.02,15775413600.0,1479.33,500.0,21.05,2019-04-15,21.05,1479.33
20190416,000905,中证小盘500指数,中证500,CSI Smallcap 500 Index,CSI 500,5625.12,5777.01,5583.61,5777.01,121.03,2.14,15602963200.0,1473.95,500.0,21.49,2019-04-16,21.49,1473.95
20190417,000905,中证小盘500指数,中证500,CSI Smallcap 500 Index,CSI 500,5776.64,5840.62,5758.0,5807.73,30.72,0.53,16980015500.0,1588.57,500.0,21.58,2019-04-17,21.58,1588.57
20190418,000905,中证小盘500指数,中证500,CSI Smallcap 500 Index,CSI 500,5804.3,5826.67,5762.57,5775.17,-32.56,-0.56,15132250500.0,1414.07,500.0,21.47,2019-04-18,21.47,1414.07
20190419,000905,中证小盘500指数,中证500,CSI Smallcap 500 Index,CSI 500,5762.5,5810.18,5710.8,5810.18,35.01,0.61,14872428900.0,1335.07,500.0,21.59,2019-04-19,21.59,1335.07
20190422,000905,中证小盘500指数,中证500,CSI Smallcap 500 Index,CSI 500,5821.02,5824.52,5704.98,5723.04,-87.14,-1.5,15816102600.0,1434.11,500.0,21.25,2019-04-22,21.25,1434.11
20190423,000905,中证小盘500指数,中证500,CSI Smallcap 500 Index,CSI 500,5710.73,5710.73,5610.74,5628.06,-94.98,-1.66,14987146100.0,1337.68,500.0,20.94,2019-04-23,20.94,1337.68
20190424,000905,中证小盘500指数,中证500,CSI Smallcap 500 Index,CSI 500,5636.4,5682.48,5568.41,5679.73,51.66,0.92,13478441200.0,1219.71,500.0,21.1,2019-04-24,21.1,1219.71
20190425,000905,中证小盘500指数,中证500,CSI Smallcap 500 Index,CSI 500,5652.01,5662.79,5457.83,5458.42,-221.31,-3.9,15140171800.0,1320.99,500.0,20.28,2019-04-25,20.28,1320.99
20190426,000905,中证小盘500指数,中证500,CSI Smallcap 500 Index,CSI 500,5427.62,5496.04,5407.19,5408.03,-50.39,-0.92,12427988000.0,1089.71,500.0,20.09,2019-04-26,20.09,1089.71
20190429,000905,中证小盘500指数,中证500,CSI Smallcap 500 Index,CSI 500,5405.16,5421.66,5252.05,5265.6,-142.43,-2.63,13867238700.0,1197.13,500.0,19.62,2019-04-29,19.62,1197.13
20190430,000905,中证小盘500指数,中证500,CSI Smallcap 500 Index,CSI 500,5244.04,5349.94,5244.04,5307.56,41.96,0.8,10219034000.0,908.5,500.0,19.77,2019-04-30,19.77,908.5
20190506,000905,中证小盘500指数,中证500,CSI Smallcap 500 Index,CSI 500,5122.47,5125.16,4874.64,4908.8,-398.76,-7.51,14338623300.0,1165.98,500.0,19.46,2019-05-06,19.46,1165.98
20190507,000905,中证小盘500指数,中证500,CSI Smallcap 500 Index,CSI 500,4933.04,4990.19,4886.06,4973.4,64.61,1.32,11657368700.0,976.61,500.0,19.73,2019-05-07,19.73,976.61
20190508,000905,中证小盘500指数,中证500,CSI Smallcap 500 Index,CSI 500,4865.79,5028.53,4842.56,4947.74,-25.66,-0.52,10773812100.0,885.03,500.0,19.61,2019-05-08,19.61,885.03
20190509,000905,中证小盘500指数,中证500,CSI Smallcap 500 Index,CSI 500,4897.98,4955.78,4879.69,4888.41,-59.33,-1.2,9093465600.0,754.39,500.0,19.38,2019-05-09,19.38,754.39
20190510,000905,中证小盘500指数,中证500,CSI Smallcap 500 Index,CSI 500,4940.48,5064.32,4842.61,5064.32,175.91,3.6,12217748300.0,1039.27,500.0,20.07,2019-05-10,20.07,1039.27
20190513,000905,中证小盘500指数,中证500,CSI Smallcap 500 Index,CSI 500,5009.47,5040.5,4985.19,5005.9,-58.42,-1.15,9173639400.0,812.69,500.0,19.79,2019-05-13,19.79,812.69
20190514,000905,中证小盘500指数,中证500,CSI Smallcap 500 Index,CSI 500,4942.39,5018.41,4941.93,4965.61,-40.29,-0.8,8754096900.0,782.69,500.0,19.63,2019-05-14,19.63,782.69
20190515,000905,中证小盘500指数,中证500,CSI Smallcap 500 Index,CSI 500,5002.61,5086.73,4999.34,5076.56,110.94,2.23,9746386000.0,881.5,500.0,20.07,2019-05-15,20.07,881.5
20190516,000905,中证小盘500指数,中证500,CSI Smallcap 500 Index,CSI 500,5071.11,5118.44,5059.21,5108.36,31.8,0.63,10442216600.0,912.06,500.0,20.16,2019-05-16,20.16,912.06
20190517,000905,中证小盘500指数,中证500,CSI Smallcap 500 Index,CSI 500,5112.24,5116.99,4923.67,4942.58,-165.78,-3.25,11907121300.0,1039.31,500.0,19.5,2019-05-17,19.5,1039.31
20190520,000905,中证小盘500指数,中证500,CSI Smallcap 500 Index,CSI 500,4937.18,4947.75,4835.81,4923.56,-19.02,-0.38,9568649700.0,842.72,500.0,19.4,2019-05-20,19.4,842.72
20190521,000905,中证小盘500指数,中证500,CSI Smallcap 500 Index,CSI 500,4917.34,5026.28,4904.82,5009.87,86.31,1.75,10083707300.0,913.01,500.0,19.72,2019-05-21,19.72,913.01
20190522,000905,中证小盘500指数,中证500,CSI Smallcap 500 Index,CSI 500,5002.16,5018.11,4941.01,4976.39,-33.48,-0.67,9409270900.0,865.08,500.0,19.41,2019-05-22,19.41,865.08
20190523,000905,中证小盘500指数,中证500,CSI Smallcap 500 Index,CSI 500,4955.25,4957.99,4860.19,4872.92,-103.47,-2.08,9056368100.0,825.83,500.0,19.02,2019-05-23,19.02,825.83
20190524,000905,中证小盘500指数,中证500,CSI Smallcap 500 Index,CSI 500,4848.58,4892.46,4831.34,4841.76,-31.16,-0.64,7793343600.0,693.05,500.0,18.92,2019-05-24,18.92,693.05
20190527,000905,中证小盘500指数,中证500,CSI Smallcap 500 Index,CSI 500,4848.64,4974.27,4824.14,4962.95,121.19,2.5,9307641400.0,816.78,500.0,19.37,2019-05-27,19.37,816.78
20190528,000905,中证小盘500指数,中证500,CSI Smallcap 500 Index,CSI 500,4965.59,5002.25,4933.9,4955.49,-7.46,-0.15,9026398900.0,836.42,500.0,19.34,2019-05-28,19.34,836.42
20190529,000905,中证小盘500指数,中证500,CSI Smallcap 500 Index,CSI 500,4943.57,4992.99,4930.43,4956.86,1.38,0.03,8587685200.0,786.41,500.0,19.32,2019-05-29,19.32,786.41
20190530,000905,中证小盘500指数,中证500,CSI Smallcap 500 Index,CSI 500,4933.5,4933.85,4865.78,4926.4,-30.46,-0.61,9477960200.0,808.23,500.0,19.2,2019-05-30,19.2,808.23
20190531,000905,中证小盘500指数,中证500,CSI Smallcap 500 Index,CSI 500,4923.92,4969.05,4902.74,4912.0,-14.4,-0.29,8671672900.0,757.31,500.0,19.17,2019-05-31,19.17,757.31
20190603,000905,中证小盘500指数,中证500,CSI Smallcap 500 Index,CSI 500,4921.71,4942.07,4838.35,4853.82,-58.19,-1.18,9854083000.0,835.81,500.0,18.86,2019-06-03,18.86,835.81
20190604,000905,中证小盘500指数,中证500,CSI Smallcap 500 Index,CSI 500,4847.66,4853.81,4768.04,4795.41,-58.4,-1.2,8675165300.0,772.51,500.0,18.62,2019-06-04,18.62,772.51
20190605,000905,中证小盘500指数,中证500,CSI Smallcap 500 Index,CSI 500,4837.9,4850.8,4777.98,4783.82,-11.59,-0.24,8130016500.0,727.73,500.0,18.56,2019-06-05,18.56,727.73
20190606,000905,中证小盘500指数,中证500,CSI Smallcap 500 Index,CSI 500,4776.49,4776.69,4668.54,4678.78,-105.04,-2.2,8341693100.0,704.3,500.0,18.16,2019-06-06,18.16,704.3
20190610,000905,中证小盘500指数,中证500,CSI Smallcap 500 Index,CSI 500,4693.76,4750.54,4662.78,4725.26,46.48,0.99,7336138100.0,632.65,500.0,18.31,2019-06-10,18.31,632.65
20190611,000905,中证小盘500指数,中证500,CSI Smallcap 500 Index,CSI 500,4730.81,4903.87,4728.48,4901.47,176.21,3.73,11681144600.0,996.7,500.0,18.95,2019-06-11,18.95,996.7
20190612,000905,中证小盘500指数,中证500,CSI Smallcap 500 Index,CSI 500,4889.36,4917.09,4852.98,4863.49,-37.98,-0.77,10784756100.0,946.85,500.0,18.77,2019-06-12,18.77,946.85
20190613,000905,中证小盘500指数,中证500,CSI Smallcap 500 Index,CSI 500,4855.54,4892.58,4831.52,4877.65,14.16,0.29,9617253800.0,796.97,500.0,18.67,2019-06-13,18.67,796.97
20190614,000905,中证小盘500指数,中证500,CSI Smallcap 500 Index,CSI 500,4880.23,4893.93,4786.2,4795.53,-82.12,-1.68,10280389400.0,831.41,500.0,18.37,2019-06-14,18.37,831.41
20190617,000905,中证小盘500指数,中证500,CSI Smallcap 500 Index,CSI 500,4796.12,4826.6,4779.64,4802.82,7.29,0.15,7336113800.0,640.9,500.0,18.66,2019-06-17,18.66,640.9
20190618,000905,中证小盘500指数,中证500,CSI Smallcap 500 Index,CSI 500,4804.3,4825.63,4773.55,4797.15,-5.67,-0.12,6652389700.0,566.95,500.0,18.61,2019-06-18,18.61,566.95
20190619,000905,中证小盘500指数,中证500,CSI Smallcap 500 Index,CSI 500,4902.96,4931.11,4856.9,4858.92,61.77,1.29,9827437600.0,882.47,500.0,18.86,2019-06-19,18.86,882.47
20190620,000905,中证小盘500指数,中证500,CSI Smallcap 500 Index,CSI 500,4853.21,4987.6,4837.18,4954.73,95.82,1.97,11969596100.0,1028.04,500.0,19.22,2019-06-20,19.22,1028.04
20190621,000905,中证小盘500指数,中证500,CSI Smallcap 500 Index,CSI 500,4973.59,5045.71,4973.59,5021.31,66.57,1.34,12281421400.0,1068.33,500.0,19.47,2019-06-21,19.47,1068.33
20190624,000905,中证小盘500指数,中证500,CSI Smallcap 500 Index,CSI 500,5032.37,5038.48,4996.17,5024.2,2.9,0.06,9962015700.0,864.42,500.0,19.47,2019-06-24,19.47,864.42
20190625,000905,中证小盘500指数,中证500,CSI Smallcap 500 Index,CSI 500,5020.2,5020.2,4910.2,4974.99,-49.22,-0.98,9920218000.0,857.14,500.0,19.29,2019-06-25,19.29,857.14
20190626,000905,中证小盘500指数,中证500,CSI Smallcap 500 Index,CSI 500,4943.78,4991.13,4928.73,4962.59,-12.39,-0.25,7003568700.0,642.07,500.0,19.26,2019-06-26,19.26,642.07
20190627,000905,中证小盘500指数,中证500,CSI Smallcap 500 Index,CSI 500,4974.99,5030.37,4972.67,5007.48,44.89,0.9,8163126600.0,771.18,500.0,19.43,2019-06-27,19.43,771.18
20190628,000905,中证小盘500指数,中证500,CSI Smallcap 500 Index,CSI 500,5005.19,5005.19,4920.43,4950.48,-57.0,-1.14,7716462800.0,702.71,500.0,19.21,2019-06-28,19.21,702.71
20190701,000905,中证小盘500指数,中证500,CSI Smallcap 500 Index,CSI 500,5044.66,5100.26,5016.24,5100.26,149.78,3.03,11163021400.0,1081.57,500.0,19.73,2019-07-01,19.73,1081.57
20190702,000905,中证小盘500指数,中证500,CSI Smallcap 500 Index,CSI 500,5092.84,5102.41,5066.25,5084.41,-15.85,-0.31,9708063700.0,916.18,500.0,19.67,2019-07-02,19.67,916.18
20190703,000905,中证小盘500指数,中证500,CSI Smallcap 500 Index,CSI 500,5074.71,5074.71,5021.9,5040.72,-43.69,-0.86,8535858900.0,792.1,500.0,19.49,2019-07-03,19.49,792.1
20190704,000905,中证小盘500指数,中证500,CSI Smallcap 500 Index,CSI 500,5046.88,5068.0,5002.33,5025.02,-15.7,-0.31,8014718900.0,720.16,500.0,19.4,2019-07-04,19.4,720.16
20190705,000905,中证小盘500指数,中证500,CSI Smallcap 500 Index,CSI 500,5026.33,5055.01,5001.52,5042.66,17.64,0.35,6490414100.0,605.52,500.0,19.29,2019-07-05,19.29,605.52
20190708,000905,中证小盘500指数,中证500,CSI Smallcap 500 Index,CSI 500,5028.63,5028.63,4855.21,4870.78,-171.88,-3.41,9176607700.0,814.31,500.0,18.63,2019-07-08,18.63,814.31
20190709,000905,中证小盘500指数,中证500,CSI Smallcap 500 Index,CSI 500,4868.48,4892.56,4838.94,4881.62,10.84,0.22,6101251200.0,567.55,500.0,18.66,2019-07-09,18.66,567.55
20190710,000905,中证小盘500指数,中证500,CSI Smallcap 500 Index,CSI 500,4891.91,4896.04,4829.28,4843.86,-37.76,-0.77,6079519200.0,552.61,500.0,18.51,2019-07-10,18.51,552.61
20190711,000905,中证小盘500指数,中证500,CSI Smallcap 500 Index,CSI 500,4867.68,4905.16,4821.55,4844.55,0.68,0.01,6262848400.0,564.83,500.0,18.51,2019-07-11,18.51,564.83
20190712,000905,中证小盘500指数,中证500,CSI Smallcap 500 Index,CSI 500,4848.22,4874.32,4820.66,4861.57,17.02,0.35,6147939800.0,540.65,500.0,18.59,2019-07-12,18.59,540.65
20190715,000905,中证小盘500指数,中证500,CSI Smallcap 500 Index,CSI 500,4850.89,4951.62,4787.91,4925.32,63.76,1.31,8459448100.0,758.65,500.0,18.81,2019-07-15,18.81,758.65
20190716,000905,中证小盘500指数,中证500,CSI Smallcap 500 Index,CSI 500,4917.79,4940.23,4909.66,4932.05,6.72,0.14,6892496200.0,609.59,500.0,18.82,2019-07-16,18.82,609.59
20190717,000905,中证小盘500指数,中证500,CSI Smallcap 500 Index,CSI 500,4930.65,4953.41,4914.49,4929.09,-2.96,-0.06,7536108800.0,658.61,500.0,18.8,2019-07-17,18.8,658.61
20190718,000905,中证小盘500指数,中证500,CSI Smallcap 500 Index,CSI 500,4909.72,4909.72,4843.51,4844.11,-84.98,-1.72,7263615800.0,598.49,500.0,18.48,2019-07-18,18.48,598.49
20190719,000905,中证小盘500指数,中证500,CSI Smallcap 500 Index,CSI 500,4861.21,4920.41,4861.2,4878.69,34.58,0.71,6859729800.0,573.91,500.0,18.68,2019-07-19,18.68,573.91
20190722,000905,中证小盘500指数,中证500,CSI Smallcap 500 Index,CSI 500,4885.43,4886.4,4766.07,4776.57,-102.12,-2.09,7219157800.0,611.99,500.0,18.32,2019-07-22,18.32,611.99
20190723,000905,中证小盘500指数,中证500,CSI Smallcap 500 Index,CSI 500,4778.05,4823.92,4778.05,4823.92,47.34,0.99,5472926300.0,483.01,500.0,18.49,2019-07-23,18.49,483.01
20190724,000905,中证小盘500指数,中证500,CSI Smallcap 500 Index,CSI 500,4837.77,4898.81,4837.77,4873.03,49.11,1.02,6945138300.0,635.86,500.0,18.67,2019-07-24,18.67,635.86
20190725,000905,中证小盘500指数,中证500,CSI Smallcap 500 Index,CSI 500,4873.17,4899.72,4861.77,4891.64,18.62,0.38,6738441800.0,655.41,500.0,18.74,2019-07-25,18.74,655.41
20190726,000905,中证小盘500指数,中证500,CSI Smallcap 500 Index,CSI 500,4880.72,4902.09,4868.2,4898.11,6.47,0.13,5925277700.0,571.91,500.0,18.78,2019-07-26,18.78,571.91
20190729,000905,中证小盘500指数,中证500,CSI Smallcap 500 Index,CSI 500,4897.65,4914.48,4872.55,4897.02,-1.09,-0.02,5658152100.0,548.16,500.0,18.76,2019-07-29,18.76,548.16
20190730,000905,中证小盘500指数,中证500,CSI Smallcap 500 Index,CSI 500,4902.84,4961.02,4902.78,4922.92,25.9,0.53,7119412700.0,655.54,500.0,18.86,2019-07-30,18.86,655.54
20190731,000905,中证小盘500指数,中证500,CSI Smallcap 500 Index,CSI 500,4914.04,4921.72,4892.56,4903.2,-19.71,-0.4,6275454700.0,587.76,500.0,18.78,2019-07-31,18.78,587.76
20190801,000905,中证小盘500指数,中证500,CSI Smallcap 500 Index,CSI 500,4877.56,4900.09,4850.53,4870.47,-32.73,-0.67,6433250400.0,618.02,500.0,18.65,2019-08-01,18.65,618.02
20190802,000905,中证小盘500指数,中证500,CSI Smallcap 500 Index,CSI 500,4773.43,4816.81,4756.4,4809.92,-60.55,-1.24,7900236100.0,738.48,500.0,18.42,2019-08-02,18.42,738.48
20190805,000905,中证小盘500指数,中证500,CSI Smallcap 500 Index,CSI 500,4795.91,4838.76,4749.94,4751.98,-57.94,-1.2,7161254200.0,690.26,500.0,18.19,2019-08-05,18.19,690.26
20190806,000905,中证小盘500指数,中证500,CSI Smallcap 500 Index,CSI 500,4665.84,4684.52,4558.06,4650.56,-101.42,-2.13,9866786600.0,842.39,500.0,17.81,2019-08-06,17.81,842.39
20190807,000905,中证小盘500指数,中证500,CSI Smallcap 500 Index,CSI 500,4678.43,4686.73,4624.74,4626.36,-24.2,-0.52,6741740600.0,623.45,500.0,17.71,2019-08-07,17.71,623.45
20190808,000905,中证小盘500指数,中证500,CSI Smallcap 500 Index,CSI 500,4641.87,4663.03,4636.24,4656.1,29.74,0.64,6007779600.0,567.43,500.0,17.82,2019-08-08,17.82,567.43
20190809,000905,中证小盘500指数,中证500,CSI Smallcap 500 Index,CSI 500,4677.25,4690.65,4593.22,4600.35,-55.75,-1.2,6444333700.0,644.77,500.0,17.63,2019-08-09,17.63,644.77
20190812,000905,中证小盘500指数,中证500,CSI Smallcap 500 Index,CSI 500,4608.12,4685.05,4591.66,4685.05,84.69,1.84,6194650700.0,621.48,500.0,17.95,2019-08-12,17.95,621.48
20190813,000905,中证小盘500指数,中证500,CSI Smallcap 500 Index,CSI 500,4649.35,4667.72,4638.03,4658.39,-26.66,-0.57,5869131700.0,577.31,500.0,17.84,2019-08-13,17.84,577.31
20190814,000905,中证小盘500指数,中证500,CSI Smallcap 500 Index,CSI 500,4713.5,4731.86,4677.13,4683.84,25.45,0.55,7114878700.0,694.39,500.0,17.95,2019-08-14,17.95,694.39
20190815,000905,中证小盘500指数,中证500,CSI Smallcap 500 Index,CSI 500,4585.09,4709.36,4576.46,4706.55,22.71,0.48,7826161100.0,726.18,500.0,18.03,2019-08-15,18.03,726.18
20190816,000905,中证小盘500指数,中证500,CSI Smallcap 500 Index,CSI 500,4702.14,4755.95,4696.92,4722.66,16.11,0.34,7754245800.0,765.02,500.0,18.09,2019-08-16,18.09,765.02
20190819,000905,中证小盘500指数,中证500,CSI Smallcap 500 Index,CSI 500,4765.06,4875.04,4765.06,4875.04,152.37,3.23,10658092600.0,1051.44,500.0,18.67,2019-08-19,18.67,1051.44
20190820,000905,中证小盘500指数,中证500,CSI Smallcap 500 Index,CSI 500,4878.67,4912.99,4864.82,4872.61,-2.43,-0.05,10020229300.0,948.25,500.0,18.66,2019-08-20,18.66,948.25
20190821,000905,中证小盘500指数,中证500,CSI Smallcap 500 Index,CSI 500,4865.72,4896.29,4859.33,4882.72,10.12,0.21,8494079000.0,831.22,500.0,18.71,2019-08-21,18.71,831.22
20190822,000905,中证小盘500指数,中证500,CSI Smallcap 500 Index,CSI 500,4894.36,4896.58,4851.97,4887.91,5.19,0.11,8223811000.0,820.31,500.0,18.71,2019-08-22,18.71,820.31
20190823,000905,中证小盘500指数,中证500,CSI Smallcap 500 Index,CSI 500,4888.53,4902.78,4861.2,4887.9,-0.01,0.0,8250252800.0,811.79,500.0,18.71,2019-08-23,18.71,811.79
20190826,000905,中证小盘500指数,中证500,CSI Smallcap 500 Index,CSI 500,4799.48,4867.3,4793.84,4855.46,-32.44,-0.66,8845314400.0,867.8,500.0,18.58,2019-08-26,18.58,867.8
20190827,000905,中证小盘500指数,中证500,CSI Smallcap 500 Index,CSI 500,4878.29,4976.58,4878.29,4936.12,80.67,1.66,10819263700.0,1053.76,500.0,18.87,2019-08-27,18.87,1053.76
20190828,000905,中证小盘500指数,中证500,CSI Smallcap 500 Index,CSI 500,4929.89,4948.02,4910.6,4928.19,-7.93,-0.16,9899429300.0,921.69,500.0,18.81,2019-08-28,18.81,921.69
20190829,000905,中证小盘500指数,中证500,CSI Smallcap 500 Index,CSI 500,4937.59,4954.96,4912.22,4934.18,5.99,0.12,9681799600.0,940.62,500.0,18.84,2019-08-29,18.84,940.62
20190830,000905,中证小盘500指数,中证500,CSI Smallcap 500 Index,CSI 500,4963.28,4975.97,4862.58,4886.49,-47.69,-0.97,10245163400.0,1081.35,500.0,18.67,2019-08-30,18.67,1081.35
20190902,000905,中证小盘500指数,中证500,CSI Smallcap 500 Index,CSI 500,4894.05,5020.26,4890.23,5008.3,121.8,2.49,10829293000.0,1092.04,500.0,19.75,2019-09-02,19.75,1092.04
20190903,000905,中证小盘500指数,中证500,CSI Smallcap 500 Index,CSI 500,5019.4,5044.18,4999.89,5044.18,35.88,0.72,10909044900.0,1150.53,500.0,19.88,2019-09-03,19.88,1150.53
20190904,000905,中证小盘500指数,中证500,CSI Smallcap 500 Index,CSI 500,5036.52,5093.27,5027.67,5093.27,49.09,0.97,12249922400.0,1232.08,500.0,20.06,2019-09-04,20.06,1232.08
20190905,000905,中证小盘500指数,中证500,CSI Smallcap 500 Index,CSI 500,5119.57,5209.0,5119.43,5138.41,45.14,0.89,15894736900.0,1607.37,500.0,20.24,2019-09-05,20.24,1607.37
20190906,000905,中证小盘500指数,中证500,CSI Smallcap 500 Index,CSI 500,5152.19,5167.48,5111.73,5154.64,16.23,0.32,11279857600.0,1226.05,500.0,20.29,2019-09-06,20.29,1226.05
20190909,000905,中证小盘500指数,中证500,CSI Smallcap 500 Index,CSI 500,5202.71,5263.46,5171.85,5263.46,108.82,2.11,13294192700.0,1395.42,500.0,20.69,2019-09-09,20.69,1395.42
20190910,000905,中证小盘500指数,中证500,CSI Smallcap 500 Index,CSI 500,5264.33,5264.33,5212.53,5245.31,-18.15,-0.34,13111154700.0,1381.75,500.0,20.63,2019-09-10,20.63,1381.75
20190911,000905,中证小盘500指数,中证500,CSI Smallcap 500 Index,CSI 500,5262.49,5273.97,5206.97,5217.29,-28.01,-0.53,11560394100.0,1190.62,500.0,20.53,2019-09-11,20.53,1190.62
20190912,000905,中证小盘500指数,中证500,CSI Smallcap 500 Index,CSI 500,5230.29,5255.79,5197.57,5242.61,25.32,0.49,9604422600.0,998.74,500.0,20.61,2019-09-12,20.61,998.74
20190916,000905,中证小盘500指数,中证500,CSI Smallcap 500 Index,CSI 500,5263.3,5279.59,5228.29,5250.34,7.73,0.15,11413633900.0,1169.64,500.0,20.63,2019-09-16,20.63,1169.64
20190917,000905,中证小盘500指数,中证500,CSI Smallcap 500 Index,CSI 500,5237.56,5237.56,5118.21,5140.45,-109.89,-2.09,11477143500.0,1136.56,500.0,20.24,2019-09-17,20.24,1136.56
20190918,000905,中证小盘500指数,中证500,CSI Smallcap 500 Index,CSI 500,5148.06,5163.81,5119.61,5141.04,0.59,0.01,8955599900.0,920.44,500.0,20.26,2019-09-18,20.26,920.44
20190919,000905,中证小盘500指数,中证500,CSI Smallcap 500 Index,CSI 500,5150.5,5191.67,5126.15,5191.67,50.63,0.98,8812931100.0,927.24,500.0,20.45,2019-09-19,20.45,927.24
20190920,000905,中证小盘500指数,中证500,CSI Smallcap 500 Index,CSI 500,5198.73,5220.24,5180.08,5204.48,12.82,0.25,9418643800.0,1042.7,500.0,20.52,2019-09-20,20.52,1042.7
20190923,000905,中证小盘500指数,中证500,CSI Smallcap 500 Index,CSI 500,5192.88,5192.88,5124.8,5171.48,-33.0,-0.63,9465768000.0,1037.57,500.0,20.39,2019-09-23,20.39,1037.57
20190924,000905,中证小盘500指数,中证500,CSI Smallcap 500 Index,CSI 500,5168.12,5237.41,5159.33,5180.74,9.26,0.18,9452799600.0,1085.9,500.0,20.44,2019-09-24,20.44,1085.9
20190925,000905,中证小盘500指数,中证500,CSI Smallcap 500 Index,CSI 500,5162.15,5162.15,5087.01,5087.01,-93.73,-1.81,9220292000.0,1037.69,500.0,20.09,2019-09-25,20.09,1037.69
20190926,000905,中证小盘500指数,中证500,CSI Smallcap 500 Index,CSI 500,5099.52,5108.8,4970.24,4970.24,-116.77,-2.3,9467075200.0,1009.09,500.0,19.66,2019-09-26,19.66,1009.09
20190927,000905,中证小盘500指数,中证500,CSI Smallcap 500 Index,CSI 500,4974.03,5033.19,4974.03,5005.63,35.39,0.71,7432983300.0,777.74,500.0,19.77,2019-09-27,19.77,777.74
20190930,000905,中证小盘500指数,中证500,CSI Smallcap 500 Index,CSI 500,5009.14,5022.43,4940.9,4940.9,-64.73,-1.29,6578513000.0,669.77,500.0,19.53,2019-09-30,19.53,669.77
20191008,000905,中证小盘500指数,中证500,CSI Smallcap 500 Index,CSI 500,4955.08,4994.44,4937.03,4941.76,0.86,0.02,6644342500.0,695.28,500.0,19.54,2019-10-08,19.54,695.28
20191009,000905,中证小盘500指数,中证500,CSI Smallcap 500 Index,CSI 500,4926.21,4985.44,4904.32,4982.95,41.19,0.83,6650575900.0,672.24,500.0,19.71,2019-10-09,19.71,672.24
20191010,000905,中证小盘500指数,中证500,CSI Smallcap 500 Index,CSI 500,4988.14,5049.22,4979.19,5046.36,63.41,1.27,7381815400.0,759.62,500.0,19.97,2019-10-10,19.97,759.62
20191011,000905,中证小盘500指数,中证500,CSI Smallcap 500 Index,CSI 500,5057.81,5074.9,5012.38,5055.52,9.16,0.18,8278601600.0,826.93,500.0,20.0,2019-10-11,20.0,826.93
20191014,000905,中证小盘500指数,中证500,CSI Smallcap 500 Index,CSI 500,5095.22,5151.69,5089.31,5131.13,75.61,1.5,10368887800.0,1007.38,500.0,20.3,2019-10-14,20.3,1007.38
20191015,000905,中证小盘500指数,中证500,CSI Smallcap 500 Index,CSI 500,5115.25,5115.25,5057.28,5061.0,-70.13,-1.37,8832143000.0,864.95,500.0,20.05,2019-10-15,20.05,864.95
20191016,000905,中证小盘500指数,中证500,CSI Smallcap 500 Index,CSI 500,5064.33,5086.97,5036.5,5038.36,-22.65,-0.45,7822140800.0,737.44,500.0,19.97,2019-10-16,19.97,737.44
20191017,000905,中证小盘500指数,中证500,CSI Smallcap 500 Index,CSI 500,5039.27,5049.36,5017.47,5029.85,-8.5,-0.17,7051450800.0,659.43,500.0,19.93,2019-10-17,19.93,659.43
20191018,000905,中证小盘500指数,中证500,CSI Smallcap 500 Index,CSI 500,5033.82,5056.56,4953.15,4961.81,-68.05,-1.35,8203885000.0,744.31,500.0,19.66,2019-10-18,19.66,744.31
20191021,000905,中证小盘500指数,中证500,CSI Smallcap 500 Index,CSI 500,4956.79,4957.24,4906.36,4951.04,-10.77,-0.22,6989927100.0,653.66,500.0,19.61,2019-10-21,19.61,653.66
20191022,000905,中证小盘500指数,中证500,CSI Smallcap 500 Index,CSI 500,4954.11,5011.01,4954.11,5005.55,54.52,1.1,6553498200.0,636.28,500.0,19.82,2019-10-22,19.82,636.28
20191023,000905,中证小盘500指数,中证500,CSI Smallcap 500 Index,CSI 500,5009.36,5009.94,4955.06,4967.19,-38.36,-0.77,6903650700.0,655.59,500.0,19.65,2019-10-23,19.65,655.59
20191024,000905,中证小盘500指数,中证500,CSI Smallcap 500 Index,CSI 500,4961.69,4972.76,4921.11,4958.25,-8.95,-0.18,6486844300.0,620.75,500.0,19.62,2019-10-24,19.62,620.75
20191025,000905,中证小盘500指数,中证500,CSI Smallcap 500 Index,CSI 500,4953.33,5001.51,4922.08,4994.57,36.32,0.73,7315877700.0,726.73,500.0,19.76,2019-10-25,19.76,726.73
20191028,000905,中证小盘500指数,中证500,CSI Smallcap 500 Index,CSI 500,5026.06,5084.69,5026.06,5084.47,89.9,1.8,10290739500.0,1010.65,500.0,20.06,2019-10-28,20.06,1010.65
20191029,000905,中证小盘500指数,中证500,CSI Smallcap 500 Index,CSI 500,5080.93,5080.93,5007.71,5007.71,-76.76,-1.51,10870630500.0,1052.75,500.0,19.79,2019-10-29,19.79,1052.75
20191030,000905,中证小盘500指数,中证500,CSI Smallcap 500 Index,CSI 500,4975.67,4984.4,4938.1,4947.9,-59.82,-1.19,8576215500.0,836.2,500.0,19.58,2019-10-30,19.58,836.2
20191031,000905,中证小盘500指数,中证500,CSI Smallcap 500 Index,CSI 500,4950.03,4967.75,4911.38,4917.42,-30.48,-0.62,7958268700.0,796.51,500.0,19.49,2019-10-31,19.49,796.51
20191101,000905,中证小盘500指数,中证500,CSI Smallcap 500 Index,CSI 500,4908.65,4967.05,4896.01,4962.35,44.93,0.91,7415565600.0,724.47,500.0,20.11,2019-11-01,20.11,724.47
20191104,000905,中证小盘500指数,中证500,CSI Smallcap 500 Index,CSI 500,4974.36,5016.94,4974.36,4987.84,25.49,0.51,8127822700.0,822.42,500.0,20.21,2019-11-04,20.21,822.42
20191105,000905,中证小盘500指数,中证500,CSI Smallcap 500 Index,CSI 500,4995.46,5041.24,4972.72,5025.3,37.47,0.75,8507295100.0,842.36,500.0,20.46,2019-11-05,20.46,842.36
20191106,000905,中证小盘500指数,中证500,CSI Smallcap 500 Index,CSI 500,5022.1,5027.79,4955.83,4974.73,-50.57,-1.01,8321627500.0,827.04,500.0,20.27,2019-11-06,20.27,827.04
20191107,000905,中证小盘500指数,中证500,CSI Smallcap 500 Index,CSI 500,4970.53,5020.22,4960.84,5007.07,32.33,0.65,7209219800.0,706.13,500.0,20.39,2019-11-07,20.39,706.13
20191108,000905,中证小盘500指数,中证500,CSI Smallcap 500 Index,CSI 500,5036.66,5051.56,4985.95,4988.29,-18.77,-0.37,7909655600.0,803.02,500.0,20.31,2019-11-08,20.31,803.02
20191111,000905,中证小盘500指数,中证500,CSI Smallcap 500 Index,CSI 500,4961.19,4961.19,4868.43,4876.16,-112.13,-2.25,7709640100.0,719.51,500.0,19.89,2019-11-11,19.89,719.51
20191112,000905,中证小盘500指数,中证500,CSI Smallcap 500 Index,CSI 500,4878.97,4887.3,4823.43,4881.61,5.46,0.11,6878549300.0,640.25,500.0,19.9,2019-11-12,19.9,640.25
20191113,000905,中证小盘500指数,中证500,CSI Smallcap 500 Index,CSI 500,4878.97,4888.19,4853.59,4875.54,-6.07,-0.12,6060640800.0,601.62,500.0,19.92,2019-11-13,19.92,601.62
20191114,000905,中证小盘500指数,中证500,CSI Smallcap 500 Index,CSI 500,4875.25,4925.44,4871.56,4912.11,36.56,0.75,6391011200.0,682.79,500.0,20.06,2019-11-14,20.06,682.79
20191115,000905,中证小盘500指数,中证500,CSI Smallcap 500 Index,CSI 500,4910.21,4936.98,4868.44,4868.44,-43.67,-0.89,7007640400.0,740.51,500.0,19.89,2019-11-15,19.89,740.51
20191118,000905,中证小盘500指数,中证500,CSI Smallcap 500 Index,CSI 500,4862.28,4901.0,4851.39,4892.46,24.02,0.49,6396537200.0,639.15,500.0,19.99,2019-11-18,19.99,639.15
20191119,000905,中证小盘500指数,中证500,CSI Smallcap 500 Index,CSI 500,4892.34,4975.11,4890.76,4975.11,82.65,1.69,7236336900.0,732.3,500.0,20.32,2019-11-19,20.32,732.3
20191120,000905,中证小盘500指数,中证500,CSI Smallcap 500 Index,CSI 500,4975.76,4991.7,4941.91,4946.28,-28.84,-0.58,7899827700.0,813.88,500.0,20.18,2019-11-20,20.18,813.88
20191121,000905,中证小盘500指数,中证500,CSI Smallcap 500 Index,CSI 500,4929.85,4963.09,4919.59,4945.72,-0.56,-0.01,6616751300.0,632.82,500.0,20.19,2019-11-21,20.19,632.82
20191122,000905,中证小盘500指数,中证500,CSI Smallcap 500 Index,CSI 500,4954.31,5018.06,4876.81,4904.08,-41.64,-0.84,8802769500.0,893.07,500.0,19.99,2019-11-22,19.99,893.07
20191125,000905,中证小盘500指数,中证500,CSI Smallcap 500 Index,CSI 500,4904.99,4915.35,4853.84,4901.5,-2.58,-0.05,8634726500.0,786.2,500.0,19.98,2019-11-25,19.98,786.2
20191126,000905,中证小盘500指数,中证500,CSI Smallcap 500 Index,CSI 500,4906.43,4920.68,4882.16,4882.16,-19.34,-0.39,8125973000.0,745.5,500.0,19.9,2019-11-26,19.9,745.5
20191127,000905,中证小盘500指数,中证500,CSI Smallcap 500 Index,CSI 500,4881.4,4935.63,4872.3,4904.26,22.09,0.45,7264694000.0,700.88,500.0,20.0,2019-11-27,20.0,700.88
20191128,000905,中证小盘500指数,中证500,CSI Smallcap 500 Index,CSI 500,4897.65,4916.8,4878.01,4889.26,-15.0,-0.31,5967231400.0,569.26,500.0,19.94,2019-11-28,19.94,569.26
20191129,000905,中证小盘500指数,中证500,CSI Smallcap 500 Index,CSI 500,4888.35,4909.41,4850.59,4894.94,5.68,0.12,6139562000.0,589.34,500.0,19.95,2019-11-29,19.95,589.34
20191202,000905,中证小盘500指数,中证500,CSI Smallcap 500 Index,CSI 500,4897.63,4930.59,4889.32,4905.42,10.48,0.21,6315015900.0,615.17,500.0,20.0,2019-12-02,20.0,615.17
20191203,000905,中证小盘500指数,中证500,CSI Smallcap 500 Index,CSI 500,4889.41,4926.45,4863.66,4926.45,21.03,0.43,6034552500.0,599.7,500.0,20.09,2019-12-03,20.09,599.7
20191204,000905,中证小盘500指数,中证500,CSI Smallcap 500 Index,CSI 500,4902.49,4935.57,4901.04,4920.67,-5.79,-0.12,6349645000.0,650.49,500.0,20.07,2019-12-04,20.07,650.49
20191205,000905,中证小盘500指数,中证500,CSI Smallcap 500 Index,CSI 500,4927.78,4978.99,4923.11,4967.6,46.93,0.95,7407710400.0,779.91,500.0,20.27,2019-12-05,20.27,779.91
20191206,000905,中证小盘500指数,中证500,CSI Smallcap 500 Index,CSI 500,4968.04,5010.51,4954.79,5010.51,42.91,0.86,7370595700.0,776.16,500.0,20.45,2019-12-06,20.45,776.16
20191209,000905,中证小盘500指数,中证500,CSI Smallcap 500 Index,CSI 500,5020.22,5040.24,5005.84,5024.6,14.09,0.28,8848641500.0,925.02,500.0,20.5,2019-12-09,20.5,925.02
20191210,000905,中证小盘500指数,中证500,CSI Smallcap 500 Index,CSI 500,5012.47,5054.31,4998.15,5049.05,24.45,0.49,8293633000.0,856.21,500.0,20.57,2019-12-10,20.57,856.21
20191211,000905,中证小盘500指数,中证500,CSI Smallcap 500 Index,CSI 500,5044.94,5052.35,5007.56,5027.28,-21.77,-0.43,8601103800.0,871.99,500.0,20.52,2019-12-11,20.52,871.99
20191212,000905,中证小盘500指数,中证500,CSI Smallcap 500 Index,CSI 500,5025.49,5044.2,5008.37,5012.0,-15.28,-0.3,8005543900.0,820.32,500.0,20.46,2019-12-12,20.46,820.32
20191213,000905,中证小盘500指数,中证500,CSI Smallcap 500 Index,CSI 500,5047.9,5082.76,5029.88,5073.69,61.68,1.23,9997918400.0,1002.15,500.0,20.72,2019-12-13,20.72,1002.15
20191216,000905,中证小盘500指数,中证500,CSI Smallcap 500 Index,CSI 500,5095.35,5166.04,5081.91,5166.04,92.35,1.82,11652253300.0,1180.78,500.0,20.37,2019-12-16,20.37,1180.78
20191217,000905,中证小盘500指数,中证500,CSI Smallcap 500 Index,CSI 500,5167.23,5257.83,5161.15,5236.06,70.02,1.36,15021914200.0,1430.08,500.0,20.64,2019-12-17,20.64,1430.08
20191218,000905,中证小盘500指数,中证500,CSI Smallcap 500 Index,CSI 500,5235.48,5267.41,5221.7,5235.12,-0.94,-0.02,12926439800.0,1263.81,500.0,20.67,2019-12-18,20.67,1263.81
20191219,000905,中证小盘500指数,中证500,CSI Smallcap 500 Index,CSI 500,5236.92,5255.17,5215.88,5241.74,6.61,0.13,11366629400.0,1113.19,500.0,20.7,2019-12-19,20.7,1113.19
20191220,000905,中证小盘500指数,中证500,CSI Smallcap 500 Index,CSI 500,5244.21,5258.01,5182.06,5184.68,-57.06,-1.09,11799847200.0,1074.05,500.0,20.49,2019-12-20,20.49,1074.05
20191223,000905,中证小盘500指数,中证500,CSI Smallcap 500 Index,CSI 500,5161.28,5188.85,5079.44,5084.35,-100.32,-1.94,10565253000.0,982.15,500.0,20.14,2019-12-23,20.14,982.15
20191224,000905,中证小盘500指数,中证500,CSI Smallcap 500 Index,CSI 500,5098.81,5165.16,5092.91,5162.07,77.72,1.53,8545191600.0,802.44,500.0,20.41,2019-12-24,20.41,802.44
20191225,000905,中证小盘500指数,中证500,CSI Smallcap 500 Index,CSI 500,5157.37,5195.87,5153.51,5183.1,21.03,0.41,9591867600.0,973.21,500.0,20.49,2019-12-25,20.49,973.21
20191226,000905,中证小盘500指数,中证500,CSI Smallcap 500 Index,CSI 500,5181.38,5219.14,5171.44,5219.14,36.04,0.7,9562553300.0,891.69,500.0,20.62,2019-12-26,20.62,891.69
20191227,000905,中证小盘500指数,中证500,CSI Smallcap 500 Index,CSI 500,5223.47,5252.79,5175.85,5179.19,-39.95,-0.77,12625962800.0,1162.73,500.0,20.47,2019-12-27,20.47,1162.73
20191230,000905,中证小盘500指数,中证500,CSI Smallcap 500 Index,CSI 500,5160.31,5242.12,5119.86,5241.94,62.75,1.21,11686945600.0,1068.36,500.0,20.72,2019-12-30,20.72,1068.36
20191231,000905,中证小盘500指数,中证500,CSI Smallcap 500 Index,CSI 500,5239.91,5269.87,5228.17,5267.66,25.72,0.49,10388965800.0,953.57,500.0,20.83,2019-12-31,20.83,953.57
20200102,000905,中证小盘500指数,中证500,CSI Smallcap 500 Index,CSI 500,5306.67,5374.91,5288.17,5366.14,98.48,1.87,14589440500.0,1368.14,500.0,21.18,2020-01-02,21.18,1368.14
20200103,000905,中证小盘500指数,中证500,CSI Smallcap 500 Index,CSI 500,5376.03,5395.26,5351.8,5380.64,14.5,0.27,12845202100.0,1222.0,500.0,21.21,2020-01-03,21.21,1222.0
20200106,000905,中证小盘500指数,中证500,CSI Smallcap 500 Index,CSI 500,5365.22,5481.55,5355.02,5434.85,54.21,1.01,15958741400.0,1581.91,500.0,21.39,2020-01-06,21.39,1581.91
20200107,000905,中证小盘500指数,中证500,CSI Smallcap 500 Index,CSI 500,5441.9,5499.84,5440.69,5499.84,64.99,1.2,14414272200.0,1421.94,500.0,21.64,2020-01-07,21.64,1421.94
20200108,000905,中证小盘500指数,中证500,CSI Smallcap 500 Index,CSI 500,5481.98,5500.16,5409.57,5423.8,-76.04,-1.38,15540684700.0,1498.38,500.0,21.35,2020-01-08,21.35,1498.38
20200109,000905,中证小盘500指数,中证500,CSI Smallcap 500 Index,CSI 500,5465.86,5497.54,5457.35,5497.54,73.75,1.36,13243166700.0,1359.61,500.0,21.64,2020-01-09,21.64,1359.61
20200110,000905,中证小盘500指数,中证500,CSI Smallcap 500 Index,CSI 500,5511.67,5516.09,5455.25,5480.23,-17.32,-0.31,11381982100.0,1181.97,500.0,21.6,2020-01-10,21.6,1181.97
20200113,000905,中证小盘500指数,中证500,CSI Smallcap 500 Index,CSI 500,5478.32,5559.63,5447.73,5559.63,79.4,1.45,11807618100.0,1286.52,500.0,21.91,2020-01-13,21.91,1286.52
20200114,000905,中证小盘500指数,中证500,CSI Smallcap 500 Index,CSI 500,5576.63,5583.72,5539.9,5542.33,-17.3,-0.31,12981138300.0,1348.45,500.0,21.84,2020-01-14,21.84,1348.45
20200115,000905,中证小盘500指数,中证500,CSI Smallcap 500 Index,CSI 500,5532.96,5545.1,5492.65,5530.03,-12.31,-0.22,11242502000.0,1181.43,500.0,21.77,2020-01-15,21.77,1181.43
20200116,000905,中证小盘500指数,中证500,CSI Smallcap 500 Index,CSI 500,5539.42,5559.02,5514.69,5527.67,-2.36,-0.04,11189727600.0,1223.38,500.0,21.76,2020-01-16,21.76,1223.38
20200117,000905,中证小盘500指数,中证500,CSI Smallcap 500 Index,CSI 500,5539.72,5555.41,5499.47,5510.05,-17.62,-0.32,10494932900.0,1104.92,500.0,21.71,2020-01-17,21.71,1104.92
20200120,000905,中证小盘500指数,中证500,CSI Smallcap 500 Index,CSI 500,5523.01,5587.54,5500.59,5587.54,77.49,1.41,11540300100.0,1282.12,500.0,22.01,2020-01-20,22.01,1282.12
20200121,000905,中证小盘500指数,中证500,CSI Smallcap 500 Index,CSI 500,5581.01,5581.98,5515.19,5523.94,-63.59,-1.14,12460480800.0,1352.21,500.0,21.76,2020-01-21,21.76,1352.21
20200122,000905,中证小盘500指数,中证500,CSI Smallcap 500 Index,CSI 500,5502.59,5597.99,5440.2,5575.51,51.57,0.93,12347477000.0,1382.5,500.0,21.95,2020-01-22,21.95,1382.5
20200123,000905,中证小盘500指数,中证500,CSI Smallcap 500 Index,CSI 500,5521.79,5558.43,5326.93,5377.74,-197.77,-3.55,14577307100.0,1618.62,500.0,21.19,2020-01-23,21.19,1618.62
20200203,000905,中证小盘500指数,中证500,CSI Smallcap 500 Index,CSI 500,4896.89,4960.75,4896.89,4910.9,-466.84,-8.68,8177708400.0,894.55,500.0,19.34,2020-02-03,19.34,894.55
20200204,000905,中证小盘500指数,中证500,CSI Smallcap 500 Index,CSI 500,4736.12,5013.77,4736.12,4996.47,85.57,1.74,18967227900.0,1753.75,500.0,19.67,2020-02-04,19.67,1753.75
20200205,000905,中证小盘500指数,中证500,CSI Smallcap 500 Index,CSI 500,5035.41,5178.44,5026.41,5123.96,127.49,2.55,17109533900.0,1773.52,500.0,20.14,2020-02-05,20.14,1773.52
20200206,000905,中证小盘500指数,中证500,CSI Smallcap 500 Index,CSI 500,5128.19,5299.18,5100.48,5282.89,158.93,3.1,18595745600.0,1972.74,500.0,20.74,2020-02-06,20.74,1972.74
20200207,000905,中证小盘500指数,中证500,CSI Smallcap 500 Index,CSI 500,5287.27,5329.36,5226.7,5327.04,44.14,0.84,19114764200.0,2034.96,500.0,20.89,2020-02-07,20.89,2034.96
20200210,000905,中证小盘500指数,中证500,CSI Smallcap 500 Index,CSI 500,5322.01,5389.04,5301.41,5388.43,61.4,1.15,17670328200.0,1867.68,500.0,21.13,2020-02-10,21.13,1867.68
20200211,000905,中证小盘500指数,中证500,CSI Smallcap 500 Index,CSI 500,5390.53,5396.96,5323.76,5361.28,-27.16,-0.5,15250817700.0,1573.03,500.0,21.08,2020-02-11,21.08,1573.03
20200212,000905,中证小盘500指数,中证500,CSI Smallcap 500 Index,CSI 500,5345.52,5461.67,5340.49,5459.95,98.67,1.84,15104147300.0,1645.52,500.0,21.42,2020-02-12,21.42,1645.52
20200213,000905,中证小盘500指数,中证500,CSI Smallcap 500 Index,CSI 500,5456.66,5482.8,5397.23,5412.84,-47.1,-0.86,15820264200.0,1756.8,500.0,21.24,2020-02-13,21.24,1756.8
20200214,000905,中证小盘500指数,中证500,CSI Smallcap 500 Index,CSI 500,5407.47,5474.47,5375.93,5420.8,7.96,0.15,14534649600.0,1627.42,500.0,21.25,2020-02-14,21.25,1627.42
20200217,000905,中证小盘500指数,中证500,CSI Smallcap 500 Index,CSI 500,5454.46,5594.44,5454.46,5594.44,173.63,3.2,17463665700.0,1838.79,500.0,21.91,2020-02-17,21.91,1838.79
20200218,000905,中证小盘500指数,中证500,CSI Smallcap 500 Index,CSI 500,5607.84,5660.81,5577.9,5660.81,66.38,1.19,18509870100.0,2064.29,500.0,22.14,2020-02-18,22.14,2064.29
20200219,000905,中证小盘500指数,中证500,CSI Smallcap 500 Index,CSI 500,5654.18,5678.82,5601.39,5603.26,-57.55,-1.02,18564208500.0,2105.91,500.0,21.95,2020-02-19,21.95,2105.91
20200220,000905,中证小盘500指数,中证500,CSI Smallcap 500 Index,CSI 500,5619.52,5712.18,5580.07,5706.71,103.45,1.85,19207602600.0,2055.65,500.0,22.35,2020-02-20,22.35,2055.65
20200221,000905,中证小盘500指数,中证500,CSI Smallcap 500 Index,CSI 500,5704.84,5822.4,5700.95,5784.03,77.32,1.35,20723623900.0,2301.75,500.0,22.62,2020-02-21,22.62,2301.75
20200224,000905,中证小盘500指数,中证500,CSI Smallcap 500 Index,CSI 500,5784.58,5884.14,5754.68,5865.47,81.43,1.41,21809896200.0,2501.54,500.0,22.89,2020-02-24,22.89,2501.54
20200225,000905,中证小盘500指数,中证500,CSI Smallcap 500 Index,CSI 500,5745.62,5912.27,5643.88,5897.72,32.26,0.55,26736667800.0,3019.61,500.0,22.99,2020-02-25,22.99,3019.61
20200226,000905,中证小盘500指数,中证500,CSI Smallcap 500 Index,CSI 500,5824.05,5885.27,5724.5,5743.39,-154.33,-2.62,26637508000.0,2810.46,500.0,22.42,2020-02-26,22.42,2810.46
20200227,000905,中证小盘500指数,中证500,CSI Smallcap 500 Index,CSI 500,5770.22,5829.04,5689.54,5753.73,10.33,0.18,20469487500.0,2219.02,500.0,22.47,2020-02-27,22.47,2219.02
20200228,000905,中证小盘500指数,中证500,CSI Smallcap 500 Index,CSI 500,5558.42,5641.77,5438.85,5451.29,-302.44,-5.26,22430670900.0,2328.8,500.0,21.35,2020-02-28,21.35,2328.8
20200302,000905,中证小盘500指数,中证500,CSI Smallcap 500 Index,CSI 500,5516.44,5683.24,5505.27,5656.42,205.13,3.76,19951161200.0,2135.05,500.0,22.15,2020-03-02,22.15,2135.05
20200303,000905,中证小盘500指数,中证500,CSI Smallcap 500 Index,CSI 500,5756.79,5832.35,5658.12,5710.02,53.6,0.95,22632549400.0,2442.04,500.0,22.34,2020-03-03,22.34,2442.04
20200304,000905,中证小盘500指数,中证500,CSI Smallcap 500 Index,CSI 500,5670.5,5719.18,5603.93,5716.51,6.49,0.11,18513309800.0,1949.8,500.0,22.35,2020-03-04,22.35,1949.8
20200305,000905,中证小盘500指数,中证500,CSI Smallcap 500 Index,CSI 500,5795.25,5811.21,5732.17,5801.12,84.61,1.48,21723222100.0,2172.38,500.0,22.69,2020-03-05,22.69,2172.38
20200306,000905,中证小盘500指数,中证500,CSI Smallcap 500 Index,CSI 500,5737.1,5802.63,5723.73,5763.86,-37.26,-0.64,18529714700.0,1774.96,500.0,22.52,2020-03-06,22.52,1774.96
20200309,000905,中证小盘500指数,中证500,CSI Smallcap 500 Index,CSI 500,5668.64,5699.92,5525.82,5525.82,-238.04,-4.13,21853808900.0,2120.42,500.0,21.62,2020-03-09,21.62,2120.42
20200310,000905,中证小盘500指数,中证500,CSI Smallcap 500 Index,CSI 500,5459.17,5675.88,5423.43,5675.11,149.29,2.7,20840287700.0,2104.72,500.0,22.18,2020-03-10,22.18,2104.72
20200311,000905,中证小盘500指数,中证500,CSI Smallcap 500 Index,CSI 500,5692.72,5708.92,5589.53,5589.53,-85.58,-1.51,18775091200.0,1900.1,500.0,21.88,2020-03-11,21.88,1900.1
20200312,000905,中证小盘500指数,中证500,CSI Smallcap 500 Index,CSI 500,5507.32,5549.35,5446.79,5493.88,-95.65,-1.71,15875315700.0,1541.03,500.0,21.5,2020-03-12,21.5,1541.03
20200313,000905,中证小盘500指数,中证500,CSI Smallcap 500 Index,CSI 500,5225.51,5507.39,5224.73,5457.2,-36.68,-0.67,19526665900.0,1884.05,500.0,21.31,2020-03-13,21.31,1884.05
20200316,000905,中证小盘500指数,中证500,CSI Smallcap 500 Index,CSI 500,5496.89,5496.89,5183.34,5200.11,-257.09,-4.71,18684995200.0,1849.24,500.0,20.34,2020-03-16,20.34,1849.24
20200317,000905,中证小盘500指数,中证500,CSI Smallcap 500 Index,CSI 500,5245.52,5300.56,5052.65,5212.06,11.95,0.23,15913787800.0,1525.51,500.0,20.37,2020-03-17,20.37,1525.51
20200318,000905,中证小盘500指数,中证500,CSI Smallcap 500 Index,CSI 500,5257.94,5333.12,5119.47,5119.47,-92.59,-1.78,16428660400.0,1605.36,500.0,20.03,2020-03-18,20.03,1605.36
20200319,000905,中证小盘500指数,中证500,CSI Smallcap 500 Index,CSI 500,5119.94,5185.09,5020.44,5157.82,38.35,0.75,15459370200.0,1486.81,500.0,20.14,2020-03-19,20.14,1486.81
20200320,000905,中证小盘500指数,中证500,CSI Smallcap 500 Index,CSI 500,5217.49,5225.03,5129.07,5219.28,61.46,1.19,12751328900.0,1315.19,500.0,20.41,2020-03-20,20.41,1315.19
20200323,000905,中证小盘500指数,中证500,CSI Smallcap 500 Index,CSI 500,5079.35,5129.14,4981.67,4998.91,-220.37,-4.22,13868474500.0,1337.28,500.0,19.6,2020-03-23,19.6,1337.28
20200324,000905,中证小盘500指数,中证500,CSI Smallcap 500 Index,CSI 500,5089.15,5118.04,4963.29,5096.04,97.13,1.94,14078770500.0,1373.71,500.0,19.99,2020-03-24,19.99,1373.71
20200325,000905,中证小盘500指数,中证500,CSI Smallcap 500 Index,CSI 500,5200.78,5229.22,5160.39,5217.42,121.38,2.38,14688107000.0,1423.1,500.0,20.45,2020-03-25,20.45,1423.1
20200326,000905,中证小盘500指数,中证500,CSI Smallcap 500 Index,CSI 500,5180.47,5227.47,5157.15,5166.11,-51.31,-0.98,12565245000.0,1269.82,500.0,20.24,2020-03-26,20.24,1269.82
20200327,000905,中证小盘500指数,中证500,CSI Smallcap 500 Index,CSI 500,5222.85,5227.79,5134.49,5137.34,-28.77,-0.56,11704507300.0,1184.81,500.0,20.17,2020-03-27,20.17,1184.81
20200330,000905,中证小盘500指数,中证500,CSI Smallcap 500 Index,CSI 500,5073.7,5074.63,4974.32,5027.49,-109.85,-2.14,12398131600.0,1245.59,500.0,19.78,2020-03-30,19.78,1245.59
20200331,000905,中证小盘500指数,中证500,CSI Smallcap 500 Index,CSI 500,5073.52,5090.57,5030.57,5041.45,13.97,0.28,11160561200.0,1065.38,500.0,19.86,2020-03-31,19.86,1065.38
20200401,000905,中证小盘500指数,中证500,CSI Smallcap 500 Index,CSI 500,5029.58,5108.18,5007.71,5019.22,-22.23,-0.44,11215411100.0,1106.51,500.0,19.76,2020-04-01,19.76,1106.51
20200402,000905,中证小盘500指数,中证500,CSI Smallcap 500 Index,CSI 500,4998.63,5147.2,4998.11,5147.2,127.98,2.55,11335107800.0,1178.22,500.0,20.38,2020-04-02,20.38,1178.22
20200403,000905,中证小盘500指数,中证500,CSI Smallcap 500 Index,CSI 500,5143.52,5161.57,5085.09,5107.04,-40.16,-0.78,10947897800.0,1127.51,500.0,20.23,2020-04-03,20.23,1127.51
20200407,000905,中证小盘500指数,中证500,CSI Smallcap 500 Index,CSI 500,5202.55,5273.09,5197.58,5267.07,160.03,3.13,14510945200.0,1468.27,500.0,20.84,2020-04-07,20.84,1468.27
20200408,000905,中证小盘500指数,中证500,CSI Smallcap 500 Index,CSI 500,5243.16,5291.41,5232.62,5271.8,4.72,0.09,13778625400.0,1365.0,500.0,20.85,2020-04-08,20.85,1365.0
20200409,000905,中证小盘500指数,中证500,CSI Smallcap 500 Index,CSI 500,5301.27,5336.12,5289.38,5322.46,50.67,0.96,12509846200.0,1283.53,500.0,20.98,2020-04-09,20.98,1283.53
20200410,000905,中证小盘500指数,中证500,CSI Smallcap 500 Index,CSI 500,5321.79,5321.79,5197.98,5208.51,-113.95,-2.14,12381638800.0,1264.68,500.0,20.59,2020-04-10,20.59,1264.68
20200413,000905,中证小盘500指数,中证500,CSI Smallcap 500 Index,CSI 500,5176.44,5198.37,5140.85,5169.18,-39.33,-0.76,9818099300.0,1013.56,500.0,20.43,2020-04-13,20.43,1013.56
20200414,000905,中证小盘500指数,中证500,CSI Smallcap 500 Index,CSI 500,5197.17,5288.59,5189.82,5288.59,119.42,2.31,11018824400.0,1189.17,500.0,20.88,2020-04-14,20.88,1189.17
20200415,000905,中证小盘500指数,中证500,CSI Smallcap 500 Index,CSI 500,5291.97,5320.58,5264.01,5268.75,-19.84,-0.38,12247740000.0,1280.26,500.0,20.82,2020-04-15,20.82,1280.26
20200416,000905,中证小盘500指数,中证500,CSI Smallcap 500 Index,CSI 500,5245.92,5328.12,5238.43,5316.97,48.22,0.92,12074219300.0,1220.69,500.0,20.99,2020-04-16,20.99,1220.69
20200417,000905,中证小盘500指数,中证500,CSI Smallcap 500 Index,CSI 500,5354.98,5377.15,5309.58,5318.45,1.48,0.03,13696983300.0,1567.46,500.0,21.0,2020-04-17,21.0,1567.46
20200420,000905,中证小盘500指数,中证500,CSI Smallcap 500 Index,CSI 500,5329.87,5381.79,5311.2,5381.79,63.33,1.19,12064218200.0,1308.26,500.0,21.24,2020-04-20,21.24,1308.26
20200421,000905,中证小盘500指数,中证500,CSI Smallcap 500 Index,CSI 500,5358.6,5358.6,5287.66,5343.88,-37.91,-0.7,13074442600.0,1397.68,500.0,21.09,2020-04-21,21.09,1397.68
20200422,000905,中证小盘500指数,中证500,CSI Smallcap 500 Index,CSI 500,5304.73,5388.21,5296.26,5387.62,43.74,0.82,12359700600.0,1279.46,500.0,21.26,2020-04-22,21.26,1279.46
20200423,000905,中证小盘500指数,中证500,CSI Smallcap 500 Index,CSI 500,5402.65,5407.49,5354.94,5357.79,-29.83,-0.55,14461830200.0,1453.25,500.0,21.18,2020-04-23,21.18,1453.25
20200424,000905,中证小盘500指数,中证500,CSI Smallcap 500 Index,CSI 500,5350.54,5354.76,5258.57,5273.55,-84.24,-1.57,13138336700.0,1272.11,500.0,20.85,2020-04-24,20.85,1272.11
20200427,000905,中证小盘500指数,中证500,CSI Smallcap 500 Index,CSI 500,5278.98,5314.41,5249.31,5265.72,-7.82,-0.15,11713242700.0,1107.38,500.0,20.84,2020-04-27,20.84,1107.38
20200428,000905,中证小盘500指数,中证500,CSI Smallcap 500 Index,CSI 500,5268.13,5273.26,5102.06,5227.85,-37.88,-0.72,14082491000.0,1339.71,500.0,20.71,2020-04-28,20.71,1339.71
20200429,000905,中证小盘500指数,中证500,CSI Smallcap 500 Index,CSI 500,5203.71,5269.74,5201.47,5226.81,-1.03,-0.02,10592684900.0,1033.39,500.0,20.72,2020-04-29,20.72,1033.39
20200430,000905,中证小盘500指数,中证500,CSI Smallcap 500 Index,CSI 500,5261.05,5368.89,5261.05,5353.86,127.05,2.43,13303668600.0,1425.24,500.0,21.19,2020-04-30,21.19,1425.24
20200506,000905,中证小盘500指数,中证500,CSI Smallcap 500 Index,CSI 500,5320.94,5451.46,5318.44,5451.32,97.46,1.82,14167905000.0,1599.46,500.0,23.05,2020-05-06,23.05,1599.46
20200507,000905,中证小盘500指数,中证500,CSI Smallcap 500 Index,CSI 500,5454.25,5473.77,5425.8,5445.75,-5.56,-0.1,14014635400.0,1479.75,500.0,23.02,2020-05-07,23.02,1479.75
20200508,000905,中证小盘500指数,中证500,CSI Smallcap 500 Index,CSI 500,5474.87,5527.09,5467.65,5507.7,61.94,1.14,13631862200.0,1463.85,500.0,23.27,2020-05-08,23.27,1463.85
20200511,000905,中证小盘500指数,中证500,CSI Smallcap 500 Index,CSI 500,5529.11,5547.94,5466.62,5496.19,-11.5,-0.21,12985198500.0,1420.55,500.0,23.24,2020-05-11,23.24,1420.55
20200512,000905,中证小盘500指数,中证500,CSI Smallcap 500 Index,CSI 500,5494.07,5519.29,5441.7,5512.46,16.27,0.3,11594367700.0,1275.85,500.0,23.3,2020-05-12,23.3,1275.85
20200513,000905,中证小盘500指数,中证500,CSI Smallcap 500 Index,CSI 500,5495.9,5546.55,5483.99,5536.28,23.82,0.43,10789582200.0,1204.77,500.0,23.41,2020-05-13,23.41,1204.77
20200514,000905,中证小盘500指数,中证500,CSI Smallcap 500 Index,CSI 500,5513.08,5528.09,5485.02,5487.11,-49.17,-0.89,11919770100.0,1295.96,500.0,23.19,2020-05-14,23.19,1295.96
20200515,000905,中证小盘500指数,中证500,CSI Smallcap 500 Index,CSI 500,5510.15,5543.93,5486.26,5507.93,20.83,0.38,11265151100.0,1323.17,500.0,23.29,2020-05-15,23.29,1323.17
20200518,000905,中证小盘500指数,中证500,CSI Smallcap 500 Index,CSI 500,5522.72,5528.78,5454.96,5478.82,-29.11,-0.53,13365466400.0,1583.89,500.0,23.17,2020-05-18,23.17,1583.89
20200519,000905,中证小盘500指数,中证500,CSI Smallcap 500 Index,CSI 500,5515.03,5548.22,5504.23,5547.88,69.05,1.26,11200886000.0,1331.83,500.0,23.46,2020-05-19,23.46,1331.83
20200520,000905,中证小盘500指数,中证500,CSI Smallcap 500 Index,CSI 500,5545.04,5547.17,5473.79,5489.7,-58.17,-1.05,12349126400.0,1413.55,500.0,23.18,2020-05-20,23.18,1413.55
20200521,000905,中证小盘500指数,中证500,CSI Smallcap 500 Index,CSI 500,5508.2,5511.23,5415.6,5426.17,-63.53,-1.16,11455910800.0,1288.84,500.0,22.92,2020-05-21,22.92,1288.84
20200522,000905,中证小盘500指数,中证500,CSI Smallcap 500 Index,CSI 500,5421.73,5421.89,5307.3,5328.23,-97.95,-1.81,10641571100.0,1157.05,500.0,22.51,2020-05-22,22.51,1157.05
20200525,000905,中证小盘500指数,中证500,CSI Smallcap 500 Index,CSI 500,5323.97,5344.28,5293.23,5316.6,-11.62,-0.22,8438568100.0,913.75,500.0,22.49,2020-05-25,22.49,913.75
20200526,000905,中证小盘500指数,中证500,CSI Smallcap 500 Index,CSI 500,5341.11,5421.9,5341.08,5420.21,103.61,1.95,9096900800.0,993.51,500.0,22.89,2020-05-26,22.89,993.51
20200527,000905,中证小盘500指数,中证500,CSI Smallcap 500 Index,CSI 500,5426.56,5426.56,5358.47,5369.5,-50.71,-0.94,10396037100.0,1131.09,500.0,22.7,2020-05-27,22.7,1131.09
20200528,000905,中证小盘500指数,中证500,CSI Smallcap 500 Index,CSI 500,5367.27,5390.14,5290.29,5361.17,-8.33,-0.16,10252425100.0,1075.84,500.0,22.66,2020-05-28,22.66,1075.84
20200529,000905,中证小盘500指数,中证500,CSI Smallcap 500 Index,CSI 500,5349.57,5416.66,5336.07,5406.34,45.17,0.84,10500325000.0,1100.23,500.0,22.84,2020-05-29,22.84,1100.23
20200601,000905,中证小盘500指数,中证500,CSI Smallcap 500 Index,CSI 500,5446.29,5576.65,5446.29,5569.48,163.14,3.02,14169758201.0,1478.8,500.0,23.48,2020-06-01,23.48,1478.8
20200602,000905,中证小盘500指数,中证500,CSI Smallcap 500 Index,CSI 500,5595.36,5596.44,5544.19,5566.44,-3.04,-0.05,13902910300.0,1492.03,500.0,23.4,2020-06-02,23.4,1492.03
20200603,000905,中证小盘500指数,中证500,CSI Smallcap 500 Index,CSI 500,5583.7,5618.29,5567.07,5572.31,5.87,0.11,13834551900.0,1462.18,500.0,23.43,2020-06-03,23.43,1462.18
20200604,000905,中证小盘500指数,中证500,CSI Smallcap 500 Index,CSI 500,5589.34,5597.26,5549.36,5576.75,4.44,0.08,12077846500.0,1238.1,500.0,23.45,2020-06-04,23.45,1238.1
20200605,000905,中证小盘500指数,中证500,CSI Smallcap 500 Index,CSI 500,5585.16,5592.35,5542.87,5585.42,8.67,0.16,11225389700.0,1151.67,500.0,23.48,2020-06-05,23.48,1151.67
20200608,000905,中证小盘500指数,中证500,CSI Smallcap 500 Index,CSI 500,5618.38,5627.19,5567.21,5575.3,-10.12,-0.18,11944619000.0,1280.61,500.0,23.44,2020-06-08,23.44,1280.61
20200609,000905,中证小盘500指数,中证500,CSI Smallcap 500 Index,CSI 500,5582.14,5616.04,5560.14,5610.38,35.07,0.63,11487092900.0,1193.79,500.0,23.5,2020-06-09,23.5,1193.79
20200610,000905,中证小盘500指数,中证500,CSI Smallcap 500 Index,CSI 500,5611.66,5616.61,5581.92,5615.24,4.86,0.09,10836809700.0,1141.15,500.0,23.55,2020-06-10,23.55,1141.15
20200611,000905,中证小盘500指数,中证500,CSI Smallcap 500 Index,CSI 500,5618.64,5673.31,5567.54,5589.1,-26.14,-0.47,12751545400.0,1445.95,500.0,23.4,2020-06-11,23.4,1445.95
20200612,000905,中证小盘500指数,中证500,CSI Smallcap 500 Index,CSI 500,5483.78,5620.21,5479.27,5591.49,2.39,0.04,12954546500.0,1421.38,500.0,23.45,2020-06-12,23.45,1421.38
20200615,000905,中证小盘500指数,中证500,CSI Smallcap 500 Index,CSI 500,5605.88,5661.97,5590.64,5590.64,-0.84,-0.02,14535977600.0,1525.67,500.0,22.5,2020-06-15,22.5,1525.67
20200616,000905,中证小盘500指数,中证500,CSI Smallcap 500 Index,CSI 500,5633.26,5695.3,5624.85,5695.3,104.66,1.87,13395170300.0,1420.88,500.0,22.95,2020-06-16,22.95,1420.88
20200617,000905,中证小盘500指数,中证500,CSI Smallcap 500 Index,CSI 500,5708.69,5735.42,5685.62,5735.42,40.12,0.7,14683751800.0,1536.83,500.0,23.12,2020-06-17,23.12,1536.83
20200618,000905,中证小盘500指数,中证500,CSI Smallcap 500 Index,CSI 500,5738.03,5744.45,5705.3,5734.4,-1.02,-0.02,15815436600.0,1607.63,500.0,23.11,2020-06-18,23.11,1607.63
20200619,000905,中证小盘500指数,中证500,CSI Smallcap 500 Index,CSI 500,5733.43,5796.36,5727.62,5787.15,52.75,0.92,14176809800.0,1478.27,500.0,23.32,2020-06-19,23.32,1478.27
20200622,000905,中证小盘500指数,中证500,CSI Smallcap 500 Index,CSI 500,5793.79,5815.39,5770.81,5784.03,-3.12,-0.05,14539234900.0,1573.7,500.0,23.27,2020-06-22,23.27,1573.7
20200623,000905,中证小盘500指数,中证500,CSI Smallcap 500 Index,CSI 500,5783.12,5809.28,5755.4,5804.34,20.32,0.35,12574812700.0,1402.77,500.0,23.35,2020-06-23,23.35,1402.77
20200624,000905,中证小盘500指数,中证500,CSI Smallcap 500 Index,CSI 500,5808.54,5824.31,5773.29,5789.09,-15.25,-0.26,11024143600.0,1285.37,500.0,23.28,2020-06-24,23.28,1285.37
20200629,000905,中证小盘500指数,中证500,CSI Smallcap 500 Index,CSI 500,5774.46,5789.16,5740.26,5762.44,-26.65,-0.46,11776115100.0,1316.71,500.0,23.19,2020-06-29,23.19,1316.71
20200630,000905,中证小盘500指数,中证500,CSI Smallcap 500 Index,CSI 500,5790.06,5875.33,5788.21,5864.42,101.98,1.77,11535032400.0,1396.72,500.0,23.57,2020-06-30,23.57,1396.72
20200701,000905,中证小盘500指数,中证500,CSI Smallcap 500 Index,CSI 500,5884.54,5885.87,5814.76,5881.89,17.47,0.3,14283298200.0,1614.38,500.0,23.63,2020-07-01,23.63,1614.38
20200702,000905,中证小盘500指数,中证500,CSI Smallcap 500 Index,CSI 500,5880.88,5979.99,5858.57,5975.28,93.39,1.59,20118138000.0,2000.63,500.0,23.98,2020-07-02,23.98,2000.63
20200703,000905,中证小盘500指数,中证500,CSI Smallcap 500 Index,CSI 500,5990.0,6052.52,5968.07,6051.51,76.23,1.28,22682681800.0,2170.88,500.0,24.26,2020-07-03,24.26,2170.88
20200706,000905,中证小盘500指数,中证500,CSI Smallcap 500 Index,CSI 500,6095.96,6318.31,6095.96,6299.86,248.35,4.1,30237648900.0,2917.42,500.0,25.22,2020-07-06,25.22,2917.42
20200707,000905,中证小盘500指数,中证500,CSI Smallcap 500 Index,CSI 500,6368.31,6480.03,6300.24,6380.03,80.17,1.27,32586542500.0,3293.27,500.0,25.53,2020-07-07,25.53,3293.27
20200708,000905,中证小盘500指数,中证500,CSI Smallcap 500 Index,CSI 500,6378.95,6541.44,6352.37,6535.42,155.39,2.44,28884738900.0,2922.62,500.0,26.12,2020-07-08,26.12,2922.62
20200709,000905,中证小盘500指数,中证500,CSI Smallcap 500 Index,CSI 500,6541.29,6712.14,6530.02,6693.75,158.33,2.42,31741227100.0,3345.83,500.0,26.75,2020-07-09,26.75,3345.83
20200710,000905,中证小盘500指数,中证500,CSI Smallcap 500 Index,CSI 500,6664.33,6763.81,6644.36,6676.44,-17.31,-0.26,28873667200.0,3225.1,500.0,26.69,2020-07-10,26.69,3225.1
20200713,000905,中证小盘500指数,中证500,CSI Smallcap 500 Index,CSI 500,6710.64,6899.62,6710.64,6899.52,223.08,3.34,29730559500.0,3351.86,500.0,27.53,2020-07-13,27.53,3351.86
20200714,000905,中证小盘500指数,中证500,CSI Smallcap 500 Index,CSI 500,6897.0,6897.0,6672.8,6807.73,-91.79,-1.33,29386829700.0,3418.55,500.0,27.26,2020-07-14,27.26,3418.55
20200715,000905,中证小盘500指数,中证500,CSI Smallcap 500 Index,CSI 500,6815.62,6838.15,6598.52,6638.84,-168.89,-2.48,25647283000.0,3008.8,500.0,26.68,2020-07-15,26.68,3008.8
20200716,000905,中证小盘500指数,中证500,CSI Smallcap 500 Index,CSI 500,6642.33,6711.0,6305.13,6320.0,-318.84,-4.8,25331587000.0,2770.08,500.0,25.34,2020-07-16,25.34,2770.08
20200717,000905,中证小盘500指数,中证500,CSI Smallcap 500 Index,CSI 500,6327.03,6447.51,6272.94,6344.59,24.59,0.39,19680390900.0,2150.77,500.0,25.45,2020-07-17,25.45,2150.77
20200720,000905,中证小盘500指数,中证500,CSI Smallcap 500 Index,CSI 500,6419.08,6526.83,6340.65,6526.83,182.24,2.87,21241322200.0,2258.49,500.0,26.17,2020-07-20,26.17,2258.49
20200721,000905,中证小盘500指数,中证500,CSI Smallcap 500 Index,CSI 500,6546.57,6591.01,6500.87,6563.32,36.49,0.56,19396594900.0,2146.82,500.0,26.35,2020-07-21,26.35,2146.82
20200722,000905,中证小盘500指数,中证500,CSI Smallcap 500 Index,CSI 500,6554.17,6699.69,6534.74,6620.69,57.37,0.87,21010119800.0,2329.47,500.0,26.59,2020-07-22,26.59,2329.47
20200723,000905,中证小盘500指数,中证500,CSI Smallcap 500 Index,CSI 500,6562.05,6629.21,6431.26,6620.09,-0.6,-0.01,20799246200.0,2408.82,500.0,26.6,2020-07-23,26.6,2408.82
20200724,000905,中证小盘500指数,中证500,CSI Smallcap 500 Index,CSI 500,6584.81,6609.29,6265.38,6283.98,-336.1,-5.08,21901777700.0,2472.33,500.0,25.27,2020-07-24,25.27,2472.33
20200727,000905,中证小盘500指数,中证500,CSI Smallcap 500 Index,CSI 500,6304.59,6337.33,6229.47,6298.74,14.75,0.23,14554248100.0,1680.23,500.0,25.32,2020-07-27,25.32,1680.23
20200728,000905,中证小盘500指数,中证500,CSI Smallcap 500 Index,CSI 500,6345.68,6385.39,6307.79,6359.66,60.93,0.97,13883814400.0,1624.4,500.0,25.61,2020-07-28,25.61,1624.4
20200729,000905,中证小盘500指数,中证500,CSI Smallcap 500 Index,CSI 500,6341.01,6530.27,6324.05,6530.27,170.61,2.68,15922168400.0,1868.98,500.0,26.27,2020-07-29,26.27,1868.98
20200730,000905,中证小盘500指数,中证500,CSI Smallcap 500 Index,CSI 500,6548.7,6564.78,6491.45,6511.44,-18.84,-0.29,17761556100.0,2092.85,500.0,26.22,2020-07-30,26.22,2092.85
20200731,000905,中证小盘500指数,中证500,CSI Smallcap 500 Index,CSI 500,6499.39,6619.26,6463.42,6579.67,68.23,1.05,17991294100.0,2078.62,500.0,26.49,2020-07-31,26.49,2078.62
20200803,000905,中证小盘500指数,中证500,CSI Smallcap 500 Index,CSI 500,6635.34,6739.81,6614.43,6739.81,160.14,2.43,20726674600.0,2409.47,500.0,27.1,2020-08-03,27.1,2409.47
20200804,000905,中证小盘500指数,中证500,CSI Smallcap 500 Index,CSI 500,6758.49,6764.9,6672.89,6697.71,-42.1,-0.62,20947893600.0,2450.85,500.0,26.99,2020-08-04,26.99,2450.85
20200805,000905,中证小盘500指数,中证500,CSI Smallcap 500 Index,CSI 500,6696.69,6790.01,6653.28,6772.84,75.14,1.12,18484381600.0,2179.94,500.0,27.26,2020-08-05,27.26,2179.94
20200806,000905,中证小盘500指数,中证500,CSI Smallcap 500 Index,CSI 500,6780.33,6792.28,6656.28,6770.3,-2.54,-0.04,20522984200.0,2409.29,500.0,27.23,2020-08-06,27.23,2409.29
20200807,000905,中证小盘500指数,中证500,CSI Smallcap 500 Index,CSI 500,6743.29,6755.53,6578.67,6688.88,-81.42,-1.2,19812821400.0,2279.77,500.0,26.95,2020-08-07,26.95,2279.77
20200810,000905,中证小盘500指数,中证500,CSI Smallcap 500 Index,CSI 500,6666.56,6768.87,6651.74,6725.3,36.41,0.54,17535322700.0,2103.91,500.0,27.1,2020-08-10,27.1,2103.91
20200811,000905,中证小盘500指数,中证500,CSI Smallcap 500 Index,CSI 500,6727.77,6756.85,6594.98,6600.85,-124.45,-1.85,18084577100.0,2034.28,500.0,26.59,2020-08-11,26.59,2034.28
20200812,000905,中证小盘500指数,中证500,CSI Smallcap 500 Index,CSI 500,6580.01,6599.66,6395.01,6528.4,-72.45,-1.1,17788904500.0,1979.69,500.0,26.26,2020-08-12,26.26,1979.69
20200813,000905,中证小盘500指数,中证500,CSI Smallcap 500 Index,CSI 500,6552.37,6592.12,6518.42,6552.66,24.26,0.37,16206051500.0,1668.12,500.0,26.33,2020-08-13,26.33,1668.12
20200814,000905,中证小盘500指数,中证500,CSI Smallcap 500 Index,CSI 500,6542.6,6629.51,6506.03,6623.56,70.91,1.08,15687598800.0,1613.01,500.0,26.65,2020-08-14,26.65,1613.01
20200817,000905,中证小盘500指数,中证500,CSI Smallcap 500 Index,CSI 500,6646.54,6752.32,6614.18,6744.55,120.98,1.83,20140735700.0,2075.41,500.0,27.18,2020-08-17,27.18,2075.41
20200818,000905,中证小盘500指数,中证500,CSI Smallcap 500 Index,CSI 500,6747.61,6811.56,6737.53,6789.4,44.85,0.66,18916617500.0,2085.76,500.0,27.39,2020-08-18,27.39,2085.76
20200819,000905,中证小盘500指数,中证500,CSI Smallcap 500 Index,CSI 500,6782.59,6782.59,6661.99,6666.27,-123.12,-1.81,19430913600.0,2054.76,500.0,26.92,2020-08-19,26.92,2054.76
20200820,000905,中证小盘500指数,中证500,CSI Smallcap 500 Index,CSI 500,6622.01,6672.49,6570.69,6593.79,-72.49,-1.09,15764625800.0,1634.29,500.0,26.62,2020-08-20,26.62,1634.29
20200821,000905,中证小盘500指数,中证500,CSI Smallcap 500 Index,CSI 500,6628.9,6686.02,6589.2,6643.94,50.16,0.76,14296349300.0,1531.28,500.0,26.82,2020-08-21,26.82,1531.28
20200824,000905,中证小盘500指数,中证500,CSI Smallcap 500 Index,CSI 500,6667.3,6702.75,6589.93,6688.96,45.02,0.68,14302035400.0,1579.49,500.0,27.01,2020-08-24,27.01,1579.49
20200825,000905,中证小盘500指数,中证500,CSI Smallcap 500 Index,CSI 500,6698.12,6734.44,6631.69,6652.55,-36.42,-0.54,14709813000.0,1582.43,500.0,26.89,2020-08-25,26.89,1582.43
20200826,000905,中证小盘500指数,中证500,CSI Smallcap 500 Index,CSI 500,6650.45,6660.76,6501.24,6525.88,-126.67,-1.9,15373477100.0,1705.46,500.0,26.39,2020-08-26,26.39,1705.46
20200827,000905,中证小盘500指数,中证500,CSI Smallcap 500 Index,CSI 500,6538.14,6585.72,6486.75,6578.79,52.91,0.81,12983619800.0,1421.4,500.0,26.59,2020-08-27,26.59,1421.4
20200828,000905,中证小盘500指数,中证500,CSI Smallcap 500 Index,CSI 500,6571.9,6695.36,6553.92,6691.21,112.42,1.71,14194959300.0,1558.79,500.0,27.07,2020-08-28,27.07,1558.79
20200831,000905,中证小盘500指数,中证500,CSI Smallcap 500 Index,CSI 500,6719.29,6765.89,6667.68,6668.43,-22.78,-0.34,15602438500.0,1733.13,500.0,26.96,2020-08-31,26.96,1733.13
20200901,000905,中证小盘500指数,中证500,CSI Smallcap 500 Index,CSI 500,6667.17,6710.46,6637.63,6710.46,42.03,0.63,12563249000.0,1402.04,500.0,26.71,2020-09-01,26.71,1402.04
20200902,000905,中证小盘500指数,中证500,CSI Smallcap 500 Index,CSI 500,6725.69,6742.55,6647.03,6717.56,7.1,0.11,14956254800.0,1608.18,500.0,26.71,2020-09-02,26.71,1608.18
20200903,000905,中证小盘500指数,中证500,CSI Smallcap 500 Index,CSI 500,6715.1,6732.67,6638.45,6662.25,-55.31,-0.82,14211033500.0,1515.92,500.0,26.51,2020-09-03,26.51,1515.92
20200904,000905,中证小盘500指数,中证500,CSI Smallcap 500 Index,CSI 500,6545.89,6631.03,6538.49,6618.58,-43.68,-0.66,12535846200.0,1320.77,500.0,26.28,2020-09-04,26.28,1320.77
20200907,000905,中证小盘500指数,中证500,CSI Smallcap 500 Index,CSI 500,6619.9,6669.39,6459.1,6478.81,-139.76,-2.11,15558174800.0,1672.16,500.0,25.67,2020-09-07,25.67,1672.16
20200908,000905,中证小盘500指数,中证500,CSI Smallcap 500 Index,CSI 500,6493.77,6543.0,6432.95,6525.1,46.29,0.71,16123031800.0,1481.49,500.0,25.78,2020-09-08,25.78,1481.49
20200909,000905,中证小盘500指数,中证500,CSI Smallcap 500 Index,CSI 500,6455.31,6471.48,6319.27,6349.22,-175.87,-2.7,21691635100.0,1766.89,500.0,25.09,2020-09-09,25.09,1766.89
20200910,000905,中证小盘500指数,中证500,CSI Smallcap 500 Index,CSI 500,6404.66,6414.96,6219.64,6235.57,-113.65,-1.79,18104949700.0,1493.35,500.0,24.74,2020-09-10,24.74,1493.35
20200911,000905,中证小盘500指数,中证500,CSI Smallcap 500 Index,CSI 500,6209.79,6319.67,6209.79,6311.97,76.4,1.23,12462919400.0,1156.91,500.0,25.05,2020-09-11,25.05,1156.91
20200914,000905,中证小盘500指数,中证500,CSI Smallcap 500 Index,CSI 500,6350.36,6381.18,6297.9,6351.24,39.28,0.62,13050227700.0,1293.04,500.0,25.15,2020-09-14,25.15,1293.04
20200915,000905,中证小盘500指数,中证500,CSI Smallcap 500 Index,CSI 500,6351.04,6388.13,6328.54,6387.88,36.64,0.58,11518415400.0,1170.77,500.0,25.32,2020-09-15,25.32,1170.77
20200916,000905,中证小盘500指数,中证500,CSI Smallcap 500 Index,CSI 500,6379.52,6387.77,6321.57,6353.84,-34.04,-0.53,11337988700.0,1125.04,500.0,25.18,2020-09-16,25.18,1125.04
20200917,000905,中证小盘500指数,中证500,CSI Smallcap 500 Index,CSI 500,6345.67,6416.01,6291.63,6367.02,13.18,0.21,11895968100.0,1236.82,500.0,25.21,2020-09-17,25.21,1236.82
20200918,000905,中证小盘500指数,中证500,CSI Smallcap 500 Index,CSI 500,6367.79,6473.6,6353.56,6469.47,102.45,1.61,13522626400.0,1367.89,500.0,25.6,2020-09-18,25.6,1367.89
20200921,000905,中证小盘500指数,中证500,CSI Smallcap 500 Index,CSI 500,6492.22,6515.34,6434.32,6445.96,-23.5,-0.36,12602372100.0,1336.4,500.0,25.52,2020-09-21,25.52,1336.4
20200922,000905,中证小盘500指数,中证500,CSI Smallcap 500 Index,CSI 500,6392.03,6462.98,6341.48,6358.65,-87.31,-1.35,12130589400.0,1229.9,500.0,25.18,2020-09-22,25.18,1229.9
20200923,000905,中证小盘500指数,中证500,CSI Smallcap 500 Index,CSI 500,6382.28,6411.2,6356.16,6392.03,33.38,0.52,9504883300.0,1060.27,500.0,25.32,2020-09-23,25.32,1060.27
20200924,000905,中证小盘500指数,中证500,CSI Smallcap 500 Index,CSI 500,6353.69,6354.68,6243.28,6244.64,-147.39,-2.31,11280146700.0,1126.25,500.0,24.73,2020-09-24,24.73,1126.25
20200925,000905,中证小盘500指数,中证500,CSI Smallcap 500 Index,CSI 500,6271.7,6285.47,6206.18,6236.89,-7.75,-0.12,8779878800.0,929.89,500.0,24.72,2020-09-25,24.72,929.89
20200928,000905,中证小盘500指数,中证500,CSI Smallcap 500 Index,CSI 500,6255.02,6261.93,6171.02,6178.47,-58.42,-0.94,7896291500.0,875.26,500.0,24.54,2020-09-28,24.54,875.26
20200929,000905,中证小盘500指数,中证500,CSI Smallcap 500 Index,CSI 500,6206.99,6280.44,6179.88,6228.77,50.3,0.81,8137116400.0,917.83,500.0,24.71,2020-09-29,24.71,917.83
20200930,000905,中证小盘500指数,中证500,CSI Smallcap 500 Index,CSI 500,6245.12,6260.12,6155.02,6192.5,-36.27,-0.58,8148409300.0,896.15,500.0,24.59,2020-09-30,24.59,896.15
20201009,000905,中证小盘500指数,中证500,CSI Smallcap 500 Index,CSI 500,6300.07,6373.94,6290.47,6357.97,165.47,2.67,10038623100.0,1151.5,500.0,25.23,2020-10-09,25.23,1151.5
20201012,000905,中证小盘500指数,中证500,CSI Smallcap 500 Index,CSI 500,6408.08,6541.31,6399.68,6541.18,183.2,2.88,14482434900.0,1609.6,500.0,25.95,2020-10-12,25.95,1609.6
20201013,000905,中证小盘500指数,中证500,CSI Smallcap 500 Index,CSI 500,6538.84,6557.86,6486.31,6551.4,10.22,0.16,11155845000.0,1302.84,500.0,26.02,2020-10-13,26.02,1302.84
20201014,000905,中证小盘500指数,中证500,CSI Smallcap 500 Index,CSI 500,6547.84,6547.84,6492.66,6508.37,-43.02,-0.66,11862960400.0,1335.4,500.0,25.89,2020-10-14,25.89,1335.4
20201015,000905,中证小盘500指数,中证500,CSI Smallcap 500 Index,CSI 500,6511.07,6518.55,6456.77,6460.04,-48.33,-0.74,10700425200.0,1155.96,500.0,25.71,2020-10-15,25.71,1155.96
20201016,000905,中证小盘500指数,中证500,CSI Smallcap 500 Index,CSI 500,6456.74,6473.63,6388.65,6428.68,-31.36,-0.49,9873202200.0,1090.47,500.0,25.61,2020-10-16,25.61,1090.47
20201019,000905,中证小盘500指数,中证500,CSI Smallcap 500 Index,CSI 500,6466.57,6483.51,6346.26,6358.32,-70.36,-1.09,10366836300.0,1146.83,500.0,25.26,2020-10-19,25.26,1146.83
20201020,000905,中证小盘500指数,中证500,CSI Smallcap 500 Index,CSI 500,6349.64,6423.16,6324.39,6423.11,64.79,1.02,8618922400.0,953.27,500.0,25.5,2020-10-20,25.5,953.27
20201021,000905,中证小盘500指数,中证500,CSI Smallcap 500 Index,CSI 500,6426.19,6426.51,6323.44,6350.01,-73.1,-1.14,8751225500.0,1021.21,500.0,25.24,2020-10-21,25.24,1021.21
20201022,000905,中证小盘500指数,中证500,CSI Smallcap 500 Index,CSI 500,6331.8,6334.54,6256.23,6317.14,-32.87,-0.52,8572472900.0,967.46,500.0,25.09,2020-10-22,25.09,967.46
20201023,000905,中证小盘500指数,中证500,CSI Smallcap 500 Index,CSI 500,6312.01,6362.43,6202.53,6213.26,-103.88,-1.64,8056509000.0,939.54,500.0,24.68,2020-10-23,24.68,939.54
20201026,000905,中证小盘500指数,中证500,CSI Smallcap 500 Index,CSI 500,6195.35,6239.72,6127.38,6214.38,1.12,0.02,7339295600.0,852.55,500.0,24.69,2020-10-26,24.69,852.55
20201027,000905,中证小盘500指数,中证500,CSI Smallcap 500 Index,CSI 500,6187.47,6227.84,6168.97,6221.34,6.96,0.11,7558651600.0,893.16,500.0,24.76,2020-10-27,24.76,893.16
20201028,000905,中证小盘500指数,中证500,CSI Smallcap 500 Index,CSI 500,6221.74,6254.72,6164.24,6246.0,24.66,0.4,8713088800.0,1040.79,500.0,24.88,2020-10-28,24.88,1040.79
20201029,000905,中证小盘500指数,中证500,CSI Smallcap 500 Index,CSI 500,6168.91,6287.65,6159.14,6255.19,9.19,0.15,9258748300.0,1097.61,500.0,24.95,2020-10-29,24.95,1097.61
20201030,000905,中证小盘500指数,中证500,CSI Smallcap 500 Index,CSI 500,6272.93,6274.62,6103.89,6111.48,-143.71,-2.3,11212236000.0,1264.61,500.0,24.41,2020-10-30,24.41,1264.61
20201102,000905,中证小盘500指数,中证500,CSI Smallcap 500 Index,CSI 500,6119.45,6162.28,6095.8,6143.12,31.64,0.52,11175637900.0,1237.94,500.0,23.23,2020-11-02,23.23,1237.94
20201103,000905,中证小盘500指数,中证500,CSI Smallcap 500 Index,CSI 500,6175.16,6245.56,6155.73,6241.77,98.65,1.61,10544003600.0,1158.63,500.0,23.56,2020-11-03,23.56,1158.63
20201104,000905,中证小盘500指数,中证500,CSI Smallcap 500 Index,CSI 500,6246.64,6256.07,6181.1,6234.16,-7.61,-0.12,9292974500.0,1082.27,500.0,23.54,2020-11-04,23.54,1082.27
20201105,000905,中证小盘500指数,中证500,CSI Smallcap 500 Index,CSI 500,6294.61,6358.44,6273.31,6351.98,117.82,1.89,11884321500.0,1326.02,500.0,23.97,2020-11-05,23.97,1326.02
20201106,000905,中证小盘500指数,中证500,CSI Smallcap 500 Index,CSI 500,6366.19,6366.19,6254.09,6301.25,-50.73,-0.8,11824421100.0,1317.02,500.0,23.78,2020-11-06,23.78,1317.02
20201109,000905,中证小盘500指数,中证500,CSI Smallcap 500 Index,CSI 500,6337.44,6452.91,6337.44,6421.65,120.4,1.91,16002788200.0,1750.72,500.0,24.2,2020-11-09,24.2,1750.72
20201110,000905,中证小盘500指数,中证500,CSI Smallcap 500 Index,CSI 500,6434.43,6435.41,6339.29,6373.09,-48.57,-0.76,14192893200.0,1559.31,500.0,24.01,2020-11-10,24.01,1559.31
20201111,000905,中证小盘500指数,中证500,CSI Smallcap 500 Index,CSI 500,6356.37,6375.24,6292.84,6294.61,-78.48,-1.23,13072808100.0,1344.39,500.0,23.76,2020-11-11,23.76,1344.39
20201112,000905,中证小盘500指数,中证500,CSI Smallcap 500 Index,CSI 500,6305.07,6341.0,6285.29,6315.49,20.89,0.33,10468068700.0,1131.84,500.0,23.84,2020-11-12,23.84,1131.84
20201113,000905,中证小盘500指数,中证500,CSI Smallcap 500 Index,CSI 500,6304.46,6319.41,6248.36,6306.97,-8.52,-0.13,10711632200.0,1129.44,500.0,23.8,2020-11-13,23.8,1129.44
20201116,000905,中证小盘500指数,中证500,CSI Smallcap 500 Index,CSI 500,6319.7,6387.42,6294.29,6387.37,80.4,1.27,13367733000.0,1317.82,500.0,24.11,2020-11-16,24.11,1317.82
20201117,000905,中证小盘500指数,中证500,CSI Smallcap 500 Index,CSI 500,6380.77,6380.77,6300.57,6336.94,-50.43,-0.79,14127431800.0,1389.72,500.0,23.91,2020-11-17,23.91,1389.72
20201118,000905,中证小盘500指数,中证500,CSI Smallcap 500 Index,CSI 500,6333.45,6382.5,6314.31,6341.01,4.07,0.06,13398246200.0,1297.96,500.0,23.91,2020-11-18,23.91,1297.96
20201119,000905,中证小盘500指数,中证500,CSI Smallcap 500 Index,CSI 500,6328.08,6370.18,6293.56,6360.6,19.59,0.31,12380484500.0,1210.6,500.0,23.98,2020-11-19,23.98,1210.6
20201120,000905,中证小盘500指数,中证500,CSI Smallcap 500 Index,CSI 500,6354.79,6429.87,6351.31,6422.99,62.39,0.98,13066764500.0,1280.65,500.0,24.2,2020-11-20,24.2,1280.65
20201123,000905,中证小盘500指数,中证500,CSI Smallcap 500 Index,CSI 500,6435.92,6516.24,6407.06,6472.93,49.94,0.78,18192566800.0,1702.18,500.0,24.38,2020-11-23,24.38,1702.18
20201124,000905,中证小盘500指数,中证500,CSI Smallcap 500 Index,CSI 500,6472.75,6495.14,6454.67,6475.19,2.26,0.03,15406296500.0,1487.6,500.0,24.35,2020-11-24,24.35,1487.6
20201125,000905,中证小盘500指数,中证500,CSI Smallcap 500 Index,CSI 500,6489.26,6489.72,6350.37,6350.37,-124.82,-1.93,15381310600.0,1566.25,500.0,23.85,2020-11-25,23.85,1566.25
20201126,000905,中证小盘500指数,中证500,CSI Smallcap 500 Index,CSI 500,6349.86,6358.17,6284.97,6334.3,-16.06,-0.25,12323693600.0,1255.28,500.0,23.81,2020-11-26,23.81,1255.28
20201127,000905,中证小盘500指数,中证500,CSI Smallcap 500 Index,CSI 500,6337.38,6351.81,6276.07,6351.61,17.31,0.27,12088511600.0,1174.08,500.0,23.87,2020-11-27,23.87,1174.08
20201130,000905,中证小盘500指数,中证500,CSI Smallcap 500 Index,CSI 500,6360.46,6397.72,6309.44,6320.94,-30.67,-0.48,16315768200.0,1575.18,500.0,23.71,2020-11-30,23.71,1575.18
20201201,000905,中证小盘500指数,中证500,CSI Smallcap 500 Index,CSI 500,6307.85,6437.94,6299.41,6426.62,105.67,1.67,15095734000.0,1525.63,500.0,24.06,2020-12-01,24.06,1525.63
20201202,000905,中证小盘500指数,中证500,CSI Smallcap 500 Index,CSI 500,6437.96,6446.81,6392.99,6434.98,8.36,0.13,14970510500.0,1504.91,500.0,24.09,2020-12-02,24.09,1504.91
20201203,000905,中证小盘500指数,中证500,CSI Smallcap 500 Index,CSI 500,6437.38,6461.09,6392.9,6440.88,5.9,0.09,15221493300.0,1528.92,500.0,24.1,2020-12-03,24.1,1528.92
20201204,000905,中证小盘500指数,中证500,CSI Smallcap 500 Index,CSI 500,6426.03,6471.86,6409.68,6464.73,23.85,0.37,12885516900.0,1353.21,500.0,24.21,2020-12-04,24.21,1353.21
20201207,000905,中证小盘500指数,中证500,CSI Smallcap 500 Index,CSI 500,6465.99,6472.85,6417.65,6424.68,-40.05,-0.62,12107828200.0,1308.47,500.0,24.08,2020-12-07,24.08,1308.47
20201208,000905,中证小盘500指数,中证500,CSI Smallcap 500 Index,CSI 500,6424.16,6448.39,6406.72,6423.65,-1.03,-0.02,10549499200.0,1183.25,500.0,24.07,2020-12-08,24.07,1183.25
20201209,000905,中证小盘500指数,中证500,CSI Smallcap 500 Index,CSI 500,6430.48,6437.43,6307.22,6307.22,-116.43,-1.81,12151621300.0,1334.39,500.0,23.66,2020-12-09,23.66,1334.39
20201210,000905,中证小盘500指数,中证500,CSI Smallcap 500 Index,CSI 500,6295.35,6350.92,6267.17,6320.1,12.87,0.2,11057714200.0,1223.99,500.0,23.73,2020-12-10,23.73,1223.99
20201211,000905,中证小盘500指数,中证500,CSI Smallcap 500 Index,CSI 500,6328.83,6340.39,6163.41,6209.43,-110.67,-1.75,13264160600.0,1434.57,500.0,23.37,2020-12-11,23.37,1434.57
20201214,000905,中证小盘500指数,中证500,CSI Smallcap 500 Index,CSI 500,6207.83,6260.61,6176.54,6259.02,49.59,0.8,10687714900.0,1239.01,500.0,23.23,2020-12-14,23.23,1239.01
20201215,000905,中证小盘500指数,中证500,CSI Smallcap 500 Index,CSI 500,6250.1,6276.58,6228.68,6265.58,6.56,0.1,9798099400.0,1197.19,500.0,23.25,2020-12-15,23.25,1197.19
20201216,000905,中证小盘500指数,中证500,CSI Smallcap 500 Index,CSI 500,6268.21,6271.03,6219.09,6235.44,-30.15,-0.48,9928395000.0,1141.08,500.0,23.16,2020-12-16,23.16,1141.08
20201217,000905,中证小盘500指数,中证500,CSI Smallcap 500 Index,CSI 500,6225.08,6312.01,6184.54,6308.9,73.47,1.18,12770274400.0,1400.83,500.0,23.41,2020-12-17,23.41,1400.83
20201218,000905,中证小盘500指数,中证500,CSI Smallcap 500 Index,CSI 500,6310.16,6332.53,6269.21,6291.92,-16.98,-0.27,12862228800.0,1375.31,500.0,23.35,2020-12-18,23.35,1375.31
20201221,000905,中证小盘500指数,中证500,CSI Smallcap 500 Index,CSI 500,6302.26,6401.55,6293.92,6398.6,106.68,1.7,13634782200.0,1567.62,500.0,23.74,2020-12-21,23.74,1567.62
20201222,000905,中证小盘500指数,中证500,CSI Smallcap 500 Index,CSI 500,6372.88,6378.5,6241.56,6250.06,-148.54,-2.32,15131061800.0,1724.57,500.0,23.19,2020-12-22,23.19,1724.57
20201223,000905,中证小盘500指数,中证500,CSI Smallcap 500 Index,CSI 500,6255.35,6330.6,6242.62,6307.6,57.54,0.92,14404432300.0,1662.59,500.0,23.38,2020-12-23,23.38,1662.59
20201224,000905,中证小盘500指数,中证500,CSI Smallcap 500 Index,CSI 500,6308.48,6308.48,6202.4,6205.22,-102.38,-1.62,13122165300.0,1476.89,500.0,23.02,2020-12-24,23.02,1476.89
20201225,000905,中证小盘500指数,中证500,CSI Smallcap 500 Index,CSI 500,6190.99,6284.59,6186.03,6278.5,73.27,1.18,13447826700.0,1438.32,500.0,23.29,2020-12-25,23.29,1438.32
20201228,000905,中证小盘500指数,中证500,CSI Smallcap 500 Index,CSI 500,6283.78,6288.24,6219.09,6244.48,-34.02,-0.54,14896021400.0,1604.96,500.0,23.16,2020-12-28,23.16,1604.96
20201229,000905,中证小盘500指数,中证500,CSI Smallcap 500 Index,CSI 500,6240.74,6280.04,6196.41,6199.85,-44.63,-0.71,15447603200.0,1556.75,500.0,23.02,2020-12-29,23.02,1556.75
20201230,000905,中证小盘500指数,中证500,CSI Smallcap 500 Index,CSI 500,6196.45,6289.27,6188.59,6269.25,69.4,1.12,13804167300.0,1482.28,500.0,23.25,2020-12-30,23.25,1482.28
20201231,000905,中证小盘500指数,中证500,CSI Smallcap 500 Index,CSI 500,6282.96,6370.57,6281.01,6367.11,97.87,1.56,16019408600.0,1742.89,500.0,23.6,2020-12-31,23.6,1742.89
20210104,000905,中证小盘500指数,中证500,CSI Smallcap 500 Index,CSI 500,6395.61,6501.59,6359.08,6482.79,115.67,1.82,18662120900.0,2111.27,500.0,24.02,2021-01-04,24.02,2111.27
20210105,000905,中证小盘500指数,中证500,CSI Smallcap 500 Index,CSI 500,6470.25,6539.73,6452.52,6539.73,56.94,0.88,19672629200.0,2270.33,500.0,24.27,2021-01-05,24.27,2270.33
20210106,000905,中证小盘500指数,中证500,CSI Smallcap 500 Index,CSI 500,6549.73,6569.2,6472.74,6528.14,-11.59,-0.18,17852108600.0,2093.33,500.0,24.27,2021-01-06,24.27,2093.33
20210107,000905,中证小盘500指数,中证500,CSI Smallcap 500 Index,CSI 500,6523.68,6567.27,6467.44,6538.12,9.97,0.15,19713564100.0,2192.39,500.0,24.31,2021-01-07,24.31,2192.39
20210108,000905,中证小盘500指数,中证500,CSI Smallcap 500 Index,CSI 500,6541.56,6598.38,6484.4,6557.6,19.48,0.3,18083742900.0,2071.14,500.0,24.36,2021-01-08,24.36,2071.14
20210111,000905,中证小盘500指数,中证500,CSI Smallcap 500 Index,CSI 500,6557.45,6572.85,6419.73,6455.4,-102.2,-1.56,18325727100.0,2179.4,500.0,24.0,2021-01-11,24.0,2179.4
20210112,000905,中证小盘500指数,中证500,CSI Smallcap 500 Index,CSI 500,6425.81,6543.23,6425.81,6543.23,87.83,1.36,16231123700.0,1990.49,500.0,24.31,2021-01-12,24.31,1990.49
20210113,000905,中证小盘500指数,中证500,CSI Smallcap 500 Index,CSI 500,6550.03,6553.65,6457.88,6496.91,-46.32,-0.71,18491342000.0,2229.63,500.0,24.14,2021-01-13,24.14,2229.63
20210114,000905,中证小盘500指数,中证500,CSI Smallcap 500 Index,CSI 500,6471.79,6516.27,6402.6,6439.89,-57.03,-0.88,16302381600.0,1987.33,500.0,23.95,2021-01-14,23.95,1987.33
20210115,000905,中证小盘500指数,中证500,CSI Smallcap 500 Index,CSI 500,6427.13,6447.88,6339.43,6417.5,-22.38,-0.35,13824319900.0,1669.63,500.0,23.87,2021-01-15,23.87,1669.63
20210118,000905,中证小盘500指数,中证500,CSI Smallcap 500 Index,CSI 500,6414.83,6529.41,6392.07,6514.46,96.96,1.51,13683280700.0,1698.92,500.0,24.24,2021-01-18,24.24,1698.92
20210119,000905,中证小盘500指数,中证500,CSI Smallcap 500 Index,CSI 500,6510.48,6532.65,6456.12,6476.37,-38.09,-0.58,14761671600.0,1745.45,500.0,24.12,2021-01-19,24.12,1745.45
20210120,000905,中证小盘500指数,中证500,CSI Smallcap 500 Index,CSI 500,6477.67,6535.48,6449.28,6535.42,59.04,0.91,12852543200.0,1533.79,500.0,24.33,2021-01-20,24.33,1533.79
20210121,000905,中证小盘500指数,中证500,CSI Smallcap 500 Index,CSI 500,6552.03,6649.86,6550.88,6622.5,87.08,1.33,15680958700.0,1892.09,500.0,24.64,2021-01-21,24.64,1892.09
20210122,000905,中证小盘500指数,中证500,CSI Smallcap 500 Index,CSI 500,6619.86,6643.67,6573.82,6637.81,15.31,0.23,15806231000.0,2028.62,500.0,24.66,2021-01-22,24.66,2028.62
20210125,000905,中证小盘500指数,中证500,CSI Smallcap 500 Index,CSI 500,6636.22,6711.57,6599.97,6645.31,7.51,0.11,16562310300.0,2235.57,500.0,24.67,2021-01-25,24.67,2235.57
20210126,000905,中证小盘500指数,中证500,CSI Smallcap 500 Index,CSI 500,6621.15,6624.45,6515.26,6532.96,-112.35,-1.69,14337131100.0,1918.92,500.0,24.28,2021-01-26,24.28,1918.92
20210127,000905,中证小盘500指数,中证500,CSI Smallcap 500 Index,CSI 500,6527.68,6564.29,6481.16,6557.16,24.2,0.37,13976004900.0,1747.76,500.0,24.35,2021-01-27,24.35,1747.76
20210128,000905,中证小盘500指数,中证500,CSI Smallcap 500 Index,CSI 500,6475.86,6529.84,6405.81,6414.38,-142.78,-2.18,14482540600.0,1748.18,500.0,23.8,2021-01-28,23.8,1748.18
20210129,000905,中证小盘500指数,中证500,CSI Smallcap 500 Index,CSI 500,6448.67,6462.37,6255.7,6346.14,-68.24,-1.06,14604158100.0,1720.77,500.0,23.57,2021-01-29,23.57,1720.77
20210201,000905,中证小盘500指数,中证500,CSI Smallcap 500 Index,CSI 500,6338.64,6397.01,6328.34,6393.28,47.14,0.74,13732518300.0,1575.79,500.0,23.78,2021-02-01,23.78,1575.79
20210202,000905,中证小盘500指数,中证500,CSI Smallcap 500 Index,CSI 500,6404.85,6459.48,6361.09,6454.79,61.51,0.96,13239431300.0,1617.2,500.0,24.02,2021-02-02,24.02,1617.2
20210203,000905,中证小盘500指数,中证500,CSI Smallcap 500 Index,CSI 500,6459.66,6484.49,6399.33,6399.33,-55.45,-0.86,14545715500.0,1756.99,500.0,23.8,2021-02-03,23.8,1756.99
20210204,000905,中证小盘500指数,中证500,CSI Smallcap 500 Index,CSI 500,6375.67,6414.3,6249.53,6328.79,-70.54,-1.1,14886133000.0,1737.09,500.0,23.53,2021-02-04,23.53,1737.09
20210205,000905,中证小盘500指数,中证500,CSI Smallcap 500 Index,CSI 500,6343.83,6382.96,6236.27,6239.87,-88.92,-1.4,13513287900.0,1625.01,500.0,23.25,2021-02-05,23.25,1625.01
20210208,000905,中证小盘500指数,中证500,CSI Smallcap 500 Index,CSI 500,6247.92,6354.02,6215.73,6323.16,83.29,1.33,11613400400.0,1415.92,500.0,23.57,2021-02-08,23.57,1415.92
20210209,000905,中证小盘500指数,中证500,CSI Smallcap 500 Index,CSI 500,6334.42,6468.43,6330.79,6457.88,134.72,2.13,11931911000.0,1468.51,500.0,24.06,2021-02-09,24.06,1468.51
20210210,000905,中证小盘500指数,中证500,CSI Smallcap 500 Index,CSI 500,6474.75,6542.75,6424.72,6525.17,67.28,1.04,11904265900.0,1500.36,500.0,24.28,2021-02-10,24.28,1500.36
20210218,000905,中证小盘500指数,中证500,CSI Smallcap 500 Index,CSI 500,6657.31,6678.61,6564.31,6614.54,89.38,1.37,16689239200.0,1949.96,500.0,24.58,2021-02-18,24.58,1949.96
20210219,000905,中证小盘500指数,中证500,CSI Smallcap 500 Index,CSI 500,6600.25,6706.39,6542.78,6703.48,88.94,1.34,17876781700.0,2014.69,500.0,24.84,2021-02-19,24.84,2014.69
20210222,000905,中证小盘500指数,中证500,CSI Smallcap 500 Index,CSI 500,6731.51,6810.92,6657.06,6657.06,-46.43,-0.69,23706558500.0,2599.48,500.0,24.67,2021-02-22,24.67,2599.48
20210223,000905,中证小盘500指数,中证500,CSI Smallcap 500 Index,CSI 500,6613.6,6701.43,6609.08,6631.23,-25.83,-0.39,19265686600.0,2061.45,500.0,24.59,2021-02-23,24.59,2061.45
20210224,000905,中证小盘500指数,中证500,CSI Smallcap 500 Index,CSI 500,6633.28,6661.43,6477.75,6536.19,-95.04,-1.43,17371883200.0,1967.98,500.0,24.23,2021-02-24,24.23,1967.98
20210225,000905,中证小盘500指数,中证500,CSI Smallcap 500 Index,CSI 500,6600.21,6609.56,6484.55,6499.15,-37.03,-0.57,16206818200.0,1714.51,500.0,24.14,2021-02-25,24.14,1714.51
20210226,000905,中证小盘500指数,中证500,CSI Smallcap 500 Index,CSI 500,6365.74,6446.95,6346.13,6364.35,-134.8,-2.07,15076020600.0,1636.56,500.0,23.59,2021-02-26,23.59,1636.56
20210301,000905,中证小盘500指数,中证500,CSI Smallcap 500 Index,CSI 500,6407.16,6491.94,6404.89,6488.44,124.09,1.95,15860843668.0,1657.92,500.0,24.02,2021-03-01,24.02,1657.92
20210302,000905,中证小盘500指数,中证500,CSI Smallcap 500 Index,CSI 500,6514.02,6514.02,6386.49,6433.33,-55.11,-0.85,16587706900.0,1740.25,500.0,23.87,2021-03-02,23.87,1740.25
20210303,000905,中证小盘500指数,中证500,CSI Smallcap 500 Index,CSI 500,6426.04,6528.22,6420.21,6524.75,91.42,1.42,17101752400.0,1696.67,500.0,24.2,2021-03-03,24.2,1696.67
20210304,000905,中证小盘500指数,中证500,CSI Smallcap 500 Index,CSI 500,6482.79,6485.16,6371.73,6401.99,-122.76,-1.88,19433461600.0,1926.58,500.0,23.74,2021-03-04,23.74,1926.58
20210305,000905,中证小盘500指数,中证500,CSI Smallcap 500 Index,CSI 500,6325.75,6442.02,6319.53,6403.5,1.5,0.02,16650488500.0,1636.67,500.0,23.72,2021-03-05,23.72,1636.67
20210308,000905,中证小盘500指数,中证500,CSI Smallcap 500 Index,CSI 500,6453.78,6488.82,6253.7,6256.41,-147.09,-2.3,16854633900.0,1771.2,500.0,23.19,2021-03-08,23.19,1771.2
20210309,000905,中证小盘500指数,中证500,CSI Smallcap 500 Index,CSI 500,6235.31,6250.94,6033.41,6108.0,-148.41,-2.37,19643268600.0,1818.88,500.0,22.67,2021-03-09,22.67,1818.88
20210310,000905,中证小盘500指数,中证500,CSI Smallcap 500 Index,CSI 500,6164.77,6179.85,6053.02,6062.26,-45.75,-0.75,14255427900.0,1356.11,500.0,22.52,2021-03-10,22.52,1356.11
20210311,000905,中证小盘500指数,中证500,CSI Smallcap 500 Index,CSI 500,6074.33,6213.93,6045.55,6213.83,151.58,2.5,16081464300.0,1494.13,500.0,23.07,2021-03-11,23.07,1494.13
20210312,000905,中证小盘500指数,中证500,CSI Smallcap 500 Index,CSI 500,6231.48,6232.5,6137.99,6222.38,8.55,0.14,17574617800.0,1603.47,500.0,23.15,2021-03-12,23.15,1603.47
20210315,000905,中证小盘500指数,中证500,CSI Smallcap 500 Index,CSI 500,6192.3,6229.57,6111.36,6173.87,-48.51,-0.78,17079969100.0,1505.65,500.0,22.97,2021-03-15,22.97,1505.65
20210316,000905,中证小盘500指数,中证500,CSI Smallcap 500 Index,CSI 500,6176.07,6222.18,6124.78,6195.24,21.37,0.35,15284599200.0,1388.53,500.0,23.06,2021-03-16,23.06,1388.53
20210317,000905,中证小盘500指数,中证500,CSI Smallcap 500 Index,CSI 500,6180.89,6230.56,6124.05,6225.36,30.12,0.49,13484039600.0,1251.07,500.0,23.16,2021-03-17,23.16,1251.07
20210318,000905,中证小盘500指数,中证500,CSI Smallcap 500 Index,CSI 500,6231.19,6300.94,6227.19,6273.86,48.5,0.78,14072566500.0,1379.85,500.0,23.37,2021-03-18,23.37,1379.85
20210319,000905,中证小盘500指数,中证500,CSI Smallcap 500 Index,CSI 500,6195.25,6258.13,6167.51,6206.6,-67.25,-1.07,14323827500.0,1438.98,500.0,23.14,2021-03-19,23.14,1438.98
20210322,000905,中证小盘500指数,中证500,CSI Smallcap 500 Index,CSI 500,6208.93,6307.55,6206.08,6305.69,99.09,1.6,14304144500.0,1384.84,500.0,23.51,2021-03-22,23.51,1384.84
20210323,000905,中证小盘500指数,中证500,CSI Smallcap 500 Index,CSI 500,6307.98,6307.98,6181.13,6219.17,-86.53,-1.37,15096405200.0,1440.86,500.0,23.2,2021-03-23,23.2,1440.86
20210324,000905,中证小盘500指数,中证500,CSI Smallcap 500 Index,CSI 500,6180.31,6232.13,6131.82,6142.54,-76.62,-1.23,14767311100.0,1376.85,500.0,22.92,2021-03-24,22.92,1376.85
20210325,000905,中证小盘500指数,中证500,CSI Smallcap 500 Index,CSI 500,6118.87,6190.94,6108.26,6157.41,14.86,0.24,12930709300.0,1221.02,500.0,22.96,2021-03-25,22.96,1221.02
20210326,000905,中证小盘500指数,中证500,CSI Smallcap 500 Index,CSI 500,6164.82,6264.56,6164.82,6251.79,94.39,1.53,12888761000.0,1304.05,500.0,23.34,2021-03-26,23.34,1304.05
20210329,000905,中证小盘500指数,中证500,CSI Smallcap 500 Index,CSI 500,6270.0,6277.76,6215.8,6254.94,3.15,0.05,13963389400.0,1376.07,500.0,23.42,2021-03-29,23.42,1376.07
20210330,000905,中证小盘500指数,中证500,CSI Smallcap 500 Index,CSI 500,6239.47,6287.87,6217.33,6280.36,25.42,0.41,13440958400.0,1389.03,500.0,23.53,2021-03-30,23.53,1389.03
20210331,000905,中证小盘500指数,中证500,CSI Smallcap 500 Index,CSI 500,6277.7,6277.7,6205.94,6254.07,-26.29,-0.42,12512849200.0,1245.4,500.0,23.43,2021-03-31,23.43,1245.4
20210401,000905,中证小盘500指数,中证500,CSI Smallcap 500 Index,CSI 500,6259.41,6321.58,6238.31,6311.66,57.59,0.92,13037481800.0,1249.72,500.0,23.64,2021-04-01,23.64,1249.72
20210402,000905,中证小盘500指数,中证500,CSI Smallcap 500 Index,CSI 500,6316.56,6341.65,6291.71,6326.61,14.94,0.24,12393887100.0,1253.09,500.0,23.67,2021-04-02,23.67,1253.09
20210406,000905,中证小盘500指数,中证500,CSI Smallcap 500 Index,CSI 500,6345.89,6367.78,6323.24,6343.1,16.49,0.26,11148915800.0,1159.8,500.0,23.74,2021-04-06,23.74,1159.8
20210407,000905,中证小盘500指数,中证500,CSI Smallcap 500 Index,CSI 500,6350.38,6350.38,6289.07,6348.08,4.98,0.08,15001677500.0,1396.59,500.0,23.76,2021-04-07,23.76,1396.59
20210408,000905,中证小盘500指数,中证500,CSI Smallcap 500 Index,CSI 500,6332.93,6385.2,6309.12,6356.75,8.68,0.14,17374127800.0,1474.33,500.0,23.78,2021-04-08,23.78,1474.33
20210409,000905,中证小盘500指数,中证500,CSI Smallcap 500 Index,CSI 500,6345.29,6360.45,6307.66,6335.24,-21.51,-0.34,14130690000.0,1275.39,500.0,23.7,2021-04-09,23.7,1275.39
20210412,000905,中证小盘500指数,中证500,CSI Smallcap 500 Index,CSI 500,6325.26,6344.16,6203.57,6226.42,-108.82,-1.72,15544143900.0,1420.18,500.0,23.33,2021-04-12,23.33,1420.18
20210413,000905,中证小盘500指数,中证500,CSI Smallcap 500 Index,CSI 500,6210.22,6254.9,6193.81,6209.78,-16.64,-0.27,13038770900.0,1160.32,500.0,23.25,2021-04-13,23.25,1160.32
20210414,000905,中证小盘500指数,中证500,CSI Smallcap 500 Index,CSI 500,6206.64,6287.84,6206.64,6277.21,67.43,1.09,11743821700.0,1072.83,500.0,23.5,2021-04-14,23.5,1072.83
20210415,000905,中证小盘500指数,中证500,CSI Smallcap 500 Index,CSI 500,6263.63,6281.43,6211.66,6276.46,-0.75,-0.01,11977617600.0,1115.82,500.0,23.5,2021-04-15,23.5,1115.82
20210416,000905,中证小盘500指数,中证500,CSI Smallcap 500 Index,CSI 500,6283.86,6344.95,6276.43,6339.59,63.13,1.01,12676465300.0,1199.85,500.0,23.71,2021-04-16,23.71,1199.85
20210419,000905,中证小盘500指数,中证500,CSI Smallcap 500 Index,CSI 500,6331.71,6431.78,6315.08,6425.26,85.67,1.35,14220093000.0,1447.21,500.0,24.0,2021-04-19,24.0,1447.21
20210420,000905,中证小盘500指数,中证500,CSI Smallcap 500 Index,CSI 500,6419.73,6467.38,6410.28,6428.54,3.28,0.05,13467452300.0,1433.65,500.0,24.02,2021-04-20,24.02,1433.65
20210421,000905,中证小盘500指数,中证500,CSI Smallcap 500 Index,CSI 500,6396.27,6434.63,6369.77,6420.26,-8.28,-0.13,12105173300.0,1283.55,500.0,23.96,2021-04-21,23.96,1283.55
20210422,000905,中证小盘500指数,中证500,CSI Smallcap 500 Index,CSI 500,6444.28,6472.8,6424.75,6445.47,25.21,0.39,12492387700.0,1319.06,500.0,24.08,2021-04-22,24.08,1319.06
20210423,000905,中证小盘500指数,中证500,CSI Smallcap 500 Index,CSI 500,6445.52,6463.97,6412.99,6462.76,17.29,0.27,12611730600.0,1351.71,500.0,24.15,2021-04-23,24.15,1351.71
20210426,000905,中证小盘500指数,中证500,CSI Smallcap 500 Index,CSI 500,6480.3,6546.64,6437.19,6442.65,-20.11,-0.31,14496413900.0,1665.87,500.0,24.05,2021-04-26,24.05,1665.87
20210427,000905,中证小盘500指数,中证500,CSI Smallcap 500 Index,CSI 500,6434.61,6466.25,6399.44,6446.28,3.64,0.06,12589471200.0,1383.2,500.0,24.07,2021-04-27,24.07,1383.2
20210428,000905,中证小盘500指数,中证500,CSI Smallcap 500 Index,CSI 500,6433.1,6489.74,6410.32,6489.74,43.46,0.67,11723494300.0,1363.78,500.0,24.23,2021-04-28,24.23,1363.78
20210429,000905,中证小盘500指数,中证500,CSI Smallcap 500 Index,CSI 500,6495.65,6502.43,6453.52,6491.93,2.18,0.03,12830543900.0,1455.02,500.0,24.26,2021-04-29,24.26,1455.02
20210430,000905,中证小盘500指数,中证500,CSI Smallcap 500 Index,CSI 500,6470.35,6503.15,6434.73,6485.71,-6.22,-0.1,14425423900.0,1637.46,500.0,24.17,2021-04-30,24.17,1637.46
20210506,000905,中证小盘500指数,中证500,CSI Smallcap 500 Index,CSI 500,6503.6,6548.07,6440.33,6489.35,3.64,0.06,15414198100.0,1674.36,500.0,20.63,2021-05-06,20.63,1674.36
20210507,000905,中证小盘500指数,中证500,CSI Smallcap 500 Index,CSI 500,6505.58,6524.18,6439.89,6444.44,-44.91,-0.69,17751874900.0,1779.16,500.0,20.51,2021-05-07,20.51,1779.16
20210510,000905,中证小盘500指数,中证500,CSI Smallcap 500 Index,CSI 500,6461.42,6493.5,6437.11,6475.99,31.55,0.49,18908013400.0,1809.07,500.0,20.6,2021-05-10,20.6,1809.07
20210511,000905,中证小盘500指数,中证500,CSI Smallcap 500 Index,CSI 500,6436.29,6472.87,6349.79,6456.04,-19.96,-0.31,18726361100.0,1753.5,500.0,20.52,2021-05-11,20.52,1753.5
20210512,000905,中证小盘500指数,中证500,CSI Smallcap 500 Index,CSI 500,6434.91,6521.49,6419.74,6512.05,56.01,0.87,15649093000.0,1501.27,500.0,20.68,2021-05-12,20.68,1501.27
20210513,000905,中证小盘500指数,中证500,CSI Smallcap 500 Index,CSI 500,6448.96,6497.0,6426.58,6439.03,-73.02,-1.12,15965864600.0,1558.54,500.0,20.45,2021-05-13,20.45,1558.54
20210514,000905,中证小盘500指数,中证500,CSI Smallcap 500 Index,CSI 500,6454.68,6525.8,6421.21,6525.8,86.78,1.35,16624340700.0,1636.11,500.0,20.7,2021-05-14,20.7,1636.11
20210517,000905,中证小盘500指数,中证500,CSI Smallcap 500 Index,CSI 500,6521.89,6613.89,6521.89,6578.14,52.34,0.8,15936375800.0,1720.29,500.0,20.87,2021-05-17,20.87,1720.29
20210518,000905,中证小盘500指数,中证500,CSI Smallcap 500 Index,CSI 500,6578.97,6604.69,6558.78,6599.6,21.46,0.33,13250549100.0,1419.87,500.0,20.94,2021-05-18,20.94,1419.87
20210519,000905,中证小盘500指数,中证500,CSI Smallcap 500 Index,CSI 500,6582.1,6590.98,6544.84,6584.39,-15.21,-0.23,13518125500.0,1463.46,500.0,20.8,2021-05-19,20.8,1463.46
20210520,000905,中证小盘500指数,中证500,CSI Smallcap 500 Index,CSI 500,6541.09,6580.44,6506.41,6548.71,-35.68,-0.54,16232992300.0,1671.36,500.0,20.62,2021-05-20,20.62,1671.36
20210521,000905,中证小盘500指数,中证500,CSI Smallcap 500 Index,CSI 500,6557.49,6570.46,6512.81,6527.86,-20.85,-0.32,13435069500.0,1459.9,500.0,20.54,2021-05-21,20.54,1459.9
20210524,000905,中证小盘500指数,中证500,CSI Smallcap 500 Index,CSI 500,6515.83,6564.07,6494.62,6544.12,16.26,0.25,13722661200.0,1507.39,500.0,20.59,2021-05-24,20.59,1507.39
20210525,000905,中证小盘500指数,中证500,CSI Smallcap 500 Index,CSI 500,6549.34,6628.69,6524.3,6619.67,75.55,1.15,14469203600.0,1580.36,500.0,20.82,2021-05-25,20.82,1580.36
20210526,000905,中证小盘500指数,中证500,CSI Smallcap 500 Index,CSI 500,6631.37,6642.38,6612.42,6628.21,8.54,0.13,15623700300.0,1699.05,500.0,20.82,2021-05-26,20.82,1699.05
20210527,000905,中证小盘500指数,中证500,CSI Smallcap 500 Index,CSI 500,6629.24,6685.48,6620.72,6685.41,57.2,0.86,14516667600.0,1646.42,500.0,21.01,2021-05-27,21.01,1646.42
20210528,000905,中证小盘500指数,中证500,CSI Smallcap 500 Index,CSI 500,6699.28,6718.09,6643.64,6668.17,-17.24,-0.26,15731838500.0,1766.12,500.0,20.93,2021-05-28,20.93,1766.12
20210531,000905,中证小盘500指数,中证500,CSI Smallcap 500 Index,CSI 500,6681.55,6729.07,6667.26,6728.99,60.82,0.91,14692949300.0,1767.29,500.0,21.14,2021-05-31,21.14,1767.29
20210601,000905,中证小盘500指数,中证500,CSI Smallcap 500 Index,CSI 500,6718.64,6742.98,6656.66,6739.76,10.77,0.16,16109195700.0,1850.39,500.0,21.17,2021-06-01,21.17,1850.39
20210602,000905,中证小盘500指数,中证500,CSI Smallcap 500 Index,CSI 500,6740.5,6748.15,6662.75,6681.43,-58.33,-0.87,15736532000.0,1742.66,500.0,20.99,2021-06-02,20.99,1742.66
20210603,000905,中证小盘500指数,中证500,CSI Smallcap 500 Index,CSI 500,6680.1,6744.52,6654.46,6667.73,-13.7,-0.21,15488569100.0,1675.99,500.0,20.92,2021-06-03,20.92,1675.99
20210604,000905,中证小盘500指数,中证500,CSI Smallcap 500 Index,CSI 500,6642.06,6725.69,6628.01,6693.06,25.33,0.38,13786640400.0,1612.57,500.0,20.98,2021-06-04,20.98,1612.57
20210607,000905,中证小盘500指数,中证500,CSI Smallcap 500 Index,CSI 500,6705.74,6729.85,6689.7,6721.5,28.44,0.42,14056089600.0,1741.54,500.0,21.07,2021-06-07,21.07,1741.54
20210608,000905,中证小盘500指数,中证500,CSI Smallcap 500 Index,CSI 500,6726.09,6752.63,6652.39,6684.56,-36.94,-0.55,13868494700.0,1699.07,500.0,20.91,2021-06-08,20.91,1699.07
20210609,000905,中证小盘500指数,中证500,CSI Smallcap 500 Index,CSI 500,6677.14,6712.25,6656.05,6692.9,8.34,0.12,13651103400.0,1554.86,500.0,20.92,2021-06-09,20.92,1554.86
20210610,000905,中证小盘500指数,中证500,CSI Smallcap 500 Index,CSI 500,6688.82,6773.46,6683.49,6765.64,72.74,1.09,15428096400.0,1770.03,500.0,21.13,2021-06-10,21.13,1770.03
20210611,000905,中证小盘500指数,中证500,CSI Smallcap 500 Index,CSI 500,6773.64,6775.86,6717.27,6725.92,-39.73,-0.59,16956960700.0,1944.13,500.0,21.02,2021-06-11,21.02,1944.13
20210615,000905,中证小盘500指数,中证500,CSI Smallcap 500 Index,CSI 500,6734.1,6736.54,6649.2,6663.66,-62.25,-0.93,15220925000.0,1663.59,500.0,18.91,2021-06-15,18.91,1663.59
20210616,000905,中证小盘500指数,中证500,CSI Smallcap 500 Index,CSI 500,6659.49,6662.78,6554.89,6566.29,-97.38,-1.46,13680787700.0,1522.69,500.0,18.65,2021-06-16,18.65,1522.69
20210617,000905,中证小盘500指数,中证500,CSI Smallcap 500 Index,CSI 500,6554.3,6618.5,6554.3,6616.17,49.89,0.76,12449256200.0,1437.96,500.0,18.81,2021-06-17,18.81,1437.96
20210618,000905,中证小盘500指数,中证500,CSI Smallcap 500 Index,CSI 500,6610.27,6671.88,6587.03,6657.76,41.59,0.63,13802258100.0,1615.4,500.0,18.87,2021-06-18,18.87,1615.4
20210621,000905,中证小盘500指数,中证500,CSI Smallcap 500 Index,CSI 500,6652.65,6722.98,6638.52,6707.18,49.41,0.74,14303117200.0,1747.77,500.0,19.03,2021-06-21,19.03,1747.77
20210622,000905,中证小盘500指数,中证500,CSI Smallcap 500 Index,CSI 500,6723.3,6748.97,6691.82,6739.79,32.62,0.49,14654349700.0,1701.47,500.0,19.13,2021-06-22,19.13,1701.47
20210623,000905,中证小盘500指数,中证500,CSI Smallcap 500 Index,CSI 500,6741.58,6803.97,6720.58,6789.95,50.15,0.74,15530960900.0,1845.82,500.0,19.26,2021-06-23,19.26,1845.82
20210624,000905,中证小盘500指数,中证500,CSI Smallcap 500 Index,CSI 500,6791.86,6791.86,6743.33,6754.87,-35.08,-0.52,14504652200.0,1726.28,500.0,19.15,2021-06-24,19.15,1726.28
20210625,000905,中证小盘500指数,中证500,CSI Smallcap 500 Index,CSI 500,6748.87,6824.86,6739.02,6813.41,58.55,0.87,15148565900.0,1743.29,500.0,19.34,2021-06-25,19.34,1743.29
20210628,000905,中证小盘500指数,中证500,CSI Smallcap 500 Index,CSI 500,6814.32,6843.52,6802.86,6828.52,15.1,0.22,14550405000.0,1754.48,500.0,19.36,2021-06-28,19.36,1754.48
20210629,000905,中证小盘500指数,中证500,CSI Smallcap 500 Index,CSI 500,6833.06,6835.05,6756.92,6765.42,-63.1,-0.92,13662572200.0,1676.22,500.0,19.2,2021-06-29,19.2,1676.22
20210630,000905,中证小盘500指数,中证500,CSI Smallcap 500 Index,CSI 500,6767.74,6812.38,6757.34,6808.18,42.76,0.63,12540616100.0,1550.32,500.0,19.33,2021-06-30,19.33,1550.32
20210701,000905,中证小盘500指数,中证500,CSI Smallcap 500 Index,CSI 500,6827.7,6827.7,6716.67,6716.67,-91.52,-1.34,13835081100.0,1682.0,500.0,19.1,2021-07-01,19.1,1682.0
20210702,000905,中证小盘500指数,中证500,CSI Smallcap 500 Index,CSI 500,6701.06,6718.51,6651.48,6658.05,-58.62,-0.87,13647228700.0,1623.02,500.0,18.93,2021-07-02,18.93,1623.02
20210705,000905,中证小盘500指数,中证500,CSI Smallcap 500 Index,CSI 500,6670.13,6716.15,6663.54,6711.01,52.97,0.8,13473472100.0,1651.36,500.0,19.05,2021-07-05,19.05,1651.36
20210706,000905,中证小盘500指数,中证500,CSI Smallcap 500 Index,CSI 500,6727.97,6747.85,6633.61,6709.5,-1.52,-0.02,14501795400.0,1835.69,500.0,19.03,2021-07-06,19.03,1835.69
20210707,000905,中证小盘500指数,中证500,CSI Smallcap 500 Index,CSI 500,6661.85,6765.43,6642.57,6764.13,54.63,0.81,14764695200.0,1762.67,500.0,19.15,2021-07-07,19.15,1762.67
20210708,000905,中证小盘500指数,中证500,CSI Smallcap 500 Index,CSI 500,6774.84,6797.08,6740.85,6748.65,-15.48,-0.23,15956454300.0,2030.43,500.0,19.08,2021-07-08,19.08,2030.43
20210709,000905,中证小盘500指数,中证500,CSI Smallcap 500 Index,CSI 500,6721.61,6814.65,6683.79,6804.54,55.88,0.83,16610700400.0,2045.77,500.0,19.21,2021-07-09,19.21,2045.77
20210712,000905,中证小盘500指数,中证500,CSI Smallcap 500 Index,CSI 500,6852.48,6926.76,6840.02,6904.38,99.84,1.47,19356104400.0,2398.84,500.0,19.46,2021-07-12,19.46,2398.84
20210713,000905,中证小盘500指数,中证500,CSI Smallcap 500 Index,CSI 500,6901.81,6961.97,6889.03,6961.85,57.47,0.83,17962084300.0,2238.31,500.0,19.63,2021-07-13,19.63,2238.31
20210714,000905,中证小盘500指数,中证500,CSI Smallcap 500 Index,CSI 500,6953.82,6973.61,6898.75,6898.75,-63.1,-0.91,17173544800.0,2149.05,500.0,19.48,2021-07-14,19.48,2149.05
20210715,000905,中证小盘500指数,中证500,CSI Smallcap 500 Index,CSI 500,6874.8,6936.58,6828.48,6932.41,33.66,0.49,17322110800.0,2051.99,500.0,19.58,2021-07-15,19.58,2051.99
20210716,000905,中证小盘500指数,中证500,CSI Smallcap 500 Index,CSI 500,6931.05,6992.83,6922.35,6925.12,-7.28,-0.11,18490785800.0,2215.59,500.0,19.54,2021-07-16,19.54,2215.59
20210719,000905,中证小盘500指数,中证500,CSI Smallcap 500 Index,CSI 500,6912.1,6931.14,6856.65,6889.34,-35.79,-0.52,16973481800.0,2080.77,500.0,19.45,2021-07-19,19.45,2080.77
20210720,000905,中证小盘500指数,中证500,CSI Smallcap 500 Index,CSI 500,6831.05,6901.13,6825.82,6901.13,11.79,0.17,14014063000.0,1711.4,500.0,19.47,2021-07-20,19.47,1711.4
20210721,000905,中证小盘500指数,中证500,CSI Smallcap 500 Index,CSI 500,6923.61,6998.28,6922.92,6984.54,83.41,1.21,16300927100.0,2049.4,500.0,19.71,2021-07-21,19.71,2049.4
20210722,000905,中证小盘500指数,中证500,CSI Smallcap 500 Index,CSI 500,6996.26,7026.73,6960.3,7026.55,42.01,0.6,19023331600.0,2195.0,500.0,19.83,2021-07-22,19.83,2195.0
20210723,000905,中证小盘500指数,中证500,CSI Smallcap 500 Index,CSI 500,7036.3,7061.67,6968.31,6985.75,-40.8,-0.58,22507907400.0,2537.51,500.0,19.72,2021-07-23,19.72,2537.51
20210726,000905,中证小盘500指数,中证500,CSI Smallcap 500 Index,CSI 500,6974.11,6986.5,6778.5,6868.21,-117.54,-1.68,20819723900.0,2427.02,500.0,19.41,2021-07-26,19.41,2427.02
20210727,000905,中证小盘500指数,中证500,CSI Smallcap 500 Index,CSI 500,6877.44,6925.97,6719.26,6719.26,-148.95,-2.17,22861433900.0,2669.58,500.0,19.02,2021-07-27,19.02,2669.58
20210728,000905,中证小盘500指数,中证500,CSI Smallcap 500 Index,CSI 500,6650.15,6709.23,6534.92,6621.98,-97.27,-1.45,19726716600.0,2224.66,500.0,18.75,2021-07-28,18.75,2224.66
20210729,000905,中证小盘500指数,中证500,CSI Smallcap 500 Index,CSI 500,6720.62,6773.57,6682.12,6758.89,136.9,2.07,17101788500.0,2091.42,500.0,19.14,2021-07-29,19.14,2091.42
20210730,000905,中证小盘500指数,中证500,CSI Smallcap 500 Index,CSI 500,6739.75,6775.01,6702.51,6767.32,8.43,0.12,18971173400.0,2225.15,500.0,19.18,2021-07-30,19.18,2225.15
20210802,000905,中证小盘500指数,中证500,CSI Smallcap 500 Index,CSI 500,6756.81,6875.42,6731.78,6872.0,104.68,1.55,20620517300.0,2496.4,500.0,19.41,2021-08-02,19.41,2496.4
20210803,000905,中证小盘500指数,中证500,CSI Smallcap 500 Index,CSI 500,6844.37,6879.59,6792.71,6816.01,-55.99,-0.81,19418943200.0,2377.23,500.0,19.27,2021-08-03,19.27,2377.23
20210804,000905,中证小盘500指数,中证500,CSI Smallcap 500 Index,CSI 500,6814.08,6931.78,6813.23,6931.34,115.33,1.69,17406434700.0,2161.9,500.0,19.57,2021-08-04,19.57,2161.9
20210805,000905,中证小盘500指数,中证500,CSI Smallcap 500 Index,CSI 500,6920.94,6946.34,6880.69,6911.83,-19.51,-0.28,17937188500.0,2266.72,500.0,19.49,2021-08-05,19.49,2266.72
20210806,000905,中证小盘500指数,中证500,CSI Smallcap 500 Index,CSI 500,6929.02,6947.54,6885.65,6938.87,27.04,0.39,17235691200.0,2149.59,500.0,19.55,2021-08-06,19.55,2149.59
20210809,000905,中证小盘500指数,中证500,CSI Smallcap 500 Index,CSI 500,6914.32,6989.71,6877.2,6979.53,40.66,0.59,17383337100.0,2109.56,500.0,19.71,2021-08-09,19.71,2109.56
20210810,000905,中证小盘500指数,中证500,CSI Smallcap 500 Index,CSI 500,6970.83,7019.69,6958.81,7019.23,39.7,0.57,17308796200.0,2226.6,500.0,19.82,2021-08-10,19.82,2226.6
20210811,000905,中证小盘500指数,中证500,CSI Smallcap 500 Index,CSI 500,7024.77,7076.37,6999.93,7073.52,54.29,0.77,18835790600.0,2217.6,500.0,20.0,2021-08-11,20.0,2217.6
20210812,000905,中证小盘500指数,中证500,CSI Smallcap 500 Index,CSI 500,7059.47,7115.89,7051.01,7095.2,21.68,0.31,19407912500.0,2260.75,500.0,20.04,2021-08-12,20.04,2260.75
20210813,000905,中证小盘500指数,中证500,CSI Smallcap 500 Index,CSI 500,7070.47,7124.92,7050.31,7088.89,-6.31,-0.09,19219060400.0,2218.66,500.0,20.04,2021-08-13,20.04,2218.66
20210816,000905,中证小盘500指数,中证500,CSI Smallcap 500 Index,CSI 500,7087.58,7102.4,7039.1,7052.49,-36.4,-0.51,18817888600.0,2220.8,500.0,20.0,2021-08-16,20.0,2220.8
20210817,000905,中证小盘500指数,中证500,CSI Smallcap 500 Index,CSI 500,7045.75,7063.02,6876.5,6894.4,-158.08,-2.24,20193637200.0,2265.53,500.0,19.55,2021-08-17,19.55,2265.53
20210818,000905,中证小盘500指数,中证500,CSI Smallcap 500 Index,CSI 500,6883.27,6950.88,6865.07,6941.01,46.6,0.68,17536733100.0,1919.97,500.0,19.69,2021-08-18,19.69,1919.97
20210819,000905,中证小盘500指数,中证500,CSI Smallcap 500 Index,CSI 500,6917.51,6978.98,6869.29,6947.06,6.05,0.09,17181358900.0,1949.93,500.0,19.7,2021-08-19,19.7,1949.93
20210820,000905,中证小盘500指数,中证500,CSI Smallcap 500 Index,CSI 500,6915.02,6952.52,6843.0,6920.02,-27.03,-0.39,17562713900.0,2051.36,500.0,19.63,2021-08-20,19.63,2051.36
20210823,000905,中证小盘500指数,中证500,CSI Smallcap 500 Index,CSI 500,6949.33,7031.88,6949.33,7024.56,104.54,1.51,18945660800.0,2163.0,500.0,19.94,2021-08-23,19.94,2163.0
20210824,000905,中证小盘500指数,中证500,CSI Smallcap 500 Index,CSI 500,7031.65,7098.03,7009.69,7090.78,66.22,0.94,20272689500.0,2364.79,500.0,20.14,2021-08-24,20.14,2364.79
20210825,000905,中证小盘500指数,中证500,CSI Smallcap 500 Index,CSI 500,7092.15,7153.27,7058.57,7153.0,62.22,0.88,19812689000.0,2287.37,500.0,20.34,2021-08-25,20.34,2287.37
20210826,000905,中证小盘500指数,中证500,CSI Smallcap 500 Index,CSI 500,7151.53,7175.51,7115.84,7118.84,-34.16,-0.48,23017619600.0,2553.64,500.0,20.31,2021-08-26,20.31,2553.64
20210827,000905,中证小盘500指数,中证500,CSI Smallcap 500 Index,CSI 500,7096.65,7185.73,7083.21,7180.11,61.26,0.86,22383046300.0,2589.98,500.0,20.48,2021-08-27,20.48,2589.98
20210830,000905,中证小盘500指数,中证500,CSI Smallcap 500 Index,CSI 500,7202.63,7262.6,7190.61,7226.88,46.77,0.65,25064914800.0,3010.15,500.0,20.6,2021-08-30,20.6,3010.15
20210831,000905,中证小盘500指数,中证500,CSI Smallcap 500 Index,CSI 500,7202.52,7255.34,7159.3,7255.34,28.46,0.39,24510834200.0,2886.57,500.0,20.68,2021-08-31,20.68,2886.57
20210901,000905,中证小盘500指数,中证500,CSI Smallcap 500 Index,CSI 500,7271.03,7278.16,7100.31,7193.1,-62.24,-0.86,29552014000.0,3310.23,500.0,18.97,2021-09-01,18.97,3310.23
20210902,000905,中证小盘500指数,中证500,CSI Smallcap 500 Index,CSI 500,7172.4,7309.33,7172.4,7307.01,113.91,1.58,25341169800.0,2715.45,500.0,19.27,2021-09-02,19.27,2715.45
20210903,000905,中证小盘500指数,中证500,CSI Smallcap 500 Index,CSI 500,7335.7,7385.24,7227.03,7278.68,-28.33,-0.39,28880124000.0,3150.17,500.0,19.18,2021-09-03,19.18,3150.17
20210906,000905,中证小盘500指数,中证500,CSI Smallcap 500 Index,CSI 500,7297.36,7359.54,7231.73,7355.4,76.72,1.05,25587515300.0,2737.2,500.0,19.39,2021-09-06,19.39,2737.2
20210907,000905,中证小盘500指数,中证500,CSI Smallcap 500 Index,CSI 500,7360.38,7501.13,7350.7,7498.93,143.52,1.95,26072754100.0,2804.03,500.0,19.78,2021-09-07,19.78,2804.03
20210908,000905,中证小盘500指数,中证500,CSI Smallcap 500 Index,CSI 500,7496.33,7549.45,7483.87,7544.04,45.12,0.6,27284780800.0,2878.51,500.0,19.9,2021-09-08,19.9,2878.51
20210909,000905,中证小盘500指数,中证500,CSI Smallcap 500 Index,CSI 500,7534.98,7617.66,7526.97,7617.45,73.41,0.97,28720406800.0,3023.8,500.0,20.15,2021-09-09,20.15,3023.8
20210910,000905,中证小盘500指数,中证500,CSI Smallcap 500 Index,CSI 500,7613.6,7661.43,7564.26,7607.67,-9.78,-0.13,29346864200.0,3226.88,500.0,20.12,2021-09-10,20.12,3226.88
20210913,000905,中证小盘500指数,中证500,CSI Smallcap 500 Index,CSI 500,7613.54,7650.88,7566.78,7648.75,41.07,0.54,26361861000.0,2989.56,500.0,20.23,2021-09-13,20.23,2989.56
20210914,000905,中证小盘500指数,中证500,CSI Smallcap 500 Index,CSI 500,7630.72,7688.6,7544.02,7556.62,-92.13,-1.2,27150151200.0,3064.64,500.0,19.98,2021-09-14,19.98,3064.64
20210915,000905,中证小盘500指数,中证500,CSI Smallcap 500 Index,CSI 500,7535.25,7627.67,7521.88,7592.31,35.69,0.47,23339841600.0,2740.73,500.0,20.08,2021-09-15,20.08,2740.73
20210916,000905,中证小盘500指数,中证500,CSI Smallcap 500 Index,CSI 500,7616.88,7657.23,7445.23,7446.94,-145.37,-1.91,26764977900.0,3011.63,500.0,19.72,2021-09-16,19.72,3011.63
20210917,000905,中证小盘500指数,中证500,CSI Smallcap 500 Index,CSI 500,7421.81,7471.42,7275.98,7395.56,-51.37,-0.69,23360422600.0,2590.19,500.0,19.6,2021-09-17,19.6,2590.19
20210922,000905,中证小盘500指数,中证500,CSI Smallcap 500 Index,CSI 500,7305.08,7453.93,7298.03,7453.62,58.06,0.79,19679453400.0,2218.39,500.0,19.8,2021-09-22,19.8,2218.39
20210923,000905,中证小盘500指数,中证500,CSI Smallcap 500 Index,CSI 500,7512.33,7543.66,7467.2,7502.84,49.21,0.66,24115869400.0,2676.59,500.0,19.88,2021-09-23,19.88,2676.59
20210924,000905,中证小盘500指数,中证500,CSI Smallcap 500 Index,CSI 500,7490.56,7490.56,7373.29,7380.38,-122.45,-1.63,23171558200.0,2489.83,500.0,19.56,2021-09-24,19.56,2489.83
20210927,000905,中证小盘500指数,中证500,CSI Smallcap 500 Index,CSI 500,7400.0,7410.47,7128.51,7170.59,-209.79,-2.84,23954240700.0,2550.97,500.0,19.03,2021-09-27,19.03,2550.97
20210928,000905,中证小盘500指数,中证500,CSI Smallcap 500 Index,CSI 500,7158.62,7227.46,7155.27,7198.9,28.31,0.39,20280056700.0,1962.02,500.0,19.17,2021-09-28,19.17,1962.02
20210929,000905,中证小盘500指数,中证500,CSI Smallcap 500 Index,CSI 500,7142.76,7161.21,6996.57,7010.22,-188.68,-2.62,21057070200.0,2078.31,500.0,18.55,2021-09-29,18.55,2078.31
20210930,000905,中证小盘500指数,中证500,CSI Smallcap 500 Index,CSI 500,7034.69,7116.04,7034.69,7103.61,93.39,1.33,20248261200.0,1861.86,500.0,18.81,2021-09-30,18.81,1861.86
20211008,000905,中证小盘500指数,中证500,CSI Smallcap 500 Index,CSI 500,7191.23,7198.96,7058.83,7091.34,-12.27,-0.17,20546770500.0,2028.77,500.0,18.74,2021-10-08,18.74,2028.77
20211011,000905,中证小盘500指数,中证500,CSI Smallcap 500 Index,CSI 500,7102.88,7123.75,7048.87,7090.47,-0.87,-0.01,19542083900.0,1947.1,500.0,18.71,2021-10-11,18.71,1947.1
20211012,000905,中证小盘500指数,中证500,CSI Smallcap 500 Index,CSI 500,7069.35,7079.71,6891.84,6952.19,-138.28,-1.95,20166672300.0,1941.47,500.0,18.35,2021-10-12,18.35,1941.47
20211013,000905,中证小盘500指数,中证500,CSI Smallcap 500 Index,CSI 500,6957.73,6991.24,6887.34,6981.59,29.4,0.42,16260465500.0,1636.78,500.0,18.39,2021-10-13,18.39,1636.78
20211014,000905,中证小盘500指数,中证500,CSI Smallcap 500 Index,CSI 500,6970.65,7033.4,6949.48,7008.33,26.74,0.38,15476466800.0,1629.47,500.0,18.46,2021-10-14,18.46,1629.47
20211015,000905,中证小盘500指数,中证500,CSI Smallcap 500 Index,CSI 500,6996.12,7034.03,6975.24,7024.16,15.83,0.23,17410833900.0,1890.0,500.0,18.5,2021-10-15,18.5,1890.0
20211018,000905,中证小盘500指数,中证500,CSI Smallcap 500 Index,CSI 500,7027.14,7071.87,6983.72,7068.1,43.95,0.63,17562701400.0,1943.13,500.0,18.62,2021-10-18,18.62,1943.13
20211019,000905,中证小盘500指数,中证500,CSI Smallcap 500 Index,CSI 500,7060.77,7127.24,7051.78,7120.38,52.27,0.74,16813576400.0,1827.01,500.0,18.78,2021-10-19,18.78,1827.01
20211020,000905,中证小盘500指数,中证500,CSI Smallcap 500 Index,CSI 500,7081.99,7154.91,7067.13,7118.8,-1.58,-0.02,17051134100.0,1862.77,500.0,18.75,2021-10-20,18.75,1862.77
20211021,000905,中证小盘500指数,中证500,CSI Smallcap 500 Index,CSI 500,7127.64,7145.58,7069.45,7098.25,-20.54,-0.29,16797196700.0,1843.65,500.0,18.72,2021-10-21,18.72,1843.65
20211022,000905,中证小盘500指数,中证500,CSI Smallcap 500 Index,CSI 500,7089.13,7110.66,7020.87,7026.07,-72.19,-1.02,17161515100.0,1841.92,500.0,18.52,2021-10-22,18.52,1841.92
20211025,000905,中证小盘500指数,中证500,CSI Smallcap 500 Index,CSI 500,7019.02,7105.98,7003.78,7103.99,77.92,1.11,15900460300.0,1846.07,500.0,18.74,2021-10-25,18.74,1846.07
20211026,000905,中证小盘500指数,中证500,CSI Smallcap 500 Index,CSI 500,7120.07,7155.63,7085.07,7102.43,-1.55,-0.02,17503220500.0,2049.98,500.0,18.72,2021-10-26,18.72,2049.98
20211027,000905,中证小盘500指数,中证500,CSI Smallcap 500 Index,CSI 500,7093.12,7097.86,7017.86,7048.6,-53.83,-0.76,17902088700.0,2125.24,500.0,18.58,2021-10-27,18.58,2125.24
20211028,000905,中证小盘500指数,中证500,CSI Smallcap 500 Index,CSI 500,7026.29,7043.42,6930.54,6950.28,-98.33,-1.39,18807533800.0,2103.81,500.0,18.32,2021-10-28,18.32,2103.81
20211029,000905,中证小盘500指数,中证500,CSI Smallcap 500 Index,CSI 500,6955.85,7022.75,6920.31,7022.5,72.22,1.04,17077953300.0,2070.12,500.0,18.47,2021-10-29,18.47,2070.12
20211101,000905,中证小盘500指数,中证500,CSI Smallcap 500 Index,CSI 500,7005.07,7087.29,6993.27,7060.76,38.26,0.54,18414299100.0,2265.34,500.0,17.94,2021-11-01,17.94,2265.34
20211102,000905,中证小盘500指数,中证500,CSI Smallcap 500 Index,CSI 500,7061.0,7093.61,6921.85,6985.1,-75.66,-1.07,19611472800.0,2306.34,500.0,17.76,2021-11-02,17.76,2306.34
20211103,000905,中证小盘500指数,中证500,CSI Smallcap 500 Index,CSI 500,6975.06,7034.09,6962.87,7017.85,32.75,0.47,15081464800.0,1835.31,500.0,17.87,2021-11-03,17.87,1835.31
20211104,000905,中证小盘500指数,中证500,CSI Smallcap 500 Index,CSI 500,7031.95,7073.85,7018.61,7073.85,56.0,0.8,15265204900.0,1885.33,500.0,17.76,2021-11-04,17.76,1885.33
20211105,000905,中证小盘500指数,中证500,CSI Smallcap 500 Index,CSI 500,7071.08,7073.85,6991.15,6991.91,-81.94,-1.16,17724139200.0,2073.0,500.0,17.5,2021-11-05,17.5,2073.0
20211108,000905,中证小盘500指数,中证500,CSI Smallcap 500 Index,CSI 500,6986.5,7034.14,6984.81,7026.97,35.06,0.5,14636085700.0,1768.1,500.0,17.57,2021-11-08,17.57,1768.1
20211109,000905,中证小盘500指数,中证500,CSI Smallcap 500 Index,CSI 500,7037.57,7087.02,7028.31,7081.75,54.78,0.78,14169684700.0,1756.2,500.0,17.71,2021-11-09,17.71,1756.2
20211110,000905,中证小盘500指数,中证500,CSI Smallcap 500 Index,CSI 500,7061.64,7072.15,6965.86,7062.33,-19.42,-0.27,16213835400.0,1871.22,500.0,17.66,2021-11-10,17.66,1871.22
20211111,000905,中证小盘500指数,中证500,CSI Smallcap 500 Index,CSI 500,7048.86,7121.92,7033.09,7119.86,57.53,0.81,16540069300.0,1866.38,500.0,17.83,2021-11-11,17.83,1866.38
20211112,000905,中证小盘500指数,中证500,CSI Smallcap 500 Index,CSI 500,7118.99,7165.11,7112.58,7156.61,36.75,0.52,16851342300.0,1952.5,500.0,17.9,2021-11-12,17.9,1952.5
20211115,000905,中证小盘500指数,中证500,CSI Smallcap 500 Index,CSI 500,7166.04,7176.77,7083.78,7098.21,-58.4,-0.82,16114820200.0,2019.4,500.0,17.75,2021-11-15,17.75,2019.4
20211116,000905,中证小盘500指数,中证500,CSI Smallcap 500 Index,CSI 500,7083.92,7121.74,7040.51,7045.94,-52.27,-0.74,16237031600.0,1920.32,500.0,17.62,2021-11-16,17.62,1920.32
20211117,000905,中证小盘500指数,中证500,CSI Smallcap 500 Index,CSI 500,7043.63,7106.05,7033.95,7104.53,58.6,0.83,14034710700.0,1688.75,500.0,17.76,2021-11-17,17.76,1688.75
20211118,000905,中证小盘500指数,中证500,CSI Smallcap 500 Index,CSI 500,7108.78,7130.29,7066.49,7084.68,-19.85,-0.28,16271486000.0,1851.53,500.0,17.72,2021-11-18,17.72,1851.53
20211119,000905,中证小盘500指数,中证500,CSI Smallcap 500 Index,CSI 500,7083.01,7174.25,7073.72,7169.88,85.19,1.2,17818585400.0,1936.01,500.0,17.95,2021-11-19,17.95,1936.01
20211122,000905,中证小盘500指数,中证500,CSI Smallcap 500 Index,CSI 500,7177.4,7259.53,7177.4,7255.07,85.2,1.19,18052248000.0,2229.86,500.0,18.16,2021-11-22,18.16,2229.86
20211123,000905,中证小盘500指数,中证500,CSI Smallcap 500 Index,CSI 500,7245.95,7292.92,7239.0,7261.38,6.31,0.09,18959503300.0,2182.99,500.0,18.17,2021-11-23,18.17,2182.99
20211124,000905,中证小盘500指数,中证500,CSI Smallcap 500 Index,CSI 500,7260.22,7278.4,7229.6,7256.11,-5.27,-0.07,17767407200.0,2095.37,500.0,18.17,2021-11-24,18.17,2095.37
20211125,000905,中证小盘500指数,中证500,CSI Smallcap 500 Index,CSI 500,7262.79,7262.79,7228.29,7233.54,-22.57,-0.31,16406809800.0,1903.28,500.0,18.11,2021-11-25,18.11,1903.28
20211126,000905,中证小盘500指数,中证500,CSI Smallcap 500 Index,CSI 500,7216.64,7249.2,7201.2,7219.86,-13.68,-0.19,15942313700.0,1920.94,500.0,18.07,2021-11-26,18.07,1920.94
20211129,000905,中证小盘500指数,中证500,CSI Smallcap 500 Index,CSI 500,7129.94,7226.34,7125.43,7221.9,2.04,0.03,16694140600.0,1985.52,500.0,18.1,2021-11-29,18.1,1985.52
20211130,000905,中证小盘500指数,中证500,CSI Smallcap 500 Index,CSI 500,7252.33,7281.13,7210.84,7252.76,30.86,0.43,18633616300.0,2132.18,500.0,18.14,2021-11-30,18.14,2132.18
20211201,000905,中证小盘500指数,中证500,CSI Smallcap 500 Index,CSI 500,7239.13,7272.94,7215.67,7272.84,20.08,0.28,17180629500.0,1961.12,500.0,18.2,2021-12-01,18.2,1961.12
20211202,000905,中证小盘500指数,中证500,CSI Smallcap 500 Index,CSI 500,7256.42,7279.95,7221.36,7229.99,-42.85,-0.59,17655554400.0,1986.27,500.0,18.11,2021-12-02,18.11,1986.27
20211203,000905,中证小盘500指数,中证500,CSI Smallcap 500 Index,CSI 500,7233.57,7310.27,7223.8,7301.92,71.93,0.99,18622273800.0,2007.91,500.0,18.31,2021-12-03,18.31,2007.91
20211206,000905,中证小盘500指数,中证500,CSI Smallcap 500 Index,CSI 500,7308.99,7330.47,7235.45,7240.46,-61.46,-0.84,21306995200.0,2183.23,500.0,18.15,2021-12-06,18.15,2183.23
20211207,000905,中证小盘500指数,中证500,CSI Smallcap 500 Index,CSI 500,7274.13,7284.64,7148.07,7206.83,-33.63,-0.46,19224385400.0,2061.36,500.0,18.08,2021-12-07,18.08,2061.36
20211208,000905,中证小盘500指数,中证500,CSI Smallcap 500 Index,CSI 500,7225.0,7302.99,7214.26,7302.99,96.16,1.33,16928045300.0,1902.8,500.0,18.31,2021-12-08,18.31,1902.8
20211209,000905,中证小盘500指数,中证500,CSI Smallcap 500 Index,CSI 500,7298.8,7331.58,7290.27,7320.32,17.33,0.24,19608716800.0,2114.92,500.0,18.35,2021-12-09,18.35,2114.92
20211210,000905,中证小盘500指数,中证500,CSI Smallcap 500 Index,CSI 500,7285.97,7317.27,7276.61,7306.65,-13.67,-0.19,18723069500.0,2093.98,500.0,18.33,2021-12-10,18.33,2093.98
20211213,000905,中证小盘500指数,中证500,CSI Smallcap 500 Index,CSI 500,7334.11,7371.31,7322.44,7353.03,46.38,0.63,18536306100.0,2107.42,500.0,18.47,2021-12-13,18.47,2107.42
20211214,000905,中证小盘500指数,中证500,CSI Smallcap 500 Index,CSI 500,7330.24,7349.88,7314.43,7324.13,-28.9,-0.39,15958375300.0,1835.56,500.0,18.39,2021-12-14,18.39,1835.56
20211215,000905,中证小盘500指数,中证500,CSI Smallcap 500 Index,CSI 500,7319.66,7352.38,7302.38,7314.26,-9.87,-0.13,15992392300.0,1838.59,500.0,18.38,2021-12-15,18.38,1838.59
20211216,000905,中证小盘500指数,中证500,CSI Smallcap 500 Index,CSI 500,7323.41,7381.0,7323.41,7381.0,66.74,0.91,17769034000.0,1870.09,500.0,18.56,2021-12-16,18.56,1870.09
20211217,000905,中证小盘500指数,中证500,CSI Smallcap 500 Index,CSI 500,7380.72,7384.02,7308.72,7314.56,-66.44,-0.9,19626533600.0,2034.4,500.0,18.4,2021-12-17,18.4,2034.4
20211220,000905,中证小盘500指数,中证500,CSI Smallcap 500 Index,CSI 500,7290.95,7313.48,7191.05,7195.97,-118.59,-1.62,18172785300.0,1903.51,500.0,18.08,2021-12-20,18.08,1903.51
20211221,000905,中证小盘500指数,中证500,CSI Smallcap 500 Index,CSI 500,7190.97,7285.72,7190.97,7275.47,79.49,1.1,17621674600.0,1642.58,500.0,18.26,2021-12-21,18.26,1642.58
20211222,000905,中证小盘500指数,中证500,CSI Smallcap 500 Index,CSI 500,7289.91,7318.61,7271.82,7302.46,27.0,0.37,17411719000.0,1710.88,500.0,18.31,2021-12-22,18.31,1710.88
20211223,000905,中证小盘500指数,中证500,CSI Smallcap 500 Index,CSI 500,7306.16,7350.0,7290.38,7337.19,34.73,0.48,16913176000.0,1804.67,500.0,18.41,2021-12-23,18.41,1804.67
20211224,000905,中证小盘500指数,中证500,CSI Smallcap 500 Index,CSI 500,7336.0,7339.94,7257.53,7278.76,-58.43,-0.8,16941870200.0,1826.81,500.0,18.28,2021-12-24,18.28,1826.81
20211227,000905,中证小盘500指数,中证500,CSI Smallcap 500 Index,CSI 500,7269.37,7323.88,7255.72,7272.75,-6.01,-0.08,14861878900.0,1655.86,500.0,18.28,2021-12-27,18.28,1655.86
20211228,000905,中证小盘500指数,中证500,CSI Smallcap 500 Index,CSI 500,7281.0,7290.54,7240.93,7286.03,13.28,0.18,14326204000.0,1647.83,500.0,18.29,2021-12-28,18.29,1647.83
20211229,000905,中证小盘500指数,中证500,CSI Smallcap 500 Index,CSI 500,7275.67,7290.86,7242.3,7247.77,-38.26,-0.53,13620955200.0,1557.44,500.0,18.19,2021-12-29,18.19,1557.44
20211230,000905,中证小盘500指数,中证500,CSI Smallcap 500 Index,CSI 500,7246.03,7324.5,7244.22,7310.96,63.19,0.87,14165111100.0,1584.48,500.0,18.33,2021-12-30,18.33,1584.48
20211231,000905,中证小盘500指数,中证500,CSI Smallcap 500 Index,CSI 500,7320.94,7368.13,7317.7,7359.4,48.44,0.66,14990900300.0,1694.57,500.0,18.44,2021-12-31,18.44,1694.57
20220104,000905,中证小盘500指数,中证500,CSI Smallcap 500 Index,CSI 500,7387.81,7392.1,7317.5,7354.46,-4.95,-0.07,20081001800.0,2191.75,500.0,18.4,2022-01-04,18.4,2191.75
20220105,000905,中证小盘500指数,中证500,CSI Smallcap 500 Index,CSI 500,7343.9,7346.26,7200.73,7222.67,-131.78,-1.79,19400240400.0,2098.1,500.0,18.08,2022-01-05,18.08,2098.1
20220106,000905,中证小盘500指数,中证500,CSI Smallcap 500 Index,CSI 500,7187.95,7242.77,7167.81,7229.96,7.29,0.1,17333576500.0,1799.08,500.0,18.12,2022-01-06,18.12,1799.08
20220107,000905,中证小盘500指数,中证500,CSI Smallcap 500 Index,CSI 500,7232.41,7262.81,7168.04,7175.68,-54.28,-0.75,20001801100.0,2024.98,500.0,18.01,2022-01-07,18.01,2024.98
20220110,000905,中证小盘500指数,中证500,CSI Smallcap 500 Index,CSI 500,7161.44,7193.92,7122.09,7191.45,15.78,0.22,16574887800.0,1767.18,500.0,18.05,2022-01-10,18.05,1767.18
20220111,000905,中证小盘500指数,中证500,CSI Smallcap 500 Index,CSI 500,7187.02,7206.92,7118.84,7135.22,-56.23,-0.78,16949456500.0,1796.45,500.0,17.93,2022-01-11,17.93,1796.45
20220112,000905,中证小盘500指数,中证500,CSI Smallcap 500 Index,CSI 500,7160.18,7196.93,7148.63,7196.93,61.71,0.86,15605148300.0,1703.34,500.0,18.05,2022-01-12,18.05,1703.34
20220113,000905,中证小盘500指数,中证500,CSI Smallcap 500 Index,CSI 500,7203.24,7203.24,7096.33,7097.76,-99.17,-1.38,16914896800.0,1745.99,500.0,17.8,2022-01-13,17.8,1745.99
20220114,000905,中证小盘500指数,中证500,CSI Smallcap 500 Index,CSI 500,7063.42,7125.09,7052.63,7081.14,-16.62,-0.23,17559119800.0,1815.14,500.0,17.73,2022-01-14,17.73,1815.14
20220117,000905,中证小盘500指数,中证500,CSI Smallcap 500 Index,CSI 500,7080.62,7169.34,7078.66,7157.86,76.72,1.08,16177971900.0,1834.91,500.0,17.89,2022-01-17,17.89,1834.91
20220118,000905,中证小盘500指数,中证500,CSI Smallcap 500 Index,CSI 500,7163.13,7191.0,7133.2,7163.16,5.3,0.07,17923539100.0,1950.0,500.0,17.92,2022-01-18,17.92,1950.0
20220119,000905,中证小盘500指数,中证500,CSI Smallcap 500 Index,CSI 500,7144.48,7182.06,7078.36,7118.76,-44.4,-0.62,16317836800.0,1746.75,500.0,17.82,2022-01-19,17.82,1746.75
20220120,000905,中证小盘500指数,中证500,CSI Smallcap 500 Index,CSI 500,7119.51,7135.78,7040.01,7056.79,-61.98,-0.87,16866628200.0,1727.53,500.0,17.69,2022-01-20,17.69,1727.53
20220121,000905,中证小盘500指数,中证500,CSI Smallcap 500 Index,CSI 500,7037.94,7040.43,6965.33,6976.62,-80.17,-1.14,14467978900.0,1582.04,500.0,17.49,2022-01-21,17.49,1582.04
20220124,000905,中证小盘500指数,中证500,CSI Smallcap 500 Index,CSI 500,6942.92,7006.7,6925.77,6979.25,2.63,0.04,12267956400.0,1359.21,500.0,17.49,2022-01-24,17.49,1359.21
20220125,000905,中证小盘500指数,中证500,CSI Smallcap 500 Index,CSI 500,6960.0,6979.48,6743.96,6743.96,-235.29,-3.37,15033724400.0,1542.65,500.0,16.91,2022-01-25,16.91,1542.65
20220126,000905,中证小盘500指数,中证500,CSI Smallcap 500 Index,CSI 500,6762.35,6799.81,6721.9,6782.58,38.62,0.57,12061531000.0,1302.35,500.0,17.03,2022-01-26,17.03,1302.35
20220127,000905,中证小盘500指数,中证500,CSI Smallcap 500 Index,CSI 500,6781.61,6785.73,6605.92,6605.92,-176.66,-2.6,12524375600.0,1322.45,500.0,16.61,2022-01-27,16.61,1322.45
20220128,000905,中证小盘500指数,中证500,CSI Smallcap 500 Index,CSI 500,6690.18,6690.18,6510.18,6580.53,-25.39,-0.38,12708881900.0,1302.58,500.0,16.52,2022-01-28,16.52,1302.58
20220207,000905,中证小盘500指数,中证500,CSI Smallcap 500 Index,CSI 500,6664.57,6702.33,6656.13,6676.61,96.08,1.46,14509261900.0,1386.42,500.0,16.82,2022-02-07,16.82,1386.42
20220208,000905,中证小盘500指数,中证500,CSI Smallcap 500 Index,CSI 500,6678.99,6742.4,6599.37,6742.19,65.58,0.98,15959857500.0,1454.59,500.0,16.98,2022-02-08,16.98,1454.59
20220209,000905,中证小盘500指数,中证500,CSI Smallcap 500 Index,CSI 500,6736.75,6848.69,6725.8,6843.03,100.84,1.5,16282272100.0,1553.63,500.0,17.21,2022-02-09,17.21,1553.63
20220210,000905,中证小盘500指数,中证500,CSI Smallcap 500 Index,CSI 500,6841.16,6864.69,6797.01,6840.49,-2.54,-0.04,15491656500.0,1470.65,500.0,17.22,2022-02-10,17.22,1470.65
20220211,000905,中证小盘500指数,中证500,CSI Smallcap 500 Index,CSI 500,6811.78,6840.72,6735.89,6745.02,-95.46,-1.4,15980135400.0,1567.0,500.0,16.99,2022-02-11,16.99,1567.0
20220214,000905,中证小盘500指数,中证500,CSI Smallcap 500 Index,CSI 500,6711.59,6765.52,6667.49,6695.7,-49.33,-0.73,13708245900.0,1321.92,500.0,16.85,2022-02-14,16.85,1321.92
20220215,000905,中证小盘500指数,中证500,CSI Smallcap 500 Index,CSI 500,6700.82,6762.86,6686.95,6760.28,64.58,0.96,11280576000.0,1212.68,500.0,17.0,2022-02-15,17.0,1212.68
20220216,000905,中证小盘500指数,中证500,CSI Smallcap 500 Index,CSI 500,6779.21,6788.36,6751.8,6772.03,11.76,0.17,10841400300.0,1146.85,500.0,17.04,2022-02-16,17.04,1146.85
20220217,000905,中证小盘500指数,中证500,CSI Smallcap 500 Index,CSI 500,6764.33,6797.62,6730.18,6768.79,-3.24,-0.05,12298508900.0,1307.07,500.0,17.03,2022-02-17,17.03,1307.07
20220218,000905,中证小盘500指数,中证500,CSI Smallcap 500 Index,CSI 500,6734.52,6835.2,6727.82,6835.02,66.23,0.98,13995263800.0,1344.07,500.0,17.2,2022-02-18,17.2,1344.07
20220221,000905,中证小盘500指数,中证500,CSI Smallcap 500 Index,CSI 500,6843.08,6871.99,6822.88,6867.11,32.09,0.47,14514631300.0,1500.72,500.0,17.26,2022-02-21,17.26,1500.72
20220222,000905,中证小盘500指数,中证500,CSI Smallcap 500 Index,CSI 500,6827.05,6827.05,6743.85,6784.76,-82.35,-1.2,14860991500.0,1529.06,500.0,17.07,2022-02-22,17.07,1529.06
20220223,000905,中证小盘500指数,中证500,CSI Smallcap 500 Index,CSI 500,6785.1,6889.7,6785.1,6887.42,102.66,1.51,14411662000.0,1594.13,500.0,17.32,2022-02-23,17.32,1594.13
20220224,000905,中证小盘500指数,中证500,CSI Smallcap 500 Index,CSI 500,6861.41,6898.41,6688.75,6764.88,-122.55,-1.78,21084975500.0,2180.57,500.0,17.03,2022-02-24,17.03,2180.57
20220225,000905,中证小盘500指数,中证500,CSI Smallcap 500 Index,CSI 500,6805.64,6895.04,6801.33,6819.43,54.56,0.81,15642913900.0,1641.06,500.0,17.16,2022-02-25,17.16,1641.06
20220228,000905,中证小盘500指数,中证500,CSI Smallcap 500 Index,CSI 500,6831.49,6853.34,6770.05,6853.31,33.88,0.5,13960138800.0,1485.85,500.0,17.25,2022-02-28,17.25,1485.85
20220301,000905,中证小盘500指数,中证500,CSI Smallcap 500 Index,CSI 500,6868.62,6889.33,6837.25,6874.04,20.74,0.3,13771721800.0,1475.35,500.0,17.3,2022-03-01,17.3,1475.35
20220302,000905,中证小盘500指数,中证500,CSI Smallcap 500 Index,CSI 500,6853.07,6878.35,6828.06,6875.24,1.2,0.02,13711497800.0,1408.71,500.0,17.31,2022-03-02,17.31,1408.71
20220303,000905,中证小盘500指数,中证500,CSI Smallcap 500 Index,CSI 500,6900.98,6907.41,6843.99,6859.55,-15.69,-0.23,18909178100.0,1735.17,500.0,17.3,2022-03-03,17.3,1735.17
20220304,000905,中证小盘500指数,中证500,CSI Smallcap 500 Index,CSI 500,6823.83,6871.09,6779.41,6803.83,-55.72,-0.81,17741188200.0,1658.53,500.0,17.17,2022-03-04,17.17,1658.53
20220307,000905,中证小盘500指数,中证500,CSI Smallcap 500 Index,CSI 500,6800.77,6800.82,6628.48,6659.39,-144.44,-2.12,16648459400.0,1646.37,500.0,16.82,2022-03-07,16.82,1646.37
20220308,000905,中证小盘500指数,中证500,CSI Smallcap 500 Index,CSI 500,6650.58,6665.95,6416.8,6429.89,-229.5,-3.45,18629607900.0,1844.44,500.0,16.24,2022-03-08,16.24,1844.44
20220309,000905,中证小盘500指数,中证500,CSI Smallcap 500 Index,CSI 500,6443.2,6462.48,6066.76,6305.61,-124.28,-1.93,19780274000.0,1883.36,500.0,15.93,2022-03-09,15.93,1883.36
20220310,000905,中证小盘500指数,中证500,CSI Smallcap 500 Index,CSI 500,6424.91,6475.14,6390.73,6414.94,109.33,1.73,15315235500.0,1589.72,500.0,16.19,2022-03-10,16.19,1589.72
20220311,000905,中证小盘500指数,中证500,CSI Smallcap 500 Index,CSI 500,6343.19,6479.72,6270.02,6474.13,59.19,0.92,15211450300.0,1587.71,500.0,16.33,2022-03-11,16.33,1587.71
20220314,000905,中证小盘500指数,中证500,CSI Smallcap 500 Index,CSI 500,6419.24,6490.61,6323.58,6323.58,-150.55,-2.33,13795400500.0,1537.06,500.0,15.95,2022-03-14,15.95,1537.06
20220315,000905,中证小盘500指数,中证500,CSI Smallcap 500 Index,CSI 500,6272.44,6278.07,5964.98,5964.98,-358.6,-5.67,19471374500.0,1841.02,500.0,15.05,2022-03-15,15.05,1841.02
20220316,000905,中证小盘500指数,中证500,CSI Smallcap 500 Index,CSI 500,6068.9,6173.79,5824.33,6156.27,191.29,3.21,17882684700.0,1786.13,500.0,15.52,2022-03-16,15.52,1786.13
20220317,000905,中证小盘500指数,中证500,CSI Smallcap 500 Index,CSI 500,6233.64,6369.89,6225.98,6267.52,111.25,1.81,17043854100.0,1848.45,500.0,15.79,2022-03-17,15.79,1848.45
20220318,000905,中证小盘500指数,中证500,CSI Smallcap 500 Index,CSI 500,6249.48,6338.22,6231.73,6332.22,64.69,1.03,15262021400.0,1533.02,500.0,15.96,2022-03-18,15.96,1533.02
20220321,000905,中证小盘500指数,中证500,CSI Smallcap 500 Index,CSI 500,6340.56,6389.21,6284.85,6358.94,26.73,0.42,15965372300.0,1617.74,500.0,16.03,2022-03-21,16.03,1617.74
20220322,000905,中证小盘500指数,中证500,CSI Smallcap 500 Index,CSI 500,6343.4,6404.83,6313.27,6358.11,-0.83,-0.01,15110787400.0,1457.05,500.0,16.03,2022-03-22,16.03,1457.05
20220323,000905,中证小盘500指数,中证500,CSI Smallcap 500 Index,CSI 500,6368.31,6420.16,6353.34,6398.1,39.99,0.63,14317935800.0,1416.85,500.0,16.11,2022-03-23,16.11,1416.85
20220324,000905,中证小盘500指数,中证500,CSI Smallcap 500 Index,CSI 500,6370.97,6384.4,6315.14,6344.12,-53.99,-0.84,13774908600.0,1391.76,500.0,16.0,2022-03-24,16.0,1391.76
20220325,000905,中证小盘500指数,中证500,CSI Smallcap 500 Index,CSI 500,6346.71,6373.47,6268.24,6268.24,-75.88,-1.2,13497225600.0,1351.82,500.0,15.8,2022-03-25,15.8,1351.82
20220328,000905,中证小盘500指数,中证500,CSI Smallcap 500 Index,CSI 500,6230.12,6322.13,6176.25,6283.28,15.04,0.24,14485788700.0,1369.92,500.0,15.84,2022-03-28,15.84,1369.92
20220329,000905,中证小盘500指数,中证500,CSI Smallcap 500 Index,CSI 500,6289.48,6316.31,6233.28,6253.07,-30.21,-0.48,14136212400.0,1404.01,500.0,15.76,2022-03-29,15.76,1404.01
20220330,000905,中证小盘500指数,中证500,CSI Smallcap 500 Index,CSI 500,6272.0,6377.87,6261.8,6377.87,124.81,2.0,16401457500.0,1556.01,500.0,16.07,2022-03-30,16.07,1556.01
20220331,000905,中证小盘500指数,中证500,CSI Smallcap 500 Index,CSI 500,6361.1,6383.07,6313.97,6324.96,-52.91,-0.83,17690394800.0,1670.73,500.0,15.96,2022-03-31,15.96,1670.73
20220401,000905,中证小盘500指数,中证500,CSI Smallcap 500 Index,CSI 500,6289.39,6373.26,6274.0,6364.52,39.56,0.63,17512859600.0,1545.52,500.0,16.06,2022-04-01,16.06,1545.52
20220406,000905,中证小盘500指数,中证500,CSI Smallcap 500 Index,CSI 500,6363.0,6363.0,6279.07,6356.93,-7.59,-0.12,19685358400.0,1695.25,500.0,16.05,2022-04-06,16.05,1695.25
20220407,000905,中证小盘500指数,中证500,CSI Smallcap 500 Index,CSI 500,6321.81,6364.63,6221.59,6221.59,-135.34,-2.13,19076219200.0,1637.36,500.0,15.73,2022-04-07,15.73,1637.36
20220408,000905,中证小盘500指数,中证500,CSI Smallcap 500 Index,CSI 500,6227.2,6237.91,6117.01,6224.12,2.53,0.04,18395489200.0,1592.45,500.0,15.76,2022-04-08,15.76,1592.45
20220411,000905,中证小盘500指数,中证500,CSI Smallcap 500 Index,CSI 500,6202.02,6202.02,6001.57,6029.89,-194.22,-3.12,17838481200.0,1622.01,500.0,15.28,2022-04-11,15.28,1622.01
20220412,000905,中证小盘500指数,中证500,CSI Smallcap 500 Index,CSI 500,6019.67,6135.57,5964.39,6126.91,97.01,1.61,17318018800.0,1514.32,500.0,15.51,2022-04-12,15.51,1514.32
20220413,000905,中证小盘500指数,中证500,CSI Smallcap 500 Index,CSI 500,6094.68,6129.66,6039.92,6044.33,-82.58,-1.35,16704306000.0,1472.7,500.0,15.32,2022-04-13,15.32,1472.7
20220414,000905,中证小盘500指数,中证500,CSI Smallcap 500 Index,CSI 500,6074.13,6156.5,6060.68,6126.49,82.16,1.36,15903310600.0,1470.89,500.0,15.52,2022-04-14,15.52,1470.89
20220415,000905,中证小盘500指数,中证500,CSI Smallcap 500 Index,CSI 500,6094.12,6122.29,6048.16,6070.75,-55.74,-0.91,18462700000.0,1621.7,500.0,15.39,2022-04-15,15.39,1621.7
20220418,000905,中证小盘500指数,中证500,CSI Smallcap 500 Index,CSI 500,6019.53,6094.67,5975.45,6074.01,3.26,0.05,14918638000.0,1315.54,500.0,15.36,2022-04-18,15.36,1315.54
20220419,000905,中证小盘500指数,中证500,CSI Smallcap 500 Index,CSI 500,6067.48,6106.93,6052.1,6092.4,18.39,0.3,14199753400.0,1292.27,500.0,15.42,2022-04-19,15.42,1292.27
20220420,000905,中证小盘500指数,中证500,CSI Smallcap 500 Index,CSI 500,6082.81,6093.78,5942.0,5956.92,-135.48,-2.22,15105560300.0,1347.21,500.0,15.07,2022-04-20,15.07,1347.21
20220421,000905,中证小盘500指数,中证500,CSI Smallcap 500 Index,CSI 500,5933.79,5971.19,5742.42,5759.8,-197.12,-3.31,15785450500.0,1356.26,500.0,14.59,2022-04-21,14.59,1356.26
20220422,000905,中证小盘500指数,中证500,CSI Smallcap 500 Index,CSI 500,5728.19,5794.34,5667.34,5740.98,-18.82,-0.33,13999759800.0,1202.44,500.0,14.55,2022-04-22,14.55,1202.44
20220425,000905,中证小盘500指数,中证500,CSI Smallcap 500 Index,CSI 500,5656.39,5656.39,5369.72,5369.72,-371.27,-6.47,18675348000.0,1506.64,500.0,13.64,2022-04-25,13.64,1506.64
20220426,000905,中证小盘500指数,中证500,CSI Smallcap 500 Index,CSI 500,5374.25,5434.7,5225.21,5234.01,-135.71,-2.53,17129943300.0,1391.44,500.0,13.3,2022-04-26,13.3,1391.44
20220427,000905,中证小盘500指数,中证500,CSI Smallcap 500 Index,CSI 500,5179.03,5440.07,5158.48,5437.04,203.03,3.88,17969338400.0,1481.66,500.0,13.8,2022-04-27,13.8,1481.66
20220428,000905,中证小盘500指数,中证500,CSI Smallcap 500 Index,CSI 500,5398.9,5472.82,5339.61,5418.76,-18.27,-0.34,15503977300.0,1330.24,500.0,13.77,2022-04-28,13.77,1330.24
20220429,000905,中证小盘500指数,中证500,CSI Smallcap 500 Index,CSI 500,5458.91,5630.93,5443.67,5627.9,209.14,3.86,18128951200.0,1577.23,500.0,14.27,2022-04-29,14.27,1577.23
20220505,000905,中证小盘500指数,中证500,CSI Smallcap 500 Index,CSI 500,5612.5,5728.62,5606.94,5686.7,58.8,1.04,16864320800.0,1536.14,500.0,14.89,2022-05-05,14.89,1536.14
20220506,000905,中证小盘500指数,中证500,CSI Smallcap 500 Index,CSI 500,5560.98,5629.65,5542.18,5563.77,-122.93,-2.16,15299334100.0,1280.85,500.0,14.57,2022-05-06,14.57,1280.85
20220509,000905,中证小盘500指数,中证500,CSI Smallcap 500 Index,CSI 500,5552.48,5626.59,5537.98,5608.52,44.75,0.8,13155392900.0,1145.55,500.0,14.68,2022-05-09,14.68,1145.55
20220510,000905,中证小盘500指数,中证500,CSI Smallcap 500 Index,CSI 500,5532.6,5698.51,5519.47,5690.09,81.57,1.45,16532961300.0,1411.37,500.0,14.89,2022-05-10,14.89,1411.37
20220511,000905,中证小盘500指数,中证500,CSI Smallcap 500 Index,CSI 500,5697.43,5856.19,5696.7,5737.82,47.73,0.84,18516362700.0,1728.55,500.0,15.01,2022-05-11,15.01,1728.55
20220512,000905,中证小盘500指数,中证500,CSI Smallcap 500 Index,CSI 500,5707.56,5779.32,5687.18,5743.1,5.28,0.09,13921616900.0,1259.53,500.0,14.99,2022-05-12,14.99,1259.53
20220513,000905,中证小盘500指数,中证500,CSI Smallcap 500 Index,CSI 500,5765.32,5796.8,5731.86,5796.8,53.7,0.94,13655977500.0,1167.85,500.0,15.12,2022-05-13,15.12,1167.85
20220516,000905,中证小盘500指数,中证500,CSI Smallcap 500 Index,CSI 500,5840.24,5855.72,5767.54,5791.08,-5.72,-0.1,15138727500.0,1324.51,500.0,15.1,2022-05-16,15.1,1324.51
20220517,000905,中证小盘500指数,中证500,CSI Smallcap 500 Index,CSI 500,5789.92,5816.34,5724.44,5816.34,25.26,0.44,13082939100.0,1192.6,500.0,15.16,2022-05-17,15.16,1192.6
20220518,000905,中证小盘500指数,中证500,CSI Smallcap 500 Index,CSI 500,5815.61,5846.84,5785.45,5797.49,-18.85,-0.32,12724384500.0,1143.2,500.0,15.1,2022-05-18,15.1,1143.2
20220519,000905,中证小盘500指数,中证500,CSI Smallcap 500 Index,CSI 500,5708.8,5838.41,5700.11,5838.41,40.92,0.71,13662374000.0,1227.3,500.0,15.19,2022-05-19,15.19,1227.3
20220520,000905,中证小盘500指数,中证500,CSI Smallcap 500 Index,CSI 500,5854.01,5929.54,5849.76,5929.49,91.08,1.56,16572732900.0,1518.91,500.0,15.44,2022-05-20,15.44,1518.91
20220523,000905,中证小盘500指数,中证500,CSI Smallcap 500 Index,CSI 500,5941.14,5968.85,5908.66,5965.73,36.24,0.61,15387601700.0,1433.76,500.0,15.53,2022-05-23,15.53,1433.76
20220524,000905,中证小盘500指数,中证500,CSI Smallcap 500 Index,CSI 500,5962.15,5967.23,5745.68,5745.68,-220.05,-3.69,17754083400.0,1618.59,500.0,14.98,2022-05-24,14.98,1618.59
20220525,000905,中证小盘500指数,中证500,CSI Smallcap 500 Index,CSI 500,5741.23,5844.28,5736.14,5844.25,98.58,1.72,14359063500.0,1266.87,500.0,15.22,2022-05-25,15.22,1266.87
20220526,000905,中证小盘500指数,中证500,CSI Smallcap 500 Index,CSI 500,5848.03,5928.71,5780.97,5911.56,67.31,1.15,16235036200.0,1426.67,500.0,15.4,2022-05-26,15.4,1426.67
20220527,000905,中证小盘500指数,中证500,CSI Smallcap 500 Index,CSI 500,5921.33,5952.62,5854.61,5899.92,-11.65,-0.2,14340686200.0,1285.03,500.0,15.37,2022-05-27,15.37,1285.03
20220530,000905,中证小盘500指数,中证500,CSI Smallcap 500 Index,CSI 500,5918.24,5943.0,5867.19,5942.83,42.92,0.73,13385264700.0,1241.84,500.0,15.47,2022-05-30,15.47,1241.84
20220531,000905,中证小盘500指数,中证500,CSI Smallcap 500 Index,CSI 500,5940.37,6033.47,5902.28,6026.24,83.41,1.4,15594491800.0,1478.25,500.0,15.68,2022-05-31,15.68,1478.25
20220601,000905,中证小盘500指数,中证500,CSI Smallcap 500 Index,CSI 500,6008.75,6042.37,5970.49,6023.64,-2.59,-0.04,15536577300.0,1431.27,500.0,15.64,2022-06-01,15.64,1431.27
20220602,000905,中证小盘500指数,中证500,CSI Smallcap 500 Index,CSI 500,6000.62,6084.32,5987.64,6078.43,54.79,0.91,15957167500.0,1500.36,500.0,15.76,2022-06-02,15.76,1500.36
20220606,000905,中证小盘500指数,中证500,CSI Smallcap 500 Index,CSI 500,6079.89,6194.43,6070.71,6187.44,109.01,1.79,18267996300.0,1801.19,500.0,16.04,2022-06-06,16.04,1801.19
20220607,000905,中证小盘500指数,中证500,CSI Smallcap 500 Index,CSI 500,6186.58,6199.72,6136.04,6186.57,-0.88,-0.01,17731171800.0,1691.15,500.0,16.06,2022-06-07,16.06,1691.15
20220608,000905,中证小盘500指数,中证500,CSI Smallcap 500 Index,CSI 500,6184.96,6227.33,6110.06,6217.83,31.26,0.51,18642886400.0,1766.71,500.0,16.13,2022-06-08,16.13,1766.71
20220609,000905,中证小盘500指数,中证500,CSI Smallcap 500 Index,CSI 500,6207.73,6209.11,6088.46,6130.69,-87.14,-1.4,17212977500.0,1603.99,500.0,15.92,2022-06-09,15.92,1603.99
20220610,000905,中证小盘500指数,中证500,CSI Smallcap 500 Index,CSI 500,6083.5,6250.36,6078.78,6240.1,109.42,1.78,19254134000.0,1786.87,500.0,16.2,2022-06-10,16.2,1786.87
20220613,000905,中证小盘500指数,中证500,CSI Smallcap 500 Index,CSI 500,6188.77,6250.68,6172.91,6233.62,-6.48,-0.1,18813239700.0,1976.52,500.0,16.57,2022-06-13,16.57,1976.52
20220614,000905,中证小盘500指数,中证500,CSI Smallcap 500 Index,CSI 500,6161.62,6278.97,6061.19,6275.57,41.95,0.67,19740316500.0,1961.66,500.0,16.69,2022-06-14,16.69,1961.66
20220615,000905,中证小盘500指数,中证500,CSI Smallcap 500 Index,CSI 500,6275.37,6398.36,6261.04,6261.06,-14.5,-0.23,23814076500.0,2317.05,500.0,16.65,2022-06-15,16.65,2317.05
20220616,000905,中证小盘500指数,中证500,CSI Smallcap 500 Index,CSI 500,6262.29,6330.35,6242.33,6264.82,3.76,0.06,19461508300.0,2008.9,500.0,16.64,2022-06-16,16.64,2008.9
20220617,000905,中证小盘500指数,中证500,CSI Smallcap 500 Index,CSI 500,6220.58,6328.36,6181.85,6316.31,51.49,0.82,16785912900.0,1885.55,500.0,16.76,2022-06-17,16.76,1885.55
20220620,000905,中证小盘500指数,中证500,CSI Smallcap 500 Index,CSI 500,6323.41,6359.0,6277.22,6330.39,14.09,0.22,17520714600.0,2024.63,500.0,16.78,2022-06-20,16.78,2024.63
20220621,000905,中证小盘500指数,中证500,CSI Smallcap 500 Index,CSI 500,6324.84,6337.08,6215.29,6277.0,-53.39,-0.84,16446163000.0,1788.13,500.0,16.63,2022-06-21,16.63,1788.13
20220622,000905,中证小盘500指数,中证500,CSI Smallcap 500 Index,CSI 500,6281.87,6285.65,6176.85,6179.57,-97.43,-1.55,15409431800.0,1642.41,500.0,16.38,2022-06-22,16.38,1642.41
20220623,000905,中证小盘500指数,中证500,CSI Smallcap 500 Index,CSI 500,6186.99,6300.47,6142.94,6300.47,120.9,1.96,16826604400.0,1795.26,500.0,16.66,2022-06-23,16.66,1795.26
20220624,000905,中证小盘500指数,中证500,CSI Smallcap 500 Index,CSI 500,6306.83,6378.5,6304.08,6368.28,67.81,1.08,15771270400.0,1819.96,500.0,16.82,2022-06-24,16.82,1819.96
20220627,000905,中证小盘500指数,中证500,CSI Smallcap 500 Index,CSI 500,6398.36,6449.34,6390.28,6407.74,39.46,0.62,16891819100.0,2016.53,500.0,16.91,2022-06-27,16.91,2016.53
20220628,000905,中证小盘500指数,中证500,CSI Smallcap 500 Index,CSI 500,6412.44,6506.67,6392.11,6501.35,93.61,1.46,17058271100.0,1964.79,500.0,17.13,2022-06-28,17.13,1964.79
20220629,000905,中证小盘500指数,中证500,CSI Smallcap 500 Index,CSI 500,6479.17,6501.39,6370.02,6374.3,-127.05,-1.95,19072830800.0,2159.76,500.0,16.82,2022-06-29,16.82,2159.76
20220630,000905,中证小盘500指数,中证500,CSI Smallcap 500 Index,CSI 500,6385.21,6493.09,6385.21,6454.08,79.78,1.25,16384677500.0,1935.99,500.0,17.01,2022-06-30,17.01,1935.99
20220701,000905,中证小盘500指数,中证500,CSI Smallcap 500 Index,CSI 500,6450.75,6481.15,6423.86,6438.54,-15.54,-0.24,14420464300.0,1726.58,500.0,16.97,2022-07-01,16.97,1726.58
20220704,000905,中证小盘500指数,中证500,CSI Smallcap 500 Index,CSI 500,6445.07,6524.3,6405.38,6523.13,84.59,1.31,15781996900.0,1937.84,500.0,17.2,2022-07-04,17.2,1937.84
20220705,000905,中证小盘500指数,中证500,CSI Smallcap 500 Index,CSI 500,6535.45,6548.3,6435.74,6511.53,-11.6,-0.18,18662546900.0,2067.25,500.0,17.18,2022-07-05,17.18,2067.25
20220706,000905,中证小盘500指数,中证500,CSI Smallcap 500 Index,CSI 500,6489.02,6496.97,6359.47,6418.55,-92.98,-1.43,17710450200.0,1882.83,500.0,16.92,2022-07-06,16.92,1882.83
20220707,000905,中证小盘500指数,中证500,CSI Smallcap 500 Index,CSI 500,6414.41,6482.42,6380.17,6452.99,34.44,0.54,15735112300.0,1769.06,500.0,16.99,2022-07-07,16.99,1769.06
20220708,000905,中证小盘500指数,中证500,CSI Smallcap 500 Index,CSI 500,6478.29,6490.15,6404.16,6404.44,-48.55,-0.75,15098669800.0,1711.63,500.0,16.85,2022-07-08,16.85,1711.63
20220711,000905,中证小盘500指数,中证500,CSI Smallcap 500 Index,CSI 500,6387.45,6387.45,6274.74,6319.14,-85.3,-1.33,15199366600.0,1694.2,500.0,16.65,2022-07-11,16.65,1694.2
20220712,000905,中证小盘500指数,中证500,CSI Smallcap 500 Index,CSI 500,6317.88,6346.51,6238.56,6241.48,-77.66,-1.23,14451309200.0,1627.45,500.0,16.48,2022-07-12,16.48,1627.45
20220713,000905,中证小盘500指数,中证500,CSI Smallcap 500 Index,CSI 500,6238.68,6287.64,6207.72,6268.49,27.02,0.43,14271072300.0,1489.41,500.0,16.53,2022-07-13,16.53,1489.41
20220714,000905,中证小盘500指数,中证500,CSI Smallcap 500 Index,CSI 500,6267.47,6339.42,6254.68,6302.43,33.94,0.54,14035405000.0,1560.35,500.0,16.61,2022-07-14,16.61,1560.35
20220715,000905,中证小盘500指数,中证500,CSI Smallcap 500 Index,CSI 500,6279.68,6323.53,6196.8,6196.8,-105.63,-1.68,15838682800.0,1691.65,500.0,16.31,2022-07-15,16.31,1691.65
20220718,000905,中证小盘500指数,中证500,CSI Smallcap 500 Index,CSI 500,6216.1,6315.66,6200.52,6312.36,115.56,1.86,15914462400.0,1638.99,500.0,16.61,2022-07-18,16.61,1638.99
20220719,000905,中证小盘500指数,中证500,CSI Smallcap 500 Index,CSI 500,6318.84,6347.24,6283.4,6335.71,23.35,0.37,14638478000.0,1630.13,500.0,16.65,2022-07-19,16.65,1630.13
20220720,000905,中证小盘500指数,中证500,CSI Smallcap 500 Index,CSI 500,6353.0,6416.87,6351.82,6410.71,75.0,1.18,14293257300.0,1577.82,500.0,16.85,2022-07-20,16.85,1577.82
20220721,000905,中证小盘500指数,中证500,CSI Smallcap 500 Index,CSI 500,6400.07,6408.46,6347.6,6347.6,-63.11,-0.98,14821018400.0,1631.73,500.0,16.68,2022-07-21,16.68,1631.73
20220722,000905,中证小盘500指数,中证500,CSI Smallcap 500 Index,CSI 500,6353.92,6371.32,6236.34,6289.53,-58.07,-0.91,13062066900.0,1437.88,500.0,16.52,2022-07-22,16.52,1437.88
20220725,000905,中证小盘500指数,中证500,CSI Smallcap 500 Index,CSI 500,6297.1,6319.18,6213.47,6231.24,-58.3,-0.93,12945802900.0,1397.14,500.0,16.38,2022-07-25,16.38,1397.14
20220726,000905,中证小盘500指数,中证500,CSI Smallcap 500 Index,CSI 500,6239.21,6319.25,6213.84,6307.96,76.72,1.23,11727654100.0,1291.66,500.0,16.57,2022-07-26,16.57,1291.66
20220727,000905,中证小盘500指数,中证500,CSI Smallcap 500 Index,CSI 500,6301.61,6344.21,6286.35,6332.23,24.28,0.38,12043512700.0,1332.5,500.0,16.63,2022-07-27,16.63,1332.5
20220728,000905,中证小盘500指数,中证500,CSI Smallcap 500 Index,CSI 500,6361.27,6393.73,6339.55,6348.17,15.93,0.25,13847342900.0,1526.62,500.0,16.68,2022-07-28,16.68,1526.62
20220729,000905,中证小盘500指数,中证500,CSI Smallcap 500 Index,CSI 500,6356.52,6365.26,6285.72,6294.11,-54.05,-0.85,13792579200.0,1529.61,500.0,16.53,2022-07-29,16.53,1529.61
20220801,000905,中证小盘500指数,中证500,CSI Smallcap 500 Index,CSI 500,6293.38,6350.04,6253.06,6347.22,53.11,0.84,12867901200.0,1513.49,500.0,16.65,2022-08-01,16.65,1513.49
20220802,000905,中证小盘500指数,中证500,CSI Smallcap 500 Index,CSI 500,6288.61,6288.61,6095.06,6170.0,-177.23,-2.79,18290253900.0,1928.73,500.0,16.2,2022-08-02,16.2,1928.73
20220803,000905,中证小盘500指数,中证500,CSI Smallcap 500 Index,CSI 500,6171.62,6261.91,6111.22,6124.31,-45.68,-0.74,14721340900.0,1755.45,500.0,16.08,2022-08-03,16.08,1755.45
20220804,000905,中证小盘500指数,中证500,CSI Smallcap 500 Index,CSI 500,6160.49,6177.62,6080.1,6158.73,34.42,0.56,11364638100.0,1378.06,500.0,16.16,2022-08-04,16.16,1378.06
20220805,000905,中证小盘500指数,中证500,CSI Smallcap 500 Index,CSI 500,6175.48,6274.27,6163.51,6270.51,111.78,1.81,12428444800.0,1504.51,500.0,16.44,2022-08-05,16.44,1504.51
20220808,000905,中证小盘500指数,中证500,CSI Smallcap 500 Index,CSI 500,6266.57,6324.34,6249.62,6323.07,52.56,0.84,11613293400.0,1499.1,500.0,16.58,2022-08-08,16.58,1499.1
20220809,000905,中证小盘500指数,中证500,CSI Smallcap 500 Index,CSI 500,6314.1,6344.84,6290.87,6341.48,18.41,0.29,11696665300.0,1486.82,500.0,16.62,2022-08-09,16.62,1486.82
20220810,000905,中证小盘500指数,中证500,CSI Smallcap 500 Index,CSI 500,6331.41,6362.29,6298.86,6322.06,-19.42,-0.31,11889992800.0,1534.12,500.0,16.57,2022-08-10,16.57,1534.12
20220811,000905,中证小盘500指数,中证500,CSI Smallcap 500 Index,CSI 500,6349.5,6439.36,6341.72,6439.36,117.3,1.86,14203828400.0,1683.99,500.0,16.87,2022-08-11,16.87,1683.99
20220812,000905,中证小盘500指数,中证500,CSI Smallcap 500 Index,CSI 500,6425.11,6463.07,6416.29,6420.85,-18.51,-0.29,14039991700.0,1583.83,500.0,16.82,2022-08-12,16.82,1583.83
20220815,000905,中证小盘500指数,中证500,CSI Smallcap 500 Index,CSI 500,6405.72,6462.54,6394.22,6442.81,21.96,0.34,13362748200.0,1514.82,500.0,16.87,2022-08-15,16.87,1514.82
20220816,000905,中证小盘500指数,中证500,CSI Smallcap 500 Index,CSI 500,6446.76,6492.54,6440.38,6465.19,22.38,0.35,13584149500.0,1509.51,500.0,16.93,2022-08-16,16.93,1509.51
20220817,000905,中证小盘500指数,中证500,CSI Smallcap 500 Index,CSI 500,6473.25,6501.36,6428.97,6493.5,28.32,0.44,14622031900.0,1653.37,500.0,16.99,2022-08-17,16.99,1653.37
20220818,000905,中证小盘500指数,中证500,CSI Smallcap 500 Index,CSI 500,6481.37,6483.69,6448.75,6468.81,-24.7,-0.38,13045175900.0,1515.81,500.0,16.9,2022-08-18,16.9,1515.81
20220819,000905,中证小盘500指数,中证500,CSI Smallcap 500 Index,CSI 500,6468.82,6477.31,6390.93,6391.72,-77.09,-1.19,14259085100.0,1617.78,500.0,16.72,2022-08-19,16.72,1617.78
20220822,000905,中证小盘500指数,中证500,CSI Smallcap 500 Index,CSI 500,6381.34,6472.79,6363.22,6472.68,80.96,1.27,13373550000.0,1554.29,500.0,16.92,2022-08-22,16.92,1554.29
20220823,000905,中证小盘500指数,中证500,CSI Smallcap 500 Index,CSI 500,6460.17,6475.82,6436.08,6466.4,-6.28,-0.1,13367637700.0,1528.12,500.0,16.92,2022-08-23,16.92,1528.12
20220824,000905,中证小盘500指数,中证500,CSI Smallcap 500 Index,CSI 500,6470.69,6472.68,6277.99,6284.58,-181.83,-2.81,15810387200.0,1719.23,500.0,16.48,2022-08-24,16.48,1719.23
20220825,000905,中证小盘500指数,中证500,CSI Smallcap 500 Index,CSI 500,6303.14,6327.09,6225.68,6322.7,38.12,0.61,14194636700.0,1523.49,500.0,16.59,2022-08-25,16.59,1523.49
20220826,000905,中证小盘500指数,中证500,CSI Smallcap 500 Index,CSI 500,6331.08,6381.48,6286.52,6298.37,-24.32,-0.38,13040583700.0,1456.04,500.0,16.52,2022-08-26,16.52,1456.04
20220829,000905,中证小盘500指数,中证500,CSI Smallcap 500 Index,CSI 500,6213.4,6310.99,6205.13,6310.4,12.03,0.19,12526884900.0,1329.66,500.0,16.55,2022-08-29,16.55,1329.66
20220830,000905,中证小盘500指数,中证500,CSI Smallcap 500 Index,CSI 500,6309.58,6319.17,6248.14,6285.93,-24.47,-0.39,13210920000.0,1365.83,500.0,16.48,2022-08-30,16.48,1365.83
20220831,000905,中证小盘500指数,中证500,CSI Smallcap 500 Index,CSI 500,6265.59,6280.19,6132.23,6155.75,-130.18,-2.07,14727540800.0,1537.77,500.0,16.16,2022-08-31,16.16,1537.77
20220901,000905,中证小盘500指数,中证500,CSI Smallcap 500 Index,CSI 500,6153.29,6207.24,6118.58,6126.77,-28.98,-0.47,11857505400.0,1246.71,500.0,16.58,2022-09-01,16.58,1246.71
20220902,000905,中证小盘500指数,中证500,CSI Smallcap 500 Index,CSI 500,6135.3,6176.17,6117.73,6149.43,22.66,0.37,10656438400.0,1142.16,500.0,16.57,2022-09-02,16.57,1142.16
20220905,000905,中证小盘500指数,中证500,CSI Smallcap 500 Index,CSI 500,6147.71,6184.8,6122.62,6182.65,33.22,0.54,11747924400.0,1197.58,500.0,16.67,2022-09-05,16.67,1197.58
20220906,000905,中证小盘500指数,中证500,CSI Smallcap 500 Index,CSI 500,6198.49,6292.53,6187.95,6291.57,108.92,1.76,12984604000.0,1358.92,500.0,16.95,2022-09-06,16.95,1358.92
20220907,000905,中证小盘500指数,中证500,CSI Smallcap 500 Index,CSI 500,6269.99,6314.12,6256.61,6301.56,9.99,0.16,12016029200.0,1307.18,500.0,16.96,2022-09-07,16.96,1307.18
20220908,000905,中证小盘500指数,中证500,CSI Smallcap 500 Index,CSI 500,6299.91,6309.9,6266.52,6272.58,-28.99,-0.46,11616426900.0,1209.7,500.0,16.89,2022-09-08,16.89,1209.7
20220909,000905,中证小盘500指数,中证500,CSI Smallcap 500 Index,CSI 500,6275.9,6321.82,6254.26,6316.97,44.4,0.71,12138922800.0,1246.58,500.0,17.02,2022-09-09,17.02,1246.58
20220913,000905,中证小盘500指数,中证500,CSI Smallcap 500 Index,CSI 500,6334.86,6343.77,6291.44,6300.42,-16.55,-0.26,11810631400.0,1238.62,500.0,16.98,2022-09-13,16.98,1238.62
20220914,000905,中证小盘500指数,中证500,CSI Smallcap 500 Index,CSI 500,6214.91,6273.63,6206.92,6249.96,-50.46,-0.8,10912116000.0,1146.45,500.0,16.85,2022-09-14,16.85,1146.45
20220915,000905,中证小盘500指数,中证500,CSI Smallcap 500 Index,CSI 500,6280.45,6282.69,6053.8,6107.8,-142.17,-2.27,14164350000.0,1482.02,500.0,16.49,2022-09-15,16.49,1482.02
20220916,000905,中证小盘500指数,中证500,CSI Smallcap 500 Index,CSI 500,6091.42,6102.54,5954.5,5954.5,-153.29,-2.51,13717211500.0,1315.08,500.0,16.08,2022-09-16,16.08,1315.08
20220919,000905,中证小盘500指数,中证500,CSI Smallcap 500 Index,CSI 500,5947.86,5967.65,5880.49,5913.15,-41.35,-0.69,10402541200.0,1046.1,500.0,15.98,2022-09-19,15.98,1046.1
20220920,000905,中证小盘500指数,中证500,CSI Smallcap 500 Index,CSI 500,5949.34,6002.79,5940.58,5958.29,45.14,0.76,8881300000.0,967.95,500.0,16.1,2022-09-20,16.1,967.95
20220921,000905,中证小盘500指数,中证500,CSI Smallcap 500 Index,CSI 500,5943.09,5998.7,5876.52,5978.58,20.29,0.34,10346364400.0,1000.01,500.0,16.14,2022-09-21,16.14,1000.01
20220922,000905,中证小盘500指数,中证500,CSI Smallcap 500 Index,CSI 500,5938.1,6015.12,5931.73,5965.89,-12.7,-0.21,9986760200.0,1022.86,500.0,16.11,2022-09-22,16.11,1022.86
20220923,000905,中证小盘500指数,中证500,CSI Smallcap 500 Index,CSI 500,5961.06,5986.82,5839.93,5889.6,-76.28,-1.28,10060943700.0,1047.07,500.0,15.92,2022-09-23,15.92,1047.07
20220926,000905,中证小盘500指数,中证500,CSI Smallcap 500 Index,CSI 500,5841.58,5922.32,5798.28,5806.32,-83.28,-1.41,10324436000.0,1025.68,500.0,15.7,2022-09-26,15.7,1025.68
20220927,000905,中证小盘500指数,中证500,CSI Smallcap 500 Index,CSI 500,5823.55,5920.05,5808.25,5920.05,113.74,1.96,9741802200.0,1039.54,500.0,16.0,2022-09-27,16.0,1039.54
20220928,000905,中证小盘500指数,中证500,CSI Smallcap 500 Index,CSI 500,5910.05,5910.05,5769.52,5769.52,-150.53,-2.54,9369485300.0,990.53,500.0,15.64,2022-09-28,15.64,990.53
20220929,000905,中证小盘500指数,中证500,CSI Smallcap 500 Index,CSI 500,5823.27,5856.16,5741.02,5771.88,2.36,0.04,9538579800.0,975.58,500.0,15.65,2022-09-29,15.65,975.58
20220930,000905,中证小盘500指数,中证500,CSI Smallcap 500 Index,CSI 500,5764.15,5804.2,5714.06,5714.06,-57.82,-1.0,8554516800.0,871.43,500.0,15.51,2022-09-30,15.51,871.43
20221010,000905,中证小盘500指数,中证500,CSI Smallcap 500 Index,CSI 500,5729.75,5758.04,5618.8,5635.71,-78.35,-1.37,9746934500.0,973.21,500.0,15.34,2022-10-10,15.34,973.21
20221011,000905,中证小盘500指数,中证500,CSI Smallcap 500 Index,CSI 500,5642.48,5703.27,5606.99,5684.51,48.8,0.87,8657146900.0,887.33,500.0,15.46,2022-10-11,15.46,887.33
20221012,000905,中证小盘500指数,中证500,CSI Smallcap 500 Index,CSI 500,5680.36,5820.45,5594.3,5820.45,135.95,2.39,10610175700.0,1108.16,500.0,15.81,2022-10-12,15.81,1108.16
20221013,000905,中证小盘500指数,中证500,CSI Smallcap 500 Index,CSI 500,5789.66,5876.48,5780.18,5830.34,9.88,0.17,10572226800.0,1149.22,500.0,15.83,2022-10-13,15.83,1149.22
20221014,000905,中证小盘500指数,中证500,CSI Smallcap 500 Index,CSI 500,5866.86,5996.04,5866.86,5973.44,143.1,2.45,11821224500.0,1384.63,500.0,16.2,2022-10-14,16.2,1384.63
20221017,000905,中证小盘500指数,中证500,CSI Smallcap 500 Index,CSI 500,5952.38,6023.53,5945.43,6015.6,42.16,0.71,11146186900.0,1271.6,500.0,16.3,2022-10-17,16.3,1271.6
20221018,000905,中证小盘500指数,中证500,CSI Smallcap 500 Index,CSI 500,6031.05,6074.37,5996.39,6035.67,20.08,0.33,10575019500.0,1271.31,500.0,16.37,2022-10-18,16.37,1271.31
20221019,000905,中证小盘500指数,中证500,CSI Smallcap 500 Index,CSI 500,6021.8,6037.44,5970.44,5972.72,-62.95,-1.04,9388106500.0,1122.91,500.0,16.21,2022-10-19,16.21,1122.91
20221020,000905,中证小盘500指数,中证500,CSI Smallcap 500 Index,CSI 500,5943.48,6035.55,5886.4,5948.86,-23.86,-0.4,10338824500.0,1217.67,500.0,16.15,2022-10-20,16.15,1217.67
20221021,000905,中证小盘500指数,中证500,CSI Smallcap 500 Index,CSI 500,5959.21,5993.88,5928.92,5956.88,8.02,0.13,9682629500.0,1122.61,500.0,16.17,2022-10-21,16.17,1122.61
20221024,000905,中证小盘500指数,中证500,CSI Smallcap 500 Index,CSI 500,5968.54,6061.21,5857.86,5896.9,-59.98,-1.01,11950108100.0,1373.29,500.0,16.01,2022-10-24,16.01,1373.29
20221025,000905,中证小盘500指数,中证500,CSI Smallcap 500 Index,CSI 500,5864.02,5926.57,5785.41,5869.78,-27.12,-0.46,10704585400.0,1236.56,500.0,15.92,2022-10-25,15.92,1236.56
20221026,000905,中证小盘500指数,中证500,CSI Smallcap 500 Index,CSI 500,5871.08,6016.92,5871.08,5971.6,101.82,1.73,11653007900.0,1437.43,500.0,16.19,2022-10-26,16.19,1437.43
20221027,000905,中证小盘500指数,中证500,CSI Smallcap 500 Index,CSI 500,5978.28,6020.89,5962.97,5963.0,-8.6,-0.14,11708821900.0,1479.7,500.0,16.17,2022-10-27,16.17,1479.7
20221028,000905,中证小盘500指数,中证500,CSI Smallcap 500 Index,CSI 500,5922.82,5934.8,5760.05,5781.8,-181.21,-3.04,13167633200.0,1473.73,500.0,15.7,2022-10-28,15.7,1473.73
20221031,000905,中证小盘500指数,中证500,CSI Smallcap 500 Index,CSI 500,5745.08,5859.6,5743.56,5807.11,25.31,0.44,12701606400.0,1500.59,500.0,15.74,2022-10-31,15.74,1500.59
20221101,000905,中证小盘500指数,中证500,CSI Smallcap 500 Index,CSI 500,5814.21,5942.14,5786.87,5941.15,134.04,2.31,13661677600.0,1651.76,500.0,16.39,2022-11-01,16.39,1651.76
20221102,000905,中证小盘500指数,中证500,CSI Smallcap 500 Index,CSI 500,5925.65,6028.77,5916.06,5997.8,56.66,0.95,14233028600.0,1831.66,500.0,16.55,2022-11-02,16.55,1831.66
20221103,000905,中证小盘500指数,中证500,CSI Smallcap 500 Index,CSI 500,5944.51,6018.42,5937.61,5996.72,-1.09,-0.02,10638690600.0,1451.63,500.0,16.57,2022-11-03,16.57,1451.63
20221104,000905,中证小盘500指数,中证500,CSI Smallcap 500 Index,CSI 500,5996.31,6157.43,5996.31,6133.46,136.74,2.28,13870711100.0,1744.57,500.0,16.93,2022-11-04,16.93,1744.57
20221107,000905,中证小盘500指数,中证500,CSI Smallcap 500 Index,CSI 500,6133.24,6166.19,6100.61,6141.41,7.95,0.13,13809240900.0,1672.95,500.0,16.96,2022-11-07,16.96,1672.95
20221108,000905,中证小盘500指数,中证500,CSI Smallcap 500 Index,CSI 500,6139.89,6141.02,6095.44,6134.26,-7.15,-0.12,10826753100.0,1343.73,500.0,16.93,2022-11-08,16.93,1343.73
20221109,000905,中证小盘500指数,中证500,CSI Smallcap 500 Index,CSI 500,6140.54,6182.34,6118.73,6120.83,-13.43,-0.22,10476225000.0,1270.37,500.0,16.9,2022-11-09,16.9,1270.37
20221110,000905,中证小盘500指数,中证500,CSI Smallcap 500 Index,CSI 500,6085.28,6119.03,6061.81,6089.7,-31.13,-0.51,11640192800.0,1291.43,500.0,16.8,2022-11-10,16.8,1291.43
20221111,000905,中证小盘500指数,中证500,CSI Smallcap 500 Index,CSI 500,6223.23,6249.35,6134.68,6138.62,48.93,0.8,17649212100.0,1981.77,500.0,16.94,2022-11-11,16.94,1981.77
20221114,000905,中证小盘500指数,中证500,CSI Smallcap 500 Index,CSI 500,6140.19,6189.38,6104.93,6129.51,-9.11,-0.15,15948672500.0,1740.65,500.0,16.93,2022-11-14,16.93,1740.65
20221115,000905,中证小盘500指数,中证500,CSI Smallcap 500 Index,CSI 500,6125.11,6236.38,6112.62,6236.38,106.87,1.74,14986096500.0,1714.82,500.0,17.21,2022-11-15,17.21,1714.82
20221116,000905,中证小盘500指数,中证500,CSI Smallcap 500 Index,CSI 500,6238.58,6263.16,6190.01,6203.92,-32.47,-0.52,12977037600.0,1518.55,500.0,17.12,2022-11-16,17.12,1518.55
20221117,000905,中证小盘500指数,中证500,CSI Smallcap 500 Index,CSI 500,6182.69,6217.21,6148.61,6217.21,13.29,0.21,12343019600.0,1526.84,500.0,17.16,2022-11-17,17.16,1526.84
20221118,000905,中证小盘500指数,中证500,CSI Smallcap 500 Index,CSI 500,6213.09,6251.11,6181.55,6191.65,-25.56,-0.41,13118109300.0,1645.91,500.0,17.1,2022-11-18,17.1,1645.91
20221121,000905,中证小盘500指数,中证500,CSI Smallcap 500 Index,CSI 500,6147.72,6196.65,6116.3,6189.71,-1.94,-0.03,11285438700.0,1417.89,500.0,17.09,2022-11-21,17.09,1417.89
20221122,000905,中证小盘500指数,中证500,CSI Smallcap 500 Index,CSI 500,6178.16,6196.2,6100.11,6125.4,-64.31,-1.04,11608602400.0,1375.87,500.0,16.93,2022-11-22,16.93,1375.87
20221123,000905,中证小盘500指数,中证500,CSI Smallcap 500 Index,CSI 500,6114.27,6140.11,6045.02,6115.6,-9.8,-0.16,11519351700.0,1286.87,500.0,16.92,2022-11-23,16.92,1286.87
20221124,000905,中证小盘500指数,中证500,CSI Smallcap 500 Index,CSI 500,6126.6,6149.96,6099.75,6120.07,4.46,0.07,10020069900.0,1174.8,500.0,16.94,2022-11-24,16.94,1174.8
20221125,000905,中证小盘500指数,中证500,CSI Smallcap 500 Index,CSI 500,6095.13,6107.07,6062.0,6087.86,-32.21,-0.53,10774234500.0,1100.6,500.0,16.87,2022-11-25,16.87,1100.6
20221128,000905,中证小盘500指数,中证500,CSI Smallcap 500 Index,CSI 500,5999.85,6059.02,5970.09,6055.28,-32.57,-0.54,11794010700.0,1256.98,500.0,16.77,2022-11-28,16.77,1256.98
20221129,000905,中证小盘500指数,中证500,CSI Smallcap 500 Index,CSI 500,6071.45,6173.85,6071.22,6163.82,108.54,1.79,15532447100.0,1595.12,500.0,17.05,2022-11-29,17.05,1595.12
20221130,000905,中证小盘500指数,中证500,CSI Smallcap 500 Index,CSI 500,6156.77,6175.68,6118.9,6156.15,-7.67,-0.12,15464797200.0,1531.26,500.0,17.02,2022-11-30,17.02,1531.26
20221201,000905,中证小盘500指数,中证500,CSI Smallcap 500 Index,CSI 500,6211.29,6229.83,6186.1,6186.1,29.96,0.49,15252332500.0,1714.79,500.0,17.11,2022-12-01,17.11,1714.79
20221202,000905,中证小盘500指数,中证500,CSI Smallcap 500 Index,CSI 500,6177.92,6206.99,6154.21,6168.01,-18.09,-0.29,11550097500.0,1333.4,500.0,17.06,2022-12-02,17.06,1333.4
20221205,000905,中证小盘500指数,中证500,CSI Smallcap 500 Index,CSI 500,6201.98,6227.21,6182.98,6215.12,47.11,0.76,17047721100.0,1776.99,500.0,17.21,2022-12-05,17.21,1776.99
20221206,000905,中证小盘500指数,中证500,CSI Smallcap 500 Index,CSI 500,6202.52,6244.64,6185.49,6211.25,-3.87,-0.06,14937281500.0,1642.16,500.0,17.15,2022-12-06,17.15,1642.16
20221207,000905,中证小盘500指数,中证500,CSI Smallcap 500 Index,CSI 500,6198.05,6243.9,6183.33,6204.01,-7.25,-0.12,13782124600.0,1552.39,500.0,17.15,2022-12-07,17.15,1552.39
20221208,000905,中证小盘500指数,中证500,CSI Smallcap 500 Index,CSI 500,6199.16,6206.14,6168.78,6186.28,-17.72,-0.29,13105132500.0,1493.48,500.0,17.12,2022-12-08,17.12,1493.48
20221209,000905,中证小盘500指数,中证500,CSI Smallcap 500 Index,CSI 500,6185.79,6213.52,6159.5,6192.3,6.02,0.1,16780682500.0,1802.39,500.0,17.12,2022-12-09,17.12,1802.39
20221212,000905,中证小盘500指数,中证500,CSI Smallcap 500 Index,CSI 500,6181.24,6182.08,6146.25,6154.81,-37.49,-0.61,13409831000.0,1624.2,500.0,18.08,2022-12-12,18.08,1624.2
20221213,000905,中证小盘500指数,中证500,CSI Smallcap 500 Index,CSI 500,6153.74,6154.3,6113.41,6121.66,-33.15,-0.54,10485751500.0,1315.16,500.0,17.98,2022-12-13,17.98,1315.16
20221214,000905,中证小盘500指数,中证500,CSI Smallcap 500 Index,CSI 500,6122.43,6139.74,6084.08,6096.39,-25.28,-0.41,9508991600.0,1253.46,500.0,17.9,2022-12-14,17.9,1253.46
20221215,000905,中证小盘500指数,中证500,CSI Smallcap 500 Index,CSI 500,6090.12,6108.96,6078.0,6101.88,5.49,0.09,8819045400.0,1130.88,500.0,17.9,2022-12-15,17.9,1130.88
20221216,000905,中证小盘500指数,中证500,CSI Smallcap 500 Index,CSI 500,6071.96,6087.46,6036.05,6072.86,-29.02,-0.48,9391067200.0,1134.12,500.0,17.84,2022-12-16,17.84,1134.12
20221219,000905,中证小盘500指数,中证500,CSI Smallcap 500 Index,CSI 500,6058.89,6081.44,5911.88,5936.48,-136.39,-2.25,10510620100.0,1210.83,500.0,17.44,2022-12-19,17.44,1210.83
20221220,000905,中证小盘500指数,中证500,CSI Smallcap 500 Index,CSI 500,5919.03,5920.99,5857.86,5878.03,-58.44,-0.98,7862327300.0,963.7,500.0,17.28,2022-12-20,17.28,963.7
20221221,000905,中证小盘500指数,中证500,CSI Smallcap 500 Index,CSI 500,5879.27,5892.91,5819.67,5845.84,-32.2,-0.55,6978343100.0,852.58,500.0,17.18,2022-12-21,17.18,852.58
20221222,000905,中证小盘500指数,中证500,CSI Smallcap 500 Index,CSI 500,5867.72,5875.47,5761.98,5779.06,-66.78,-1.14,8223187300.0,974.47,500.0,16.98,2022-12-22,16.98,974.47
20221223,000905,中证小盘500指数,中证500,CSI Smallcap 500 Index,CSI 500,5751.95,5805.51,5732.47,5763.35,-15.71,-0.27,6655686500.0,819.11,500.0,16.92,2022-12-23,16.92,819.11
20221226,000905,中证小盘500指数,中证500,CSI Smallcap 500 Index,CSI 500,5769.07,5850.91,5769.07,5843.26,79.91,1.39,7542413300.0,936.46,500.0,17.14,2022-12-26,17.14,936.46
20221227,000905,中证小盘500指数,中证500,CSI Smallcap 500 Index,CSI 500,5857.75,5891.35,5832.27,5885.66,42.41,0.73,8178042300.0,1012.72,500.0,17.27,2022-12-27,17.27,1012.72
20221228,000905,中证小盘500指数,中证500,CSI Smallcap 500 Index,CSI 500,5869.46,5889.32,5848.24,5862.1,-23.57,-0.4,9009889800.0,1026.79,500.0,17.22,2022-12-28,17.22,1026.79
20221229,000905,中证小盘500指数,中证500,CSI Smallcap 500 Index,CSI 500,5843.94,5895.98,5835.33,5857.4,-4.69,-0.08,7951079400.0,944.3,500.0,17.19,2022-12-29,17.19,944.3
20221230,000905,中证小盘500指数,中证500,CSI Smallcap 500 Index,CSI 500,5875.28,5885.89,5848.95,5864.47,7.06,0.12,7534503200.0,861.18,500.0,17.21,2022-12-30,17.21,861.18
20230103,000905,中证小盘500指数,中证500,CSI Smallcap 500 Index,CSI 500,5861.55,5964.82,5848.15,5955.9,91.43,1.56,9955783700.0,1192.71,500.0,17.47,2023-01-03,17.47,1192.71
20230104,000905,中证小盘500指数,中证500,CSI Smallcap 500 Index,CSI 500,5952.51,5970.58,5922.86,5952.45,-3.44,-0.06,9716044100.0,1143.59,500.0,17.45,2023-01-04,17.45,1143.59
20230105,000905,中证小盘500指数,中证500,CSI Smallcap 500 Index,CSI 500,5959.44,6017.34,5950.09,6010.46,58.01,0.97,9662997900.0,1174.8,500.0,17.62,2023-01-05,17.62,1174.8
20230106,000905,中证小盘500指数,中证500,CSI Smallcap 500 Index,CSI 500,6004.17,6050.89,5998.83,6012.82,2.35,0.04,9924487700.0,1215.96,500.0,17.63,2023-01-06,17.63,1215.96
20230109,000905,中证小盘500指数,中证500,CSI Smallcap 500 Index,CSI 500,6028.4,6070.16,6023.64,6040.02,27.2,0.45,10069682900.0,1249.21,500.0,17.71,2023-01-09,17.71,1249.21
20230110,000905,中证小盘500指数,中证500,CSI Smallcap 500 Index,CSI 500,6044.64,6053.58,6017.15,6048.3,8.28,0.14,9639335100.0,1139.67,500.0,17.72,2023-01-10,17.72,1139.67
20230111,000905,中证小盘500指数,中证500,CSI Smallcap 500 Index,CSI 500,6049.04,6070.45,6004.22,6014.16,-34.14,-0.56,9440638900.0,1128.8,500.0,17.64,2023-01-11,17.64,1128.8
20230112,000905,中证小盘500指数,中证500,CSI Smallcap 500 Index,CSI 500,6022.56,6048.19,5995.91,6015.29,1.13,0.02,9290012400.0,1049.03,500.0,17.64,2023-01-12,17.64,1049.03
20230113,000905,中证小盘500指数,中证500,CSI Smallcap 500 Index,CSI 500,6030.93,6058.22,6015.22,6057.69,42.4,0.7,9002502000.0,1024.5,500.0,17.77,2023-01-13,17.77,1024.5
20230116,000905,中证小盘500指数,中证500,CSI Smallcap 500 Index,CSI 500,6068.91,6168.74,6068.14,6126.18,68.49,1.13,12961973000.0,1465.27,500.0,17.96,2023-01-16,17.96,1465.27
20230117,000905,中证小盘500指数,中证500,CSI Smallcap 500 Index,CSI 500,6129.73,6138.17,6107.76,6132.64,6.46,0.11,9592169900.0,1091.8,500.0,17.98,2023-01-17,17.98,1091.8
20230118,000905,中证小盘500指数,中证500,CSI Smallcap 500 Index,CSI 500,6139.69,6168.37,6136.97,6151.46,18.82,0.31,9455583600.0,1030.53,500.0,18.02,2023-01-18,18.02,1030.53
20230119,000905,中证小盘500指数,中证500,CSI Smallcap 500 Index,CSI 500,6145.62,6204.33,6130.42,6204.33,52.87,0.86,9977779300.0,1144.72,500.0,18.17,2023-01-19,18.17,1144.72
20230120,000905,中证小盘500指数,中证500,CSI Smallcap 500 Index,CSI 500,6214.03,6253.27,6214.03,6251.43,47.11,0.76,11390454200.0,1283.62,500.0,18.29,2023-01-20,18.29,1283.62
20230130,000905,中证小盘500指数,中证500,CSI Smallcap 500 Index,CSI 500,6331.88,6342.45,6279.45,6283.33,31.89,0.51,14651792000.0,1736.98,500.0,18.37,2023-01-30,18.37,1736.98
20230131,000905,中证小盘500指数,中证500,CSI Smallcap 500 Index,CSI 500,6266.3,6303.91,6259.53,6289.15,5.82,0.09,13530209300.0,1466.3,500.0,18.39,2023-01-31,18.39,1466.3
20230201,000905,中证小盘500指数,中证500,CSI Smallcap 500 Index,CSI 500,6300.5,6368.79,6293.49,6365.91,76.76,1.22,15244222000.0,1664.49,500.0,18.6,2023-02-01,18.6,1664.49
20230202,000905,中证小盘500指数,中证500,CSI Smallcap 500 Index,CSI 500,6383.3,6402.26,6347.73,6370.14,4.24,0.07,14929281100.0,1662.13,500.0,18.62,2023-02-02,18.62,1662.13
20230203,000905,中证小盘500指数,中证500,CSI Smallcap 500 Index,CSI 500,6354.71,6354.71,6267.44,6343.69,-26.46,-0.42,12150718200.0,1387.14,500.0,18.53,2023-02-03,18.53,1387.14
20230206,000905,中证小盘500指数,中证500,CSI Smallcap 500 Index,CSI 500,6314.6,6330.79,6274.54,6302.33,-41.35,-0.65,10848530800.0,1276.52,500.0,18.41,2023-02-06,18.41,1276.52
20230207,000905,中证小盘500指数,中证500,CSI Smallcap 500 Index,CSI 500,6309.22,6318.84,6273.6,6317.24,14.9,0.24,10966268300.0,1250.78,500.0,18.45,2023-02-07,18.45,1250.78
20230208,000905,中证小盘500指数,中证500,CSI Smallcap 500 Index,CSI 500,6319.52,6323.85,6263.76,6268.28,-48.96,-0.78,10599489500.0,1169.86,500.0,18.32,2023-02-08,18.32,1169.86
20230209,000905,中证小盘500指数,中证500,CSI Smallcap 500 Index,CSI 500,6256.31,6354.8,6250.45,6354.56,86.29,1.38,10903111900.0,1290.44,500.0,18.56,2023-02-09,18.56,1290.44
20230210,000905,中证小盘500指数,中证500,CSI Smallcap 500 Index,CSI 500,6349.0,6368.49,6296.55,6334.25,-20.31,-0.32,12010082900.0,1349.95,500.0,18.5,2023-02-10,18.5,1349.95
20230213,000905,中证小盘500指数,中证500,CSI Smallcap 500 Index,CSI 500,6333.22,6386.72,6331.37,6383.83,49.58,0.78,13156622700.0,1513.75,500.0,18.64,2023-02-13,18.64,1513.75
20230214,000905,中证小盘500指数,中证500,CSI Smallcap 500 Index,CSI 500,6394.62,6408.55,6369.57,6397.21,13.39,0.21,12467438900.0,1439.67,500.0,18.71,2023-02-14,18.71,1439.67
20230215,000905,中证小盘500指数,中证500,CSI Smallcap 500 Index,CSI 500,6398.87,6407.75,6365.31,6384.35,-12.87,-0.2,11590702200.0,1434.72,500.0,18.66,2023-02-15,18.66,1434.72
20230216,000905,中证小盘500指数,中证500,CSI Smallcap 500 Index,CSI 500,6384.21,6429.05,6244.48,6289.48,-94.87,-1.49,16838841600.0,1907.91,500.0,18.39,2023-02-16,18.39,1907.91
20230217,000905,中证小盘500指数,中证500,CSI Smallcap 500 Index,CSI 500,6284.92,6308.57,6237.41,6237.41,-52.07,-0.83,11721098500.0,1434.22,500.0,18.26,2023-02-17,18.26,1434.22
20230220,000905,中证小盘500指数,中证500,CSI Smallcap 500 Index,CSI 500,6248.26,6349.41,6227.35,6346.07,108.66,1.74,14033407500.0,1572.89,500.0,18.58,2023-02-20,18.58,1572.89
20230221,000905,中证小盘500指数,中证500,CSI Smallcap 500 Index,CSI 500,6349.91,6396.74,6337.6,6383.42,37.36,0.59,14182471400.0,1537.06,500.0,18.68,2023-02-21,18.68,1537.06
20230222,000905,中证小盘500指数,中证500,CSI Smallcap 500 Index,CSI 500,6352.03,6397.15,6344.99,6375.07,-8.36,-0.13,10908302900.0,1283.41,500.0,18.66,2023-02-22,18.66,1283.41
20230223,000905,中证小盘500指数,中证500,CSI Smallcap 500 Index,CSI 500,6377.29,6396.66,6328.64,6360.32,-14.75,-0.23,11606465400.0,1359.92,500.0,18.63,2023-02-23,18.63,1359.92
20230224,000905,中证小盘500指数,中证500,CSI Smallcap 500 Index,CSI 500,6367.63,6372.49,6308.22,6340.84,-19.48,-0.31,9695728100.0,1198.78,500.0,18.58,2023-02-24,18.58,1198.78
20230227,000905,中证小盘500指数,中证500,CSI Smallcap 500 Index,CSI 500,6318.64,6349.09,6288.3,6307.21,-33.64,-0.53,10108273800.0,1248.87,500.0,18.49,2023-02-27,18.49,1248.87
20230228,000905,中证小盘500指数,中证500,CSI Smallcap 500 Index,CSI 500,6323.84,6357.54,6293.18,6357.54,50.33,0.8,9660316300.0,1190.95,500.0,18.64,2023-02-28,18.64,1190.95
20230301,000905,中证小盘500指数,中证500,CSI Smallcap 500 Index,CSI 500,6356.5,6410.52,6340.0,6402.14,44.61,0.7,12390763900.0,1443.28,500.0,18.74,2023-03-01,18.74,1443.28
20230302,000905,中证小盘500指数,中证500,CSI Smallcap 500 Index,CSI 500,6398.26,6410.23,6375.01,6382.23,-19.91,-0.31,12534929700.0,1475.97,500.0,18.68,2023-03-02,18.68,1475.97
20230303,000905,中证小盘500指数,中证500,CSI Smallcap 500 Index,CSI 500,6384.06,6398.47,6346.96,6390.32,8.09,0.13,12323477500.0,1402.73,500.0,18.72,2023-03-03,18.72,1402.73
20230306,000905,中证小盘500指数,中证500,CSI Smallcap 500 Index,CSI 500,6398.1,6405.82,6362.47,6395.22,4.9,0.08,12684563400.0,1551.24,500.0,18.74,2023-03-06,18.74,1551.24
20230307,000905,中证小盘500指数,中证500,CSI Smallcap 500 Index,CSI 500,6389.81,6396.54,6284.22,6284.3,-110.92,-1.73,13792886900.0,1493.08,500.0,18.44,2023-03-07,18.44,1493.08
20230308,000905,中证小盘500指数,中证500,CSI Smallcap 500 Index,CSI 500,6264.43,6303.71,6258.32,6301.52,17.22,0.27,9869835700.0,1144.64,500.0,18.47,2023-03-08,18.47,1144.64
20230309,000905,中证小盘500指数,中证500,CSI Smallcap 500 Index,CSI 500,6311.04,6311.34,6258.45,6285.95,-15.56,-0.25,9268891400.0,1118.67,500.0,18.42,2023-03-09,18.42,1118.67
20230310,000905,中证小盘500指数,中证500,CSI Smallcap 500 Index,CSI 500,6251.56,6261.33,6202.61,6204.9,-81.05,-1.29,10805229000.0,1291.45,500.0,18.18,2023-03-10,18.18,1291.45
20230313,000905,中证小盘500指数,中证500,CSI Smallcap 500 Index,CSI 500,6189.98,6245.0,6178.67,6245.0,40.1,0.65,10800655200.0,1324.74,500.0,18.29,2023-03-13,18.29,1324.74
20230314,000905,中证小盘500指数,中证500,CSI Smallcap 500 Index,CSI 500,6237.73,6243.42,6127.69,6189.4,-55.61,-0.89,12120014500.0,1499.78,500.0,18.12,2023-03-14,18.12,1499.78
20230315,000905,中证小盘500指数,中证500,CSI Smallcap 500 Index,CSI 500,6210.93,6254.49,6210.93,6224.64,35.24,0.57,11294852800.0,1294.56,500.0,18.25,2023-03-15,18.25,1294.56
20230316,000905,中证小盘500指数,中证500,CSI Smallcap 500 Index,CSI 500,6191.3,6209.97,6133.83,6140.83,-83.81,-1.35,12763268500.0,1437.59,500.0,18.01,2023-03-16,18.01,1437.59
20230317,000905,中证小盘500指数,中证500,CSI Smallcap 500 Index,CSI 500,6174.19,6233.75,6169.84,6183.18,42.35,0.69,13710833400.0,1572.22,500.0,18.11,2023-03-17,18.11,1572.22
20230320,000905,中证小盘500指数,中证500,CSI Smallcap 500 Index,CSI 500,6195.35,6201.97,6152.81,6160.35,-22.83,-0.37,14558089100.0,1678.26,500.0,18.02,2023-03-20,18.02,1678.26
20230321,000905,中证小盘500指数,中证500,CSI Smallcap 500 Index,CSI 500,6171.89,6235.01,6171.28,6234.68,74.33,1.21,12302533100.0,1441.75,500.0,18.22,2023-03-21,18.22,1441.75
20230322,000905,中证小盘500指数,中证500,CSI Smallcap 500 Index,CSI 500,6244.36,6271.52,6242.16,6269.74,35.06,0.56,12826638600.0,1498.68,500.0,18.29,2023-03-22,18.29,1498.68
20230323,000905,中证小盘500指数,中证500,CSI Smallcap 500 Index,CSI 500,6253.58,6305.76,6245.98,6305.76,36.02,0.57,12917964800.0,1641.25,500.0,18.39,2023-03-23,18.39,1641.25
20230324,000905,中证小盘500指数,中证500,CSI Smallcap 500 Index,CSI 500,6312.43,6315.68,6279.54,6310.1,4.34,0.07,14102098900.0,1794.49,500.0,18.37,2023-03-24,18.37,1794.49
20230327,000905,中证小盘500指数,中证500,CSI Smallcap 500 Index,CSI 500,6304.48,6320.66,6265.01,6311.6,1.5,0.02,14466486300.0,1842.09,500.0,18.36,2023-03-27,18.36,1842.09
20230328,000905,中证小盘500指数,中证500,CSI Smallcap 500 Index,CSI 500,6314.58,6331.56,6272.72,6279.92,-31.68,-0.5,13915610400.0,1749.35,500.0,18.29,2023-03-28,18.29,1749.35
20230329,000905,中证小盘500指数,中证500,CSI Smallcap 500 Index,CSI 500,6285.95,6294.3,6239.94,6260.55,-19.37,-0.31,13154828400.0,1665.65,500.0,18.22,2023-03-29,18.22,1665.65
20230330,000905,中证小盘500指数,中证500,CSI Smallcap 500 Index,CSI 500,6257.64,6287.44,6213.97,6286.18,25.63,0.41,12321859900.0,1551.59,500.0,18.31,2023-03-30,18.31,1551.59
20230331,000905,中证小盘500指数,中证500,CSI Smallcap 500 Index,CSI 500,6284.85,6343.23,6282.14,6339.82,53.64,0.85,12948983500.0,1641.39,500.0,18.44,2023-03-31,18.44,1641.39
20230403,000905,中证小盘500指数,中证500,CSI Smallcap 500 Index,CSI 500,6346.69,6419.87,6346.69,6413.81,73.99,1.17,16392104800.0,2153.31,500.0,18.61,2023-04-03,18.61,2153.31
20230404,000905,中证小盘500指数,中证500,CSI Smallcap 500 Index,CSI 500,6414.82,6423.31,6377.53,6408.9,-4.91,-0.08,15749175500.0,2187.41,500.0,18.6,2023-04-04,18.6,2187.41
20230406,000905,中证小盘500指数,中证500,CSI Smallcap 500 Index,CSI 500,6387.23,6428.72,6382.03,6416.85,7.95,0.12,14406444800.0,2070.03,500.0,18.64,2023-04-06,18.64,2070.03
20230407,000905,中证小盘500指数,中证500,CSI Smallcap 500 Index,CSI 500,6418.26,6470.09,6416.68,6464.47,47.62,0.74,12796462500.0,1777.37,500.0,18.75,2023-04-07,18.75,1777.37
20230410,000905,中证小盘500指数,中证500,CSI Smallcap 500 Index,CSI 500,6474.94,6476.22,6395.37,6410.52,-53.94,-0.83,14513418700.0,2033.98,500.0,18.64,2023-04-10,18.64,2033.98
20230411,000905,中证小盘500指数,中证500,CSI Smallcap 500 Index,CSI 500,6405.63,6421.49,6381.06,6420.88,10.36,0.16,14239910900.0,1888.0,500.0,18.66,2023-04-11,18.66,1888.0
20230412,000905,中证小盘500指数,中证500,CSI Smallcap 500 Index,CSI 500,6415.7,6450.35,6407.2,6443.44,22.56,0.35,14944795600.0,1881.65,500.0,18.7,2023-04-12,18.7,1881.65
20230413,000905,中证小盘500指数,中证500,CSI Smallcap 500 Index,CSI 500,6438.16,6451.79,6396.02,6404.65,-38.79,-0.6,15619957300.0,1960.31,500.0,18.62,2023-04-13,18.62,1960.31
20230414,000905,中证小盘500指数,中证500,CSI Smallcap 500 Index,CSI 500,6420.31,6444.89,6390.92,6431.07,26.42,0.41,14530066800.0,1907.43,500.0,18.7,2023-04-14,18.7,1907.43
20230417,000905,中证小盘500指数,中证500,CSI Smallcap 500 Index,CSI 500,6422.87,6459.24,6421.39,6459.24,28.17,0.44,16882307900.0,1967.52,500.0,18.81,2023-04-17,18.81,1967.52
20230418,000905,中证小盘500指数,中证500,CSI Smallcap 500 Index,CSI 500,6448.76,6462.25,6422.05,6449.85,-9.39,-0.15,14347134100.0,1845.98,500.0,18.79,2023-04-18,18.79,1845.98
20230419,000905,中证小盘500指数,中证500,CSI Smallcap 500 Index,CSI 500,6444.87,6456.15,6404.99,6416.97,-32.88,-0.51,14869977400.0,1924.04,500.0,18.68,2023-04-19,18.68,1924.04
20230420,000905,中证小盘500指数,中证500,CSI Smallcap 500 Index,CSI 500,6408.81,6413.08,6376.35,6411.76,-5.21,-0.08,15050129400.0,1962.0,500.0,18.63,2023-04-20,18.63,1962.0
20230421,000905,中证小盘500指数,中证500,CSI Smallcap 500 Index,CSI 500,6411.51,6411.51,6250.54,6250.54,-161.21,-2.51,16231329700.0,2108.02,500.0,18.24,2023-04-21,18.24,2108.02
20230424,000905,中证小盘500指数,中证500,CSI Smallcap 500 Index,CSI 500,6250.96,6260.54,6184.71,6208.78,-41.76,-0.67,14769484500.0,1912.05,500.0,18.1,2023-04-24,18.1,1912.05
20230425,000905,中证小盘500指数,中证500,CSI Smallcap 500 Index,CSI 500,6205.62,6208.4,6042.64,6118.15,-90.63,-1.46,16245927700.0,2008.47,500.0,17.84,2023-04-25,17.84,2008.47
20230426,000905,中证小盘500指数,中证500,CSI Smallcap 500 Index,CSI 500,6095.13,6178.17,6093.2,6142.15,24.0,0.39,15216635400.0,1977.0,500.0,17.92,2023-04-26,17.92,1977.0
20230427,000905,中证小盘500指数,中证500,CSI Smallcap 500 Index,CSI 500,6127.64,6190.25,6121.61,6157.94,15.78,0.26,14313611600.0,1793.09,500.0,17.99,2023-04-27,17.99,1793.09
20230428,000905,中证小盘500指数,中证500,CSI Smallcap 500 Index,CSI 500,6151.64,6245.55,6151.64,6241.24,83.31,1.35,16787648200.0,1993.36,500.0,18.19,2023-04-28,18.19,1993.36
20230504,000905,中证小盘500指数,中证500,CSI Smallcap 500 Index,CSI 500,6223.23,6264.52,6218.78,6262.39,21.15,0.34,20248797000.0,2150.99,500.0,19.08,2023-05-04,19.08,2150.99
20230505,000905,中证小盘500指数,中证500,CSI Smallcap 500 Index,CSI 500,6255.7,6256.23,6172.69,6200.58,-61.81,-0.99,17826101700.0,1922.18,500.0,18.85,2023-05-05,18.85,1922.18
20230508,000905,中证小盘500指数,中证500,CSI Smallcap 500 Index,CSI 500,6202.68,6259.69,6200.15,6248.58,48.01,0.77,20271825500.0,1981.62,500.0,19.0,2023-05-08,19.0,1981.62
20230509,000905,中证小盘500指数,中证500,CSI Smallcap 500 Index,CSI 500,6242.66,6274.9,6177.65,6181.98,-66.61,-1.07,22438946700.0,2154.37,500.0,18.8,2023-05-09,18.8,2154.37
20230510,000905,中证小盘500指数,中证500,CSI Smallcap 500 Index,CSI 500,6167.13,6199.16,6137.15,6173.81,-8.17,-0.13,17545372700.0,1804.85,500.0,18.76,2023-05-10,18.76,1804.85
20230511,000905,中证小盘500指数,中证500,CSI Smallcap 500 Index,CSI 500,6185.67,6190.39,6151.07,6154.47,-19.34,-0.31,14606494600.0,1522.75,500.0,18.69,2023-05-11,18.69,1522.75
20230512,000905,中证小盘500指数,中证500,CSI Smallcap 500 Index,CSI 500,6138.94,6173.91,6088.22,6091.65,-62.82,-1.02,14041066400.0,1423.16,500.0,18.52,2023-05-12,18.52,1423.16
20230515,000905,中证小盘500指数,中证500,CSI Smallcap 500 Index,CSI 500,6094.68,6159.39,6036.81,6159.39,67.74,1.11,14984358300.0,1596.2,500.0,18.73,2023-05-15,18.73,1596.2
20230516,000905,中证小盘500指数,中证500,CSI Smallcap 500 Index,CSI 500,6159.17,6159.17,6095.69,6110.83,-48.56,-0.79,12184111600.0,1424.47,500.0,18.62,2023-05-16,18.62,1424.47
20230517,000905,中证小盘500指数,中证500,CSI Smallcap 500 Index,CSI 500,6097.98,6137.02,6090.88,6122.05,11.22,0.18,10726634900.0,1255.86,500.0,18.64,2023-05-17,18.64,1255.86
20230518,000905,中证小盘500指数,中证500,CSI Smallcap 500 Index,CSI 500,6132.52,6153.99,6101.24,6128.18,6.12,0.1,12294211100.0,1445.58,500.0,18.63,2023-05-18,18.63,1445.58
20230519,000905,中证小盘500指数,中证500,CSI Smallcap 500 Index,CSI 500,6116.84,6149.14,6085.04,6117.08,-11.09,-0.18,11930489600.0,1475.25,500.0,18.6,2023-05-19,18.6,1475.25
20230522,000905,中证小盘500指数,中证500,CSI Smallcap 500 Index,CSI 500,6111.84,6136.86,6086.23,6115.32,-1.77,-0.03,11271568200.0,1263.63,500.0,18.63,2023-05-22,18.63,1263.63
20230523,000905,中证小盘500指数,中证500,CSI Smallcap 500 Index,CSI 500,6114.21,6117.36,6052.43,6052.43,-62.89,-1.03,11110424400.0,1206.28,500.0,18.44,2023-05-23,18.44,1206.28
20230524,000905,中证小盘500指数,中证500,CSI Smallcap 500 Index,CSI 500,6032.69,6058.39,5988.03,6005.79,-46.64,-0.77,10722341400.0,1169.14,500.0,18.3,2023-05-24,18.3,1169.14
20230525,000905,中证小盘500指数,中证500,CSI Smallcap 500 Index,CSI 500,6000.22,6028.64,5926.2,5988.19,-17.6,-0.29,10992283200.0,1267.69,500.0,18.26,2023-05-25,18.26,1267.69
20230526,000905,中证小盘500指数,中证500,CSI Smallcap 500 Index,CSI 500,5983.14,6045.13,5953.88,6034.98,46.79,0.78,10638158800.0,1232.63,500.0,18.38,2023-05-26,18.38,1232.63
20230529,000905,中证小盘500指数,中证500,CSI Smallcap 500 Index,CSI 500,6046.54,6058.92,6012.4,6025.16,-9.83,-0.16,12513941700.0,1468.08,500.0,18.36,2023-05-29,18.36,1468.08
20230530,000905,中证小盘500指数,中证500,CSI Smallcap 500 Index,CSI 500,6008.46,6061.31,5960.34,6061.31,36.15,0.6,12731201700.0,1518.49,500.0,18.43,2023-05-30,18.43,1518.49
20230531,000905,中证小盘500指数,中证500,CSI Smallcap 500 Index,CSI 500,6044.02,6063.19,6009.25,6047.8,-13.51,-0.22,11747610600.0,1446.54,500.0,18.31,2023-05-31,18.31,1446.54
20230601,000905,中证小盘500指数,中证500,CSI Smallcap 500 Index,CSI 500,6028.8,6094.24,6008.27,6051.46,3.66,0.06,12625031500.0,1549.07,500.0,18.31,2023-06-01,18.31,1549.07
20230602,000905,中证小盘500指数,中证500,CSI Smallcap 500 Index,CSI 500,6061.91,6115.07,6061.91,6105.22,53.76,0.89,12230673800.0,1420.74,500.0,18.44,2023-06-02,18.44,1420.74
20230605,000905,中证小盘500指数,中证500,CSI Smallcap 500 Index,CSI 500,6102.13,6107.12,6075.59,6097.11,-8.11,-0.13,11574795300.0,1311.19,500.0,18.4,2023-06-05,18.4,1311.19
20230606,000905,中证小盘500指数,中证500,CSI Smallcap 500 Index,CSI 500,6088.66,6089.07,5969.29,5983.42,-113.69,-1.86,12304538700.0,1336.36,500.0,18.06,2023-06-06,18.06,1336.36
20230607,000905,中证小盘500指数,中证500,CSI Smallcap 500 Index,CSI 500,5982.31,6010.03,5969.16,5987.01,3.59,0.06,9359789200.0,1135.94,500.0,18.04,2023-06-07,18.04,1135.94
20230608,000905,中证小盘500指数,中证500,CSI Smallcap 500 Index,CSI 500,5971.72,5992.97,5922.39,5966.15,-20.86,-0.35,10898163200.0,1243.88,500.0,17.99,2023-06-08,17.99,1243.88
20230609,000905,中证小盘500指数,中证500,CSI Smallcap 500 Index,CSI 500,5968.7,6017.28,5960.11,6009.58,43.43,0.73,12755343200.0,1587.6,500.0,18.1,2023-06-09,18.1,1587.6
20230612,000905,中证小盘500指数,中证500,CSI Smallcap 500 Index,CSI 500,5999.62,6045.66,5987.27,6027.71,18.13,0.3,11361247100.0,1512.03,500.0,18.92,2023-06-12,18.92,1512.03
20230613,000905,中证小盘500指数,中证500,CSI Smallcap 500 Index,CSI 500,6016.69,6047.06,6014.06,6044.04,16.32,0.27,9868029800.0,1344.26,500.0,18.94,2023-06-13,18.94,1344.26
20230614,000905,中证小盘500指数,中证500,CSI Smallcap 500 Index,CSI 500,6046.44,6064.29,6034.47,6044.08,0.04,0.0,10968902100.0,1480.46,500.0,18.94,2023-06-14,18.94,1480.46
20230615,000905,中证小盘500指数,中证500,CSI Smallcap 500 Index,CSI 500,6049.47,6100.23,6046.16,6096.81,52.73,0.87,11841773400.0,1657.0,500.0,19.11,2023-06-15,19.11,1657.0
20230616,000905,中证小盘500指数,中证500,CSI Smallcap 500 Index,CSI 500,6094.84,6154.93,6091.18,6148.01,51.21,0.84,11534956800.0,1656.9,500.0,19.1,2023-06-16,19.1,1656.9
20230619,000905,中证小盘500指数,中证500,CSI Smallcap 500 Index,CSI 500,6148.85,6148.85,6126.39,6131.38,-16.63,-0.27,11378720900.0,1647.8,500.0,19.02,2023-06-19,19.02,1647.8
20230620,000905,中证小盘500指数,中证500,CSI Smallcap 500 Index,CSI 500,6122.74,6144.01,6100.14,6126.11,-5.27,-0.09,10663083200.0,1614.2,500.0,18.98,2023-06-20,18.98,1614.2
20230621,000905,中证小盘500指数,中证500,CSI Smallcap 500 Index,CSI 500,6104.25,6104.25,5990.79,5990.85,-135.27,-2.21,10644776600.0,1542.01,500.0,18.63,2023-06-21,18.63,1542.01
20230626,000905,中证小盘500指数,中证500,CSI Smallcap 500 Index,CSI 500,5947.57,5970.61,5875.94,5887.03,-103.81,-1.73,11108179100.0,1482.04,500.0,18.34,2023-06-26,18.34,1482.04
20230627,000905,中证小盘500指数,中证500,CSI Smallcap 500 Index,CSI 500,5897.69,5956.18,5884.95,5948.0,60.97,1.04,9303915500.0,1186.25,500.0,18.55,2023-06-27,18.55,1186.25
20230628,000905,中证小盘500指数,中证500,CSI Smallcap 500 Index,CSI 500,5945.64,5951.13,5857.13,5942.31,-5.69,-0.1,9394430200.0,1284.55,500.0,18.56,2023-06-28,18.56,1284.55
20230629,000905,中证小盘500指数,中证500,CSI Smallcap 500 Index,CSI 500,5928.71,5964.86,5924.28,5940.58,-1.73,-0.03,8837685700.0,1234.84,500.0,18.49,2023-06-29,18.49,1234.84
20230630,000905,中证小盘500指数,中证500,CSI Smallcap 500 Index,CSI 500,5931.87,6016.45,5927.94,5998.73,58.15,0.98,9450466800.0,1333.67,500.0,18.65,2023-06-30,18.65,1333.67
20230703,000905,中证小盘500指数,中证500,CSI Smallcap 500 Index,CSI 500,6009.27,6056.16,5997.85,6042.31,43.58,0.73,11307590500.0,1530.65,500.0,18.77,2023-07-03,18.77,1530.65
20230704,000905,中证小盘500指数,中证500,CSI Smallcap 500 Index,CSI 500,6042.72,6059.57,6027.29,6055.26,12.95,0.21,10558376500.0,1444.85,500.0,18.79,2023-07-04,18.79,1444.85
20230705,000905,中证小盘500指数,中证500,CSI Smallcap 500 Index,CSI 500,6050.35,6059.38,6011.87,6020.82,-34.44,-0.57,10412904100.0,1421.99,500.0,18.67,2023-07-05,18.67,1421.99
20230706,000905,中证小盘500指数,中证500,CSI Smallcap 500 Index,CSI 500,6010.66,6042.29,5983.48,5988.55,-32.27,-0.54,9396503800.0,1319.79,500.0,18.55,2023-07-06,18.55,1319.79
20230707,000905,中证小盘500指数,中证500,CSI Smallcap 500 Index,CSI 500,5973.98,5994.28,5936.23,5961.61,-26.95,-0.45,9411834600.0,1216.88,500.0,18.49,2023-07-07,18.49,1216.88
20230710,000905,中证小盘500指数,中证500,CSI Smallcap 500 Index,CSI 500,5980.61,6003.4,5958.73,5984.28,22.68,0.38,8516856400.0,1139.4,500.0,18.56,2023-07-10,18.56,1139.4
20230711,000905,中证小盘500指数,中证500,CSI Smallcap 500 Index,CSI 500,5991.02,6029.23,5972.14,6029.23,44.95,0.75,8453189700.0,1179.2,500.0,18.68,2023-07-11,18.68,1179.2
20230712,000905,中证小盘500指数,中证500,CSI Smallcap 500 Index,CSI 500,6030.64,6033.58,5960.43,5962.79,-66.44,-1.1,9669224100.0,1344.19,500.0,18.47,2023-07-12,18.47,1344.19
20230713,000905,中证小盘500指数,中证500,CSI Smallcap 500 Index,CSI 500,5986.25,6049.06,5986.25,6044.06,81.26,1.36,9965639800.0,1389.42,500.0,18.71,2023-07-13,18.71,1389.42
20230714,000905,中证小盘500指数,中证500,CSI Smallcap 500 Index,CSI 500,6052.95,6055.53,6026.33,6030.52,-13.54,-0.22,9496319700.0,1378.81,500.0,18.64,2023-07-14,18.64,1378.81
20230717,000905,中证小盘500指数,中证500,CSI Smallcap 500 Index,CSI 500,6012.76,6018.07,5985.44,6012.69,-17.83,-0.3,8842021200.0,1249.92,500.0,18.57,2023-07-17,18.57,1249.92
20230718,000905,中证小盘500指数,中证500,CSI Smallcap 500 Index,CSI 500,6015.98,6027.61,5984.06,6001.8,-10.89,-0.18,8771991000.0,1213.1,500.0,18.55,2023-07-18,18.55,1213.1
20230719,000905,中证小盘500指数,中证500,CSI Smallcap 500 Index,CSI 500,5998.38,6017.45,5962.99,5993.41,-8.39,-0.14,7779103400.0,1040.55,500.0,18.54,2023-07-19,18.54,1040.55
20230720,000905,中证小盘500指数,中证500,CSI Smallcap 500 Index,CSI 500,5996.84,6009.43,5920.15,5925.48,-67.93,-1.13,9119536800.0,1236.85,500.0,18.34,2023-07-20,18.34,1236.85
20230721,000905,中证小盘500指数,中证500,CSI Smallcap 500 Index,CSI 500,5914.35,5961.05,5904.79,5925.63,0.14,0.0,8197530700.0,1070.65,500.0,18.35,2023-07-21,18.35,1070.65
20230724,000905,中证小盘500指数,中证500,CSI Smallcap 500 Index,CSI 500,5913.57,5954.24,5896.45,5916.71,-8.91,-0.15,7592800100.0,996.23,500.0,18.33,2023-07-24,18.33,996.23
20230725,000905,中证小盘500指数,中证500,CSI Smallcap 500 Index,CSI 500,5976.97,6016.75,5971.73,6016.63,99.92,1.69,13189639200.0,1457.33,500.0,18.62,2023-07-25,18.62,1457.33
20230726,000905,中证小盘500指数,中证500,CSI Smallcap 500 Index,CSI 500,6014.76,6015.58,5984.39,6001.54,-15.09,-0.25,12182521900.0,1205.47,500.0,18.57,2023-07-26,18.57,1205.47
20230727,000905,中证小盘500指数,中证500,CSI Smallcap 500 Index,CSI 500,5998.85,6017.67,5952.89,5961.18,-40.36,-0.67,12300082500.0,1172.72,500.0,18.45,2023-07-27,18.45,1172.72
20230728,000905,中证小盘500指数,中证500,CSI Smallcap 500 Index,CSI 500,5945.91,6049.76,5932.06,6043.24,82.06,1.38,16317187100.0,1491.47,500.0,18.71,2023-07-28,18.71,1491.47
20230731,000905,中证小盘500指数,中证500,CSI Smallcap 500 Index,CSI 500,6059.11,6133.72,6059.11,6088.24,45.0,0.74,18655110300.0,1795.96,500.0,18.84,2023-07-31,18.84,1795.96
20230801,000905,中证小盘500指数,中证500,CSI Smallcap 500 Index,CSI 500,6086.9,6113.98,6077.11,6098.88,10.64,0.17,18758860000.0,1666.28,500.0,18.85,2023-08-01,18.85,1666.28
20230802,000905,中证小盘500指数,中证500,CSI Smallcap 500 Index,CSI 500,6088.14,6111.24,6059.87,6077.46,-21.41,-0.35,14715452900.0,1357.59,500.0,18.79,2023-08-02,18.79,1357.59
20230803,000905,中证小盘500指数,中证500,CSI Smallcap 500 Index,CSI 500,6062.64,6101.81,6047.68,6098.69,21.22,0.35,14647901100.0,1387.77,500.0,18.86,2023-08-03,18.86,1387.77
20230804,000905,中证小盘500指数,中证500,CSI Smallcap 500 Index,CSI 500,6126.15,6164.16,6105.64,6128.56,29.87,0.49,19694350100.0,1868.5,500.0,18.93,2023-08-04,18.93,1868.5
20230807,000905,中证小盘500指数,中证500,CSI Smallcap 500 Index,CSI 500,6115.84,6117.92,6072.54,6090.73,-37.83,-0.62,14531913700.0,1544.16,500.0,18.8,2023-08-07,18.8,1544.16
20230808,000905,中证小盘500指数,中证500,CSI Smallcap 500 Index,CSI 500,6077.3,6088.1,6044.24,6066.1,-24.63,-0.4,12154572800.0,1313.57,500.0,18.74,2023-08-08,18.74,1313.57
20230809,000905,中证小盘500指数,中证500,CSI Smallcap 500 Index,CSI 500,6049.45,6062.02,6012.25,6021.75,-44.35,-0.73,9880917400.0,1162.95,500.0,18.61,2023-08-09,18.61,1162.95
20230810,000905,中证小盘500指数,中证500,CSI Smallcap 500 Index,CSI 500,6013.35,6040.46,5999.56,6031.71,9.96,0.17,9984263800.0,1039.5,500.0,18.66,2023-08-10,18.66,1039.5
20230811,000905,中证小盘500指数,中证500,CSI Smallcap 500 Index,CSI 500,6030.05,6030.05,5913.35,5913.35,-118.36,-1.96,11307200700.0,1153.93,500.0,18.3,2023-08-11,18.3,1153.93
20230814,000905,中证小盘500指数,中证500,CSI Smallcap 500 Index,CSI 500,5864.48,5919.8,5833.46,5916.8,3.45,0.06,10367570600.0,1163.21,500.0,18.32,2023-08-14,18.32,1163.21
20230815,000905,中证小盘500指数,中证500,CSI Smallcap 500 Index,CSI 500,5919.77,5926.42,5830.97,5879.78,-37.02,-0.63,9241738100.0,1076.26,500.0,18.25,2023-08-15,18.25,1076.26
20230816,000905,中证小盘500指数,中证500,CSI Smallcap 500 Index,CSI 500,5858.6,5891.81,5833.22,5833.22,-46.56,-0.79,10495042500.0,1140.14,500.0,18.12,2023-08-16,18.12,1140.14
20230817,000905,中证小盘500指数,中证500,CSI Smallcap 500 Index,CSI 500,5808.91,5882.15,5778.53,5874.36,41.15,0.71,11357638400.0,1208.53,500.0,18.24,2023-08-17,18.24,1208.53
20230818,000905,中证小盘500指数,中证500,CSI Smallcap 500 Index,CSI 500,5875.11,5891.4,5777.8,5777.8,-96.56,-1.64,10293184500.0,1097.66,500.0,17.96,2023-08-18,17.96,1097.66
20230821,000905,中证小盘500指数,中证500,CSI Smallcap 500 Index,CSI 500,5764.67,5802.51,5710.78,5710.78,-67.02,-1.16,9283569800.0,966.92,500.0,17.76,2023-08-21,17.76,966.92
20230822,000905,中证小盘500指数,中证500,CSI Smallcap 500 Index,CSI 500,5733.25,5754.57,5646.51,5741.06,30.28,0.53,10617519300.0,1200.35,500.0,17.83,2023-08-22,17.83,1200.35
20230823,000905,中证小盘500指数,中证500,CSI Smallcap 500 Index,CSI 500,5732.39,5732.39,5629.5,5629.5,-111.56,-1.94,9418672500.0,1018.71,500.0,17.5,2023-08-23,17.5,1018.71
20230824,000905,中证小盘500指数,中证500,CSI Smallcap 500 Index,CSI 500,5650.36,5701.32,5619.33,5652.67,23.17,0.41,10808677100.0,1206.41,500.0,17.55,2023-08-24,17.55,1206.41
20230825,000905,中证小盘500指数,中证500,CSI Smallcap 500 Index,CSI 500,5624.77,5648.62,5560.22,5581.21,-71.46,-1.26,10624160200.0,1147.3,500.0,17.37,2023-08-25,17.37,1147.3
20230828,000905,中证小盘500指数,中证500,CSI Smallcap 500 Index,CSI 500,5885.88,5887.51,5631.69,5644.14,62.93,1.13,18574561900.0,1814.57,500.0,17.56,2023-08-28,17.56,1814.57
20230829,000905,中证小盘500指数,中证500,CSI Smallcap 500 Index,CSI 500,5631.01,5789.96,5626.52,5770.32,126.18,2.24,16085189500.0,1654.76,500.0,17.92,2023-08-29,17.92,1654.76
20230830,000905,中证小盘500指数,中证500,CSI Smallcap 500 Index,CSI 500,5780.28,5817.73,5753.22,5775.15,4.84,0.08,13600438400.0,1450.79,500.0,17.91,2023-08-30,17.91,1450.79
20230831,000905,中证小盘500指数,中证500,CSI Smallcap 500 Index,CSI 500,5770.95,5777.42,5728.47,5739.4,-35.76,-0.62,11633513400.0,1212.53,500.0,17.81,2023-08-31,17.81,1212.53
20230901,000905,中证小盘500指数,中证500,CSI Smallcap 500 Index,CSI 500,5746.41,5775.18,5732.97,5750.8,11.4,0.2,10417910300.0,1070.61,500.0,17.85,2023-09-01,17.85,1070.61
20230904,000905,中证小盘500指数,中证500,CSI Smallcap 500 Index,CSI 500,5772.03,5829.78,5758.03,5829.78,78.98,1.37,13564887300.0,1359.94,500.0,18.08,2023-09-04,18.08,1359.94
20230905,000905,中证小盘500指数,中证500,CSI Smallcap 500 Index,CSI 500,5819.97,5822.06,5779.37,5788.71,-41.07,-0.7,10651765800.0,1149.72,500.0,17.96,2023-09-05,17.96,1149.72
20230906,000905,中证小盘500指数,中证500,CSI Smallcap 500 Index,CSI 500,5771.85,5800.96,5748.65,5790.38,1.67,0.03,9048050200.0,1065.13,500.0,17.96,2023-09-06,17.96,1065.13
20230907,000905,中证小盘500指数,中证500,CSI Smallcap 500 Index,CSI 500,5782.07,5782.07,5701.8,5702.7,-87.68,-1.51,9292051800.0,1057.13,500.0,17.71,2023-09-07,17.71,1057.13
20230908,000905,中证小盘500指数,中证500,CSI Smallcap 500 Index,CSI 500,5684.66,5732.37,5683.4,5708.62,5.92,0.1,7952002800.0,930.59,500.0,17.73,2023-09-08,17.73,930.59
20230911,000905,中证小盘500指数,中证500,CSI Smallcap 500 Index,CSI 500,5723.02,5802.21,5704.7,5774.73,66.11,1.16,11283713700.0,1324.26,500.0,17.93,2023-09-11,17.93,1324.26
20230912,000905,中证小盘500指数,中证500,CSI Smallcap 500 Index,CSI 500,5774.47,5793.83,5763.3,5770.93,-3.8,-0.07,8604120700.0,1050.32,500.0,17.92,2023-09-12,17.92,1050.32
20230913,000905,中证小盘500指数,中证500,CSI Smallcap 500 Index,CSI 500,5764.82,5770.41,5681.5,5715.4,-55.53,-0.96,9147247300.0,1019.33,500.0,17.76,2023-09-13,17.76,1019.33
20230914,000905,中证小盘500指数,中证500,CSI Smallcap 500 Index,CSI 500,5714.67,5721.21,5679.2,5702.1,-13.3,-0.23,9024779200.0,979.8,500.0,17.73,2023-09-14,17.73,979.8
20230915,000905,中证小盘500指数,中证500,CSI Smallcap 500 Index,CSI 500,5716.29,5741.07,5680.9,5704.66,2.56,0.04,9837596400.0,1105.58,500.0,17.75,2023-09-15,17.75,1105.58
20230918,000905,中证小盘500指数,中证500,CSI Smallcap 500 Index,CSI 500,5685.85,5734.19,5665.58,5719.69,15.03,0.26,9230572200.0,1092.5,500.0,17.79,2023-09-18,17.79,1092.5
20230919,000905,中证小盘500指数,中证500,CSI Smallcap 500 Index,CSI 500,5713.49,5713.6,5670.42,5687.9,-31.79,-0.56,8511210200.0,945.45,500.0,17.71,2023-09-19,17.71,945.45
20230920,000905,中证小盘500指数,中证500,CSI Smallcap 500 Index,CSI 500,5677.92,5689.83,5651.01,5651.01,-36.89,-0.65,7763415800.0,840.8,500.0,17.6,2023-09-20,17.6,840.8
20230921,000905,中证小盘500指数,中证500,CSI Smallcap 500 Index,CSI 500,5638.44,5666.7,5609.21,5611.92,-39.09,-0.69,8193150900.0,848.47,500.0,17.47,2023-09-21,17.47,848.47
20230922,000905,中证小盘500指数,中证500,CSI Smallcap 500 Index,CSI 500,5606.83,5700.32,5603.81,5698.82,86.9,1.55,10411898200.0,1202.76,500.0,17.72,2023-09-22,17.72,1202.76
20230925,000905,中证小盘500指数,中证500,CSI Smallcap 500 Index,CSI 500,5694.9,5699.15,5659.32,5666.66,-32.15,-0.56,9334071900.0,1141.72,500.0,17.63,2023-09-25,17.63,1141.72
20230926,000905,中证小盘500指数,中证500,CSI Smallcap 500 Index,CSI 500,5661.03,5682.28,5646.65,5646.65,-20.01,-0.35,7430961500.0,1004.24,500.0,17.56,2023-09-26,17.56,1004.24
20230927,000905,中证小盘500指数,中证500,CSI Smallcap 500 Index,CSI 500,5642.39,5701.51,5641.85,5674.35,27.69,0.49,8108624000.0,1021.49,500.0,17.65,2023-09-27,17.65,1021.49
20230928,000905,中证小盘500指数,中证500,CSI Smallcap 500 Index,CSI 500,5687.64,5704.62,5677.53,5690.77,16.42,0.29,7947733800.0,1014.57,500.0,17.7,2023-09-28,17.7,1014.57
20231009,000905,中证小盘500指数,中证500,CSI Smallcap 500 Index,CSI 500,5679.64,5680.95,5634.35,5658.08,-32.69,-0.57,9002983600.0,1090.95,500.0,17.6,2023-10-09,17.6,1090.95
20231010,000905,中证小盘500指数,中证500,CSI Smallcap 500 Index,CSI 500,5665.66,5678.46,5627.41,5630.37,-27.71,-0.49,8772642500.0,1046.21,500.0,17.48,2023-10-10,17.48,1046.21
20231011,000905,中证小盘500指数,中证500,CSI Smallcap 500 Index,CSI 500,5639.07,5674.25,5617.87,5629.79,-0.58,-0.01,9064482600.0,1122.02,500.0,17.45,2023-10-11,17.45,1122.02
20231012,000905,中证小盘500指数,中证500,CSI Smallcap 500 Index,CSI 500,5655.61,5677.82,5642.49,5671.64,41.85,0.74,10050298600.0,1199.47,500.0,17.54,2023-10-12,17.54,1199.47
20231013,000905,中证小盘500指数,中证500,CSI Smallcap 500 Index,CSI 500,5645.44,5646.07,5616.85,5633.38,-38.26,-0.67,8939170200.0,1108.78,500.0,17.42,2023-10-13,17.42,1108.78
20231016,000905,中证小盘500指数,中证500,CSI Smallcap 500 Index,CSI 500,5633.3,5636.32,5559.42,5580.67,-52.72,-0.94,8986755000.0,1076.84,500.0,17.28,2023-10-16,17.28,1076.84
20231017,000905,中证小盘500指数,中证500,CSI Smallcap 500 Index,CSI 500,5585.14,5599.42,5556.57,5595.34,14.68,0.26,9251673700.0,1050.6,500.0,17.34,2023-10-17,17.34,1050.6
20231018,000905,中证小盘500指数,中证500,CSI Smallcap 500 Index,CSI 500,5586.02,5586.02,5519.46,5524.6,-70.74,-1.26,9895356200.0,1103.11,500.0,17.11,2023-10-18,17.11,1103.11
20231019,000905,中证小盘500指数,中证500,CSI Smallcap 500 Index,CSI 500,5496.76,5529.87,5463.65,5464.03,-60.57,-1.1,10807833500.0,1173.47,500.0,16.91,2023-10-19,16.91,1173.47
20231020,000905,中证小盘500指数,中证500,CSI Smallcap 500 Index,CSI 500,5443.46,5473.21,5413.02,5423.67,-40.35,-0.74,9493611500.0,1077.14,500.0,16.8,2023-10-20,16.8,1077.14
20231023,000905,中证小盘500指数,中证500,CSI Smallcap 500 Index,CSI 500,5400.54,5400.79,5269.83,5290.33,-133.34,-2.46,10308312600.0,1122.28,500.0,16.41,2023-10-23,16.41,1122.28
20231024,000905,中证小盘500指数,中证500,CSI Smallcap 500 Index,CSI 500,5311.67,5363.2,5290.5,5352.01,61.68,1.17,11474572900.0,1261.91,500.0,16.61,2023-10-24,16.61,1261.91
20231025,000905,中证小盘500指数,中证500,CSI Smallcap 500 Index,CSI 500,5386.43,5423.01,5376.0,5376.0,23.99,0.45,11492124400.0,1297.41,500.0,16.67,2023-10-25,16.67,1297.41
20231026,000905,中证小盘500指数,中证500,CSI Smallcap 500 Index,CSI 500,5351.16,5404.99,5337.49,5398.93,22.94,0.43,10248504400.0,1168.93,500.0,16.74,2023-10-26,16.74,1168.93
20231027,000905,中证小盘500指数,中证500,CSI Smallcap 500 Index,CSI 500,5387.27,5514.31,5380.94,5492.03,93.09,1.72,11254280400.0,1327.76,500.0,17.03,2023-10-27,17.03,1327.76
20231030,000905,中证小盘500指数,中证500,CSI Smallcap 500 Index,CSI 500,5484.62,5559.78,5483.16,5546.39,54.36,0.99,12303418500.0,1530.67,500.0,17.15,2023-10-30,17.15,1530.67
20231031,000905,中证小盘500指数,中证500,CSI Smallcap 500 Index,CSI 500,5547.32,5554.19,5505.93,5528.24,-18.15,-0.33,10567937500.0,1275.27,500.0,17.11,2023-10-31,17.11,1275.27
20231101,000905,中证小盘500指数,中证500,CSI Smallcap 500 Index,CSI 500,5534.89,5534.94,5496.83,5509.97,-18.27,-0.33,8718578500.0,1056.39,500.0,17.06,2023-11-01,17.06,1056.39
20231102,000905,中证小盘500指数,中证500,CSI Smallcap 500 Index,CSI 500,5514.52,5532.85,5457.75,5459.45,-50.51,-0.92,9020264500.0,1017.96,500.0,16.9,2023-11-02,16.9,1017.96
20231103,000905,中证小盘500指数,中证500,CSI Smallcap 500 Index,CSI 500,5462.14,5537.73,5462.14,5510.36,50.91,0.93,9799057600.0,1140.1,500.0,17.03,2023-11-03,17.03,1140.1
20231106,000905,中证小盘500指数,中证500,CSI Smallcap 500 Index,CSI 500,5549.29,5609.26,5549.29,5605.06,94.71,1.72,13924104600.0,1566.65,500.0,17.31,2023-11-06,17.31,1566.65
20231107,000905,中证小盘500指数,中证500,CSI Smallcap 500 Index,CSI 500,5594.47,5631.1,5578.51,5611.1,6.04,0.11,12057932100.0,1398.99,500.0,17.29,2023-11-07,17.29,1398.99
20231108,000905,中证小盘500指数,中证500,CSI Smallcap 500 Index,CSI 500,5602.97,5633.97,5577.39,5608.02,-3.08,-0.05,12299455800.0,1397.09,500.0,17.27,2023-11-08,17.27,1397.09
20231109,000905,中证小盘500指数,中证500,CSI Smallcap 500 Index,CSI 500,5602.49,5638.08,5582.12,5592.06,-15.96,-0.28,10636280000.0,1230.4,500.0,17.23,2023-11-09,17.23,1230.4
20231110,000905,中证小盘500指数,中证500,CSI Smallcap 500 Index,CSI 500,5577.34,5585.21,5550.82,5573.1,-18.96,-0.34,9432402400.0,1096.72,500.0,17.17,2023-11-10,17.17,1096.72
20231113,000905,中证小盘500指数,中证500,CSI Smallcap 500 Index,CSI 500,5589.06,5605.57,5565.09,5605.57,32.47,0.58,10215893200.0,1178.34,500.0,17.26,2023-11-13,17.26,1178.34
20231114,000905,中证小盘500指数,中证500,CSI Smallcap 500 Index,CSI 500,5602.98,5639.19,5600.78,5630.55,24.98,0.45,10107313600.0,1160.73,500.0,17.33,2023-11-14,17.33,1160.73
20231115,000905,中证小盘500指数,中证500,CSI Smallcap 500 Index,CSI 500,5677.55,5684.75,5649.72,5664.62,34.06,0.6,11308793700.0,1318.64,500.0,17.43,2023-11-15,17.43,1318.64
20231116,000905,中证小盘500指数,中证500,CSI Smallcap 500 Index,CSI 500,5647.06,5652.4,5609.36,5609.36,-55.26,-0.98,9466267700.0,1057.65,500.0,17.26,2023-11-16,17.26,1057.65
20231117,000905,中证小盘500指数,中证500,CSI Smallcap 500 Index,CSI 500,5598.95,5632.39,5593.49,5631.42,22.06,0.39,8942234200.0,1014.44,500.0,17.32,2023-11-17,17.32,1014.44
20231120,000905,中证小盘500指数,中证500,CSI Smallcap 500 Index,CSI 500,5635.59,5669.38,5609.27,5659.77,28.35,0.5,10310507200.0,1198.85,500.0,17.39,2023-11-20,17.39,1198.85
20231121,000905,中证小盘500指数,中证500,CSI Smallcap 500 Index,CSI 500,5669.17,5696.09,5634.27,5641.08,-18.69,-0.33,11486120500.0,1267.41,500.0,17.35,2023-11-21,17.35,1267.41
20231122,000905,中证小盘500指数,中证500,CSI Smallcap 500 Index,CSI 500,5622.86,5639.0,5572.9,5572.9,-68.19,-1.21,10471840800.0,1099.72,500.0,17.15,2023-11-22,17.15,1099.72
20231123,000905,中证小盘500指数,中证500,CSI Smallcap 500 Index,CSI 500,5566.73,5627.79,5548.97,5622.99,50.09,0.9,9804243200.0,1011.51,500.0,17.31,2023-11-23,17.31,1011.51
20231124,000905,中证小盘500指数,中证500,CSI Smallcap 500 Index,CSI 500,5619.32,5619.32,5556.71,5570.42,-52.57,-0.93,10124804400.0,1007.01,500.0,17.17,2023-11-24,17.17,1007.01
20231127,000905,中证小盘500指数,中证500,CSI Smallcap 500 Index,CSI 500,5562.75,5579.72,5531.65,5566.51,-3.91,-0.07,9821865300.0,1076.91,500.0,17.15,2023-11-27,17.15,1076.91
20231128,000905,中证小盘500指数,中证500,CSI Smallcap 500 Index,CSI 500,5561.58,5594.72,5529.54,5591.5,24.99,0.45,8937327200.0,989.31,500.0,17.23,2023-11-28,17.23,989.31
20231129,000905,中证小盘500指数,中证500,CSI Smallcap 500 Index,CSI 500,5588.77,5593.37,5547.84,5553.33,-38.16,-0.68,8950915100.0,969.24,500.0,17.13,2023-11-29,17.13,969.24
20231130,000905,中证小盘500指数,中证500,CSI Smallcap 500 Index,CSI 500,5548.52,5560.33,5509.96,5545.05,-8.28,-0.15,8784150500.0,953.5,500.0,17.13,2023-11-30,17.13,953.5
20231201,000905,中证小盘500指数,中证500,CSI Smallcap 500 Index,CSI 500,5541.23,5576.73,5521.06,5566.87,21.82,0.39,9337170800.0,1074.55,500.0,17.18,2023-12-01,17.18,1074.55
20231204,000905,中证小盘500指数,中证500,CSI Smallcap 500 Index,CSI 500,5578.42,5590.84,5559.07,5559.07,-7.8,-0.14,9930654300.0,1196.28,500.0,17.15,2023-12-04,17.15,1196.28
20231205,000905,中证小盘500指数,中证500,CSI Smallcap 500 Index,CSI 500,5542.87,5542.87,5460.41,5460.41,-98.66,-1.77,9129824800.0,1038.24,500.0,16.87,2023-12-05,16.87,1038.24
20231206,000905,中证小盘500指数,中证500,CSI Smallcap 500 Index,CSI 500,5448.46,5513.09,5443.07,5481.82,21.42,0.39,8837399700.0,1020.85,500.0,16.92,2023-12-06,16.92,1020.85
20231207,000905,中证小盘500指数,中证500,CSI Smallcap 500 Index,CSI 500,5475.27,5501.48,5443.29,5481.14,-0.69,-0.01,8904868700.0,1036.22,500.0,16.91,2023-12-07,16.91,1036.22
20231208,000905,中证小盘500指数,中证500,CSI Smallcap 500 Index,CSI 500,5484.68,5522.06,5477.53,5497.99,16.85,0.31,11812377400.0,1407.88,500.0,16.96,2023-12-08,16.96,1407.88
20231211,000905,中证小盘500指数,中证500,CSI Smallcap 500 Index,CSI 500,5473.65,5574.12,5429.44,5564.85,66.86,1.22,11860591100.0,1406.31,500.0,16.86,2023-12-11,16.86,1406.31
20231212,000905,中证小盘500指数,中证500,CSI Smallcap 500 Index,CSI 500,5560.44,5576.01,5545.16,5566.18,1.32,0.02,8423233100.0,1106.39,500.0,16.88,2023-12-12,16.88,1106.39
20231213,000905,中证小盘500指数,中证500,CSI Smallcap 500 Index,CSI 500,5557.05,5558.06,5507.51,5507.51,-58.67,-1.05,7592989400.0,964.65,500.0,16.7,2023-12-13,16.7,964.65
20231214,000905,中证小盘500指数,中证500,CSI Smallcap 500 Index,CSI 500,5532.99,5557.37,5487.75,5489.33,-18.19,-0.33,7411809700.0,900.0,500.0,16.66,2023-12-14,16.66,900.0
20231215,000905,中证小盘500指数,中证500,CSI Smallcap 500 Index,CSI 500,5499.37,5516.22,5438.53,5449.79,-39.54,-0.72,8012541800.0,946.32,500.0,16.55,2023-12-15,16.55,946.32
20231218,000905,中证小盘500指数,中证500,CSI Smallcap 500 Index,CSI 500,5436.99,5448.08,5374.59,5385.27,-64.52,-1.18,7802249300.0,880.54,500.0,16.37,2023-12-18,16.37,880.54
20231219,000905,中证小盘500指数,中证500,CSI Smallcap 500 Index,CSI 500,5380.73,5406.96,5344.03,5379.87,-5.4,-0.1,7032372200.0,821.91,500.0,16.34,2023-12-19,16.34,821.91
20231220,000905,中证小盘500指数,中证500,CSI Smallcap 500 Index,CSI 500,5386.0,5388.46,5308.57,5309.29,-70.59,-1.31,7538709700.0,862.09,500.0,16.15,2023-12-20,16.15,862.09
20231221,000905,中证小盘500指数,中证500,CSI Smallcap 500 Index,CSI 500,5286.45,5352.5,5253.32,5338.76,29.48,0.56,8152231800.0,969.81,500.0,16.25,2023-12-21,16.25,969.81
20231222,000905,中证小盘500指数,中证500,CSI Smallcap 500 Index,CSI 500,5337.38,5366.23,5293.22,5311.69,-27.07,-0.51,9038700400.0,1089.18,500.0,16.19,2023-12-22,16.19,1089.18
20231225,000905,中证小盘500指数,中证500,CSI Smallcap 500 Index,CSI 500,5301.57,5339.66,5288.47,5315.37,3.68,0.07,6591877200.0,810.18,500.0,16.2,2023-12-25,16.2,810.18
20231226,000905,中证小盘500指数,中证500,CSI Smallcap 500 Index,CSI 500,5312.8,5313.92,5238.04,5258.28,-57.09,-1.07,6753200700.0,809.1,500.0,16.04,2023-12-26,16.04,809.1
20231227,000905,中证小盘500指数,中证500,CSI Smallcap 500 Index,CSI 500,5261.57,5293.8,5235.46,5285.53,27.25,0.52,7539791800.0,842.53,500.0,16.13,2023-12-27,16.13,842.53
20231228,000905,中证小盘500指数,中证500,CSI Smallcap 500 Index,CSI 500,5280.69,5400.24,5275.4,5382.8,97.27,1.84,10769923900.0,1268.96,500.0,16.39,2023-12-28,16.39,1268.96
20231229,000905,中证小盘500指数,中证500,CSI Smallcap 500 Index,CSI 500,5376.98,5437.15,5374.69,5429.23,46.43,0.86,9093176600.0,1125.34,500.0,16.51,2023-12-29,16.51,1125.34
20240102,000905,中证小盘500指数,中证500,CSI Smallcap 500 Index,CSI 500,5431.48,5439.48,5409.46,5409.46,-19.77,-0.36,9296474700.0,1068.4,500.0,16.49,2024-01-02,16.49,1068.4
20240103,000905,中证小盘500指数,中证500,CSI Smallcap 500 Index,CSI 500,5398.29,5428.52,5373.83,5401.4,-8.06,-0.15,8670522900.0,998.84,500.0,16.48,2024-01-03,16.48,998.84
20240104,000905,中证小盘500指数,中证500,CSI Smallcap 500 Index,CSI 500,5395.14,5395.14,5331.89,5355.32,-46.07,-0.85,7884656800.0,910.11,500.0,16.35,2024-01-04,16.35,910.11
20240105,000905,中证小盘500指数,中证500,CSI Smallcap 500 Index,CSI 500,5347.07,5373.68,5260.59,5281.87,-73.45,-1.37,8953888400.0,1010.85,500.0,16.15,2024-01-05,16.15,1010.85
20240108,000905,中证小盘500指数,中证500,CSI Smallcap 500 Index,CSI 500,5268.23,5268.98,5167.7,5167.7,-114.17,-2.16,8378515500.0,927.93,500.0,15.81,2024-01-08,15.81,927.93
20240109,000905,中证小盘500指数,中证500,CSI Smallcap 500 Index,CSI 500,5176.11,5220.46,5153.0,5180.65,12.95,0.25,7874041800.0,909.6,500.0,15.86,2024-01-09,15.86,909.6
20240110,000905,中证小盘500指数,中证500,CSI Smallcap 500 Index,CSI 500,5167.73,5211.82,5118.43,5158.08,-22.57,-0.44,7117394600.0,842.28,500.0,15.8,2024-01-10,15.8,842.28
20240111,000905,中证小盘500指数,中证500,CSI Smallcap 500 Index,CSI 500,5152.36,5243.14,5146.9,5223.86,65.78,1.28,8504129500.0,1061.52,500.0,15.99,2024-01-11,15.99,1061.52
20240112,000905,中证小盘500指数,中证500,CSI Smallcap 500 Index,CSI 500,5213.14,5262.62,5206.16,5206.18,-17.69,-0.34,7661983100.0,932.71,500.0,15.96,2024-01-12,15.96,932.71
20240115,000905,中证小盘500指数,中证500,CSI Smallcap 500 Index,CSI 500,5189.53,5238.96,5171.24,5193.3,-12.88,-0.25,7392509700.0,880.28,500.0,15.91,2024-01-15,15.91,880.28
20240116,000905,中证小盘500指数,中证500,CSI Smallcap 500 Index,CSI 500,5188.37,5210.08,5124.08,5190.4,-2.9,-0.06,8307037100.0,923.38,500.0,15.91,2024-01-16,15.91,923.38
20240117,000905,中证小盘500指数,中证500,CSI Smallcap 500 Index,CSI 500,5180.93,5180.93,5061.54,5061.54,-128.86,-2.48,7874184900.0,879.31,500.0,15.53,2024-01-17,15.53,879.31
20240118,000905,中证小盘500指数,中证500,CSI Smallcap 500 Index,CSI 500,5033.1,5069.23,4924.68,5066.96,5.42,0.11,11875105500.0,1234.36,500.0,15.53,2024-01-18,15.53,1234.36
20240119,000905,中证小盘500指数,中证500,CSI Smallcap 500 Index,CSI 500,5056.48,5084.29,5014.77,5018.43,-48.52,-0.96,7846738300.0,920.39,500.0,15.38,2024-01-19,15.38,920.39
20240122,000905,中证小盘500指数,中证500,CSI Smallcap 500 Index,CSI 500,5008.68,5008.77,4753.63,4780.97,-237.46,-4.73,10970849200.0,1156.23,500.0,14.65,2024-01-22,14.65,1156.23
20240123,000905,中证小盘500指数,中证500,CSI Smallcap 500 Index,CSI 500,4771.5,4889.42,4727.88,4865.74,84.77,1.77,9994471800.0,1078.09,500.0,14.91,2024-01-23,14.91,1078.09
20240124,000905,中证小盘500指数,中证500,CSI Smallcap 500 Index,CSI 500,4886.2,4941.44,4766.8,4933.7,67.96,1.4,11402580500.0,1126.83,500.0,15.14,2024-01-24,15.14,1126.83
20240125,000905,中证小盘500指数,中证500,CSI Smallcap 500 Index,CSI 500,4931.63,5074.49,4910.96,5073.18,139.48,2.83,13230776600.0,1348.23,500.0,15.58,2024-01-25,15.58,1348.23
20240126,000905,中证小盘500指数,中证500,CSI Smallcap 500 Index,CSI 500,5055.29,5086.13,5009.97,5027.09,-46.08,-0.91,11700983600.0,1192.33,500.0,15.46,2024-01-26,15.46,1192.33
20240129,000905,中证小盘500指数,中证500,CSI Smallcap 500 Index,CSI 500,5032.11,5050.11,4927.91,4927.91,-99.18,-1.97,11687665700.0,1178.35,500.0,15.19,2024-01-29,15.19,1178.35
20240130,000905,中证小盘500指数,中证500,CSI Smallcap 500 Index,CSI 500,4898.36,4939.35,4810.1,4814.99,-112.92,-2.29,9967581100.0,954.74,500.0,14.84,2024-01-30,14.84,954.74
20240131,000905,中证小盘500指数,中证500,CSI Smallcap 500 Index,CSI 500,4786.81,4832.4,4690.94,4696.98,-118.01,-2.45,12109315800.0,1165.93,500.0,14.53,2024-01-31,14.53,1165.93
20240201,000905,中证小盘500指数,中证500,CSI Smallcap 500 Index,CSI 500,4667.91,4771.05,4629.99,4678.73,-18.25,-0.39,11147191000.0,1075.09,500.0,14.46,2024-02-01,14.46,1075.09
20240202,000905,中证小盘500指数,中证500,CSI Smallcap 500 Index,CSI 500,4686.1,4724.05,4435.56,4563.22,-115.51,-2.47,13750183200.0,1249.53,500.0,14.12,2024-02-02,14.12,1249.53
20240205,000905,中证小盘500指数,中证500,CSI Smallcap 500 Index,CSI 500,4527.71,4598.06,4281.24,4460.26,-102.96,-2.26,16595833700.0,1435.47,500.0,13.84,2024-02-05,13.84,1435.47
20240206,000905,中证小盘500指数,中证500,CSI Smallcap 500 Index,CSI 500,4411.3,4817.12,4405.31,4805.9,345.64,7.75,17305833500.0,1564.85,500.0,14.86,2024-02-06,14.86,1564.85
20240207,000905,中证小盘500指数,中证500,CSI Smallcap 500 Index,CSI 500,4813.95,5110.8,4813.23,5109.57,303.67,6.32,22719893400.0,2126.18,500.0,15.77,2024-02-07,15.77,2126.18
20240208,000905,中证小盘500指数,中证500,CSI Smallcap 500 Index,CSI 500,5131.8,5367.22,5129.78,5150.23,40.66,0.8,21367612300.0,2122.56,500.0,15.86,2024-02-08,15.86,2122.56
20240219,000905,中证小盘500指数,中证500,CSI Smallcap 500 Index,CSI 500,5225.14,5225.14,5074.76,5141.6,-8.63,-0.17,16294989300.0,1728.06,500.0,15.81,2024-02-19,15.81,1728.06
20240220,000905,中证小盘500指数,中证500,CSI Smallcap 500 Index,CSI 500,5107.57,5151.72,5072.88,5140.96,-0.65,-0.01,12164637900.0,1332.42,500.0,15.83,2024-02-20,15.83,1332.42
20240221,000905,中证小盘500指数,中证500,CSI Smallcap 500 Index,CSI 500,5101.41,5252.88,5074.82,5139.04,-1.92,-0.04,15087250100.0,1555.61,500.0,15.83,2024-02-21,15.83,1555.61
20240222,000905,中证小盘500指数,中证500,CSI Smallcap 500 Index,CSI 500,5133.55,5184.62,5117.68,5176.34,37.31,0.73,11661480600.0,1275.47,500.0,15.93,2024-02-22,15.93,1275.47
20240223,000905,中证小盘500指数,中证500,CSI Smallcap 500 Index,CSI 500,5190.65,5197.71,5118.57,5197.71,21.37,0.41,13526500400.0,1454.42,500.0,15.99,2024-02-23,15.99,1454.42
20240226,000905,中证小盘500指数,中证500,CSI Smallcap 500 Index,CSI 500,5194.74,5255.36,5162.95,5195.46,-2.25,-0.04,14401894400.0,1526.01,500.0,15.96,2024-02-26,15.96,1526.01
20240227,000905,中证小盘500指数,中证500,CSI Smallcap 500 Index,CSI 500,5174.82,5307.8,5160.88,5307.8,112.34,2.16,13897175100.0,1572.02,500.0,16.27,2024-02-27,16.27,1572.02
20240228,000905,中证小盘500指数,中证500,CSI Smallcap 500 Index,CSI 500,5311.43,5383.32,5184.05,5184.05,-123.76,-2.33,20256098500.0,2141.35,500.0,15.94,2024-02-28,15.94,2141.35
20240229,000905,中证小盘500指数,中证500,CSI Smallcap 500 Index,CSI 500,5154.15,5349.77,5154.15,5346.79,162.75,3.14,16079016500.0,1789.76,500.0,16.43,2024-02-29,16.43,1789.76
20240301,000905,中证小盘500指数,中证500,CSI Smallcap 500 Index,CSI 500,5350.86,5387.78,5321.56,5379.05,32.26,0.6,14229839500.0,1711.03,500.0,16.5,2024-03-01,16.5,1711.03
20240304,000905,中证小盘500指数,中证500,CSI Smallcap 500 Index,CSI 500,5386.94,5400.12,5325.96,5388.82,9.77,0.18,14392846900.0,1759.06,500.0,16.53,2024-03-04,16.53,1759.06
20240305,000905,中证小盘500指数,中证500,CSI Smallcap 500 Index,CSI 500,5358.22,5382.98,5329.97,5351.83,-36.99,-0.69,14081647900.0,1742.83,500.0,16.43,2024-03-05,16.43,1742.83
20240306,000905,中证小盘500指数,中证500,CSI Smallcap 500 Index,CSI 500,5332.83,5405.49,5293.95,5350.1,-1.73,-0.03,12109956400.0,1468.43,500.0,16.43,2024-03-06,16.43,1468.43
20240307,000905,中证小盘500指数,中证500,CSI Smallcap 500 Index,CSI 500,5354.33,5384.66,5277.3,5277.3,-72.8,-1.36,13983134200.0,1574.42,500.0,16.24,2024-03-07,16.24,1574.42
20240308,000905,中证小盘500指数,中证500,CSI Smallcap 500 Index,CSI 500,5282.41,5361.71,5268.53,5349.6,72.3,1.37,12146797800.0,1440.04,500.0,16.45,2024-03-08,16.45,1440.04
20240311,000905,中证小盘500指数,中证500,CSI Smallcap 500 Index,CSI 500,5342.18,5443.04,5339.26,5441.05,91.46,1.71,14298173200.0,1735.89,500.0,16.7,2024-03-11,16.7,1735.89
20240312,000905,中证小盘500指数,中证500,CSI Smallcap 500 Index,CSI 500,5445.88,5473.29,5385.14,5423.72,-17.33,-0.32,14707253600.0,1788.49,500.0,16.64,2024-03-12,16.64,1788.49
20240313,000905,中证小盘500指数,中证500,CSI Smallcap 500 Index,CSI 500,5430.04,5459.32,5389.53,5415.11,-8.61,-0.16,12974630100.0,1645.26,500.0,16.6,2024-03-13,16.6,1645.26
20240314,000905,中证小盘500指数,中证500,CSI Smallcap 500 Index,CSI 500,5415.15,5447.54,5352.12,5392.93,-22.19,-0.41,13188735700.0,1573.37,500.0,16.55,2024-03-14,16.55,1573.37
20240315,000905,中证小盘500指数,中证500,CSI Smallcap 500 Index,CSI 500,5380.02,5456.73,5357.18,5454.15,61.22,1.14,13640503000.0,1587.19,500.0,16.72,2024-03-15,16.72,1587.19
20240318,000905,中证小盘500指数,中证500,CSI Smallcap 500 Index,CSI 500,5472.31,5528.45,5459.55,5528.45,74.3,1.36,15986263800.0,1907.94,500.0,16.92,2024-03-18,16.92,1907.94
20240319,000905,中证小盘500指数,中证500,CSI Smallcap 500 Index,CSI 500,5514.55,5533.64,5477.12,5478.22,-50.22,-0.91,14677724000.0,1766.62,500.0,16.77,2024-03-19,16.77,1766.62
20240320,000905,中证小盘500指数,中证500,CSI Smallcap 500 Index,CSI 500,5469.61,5499.24,5455.76,5493.41,15.19,0.28,12627326200.0,1570.36,500.0,16.8,2024-03-20,16.8,1570.36
20240321,000905,中证小盘500指数,中证500,CSI Smallcap 500 Index,CSI 500,5505.7,5517.46,5454.23,5465.83,-27.59,-0.5,12948945800.0,1592.52,500.0,16.71,2024-03-21,16.71,1592.52
20240322,000905,中证小盘500指数,中证500,CSI Smallcap 500 Index,CSI 500,5454.41,5463.54,5356.11,5384.57,-81.26,-1.49,13709602900.0,1631.86,500.0,16.47,2024-03-22,16.47,1631.86
20240325,000905,中证小盘500指数,中证500,CSI Smallcap 500 Index,CSI 500,5369.78,5401.6,5292.64,5294.75,-89.82,-1.67,13077825400.0,1562.52,500.0,16.24,2024-03-25,16.24,1562.52
20240326,000905,中证小盘500指数,中证500,CSI Smallcap 500 Index,CSI 500,5291.52,5318.88,5237.9,5284.42,-10.33,-0.2,11646811200.0,1452.96,500.0,16.23,2024-03-26,16.23,1452.96
20240327,000905,中证小盘500指数,中证500,CSI Smallcap 500 Index,CSI 500,5280.73,5282.7,5156.68,5156.68,-127.73,-2.42,11010714200.0,1298.29,500.0,15.87,2024-03-27,15.87,1298.29
20240328,000905,中证小盘500指数,中证500,CSI Smallcap 500 Index,CSI 500,5156.48,5276.64,5156.48,5223.81,67.12,1.3,11631819200.0,1406.13,500.0,16.07,2024-03-28,16.07,1406.13
20240329,000905,中证小盘500指数,中证500,CSI Smallcap 500 Index,CSI 500,5220.55,5287.04,5211.19,5286.16,62.36,1.19,10904714900.0,1265.74,500.0,16.27,2024-03-29,16.27,1265.74
20240401,000905,中证小盘500指数,中证500,CSI Smallcap 500 Index,CSI 500,5309.83,5401.78,5309.83,5401.22,115.06,2.18,13673485400.0,1665.53,500.0,16.59,2024-04-01,16.59,1665.53
20240402,000905,中证小盘500指数,中证500,CSI Smallcap 500 Index,CSI 500,5395.48,5402.16,5353.31,5381.23,-20.0,-0.37,13214864200.0,1557.8,500.0,16.56,2024-04-02,16.56,1557.8
20240403,000905,中证小盘500指数,中证500,CSI Smallcap 500 Index,CSI 500,5373.5,5386.34,5350.16,5374.6,-6.63,-0.12,13362805300.0,1541.14,500.0,16.56,2024-04-03,16.56,1541.14
20240408,000905,中证小盘500指数,中证500,CSI Smallcap 500 Index,CSI 500,5358.96,5383.66,5297.56,5298.59,-76.0,-1.41,14858855900.0,1612.61,500.0,16.34,2024-04-08,16.34,1612.61
20240409,000905,中证小盘500指数,中证500,CSI Smallcap 500 Index,CSI 500,5294.47,5342.9,5284.96,5342.9,44.31,0.84,11330074500.0,1332.63,500.0,16.47,2024-04-09,16.47,1332.63
20240410,000905,中证小盘500指数,中证500,CSI Smallcap 500 Index,CSI 500,5335.73,5335.73,5242.86,5275.47,-67.43,-1.26,11790861800.0,1322.51,500.0,16.29,2024-04-10,16.29,1322.51
20240411,000905,中证小盘500指数,中证500,CSI Smallcap 500 Index,CSI 500,5244.05,5353.81,5240.51,5301.81,26.34,0.5,12774514300.0,1412.91,500.0,16.38,2024-04-11,16.38,1412.91
20240412,000905,中证小盘500指数,中证500,CSI Smallcap 500 Index,CSI 500,5307.72,5336.45,5270.46,5277.22,-24.59,-0.46,11852493300.0,1361.45,500.0,16.31,2024-04-12,16.31,1361.45
20240415,000905,中证小盘500指数,中证500,CSI Smallcap 500 Index,CSI 500,5270.04,5376.05,5219.43,5339.72,62.5,1.18,15921762400.0,1692.69,500.0,16.55,2024-04-15,16.55,1692.69
20240416,000905,中证小盘500指数,中证500,CSI Smallcap 500 Index,CSI 500,5309.1,5346.76,5184.65,5191.55,-148.17,-2.77,16258397300.0,1687.78,500.0,16.14,2024-04-16,16.14,1687.78
20240417,000905,中证小盘500指数,中证500,CSI Smallcap 500 Index,CSI 500,5211.25,5339.75,5211.25,5339.75,148.19,2.85,14759455200.0,1556.61,500.0,16.56,2024-04-17,16.56,1556.61
20240418,000905,中证小盘500指数,中证500,CSI Smallcap 500 Index,CSI 500,5317.8,5410.7,5299.23,5349.84,10.09,0.19,15349768200.0,1673.39,500.0,16.58,2024-04-18,16.58,1673.39
20240419,000905,中证小盘500指数,中证500,CSI Smallcap 500 Index,CSI 500,5322.36,5369.95,5292.02,5314.87,-34.97,-0.65,14213421600.0,1560.1,500.0,16.5,2024-04-19,16.5,1560.1
20240422,000905,中证小盘500指数,中证500,CSI Smallcap 500 Index,CSI 500,5289.41,5340.63,5264.19,5267.58,-47.29,-0.89,13526688200.0,1501.9,500.0,16.36,2024-04-22,16.36,1501.9
20240423,000905,中证小盘500指数,中证500,CSI Smallcap 500 Index,CSI 500,5257.77,5280.06,5196.96,5208.27,-59.31,-1.13,12580112000.0,1390.19,500.0,16.15,2024-04-23,16.15,1390.19
20240424,000905,中证小盘500指数,中证500,CSI Smallcap 500 Index,CSI 500,5210.18,5263.04,5183.7,5263.04,54.77,1.05,11729722000.0,1394.71,500.0,16.31,2024-04-24,16.31,1394.71
20240425,000905,中证小盘500指数,中证500,CSI Smallcap 500 Index,CSI 500,5240.48,5297.16,5229.82,5259.34,-3.7,-0.07,11083392900.0,1275.45,500.0,16.3,2024-04-25,16.3,1275.45
20240426,000905,中证小盘500指数,中证500,CSI Smallcap 500 Index,CSI 500,5258.38,5379.67,5258.38,5372.12,112.79,2.14,17377770100.0,1937.89,500.0,16.6,2024-04-26,16.6,1937.89
20240429,000905,中证小盘500指数,中证500,CSI Smallcap 500 Index,CSI 500,5371.21,5488.28,5371.21,5478.49,106.37,1.98,19093605500.0,2121.49,500.0,16.89,2024-04-29,16.89,2121.49
20240430,000905,中证小盘500指数,中证500,CSI Smallcap 500 Index,CSI 500,5471.17,5478.04,5436.58,5441.14,-37.35,-0.68,16279734400.0,1751.44,500.0,16.78,2024-04-30,16.78,1751.44
20240506,000905,中证小盘500指数,中证500,CSI Smallcap 500 Index,CSI 500,5498.44,5535.95,5496.91,5528.6,87.46,1.61,16579162600.0,1879.07,500.0,20.01,2024-05-06,20.01,1879.07
20240507,000905,中证小盘500指数,中证500,CSI Smallcap 500 Index,CSI 500,5532.32,5543.13,5507.5,5527.08,-1.52,-0.03,13653540200.0,1621.56,500.0,20.0,2024-05-07,20.0,1621.56
20240508,000905,中证小盘500指数,中证500,CSI Smallcap 500 Index,CSI 500,5516.45,5516.45,5454.87,5458.76,-68.33,-1.24,12395562100.0,1394.73,500.0,19.77,2024-05-08,19.77,1394.73
20240509,000905,中证小盘500指数,中证500,CSI Smallcap 500 Index,CSI 500,5461.36,5568.73,5461.36,5556.77,98.02,1.8,13112123000.0,1540.0,500.0,20.13,2024-05-09,20.13,1540.0
20240510,000905,中证小盘500指数,中证500,CSI Smallcap 500 Index,CSI 500,5562.19,5570.57,5497.5,5535.4,-21.38,-0.38,12868803000.0,1440.27,500.0,20.08,2024-05-10,20.08,1440.27
20240513,000905,中证小盘500指数,中证500,CSI Smallcap 500 Index,CSI 500,5503.13,5527.2,5462.51,5505.26,-30.14,-0.54,13162758800.0,1461.6,500.0,20.02,2024-05-13,20.02,1461.6
20240514,000905,中证小盘500指数,中证500,CSI Smallcap 500 Index,CSI 500,5508.47,5538.74,5484.96,5500.74,-4.52,-0.08,11899439900.0,1325.92,500.0,20.0,2024-05-14,20.0,1325.92
20240515,000905,中证小盘500指数,中证500,CSI Smallcap 500 Index,CSI 500,5495.56,5497.08,5441.35,5446.66,-54.08,-0.98,11012498900.0,1215.26,500.0,19.8,2024-05-15,19.8,1215.26
20240516,000905,中证小盘500指数,中证500,CSI Smallcap 500 Index,CSI 500,5461.11,5475.37,5408.13,5424.67,-21.99,-0.4,12210811900.0,1331.49,500.0,19.71,2024-05-16,19.71,1331.49
20240517,000905,中证小盘500指数,中证500,CSI Smallcap 500 Index,CSI 500,5418.66,5493.2,5409.7,5491.89,67.23,1.24,12691616800.0,1392.45,500.0,19.92,2024-05-17,19.92,1392.45
20240520,000905,中证小盘500指数,中证500,CSI Smallcap 500 Index,CSI 500,5496.79,5536.66,5484.36,5523.5,31.61,0.58,14497144800.0,1635.72,500.0,20.0,2024-05-20,20.0,1635.72
20240521,000905,中证小盘500指数,中证500,CSI Smallcap 500 Index,CSI 500,5511.48,5513.42,5460.98,5478.91,-44.59,-0.81,10869119200.0,1238.32,500.0,19.84,2024-05-21,19.84,1238.32
20240522,000905,中证小盘500指数,中证500,CSI Smallcap 500 Index,CSI 500,5472.01,5486.3,5455.08,5468.61,-10.31,-0.19,11305778200.0,1265.73,500.0,19.7,2024-05-22,19.7,1265.73
20240523,000905,中证小盘500指数,中证500,CSI Smallcap 500 Index,CSI 500,5448.94,5448.94,5352.39,5362.31,-106.3,-1.94,12665756900.0,1357.49,500.0,19.34,2024-05-23,19.34,1357.49
20240524,000905,中证小盘500指数,中证500,CSI Smallcap 500 Index,CSI 500,5348.51,5400.16,5311.49,5313.45,-48.85,-0.91,10656417500.0,1173.96,500.0,19.18,2024-05-24,19.18,1173.96
20240527,000905,中证小盘500指数,中证500,CSI Smallcap 500 Index,CSI 500,5325.85,5373.11,5284.51,5371.37,57.91,1.09,11564322900.0,1247.86,500.0,19.4,2024-05-27,19.4,1247.86
20240528,000905,中证小盘500指数,中证500,CSI Smallcap 500 Index,CSI 500,5363.33,5365.47,5310.32,5316.13,-55.24,-1.03,11096537300.0,1209.79,500.0,19.2,2024-05-28,19.2,1209.79
20240529,000905,中证小盘500指数,中证500,CSI Smallcap 500 Index,CSI 500,5308.59,5361.74,5305.96,5328.31,12.18,0.23,10436126700.0,1127.63,500.0,19.24,2024-05-29,19.24,1127.63
20240530,000905,中证小盘500指数,中证500,CSI Smallcap 500 Index,CSI 500,5316.4,5349.69,5296.49,5308.66,-19.65,-0.37,10735018700.0,1147.58,500.0,19.14,2024-05-30,19.14,1147.58
20240531,000905,中证小盘500指数,中证500,CSI Smallcap 500 Index,CSI 500,5310.72,5357.02,5308.54,5308.54,-0.12,0.0,10415114700.0,1130.2,500.0,19.14,2024-05-31,19.14,1130.2
20240603,000905,中证小盘500指数,中证500,CSI Smallcap 500 Index,CSI 500,5300.79,5316.34,5232.69,5274.07,-34.47,-0.65,12696851500.0,1295.44,500.0,19.01,2024-06-03,19.01,1295.44
20240604,000905,中证小盘500指数,中证500,CSI Smallcap 500 Index,CSI 500,5263.23,5352.28,5247.58,5341.95,67.88,1.29,10808314400.0,1178.36,500.0,19.27,2024-06-04,19.27,1178.36
20240605,000905,中证小盘500指数,中证500,CSI Smallcap 500 Index,CSI 500,5328.87,5347.43,5277.94,5277.94,-64.01,-1.2,10579275700.0,1116.08,500.0,19.04,2024-06-05,19.04,1116.08
20240606,000905,中证小盘500指数,中证500,CSI Smallcap 500 Index,CSI 500,5291.52,5305.88,5213.66,5228.8,-49.14,-0.93,13336823100.0,1357.4,500.0,18.89,2024-06-06,18.89,1357.4
20240607,000905,中证小盘500指数,中证500,CSI Smallcap 500 Index,CSI 500,5247.15,5258.82,5172.05,5208.98,-19.82,-0.38,11352747800.0,1185.54,500.0,18.81,2024-06-07,18.81,1185.54
20240611,000905,中证小盘500指数,中证500,CSI Smallcap 500 Index,CSI 500,5182.41,5232.85,5159.33,5217.47,8.49,0.16,11643711600.0,1196.61,500.0,18.77,2024-06-11,18.77,1196.61
20240612,000905,中证小盘500指数,中证500,CSI Smallcap 500 Index,CSI 500,5209.13,5245.99,5205.57,5232.95,15.48,0.3,10306556900.0,1113.41,500.0,18.83,2024-06-12,18.83,1113.41
20240613,000905,中证小盘500指数,中证500,CSI Smallcap 500 Index,CSI 500,5231.91,5233.8,5182.74,5194.59,-38.36,-0.73,11823276400.0,1231.94,500.0,18.7,2024-06-13,18.7,1231.94
20240614,000905,中证小盘500指数,中证500,CSI Smallcap 500 Index,CSI 500,5180.29,5235.88,5163.38,5213.09,18.5,0.36,13399862000.0,1460.09,500.0,18.74,2024-06-14,18.74,1460.09
20240617,000905,中证小盘500指数,中证500,CSI Smallcap 500 Index,CSI 500,5189.28,5223.59,5184.6,5207.13,-5.96,-0.11,10797066400.0,1357.04,500.0,18.98,2024-06-17,18.98,1357.04
20240618,000905,中证小盘500指数,中证500,CSI Smallcap 500 Index,CSI 500,5207.98,5243.59,5204.97,5230.89,23.76,0.46,9409090300.0,1203.91,500.0,19.04,2024-06-18,19.04,1203.91
20240619,000905,中证小盘500指数,中证500,CSI Smallcap 500 Index,CSI 500,5235.48,5236.3,5168.82,5168.82,-62.07,-1.19,8784959000.0,1117.41,500.0,18.81,2024-06-19,18.81,1117.41
20240620,000905,中证小盘500指数,中证500,CSI Smallcap 500 Index,CSI 500,5162.16,5184.75,5092.29,5094.57,-74.26,-1.44,9560900300.0,1130.63,500.0,18.56,2024-06-20,18.56,1130.63
20240621,000905,中证小盘500指数,中证500,CSI Smallcap 500 Index,CSI 500,5079.92,5128.14,5071.65,5102.33,7.76,0.15,8383890700.0,980.9,500.0,18.59,2024-06-21,18.59,980.9
20240624,000905,中证小盘500指数,中证500,CSI Smallcap 500 Index,CSI 500,5072.8,5078.96,4986.77,4992.91,-109.42,-2.14,10018664600.0,1131.08,500.0,18.21,2024-06-24,18.21,1131.08
20240625,000905,中证小盘500指数,中证500,CSI Smallcap 500 Index,CSI 500,4989.07,5007.34,4918.04,4948.63,-44.28,-0.89,9163677900.0,1046.84,500.0,18.08,2024-06-25,18.08,1046.84
20240626,000905,中证小盘500指数,中证500,CSI Smallcap 500 Index,CSI 500,4942.17,5024.77,4915.66,5020.43,71.8,1.45,9339462100.0,1021.52,500.0,18.29,2024-06-26,18.29,1021.52
20240627,000905,中证小盘500指数,中证500,CSI Smallcap 500 Index,CSI 500,4998.99,5000.18,4925.16,4928.05,-92.38,-1.84,8853718700.0,973.65,500.0,17.95,2024-06-27,17.95,973.65
20240628,000905,中证小盘500指数,中证500,CSI Smallcap 500 Index,CSI 500,4914.67,5003.41,4914.55,4942.78,14.73,0.3,10630834200.0,1147.43,500.0,18.03,2024-06-28,18.03,1147.43
20240701,000905,中证小盘500指数,中证500,CSI Smallcap 500 Index,CSI 500,4943.79,5017.61,4929.09,5003.16,60.38,1.22,9731279300.0,1108.21,500.0,18.28,2024-07-01,18.28,1108.21
20240702,000905,中证小盘500指数,中证500,CSI Smallcap 500 Index,CSI 500,5000.58,5002.74,4934.12,4949.48,-53.68,-1.07,9620933400.0,1059.03,500.0,18.05,2024-07-02,18.05,1059.03
20240703,000905,中证小盘500指数,中证500,CSI Smallcap 500 Index,CSI 500,4945.4,4950.51,4905.39,4910.92,-38.55,-0.78,8452833100.0,961.21,500.0,17.89,2024-07-03,17.89,961.21
20240704,000905,中证小盘500指数,中证500,CSI Smallcap 500 Index,CSI 500,4917.44,4935.61,4827.34,4834.5,-76.43,-1.56,9100846600.0,987.72,500.0,17.62,2024-07-04,17.62,987.72
20240705,000905,中证小盘500指数,中证500,CSI Smallcap 500 Index,CSI 500,4828.86,4877.93,4794.13,4866.26,31.77,0.66,8313327900.0,937.25,500.0,17.72,2024-07-05,17.72,937.25
20240708,000905,中证小盘500指数,中证500,CSI Smallcap 500 Index,CSI 500,4857.02,4857.27,4768.56,4783.62,-82.65,-1.7,9025450000.0,967.89,500.0,17.43,2024-07-08,17.43,967.89
20240709,000905,中证小盘500指数,中证500,CSI Smallcap 500 Index,CSI 500,4775.31,4888.48,4745.32,4876.9,93.28,1.95,11140196800.0,1267.05,500.0,17.75,2024-07-09,17.75,1267.05
20240710,000905,中证小盘500指数,中证500,CSI Smallcap 500 Index,CSI 500,4857.48,4891.37,4836.17,4844.16,-32.74,-0.67,10095318600.0,1172.45,500.0,17.6,2024-07-10,17.6,1172.45
20240711,000905,中证小盘500指数,中证500,CSI Smallcap 500 Index,CSI 500,4902.81,4941.7,4871.17,4939.73,95.57,1.97,11527549400.0,1331.28,500.0,17.92,2024-07-11,17.92,1331.28
20240712,000905,中证小盘500指数,中证500,CSI Smallcap 500 Index,CSI 500,4926.98,4937.35,4905.8,4919.36,-20.37,-0.41,9717510600.0,1155.94,500.0,17.84,2024-07-12,17.84,1155.94
20240715,000905,中证小盘500指数,中证500,CSI Smallcap 500 Index,CSI 500,4903.52,4903.52,4868.74,4883.9,-35.47,-0.72,8682431200.0,1027.35,500.0,17.73,2024-07-15,17.73,1027.35
20240716,000905,中证小盘500指数,中证500,CSI Smallcap 500 Index,CSI 500,4877.6,4907.83,4850.43,4898.36,14.47,0.3,8726797800.0,1136.48,500.0,17.75,2024-07-16,17.75,1136.48
20240717,000905,中证小盘500指数,中证500,CSI Smallcap 500 Index,CSI 500,4893.41,4900.36,4853.6,4856.58,-41.78,-0.85,9690954700.0,1179.33,500.0,17.59,2024-07-17,17.59,1179.33
20240718,000905,中证小盘500指数,中证500,CSI Smallcap 500 Index,CSI 500,4822.13,4879.69,4793.43,4877.69,21.11,0.43,9665475000.0,1152.84,500.0,17.68,2024-07-18,17.68,1152.84
20240719,000905,中证小盘500指数,中证500,CSI Smallcap 500 Index,CSI 500,4853.04,4900.38,4842.93,4872.05,-5.64,-0.12,9329074600.0,1119.89,500.0,17.65,2024-07-19,17.65,1119.89
20240722,000905,中证小盘500指数,中证500,CSI Smallcap 500 Index,CSI 500,4872.64,4885.36,4839.11,4865.98,-6.08,-0.12,9271045800.0,1103.08,500.0,17.61,2024-07-22,17.61,1103.08
20240723,000905,中证小盘500指数,中证500,CSI Smallcap 500 Index,CSI 500,4862.97,4862.97,4722.8,4722.8,-143.18,-2.94,10240371200.0,1105.78,500.0,17.11,2024-07-23,17.11,1105.78
20240724,000905,中证小盘500指数,中证500,CSI Smallcap 500 Index,CSI 500,4712.29,4738.76,4661.83,4668.06,-54.74,-1.16,11267463500.0,1030.27,500.0,16.95,2024-07-24,16.95,1030.27
20240725,000905,中证小盘500指数,中证500,CSI Smallcap 500 Index,CSI 500,4644.42,4710.46,4635.24,4665.45,-2.61,-0.06,8860007400.0,958.85,500.0,16.95,2024-07-25,16.95,958.85
20240726,000905,中证小盘500指数,中证500,CSI Smallcap 500 Index,CSI 500,4670.45,4744.45,4670.45,4736.38,70.93,1.52,8647204900.0,941.19,500.0,17.18,2024-07-26,17.18,941.19
20240729,000905,中证小盘500指数,中证500,CSI Smallcap 500 Index,CSI 500,4740.5,4742.15,4702.98,4708.84,-27.53,-0.58,8110203900.0,909.79,500.0,17.09,2024-07-29,17.09,909.79
20240730,000905,中证小盘500指数,中证500,CSI Smallcap 500 Index,CSI 500,4694.52,4712.04,4650.56,4699.28,-9.56,-0.2,8335338200.0,861.81,500.0,17.04,2024-07-30,17.04,861.81
20240731,000905,中证小盘500指数,中证500,CSI Smallcap 500 Index,CSI 500,4694.73,4887.92,4687.05,4886.41,187.13,3.98,14318091900.0,1466.02,500.0,17.68,2024-07-31,17.68,1466.02
20240801,000905,中证小盘500指数,中证500,CSI Smallcap 500 Index,CSI 500,4893.87,4928.24,4834.65,4852.97,-33.44,-0.68,11321339300.0,1197.66,500.0,17.55,2024-08-01,17.55,1197.66
20240802,000905,中证小盘500指数,中证500,CSI Smallcap 500 Index,CSI 500,4816.94,4874.71,4783.12,4788.62,-64.36,-1.33,9852984400.0,1056.55,500.0,17.34,2024-08-02,17.34,1056.55
20240805,000905,中证小盘500指数,中证500,CSI Smallcap 500 Index,CSI 500,4756.08,4846.54,4693.82,4693.85,-94.77,-1.98,11333814800.0,1234.87,500.0,17.02,2024-08-05,17.02,1234.87
20240806,000905,中证小盘500指数,中证500,CSI Smallcap 500 Index,CSI 500,4740.45,4774.93,4699.18,4750.78,56.93,1.21,10777477000.0,1052.86,500.0,17.21,2024-08-06,17.21,1052.86
20240807,000905,中证小盘500指数,中证500,CSI Smallcap 500 Index,CSI 500,4747.98,4783.42,4719.94,4751.94,1.16,0.02,9698948100.0,968.35,500.0,17.22,2024-08-07,17.22,968.35
20240808,000905,中证小盘500指数,中证500,CSI Smallcap 500 Index,CSI 500,4737.09,4791.66,4701.79,4755.81,3.87,0.08,10430925300.0,953.64,500.0,17.21,2024-08-08,17.21,953.64
20240809,000905,中证小盘500指数,中证500,CSI Smallcap 500 Index,CSI 500,4778.26,4805.1,4720.31,4720.31,-35.5,-0.75,10881958600.0,880.58,500.0,17.09,2024-08-09,17.09,880.58
20240812,000905,中证小盘500指数,中证500,CSI Smallcap 500 Index,CSI 500,4716.96,4737.19,4696.05,4714.16,-6.15,-0.13,8910083200.0,763.76,500.0,17.09,2024-08-12,17.09,763.76
20240813,000905,中证小盘500指数,中证500,CSI Smallcap 500 Index,CSI 500,4713.96,4731.84,4680.59,4731.84,17.68,0.37,8136517300.0,711.01,500.0,17.14,2024-08-13,17.14,711.01
20240814,000905,中证小盘500指数,中证500,CSI Smallcap 500 Index,CSI 500,4729.81,4730.24,4667.07,4667.07,-64.76,-1.37,7458803000.0,683.08,500.0,16.92,2024-08-14,16.92,683.08
20240815,000905,中证小盘500指数,中证500,CSI Smallcap 500 Index,CSI 500,4656.7,4746.41,4647.79,4698.38,31.3,0.67,9097329300.0,837.13,500.0,17.04,2024-08-15,17.04,837.13
20240816,000905,中证小盘500指数,中证500,CSI Smallcap 500 Index,CSI 500,4703.6,4708.02,4662.11,4670.38,-28.0,-0.6,8737958000.0,819.27,500.0,16.93,2024-08-16,16.93,819.27
20240819,000905,中证小盘500指数,中证500,CSI Smallcap 500 Index,CSI 500,4666.33,4729.87,4666.26,4682.96,12.58,0.27,8713686700.0,807.42,500.0,16.99,2024-08-19,16.99,807.42
20240820,000905,中证小盘500指数,中证500,CSI Smallcap 500 Index,CSI 500,4684.29,4686.36,4590.39,4602.01,-80.95,-1.73,9184614600.0,813.52,500.0,16.7,2024-08-20,16.7,813.52
20240821,000905,中证小盘500指数,中证500,CSI Smallcap 500 Index,CSI 500,4589.09,4610.87,4582.27,4587.12,-14.89,-0.32,8352691000.0,748.1,500.0,16.64,2024-08-21,16.64,748.1
20240822,000905,中证小盘500指数,中证500,CSI Smallcap 500 Index,CSI 500,4589.5,4595.05,4526.25,4533.37,-53.75,-1.17,8585686800.0,782.02,500.0,16.46,2024-08-22,16.46,782.02
20240823,000905,中证小盘500指数,中证500,CSI Smallcap 500 Index,CSI 500,4523.99,4549.3,4513.2,4537.09,3.72,0.08,7577836400.0,713.7,500.0,16.48,2024-08-23,16.48,713.7
20240826,000905,中证小盘500指数,中证500,CSI Smallcap 500 Index,CSI 500,4542.86,4558.59,4523.73,4544.36,7.27,0.16,8711829600.0,843.65,500.0,16.48,2024-08-26,16.48,843.65
20240827,000905,中证小盘500指数,中证500,CSI Smallcap 500 Index,CSI 500,4532.49,4532.49,4487.09,4495.29,-49.07,-1.08,8252920500.0,787.43,500.0,16.32,2024-08-27,16.32,787.43
20240828,000905,中证小盘500指数,中证500,CSI Smallcap 500 Index,CSI 500,4486.43,4527.77,4482.03,4500.01,4.72,0.11,8268119900.0,742.45,500.0,16.35,2024-08-28,16.35,742.45
20240829,000905,中证小盘500指数,中证500,CSI Smallcap 500 Index,CSI 500,4483.55,4577.79,4475.22,4557.9,57.89,1.29,10311556200.0,968.3,500.0,16.52,2024-08-29,16.52,968.3
20240830,000905,中证小盘500指数,中证500,CSI Smallcap 500 Index,CSI 500,4557.5,4704.34,4548.38,4639.11,81.21,1.78,15159336100.0,1447.49,500.0,16.79,2024-08-30,16.79,1447.49
20240902,000905,中证小盘500指数,中证500,CSI Smallcap 500 Index,CSI 500,4631.9,4632.31,4546.84,4546.88,-92.23,-1.99,12636851700.0,1158.93,500.0,16.89,2024-09-02,16.89,1158.93
20240903,000905,中证小盘500指数,中证500,CSI Smallcap 500 Index,CSI 500,4543.22,4612.28,4543.22,4596.48,49.6,1.09,9858968600.0,927.49,500.0,17.04,2024-09-03,17.04,927.49
20240904,000905,中证小盘500指数,中证500,CSI Smallcap 500 Index,CSI 500,4567.69,4623.38,4552.3,4582.08,-14.4,-0.31,9243568500.0,886.46,500.0,17.0,2024-09-04,17.0,886.46
20240905,000905,中证小盘500指数,中证500,CSI Smallcap 500 Index,CSI 500,4585.17,4630.64,4582.05,4601.09,19.01,0.41,8058372300.0,801.49,500.0,17.06,2024-09-05,17.06,801.49
20240906,000905,中证小盘500指数,中证500,CSI Smallcap 500 Index,CSI 500,4609.34,4613.31,4535.35,4537.45,-63.64,-1.38,9014759600.0,802.16,500.0,16.83,2024-09-06,16.83,802.16
20240909,000905,中证小盘500指数,中证500,CSI Smallcap 500 Index,CSI 500,4517.57,4541.79,4487.84,4507.19,-30.27,-0.67,9194460800.0,819.08,500.0,16.7,2024-09-09,16.7,819.08
20240910,000905,中证小盘500指数,中证500,CSI Smallcap 500 Index,CSI 500,4509.32,4528.67,4432.91,4507.71,0.52,0.01,9852954200.0,870.12,500.0,16.69,2024-09-10,16.69,870.12
20240911,000905,中证小盘500指数,中证500,CSI Smallcap 500 Index,CSI 500,4490.19,4529.35,4479.03,4514.92,7.21,0.16,8520684200.0,817.08,500.0,16.68,2024-09-11,16.68,817.08
20240912,000905,中证小盘500指数,中证500,CSI Smallcap 500 Index,CSI 500,4518.99,4568.75,4496.59,4496.59,-18.32,-0.41,8665430400.0,809.17,500.0,16.63,2024-09-12,16.63,809.17
20240913,000905,中证小盘500指数,中证500,CSI Smallcap 500 Index,CSI 500,4500.39,4509.07,4450.96,4450.96,-45.63,-1.01,9253375700.0,857.11,500.0,16.47,2024-09-13,16.47,857.11
20240918,000905,中证小盘500指数,中证500,CSI Smallcap 500 Index,CSI 500,4450.09,4474.72,4397.16,4462.87,11.91,0.27,9098968300.0,791.03,500.0,16.55,2024-09-18,16.55,791.03
20240919,000905,中证小盘500指数,中证500,CSI Smallcap 500 Index,CSI 500,4481.46,4565.39,4437.54,4520.39,57.52,1.29,11561186800.0,1054.06,500.0,16.73,2024-09-19,16.73,1054.06
20240920,000905,中证小盘500指数,中证500,CSI Smallcap 500 Index,CSI 500,4514.96,4515.81,4471.94,4498.39,-22.0,-0.49,9431204400.0,890.84,500.0,16.65,2024-09-20,16.65,890.84
20240923,000905,中证小盘500指数,中证500,CSI Smallcap 500 Index,CSI 500,4495.78,4545.54,4483.13,4494.69,-3.7,-0.08,8993522700.0,851.05,500.0,16.63,2024-09-23,16.63,851.05
20240924,000905,中证小盘500指数,中证500,CSI Smallcap 500 Index,CSI 500,4524.22,4690.57,4503.12,4689.6,194.91,4.34,17714470300.0,1599.47,500.0,17.34,2024-09-24,17.34,1599.47
20240925,000905,中证小盘500指数,中证500,CSI Smallcap 500 Index,CSI 500,4743.63,4847.2,4724.43,4731.48,41.88,0.89,20459351900.0,1822.1,500.0,17.48,2024-09-25,17.48,1822.1
20240926,000905,中证小盘500指数,中证500,CSI Smallcap 500 Index,CSI 500,4726.0,4938.18,4719.35,4938.18,206.71,4.37,22993032300.0,1961.23,500.0,18.22,2024-09-26,18.22,1961.23
20240927,000905,中证小盘500指数,中证500,CSI Smallcap 500 Index,CSI 500,5027.26,5227.96,5021.51,5201.67,263.48,5.34,23017750800.0,2326.47,500.0,19.13,2024-09-27,19.13,2326.47
20240930,000905,中证小盘500指数,中证500,CSI Smallcap 500 Index,CSI 500,5449.79,5757.92,5387.34,5743.22,541.55,10.41,38870320000.0,4187.85,500.0,21.06,2024-09-30,21.06,4187.85
20241008,000905,中证小盘500指数,中证500,CSI Smallcap 500 Index,CSI 500,6417.81,6417.81,5868.85,6155.58,412.36,7.18,49354642000.0,5792.63,500.0,22.41,2024-10-08,22.41,5792.63
20241009,000905,中证小盘500指数,中证500,CSI Smallcap 500 Index,CSI 500,6013.7,6088.08,5704.48,5735.64,-419.94,-6.82,43115641600.0,5294.48,500.0,20.85,2024-10-09,20.85,5294.48
20241010,000905,中证小盘500指数,中证500,CSI Smallcap 500 Index,CSI 500,5768.61,5875.94,5597.48,5690.88,-44.76,-0.78,35348024500.0,3908.14,500.0,20.79,2024-10-10,20.79,3908.14
20241011,000905,中证小盘500指数,中证500,CSI Smallcap 500 Index,CSI 500,5650.05,5652.85,5408.87,5470.81,-220.07,-3.87,24438337300.0,2667.49,500.0,20.04,2024-10-11,20.04,2667.49
20241014,000905,中证小盘500指数,中证500,CSI Smallcap 500 Index,CSI 500,5503.65,5623.97,5408.39,5608.15,137.34,2.51,25060854100.0,2792.31,500.0,20.51,2024-10-14,20.51,2792.31
20241015,000905,中证小盘500指数,中证500,CSI Smallcap 500 Index,CSI 500,5578.26,5661.07,5471.88,5472.56,-135.59,-2.42,23899701900.0,2768.17,500.0,20.0,2024-10-15,20.0,2768.17
20241016,000905,中证小盘500指数,中证500,CSI Smallcap 500 Index,CSI 500,5393.67,5546.18,5393.67,5461.09,-11.47,-0.21,20545092600.0,2224.26,500.0,19.94,2024-10-16,19.94,2224.26
20241017,000905,中证小盘500指数,中证500,CSI Smallcap 500 Index,CSI 500,5499.77,5541.03,5417.88,5418.99,-42.1,-0.77,20276868500.0,2344.59,500.0,19.76,2024-10-17,19.76,2344.59
20241018,000905,中证小盘500指数,中证500,CSI Smallcap 500 Index,CSI 500,5416.03,5774.14,5404.2,5640.02,221.03,4.08,28711421900.0,3520.62,500.0,20.5,2024-10-18,20.5,3520.62
20241021,000905,中证小盘500指数,中证500,CSI Smallcap 500 Index,CSI 500,5680.56,5797.88,5631.23,5704.23,64.21,1.14,26688518600.0,3599.66,500.0,20.7,2024-10-21,20.7,3599.66
20241022,000905,中证小盘500指数,中证500,CSI Smallcap 500 Index,CSI 500,5703.32,5779.3,5673.79,5753.85,49.62,0.87,23702362400.0,3125.84,500.0,20.88,2024-10-22,20.88,3125.84
20241023,000905,中证小盘500指数,中证500,CSI Smallcap 500 Index,CSI 500,5745.11,5853.46,5727.77,5776.38,22.53,0.39,27341264000.0,3361.68,500.0,20.97,2024-10-23,20.97,3361.68
20241024,000905,中证小盘500指数,中证500,CSI Smallcap 500 Index,CSI 500,5747.56,5759.87,5694.78,5726.7,-49.68,-0.86,20769004600.0,2572.32,500.0,20.79,2024-10-24,20.79,2572.32
20241025,000905,中证小盘500指数,中证500,CSI Smallcap 500 Index,CSI 500,5735.29,5855.26,5729.44,5809.69,82.98,1.45,23672570800.0,2995.9,500.0,21.07,2024-10-25,21.07,2995.9
20241028,000905,中证小盘500指数,中证500,CSI Smallcap 500 Index,CSI 500,5816.33,5883.72,5787.48,5883.72,74.03,1.27,27065378700.0,3126.64,500.0,21.31,2024-10-28,21.31,3126.64
20241029,000905,中证小盘500指数,中证500,CSI Smallcap 500 Index,CSI 500,5903.31,5917.21,5807.29,5812.53,-71.19,-1.21,27537114300.0,3324.82,500.0,21.03,2024-10-29,21.03,3324.82
20241030,000905,中证小盘500指数,中证500,CSI Smallcap 500 Index,CSI 500,5793.83,5869.11,5777.43,5837.93,25.41,0.44,25202127500.0,3159.57,500.0,21.07,2024-10-30,21.07,3159.57
20241031,000905,中证小盘500指数,中证500,CSI Smallcap 500 Index,CSI 500,5839.98,5935.18,5812.03,5901.29,63.36,1.09,31354920200.0,3774.54,500.0,21.25,2024-10-31,21.25,3774.54
20241101,000905,中证小盘500指数,中证500,CSI Smallcap 500 Index,CSI 500,5893.32,5934.2,5795.08,5831.82,-69.47,-1.18,36984064100.0,4292.57,500.0,21.14,2024-11-01,21.14,4292.57
20241104,000905,中证小盘500指数,中证500,CSI Smallcap 500 Index,CSI 500,5835.39,5928.91,5835.39,5928.91,97.09,1.66,28655229400.0,3427.77,500.0,21.51,2024-11-04,21.51,3427.77
20241105,000905,中证小盘500指数,中证500,CSI Smallcap 500 Index,CSI 500,5925.87,6119.25,5910.89,6111.97,183.06,3.09,36634449200.0,4414.63,500.0,22.11,2024-11-05,22.11,4414.63
20241106,000905,中证小盘500指数,中证500,CSI Smallcap 500 Index,CSI 500,6134.92,6204.53,6081.81,6125.79,13.82,0.23,41518773700.0,5023.24,500.0,22.12,2024-11-06,22.12,5023.24
20241107,000905,中证小盘500指数,中证500,CSI Smallcap 500 Index,CSI 500,6061.73,6240.76,6049.59,6239.56,113.77,1.86,41841332300.0,4658.15,500.0,22.53,2024-11-07,22.53,4658.15
20241108,000905,中证小盘500指数,中证500,CSI Smallcap 500 Index,CSI 500,6306.8,6333.68,6206.29,6222.45,-17.11,-0.27,38564834700.0,4700.8,500.0,22.43,2024-11-08,22.43,4700.8
20241111,000905,中证小盘500指数,中证500,CSI Smallcap 500 Index,CSI 500,6211.03,6330.8,6199.06,6330.62,108.17,1.74,33409692100.0,4533.28,500.0,22.74,2024-11-11,22.74,4533.28
20241112,000905,中证小盘500指数,中证500,CSI Smallcap 500 Index,CSI 500,6349.23,6382.98,6205.1,6263.88,-66.73,-1.05,33285691900.0,4526.85,500.0,22.5,2024-11-12,22.5,4526.85
20241113,000905,中证小盘500指数,中证500,CSI Smallcap 500 Index,CSI 500,6234.16,6282.28,6162.9,6259.84,-4.04,-0.06,26040067300.0,3478.13,500.0,22.5,2024-11-13,22.5,3478.13
20241114,000905,中证小盘500指数,中证500,CSI Smallcap 500 Index,CSI 500,6240.61,6240.61,6068.66,6078.31,-181.54,-2.9,23974313800.0,3173.36,500.0,21.92,2024-11-14,21.92,3173.36
20241115,000905,中证小盘500指数,中证500,CSI Smallcap 500 Index,CSI 500,6055.54,6093.42,5924.35,5924.48,-153.82,-2.53,23622604200.0,3096.8,500.0,21.42,2024-11-15,21.42,3096.8
20241118,000905,中证小盘500指数,中证500,CSI Smallcap 500 Index,CSI 500,5940.49,5977.49,5799.91,5833.04,-91.45,-1.54,28252722400.0,2964.23,500.0,21.17,2024-11-18,21.17,2964.23
20241119,000905,中证小盘500指数,中证500,CSI Smallcap 500 Index,CSI 500,5836.61,5936.93,5776.2,5936.6,103.57,1.78,24140421500.0,2624.78,500.0,21.5,2024-11-19,21.5,2624.78
20241120,000905,中证小盘500指数,中证500,CSI Smallcap 500 Index,CSI 500,5920.32,6015.23,5909.11,5992.39,55.79,0.94,21734522400.0,2610.05,500.0,21.67,2024-11-20,21.67,2610.05
20241121,000905,中证小盘500指数,中证500,CSI Smallcap 500 Index,CSI 500,5973.15,6009.63,5937.81,5985.31,-7.08,-0.12,20619894100.0,2527.22,500.0,21.62,2024-11-21,21.62,2527.22
20241122,000905,中证小盘500指数,中证500,CSI Smallcap 500 Index,CSI 500,5969.08,5983.34,5750.25,5750.25,-235.07,-3.93,22506673700.0,2676.76,500.0,20.8,2024-11-22,20.8,2676.76
20241125,000905,中证小盘500指数,中证500,CSI Smallcap 500 Index,CSI 500,5754.55,5774.82,5662.09,5735.65,-14.6,-0.25,18600506000.0,2152.62,500.0,20.75,2024-11-25,20.75,2152.62
20241126,000905,中证小盘500指数,中证500,CSI Smallcap 500 Index,CSI 500,5727.37,5773.36,5688.58,5690.48,-45.17,-0.79,14756286500.0,1701.87,500.0,20.62,2024-11-26,20.62,1701.87
20241127,000905,中证小盘500指数,中证500,CSI Smallcap 500 Index,CSI 500,5669.55,5805.64,5604.0,5804.94,114.46,2.01,17531330200.0,2045.29,500.0,21.01,2024-11-27,21.01,2045.29
20241128,000905,中证小盘500指数,中证500,CSI Smallcap 500 Index,CSI 500,5802.8,5826.49,5749.29,5757.6,-47.34,-0.82,17218353700.0,2043.58,500.0,20.86,2024-11-28,20.86,2043.58
20241129,000905,中证小盘500指数,中证500,CSI Smallcap 500 Index,CSI 500,5748.17,5899.87,5736.41,5851.94,94.34,1.64,20425554400.0,2435.71,500.0,21.18,2024-11-29,21.18,2435.71
20241202,000905,中证小盘500指数,中证500,CSI Smallcap 500 Index,CSI 500,5853.71,5956.6,5848.42,5943.62,91.69,1.57,23618130800.0,2572.13,500.0,21.47,2024-12-02,21.47,2572.13
20241203,000905,中证小盘500指数,中证500,CSI Smallcap 500 Index,CSI 500,5946.74,5954.66,5877.8,5932.12,-11.5,-0.19,20987050900.0,2293.47,500.0,21.45,2024-12-03,21.45,2293.47
20241204,000905,中证小盘500指数,中证500,CSI Smallcap 500 Index,CSI 500,5929.48,5940.85,5850.91,5879.27,-52.85,-0.89,21599163400.0,2342.13,500.0,21.25,2024-12-04,21.25,2342.13
20241205,000905,中证小盘500指数,中证500,CSI Smallcap 500 Index,CSI 500,5855.74,5923.62,5853.53,5901.99,22.72,0.39,19854223600.0,2122.52,500.0,21.3,2024-12-05,21.3,2122.52
20241206,000905,中证小盘500指数,中证500,CSI Smallcap 500 Index,CSI 500,5903.5,6011.77,5877.04,5979.2,77.21,1.31,26532953600.0,2556.01,500.0,21.6,2024-12-06,21.6,2556.01
20241209,000905,中证小盘500指数,中证500,CSI Smallcap 500 Index,CSI 500,5983.33,6004.23,5911.36,5947.11,-32.09,-0.54,28446220900.0,2372.95,500.0,21.51,2024-12-09,21.51,2372.95
20241210,000905,中证小盘500指数,中证500,CSI Smallcap 500 Index,CSI 500,6132.29,6141.07,5982.58,5992.09,44.98,0.76,32052782300.0,3247.11,500.0,21.65,2024-12-10,21.65,3247.11
20241211,000905,中证小盘500指数,中证500,CSI Smallcap 500 Index,CSI 500,5973.33,6051.47,5972.27,6047.11,55.01,0.92,25388394100.0,2500.11,500.0,21.84,2024-12-11,21.84,2500.11
20241212,000905,中证小盘500指数,中证500,CSI Smallcap 500 Index,CSI 500,6048.78,6107.71,6023.23,6100.39,53.29,0.88,24365369000.0,2583.81,500.0,22.03,2024-12-12,22.03,2583.81
20241213,000905,中证小盘500指数,中证500,CSI Smallcap 500 Index,CSI 500,6065.95,6065.95,5988.29,5988.29,-112.1,-1.84,28632819800.0,3073.16,500.0,21.63,2024-12-13,21.63,3073.16
20241216,000905,中证小盘500指数,中证500,CSI Smallcap 500 Index,CSI 500,5983.16,5991.58,5888.04,5912.6,-75.69,-1.26,21464744100.0,2417.91,500.0,22.53,2024-12-16,22.53,2417.91
20241217,000905,中证小盘500指数,中证500,CSI Smallcap 500 Index,CSI 500,5896.97,5924.62,5837.25,5848.16,-64.44,-1.09,19310854700.0,2046.3,500.0,22.35,2024-12-17,22.35,2046.3
20241218,000905,中证小盘500指数,中证500,CSI Smallcap 500 Index,CSI 500,5861.26,5921.98,5853.16,5888.62,40.45,0.69,18799629000.0,1932.82,500.0,22.49,2024-12-18,22.49,1932.82
20241219,000905,中证小盘500指数,中证500,CSI Smallcap 500 Index,CSI 500,5829.26,5918.49,5816.47,5901.92,13.3,0.23,19653119400.0,2112.87,500.0,22.52,2024-12-19,22.52,2112.87
20241220,000905,中证小盘500指数,中证500,CSI Smallcap 500 Index,CSI 500,5889.95,5962.42,5889.95,5917.18,15.26,0.26,17809039900.0,2211.33,500.0,22.57,2024-12-20,22.57,2211.33
20241223,000905,中证小盘500指数,中证500,CSI Smallcap 500 Index,CSI 500,5917.69,5935.15,5815.34,5818.55,-98.62,-1.67,17731548600.0,2173.47,500.0,22.27,2024-12-23,22.27,2173.47
20241224,000905,中证小盘500指数,中证500,CSI Smallcap 500 Index,CSI 500,5827.16,5897.19,5827.16,5895.26,76.71,1.32,16736582400.0,1961.13,500.0,22.58,2024-12-24,22.58,1961.13
20241225,000905,中证小盘500指数,中证500,CSI Smallcap 500 Index,CSI 500,5896.43,5897.51,5796.65,5840.29,-54.97,-0.93,15727913200.0,1912.69,500.0,22.4,2024-12-25,22.4,1912.69
20241226,000905,中证小盘500指数,中证500,CSI Smallcap 500 Index,CSI 500,5830.72,5897.48,5830.72,5887.06,46.77,0.8,14531944400.0,2017.23,500.0,22.53,2024-12-26,22.53,2017.23
20241227,000905,中证小盘500指数,中证500,CSI Smallcap 500 Index,CSI 500,5892.69,5975.79,5881.72,5899.17,12.11,0.21,17908549800.0,2366.81,500.0,22.59,2024-12-27,22.59,2366.81
20241230,000905,中证小盘500指数,中证500,CSI Smallcap 500 Index,CSI 500,5890.46,5928.57,5867.85,5898.88,-0.28,0.0,15556558600.0,1961.83,500.0,22.59,2024-12-30,22.59,1961.83
20241231,000905,中证小盘500指数,中证500,CSI Smallcap 500 Index,CSI 500,5902.03,5905.46,5725.73,5725.73,-173.15,-2.94,18215885500.0,2171.94,500.0,22.0,2024-12-31,22.0,2171.94
20250102,000905,中证小盘500指数,中证500,CSI Smallcap 500 Index,CSI 500,5717.92,5722.11,5498.82,5545.82,-179.92,-3.14,19376315700.0,2200.79,500.0,21.32,2025-01-02,21.32,2200.79
20250103,000905,中证小盘500指数,中证500,CSI Smallcap 500 Index,CSI 500,5552.75,5581.4,5419.74,5427.8,-118.01,-2.13,17407731000.0,1872.33,500.0,20.94,2025-01-03,20.94,1872.33
20250106,000905,中证小盘500指数,中证500,CSI Smallcap 500 Index,CSI 500,5421.07,5482.63,5384.33,5427.1,-0.7,-0.01,14626565800.0,1567.44,500.0,20.95,2025-01-06,20.95,1567.44
20250107,000905,中证小盘500指数,中证500,CSI Smallcap 500 Index,CSI 500,5429.17,5485.58,5405.13,5484.68,57.58,1.06,14506527800.0,1598.36,500.0,21.12,2025-01-07,21.12,1598.36
20250108,000905,中证小盘500指数,中证500,CSI Smallcap 500 Index,CSI 500,5462.32,5501.66,5326.93,5461.59,-23.1,-0.42,16384991500.0,1811.41,500.0,21.05,2025-01-08,21.05,1811.41
20250109,000905,中证小盘500指数,中证500,CSI Smallcap 500 Index,CSI 500,5437.81,5493.68,5436.7,5456.59,-5.0,-0.09,12983262700.0,1567.99,500.0,20.99,2025-01-09,20.99,1567.99
20250110,000905,中证小盘500指数,中证500,CSI Smallcap 500 Index,CSI 500,5449.0,5496.38,5369.28,5369.28,-87.31,-1.6,13017955300.0,1599.84,500.0,20.72,2025-01-10,20.72,1599.84
20250113,000905,中证小盘500指数,中证500,CSI Smallcap 500 Index,CSI 500,5319.7,5422.01,5319.27,5381.7,12.42,0.23,11968293700.0,1394.07,500.0,20.75,2025-01-13,20.75,1394.07
20250114,000905,中证小盘500指数,中证500,CSI Smallcap 500 Index,CSI 500,5393.76,5582.84,5378.59,5572.27,190.57,3.54,17214286000.0,2080.84,500.0,21.43,2025-01-14,21.43,2080.84
20250115,000905,中证小盘500指数,中证500,CSI Smallcap 500 Index,CSI 500,5559.58,5569.19,5509.58,5522.46,-49.81,-0.89,13839324300.0,1690.6,500.0,21.25,2025-01-15,21.25,1690.6
20250116,000905,中证小盘500指数,中证500,CSI Smallcap 500 Index,CSI 500,5546.7,5633.85,5508.91,5545.63,23.17,0.42,14931808500.0,1829.96,500.0,21.34,2025-01-16,21.34,1829.96
20250117,000905,中证小盘500指数,中证500,CSI Smallcap 500 Index,CSI 500,5524.21,5621.94,5519.41,5587.29,41.66,0.75,12669117400.0,1644.37,500.0,21.52,2025-01-17,21.52,1644.37
20250120,000905,中证小盘500指数,中证500,CSI Smallcap 500 Index,CSI 500,5621.92,5665.18,5598.16,5614.33,27.04,0.48,13571250700.0,1734.26,500.0,21.63,2025-01-20,21.63,1734.26
20250121,000905,中证小盘500指数,中证500,CSI Smallcap 500 Index,CSI 500,5639.6,5642.92,5573.5,5633.92,19.59,0.35,12649130000.0,1709.09,500.0,21.69,2025-01-21,21.69,1709.09
20250122,000905,中证小盘500指数,中证500,CSI Smallcap 500 Index,CSI 500,5606.85,5618.58,5567.78,5607.06,-26.87,-0.48,11537499600.0,1581.07,500.0,21.59,2025-01-22,21.59,1581.07
20250123,000905,中证小盘500指数,中证500,CSI Smallcap 500 Index,CSI 500,5659.37,5717.69,5584.25,5584.25,-22.8,-0.41,16341998700.0,2036.34,500.0,21.52,2025-01-23,21.52,2036.34
20250124,000905,中证小盘500指数,中证500,CSI Smallcap 500 Index,CSI 500,5570.48,5660.43,5570.48,5649.95,65.7,1.18,13943805800.0,1808.59,500.0,22.01,2025-01-24,22.01,1808.59
20250127,000905,中证小盘500指数,中证500,CSI Smallcap 500 Index,CSI 500,5660.48,5676.03,5589.34,5589.34,-60.61,-1.07,13654605600.0,1630.86,500.0,21.83,2025-01-27,21.83,1630.86
20250205,000905,中证小盘500指数,中证500,CSI Smallcap 500 Index,CSI 500,5643.17,5646.04,5588.56,5614.39,25.04,0.45,15567414100.0,2150.0,500.0,21.82,2025-02-05,21.82,2150.0
20250206,000905,中证小盘500指数,中证500,CSI Smallcap 500 Index,CSI 500,5606.87,5749.02,5597.32,5747.9,133.51,2.38,18142819300.0,2571.22,500.0,22.27,2025-02-06,22.27,2571.22
20250207,000905,中证小盘500指数,中证500,CSI Smallcap 500 Index,CSI 500,5750.29,5889.43,5741.73,5833.99,86.09,1.5,23271886300.0,3279.49,500.0,22.56,2025-02-07,22.56,3279.49
20250210,000905,中证小盘500指数,中证500,CSI Smallcap 500 Index,CSI 500,5858.24,5895.41,5836.17,5888.55,54.56,0.94,20930090500.0,2862.53,500.0,22.72,2025-02-10,22.72,2862.53
20250211,000905,中证小盘500指数,中证500,CSI Smallcap 500 Index,CSI 500,5890.37,5890.37,5827.38,5858.28,-30.27,-0.51,18192050800.0,2602.81,500.0,22.63,2025-02-11,22.63,2602.81
20250212,000905,中证小盘500指数,中证500,CSI Smallcap 500 Index,CSI 500,5841.36,5940.54,5841.32,5940.53,82.25,1.4,19544615500.0,2854.39,500.0,22.91,2025-02-12,22.91,2854.39
20250213,000905,中证小盘500指数,中证500,CSI Smallcap 500 Index,CSI 500,5938.2,5957.58,5889.7,5898.26,-42.27,-0.71,22828183900.0,3130.8,500.0,22.74,2025-02-13,22.74,3130.8
20250214,000905,中证小盘500指数,中证500,CSI Smallcap 500 Index,CSI 500,5893.93,5954.48,5886.95,5947.8,49.53,0.84,21191426100.0,3066.27,500.0,22.91,2025-02-14,22.91,3066.27
20250217,000905,中证小盘500指数,中证500,CSI Smallcap 500 Index,CSI 500,5979.84,5985.36,5906.27,5948.72,0.92,0.02,23390168900.0,3569.4,500.0,22.56,2025-02-17,22.56,3569.4
20250218,000905,中证小盘500指数,中证500,CSI Smallcap 500 Index,CSI 500,5935.5,5947.93,5816.05,5840.71,-108.01,-1.82,21494148200.0,3069.06,500.0,22.19,2025-02-18,22.19,3069.06
20250219,000905,中证小盘500指数,中证500,CSI Smallcap 500 Index,CSI 500,5834.95,5945.35,5831.48,5943.88,103.17,1.77,20529830500.0,3139.6,500.0,22.53,2025-02-19,22.53,3139.6
20250220,000905,中证小盘500指数,中证500,CSI Smallcap 500 Index,CSI 500,5941.6,5977.73,5920.57,5957.55,13.66,0.23,19820741100.0,3058.85,500.0,22.55,2025-02-20,22.55,3058.85
20250221,000905,中证小盘500指数,中证500,CSI Smallcap 500 Index,CSI 500,5969.65,6061.82,5943.19,6057.06,99.52,1.67,25231712800.0,3969.61,500.0,22.89,2025-02-21,22.89,3969.61
20250224,000905,中证小盘500指数,中证500,CSI Smallcap 500 Index,CSI 500,6057.38,6079.02,6007.18,6044.97,-12.09,-0.2,24381379800.0,3823.63,500.0,22.86,2025-02-24,22.86,3823.63
20250225,000905,中证小盘500指数,中证500,CSI Smallcap 500 Index,CSI 500,5967.04,6044.76,5956.18,5979.97,-65.01,-1.08,20683395300.0,3403.16,500.0,22.59,2025-02-25,22.59,3403.16
20250226,000905,中证小盘500指数,中证500,CSI Smallcap 500 Index,CSI 500,5990.29,6055.87,5973.86,6051.74,71.77,1.2,21086089800.0,3272.65,500.0,22.85,2025-02-26,22.85,3272.65
20250227,000905,中证小盘500指数,中证500,CSI Smallcap 500 Index,CSI 500,6050.19,6064.49,5940.34,6028.99,-22.75,-0.38,21665293000.0,3282.55,500.0,22.78,2025-02-27,22.78,3282.55
20250228,000905,中证小盘500指数,中证500,CSI Smallcap 500 Index,CSI 500,5997.92,6007.47,5847.15,5859.87,-169.11,-2.81,20522381400.0,2982.91,500.0,22.2,2025-02-28,22.2,2982.91
20250303,000905,中证小盘500指数,中证500,CSI Smallcap 500 Index,CSI 500,5875.95,5964.27,5851.56,5885.77,25.9,0.44,18502458100.0,2669.56,500.0,22.31,2025-03-03,22.31,2669.56
20250304,000905,中证小盘500指数,中证500,CSI Smallcap 500 Index,CSI 500,5845.47,5943.08,5843.46,5937.63,51.86,0.88,15392221100.0,2311.45,500.0,22.44,2025-03-04,22.44,2311.45
20250305,000905,中证小盘500指数,中证500,CSI Smallcap 500 Index,CSI 500,5937.11,5955.9,5892.53,5950.7,13.07,0.22,16307150000.0,2417.38,500.0,22.46,2025-03-05,22.46,2417.38
20250306,000905,中证小盘500指数,中证500,CSI Smallcap 500 Index,CSI 500,5980.38,6062.54,5972.6,6047.77,97.07,1.63,21304285200.0,3205.43,500.0,22.77,2025-03-06,22.77,3205.43
20250307,000905,中证小盘500指数,中证500,CSI Smallcap 500 Index,CSI 500,6029.38,6067.35,5989.32,6013.77,-34.0,-0.56,20743714900.0,3011.22,500.0,22.67,2025-03-07,22.67,3011.22
20250310,000905,中证小盘500指数,中证500,CSI Smallcap 500 Index,CSI 500,6022.68,6041.52,5971.81,6013.62,-0.16,0.0,17304433600.0,2485.13,500.0,22.71,2025-03-10,22.71,2485.13
20250311,000905,中证小盘500指数,中证500,CSI Smallcap 500 Index,CSI 500,5944.42,6044.97,5942.91,6044.97,31.36,0.52,17385564300.0,2452.05,500.0,22.82,2025-03-11,22.82,2452.05
20250312,000905,中证小盘500指数,中证500,CSI Smallcap 500 Index,CSI 500,6068.38,6098.24,6038.82,6040.5,-4.48,-0.07,18476353700.0,2679.06,500.0,22.8,2025-03-12,22.8,2679.06
20250313,000905,中证小盘500指数,中证500,CSI Smallcap 500 Index,CSI 500,6032.85,6050.18,5947.78,5993.97,-46.53,-0.77,19371071700.0,2536.22,500.0,22.65,2025-03-13,22.65,2536.22
20250314,000905,中证小盘500指数,中证500,CSI Smallcap 500 Index,CSI 500,5993.97,6099.98,5978.53,6099.98,106.01,1.77,21924583400.0,2890.38,500.0,23.05,2025-03-14,23.05,2890.38
20250317,000905,中证小盘500指数,中证500,CSI Smallcap 500 Index,CSI 500,6119.61,6129.85,6098.51,6108.02,8.04,0.13,18431727300.0,2501.61,500.0,23.07,2025-03-17,23.07,2501.61
20250318,000905,中证小盘500指数,中证500,CSI Smallcap 500 Index,CSI 500,6126.04,6161.23,6114.21,6133.3,25.28,0.41,16602304300.0,2363.42,500.0,23.15,2025-03-18,23.15,2363.42
20250319,000905,中证小盘500指数,中证500,CSI Smallcap 500 Index,CSI 500,6117.42,6128.23,6076.56,6101.44,-31.86,-0.52,15389378000.0,2188.72,500.0,23.06,2025-03-19,23.06,2188.72
20250320,000905,中证小盘500指数,中证500,CSI Smallcap 500 Index,CSI 500,6094.84,6109.18,6055.38,6059.49,-41.95,-0.69,14718786500.0,2038.5,500.0,22.88,2025-03-20,22.88,2038.5
20250321,000905,中证小盘500指数,中证500,CSI Smallcap 500 Index,CSI 500,6038.99,6071.08,5951.8,5971.93,-87.56,-1.44,17410378500.0,2258.01,500.0,22.61,2025-03-21,22.61,2258.01
20250324,000905,中证小盘500指数,中证500,CSI Smallcap 500 Index,CSI 500,5973.05,5987.06,5882.88,5969.08,-2.85,-0.05,16919243500.0,2200.94,500.0,22.64,2025-03-24,22.64,2200.94
20250325,000905,中证小盘500指数,中证500,CSI Smallcap 500 Index,CSI 500,5969.42,5993.93,5929.67,5946.95,-22.13,-0.37,14748394800.0,1922.27,500.0,22.6,2025-03-25,22.6,1922.27
20250326,000905,中证小盘500指数,中证500,CSI Smallcap 500 Index,CSI 500,5935.85,5983.47,5935.85,5948.5,1.55,0.03,13670211100.0,1716.96,500.0,22.59,2025-03-26,22.59,1716.96
20250327,000905,中证小盘500指数,中证500,CSI Smallcap 500 Index,CSI 500,5932.52,6000.66,5891.77,5957.6,9.1,0.15,13470890400.0,1765.9,500.0,22.62,2025-03-27,22.62,1765.9
20250328,000905,中证小盘500指数,中证500,CSI Smallcap 500 Index,CSI 500,5954.73,5973.8,5904.92,5916.03,-41.57,-0.7,13426192700.0,1688.99,500.0,22.47,2025-03-28,22.47,1688.99
20250331,000905,中证小盘500指数,中证500,CSI Smallcap 500 Index,CSI 500,5886.96,5908.3,5802.42,5857.77,-58.26,-0.98,15425609000.0,1895.63,500.0,22.24,2025-03-31,22.24,1895.63
20250401,000905,中证小盘500指数,中证500,CSI Smallcap 500 Index,CSI 500,5870.94,5931.5,5867.85,5892.85,35.08,0.6,13644860200.0,1793.28,500.0,22.4,2025-04-01,22.4,1793.28
20250402,000905,中证小盘500指数,中证500,CSI Smallcap 500 Index,CSI 500,5884.89,5936.65,5884.11,5899.09,6.24,0.11,11215996000.0,1406.42,500.0,22.44,2025-04-02,22.44,1406.42
20250403,000905,中证小盘500指数,中证500,CSI Smallcap 500 Index,CSI 500,5842.62,5906.71,5817.97,5845.5,-53.58,-0.91,13493862500.0,1736.62,500.0,22.23,2025-04-03,22.23,1736.62
20250407,000905,中证小盘500指数,中证500,CSI Smallcap 500 Index,CSI 500,5523.96,5587.85,5212.68,5287.03,-558.47,-9.55,23652265600.0,2673.97,500.0,20.13,2025-04-07,20.13,2673.97
20250408,000905,中证小盘500指数,中证500,CSI Smallcap 500 Index,CSI 500,5279.76,5371.18,5249.23,5326.91,39.88,0.75,22384066500.0,2618.75,500.0,20.31,2025-04-08,20.31,2618.75
20250409,000905,中证小盘500指数,中证500,CSI Smallcap 500 Index,CSI 500,5249.68,5465.14,5135.97,5439.77,112.86,2.12,24511802700.0,2882.57,500.0,20.7,2025-04-09,20.7,2882.57
20250410,000905,中证小盘500指数,中证500,CSI Smallcap 500 Index,CSI 500,5534.56,5610.19,5513.95,5544.06,104.29,1.92,21196303500.0,2686.66,500.0,21.1,2025-04-10,21.1,2686.66
20250411,000905,中证小盘500指数,中证500,CSI Smallcap 500 Index,CSI 500,5514.19,5631.6,5510.89,5581.32,37.25,0.67,16441166300.0,2276.6,500.0,21.2,2025-04-11,21.2,2276.6
20250414,000905,中证小盘500指数,中证500,CSI Smallcap 500 Index,CSI 500,5633.78,5661.8,5608.73,5627.14,45.82,0.82,15548707700.0,2074.7,500.0,21.35,2025-04-14,21.35,2074.7
20250415,000905,中证小盘500指数,中证500,CSI Smallcap 500 Index,CSI 500,5625.0,5626.68,5567.03,5602.53,-24.6,-0.44,12327370800.0,1619.01,500.0,21.28,2025-04-15,21.28,1619.01
20250416,000905,中证小盘500指数,中证500,CSI Smallcap 500 Index,CSI 500,5589.78,5592.67,5492.65,5556.86,-45.67,-0.82,13253722400.0,1637.51,500.0,21.1,2025-04-16,21.1,1637.51
20250417,000905,中证小盘500指数,中证500,CSI Smallcap 500 Index,CSI 500,5527.59,5604.62,5526.89,5557.01,0.15,0.0,11365238200.0,1482.83,500.0,21.09,2025-04-17,21.09,1482.83
20250418,000905,中证小盘500指数,中证500,CSI Smallcap 500 Index,CSI 500,5546.97,5579.48,5525.4,5560.72,3.71,0.07,11164425800.0,1398.04,500.0,21.11,2025-04-18,21.11,1398.04
20250421,000905,中证小盘500指数,中证500,CSI Smallcap 500 Index,CSI 500,5556.51,5646.22,5535.7,5642.38,81.66,1.47,12311188300.0,1602.65,500.0,21.4,2025-04-21,21.4,1602.65
20250422,000905,中证小盘500指数,中证500,CSI Smallcap 500 Index,CSI 500,5634.89,5651.55,5617.88,5624.21,-18.17,-0.32,12466668900.0,1644.64,500.0,21.35,2025-04-22,21.35,1644.64
20250423,000905,中证小盘500指数,中证500,CSI Smallcap 500 Index,CSI 500,5647.91,5670.26,5614.77,5634.95,10.74,0.19,12700776400.0,1779.91,500.0,21.39,2025-04-23,21.39,1779.91
20250424,000905,中证小盘500指数,中证500,CSI Smallcap 500 Index,CSI 500,5633.02,5651.53,5583.43,5605.88,-29.07,-0.52,12269669600.0,1578.99,500.0,21.32,2025-04-24,21.32,1578.99
20250425,000905,中证小盘500指数,中证500,CSI Smallcap 500 Index,CSI 500,5613.14,5661.59,5596.53,5627.18,21.3,0.38,14000080000.0,1719.34,500.0,21.4,2025-04-25,21.4,1719.34
20250428,000905,中证小盘500指数,中证500,CSI Smallcap 500 Index,CSI 500,5624.42,5628.08,5587.79,5598.3,-28.89,-0.51,13621809400.0,1676.16,500.0,21.26,2025-04-28,21.26,1676.16
20250429,000905,中证小盘500指数,中证500,CSI Smallcap 500 Index,CSI 500,5583.72,5622.02,5571.24,5604.91,6.61,0.12,12674292700.0,1580.33,500.0,21.27,2025-04-29,21.27,1580.33
20250430,000905,中证小盘500指数,中证500,CSI Smallcap 500 Index,CSI 500,5604.65,5647.78,5603.17,5631.82,26.92,0.48,13838662100.0,1816.17,500.0,21.33,2025-04-30,21.33,1816.17
20250506,000905,中证小盘500指数,中证500,CSI Smallcap 500 Index,CSI 500,5668.88,5740.33,5666.47,5740.33,108.51,1.93,16277360600.0,2170.6,500.0,21.15,2025-05-06,21.15,2170.6
20250507,000905,中证小盘500指数,中证500,CSI Smallcap 500 Index,CSI 500,5805.66,5819.24,5713.27,5750.29,9.96,0.17,17101175700.0,2275.66,500.0,21.2,2025-05-07,21.2,2275.66
20250508,000905,中证小盘500指数,中证500,CSI Smallcap 500 Index,CSI 500,5731.72,5783.79,5724.95,5773.81,23.51,0.41,13614032200.0,1870.33,500.0,21.27,2025-05-08,21.27,1870.33
20250509,000905,中证小盘500指数,中证500,CSI Smallcap 500 Index,CSI 500,5770.44,5770.44,5705.17,5721.72,-52.08,-0.9,12393900700.0,1781.62,500.0,21.14,2025-05-09,21.14,1781.62
20250512,000905,中证小盘500指数,中证500,CSI Smallcap 500 Index,CSI 500,5751.44,5794.52,5737.46,5793.67,71.95,1.26,13582436700.0,1994.27,500.0,21.37,2025-05-12,21.37,1994.27
20250513,000905,中证小盘500指数,中证500,CSI Smallcap 500 Index,CSI 500,5838.03,5838.03,5772.07,5781.67,-12.01,-0.21,13827108100.0,1942.52,500.0,21.33,2025-05-13,21.33,1942.52
20250514,000905,中证小盘500指数,中证500,CSI Smallcap 500 Index,CSI 500,5778.08,5835.49,5750.54,5799.12,17.45,0.3,15627999400.0,1881.45,500.0,21.4,2025-05-14,21.4,1881.45
20250515,000905,中证小盘500指数,中证500,CSI Smallcap 500 Index,CSI 500,5786.78,5786.78,5715.29,5715.3,-83.82,-1.45,13516076800.0,1651.37,500.0,21.15,2025-05-15,21.15,1651.37
20250516,000905,中证小盘500指数,中证500,CSI Smallcap 500 Index,CSI 500,5703.74,5735.01,5703.74,5715.85,0.55,0.01,11670913600.0,1418.82,500.0,21.13,2025-05-16,21.13,1418.82
20250519,000905,中证小盘500指数,中证500,CSI Smallcap 500 Index,CSI 500,5719.44,5729.07,5669.72,5720.79,4.95,0.09,11538493900.0,1410.99,500.0,21.17,2025-05-19,21.17,1410.99
20250520,000905,中证小盘500指数,中证500,CSI Smallcap 500 Index,CSI 500,5723.51,5759.46,5707.81,5747.37,26.57,0.46,11689661500.0,1517.51,500.0,21.26,2025-05-20,21.26,1517.51
20250521,000905,中证小盘500指数,中证500,CSI Smallcap 500 Index,CSI 500,5741.69,5763.08,5733.83,5757.92,10.56,0.18,11580454200.0,1551.47,500.0,21.29,2025-05-21,21.29,1551.47
20250522,000905,中证小盘500指数,中证500,CSI Smallcap 500 Index,CSI 500,5739.19,5757.79,5701.16,5703.28,-54.64,-0.95,10905772000.0,1416.21,500.0,21.08,2025-05-22,21.08,1416.21
20250523,000905,中证小盘500指数,中证500,CSI Smallcap 500 Index,CSI 500,5697.14,5738.08,5653.04,5653.04,-50.24,-0.88,11436119800.0,1481.24,500.0,20.91,2025-05-23,20.91,1481.24
20250526,000905,中证小盘500指数,中证500,CSI Smallcap 500 Index,CSI 500,5653.21,5693.63,5644.58,5669.46,16.42,0.29,9717098900.0,1273.44,500.0,20.96,2025-05-26,20.96,1273.44
20250527,000905,中证小盘500指数,中证500,CSI Smallcap 500 Index,CSI 500,5666.3,5667.87,5629.13,5652.15,-17.32,-0.31,9514936300.0,1252.76,500.0,20.9,2025-05-27,20.9,1252.76
20250528,000905,中证小盘500指数,中证500,CSI Smallcap 500 Index,CSI 500,5651.88,5660.47,5628.42,5637.24,-14.91,-0.26,9490888300.0,1199.6,500.0,20.89,2025-05-28,20.89,1199.6
20250529,000905,中证小盘500指数,中证500,CSI Smallcap 500 Index,CSI 500,5637.06,5724.52,5637.06,5719.91,82.67,1.47,11468248400.0,1480.95,500.0,21.15,2025-05-29,21.15,1480.95
20250530,000905,中证小盘500指数,中证500,CSI Smallcap 500 Index,CSI 500,5704.77,5704.77,5665.52,5671.07,-48.84,-0.85,10990070700.0,1376.71,500.0,20.99,2025-05-30,20.99,1376.71
20250603,000905,中证小盘500指数,中证500,CSI Smallcap 500 Index,CSI 500,5653.67,5710.42,5653.3,5694.84,23.77,0.42,12285390300.0,1599.97,500.0,21.08,2025-06-03,21.08,1599.97
20250604,000905,中证小盘500指数,中证500,CSI Smallcap 500 Index,CSI 500,5696.57,5744.45,5696.57,5739.01,44.17,0.78,11619607700.0,1503.15,500.0,21.22,2025-06-04,21.22,1503.15
20250605,000905,中证小盘500指数,中证500,CSI Smallcap 500 Index,CSI 500,5741.03,5778.1,5719.55,5769.97,30.96,0.54,12522358400.0,1749.7,500.0,21.28,2025-06-05,21.28,1749.7
20250606,000905,中证小盘500指数,中证500,CSI Smallcap 500 Index,CSI 500,5768.4,5771.76,5750.66,5762.08,-7.89,-0.14,10821766000.0,1480.22,500.0,21.23,2025-06-06,21.23,1480.22
20250609,000905,中证小盘500指数,中证500,CSI Smallcap 500 Index,CSI 500,5772.78,5823.9,5765.35,5805.65,43.58,0.76,12818861900.0,1714.82,500.0,21.36,2025-06-09,21.36,1714.82
20250610,000905,中证小盘500指数,中证500,CSI Smallcap 500 Index,CSI 500,5809.83,5810.92,5715.97,5757.99,-47.66,-0.82,13826918100.0,1829.8,500.0,21.22,2025-06-10,21.22,1829.8
20250611,000905,中证小盘500指数,中证500,CSI Smallcap 500 Index,CSI 500,5758.53,5818.57,5758.53,5792.95,34.95,0.61,12371670700.0,1613.54,500.0,21.34,2025-06-11,21.34,1613.54
20250612,000905,中证小盘500指数,中证500,CSI Smallcap 500 Index,CSI 500,5780.97,5808.8,5766.52,5799.93,6.99,0.12,12561584600.0,1653.94,500.0,21.36,2025-06-12,21.36,1653.94
20250613,000905,中证小盘500指数,中证500,CSI Smallcap 500 Index,CSI 500,5783.16,5794.67,5728.21,5740.24,-59.69,-1.03,16761337400.0,2160.1,500.0,21.13,2025-06-13,21.13,2160.1
20250616,000905,中证小盘500指数,中证500,CSI Smallcap 500 Index,CSI 500,5725.0,5775.95,5725.0,5767.81,27.57,0.48,12824265800.0,1709.89,500.0,21.73,2025-06-16,21.73,1709.89
20250617,000905,中证小盘500指数,中证500,CSI Smallcap 500 Index,CSI 500,5772.3,5776.63,5734.83,5750.91,-16.9,-0.29,12152662400.0,1601.22,500.0,21.66,2025-06-17,21.66,1601.22
20250618,000905,中证小盘500指数,中证500,CSI Smallcap 500 Index,CSI 500,5740.16,5753.71,5709.8,5745.87,-5.04,-0.09,11270384400.0,1545.4,500.0,21.63,2025-06-18,21.63,1545.4
20250619,000905,中证小盘500指数,中证500,CSI Smallcap 500 Index,CSI 500,5733.81,5750.46,5660.05,5676.83,-69.04,-1.2,12553113400.0,1626.58,500.0,21.32,2025-06-19,21.32,1626.58
20250620,000905,中证小盘500指数,中证500,CSI Smallcap 500 Index,CSI 500,5669.09,5688.74,5636.78,5639.51,-37.32,-0.66,10179476600.0,1350.43,500.0,21.19,2025-06-20,21.19,1350.43
20250623,000905,中证小盘500指数,中证500,CSI Smallcap 500 Index,CSI 500,5613.28,5684.4,5613.28,5674.17,34.66,0.61,11160180200.0,1460.35,500.0,21.29,2025-06-23,21.29,1460.35
20250624,000905,中证小盘500指数,中证500,CSI Smallcap 500 Index,CSI 500,5683.46,5766.02,5683.46,5765.84,91.67,1.62,14208225600.0,1919.35,500.0,21.62,2025-06-24,21.62,1919.35
20250625,000905,中证小盘500指数,中证500,CSI Smallcap 500 Index,CSI 500,5777.74,5866.52,5776.12,5862.55,96.72,1.68,18463231000.0,2392.6,500.0,21.97,2025-06-25,21.97,2392.6
20250626,000905,中证小盘500指数,中证500,CSI Smallcap 500 Index,CSI 500,5868.29,5885.25,5835.34,5838.25,-24.31,-0.41,18016416300.0,2352.24,500.0,21.89,2025-06-26,21.89,2352.24
20250627,000905,中证小盘500指数,中证500,CSI Smallcap 500 Index,CSI 500,5850.43,5905.7,5839.58,5863.73,25.48,0.44,19938972500.0,2433.03,500.0,21.98,2025-06-27,21.98,2433.03
20250630,000905,中证小盘500指数,中证500,CSI Smallcap 500 Index,CSI 500,5877.67,5918.31,5872.23,5915.39,51.66,0.88,16627514700.0,2265.17,500.0,22.15,2025-06-30,22.15,2265.17
20250701,000905,中证小盘500指数,中证500,CSI Smallcap 500 Index,CSI 500,5915.8,5936.92,5890.11,5934.67,19.28,0.33,15419236500.0,2135.96,500.0,22.23,2025-07-01,22.23,2135.96
20250702,000905,中证小盘500指数,中证500,CSI Smallcap 500 Index,CSI 500,5922.54,5922.54,5873.89,5892.95,-41.72,-0.7,16250048500.0,1949.81,500.0,22.11,2025-07-02,22.11,1949.81
20250703,000905,中证小盘500指数,中证500,CSI Smallcap 500 Index,CSI 500,5896.24,5929.73,5885.94,5922.66,29.71,0.5,13007004600.0,1746.89,500.0,22.18,2025-07-03,22.18,1746.89
20250704,000905,中证小盘500指数,中证500,CSI Smallcap 500 Index,CSI 500,5917.75,5969.3,5889.73,5911.44,-11.22,-0.19,16494106000.0,2113.73,500.0,22.16,2025-07-04,22.16,2113.73
20250707,000905,中证小盘500指数,中证500,CSI Smallcap 500 Index,CSI 500,5901.4,5910.8,5889.6,5900.41,-11.03,-0.19,13720736200.0,1657.59,500.0,22.16,2025-07-07,22.16,1657.59
20250708,000905,中证小盘500指数,中证500,CSI Smallcap 500 Index,CSI 500,5903.1,5979.63,5903.1,5977.74,77.34,1.31,16868114200.0,2169.66,500.0,22.43,2025-07-08,22.43,2169.66
20250709,000905,中证小盘500指数,中证500,CSI Smallcap 500 Index,CSI 500,5980.65,5992.13,5940.18,5953.49,-24.26,-0.41,16491440200.0,2078.64,500.0,22.35,2025-07-09,22.35,2078.64
20250710,000905,中证小盘500指数,中证500,CSI Smallcap 500 Index,CSI 500,5950.97,6000.69,5942.29,5983.05,29.56,0.5,17624260700.0,2076.37,500.0,22.48,2025-07-10,22.48,2076.37
20250711,000905,中证小盘500指数,中证500,CSI Smallcap 500 Index,CSI 500,5985.82,6057.62,5963.26,6027.08,44.03,0.74,22236309800.0,2634.85,500.0,22.62,2025-07-11,22.62,2634.85
20250714,000905,中证小盘500指数,中证500,CSI Smallcap 500 Index,CSI 500,6033.18,6042.89,6011.69,6020.86,-6.22,-0.1,18927744400.0,2262.91,500.0,22.61,2025-07-14,22.61,2262.91
20250715,000905,中证小盘500指数,中证500,CSI Smallcap 500 Index,CSI 500,6018.63,6049.79,5973.8,6018.76,-2.1,-0.03,18973623400.0,2460.77,500.0,22.56,2025-07-15,22.56,2460.77
20250716,000905,中证小盘500指数,中证500,CSI Smallcap 500 Index,CSI 500,6019.58,6061.2,5997.16,6017.19,-1.56,-0.03,14861006200.0,2130.65,500.0,22.55,2025-07-16,22.55,2130.65
20250717,000905,中证小盘500指数,中证500,CSI Smallcap 500 Index,CSI 500,6013.71,6082.46,6013.04,6082.46,65.27,1.08,14969265800.0,2350.43,500.0,22.78,2025-07-17,22.78,2350.43
20250718,000905,中证小盘500指数,中证500,CSI Smallcap 500 Index,CSI 500,6092.23,6112.11,6073.64,6099.61,17.15,0.28,15315220400.0,2364.83,500.0,22.86,2025-07-18,22.86,2364.83
20250721,000905,中证小盘500指数,中证500,CSI Smallcap 500 Index,CSI 500,6115.03,6162.44,6110.99,6161.31,61.7,1.01,20735050700.0,2720.08,500.0,23.12,2025-07-21,23.12,2720.08
20250722,000905,中证小盘500指数,中证500,CSI Smallcap 500 Index,CSI 500,6166.62,6215.41,6152.81,6213.41,52.1,0.85,24621164200.0,3136.62,500.0,23.37,2025-07-22,23.37,3136.62
20250723,000905,中证小盘500指数,中证500,CSI Smallcap 500 Index,CSI 500,6218.21,6256.15,6187.01,6196.76,-16.65,-0.27,25837789600.0,3110.6,500.0,23.3,2025-07-23,23.3,3110.6
20250724,000905,中证小盘500指数,中证500,CSI Smallcap 500 Index,CSI 500,6197.85,6293.6,6197.85,6293.6,96.84,1.56,26835556400.0,3201.88,500.0,23.64,2025-07-24,23.64,3201.88
20250725,000905,中证小盘500指数,中证500,CSI Smallcap 500 Index,CSI 500,6297.63,6311.17,6276.42,6299.59,5.99,0.1,23705532800.0,3043.68,500.0,23.6,2025-07-25,23.6,3043.68
20250728,000905,中证小盘500指数,中证500,CSI Smallcap 500 Index,CSI 500,6305.22,6329.03,6271.93,6323.42,23.83,0.38,21444826700.0,3052.1,500.0,23.65,2025-07-28,23.65,3052.1
20250729,000905,中证小盘500指数,中证500,CSI Smallcap 500 Index,CSI 500,6308.12,6356.15,6272.31,6356.13,32.71,0.52,20175762900.0,2925.27,500.0,23.75,2025-07-29,23.75,2925.27
20250730,000905,中证小盘500指数,中证500,CSI Smallcap 500 Index,CSI 500,6345.37,6368.27,6269.51,6314.69,-41.45,-0.65,21212841100.0,3047.78,500.0,23.61,2025-07-30,23.61,3047.78
20250731,000905,中证小盘500指数,中证500,CSI Smallcap 500 Index,CSI 500,6297.91,6322.07,6206.19,6226.34,-88.34,-1.4,22421423700.0,3222.74,500.0,23.25,2025-07-31,23.25,3222.74
20250801,000905,中证小盘500指数,中证500,CSI Smallcap 500 Index,CSI 500,6221.05,6253.66,6177.48,6213.2,-13.14,-0.21,16590719100.0,2544.8,500.0,23.21,2025-08-01,23.21,2544.8
20250804,000905,中证小盘500指数,中证500,CSI Smallcap 500 Index,CSI 500,6190.34,6261.96,6187.62,6261.73,48.53,0.78,14859148000.0,2366.49,500.0,23.37,2025-08-04,23.37,2366.49
20250805,000905,中证小盘500指数,中证500,CSI Smallcap 500 Index,CSI 500,6277.01,6303.24,6272.51,6303.24,41.5,0.66,15420666500.0,2356.55,500.0,23.53,2025-08-05,23.53,2356.55
20250806,000905,中证小盘500指数,中证500,CSI Smallcap 500 Index,CSI 500,6298.93,6357.59,6293.22,6357.38,54.14,0.86,16602763800.0,2637.71,500.0,23.71,2025-08-06,23.71,2637.71
20250807,000905,中证小盘500指数,中证500,CSI Smallcap 500 Index,CSI 500,6356.33,6366.21,6299.49,6337.54,-19.83,-0.31,17044640000.0,2749.01,500.0,23.64,2025-08-07,23.64,2749.01
20250808,000905,中证小盘500指数,中证500,CSI Smallcap 500 Index,CSI 500,6324.17,6351.33,6308.15,6323.5,-14.04,-0.22,17250752600.0,2591.75,500.0,23.63,2025-08-08,23.63,2591.75
20250811,000905,中证小盘500指数,中证500,CSI Smallcap 500 Index,CSI 500,6335.43,6404.83,6335.43,6391.76,68.26,1.08,17490919900.0,2770.34,500.0,23.86,2025-08-11,23.86,2770.34
20250812,000905,中证小盘500指数,中证500,CSI Smallcap 500 Index,CSI 500,6392.4,6418.16,6360.11,6418.16,26.4,0.41,16835191800.0,2904.95,500.0,23.95,2025-08-12,23.95,2904.95
20250813,000905,中证小盘500指数,中证500,CSI Smallcap 500 Index,CSI 500,6422.79,6514.46,6422.21,6508.1,89.94,1.4,21602242300.0,3535.07,500.0,24.26,2025-08-13,24.26,3535.07
20250814,000905,中证小盘500指数,中证500,CSI Smallcap 500 Index,CSI 500,6509.21,6519.79,6411.92,6429.85,-78.25,-1.2,22895316800.0,3679.6,500.0,23.97,2025-08-14,23.97,3679.6
20250815,000905,中证小盘500指数,中证500,CSI Smallcap 500 Index,CSI 500,6417.39,6570.5,6417.39,6568.57,138.72,2.16,24521724000.0,3813.79,500.0,24.49,2025-08-15,24.49,3813.79
20250818,000905,中证小盘500指数,中证500,CSI Smallcap 500 Index,CSI 500,6612.99,6709.78,6580.44,6668.17,99.6,1.52,30244822900.0,4914.91,500.0,24.85,2025-08-18,24.85,4914.91
20250819,000905,中证小盘500指数,中证500,CSI Smallcap 500 Index,CSI 500,6663.16,6707.11,6631.12,6655.31,-12.86,-0.19,25283927600.0,4446.29,500.0,24.79,2025-08-19,24.79,4446.29
20250820,000905,中证小盘500指数,中证500,CSI Smallcap 500 Index,CSI 500,6623.61,6728.07,6598.55,6728.07,72.76,1.09,24423390700.0,4096.71,500.0,24.97,2025-08-20,24.97,4096.71
20250821,000905,中证小盘500指数,中证500,CSI Smallcap 500 Index,CSI 500,6739.69,6767.32,6673.06,6704.17,-23.9,-0.36,24254016400.0,4041.23,500.0,24.9,2025-08-21,24.9,4041.23
20250822,000905,中证小盘500指数,中证500,CSI Smallcap 500 Index,CSI 500,6704.03,6823.36,6704.03,6822.85,118.68,1.77,25678382000.0,4466.81,500.0,25.27,2025-08-22,25.27,4466.81
20250825,000905,中证小盘500指数,中证500,CSI Smallcap 500 Index,CSI 500,6886.27,6967.8,6863.93,6951.9,129.05,1.89,33382894500.0,5749.23,500.0,25.74,2025-08-25,25.74,5749.23
20250826,000905,中证小盘500指数,中证500,CSI Smallcap 500 Index,CSI 500,6928.29,7008.96,6910.41,6964.07,12.17,0.18,28153238200.0,4908.12,500.0,25.78,2025-08-26,25.78,4908.12
20250827,000905,中证小盘500指数,中证500,CSI Smallcap 500 Index,CSI 500,6964.77,7074.63,6862.56,6862.56,-101.5,-1.46,32806018300.0,5838.64,500.0,25.39,2025-08-27,25.39,5838.64
20250828,000905,中证小盘500指数,中证500,CSI Smallcap 500 Index,CSI 500,6858.5,7011.16,6798.93,7011.16,148.6,2.17,30806178600.0,5636.52,500.0,25.88,2025-08-28,25.88,5636.52
20250829,000905,中证小盘500指数,中证500,CSI Smallcap 500 Index,CSI 500,7030.27,7078.92,6990.75,7043.94,32.78,0.47,28091581400.0,5230.41,500.0,25.98,2025-08-29,25.98,5230.41
20250901,000905,中证小盘500指数,中证500,CSI Smallcap 500 Index,CSI 500,7087.73,7110.69,7038.34,7110.29,66.35,0.94,28590831100.0,5361.61,500.0,26.06,2025-09-01,26.06,5361.61
20250902,000905,中证小盘500指数,中证500,CSI Smallcap 500 Index,CSI 500,7108.94,7108.94,6909.72,6961.69,-148.6,-2.09,29403653900.0,5414.94,500.0,25.58,2025-09-02,25.58,5414.94
20250903,000905,中证小盘500指数,中证500,CSI Smallcap 500 Index,CSI 500,6988.02,7003.27,6846.18,6868.46,-93.23,-1.34,25908326600.0,4495.8,500.0,25.24,2025-09-03,25.24,4495.8
20250904,000905,中证小盘500指数,中证500,CSI Smallcap 500 Index,CSI 500,6884.36,6906.69,6607.98,6698.45,-170.01,-2.48,27034189400.0,4719.91,500.0,24.7,2025-09-04,24.7,4719.91
20250905,000905,中证小盘500指数,中证500,CSI Smallcap 500 Index,CSI 500,6709.15,6919.34,6678.6,6913.95,215.51,3.22,24085745700.0,4319.59,500.0,25.45,2025-09-05,25.45,4319.59
20250908,000905,中证小盘500指数,中证500,CSI Smallcap 500 Index,CSI 500,6927.41,6995.72,6896.66,6992.12,78.16,1.13,24417430400.0,4553.61,500.0,25.72,2025-09-08,25.72,4553.61
20250909,000905,中证小盘500指数,中证500,CSI Smallcap 500 Index,CSI 500,6959.94,6999.73,6895.51,6928.97,-63.15,-0.9,22584355700.0,3947.62,500.0,25.51,2025-09-09,25.51,3947.62
20250910,000905,中证小盘500指数,中证500,CSI Smallcap 500 Index,CSI 500,6911.11,6977.77,6870.4,6932.11,3.14,0.05,18992286700.0,3596.67,500.0,25.5,2025-09-10,25.5,3596.67
20250911,000905,中证小盘500指数,中证500,CSI Smallcap 500 Index,CSI 500,6924.3,7123.05,6889.59,7122.71,190.6,2.75,24395106100.0,4694.98,500.0,26.18,2025-09-11,26.18,4694.98
20250912,000905,中证小盘500指数,中证500,CSI Smallcap 500 Index,CSI 500,7115.61,7200.16,7112.42,7147.75,25.04,0.35,26656750800.0,4993.6,500.0,26.18,2025-09-12,26.18,4993.6
20250915,000905,中证小盘500指数,中证500,CSI Smallcap 500 Index,CSI 500,7170.41,7174.89,7126.83,7137.36,-10.39,-0.15,23826572400.0,4418.29,500.0,26.11,2025-09-15,26.11,4418.29
20250916,000905,中证小盘500指数,中证500,CSI Smallcap 500 Index,CSI 500,7152.19,7195.42,7080.43,7190.99,53.63,0.75,24234918300.0,4352.1,500.0,26.29,2025-09-16,26.29,4352.1
20250917,000905,中证小盘500指数,中证500,CSI Smallcap 500 Index,CSI 500,7184.26,7265.39,7159.67,7260.04,69.04,0.96,25826444900.0,4455.49,500.0,26.58,2025-09-17,26.58,4455.49
20250918,000905,中证小盘500指数,中证500,CSI Smallcap 500 Index,CSI 500,7248.28,7350.98,7115.63,7199.88,-60.15,-0.83,34858954100.0,6042.39,500.0,26.34,2025-09-18,26.34,6042.39
20250919,000905,中证小盘500指数,中证500,CSI Smallcap 500 Index,CSI 500,7200.69,7232.0,7142.06,7170.35,-29.53,-0.41,27150719300.0,4506.54,500.0,26.25,2025-09-19,26.25,4506.54
20250922,000905,中证小盘500指数,中证500,CSI Smallcap 500 Index,CSI 500,7182.89,7225.86,7143.08,7225.13,54.78,0.76,23185806900.0,4219.16,500.0,26.37,2025-09-22,26.37,4219.16
20250923,000905,中证小盘500指数,中证500,CSI Smallcap 500 Index,CSI 500,7240.85,7250.82,7045.56,7180.71,-44.41,-0.61,28128363400.0,4950.69,500.0,26.24,2025-09-23,26.24,4950.69
20250924,000905,中证小盘500指数,中证500,CSI Smallcap 500 Index,CSI 500,7140.31,7327.02,7133.43,7323.71,143.0,1.99,24006493800.0,4772.62,500.0,26.75,2025-09-24,26.75,4772.62
20250925,000905,中证小盘500指数,中证500,CSI Smallcap 500 Index,CSI 500,7325.66,7379.61,7312.35,7341.32,17.61,0.24,23617503000.0,4930.47,500.0,26.79,2025-09-25,26.79,4930.47
20250926,000905,中证小盘500指数,中证500,CSI Smallcap 500 Index,CSI 500,7311.84,7351.79,7237.05,7240.91,-100.41,-1.37,21144414800.0,4301.98,500.0,26.5,2025-09-26,26.5,4301.98
20250929,000905,中证小盘500指数,中证500,CSI Smallcap 500 Index,CSI 500,7251.52,7377.22,7216.74,7350.56,109.65,1.51,23353941800.0,4338.64,500.0,26.89,2025-09-29,26.89,4338.64
20250930,000905,中证小盘500指数,中证500,CSI Smallcap 500 Index,CSI 500,7372.52,7428.03,7372.06,7412.37,61.81,0.84,22070750200.0,4449.56,500.0,27.09,2025-09-30,27.09,4449.56
20251009,000905,中证小盘500指数,中证500,CSI Smallcap 500 Index,CSI 500,7470.05,7559.09,7437.32,7548.92,136.55,1.84,28313078400.0,5357.57,500.0,27.54,2025-10-09,27.54,5357.57
20251010,000905,中证小盘500指数,中证500,CSI Smallcap 500 Index,CSI 500,7499.39,7509.12,7373.98,7398.22,-150.7,-2.0,26225664600.0,5021.27,500.0,27.13,2025-10-10,27.13,5021.27
20251013,000905,中证小盘500指数,中证500,CSI Smallcap 500 Index,CSI 500,7135.1,7391.82,7135.1,7376.56,-21.66,-0.29,25802781700.0,4732.86,500.0,26.97,2025-10-13,26.97,4732.86
20251014,000905,中证小盘500指数,中证500,CSI Smallcap 500 Index,CSI 500,7434.11,7459.02,7166.08,7194.85,-181.71,-2.46,27735887300.0,5058.39,500.0,26.39,2025-10-14,26.39,5058.39
20251015,000905,中证小盘500指数,中证500,CSI Smallcap 500 Index,CSI 500,7205.74,7294.0,7153.42,7294.0,99.15,1.38,21755977700.0,3974.59,500.0,26.73,2025-10-15,26.73,3974.59
20251016,000905,中证小盘500指数,中证500,CSI Smallcap 500 Index,CSI 500,7269.26,7305.95,7206.44,7231.53,-62.47,-0.86,19493637000.0,3598.38,500.0,26.49,2025-10-16,26.49,3598.38
20251017,000905,中证小盘500指数,中证500,CSI Smallcap 500 Index,CSI 500,7226.42,7254.58,7009.89,7016.07,-215.47,-2.98,20004411300.0,3481.14,500.0,25.75,2025-10-17,25.75,3481.14
20251020,000905,中证小盘500指数,中证500,CSI Smallcap 500 Index,CSI 500,7092.88,7129.99,7033.38,7069.64,53.58,0.76,17683419200.0,3146.75,500.0,25.94,2025-10-20,25.94,3146.75
20251021,000905,中证小盘500指数,中证500,CSI Smallcap 500 Index,CSI 500,7095.62,7193.73,7082.3,7185.62,115.98,1.64,20597382900.0,3449.91,500.0,26.37,2025-10-21,26.37,3449.91
20251022,000905,中证小盘500指数,中证500,CSI Smallcap 500 Index,CSI 500,7135.21,7166.56,7101.83,7128.48,-57.15,-0.8,16974325400.0,2862.0,500.0,26.16,2025-10-22,26.16,2862.0
20251023,000905,中证小盘500指数,中证500,CSI Smallcap 500 Index,CSI 500,7108.85,7153.66,7022.29,7142.95,14.48,0.2,18893373200.0,2863.04,500.0,26.22,2025-10-23,26.22,2863.04
20251024,000905,中证小盘500指数,中证500,CSI Smallcap 500 Index,CSI 500,7175.92,7258.53,7174.35,7258.53,115.58,1.62,19532393300.0,3660.62,500.0,26.59,2025-10-24,26.59,3660.62
20251027,000905,中证小盘500指数,中证500,CSI Smallcap 500 Index,CSI 500,7336.2,7391.21,7302.02,7379.39,120.86,1.67,23205182100.0,4717.62,500.0,27.0,2025-10-27,27.0,4717.62
20251028,000905,中证小盘500指数,中证500,CSI Smallcap 500 Index,CSI 500,7344.45,7404.76,7308.27,7341.03,-38.36,-0.52,20211846300.0,4220.69,500.0,26.89,2025-10-28,26.89,4220.69
20251029,000905,中证小盘500指数,中证500,CSI Smallcap 500 Index,CSI 500,7350.76,7480.97,7350.76,7480.97,139.94,1.91,22384413300.0,4431.41,500.0,27.39,2025-10-29,27.39,4431.41
20251030,000905,中证小盘500指数,中证500,CSI Smallcap 500 Index,CSI 500,7462.43,7463.65,7375.24,7385.71,-95.26,-1.27,24341203600.0,4738.32,500.0,27.01,2025-10-30,27.01,4738.32
20251031,000905,中证小盘500指数,中证500,CSI Smallcap 500 Index,CSI 500,7385.74,7430.86,7331.0,7331.0,-54.71,-0.74,23204167600.0,4349.18,500.0,26.81,2025-10-31,26.81,4349.18
20251103,000905,中证小盘500指数,中证500,CSI Smallcap 500 Index,CSI 500,7327.12,7336.51,7214.83,7333.6,2.6,0.04,22168706000.0,3903.97,500.0,26.81,2025-11-03,26.81,3903.97
20251104,000905,中证小盘500指数,中证500,CSI Smallcap 500 Index,CSI 500,7315.19,7323.7,7167.35,7210.83,-122.78,-1.67,19332584200.0,3263.92,500.0,26.41,2025-11-04,26.41,3263.92
20251105,000905,中证小盘500指数,中证500,CSI Smallcap 500 Index,CSI 500,7098.96,7257.84,7098.96,7229.34,18.52,0.26,19558024300.0,3118.45,500.0,26.52,2025-11-05,26.52,3118.45
20251106,000905,中证小盘500指数,中证500,CSI Smallcap 500 Index,CSI 500,7243.2,7352.18,7243.2,7345.72,116.38,1.61,20172296700.0,3528.1,500.0,26.94,2025-11-06,26.94,3528.1
20251107,000905,中证小盘500指数,中证500,CSI Smallcap 500 Index,CSI 500,7307.3,7371.44,7285.82,7327.91,-17.81,-0.24,19292057800.0,3363.99,500.0,26.89,2025-11-07,26.89,3363.99
20251110,000905,中证小盘500指数,中证500,CSI Smallcap 500 Index,CSI 500,7357.34,7384.79,7289.77,7343.8,15.89,0.22,20450133000.0,3713.11,500.0,26.96,2025-11-10,26.96,3713.11
20251111,000905,中证小盘500指数,中证500,CSI Smallcap 500 Index,CSI 500,7364.93,7379.81,7281.97,7291.61,-52.19,-0.71,19166031300.0,3385.98,500.0,26.77,2025-11-11,26.77,3385.98
20251112,000905,中证小盘500指数,中证500,CSI Smallcap 500 Index,CSI 500,7264.79,7305.86,7187.87,7243.25,-48.36,-0.66,18550701000.0,3138.4,500.0,26.62,2025-11-12,26.62,3138.4
20251113,000905,中证小盘500指数,中证500,CSI Smallcap 500 Index,CSI 500,7243.64,7366.41,7243.64,7355.29,112.04,1.55,19989023000.0,3395.96,500.0,26.96,2025-11-13,26.96,3395.96
20251114,000905,中证小盘500指数,中证500,CSI Smallcap 500 Index,CSI 500,7283.7,7329.6,7235.46,7235.46,-119.83,-1.63,20586491000.0,3104.85,500.0,26.57,2025-11-14,26.57,3104.85
20251117,000905,中证小盘500指数,中证500,CSI Smallcap 500 Index,CSI 500,7248.92,7262.33,7202.59,7235.35,-0.11,0.0,20305060200.0,3108.23,500.0,26.46,2025-11-17,26.46,3108.23
20251118,000905,中证小盘500指数,中证500,CSI Smallcap 500 Index,CSI 500,7215.03,7230.54,7118.41,7151.02,-84.33,-1.17,20221412100.0,3065.4,500.0,26.16,2025-11-18,26.16,3065.4
20251119,000905,中证小盘500指数,中证500,CSI Smallcap 500 Index,CSI 500,7141.26,7178.15,7086.12,7122.75,-28.27,-0.4,16278660200.0,2567.55,500.0,26.09,2025-11-19,26.09,2567.55
20251120,000905,中证小盘500指数,中证500,CSI Smallcap 500 Index,CSI 500,7174.1,7180.73,7056.9,7061.95,-60.8,-0.85,15961874600.0,2541.58,500.0,25.88,2025-11-20,25.88,2541.58
20251121,000905,中证小盘500指数,中证500,CSI Smallcap 500 Index,CSI 500,6955.75,6986.78,6817.41,6817.41,-244.54,-3.46,20893338400.0,3109.69,500.0,25.05,2025-11-21,25.05,3109.69
20251124,000905,中证小盘500指数,中证500,CSI Smallcap 500 Index,CSI 500,6856.75,6905.92,6797.5,6868.97,51.56,0.76,16636391300.0,2702.13,500.0,25.2,2025-11-24,25.2,2702.13
20251125,000905,中证小盘500指数,中证500,CSI Smallcap 500 Index,CSI 500,6915.12,7018.47,6912.32,6954.6,85.64,1.25,16271253000.0,2892.05,500.0,25.48,2025-11-25,25.48,2892.05
20251126,000905,中证小盘500指数,中证500,CSI Smallcap 500 Index,CSI 500,6946.08,7024.88,6936.88,6965.05,10.44,0.15,14894352600.0,2748.58,500.0,25.49,2025-11-26,25.49,2748.58
20251127,000905,中证小盘500指数,中证500,CSI Smallcap 500 Index,CSI 500,6970.73,7045.84,6943.44,6951.28,-13.76,-0.2,13784110300.0,2530.13,500.0,25.46,2025-11-27,25.46,2530.13
20251128,000905,中证小盘500指数,中证500,CSI Smallcap 500 Index,CSI 500,6947.24,7031.71,6941.48,7031.55,80.27,1.15,14021118400.0,2432.55,500.0,25.72,2025-11-28,25.72,2432.55
20251201,000905,中证小盘500指数,中证500,CSI Smallcap 500 Index,CSI 500,7053.85,7101.83,7040.8,7101.83,70.28,1.0,17897343200.0,3085.34,500.0,25.98,2025-12-01,25.98,3085.34
20251202,000905,中证小盘500指数,中证500,CSI Smallcap 500 Index,CSI 500,7084.8,7085.3,7022.61,7040.3,-61.53,-0.87,14951819700.0,2473.6,500.0,25.79,2025-12-02,25.79,2473.6
20251203,000905,中证小盘500指数,中证500,CSI Smallcap 500 Index,CSI 500,7044.86,7064.16,6975.09,6996.36,-43.95,-0.62,15783886700.0,2513.09,500.0,25.69,2025-12-03,25.69,2513.09
20251204,000905,中证小盘500指数,中证500,CSI Smallcap 500 Index,CSI 500,7001.64,7039.72,6958.63,7012.81,16.45,0.24,14103833800.0,2399.13,500.0,25.73,2025-12-04,25.73,2399.13
20251205,000905,中证小盘500指数,中证500,CSI Smallcap 500 Index,CSI 500,7008.65,7104.02,6965.81,7097.84,85.03,1.21,16873827400.0,2751.08,500.0,26.04,2025-12-05,26.04,2751.08
20251208,000905,中证小盘500指数,中证500,CSI Smallcap 500 Index,CSI 500,7119.05,7193.72,7114.32,7172.37,74.53,1.05,19261175000.0,3472.45,500.0,26.25,2025-12-08,26.25,3472.45
20251209,000905,中证小盘500指数,中证500,CSI Smallcap 500 Index,CSI 500,7150.97,7185.11,7103.83,7121.33,-51.04,-0.71,16690106600.0,3055.22,500.0,26.08,2025-12-09,26.08,3055.22
20251210,000905,中证小盘500指数,中证500,CSI Smallcap 500 Index,CSI 500,7111.57,7171.97,7070.48,7155.99,34.67,0.49,15396782700.0,2804.95,500.0,26.18,2025-12-10,26.18,2804.95
20251211,000905,中证小盘500指数,中证500,CSI Smallcap 500 Index,CSI 500,7171.21,7179.42,7082.89,7082.89,-73.1,-1.02,18184855400.0,3007.45,500.0,25.91,2025-12-11,25.91,3007.45
20251212,000905,中证小盘500指数,中证500,CSI Smallcap 500 Index,CSI 500,7088.1,7187.1,7063.84,7169.79,86.9,1.23,19840247300.0,3731.45,500.0,26.23,2025-12-12,26.23,3731.45
20251215,000905,中证小盘500指数,中证500,CSI Smallcap 500 Index,CSI 500,7121.38,7177.15,7110.68,7113.96,-55.83,-0.78,17217406400.0,3010.24,500.0,25.63,2025-12-15,25.63,3010.24
20251216,000905,中证小盘500指数,中证500,CSI Smallcap 500 Index,CSI 500,7101.67,7102.77,6962.65,7001.32,-112.64,-1.58,17206587400.0,2849.69,500.0,25.26,2025-12-16,25.26,2849.69
20251217,000905,中证小盘500指数,中证500,CSI Smallcap 500 Index,CSI 500,7002.51,7160.78,6988.87,7137.83,136.52,1.95,17441313600.0,3024.1,500.0,25.73,2025-12-17,25.73,3024.1
20251218,000905,中证小盘500指数,中证500,CSI Smallcap 500 Index,CSI 500,7096.98,7172.96,7094.54,7100.84,-37.0,-0.52,15489612300.0,2755.11,500.0,25.4,2025-12-18,25.4,2755.11
20251219,000905,中证小盘500指数,中证500,CSI Smallcap 500 Index,CSI 500,7124.4,7197.07,7117.16,7169.55,68.72,0.97,17884314600.0,2927.38,500.0,25.63,2025-12-19,25.63,2927.38
20251222,000905,中证小盘500指数,中证500,CSI Smallcap 500 Index,CSI 500,7205.49,7277.39,7205.49,7255.66,86.11,1.2,17824288100.0,3272.08,500.0,25.94,2025-12-22,25.94,3272.08
20251223,000905,中证小盘500指数,中证500,CSI Smallcap 500 Index,CSI 500,7257.91,7297.7,7228.72,7256.79,1.13,0.02,17347600200.0,3285.59,500.0,25.94,2025-12-23,25.94,3285.59
20251224,000905,中证小盘500指数,中证500,CSI Smallcap 500 Index,CSI 500,7257.62,7362.57,7247.41,7352.04,95.25,1.31,16883771300.0,3319.31,500.0,26.27,2025-12-24,26.27,3319.31
20251225,000905,中证小盘500指数,中证500,CSI Smallcap 500 Index,CSI 500,7341.92,7426.14,7334.34,7410.71,58.67,0.8,16841420100.0,3363.67,500.0,26.46,2025-12-25,26.46,3363.67
20251226,000905,中证小盘500指数,中证500,CSI Smallcap 500 Index,CSI 500,7422.6,7484.92,7397.43,7458.84,48.13,0.65,19927688400.0,3869.14,500.0,26.64,2025-12-26,26.64,3869.14
20251229,000905,中证小盘500指数,中证500,CSI Smallcap 500 Index,CSI 500,7467.5,7491.69,7411.45,7430.61,-28.22,-0.38,19884433800.0,3904.46,500.0,26.53,2025-12-29,26.53,3904.46
20251230,000905,中证小盘500指数,中证500,CSI Smallcap 500 Index,CSI 500,7390.14,7495.06,7389.87,7458.94,28.32,0.38,19620361500.0,4076.24,500.0,26.6,2025-12-30,26.6,4076.24
20251231,000905,中证小盘500指数,中证500,CSI Smallcap 500 Index,CSI 500,7473.75,7488.07,7435.07,7465.57,6.64,0.09,19442774300.0,3803.7,500.0,26.6,2025-12-31,26.6,3803.7
20260105,000905,中证小盘500指数,中证500,CSI Smallcap 500 Index,CSI 500,7523.88,7651.24,7523.25,7651.2,185.62,2.49,25185386300.0,5046.9,500.0,27.17,2026-01-05,27.17,5046.9
20260106,000905,中证小盘500指数,中证500,CSI Smallcap 500 Index,CSI 500,7663.94,7814.65,7663.66,7814.14,162.94,2.13,31312510200.0,5716.75,500.0,27.74,2026-01-06,27.74,5716.75
20260107,000905,中证小盘500指数,中证500,CSI Smallcap 500 Index,CSI 500,7838.91,7909.66,7828.39,7875.08,60.95,0.78,29390344000.0,5827.41,500.0,27.94,2026-01-07,27.94,5827.41
20260108,000905,中证小盘500指数,中证500,CSI Smallcap 500 Index,CSI 500,7853.21,7938.59,7849.07,7894.54,19.46,0.25,29356173500.0,5644.53,500.0,27.96,2026-01-08,27.96,5644.53
20260109,000905,中证小盘500指数,中证500,CSI Smallcap 500 Index,CSI 500,7907.85,8064.76,7907.85,8056.69,162.14,2.05,31462467400.0,6311.46,500.0,28.5,2026-01-09,28.5,6311.46
20260112,000905,中证小盘500指数,中证500,CSI Smallcap 500 Index,CSI 500,8141.63,8261.35,8103.24,8249.13,192.44,2.39,33523628600.0,6858.24,500.0,29.14,2026-01-12,29.14,6858.24
20260113,000905,中证小盘500指数,中证500,CSI Smallcap 500 Index,CSI 500,8270.42,8270.42,8106.61,8143.28,-105.85,-1.28,36413103300.0,7352.19,500.0,28.79,2026-01-13,28.79,7352.19
20260114,000905,中证小盘500指数,中证500,CSI Smallcap 500 Index,CSI 500,8165.35,8368.22,8123.4,8227.7,84.42,1.04,42276600200.0,8159.59,500.0,29.04,2026-01-14,29.04,8159.59
20260115,000905,中证小盘500指数,中证500,CSI Smallcap 500 Index,CSI 500,8170.35,8249.03,8148.79,8223.27,-4.43,-0.05,31359583000.0,6008.02,500.0,29.1,2026-01-15,29.1,6008.02
20260116,000905,中证小盘500指数,中证500,CSI Smallcap 500 Index,CSI 500,8241.69,8292.74,8204.53,8232.67,9.41,0.11,28197904200.0,6161.86,500.0,29.16,2026-01-16,29.16,6161.86
20260119,000905,中证小盘500指数,中证500,CSI Smallcap 500 Index,CSI 500,8199.5,8318.37,8195.09,8287.95,55.27,0.67,26149738200.0,5609.26,500.0,29.42,2026-01-19,29.42,5609.26
20260120,000905,中证小盘500指数,中证500,CSI Smallcap 500 Index,CSI 500,8307.64,8342.87,8142.14,8247.8,-40.14,-0.48,28986446000.0,5881.71,500.0,29.31,2026-01-20,29.31,5881.71
20260121,000905,中证小盘500指数,中证500,CSI Smallcap 500 Index,CSI 500,8196.56,8351.45,8196.56,8340.11,92.31,1.12,24330438100.0,5175.92,500.0,29.61,2026-01-21,29.61,5175.92
20260122,000905,中证小盘500指数,中证500,CSI Smallcap 500 Index,CSI 500,8355.68,8396.13,8337.2,8387.6,47.48,0.57,26880524300.0,5461.38,500.0,29.79,2026-01-22,29.79,5461.38
20260123,000905,中证小盘500指数,中证500,CSI Smallcap 500 Index,CSI 500,8422.36,8590.17,8417.75,8590.17,202.57,2.42,31969006900.0,6394.21,500.0,30.43,2026-01-23,30.43,6394.21
20260126,000905,中证小盘500指数,中证500,CSI Smallcap 500 Index,CSI 500,8624.89,8671.35,8453.48,8506.69,-83.47,-0.97,34928559700.0,6921.05,500.0,30.16,2026-01-26,30.16,6921.05
20260127,000905,中证小盘500指数,中证500,CSI Smallcap 500 Index,CSI 500,8464.65,8581.1,8368.18,8548.93,42.24,0.5,30285260600.0,6108.86,500.0,30.26,2026-01-27,30.26,6108.86
20260128,000905,中证小盘500指数,中证500,CSI Smallcap 500 Index,CSI 500,8565.34,8633.15,8526.53,8601.16,52.23,0.61,31177425700.0,6127.32,500.0,30.48,2026-01-28,30.48,6127.32
20260129,000905,中证小盘500指数,中证500,CSI Smallcap 500 Index,CSI 500,8584.68,8658.94,8503.09,8517.84,-83.32,-0.97,35419838700.0,6662.57,500.0,30.19,2026-01-29,30.19,6662.57
20260130,000905,中证小盘500指数,中证500,CSI Smallcap 500 Index,CSI 500,8439.65,8496.34,8194.58,8370.52,-147.32,-1.73,32894717000.0,6004.97,500.0,29.66,2026-01-30,29.66,6004.97
20260202,000905,中证小盘500指数,中证500,CSI Smallcap 500 Index,CSI 500,8279.72,8324.43,8032.35,8037.05,-333.47,-3.98,29964602200.0,5460.56,500.0,28.51,2026-02-02,28.51,5460.56
20260203,000905,中证小盘500指数,中证500,CSI Smallcap 500 Index,CSI 500,8135.87,8286.7,8075.37,8286.7,249.65,3.11,27222713600.0,5432.64,500.0,29.32,2026-02-03,29.32,5432.64
20260204,000905,中证小盘500指数,中证500,CSI Smallcap 500 Index,CSI 500,8270.84,8309.86,8179.35,8299.06,12.36,0.15,26886027700.0,5018.87,500.0,29.46,2026-02-04,29.46,5018.87
20260205,000905,中证小盘500指数,中证500,CSI Smallcap 500 Index,CSI 500,8203.06,8224.78,8081.43,8146.11,-152.95,-1.84,23184051500.0,4352.78,500.0,28.95,2026-02-05,28.95,4352.78
20260206,000905,中证小盘500指数,中证500,CSI Smallcap 500 Index,CSI 500,8054.22,8247.3,8014.66,8146.41,0.31,0.0,21864214400.0,4183.73,500.0,28.94,2026-02-06,28.94,4183.73
20260209,000905,中证小盘500指数,中证500,CSI Smallcap 500 Index,CSI 500,8280.11,8313.47,8229.0,8311.28,164.87,2.02,21166756600.0,4279.82,500.0,29.44,2026-02-09,29.44,4279.82
20260210,000905,中证小盘500指数,中证500,CSI Smallcap 500 Index,CSI 500,8318.53,8331.99,8258.15,8306.44,-4.84,-0.06,19580622000.0,3942.83,500.0,29.45,2026-02-10,29.45,3942.83
20260211,000905,中证小盘500指数,中证500,CSI Smallcap 500 Index,CSI 500,8295.33,8373.5,8295.12,8325.81,19.37,0.23,20401970300.0,3886.12,500.0,29.57,2026-02-11,29.57,3886.12
20260212,000905,中证小盘500指数,中证500,CSI Smallcap 500 Index,CSI 500,8342.37,8437.42,8341.77,8423.57,97.76,1.17,21213831800.0,4383.2,500.0,29.88,2026-02-12,29.88,4383.2
20260213,000905,中证小盘500指数,中证500,CSI Smallcap 500 Index,CSI 500,8366.33,8419.76,8290.84,8299.59,-123.98,-1.47,20278572500.0,4063.2,500.0,29.43,2026-02-13,29.43,4063.2
20260224,000905,中证小盘500指数,中证500,CSI Smallcap 500 Index,CSI 500,8403.31,8444.13,8328.57,8392.91,93.32,1.12,22462927800.0,4497.14,500.0,29.83,2026-02-24,29.83,4497.14
20260225,000905,中证小盘500指数,中证500,CSI Smallcap 500 Index,CSI 500,8412.08,8551.53,8401.6,8527.56,134.65,1.6,27789338900.0,5068.49,500.0,30.3,2026-02-25,30.3,5068.49
20260226,000905,中证小盘500指数,中证500,CSI Smallcap 500 Index,CSI 500,8542.83,8582.76,8490.92,8557.22,29.66,0.35,25411176500.0,5139.85,500.0,30.43,2026-02-26,30.43,5139.85
20260227,000905,中证小盘500指数,中证500,CSI Smallcap 500 Index,CSI 500,8499.8,8658.45,8499.8,8658.45,101.23,1.18,28036116700.0,5128.22,500.0,30.77,2026-02-27,30.77,5128.22
20260302,000905,中证小盘500指数,中证500,CSI Smallcap 500 Index,CSI 500,8585.85,8683.98,8551.46,8658.33,-0.12,0.0,33903229600.0,6195.05,500.0,30.86,2026-03-02,30.86,6195.05
20260303,000905,中证小盘500指数,中证500,CSI Smallcap 500 Index,CSI 500,8651.06,8654.57,8267.11,8281.61,-376.72,-4.35,34615390600.0,6346.6,500.0,29.63,2026-03-03,29.63,6346.6
20260304,000905,中证小盘500指数,中证500,CSI Smallcap 500 Index,CSI 500,8167.98,8377.17,8167.98,8248.95,-32.67,-0.39,27210771400.0,4714.7,500.0,29.5,2026-03-04,29.5,4714.7
20260305,000905,中证小盘500指数,中证500,CSI Smallcap 500 Index,CSI 500,8383.55,8391.04,8251.11,8309.17,60.23,0.73,25634345400.0,4729.41,500.0,29.66,2026-03-05,29.66,4729.41
20260306,000905,中证小盘500指数,中证500,CSI Smallcap 500 Index,CSI 500,8273.18,8394.33,8258.64,8360.33,51.16,0.62,23451496000.0,4276.95,500.0,29.84,2026-03-06,29.84,4276.95
20260309,000905,中证小盘500指数,中证500,CSI Smallcap 500 Index,CSI 500,8234.19,8305.92,8066.14,8279.48,-80.85,-0.97,28651851000.0,5238.29,500.0,29.54,2026-03-09,29.54,5238.29
20260310,000905,中证小盘500指数,中证500,CSI Smallcap 500 Index,CSI 500,8341.14,8412.93,8330.93,8410.3,130.82,1.58,23994135800.0,4650.82,500.0,29.98,2026-03-10,29.98,4650.82
20260311,000905,中证小盘500指数,中证500,CSI Smallcap 500 Index,CSI 500,8419.31,8439.62,8379.03,8403.33,-6.97,-0.08,26448738900.0,4957.52,500.0,29.99,2026-03-11,29.99,4957.52
20260312,000905,中证小盘500指数,中证500,CSI Smallcap 500 Index,CSI 500,8396.72,8433.04,8290.59,8359.47,-43.86,-0.52,28243650400.0,4784.14,500.0,29.9,2026-03-12,29.9,4784.14
20260313,000905,中证小盘500指数,中证500,CSI Smallcap 500 Index,CSI 500,8317.78,8371.72,8217.97,8239.8,-119.67,-1.43,28813099000.0,4823.67,500.0,29.49,2026-03-13,29.49,4823.67
20260316,000905,中证小盘500指数,中证500,CSI Smallcap 500 Index,CSI 500,8227.69,8233.66,8060.78,8185.15,-54.65,-0.66,25620598200.0,4607.97,500.0,29.23,2026-03-16,29.23,4607.97
20260317,000905,中证小盘500指数,中证500,CSI Smallcap 500 Index,CSI 500,8199.99,8207.46,8016.0,8016.03,-169.13,-2.07,23013280000.0,4062.47,500.0,28.64,2026-03-17,28.64,4062.47
20260318,000905,中证小盘500指数,中证500,CSI Smallcap 500 Index,CSI 500,8044.92,8105.96,7958.45,8096.43,80.4,1.0,20649392300.0,3912.43,500.0,28.87,2026-03-18,28.87,3912.43
20260319,000905,中证小盘500指数,中证500,CSI Smallcap 500 Index,CSI 500,7975.85,8000.43,7844.15,7877.09,-219.34,-2.71,21974486600.0,3948.55,500.0,28.13,2026-03-19,28.13,3948.55
20260320,000905,中证小盘500指数,中证500,CSI Smallcap 500 Index,CSI 500,7913.49,7941.59,7757.83,7760.04,-117.05,-1.49,21944878800.0,4171.14,500.0,27.76,2026-03-20,27.76,4171.14
20260323,000905,中证小盘500指数,中证500,CSI Smallcap 500 Index,CSI 500,7623.24,7708.43,7399.04,7440.75,-319.29,-4.11,27156102400.0,4519.39,500.0,26.66,2026-03-23,26.66,4519.39
20260324,000905,中证小盘500指数,中证500,CSI Smallcap 500 Index,CSI 500,7555.08,7597.37,7379.86,7597.37,156.63,2.11,22896641800.0,3885.38,500.0,27.23,2026-03-24,27.23,3885.38
20260325,000905,中证小盘500指数,中证500,CSI Smallcap 500 Index,CSI 500,7660.4,7806.91,7660.4,7767.67,170.29,2.24,24071155400.0,4233.78,500.0,27.81,2026-03-25,27.81,4233.78
20260326,000905,中证小盘500指数,中证500,CSI Smallcap 500 Index,CSI 500,7757.02,7777.29,7620.78,7642.13,-125.54,-1.62,20621612600.0,3559.17,500.0,27.39,2026-03-26,27.39,3559.17
20260327,000905,中证小盘500指数,中证500,CSI Smallcap 500 Index,CSI 500,7539.2,7785.38,7539.2,7737.61,95.48,1.25,18820506600.0,3442.05,500.0,27.68,2026-03-27,27.68,3442.05
20260330,000905,中证小盘500指数,中证500,CSI Smallcap 500 Index,CSI 500,7655.15,7766.11,7610.55,7753.72,16.11,0.21,19783856900.0,3614.42,500.0,27.74,2026-03-30,27.74,3614.42
20260331,000905,中证小盘500指数,中证500,CSI Smallcap 500 Index,CSI 500,7740.58,7788.89,7617.33,7617.33,-136.4,-1.76,19908603500.0,3765.02,500.0,27.24,2026-03-31,27.24,3765.02
20260401,000905,中证小盘500指数,中证500,CSI Smallcap 500 Index,CSI 500,7764.34,7778.99,7689.59,7750.09,132.77,1.74,17596067000.0,3547.99,500.0,27.68,2026-04-01,27.68,3547.99
20260402,000905,中证小盘500指数,中证500,CSI Smallcap 500 Index,CSI 500,7726.45,7740.1,7562.21,7605.29,-144.8,-1.87,17208487300.0,3255.9,500.0,27.22,2026-04-02,27.22,3255.9
20260403,000905,中证小盘500指数,中证500,CSI Smallcap 500 Index,CSI 500,7636.66,7640.84,7518.35,7534.94,-70.36,-0.93,15163735600.0,2833.32,500.0,26.95,2026-04-03,26.95,2833.32
20260407,000905,中证小盘500指数,中证500,CSI Smallcap 500 Index,CSI 500,7562.14,7630.14,7529.4,7571.11,36.17,0.48,14696135700.0,2793.71,500.0,27.08,2026-04-07,27.08,2793.71
20260408,000905,中证小盘500指数,中证500,CSI Smallcap 500 Index,CSI 500,7741.63,7945.15,7741.63,7945.15,374.04,4.94,23193661200.0,4603.84,500.0,28.32,2026-04-08,28.32,4603.84
20260409,000905,中证小盘500指数,中证500,CSI Smallcap 500 Index,CSI 500,7865.21,7947.68,7845.96,7898.63,-46.52,-0.59,19055565000.0,3980.32,500.0,28.13,2026-04-09,28.13,3980.32
20260410,000905,中证小盘500指数,中证500,CSI Smallcap 500 Index,CSI 500,7958.81,8070.65,7953.5,7969.36,70.73,0.9,20340435100.0,4339.22,500.0,28.37,2026-04-10,28.37,4339.22
20260413,000905,中证小盘500指数,中证500,CSI Smallcap 500 Index,CSI 500,7917.92,7990.98,7917.92,7967.7,-1.67,-0.02,19494869500.0,4097.04,500.0,28.34,2026-04-13,28.34,4097.04
20260414,000905,中证小盘500指数,中证500,CSI Smallcap 500 Index,CSI 500,8039.07,8088.57,8002.65,8088.57,120.87,1.52,21429567200.0,4601.31,500.0,28.71,2026-04-14,28.71,4601.31
20260415,000905,中证小盘500指数,中证500,CSI Smallcap 500 Index,CSI 500,8144.81,8150.62,8020.87,8044.08,-44.49,-0.55,20365606600.0,4569.85,500.0,28.57,2026-04-15,28.57,4569.85
20260416,000905,中证小盘500指数,中证500,CSI Smallcap 500 Index,CSI 500,8068.15,8189.18,8056.78,8180.08,136.0,1.69,18845568300.0,4299.96,500.0,28.99,2026-04-16,28.99,4299.96
20260417,000905,中证小盘500指数,中证500,CSI Smallcap 500 Index,CSI 500,8155.4,8230.11,8149.94,8214.19,34.11,0.42,19157884000.0,4534.11,500.0,29.13,2026-04-17,29.13,4534.11
20260420,000905,中证小盘500指数,中证500,CSI Smallcap 500 Index,CSI 500,8223.58,8310.94,8214.26,8290.02,75.83,0.92,21376402000.0,5073.88,500.0,29.35,2026-04-20,29.35,5073.88
20260421,000905,中证小盘500指数,中证500,CSI Smallcap 500 Index,CSI 500,8263.38,8281.32,8189.76,8270.33,-19.7,-0.24,20183631700.0,4415.23,500.0,29.34,2026-04-21,29.34,4415.23
20260422,000905,中证小盘500指数,中证500,CSI Smallcap 500 Index,CSI 500,8226.85,8377.34,8226.85,8376.18,105.85,1.28,21333723600.0,5019.52,500.0,29.65,2026-04-22,29.65,5019.52
20260423,000905,中证小盘500指数,中证500,CSI Smallcap 500 Index,CSI 500,8387.76,8401.5,8220.95,8295.21,-80.97,-0.97,24948698900.0,5650.97,500.0,29.44,2026-04-23,29.44,5650.97
20260424,000905,中证小盘500指数,中证500,CSI Smallcap 500 Index,CSI 500,8244.78,8299.88,8165.8,8247.88,-47.33,-0.57,22231189300.0,5186.18,500.0,29.25,2026-04-24,29.25,5186.18
20260427,000905,中证小盘500指数,中证500,CSI Smallcap 500 Index,CSI 500,8236.43,8326.15,8219.94,8299.05,51.17,0.62,22459580200.0,5242.19,500.0,29.39,2026-04-27,29.39,5242.19
20260428,000905,中证小盘500指数,中证500,CSI Smallcap 500 Index,CSI 500,8274.63,8275.33,8173.44,8203.96,-95.09,-1.15,22010913000.0,4945.15,500.0,29.09,2026-04-28,29.09,4945.15
20260429,000905,中证小盘500指数,中证500,CSI Smallcap 500 Index,CSI 500,8157.35,8356.72,8157.35,8342.42,138.46,1.69,23087201700.0,4897.15,500.0,29.59,2026-04-29,29.59,4897.15
20260430,000905,中证小盘500指数,中证500,CSI Smallcap 500 Index,CSI 500,8331.44,8375.19,8300.5,8349.51,7.09,0.08,24755465200.0,5350.36,500.0,29.52,2026-04-30,29.52,5350.36
20260506,000905,中证小盘500指数,中证500,CSI Smallcap 500 Index,CSI 500,8441.34,8621.35,8441.34,8588.44,238.93,2.86,27464745200.0,6356.08,500.0,29.14,2026-05-06,29.14,6356.08
20260507,000905,中证小盘500指数,中证500,CSI Smallcap 500 Index,CSI 500,8637.84,8700.34,8598.71,8696.8,108.36,1.26,27099417900.0,6204.41,500.0,29.47,2026-05-07,29.47,6204.41
20260508,000905,中证小盘500指数,中证500,CSI Smallcap 500 Index,CSI 500,8638.84,8706.33,8616.22,8694.17,-2.63,-0.03,27114353500.0,6090.03,500.0,29.43,2026-05-08,29.43,6090.03
20260511,000905,中证小盘500指数,中证500,CSI Smallcap 500 Index,CSI 500,8771.18,8863.77,8716.45,8839.74,145.57,1.67,28833019600.0,7091.25,500.0,29.82,2026-05-11,29.82,7091.25
20260512,000905,中证小盘500指数,中证500,CSI Smallcap 500 Index,CSI 500,8856.18,8856.18,8736.42,8785.98,-53.76,-0.61,26987096800.0,6335.58,500.0,29.7,2026-05-12,29.7,6335.58
20260513,000905,中证小盘500指数,中证500,CSI Smallcap 500 Index,CSI 500,8730.91,8925.88,8730.91,8918.24,132.26,1.51,25409688800.0,6370.53,500.0,30.13,2026-05-13,30.13,6370.53
20260514,000905,中证小盘500指数,中证500,CSI Smallcap 500 Index,CSI 500,8952.95,8956.66,8670.16,8670.16,-248.08,-2.78,28950256600.0,6582.25,500.0,29.3,2026-05-14,29.3,6582.25
20260515,000905,中证小盘500指数,中证500,CSI Smallcap 500 Index,CSI 500,8676.62,8717.09,8473.04,8536.34,-133.81,-1.54,27096176200.0,6430.24,500.0,28.86,2026-05-15,28.86,6430.24
20260518,000905,中证小盘500指数,中证500,CSI Smallcap 500 Index,CSI 500,8493.02,8606.41,8472.42,8554.24,17.89,0.21,23109341700.0,5592.61,500.0,28.91,2026-05-18,28.91,5592.61
20260519,000905,中证小盘500指数,中证500,CSI Smallcap 500 Index,CSI 500,8524.15,8633.06,8416.52,8627.95,73.71,0.86,24386882000.0,5713.07,500.0,29.11,2026-05-19,29.11,5713.07
20260520,000905,中证小盘500指数,中证500,CSI Smallcap 500 Index,CSI 500,8581.39,8681.72,8552.43,8656.31,28.36,0.33,23041869700.0,5744.8,500.0,29.15,2026-05-20,29.15,5744.8
20260521,000905,中证小盘500指数,中证500,CSI Smallcap 500 Index,CSI 500,8703.17,8790.38,8406.29,8419.84,-236.47,-2.73,27948915800.0,6876.08,500.0,28.43,2026-05-21,28.43,6876.08
20260522,000905,中证小盘500指数,中证500,CSI Smallcap 500 Index,CSI 500,8473.61,8591.15,8414.94,8576.94,157.1,1.87,22161039100.0,5564.33,500.0,28.93,2026-05-22,28.93,5564.33
20260525,000905,中证小盘500指数,中证500,CSI Smallcap 500 Index,CSI 500,8631.21,8705.2,8543.89,8703.89,126.95,1.48,23505289000.0,6293.33,500.0,29.31,2026-05-25,29.31,6293.33
20260526,000905,中证小盘500指数,中证500,CSI Smallcap 500 Index,CSI 500,8665.44,8673.21,8529.67,8658.62,-45.27,-0.52,24710784400.0,6472.39,500.0,29.17,2026-05-26,29.17,6472.39
20260527,000905,中证小盘500指数,中证500,CSI Smallcap 500 Index,CSI 500,8659.22,8722.58,8491.32,8530.98,-127.64,-1.47,25911673400.0,6769.28,500.0,28.77,2026-05-27,28.77,6769.28
20260528,000905,中证小盘500指数,中证500,CSI Smallcap 500 Index,CSI 500,8503.67,8596.45,8424.45,8563.22,32.24,0.38,24224000600.0,5962.77,500.0,28.83,2026-05-28,28.83,5962.77
20260529,000905,中证小盘500指数,中证500,CSI Smallcap 500 Index,CSI 500,8589.82,8597.98,8296.24,8359.56,-203.66,-2.38,28119061600.0,6614.07,500.0,28.29,2026-05-29,28.29,6614.07
20260601,000905,中证小盘500指数,中证500,CSI Smallcap 500 Index,CSI 500,8358.49,8442.53,8259.6,8274.21,-85.35,-1.02,25817502700.0,5842.24,500.0,28.05,2026-06-01,28.05,5842.24
20260602,000905,中证小盘500指数,中证500,CSI Smallcap 500 Index,CSI 500,8290.83,8378.43,8142.51,8321.43,47.22,0.57,23958969600.0,5480.51,500.0,28.18,2026-06-02,28.18,5480.51
20260603,000905,中证小盘500指数,中证500,CSI Smallcap 500 Index,CSI 500,8317.0,8462.67,8294.29,8362.16,40.72,0.49,25357653100.0,6081.68,500.0,28.29,2026-06-03,28.29,6081.68
20260604,000905,中证小盘500指数,中证500,CSI Smallcap 500 Index,CSI 500,8279.86,8391.05,8279.86,8356.74,-5.41,-0.06,23082197600.0,5701.31,500.0,28.2,2026-06-04,28.2,5701.31
20260605,000905,中证小盘500指数,中证500,CSI Smallcap 500 Index,CSI 500,8317.64,8399.41,8218.14,8251.14,-105.6,-1.26,24708934700.0,6122.46,500.0,27.74,2026-06-05,27.74,6122.46
20260608,000905,中证小盘500指数,中证500,CSI Smallcap 500 Index,CSI 500,7978.66,8142.34,7889.4,7963.45,-287.69,-3.49,24479319800.0,5625.49,500.0,26.81,2026-06-08,26.81,5625.49
20260609,000905,中证小盘500指数,中证500,CSI Smallcap 500 Index,CSI 500,8059.34,8181.13,7965.49,8176.18,212.73,2.67,20929297800.0,5064.85,500.0,27.44,2026-06-09,27.44,5064.85
20260610,000905,中证小盘500指数,中证500,CSI Smallcap 500 Index,CSI 500,8094.14,8148.26,7973.55,8063.86,-112.31,-1.37,21091009800.0,5091.58,500.0,27.03,2026-06-10,27.03,5091.58
20260611,000905,中证小盘500指数,中证500,CSI Smallcap 500 Index,CSI 500,8025.61,8091.68,7965.02,8035.78,-28.08,-0.35,19685777600.0,5126.99,500.0,26.98,2026-06-11,26.98,5126.99
20260612,000905,中证小盘500指数,中证500,CSI Smallcap 500 Index,CSI 500,8189.21,8258.91,8098.78,8106.2,70.42,0.88,26624408000.0,6686.8,500.0,27.25,2026-06-12,27.25,6686.8
20260615,000905,中证小盘500指数,中证500,CSI Smallcap 500 Index,CSI 500,8175.05,8406.78,8174.59,8406.75,300.54,3.71,25556263800.0,6244.2,500.0,30.2,2026-06-15,30.2,6244.2
20260616,000905,中证小盘500指数,中证500,CSI Smallcap 500 Index,CSI 500,8430.92,8538.19,8413.51,8507.98,101.23,1.2,23149509400.0,6375.94,500.0,30.52,2026-06-16,30.52,6375.94
20260617,000905,中证小盘500指数,中证500,CSI Smallcap 500 Index,CSI 500,8451.63,8630.52,8451.63,8627.09,119.11,1.4,22464601500.0,6556.11,500.0,30.89,2026-06-17,30.89,6556.11
20260618,000905,中证小盘500指数,中证500,CSI Smallcap 500 Index,CSI 500,8590.5,8716.34,8587.98,8673.09,46.0,0.53,23946757900.0,6674.74,500.0,30.82,2026-06-18,30.82,6674.74
20260622,000905,中证小盘500指数,中证500,CSI Smallcap 500 Index,CSI 500,8709.66,8870.49,8605.22,8868.78,195.69,2.26,28002311900.0,7598.46,500.0,31.57,2026-06-22,31.57,7598.46
20260623,000905,中证小盘500指数,中证500,CSI Smallcap 500 Index,CSI 500,8831.59,8895.34,8629.01,8688.59,-180.19,-2.03,27240314900.0,7138.86,500.0,30.95,2026-06-23,30.95,7138.86
20260624,000905,中证小盘500指数,中证500,CSI Smallcap 500 Index,CSI 500,8638.66,8850.79,8613.08,8842.94,154.35,1.78,24531147300.0,6840.2,500.0,31.42,2026-06-24,31.42,6840.2
20260625,000905,中证小盘500指数,中证500,CSI Smallcap 500 Index,CSI 500,8844.85,8940.96,8803.6,8938.01,95.07,1.08,26010208600.0,7441.2,500.0,31.71,2026-06-25,31.71,7441.2
20260626,000905,中证小盘500指数,中证500,CSI Smallcap 500 Index,CSI 500,8891.03,8926.75,8647.77,8703.57,-234.45,-2.62,25855829600.0,7455.38,500.0,30.9,2026-06-26,30.9,7455.38
20260629,000905,中证小盘500指数,中证500,CSI Smallcap 500 Index,CSI 500,8731.58,8837.03,8587.88,8821.09,117.53,1.35,25146106600.0,7415.68,500.0,31.17,2026-06-29,31.17,7415.68
20260630,000905,中证小盘500指数,中证500,CSI Smallcap 500 Index,CSI 500,8815.11,9040.13,8771.66,9031.38,210.28,2.38,22433080900.0,6950.96,500.0,31.78,2026-06-30,31.78,6950.96
20260701,000905,中证小盘500指数,中证500,CSI Smallcap 500 Index,CSI 500,9052.04,9147.56,8956.18,9028.93,-2.45,-0.03,26310457800.0,7576.43,500.0,31.86,2026-07-01,31.86,7576.43
20260702,000905,中证小盘500指数,中证500,CSI Smallcap 500 Index,CSI 500,8829.62,8932.65,8667.42,8694.18,-334.76,-3.71,26128140700.0,7329.55,500.0,30.79,2026-07-02,30.79,7329.55
20260703,000905,中证小盘500指数,中证500,CSI Smallcap 500 Index,CSI 500,8702.33,8860.42,8636.15,8745.26,51.09,0.59,23014842400.0,6611.31,500.0,31.02,2026-07-03,31.02,6611.31
20260706,000905,中证小盘500指数,中证500,CSI Smallcap 500 Index,CSI 500,8790.97,8823.05,8570.89,8651.13,-94.13,-1.08,23015291000.0,6473.13,500.0,30.64,2026-07-06,30.64,6473.13
20260707,000905,中证小盘500指数,中证500,CSI Smallcap 500 Index,CSI 500,8604.08,8663.67,8457.58,8508.79,-142.35,-1.65,19963919000.0,5309.38,500.0,30.09,2026-07-07,30.09,5309.38
20260708,000905,中证小盘500指数,中证500,CSI Smallcap 500 Index,CSI 500,8539.02,8571.52,8343.92,8390.02,-118.77,-1.4,19722016500.0,5506.98,500.0,29.6,2026-07-08,29.6,5506.98
20260709,000905,中证小盘500指数,中证500,CSI Smallcap 500 Index,CSI 500,8437.15,8659.65,8281.95,8652.79,262.77,3.13,21508048800.0,6027.27,500.0,30.36,2026-07-09,30.36,6027.27
20260710,000905,中证小盘500指数,中证500,CSI Smallcap 500 Index,CSI 500,8672.36,8783.25,8503.24,8503.97,-148.82,-1.72,25141438800.0,7134.06,500.0,29.9,2026-07-10,29.9,7134.06
20260713,000905,中证小盘500指数,中证500,CSI Smallcap 500 Index,CSI 500,8409.14,8457.69,8106.27,8138.14,-365.83,-4.3,22403763100.0,5729.76,500.0,28.66,2026-07-13,28.66,5729.76
20260714,000905,中证小盘500指数,中证500,CSI Smallcap 500 Index,CSI 500,8135.05,8275.96,7955.31,8275.94,137.79,1.69,21584109000.0,5629.43,500.0,29.25,2026-07-14,29.25,5629.43
20260715,000905,中证小盘500指数,中证500,CSI Smallcap 500 Index,CSI 500,8294.14,8305.27,8117.46,8147.58,-128.36,-1.55,20911552400.0,5125.89,500.0,28.86,2026-07-15,28.86,5125.89
20260716,000905,中证小盘500指数,中证500,CSI Smallcap 500 Index,CSI 500,8006.45,8148.04,7907.1,7955.66,-191.92,-2.36,19311060300.0,4746.07,500.0,28.2,2026-07-16,28.2,4746.07
20260717,000905,中证小盘500指数,中证500,CSI Smallcap 500 Index,CSI 500,7900.1,7908.74,7474.15,7513.76,-441.9,-5.55,23674574300.0,5119.6,500.0,26.76,2026-07-17,26.76,5119.6
20260720,000905,中证小盘500指数,中证500,CSI Smallcap 500 Index,CSI 500,7597.77,7626.49,7253.52,7411.31,-102.45,-1.36,25376330200.0,5376.3,500.0,26.51,2026-07-20,26.51,5376.3
20260721,000905,中证小盘500指数,中证500,CSI Smallcap 500 Index,CSI 500,7437.45,7802.75,7270.95,7800.61,389.3,5.25,26838145300.0,6069.55,500.0,27.72,2026-07-21,27.72,6069.55
20260722,000905,中证小盘500指数,中证500,CSI Smallcap 500 Index,CSI 500,7741.91,7889.45,7701.22,7751.66,-48.95,-0.63,23074728500.0,5690.8,500.0,27.52,2026-07-22,27.52,5690.8
20260723,000905,中证小盘500指数,中证500,CSI Smallcap 500 Index,CSI 500,7750.85,7795.35,7659.0,7734.31,-17.35,-0.22,20497442000.0,4530.37,500.0,27.55,2026-07-23,27.55,4530.37
20260724,000905,中证小盘500指数,中证500,CSI Smallcap 500 Index,CSI 500,7625.2,7703.6,7532.67,7532.7,-201.61,-2.61,18662483500.0,4020.09,500.0,26.82,2026-07-24,26.82,4020.09
20260727,000905,中证小盘500指数,中证500,CSI Smallcap 500 Index,CSI 500,7512.4,7721.4,7466.54,7720.6,187.9,2.49,17419255300.0,4056.37,500.0,27.49,2026-07-27,27.49,4056.37
