tradeDate,indexCode,indexNameCnAll,indexNameCn,indexNameEnAll,indexNameEn,open,high,low,close,change,changePct,tradingVol,tradingValue,consNumber,peg,date,rolling_pe,trading_value
20180101,H30269,中证红利低波动指数,红利低波,CSI Dividend Low Volatility Index,CSI Dividend Low Volatility,,,,9172.96,117.89,1.3,2150969114.0,411.06,50.0,13.32,2018-01-01,13.32,411.06
20180102,H30269,中证红利低波动指数,红利低波,CSI Dividend Low Volatility Index,CSI Dividend Low Volatility,,,,9172.96,117.89,1.3,2150969114.0,411.06,50.0,13.32,2018-01-02,13.32,411.06
20180103,H30269,中证红利低波动指数,红利低波,CSI Dividend Low Volatility Index,CSI Dividend Low Volatility,,,,9215.25,42.29,0.46,2017704898.0,447.24,50.0,13.35,2018-01-03,13.35,447.24
20180104,H30269,中证红利低波动指数,红利低波,CSI Dividend Low Volatility Index,CSI Dividend Low Volatility,,,,9250.18,34.93,0.38,1875767460.0,384.57,50.0,13.51,2018-01-04,13.51,384.57
20180105,H30269,中证红利低波动指数,红利低波,CSI Dividend Low Volatility Index,CSI Dividend Low Volatility,,,,9352.82,102.64,1.11,2594775514.0,418.14,50.0,13.64,2018-01-05,13.64,418.14
20180108,H30269,中证红利低波动指数,红利低波,CSI Dividend Low Volatility Index,CSI Dividend Low Volatility,,,,9458.96,106.14,1.13,2706579767.0,487.05,50.0,13.7,2018-01-08,13.7,487.05
20180109,H30269,中证红利低波动指数,红利低波,CSI Dividend Low Volatility Index,CSI Dividend Low Volatility,,,,9480.93,21.97,0.23,1940652674.0,406.09,50.0,13.84,2018-01-09,13.84,406.09
20180110,H30269,中证红利低波动指数,红利低波,CSI Dividend Low Volatility Index,CSI Dividend Low Volatility,,,,9507.71,26.78,0.28,2679577097.0,459.42,50.0,14.0,2018-01-10,14.0,459.42
20180111,H30269,中证红利低波动指数,红利低波,CSI Dividend Low Volatility Index,CSI Dividend Low Volatility,,,,9469.48,-38.23,-0.4,1660709046.0,351.92,50.0,13.97,2018-01-11,13.97,351.92
20180112,H30269,中证红利低波动指数,红利低波,CSI Dividend Low Volatility Index,CSI Dividend Low Volatility,,,,9515.22,45.74,0.48,1758492663.0,388.2,50.0,14.13,2018-01-12,14.13,388.2
20180115,H30269,中证红利低波动指数,红利低波,CSI Dividend Low Volatility Index,CSI Dividend Low Volatility,,,,9527.96,12.75,0.13,2884985927.0,600.93,50.0,14.31,2018-01-15,14.31,600.93
20180116,H30269,中证红利低波动指数,红利低波,CSI Dividend Low Volatility Index,CSI Dividend Low Volatility,,,,9683.76,155.79,1.64,3161505081.0,611.92,50.0,14.32,2018-01-16,14.32,611.92
20180117,H30269,中证红利低波动指数,红利低波,CSI Dividend Low Volatility Index,CSI Dividend Low Volatility,,,,9653.23,-30.52,-0.32,3809802118.0,702.95,50.0,14.22,2018-01-17,14.22,702.95
20180118,H30269,中证红利低波动指数,红利低波,CSI Dividend Low Volatility Index,CSI Dividend Low Volatility,,,,9669.41,16.18,0.17,3868448981.0,698.63,50.0,14.29,2018-01-18,14.29,698.63
20180119,H30269,中证红利低波动指数,红利低波,CSI Dividend Low Volatility Index,CSI Dividend Low Volatility,,,,9648.15,-21.26,-0.22,3945895347.0,671.91,50.0,14.29,2018-01-19,14.29,671.91
20180122,H30269,中证红利低波动指数,红利低波,CSI Dividend Low Volatility Index,CSI Dividend Low Volatility,,,,9736.67,88.52,0.92,3158855882.0,574.62,50.0,14.44,2018-01-22,14.44,574.62
20180123,H30269,中证红利低波动指数,红利低波,CSI Dividend Low Volatility Index,CSI Dividend Low Volatility,,,,9811.4,74.73,0.77,3826177817.0,682.46,50.0,14.61,2018-01-23,14.61,682.46
20180124,H30269,中证红利低波动指数,红利低波,CSI Dividend Low Volatility Index,CSI Dividend Low Volatility,,,,9824.54,13.15,0.13,4022935383.0,685.39,50.0,14.57,2018-01-24,14.57,685.39
20180125,H30269,中证红利低波动指数,红利低波,CSI Dividend Low Volatility Index,CSI Dividend Low Volatility,,,,9769.17,-55.37,-0.56,2994253198.0,544.29,50.0,14.47,2018-01-25,14.47,544.29
20180126,H30269,中证红利低波动指数,红利低波,CSI Dividend Low Volatility Index,CSI Dividend Low Volatility,,,,9852.99,83.82,0.86,3008333607.0,523.56,50.0,14.6,2018-01-26,14.6,523.56
20180129,H30269,中证红利低波动指数,红利低波,CSI Dividend Low Volatility Index,CSI Dividend Low Volatility,,,,9739.04,-113.95,-1.16,3123931247.0,604.88,50.0,14.29,2018-01-29,14.29,604.88
20180130,H30269,中证红利低波动指数,红利低波,CSI Dividend Low Volatility Index,CSI Dividend Low Volatility,,,,9627.73,-111.3,-1.14,2349129501.0,428.83,50.0,14.1,2018-01-30,14.1,428.83
20180131,H30269,中证红利低波动指数,红利低波,CSI Dividend Low Volatility Index,CSI Dividend Low Volatility,,,,9642.89,15.16,0.16,2419524681.0,460.8,50.0,14.3,2018-01-31,14.3,460.8
20180201,H30269,中证红利低波动指数,红利低波,CSI Dividend Low Volatility Index,CSI Dividend Low Volatility,,,,9553.81,-89.08,-0.92,3010343232.0,556.38,50.0,14.36,2018-02-01,14.36,556.38
20180202,H30269,中证红利低波动指数,红利低波,CSI Dividend Low Volatility Index,CSI Dividend Low Volatility,,,,9609.3,55.5,0.58,2336611584.0,450.46,50.0,14.43,2018-02-02,14.43,450.46
20180205,H30269,中证红利低波动指数,红利低波,CSI Dividend Low Volatility Index,CSI Dividend Low Volatility,,,,9674.2,64.9,0.68,2824455693.0,556.75,50.0,14.48,2018-02-05,14.48,556.75
20180206,H30269,中证红利低波动指数,红利低波,CSI Dividend Low Volatility Index,CSI Dividend Low Volatility,,,,9401.16,-273.04,-2.82,4016131572.0,757.5,50.0,14.21,2018-02-06,14.21,757.5
20180207,H30269,中证红利低波动指数,红利低波,CSI Dividend Low Volatility Index,CSI Dividend Low Volatility,,,,9193.09,-208.08,-2.21,4202724795.0,769.03,50.0,13.75,2018-02-07,13.75,769.03
20180208,H30269,中证红利低波动指数,红利低波,CSI Dividend Low Volatility Index,CSI Dividend Low Volatility,,,,9121.4,-71.69,-0.78,3080525946.0,569.85,50.0,13.46,2018-02-08,13.46,569.85
20180209,H30269,中证红利低波动指数,红利低波,CSI Dividend Low Volatility Index,CSI Dividend Low Volatility,,,,8726.32,-395.08,-4.33,3915471123.0,701.04,50.0,12.91,2018-02-09,12.91,701.04
20180212,H30269,中证红利低波动指数,红利低波,CSI Dividend Low Volatility Index,CSI Dividend Low Volatility,,,,8816.91,90.59,1.04,1911293011.0,364.79,50.0,12.95,2018-02-12,12.95,364.79
20180213,H30269,中证红利低波动指数,红利低波,CSI Dividend Low Volatility Index,CSI Dividend Low Volatility,,,,8911.33,94.42,1.07,1869785291.0,358.73,50.0,13.18,2018-02-13,13.18,358.73
20180214,H30269,中证红利低波动指数,红利低波,CSI Dividend Low Volatility Index,CSI Dividend Low Volatility,,,,8944.49,33.16,0.37,1053803909.0,205.26,50.0,13.3,2018-02-14,13.3,205.26
20180222,H30269,中证红利低波动指数,红利低波,CSI Dividend Low Volatility Index,CSI Dividend Low Volatility,,,,9145.76,201.27,2.25,1596796876.0,302.53,50.0,13.59,2018-02-22,13.59,302.53
20180223,H30269,中证红利低波动指数,红利低波,CSI Dividend Low Volatility Index,CSI Dividend Low Volatility,,,,9191.88,46.12,0.5,1605303875.0,269.6,50.0,13.72,2018-02-23,13.72,269.6
20180226,H30269,中证红利低波动指数,红利低波,CSI Dividend Low Volatility Index,CSI Dividend Low Volatility,,,,9253.54,61.66,0.67,1834828045.0,336.74,50.0,13.74,2018-02-26,13.74,336.74
20180227,H30269,中证红利低波动指数,红利低波,CSI Dividend Low Volatility Index,CSI Dividend Low Volatility,,,,9152.03,-101.51,-1.1,1705078834.0,324.79,50.0,13.56,2018-02-27,13.56,324.79
20180228,H30269,中证红利低波动指数,红利低波,CSI Dividend Low Volatility Index,CSI Dividend Low Volatility,,,,9088.53,-63.49,-0.69,1431345160.0,286.59,50.0,13.34,2018-02-28,13.34,286.59
20180301,H30269,中证红利低波动指数,红利低波,CSI Dividend Low Volatility Index,CSI Dividend Low Volatility,,,,9107.69,19.16,0.21,1303071568.0,255.08,50.0,13.42,2018-03-01,13.42,255.08
20180302,H30269,中证红利低波动指数,红利低波,CSI Dividend Low Volatility Index,CSI Dividend Low Volatility,,,,9094.28,-13.41,-0.15,1179193080.0,224.77,50.0,13.35,2018-03-02,13.35,224.77
20180305,H30269,中证红利低波动指数,红利低波,CSI Dividend Low Volatility Index,CSI Dividend Low Volatility,,,,9084.57,-9.71,-0.11,1111331687.0,224.76,50.0,13.33,2018-03-05,13.33,224.76
20180306,H30269,中证红利低波动指数,红利低波,CSI Dividend Low Volatility Index,CSI Dividend Low Volatility,,,,9207.9,123.33,1.36,1559675424.0,316.92,50.0,13.46,2018-03-06,13.46,316.92
20180307,H30269,中证红利低波动指数,红利低波,CSI Dividend Low Volatility Index,CSI Dividend Low Volatility,,,,9170.99,-36.91,-0.4,1354976427.0,267.87,50.0,13.42,2018-03-07,13.42,267.87
20180308,H30269,中证红利低波动指数,红利低波,CSI Dividend Low Volatility Index,CSI Dividend Low Volatility,,,,9232.41,61.42,0.67,1024784264.0,232.02,50.0,13.58,2018-03-08,13.58,232.02
20180309,H30269,中证红利低波动指数,红利低波,CSI Dividend Low Volatility Index,CSI Dividend Low Volatility,,,,9269.81,37.4,0.41,1102226046.0,212.03,50.0,13.61,2018-03-09,13.61,212.03
20180312,H30269,中证红利低波动指数,红利低波,CSI Dividend Low Volatility Index,CSI Dividend Low Volatility,,,,9294.88,25.07,0.27,1579803973.0,296.21,50.0,13.57,2018-03-12,13.57,296.21
20180313,H30269,中证红利低波动指数,红利低波,CSI Dividend Low Volatility Index,CSI Dividend Low Volatility,,,,9221.04,-73.83,-0.79,1302038001.0,245.97,50.0,13.43,2018-03-13,13.43,245.97
20180314,H30269,中证红利低波动指数,红利低波,CSI Dividend Low Volatility Index,CSI Dividend Low Volatility,,,,9196.19,-24.85,-0.27,1062673371.0,207.18,50.0,13.43,2018-03-14,13.43,207.18
20180315,H30269,中证红利低波动指数,红利低波,CSI Dividend Low Volatility Index,CSI Dividend Low Volatility,,,,9188.25,-7.95,-0.09,905996000.0,227.14,50.0,13.54,2018-03-15,13.54,227.14
20180316,H30269,中证红利低波动指数,红利低波,CSI Dividend Low Volatility Index,CSI Dividend Low Volatility,,,,9161.38,-26.86,-0.29,1021801063.0,222.77,50.0,13.48,2018-03-16,13.48,222.77
20180319,H30269,中证红利低波动指数,红利低波,CSI Dividend Low Volatility Index,CSI Dividend Low Volatility,,,,9146.98,-14.41,-0.16,1043884129.0,235.12,50.0,13.63,2018-03-19,13.63,235.12
20180320,H30269,中证红利低波动指数,红利低波,CSI Dividend Low Volatility Index,CSI Dividend Low Volatility,,,,9119.48,-27.5,-0.3,1087015532.0,209.89,50.0,13.63,2018-03-20,13.63,209.89
20180321,H30269,中证红利低波动指数,红利低波,CSI Dividend Low Volatility Index,CSI Dividend Low Volatility,,,,9097.41,-22.07,-0.24,1286340582.0,288.58,50.0,13.59,2018-03-21,13.59,288.58
20180322,H30269,中证红利低波动指数,红利低波,CSI Dividend Low Volatility Index,CSI Dividend Low Volatility,,,,9033.31,-64.1,-0.7,1117920930.0,252.3,50.0,13.45,2018-03-22,13.45,252.3
20180323,H30269,中证红利低波动指数,红利低波,CSI Dividend Low Volatility Index,CSI Dividend Low Volatility,,,,8781.07,-252.24,-2.79,2446165068.0,439.03,50.0,13.2,2018-03-23,13.2,439.03
20180326,H30269,中证红利低波动指数,红利低波,CSI Dividend Low Volatility Index,CSI Dividend Low Volatility,,,,8734.85,-46.22,-0.53,1541533738.0,336.44,50.0,12.95,2018-03-26,12.95,336.44
20180327,H30269,中证红利低波动指数,红利低波,CSI Dividend Low Volatility Index,CSI Dividend Low Volatility,,,,8785.08,50.23,0.58,1414176804.0,323.99,50.0,12.95,2018-03-27,12.95,323.99
20180328,H30269,中证红利低波动指数,红利低波,CSI Dividend Low Volatility Index,CSI Dividend Low Volatility,,,,8636.74,-148.35,-1.69,1392483761.0,379.92,50.0,12.65,2018-03-28,12.65,379.92
20180329,H30269,中证红利低波动指数,红利低波,CSI Dividend Low Volatility Index,CSI Dividend Low Volatility,,,,8787.94,151.21,1.75,1760178985.0,401.75,50.0,12.9,2018-03-29,12.9,401.75
20180330,H30269,中证红利低波动指数,红利低波,CSI Dividend Low Volatility Index,CSI Dividend Low Volatility,,,,8754.02,-33.93,-0.39,1225462220.0,253.41,50.0,12.77,2018-03-30,12.77,253.41
20180402,H30269,中证红利低波动指数,红利低波,CSI Dividend Low Volatility Index,CSI Dividend Low Volatility,,,,8731.88,-22.13,-0.25,1278320288.0,257.73,50.0,12.72,2018-04-02,12.72,257.73
20180403,H30269,中证红利低波动指数,红利低波,CSI Dividend Low Volatility Index,CSI Dividend Low Volatility,,,,8665.09,-66.79,-0.76,1148730834.0,228.52,50.0,12.65,2018-04-03,12.65,228.52
20180404,H30269,中证红利低波动指数,红利低波,CSI Dividend Low Volatility Index,CSI Dividend Low Volatility,,,,8664.76,-0.33,0.0,1102697584.0,257.21,50.0,12.72,2018-04-04,12.72,257.21
20180409,H30269,中证红利低波动指数,红利低波,CSI Dividend Low Volatility Index,CSI Dividend Low Volatility,,,,8664.41,-0.35,0.0,1105597950.0,210.2,50.0,12.78,2018-04-09,12.78,210.2
20180410,H30269,中证红利低波动指数,红利低波,CSI Dividend Low Volatility Index,CSI Dividend Low Volatility,,,,8778.98,114.56,1.32,1391270078.0,264.8,50.0,13.04,2018-04-10,13.04,264.8
20180411,H30269,中证红利低波动指数,红利低波,CSI Dividend Low Volatility Index,CSI Dividend Low Volatility,,,,8810.96,31.98,0.36,1449601867.0,260.94,50.0,13.07,2018-04-11,13.07,260.94
20180412,H30269,中证红利低波动指数,红利低波,CSI Dividend Low Volatility Index,CSI Dividend Low Volatility,,,,8747.54,-63.41,-0.72,1046298992.0,195.91,50.0,12.93,2018-04-12,12.93,195.91
20180413,H30269,中证红利低波动指数,红利低波,CSI Dividend Low Volatility Index,CSI Dividend Low Volatility,,,,8709.78,-37.76,-0.43,839630534.0,167.92,50.0,12.82,2018-04-13,12.82,167.92
20180416,H30269,中证红利低波动指数,红利低波,CSI Dividend Low Volatility Index,CSI Dividend Low Volatility,,,,8577.45,-132.34,-1.52,1361649682.0,257.76,50.0,12.55,2018-04-16,12.55,257.76
20180417,H30269,中证红利低波动指数,红利低波,CSI Dividend Low Volatility Index,CSI Dividend Low Volatility,,,,8477.76,-99.68,-1.16,1073364675.0,215.66,50.0,12.38,2018-04-17,12.38,215.66
20180418,H30269,中证红利低波动指数,红利低波,CSI Dividend Low Volatility Index,CSI Dividend Low Volatility,,,,8515.59,37.83,0.45,1313029739.0,263.69,50.0,12.43,2018-04-18,12.43,263.69
20180419,H30269,中证红利低波动指数,红利低波,CSI Dividend Low Volatility Index,CSI Dividend Low Volatility,,,,8565.71,50.12,0.59,981056359.0,215.84,50.0,12.59,2018-04-19,12.59,215.84
20180420,H30269,中证红利低波动指数,红利低波,CSI Dividend Low Volatility Index,CSI Dividend Low Volatility,,,,8441.76,-123.95,-1.45,1105454851.0,211.59,50.0,12.48,2018-04-20,12.48,211.59
20180423,H30269,中证红利低波动指数,红利低波,CSI Dividend Low Volatility Index,CSI Dividend Low Volatility,,,,8414.95,-26.81,-0.32,836393442.0,168.87,50.0,12.5,2018-04-23,12.5,168.87
20180424,H30269,中证红利低波动指数,红利低波,CSI Dividend Low Volatility Index,CSI Dividend Low Volatility,,,,8596.94,181.99,2.16,1328973743.0,282.0,50.0,12.78,2018-04-24,12.78,282.0
20180425,H30269,中证红利低波动指数,红利低波,CSI Dividend Low Volatility Index,CSI Dividend Low Volatility,,,,8565.68,-31.27,-0.36,924470274.0,172.73,50.0,12.66,2018-04-25,12.66,172.73
20180426,H30269,中证红利低波动指数,红利低波,CSI Dividend Low Volatility Index,CSI Dividend Low Volatility,,,,8458.38,-107.29,-1.25,1018827468.0,221.59,50.0,12.48,2018-04-26,12.48,221.59
20180427,H30269,中证红利低波动指数,红利低波,CSI Dividend Low Volatility Index,CSI Dividend Low Volatility,,,,8445.58,-12.8,-0.15,1355578988.0,357.37,50.0,12.43,2018-04-27,12.43,357.37
20180502,H30269,中证红利低波动指数,红利低波,CSI Dividend Low Volatility Index,CSI Dividend Low Volatility,,,,8499.15,53.57,0.63,1113421994.0,251.17,50.0,11.54,2018-05-02,11.54,251.17
20180503,H30269,中证红利低波动指数,红利低波,CSI Dividend Low Volatility Index,CSI Dividend Low Volatility,,,,8570.46,71.31,0.84,1103512357.0,219.29,50.0,11.59,2018-05-03,11.59,219.29
20180504,H30269,中证红利低波动指数,红利低波,CSI Dividend Low Volatility Index,CSI Dividend Low Volatility,,,,8560.38,-10.07,-0.12,872790964.0,179.87,50.0,11.51,2018-05-04,11.51,179.87
20180507,H30269,中证红利低波动指数,红利低波,CSI Dividend Low Volatility Index,CSI Dividend Low Volatility,,,,8701.42,141.04,1.65,1141557797.0,271.54,50.0,11.74,2018-05-07,11.74,271.54
20180508,H30269,中证红利低波动指数,红利低波,CSI Dividend Low Volatility Index,CSI Dividend Low Volatility,,,,8788.29,86.87,1.0,1367107192.0,314.03,50.0,11.92,2018-05-08,11.92,314.03
20180509,H30269,中证红利低波动指数,红利低波,CSI Dividend Low Volatility Index,CSI Dividend Low Volatility,,,,8785.39,-2.9,-0.03,852101130.0,175.71,50.0,11.92,2018-05-09,11.92,175.71
20180510,H30269,中证红利低波动指数,红利低波,CSI Dividend Low Volatility Index,CSI Dividend Low Volatility,,,,8839.19,53.79,0.61,910166394.0,194.22,50.0,11.99,2018-05-10,11.99,194.22
20180511,H30269,中证红利低波动指数,红利低波,CSI Dividend Low Volatility Index,CSI Dividend Low Volatility,8846.03,8853.31,8791.98,8793.87,-45.32,-0.51,842100986.0,182.79,50.0,11.98,2018-05-11,11.98,182.79
20180514,H30269,中证红利低波动指数,红利低波,CSI Dividend Low Volatility Index,CSI Dividend Low Volatility,8809.5,8867.23,8809.5,8835.6,41.73,0.47,1030485736.0,232.76,50.0,12.11,2018-05-14,12.11,232.76
20180515,H30269,中证红利低波动指数,红利低波,CSI Dividend Low Volatility Index,CSI Dividend Low Volatility,8855.06,8873.37,8807.59,8871.42,35.81,0.4,829807282.0,187.42,50.0,12.12,2018-05-15,12.12,187.42
20180516,H30269,中证红利低波动指数,红利低波,CSI Dividend Low Volatility Index,CSI Dividend Low Volatility,8847.68,8865.73,8808.4,8816.61,-54.81,-0.62,881751740.0,193.25,50.0,11.98,2018-05-16,11.98,193.25
20180517,H30269,中证红利低波动指数,红利低波,CSI Dividend Low Volatility Index,CSI Dividend Low Volatility,8821.9,8844.37,8783.46,8794.31,-22.3,-0.25,819166990.0,174.93,50.0,11.89,2018-05-17,11.89,174.93
20180518,H30269,中证红利低波动指数,红利低波,CSI Dividend Low Volatility Index,CSI Dividend Low Volatility,8782.29,8848.94,8747.94,8847.33,53.02,0.6,1013218134.0,193.85,50.0,12.07,2018-05-18,12.07,193.85
20180521,H30269,中证红利低波动指数,红利低波,CSI Dividend Low Volatility Index,CSI Dividend Low Volatility,8892.26,8921.89,8867.07,8883.35,36.02,0.41,1158416662.0,220.14,50.0,12.04,2018-05-21,12.04,220.14
20180522,H30269,中证红利低波动指数,红利低波,CSI Dividend Low Volatility Index,CSI Dividend Low Volatility,8887.97,8894.35,8834.35,8876.17,-7.18,-0.08,919086320.0,169.29,50.0,12.0,2018-05-22,12.0,169.29
20180523,H30269,中证红利低波动指数,红利低波,CSI Dividend Low Volatility Index,CSI Dividend Low Volatility,8844.36,8860.91,8777.79,8778.2,-97.97,-1.1,1056167125.0,203.02,50.0,11.82,2018-05-23,11.82,203.02
20180524,H30269,中证红利低波动指数,红利低波,CSI Dividend Low Volatility Index,CSI Dividend Low Volatility,8782.4,8794.13,8718.98,8722.76,-55.45,-0.63,838732751.0,175.64,50.0,11.72,2018-05-24,11.72,175.64
20180525,H30269,中证红利低波动指数,红利低波,CSI Dividend Low Volatility Index,CSI Dividend Low Volatility,8725.52,8761.53,8693.74,8722.38,-0.37,0.0,867523176.0,162.77,50.0,11.74,2018-05-25,11.74,162.77
20180528,H30269,中证红利低波动指数,红利低波,CSI Dividend Low Volatility Index,CSI Dividend Low Volatility,8718.07,8779.01,8680.38,8766.56,44.18,0.51,919393392.0,202.74,50.0,11.83,2018-05-28,11.83,202.74
20180529,H30269,中证红利低波动指数,红利低波,CSI Dividend Low Volatility Index,CSI Dividend Low Volatility,8750.02,8792.36,8740.0,8747.3,-19.27,-0.22,1101731363.0,240.23,50.0,11.8,2018-05-29,11.8,240.23
20180530,H30269,中证红利低波动指数,红利低波,CSI Dividend Low Volatility Index,CSI Dividend Low Volatility,8655.46,8681.64,8578.27,8579.59,-167.71,-1.92,1083501813.0,207.76,50.0,11.55,2018-05-30,11.55,207.76
20180531,H30269,中证红利低波动指数,红利低波,CSI Dividend Low Volatility Index,CSI Dividend Low Volatility,8619.13,8760.7,8616.26,8752.56,172.97,2.02,1254521216.0,283.29,50.0,11.81,2018-05-31,11.81,283.29
20180601,H30269,中证红利低波动指数,红利低波,CSI Dividend Low Volatility Index,CSI Dividend Low Volatility,8723.34,8760.84,8643.64,8686.19,-66.37,-0.76,925601864.0,189.75,50.0,11.74,2018-06-01,11.74,189.75
20180604,H30269,中证红利低波动指数,红利低波,CSI Dividend Low Volatility Index,CSI Dividend Low Volatility,8707.69,8779.17,8700.72,8766.19,80.01,0.92,1213102331.0,297.56,50.0,12.0,2018-06-04,12.0,297.56
20180605,H30269,中证红利低波动指数,红利低波,CSI Dividend Low Volatility Index,CSI Dividend Low Volatility,8761.44,8833.53,8734.47,8832.32,66.13,0.75,1031130610.0,256.37,50.0,11.99,2018-06-05,11.99,256.37
20180606,H30269,中证红利低波动指数,红利低波,CSI Dividend Low Volatility Index,CSI Dividend Low Volatility,8815.13,8836.83,8797.98,8818.64,-13.69,-0.15,836303458.0,199.3,50.0,11.93,2018-06-06,11.93,199.3
20180607,H30269,中证红利低波动指数,红利低波,CSI Dividend Low Volatility Index,CSI Dividend Low Volatility,8827.46,8853.14,8791.13,8797.48,-21.16,-0.24,985994187.0,226.73,50.0,11.9,2018-06-07,11.9,226.73
20180608,H30269,中证红利低波动指数,红利低波,CSI Dividend Low Volatility Index,CSI Dividend Low Volatility,8770.38,8770.42,8624.13,8659.78,-137.7,-1.57,1068769258.0,211.7,50.0,11.75,2018-06-08,11.75,211.7
20180611,H30269,中证红利低波动指数,红利低波,CSI Dividend Low Volatility Index,CSI Dividend Low Volatility,8645.53,8691.2,8617.52,8641.13,-18.65,-0.22,908451854.0,205.88,50.0,11.79,2018-06-11,11.79,205.88
20180612,H30269,中证红利低波动指数,红利低波,CSI Dividend Low Volatility Index,CSI Dividend Low Volatility,8642.05,8780.37,8621.13,8768.58,127.44,1.47,1182419772.0,275.3,50.0,11.97,2018-06-12,11.97,275.3
20180613,H30269,中证红利低波动指数,红利低波,CSI Dividend Low Volatility Index,CSI Dividend Low Volatility,8745.47,8786.75,8714.9,8722.37,-46.2,-0.53,1010925684.0,208.64,50.0,11.94,2018-06-13,11.94,208.64
20180614,H30269,中证红利低波动指数,红利低波,CSI Dividend Low Volatility Index,CSI Dividend Low Volatility,8699.72,8746.34,8654.2,8690.42,-31.96,-0.37,989357270.0,225.65,50.0,11.94,2018-06-14,11.94,225.65
20180615,H30269,中证红利低波动指数,红利低波,CSI Dividend Low Volatility Index,CSI Dividend Low Volatility,8667.68,8696.38,8582.06,8628.43,-61.99,-0.71,1219976523.0,241.13,50.0,11.91,2018-06-15,11.91,241.13
20180618,H30269,中证红利低波动指数,红利低波,CSI Dividend Low Volatility Index,CSI Dividend Low Volatility,,,,8628.43,0.0,0.0,0.0,0.0,50.0,11.91,2018-06-18,11.91,0.0
20180619,H30269,中证红利低波动指数,红利低波,CSI Dividend Low Volatility Index,CSI Dividend Low Volatility,8513.35,8519.98,8210.47,8296.46,-331.97,-3.85,2501365949.0,446.88,50.0,11.66,2018-06-19,11.66,446.88
20180620,H30269,中证红利低波动指数,红利低波,CSI Dividend Low Volatility Index,CSI Dividend Low Volatility,8252.42,8348.39,8215.27,8323.27,26.81,0.32,1060072389.0,227.58,50.0,11.67,2018-06-20,11.67,227.58
20180621,H30269,中证红利低波动指数,红利低波,CSI Dividend Low Volatility Index,CSI Dividend Low Volatility,8300.11,8396.48,8238.74,8244.69,-78.58,-0.94,1244720724.0,247.95,50.0,11.62,2018-06-21,11.62,247.95
20180622,H30269,中证红利低波动指数,红利低波,CSI Dividend Low Volatility Index,CSI Dividend Low Volatility,8195.2,8265.01,8161.4,8253.29,8.6,0.1,974678465.0,184.63,50.0,11.56,2018-06-22,11.56,184.63
20180625,H30269,中证红利低波动指数,红利低波,CSI Dividend Low Volatility Index,CSI Dividend Low Volatility,8296.54,8314.43,8181.15,8182.74,-70.55,-0.85,1068392278.0,224.1,50.0,11.39,2018-06-25,11.39,224.1
20180626,H30269,中证红利低波动指数,红利低波,CSI Dividend Low Volatility Index,CSI Dividend Low Volatility,8109.26,8134.93,7992.66,8092.5,-90.24,-1.1,1165632400.0,236.27,50.0,11.22,2018-06-26,11.22,236.27
20180627,H30269,中证红利低波动指数,红利低波,CSI Dividend Low Volatility Index,CSI Dividend Low Volatility,8093.26,8137.88,7962.8,8005.14,-87.37,-1.08,1265356990.0,257.59,50.0,11.02,2018-06-27,11.02,257.59
20180628,H30269,中证红利低波动指数,红利低波,CSI Dividend Low Volatility Index,CSI Dividend Low Volatility,7961.09,8013.91,7867.39,7885.25,-119.89,-1.5,1070976919.0,223.38,50.0,10.88,2018-06-28,10.88,223.38
20180629,H30269,中证红利低波动指数,红利低波,CSI Dividend Low Volatility Index,CSI Dividend Low Volatility,7901.47,8072.54,7885.85,8071.03,185.77,2.36,906803668.0,178.86,50.0,10.85,2018-06-29,10.85,178.86
20180702,H30269,中证红利低波动指数,红利低波,CSI Dividend Low Volatility Index,CSI Dividend Low Volatility,8063.45,8063.45,7775.42,7825.32,-245.7,-3.04,1268141808.0,241.06,50.0,10.44,2018-07-02,10.44,241.06
20180703,H30269,中证红利低波动指数,红利低波,CSI Dividend Low Volatility Index,CSI Dividend Low Volatility,7825.88,7859.01,7653.69,7835.47,10.15,0.13,1282780604.0,277.57,50.0,10.42,2018-07-03,10.42,277.57
20180704,H30269,中证红利低波动指数,红利低波,CSI Dividend Low Volatility Index,CSI Dividend Low Volatility,7803.78,7847.88,7747.56,7755.62,-79.86,-1.02,861621108.0,164.21,50.0,10.34,2018-07-04,10.34,164.21
20180705,H30269,中证红利低波动指数,红利低波,CSI Dividend Low Volatility Index,CSI Dividend Low Volatility,7755.89,7804.38,7633.81,7663.04,-92.58,-1.19,1113859788.0,202.27,50.0,10.25,2018-07-05,10.25,202.27
20180706,H30269,中证红利低波动指数,红利低波,CSI Dividend Low Volatility Index,CSI Dividend Low Volatility,7647.71,7729.77,7527.88,7661.21,-1.83,-0.02,1027313546.0,205.5,50.0,10.33,2018-07-06,10.33,205.5
20180709,H30269,中证红利低波动指数,红利低波,CSI Dividend Low Volatility Index,CSI Dividend Low Volatility,7676.8,7838.98,7676.47,7837.27,176.06,2.3,970683667.0,199.24,50.0,10.6,2018-07-09,10.6,199.24
20180710,H30269,中证红利低波动指数,红利低波,CSI Dividend Low Volatility Index,CSI Dividend Low Volatility,7861.8,7883.87,7806.26,7870.58,33.31,0.43,903219752.0,163.49,50.0,10.61,2018-07-10,10.61,163.49
20180711,H30269,中证红利低波动指数,红利低波,CSI Dividend Low Volatility Index,CSI Dividend Low Volatility,7745.44,7766.33,7667.02,7732.66,-137.92,-1.75,786570505.0,139.48,50.0,10.45,2018-07-11,10.45,139.48
20180712,H30269,中证红利低波动指数,红利低波,CSI Dividend Low Volatility Index,CSI Dividend Low Volatility,7725.69,7895.78,7725.53,7859.62,126.96,1.64,1158612106.0,210.95,50.0,10.58,2018-07-12,10.58,210.95
20180713,H30269,中证红利低波动指数,红利低波,CSI Dividend Low Volatility Index,CSI Dividend Low Volatility,7875.56,7885.76,7841.83,7876.12,16.5,0.21,842142173.0,156.61,50.0,10.62,2018-07-13,10.62,156.61
20180716,H30269,中证红利低波动指数,红利低波,CSI Dividend Low Volatility Index,CSI Dividend Low Volatility,7847.37,7876.28,7774.61,7807.67,-68.45,-0.87,809071748.0,157.7,50.0,10.53,2018-07-16,10.53,157.7
20180717,H30269,中证红利低波动指数,红利低波,CSI Dividend Low Volatility Index,CSI Dividend Low Volatility,7769.61,7769.61,7682.04,7743.33,-64.34,-0.82,708702884.0,132.77,50.0,10.4,2018-07-17,10.4,132.77
20180718,H30269,中证红利低波动指数,红利低波,CSI Dividend Low Volatility Index,CSI Dividend Low Volatility,7742.21,7783.11,7702.38,7705.52,-37.81,-0.49,736748081.0,141.91,50.0,10.35,2018-07-18,10.35,141.91
20180719,H30269,中证红利低波动指数,红利低波,CSI Dividend Low Volatility Index,CSI Dividend Low Volatility,7717.14,7761.5,7672.16,7690.59,-14.93,-0.19,771636185.0,150.94,50.0,10.4,2018-07-19,10.4,150.94
20180720,H30269,中证红利低波动指数,红利低波,CSI Dividend Low Volatility Index,CSI Dividend Low Volatility,7692.74,7821.82,7630.17,7797.91,107.33,1.4,1286479653.0,246.29,50.0,10.63,2018-07-20,10.63,246.29
20180723,H30269,中证红利低波动指数,红利低波,CSI Dividend Low Volatility Index,CSI Dividend Low Volatility,7776.65,7896.64,7759.63,7890.45,92.54,1.19,1516716783.0,256.62,50.0,10.73,2018-07-23,10.73,256.62
20180724,H30269,中证红利低波动指数,红利低波,CSI Dividend Low Volatility Index,CSI Dividend Low Volatility,7897.35,8028.31,7897.35,8012.02,121.56,1.54,1976379175.0,316.45,50.0,10.87,2018-07-24,10.87,316.45
20180725,H30269,中证红利低波动指数,红利低波,CSI Dividend Low Volatility Index,CSI Dividend Low Volatility,8023.24,8026.68,7967.79,7986.29,-25.72,-0.32,1012209063.0,163.76,50.0,10.87,2018-07-25,10.87,163.76
20180726,H30269,中证红利低波动指数,红利低波,CSI Dividend Low Volatility Index,CSI Dividend Low Volatility,8001.53,8024.39,7923.72,7943.25,-43.04,-0.54,949983135.0,164.7,50.0,10.78,2018-07-26,10.78,164.7
20180727,H30269,中证红利低波动指数,红利低波,CSI Dividend Low Volatility Index,CSI Dividend Low Volatility,7935.05,7957.09,7899.76,7904.88,-38.37,-0.48,753977428.0,130.67,50.0,10.76,2018-07-27,10.76,130.67
20180730,H30269,中证红利低波动指数,红利低波,CSI Dividend Low Volatility Index,CSI Dividend Low Volatility,7893.65,7944.77,7834.95,7878.81,-26.07,-0.33,886951056.0,161.21,50.0,10.78,2018-07-30,10.78,161.21
20180731,H30269,中证红利低波动指数,红利低波,CSI Dividend Low Volatility Index,CSI Dividend Low Volatility,7881.42,7943.09,7857.47,7924.8,45.99,0.58,841131645.0,133.09,50.0,10.83,2018-07-31,10.83,133.09
20180801,H30269,中证红利低波动指数,红利低波,CSI Dividend Low Volatility Index,CSI Dividend Low Volatility,7932.39,7953.95,7768.01,7770.95,-153.86,-1.94,1172813033.0,199.13,50.0,10.6,2018-08-01,10.6,199.13
20180802,H30269,中证红利低波动指数,红利低波,CSI Dividend Low Volatility Index,CSI Dividend Low Volatility,7746.68,7746.68,7460.19,7559.18,-211.77,-2.72,1294387700.0,231.32,50.0,10.34,2018-08-02,10.34,231.32
20180803,H30269,中证红利低波动指数,红利低波,CSI Dividend Low Volatility Index,CSI Dividend Low Volatility,7545.22,7573.15,7458.42,7458.46,-100.72,-1.33,783827807.0,153.47,50.0,10.23,2018-08-03,10.23,153.47
20180806,H30269,中证红利低波动指数,红利低波,CSI Dividend Low Volatility Index,CSI Dividend Low Volatility,7464.25,7513.78,7363.46,7394.65,-63.81,-0.86,867917856.0,160.32,50.0,10.18,2018-08-06,10.18,160.32
20180807,H30269,中证红利低波动指数,红利低波,CSI Dividend Low Volatility Index,CSI Dividend Low Volatility,7425.13,7587.65,7386.0,7586.79,192.13,2.6,1127374680.0,187.45,50.0,10.48,2018-08-07,10.48,187.45
20180808,H30269,中证红利低波动指数,红利低波,CSI Dividend Low Volatility Index,CSI Dividend Low Volatility,7573.32,7582.46,7459.78,7463.05,-123.73,-1.63,855307572.0,146.98,50.0,10.3,2018-08-08,10.3,146.98
20180809,H30269,中证红利低波动指数,红利低波,CSI Dividend Low Volatility Index,CSI Dividend Low Volatility,7435.82,7634.5,7431.1,7613.85,150.8,2.02,1054418059.0,194.38,50.0,10.53,2018-08-09,10.53,194.38
20180810,H30269,中证红利低波动指数,红利低波,CSI Dividend Low Volatility Index,CSI Dividend Low Volatility,7613.31,7669.69,7574.11,7620.06,6.21,0.08,889007838.0,153.76,50.0,10.5,2018-08-10,10.5,153.76
20180813,H30269,中证红利低波动指数,红利低波,CSI Dividend Low Volatility Index,CSI Dividend Low Volatility,7548.2,7607.18,7477.1,7588.77,-31.29,-0.41,898009046.0,168.3,50.0,10.39,2018-08-13,10.39,168.3
20180814,H30269,中证红利低波动指数,红利低波,CSI Dividend Low Volatility Index,CSI Dividend Low Volatility,7577.67,7591.02,7529.11,7566.76,-22.01,-0.29,723028750.0,128.9,50.0,10.36,2018-08-14,10.36,128.9
20180815,H30269,中证红利低波动指数,红利低波,CSI Dividend Low Volatility Index,CSI Dividend Low Volatility,7561.35,7563.18,7410.17,7420.39,-146.37,-1.93,785368920.0,152.87,50.0,10.12,2018-08-15,10.12,152.87
20180816,H30269,中证红利低波动指数,红利低波,CSI Dividend Low Volatility Index,CSI Dividend Low Volatility,7349.73,7436.7,7298.99,7368.73,-51.66,-0.7,799304251.0,167.55,50.0,10.05,2018-08-16,10.05,167.55
20180817,H30269,中证红利低波动指数,红利低波,CSI Dividend Low Volatility Index,CSI Dividend Low Volatility,7422.68,7435.88,7275.1,7279.82,-88.91,-1.21,717243274.0,140.97,50.0,9.94,2018-08-17,9.94,140.97
20180820,H30269,中证红利低波动指数,红利低波,CSI Dividend Low Volatility Index,CSI Dividend Low Volatility,7292.09,7350.13,7238.77,7350.13,70.31,0.97,831896426.0,163.92,50.0,10.11,2018-08-20,10.11,163.92
20180821,H30269,中证红利低波动指数,红利低波,CSI Dividend Low Volatility Index,CSI Dividend Low Volatility,7348.87,7454.86,7338.63,7442.35,92.22,1.25,830725548.0,182.35,50.0,10.28,2018-08-21,10.28,182.35
20180822,H30269,中证红利低波动指数,红利低波,CSI Dividend Low Volatility Index,CSI Dividend Low Volatility,7441.2,7441.2,7374.82,7392.84,-49.51,-0.66,658779782.0,148.78,50.0,10.27,2018-08-22,10.27,148.78
20180823,H30269,中证红利低波动指数,红利低波,CSI Dividend Low Volatility Index,CSI Dividend Low Volatility,7383.84,7431.97,7340.09,7392.15,-0.69,-0.01,756751791.0,153.25,50.0,10.28,2018-08-23,10.28,153.25
20180824,H30269,中证红利低波动指数,红利低波,CSI Dividend Low Volatility Index,CSI Dividend Low Volatility,7378.67,7453.74,7344.69,7412.46,20.31,0.27,799839483.0,145.89,50.0,10.31,2018-08-24,10.31,145.89
20180827,H30269,中证红利低波动指数,红利低波,CSI Dividend Low Volatility Index,CSI Dividend Low Volatility,7429.46,7563.92,7428.29,7563.92,151.46,2.04,1166404152.0,215.3,50.0,10.56,2018-08-27,10.56,215.3
20180828,H30269,中证红利低波动指数,红利低波,CSI Dividend Low Volatility Index,CSI Dividend Low Volatility,7566.78,7589.98,7530.23,7550.67,-13.25,-0.18,892616961.0,165.82,50.0,10.52,2018-08-28,10.52,165.82
20180829,H30269,中证红利低波动指数,红利低波,CSI Dividend Low Volatility Index,CSI Dividend Low Volatility,7539.54,7555.06,7501.09,7517.44,-33.23,-0.44,749572857.0,131.09,50.0,10.49,2018-08-29,10.49,131.09
20180830,H30269,中证红利低波动指数,红利低波,CSI Dividend Low Volatility Index,CSI Dividend Low Volatility,7519.51,7556.04,7477.58,7478.43,-39.01,-0.52,701471107.0,135.3,50.0,10.41,2018-08-30,10.41,135.3
20180831,H30269,中证红利低波动指数,红利低波,CSI Dividend Low Volatility Index,CSI Dividend Low Volatility,7470.86,7513.6,7424.35,7462.15,-16.28,-0.22,1072237704.0,196.07,50.0,10.38,2018-08-31,10.38,196.07
20180903,H30269,中证红利低波动指数,红利低波,CSI Dividend Low Volatility Index,CSI Dividend Low Volatility,7440.58,7460.7,7394.09,7452.18,-9.97,-0.13,856530741.0,139.88,50.0,10.2,2018-09-03,10.2,139.88
20180904,H30269,中证红利低波动指数,红利低波,CSI Dividend Low Volatility Index,CSI Dividend Low Volatility,7456.65,7544.14,7433.6,7529.74,77.56,1.04,882310148.0,156.29,50.0,10.35,2018-09-04,10.35,156.29
20180905,H30269,中证红利低波动指数,红利低波,CSI Dividend Low Volatility Index,CSI Dividend Low Volatility,7509.08,7515.29,7392.17,7393.66,-136.08,-1.81,835315419.0,152.04,50.0,10.08,2018-09-05,10.08,152.04
20180906,H30269,中证红利低波动指数,红利低波,CSI Dividend Low Volatility Index,CSI Dividend Low Volatility,7376.06,7424.03,7323.45,7335.87,-57.78,-0.78,761230096.0,148.4,50.0,9.97,2018-09-06,9.97,148.4
20180907,H30269,中证红利低波动指数,红利低波,CSI Dividend Low Volatility Index,CSI Dividend Low Volatility,7347.48,7436.54,7312.73,7362.05,26.18,0.36,746016395.0,139.53,50.0,10.05,2018-09-07,10.05,139.53
20180910,H30269,中证红利低波动指数,红利低波,CSI Dividend Low Volatility Index,CSI Dividend Low Volatility,7372.12,7386.81,7306.04,7312.08,-49.97,-0.68,762524740.0,122.41,50.0,9.99,2018-09-10,9.99,122.41
20180911,H30269,中证红利低波动指数,红利低波,CSI Dividend Low Volatility Index,CSI Dividend Low Volatility,7311.62,7335.21,7268.47,7298.74,-13.34,-0.18,832823125.0,125.49,50.0,9.94,2018-09-11,9.94,125.49
20180912,H30269,中证红利低波动指数,红利低波,CSI Dividend Low Volatility Index,CSI Dividend Low Volatility,7279.16,7322.56,7243.33,7284.49,-14.25,-0.19,716326220.0,128.46,50.0,9.86,2018-09-12,9.86,128.46
20180913,H30269,中证红利低波动指数,红利低波,CSI Dividend Low Volatility Index,CSI Dividend Low Volatility,7339.37,7369.35,7290.21,7366.65,82.17,1.13,923021743.0,159.95,50.0,10.01,2018-09-13,10.01,159.95
20180914,H30269,中证红利低波动指数,红利低波,CSI Dividend Low Volatility Index,CSI Dividend Low Volatility,7380.08,7410.56,7358.15,7384.44,17.79,0.24,686213710.0,143.14,50.0,10.07,2018-09-14,10.07,143.14
20180917,H30269,中证红利低波动指数,红利低波,CSI Dividend Low Volatility Index,CSI Dividend Low Volatility,7365.31,7365.97,7319.5,7336.24,-48.2,-0.65,617184288.0,107.33,50.0,10.0,2018-09-17,10.0,107.33
20180918,H30269,中证红利低波动指数,红利低波,CSI Dividend Low Volatility Index,CSI Dividend Low Volatility,7308.92,7445.54,7307.02,7444.37,108.14,1.47,997009807.0,172.18,50.0,10.21,2018-09-18,10.21,172.18
20180919,H30269,中证红利低波动指数,红利低波,CSI Dividend Low Volatility Index,CSI Dividend Low Volatility,7431.76,7573.22,7417.75,7537.99,93.61,1.26,1358461688.0,256.08,50.0,10.36,2018-09-19,10.36,256.08
20180920,H30269,中证红利低波动指数,红利低波,CSI Dividend Low Volatility Index,CSI Dividend Low Volatility,7534.07,7553.15,7496.86,7511.47,-26.52,-0.35,862331617.0,142.11,50.0,10.33,2018-09-20,10.33,142.11
20180921,H30269,中证红利低波动指数,红利低波,CSI Dividend Low Volatility Index,CSI Dividend Low Volatility,7538.73,7737.39,7530.87,7737.39,225.92,3.01,1546721544.0,276.72,50.0,10.69,2018-09-21,10.69,276.72
20180925,H30269,中证红利低波动指数,红利低波,CSI Dividend Low Volatility Index,CSI Dividend Low Volatility,7664.28,7699.32,7647.67,7672.64,-64.75,-0.84,1057349306.0,192.28,50.0,10.58,2018-09-25,10.58,192.28
20180926,H30269,中证红利低波动指数,红利低波,CSI Dividend Low Volatility Index,CSI Dividend Low Volatility,7681.48,7818.42,7681.48,7745.68,73.04,0.95,1493355679.0,303.29,50.0,10.76,2018-09-26,10.76,303.29
20180927,H30269,中证红利低波动指数,红利低波,CSI Dividend Low Volatility Index,CSI Dividend Low Volatility,7750.45,7750.45,7689.45,7706.17,-39.51,-0.51,949212054.0,184.95,50.0,10.73,2018-09-27,10.73,184.95
20180928,H30269,中证红利低波动指数,红利低波,CSI Dividend Low Volatility Index,CSI Dividend Low Volatility,7724.54,7807.07,7722.58,7806.98,100.82,1.31,1174672923.0,226.75,50.0,10.87,2018-09-28,10.87,226.75
20181008,H30269,中证红利低波动指数,红利低波,CSI Dividend Low Volatility Index,CSI Dividend Low Volatility,7652.84,7659.61,7501.11,7517.46,-289.52,-3.71,1598536555.0,318.3,50.0,10.31,2018-10-08,10.31,318.3
20181009,H30269,中证红利低波动指数,红利低波,CSI Dividend Low Volatility Index,CSI Dividend Low Volatility,7509.35,7534.21,7473.59,7487.86,-29.61,-0.39,956847321.0,172.44,50.0,10.32,2018-10-09,10.32,172.44
20181010,H30269,中证红利低波动指数,红利低波,CSI Dividend Low Volatility Index,CSI Dividend Low Volatility,7487.81,7542.19,7431.54,7486.61,-1.24,-0.02,823726856.0,189.95,50.0,10.25,2018-10-10,10.25,189.95
20181011,H30269,中证红利低波动指数,红利低波,CSI Dividend Low Volatility Index,CSI Dividend Low Volatility,7303.55,7338.07,7064.48,7101.51,-385.1,-5.14,1581817737.0,301.74,50.0,9.84,2018-10-11,9.84,301.74
20181012,H30269,中证红利低波动指数,红利低波,CSI Dividend Low Volatility Index,CSI Dividend Low Volatility,7104.63,7202.96,7019.6,7175.76,74.25,1.04,1193742791.0,225.91,50.0,10.05,2018-10-12,10.05,225.91
20181015,H30269,中证红利低波动指数,红利低波,CSI Dividend Low Volatility Index,CSI Dividend Low Volatility,7182.04,7184.35,7022.8,7040.25,-135.51,-1.89,875851326.0,160.56,50.0,9.92,2018-10-15,9.92,160.56
20181016,H30269,中证红利低波动指数,红利低波,CSI Dividend Low Volatility Index,CSI Dividend Low Volatility,7045.29,7095.56,6933.74,6953.93,-86.32,-1.23,922604057.0,159.91,50.0,9.93,2018-10-16,9.93,159.91
20181017,H30269,中证红利低波动指数,红利低波,CSI Dividend Low Volatility Index,CSI Dividend Low Volatility,7028.99,7048.54,6896.47,7002.32,48.39,0.69,1032322505.0,192.89,50.0,9.97,2018-10-17,9.97,192.89
20181018,H30269,中证红利低波动指数,红利低波,CSI Dividend Low Volatility Index,CSI Dividend Low Volatility,6977.97,6977.97,6882.79,6882.79,-119.53,-1.71,980037916.0,178.15,50.0,9.72,2018-10-18,9.72,178.15
20181019,H30269,中证红利低波动指数,红利低波,CSI Dividend Low Volatility Index,CSI Dividend Low Volatility,6844.31,7089.67,6814.27,7087.35,204.56,2.97,1316473212.0,278.11,50.0,10.06,2018-10-19,10.06,278.11
20181022,H30269,中证红利低波动指数,红利低波,CSI Dividend Low Volatility Index,CSI Dividend Low Volatility,7135.08,7414.83,7134.88,7358.76,271.41,3.83,1796068140.0,367.48,50.0,10.38,2018-10-22,10.38,367.48
20181023,H30269,中证红利低波动指数,红利低波,CSI Dividend Low Volatility Index,CSI Dividend Low Volatility,7349.58,7349.58,7146.99,7181.13,-177.63,-2.41,1243486056.0,306.77,50.0,10.02,2018-10-23,10.02,306.77
20181024,H30269,中证红利低波动指数,红利低波,CSI Dividend Low Volatility Index,CSI Dividend Low Volatility,7160.44,7293.77,7150.18,7188.64,7.51,0.1,1164760392.0,242.91,50.0,10.05,2018-10-24,10.05,242.91
20181025,H30269,中证红利低波动指数,红利低波,CSI Dividend Low Volatility Index,CSI Dividend Low Volatility,7059.11,7237.56,7035.18,7233.47,44.84,0.62,1195499084.0,236.72,50.0,10.08,2018-10-25,10.08,236.72
20181026,H30269,中证红利低波动指数,红利低波,CSI Dividend Low Volatility Index,CSI Dividend Low Volatility,7255.66,7339.22,7206.34,7244.41,10.94,0.15,1204434253.0,223.38,50.0,10.05,2018-10-26,10.05,223.38
20181029,H30269,中证红利低波动指数,红利低波,CSI Dividend Low Volatility Index,CSI Dividend Low Volatility,7232.46,7236.42,7026.62,7053.79,-190.62,-2.63,1324262366.0,261.95,50.0,9.64,2018-10-29,9.64,261.95
20181030,H30269,中证红利低波动指数,红利低波,CSI Dividend Low Volatility Index,CSI Dividend Low Volatility,7057.6,7161.09,6994.91,7104.96,51.18,0.73,1369760978.0,349.26,50.0,9.68,2018-10-30,9.68,349.26
20181031,H30269,中证红利低波动指数,红利低波,CSI Dividend Low Volatility Index,CSI Dividend Low Volatility,7110.8,7199.55,7084.52,7162.04,57.08,0.8,1292995706.0,253.15,50.0,9.8,2018-10-31,9.8,253.15
20181101,H30269,中证红利低波动指数,红利低波,CSI Dividend Low Volatility Index,CSI Dividend Low Volatility,7211.06,7269.9,7184.08,7196.71,34.67,0.48,1459123266.0,283.7,50.0,9.7,2018-11-01,9.7,283.7
20181102,H30269,中证红利低波动指数,红利低波,CSI Dividend Low Volatility Index,CSI Dividend Low Volatility,7322.49,7382.23,7252.35,7382.23,185.52,2.58,1864510757.0,363.93,50.0,10.01,2018-11-02,10.01,363.93
20181105,H30269,中证红利低波动指数,红利低波,CSI Dividend Low Volatility Index,CSI Dividend Low Volatility,7347.08,7388.2,7279.08,7350.24,-31.99,-0.43,1194756632.0,230.79,50.0,9.87,2018-11-05,9.87,230.79
20181106,H30269,中证红利低波动指数,红利低波,CSI Dividend Low Volatility Index,CSI Dividend Low Volatility,7340.33,7340.41,7264.5,7319.18,-31.06,-0.42,942235027.0,164.63,50.0,9.82,2018-11-06,9.82,164.63
20181107,H30269,中证红利低波动指数,红利低波,CSI Dividend Low Volatility Index,CSI Dividend Low Volatility,7329.66,7368.49,7269.09,7273.39,-45.78,-0.63,965550826.0,172.6,50.0,9.75,2018-11-07,9.75,172.6
20181108,H30269,中证红利低波动指数,红利低波,CSI Dividend Low Volatility Index,CSI Dividend Low Volatility,7327.33,7334.7,7248.67,7256.47,-16.93,-0.23,775770831.0,149.71,50.0,9.78,2018-11-08,9.78,149.71
20181109,H30269,中证红利低波动指数,红利低波,CSI Dividend Low Volatility Index,CSI Dividend Low Volatility,7224.03,7234.8,7175.05,7183.8,-72.67,-1.0,976056865.0,176.41,50.0,9.58,2018-11-09,9.58,176.41
20181112,H30269,中证红利低波动指数,红利低波,CSI Dividend Low Volatility Index,CSI Dividend Low Volatility,7167.63,7285.7,7165.59,7281.51,97.71,1.36,974579527.0,189.6,50.0,9.6,2018-11-12,9.6,189.6
20181113,H30269,中证红利低波动指数,红利低波,CSI Dividend Low Volatility Index,CSI Dividend Low Volatility,7206.61,7379.81,7199.32,7349.17,67.66,0.93,1109566553.0,200.06,50.0,9.68,2018-11-13,9.68,200.06
20181114,H30269,中证红利低波动指数,红利低波,CSI Dividend Low Volatility Index,CSI Dividend Low Volatility,7348.93,7374.0,7288.01,7300.16,-49.0,-0.67,1159801470.0,190.09,50.0,9.54,2018-11-14,9.54,190.09
20181115,H30269,中证红利低波动指数,红利低波,CSI Dividend Low Volatility Index,CSI Dividend Low Volatility,7295.47,7367.45,7295.05,7367.19,67.03,0.92,889358941.0,147.46,50.0,9.63,2018-11-15,9.63,147.46
20181116,H30269,中证红利低波动指数,红利低波,CSI Dividend Low Volatility Index,CSI Dividend Low Volatility,7374.95,7460.84,7359.04,7427.3,60.11,0.81,1320590976.0,198.8,50.0,9.67,2018-11-16,9.67,198.8
20181119,H30269,中证红利低波动指数,红利低波,CSI Dividend Low Volatility Index,CSI Dividend Low Volatility,7439.24,7503.38,7431.81,7503.38,76.08,1.02,1191172965.0,191.07,50.0,9.79,2018-11-19,9.79,191.07
20181120,H30269,中证红利低波动指数,红利低波,CSI Dividend Low Volatility Index,CSI Dividend Low Volatility,7460.76,7488.03,7349.42,7356.0,-147.39,-1.96,1108306478.0,172.51,50.0,9.62,2018-11-20,9.62,172.51
20181121,H30269,中证红利低波动指数,红利低波,CSI Dividend Low Volatility Index,CSI Dividend Low Volatility,7287.91,7376.2,7279.81,7363.29,7.3,0.1,887896016.0,140.73,50.0,9.62,2018-11-21,9.62,140.73
20181122,H30269,中证红利低波动指数,红利低波,CSI Dividend Low Volatility Index,CSI Dividend Low Volatility,7375.89,7387.07,7315.45,7360.01,-3.28,-0.04,746144133.0,128.54,50.0,9.59,2018-11-22,9.59,128.54
20181123,H30269,中证红利低波动指数,红利低波,CSI Dividend Low Volatility Index,CSI Dividend Low Volatility,7354.56,7362.72,7188.83,7196.57,-163.44,-2.22,908091338.0,136.73,50.0,9.44,2018-11-23,9.44,136.73
20181126,H30269,中证红利低波动指数,红利低波,CSI Dividend Low Volatility Index,CSI Dividend Low Volatility,7205.43,7278.16,7190.36,7225.83,29.26,0.41,705199182.0,113.14,50.0,9.46,2018-11-26,9.46,113.14
20181127,H30269,中证红利低波动指数,红利低波,CSI Dividend Low Volatility Index,CSI Dividend Low Volatility,7243.1,7257.34,7181.58,7197.1,-28.73,-0.4,670301674.0,107.7,50.0,9.43,2018-11-27,9.43,107.7
20181128,H30269,中证红利低波动指数,红利低波,CSI Dividend Low Volatility Index,CSI Dividend Low Volatility,7202.59,7270.42,7164.21,7269.04,71.94,1.0,692219189.0,122.46,50.0,9.54,2018-11-28,9.54,122.46
20181129,H30269,中证红利低波动指数,红利低波,CSI Dividend Low Volatility Index,CSI Dividend Low Volatility,7304.15,7316.13,7191.68,7192.66,-76.38,-1.05,848479399.0,149.87,50.0,9.46,2018-11-29,9.46,149.87
20181130,H30269,中证红利低波动指数,红利低波,CSI Dividend Low Volatility Index,CSI Dividend Low Volatility,7195.58,7253.48,7173.11,7250.76,58.1,0.81,824681642.0,147.82,50.0,9.57,2018-11-30,9.57,147.82
20181203,H30269,中证红利低波动指数,红利低波,CSI Dividend Low Volatility Index,CSI Dividend Low Volatility,7406.02,7453.6,7353.64,7439.03,188.27,2.6,1584112589.0,310.81,50.0,9.84,2018-12-03,9.84,310.81
20181204,H30269,中证红利低波动指数,红利低波,CSI Dividend Low Volatility Index,CSI Dividend Low Volatility,7427.34,7453.22,7400.77,7447.17,8.14,0.11,1166856578.0,182.02,50.0,9.84,2018-12-04,9.84,182.02
20181205,H30269,中证红利低波动指数,红利低波,CSI Dividend Low Volatility Index,CSI Dividend Low Volatility,7359.03,7443.35,7350.36,7401.46,-45.71,-0.61,882358436.0,160.98,50.0,9.8,2018-12-05,9.8,160.98
20181206,H30269,中证红利低波动指数,红利低波,CSI Dividend Low Volatility Index,CSI Dividend Low Volatility,7353.69,7365.12,7292.16,7293.44,-108.02,-1.46,939287796.0,171.06,50.0,9.62,2018-12-06,9.62,171.06
20181207,H30269,中证红利低波动指数,红利低波,CSI Dividend Low Volatility Index,CSI Dividend Low Volatility,7301.63,7336.38,7300.97,7318.91,25.46,0.35,627802587.0,109.65,50.0,9.62,2018-12-07,9.62,109.65
20181210,H30269,中证红利低波动指数,红利低波,CSI Dividend Low Volatility Index,CSI Dividend Low Volatility,7277.2,7305.9,7232.97,7246.88,-72.02,-0.98,770554480.0,130.5,50.0,9.53,2018-12-10,9.53,130.5
20181211,H30269,中证红利低波动指数,红利低波,CSI Dividend Low Volatility Index,CSI Dividend Low Volatility,7256.19,7297.48,7254.28,7292.15,45.27,0.62,664582522.0,110.61,50.0,9.57,2018-12-11,9.57,110.61
20181212,H30269,中证红利低波动指数,红利低波,CSI Dividend Low Volatility Index,CSI Dividend Low Volatility,7330.8,7347.39,7295.74,7323.56,31.4,0.43,750273968.0,123.93,50.0,9.63,2018-12-12,9.63,123.93
20181213,H30269,中证红利低波动指数,红利低波,CSI Dividend Low Volatility Index,CSI Dividend Low Volatility,7341.87,7454.16,7330.66,7425.53,101.97,1.39,1321879270.0,218.07,50.0,9.77,2018-12-13,9.77,218.07
20181214,H30269,中证红利低波动指数,红利低波,CSI Dividend Low Volatility Index,CSI Dividend Low Volatility,7408.61,7417.09,7327.45,7327.45,-98.08,-1.32,1204102291.0,179.24,50.0,9.64,2018-12-14,9.64,179.24
20181217,H30269,中证红利低波动指数,红利低波,CSI Dividend Low Volatility Index,CSI Dividend Low Volatility,7320.66,7375.37,7298.24,7375.17,47.72,0.65,1300589019.0,103.44,50.0,7.06,2018-12-17,7.06,103.44
20181218,H30269,中证红利低波动指数,红利低波,CSI Dividend Low Volatility Index,CSI Dividend Low Volatility,7340.57,7380.96,7290.68,7327.92,-47.25,-0.64,1290143135.0,107.28,50.0,7.01,2018-12-18,7.01,107.28
20181219,H30269,中证红利低波动指数,红利低波,CSI Dividend Low Volatility Index,CSI Dividend Low Volatility,7341.89,7367.54,7309.19,7313.98,-13.93,-0.19,1165397942.0,109.19,50.0,6.97,2018-12-19,6.97,109.19
20181220,H30269,中证红利低波动指数,红利低波,CSI Dividend Low Volatility Index,CSI Dividend Low Volatility,7317.93,7338.83,7240.18,7284.23,-29.75,-0.41,1797184204.0,145.06,50.0,6.88,2018-12-20,6.88,145.06
20181221,H30269,中证红利低波动指数,红利低波,CSI Dividend Low Volatility Index,CSI Dividend Low Volatility,7263.41,7272.39,7198.18,7239.22,-45.01,-0.62,1616611438.0,134.44,50.0,6.84,2018-12-21,6.84,134.44
20181224,H30269,中证红利低波动指数,红利低波,CSI Dividend Low Volatility Index,CSI Dividend Low Volatility,7219.23,7278.15,7204.42,7266.21,26.99,0.37,1150644890.0,97.53,50.0,6.85,2018-12-24,6.85,97.53
20181225,H30269,中证红利低波动指数,红利低波,CSI Dividend Low Volatility Index,CSI Dividend Low Volatility,7222.4,7251.78,7130.69,7236.64,-29.57,-0.41,1510842664.0,116.38,50.0,6.86,2018-12-25,6.86,116.38
20181226,H30269,中证红利低波动指数,红利低波,CSI Dividend Low Volatility Index,CSI Dividend Low Volatility,7223.31,7272.8,7214.81,7257.39,20.75,0.29,1085769818.0,89.16,50.0,6.88,2018-12-26,6.88,89.16
20181227,H30269,中证红利低波动指数,红利低波,CSI Dividend Low Volatility Index,CSI Dividend Low Volatility,7325.39,7333.89,7250.21,7258.89,1.5,0.02,1432601060.0,117.99,50.0,6.89,2018-12-27,6.89,117.99
20181228,H30269,中证红利低波动指数,红利低波,CSI Dividend Low Volatility Index,CSI Dividend Low Volatility,7260.52,7306.49,7246.49,7293.04,34.15,0.47,1319511130.0,109.86,50.0,6.92,2018-12-28,6.92,109.86
20190102,H30269,中证红利低波动指数,红利低波,CSI Dividend Low Volatility Index,CSI Dividend Low Volatility,7291.77,7292.86,7172.99,7189.73,-103.31,-1.42,1250481464.0,94.62,50.0,6.79,2019-01-02,6.79,94.62
20190103,H30269,中证红利低波动指数,红利低波,CSI Dividend Low Volatility Index,CSI Dividend Low Volatility,7172.48,7248.23,7167.38,7188.29,-1.44,-0.02,1019275316.0,81.14,50.0,6.81,2019-01-03,6.81,81.14
20190104,H30269,中证红利低波动指数,红利低波,CSI Dividend Low Volatility Index,CSI Dividend Low Volatility,7151.54,7285.78,7138.18,7285.19,96.9,1.35,1369091196.0,111.21,50.0,6.9,2019-01-04,6.9,111.21
20190107,H30269,中证红利低波动指数,红利低波,CSI Dividend Low Volatility Index,CSI Dividend Low Volatility,7323.57,7335.81,7288.25,7320.5,35.31,0.48,1385481475.0,107.21,50.0,6.89,2019-01-07,6.89,107.21
20190108,H30269,中证红利低波动指数,红利低波,CSI Dividend Low Volatility Index,CSI Dividend Low Volatility,7313.52,7329.19,7284.61,7323.94,3.45,0.05,1321861822.0,83.91,50.0,6.86,2019-01-08,6.86,83.91
20190109,H30269,中证红利低波动指数,红利低波,CSI Dividend Low Volatility Index,CSI Dividend Low Volatility,7347.83,7454.08,7345.35,7370.56,46.61,0.64,1754255316.0,140.76,50.0,6.92,2019-01-09,6.92,140.76
20190110,H30269,中证红利低波动指数,红利低波,CSI Dividend Low Volatility Index,CSI Dividend Low Volatility,7359.04,7383.43,7336.06,7340.07,-30.49,-0.41,1271740327.0,91.29,50.0,6.87,2019-01-10,6.87,91.29
20190111,H30269,中证红利低波动指数,红利低波,CSI Dividend Low Volatility Index,CSI Dividend Low Volatility,7355.47,7380.72,7324.15,7375.04,34.97,0.48,1086817972.0,83.38,50.0,6.91,2019-01-11,6.91,83.38
20190114,H30269,中证红利低波动指数,红利低波,CSI Dividend Low Volatility Index,CSI Dividend Low Volatility,7370.19,7388.73,7333.03,7344.35,-30.69,-0.42,980482614.0,74.26,50.0,6.86,2019-01-14,6.86,74.26
20190115,H30269,中证红利低波动指数,红利低波,CSI Dividend Low Volatility Index,CSI Dividend Low Volatility,7349.62,7421.57,7327.07,7414.2,69.85,0.95,1227947189.0,100.59,50.0,6.92,2019-01-15,6.92,100.59
20190116,H30269,中证红利低波动指数,红利低波,CSI Dividend Low Volatility Index,CSI Dividend Low Volatility,7408.99,7434.89,7403.15,7423.54,9.34,0.13,1013021498.0,79.8,50.0,6.93,2019-01-16,6.93,79.8
20190117,H30269,中证红利低波动指数,红利低波,CSI Dividend Low Volatility Index,CSI Dividend Low Volatility,7436.51,7469.44,7403.07,7446.21,22.67,0.31,1373775164.0,99.82,50.0,6.92,2019-01-17,6.92,99.82
20190118,H30269,中证红利低波动指数,红利低波,CSI Dividend Low Volatility Index,CSI Dividend Low Volatility,7457.62,7481.8,7426.58,7475.87,29.67,0.4,2179993350.0,155.75,50.0,7.04,2019-01-18,7.04,155.75
20190121,H30269,中证红利低波动指数,红利低波,CSI Dividend Low Volatility Index,CSI Dividend Low Volatility,7481.62,7521.23,7476.21,7487.87,12.0,0.16,1859550489.0,133.67,50.0,7.07,2019-01-21,7.07,133.67
20190122,H30269,中证红利低波动指数,红利低波,CSI Dividend Low Volatility Index,CSI Dividend Low Volatility,7492.0,7502.69,7433.12,7448.57,-39.3,-0.52,1305740881.0,101.33,50.0,7.02,2019-01-22,7.02,101.33
20190123,H30269,中证红利低波动指数,红利低波,CSI Dividend Low Volatility Index,CSI Dividend Low Volatility,7448.93,7495.09,7442.71,7483.45,34.88,0.47,1171346501.0,84.84,50.0,7.05,2019-01-23,7.05,84.84
20190124,H30269,中证红利低波动指数,红利低波,CSI Dividend Low Volatility Index,CSI Dividend Low Volatility,7494.66,7521.13,7469.38,7504.45,21.0,0.28,1290614067.0,100.2,50.0,7.09,2019-01-24,7.09,100.2
20190125,H30269,中证红利低波动指数,红利低波,CSI Dividend Low Volatility Index,CSI Dividend Low Volatility,7517.17,7582.06,7517.17,7545.33,40.88,0.54,1817462766.0,146.85,50.0,7.18,2019-01-25,7.18,146.85
20190128,H30269,中证红利低波动指数,红利低波,CSI Dividend Low Volatility Index,CSI Dividend Low Volatility,7577.81,7624.64,7526.53,7538.87,-6.46,-0.08,1481811189.0,121.93,50.0,7.19,2019-01-28,7.19,121.93
20190129,H30269,中证红利低波动指数,红利低波,CSI Dividend Low Volatility Index,CSI Dividend Low Volatility,7540.41,7594.8,7476.47,7589.87,51.0,0.68,1517675520.0,120.42,50.0,7.25,2019-01-29,7.25,120.42
20190130,H30269,中证红利低波动指数,红利低波,CSI Dividend Low Volatility Index,CSI Dividend Low Volatility,7570.99,7615.58,7544.42,7561.15,-28.72,-0.38,1370383406.0,115.72,50.0,7.23,2019-01-30,7.23,115.72
20190131,H30269,中证红利低波动指数,红利低波,CSI Dividend Low Volatility Index,CSI Dividend Low Volatility,7573.75,7635.04,7560.02,7589.74,28.6,0.38,1770749823.0,143.06,50.0,7.34,2019-01-31,7.34,143.06
20190201,H30269,中证红利低波动指数,红利低波,CSI Dividend Low Volatility Index,CSI Dividend Low Volatility,7624.94,7668.44,7588.97,7668.44,78.69,1.04,1375597502.0,115.01,50.0,7.35,2019-02-01,7.35,115.01
20190211,H30269,中证红利低波动指数,红利低波,CSI Dividend Low Volatility Index,CSI Dividend Low Volatility,7656.2,7739.77,7643.19,7736.98,68.54,0.89,1523877784.0,123.8,50.0,7.35,2019-02-11,7.35,123.8
20190212,H30269,中证红利低波动指数,红利低波,CSI Dividend Low Volatility Index,CSI Dividend Low Volatility,7726.49,7789.67,7720.3,7774.54,37.56,0.49,1601226186.0,129.81,50.0,7.36,2019-02-12,7.36,129.81
20190213,H30269,中证红利低波动指数,红利低波,CSI Dividend Low Volatility Index,CSI Dividend Low Volatility,7778.63,7874.84,7757.31,7861.83,87.3,1.12,2393387047.0,185.61,50.0,7.46,2019-02-13,7.46,185.61
20190214,H30269,中证红利低波动指数,红利低波,CSI Dividend Low Volatility Index,CSI Dividend Low Volatility,7855.6,7873.67,7813.49,7845.8,-16.04,-0.2,2019698654.0,146.64,50.0,7.41,2019-02-14,7.41,146.64
20190215,H30269,中证红利低波动指数,红利低波,CSI Dividend Low Volatility Index,CSI Dividend Low Volatility,7824.98,7824.98,7699.86,7703.95,-141.85,-1.81,2090099671.0,172.99,50.0,7.25,2019-02-15,7.25,172.99
20190218,H30269,中证红利低波动指数,红利低波,CSI Dividend Low Volatility Index,CSI Dividend Low Volatility,7744.53,7865.35,7744.53,7865.35,161.4,2.09,2410614355.0,188.49,50.0,7.38,2019-02-18,7.38,188.49
20190219,H30269,中证红利低波动指数,红利低波,CSI Dividend Low Volatility Index,CSI Dividend Low Volatility,7892.21,7917.57,7817.45,7857.23,-8.12,-0.1,2530804055.0,196.72,50.0,7.36,2019-02-19,7.36,196.72
20190220,H30269,中证红利低波动指数,红利低波,CSI Dividend Low Volatility Index,CSI Dividend Low Volatility,7860.88,7885.44,7821.07,7867.22,9.99,0.13,1752356818.0,149.96,50.0,7.39,2019-02-20,7.39,149.96
20190221,H30269,中证红利低波动指数,红利低波,CSI Dividend Low Volatility Index,CSI Dividend Low Volatility,7868.22,7912.4,7799.97,7815.24,-51.98,-0.66,2028532106.0,162.66,50.0,7.35,2019-02-21,7.35,162.66
20190222,H30269,中证红利低波动指数,红利低波,CSI Dividend Low Volatility Index,CSI Dividend Low Volatility,7802.56,7876.79,7750.78,7876.06,60.82,0.78,2303202756.0,172.07,50.0,7.38,2019-02-22,7.38,172.07
20190225,H30269,中证红利低波动指数,红利低波,CSI Dividend Low Volatility Index,CSI Dividend Low Volatility,7908.8,8216.38,7908.8,8204.63,328.57,4.17,5986539863.0,452.28,50.0,7.77,2019-02-25,7.77,452.28
20190226,H30269,中证红利低波动指数,红利低波,CSI Dividend Low Volatility Index,CSI Dividend Low Volatility,8198.47,8250.52,8126.84,8142.04,-62.6,-0.76,5216642321.0,389.76,50.0,7.63,2019-02-26,7.63,389.76
20190227,H30269,中证红利低波动指数,红利低波,CSI Dividend Low Volatility Index,CSI Dividend Low Volatility,8144.26,8273.01,8103.41,8162.64,20.61,0.25,4435448640.0,333.13,50.0,7.67,2019-02-27,7.67,333.13
20190228,H30269,中证红利低波动指数,红利低波,CSI Dividend Low Volatility Index,CSI Dividend Low Volatility,8163.25,8214.26,8120.15,8139.47,-23.18,-0.28,2771913791.0,219.68,50.0,7.64,2019-02-28,7.64,219.68
20190301,H30269,中证红利低波动指数,红利低波,CSI Dividend Low Volatility Index,CSI Dividend Low Volatility,8170.34,8237.14,8108.64,8235.71,96.24,1.18,3450749896.0,290.65,50.0,7.8,2019-03-01,7.8,290.65
20190304,H30269,中证红利低波动指数,红利低波,CSI Dividend Low Volatility Index,CSI Dividend Low Volatility,8279.03,8475.59,8263.79,8350.08,114.37,1.39,6263621711.0,516.14,50.0,7.85,2019-03-04,7.85,516.14
20190305,H30269,中证红利低波动指数,红利低波,CSI Dividend Low Volatility Index,CSI Dividend Low Volatility,8334.77,8436.77,8311.05,8435.65,85.57,1.02,4317855312.0,347.57,50.0,7.83,2019-03-05,7.83,347.57
20190306,H30269,中证红利低波动指数,红利低波,CSI Dividend Low Volatility Index,CSI Dividend Low Volatility,8444.23,8513.02,8403.26,8509.1,73.45,0.87,4690587721.0,351.59,50.0,7.87,2019-03-06,7.87,351.59
20190307,H30269,中证红利低波动指数,红利低波,CSI Dividend Low Volatility Index,CSI Dividend Low Volatility,8494.25,8515.12,8399.32,8459.81,-49.3,-0.58,4428850856.0,353.5,50.0,7.74,2019-03-07,7.74,353.5
20190308,H30269,中证红利低波动指数,红利低波,CSI Dividend Low Volatility Index,CSI Dividend Low Volatility,8366.8,8379.89,8136.2,8141.37,-318.43,-3.76,4645890510.0,362.75,50.0,7.49,2019-03-08,7.49,362.75
20190311,H30269,中证红利低波动指数,红利低波,CSI Dividend Low Volatility Index,CSI Dividend Low Volatility,8134.37,8279.27,8124.17,8276.08,134.71,1.65,3537677338.0,284.25,50.0,7.54,2019-03-11,7.54,284.25
20190312,H30269,中证红利低波动指数,红利低波,CSI Dividend Low Volatility Index,CSI Dividend Low Volatility,8317.23,8422.17,8275.21,8350.44,74.36,0.9,3801688096.0,311.55,50.0,7.58,2019-03-12,7.58,311.55
20190313,H30269,中证红利低波动指数,红利低波,CSI Dividend Low Volatility Index,CSI Dividend Low Volatility,8340.76,8403.26,8283.65,8326.55,-23.89,-0.29,3571035263.0,305.52,50.0,7.55,2019-03-13,7.55,305.52
20190314,H30269,中证红利低波动指数,红利低波,CSI Dividend Low Volatility Index,CSI Dividend Low Volatility,8311.49,8381.72,8182.53,8235.86,-90.69,-1.09,2793400833.0,237.56,50.0,7.54,2019-03-14,7.54,237.56
20190315,H30269,中证红利低波动指数,红利低波,CSI Dividend Low Volatility Index,CSI Dividend Low Volatility,8255.93,8422.33,8255.93,8368.74,132.87,1.61,2930485839.0,258.53,50.0,7.59,2019-03-15,7.59,258.53
20190318,H30269,中证红利低波动指数,红利低波,CSI Dividend Low Volatility Index,CSI Dividend Low Volatility,8399.17,8614.05,8369.53,8614.05,245.32,2.93,3902128019.0,345.62,50.0,7.74,2019-03-18,7.74,345.62
20190319,H30269,中证红利低波动指数,红利低波,CSI Dividend Low Volatility Index,CSI Dividend Low Volatility,8624.03,8689.09,8555.65,8601.73,-12.32,-0.14,2886092340.0,260.52,50.0,7.72,2019-03-19,7.72,260.52
20190320,H30269,中证红利低波动指数,红利低波,CSI Dividend Low Volatility Index,CSI Dividend Low Volatility,8583.1,8642.01,8513.95,8636.23,34.51,0.4,2761746494.0,237.26,50.0,7.7,2019-03-20,7.7,237.26
20190321,H30269,中证红利低波动指数,红利低波,CSI Dividend Low Volatility Index,CSI Dividend Low Volatility,8639.42,8691.34,8618.11,8640.41,4.18,0.05,2859593745.0,248.44,50.0,7.67,2019-03-21,7.67,248.44
20190322,H30269,中证红利低波动指数,红利低波,CSI Dividend Low Volatility Index,CSI Dividend Low Volatility,8647.13,8696.13,8567.77,8687.53,47.11,0.54,2913733910.0,231.42,50.0,7.68,2019-03-22,7.68,231.42
20190325,H30269,中证红利低波动指数,红利低波,CSI Dividend Low Volatility Index,CSI Dividend Low Volatility,8608.43,8692.08,8580.13,8589.63,-97.89,-1.13,4298115021.0,317.52,50.0,7.52,2019-03-25,7.52,317.52
20190326,H30269,中证红利低波动指数,红利低波,CSI Dividend Low Volatility Index,CSI Dividend Low Volatility,8629.5,8648.41,8449.72,8471.85,-117.78,-1.37,3278917078.0,247.59,50.0,7.49,2019-03-26,7.49,247.59
20190327,H30269,中证红利低波动指数,红利低波,CSI Dividend Low Volatility Index,CSI Dividend Low Volatility,8496.65,8581.05,8421.69,8580.6,108.75,1.28,2860540615.0,233.97,50.0,7.56,2019-03-27,7.56,233.97
20190328,H30269,中证红利低波动指数,红利低波,CSI Dividend Low Volatility Index,CSI Dividend Low Volatility,8569.46,8569.7,8477.03,8484.22,-96.38,-1.12,2510708810.0,215.88,50.0,7.51,2019-03-28,7.51,215.88
20190329,H30269,中证红利低波动指数,红利低波,CSI Dividend Low Volatility Index,CSI Dividend Low Volatility,8468.16,8711.45,8449.09,8700.71,216.5,2.55,3766848192.0,348.37,50.0,7.71,2019-03-29,7.71,348.37
20190401,H30269,中证红利低波动指数,红利低波,CSI Dividend Low Volatility Index,CSI Dividend Low Volatility,8742.78,8939.61,8741.58,8922.88,222.16,2.55,4754984467.0,429.04,50.0,7.83,2019-04-01,7.83,429.04
20190402,H30269,中证红利低波动指数,红利低波,CSI Dividend Low Volatility Index,CSI Dividend Low Volatility,8979.23,8981.74,8881.98,8907.76,-15.11,-0.17,3739399918.0,329.8,50.0,7.83,2019-04-02,7.83,329.8
20190403,H30269,中证红利低波动指数,红利低波,CSI Dividend Low Volatility Index,CSI Dividend Low Volatility,8859.72,9023.15,8841.42,9015.97,108.21,1.21,4113100366.0,350.01,50.0,7.91,2019-04-03,7.91,350.01
20190404,H30269,中证红利低波动指数,红利低波,CSI Dividend Low Volatility Index,CSI Dividend Low Volatility,9048.8,9140.94,9032.07,9126.16,110.19,1.22,4528364773.0,401.71,50.0,8.03,2019-04-04,8.03,401.71
20190408,H30269,中证红利低波动指数,红利低波,CSI Dividend Low Volatility Index,CSI Dividend Low Volatility,9151.2,9200.65,8993.36,9095.14,-31.01,-0.34,4752969607.0,421.38,50.0,8.03,2019-04-08,8.03,421.38
20190409,H30269,中证红利低波动指数,红利低波,CSI Dividend Low Volatility Index,CSI Dividend Low Volatility,9101.91,9168.51,9063.81,9135.07,39.92,0.44,3296495048.0,325.78,50.0,8.01,2019-04-09,8.01,325.78
20190410,H30269,中证红利低波动指数,红利低波,CSI Dividend Low Volatility Index,CSI Dividend Low Volatility,9080.46,9224.88,9051.1,9151.99,16.92,0.19,3096124389.0,315.22,50.0,8.0,2019-04-10,8.0,315.22
20190411,H30269,中证红利低波动指数,红利低波,CSI Dividend Low Volatility Index,CSI Dividend Low Volatility,9144.66,9189.94,9013.99,9033.57,-118.42,-1.29,2873504197.0,276.84,50.0,7.93,2019-04-11,7.93,276.84
20190412,H30269,中证红利低波动指数,红利低波,CSI Dividend Low Volatility Index,CSI Dividend Low Volatility,9041.32,9069.64,8958.01,9013.5,-20.07,-0.22,2249657051.0,210.79,50.0,7.92,2019-04-12,7.92,210.79
20190415,H30269,中证红利低波动指数,红利低波,CSI Dividend Low Volatility Index,CSI Dividend Low Volatility,9135.27,9177.74,8961.53,8965.55,-47.95,-0.53,4070139661.0,363.99,50.0,7.95,2019-04-15,7.95,363.99
20190416,H30269,中证红利低波动指数,红利低波,CSI Dividend Low Volatility Index,CSI Dividend Low Volatility,8927.33,9106.58,8836.18,9106.58,141.03,1.57,4887436982.0,420.58,50.0,8.19,2019-04-16,8.19,420.58
20190417,H30269,中证红利低波动指数,红利低波,CSI Dividend Low Volatility Index,CSI Dividend Low Volatility,9094.48,9175.42,9055.51,9137.35,30.77,0.34,3546983871.0,333.25,50.0,8.19,2019-04-17,8.19,333.25
20190418,H30269,中证红利低波动指数,红利低波,CSI Dividend Low Volatility Index,CSI Dividend Low Volatility,9129.55,9129.55,9038.7,9048.72,-88.63,-0.97,2396349835.0,222.93,50.0,8.1,2019-04-18,8.1,222.93
20190419,H30269,中证红利低波动指数,红利低波,CSI Dividend Low Volatility Index,CSI Dividend Low Volatility,9038.23,9106.31,8982.61,9089.18,40.46,0.45,2258710666.0,212.68,50.0,8.16,2019-04-19,8.16,212.68
20190422,H30269,中证红利低波动指数,红利低波,CSI Dividend Low Volatility Index,CSI Dividend Low Volatility,9082.57,9089.53,8855.61,8872.28,-216.89,-2.39,3253091441.0,320.94,50.0,7.94,2019-04-22,7.94,320.94
20190423,H30269,中证红利低波动指数,红利低波,CSI Dividend Low Volatility Index,CSI Dividend Low Volatility,8868.54,8887.55,8782.99,8804.18,-68.11,-0.77,2446073714.0,225.6,50.0,7.94,2019-04-23,7.94,225.6
20190424,H30269,中证红利低波动指数,红利低波,CSI Dividend Low Volatility Index,CSI Dividend Low Volatility,8828.53,8836.84,8700.82,8815.41,11.23,0.13,2373181027.0,206.04,50.0,7.94,2019-04-24,7.94,206.04
20190425,H30269,中证红利低波动指数,红利低波,CSI Dividend Low Volatility Index,CSI Dividend Low Volatility,8797.69,8797.69,8578.49,8581.99,-233.42,-2.65,2429525887.0,213.03,50.0,7.84,2019-04-25,7.84,213.03
20190426,H30269,中证红利低波动指数,红利低波,CSI Dividend Low Volatility Index,CSI Dividend Low Volatility,8559.28,8584.26,8471.27,8479.32,-102.66,-1.2,2252092114.0,199.59,50.0,7.74,2019-04-26,7.74,199.59
20190429,H30269,中证红利低波动指数,红利低波,CSI Dividend Low Volatility Index,CSI Dividend Low Volatility,8503.77,8579.85,8457.96,8483.69,4.36,0.05,2508144440.0,221.57,50.0,7.83,2019-04-29,7.83,221.57
20190430,H30269,中证红利低波动指数,红利低波,CSI Dividend Low Volatility Index,CSI Dividend Low Volatility,8472.13,8576.49,8472.13,8566.21,82.52,0.97,2197583477.0,214.92,50.0,7.85,2019-04-30,7.85,214.92
20190506,H30269,中证红利低波动指数,红利低波,CSI Dividend Low Volatility Index,CSI Dividend Low Volatility,8359.16,8359.16,8057.7,8146.07,-420.14,-4.9,4055075567.0,342.96,50.0,8.11,2019-05-06,8.11,342.96
20190507,H30269,中证红利低波动指数,红利低波,CSI Dividend Low Volatility Index,CSI Dividend Low Volatility,8177.32,8251.76,8135.85,8221.78,75.71,0.93,2263179588.0,201.03,50.0,8.1,2019-05-07,8.1,201.03
20190508,H30269,中证红利低波动指数,红利低波,CSI Dividend Low Volatility Index,CSI Dividend Low Volatility,8100.74,8249.0,8085.84,8150.81,-70.97,-0.86,2024118015.0,170.76,50.0,7.99,2019-05-08,7.99,170.76
20190509,H30269,中证红利低波动指数,红利低波,CSI Dividend Low Volatility Index,CSI Dividend Low Volatility,8102.63,8157.65,8028.21,8035.58,-115.23,-1.41,1980486316.0,174.01,50.0,7.88,2019-05-09,7.88,174.01
20190510,H30269,中证红利低波动指数,红利低波,CSI Dividend Low Volatility Index,CSI Dividend Low Volatility,8096.43,8271.16,7995.11,8269.99,234.41,2.92,2369357634.0,204.53,50.0,8.06,2019-05-10,8.06,204.53
20190513,H30269,中证红利低波动指数,红利低波,CSI Dividend Low Volatility Index,CSI Dividend Low Volatility,8172.93,8222.18,8139.78,8194.37,-75.63,-0.91,1783609494.0,142.94,50.0,7.95,2019-05-13,7.95,142.94
20190514,H30269,中证红利低波动指数,红利低波,CSI Dividend Low Volatility Index,CSI Dividend Low Volatility,8119.64,8200.54,8102.38,8141.12,-53.24,-0.65,1791366151.0,156.88,50.0,7.9,2019-05-14,7.9,156.88
20190515,H30269,中证红利低波动指数,红利低波,CSI Dividend Low Volatility Index,CSI Dividend Low Volatility,8179.38,8283.98,8175.78,8265.44,124.32,1.53,1963999436.0,163.58,50.0,8.01,2019-05-15,8.01,163.58
20190516,H30269,中证红利低波动指数,红利低波,CSI Dividend Low Volatility Index,CSI Dividend Low Volatility,8253.43,8309.54,8234.25,8307.61,42.17,0.51,1835698093.0,147.31,50.0,8.04,2019-05-16,8.04,147.31
20190517,H30269,中证红利低波动指数,红利低波,CSI Dividend Low Volatility Index,CSI Dividend Low Volatility,8307.72,8309.22,8085.8,8103.5,-204.11,-2.46,1903368280.0,151.3,50.0,7.95,2019-05-17,7.95,151.3
20190520,H30269,中证红利低波动指数,红利低波,CSI Dividend Low Volatility Index,CSI Dividend Low Volatility,8091.98,8114.62,7961.12,8024.96,-78.54,-0.97,2174032381.0,159.11,50.0,7.96,2019-05-20,7.96,159.11
20190521,H30269,中证红利低波动指数,红利低波,CSI Dividend Low Volatility Index,CSI Dividend Low Volatility,8029.16,8170.27,8014.96,8124.2,99.24,1.24,1649798979.0,138.49,50.0,8.01,2019-05-21,8.01,138.49
20190522,H30269,中证红利低波动指数,红利低波,CSI Dividend Low Volatility Index,CSI Dividend Low Volatility,8125.96,8134.31,8062.71,8084.19,-40.01,-0.49,1410126787.0,117.43,50.0,8.0,2019-05-22,8.0,117.43
20190523,H30269,中证红利低波动指数,红利低波,CSI Dividend Low Volatility Index,CSI Dividend Low Volatility,8055.44,8060.19,7972.25,7988.34,-95.85,-1.18,1904117836.0,144.56,50.0,7.95,2019-05-23,7.95,144.56
20190524,H30269,中证红利低波动指数,红利低波,CSI Dividend Low Volatility Index,CSI Dividend Low Volatility,7991.93,8055.33,7990.96,8022.73,34.39,0.43,1504281720.0,126.12,50.0,7.99,2019-05-24,7.99,126.12
20190527,H30269,中证红利低波动指数,红利低波,CSI Dividend Low Volatility Index,CSI Dividend Low Volatility,8029.33,8135.05,7973.48,8126.2,103.47,1.29,1914292165.0,165.52,50.0,8.02,2019-05-27,8.02,165.52
20190528,H30269,中证红利低波动指数,红利低波,CSI Dividend Low Volatility Index,CSI Dividend Low Volatility,8117.94,8200.61,8101.46,8165.05,38.84,0.48,2290314324.0,204.5,50.0,8.08,2019-05-28,8.08,204.5
20190529,H30269,中证红利低波动指数,红利低波,CSI Dividend Low Volatility Index,CSI Dividend Low Volatility,8116.36,8166.07,8095.07,8121.03,-44.01,-0.54,1547549139.0,134.94,50.0,8.03,2019-05-29,8.03,134.94
20190530,H30269,中证红利低波动指数,红利低波,CSI Dividend Low Volatility Index,CSI Dividend Low Volatility,8101.97,8154.66,8075.96,8146.74,25.7,0.32,1648138136.0,135.34,50.0,8.06,2019-05-30,8.06,135.34
20190531,H30269,中证红利低波动指数,红利低波,CSI Dividend Low Volatility Index,CSI Dividend Low Volatility,8146.97,8202.07,8128.18,8142.31,-4.43,-0.05,1588275215.0,127.01,50.0,8.02,2019-05-31,8.02,127.01
20190603,H30269,中证红利低波动指数,红利低波,CSI Dividend Low Volatility Index,CSI Dividend Low Volatility,8158.72,8206.59,8093.51,8130.21,-12.1,-0.15,1851045139.0,151.26,50.0,8.03,2019-06-03,8.03,151.26
20190604,H30269,中证红利低波动指数,红利低波,CSI Dividend Low Volatility Index,CSI Dividend Low Volatility,8121.15,8126.92,8046.39,8073.03,-57.18,-0.7,1571953119.0,124.54,50.0,8.03,2019-06-04,8.03,124.54
20190605,H30269,中证红利低波动指数,红利低波,CSI Dividend Low Volatility Index,CSI Dividend Low Volatility,8128.81,8150.2,8069.83,8082.0,8.97,0.11,1780031260.0,148.73,50.0,8.05,2019-06-05,8.05,148.73
20190606,H30269,中证红利低波动指数,红利低波,CSI Dividend Low Volatility Index,CSI Dividend Low Volatility,8090.16,8090.16,8013.22,8023.94,-58.06,-0.72,1409293145.0,119.42,50.0,8.03,2019-06-06,8.03,119.42
20190610,H30269,中证红利低波动指数,红利低波,CSI Dividend Low Volatility Index,CSI Dividend Low Volatility,8047.73,8142.67,8037.97,8097.83,73.89,0.92,1654739364.0,149.64,50.0,8.12,2019-06-10,8.12,149.64
20190611,H30269,中证红利低波动指数,红利低波,CSI Dividend Low Volatility Index,CSI Dividend Low Volatility,8110.25,8273.59,8110.25,8266.81,168.97,2.09,2305149364.0,193.28,50.0,8.21,2019-06-11,8.21,193.28
20190612,H30269,中证红利低波动指数,红利低波,CSI Dividend Low Volatility Index,CSI Dividend Low Volatility,8252.24,8252.24,8191.28,8208.7,-58.11,-0.7,1577714182.0,129.41,50.0,8.17,2019-06-12,8.17,129.41
20190613,H30269,中证红利低波动指数,红利低波,CSI Dividend Low Volatility Index,CSI Dividend Low Volatility,8174.04,8175.64,8087.34,8148.05,-60.64,-0.74,1436602301.0,121.6,50.0,8.13,2019-06-13,8.13,121.6
20190614,H30269,中证红利低波动指数,红利低波,CSI Dividend Low Volatility Index,CSI Dividend Low Volatility,8144.57,8172.08,8053.74,8069.44,-78.61,-0.96,1620710507.0,138.52,50.0,8.1,2019-06-14,8.1,138.52
20190617,H30269,中证红利低波动指数,红利低波,CSI Dividend Low Volatility Index,CSI Dividend Low Volatility,8063.13,8097.32,8028.96,8063.21,-6.23,-0.08,1264512811.0,105.67,50.0,8.12,2019-06-17,8.12,105.67
20190618,H30269,中证红利低波动指数,红利低波,CSI Dividend Low Volatility Index,CSI Dividend Low Volatility,8075.34,8090.93,8037.34,8060.53,-2.69,-0.03,1418359838.0,112.2,50.0,8.14,2019-06-18,8.14,112.2
20190619,H30269,中证红利低波动指数,红利低波,CSI Dividend Low Volatility Index,CSI Dividend Low Volatility,8173.19,8200.22,8132.64,8141.96,81.43,1.01,2411137150.0,198.36,50.0,8.14,2019-06-19,8.14,198.36
20190620,H30269,中证红利低波动指数,红利低波,CSI Dividend Low Volatility Index,CSI Dividend Low Volatility,8135.51,8297.95,8104.3,8275.49,133.53,1.64,3029228252.0,254.26,50.0,8.28,2019-06-20,8.28,254.26
20190621,H30269,中证红利低波动指数,红利低波,CSI Dividend Low Volatility Index,CSI Dividend Low Volatility,8277.78,8329.78,8258.92,8284.88,9.39,0.11,2466377941.0,208.59,50.0,8.24,2019-06-21,8.24,208.59
20190624,H30269,中证红利低波动指数,红利低波,CSI Dividend Low Volatility Index,CSI Dividend Low Volatility,8283.01,8293.95,8255.49,8284.48,-0.4,0.0,1460333869.0,126.33,50.0,8.26,2019-06-24,8.26,126.33
20190625,H30269,中证红利低波动指数,红利低波,CSI Dividend Low Volatility Index,CSI Dividend Low Volatility,8287.47,8288.18,8145.22,8209.39,-75.09,-0.91,2254253586.0,242.94,50.0,8.15,2019-06-25,8.15,242.94
20190626,H30269,中证红利低波动指数,红利低波,CSI Dividend Low Volatility Index,CSI Dividend Low Volatility,8178.56,8218.59,8155.69,8195.21,-14.18,-0.17,1370642981.0,136.43,50.0,8.14,2019-06-26,8.14,136.43
20190627,H30269,中证红利低波动指数,红利低波,CSI Dividend Low Volatility Index,CSI Dividend Low Volatility,8203.65,8268.3,8202.56,8235.86,40.65,0.5,1806436652.0,169.57,50.0,8.19,2019-06-27,8.19,169.57
20190628,H30269,中证红利低波动指数,红利低波,CSI Dividend Low Volatility Index,CSI Dividend Low Volatility,8211.4,8212.21,8133.0,8170.36,-65.5,-0.8,1554778220.0,130.87,50.0,8.15,2019-06-28,8.15,130.87
20190701,H30269,中证红利低波动指数,红利低波,CSI Dividend Low Volatility Index,CSI Dividend Low Volatility,8273.45,8327.35,8246.02,8326.98,156.62,1.92,2619609399.0,232.09,50.0,8.25,2019-07-01,8.25,232.09
20190702,H30269,中证红利低波动指数,红利低波,CSI Dividend Low Volatility Index,CSI Dividend Low Volatility,8320.37,8363.39,8298.36,8356.25,29.27,0.35,2168346966.0,199.95,50.0,8.27,2019-07-02,8.27,199.95
20190703,H30269,中证红利低波动指数,红利低波,CSI Dividend Low Volatility Index,CSI Dividend Low Volatility,8341.44,8382.64,8312.52,8366.39,10.15,0.12,2014405494.0,190.32,50.0,8.21,2019-07-03,8.21,190.32
20190704,H30269,中证红利低波动指数,红利低波,CSI Dividend Low Volatility Index,CSI Dividend Low Volatility,8366.65,8424.71,8330.91,8360.29,-6.1,-0.07,1831634992.0,172.8,50.0,8.22,2019-07-04,8.22,172.8
20190705,H30269,中证红利低波动指数,红利低波,CSI Dividend Low Volatility Index,CSI Dividend Low Volatility,8360.2,8382.4,8313.46,8371.74,11.45,0.14,1375955627.0,124.96,50.0,8.22,2019-07-05,8.22,124.96
20190708,H30269,中证红利低波动指数,红利低波,CSI Dividend Low Volatility Index,CSI Dividend Low Volatility,8346.65,8348.36,8136.33,8178.3,-193.44,-2.31,2110120991.0,183.67,50.0,8.08,2019-07-08,8.08,183.67
20190709,H30269,中证红利低波动指数,红利低波,CSI Dividend Low Volatility Index,CSI Dividend Low Volatility,8168.19,8198.99,8147.64,8177.0,-1.3,-0.01,1370732263.0,126.31,50.0,8.04,2019-07-09,8.04,126.31
20190710,H30269,中证红利低波动指数,红利低波,CSI Dividend Low Volatility Index,CSI Dividend Low Volatility,8173.79,8184.51,8091.43,8110.67,-66.33,-0.81,1194141136.0,110.0,50.0,7.99,2019-07-10,7.99,110.0
20190711,H30269,中证红利低波动指数,红利低波,CSI Dividend Low Volatility Index,CSI Dividend Low Volatility,8135.35,8172.79,8077.04,8097.25,-13.42,-0.16,1133163009.0,116.05,50.0,8.02,2019-07-11,8.02,116.05
20190712,H30269,中证红利低波动指数,红利低波,CSI Dividend Low Volatility Index,CSI Dividend Low Volatility,8090.1,8135.76,8059.17,8113.91,16.66,0.21,1351220485.0,127.05,50.0,8.03,2019-07-12,8.03,127.05
20190715,H30269,中证红利低波动指数,红利低波,CSI Dividend Low Volatility Index,CSI Dividend Low Volatility,8106.09,8166.03,7995.57,8135.03,21.12,0.26,1604786359.0,144.17,50.0,8.03,2019-07-15,8.03,144.17
20190716,H30269,中证红利低波动指数,红利低波,CSI Dividend Low Volatility Index,CSI Dividend Low Volatility,8130.15,8147.45,8113.83,8138.92,3.89,0.05,1176873669.0,103.35,50.0,8.03,2019-07-16,8.03,103.35
20190717,H30269,中证红利低波动指数,红利低波,CSI Dividend Low Volatility Index,CSI Dividend Low Volatility,8134.05,8161.9,8110.78,8137.64,-1.28,-0.01,1394710550.0,109.2,50.0,8.01,2019-07-17,8.01,109.2
20190718,H30269,中证红利低波动指数,红利低波,CSI Dividend Low Volatility Index,CSI Dividend Low Volatility,8099.52,8099.93,8048.64,8048.7,-88.95,-1.09,1317656148.0,109.38,50.0,7.98,2019-07-18,7.98,109.38
20190719,H30269,中证红利低波动指数,红利低波,CSI Dividend Low Volatility Index,CSI Dividend Low Volatility,8071.14,8155.8,8071.14,8118.82,70.13,0.87,1612410801.0,163.59,50.0,8.06,2019-07-19,8.06,163.59
20190722,H30269,中证红利低波动指数,红利低波,CSI Dividend Low Volatility Index,CSI Dividend Low Volatility,8120.34,8121.58,8020.99,8049.21,-69.62,-0.86,1637940485.0,149.26,50.0,8.06,2019-07-22,8.06,149.26
20190723,H30269,中证红利低波动指数,红利低波,CSI Dividend Low Volatility Index,CSI Dividend Low Volatility,8043.33,8067.07,8021.93,8065.35,16.15,0.2,1407313608.0,131.4,50.0,8.07,2019-07-23,8.07,131.4
20190724,H30269,中证红利低波动指数,红利低波,CSI Dividend Low Volatility Index,CSI Dividend Low Volatility,8089.06,8147.4,8088.19,8113.38,48.03,0.6,1620082217.0,145.67,50.0,8.11,2019-07-24,8.11,145.67
20190725,H30269,中证红利低波动指数,红利低波,CSI Dividend Low Volatility Index,CSI Dividend Low Volatility,8112.89,8147.74,8090.96,8147.14,33.75,0.42,1653110922.0,151.16,50.0,8.16,2019-07-25,8.16,151.16
20190726,H30269,中证红利低波动指数,红利低波,CSI Dividend Low Volatility Index,CSI Dividend Low Volatility,8126.67,8163.06,8113.05,8150.61,3.47,0.04,1385106680.0,120.35,50.0,8.17,2019-07-26,8.17,120.35
20190729,H30269,中证红利低波动指数,红利低波,CSI Dividend Low Volatility Index,CSI Dividend Low Volatility,8151.92,8178.58,8138.37,8158.41,7.8,0.09,1336890820.0,114.22,50.0,8.16,2019-07-29,8.16,114.22
20190730,H30269,中证红利低波动指数,红利低波,CSI Dividend Low Volatility Index,CSI Dividend Low Volatility,8163.55,8224.93,8162.8,8198.33,39.91,0.49,1448483264.0,126.5,50.0,8.19,2019-07-30,8.19,126.5
20190731,H30269,中证红利低波动指数,红利低波,CSI Dividend Low Volatility Index,CSI Dividend Low Volatility,8166.86,8166.86,8110.73,8126.26,-72.07,-0.88,1546363339.0,145.77,50.0,8.13,2019-07-31,8.13,145.77
20190801,H30269,中证红利低波动指数,红利低波,CSI Dividend Low Volatility Index,CSI Dividend Low Volatility,8105.62,8110.14,8034.0,8054.52,-71.74,-0.88,1417550178.0,129.64,50.0,8.07,2019-08-01,8.07,129.64
20190802,H30269,中证红利低波动指数,红利低波,CSI Dividend Low Volatility Index,CSI Dividend Low Volatility,7925.68,7974.78,7904.24,7958.31,-96.21,-1.19,1763892630.0,153.16,50.0,7.99,2019-08-02,7.99,153.16
20190805,H30269,中证红利低波动指数,红利低波,CSI Dividend Low Volatility Index,CSI Dividend Low Volatility,7924.72,7939.93,7816.82,7816.82,-141.49,-1.78,1756791868.0,151.45,50.0,7.84,2019-08-05,7.84,151.45
20190806,H30269,中证红利低波动指数,红利低波,CSI Dividend Low Volatility Index,CSI Dividend Low Volatility,7710.81,7721.64,7601.77,7708.11,-108.7,-1.39,2090720063.0,174.7,50.0,7.76,2019-08-06,7.76,174.7
20190807,H30269,中证红利低波动指数,红利低波,CSI Dividend Low Volatility Index,CSI Dividend Low Volatility,7730.5,7740.82,7687.85,7687.85,-20.26,-0.26,1419588431.0,128.97,50.0,7.72,2019-08-07,7.72,128.97
20190808,H30269,中证红利低波动指数,红利低波,CSI Dividend Low Volatility Index,CSI Dividend Low Volatility,7724.84,7784.88,7723.08,7778.88,91.03,1.18,1401930142.0,126.12,50.0,7.81,2019-08-08,7.81,126.12
20190809,H30269,中证红利低波动指数,红利低波,CSI Dividend Low Volatility Index,CSI Dividend Low Volatility,7794.99,7803.63,7699.48,7707.88,-71.0,-0.91,1328628018.0,114.66,50.0,7.79,2019-08-09,7.79,114.66
20190812,H30269,中证红利低波动指数,红利低波,CSI Dividend Low Volatility Index,CSI Dividend Low Volatility,7712.93,7795.92,7705.92,7795.38,87.49,1.14,1148824044.0,104.14,50.0,7.85,2019-08-12,7.85,104.14
20190813,H30269,中证红利低波动指数,红利低波,CSI Dividend Low Volatility Index,CSI Dividend Low Volatility,7766.15,7773.14,7734.7,7755.01,-40.37,-0.52,1277235041.0,108.94,50.0,7.79,2019-08-13,7.79,108.94
20190814,H30269,中证红利低波动指数,红利低波,CSI Dividend Low Volatility Index,CSI Dividend Low Volatility,7816.17,7826.97,7760.23,7766.83,11.82,0.15,1667248744.0,144.41,50.0,7.79,2019-08-14,7.79,144.41
20190815,H30269,中证红利低波动指数,红利低波,CSI Dividend Low Volatility Index,CSI Dividend Low Volatility,7662.03,7793.07,7645.84,7792.1,25.27,0.32,1479586654.0,125.83,50.0,7.8,2019-08-15,7.8,125.83
20190816,H30269,中证红利低波动指数,红利低波,CSI Dividend Low Volatility Index,CSI Dividend Low Volatility,7790.2,7831.08,7768.6,7788.46,-3.64,-0.05,1361247960.0,117.55,50.0,7.78,2019-08-16,7.78,117.55
20190819,H30269,中证红利低波动指数,红利低波,CSI Dividend Low Volatility Index,CSI Dividend Low Volatility,7833.58,7929.32,7815.8,7929.32,140.86,1.81,2612830163.0,211.49,50.0,7.84,2019-08-19,7.84,211.49
20190820,H30269,中证红利低波动指数,红利低波,CSI Dividend Low Volatility Index,CSI Dividend Low Volatility,7924.84,7949.43,7907.58,7907.81,-21.51,-0.27,1720128648.0,149.22,50.0,7.81,2019-08-20,7.81,149.22
20190821,H30269,中证红利低波动指数,红利低波,CSI Dividend Low Volatility Index,CSI Dividend Low Volatility,7899.0,7919.39,7891.97,7899.56,-8.25,-0.1,1231394698.0,112.27,50.0,7.81,2019-08-21,7.81,112.27
20190822,H30269,中证红利低波动指数,红利低波,CSI Dividend Low Volatility Index,CSI Dividend Low Volatility,7912.56,7918.84,7867.36,7906.59,7.02,0.09,1278413452.0,106.67,50.0,7.78,2019-08-22,7.78,106.67
20190823,H30269,中证红利低波动指数,红利低波,CSI Dividend Low Volatility Index,CSI Dividend Low Volatility,7916.87,7945.94,7898.29,7922.54,15.96,0.2,1432980992.0,142.42,50.0,7.83,2019-08-23,7.83,142.42
20190826,H30269,中证红利低波动指数,红利低波,CSI Dividend Low Volatility Index,CSI Dividend Low Volatility,7819.68,7867.52,7805.83,7854.2,-68.34,-0.86,1624439019.0,159.07,50.0,7.73,2019-08-26,7.73,159.07
20190827,H30269,中证红利低波动指数,红利低波,CSI Dividend Low Volatility Index,CSI Dividend Low Volatility,7887.48,7994.12,7887.48,7946.25,92.06,1.17,2155260275.0,206.1,50.0,7.8,2019-08-27,7.8,206.1
20190828,H30269,中证红利低波动指数,红利低波,CSI Dividend Low Volatility Index,CSI Dividend Low Volatility,7958.74,7981.32,7921.74,7940.86,-5.39,-0.07,1509974656.0,162.86,50.0,7.76,2019-08-28,7.76,162.86
20190829,H30269,中证红利低波动指数,红利低波,CSI Dividend Low Volatility Index,CSI Dividend Low Volatility,7939.75,7944.19,7862.58,7887.82,-53.04,-0.67,1511681021.0,155.7,50.0,7.71,2019-08-29,7.71,155.7
20190830,H30269,中证红利低波动指数,红利低波,CSI Dividend Low Volatility Index,CSI Dividend Low Volatility,7927.0,7936.55,7846.68,7862.07,-25.74,-0.33,1647567778.0,158.69,50.0,7.7,2019-08-30,7.7,158.69
20190902,H30269,中证红利低波动指数,红利低波,CSI Dividend Low Volatility Index,CSI Dividend Low Volatility,7858.15,7938.46,7853.76,7920.78,58.71,0.75,1733798334.0,155.09,50.0,7.02,2019-09-02,7.02,155.09
20190903,H30269,中证红利低波动指数,红利低波,CSI Dividend Low Volatility Index,CSI Dividend Low Volatility,7925.16,7925.16,7875.66,7908.43,-12.35,-0.15,1427840640.0,129.83,50.0,7.02,2019-09-03,7.02,129.83
20190904,H30269,中证红利低波动指数,红利低波,CSI Dividend Low Volatility Index,CSI Dividend Low Volatility,7905.88,7986.13,7892.43,7986.13,77.7,0.98,2218292723.0,198.28,50.0,7.12,2019-09-04,7.12,198.28
20190905,H30269,中证红利低波动指数,红利低波,CSI Dividend Low Volatility Index,CSI Dividend Low Volatility,8010.96,8105.47,8010.96,8020.05,33.92,0.42,2864500888.0,250.61,50.0,7.17,2019-09-05,7.17,250.61
20190906,H30269,中证红利低波动指数,红利低波,CSI Dividend Low Volatility Index,CSI Dividend Low Volatility,8040.59,8049.32,8016.81,8048.99,28.94,0.36,1637783878.0,153.55,50.0,7.21,2019-09-06,7.21,153.55
20190909,H30269,中证红利低波动指数,红利低波,CSI Dividend Low Volatility Index,CSI Dividend Low Volatility,8101.68,8109.65,8066.49,8103.73,54.73,0.68,2307177766.0,200.58,50.0,7.21,2019-09-09,7.21,200.58
20190910,H30269,中证红利低波动指数,红利低波,CSI Dividend Low Volatility Index,CSI Dividend Low Volatility,8107.72,8107.87,8028.17,8059.6,-44.12,-0.54,1837164124.0,157.94,50.0,7.18,2019-09-10,7.18,157.94
20190911,H30269,中证红利低波动指数,红利低波,CSI Dividend Low Volatility Index,CSI Dividend Low Volatility,8076.45,8095.73,8053.27,8068.41,8.81,0.11,2393427403.0,172.73,50.0,7.22,2019-09-11,7.22,172.73
20190912,H30269,中证红利低波动指数,红利低波,CSI Dividend Low Volatility Index,CSI Dividend Low Volatility,8082.07,8125.85,8070.67,8119.57,51.15,0.63,1922529010.0,179.11,50.0,7.26,2019-09-12,7.26,179.11
20190916,H30269,中证红利低波动指数,红利低波,CSI Dividend Low Volatility Index,CSI Dividend Low Volatility,8138.64,8147.28,8104.48,8134.42,14.85,0.18,1652675956.0,148.66,50.0,7.24,2019-09-16,7.24,148.66
20190917,H30269,中证红利低波动指数,红利低波,CSI Dividend Low Volatility Index,CSI Dividend Low Volatility,8128.36,8128.36,8003.31,8022.28,-112.15,-1.38,1712784740.0,142.72,50.0,7.16,2019-09-17,7.16,142.72
20190918,H30269,中证红利低波动指数,红利低波,CSI Dividend Low Volatility Index,CSI Dividend Low Volatility,8037.78,8076.99,8030.08,8064.69,42.41,0.53,1379159717.0,125.47,50.0,7.16,2019-09-18,7.16,125.47
20190919,H30269,中证红利低波动指数,红利低波,CSI Dividend Low Volatility Index,CSI Dividend Low Volatility,8078.9,8082.49,8044.05,8081.13,16.44,0.2,1427699027.0,122.74,50.0,7.15,2019-09-19,7.15,122.74
20190920,H30269,中证红利低波动指数,红利低波,CSI Dividend Low Volatility Index,CSI Dividend Low Volatility,8090.97,8096.54,8063.25,8076.26,-4.87,-0.06,1912365255.0,165.57,50.0,7.16,2019-09-20,7.16,165.57
20190923,H30269,中证红利低波动指数,红利低波,CSI Dividend Low Volatility Index,CSI Dividend Low Volatility,8063.47,8063.47,7945.24,7979.86,-96.39,-1.19,1611619704.0,147.24,50.0,7.09,2019-09-23,7.09,147.24
20190924,H30269,中证红利低波动指数,红利低波,CSI Dividend Low Volatility Index,CSI Dividend Low Volatility,7996.31,8049.19,7977.73,8018.54,38.67,0.48,1355713540.0,119.81,50.0,7.11,2019-09-24,7.11,119.81
20190925,H30269,中证红利低波动指数,红利低波,CSI Dividend Low Volatility Index,CSI Dividend Low Volatility,7997.9,7997.9,7928.03,7928.03,-90.51,-1.13,1406572334.0,124.74,50.0,7.07,2019-09-25,7.07,124.74
20190926,H30269,中证红利低波动指数,红利低波,CSI Dividend Low Volatility Index,CSI Dividend Low Volatility,7947.11,7986.41,7921.49,7924.01,-4.02,-0.05,1847203265.0,176.93,50.0,7.13,2019-09-26,7.13,176.93
20190927,H30269,中证红利低波动指数,红利低波,CSI Dividend Low Volatility Index,CSI Dividend Low Volatility,7927.72,7932.88,7884.75,7904.62,-19.39,-0.24,1478654303.0,132.87,50.0,7.11,2019-09-27,7.11,132.87
20190930,H30269,中证红利低波动指数,红利低波,CSI Dividend Low Volatility Index,CSI Dividend Low Volatility,7888.01,7921.49,7861.93,7865.21,-39.4,-0.5,1217538978.0,102.73,50.0,7.07,2019-09-30,7.07,102.73
20191008,H30269,中证红利低波动指数,红利低波,CSI Dividend Low Volatility Index,CSI Dividend Low Volatility,7867.75,7949.65,7864.08,7919.17,53.96,0.69,1589032039.0,163.86,50.0,7.13,2019-10-08,7.13,163.86
20191009,H30269,中证红利低波动指数,红利低波,CSI Dividend Low Volatility Index,CSI Dividend Low Volatility,7893.34,8003.34,7892.5,8003.34,84.17,1.06,1825821016.0,197.37,50.0,7.18,2019-10-09,7.18,197.37
20191010,H30269,中证红利低波动指数,红利低波,CSI Dividend Low Volatility Index,CSI Dividend Low Volatility,8006.85,8048.54,7998.58,8045.26,41.92,0.52,1450412003.0,135.26,50.0,7.18,2019-10-10,7.18,135.26
20191011,H30269,中证红利低波动指数,红利低波,CSI Dividend Low Volatility Index,CSI Dividend Low Volatility,8058.54,8105.02,8042.01,8093.09,47.82,0.59,1854681990.0,187.95,50.0,7.27,2019-10-11,7.27,187.95
20191014,H30269,中证红利低波动指数,红利低波,CSI Dividend Low Volatility Index,CSI Dividend Low Volatility,8132.81,8221.8,8132.81,8188.5,95.42,1.18,2660257987.0,243.98,50.0,7.35,2019-10-14,7.35,243.98
20191015,H30269,中证红利低波动指数,红利低波,CSI Dividend Low Volatility Index,CSI Dividend Low Volatility,8189.2,8189.2,8137.19,8147.25,-41.25,-0.5,1692202310.0,152.14,50.0,7.33,2019-10-15,7.33,152.14
20191016,H30269,中证红利低波动指数,红利低波,CSI Dividend Low Volatility Index,CSI Dividend Low Volatility,8161.16,8223.15,8135.74,8146.29,-0.97,-0.01,1827378154.0,177.42,50.0,7.34,2019-10-16,7.34,177.42
20191017,H30269,中证红利低波动指数,红利低波,CSI Dividend Low Volatility Index,CSI Dividend Low Volatility,8148.39,8157.28,8103.41,8120.22,-26.07,-0.32,1208504378.0,114.6,50.0,7.33,2019-10-17,7.33,114.6
20191018,H30269,中证红利低波动指数,红利低波,CSI Dividend Low Volatility Index,CSI Dividend Low Volatility,8133.26,8151.02,7995.9,8020.46,-99.76,-1.23,1621587566.0,150.16,50.0,7.25,2019-10-18,7.25,150.16
20191021,H30269,中证红利低波动指数,红利低波,CSI Dividend Low Volatility Index,CSI Dividend Low Volatility,8008.01,8070.32,7989.36,8054.62,34.16,0.43,1591312182.0,148.95,50.0,7.32,2019-10-21,7.32,148.95
20191022,H30269,中证红利低波动指数,红利低波,CSI Dividend Low Volatility Index,CSI Dividend Low Volatility,8066.79,8075.26,8020.02,8075.26,20.64,0.26,1319878384.0,119.31,50.0,7.33,2019-10-22,7.33,119.31
20191023,H30269,中证红利低波动指数,红利低波,CSI Dividend Low Volatility Index,CSI Dividend Low Volatility,8067.45,8078.65,8001.63,8023.02,-52.24,-0.65,1457132796.0,118.46,50.0,7.34,2019-10-23,7.34,118.46
20191024,H30269,中证红利低波动指数,红利低波,CSI Dividend Low Volatility Index,CSI Dividend Low Volatility,8025.64,8066.33,8001.76,8039.57,16.55,0.21,1558961227.0,128.51,50.0,7.38,2019-10-24,7.38,128.51
20191025,H30269,中证红利低波动指数,红利低波,CSI Dividend Low Volatility Index,CSI Dividend Low Volatility,8045.19,8083.46,8008.8,8081.82,42.25,0.53,1490158449.0,127.82,50.0,7.39,2019-10-25,7.39,127.82
20191028,H30269,中证红利低波动指数,红利低波,CSI Dividend Low Volatility Index,CSI Dividend Low Volatility,8075.32,8110.15,8068.0,8099.4,17.58,0.22,1642905407.0,145.31,50.0,7.36,2019-10-28,7.36,145.31
20191029,H30269,中证红利低波动指数,红利低波,CSI Dividend Low Volatility Index,CSI Dividend Low Volatility,8106.25,8106.89,8037.36,8037.36,-62.04,-0.76,1345688955.0,113.96,50.0,7.32,2019-10-29,7.32,113.96
20191030,H30269,中证红利低波动指数,红利低波,CSI Dividend Low Volatility Index,CSI Dividend Low Volatility,8019.19,8028.69,7988.64,8008.73,-28.63,-0.36,1356925006.0,135.27,50.0,7.31,2019-10-30,7.31,135.27
20191031,H30269,中证红利低波动指数,红利低波,CSI Dividend Low Volatility Index,CSI Dividend Low Volatility,8018.09,8021.5,7946.74,7967.06,-41.68,-0.52,1413073606.0,129.45,50.0,7.3,2019-10-31,7.3,129.45
20191101,H30269,中证红利低波动指数,红利低波,CSI Dividend Low Volatility Index,CSI Dividend Low Volatility,7963.42,8064.46,7929.35,8064.46,97.4,1.22,1893286885.0,191.66,50.0,7.29,2019-11-01,7.29,191.66
20191104,H30269,中证红利低波动指数,红利低波,CSI Dividend Low Volatility Index,CSI Dividend Low Volatility,8073.52,8093.69,8063.22,8079.52,15.06,0.19,1866283491.0,186.01,50.0,7.31,2019-11-04,7.31,186.01
20191105,H30269,中证红利低波动指数,红利低波,CSI Dividend Low Volatility Index,CSI Dividend Low Volatility,8089.43,8179.19,8064.46,8134.98,55.46,0.69,2308018366.0,224.33,50.0,7.35,2019-11-05,7.35,224.33
20191106,H30269,中证红利低波动指数,红利低波,CSI Dividend Low Volatility Index,CSI Dividend Low Volatility,8133.79,8137.35,8073.4,8092.99,-41.99,-0.52,1774048917.0,172.65,50.0,7.37,2019-11-06,7.37,172.65
20191107,H30269,中证红利低波动指数,红利低波,CSI Dividend Low Volatility Index,CSI Dividend Low Volatility,8100.99,8141.7,8093.34,8111.94,18.95,0.23,1557350767.0,131.22,50.0,7.36,2019-11-07,7.36,131.22
20191108,H30269,中证红利低波动指数,红利低波,CSI Dividend Low Volatility Index,CSI Dividend Low Volatility,8146.89,8157.47,8061.92,8073.63,-38.31,-0.47,1848591065.0,158.67,50.0,7.29,2019-11-08,7.29,158.67
20191111,H30269,中证红利低波动指数,红利低波,CSI Dividend Low Volatility Index,CSI Dividend Low Volatility,8041.19,8041.19,7930.41,7938.25,-135.38,-1.68,1789145269.0,151.4,50.0,7.18,2019-11-11,7.18,151.4
20191112,H30269,中证红利低波动指数,红利低波,CSI Dividend Low Volatility Index,CSI Dividend Low Volatility,7943.8,7961.09,7896.31,7943.08,4.83,0.06,1251258851.0,110.4,50.0,7.19,2019-11-12,7.19,110.4
20191113,H30269,中证红利低波动指数,红利低波,CSI Dividend Low Volatility Index,CSI Dividend Low Volatility,7938.48,7939.91,7882.48,7904.14,-38.94,-0.49,1327151843.0,113.51,50.0,7.16,2019-11-13,7.16,113.51
20191114,H30269,中证红利低波动指数,红利低波,CSI Dividend Low Volatility Index,CSI Dividend Low Volatility,7911.44,7919.46,7881.07,7899.04,-5.1,-0.06,1370114428.0,111.0,50.0,7.13,2019-11-14,7.13,111.0
20191115,H30269,中证红利低波动指数,红利低波,CSI Dividend Low Volatility Index,CSI Dividend Low Volatility,7904.49,7916.48,7859.45,7861.31,-37.73,-0.48,1269093623.0,114.93,50.0,7.14,2019-11-15,7.14,114.93
20191118,H30269,中证红利低波动指数,红利低波,CSI Dividend Low Volatility Index,CSI Dividend Low Volatility,7859.64,7923.02,7824.44,7917.89,56.58,0.72,1381987579.0,131.93,50.0,7.19,2019-11-18,7.19,131.93
20191119,H30269,中证红利低波动指数,红利低波,CSI Dividend Low Volatility Index,CSI Dividend Low Volatility,7907.16,8010.11,7903.29,8007.6,89.71,1.13,1357208923.0,129.38,50.0,7.23,2019-11-19,7.23,129.38
20191120,H30269,中证红利低波动指数,红利低波,CSI Dividend Low Volatility Index,CSI Dividend Low Volatility,8003.38,8003.38,7943.33,7952.75,-54.85,-0.68,1315032166.0,129.32,50.0,7.16,2019-11-20,7.16,129.32
20191121,H30269,中证红利低波动指数,红利低波,CSI Dividend Low Volatility Index,CSI Dividend Low Volatility,7936.24,7960.39,7904.63,7945.51,-7.23,-0.09,1246260702.0,106.42,50.0,7.14,2019-11-21,7.14,106.42
20191122,H30269,中证红利低波动指数,红利低波,CSI Dividend Low Volatility Index,CSI Dividend Low Volatility,7952.41,8011.56,7910.34,7936.01,-9.51,-0.12,1449204134.0,127.39,50.0,7.13,2019-11-22,7.13,127.39
20191125,H30269,中证红利低波动指数,红利低波,CSI Dividend Low Volatility Index,CSI Dividend Low Volatility,7946.08,8053.11,7946.08,8051.88,115.87,1.46,2071456601.0,188.17,50.0,7.25,2019-11-25,7.25,188.17
20191126,H30269,中证红利低波动指数,红利低波,CSI Dividend Low Volatility Index,CSI Dividend Low Volatility,8071.59,8079.53,8027.6,8049.13,-2.75,-0.03,2167692360.0,179.8,50.0,7.26,2019-11-26,7.26,179.8
20191127,H30269,中证红利低波动指数,红利低波,CSI Dividend Low Volatility Index,CSI Dividend Low Volatility,8039.49,8053.91,8002.63,8019.2,-29.92,-0.37,1189942276.0,113.91,50.0,7.25,2019-11-27,7.25,113.91
20191128,H30269,中证红利低波动指数,红利低波,CSI Dividend Low Volatility Index,CSI Dividend Low Volatility,8014.86,8027.1,7967.32,7980.89,-38.32,-0.48,1084547800.0,93.38,50.0,7.22,2019-11-28,7.22,93.38
20191129,H30269,中证红利低波动指数,红利低波,CSI Dividend Low Volatility Index,CSI Dividend Low Volatility,7982.1,8002.76,7946.93,7984.81,3.92,0.05,1437204144.0,114.21,50.0,7.18,2019-11-29,7.18,114.21
20191202,H30269,中证红利低波动指数,红利低波,CSI Dividend Low Volatility Index,CSI Dividend Low Volatility,7995.87,8028.35,7980.15,7990.63,5.81,0.07,1379343723.0,132.83,50.0,7.2,2019-12-02,7.2,132.83
20191203,H30269,中证红利低波动指数,红利低波,CSI Dividend Low Volatility Index,CSI Dividend Low Volatility,7977.02,8022.23,7948.3,8022.23,31.6,0.4,1250219275.0,113.31,50.0,7.21,2019-12-03,7.21,113.31
20191204,H30269,中证红利低波动指数,红利低波,CSI Dividend Low Volatility Index,CSI Dividend Low Volatility,8005.7,8023.45,7978.6,7997.98,-24.25,-0.3,1292953093.0,103.1,50.0,7.17,2019-12-04,7.17,103.1
20191205,H30269,中证红利低波动指数,红利低波,CSI Dividend Low Volatility Index,CSI Dividend Low Volatility,8010.38,8026.42,7995.07,8017.91,19.94,0.25,1232311331.0,109.03,50.0,7.19,2019-12-05,7.19,109.03
20191206,H30269,中证红利低波动指数,红利低波,CSI Dividend Low Volatility Index,CSI Dividend Low Volatility,8023.26,8048.95,8008.35,8048.95,31.04,0.39,1133954172.0,104.35,50.0,7.18,2019-12-06,7.18,104.35
20191209,H30269,中证红利低波动指数,红利低波,CSI Dividend Low Volatility Index,CSI Dividend Low Volatility,8055.37,8084.06,8044.39,8083.65,34.7,0.43,1713555376.0,160.87,50.0,7.2,2019-12-09,7.2,160.87
20191210,H30269,中证红利低波动指数,红利低波,CSI Dividend Low Volatility Index,CSI Dividend Low Volatility,8071.98,8078.69,8049.0,8069.83,-13.82,-0.17,1300693927.0,116.59,50.0,7.18,2019-12-10,7.18,116.59
20191211,H30269,中证红利低波动指数,红利低波,CSI Dividend Low Volatility Index,CSI Dividend Low Volatility,8083.9,8094.33,8052.83,8086.41,16.58,0.21,1753385139.0,159.27,50.0,7.21,2019-12-11,7.21,159.27
20191212,H30269,中证红利低波动指数,红利低波,CSI Dividend Low Volatility Index,CSI Dividend Low Volatility,8094.21,8105.77,8072.84,8090.98,4.57,0.06,1429305616.0,124.33,50.0,7.22,2019-12-12,7.22,124.33
20191213,H30269,中证红利低波动指数,红利低波,CSI Dividend Low Volatility Index,CSI Dividend Low Volatility,8141.69,8196.5,8134.11,8190.59,99.61,1.23,2364655387.0,225.77,50.0,7.32,2019-12-13,7.32,225.77
20191216,H30269,中证红利低波动指数,红利低波,CSI Dividend Low Volatility Index,CSI Dividend Low Volatility,8208.63,8223.94,8176.69,8223.52,32.93,0.4,1988473684.0,210.18,50.0,7.08,2019-12-16,7.08,210.18
20191217,H30269,中证红利低波动指数,红利低波,CSI Dividend Low Volatility Index,CSI Dividend Low Volatility,8222.26,8330.24,8186.91,8286.73,63.22,0.77,2866566391.0,280.57,50.0,7.16,2019-12-17,7.16,280.57
20191218,H30269,中证红利低波动指数,红利低波,CSI Dividend Low Volatility Index,CSI Dividend Low Volatility,8275.8,8318.91,8254.26,8264.72,-22.01,-0.27,1904668556.0,187.89,50.0,7.17,2019-12-18,7.17,187.89
20191219,H30269,中证红利低波动指数,红利低波,CSI Dividend Low Volatility Index,CSI Dividend Low Volatility,8269.67,8305.01,8265.57,8290.97,26.25,0.32,1570327013.0,154.9,50.0,7.19,2019-12-19,7.19,154.9
20191220,H30269,中证红利低波动指数,红利低波,CSI Dividend Low Volatility Index,CSI Dividend Low Volatility,8296.87,8316.91,8272.56,8282.04,-8.93,-0.11,1568786890.0,154.72,50.0,7.2,2019-12-20,7.2,154.72
20191223,H30269,中证红利低波动指数,红利低波,CSI Dividend Low Volatility Index,CSI Dividend Low Volatility,8278.18,8305.14,8179.41,8188.8,-93.25,-1.12,1688973485.0,166.35,50.0,7.14,2019-12-23,7.14,166.35
20191224,H30269,中证红利低波动指数,红利低波,CSI Dividend Low Volatility Index,CSI Dividend Low Volatility,8192.49,8209.45,8152.18,8206.71,17.91,0.22,1127365519.0,126.17,50.0,7.15,2019-12-24,7.15,126.17
20191225,H30269,中证红利低波动指数,红利低波,CSI Dividend Low Volatility Index,CSI Dividend Low Volatility,8197.14,8210.05,8165.07,8191.23,-15.48,-0.19,1077566643.0,119.5,50.0,7.12,2019-12-25,7.12,119.5
20191226,H30269,中证红利低波动指数,红利低波,CSI Dividend Low Volatility Index,CSI Dividend Low Volatility,8202.75,8267.7,8199.09,8267.56,76.33,0.93,1306164749.0,139.54,50.0,7.19,2019-12-26,7.19,139.54
20191227,H30269,中证红利低波动指数,红利低波,CSI Dividend Low Volatility Index,CSI Dividend Low Volatility,8265.53,8346.59,8263.57,8293.57,26.01,0.31,1937010261.0,183.03,50.0,7.21,2019-12-27,7.21,183.03
20191230,H30269,中证红利低波动指数,红利低波,CSI Dividend Low Volatility Index,CSI Dividend Low Volatility,8288.92,8410.14,8288.92,8408.31,114.74,1.38,2388614041.0,229.96,50.0,7.23,2019-12-30,7.23,229.96
20191231,H30269,中证红利低波动指数,红利低波,CSI Dividend Low Volatility Index,CSI Dividend Low Volatility,8395.96,8460.78,8375.87,8458.09,49.78,0.59,1874088561.0,185.54,50.0,7.24,2019-12-31,7.24,185.54
20200102,H30269,中证红利低波动指数,红利低波,CSI Dividend Low Volatility Index,CSI Dividend Low Volatility,8527.21,8596.71,8527.21,8549.43,91.33,1.08,2878033331.0,296.45,50.0,7.34,2020-01-02,7.34,296.45
20200103,H30269,中证红利低波动指数,红利低波,CSI Dividend Low Volatility Index,CSI Dividend Low Volatility,8567.34,8573.97,8510.19,8538.47,-10.96,-0.13,1907876462.0,201.08,50.0,7.34,2020-01-03,7.34,201.08
20200106,H30269,中证红利低波动指数,红利低波,CSI Dividend Low Volatility Index,CSI Dividend Low Volatility,8513.32,8584.65,8468.04,8498.28,-40.19,-0.47,2754727514.0,275.5,50.0,7.29,2020-01-06,7.29,275.5
20200107,H30269,中证红利低波动指数,红利低波,CSI Dividend Low Volatility Index,CSI Dividend Low Volatility,8513.09,8558.27,8510.38,8550.43,52.15,0.61,2188278786.0,204.94,50.0,7.33,2020-01-07,7.33,204.94
20200108,H30269,中证红利低波动指数,红利低波,CSI Dividend Low Volatility Index,CSI Dividend Low Volatility,8527.19,8527.19,8417.4,8436.79,-113.65,-1.33,2187791018.0,216.61,50.0,7.24,2020-01-08,7.24,216.61
20200109,H30269,中证红利低波动指数,红利低波,CSI Dividend Low Volatility Index,CSI Dividend Low Volatility,8499.2,8522.52,8467.46,8516.67,79.89,0.95,1998449728.0,207.16,50.0,7.26,2020-01-09,7.26,207.16
20200110,H30269,中证红利低波动指数,红利低波,CSI Dividend Low Volatility Index,CSI Dividend Low Volatility,8523.48,8531.14,8454.24,8486.21,-30.46,-0.36,1489737786.0,156.2,50.0,7.25,2020-01-10,7.25,156.2
20200113,H30269,中证红利低波动指数,红利低波,CSI Dividend Low Volatility Index,CSI Dividend Low Volatility,8475.1,8512.41,8432.33,8511.09,24.88,0.29,1682630378.0,175.62,50.0,7.26,2020-01-13,7.26,175.62
20200114,H30269,中证红利低波动指数,红利低波,CSI Dividend Low Volatility Index,CSI Dividend Low Volatility,8515.22,8551.35,8504.92,8514.82,3.73,0.04,1741385966.0,171.04,50.0,7.25,2020-01-14,7.25,171.04
20200115,H30269,中证红利低波动指数,红利低波,CSI Dividend Low Volatility Index,CSI Dividend Low Volatility,8509.09,8510.99,8438.51,8462.23,-52.59,-0.62,1484553910.0,156.49,50.0,7.18,2020-01-15,7.18,156.49
20200116,H30269,中证红利低波动指数,红利低波,CSI Dividend Low Volatility Index,CSI Dividend Low Volatility,8469.32,8472.14,8393.0,8404.55,-57.68,-0.68,1853040184.0,181.07,50.0,7.12,2020-01-16,7.12,181.07
20200117,H30269,中证红利低波动指数,红利低波,CSI Dividend Low Volatility Index,CSI Dividend Low Volatility,8427.54,8442.11,8380.2,8399.71,-4.85,-0.06,1424015749.0,144.88,50.0,7.13,2020-01-17,7.13,144.88
20200120,H30269,中证红利低波动指数,红利低波,CSI Dividend Low Volatility Index,CSI Dividend Low Volatility,8406.6,8410.76,8362.41,8395.49,-4.21,-0.05,1527100171.0,174.54,50.0,7.14,2020-01-20,7.14,174.54
20200121,H30269,中证红利低波动指数,红利低波,CSI Dividend Low Volatility Index,CSI Dividend Low Volatility,8373.95,8376.03,8245.32,8251.46,-144.03,-1.71,2005529823.0,200.3,50.0,7.04,2020-01-21,7.04,200.3
20200122,H30269,中证红利低波动指数,红利低波,CSI Dividend Low Volatility Index,CSI Dividend Low Volatility,8228.98,8268.69,8139.0,8255.16,3.7,0.04,1855257166.0,192.59,50.0,7.05,2020-01-22,7.05,192.59
20200123,H30269,中证红利低波动指数,红利低波,CSI Dividend Low Volatility Index,CSI Dividend Low Volatility,8202.68,8202.72,7971.57,8012.87,-242.3,-2.94,2594588510.0,253.08,50.0,6.91,2020-01-23,6.91,253.08
20200203,H30269,中证红利低波动指数,红利低波,CSI Dividend Low Volatility Index,CSI Dividend Low Volatility,7264.88,7402.83,7264.88,7345.46,-667.41,-8.33,4377089707.0,374.39,50.0,6.48,2020-02-03,6.48,374.39
20200204,H30269,中证红利低波动指数,红利低波,CSI Dividend Low Volatility Index,CSI Dividend Low Volatility,7235.63,7510.86,7235.63,7496.55,151.09,2.06,3432215873.0,302.46,50.0,6.6,2020-02-04,6.6,302.46
20200205,H30269,中证红利低波动指数,红利低波,CSI Dividend Low Volatility Index,CSI Dividend Low Volatility,7513.67,7639.5,7466.01,7557.68,61.13,0.81,2553488395.0,233.19,50.0,6.61,2020-02-05,6.61,233.19
20200206,H30269,中证红利低波动指数,红利低波,CSI Dividend Low Volatility Index,CSI Dividend Low Volatility,7586.65,7651.21,7521.45,7628.43,70.75,0.94,2480247656.0,225.48,50.0,6.65,2020-02-06,6.65,225.48
20200207,H30269,中证红利低波动指数,红利低波,CSI Dividend Low Volatility Index,CSI Dividend Low Volatility,7598.58,7598.58,7507.85,7582.01,-46.42,-0.61,2069076525.0,184.55,50.0,6.61,2020-02-07,6.61,184.55
20200210,H30269,中证红利低波动指数,红利低波,CSI Dividend Low Volatility Index,CSI Dividend Low Volatility,7564.23,7698.29,7537.19,7694.7,112.69,1.49,2174958307.0,213.61,50.0,6.63,2020-02-10,6.63,213.61
20200211,H30269,中证红利低波动指数,红利低波,CSI Dividend Low Volatility Index,CSI Dividend Low Volatility,7694.22,7773.38,7670.79,7734.93,40.23,0.52,2215100422.0,203.96,50.0,6.69,2020-02-11,6.69,203.96
20200212,H30269,中证红利低波动指数,红利低波,CSI Dividend Low Volatility Index,CSI Dividend Low Volatility,7720.9,7757.46,7695.35,7757.46,22.52,0.29,1595635843.0,146.4,50.0,6.7,2020-02-12,6.7,146.4
20200213,H30269,中证红利低波动指数,红利低波,CSI Dividend Low Volatility Index,CSI Dividend Low Volatility,7757.73,7808.71,7723.39,7723.39,-34.07,-0.44,1812197373.0,182.81,50.0,6.68,2020-02-13,6.68,182.81
20200214,H30269,中证红利低波动指数,红利低波,CSI Dividend Low Volatility Index,CSI Dividend Low Volatility,7714.91,7783.39,7714.91,7783.23,59.84,0.77,1640947624.0,171.57,50.0,6.73,2020-02-14,6.73,171.57
20200217,H30269,中证红利低波动指数,红利低波,CSI Dividend Low Volatility Index,CSI Dividend Low Volatility,7771.25,7923.35,7771.25,7923.2,139.97,1.8,2335999232.0,229.48,50.0,6.81,2020-02-17,6.81,229.48
20200218,H30269,中证红利低波动指数,红利低波,CSI Dividend Low Volatility Index,CSI Dividend Low Volatility,7911.66,7914.27,7828.19,7867.75,-55.45,-0.7,1993585173.0,201.36,50.0,6.75,2020-02-18,6.75,201.36
20200219,H30269,中证红利低波动指数,红利低波,CSI Dividend Low Volatility Index,CSI Dividend Low Volatility,7856.66,7895.9,7833.37,7853.68,-14.07,-0.18,1823154858.0,165.72,50.0,6.76,2020-02-19,6.76,165.72
20200220,H30269,中证红利低波动指数,红利低波,CSI Dividend Low Volatility Index,CSI Dividend Low Volatility,7860.25,7959.56,7833.59,7949.84,96.16,1.22,2392912324.0,223.63,50.0,6.83,2020-02-20,6.83,223.63
20200221,H30269,中证红利低波动指数,红利低波,CSI Dividend Low Volatility Index,CSI Dividend Low Volatility,7938.93,7983.31,7919.19,7956.01,6.17,0.08,2157923097.0,217.66,50.0,6.8,2020-02-21,6.8,217.66
20200224,H30269,中证红利低波动指数,红利低波,CSI Dividend Low Volatility Index,CSI Dividend Low Volatility,7930.14,7931.4,7831.38,7864.63,-91.38,-1.15,2374729292.0,236.47,50.0,6.73,2020-02-24,6.73,236.47
20200225,H30269,中证红利低波动指数,红利低波,CSI Dividend Low Volatility Index,CSI Dividend Low Volatility,7753.15,7792.91,7666.23,7777.59,-87.05,-1.11,2558646936.0,249.01,50.0,6.67,2020-02-25,6.67,249.01
20200226,H30269,中证红利低波动指数,红利低波,CSI Dividend Low Volatility Index,CSI Dividend Low Volatility,7700.98,7905.2,7689.01,7830.45,52.87,0.68,3039433917.0,311.43,50.0,6.72,2020-02-26,6.72,311.43
20200227,H30269,中证红利低波动指数,红利低波,CSI Dividend Low Volatility Index,CSI Dividend Low Volatility,7849.51,7906.43,7842.27,7863.98,33.53,0.43,2289834984.0,246.31,50.0,6.74,2020-02-27,6.74,246.31
20200228,H30269,中证红利低波动指数,红利低波,CSI Dividend Low Volatility Index,CSI Dividend Low Volatility,7746.66,7824.29,7651.94,7677.38,-186.6,-2.37,3151876885.0,304.71,50.0,6.61,2020-02-28,6.61,304.71
20200302,H30269,中证红利低波动指数,红利低波,CSI Dividend Low Volatility Index,CSI Dividend Low Volatility,7701.63,7965.6,7701.63,7953.56,276.18,3.6,3001870496.0,337.61,50.0,6.76,2020-03-02,6.76,337.61
20200303,H30269,中证红利低波动指数,红利低波,CSI Dividend Low Volatility Index,CSI Dividend Low Volatility,8018.62,8045.59,7905.12,7939.4,-14.17,-0.18,2753310059.0,295.8,50.0,6.77,2020-03-03,6.77,295.8
20200304,H30269,中证红利低波动指数,红利低波,CSI Dividend Low Volatility Index,CSI Dividend Low Volatility,7912.9,8051.0,7906.54,8049.72,110.33,1.39,2281463613.0,247.83,50.0,6.81,2020-03-04,6.81,247.83
20200305,H30269,中证红利低波动指数,红利低波,CSI Dividend Low Volatility Index,CSI Dividend Low Volatility,8087.01,8162.39,8054.51,8148.12,98.4,1.22,3344026187.0,322.99,50.0,6.91,2020-03-05,6.91,322.99
20200306,H30269,中证红利低波动指数,红利低波,CSI Dividend Low Volatility Index,CSI Dividend Low Volatility,8072.08,8088.89,8002.79,8024.38,-123.74,-1.52,2215314356.0,217.7,50.0,6.82,2020-03-06,6.82,217.7
20200309,H30269,中证红利低波动指数,红利低波,CSI Dividend Low Volatility Index,CSI Dividend Low Volatility,7912.33,7912.33,7803.86,7822.97,-201.41,-2.51,3409299852.0,292.84,50.0,6.68,2020-03-09,6.68,292.84
20200310,H30269,中证红利低波动指数,红利低波,CSI Dividend Low Volatility Index,CSI Dividend Low Volatility,7765.27,7926.4,7734.64,7910.36,87.39,1.12,2629739594.0,235.81,50.0,6.74,2020-03-10,6.74,235.81
20200311,H30269,中证红利低波动指数,红利低波,CSI Dividend Low Volatility Index,CSI Dividend Low Volatility,7917.75,7922.73,7827.26,7827.26,-83.1,-1.05,1931030723.0,176.56,50.0,6.68,2020-03-11,6.68,176.56
20200312,H30269,中证红利低波动指数,红利低波,CSI Dividend Low Volatility Index,CSI Dividend Low Volatility,7762.78,7785.59,7685.39,7716.7,-110.57,-1.41,2125675792.0,192.85,50.0,6.63,2020-03-12,6.63,192.85
20200313,H30269,中证红利低波动指数,红利低波,CSI Dividend Low Volatility Index,CSI Dividend Low Volatility,7440.84,7651.38,7414.69,7594.58,-122.11,-1.58,2926335252.0,258.42,50.0,6.54,2020-03-13,6.54,258.42
20200316,H30269,中证红利低波动指数,红利低波,CSI Dividend Low Volatility Index,CSI Dividend Low Volatility,7623.93,7625.16,7388.8,7402.22,-192.36,-2.53,2801979358.0,245.13,50.0,6.41,2020-03-16,6.41,245.13
20200317,H30269,中证红利低波动指数,红利低波,CSI Dividend Low Volatility Index,CSI Dividend Low Volatility,7410.34,7490.66,7259.19,7382.31,-19.91,-0.27,2543005048.0,223.47,50.0,6.41,2020-03-17,6.41,223.47
20200318,H30269,中证红利低波动指数,红利低波,CSI Dividend Low Volatility Index,CSI Dividend Low Volatility,7428.19,7471.57,7255.84,7258.85,-123.46,-1.67,2348490397.0,242.61,50.0,6.29,2020-03-18,6.29,242.61
20200319,H30269,中证红利低波动指数,红利低波,CSI Dividend Low Volatility Index,CSI Dividend Low Volatility,7231.46,7273.53,7020.81,7131.15,-127.7,-1.76,3066699200.0,289.3,50.0,6.14,2020-03-19,6.14,289.3
20200320,H30269,中证红利低波动指数,红利低波,CSI Dividend Low Volatility Index,CSI Dividend Low Volatility,7195.85,7275.57,7151.04,7255.63,124.49,1.75,2395010877.0,231.09,50.0,6.27,2020-03-20,6.27,231.09
20200323,H30269,中证红利低波动指数,红利低波,CSI Dividend Low Volatility Index,CSI Dividend Low Volatility,7099.86,7144.79,7046.3,7050.67,-204.96,-2.82,1954868779.0,183.82,50.0,6.13,2020-03-23,6.13,183.82
20200324,H30269,中证红利低波动指数,红利低波,CSI Dividend Low Volatility Index,CSI Dividend Low Volatility,7159.67,7243.81,7117.87,7234.95,184.28,2.61,2135453065.0,200.36,50.0,6.28,2020-03-24,6.28,200.36
20200325,H30269,中证红利低波动指数,红利低波,CSI Dividend Low Volatility Index,CSI Dividend Low Volatility,7366.5,7423.5,7323.69,7401.65,166.71,2.3,2237113932.0,229.63,50.0,6.39,2020-03-25,6.39,229.63
20200326,H30269,中证红利低波动指数,红利低波,CSI Dividend Low Volatility Index,CSI Dividend Low Volatility,7364.42,7402.99,7334.61,7346.45,-55.21,-0.75,1733991146.0,163.73,50.0,6.38,2020-03-26,6.38,163.73
20200327,H30269,中证红利低波动指数,红利低波,CSI Dividend Low Volatility Index,CSI Dividend Low Volatility,7414.06,7454.5,7368.6,7390.72,44.27,0.6,1851572189.0,182.49,50.0,6.42,2020-03-27,6.42,182.49
20200330,H30269,中证红利低波动指数,红利低波,CSI Dividend Low Volatility Index,CSI Dividend Low Volatility,7323.31,7378.1,7292.28,7342.14,-48.57,-0.66,1890223529.0,172.64,50.0,6.41,2020-03-30,6.41,172.64
20200331,H30269,中证红利低波动指数,红利低波,CSI Dividend Low Volatility Index,CSI Dividend Low Volatility,7396.14,7404.86,7297.19,7313.9,-28.24,-0.38,1850743172.0,151.39,50.0,6.34,2020-03-31,6.34,151.39
20200401,H30269,中证红利低波动指数,红利低波,CSI Dividend Low Volatility Index,CSI Dividend Low Volatility,7310.11,7379.37,7274.88,7282.85,-31.05,-0.42,1539169529.0,150.54,50.0,6.34,2020-04-01,6.34,150.54
20200402,H30269,中证红利低波动指数,红利低波,CSI Dividend Low Volatility Index,CSI Dividend Low Volatility,7250.5,7353.35,7230.94,7353.35,70.5,0.97,1520236078.0,128.41,50.0,6.39,2020-04-02,6.39,128.41
20200403,H30269,中证红利低波动指数,红利低波,CSI Dividend Low Volatility Index,CSI Dividend Low Volatility,7335.66,7365.6,7303.04,7327.42,-25.93,-0.35,1320317328.0,112.72,50.0,6.36,2020-04-03,6.36,112.72
20200407,H30269,中证红利低波动指数,红利低波,CSI Dividend Low Volatility Index,CSI Dividend Low Volatility,7414.21,7452.23,7400.84,7440.79,113.37,1.55,1909327169.0,185.69,50.0,6.42,2020-04-07,6.42,185.69
20200408,H30269,中证红利低波动指数,红利低波,CSI Dividend Low Volatility Index,CSI Dividend Low Volatility,7410.7,7443.07,7375.26,7423.69,-17.1,-0.23,1390542623.0,121.78,50.0,6.39,2020-04-08,6.39,121.78
20200409,H30269,中证红利低波动指数,红利低波,CSI Dividend Low Volatility Index,CSI Dividend Low Volatility,7446.67,7455.47,7420.41,7434.96,11.27,0.15,1081166988.0,99.94,50.0,6.39,2020-04-09,6.39,99.94
20200410,H30269,中证红利低波动指数,红利低波,CSI Dividend Low Volatility Index,CSI Dividend Low Volatility,7452.05,7486.58,7386.19,7399.3,-35.66,-0.48,1331449793.0,127.9,50.0,6.38,2020-04-10,6.38,127.9
20200413,H30269,中证红利低波动指数,红利低波,CSI Dividend Low Volatility Index,CSI Dividend Low Volatility,7381.05,7425.78,7365.03,7406.08,6.78,0.09,1192610133.0,112.67,50.0,6.38,2020-04-13,6.38,112.67
20200414,H30269,中证红利低波动指数,红利低波,CSI Dividend Low Volatility Index,CSI Dividend Low Volatility,7422.16,7474.13,7418.75,7473.37,67.28,0.91,1481210171.0,142.73,50.0,6.43,2020-04-14,6.43,142.73
20200415,H30269,中证红利低波动指数,红利低波,CSI Dividend Low Volatility Index,CSI Dividend Low Volatility,7472.79,7473.26,7418.71,7427.29,-46.08,-0.62,1263473523.0,120.48,50.0,6.4,2020-04-15,6.4,120.48
20200416,H30269,中证红利低波动指数,红利低波,CSI Dividend Low Volatility Index,CSI Dividend Low Volatility,7397.77,7419.72,7383.67,7416.64,-10.65,-0.14,1242958520.0,112.82,50.0,6.4,2020-04-16,6.4,112.82
20200417,H30269,中证红利低波动指数,红利低波,CSI Dividend Low Volatility Index,CSI Dividend Low Volatility,7442.9,7490.92,7429.82,7448.71,32.07,0.43,1842434314.0,173.06,50.0,6.45,2020-04-17,6.45,173.06
20200420,H30269,中证红利低波动指数,红利低波,CSI Dividend Low Volatility Index,CSI Dividend Low Volatility,7462.49,7481.21,7423.85,7477.03,28.32,0.38,1604252482.0,152.7,50.0,6.43,2020-04-20,6.43,152.7
20200421,H30269,中证红利低波动指数,红利低波,CSI Dividend Low Volatility Index,CSI Dividend Low Volatility,7454.3,7462.95,7379.24,7420.15,-56.88,-0.76,1534823071.0,141.99,50.0,6.39,2020-04-21,6.39,141.99
20200422,H30269,中证红利低波动指数,红利低波,CSI Dividend Low Volatility Index,CSI Dividend Low Volatility,7390.32,7423.98,7367.67,7423.98,3.83,0.05,1402261605.0,118.6,50.0,6.39,2020-04-22,6.39,118.6
20200423,H30269,中证红利低波动指数,红利低波,CSI Dividend Low Volatility Index,CSI Dividend Low Volatility,7437.02,7441.03,7401.55,7406.78,-17.19,-0.23,1565737167.0,126.6,50.0,6.36,2020-04-23,6.36,126.6
20200424,H30269,中证红利低波动指数,红利低波,CSI Dividend Low Volatility Index,CSI Dividend Low Volatility,7407.39,7409.89,7348.26,7363.62,-43.16,-0.58,1224188607.0,108.54,50.0,6.33,2020-04-24,6.33,108.54
20200427,H30269,中证红利低波动指数,红利低波,CSI Dividend Low Volatility Index,CSI Dividend Low Volatility,7377.29,7453.81,7376.3,7420.42,56.79,0.77,1656641890.0,150.4,50.0,6.39,2020-04-27,6.39,150.4
20200428,H30269,中证红利低波动指数,红利低波,CSI Dividend Low Volatility Index,CSI Dividend Low Volatility,7430.45,7447.8,7313.27,7422.06,1.64,0.02,1818372998.0,154.79,50.0,6.4,2020-04-28,6.4,154.79
20200429,H30269,中证红利低波动指数,红利低波,CSI Dividend Low Volatility Index,CSI Dividend Low Volatility,7430.05,7548.43,7428.32,7548.43,126.38,1.7,2094600026.0,191.07,50.0,6.49,2020-04-29,6.49,191.07
20200430,H30269,中证红利低波动指数,红利低波,CSI Dividend Low Volatility Index,CSI Dividend Low Volatility,7563.6,7621.39,7560.11,7609.94,61.51,0.81,2008442429.0,186.12,50.0,6.53,2020-04-30,6.53,186.12
20200506,H30269,中证红利低波动指数,红利低波,CSI Dividend Low Volatility Index,CSI Dividend Low Volatility,7527.61,7594.19,7522.02,7587.4,-22.54,-0.3,2279580284.0,213.87,50.0,6.5,2020-05-06,6.5,213.87
20200507,H30269,中证红利低波动指数,红利低波,CSI Dividend Low Volatility Index,CSI Dividend Low Volatility,7581.99,7609.74,7557.19,7601.65,14.25,0.19,1656677562.0,152.4,50.0,6.48,2020-05-07,6.48,152.4
20200508,H30269,中证红利低波动指数,红利低波,CSI Dividend Low Volatility Index,CSI Dividend Low Volatility,7622.37,7657.14,7607.51,7649.97,48.32,0.63,1610829757.0,155.65,50.0,6.52,2020-05-08,6.52,155.65
20200511,H30269,中证红利低波动指数,红利低波,CSI Dividend Low Volatility Index,CSI Dividend Low Volatility,7664.52,7707.18,7651.63,7667.13,17.16,0.22,1623385938.0,158.95,50.0,6.53,2020-05-11,6.53,158.95
20200512,H30269,中证红利低波动指数,红利低波,CSI Dividend Low Volatility Index,CSI Dividend Low Volatility,7671.9,7677.11,7597.64,7619.79,-47.34,-0.62,1397795055.0,135.88,50.0,6.5,2020-05-12,6.5,135.88
20200513,H30269,中证红利低波动指数,红利低波,CSI Dividend Low Volatility Index,CSI Dividend Low Volatility,7610.97,7642.95,7581.32,7642.67,22.88,0.3,1296292476.0,122.08,50.0,6.5,2020-05-13,6.5,122.08
20200514,H30269,中证红利低波动指数,红利低波,CSI Dividend Low Volatility Index,CSI Dividend Low Volatility,7618.3,7618.3,7539.04,7545.39,-97.27,-1.27,1263374610.0,138.91,50.0,6.43,2020-05-14,6.43,138.91
20200515,H30269,中证红利低波动指数,红利低波,CSI Dividend Low Volatility Index,CSI Dividend Low Volatility,7570.34,7578.26,7513.32,7517.28,-28.11,-0.37,1237864808.0,120.05,50.0,6.42,2020-05-15,6.42,120.05
20200518,H30269,中证红利低波动指数,红利低波,CSI Dividend Low Volatility Index,CSI Dividend Low Volatility,7515.84,7554.91,7485.88,7527.38,10.1,0.13,1411668908.0,147.63,50.0,6.44,2020-05-18,6.44,147.63
20200519,H30269,中证红利低波动指数,红利低波,CSI Dividend Low Volatility Index,CSI Dividend Low Volatility,7576.29,7586.98,7538.18,7549.73,22.35,0.3,1395175941.0,127.48,50.0,6.46,2020-05-19,6.46,127.48
20200520,H30269,中证红利低波动指数,红利低波,CSI Dividend Low Volatility Index,CSI Dividend Low Volatility,7547.3,7547.3,7494.59,7509.42,-40.31,-0.53,1309662587.0,135.82,50.0,6.46,2020-05-20,6.46,135.82
20200521,H30269,中证红利低波动指数,红利低波,CSI Dividend Low Volatility Index,CSI Dividend Low Volatility,7525.41,7537.84,7487.56,7494.76,-14.66,-0.19,1178861055.0,111.09,50.0,6.44,2020-05-21,6.44,111.09
20200522,H30269,中证红利低波动指数,红利低波,CSI Dividend Low Volatility Index,CSI Dividend Low Volatility,7489.04,7490.27,7352.91,7355.79,-138.97,-1.85,1637210752.0,142.71,50.0,6.34,2020-05-22,6.34,142.71
20200525,H30269,中证红利低波动指数,红利低波,CSI Dividend Low Volatility Index,CSI Dividend Low Volatility,7364.09,7385.28,7328.07,7384.98,29.19,0.4,1233415609.0,114.29,50.0,6.36,2020-05-25,6.36,114.29
20200526,H30269,中证红利低波动指数,红利低波,CSI Dividend Low Volatility Index,CSI Dividend Low Volatility,7405.83,7409.57,7377.95,7403.78,18.8,0.25,1175657679.0,108.65,50.0,6.37,2020-05-26,6.37,108.65
20200527,H30269,中证红利低波动指数,红利低波,CSI Dividend Low Volatility Index,CSI Dividend Low Volatility,7411.18,7446.78,7395.28,7429.35,25.57,0.34,1396751302.0,117.88,50.0,6.4,2020-05-27,6.4,117.88
20200528,H30269,中证红利低波动指数,红利低波,CSI Dividend Low Volatility Index,CSI Dividend Low Volatility,7436.65,7502.9,7426.36,7472.67,43.32,0.58,1632506288.0,154.24,50.0,6.45,2020-05-28,6.45,154.24
20200529,H30269,中证红利低波动指数,红利低波,CSI Dividend Low Volatility Index,CSI Dividend Low Volatility,7457.54,7457.54,7408.86,7416.96,-55.71,-0.75,1465723407.0,133.63,50.0,6.39,2020-05-29,6.39,133.63
20200601,H30269,中证红利低波动指数,红利低波,CSI Dividend Low Volatility Index,CSI Dividend Low Volatility,7445.96,7557.87,7445.96,7554.11,137.15,1.85,1713410118.0,167.41,50.0,6.47,2020-06-01,6.47,167.41
20200602,H30269,中证红利低波动指数,红利低波,CSI Dividend Low Volatility Index,CSI Dividend Low Volatility,7556.62,7598.55,7543.51,7593.61,39.5,0.52,1788889026.0,171.45,50.0,6.51,2020-06-02,6.51,171.45
20200603,H30269,中证红利低波动指数,红利低波,CSI Dividend Low Volatility Index,CSI Dividend Low Volatility,7604.59,7642.04,7564.38,7568.17,-25.44,-0.34,1811935186.0,176.3,50.0,6.5,2020-06-03,6.5,176.3
20200604,H30269,中证红利低波动指数,红利低波,CSI Dividend Low Volatility Index,CSI Dividend Low Volatility,7604.46,7604.92,7560.01,7585.78,17.61,0.23,1297174075.0,128.35,50.0,6.48,2020-06-04,6.48,128.35
20200605,H30269,中证红利低波动指数,红利低波,CSI Dividend Low Volatility Index,CSI Dividend Low Volatility,7599.98,7599.98,7536.1,7577.78,-8.0,-0.1,1275800689.0,138.24,50.0,6.49,2020-06-05,6.49,138.24
20200608,H30269,中证红利低波动指数,红利低波,CSI Dividend Low Volatility Index,CSI Dividend Low Volatility,7603.99,7628.74,7588.59,7620.37,42.59,0.56,1704350746.0,166.07,50.0,6.52,2020-06-08,6.52,166.07
20200609,H30269,中证红利低波动指数,红利低波,CSI Dividend Low Volatility Index,CSI Dividend Low Volatility,7624.42,7652.66,7612.35,7651.9,31.53,0.41,1550569052.0,150.7,50.0,6.54,2020-06-09,6.54,150.7
20200610,H30269,中证红利低波动指数,红利低波,CSI Dividend Low Volatility Index,CSI Dividend Low Volatility,7641.4,7641.4,7598.6,7615.08,-36.82,-0.48,1605860344.0,158.56,50.0,6.49,2020-06-10,6.49,158.56
20200611,H30269,中证红利低波动指数,红利低波,CSI Dividend Low Volatility Index,CSI Dividend Low Volatility,7618.71,7618.71,7531.32,7543.58,-71.51,-0.94,1982085656.0,185.87,50.0,6.44,2020-06-11,6.44,185.87
20200612,H30269,中证红利低波动指数,红利低波,CSI Dividend Low Volatility Index,CSI Dividend Low Volatility,7455.17,7554.08,7443.39,7551.33,7.76,0.1,2224256403.0,182.88,50.0,6.43,2020-06-12,6.43,182.88
20200615,H30269,中证红利低波动指数,红利低波,CSI Dividend Low Volatility Index,CSI Dividend Low Volatility,7506.83,7542.16,7466.07,7466.07,-85.27,-1.13,1909014801.0,166.9,50.0,6.36,2020-06-15,6.36,166.9
20200616,H30269,中证红利低波动指数,红利低波,CSI Dividend Low Volatility Index,CSI Dividend Low Volatility,7515.64,7563.08,7502.84,7563.08,97.01,1.3,1479427519.0,137.51,50.0,6.42,2020-06-16,6.42,137.51
20200617,H30269,中证红利低波动指数,红利低波,CSI Dividend Low Volatility Index,CSI Dividend Low Volatility,7557.96,7582.29,7538.69,7577.76,14.68,0.19,1346192468.0,126.39,50.0,6.41,2020-06-17,6.41,126.39
20200618,H30269,中证红利低波动指数,红利低波,CSI Dividend Low Volatility Index,CSI Dividend Low Volatility,7541.75,7598.25,7523.32,7590.28,12.53,0.16,2075201268.0,185.95,50.0,6.4,2020-06-18,6.4,185.95
20200619,H30269,中证红利低波动指数,红利低波,CSI Dividend Low Volatility Index,CSI Dividend Low Volatility,7575.42,7598.3,7553.04,7588.01,-2.27,-0.03,2180632948.0,197.01,50.0,6.41,2020-06-19,6.41,197.01
20200622,H30269,中证红利低波动指数,红利低波,CSI Dividend Low Volatility Index,CSI Dividend Low Volatility,7572.43,7577.29,7513.15,7517.18,-70.83,-0.93,1843054860.0,168.73,50.0,6.37,2020-06-22,6.37,168.73
20200623,H30269,中证红利低波动指数,红利低波,CSI Dividend Low Volatility Index,CSI Dividend Low Volatility,7518.92,7518.92,7481.0,7493.93,-23.25,-0.31,1574311745.0,146.74,50.0,6.34,2020-06-23,6.34,146.74
20200624,H30269,中证红利低波动指数,红利低波,CSI Dividend Low Volatility Index,CSI Dividend Low Volatility,7469.12,7503.96,7467.96,7493.71,-0.22,0.0,1845356532.0,186.65,50.0,6.4,2020-06-24,6.4,186.65
20200629,H30269,中证红利低波动指数,红利低波,CSI Dividend Low Volatility Index,CSI Dividend Low Volatility,7468.55,7475.33,7425.34,7443.57,-50.13,-0.67,2208829716.0,194.17,50.0,6.37,2020-06-29,6.37,194.17
20200630,H30269,中证红利低波动指数,红利低波,CSI Dividend Low Volatility Index,CSI Dividend Low Volatility,7446.87,7485.13,7439.75,7476.83,33.26,0.45,1887617064.0,160.94,50.0,6.33,2020-06-30,6.33,160.94
20200701,H30269,中证红利低波动指数,红利低波,CSI Dividend Low Volatility Index,CSI Dividend Low Volatility,7492.37,7660.35,7482.08,7658.87,182.04,2.43,3263964148.0,337.5,50.0,6.46,2020-07-01,6.46,337.5
20200702,H30269,中证红利低波动指数,红利低波,CSI Dividend Low Volatility Index,CSI Dividend Low Volatility,7657.64,7870.63,7654.25,7868.61,209.74,2.74,4507174059.0,424.94,50.0,6.59,2020-07-02,6.59,424.94
20200703,H30269,中证红利低波动指数,红利低波,CSI Dividend Low Volatility Index,CSI Dividend Low Volatility,7880.98,7987.58,7880.21,7968.7,100.09,1.27,5181816035.0,476.18,50.0,6.71,2020-07-03,6.71,476.18
20200706,H30269,中证红利低波动指数,红利低波,CSI Dividend Low Volatility Index,CSI Dividend Low Volatility,8089.69,8496.82,8089.69,8487.69,518.99,6.51,8175944245.0,719.18,50.0,7.23,2020-07-06,7.23,719.18
20200707,H30269,中证红利低波动指数,红利低波,CSI Dividend Low Volatility Index,CSI Dividend Low Volatility,8615.61,8699.65,8441.36,8441.36,-46.33,-0.54,7842440933.0,713.52,50.0,7.18,2020-07-07,7.18,713.52
20200708,H30269,中证红利低波动指数,红利低波,CSI Dividend Low Volatility Index,CSI Dividend Low Volatility,8421.24,8539.5,8355.08,8492.6,51.25,0.61,6204851632.0,576.81,50.0,7.17,2020-07-08,7.17,576.81
20200709,H30269,中证红利低波动指数,红利低波,CSI Dividend Low Volatility Index,CSI Dividend Low Volatility,8488.72,8582.45,8422.49,8582.29,89.69,1.06,5771356737.0,550.53,50.0,7.13,2020-07-09,7.13,550.53
20200710,H30269,中证红利低波动指数,红利低波,CSI Dividend Low Volatility Index,CSI Dividend Low Volatility,8486.77,8486.77,8307.31,8331.37,-250.92,-2.92,5803066440.0,549.01,50.0,6.83,2020-07-10,6.83,549.01
20200713,H30269,中证红利低波动指数,红利低波,CSI Dividend Low Volatility Index,CSI Dividend Low Volatility,8312.08,8537.66,8312.08,8507.8,176.43,2.12,5944731222.0,539.87,50.0,6.84,2020-07-13,6.84,539.87
20200714,H30269,中证红利低波动指数,红利低波,CSI Dividend Low Volatility Index,CSI Dividend Low Volatility,8505.37,8567.75,8322.09,8453.09,-54.71,-0.64,5038767129.0,462.45,50.0,6.75,2020-07-14,6.75,462.45
20200715,H30269,中证红利低波动指数,红利低波,CSI Dividend Low Volatility Index,CSI Dividend Low Volatility,8466.52,8481.46,8209.98,8284.19,-168.9,-2.0,4524941184.0,410.05,50.0,6.58,2020-07-15,6.58,410.05
20200716,H30269,中证红利低波动指数,红利低波,CSI Dividend Low Volatility Index,CSI Dividend Low Volatility,8283.98,8371.71,8068.39,8068.93,-215.26,-2.6,4681547113.0,434.19,50.0,6.5,2020-07-16,6.5,434.19
20200717,H30269,中证红利低波动指数,红利低波,CSI Dividend Low Volatility Index,CSI Dividend Low Volatility,8077.53,8175.31,7988.42,8059.67,-9.26,-0.11,3442204962.0,322.22,50.0,6.5,2020-07-17,6.5,322.22
20200720,H30269,中证红利低波动指数,红利低波,CSI Dividend Low Volatility Index,CSI Dividend Low Volatility,8107.49,8391.36,8103.99,8391.36,331.69,4.11,4088813816.0,442.77,50.0,6.67,2020-07-20,6.67,442.77
20200721,H30269,中证红利低波动指数,红利低波,CSI Dividend Low Volatility Index,CSI Dividend Low Volatility,8405.84,8415.22,8332.68,8366.39,-24.97,-0.3,2836605985.0,301.69,50.0,6.62,2020-07-21,6.62,301.69
20200722,H30269,中证红利低波动指数,红利低波,CSI Dividend Low Volatility Index,CSI Dividend Low Volatility,8374.9,8439.77,8329.34,8352.79,-13.59,-0.16,3317842863.0,309.77,50.0,6.6,2020-07-22,6.6,309.77
20200723,H30269,中证红利低波动指数,红利低波,CSI Dividend Low Volatility Index,CSI Dividend Low Volatility,8279.32,8337.87,8138.33,8271.13,-81.66,-0.98,3369848591.0,309.02,50.0,6.52,2020-07-23,6.52,309.02
20200724,H30269,中证红利低波动指数,红利低波,CSI Dividend Low Volatility Index,CSI Dividend Low Volatility,8237.37,8274.89,7981.65,8005.69,-265.45,-3.21,3788917274.0,345.13,50.0,6.4,2020-07-24,6.4,345.13
20200727,H30269,中证红利低波动指数,红利低波,CSI Dividend Low Volatility Index,CSI Dividend Low Volatility,8056.42,8077.85,7926.15,7973.02,-32.66,-0.41,2707850173.0,252.59,50.0,6.37,2020-07-27,6.37,252.59
20200728,H30269,中证红利低波动指数,红利低波,CSI Dividend Low Volatility Index,CSI Dividend Low Volatility,8003.49,8044.01,7959.31,8008.95,35.92,0.45,2241229630.0,208.21,50.0,6.4,2020-07-28,6.4,208.21
20200729,H30269,中证红利低波动指数,红利低波,CSI Dividend Low Volatility Index,CSI Dividend Low Volatility,7990.55,8138.58,7947.52,8137.52,128.58,1.6,2747332675.0,249.58,50.0,6.46,2020-07-29,6.46,249.58
20200730,H30269,中证红利低波动指数,红利低波,CSI Dividend Low Volatility Index,CSI Dividend Low Volatility,8164.94,8193.4,8129.7,8142.43,4.91,0.06,2509764317.0,251.6,50.0,6.42,2020-07-30,6.42,251.6
20200731,H30269,中证红利低波动指数,红利低波,CSI Dividend Low Volatility Index,CSI Dividend Low Volatility,8136.02,8263.61,8121.09,8213.89,71.46,0.88,3071654677.0,281.59,50.0,6.42,2020-07-31,6.42,281.59
20200803,H30269,中证红利低波动指数,红利低波,CSI Dividend Low Volatility Index,CSI Dividend Low Volatility,8291.7,8413.12,8291.7,8408.42,194.53,2.37,3276870898.0,311.82,50.0,6.47,2020-08-03,6.47,311.82
20200804,H30269,中证红利低波动指数,红利低波,CSI Dividend Low Volatility Index,CSI Dividend Low Volatility,8454.21,8497.32,8366.75,8435.55,27.13,0.32,4581830871.0,428.98,50.0,6.57,2020-08-04,6.57,428.98
20200805,H30269,中证红利低波动指数,红利低波,CSI Dividend Low Volatility Index,CSI Dividend Low Volatility,8399.84,8416.95,8300.13,8378.89,-56.66,-0.67,2880331705.0,275.32,50.0,6.49,2020-08-05,6.49,275.32
20200806,H30269,中证红利低波动指数,红利低波,CSI Dividend Low Volatility Index,CSI Dividend Low Volatility,8360.41,8397.55,8253.05,8348.77,-30.12,-0.36,2712802755.0,269.26,50.0,6.52,2020-08-06,6.52,269.26
20200807,H30269,中证红利低波动指数,红利低波,CSI Dividend Low Volatility Index,CSI Dividend Low Volatility,8329.07,8351.41,8219.59,8332.72,-16.05,-0.19,2606910323.0,248.46,50.0,6.47,2020-08-07,6.47,248.46
20200810,H30269,中证红利低波动指数,红利低波,CSI Dividend Low Volatility Index,CSI Dividend Low Volatility,8355.76,8458.13,8315.27,8418.98,86.26,1.03,2940357796.0,293.79,50.0,6.52,2020-08-10,6.52,293.79
20200811,H30269,中证红利低波动指数,红利低波,CSI Dividend Low Volatility Index,CSI Dividend Low Volatility,8462.52,8537.58,8376.39,8383.72,-35.26,-0.42,3500734448.0,345.27,50.0,6.51,2020-08-11,6.51,345.27
20200812,H30269,中证红利低波动指数,红利低波,CSI Dividend Low Volatility Index,CSI Dividend Low Volatility,8370.51,8404.5,8221.11,8364.47,-19.25,-0.23,3122985835.0,300.31,50.0,6.53,2020-08-12,6.53,300.31
20200813,H30269,中证红利低波动指数,红利低波,CSI Dividend Low Volatility Index,CSI Dividend Low Volatility,8393.86,8452.24,8392.96,8412.93,48.46,0.58,2222744072.0,216.34,50.0,6.52,2020-08-13,6.52,216.34
20200814,H30269,中证红利低波动指数,红利低波,CSI Dividend Low Volatility Index,CSI Dividend Low Volatility,8412.8,8480.01,8354.12,8472.24,59.31,0.7,2562001408.0,245.61,50.0,6.58,2020-08-14,6.58,245.61
20200817,H30269,中证红利低波动指数,红利低波,CSI Dividend Low Volatility Index,CSI Dividend Low Volatility,8507.02,8754.09,8507.02,8701.32,229.09,2.7,5355758221.0,467.69,50.0,6.71,2020-08-17,6.71,467.69
20200818,H30269,中证红利低波动指数,红利低波,CSI Dividend Low Volatility Index,CSI Dividend Low Volatility,8736.96,8739.91,8674.2,8713.5,12.17,0.14,3076470600.0,273.49,50.0,6.65,2020-08-18,6.65,273.49
20200819,H30269,中证红利低波动指数,红利低波,CSI Dividend Low Volatility Index,CSI Dividend Low Volatility,8731.42,8770.71,8642.92,8666.24,-47.26,-0.54,2791120413.0,255.59,50.0,6.6,2020-08-19,6.6,255.59
20200820,H30269,中证红利低波动指数,红利低波,CSI Dividend Low Volatility Index,CSI Dividend Low Volatility,8638.33,8689.19,8559.48,8572.12,-94.11,-1.09,2525663707.0,232.14,50.0,6.54,2020-08-20,6.54,232.14
20200821,H30269,中证红利低波动指数,红利低波,CSI Dividend Low Volatility Index,CSI Dividend Low Volatility,8599.9,8628.73,8528.78,8580.36,8.24,0.1,2014251303.0,188.97,50.0,6.55,2020-08-21,6.55,188.97
20200824,H30269,中证红利低波动指数,红利低波,CSI Dividend Low Volatility Index,CSI Dividend Low Volatility,8625.33,8672.48,8596.01,8612.75,32.39,0.38,1991948303.0,200.5,50.0,6.54,2020-08-24,6.54,200.5
20200825,H30269,中证红利低波动指数,红利低波,CSI Dividend Low Volatility Index,CSI Dividend Low Volatility,8657.1,8693.76,8546.49,8588.1,-24.65,-0.29,1970405545.0,196.4,50.0,6.53,2020-08-25,6.53,196.4
20200826,H30269,中证红利低波动指数,红利低波,CSI Dividend Low Volatility Index,CSI Dividend Low Volatility,8577.61,8598.78,8438.43,8461.15,-126.95,-1.48,2163910354.0,208.37,50.0,6.49,2020-08-26,6.49,208.37
20200827,H30269,中证红利低波动指数,红利低波,CSI Dividend Low Volatility Index,CSI Dividend Low Volatility,8478.91,8490.03,8407.77,8461.9,0.75,0.01,2141647859.0,193.25,50.0,6.48,2020-08-27,6.48,193.25
20200828,H30269,中证红利低波动指数,红利低波,CSI Dividend Low Volatility Index,CSI Dividend Low Volatility,8463.65,8584.2,8424.57,8584.2,122.3,1.44,2696891617.0,272.05,50.0,6.56,2020-08-28,6.56,272.05
20200831,H30269,中证红利低波动指数,红利低波,CSI Dividend Low Volatility Index,CSI Dividend Low Volatility,8606.36,8627.44,8492.56,8495.06,-89.14,-1.04,3469370912.0,342.59,50.0,6.5,2020-08-31,6.5,342.59
20200901,H30269,中证红利低波动指数,红利低波,CSI Dividend Low Volatility Index,CSI Dividend Low Volatility,8479.81,8480.44,8406.86,8474.42,-20.64,-0.24,2214899303.0,215.96,50.0,7.0,2020-09-01,7.0,215.96
20200902,H30269,中证红利低波动指数,红利低波,CSI Dividend Low Volatility Index,CSI Dividend Low Volatility,8491.02,8497.73,8387.77,8443.41,-31.01,-0.37,2469981481.0,229.15,50.0,6.97,2020-09-02,6.97,229.15
20200903,H30269,中证红利低波动指数,红利低波,CSI Dividend Low Volatility Index,CSI Dividend Low Volatility,8442.08,8488.1,8379.97,8395.11,-48.3,-0.57,2160911983.0,207.46,50.0,6.95,2020-09-03,6.95,207.46
20200904,H30269,中证红利低波动指数,红利低波,CSI Dividend Low Volatility Index,CSI Dividend Low Volatility,8301.45,8349.95,8267.93,8343.79,-51.33,-0.61,1942637679.0,180.58,50.0,6.93,2020-09-04,6.93,180.58
20200907,H30269,中证红利低波动指数,红利低波,CSI Dividend Low Volatility Index,CSI Dividend Low Volatility,8327.9,8412.15,8238.25,8249.73,-94.06,-1.13,2216825383.0,232.07,50.0,6.91,2020-09-07,6.91,232.07
20200908,H30269,中证红利低波动指数,红利低波,CSI Dividend Low Volatility Index,CSI Dividend Low Volatility,8266.09,8330.43,8231.25,8313.34,63.61,0.77,2264726042.0,222.46,50.0,6.98,2020-09-08,6.98,222.46
20200909,H30269,中证红利低波动指数,红利低波,CSI Dividend Low Volatility Index,CSI Dividend Low Volatility,8249.31,8287.93,8152.27,8167.2,-146.14,-1.76,2284107854.0,203.44,50.0,6.94,2020-09-09,6.94,203.44
20200910,H30269,中证红利低波动指数,红利低波,CSI Dividend Low Volatility Index,CSI Dividend Low Volatility,8228.52,8265.88,8123.72,8140.52,-26.68,-0.33,2312237425.0,217.95,50.0,6.93,2020-09-10,6.93,217.95
20200911,H30269,中证红利低波动指数,红利低波,CSI Dividend Low Volatility Index,CSI Dividend Low Volatility,8132.23,8159.4,8083.27,8153.15,12.63,0.15,1815832964.0,165.95,50.0,6.91,2020-09-11,6.91,165.95
20200914,H30269,中证红利低波动指数,红利低波,CSI Dividend Low Volatility Index,CSI Dividend Low Volatility,8168.38,8190.39,8118.9,8154.48,1.33,0.02,1572260848.0,153.88,50.0,6.91,2020-09-14,6.91,153.88
20200915,H30269,中证红利低波动指数,红利低波,CSI Dividend Low Volatility Index,CSI Dividend Low Volatility,8140.37,8186.14,8108.33,8178.05,23.57,0.29,1487678294.0,148.43,50.0,6.93,2020-09-15,6.93,148.43
20200916,H30269,中证红利低波动指数,红利低波,CSI Dividend Low Volatility Index,CSI Dividend Low Volatility,8173.18,8248.16,8152.29,8214.52,36.47,0.44,1614264204.0,156.57,50.0,6.96,2020-09-16,6.96,156.57
20200917,H30269,中证红利低波动指数,红利低波,CSI Dividend Low Volatility Index,CSI Dividend Low Volatility,8204.77,8246.74,8153.15,8203.62,-10.9,-0.13,1585212455.0,167.28,50.0,6.94,2020-09-17,6.94,167.28
20200918,H30269,中证红利低波动指数,红利低波,CSI Dividend Low Volatility Index,CSI Dividend Low Volatility,8211.82,8392.14,8205.2,8392.14,188.52,2.3,3009687219.0,315.17,50.0,7.07,2020-09-18,7.07,315.17
20200921,H30269,中证红利低波动指数,红利低波,CSI Dividend Low Volatility Index,CSI Dividend Low Volatility,8398.46,8402.75,8327.05,8344.49,-47.64,-0.57,1911648945.0,192.98,50.0,7.02,2020-09-21,7.02,192.98
20200922,H30269,中证红利低波动指数,红利低波,CSI Dividend Low Volatility Index,CSI Dividend Low Volatility,8285.85,8313.16,8198.36,8215.28,-129.22,-1.55,1791238483.0,168.33,50.0,6.95,2020-09-22,6.95,168.33
20200923,H30269,中证红利低波动指数,红利低波,CSI Dividend Low Volatility Index,CSI Dividend Low Volatility,8235.11,8247.67,8179.62,8203.76,-11.52,-0.14,1368763479.0,131.0,50.0,6.92,2020-09-23,6.92,131.0
20200924,H30269,中证红利低波动指数,红利低波,CSI Dividend Low Volatility Index,CSI Dividend Low Volatility,8168.09,8171.1,8050.45,8059.85,-143.91,-1.75,1832667693.0,168.22,50.0,6.85,2020-09-24,6.85,168.22
20200925,H30269,中证红利低波动指数,红利低波,CSI Dividend Low Volatility Index,CSI Dividend Low Volatility,8078.12,8102.52,7990.49,8020.37,-39.48,-0.49,1602531162.0,152.35,50.0,6.83,2020-09-25,6.83,152.35
20200928,H30269,中证红利低波动指数,红利低波,CSI Dividend Low Volatility Index,CSI Dividend Low Volatility,8046.9,8091.42,8030.08,8060.17,39.8,0.5,1731176935.0,150.32,50.0,6.88,2020-09-28,6.88,150.32
20200929,H30269,中证红利低波动指数,红利低波,CSI Dividend Low Volatility Index,CSI Dividend Low Volatility,8077.67,8112.75,8043.06,8062.18,2.01,0.02,1385625195.0,144.94,50.0,6.83,2020-09-29,6.83,144.94
20200930,H30269,中证红利低波动指数,红利低波,CSI Dividend Low Volatility Index,CSI Dividend Low Volatility,8078.92,8082.78,7975.04,8007.47,-54.71,-0.68,1782640334.0,169.42,50.0,6.82,2020-09-30,6.82,169.42
20201009,H30269,中证红利低波动指数,红利低波,CSI Dividend Low Volatility Index,CSI Dividend Low Volatility,8110.48,8172.02,8096.46,8147.86,140.38,1.75,1845667091.0,187.05,50.0,6.85,2020-10-09,6.85,187.05
20201012,H30269,中证红利低波动指数,红利低波,CSI Dividend Low Volatility Index,CSI Dividend Low Volatility,8182.64,8291.11,8174.06,8289.32,141.46,1.74,2860073329.0,276.32,50.0,6.97,2020-10-12,6.97,276.32
20201013,H30269,中证红利低波动指数,红利低波,CSI Dividend Low Volatility Index,CSI Dividend Low Volatility,8289.13,8309.84,8261.84,8301.61,12.3,0.15,2126680270.0,189.99,50.0,6.94,2020-10-13,6.94,189.99
20201014,H30269,中证红利低波动指数,红利低波,CSI Dividend Low Volatility Index,CSI Dividend Low Volatility,8290.27,8290.27,8249.25,8272.34,-29.27,-0.35,1872831470.0,181.99,50.0,6.93,2020-10-14,6.93,181.99
20201015,H30269,中证红利低波动指数,红利低波,CSI Dividend Low Volatility Index,CSI Dividend Low Volatility,8265.71,8300.87,8234.48,8259.82,-12.52,-0.15,2213869658.0,228.59,50.0,6.96,2020-10-15,6.96,228.59
20201016,H30269,中证红利低波动指数,红利低波,CSI Dividend Low Volatility Index,CSI Dividend Low Volatility,8254.36,8325.66,8250.14,8300.68,40.85,0.49,3370058174.0,290.43,50.0,7.03,2020-10-16,7.03,290.43
20201019,H30269,中证红利低波动指数,红利低波,CSI Dividend Low Volatility Index,CSI Dividend Low Volatility,8323.16,8408.76,8233.46,8245.83,-54.84,-0.66,3559327011.0,313.44,50.0,7.04,2020-10-19,7.04,313.44
20201020,H30269,中证红利低波动指数,红利低波,CSI Dividend Low Volatility Index,CSI Dividend Low Volatility,8228.73,8242.14,8180.48,8238.16,-7.67,-0.09,2103045468.0,182.32,50.0,7.0,2020-10-20,7.0,182.32
20201021,H30269,中证红利低波动指数,红利低波,CSI Dividend Low Volatility Index,CSI Dividend Low Volatility,8240.83,8259.5,8188.39,8251.67,13.51,0.16,2239114849.0,194.04,50.0,7.08,2020-10-21,7.08,194.04
20201022,H30269,中证红利低波动指数,红利低波,CSI Dividend Low Volatility Index,CSI Dividend Low Volatility,8225.2,8237.97,8175.39,8208.97,-42.7,-0.52,2015800459.0,191.44,50.0,7.08,2020-10-22,7.08,191.44
20201023,H30269,中证红利低波动指数,红利低波,CSI Dividend Low Volatility Index,CSI Dividend Low Volatility,8203.06,8243.08,8163.29,8174.53,-34.44,-0.42,2426269237.0,209.42,50.0,7.09,2020-10-23,7.09,209.42
20201026,H30269,中证红利低波动指数,红利低波,CSI Dividend Low Volatility Index,CSI Dividend Low Volatility,8161.63,8163.23,8107.54,8147.28,-27.25,-0.33,2157167492.0,193.84,50.0,7.03,2020-10-26,7.03,193.84
20201027,H30269,中证红利低波动指数,红利低波,CSI Dividend Low Volatility Index,CSI Dividend Low Volatility,8125.41,8139.63,8091.65,8130.95,-16.33,-0.2,1736459915.0,164.62,50.0,7.01,2020-10-27,7.01,164.62
20201028,H30269,中证红利低波动指数,红利低波,CSI Dividend Low Volatility Index,CSI Dividend Low Volatility,8111.2,8115.44,8022.35,8095.4,-35.55,-0.44,1934980753.0,197.82,50.0,6.96,2020-10-28,6.96,197.82
20201029,H30269,中证红利低波动指数,红利低波,CSI Dividend Low Volatility Index,CSI Dividend Low Volatility,8039.41,8186.38,8030.94,8157.12,61.73,0.76,2082239567.0,207.34,50.0,6.95,2020-10-29,6.95,207.34
20201030,H30269,中证红利低波动指数,红利低波,CSI Dividend Low Volatility Index,CSI Dividend Low Volatility,8164.19,8191.09,8036.65,8042.71,-114.41,-1.4,2497186426.0,244.47,50.0,6.9,2020-10-30,6.9,244.47
20201102,H30269,中证红利低波动指数,红利低波,CSI Dividend Low Volatility Index,CSI Dividend Low Volatility,8055.78,8138.93,8055.78,8118.95,76.24,0.95,2346953002.0,225.69,50.0,6.78,2020-11-02,6.78,225.69
20201103,H30269,中证红利低波动指数,红利低波,CSI Dividend Low Volatility Index,CSI Dividend Low Volatility,8159.0,8212.67,8142.08,8209.85,90.9,1.12,2181156685.0,229.97,50.0,6.84,2020-11-03,6.84,229.97
20201104,H30269,中证红利低波动指数,红利低波,CSI Dividend Low Volatility Index,CSI Dividend Low Volatility,8242.02,8275.77,8200.36,8262.0,52.15,0.63,1970740687.0,234.87,50.0,6.9,2020-11-04,6.9,234.87
20201105,H30269,中证红利低波动指数,红利低波,CSI Dividend Low Volatility Index,CSI Dividend Low Volatility,8314.04,8372.99,8296.81,8368.1,106.1,1.28,2382627587.0,263.89,50.0,6.94,2020-11-05,6.94,263.89
20201106,H30269,中证红利低波动指数,红利低波,CSI Dividend Low Volatility Index,CSI Dividend Low Volatility,8377.33,8414.26,8325.52,8414.26,46.15,0.55,2231292013.0,230.3,50.0,6.96,2020-11-06,6.96,230.3
20201109,H30269,中证红利低波动指数,红利低波,CSI Dividend Low Volatility Index,CSI Dividend Low Volatility,8473.81,8555.45,8473.81,8545.86,131.61,1.56,2813484475.0,271.76,50.0,7.01,2020-11-09,7.01,271.76
20201110,H30269,中证红利低波动指数,红利低波,CSI Dividend Low Volatility Index,CSI Dividend Low Volatility,8581.88,8583.35,8496.58,8511.67,-34.19,-0.4,2933079331.0,281.31,50.0,7.03,2020-11-10,7.03,281.31
20201111,H30269,中证红利低波动指数,红利低波,CSI Dividend Low Volatility Index,CSI Dividend Low Volatility,8494.17,8638.38,8488.66,8575.27,63.6,0.75,2990314054.0,297.74,50.0,7.1,2020-11-11,7.1,297.74
20201112,H30269,中证红利低波动指数,红利低波,CSI Dividend Low Volatility Index,CSI Dividend Low Volatility,8562.92,8619.37,8534.68,8613.79,38.52,0.45,1982116824.0,204.28,50.0,7.05,2020-11-12,7.05,204.28
20201113,H30269,中证红利低波动指数,红利低波,CSI Dividend Low Volatility Index,CSI Dividend Low Volatility,8584.89,8584.89,8446.59,8524.94,-88.85,-1.03,2392009488.0,238.8,50.0,6.95,2020-11-13,6.95,238.8
20201116,H30269,中证红利低波动指数,红利低波,CSI Dividend Low Volatility Index,CSI Dividend Low Volatility,8559.21,8749.45,8552.33,8744.59,219.65,2.58,2386417550.0,240.39,50.0,7.01,2020-11-16,7.01,240.39
20201117,H30269,中证红利低波动指数,红利低波,CSI Dividend Low Volatility Index,CSI Dividend Low Volatility,8731.82,8830.37,8715.9,8771.8,27.21,0.31,2812404335.0,315.37,50.0,7.06,2020-11-17,7.06,315.37
20201118,H30269,中证红利低波动指数,红利低波,CSI Dividend Low Volatility Index,CSI Dividend Low Volatility,8764.72,8826.48,8753.6,8808.56,36.77,0.42,3435434718.0,354.71,50.0,7.14,2020-11-18,7.14,354.71
20201119,H30269,中证红利低波动指数,红利低波,CSI Dividend Low Volatility Index,CSI Dividend Low Volatility,8778.0,8800.42,8706.99,8748.79,-59.77,-0.68,2482013975.0,253.36,50.0,7.16,2020-11-19,7.16,253.36
20201120,H30269,中证红利低波动指数,红利低波,CSI Dividend Low Volatility Index,CSI Dividend Low Volatility,8734.01,8788.58,8709.31,8787.01,38.22,0.44,2098118127.0,212.82,50.0,7.14,2020-11-20,7.14,212.82
20201123,H30269,中证红利低波动指数,红利低波,CSI Dividend Low Volatility Index,CSI Dividend Low Volatility,8806.37,8968.56,8804.37,8932.67,145.66,1.66,3586817398.0,340.78,50.0,7.23,2020-11-23,7.23,340.78
20201124,H30269,中证红利低波动指数,红利低波,CSI Dividend Low Volatility Index,CSI Dividend Low Volatility,8933.27,8937.42,8856.89,8880.93,-51.74,-0.58,2495769829.0,243.09,50.0,7.2,2020-11-24,7.2,243.09
20201125,H30269,中证红利低波动指数,红利低波,CSI Dividend Low Volatility Index,CSI Dividend Low Volatility,8917.74,8926.79,8746.48,8746.48,-134.45,-1.51,2747592223.0,254.96,50.0,7.16,2020-11-25,7.16,254.96
20201126,H30269,中证红利低波动指数,红利低波,CSI Dividend Low Volatility Index,CSI Dividend Low Volatility,8751.94,8790.91,8692.82,8762.17,15.69,0.18,2317445850.0,236.61,50.0,7.21,2020-11-26,7.21,236.61
20201127,H30269,中证红利低波动指数,红利低波,CSI Dividend Low Volatility Index,CSI Dividend Low Volatility,8789.35,8843.72,8708.03,8829.28,67.11,0.76,4535869974.0,346.1,50.0,7.39,2020-11-27,7.39,346.1
20201130,H30269,中证红利低波动指数,红利低波,CSI Dividend Low Volatility Index,CSI Dividend Low Volatility,8856.96,8962.48,8749.98,8749.98,-79.3,-0.9,6998227413.0,578.3,50.0,7.3,2020-11-30,7.3,578.3
20201201,H30269,中证红利低波动指数,红利低波,CSI Dividend Low Volatility Index,CSI Dividend Low Volatility,8753.76,8863.61,8712.09,8851.8,101.81,1.16,3982922086.0,345.75,50.0,7.45,2020-12-01,7.45,345.75
20201202,H30269,中证红利低波动指数,红利低波,CSI Dividend Low Volatility Index,CSI Dividend Low Volatility,8861.65,8898.47,8809.13,8854.91,3.12,0.03,3059834929.0,286.83,50.0,7.44,2020-12-02,7.44,286.83
20201203,H30269,中证红利低波动指数,红利低波,CSI Dividend Low Volatility Index,CSI Dividend Low Volatility,8849.23,8849.23,8731.48,8754.59,-100.32,-1.13,2742577461.0,241.92,50.0,7.37,2020-12-03,7.37,241.92
20201204,H30269,中证红利低波动指数,红利低波,CSI Dividend Low Volatility Index,CSI Dividend Low Volatility,8757.07,8757.07,8658.56,8732.72,-21.87,-0.25,2674462459.0,241.07,50.0,7.3,2020-12-04,7.3,241.07
20201207,H30269,中证红利低波动指数,红利低波,CSI Dividend Low Volatility Index,CSI Dividend Low Volatility,8737.51,8756.73,8599.61,8600.11,-132.61,-1.52,2824410107.0,267.5,50.0,7.16,2020-12-07,7.16,267.5
20201208,H30269,中证红利低波动指数,红利低波,CSI Dividend Low Volatility Index,CSI Dividend Low Volatility,8610.89,8651.83,8565.59,8584.95,-15.16,-0.18,2404653894.0,217.15,50.0,7.11,2020-12-08,7.11,217.15
20201209,H30269,中证红利低波动指数,红利低波,CSI Dividend Low Volatility Index,CSI Dividend Low Volatility,8597.23,8604.88,8467.96,8467.96,-116.98,-1.36,2322772271.0,219.55,50.0,7.08,2020-12-09,7.08,219.55
20201210,H30269,中证红利低波动指数,红利低波,CSI Dividend Low Volatility Index,CSI Dividend Low Volatility,8472.24,8497.81,8441.8,8458.96,-9.01,-0.11,2409582745.0,208.6,50.0,7.06,2020-12-10,7.06,208.6
20201211,H30269,中证红利低波动指数,红利低波,CSI Dividend Low Volatility Index,CSI Dividend Low Volatility,8491.95,8514.24,8329.56,8438.03,-20.93,-0.25,3118161251.0,275.88,50.0,7.02,2020-12-11,7.02,275.88
20201214,H30269,中证红利低波动指数,红利低波,CSI Dividend Low Volatility Index,CSI Dividend Low Volatility,8416.92,8427.9,8364.08,8382.37,-55.66,-0.66,2353885586.0,184.92,50.0,6.34,2020-12-14,6.34,184.92
20201215,H30269,中证红利低波动指数,红利低波,CSI Dividend Low Volatility Index,CSI Dividend Low Volatility,8381.07,8381.07,8289.52,8359.26,-23.11,-0.27,2388226897.0,177.45,50.0,6.29,2020-12-15,6.29,177.45
20201216,H30269,中证红利低波动指数,红利低波,CSI Dividend Low Volatility Index,CSI Dividend Low Volatility,8361.1,8380.34,8316.64,8327.75,-31.51,-0.38,1867004004.0,141.15,50.0,6.29,2020-12-16,6.29,141.15
20201217,H30269,中证红利低波动指数,红利低波,CSI Dividend Low Volatility Index,CSI Dividend Low Volatility,8303.51,8385.56,8241.59,8377.67,49.92,0.6,2195241731.0,168.82,50.0,6.32,2020-12-17,6.32,168.82
20201218,H30269,中证红利低波动指数,红利低波,CSI Dividend Low Volatility Index,CSI Dividend Low Volatility,8398.86,8473.16,8397.98,8433.79,56.12,0.67,2118629273.0,174.76,50.0,6.31,2020-12-18,6.31,174.76
20201221,H30269,中证红利低波动指数,红利低波,CSI Dividend Low Volatility Index,CSI Dividend Low Volatility,8429.05,8454.29,8342.51,8420.7,-13.09,-0.15,2053503993.0,167.52,50.0,6.29,2020-12-21,6.29,167.52
20201222,H30269,中证红利低波动指数,红利低波,CSI Dividend Low Volatility Index,CSI Dividend Low Volatility,8388.7,8389.6,8218.23,8224.03,-196.67,-2.33,2634884965.0,204.99,50.0,6.2,2020-12-22,6.2,204.99
20201223,H30269,中证红利低波动指数,红利低波,CSI Dividend Low Volatility Index,CSI Dividend Low Volatility,8223.56,8260.64,8192.27,8221.07,-2.96,-0.04,2058115876.0,163.28,50.0,6.2,2020-12-23,6.2,163.28
20201224,H30269,中证红利低波动指数,红利低波,CSI Dividend Low Volatility Index,CSI Dividend Low Volatility,8235.19,8249.55,8131.67,8161.36,-59.71,-0.73,1503930252.0,122.84,50.0,6.19,2020-12-24,6.19,122.84
20201225,H30269,中证红利低波动指数,红利低波,CSI Dividend Low Volatility Index,CSI Dividend Low Volatility,8159.81,8254.79,8131.16,8215.8,54.44,0.67,1584722405.0,120.4,50.0,6.22,2020-12-25,6.22,120.4
20201228,H30269,中证红利低波动指数,红利低波,CSI Dividend Low Volatility Index,CSI Dividend Low Volatility,8223.47,8239.64,8164.31,8191.21,-24.59,-0.3,1987599307.0,166.05,50.0,6.22,2020-12-28,6.22,166.05
20201229,H30269,中证红利低波动指数,红利低波,CSI Dividend Low Volatility Index,CSI Dividend Low Volatility,8204.2,8222.36,8140.44,8152.85,-38.37,-0.47,1909843094.0,158.04,50.0,6.22,2020-12-29,6.22,158.04
20201230,H30269,中证红利低波动指数,红利低波,CSI Dividend Low Volatility Index,CSI Dividend Low Volatility,8142.04,8191.42,8114.56,8168.22,15.37,0.19,1927929019.0,144.34,50.0,6.22,2020-12-30,6.22,144.34
20201231,H30269,中证红利低波动指数,红利低波,CSI Dividend Low Volatility Index,CSI Dividend Low Volatility,8166.3,8230.68,8155.8,8207.47,39.26,0.48,2441572646.0,189.35,50.0,6.25,2020-12-31,6.25,189.35
20210104,H30269,中证红利低波动指数,红利低波,CSI Dividend Low Volatility Index,CSI Dividend Low Volatility,8176.3,8177.32,8093.01,8146.16,-61.31,-0.75,3131572567.0,270.8,50.0,6.19,2021-01-04,6.19,270.8
20210105,H30269,中证红利低波动指数,红利低波,CSI Dividend Low Volatility Index,CSI Dividend Low Volatility,8128.49,8139.2,8030.46,8138.38,-7.78,-0.09,3003517648.0,260.12,50.0,6.15,2021-01-05,6.15,260.12
20210106,H30269,中证红利低波动指数,红利低波,CSI Dividend Low Volatility Index,CSI Dividend Low Volatility,8154.99,8210.07,8150.95,8209.4,71.02,0.87,2579874205.0,259.45,50.0,6.21,2021-01-06,6.21,259.45
20210107,H30269,中证红利低波动指数,红利低波,CSI Dividend Low Volatility Index,CSI Dividend Low Volatility,8239.5,8261.92,8166.41,8221.42,12.02,0.15,2837698253.0,256.11,50.0,6.23,2021-01-07,6.23,256.11
20210108,H30269,中证红利低波动指数,红利低波,CSI Dividend Low Volatility Index,CSI Dividend Low Volatility,8224.78,8266.51,8162.28,8240.44,19.02,0.23,2714569339.0,239.2,50.0,6.26,2021-01-08,6.26,239.2
20210111,H30269,中证红利低波动指数,红利低波,CSI Dividend Low Volatility Index,CSI Dividend Low Volatility,8218.83,8266.94,8145.35,8161.26,-79.18,-0.96,3343535331.0,292.08,50.0,6.24,2021-01-11,6.24,292.08
20210112,H30269,中证红利低波动指数,红利低波,CSI Dividend Low Volatility Index,CSI Dividend Low Volatility,8134.12,8164.66,8093.83,8162.09,0.83,0.01,2721359067.0,224.57,50.0,6.26,2021-01-12,6.26,224.57
20210113,H30269,中证红利低波动指数,红利低波,CSI Dividend Low Volatility Index,CSI Dividend Low Volatility,8147.63,8195.47,8079.67,8153.86,-8.23,-0.1,2927285992.0,251.88,50.0,6.3,2021-01-13,6.3,251.88
20210114,H30269,中证红利低波动指数,红利低波,CSI Dividend Low Volatility Index,CSI Dividend Low Volatility,8137.31,8227.93,8112.06,8132.73,-21.13,-0.26,2938256881.0,249.17,50.0,6.32,2021-01-14,6.32,249.17
20210115,H30269,中证红利低波动指数,红利低波,CSI Dividend Low Volatility Index,CSI Dividend Low Volatility,8159.17,8246.91,8159.17,8188.39,55.66,0.68,4396267064.0,356.12,50.0,6.39,2021-01-15,6.39,356.12
20210118,H30269,中证红利低波动指数,红利低波,CSI Dividend Low Volatility Index,CSI Dividend Low Volatility,8194.33,8268.77,8178.6,8252.56,64.18,0.78,3260606329.0,299.59,50.0,6.44,2021-01-18,6.44,299.59
20210119,H30269,中证红利低波动指数,红利低波,CSI Dividend Low Volatility Index,CSI Dividend Low Volatility,8244.13,8397.24,8198.07,8332.73,80.16,0.97,3777370811.0,331.52,50.0,6.49,2021-01-19,6.49,331.52
20210120,H30269,中证红利低波动指数,红利低波,CSI Dividend Low Volatility Index,CSI Dividend Low Volatility,8301.36,8306.3,8219.23,8248.84,-83.89,-1.01,2563808610.0,222.49,50.0,6.41,2021-01-20,6.41,222.49
20210121,H30269,中证红利低波动指数,红利低波,CSI Dividend Low Volatility Index,CSI Dividend Low Volatility,8245.83,8290.29,8220.15,8247.36,-1.48,-0.02,2521359890.0,226.5,50.0,6.39,2021-01-21,6.39,226.5
20210122,H30269,中证红利低波动指数,红利低波,CSI Dividend Low Volatility Index,CSI Dividend Low Volatility,8239.13,8239.13,8101.58,8105.23,-142.12,-1.72,2537468088.0,226.32,50.0,6.29,2021-01-22,6.29,226.32
20210125,H30269,中证红利低波动指数,红利低波,CSI Dividend Low Volatility Index,CSI Dividend Low Volatility,8078.39,8078.39,7985.56,8013.13,-92.11,-1.14,2469570830.0,224.55,50.0,6.27,2021-01-25,6.27,224.55
20210126,H30269,中证红利低波动指数,红利低波,CSI Dividend Low Volatility Index,CSI Dividend Low Volatility,7992.42,8058.07,7979.52,7991.77,-21.35,-0.27,1918118505.0,174.02,50.0,6.25,2021-01-26,6.25,174.02
20210127,H30269,中证红利低波动指数,红利低波,CSI Dividend Low Volatility Index,CSI Dividend Low Volatility,7985.69,8092.65,7985.69,8014.23,22.46,0.28,2411819476.0,202.08,50.0,6.28,2021-01-27,6.28,202.08
20210128,H30269,中证红利低波动指数,红利低波,CSI Dividend Low Volatility Index,CSI Dividend Low Volatility,7968.43,7968.43,7905.26,7926.01,-88.23,-1.1,2223345089.0,189.34,50.0,6.22,2021-01-28,6.22,189.34
20210129,H30269,中证红利低波动指数,红利低波,CSI Dividend Low Volatility Index,CSI Dividend Low Volatility,7941.46,7989.83,7875.12,7918.88,-7.13,-0.09,2611489377.0,212.01,50.0,6.22,2021-01-29,6.22,212.01
20210201,H30269,中证红利低波动指数,红利低波,CSI Dividend Low Volatility Index,CSI Dividend Low Volatility,7898.77,7999.46,7876.65,7997.12,78.24,0.99,2557072031.0,204.29,50.0,6.27,2021-02-01,6.27,204.29
20210202,H30269,中证红利低波动指数,红利低波,CSI Dividend Low Volatility Index,CSI Dividend Low Volatility,7995.71,8015.68,7932.12,7963.49,-33.63,-0.42,2295436884.0,199.7,50.0,6.23,2021-02-02,6.23,199.7
20210203,H30269,中证红利低波动指数,红利低波,CSI Dividend Low Volatility Index,CSI Dividend Low Volatility,7959.19,7969.59,7878.88,7931.94,-31.55,-0.4,2345588838.0,194.1,50.0,6.23,2021-02-03,6.23,194.1
20210204,H30269,中证红利低波动指数,红利低波,CSI Dividend Low Volatility Index,CSI Dividend Low Volatility,7910.4,7946.23,7862.77,7912.26,-19.68,-0.25,2395548584.0,200.27,50.0,6.23,2021-02-04,6.23,200.27
20210205,H30269,中证红利低波动指数,红利低波,CSI Dividend Low Volatility Index,CSI Dividend Low Volatility,7907.19,8063.3,7903.19,8033.2,120.95,1.53,4524101667.0,319.45,50.0,6.35,2021-02-05,6.35,319.45
20210208,H30269,中证红利低波动指数,红利低波,CSI Dividend Low Volatility Index,CSI Dividend Low Volatility,8034.12,8076.96,7983.25,8038.67,5.47,0.07,3275325800.0,255.51,50.0,6.36,2021-02-08,6.36,255.51
20210209,H30269,中证红利低波动指数,红利低波,CSI Dividend Low Volatility Index,CSI Dividend Low Volatility,8023.49,8077.35,7992.43,8072.8,34.13,0.42,2593501030.0,199.28,50.0,6.35,2021-02-09,6.35,199.28
20210210,H30269,中证红利低波动指数,红利低波,CSI Dividend Low Volatility Index,CSI Dividend Low Volatility,8086.34,8129.31,8075.08,8109.3,36.5,0.45,3505175403.0,256.91,50.0,6.4,2021-02-10,6.4,256.91
20210218,H30269,中证红利低波动指数,红利低波,CSI Dividend Low Volatility Index,CSI Dividend Low Volatility,8179.65,8294.9,8179.65,8280.09,170.79,2.11,3843156912.0,303.86,50.0,6.49,2021-02-18,6.49,303.86
20210219,H30269,中证红利低波动指数,红利低波,CSI Dividend Low Volatility Index,CSI Dividend Low Volatility,8253.08,8425.09,8242.29,8420.61,140.52,1.7,3262666647.0,282.25,50.0,6.52,2021-02-19,6.52,282.25
20210222,H30269,中证红利低波动指数,红利低波,CSI Dividend Low Volatility Index,CSI Dividend Low Volatility,8426.65,8619.52,8423.86,8492.43,71.81,0.85,4526596816.0,368.58,50.0,6.57,2021-02-22,6.57,368.58
20210223,H30269,中证红利低波动指数,红利低波,CSI Dividend Low Volatility Index,CSI Dividend Low Volatility,8455.5,8504.71,8400.76,8419.07,-73.36,-0.86,3894393023.0,306.76,50.0,6.56,2021-02-23,6.56,306.76
20210224,H30269,中证红利低波动指数,红利低波,CSI Dividend Low Volatility Index,CSI Dividend Low Volatility,8417.37,8503.06,8353.34,8406.15,-12.91,-0.15,3638659902.0,288.28,50.0,6.49,2021-02-24,6.49,288.28
20210225,H30269,中证红利低波动指数,红利低波,CSI Dividend Low Volatility Index,CSI Dividend Low Volatility,8459.47,8672.21,8451.23,8602.46,196.31,2.33,4840389484.0,444.16,50.0,6.66,2021-02-25,6.66,444.16
20210226,H30269,中证红利低波动指数,红利低波,CSI Dividend Low Volatility Index,CSI Dividend Low Volatility,8476.48,8557.97,8420.54,8429.94,-172.52,-2.0,4478384881.0,404.39,50.0,6.54,2021-02-26,6.54,404.39
20210301,H30269,中证红利低波动指数,红利低波,CSI Dividend Low Volatility Index,CSI Dividend Low Volatility,8443.46,8561.21,8443.46,8556.65,126.7,1.5,3074212188.0,272.07,50.0,6.55,2021-03-01,6.55,272.07
20210302,H30269,中证红利低波动指数,红利低波,CSI Dividend Low Volatility Index,CSI Dividend Low Volatility,8588.95,8657.99,8456.06,8495.45,-61.2,-0.72,3221606017.0,287.85,50.0,6.52,2021-03-02,6.52,287.85
20210303,H30269,中证红利低波动指数,红利低波,CSI Dividend Low Volatility Index,CSI Dividend Low Volatility,8475.06,8699.9,8475.06,8689.44,193.99,2.28,4308500755.0,342.93,50.0,6.67,2021-03-03,6.67,342.93
20210304,H30269,中证红利低波动指数,红利低波,CSI Dividend Low Volatility Index,CSI Dividend Low Volatility,8666.58,8764.23,8656.99,8701.16,11.72,0.13,4236478478.0,330.84,50.0,6.64,2021-03-04,6.64,330.84
20210305,H30269,中证红利低波动指数,红利低波,CSI Dividend Low Volatility Index,CSI Dividend Low Volatility,8623.65,8679.58,8495.66,8575.84,-125.33,-1.44,3920614247.0,314.84,50.0,6.66,2021-03-05,6.66,314.84
20210308,H30269,中证红利低波动指数,红利低波,CSI Dividend Low Volatility Index,CSI Dividend Low Volatility,8613.05,8675.97,8530.88,8531.81,-44.02,-0.51,3979480572.0,297.8,50.0,6.62,2021-03-08,6.62,297.8
20210309,H30269,中证红利低波动指数,红利低波,CSI Dividend Low Volatility Index,CSI Dividend Low Volatility,8538.81,8577.95,8371.26,8442.35,-89.46,-1.05,3926577755.0,298.09,50.0,6.55,2021-03-09,6.55,298.09
20210310,H30269,中证红利低波动指数,红利低波,CSI Dividend Low Volatility Index,CSI Dividend Low Volatility,8451.02,8473.3,8377.72,8381.99,-60.37,-0.72,2853739645.0,221.87,50.0,6.53,2021-03-10,6.53,221.87
20210311,H30269,中证红利低波动指数,红利低波,CSI Dividend Low Volatility Index,CSI Dividend Low Volatility,8409.89,8600.95,8409.86,8596.07,214.08,2.55,3537522652.0,278.36,50.0,6.63,2021-03-11,6.63,278.36
20210312,H30269,中证红利低波动指数,红利低波,CSI Dividend Low Volatility Index,CSI Dividend Low Volatility,8607.67,8783.07,8580.27,8767.09,171.02,1.99,3719328811.0,306.88,50.0,6.69,2021-03-12,6.69,306.88
20210315,H30269,中证红利低波动指数,红利低波,CSI Dividend Low Volatility Index,CSI Dividend Low Volatility,8751.45,8871.87,8750.53,8823.72,56.63,0.65,3856021922.0,304.03,50.0,6.75,2021-03-15,6.75,304.03
20210316,H30269,中证红利低波动指数,红利低波,CSI Dividend Low Volatility Index,CSI Dividend Low Volatility,8818.85,8859.63,8751.71,8854.96,31.24,0.35,3043822276.0,262.8,50.0,6.8,2021-03-16,6.8,262.8
20210317,H30269,中证红利低波动指数,红利低波,CSI Dividend Low Volatility Index,CSI Dividend Low Volatility,8830.42,8830.48,8728.43,8798.01,-56.95,-0.64,2664575016.0,217.35,50.0,6.74,2021-03-17,6.74,217.35
20210318,H30269,中证红利低波动指数,红利低波,CSI Dividend Low Volatility Index,CSI Dividend Low Volatility,8772.65,8869.22,8771.96,8816.04,18.03,0.2,2478537624.0,196.11,50.0,6.71,2021-03-18,6.71,196.11
20210319,H30269,中证红利低波动指数,红利低波,CSI Dividend Low Volatility Index,CSI Dividend Low Volatility,8753.03,8801.0,8656.82,8704.92,-111.12,-1.26,3341810157.0,259.23,50.0,6.59,2021-03-19,6.59,259.23
20210322,H30269,中证红利低波动指数,红利低波,CSI Dividend Low Volatility Index,CSI Dividend Low Volatility,8684.11,8808.49,8683.5,8801.95,97.03,1.11,2773143113.0,213.58,50.0,6.67,2021-03-22,6.67,213.58
20210323,H30269,中证红利低波动指数,红利低波,CSI Dividend Low Volatility Index,CSI Dividend Low Volatility,8798.44,8807.49,8659.55,8692.25,-109.7,-1.25,2568603614.0,200.83,50.0,6.63,2021-03-23,6.63,200.83
20210324,H30269,中证红利低波动指数,红利低波,CSI Dividend Low Volatility Index,CSI Dividend Low Volatility,8641.49,8682.34,8547.2,8581.78,-110.47,-1.27,2615542004.0,206.72,50.0,6.58,2021-03-24,6.58,206.72
20210325,H30269,中证红利低波动指数,红利低波,CSI Dividend Low Volatility Index,CSI Dividend Low Volatility,8575.38,8626.66,8536.6,8559.34,-22.44,-0.26,2167673735.0,158.8,50.0,6.55,2021-03-25,6.55,158.8
20210326,H30269,中证红利低波动指数,红利低波,CSI Dividend Low Volatility Index,CSI Dividend Low Volatility,8577.66,8650.78,8570.85,8628.35,69.01,0.81,2594195006.0,185.05,50.0,6.56,2021-03-26,6.56,185.05
20210329,H30269,中证红利低波动指数,红利低波,CSI Dividend Low Volatility Index,CSI Dividend Low Volatility,8671.38,8795.59,8649.56,8786.7,158.35,1.84,3464783764.0,259.95,50.0,6.68,2021-03-29,6.68,259.95
20210330,H30269,中证红利低波动指数,红利低波,CSI Dividend Low Volatility Index,CSI Dividend Low Volatility,8755.72,8761.24,8677.07,8760.65,-26.06,-0.3,2733155755.0,213.28,50.0,6.7,2021-03-30,6.7,213.28
20210331,H30269,中证红利低波动指数,红利低波,CSI Dividend Low Volatility Index,CSI Dividend Low Volatility,8733.09,8767.22,8707.68,8759.41,-1.24,-0.01,3506137778.0,266.83,50.0,6.73,2021-03-31,6.73,266.83
20210401,H30269,中证红利低波动指数,红利低波,CSI Dividend Low Volatility Index,CSI Dividend Low Volatility,8750.02,8813.57,8726.05,8806.63,47.22,0.54,2329202414.0,167.09,50.0,6.7,2021-04-01,6.7,167.09
20210402,H30269,中证红利低波动指数,红利低波,CSI Dividend Low Volatility Index,CSI Dividend Low Volatility,8795.38,8795.77,8711.43,8722.77,-83.86,-0.95,2348809610.0,167.35,50.0,6.63,2021-04-02,6.63,167.35
20210406,H30269,中证红利低波动指数,红利低波,CSI Dividend Low Volatility Index,CSI Dividend Low Volatility,8732.47,8746.82,8711.14,8722.32,-0.45,-0.01,1774969249.0,138.29,50.0,6.63,2021-04-06,6.63,138.29
20210407,H30269,中证红利低波动指数,红利低波,CSI Dividend Low Volatility Index,CSI Dividend Low Volatility,8720.58,8814.56,8691.23,8812.55,90.23,1.03,2453470224.0,178.95,50.0,6.65,2021-04-07,6.65,178.95
20210408,H30269,中证红利低波动指数,红利低波,CSI Dividend Low Volatility Index,CSI Dividend Low Volatility,8814.43,8832.1,8751.28,8793.34,-19.2,-0.22,2281270460.0,171.69,50.0,6.62,2021-04-08,6.62,171.69
20210409,H30269,中证红利低波动指数,红利低波,CSI Dividend Low Volatility Index,CSI Dividend Low Volatility,8762.36,8803.07,8726.35,8773.49,-19.85,-0.22,2048857373.0,152.21,50.0,6.61,2021-04-09,6.61,152.21
20210412,H30269,中证红利低波动指数,红利低波,CSI Dividend Low Volatility Index,CSI Dividend Low Volatility,8766.57,8811.81,8739.6,8794.58,21.09,0.24,2395840209.0,178.42,50.0,6.65,2021-04-12,6.65,178.42
20210413,H30269,中证红利低波动指数,红利低波,CSI Dividend Low Volatility Index,CSI Dividend Low Volatility,8787.12,8793.54,8717.51,8733.62,-60.96,-0.69,2285316761.0,175.94,50.0,6.62,2021-04-13,6.62,175.94
20210414,H30269,中证红利低波动指数,红利低波,CSI Dividend Low Volatility Index,CSI Dividend Low Volatility,8725.94,8793.55,8723.34,8772.92,39.3,0.45,2168359190.0,175.63,50.0,6.59,2021-04-14,6.59,175.63
20210415,H30269,中证红利低波动指数,红利低波,CSI Dividend Low Volatility Index,CSI Dividend Low Volatility,8774.6,8785.89,8730.65,8775.12,2.2,0.03,2165766701.0,196.69,50.0,6.56,2021-04-15,6.56,196.69
20210416,H30269,中证红利低波动指数,红利低波,CSI Dividend Low Volatility Index,CSI Dividend Low Volatility,8802.62,8905.35,8784.12,8902.04,126.92,1.45,1882323387.0,153.47,50.0,6.58,2021-04-16,6.58,153.47
20210419,H30269,中证红利低波动指数,红利低波,CSI Dividend Low Volatility Index,CSI Dividend Low Volatility,8875.78,8918.34,8846.94,8877.01,-25.04,-0.28,2373305797.0,197.18,50.0,6.59,2021-04-19,6.59,197.18
20210420,H30269,中证红利低波动指数,红利低波,CSI Dividend Low Volatility Index,CSI Dividend Low Volatility,8848.7,8912.05,8835.14,8860.26,-16.75,-0.19,2264145864.0,184.02,50.0,6.56,2021-04-20,6.56,184.02
20210421,H30269,中证红利低波动指数,红利低波,CSI Dividend Low Volatility Index,CSI Dividend Low Volatility,8830.52,8913.92,8798.68,8884.61,24.36,0.27,2222108546.0,179.86,50.0,6.57,2021-04-21,6.57,179.86
20210422,H30269,中证红利低波动指数,红利低波,CSI Dividend Low Volatility Index,CSI Dividend Low Volatility,8920.36,8954.17,8866.32,8885.5,0.89,0.01,2414139127.0,177.56,50.0,6.54,2021-04-22,6.54,177.56
20210423,H30269,中证红利低波动指数,红利低波,CSI Dividend Low Volatility Index,CSI Dividend Low Volatility,8860.02,8863.25,8778.23,8822.15,-63.35,-0.71,2141948088.0,178.13,50.0,6.49,2021-04-23,6.49,178.13
20210426,H30269,中证红利低波动指数,红利低波,CSI Dividend Low Volatility Index,CSI Dividend Low Volatility,8837.61,8897.38,8776.93,8784.97,-37.17,-0.42,2312694487.0,190.52,50.0,6.44,2021-04-26,6.44,190.52
20210427,H30269,中证红利低波动指数,红利低波,CSI Dividend Low Volatility Index,CSI Dividend Low Volatility,8764.39,8779.94,8704.7,8755.46,-29.51,-0.34,1895807592.0,145.98,50.0,6.43,2021-04-27,6.43,145.98
20210428,H30269,中证红利低波动指数,红利低波,CSI Dividend Low Volatility Index,CSI Dividend Low Volatility,8724.53,8822.51,8678.62,8820.14,64.67,0.74,2182822096.0,164.66,50.0,6.42,2021-04-28,6.42,164.66
20210429,H30269,中证红利低波动指数,红利低波,CSI Dividend Low Volatility Index,CSI Dividend Low Volatility,8818.11,8927.74,8793.21,8914.44,94.3,1.07,2929593498.0,216.12,50.0,6.48,2021-04-29,6.48,216.12
20210430,H30269,中证红利低波动指数,红利低波,CSI Dividend Low Volatility Index,CSI Dividend Low Volatility,8851.51,8883.51,8792.6,8838.81,-75.62,-0.85,3728884725.0,277.65,50.0,6.39,2021-04-30,6.39,277.65
20210506,H30269,中证红利低波动指数,红利低波,CSI Dividend Low Volatility Index,CSI Dividend Low Volatility,8875.12,9040.34,8875.12,8958.3,119.48,1.35,2797483433.0,215.81,50.0,6.07,2021-05-06,6.07,215.81
20210507,H30269,中证红利低波动指数,红利低波,CSI Dividend Low Volatility Index,CSI Dividend Low Volatility,8979.15,9053.35,8913.27,9002.18,43.88,0.49,3177088888.0,249.44,50.0,6.14,2021-05-07,6.14,249.44
20210510,H30269,中证红利低波动指数,红利低波,CSI Dividend Low Volatility Index,CSI Dividend Low Volatility,9002.01,9080.87,8949.11,9075.73,73.55,0.82,2890481747.0,228.82,50.0,6.14,2021-05-10,6.14,228.82
20210511,H30269,中证红利低波动指数,红利低波,CSI Dividend Low Volatility Index,CSI Dividend Low Volatility,8997.01,9040.73,8868.09,9022.12,-53.61,-0.59,2489833043.0,195.87,50.0,6.15,2021-05-11,6.15,195.87
20210512,H30269,中证红利低波动指数,红利低波,CSI Dividend Low Volatility Index,CSI Dividend Low Volatility,9020.28,9122.35,9020.28,9115.84,93.72,1.04,2598720997.0,214.51,50.0,6.17,2021-05-12,6.17,214.51
20210513,H30269,中证红利低波动指数,红利低波,CSI Dividend Low Volatility Index,CSI Dividend Low Volatility,9085.07,9124.3,9027.77,9051.05,-64.8,-0.71,2169807904.0,170.66,50.0,6.14,2021-05-13,6.14,170.66
20210514,H30269,中证红利低波动指数,红利低波,CSI Dividend Low Volatility Index,CSI Dividend Low Volatility,9084.91,9142.86,9038.92,9071.06,20.02,0.22,2528034491.0,202.53,50.0,6.18,2021-05-14,6.18,202.53
20210517,H30269,中证红利低波动指数,红利低波,CSI Dividend Low Volatility Index,CSI Dividend Low Volatility,9045.06,9155.57,9044.52,9113.08,42.02,0.46,2579636163.0,205.72,50.0,6.17,2021-05-17,6.17,205.72
20210518,H30269,中证红利低波动指数,红利低波,CSI Dividend Low Volatility Index,CSI Dividend Low Volatility,9099.02,9143.44,9073.57,9143.44,30.36,0.33,1923328840.0,150.75,50.0,6.16,2021-05-18,6.16,150.75
20210519,H30269,中证红利低波动指数,红利低波,CSI Dividend Low Volatility Index,CSI Dividend Low Volatility,9123.56,9151.4,9067.56,9111.37,-32.07,-0.35,2305964416.0,197.28,50.0,6.1,2021-05-19,6.1,197.28
20210520,H30269,中证红利低波动指数,红利低波,CSI Dividend Low Volatility Index,CSI Dividend Low Volatility,9008.18,9026.56,8910.98,8977.08,-134.29,-1.47,2409627353.0,190.79,50.0,6.1,2021-05-20,6.1,190.79
20210521,H30269,中证红利低波动指数,红利低波,CSI Dividend Low Volatility Index,CSI Dividend Low Volatility,8963.5,9042.96,8927.64,8999.86,22.79,0.25,2095121726.0,165.57,50.0,6.07,2021-05-21,6.07,165.57
20210524,H30269,中证红利低波动指数,红利低波,CSI Dividend Low Volatility Index,CSI Dividend Low Volatility,9005.62,9094.7,8999.16,9057.52,57.66,0.64,2091482721.0,173.53,50.0,6.07,2021-05-24,6.07,173.53
20210525,H30269,中证红利低波动指数,红利低波,CSI Dividend Low Volatility Index,CSI Dividend Low Volatility,9072.89,9213.68,9072.89,9205.73,148.2,1.64,3327503366.0,266.99,50.0,6.17,2021-05-25,6.17,266.99
20210526,H30269,中证红利低波动指数,红利低波,CSI Dividend Low Volatility Index,CSI Dividend Low Volatility,9247.26,9305.7,9228.31,9249.36,43.64,0.47,3129636820.0,257.87,50.0,6.2,2021-05-26,6.2,257.87
20210527,H30269,中证红利低波动指数,红利低波,CSI Dividend Low Volatility Index,CSI Dividend Low Volatility,9254.86,9304.83,9209.91,9295.55,46.18,0.5,2789202409.0,223.36,50.0,6.19,2021-05-27,6.19,223.36
20210528,H30269,中证红利低波动指数,红利低波,CSI Dividend Low Volatility Index,CSI Dividend Low Volatility,9306.46,9418.79,9303.16,9349.01,53.46,0.57,2901382696.0,226.42,50.0,6.19,2021-05-28,6.19,226.42
20210531,H30269,中证红利低波动指数,红利低波,CSI Dividend Low Volatility Index,CSI Dividend Low Volatility,9373.34,9419.78,9269.9,9417.96,68.95,0.74,3135384812.0,243.31,50.0,6.17,2021-05-31,6.17,243.31
20210601,H30269,中证红利低波动指数,红利低波,CSI Dividend Low Volatility Index,CSI Dividend Low Volatility,9378.85,9412.52,9259.9,9408.25,-9.71,-0.1,2981731010.0,235.14,50.0,6.15,2021-06-01,6.15,235.14
20210602,H30269,中证红利低波动指数,红利低波,CSI Dividend Low Volatility Index,CSI Dividend Low Volatility,9379.06,9435.56,9346.74,9415.24,6.99,0.07,3400193273.0,258.8,50.0,6.17,2021-06-02,6.17,258.8
20210603,H30269,中证红利低波动指数,红利低波,CSI Dividend Low Volatility Index,CSI Dividend Low Volatility,9416.0,9481.46,9388.65,9391.8,-23.45,-0.25,3118152053.0,238.13,50.0,6.15,2021-06-03,6.15,238.13
20210604,H30269,中证红利低波动指数,红利低波,CSI Dividend Low Volatility Index,CSI Dividend Low Volatility,9311.46,9377.67,9260.74,9336.9,-54.89,-0.58,2830481210.0,218.73,50.0,6.13,2021-06-04,6.13,218.73
20210607,H30269,中证红利低波动指数,红利低波,CSI Dividend Low Volatility Index,CSI Dividend Low Volatility,9294.48,9312.41,9215.93,9240.92,-95.99,-1.03,2804542687.0,210.96,50.0,6.11,2021-06-07,6.11,210.96
20210608,H30269,中证红利低波动指数,红利低波,CSI Dividend Low Volatility Index,CSI Dividend Low Volatility,9253.89,9274.56,9209.68,9236.19,-4.72,-0.05,2566564346.0,187.94,50.0,6.12,2021-06-08,6.12,187.94
20210609,H30269,中证红利低波动指数,红利低波,CSI Dividend Low Volatility Index,CSI Dividend Low Volatility,9239.98,9296.04,9205.65,9242.68,6.49,0.07,2551759093.0,190.74,50.0,6.12,2021-06-09,6.12,190.74
20210610,H30269,中证红利低波动指数,红利低波,CSI Dividend Low Volatility Index,CSI Dividend Low Volatility,9228.22,9267.47,9194.51,9230.08,-12.61,-0.14,2633864001.0,203.24,50.0,6.1,2021-06-10,6.1,203.24
20210611,H30269,中证红利低波动指数,红利低波,CSI Dividend Low Volatility Index,CSI Dividend Low Volatility,9242.69,9264.26,9190.13,9194.39,-35.69,-0.39,2870416325.0,225.13,50.0,6.08,2021-06-11,6.08,225.13
20210615,H30269,中证红利低波动指数,红利低波,CSI Dividend Low Volatility Index,CSI Dividend Low Volatility,9243.45,9249.19,9063.62,9104.27,-90.12,-0.98,2941995783.0,236.33,50.0,6.01,2021-06-15,6.01,236.33
20210616,H30269,中证红利低波动指数,红利低波,CSI Dividend Low Volatility Index,CSI Dividend Low Volatility,9107.71,9156.56,9051.39,9071.48,-32.79,-0.36,2412567105.0,192.57,50.0,6.02,2021-06-16,6.02,192.57
20210617,H30269,中证红利低波动指数,红利低波,CSI Dividend Low Volatility Index,CSI Dividend Low Volatility,9052.54,9125.05,9015.65,9046.13,-25.35,-0.28,2357415351.0,175.62,50.0,5.95,2021-06-17,5.95,175.62
20210618,H30269,中证红利低波动指数,红利低波,CSI Dividend Low Volatility Index,CSI Dividend Low Volatility,9054.88,9055.32,8941.84,8981.13,-65.0,-0.72,2286700508.0,186.91,50.0,5.89,2021-06-18,5.89,186.91
20210621,H30269,中证红利低波动指数,红利低波,CSI Dividend Low Volatility Index,CSI Dividend Low Volatility,8981.93,9007.72,8934.28,8969.23,-11.89,-0.13,2461864339.0,203.14,50.0,5.85,2021-06-21,5.85,203.14
20210622,H30269,中证红利低波动指数,红利低波,CSI Dividend Low Volatility Index,CSI Dividend Low Volatility,8987.35,9044.38,8977.86,8997.29,28.05,0.31,2297319300.0,193.31,50.0,5.87,2021-06-22,5.87,193.31
20210623,H30269,中证红利低波动指数,红利低波,CSI Dividend Low Volatility Index,CSI Dividend Low Volatility,9025.38,9138.88,8996.24,9104.71,107.43,1.19,2425519541.0,199.15,50.0,5.88,2021-06-23,5.88,199.15
20210624,H30269,中证红利低波动指数,红利低波,CSI Dividend Low Volatility Index,CSI Dividend Low Volatility,9101.96,9160.79,9043.51,9097.78,-6.93,-0.08,2189169776.0,173.72,50.0,5.91,2021-06-24,5.91,173.72
20210625,H30269,中证红利低波动指数,红利低波,CSI Dividend Low Volatility Index,CSI Dividend Low Volatility,9029.96,9113.46,9010.31,9098.76,0.98,0.01,2072689184.0,160.38,50.0,5.95,2021-06-25,5.95,160.38
20210628,H30269,中证红利低波动指数,红利低波,CSI Dividend Low Volatility Index,CSI Dividend Low Volatility,9009.86,9015.16,8925.12,8935.78,-162.98,-1.79,2133536974.0,170.71,50.0,5.88,2021-06-28,5.88,170.71
20210629,H30269,中证红利低波动指数,红利低波,CSI Dividend Low Volatility Index,CSI Dividend Low Volatility,8906.5,8946.64,8841.23,8902.6,-33.18,-0.37,2416716352.0,194.51,50.0,5.84,2021-06-29,5.84,194.51
20210630,H30269,中证红利低波动指数,红利低波,CSI Dividend Low Volatility Index,CSI Dividend Low Volatility,8888.01,8964.63,8888.01,8947.46,44.86,0.5,2314736882.0,190.98,50.0,5.86,2021-06-30,5.86,190.98
20210701,H30269,中证红利低波动指数,红利低波,CSI Dividend Low Volatility Index,CSI Dividend Low Volatility,8940.73,9106.93,8931.52,9009.69,62.23,0.69,2732296626.0,246.78,50.0,5.93,2021-07-01,5.93,246.78
20210702,H30269,中证红利低波动指数,红利低波,CSI Dividend Low Volatility Index,CSI Dividend Low Volatility,8973.67,8989.12,8892.28,8914.44,-95.25,-1.06,2605971473.0,206.19,50.0,5.88,2021-07-02,5.88,206.19
20210705,H30269,中证红利低波动指数,红利低波,CSI Dividend Low Volatility Index,CSI Dividend Low Volatility,8905.5,8911.72,8820.24,8869.66,-44.78,-0.5,2202801166.0,166.84,50.0,5.87,2021-07-05,5.87,166.84
20210706,H30269,中证红利低波动指数,红利低波,CSI Dividend Low Volatility Index,CSI Dividend Low Volatility,8861.93,8889.17,8830.32,8885.92,16.26,0.18,2504148836.0,194.44,50.0,5.84,2021-07-06,5.84,194.44
20210707,H30269,中证红利低波动指数,红利低波,CSI Dividend Low Volatility Index,CSI Dividend Low Volatility,8839.22,8874.65,8807.91,8845.01,-40.91,-0.46,2038495464.0,156.73,50.0,5.81,2021-07-07,5.81,156.73
20210708,H30269,中证红利低波动指数,红利低波,CSI Dividend Low Volatility Index,CSI Dividend Low Volatility,8822.9,8830.85,8669.45,8670.24,-174.77,-1.98,2939956577.0,223.03,50.0,5.75,2021-07-08,5.75,223.03
20210709,H30269,中证红利低波动指数,红利低波,CSI Dividend Low Volatility Index,CSI Dividend Low Volatility,8639.51,8725.93,8632.71,8720.03,49.79,0.57,2530248191.0,186.01,50.0,5.73,2021-07-09,5.73,186.01
20210712,H30269,中证红利低波动指数,红利低波,CSI Dividend Low Volatility Index,CSI Dividend Low Volatility,8738.55,8755.9,8635.4,8646.43,-73.6,-0.84,3170637017.0,229.24,50.0,5.65,2021-07-12,5.65,229.24
20210713,H30269,中证红利低波动指数,红利低波,CSI Dividend Low Volatility Index,CSI Dividend Low Volatility,8623.49,8681.83,8584.95,8675.39,28.96,0.33,2663329845.0,185.82,50.0,5.65,2021-07-13,5.65,185.82
20210714,H30269,中证红利低波动指数,红利低波,CSI Dividend Low Volatility Index,CSI Dividend Low Volatility,8677.74,8720.81,8660.18,8673.1,-2.29,-0.03,2871666114.0,207.08,50.0,5.59,2021-07-14,5.59,207.08
20210715,H30269,中证红利低波动指数,红利低波,CSI Dividend Low Volatility Index,CSI Dividend Low Volatility,8657.09,8701.24,8592.74,8697.54,24.44,0.28,2452417907.0,187.0,50.0,5.64,2021-07-15,5.64,187.0
20210716,H30269,中证红利低波动指数,红利低波,CSI Dividend Low Volatility Index,CSI Dividend Low Volatility,8682.47,8769.01,8680.07,8721.73,24.19,0.28,2102507758.0,160.05,50.0,5.62,2021-07-16,5.62,160.05
20210719,H30269,中证红利低波动指数,红利低波,CSI Dividend Low Volatility Index,CSI Dividend Low Volatility,8757.14,8779.3,8705.13,8736.23,14.5,0.17,2278167747.0,176.28,50.0,5.61,2021-07-19,5.61,176.28
20210720,H30269,中证红利低波动指数,红利低波,CSI Dividend Low Volatility Index,CSI Dividend Low Volatility,8683.77,8715.13,8657.42,8706.41,-29.82,-0.34,1931996591.0,147.09,50.0,5.57,2021-07-20,5.57,147.09
20210721,H30269,中证红利低波动指数,红利低波,CSI Dividend Low Volatility Index,CSI Dividend Low Volatility,8721.77,8753.56,8606.13,8635.95,-70.46,-0.81,2141464970.0,170.39,50.0,5.53,2021-07-21,5.53,170.39
20210722,H30269,中证红利低波动指数,红利低波,CSI Dividend Low Volatility Index,CSI Dividend Low Volatility,8674.08,8737.16,8636.64,8709.89,73.93,0.86,2142006989.0,168.98,50.0,5.56,2021-07-22,5.56,168.98
20210723,H30269,中证红利低波动指数,红利低波,CSI Dividend Low Volatility Index,CSI Dividend Low Volatility,8679.87,8708.94,8609.92,8619.23,-90.65,-1.04,2327604119.0,176.49,50.0,5.54,2021-07-23,5.54,176.49
20210726,H30269,中证红利低波动指数,红利低波,CSI Dividend Low Volatility Index,CSI Dividend Low Volatility,8602.2,8610.3,8374.02,8428.53,-190.7,-2.21,2985083544.0,237.88,50.0,5.43,2021-07-26,5.43,237.88
20210727,H30269,中证红利低波动指数,红利低波,CSI Dividend Low Volatility Index,CSI Dividend Low Volatility,8380.25,8452.14,8160.5,8164.23,-264.3,-3.14,3122479816.0,245.44,50.0,5.34,2021-07-27,5.34,245.44
20210728,H30269,中证红利低波动指数,红利低波,CSI Dividend Low Volatility Index,CSI Dividend Low Volatility,8092.95,8204.47,8054.39,8135.94,-28.29,-0.35,2944312351.0,212.02,50.0,5.36,2021-07-28,5.36,212.02
20210729,H30269,中证红利低波动指数,红利低波,CSI Dividend Low Volatility Index,CSI Dividend Low Volatility,8204.97,8217.03,8110.57,8148.49,12.55,0.15,2401085370.0,183.64,50.0,5.32,2021-07-29,5.32,183.64
20210730,H30269,中证红利低波动指数,红利低波,CSI Dividend Low Volatility Index,CSI Dividend Low Volatility,8151.89,8185.96,8081.41,8154.18,5.69,0.07,2454485430.0,177.12,50.0,5.29,2021-07-30,5.29,177.12
20210802,H30269,中证红利低波动指数,红利低波,CSI Dividend Low Volatility Index,CSI Dividend Low Volatility,8062.2,8129.22,7924.52,8119.38,-34.8,-0.43,2992665717.0,225.2,50.0,5.33,2021-08-02,5.33,225.2
20210803,H30269,中证红利低波动指数,红利低波,CSI Dividend Low Volatility Index,CSI Dividend Low Volatility,8089.66,8129.79,8046.09,8055.93,-63.46,-0.78,2120642817.0,167.52,50.0,5.3,2021-08-03,5.3,167.52
20210804,H30269,中证红利低波动指数,红利低波,CSI Dividend Low Volatility Index,CSI Dividend Low Volatility,8083.39,8122.02,8044.41,8117.57,61.65,0.76,1927758635.0,148.85,50.0,5.29,2021-08-04,5.29,148.85
20210805,H30269,中证红利低波动指数,红利低波,CSI Dividend Low Volatility Index,CSI Dividend Low Volatility,8105.15,8197.34,8086.11,8101.05,-16.53,-0.2,2242255974.0,180.36,50.0,5.3,2021-08-05,5.3,180.36
20210806,H30269,中证红利低波动指数,红利低波,CSI Dividend Low Volatility Index,CSI Dividend Low Volatility,8094.69,8149.96,8051.82,8142.4,41.35,0.51,1881990404.0,146.13,50.0,5.3,2021-08-06,5.3,146.13
20210809,H30269,中证红利低波动指数,红利低波,CSI Dividend Low Volatility Index,CSI Dividend Low Volatility,8131.49,8302.64,8119.69,8259.8,117.41,1.44,2840147741.0,241.25,50.0,5.38,2021-08-09,5.38,241.25
20210810,H30269,中证红利低波动指数,红利低波,CSI Dividend Low Volatility Index,CSI Dividend Low Volatility,8238.13,8281.9,8199.31,8279.51,19.71,0.24,2344852176.0,195.63,50.0,5.4,2021-08-10,5.4,195.63
20210811,H30269,中证红利低波动指数,红利低波,CSI Dividend Low Volatility Index,CSI Dividend Low Volatility,8308.61,8478.19,8308.61,8460.73,181.22,2.19,3579903799.0,293.16,50.0,5.49,2021-08-11,5.49,293.16
20210812,H30269,中证红利低波动指数,红利低波,CSI Dividend Low Volatility Index,CSI Dividend Low Volatility,8467.9,8577.83,8452.31,8558.89,98.16,1.16,2129060376.0,180.92,50.0,5.47,2021-08-12,5.47,180.92
20210813,H30269,中证红利低波动指数,红利低波,CSI Dividend Low Volatility Index,CSI Dividend Low Volatility,8570.19,8597.79,8527.25,8552.29,-6.6,-0.08,2065031205.0,181.8,50.0,5.46,2021-08-13,5.46,181.8
20210816,H30269,中证红利低波动指数,红利低波,CSI Dividend Low Volatility Index,CSI Dividend Low Volatility,8587.12,8703.67,8565.98,8613.83,61.53,0.72,2492360697.0,213.04,50.0,5.47,2021-08-16,5.47,213.04
20210817,H30269,中证红利低波动指数,红利低波,CSI Dividend Low Volatility Index,CSI Dividend Low Volatility,8590.66,8638.72,8479.18,8492.08,-121.75,-1.41,2920480902.0,238.26,50.0,5.46,2021-08-17,5.46,238.26
20210818,H30269,中证红利低波动指数,红利低波,CSI Dividend Low Volatility Index,CSI Dividend Low Volatility,8505.56,8539.14,8471.79,8532.02,39.94,0.47,2903626739.0,225.29,50.0,5.52,2021-08-18,5.52,225.29
20210819,H30269,中证红利低波动指数,红利低波,CSI Dividend Low Volatility Index,CSI Dividend Low Volatility,8495.66,8497.72,8401.43,8435.14,-96.87,-1.14,2331386964.0,185.58,50.0,5.45,2021-08-19,5.45,185.58
20210820,H30269,中证红利低波动指数,红利低波,CSI Dividend Low Volatility Index,CSI Dividend Low Volatility,8414.94,8455.15,8362.32,8446.44,11.3,0.13,2649430605.0,211.12,50.0,5.46,2021-08-20,5.46,211.12
20210823,H30269,中证红利低波动指数,红利低波,CSI Dividend Low Volatility Index,CSI Dividend Low Volatility,8484.0,8545.39,8484.0,8517.02,70.58,0.83,2341428416.0,179.63,50.0,5.46,2021-08-23,5.46,179.63
20210824,H30269,中证红利低波动指数,红利低波,CSI Dividend Low Volatility Index,CSI Dividend Low Volatility,8542.76,8580.19,8503.34,8564.9,47.88,0.56,2388111700.0,193.65,50.0,5.47,2021-08-24,5.47,193.65
20210825,H30269,中证红利低波动指数,红利低波,CSI Dividend Low Volatility Index,CSI Dividend Low Volatility,8554.3,8618.83,8527.66,8613.99,49.09,0.57,2284842987.0,183.63,50.0,5.45,2021-08-25,5.45,183.63
20210826,H30269,中证红利低波动指数,红利低波,CSI Dividend Low Volatility Index,CSI Dividend Low Volatility,8637.31,8734.56,8618.04,8678.39,64.39,0.75,2253742430.0,180.32,50.0,5.43,2021-08-26,5.43,180.32
20210827,H30269,中证红利低波动指数,红利低波,CSI Dividend Low Volatility Index,CSI Dividend Low Volatility,8642.1,8774.6,8611.66,8773.56,95.17,1.1,2202095589.0,189.99,50.0,5.45,2021-08-27,5.45,189.99
20210830,H30269,中证红利低波动指数,红利低波,CSI Dividend Low Volatility Index,CSI Dividend Low Volatility,8737.45,8825.26,8701.43,8807.17,33.61,0.38,2992712235.0,255.93,50.0,5.41,2021-08-30,5.41,255.93
20210831,H30269,中证红利低波动指数,红利低波,CSI Dividend Low Volatility Index,CSI Dividend Low Volatility,8762.71,9044.95,8749.54,9034.18,227.01,2.58,3147772271.0,265.19,50.0,5.51,2021-08-31,5.51,265.19
20210901,H30269,中证红利低波动指数,红利低波,CSI Dividend Low Volatility Index,CSI Dividend Low Volatility,9087.37,9134.61,8967.35,9038.48,4.3,0.05,4149163012.0,347.82,50.0,5.37,2021-09-01,5.37,347.82
20210902,H30269,中证红利低波动指数,红利低波,CSI Dividend Low Volatility Index,CSI Dividend Low Volatility,9034.59,9217.6,9029.39,9208.91,170.44,1.88,3044276964.0,260.39,50.0,5.4,2021-09-02,5.4,260.39
20210903,H30269,中证红利低波动指数,红利低波,CSI Dividend Low Volatility Index,CSI Dividend Low Volatility,9153.14,9281.42,9134.4,9169.09,-39.82,-0.43,3431038095.0,261.98,50.0,5.42,2021-09-03,5.42,261.98
20210906,H30269,中证红利低波动指数,红利低波,CSI Dividend Low Volatility Index,CSI Dividend Low Volatility,9217.73,9301.02,9166.09,9266.62,97.53,1.06,3106449079.0,255.04,50.0,5.44,2021-09-06,5.44,255.04
20210907,H30269,中证红利低波动指数,红利低波,CSI Dividend Low Volatility Index,CSI Dividend Low Volatility,9298.44,9480.45,9268.84,9465.19,198.57,2.14,3602360028.0,280.64,50.0,5.5,2021-09-07,5.5,280.64
20210908,H30269,中证红利低波动指数,红利低波,CSI Dividend Low Volatility Index,CSI Dividend Low Volatility,9456.62,9658.36,9446.82,9627.05,161.86,1.71,3950505572.0,310.68,50.0,5.53,2021-09-08,5.53,310.68
20210909,H30269,中证红利低波动指数,红利低波,CSI Dividend Low Volatility Index,CSI Dividend Low Volatility,9635.7,9891.42,9577.09,9881.1,254.05,2.64,4096059094.0,350.92,50.0,5.58,2021-09-09,5.58,350.92
20210910,H30269,中证红利低波动指数,红利低波,CSI Dividend Low Volatility Index,CSI Dividend Low Volatility,9837.7,10000.32,9793.44,9803.86,-77.24,-0.78,4891493120.0,418.13,50.0,5.58,2021-09-10,5.58,418.13
20210913,H30269,中证红利低波动指数,红利低波,CSI Dividend Low Volatility Index,CSI Dividend Low Volatility,9833.45,10116.83,9833.45,10088.5,284.64,2.9,3915562861.0,375.52,50.0,5.65,2021-09-13,5.65,375.52
20210914,H30269,中证红利低波动指数,红利低波,CSI Dividend Low Volatility Index,CSI Dividend Low Volatility,10069.15,10118.03,9865.07,9892.29,-196.21,-1.94,4242166592.0,369.98,50.0,5.54,2021-09-14,5.54,369.98
20210915,H30269,中证红利低波动指数,红利低波,CSI Dividend Low Volatility Index,CSI Dividend Low Volatility,9831.47,9959.85,9779.57,9851.75,-40.55,-0.41,3011429086.0,276.33,50.0,5.49,2021-09-15,5.49,276.33
20210916,H30269,中证红利低波动指数,红利低波,CSI Dividend Low Volatility Index,CSI Dividend Low Volatility,9950.47,10072.98,9790.0,9790.0,-61.75,-0.63,3527315712.0,310.24,50.0,5.46,2021-09-16,5.46,310.24
20210917,H30269,中证红利低波动指数,红利低波,CSI Dividend Low Volatility Index,CSI Dividend Low Volatility,9739.33,9913.29,9478.96,9586.19,-203.81,-2.08,3079380625.0,264.17,50.0,5.46,2021-09-17,5.46,264.17
20210922,H30269,中证红利低波动指数,红利低波,CSI Dividend Low Volatility Index,CSI Dividend Low Volatility,9491.64,9862.31,9485.85,9861.5,275.31,2.87,3963614790.0,331.07,50.0,5.51,2021-09-22,5.51,331.07
20210923,H30269,中证红利低波动指数,红利低波,CSI Dividend Low Volatility Index,CSI Dividend Low Volatility,10002.82,10097.01,9790.81,9836.61,-24.89,-0.25,3807398045.0,328.77,50.0,5.53,2021-09-23,5.53,328.77
20210924,H30269,中证红利低波动指数,红利低波,CSI Dividend Low Volatility Index,CSI Dividend Low Volatility,9832.68,9835.35,9500.23,9511.9,-324.71,-3.3,3338327339.0,291.78,50.0,5.43,2021-09-24,5.43,291.78
20210927,H30269,中证红利低波动指数,红利低波,CSI Dividend Low Volatility Index,CSI Dividend Low Volatility,9556.53,9558.71,9217.02,9281.07,-230.83,-2.43,3792692741.0,289.13,50.0,5.38,2021-09-27,5.38,289.13
20210928,H30269,中证红利低波动指数,红利低波,CSI Dividend Low Volatility Index,CSI Dividend Low Volatility,9290.4,9552.88,9290.4,9546.65,265.58,2.86,3629649455.0,312.98,50.0,5.49,2021-09-28,5.49,312.98
20210929,H30269,中证红利低波动指数,红利低波,CSI Dividend Low Volatility Index,CSI Dividend Low Volatility,9487.98,9568.85,9265.75,9276.76,-269.89,-2.83,3884794008.0,290.18,50.0,5.47,2021-09-29,5.47,290.18
20210930,H30269,中证红利低波动指数,红利低波,CSI Dividend Low Volatility Index,CSI Dividend Low Volatility,9276.34,9404.8,9208.59,9399.99,123.23,1.33,3272016802.0,258.38,50.0,5.48,2021-09-30,5.48,258.38
20211008,H30269,中证红利低波动指数,红利低波,CSI Dividend Low Volatility Index,CSI Dividend Low Volatility,9507.52,9520.91,9263.17,9321.65,-78.34,-0.83,3289343296.0,251.63,50.0,5.48,2021-10-08,5.48,251.63
20211011,H30269,中证红利低波动指数,红利低波,CSI Dividend Low Volatility Index,CSI Dividend Low Volatility,9349.6,9437.7,9288.79,9410.33,88.68,0.95,3476527121.0,282.18,50.0,5.54,2021-10-11,5.54,282.18
20211012,H30269,中证红利低波动指数,红利低波,CSI Dividend Low Volatility Index,CSI Dividend Low Volatility,9405.83,9535.55,9212.04,9355.82,-54.51,-0.58,3376725829.0,279.02,50.0,5.53,2021-10-12,5.53,279.02
20211013,H30269,中证红利低波动指数,红利低波,CSI Dividend Low Volatility Index,CSI Dividend Low Volatility,9356.63,9356.79,9063.49,9195.17,-160.65,-1.72,2546813534.0,207.5,50.0,5.47,2021-10-13,5.47,207.5
20211014,H30269,中证红利低波动指数,红利低波,CSI Dividend Low Volatility Index,CSI Dividend Low Volatility,9143.57,9175.75,9031.54,9100.77,-94.39,-1.03,2113490315.0,174.13,50.0,5.42,2021-10-14,5.42,174.13
20211015,H30269,中证红利低波动指数,红利低波,CSI Dividend Low Volatility Index,CSI Dividend Low Volatility,9094.44,9188.32,9026.7,9155.39,54.62,0.6,2543082140.0,196.53,50.0,5.45,2021-10-15,5.45,196.53
20211018,H30269,中证红利低波动指数,红利低波,CSI Dividend Low Volatility Index,CSI Dividend Low Volatility,9154.32,9348.33,9126.13,9340.55,185.16,2.02,2550031758.0,221.31,50.0,5.48,2021-10-18,5.48,221.31
20211019,H30269,中证红利低波动指数,红利低波,CSI Dividend Low Volatility Index,CSI Dividend Low Volatility,9319.9,9431.48,9249.84,9338.58,-1.97,-0.02,2332157136.0,195.32,50.0,5.47,2021-10-19,5.47,195.32
20211020,H30269,中证红利低波动指数,红利低波,CSI Dividend Low Volatility Index,CSI Dividend Low Volatility,9118.83,9186.39,9090.77,9159.74,-178.84,-1.92,2317443573.0,187.42,50.0,5.42,2021-10-20,5.42,187.42
20211021,H30269,中证红利低波动指数,红利低波,CSI Dividend Low Volatility Index,CSI Dividend Low Volatility,9098.44,9362.7,9097.03,9277.21,117.47,1.28,2917545249.0,257.4,50.0,5.5,2021-10-21,5.5,257.4
20211022,H30269,中证红利低波动指数,红利低波,CSI Dividend Low Volatility Index,CSI Dividend Low Volatility,9275.77,9370.27,9065.53,9074.55,-202.66,-2.18,2977895734.0,262.4,50.0,5.46,2021-10-22,5.46,262.4
20211025,H30269,中证红利低波动指数,红利低波,CSI Dividend Low Volatility Index,CSI Dividend Low Volatility,9030.19,9128.01,8965.85,9096.11,21.55,0.24,2469601176.0,221.19,50.0,5.46,2021-10-25,5.46,221.19
20211026,H30269,中证红利低波动指数,红利低波,CSI Dividend Low Volatility Index,CSI Dividend Low Volatility,9101.8,9132.08,9008.12,9035.05,-61.05,-0.67,2402306373.0,204.61,50.0,5.41,2021-10-26,5.41,204.61
20211027,H30269,中证红利低波动指数,红利低波,CSI Dividend Low Volatility Index,CSI Dividend Low Volatility,8965.23,8988.4,8825.9,8856.07,-178.98,-1.98,2406602874.0,198.26,50.0,5.38,2021-10-27,5.38,198.26
20211028,H30269,中证红利低波动指数,红利低波,CSI Dividend Low Volatility Index,CSI Dividend Low Volatility,8779.51,8784.15,8587.4,8604.88,-251.2,-2.84,2370174805.0,194.81,50.0,5.32,2021-10-28,5.32,194.81
20211029,H30269,中证红利低波动指数,红利低波,CSI Dividend Low Volatility Index,CSI Dividend Low Volatility,8597.37,8608.41,8498.39,8565.59,-39.29,-0.46,2644704531.0,232.94,50.0,5.29,2021-10-29,5.29,232.94
20211101,H30269,中证红利低波动指数,红利低波,CSI Dividend Low Volatility Index,CSI Dividend Low Volatility,8552.11,8693.67,8533.08,8662.92,97.33,1.14,3110348290.0,231.45,50.0,5.2,2021-11-01,5.2,231.45
20211102,H30269,中证红利低波动指数,红利低波,CSI Dividend Low Volatility Index,CSI Dividend Low Volatility,8662.85,8669.71,8357.47,8443.13,-219.79,-2.54,3470261799.0,269.5,50.0,5.1,2021-11-02,5.1,269.5
20211103,H30269,中证红利低波动指数,红利低波,CSI Dividend Low Volatility Index,CSI Dividend Low Volatility,8462.35,8639.09,8462.35,8613.31,170.18,2.02,2248806193.0,182.61,50.0,5.14,2021-11-03,5.14,182.61
20211104,H30269,中证红利低波动指数,红利低波,CSI Dividend Low Volatility Index,CSI Dividend Low Volatility,8606.69,8609.56,8521.77,8592.85,-20.45,-0.24,1953143189.0,151.92,50.0,5.13,2021-11-04,5.13,151.92
20211105,H30269,中证红利低波动指数,红利低波,CSI Dividend Low Volatility Index,CSI Dividend Low Volatility,8571.95,8571.95,8404.23,8404.23,-188.63,-2.2,1955293119.0,146.02,50.0,5.09,2021-11-05,5.09,146.02
20211108,H30269,中证红利低波动指数,红利低波,CSI Dividend Low Volatility Index,CSI Dividend Low Volatility,8425.73,8483.47,8382.7,8436.27,32.04,0.38,1806537209.0,147.38,50.0,5.09,2021-11-08,5.09,147.38
20211109,H30269,中证红利低波动指数,红利低波,CSI Dividend Low Volatility Index,CSI Dividend Low Volatility,8450.3,8451.59,8370.25,8406.37,-29.9,-0.35,1560865737.0,120.9,50.0,5.09,2021-11-09,5.09,120.9
20211110,H30269,中证红利低波动指数,红利低波,CSI Dividend Low Volatility Index,CSI Dividend Low Volatility,8378.61,8389.2,8230.87,8381.28,-25.09,-0.3,2425149733.0,196.19,50.0,5.08,2021-11-10,5.08,196.19
20211111,H30269,中证红利低波动指数,红利低波,CSI Dividend Low Volatility Index,CSI Dividend Low Volatility,8400.22,8580.82,8393.98,8576.44,195.16,2.33,3232880056.0,293.54,50.0,5.19,2021-11-11,5.19,293.54
20211112,H30269,中证红利低波动指数,红利低波,CSI Dividend Low Volatility Index,CSI Dividend Low Volatility,8551.45,8565.98,8484.54,8507.93,-68.51,-0.8,2352221975.0,209.1,50.0,5.16,2021-11-12,5.16,209.1
20211115,H30269,中证红利低波动指数,红利低波,CSI Dividend Low Volatility Index,CSI Dividend Low Volatility,8484.29,8506.22,8441.12,8489.24,-18.69,-0.22,1889837634.0,156.76,50.0,5.16,2021-11-15,5.16,156.76
20211116,H30269,中证红利低波动指数,红利低波,CSI Dividend Low Volatility Index,CSI Dividend Low Volatility,8493.69,8521.19,8417.35,8421.34,-67.9,-0.8,1933076215.0,149.58,50.0,5.14,2021-11-16,5.14,149.58
20211117,H30269,中证红利低波动指数,红利低波,CSI Dividend Low Volatility Index,CSI Dividend Low Volatility,8408.52,8429.94,8381.92,8403.58,-17.76,-0.21,1600587555.0,120.17,50.0,5.13,2021-11-17,5.13,120.17
20211118,H30269,中证红利低波动指数,红利低波,CSI Dividend Low Volatility Index,CSI Dividend Low Volatility,8422.91,8465.69,8396.01,8399.26,-4.32,-0.05,1723747508.0,133.75,50.0,5.11,2021-11-18,5.11,133.75
20211119,H30269,中证红利低波动指数,红利低波,CSI Dividend Low Volatility Index,CSI Dividend Low Volatility,8404.45,8540.94,8353.23,8524.04,124.79,1.49,2291528874.0,182.4,50.0,5.17,2021-11-19,5.17,182.4
20211122,H30269,中证红利低波动指数,红利低波,CSI Dividend Low Volatility Index,CSI Dividend Low Volatility,8536.6,8571.32,8491.45,8508.06,-15.98,-0.19,2191468609.0,174.33,50.0,5.13,2021-11-22,5.13,174.33
20211123,H30269,中证红利低波动指数,红利低波,CSI Dividend Low Volatility Index,CSI Dividend Low Volatility,8517.89,8631.08,8500.74,8598.26,90.2,1.06,2021536725.0,162.52,50.0,5.15,2021-11-23,5.15,162.52
20211124,H30269,中证红利低波动指数,红利低波,CSI Dividend Low Volatility Index,CSI Dividend Low Volatility,8621.24,8713.29,8614.31,8707.62,109.35,1.27,2260961848.0,188.55,50.0,5.18,2021-11-24,5.18,188.55
20211125,H30269,中证红利低波动指数,红利低波,CSI Dividend Low Volatility Index,CSI Dividend Low Volatility,8719.48,8754.22,8637.69,8687.77,-19.85,-0.23,1825885655.0,141.98,50.0,5.16,2021-11-25,5.16,141.98
20211126,H30269,中证红利低波动指数,红利低波,CSI Dividend Low Volatility Index,CSI Dividend Low Volatility,8635.76,8635.76,8558.85,8572.1,-115.67,-1.33,1850051605.0,141.31,50.0,5.12,2021-11-26,5.12,141.31
20211129,H30269,中证红利低波动指数,红利低波,CSI Dividend Low Volatility Index,CSI Dividend Low Volatility,8465.12,8493.3,8433.25,8493.28,-78.82,-0.92,2333403295.0,165.73,50.0,5.09,2021-11-29,5.09,165.73
20211130,H30269,中证红利低波动指数,红利低波,CSI Dividend Low Volatility Index,CSI Dividend Low Volatility,8489.9,8567.89,8456.75,8473.52,-19.76,-0.23,2078830782.0,148.77,50.0,5.08,2021-11-30,5.08,148.77
20211201,H30269,中证红利低波动指数,红利低波,CSI Dividend Low Volatility Index,CSI Dividend Low Volatility,8471.13,8612.31,8457.16,8612.31,138.79,1.64,2041933934.0,149.83,50.0,5.13,2021-12-01,5.13,149.83
20211202,H30269,中证红利低波动指数,红利低波,CSI Dividend Low Volatility Index,CSI Dividend Low Volatility,8573.62,8669.92,8567.12,8647.4,35.08,0.41,2197833591.0,187.76,50.0,5.16,2021-12-02,5.16,187.76
20211203,H30269,中证红利低波动指数,红利低波,CSI Dividend Low Volatility Index,CSI Dividend Low Volatility,8646.47,8827.82,8580.62,8789.31,141.91,1.64,2376550315.0,202.16,50.0,5.22,2021-12-03,5.22,202.16
20211206,H30269,中证红利低波动指数,红利低波,CSI Dividend Low Volatility Index,CSI Dividend Low Volatility,8800.54,8884.62,8755.65,8755.65,-33.66,-0.38,2962576448.0,246.01,50.0,5.22,2021-12-06,5.22,246.01
20211207,H30269,中证红利低波动指数,红利低波,CSI Dividend Low Volatility Index,CSI Dividend Low Volatility,8837.4,8900.98,8735.27,8894.55,138.9,1.59,3415599397.0,281.76,50.0,5.27,2021-12-07,5.27,281.76
20211208,H30269,中证红利低波动指数,红利低波,CSI Dividend Low Volatility Index,CSI Dividend Low Volatility,8895.69,8902.19,8795.26,8895.37,0.82,0.01,2755686863.0,222.01,50.0,5.26,2021-12-08,5.26,222.01
20211209,H30269,中证红利低波动指数,红利低波,CSI Dividend Low Volatility Index,CSI Dividend Low Volatility,8891.03,8963.72,8858.37,8933.17,37.8,0.42,3622002121.0,274.17,50.0,5.29,2021-12-09,5.29,274.17
20211210,H30269,中证红利低波动指数,红利低波,CSI Dividend Low Volatility Index,CSI Dividend Low Volatility,8900.86,8937.97,8837.27,8863.55,-69.62,-0.78,3745231596.0,251.76,50.0,5.27,2021-12-10,5.27,251.76
20211213,H30269,中证红利低波动指数,红利低波,CSI Dividend Low Volatility Index,CSI Dividend Low Volatility,8909.67,8964.71,8867.95,8878.73,15.19,0.17,3006795493.0,271.29,50.0,5.24,2021-12-13,5.24,271.29
20211214,H30269,中证红利低波动指数,红利低波,CSI Dividend Low Volatility Index,CSI Dividend Low Volatility,8844.38,8847.87,8771.46,8781.34,-97.39,-1.1,2500113539.0,214.15,50.0,5.21,2021-12-14,5.21,214.15
20211215,H30269,中证红利低波动指数,红利低波,CSI Dividend Low Volatility Index,CSI Dividend Low Volatility,8782.37,8886.25,8780.75,8858.75,77.41,0.88,2209925225.0,184.74,50.0,5.22,2021-12-15,5.22,184.74
20211216,H30269,中证红利低波动指数,红利低波,CSI Dividend Low Volatility Index,CSI Dividend Low Volatility,8892.97,9012.82,8872.04,9012.34,153.59,1.73,2282995809.0,193.78,50.0,5.28,2021-12-16,5.28,193.78
20211217,H30269,中证红利低波动指数,红利低波,CSI Dividend Low Volatility Index,CSI Dividend Low Volatility,9032.54,9064.22,9002.23,9013.91,1.57,0.02,2425095181.0,216.2,50.0,5.26,2021-12-17,5.26,216.2
20211220,H30269,中证红利低波动指数,红利低波,CSI Dividend Low Volatility Index,CSI Dividend Low Volatility,8996.21,9057.85,8961.69,8980.37,-33.54,-0.37,2470580783.0,195.44,50.0,5.25,2021-12-20,5.25,195.44
20211221,H30269,中证红利低波动指数,红利低波,CSI Dividend Low Volatility Index,CSI Dividend Low Volatility,8969.24,9149.02,8967.08,9137.93,157.56,1.75,2986802816.0,237.9,50.0,5.31,2021-12-21,5.31,237.9
20211222,H30269,中证红利低波动指数,红利低波,CSI Dividend Low Volatility Index,CSI Dividend Low Volatility,9146.26,9151.62,9068.28,9105.55,-32.37,-0.35,2259748242.0,177.79,50.0,5.29,2021-12-22,5.29,177.79
20211223,H30269,中证红利低波动指数,红利低波,CSI Dividend Low Volatility Index,CSI Dividend Low Volatility,9090.65,9155.11,9068.99,9139.93,34.37,0.38,1939711996.0,176.98,50.0,5.31,2021-12-23,5.31,176.98
20211224,H30269,中证红利低波动指数,红利低波,CSI Dividend Low Volatility Index,CSI Dividend Low Volatility,9135.33,9135.33,9053.31,9073.24,-66.68,-0.73,1806934920.0,149.57,50.0,5.3,2021-12-24,5.3,149.57
20211227,H30269,中证红利低波动指数,红利低波,CSI Dividend Low Volatility Index,CSI Dividend Low Volatility,9073.53,9139.45,9073.53,9116.79,43.55,0.48,1811494529.0,159.81,50.0,5.31,2021-12-27,5.31,159.81
20211228,H30269,中证红利低波动指数,红利低波,CSI Dividend Low Volatility Index,CSI Dividend Low Volatility,9121.49,9124.05,9007.28,9039.56,-77.23,-0.85,2112816980.0,166.93,50.0,5.31,2021-12-28,5.31,166.93
20211229,H30269,中证红利低波动指数,红利低波,CSI Dividend Low Volatility Index,CSI Dividend Low Volatility,9035.74,9044.8,8991.95,8994.35,-45.21,-0.5,1615464064.0,130.71,50.0,5.28,2021-12-29,5.28,130.71
20211230,H30269,中证红利低波动指数,红利低波,CSI Dividend Low Volatility Index,CSI Dividend Low Volatility,8990.94,9051.94,8990.02,9025.55,31.2,0.35,1755597986.0,143.32,50.0,5.28,2021-12-30,5.28,143.32
20211231,H30269,中证红利低波动指数,红利低波,CSI Dividend Low Volatility Index,CSI Dividend Low Volatility,9029.47,9110.48,9012.46,9093.64,68.1,0.75,1799065319.0,153.11,50.0,5.3,2021-12-31,5.3,153.11
20220104,H30269,中证红利低波动指数,红利低波,CSI Dividend Low Volatility Index,CSI Dividend Low Volatility,9114.26,9255.08,9109.58,9241.83,148.18,1.63,2653460923.0,235.77,50.0,5.35,2022-01-04,5.35,235.77
20220105,H30269,中证红利低波动指数,红利低波,CSI Dividend Low Volatility Index,CSI Dividend Low Volatility,9217.21,9324.98,9213.68,9292.15,50.32,0.54,3823511772.0,313.47,50.0,5.39,2022-01-05,5.39,313.47
20220106,H30269,中证红利低波动指数,红利低波,CSI Dividend Low Volatility Index,CSI Dividend Low Volatility,9277.47,9372.42,9268.06,9338.58,46.44,0.5,2966694457.0,248.36,50.0,5.37,2022-01-06,5.37,248.36
20220107,H30269,中证红利低波动指数,红利低波,CSI Dividend Low Volatility Index,CSI Dividend Low Volatility,9341.75,9506.58,9341.75,9439.81,101.23,1.08,3774366503.0,300.55,50.0,5.45,2022-01-07,5.45,300.55
20220110,H30269,中证红利低波动指数,红利低波,CSI Dividend Low Volatility Index,CSI Dividend Low Volatility,9435.7,9507.02,9402.29,9507.02,67.21,0.71,3255269684.0,261.95,50.0,5.47,2022-01-10,5.47,261.95
20220111,H30269,中证红利低波动指数,红利低波,CSI Dividend Low Volatility Index,CSI Dividend Low Volatility,9492.72,9600.96,9480.99,9518.76,11.74,0.12,3392188951.0,293.72,50.0,5.5,2022-01-11,5.5,293.72
20220112,H30269,中证红利低波动指数,红利低波,CSI Dividend Low Volatility Index,CSI Dividend Low Volatility,9503.9,9506.57,9388.63,9467.74,-51.02,-0.53,2860769642.0,238.31,50.0,5.46,2022-01-12,5.46,238.31
20220113,H30269,中证红利低波动指数,红利低波,CSI Dividend Low Volatility Index,CSI Dividend Low Volatility,9458.5,9548.49,9416.37,9420.68,-47.06,-0.5,2794400898.0,220.36,50.0,5.46,2022-01-13,5.46,220.36
20220114,H30269,中证红利低波动指数,红利低波,CSI Dividend Low Volatility Index,CSI Dividend Low Volatility,9408.35,9408.35,9246.79,9250.66,-170.02,-1.8,3045312423.0,235.56,50.0,5.37,2022-01-14,5.37,235.56
20220117,H30269,中证红利低波动指数,红利低波,CSI Dividend Low Volatility Index,CSI Dividend Low Volatility,9247.67,9321.9,9247.67,9283.31,32.65,0.35,1985247485.0,158.1,50.0,5.36,2022-01-17,5.36,158.1
20220118,H30269,中证红利低波动指数,红利低波,CSI Dividend Low Volatility Index,CSI Dividend Low Volatility,9303.49,9440.08,9250.16,9397.25,113.94,1.23,3089850604.0,241.45,50.0,5.47,2022-01-18,5.47,241.45
20220119,H30269,中证红利低波动指数,红利低波,CSI Dividend Low Volatility Index,CSI Dividend Low Volatility,9402.07,9535.86,9401.31,9502.22,104.97,1.12,3019732074.0,265.66,50.0,5.49,2022-01-19,5.49,265.66
20220120,H30269,中证红利低波动指数,红利低波,CSI Dividend Low Volatility Index,CSI Dividend Low Volatility,9494.41,9576.53,9451.42,9477.94,-24.28,-0.26,3883150865.0,312.67,50.0,5.53,2022-01-20,5.53,312.67
20220121,H30269,中证红利低波动指数,红利低波,CSI Dividend Low Volatility Index,CSI Dividend Low Volatility,9449.05,9476.87,9360.65,9390.63,-87.31,-0.92,2442378578.0,202.86,50.0,5.5,2022-01-21,5.5,202.86
20220124,H30269,中证红利低波动指数,红利低波,CSI Dividend Low Volatility Index,CSI Dividend Low Volatility,9367.07,9470.51,9276.84,9406.75,16.12,0.17,2572832985.0,204.8,50.0,5.5,2022-01-24,5.5,204.8
20220125,H30269,中证红利低波动指数,红利低波,CSI Dividend Low Volatility Index,CSI Dividend Low Volatility,9368.92,9378.24,9135.71,9135.9,-270.85,-2.88,2439145051.0,187.94,50.0,5.41,2022-01-25,5.41,187.94
20220126,H30269,中证红利低波动指数,红利低波,CSI Dividend Low Volatility Index,CSI Dividend Low Volatility,9150.86,9239.48,9105.14,9207.21,71.31,0.78,1910756352.0,151.67,50.0,5.42,2022-01-26,5.42,151.67
20220127,H30269,中证红利低波动指数,红利低波,CSI Dividend Low Volatility Index,CSI Dividend Low Volatility,9191.99,9235.51,9118.36,9119.18,-88.03,-0.96,2291155232.0,179.62,50.0,5.4,2022-01-27,5.4,179.62
20220128,H30269,中证红利低波动指数,红利低波,CSI Dividend Low Volatility Index,CSI Dividend Low Volatility,9170.56,9178.91,9015.57,9023.28,-95.9,-1.05,2633266142.0,193.27,50.0,5.35,2022-01-28,5.35,193.27
20220207,H30269,中证红利低波动指数,红利低波,CSI Dividend Low Volatility Index,CSI Dividend Low Volatility,9089.54,9297.72,9082.86,9284.94,261.66,2.9,3358717625.0,254.88,50.0,5.48,2022-02-07,5.48,254.88
20220208,H30269,中证红利低波动指数,红利低波,CSI Dividend Low Volatility Index,CSI Dividend Low Volatility,9299.74,9492.64,9292.26,9491.99,207.05,2.23,4035668932.0,283.19,50.0,5.59,2022-02-08,5.59,283.19
20220209,H30269,中证红利低波动指数,红利低波,CSI Dividend Low Volatility Index,CSI Dividend Low Volatility,9500.91,9604.63,9488.28,9540.47,48.48,0.51,3481304222.0,269.12,50.0,5.58,2022-02-09,5.58,269.12
20220210,H30269,中证红利低波动指数,红利低波,CSI Dividend Low Volatility Index,CSI Dividend Low Volatility,9529.46,9679.55,9473.48,9675.4,134.93,1.41,3095334391.0,258.35,50.0,5.65,2022-02-10,5.65,258.35
20220211,H30269,中证红利低波动指数,红利低波,CSI Dividend Low Volatility Index,CSI Dividend Low Volatility,9659.49,9785.38,9654.5,9702.21,26.8,0.28,3516708158.0,297.61,50.0,5.68,2022-02-11,5.68,297.61
20220214,H30269,中证红利低波动指数,红利低波,CSI Dividend Low Volatility Index,CSI Dividend Low Volatility,9669.9,9678.18,9486.24,9508.13,-194.08,-2.0,3140148336.0,240.87,50.0,5.58,2022-02-14,5.58,240.87
20220215,H30269,中证红利低波动指数,红利低波,CSI Dividend Low Volatility Index,CSI Dividend Low Volatility,9513.95,9513.95,9378.01,9430.17,-77.96,-0.82,2446487591.0,203.76,50.0,5.52,2022-02-15,5.52,203.76
20220216,H30269,中证红利低波动指数,红利低波,CSI Dividend Low Volatility Index,CSI Dividend Low Volatility,9455.17,9543.37,9451.42,9536.93,106.76,1.13,2039266332.0,162.29,50.0,5.56,2022-02-16,5.56,162.29
20220217,H30269,中证红利低波动指数,红利低波,CSI Dividend Low Volatility Index,CSI Dividend Low Volatility,9531.82,9554.64,9469.55,9495.46,-41.47,-0.43,2067707277.0,167.61,50.0,5.56,2022-02-17,5.56,167.61
20220218,H30269,中证红利低波动指数,红利低波,CSI Dividend Low Volatility Index,CSI Dividend Low Volatility,9462.37,9702.72,9449.69,9700.56,205.1,2.16,2864176038.0,230.41,50.0,5.63,2022-02-18,5.63,230.41
20220221,H30269,中证红利低波动指数,红利低波,CSI Dividend Low Volatility Index,CSI Dividend Low Volatility,9689.96,9738.59,9608.24,9725.69,25.13,0.26,2497887234.0,194.87,50.0,5.63,2022-02-21,5.63,194.87
20220222,H30269,中证红利低波动指数,红利低波,CSI Dividend Low Volatility Index,CSI Dividend Low Volatility,9665.21,9710.12,9580.45,9633.53,-92.16,-0.95,2327292567.0,194.51,50.0,5.6,2022-02-22,5.6,194.51
20220223,H30269,中证红利低波动指数,红利低波,CSI Dividend Low Volatility Index,CSI Dividend Low Volatility,9629.95,9656.83,9506.22,9537.88,-95.65,-0.99,2622025181.0,205.76,50.0,5.55,2022-02-23,5.55,205.76
20220224,H30269,中证红利低波动指数,红利低波,CSI Dividend Low Volatility Index,CSI Dividend Low Volatility,9506.54,9524.86,9285.09,9355.78,-182.11,-1.91,3184091759.0,232.4,50.0,5.47,2022-02-24,5.47,232.4
20220225,H30269,中证红利低波动指数,红利低波,CSI Dividend Low Volatility Index,CSI Dividend Low Volatility,9380.16,9448.28,9288.86,9343.39,-12.38,-0.13,2811280072.0,218.98,50.0,5.44,2022-02-25,5.44,218.98
20220228,H30269,中证红利低波动指数,红利低波,CSI Dividend Low Volatility Index,CSI Dividend Low Volatility,9329.36,9352.07,9235.75,9347.49,4.1,0.04,2267520249.0,175.3,50.0,5.46,2022-02-28,5.46,175.3
20220301,H30269,中证红利低波动指数,红利低波,CSI Dividend Low Volatility Index,CSI Dividend Low Volatility,9364.6,9456.04,9336.25,9441.59,94.1,1.01,2191454343.0,177.56,50.0,5.51,2022-03-01,5.51,177.56
20220302,H30269,中证红利低波动指数,红利低波,CSI Dividend Low Volatility Index,CSI Dividend Low Volatility,9436.32,9532.45,9427.18,9521.64,80.05,0.85,2120296084.0,175.67,50.0,5.53,2022-03-02,5.53,175.67
20220303,H30269,中证红利低波动指数,红利低波,CSI Dividend Low Volatility Index,CSI Dividend Low Volatility,9536.02,9674.4,9536.02,9660.21,138.57,1.46,3116778761.0,249.61,50.0,5.59,2022-03-03,5.59,249.61
20220304,H30269,中证红利低波动指数,红利低波,CSI Dividend Low Volatility Index,CSI Dividend Low Volatility,9626.55,9640.11,9506.36,9583.02,-77.19,-0.8,2542438880.0,221.04,50.0,5.57,2022-03-04,5.57,221.04
20220307,H30269,中证红利低波动指数,红利低波,CSI Dividend Low Volatility Index,CSI Dividend Low Volatility,9576.9,9641.73,9466.68,9498.02,-85.0,-0.89,3060205036.0,252.12,50.0,5.51,2022-03-07,5.51,252.12
20220308,H30269,中证红利低波动指数,红利低波,CSI Dividend Low Volatility Index,CSI Dividend Low Volatility,9471.07,9474.73,9191.52,9194.78,-303.24,-3.19,3078636033.0,254.37,50.0,5.41,2022-03-08,5.41,254.37
20220309,H30269,中证红利低波动指数,红利低波,CSI Dividend Low Volatility Index,CSI Dividend Low Volatility,9224.97,9290.97,8838.72,9102.05,-92.73,-1.01,3939568384.0,302.91,50.0,5.36,2022-03-09,5.36,302.91
20220310,H30269,中证红利低波动指数,红利低波,CSI Dividend Low Volatility Index,CSI Dividend Low Volatility,9196.73,9278.91,9091.15,9180.76,78.71,0.86,2430771844.0,194.55,50.0,5.36,2022-03-10,5.36,194.55
20220311,H30269,中证红利低波动指数,红利低波,CSI Dividend Low Volatility Index,CSI Dividend Low Volatility,9103.76,9237.01,8974.36,9228.04,47.28,0.51,2801474382.0,206.2,50.0,5.39,2022-03-11,5.39,206.2
20220314,H30269,中证红利低波动指数,红利低波,CSI Dividend Low Volatility Index,CSI Dividend Low Volatility,9129.68,9281.45,9048.4,9048.4,-179.64,-1.95,2610999897.0,199.76,50.0,5.34,2022-03-14,5.34,199.76
20220315,H30269,中证红利低波动指数,红利低波,CSI Dividend Low Volatility Index,CSI Dividend Low Volatility,8993.69,8996.72,8523.65,8523.65,-524.75,-5.8,4553105679.0,326.69,50.0,5.12,2022-03-15,5.12,326.69
20220316,H30269,中证红利低波动指数,红利低波,CSI Dividend Low Volatility Index,CSI Dividend Low Volatility,8625.57,8768.93,8377.34,8732.41,208.76,2.45,3937214722.0,283.55,50.0,5.22,2022-03-16,5.22,283.55
20220317,H30269,中证红利低波动指数,红利低波,CSI Dividend Low Volatility Index,CSI Dividend Low Volatility,8855.68,8946.85,8809.45,8842.47,110.06,1.26,3525407012.0,267.5,50.0,5.23,2022-03-17,5.23,267.5
20220318,H30269,中证红利低波动指数,红利低波,CSI Dividend Low Volatility Index,CSI Dividend Low Volatility,8813.99,9096.94,8796.26,9079.93,237.45,2.68,3731198389.0,279.52,50.0,5.33,2022-03-18,5.33,279.52
20220321,H30269,中证红利低波动指数,红利低波,CSI Dividend Low Volatility Index,CSI Dividend Low Volatility,9075.08,9084.74,8974.69,9042.21,-37.72,-0.42,2483899279.0,197.94,50.0,5.3,2022-03-21,5.3,197.94
20220322,H30269,中证红利低波动指数,红利低波,CSI Dividend Low Volatility Index,CSI Dividend Low Volatility,9022.88,9261.18,9012.04,9217.65,175.45,1.94,3332268435.0,241.65,50.0,5.4,2022-03-22,5.4,241.65
20220323,H30269,中证红利低波动指数,红利低波,CSI Dividend Low Volatility Index,CSI Dividend Low Volatility,9217.89,9264.98,9106.08,9217.79,0.14,0.0,3353483320.0,271.69,50.0,5.38,2022-03-23,5.38,271.69
20220324,H30269,中证红利低波动指数,红利低波,CSI Dividend Low Volatility Index,CSI Dividend Low Volatility,9160.24,9246.72,9151.57,9162.08,-55.72,-0.6,2225310405.0,171.19,50.0,5.37,2022-03-24,5.37,171.19
20220325,H30269,中证红利低波动指数,红利低波,CSI Dividend Low Volatility Index,CSI Dividend Low Volatility,9154.87,9264.36,9116.19,9181.97,19.89,0.22,2639298287.0,190.92,50.0,5.38,2022-03-25,5.38,190.92
20220328,H30269,中证红利低波动指数,红利低波,CSI Dividend Low Volatility Index,CSI Dividend Low Volatility,9155.97,9400.0,9112.81,9377.95,195.98,2.13,3364364893.0,247.6,50.0,5.48,2022-03-28,5.48,247.6
20220329,H30269,中证红利低波动指数,红利低波,CSI Dividend Low Volatility Index,CSI Dividend Low Volatility,9348.86,9375.03,9284.12,9343.56,-34.39,-0.37,2537198597.0,185.64,50.0,5.5,2022-03-29,5.5,185.64
20220330,H30269,中证红利低波动指数,红利低波,CSI Dividend Low Volatility Index,CSI Dividend Low Volatility,9338.74,9500.19,9325.37,9495.51,151.94,1.63,3685948065.0,290.43,50.0,5.55,2022-03-30,5.55,290.43
20220331,H30269,中证红利低波动指数,红利低波,CSI Dividend Low Volatility Index,CSI Dividend Low Volatility,9498.4,9699.5,9494.52,9603.23,107.72,1.13,4460830285.0,346.17,50.0,5.62,2022-03-31,5.62,346.17
20220401,H30269,中证红利低波动指数,红利低波,CSI Dividend Low Volatility Index,CSI Dividend Low Volatility,9541.13,9782.11,9535.32,9776.0,172.77,1.8,4268125701.0,345.63,50.0,5.68,2022-04-01,5.68,345.63
20220406,H30269,中证红利低波动指数,红利低波,CSI Dividend Low Volatility Index,CSI Dividend Low Volatility,9785.88,9969.75,9753.66,9948.97,172.97,1.77,5456857123.0,425.33,50.0,5.75,2022-04-06,5.75,425.33
20220407,H30269,中证红利低波动指数,红利低波,CSI Dividend Low Volatility Index,CSI Dividend Low Volatility,9885.51,9934.63,9767.8,9775.03,-173.94,-1.75,4041143523.0,313.5,50.0,5.71,2022-04-07,5.71,313.5
20220408,H30269,中证红利低波动指数,红利低波,CSI Dividend Low Volatility Index,CSI Dividend Low Volatility,9789.03,9903.47,9722.28,9901.76,126.73,1.3,4035746274.0,314.01,50.0,5.77,2022-04-08,5.77,314.01
20220411,H30269,中证红利低波动指数,红利低波,CSI Dividend Low Volatility Index,CSI Dividend Low Volatility,9898.77,9898.77,9725.55,9743.05,-158.71,-1.6,3812928991.0,301.84,50.0,5.72,2022-04-11,5.72,301.84
20220412,H30269,中证红利低波动指数,红利低波,CSI Dividend Low Volatility Index,CSI Dividend Low Volatility,9756.37,9836.65,9670.24,9742.44,-0.62,-0.01,3899996148.0,304.07,50.0,5.71,2022-04-12,5.71,304.07
20220413,H30269,中证红利低波动指数,红利低波,CSI Dividend Low Volatility Index,CSI Dividend Low Volatility,9702.34,9815.95,9660.45,9674.0,-68.44,-0.7,3380306259.0,271.46,50.0,5.73,2022-04-13,5.73,271.46
20220414,H30269,中证红利低波动指数,红利低波,CSI Dividend Low Volatility Index,CSI Dividend Low Volatility,9706.44,9911.73,9673.46,9858.45,184.45,1.91,3209333673.0,274.19,50.0,5.76,2022-04-14,5.76,274.19
20220415,H30269,中证红利低波动指数,红利低波,CSI Dividend Low Volatility Index,CSI Dividend Low Volatility,9861.54,9945.56,9771.49,9810.36,-48.09,-0.49,3612574417.0,307.18,50.0,5.76,2022-04-15,5.76,307.18
20220418,H30269,中证红利低波动指数,红利低波,CSI Dividend Low Volatility Index,CSI Dividend Low Volatility,9709.29,9786.25,9640.81,9664.14,-146.22,-1.49,3755312107.0,296.35,50.0,5.66,2022-04-18,5.66,296.35
20220419,H30269,中证红利低波动指数,红利低波,CSI Dividend Low Volatility Index,CSI Dividend Low Volatility,9647.62,9787.67,9573.64,9781.88,117.74,1.22,3149489318.0,257.51,50.0,5.71,2022-04-19,5.71,257.51
20220420,H30269,中证红利低波动指数,红利低波,CSI Dividend Low Volatility Index,CSI Dividend Low Volatility,9765.27,9771.18,9505.87,9530.77,-251.11,-2.57,3216835881.0,266.66,50.0,5.64,2022-04-20,5.64,266.66
20220421,H30269,中证红利低波动指数,红利低波,CSI Dividend Low Volatility Index,CSI Dividend Low Volatility,9516.88,9561.33,9330.45,9358.57,-172.2,-1.81,3266333104.0,244.2,50.0,5.63,2022-04-21,5.63,244.2
20220422,H30269,中证红利低波动指数,红利低波,CSI Dividend Low Volatility Index,CSI Dividend Low Volatility,9304.32,9565.79,9289.12,9532.99,174.43,1.86,3530390169.0,267.83,50.0,5.7,2022-04-22,5.7,267.83
20220425,H30269,中证红利低波动指数,红利低波,CSI Dividend Low Volatility Index,CSI Dividend Low Volatility,9420.71,9487.33,9154.52,9154.52,-378.47,-3.97,4326347411.0,317.71,50.0,5.55,2022-04-25,5.55,317.71
20220426,H30269,中证红利低波动指数,红利低波,CSI Dividend Low Volatility Index,CSI Dividend Low Volatility,9166.94,9310.93,9072.2,9085.29,-69.24,-0.76,3913529595.0,270.66,50.0,5.57,2022-04-26,5.57,270.66
20220427,H30269,中证红利低波动指数,红利低波,CSI Dividend Low Volatility Index,CSI Dividend Low Volatility,9036.62,9156.13,8949.43,9154.35,69.06,0.76,4550726277.0,338.3,50.0,5.53,2022-04-27,5.53,338.3
20220428,H30269,中证红利低波动指数,红利低波,CSI Dividend Low Volatility Index,CSI Dividend Low Volatility,9144.11,9353.19,9131.15,9353.19,198.84,2.17,4211506913.0,312.94,50.0,5.65,2022-04-28,5.65,312.94
20220429,H30269,中证红利低波动指数,红利低波,CSI Dividend Low Volatility Index,CSI Dividend Low Volatility,9395.22,9519.71,9268.76,9515.18,161.99,1.73,4895839866.0,375.27,50.0,5.65,2022-04-29,5.65,375.27
20220505,H30269,中证红利低波动指数,红利低波,CSI Dividend Low Volatility Index,CSI Dividend Low Volatility,9503.3,9575.67,9424.23,9531.32,16.14,0.17,4416468417.0,318.4,50.0,5.51,2022-05-05,5.51,318.4
20220506,H30269,中证红利低波动指数,红利低波,CSI Dividend Low Volatility Index,CSI Dividend Low Volatility,9349.88,9412.21,9230.02,9251.31,-280.01,-2.94,3049330388.0,223.14,50.0,5.41,2022-05-06,5.41,223.14
20220509,H30269,中证红利低波动指数,红利低波,CSI Dividend Low Volatility Index,CSI Dividend Low Volatility,9228.12,9319.21,9223.4,9306.27,54.96,0.59,2657062045.0,191.79,50.0,5.39,2022-05-09,5.39,191.79
20220510,H30269,中证红利低波动指数,红利低波,CSI Dividend Low Volatility Index,CSI Dividend Low Volatility,9182.14,9400.71,9122.4,9397.05,90.78,0.97,3588364202.0,261.19,50.0,5.41,2022-05-10,5.41,261.19
20220511,H30269,中证红利低波动指数,红利低波,CSI Dividend Low Volatility Index,CSI Dividend Low Volatility,9413.27,9477.87,9375.11,9385.6,-11.45,-0.12,3806356502.0,282.79,50.0,5.37,2022-05-11,5.37,282.79
20220512,H30269,中证红利低波动指数,红利低波,CSI Dividend Low Volatility Index,CSI Dividend Low Volatility,9398.51,9476.99,9310.25,9390.53,4.93,0.05,3155192837.0,242.0,50.0,5.34,2022-05-12,5.34,242.0
20220513,H30269,中证红利低波动指数,红利低波,CSI Dividend Low Volatility Index,CSI Dividend Low Volatility,9422.34,9619.05,9421.84,9615.24,224.71,2.39,3486436851.0,287.96,50.0,5.45,2022-05-13,5.45,287.96
20220516,H30269,中证红利低波动指数,红利低波,CSI Dividend Low Volatility Index,CSI Dividend Low Volatility,9707.49,9717.08,9590.11,9661.59,46.36,0.48,3439903616.0,277.17,50.0,5.43,2022-05-16,5.43,277.17
20220517,H30269,中证红利低波动指数,红利低波,CSI Dividend Low Volatility Index,CSI Dividend Low Volatility,9630.22,9640.28,9465.46,9562.19,-99.4,-1.03,3339989845.0,263.86,50.0,5.43,2022-05-17,5.43,263.86
20220518,H30269,中证红利低波动指数,红利低波,CSI Dividend Low Volatility Index,CSI Dividend Low Volatility,9543.33,9588.24,9474.05,9507.8,-54.38,-0.57,2642346486.0,220.84,50.0,5.39,2022-05-18,5.39,220.84
20220519,H30269,中证红利低波动指数,红利低波,CSI Dividend Low Volatility Index,CSI Dividend Low Volatility,9396.68,9567.52,9386.16,9560.74,52.94,0.56,3116340368.0,243.32,50.0,5.41,2022-05-19,5.41,243.32
20220520,H30269,中证红利低波动指数,红利低波,CSI Dividend Low Volatility Index,CSI Dividend Low Volatility,9526.84,9593.78,9507.44,9583.64,22.9,0.24,3567404109.0,280.46,50.0,5.44,2022-05-20,5.44,280.46
20220523,H30269,中证红利低波动指数,红利低波,CSI Dividend Low Volatility Index,CSI Dividend Low Volatility,9575.18,9598.87,9516.04,9536.69,-46.95,-0.49,2935273050.0,235.6,50.0,5.41,2022-05-23,5.41,235.6
20220524,H30269,中证红利低波动指数,红利低波,CSI Dividend Low Volatility Index,CSI Dividend Low Volatility,9547.0,9551.5,9324.18,9324.18,-212.51,-2.23,3102870061.0,228.95,50.0,5.39,2022-05-24,5.39,228.95
20220525,H30269,中证红利低波动指数,红利低波,CSI Dividend Low Volatility Index,CSI Dividend Low Volatility,9317.22,9481.69,9281.94,9481.18,157.01,1.68,2497390071.0,182.58,50.0,5.42,2022-05-25,5.42,182.58
20220526,H30269,中证红利低波动指数,红利低波,CSI Dividend Low Volatility Index,CSI Dividend Low Volatility,9507.21,9616.23,9488.53,9592.52,111.33,1.17,2870209916.0,221.04,50.0,5.46,2022-05-26,5.46,221.04
20220527,H30269,中证红利低波动指数,红利低波,CSI Dividend Low Volatility Index,CSI Dividend Low Volatility,9589.82,9656.06,9549.94,9629.77,37.26,0.39,2707405799.0,216.43,50.0,5.48,2022-05-27,5.48,216.43
20220530,H30269,中证红利低波动指数,红利低波,CSI Dividend Low Volatility Index,CSI Dividend Low Volatility,9634.12,9653.5,9554.55,9603.11,-26.66,-0.28,3141962867.0,236.92,50.0,5.44,2022-05-30,5.44,236.92
20220531,H30269,中证红利低波动指数,红利低波,CSI Dividend Low Volatility Index,CSI Dividend Low Volatility,9586.97,9591.75,9528.56,9579.25,-23.86,-0.25,3052267475.0,238.69,50.0,5.44,2022-05-31,5.44,238.69
20220601,H30269,中证红利低波动指数,红利低波,CSI Dividend Low Volatility Index,CSI Dividend Low Volatility,9563.47,9625.07,9520.12,9603.07,23.82,0.25,2541214591.0,197.8,50.0,5.44,2022-06-01,5.44,197.8
20220602,H30269,中证红利低波动指数,红利低波,CSI Dividend Low Volatility Index,CSI Dividend Low Volatility,9576.88,9577.61,9472.35,9504.91,-98.16,-1.02,2347272612.0,198.64,50.0,5.4,2022-06-02,5.4,198.64
20220606,H30269,中证红利低波动指数,红利低波,CSI Dividend Low Volatility Index,CSI Dividend Low Volatility,9493.6,9501.01,9387.77,9495.2,-9.71,-0.1,3750451612.0,303.57,50.0,5.39,2022-06-06,5.39,303.57
20220607,H30269,中证红利低波动指数,红利低波,CSI Dividend Low Volatility Index,CSI Dividend Low Volatility,9479.34,9529.46,9439.0,9504.98,9.78,0.1,2854179808.0,228.61,50.0,5.4,2022-06-07,5.4,228.61
20220608,H30269,中证红利低波动指数,红利低波,CSI Dividend Low Volatility Index,CSI Dividend Low Volatility,9499.7,9586.17,9440.17,9583.0,78.02,0.82,2775921910.0,221.59,50.0,5.43,2022-06-08,5.43,221.59
20220609,H30269,中证红利低波动指数,红利低波,CSI Dividend Low Volatility Index,CSI Dividend Low Volatility,9574.19,9673.17,9563.21,9602.12,19.12,0.2,3353829198.0,271.32,50.0,5.46,2022-06-09,5.46,271.32
20220610,H30269,中证红利低波动指数,红利低波,CSI Dividend Low Volatility Index,CSI Dividend Low Volatility,9528.1,9631.26,9504.28,9613.74,11.61,0.12,3969641027.0,281.23,50.0,5.49,2022-06-10,5.49,281.23
20220613,H30269,中证红利低波动指数,红利低波,CSI Dividend Low Volatility Index,CSI Dividend Low Volatility,9549.97,9559.83,9361.6,9424.31,-189.43,-1.97,3317035964.0,258.25,50.0,5.41,2022-06-13,5.41,258.25
20220614,H30269,中证红利低波动指数,红利低波,CSI Dividend Low Volatility Index,CSI Dividend Low Volatility,9365.37,9557.53,9358.62,9554.13,129.82,1.38,3011939109.0,228.31,50.0,5.48,2022-06-14,5.48,228.31
20220615,H30269,中证红利低波动指数,红利低波,CSI Dividend Low Volatility Index,CSI Dividend Low Volatility,9525.71,9706.86,9495.24,9564.9,10.77,0.11,4714392372.0,351.86,50.0,5.51,2022-06-15,5.51,351.86
20220616,H30269,中证红利低波动指数,红利低波,CSI Dividend Low Volatility Index,CSI Dividend Low Volatility,9550.83,9610.06,9402.08,9423.49,-141.41,-1.48,3019986075.0,240.98,50.0,5.42,2022-06-16,5.42,240.98
20220617,H30269,中证红利低波动指数,红利低波,CSI Dividend Low Volatility Index,CSI Dividend Low Volatility,9375.23,9405.29,9286.76,9388.35,-35.14,-0.37,2548076761.0,198.59,50.0,5.43,2022-06-17,5.43,198.59
20220620,H30269,中证红利低波动指数,红利低波,CSI Dividend Low Volatility Index,CSI Dividend Low Volatility,9372.7,9401.4,9326.76,9355.56,-32.79,-0.35,2883836821.0,241.25,50.0,5.38,2022-06-20,5.38,241.25
20220621,H30269,中证红利低波动指数,红利低波,CSI Dividend Low Volatility Index,CSI Dividend Low Volatility,9354.72,9448.74,9331.97,9399.9,44.34,0.47,2932815907.0,222.95,50.0,5.42,2022-06-21,5.42,222.95
20220622,H30269,中证红利低波动指数,红利低波,CSI Dividend Low Volatility Index,CSI Dividend Low Volatility,9405.93,9407.01,9243.49,9247.94,-151.96,-1.62,2265091418.0,174.38,50.0,5.38,2022-06-22,5.38,174.38
20220623,H30269,中证红利低波动指数,红利低波,CSI Dividend Low Volatility Index,CSI Dividend Low Volatility,9250.99,9320.37,9199.84,9320.37,72.43,0.78,2276258554.0,172.48,50.0,5.42,2022-06-23,5.42,172.48
20220624,H30269,中证红利低波动指数,红利低波,CSI Dividend Low Volatility Index,CSI Dividend Low Volatility,9314.93,9321.16,9238.34,9278.25,-42.12,-0.45,2492137013.0,195.01,50.0,5.39,2022-06-24,5.39,195.01
20220627,H30269,中证红利低波动指数,红利低波,CSI Dividend Low Volatility Index,CSI Dividend Low Volatility,9300.23,9404.58,9293.07,9374.37,96.12,1.03,2804330029.0,216.19,50.0,5.42,2022-06-27,5.42,216.19
20220628,H30269,中证红利低波动指数,红利低波,CSI Dividend Low Volatility Index,CSI Dividend Low Volatility,9375.24,9421.62,9349.61,9418.79,44.42,0.47,2538431769.0,195.58,50.0,5.43,2022-06-28,5.43,195.58
20220629,H30269,中证红利低波动指数,红利低波,CSI Dividend Low Volatility Index,CSI Dividend Low Volatility,9390.83,9528.75,9380.19,9470.7,51.91,0.55,3596451848.0,294.15,50.0,5.47,2022-06-29,5.47,294.15
20220630,H30269,中证红利低波动指数,红利低波,CSI Dividend Low Volatility Index,CSI Dividend Low Volatility,9461.35,9520.46,9427.46,9486.99,16.29,0.17,3267114524.0,281.03,50.0,5.48,2022-06-30,5.48,281.03
20220701,H30269,中证红利低波动指数,红利低波,CSI Dividend Low Volatility Index,CSI Dividend Low Volatility,9492.6,9551.46,9451.7,9493.64,6.65,0.07,2485073706.0,225.6,50.0,5.5,2022-07-01,5.5,225.6
20220704,H30269,中证红利低波动指数,红利低波,CSI Dividend Low Volatility Index,CSI Dividend Low Volatility,9479.48,9492.77,9412.92,9468.97,-24.66,-0.26,2660864747.0,222.08,50.0,5.5,2022-07-04,5.5,222.08
20220705,H30269,中证红利低波动指数,红利低波,CSI Dividend Low Volatility Index,CSI Dividend Low Volatility,9484.72,9519.55,9431.51,9498.3,29.33,0.31,2516414724.0,216.25,50.0,5.52,2022-07-05,5.52,216.25
20220706,H30269,中证红利低波动指数,红利低波,CSI Dividend Low Volatility Index,CSI Dividend Low Volatility,9452.57,9452.57,9235.69,9284.25,-214.05,-2.25,2669391744.0,204.67,50.0,5.44,2022-07-06,5.44,204.67
20220707,H30269,中证红利低波动指数,红利低波,CSI Dividend Low Volatility Index,CSI Dividend Low Volatility,9276.65,9301.13,9231.19,9272.36,-11.9,-0.13,1966603797.0,154.62,50.0,5.44,2022-07-07,5.44,154.62
20220708,H30269,中证红利低波动指数,红利低波,CSI Dividend Low Volatility Index,CSI Dividend Low Volatility,9291.57,9299.59,9250.59,9257.77,-14.59,-0.16,2048196474.0,154.82,50.0,5.45,2022-07-08,5.45,154.82
20220711,H30269,中证红利低波动指数,红利低波,CSI Dividend Low Volatility Index,CSI Dividend Low Volatility,9203.85,9244.14,9135.91,9187.53,-70.24,-0.76,2831439389.0,199.19,50.0,5.41,2022-07-11,5.41,199.19
20220712,H30269,中证红利低波动指数,红利低波,CSI Dividend Low Volatility Index,CSI Dividend Low Volatility,9191.79,9300.17,9188.45,9247.68,60.15,0.65,3216913560.0,220.43,50.0,5.37,2022-07-12,5.37,220.43
20220713,H30269,中证红利低波动指数,红利低波,CSI Dividend Low Volatility Index,CSI Dividend Low Volatility,9249.82,9274.38,9197.44,9220.19,-27.49,-0.3,3531713540.0,251.47,50.0,5.31,2022-07-13,5.31,251.47
20220714,H30269,中证红利低波动指数,红利低波,CSI Dividend Low Volatility Index,CSI Dividend Low Volatility,9149.34,9159.45,9034.79,9048.75,-171.43,-1.86,3759985008.0,252.41,50.0,5.24,2022-07-14,5.24,252.41
20220715,H30269,中证红利低波动指数,红利低波,CSI Dividend Low Volatility Index,CSI Dividend Low Volatility,8997.36,9002.23,8834.8,8834.8,-213.95,-2.36,3570386909.0,256.62,50.0,5.08,2022-07-15,5.08,256.62
20220718,H30269,中证红利低波动指数,红利低波,CSI Dividend Low Volatility Index,CSI Dividend Low Volatility,8847.96,9026.65,8847.96,9019.45,184.64,2.09,2515676153.0,188.41,50.0,5.16,2022-07-18,5.16,188.41
20220719,H30269,中证红利低波动指数,红利低波,CSI Dividend Low Volatility Index,CSI Dividend Low Volatility,9045.45,9065.06,8995.05,9052.02,32.57,0.36,2202651479.0,156.78,50.0,5.18,2022-07-19,5.18,156.78
20220720,H30269,中证红利低波动指数,红利低波,CSI Dividend Low Volatility Index,CSI Dividend Low Volatility,9070.43,9084.8,9040.93,9063.08,11.07,0.12,1782427605.0,129.34,50.0,5.2,2022-07-20,5.2,129.34
20220721,H30269,中证红利低波动指数,红利低波,CSI Dividend Low Volatility Index,CSI Dividend Low Volatility,9039.38,9039.38,8882.81,8882.81,-180.27,-1.99,2247073559.0,180.69,50.0,5.09,2022-07-21,5.09,180.69
20220722,H30269,中证红利低波动指数,红利低波,CSI Dividend Low Volatility Index,CSI Dividend Low Volatility,8886.95,8931.48,8822.67,8877.22,-5.59,-0.06,1802407326.0,132.15,50.0,5.11,2022-07-22,5.11,132.15
20220725,H30269,中证红利低波动指数,红利低波,CSI Dividend Low Volatility Index,CSI Dividend Low Volatility,8876.37,8930.25,8865.56,8882.9,5.67,0.06,1574191786.0,114.34,50.0,5.13,2022-07-25,5.13,114.34
20220726,H30269,中证红利低波动指数,红利低波,CSI Dividend Low Volatility Index,CSI Dividend Low Volatility,8887.7,9025.66,8872.76,9010.45,127.56,1.43,2115072971.0,157.16,50.0,5.17,2022-07-26,5.17,157.16
20220727,H30269,中证红利低波动指数,红利低波,CSI Dividend Low Volatility Index,CSI Dividend Low Volatility,9000.06,9006.43,8949.59,8975.58,-34.87,-0.39,1799693535.0,124.71,50.0,5.14,2022-07-27,5.14,124.71
20220728,H30269,中证红利低波动指数,红利低波,CSI Dividend Low Volatility Index,CSI Dividend Low Volatility,8984.53,9011.52,8962.02,8987.08,11.5,0.13,1960368048.0,133.52,50.0,5.13,2022-07-28,5.13,133.52
20220729,H30269,中证红利低波动指数,红利低波,CSI Dividend Low Volatility Index,CSI Dividend Low Volatility,8986.72,9003.76,8893.3,8897.19,-89.89,-1.0,2012900047.0,142.85,50.0,5.09,2022-07-29,5.09,142.85
20220801,H30269,中证红利低波动指数,红利低波,CSI Dividend Low Volatility Index,CSI Dividend Low Volatility,8883.5,8922.24,8828.44,8895.66,-1.53,-0.02,1828666492.0,140.42,50.0,5.07,2022-08-01,5.07,140.42
20220802,H30269,中证红利低波动指数,红利低波,CSI Dividend Low Volatility Index,CSI Dividend Low Volatility,8828.13,8828.13,8617.6,8682.35,-213.31,-2.4,2512584036.0,171.31,50.0,5.02,2022-08-02,5.02,171.31
20220803,H30269,中证红利低波动指数,红利低波,CSI Dividend Low Volatility Index,CSI Dividend Low Volatility,8690.03,8760.07,8567.44,8567.44,-114.9,-1.32,1965006123.0,140.87,50.0,4.97,2022-08-03,4.97,140.87
20220804,H30269,中证红利低波动指数,红利低波,CSI Dividend Low Volatility Index,CSI Dividend Low Volatility,8597.98,8638.17,8550.8,8634.61,67.16,0.78,1740312609.0,114.81,50.0,5.02,2022-08-04,5.02,114.81
20220805,H30269,中证红利低波动指数,红利低波,CSI Dividend Low Volatility Index,CSI Dividend Low Volatility,8652.52,8684.38,8590.97,8680.25,45.64,0.53,1478932189.0,108.48,50.0,5.04,2022-08-05,5.04,108.48
20220808,H30269,中证红利低波动指数,红利低波,CSI Dividend Low Volatility Index,CSI Dividend Low Volatility,8678.6,8780.53,8668.12,8766.1,85.85,0.99,1567862411.0,113.85,50.0,5.04,2022-08-08,5.04,113.85
20220809,H30269,中证红利低波动指数,红利低波,CSI Dividend Low Volatility Index,CSI Dividend Low Volatility,8771.5,8808.49,8735.77,8792.35,26.25,0.3,1249610416.0,95.95,50.0,5.04,2022-08-09,5.04,95.95
20220810,H30269,中证红利低波动指数,红利低波,CSI Dividend Low Volatility Index,CSI Dividend Low Volatility,8783.92,8796.84,8743.8,8767.35,-25.0,-0.28,1129972122.0,87.93,50.0,5.02,2022-08-10,5.02,87.93
20220811,H30269,中证红利低波动指数,红利低波,CSI Dividend Low Volatility Index,CSI Dividend Low Volatility,8803.38,8881.17,8803.38,8874.85,107.5,1.23,1734393928.0,121.71,50.0,5.07,2022-08-11,5.07,121.71
20220812,H30269,中证红利低波动指数,红利低波,CSI Dividend Low Volatility Index,CSI Dividend Low Volatility,8873.3,8948.3,8861.76,8936.2,61.34,0.69,1584260889.0,108.07,50.0,5.08,2022-08-12,5.08,108.07
20220815,H30269,中证红利低波动指数,红利低波,CSI Dividend Low Volatility Index,CSI Dividend Low Volatility,8929.33,8991.45,8906.25,8934.0,-2.2,-0.02,1633603417.0,128.06,50.0,5.07,2022-08-15,5.07,128.06
20220816,H30269,中证红利低波动指数,红利低波,CSI Dividend Low Volatility Index,CSI Dividend Low Volatility,8935.84,8995.45,8919.02,8949.36,15.36,0.17,1511379208.0,112.6,50.0,5.06,2022-08-16,5.06,112.6
20220817,H30269,中证红利低波动指数,红利低波,CSI Dividend Low Volatility Index,CSI Dividend Low Volatility,8962.17,8995.5,8915.79,8989.26,39.9,0.44,1926125830.0,145.1,50.0,5.09,2022-08-17,5.09,145.1
20220818,H30269,中证红利低波动指数,红利低波,CSI Dividend Low Volatility Index,CSI Dividend Low Volatility,8981.43,8982.23,8889.31,8906.01,-83.25,-0.93,1468430270.0,111.28,50.0,5.05,2022-08-18,5.05,111.28
20220819,H30269,中证红利低波动指数,红利低波,CSI Dividend Low Volatility Index,CSI Dividend Low Volatility,8916.63,9036.21,8915.9,8992.26,86.24,0.97,1707394276.0,138.09,50.0,5.09,2022-08-19,5.09,138.09
20220822,H30269,中证红利低波动指数,红利低波,CSI Dividend Low Volatility Index,CSI Dividend Low Volatility,8985.93,9071.2,8982.85,9063.27,71.02,0.79,1632874236.0,128.25,50.0,5.1,2022-08-22,5.1,128.25
20220823,H30269,中证红利低波动指数,红利低波,CSI Dividend Low Volatility Index,CSI Dividend Low Volatility,9065.23,9096.84,9000.41,9066.28,3.01,0.03,1504474794.0,126.33,50.0,5.08,2022-08-23,5.08,126.33
20220824,H30269,中证红利低波动指数,红利低波,CSI Dividend Low Volatility Index,CSI Dividend Low Volatility,9069.14,9101.95,8967.07,8973.57,-92.71,-1.02,1789545560.0,137.48,50.0,5.07,2022-08-24,5.07,137.48
20220825,H30269,中证红利低波动指数,红利低波,CSI Dividend Low Volatility Index,CSI Dividend Low Volatility,9020.25,9188.91,9015.78,9184.36,210.79,2.35,1811804358.0,159.18,50.0,5.14,2022-08-25,5.14,159.18
20220826,H30269,中证红利低波动指数,红利低波,CSI Dividend Low Volatility Index,CSI Dividend Low Volatility,9167.21,9220.81,9115.64,9159.54,-24.82,-0.27,1506852884.0,135.58,50.0,5.12,2022-08-26,5.12,135.58
20220829,H30269,中证红利低波动指数,红利低波,CSI Dividend Low Volatility Index,CSI Dividend Low Volatility,9097.46,9234.43,9037.21,9224.34,64.81,0.71,1951462339.0,176.11,50.0,5.11,2022-08-29,5.11,176.11
20220830,H30269,中证红利低波动指数,红利低波,CSI Dividend Low Volatility Index,CSI Dividend Low Volatility,9224.56,9270.56,9160.82,9238.34,13.99,0.15,1942506893.0,153.23,50.0,5.1,2022-08-30,5.1,153.23
20220831,H30269,中证红利低波动指数,红利低波,CSI Dividend Low Volatility Index,CSI Dividend Low Volatility,9224.56,9263.03,9168.21,9188.83,-49.51,-0.53,2758818110.0,217.61,50.0,5.15,2022-08-31,5.15,217.61
20220901,H30269,中证红利低波动指数,红利低波,CSI Dividend Low Volatility Index,CSI Dividend Low Volatility,9187.88,9376.2,9163.73,9291.29,102.46,1.12,2187737322.0,174.93,50.0,5.08,2022-09-01,5.08,174.93
20220902,H30269,中证红利低波动指数,红利低波,CSI Dividend Low Volatility Index,CSI Dividend Low Volatility,9284.63,9299.58,9236.3,9271.14,-20.14,-0.22,1808130526.0,136.82,50.0,5.06,2022-09-02,5.06,136.82
20220905,H30269,中证红利低波动指数,红利低波,CSI Dividend Low Volatility Index,CSI Dividend Low Volatility,9295.4,9450.2,9262.46,9450.2,179.06,1.93,1931817092.0,165.1,50.0,5.12,2022-09-05,5.12,165.1
20220906,H30269,中证红利低波动指数,红利低波,CSI Dividend Low Volatility Index,CSI Dividend Low Volatility,9454.3,9557.93,9431.75,9554.32,104.13,1.1,2290483110.0,188.15,50.0,5.15,2022-09-06,5.15,188.15
20220907,H30269,中证红利低波动指数,红利低波,CSI Dividend Low Volatility Index,CSI Dividend Low Volatility,9525.99,9575.56,9477.86,9562.35,8.03,0.08,1815397800.0,147.95,50.0,5.13,2022-09-07,5.13,147.95
20220908,H30269,中证红利低波动指数,红利低波,CSI Dividend Low Volatility Index,CSI Dividend Low Volatility,9544.36,9613.95,9485.25,9573.36,11.01,0.11,1730162481.0,139.69,50.0,5.13,2022-09-08,5.13,139.69
20220909,H30269,中证红利低波动指数,红利低波,CSI Dividend Low Volatility Index,CSI Dividend Low Volatility,9572.72,9709.3,9561.76,9690.41,117.04,1.22,2763019374.0,224.37,50.0,5.18,2022-09-09,5.18,224.37
20220913,H30269,中证红利低波动指数,红利低波,CSI Dividend Low Volatility Index,CSI Dividend Low Volatility,9698.28,9705.36,9614.41,9633.8,-56.61,-0.58,2499202232.0,189.0,50.0,5.18,2022-09-13,5.18,189.0
20220914,H30269,中证红利低波动指数,红利低波,CSI Dividend Low Volatility Index,CSI Dividend Low Volatility,9534.81,9629.45,9527.86,9562.09,-71.71,-0.74,1911897702.0,142.13,50.0,5.15,2022-09-14,5.15,142.13
20220915,H30269,中证红利低波动指数,红利低波,CSI Dividend Low Volatility Index,CSI Dividend Low Volatility,9615.0,9688.2,9495.06,9609.08,46.99,0.49,3036943789.0,230.93,50.0,5.2,2022-09-15,5.2,230.93
20220916,H30269,中证红利低波动指数,红利低波,CSI Dividend Low Volatility Index,CSI Dividend Low Volatility,9581.43,9595.47,9321.73,9321.73,-287.35,-2.99,3068737009.0,229.98,50.0,5.09,2022-09-16,5.09,229.98
20220919,H30269,中证红利低波动指数,红利低波,CSI Dividend Low Volatility Index,CSI Dividend Low Volatility,9304.11,9366.59,9233.92,9323.48,1.75,0.02,2257803304.0,162.68,50.0,5.13,2022-09-19,5.13,162.68
20220920,H30269,中证红利低波动指数,红利低波,CSI Dividend Low Volatility Index,CSI Dividend Low Volatility,9356.18,9375.54,9255.01,9276.14,-47.34,-0.51,2063459744.0,154.34,50.0,5.09,2022-09-20,5.09,154.34
20220921,H30269,中证红利低波动指数,红利低波,CSI Dividend Low Volatility Index,CSI Dividend Low Volatility,9262.84,9385.75,9205.87,9353.07,76.93,0.83,1944661594.0,132.85,50.0,5.1,2022-09-21,5.1,132.85
20220922,H30269,中证红利低波动指数,红利低波,CSI Dividend Low Volatility Index,CSI Dividend Low Volatility,9312.89,9341.54,9263.22,9313.11,-39.96,-0.43,1793598100.0,131.23,50.0,5.11,2022-09-22,5.11,131.23
20220923,H30269,中证红利低波动指数,红利低波,CSI Dividend Low Volatility Index,CSI Dividend Low Volatility,9294.12,9386.57,9224.0,9232.71,-80.4,-0.86,2208548377.0,139.65,50.0,5.11,2022-09-23,5.11,139.65
20220926,H30269,中证红利低波动指数,红利低波,CSI Dividend Low Volatility Index,CSI Dividend Low Volatility,9198.7,9262.94,9058.46,9069.09,-163.62,-1.77,2300070726.0,155.56,50.0,5.04,2022-09-26,5.04,155.56
20220927,H30269,中证红利低波动指数,红利低波,CSI Dividend Low Volatility Index,CSI Dividend Low Volatility,9091.03,9170.41,8994.94,9165.68,96.59,1.06,1854172803.0,138.85,50.0,5.03,2022-09-27,5.03,138.85
20220928,H30269,中证红利低波动指数,红利低波,CSI Dividend Low Volatility Index,CSI Dividend Low Volatility,9161.3,9187.5,9085.24,9085.24,-80.44,-0.88,1762526898.0,128.09,50.0,5.04,2022-09-28,5.04,128.09
20220929,H30269,中证红利低波动指数,红利低波,CSI Dividend Low Volatility Index,CSI Dividend Low Volatility,9150.68,9173.64,8977.62,9012.16,-73.09,-0.8,1911175961.0,137.37,50.0,5.01,2022-09-29,5.01,137.37
20220930,H30269,中证红利低波动指数,红利低波,CSI Dividend Low Volatility Index,CSI Dividend Low Volatility,9043.4,9134.92,9007.29,9050.86,38.71,0.43,1831345622.0,138.28,50.0,5.06,2022-09-30,5.06,138.28
20221010,H30269,中证红利低波动指数,红利低波,CSI Dividend Low Volatility Index,CSI Dividend Low Volatility,9078.45,9231.71,9069.13,9090.0,39.14,0.43,2643542175.0,182.88,50.0,5.08,2022-10-10,5.08,182.88
20221011,H30269,中证红利低波动指数,红利低波,CSI Dividend Low Volatility Index,CSI Dividend Low Volatility,9094.16,9109.87,8995.38,9078.45,-11.55,-0.13,1845212908.0,127.79,50.0,5.06,2022-10-11,5.06,127.79
20221012,H30269,中证红利低波动指数,红利低波,CSI Dividend Low Volatility Index,CSI Dividend Low Volatility,9075.52,9195.5,8993.22,9195.5,117.05,1.29,1916911765.0,132.25,50.0,5.09,2022-10-12,5.09,132.25
20221013,H30269,中证红利低波动指数,红利低波,CSI Dividend Low Volatility Index,CSI Dividend Low Volatility,9158.34,9169.1,9001.58,9109.1,-86.4,-0.94,1935841971.0,152.7,50.0,5.03,2022-10-13,5.03,152.7
20221014,H30269,中证红利低波动指数,红利低波,CSI Dividend Low Volatility Index,CSI Dividend Low Volatility,9125.54,9229.99,9123.07,9171.86,62.76,0.69,2255965420.0,157.05,50.0,5.05,2022-10-14,5.05,157.05
20221017,H30269,中证红利低波动指数,红利低波,CSI Dividend Low Volatility Index,CSI Dividend Low Volatility,9136.04,9159.7,9035.36,9137.37,-34.49,-0.38,1763545971.0,134.45,50.0,5.03,2022-10-17,5.03,134.45
20221018,H30269,中证红利低波动指数,红利低波,CSI Dividend Low Volatility Index,CSI Dividend Low Volatility,9151.14,9190.62,9078.91,9105.9,-31.47,-0.34,1590713002.0,120.13,50.0,5.01,2022-10-18,5.01,120.13
20221019,H30269,中证红利低波动指数,红利低波,CSI Dividend Low Volatility Index,CSI Dividend Low Volatility,9092.01,9157.77,9061.72,9061.76,-44.14,-0.48,1548497227.0,122.99,50.0,4.99,2022-10-19,4.99,122.99
20221020,H30269,中证红利低波动指数,红利低波,CSI Dividend Low Volatility Index,CSI Dividend Low Volatility,9021.79,9064.48,8985.96,8991.57,-70.19,-0.77,1675942398.0,122.06,50.0,4.98,2022-10-20,4.98,122.06
20221021,H30269,中证红利低波动指数,红利低波,CSI Dividend Low Volatility Index,CSI Dividend Low Volatility,9011.49,9094.61,8989.57,9023.55,31.98,0.36,1926178674.0,136.03,50.0,4.99,2022-10-21,4.99,136.03
20221024,H30269,中证红利低波动指数,红利低波,CSI Dividend Low Volatility Index,CSI Dividend Low Volatility,9002.55,9043.8,8795.64,8818.34,-205.21,-2.27,2852010447.0,193.55,50.0,4.92,2022-10-24,4.92,193.55
20221025,H30269,中证红利低波动指数,红利低波,CSI Dividend Low Volatility Index,CSI Dividend Low Volatility,8816.01,8842.19,8719.87,8769.66,-48.68,-0.55,1973211894.0,134.44,50.0,4.91,2022-10-25,4.91,134.44
20221026,H30269,中证红利低波动指数,红利低波,CSI Dividend Low Volatility Index,CSI Dividend Low Volatility,8783.83,8812.86,8680.02,8702.83,-66.83,-0.76,2600909583.0,172.49,50.0,4.85,2022-10-26,4.85,172.49
20221027,H30269,中证红利低波动指数,红利低波,CSI Dividend Low Volatility Index,CSI Dividend Low Volatility,8715.46,8793.4,8711.28,8745.69,42.86,0.49,2324290100.0,158.16,50.0,4.83,2022-10-27,4.83,158.16
20221028,H30269,中证红利低波动指数,红利低波,CSI Dividend Low Volatility Index,CSI Dividend Low Volatility,8735.5,8741.25,8579.75,8592.95,-152.75,-1.75,2279648081.0,164.31,50.0,4.8,2022-10-28,4.8,164.31
20221031,H30269,中证红利低波动指数,红利低波,CSI Dividend Low Volatility Index,CSI Dividend Low Volatility,8528.54,8558.02,8370.85,8378.54,-214.4,-2.49,2996637750.0,220.97,50.0,4.69,2022-10-31,4.69,220.97
20221101,H30269,中证红利低波动指数,红利低波,CSI Dividend Low Volatility Index,CSI Dividend Low Volatility,8387.91,8461.58,8322.63,8459.1,80.56,0.96,3735669256.0,246.23,50.0,4.66,2022-11-01,4.66,246.23
20221102,H30269,中证红利低波动指数,红利低波,CSI Dividend Low Volatility Index,CSI Dividend Low Volatility,8431.05,8593.2,8422.33,8569.74,110.64,1.31,2722448411.0,186.15,50.0,4.67,2022-11-02,4.67,186.15
20221103,H30269,中证红利低波动指数,红利低波,CSI Dividend Low Volatility Index,CSI Dividend Low Volatility,8517.19,8539.96,8467.08,8500.42,-69.32,-0.81,1764771198.0,128.47,50.0,4.63,2022-11-03,4.63,128.47
20221104,H30269,中证红利低波动指数,红利低波,CSI Dividend Low Volatility Index,CSI Dividend Low Volatility,8500.08,8687.01,8498.59,8644.02,143.6,1.69,2396294825.0,168.79,50.0,4.7,2022-11-04,4.7,168.79
20221107,H30269,中证红利低波动指数,红利低波,CSI Dividend Low Volatility Index,CSI Dividend Low Volatility,8625.88,8709.67,8604.67,8685.95,41.93,0.49,1991398303.0,143.26,50.0,4.71,2022-11-07,4.71,143.26
20221108,H30269,中证红利低波动指数,红利低波,CSI Dividend Low Volatility Index,CSI Dividend Low Volatility,8678.35,8711.36,8653.18,8688.21,2.26,0.03,1648600719.0,123.23,50.0,4.7,2022-11-08,4.7,123.23
20221109,H30269,中证红利低波动指数,红利低波,CSI Dividend Low Volatility Index,CSI Dividend Low Volatility,8696.65,8775.95,8675.05,8678.29,-9.92,-0.11,1768242907.0,127.44,50.0,4.71,2022-11-09,4.71,127.44
20221110,H30269,中证红利低波动指数,红利低波,CSI Dividend Low Volatility Index,CSI Dividend Low Volatility,8634.57,8714.29,8564.27,8693.6,15.3,0.18,2005826633.0,120.47,50.0,4.72,2022-11-10,4.72,120.47
20221111,H30269,中证红利低波动指数,红利低波,CSI Dividend Low Volatility Index,CSI Dividend Low Volatility,8810.4,8978.56,8797.31,8918.7,225.1,2.59,3981600722.0,281.11,50.0,4.82,2022-11-11,4.82,281.11
20221114,H30269,中证红利低波动指数,红利低波,CSI Dividend Low Volatility Index,CSI Dividend Low Volatility,9013.5,9060.54,8871.82,8892.16,-26.54,-0.3,4022923993.0,311.58,50.0,4.82,2022-11-14,4.82,311.58
20221115,H30269,中证红利低波动指数,红利低波,CSI Dividend Low Volatility Index,CSI Dividend Low Volatility,8871.4,8942.83,8838.42,8935.43,43.27,0.49,2508507848.0,201.62,50.0,4.85,2022-11-15,4.85,201.62
20221116,H30269,中证红利低波动指数,红利低波,CSI Dividend Low Volatility Index,CSI Dividend Low Volatility,8923.42,8942.96,8895.5,8906.29,-29.14,-0.33,1990348505.0,147.83,50.0,4.83,2022-11-16,4.83,147.83
20221117,H30269,中证红利低波动指数,红利低波,CSI Dividend Low Volatility Index,CSI Dividend Low Volatility,8895.99,8901.99,8829.08,8875.63,-30.66,-0.34,1778083263.0,135.36,50.0,4.82,2022-11-17,4.82,135.36
20221118,H30269,中证红利低波动指数,红利低波,CSI Dividend Low Volatility Index,CSI Dividend Low Volatility,8881.1,8901.74,8825.12,8825.12,-50.51,-0.57,1875168040.0,127.2,50.0,4.8,2022-11-18,4.8,127.2
20221121,H30269,中证红利低波动指数,红利低波,CSI Dividend Low Volatility Index,CSI Dividend Low Volatility,8788.68,8797.27,8719.86,8790.67,-34.46,-0.39,1710330155.0,120.1,50.0,4.79,2022-11-21,4.79,120.1
20221122,H30269,中证红利低波动指数,红利低波,CSI Dividend Low Volatility Index,CSI Dividend Low Volatility,8814.07,8957.35,8787.81,8885.25,94.58,1.07,2885856108.0,181.69,50.0,4.86,2022-11-22,4.86,181.69
20221123,H30269,中证红利低波动指数,红利低波,CSI Dividend Low Volatility Index,CSI Dividend Low Volatility,8878.9,9007.51,8868.11,8944.54,59.29,0.67,3108910455.0,190.85,50.0,4.9,2022-11-23,4.9,190.85
20221124,H30269,中证红利低波动指数,红利低波,CSI Dividend Low Volatility Index,CSI Dividend Low Volatility,8991.82,9021.31,8958.21,8984.99,40.45,0.45,2067510084.0,143.47,50.0,4.9,2022-11-24,4.9,143.47
20221125,H30269,中证红利低波动指数,红利低波,CSI Dividend Low Volatility Index,CSI Dividend Low Volatility,8989.71,9171.96,8981.12,9158.58,173.59,1.93,4034840472.0,274.12,50.0,5.01,2022-11-25,5.01,274.12
20221128,H30269,中证红利低波动指数,红利低波,CSI Dividend Low Volatility Index,CSI Dividend Low Volatility,9062.16,9110.91,8984.86,9108.97,-49.62,-0.54,3033258828.0,201.61,50.0,4.95,2022-11-28,4.95,201.61
20221129,H30269,中证红利低波动指数,红利低波,CSI Dividend Low Volatility Index,CSI Dividend Low Volatility,9221.3,9395.21,9189.23,9378.73,269.77,2.96,5162065967.0,370.92,50.0,5.07,2022-11-29,5.07,370.92
20221130,H30269,中证红利低波动指数,红利低波,CSI Dividend Low Volatility Index,CSI Dividend Low Volatility,9374.72,9508.14,9340.77,9362.46,-16.28,-0.17,4594089448.0,321.62,50.0,5.05,2022-11-30,5.05,321.62
20221201,H30269,中证红利低波动指数,红利低波,CSI Dividend Low Volatility Index,CSI Dividend Low Volatility,9422.47,9451.4,9289.45,9299.57,-62.88,-0.67,3651283154.0,249.03,50.0,5.0,2022-12-01,5.0,249.03
20221202,H30269,中证红利低波动指数,红利低波,CSI Dividend Low Volatility Index,CSI Dividend Low Volatility,9286.52,9294.32,9167.58,9230.31,-69.26,-0.74,2803790677.0,208.1,50.0,4.97,2022-12-02,4.97,208.1
20221205,H30269,中证红利低波动指数,红利低波,CSI Dividend Low Volatility Index,CSI Dividend Low Volatility,9297.58,9419.34,9296.02,9385.64,155.33,1.68,3928996409.0,279.57,50.0,5.07,2022-12-05,5.07,279.57
20221206,H30269,中证红利低波动指数,红利低波,CSI Dividend Low Volatility Index,CSI Dividend Low Volatility,9357.34,9392.7,9306.87,9344.86,-40.78,-0.43,2977611218.0,196.74,50.0,5.06,2022-12-06,5.06,196.74
20221207,H30269,中证红利低波动指数,红利低波,CSI Dividend Low Volatility Index,CSI Dividend Low Volatility,9333.43,9354.61,9238.7,9290.18,-54.68,-0.59,2792467395.0,202.93,50.0,5.01,2022-12-07,5.01,202.93
20221208,H30269,中证红利低波动指数,红利低波,CSI Dividend Low Volatility Index,CSI Dividend Low Volatility,9293.68,9365.67,9254.42,9321.29,31.11,0.33,2461366788.0,177.65,50.0,5.04,2022-12-08,5.04,177.65
20221209,H30269,中证红利低波动指数,红利低波,CSI Dividend Low Volatility Index,CSI Dividend Low Volatility,9333.78,9361.49,9248.39,9279.63,-41.65,-0.45,3349645536.0,263.22,50.0,5.06,2022-12-09,5.06,263.22
20221212,H30269,中证红利低波动指数,红利低波,CSI Dividend Low Volatility Index,CSI Dividend Low Volatility,9290.75,9298.86,9150.76,9153.66,-125.98,-1.36,2492889318.0,172.17,50.0,5.0,2022-12-12,5.0,172.17
20221213,H30269,中证红利低波动指数,红利低波,CSI Dividend Low Volatility Index,CSI Dividend Low Volatility,9155.44,9224.85,9153.83,9201.18,47.53,0.52,1852342369.0,122.57,50.0,5.03,2022-12-13,5.03,122.57
20221214,H30269,中证红利低波动指数,红利低波,CSI Dividend Low Volatility Index,CSI Dividend Low Volatility,9200.75,9203.65,9137.8,9165.71,-35.47,-0.39,1725757536.0,118.72,50.0,5.03,2022-12-14,5.03,118.72
20221215,H30269,中证红利低波动指数,红利低波,CSI Dividend Low Volatility Index,CSI Dividend Low Volatility,9160.88,9179.75,9063.63,9069.04,-96.67,-1.05,1568263525.0,109.15,50.0,4.98,2022-12-15,4.98,109.15
20221216,H30269,中证红利低波动指数,红利低波,CSI Dividend Low Volatility Index,CSI Dividend Low Volatility,9065.71,9205.03,9063.17,9168.83,99.78,1.1,2077013841.0,139.81,50.0,5.03,2022-12-16,5.03,139.81
20221219,H30269,中证红利低波动指数,红利低波,CSI Dividend Low Volatility Index,CSI Dividend Low Volatility,9168.32,9189.11,8971.79,9009.5,-159.32,-1.74,2004434211.0,135.36,50.0,4.96,2022-12-19,4.96,135.36
20221220,H30269,中证红利低波动指数,红利低波,CSI Dividend Low Volatility Index,CSI Dividend Low Volatility,8980.56,9017.08,8897.84,8918.5,-91.0,-1.01,1744261323.0,116.66,50.0,4.91,2022-12-20,4.91,116.66
20221221,H30269,中证红利低波动指数,红利低波,CSI Dividend Low Volatility Index,CSI Dividend Low Volatility,8926.43,8982.17,8904.94,8914.3,-4.2,-0.05,1173093485.0,79.2,50.0,4.92,2022-12-21,4.92,79.2
20221222,H30269,中证红利低波动指数,红利低波,CSI Dividend Low Volatility Index,CSI Dividend Low Volatility,8972.59,9009.22,8836.21,8863.29,-51.01,-0.57,1468160181.0,101.28,50.0,4.92,2022-12-22,4.92,101.28
20221223,H30269,中证红利低波动指数,红利低波,CSI Dividend Low Volatility Index,CSI Dividend Low Volatility,8825.79,8893.64,8794.78,8829.07,-34.23,-0.39,1143739871.0,73.28,50.0,4.91,2022-12-23,4.91,73.28
20221226,H30269,中证红利低波动指数,红利低波,CSI Dividend Low Volatility Index,CSI Dividend Low Volatility,8831.36,8839.15,8799.6,8815.64,-13.42,-0.15,1477488139.0,93.37,50.0,4.89,2022-12-26,4.89,93.37
20221227,H30269,中证红利低波动指数,红利低波,CSI Dividend Low Volatility Index,CSI Dividend Low Volatility,8846.07,8937.1,8846.07,8921.88,106.24,1.2,1710206656.0,106.57,50.0,4.95,2022-12-27,4.95,106.57
20221228,H30269,中证红利低波动指数,红利低波,CSI Dividend Low Volatility Index,CSI Dividend Low Volatility,8909.78,8962.36,8868.19,8927.98,6.1,0.07,1700054133.0,107.35,50.0,4.98,2022-12-28,4.98,107.35
20221229,H30269,中证红利低波动指数,红利低波,CSI Dividend Low Volatility Index,CSI Dividend Low Volatility,8924.77,8924.77,8845.95,8860.3,-67.68,-0.76,1683546542.0,105.82,50.0,4.93,2022-12-29,4.93,105.82
20221230,H30269,中证红利低波动指数,红利低波,CSI Dividend Low Volatility Index,CSI Dividend Low Volatility,8894.79,8939.33,8866.82,8920.76,60.46,0.68,1892792883.0,112.31,50.0,4.96,2022-12-30,4.96,112.31
20230103,H30269,中证红利低波动指数,红利低波,CSI Dividend Low Volatility Index,CSI Dividend Low Volatility,8920.63,8976.71,8900.65,8971.98,51.22,0.57,1998067704.0,130.16,50.0,4.98,2023-01-03,4.98,130.16
20230104,H30269,中证红利低波动指数,红利低波,CSI Dividend Low Volatility Index,CSI Dividend Low Volatility,8972.74,9060.79,8955.46,9036.88,64.9,0.72,2458711915.0,163.98,50.0,5.02,2023-01-04,5.02,163.98
20230105,H30269,中证红利低波动指数,红利低波,CSI Dividend Low Volatility Index,CSI Dividend Low Volatility,9050.52,9066.81,9017.59,9033.07,-3.81,-0.04,1970571802.0,137.07,50.0,5.01,2023-01-05,5.01,137.07
20230106,H30269,中证红利低波动指数,红利低波,CSI Dividend Low Volatility Index,CSI Dividend Low Volatility,9035.1,9051.15,9002.49,9023.29,-9.79,-0.11,1895680430.0,124.32,50.0,5.01,2023-01-06,5.01,124.32
20230109,H30269,中证红利低波动指数,红利低波,CSI Dividend Low Volatility Index,CSI Dividend Low Volatility,9045.58,9064.35,9017.76,9019.69,-3.6,-0.04,1596378800.0,111.19,50.0,5.01,2023-01-09,5.01,111.19
20230110,H30269,中证红利低波动指数,红利低波,CSI Dividend Low Volatility Index,CSI Dividend Low Volatility,9021.82,9021.82,8951.95,8957.52,-62.17,-0.69,1545316787.0,106.03,50.0,4.98,2023-01-10,4.98,106.03
20230111,H30269,中证红利低波动指数,红利低波,CSI Dividend Low Volatility Index,CSI Dividend Low Volatility,8963.94,9023.61,8961.84,8991.57,34.05,0.38,1671365902.0,137.09,50.0,5.02,2023-01-11,5.02,137.09
20230112,H30269,中证红利低波动指数,红利低波,CSI Dividend Low Volatility Index,CSI Dividend Low Volatility,8993.07,8993.47,8939.97,8977.9,-13.67,-0.15,1561267649.0,108.05,50.0,5.03,2023-01-12,5.03,108.05
20230113,H30269,中证红利低波动指数,红利低波,CSI Dividend Low Volatility Index,CSI Dividend Low Volatility,8986.61,9062.94,8983.08,9062.94,85.03,0.95,1667670654.0,117.26,50.0,5.07,2023-01-13,5.07,117.26
20230116,H30269,中证红利低波动指数,红利低波,CSI Dividend Low Volatility Index,CSI Dividend Low Volatility,9079.63,9136.03,9051.74,9092.93,30.0,0.33,2663144003.0,185.44,50.0,5.06,2023-01-16,5.06,185.44
20230117,H30269,中证红利低波动指数,红利低波,CSI Dividend Low Volatility Index,CSI Dividend Low Volatility,9099.54,9102.44,9052.67,9074.93,-18.0,-0.2,1648530065.0,113.84,50.0,5.05,2023-01-17,5.05,113.84
20230118,H30269,中证红利低波动指数,红利低波,CSI Dividend Low Volatility Index,CSI Dividend Low Volatility,9084.28,9122.3,9080.21,9108.95,34.02,0.37,1500671258.0,106.45,50.0,5.06,2023-01-18,5.06,106.45
20230119,H30269,中证红利低波动指数,红利低波,CSI Dividend Low Volatility Index,CSI Dividend Low Volatility,9102.73,9134.18,9068.12,9134.04,25.08,0.27,1464208287.0,106.69,50.0,5.06,2023-01-19,5.06,106.69
20230120,H30269,中证红利低波动指数,红利低波,CSI Dividend Low Volatility Index,CSI Dividend Low Volatility,9146.38,9214.22,9137.09,9214.22,80.19,0.88,1973175893.0,133.6,50.0,5.09,2023-01-20,5.09,133.6
20230130,H30269,中证红利低波动指数,红利低波,CSI Dividend Low Volatility Index,CSI Dividend Low Volatility,9295.66,9301.01,9202.45,9209.17,-5.05,-0.05,2579265827.0,187.4,50.0,5.08,2023-01-30,5.08,187.4
20230131,H30269,中证红利低波动指数,红利低波,CSI Dividend Low Volatility Index,CSI Dividend Low Volatility,9197.47,9245.01,9187.49,9226.94,17.76,0.19,1800159327.0,133.87,50.0,5.06,2023-01-31,5.06,133.87
20230201,H30269,中证红利低波动指数,红利低波,CSI Dividend Low Volatility Index,CSI Dividend Low Volatility,9245.63,9275.76,9206.15,9272.96,46.02,0.5,2168978070.0,152.68,50.0,5.07,2023-02-01,5.07,152.68
20230202,H30269,中证红利低波动指数,红利低波,CSI Dividend Low Volatility Index,CSI Dividend Low Volatility,9288.81,9294.8,9239.28,9279.01,6.05,0.06,2044946650.0,148.69,50.0,5.06,2023-02-02,5.06,148.69
20230203,H30269,中证红利低波动指数,红利低波,CSI Dividend Low Volatility Index,CSI Dividend Low Volatility,9261.76,9261.76,9158.33,9207.44,-71.57,-0.77,2019371673.0,136.09,50.0,5.03,2023-02-03,5.03,136.09
20230206,H30269,中证红利低波动指数,红利低波,CSI Dividend Low Volatility Index,CSI Dividend Low Volatility,9178.3,9204.37,9149.2,9189.12,-18.33,-0.2,1814126836.0,125.93,50.0,5.02,2023-02-06,5.02,125.93
20230207,H30269,中证红利低波动指数,红利低波,CSI Dividend Low Volatility Index,CSI Dividend Low Volatility,9197.01,9229.53,9188.94,9227.2,38.08,0.41,1515492360.0,109.59,50.0,5.03,2023-02-07,5.03,109.59
20230208,H30269,中证红利低波动指数,红利低波,CSI Dividend Low Volatility Index,CSI Dividend Low Volatility,9243.8,9243.8,9170.13,9172.01,-55.19,-0.6,1456637235.0,99.05,50.0,5.02,2023-02-08,5.02,99.05
20230209,H30269,中证红利低波动指数,红利低波,CSI Dividend Low Volatility Index,CSI Dividend Low Volatility,9168.5,9249.51,9161.41,9249.51,77.51,0.84,1490441897.0,104.82,50.0,5.03,2023-02-09,5.03,104.82
20230210,H30269,中证红利低波动指数,红利低波,CSI Dividend Low Volatility Index,CSI Dividend Low Volatility,9247.94,9280.82,9224.6,9273.12,23.61,0.26,1500905720.0,105.51,50.0,5.03,2023-02-10,5.03,105.51
20230213,H30269,中证红利低波动指数,红利低波,CSI Dividend Low Volatility Index,CSI Dividend Low Volatility,9276.15,9313.13,9236.67,9307.22,34.1,0.37,2245749713.0,170.28,50.0,5.02,2023-02-13,5.02,170.28
20230214,H30269,中证红利低波动指数,红利低波,CSI Dividend Low Volatility Index,CSI Dividend Low Volatility,9341.06,9365.83,9330.3,9357.24,50.02,0.54,1594759476.0,117.16,50.0,5.03,2023-02-14,5.03,117.16
20230215,H30269,中证红利低波动指数,红利低波,CSI Dividend Low Volatility Index,CSI Dividend Low Volatility,9380.61,9380.61,9315.95,9330.38,-26.86,-0.29,1625294747.0,115.53,50.0,5.01,2023-02-15,5.01,115.53
20230216,H30269,中证红利低波动指数,红利低波,CSI Dividend Low Volatility Index,CSI Dividend Low Volatility,9355.45,9427.22,9244.62,9282.26,-48.12,-0.52,2462901538.0,179.39,50.0,5.0,2023-02-16,5.0,179.39
20230217,H30269,中证红利低波动指数,红利低波,CSI Dividend Low Volatility Index,CSI Dividend Low Volatility,9266.7,9322.21,9248.65,9251.96,-30.3,-0.33,2050498639.0,148.93,50.0,5.0,2023-02-17,5.0,148.93
20230220,H30269,中证红利低波动指数,红利低波,CSI Dividend Low Volatility Index,CSI Dividend Low Volatility,9279.28,9473.2,9279.28,9472.61,220.65,2.38,3271386434.0,249.13,50.0,5.09,2023-02-20,5.09,249.13
20230221,H30269,中证红利低波动指数,红利低波,CSI Dividend Low Volatility Index,CSI Dividend Low Volatility,9502.05,9588.03,9500.41,9565.72,93.12,0.98,2614826367.0,224.84,50.0,5.12,2023-02-21,5.12,224.84
20230222,H30269,中证红利低波动指数,红利低波,CSI Dividend Low Volatility Index,CSI Dividend Low Volatility,9555.41,9595.95,9536.42,9568.1,2.38,0.02,1765639920.0,156.3,50.0,5.09,2023-02-22,5.09,156.3
20230223,H30269,中证红利低波动指数,红利低波,CSI Dividend Low Volatility Index,CSI Dividend Low Volatility,9589.92,9630.88,9537.39,9570.01,1.91,0.02,2055290887.0,187.6,50.0,5.1,2023-02-23,5.1,187.6
20230224,H30269,中证红利低波动指数,红利低波,CSI Dividend Low Volatility Index,CSI Dividend Low Volatility,9572.11,9576.5,9486.94,9547.34,-22.66,-0.24,1862183615.0,149.97,50.0,5.08,2023-02-24,5.08,149.97
20230227,H30269,中证红利低波动指数,红利低波,CSI Dividend Low Volatility Index,CSI Dividend Low Volatility,9521.25,9560.92,9489.55,9497.14,-50.21,-0.53,1645610898.0,134.16,50.0,5.07,2023-02-27,5.07,134.16
20230228,H30269,中证红利低波动指数,红利低波,CSI Dividend Low Volatility Index,CSI Dividend Low Volatility,9508.57,9555.57,9471.51,9550.35,53.21,0.56,1877436835.0,142.22,50.0,5.08,2023-02-28,5.08,142.22
20230301,H30269,中证红利低波动指数,红利低波,CSI Dividend Low Volatility Index,CSI Dividend Low Volatility,9560.5,9632.75,9550.56,9620.14,69.79,0.73,2638843125.0,193.49,50.0,5.12,2023-03-01,5.12,193.49
20230302,H30269,中证红利低波动指数,红利低波,CSI Dividend Low Volatility Index,CSI Dividend Low Volatility,9606.96,9710.8,9598.16,9679.78,59.65,0.62,2898102063.0,203.81,50.0,5.16,2023-03-02,5.16,203.81
20230303,H30269,中证红利低波动指数,红利低波,CSI Dividend Low Volatility Index,CSI Dividend Low Volatility,9692.9,9774.26,9675.65,9767.41,87.62,0.91,4084837464.0,255.36,50.0,5.24,2023-03-03,5.24,255.36
20230306,H30269,中证红利低波动指数,红利低波,CSI Dividend Low Volatility Index,CSI Dividend Low Volatility,9795.23,9816.95,9743.81,9751.51,-15.9,-0.16,3564052585.0,244.7,50.0,5.22,2023-03-06,5.22,244.7
20230307,H30269,中证红利低波动指数,红利低波,CSI Dividend Low Volatility Index,CSI Dividend Low Volatility,9756.89,9891.97,9714.06,9718.34,-33.17,-0.34,5775447023.0,366.67,50.0,5.28,2023-03-07,5.28,366.67
20230308,H30269,中证红利低波动指数,红利低波,CSI Dividend Low Volatility Index,CSI Dividend Low Volatility,9692.08,9721.03,9651.67,9716.93,-1.41,-0.01,2757324237.0,182.0,50.0,5.27,2023-03-08,5.27,182.0
20230309,H30269,中证红利低波动指数,红利低波,CSI Dividend Low Volatility Index,CSI Dividend Low Volatility,9728.77,9750.64,9673.47,9689.27,-27.66,-0.28,2641502094.0,168.93,50.0,5.26,2023-03-09,5.26,168.93
20230310,H30269,中证红利低波动指数,红利低波,CSI Dividend Low Volatility Index,CSI Dividend Low Volatility,9651.25,9652.65,9516.33,9518.53,-170.75,-1.76,2641269332.0,177.51,50.0,5.17,2023-03-10,5.17,177.51
20230313,H30269,中证红利低波动指数,红利低波,CSI Dividend Low Volatility Index,CSI Dividend Low Volatility,9510.88,9650.55,9507.82,9648.84,130.31,1.37,2864476026.0,201.82,50.0,5.28,2023-03-13,5.28,201.82
20230314,H30269,中证红利低波动指数,红利低波,CSI Dividend Low Volatility Index,CSI Dividend Low Volatility,9635.73,9686.22,9550.91,9591.21,-57.63,-0.6,2697798610.0,191.51,50.0,5.25,2023-03-14,5.25,191.51
20230315,H30269,中证红利低波动指数,红利低波,CSI Dividend Low Volatility Index,CSI Dividend Low Volatility,9647.65,9780.98,9621.59,9756.98,165.77,1.73,3270195710.0,213.48,50.0,5.32,2023-03-15,5.32,213.48
20230316,H30269,中证红利低波动指数,红利低波,CSI Dividend Low Volatility Index,CSI Dividend Low Volatility,9702.85,9759.55,9660.2,9665.46,-91.52,-0.94,4259999622.0,254.08,50.0,5.31,2023-03-16,5.31,254.08
20230317,H30269,中证红利低波动指数,红利低波,CSI Dividend Low Volatility Index,CSI Dividend Low Volatility,9725.8,9849.45,9724.3,9788.07,122.61,1.27,4287844956.0,271.6,50.0,5.38,2023-03-17,5.38,271.6
20230320,H30269,中证红利低波动指数,红利低波,CSI Dividend Low Volatility Index,CSI Dividend Low Volatility,9821.21,9904.8,9751.59,9758.34,-29.73,-0.3,4584289293.0,296.87,50.0,5.38,2023-03-20,5.38,296.87
20230321,H30269,中证红利低波动指数,红利低波,CSI Dividend Low Volatility Index,CSI Dividend Low Volatility,9781.59,9804.29,9690.08,9719.66,-38.69,-0.4,3185145018.0,203.03,50.0,5.31,2023-03-21,5.31,203.03
20230322,H30269,中证红利低波动指数,红利低波,CSI Dividend Low Volatility Index,CSI Dividend Low Volatility,9735.6,9800.89,9709.14,9783.46,63.81,0.66,2580152524.0,173.45,50.0,5.36,2023-03-22,5.36,173.45
20230323,H30269,中证红利低波动指数,红利低波,CSI Dividend Low Volatility Index,CSI Dividend Low Volatility,9767.84,9791.38,9721.29,9789.92,6.45,0.06,2400154086.0,170.74,50.0,5.39,2023-03-23,5.39,170.74
20230324,H30269,中证红利低波动指数,红利低波,CSI Dividend Low Volatility Index,CSI Dividend Low Volatility,9798.46,9798.53,9702.38,9718.89,-71.02,-0.73,2956923416.0,200.55,50.0,5.31,2023-03-24,5.31,200.55
20230327,H30269,中证红利低波动指数,红利低波,CSI Dividend Low Volatility Index,CSI Dividend Low Volatility,9698.69,9698.69,9583.01,9635.93,-82.97,-0.85,3184822301.0,235.99,50.0,5.25,2023-03-27,5.25,235.99
20230328,H30269,中证红利低波动指数,红利低波,CSI Dividend Low Volatility Index,CSI Dividend Low Volatility,9656.99,9716.76,9604.49,9663.72,27.8,0.29,2474054545.0,182.67,50.0,5.29,2023-03-28,5.29,182.67
20230329,H30269,中证红利低波动指数,红利低波,CSI Dividend Low Volatility Index,CSI Dividend Low Volatility,9671.33,9679.35,9590.21,9611.0,-52.73,-0.54,2343036175.0,154.25,50.0,5.27,2023-03-29,5.27,154.25
20230330,H30269,中证红利低波动指数,红利低波,CSI Dividend Low Volatility Index,CSI Dividend Low Volatility,9626.62,9687.33,9565.14,9664.32,53.32,0.55,3158861849.0,224.64,50.0,5.37,2023-03-30,5.37,224.64
20230331,H30269,中证红利低波动指数,红利低波,CSI Dividend Low Volatility Index,CSI Dividend Low Volatility,9668.08,9724.88,9650.34,9694.85,30.52,0.32,2784086631.0,185.18,50.0,5.34,2023-03-31,5.34,185.18
20230403,H30269,中证红利低波动指数,红利低波,CSI Dividend Low Volatility Index,CSI Dividend Low Volatility,9706.12,9795.41,9694.0,9781.02,86.17,0.89,2864285090.0,198.52,50.0,5.34,2023-04-03,5.34,198.52
20230404,H30269,中证红利低波动指数,红利低波,CSI Dividend Low Volatility Index,CSI Dividend Low Volatility,9774.88,9858.93,9756.87,9840.61,59.59,0.61,3498219586.0,223.93,50.0,5.43,2023-04-04,5.43,223.93
20230406,H30269,中证红利低波动指数,红利低波,CSI Dividend Low Volatility Index,CSI Dividend Low Volatility,9823.59,9823.59,9748.42,9755.86,-84.75,-0.86,2304598007.0,153.28,50.0,5.43,2023-04-06,5.43,153.28
20230407,H30269,中证红利低波动指数,红利低波,CSI Dividend Low Volatility Index,CSI Dividend Low Volatility,9761.65,9767.41,9728.54,9748.43,-7.43,-0.08,1817016765.0,128.66,50.0,5.42,2023-04-07,5.42,128.66
20230410,H30269,中证红利低波动指数,红利低波,CSI Dividend Low Volatility Index,CSI Dividend Low Volatility,9745.25,9781.44,9728.67,9761.02,12.59,0.13,2574624271.0,172.21,50.0,5.47,2023-04-10,5.47,172.21
20230411,H30269,中证红利低波动指数,红利低波,CSI Dividend Low Volatility Index,CSI Dividend Low Volatility,9760.31,9870.83,9733.94,9868.34,107.32,1.1,2839982317.0,215.63,50.0,5.52,2023-04-11,5.52,215.63
20230412,H30269,中证红利低波动指数,红利低波,CSI Dividend Low Volatility Index,CSI Dividend Low Volatility,9878.34,10024.98,9870.57,10022.25,153.91,1.56,3567542893.0,236.47,50.0,5.61,2023-04-12,5.61,236.47
20230413,H30269,中证红利低波动指数,红利低波,CSI Dividend Low Volatility Index,CSI Dividend Low Volatility,10037.36,10099.76,10014.06,10040.83,18.58,0.19,3256196056.0,235.42,50.0,5.62,2023-04-13,5.62,235.42
20230414,H30269,中证红利低波动指数,红利低波,CSI Dividend Low Volatility Index,CSI Dividend Low Volatility,10049.91,10062.43,9952.93,10005.38,-35.46,-0.35,2668944088.0,202.3,50.0,5.64,2023-04-14,5.64,202.3
20230417,H30269,中证红利低波动指数,红利低波,CSI Dividend Low Volatility Index,CSI Dividend Low Volatility,9988.35,10148.6,9979.06,10147.15,141.77,1.42,4240874834.0,316.83,50.0,5.8,2023-04-17,5.8,316.83
20230418,H30269,中证红利低波动指数,红利低波,CSI Dividend Low Volatility Index,CSI Dividend Low Volatility,10136.28,10174.32,10091.65,10162.85,15.7,0.15,4101924991.0,293.14,50.0,5.83,2023-04-18,5.83,293.14
20230419,H30269,中证红利低波动指数,红利低波,CSI Dividend Low Volatility Index,CSI Dividend Low Volatility,10172.37,10236.16,10152.02,10175.87,13.02,0.13,3396760168.0,246.43,50.0,5.82,2023-04-19,5.82,246.43
20230420,H30269,中证红利低波动指数,红利低波,CSI Dividend Low Volatility Index,CSI Dividend Low Volatility,10167.31,10254.32,10129.99,10251.08,75.22,0.74,3421994920.0,259.29,50.0,5.84,2023-04-20,5.84,259.29
20230421,H30269,中证红利低波动指数,红利低波,CSI Dividend Low Volatility Index,CSI Dividend Low Volatility,10240.07,10328.37,10099.88,10100.73,-150.36,-1.47,3581532272.0,258.98,50.0,5.79,2023-04-21,5.79,258.98
20230424,H30269,中证红利低波动指数,红利低波,CSI Dividend Low Volatility Index,CSI Dividend Low Volatility,10126.27,10210.3,10062.64,10118.92,18.2,0.18,3837458396.0,280.91,50.0,5.8,2023-04-24,5.8,280.91
20230425,H30269,中证红利低波动指数,红利低波,CSI Dividend Low Volatility Index,CSI Dividend Low Volatility,10135.29,10206.49,10034.88,10196.45,77.52,0.77,4538676604.0,319.61,50.0,5.91,2023-04-25,5.91,319.61
20230426,H30269,中证红利低波动指数,红利低波,CSI Dividend Low Volatility Index,CSI Dividend Low Volatility,10134.94,10292.01,10032.66,10203.02,6.57,0.06,4260213895.0,297.66,50.0,5.87,2023-04-26,5.87,297.66
20230427,H30269,中证红利低波动指数,红利低波,CSI Dividend Low Volatility Index,CSI Dividend Low Volatility,10210.06,10296.25,10164.41,10236.86,33.84,0.33,3310340041.0,255.17,50.0,5.89,2023-04-27,5.89,255.17
20230428,H30269,中证红利低波动指数,红利低波,CSI Dividend Low Volatility Index,CSI Dividend Low Volatility,10211.15,10420.15,10211.15,10414.86,178.0,1.74,4079685192.0,314.84,50.0,5.95,2023-04-28,5.95,314.84
20230504,H30269,中证红利低波动指数,红利低波,CSI Dividend Low Volatility Index,CSI Dividend Low Volatility,10370.22,10702.1,10368.88,10694.36,279.5,2.68,7059044108.0,540.59,50.0,6.15,2023-05-04,6.15,540.59
20230505,H30269,中证红利低波动指数,红利低波,CSI Dividend Low Volatility Index,CSI Dividend Low Volatility,10750.44,10872.81,10649.59,10720.84,26.48,0.25,5877253545.0,432.0,50.0,6.18,2023-05-05,6.18,432.0
20230508,H30269,中证红利低波动指数,红利低波,CSI Dividend Low Volatility Index,CSI Dividend Low Volatility,10730.05,11071.13,10724.98,11032.54,311.69,2.91,8691076973.0,631.83,50.0,6.54,2023-05-08,6.54,631.83
20230509,H30269,中证红利低波动指数,红利低波,CSI Dividend Low Volatility Index,CSI Dividend Low Volatility,11050.3,11152.47,10894.22,10909.38,-123.15,-1.12,8592994285.0,601.55,50.0,6.45,2023-05-09,6.45,601.55
20230510,H30269,中证红利低波动指数,红利低波,CSI Dividend Low Volatility Index,CSI Dividend Low Volatility,10849.14,10877.04,10585.19,10636.99,-272.39,-2.5,7025079543.0,455.5,50.0,6.19,2023-05-10,6.19,455.5
20230511,H30269,中证红利低波动指数,红利低波,CSI Dividend Low Volatility Index,CSI Dividend Low Volatility,10638.52,10703.58,10537.48,10604.27,-32.72,-0.31,4204755041.0,288.19,50.0,6.12,2023-05-11,6.12,288.19
20230512,H30269,中证红利低波动指数,红利低波,CSI Dividend Low Volatility Index,CSI Dividend Low Volatility,10563.39,10641.38,10472.32,10481.21,-123.06,-1.16,3842047070.0,270.52,50.0,6.06,2023-05-12,6.06,270.52
20230515,H30269,中证红利低波动指数,红利低波,CSI Dividend Low Volatility Index,CSI Dividend Low Volatility,10470.98,10476.91,10211.85,10442.18,-39.03,-0.37,5200015003.0,335.01,50.0,6.1,2023-05-15,6.1,335.01
20230516,H30269,中证红利低波动指数,红利低波,CSI Dividend Low Volatility Index,CSI Dividend Low Volatility,10440.5,10491.54,10308.19,10335.14,-107.04,-1.03,3931247556.0,270.26,50.0,6.09,2023-05-16,6.09,270.26
20230517,H30269,中证红利低波动指数,红利低波,CSI Dividend Low Volatility Index,CSI Dividend Low Volatility,10308.74,10363.21,10257.05,10302.98,-32.16,-0.31,2781223966.0,195.14,50.0,6.05,2023-05-17,6.05,195.14
20230518,H30269,中证红利低波动指数,红利低波,CSI Dividend Low Volatility Index,CSI Dividend Low Volatility,10321.2,10485.76,10300.63,10408.32,105.34,1.02,3958165604.0,265.72,50.0,6.17,2023-05-18,6.17,265.72
20230519,H30269,中证红利低波动指数,红利低波,CSI Dividend Low Volatility Index,CSI Dividend Low Volatility,10381.34,10381.34,10224.68,10242.63,-165.69,-1.59,2973494338.0,208.87,50.0,6.08,2023-05-19,6.08,208.87
20230522,H30269,中证红利低波动指数,红利低波,CSI Dividend Low Volatility Index,CSI Dividend Low Volatility,10222.74,10275.24,10162.46,10217.35,-25.29,-0.25,2649605845.0,188.94,50.0,6.08,2023-05-22,6.08,188.94
20230523,H30269,中证红利低波动指数,红利低波,CSI Dividend Low Volatility Index,CSI Dividend Low Volatility,10214.64,10239.49,10067.57,10067.57,-149.77,-1.46,3265116346.0,208.04,50.0,5.95,2023-05-23,5.95,208.04
20230524,H30269,中证红利低波动指数,红利低波,CSI Dividend Low Volatility Index,CSI Dividend Low Volatility,10043.37,10043.37,9906.29,9927.11,-140.47,-1.4,4150056302.0,259.18,50.0,5.8,2023-05-24,5.8,259.18
20230525,H30269,中证红利低波动指数,红利低波,CSI Dividend Low Volatility Index,CSI Dividend Low Volatility,9889.38,9938.06,9763.03,9867.88,-59.23,-0.6,3126218368.0,208.18,50.0,5.79,2023-05-25,5.79,208.18
20230526,H30269,中证红利低波动指数,红利低波,CSI Dividend Low Volatility Index,CSI Dividend Low Volatility,9881.27,10031.16,9827.61,10007.51,139.63,1.41,2381942659.0,163.91,50.0,5.82,2023-05-26,5.82,163.91
20230529,H30269,中证红利低波动指数,红利低波,CSI Dividend Low Volatility Index,CSI Dividend Low Volatility,10012.24,10125.45,10001.6,10061.11,53.6,0.53,3111513939.0,218.63,50.0,5.94,2023-05-29,5.94,218.63
20230530,H30269,中证红利低波动指数,红利低波,CSI Dividend Low Volatility Index,CSI Dividend Low Volatility,10029.21,10113.08,9977.56,10096.06,34.95,0.35,3017726473.0,210.98,50.0,5.91,2023-05-30,5.91,210.98
20230531,H30269,中证红利低波动指数,红利低波,CSI Dividend Low Volatility Index,CSI Dividend Low Volatility,10049.04,10099.6,9985.68,10014.99,-81.08,-0.8,2615490403.0,201.18,50.0,5.85,2023-05-31,5.85,201.18
20230601,H30269,中证红利低波动指数,红利低波,CSI Dividend Low Volatility Index,CSI Dividend Low Volatility,9994.79,10127.94,9965.13,10055.85,40.87,0.41,2987516492.0,211.47,50.0,5.87,2023-06-01,5.87,211.47
20230602,H30269,中证红利低波动指数,红利低波,CSI Dividend Low Volatility Index,CSI Dividend Low Volatility,10061.38,10105.37,10034.99,10065.41,9.56,0.09,2514469911.0,190.18,50.0,5.89,2023-06-02,5.89,190.18
20230605,H30269,中证红利低波动指数,红利低波,CSI Dividend Low Volatility Index,CSI Dividend Low Volatility,10069.45,10202.36,10061.71,10177.22,111.8,1.11,2549777671.0,171.8,50.0,5.97,2023-06-05,5.97,171.8
20230606,H30269,中证红利低波动指数,红利低波,CSI Dividend Low Volatility Index,CSI Dividend Low Volatility,10164.13,10265.01,10079.8,10104.8,-72.42,-0.71,2769859322.0,198.94,50.0,5.97,2023-06-06,5.97,198.94
20230607,H30269,中证红利低波动指数,红利低波,CSI Dividend Low Volatility Index,CSI Dividend Low Volatility,10110.45,10216.35,10110.45,10197.94,93.15,0.92,2198182055.0,156.58,50.0,6.01,2023-06-07,6.01,156.58
20230608,H30269,中证红利低波动指数,红利低波,CSI Dividend Low Volatility Index,CSI Dividend Low Volatility,10192.71,10294.99,10113.09,10273.08,75.14,0.74,3060181504.0,216.93,50.0,6.13,2023-06-08,6.13,216.93
20230609,H30269,中证红利低波动指数,红利低波,CSI Dividend Low Volatility Index,CSI Dividend Low Volatility,10276.04,10339.77,10244.35,10279.21,6.12,0.06,2724064389.0,200.37,50.0,6.12,2023-06-09,6.12,200.37
20230612,H30269,中证红利低波动指数,红利低波,CSI Dividend Low Volatility Index,CSI Dividend Low Volatility,10261.77,10270.34,10159.54,10201.99,-77.22,-0.75,3019768295.0,219.39,50.0,6.05,2023-06-12,6.05,219.39
20230613,H30269,中证红利低波动指数,红利低波,CSI Dividend Low Volatility Index,CSI Dividend Low Volatility,10196.67,10224.83,10146.05,10191.8,-10.19,-0.1,2227611403.0,163.4,50.0,6.03,2023-06-13,6.03,163.4
20230614,H30269,中证红利低波动指数,红利低波,CSI Dividend Low Volatility Index,CSI Dividend Low Volatility,10178.72,10242.82,10095.77,10105.94,-85.86,-0.84,2983128682.0,205.43,50.0,5.95,2023-06-14,5.95,205.43
20230615,H30269,中证红利低波动指数,红利低波,CSI Dividend Low Volatility Index,CSI Dividend Low Volatility,10091.32,10115.68,10032.82,10082.82,-23.12,-0.23,2313801815.0,173.46,50.0,5.96,2023-06-15,5.96,173.46
20230616,H30269,中证红利低波动指数,红利低波,CSI Dividend Low Volatility Index,CSI Dividend Low Volatility,10086.45,10120.82,10059.67,10059.87,-22.95,-0.23,2558882176.0,192.7,50.0,5.94,2023-06-16,5.94,192.7
20230619,H30269,中证红利低波动指数,红利低波,CSI Dividend Low Volatility Index,CSI Dividend Low Volatility,10053.93,10053.93,9898.92,9898.92,-160.95,-1.6,2803395222.0,195.73,50.0,5.86,2023-06-19,5.86,195.73
20230620,H30269,中证红利低波动指数,红利低波,CSI Dividend Low Volatility Index,CSI Dividend Low Volatility,9895.61,9897.18,9790.21,9795.54,-103.38,-1.04,2288637634.0,161.16,50.0,5.8,2023-06-20,5.8,161.16
20230621,H30269,中证红利低波动指数,红利低波,CSI Dividend Low Volatility Index,CSI Dividend Low Volatility,9749.72,9800.24,9678.32,9678.32,-117.21,-1.2,2522620207.0,171.37,50.0,5.81,2023-06-21,5.81,171.37
20230626,H30269,中证红利低波动指数,红利低波,CSI Dividend Low Volatility Index,CSI Dividend Low Volatility,9637.52,9637.83,9485.69,9506.51,-171.82,-1.77,2661406646.0,175.71,50.0,5.72,2023-06-26,5.72,175.71
20230627,H30269,中证红利低波动指数,红利低波,CSI Dividend Low Volatility Index,CSI Dividend Low Volatility,9524.62,9724.72,9523.24,9695.73,189.22,1.99,2459133763.0,169.05,50.0,5.82,2023-06-27,5.82,169.05
20230628,H30269,中证红利低波动指数,红利低波,CSI Dividend Low Volatility Index,CSI Dividend Low Volatility,9680.57,9721.27,9615.1,9714.63,18.9,0.19,2030971460.0,148.83,50.0,5.82,2023-06-28,5.82,148.83
20230629,H30269,中证红利低波动指数,红利低波,CSI Dividend Low Volatility Index,CSI Dividend Low Volatility,9685.77,9712.05,9637.88,9664.07,-50.57,-0.52,1909682499.0,131.26,50.0,5.78,2023-06-29,5.78,131.26
20230630,H30269,中证红利低波动指数,红利低波,CSI Dividend Low Volatility Index,CSI Dividend Low Volatility,9648.27,9721.01,9635.02,9680.02,15.96,0.16,1890648794.0,130.16,50.0,5.81,2023-06-30,5.81,130.16
20230703,H30269,中证红利低波动指数,红利低波,CSI Dividend Low Volatility Index,CSI Dividend Low Volatility,9704.11,9822.71,9698.93,9814.65,134.63,1.39,2538515927.0,177.99,50.0,5.93,2023-07-03,5.93,177.99
20230704,H30269,中证红利低波动指数,红利低波,CSI Dividend Low Volatility Index,CSI Dividend Low Volatility,9803.95,9815.59,9732.28,9762.05,-52.6,-0.53,2155788587.0,153.78,50.0,5.88,2023-07-04,5.88,153.78
20230705,H30269,中证红利低波动指数,红利低波,CSI Dividend Low Volatility Index,CSI Dividend Low Volatility,9731.59,9763.22,9700.76,9720.35,-41.7,-0.43,1584484282.0,116.74,50.0,5.85,2023-07-05,5.85,116.74
20230706,H30269,中证红利低波动指数,红利低波,CSI Dividend Low Volatility Index,CSI Dividend Low Volatility,9703.93,9758.59,9679.08,9691.26,-29.09,-0.3,1851897729.0,123.48,50.0,5.8,2023-07-06,5.8,123.48
20230707,H30269,中证红利低波动指数,红利低波,CSI Dividend Low Volatility Index,CSI Dividend Low Volatility,9670.99,9752.94,9658.9,9715.55,24.29,0.25,1600138304.0,114.43,50.0,5.81,2023-07-07,5.81,114.43
20230710,H30269,中证红利低波动指数,红利低波,CSI Dividend Low Volatility Index,CSI Dividend Low Volatility,9755.74,9771.93,9709.68,9749.63,34.08,0.35,1450362895.0,108.92,50.0,5.79,2023-07-10,5.79,108.92
20230711,H30269,中证红利低波动指数,红利低波,CSI Dividend Low Volatility Index,CSI Dividend Low Volatility,9765.27,9782.64,9710.65,9771.39,21.76,0.22,1581359329.0,115.16,50.0,5.82,2023-07-11,5.82,115.16
20230712,H30269,中证红利低波动指数,红利低波,CSI Dividend Low Volatility Index,CSI Dividend Low Volatility,9775.33,9810.99,9712.3,9718.66,-52.73,-0.54,1969663379.0,148.5,50.0,5.83,2023-07-12,5.83,148.5
20230713,H30269,中证红利低波动指数,红利低波,CSI Dividend Low Volatility Index,CSI Dividend Low Volatility,9727.43,9868.32,9727.43,9856.05,137.39,1.41,2411941656.0,168.37,50.0,5.94,2023-07-13,5.94,168.37
20230714,H30269,中证红利低波动指数,红利低波,CSI Dividend Low Volatility Index,CSI Dividend Low Volatility,9853.26,9911.09,9838.53,9867.7,11.65,0.12,2247996892.0,154.56,50.0,5.95,2023-07-14,5.95,154.56
20230717,H30269,中证红利低波动指数,红利低波,CSI Dividend Low Volatility Index,CSI Dividend Low Volatility,9775.3,9775.3,9690.42,9738.54,-129.17,-1.31,2025363434.0,134.21,50.0,5.76,2023-07-17,5.76,134.21
20230718,H30269,中证红利低波动指数,红利低波,CSI Dividend Low Volatility Index,CSI Dividend Low Volatility,9733.91,9739.57,9675.38,9704.49,-34.04,-0.35,1863138293.0,121.51,50.0,5.68,2023-07-18,5.68,121.51
20230719,H30269,中证红利低波动指数,红利低波,CSI Dividend Low Volatility Index,CSI Dividend Low Volatility,9732.82,9786.32,9722.66,9782.03,77.54,0.8,1616750710.0,117.72,50.0,5.71,2023-07-19,5.71,117.72
20230720,H30269,中证红利低波动指数,红利低波,CSI Dividend Low Volatility Index,CSI Dividend Low Volatility,9757.3,9790.14,9683.15,9693.34,-88.69,-0.91,1744025449.0,126.91,50.0,5.68,2023-07-20,5.68,126.91
20230721,H30269,中证红利低波动指数,红利低波,CSI Dividend Low Volatility Index,CSI Dividend Low Volatility,9674.23,9711.46,9641.02,9679.61,-13.72,-0.14,1530466737.0,107.74,50.0,5.67,2023-07-21,5.67,107.74
20230724,H30269,中证红利低波动指数,红利低波,CSI Dividend Low Volatility Index,CSI Dividend Low Volatility,9672.17,9726.82,9639.52,9687.46,7.85,0.08,1433884916.0,98.16,50.0,5.66,2023-07-24,5.66,98.16
20230725,H30269,中证红利低波动指数,红利低波,CSI Dividend Low Volatility Index,CSI Dividend Low Volatility,9767.2,9871.76,9767.2,9869.75,182.29,1.88,2971002832.0,216.68,50.0,5.78,2023-07-25,5.78,216.68
20230726,H30269,中证红利低波动指数,红利低波,CSI Dividend Low Volatility Index,CSI Dividend Low Volatility,9857.37,9879.12,9804.19,9843.06,-26.69,-0.27,1903459520.0,136.89,50.0,5.74,2023-07-26,5.74,136.89
20230727,H30269,中证红利低波动指数,红利低波,CSI Dividend Low Volatility Index,CSI Dividend Low Volatility,9847.71,9957.82,9839.16,9861.41,18.35,0.19,2745326227.0,181.99,50.0,5.78,2023-07-27,5.78,181.99
20230728,H30269,中证红利低波动指数,红利低波,CSI Dividend Low Volatility Index,CSI Dividend Low Volatility,9843.99,10029.67,9837.74,10016.12,154.71,1.57,3468542815.0,239.58,50.0,5.89,2023-07-28,5.89,239.58
20230731,H30269,中证红利低波动指数,红利低波,CSI Dividend Low Volatility Index,CSI Dividend Low Volatility,10035.29,10149.67,10035.29,10093.53,77.41,0.77,3658589253.0,263.51,50.0,5.89,2023-07-31,5.89,263.51
20230801,H30269,中证红利低波动指数,红利低波,CSI Dividend Low Volatility Index,CSI Dividend Low Volatility,10089.34,10150.88,10060.78,10115.48,21.94,0.22,2507604613.0,173.75,50.0,5.92,2023-08-01,5.92,173.75
20230802,H30269,中证红利低波动指数,红利低波,CSI Dividend Low Volatility Index,CSI Dividend Low Volatility,10080.81,10080.81,9950.06,9980.77,-134.71,-1.33,3422531053.0,220.38,50.0,5.75,2023-08-02,5.75,220.38
20230803,H30269,中证红利低波动指数,红利低波,CSI Dividend Low Volatility Index,CSI Dividend Low Volatility,9965.13,10018.06,9912.09,9995.13,14.36,0.14,2494906841.0,162.21,50.0,5.78,2023-08-03,5.78,162.21
20230804,H30269,中证红利低波动指数,红利低波,CSI Dividend Low Volatility Index,CSI Dividend Low Volatility,10041.73,10100.37,10009.74,10013.5,18.37,0.18,2728051048.0,184.5,50.0,5.8,2023-08-04,5.8,184.5
20230807,H30269,中证红利低波动指数,红利低波,CSI Dividend Low Volatility Index,CSI Dividend Low Volatility,9998.4,9998.4,9919.93,9949.3,-64.2,-0.64,2230281045.0,149.57,50.0,5.78,2023-08-07,5.78,149.57
20230808,H30269,中证红利低波动指数,红利低波,CSI Dividend Low Volatility Index,CSI Dividend Low Volatility,9937.71,9979.43,9909.79,9943.25,-6.05,-0.06,1744671361.0,124.7,50.0,5.77,2023-08-08,5.77,124.7
20230809,H30269,中证红利低波动指数,红利低波,CSI Dividend Low Volatility Index,CSI Dividend Low Volatility,9933.55,9933.55,9854.04,9869.21,-74.04,-0.74,1506510444.0,104.77,50.0,5.77,2023-08-09,5.77,104.77
20230810,H30269,中证红利低波动指数,红利低波,CSI Dividend Low Volatility Index,CSI Dividend Low Volatility,9867.92,9915.87,9835.78,9882.43,13.22,0.13,1554354957.0,121.87,50.0,5.79,2023-08-10,5.79,121.87
20230811,H30269,中证红利低波动指数,红利低波,CSI Dividend Low Volatility Index,CSI Dividend Low Volatility,9890.37,9898.62,9728.56,9728.56,-153.87,-1.56,2109026093.0,140.78,50.0,5.69,2023-08-11,5.69,140.78
20230814,H30269,中证红利低波动指数,红利低波,CSI Dividend Low Volatility Index,CSI Dividend Low Volatility,9664.38,9748.65,9603.76,9733.01,4.45,0.04,2079204398.0,138.38,50.0,5.66,2023-08-14,5.66,138.38
20230815,H30269,中证红利低波动指数,红利低波,CSI Dividend Low Volatility Index,CSI Dividend Low Volatility,9739.97,9800.06,9696.93,9783.73,50.72,0.52,2040966069.0,126.17,50.0,5.73,2023-08-15,5.73,126.17
20230816,H30269,中证红利低波动指数,红利低波,CSI Dividend Low Volatility Index,CSI Dividend Low Volatility,9758.08,9791.66,9696.15,9749.4,-34.33,-0.35,1653946268.0,108.53,50.0,5.7,2023-08-16,5.7,108.53
20230817,H30269,中证红利低波动指数,红利低波,CSI Dividend Low Volatility Index,CSI Dividend Low Volatility,9717.44,9749.2,9658.74,9739.64,-9.76,-0.1,1881771693.0,122.57,50.0,5.68,2023-08-17,5.68,122.57
20230818,H30269,中证红利低波动指数,红利低波,CSI Dividend Low Volatility Index,CSI Dividend Low Volatility,9726.57,9829.64,9697.98,9698.11,-41.52,-0.43,2054655061.0,133.12,50.0,5.68,2023-08-18,5.68,133.12
20230821,H30269,中证红利低波动指数,红利低波,CSI Dividend Low Volatility Index,CSI Dividend Low Volatility,9703.71,9760.71,9636.35,9636.35,-61.76,-0.64,2031821747.0,135.12,50.0,5.61,2023-08-21,5.61,135.12
20230822,H30269,中证红利低波动指数,红利低波,CSI Dividend Low Volatility Index,CSI Dividend Low Volatility,9661.56,9774.76,9638.36,9759.42,123.07,1.28,2247869022.0,154.11,50.0,5.7,2023-08-22,5.7,154.11
20230823,H30269,中证红利低波动指数,红利低波,CSI Dividend Low Volatility Index,CSI Dividend Low Volatility,9756.45,9848.38,9741.13,9748.03,-11.4,-0.12,2052242750.0,142.58,50.0,5.71,2023-08-23,5.71,142.58
20230824,H30269,中证红利低波动指数,红利低波,CSI Dividend Low Volatility Index,CSI Dividend Low Volatility,9765.11,9801.84,9690.9,9692.53,-55.5,-0.57,2256456769.0,147.29,50.0,5.66,2023-08-24,5.66,147.29
20230825,H30269,中证红利低波动指数,红利低波,CSI Dividend Low Volatility Index,CSI Dividend Low Volatility,9680.43,9771.51,9656.35,9694.42,1.89,0.02,2124681243.0,136.1,50.0,5.69,2023-08-25,5.69,136.1
20230828,H30269,中证红利低波动指数,红利低波,CSI Dividend Low Volatility Index,CSI Dividend Low Volatility,10117.72,10119.72,9803.0,9825.16,130.74,1.35,3943580172.0,277.8,50.0,5.78,2023-08-28,5.78,277.8
20230829,H30269,中证红利低波动指数,红利低波,CSI Dividend Low Volatility Index,CSI Dividend Low Volatility,9815.95,9852.49,9753.24,9816.18,-8.98,-0.09,3158360180.0,211.18,50.0,5.71,2023-08-29,5.71,211.18
20230830,H30269,中证红利低波动指数,红利低波,CSI Dividend Low Volatility Index,CSI Dividend Low Volatility,9815.56,9832.29,9715.18,9734.73,-81.45,-0.83,2471656241.0,171.5,50.0,5.68,2023-08-30,5.68,171.5
20230831,H30269,中证红利低波动指数,红利低波,CSI Dividend Low Volatility Index,CSI Dividend Low Volatility,9735.39,9773.17,9648.65,9663.59,-71.14,-0.73,2375709594.0,169.63,50.0,5.67,2023-08-31,5.67,169.63
20230901,H30269,中证红利低波动指数,红利低波,CSI Dividend Low Volatility Index,CSI Dividend Low Volatility,9672.93,9759.08,9672.93,9735.9,72.32,0.75,2519756379.0,185.44,50.0,5.68,2023-09-01,5.68,185.44
20230904,H30269,中证红利低波动指数,红利低波,CSI Dividend Low Volatility Index,CSI Dividend Low Volatility,9786.61,9938.92,9786.61,9928.32,192.42,1.98,3375277859.0,252.32,50.0,5.78,2023-09-04,5.78,252.32
20230905,H30269,中证红利低波动指数,红利低波,CSI Dividend Low Volatility Index,CSI Dividend Low Volatility,9921.18,9921.18,9808.11,9820.69,-107.64,-1.08,2216329685.0,167.68,50.0,5.75,2023-09-05,5.75,167.68
20230906,H30269,中证红利低波动指数,红利低波,CSI Dividend Low Volatility Index,CSI Dividend Low Volatility,9811.86,9820.36,9757.33,9801.23,-19.46,-0.2,1885423769.0,141.3,50.0,5.77,2023-09-06,5.77,141.3
20230907,H30269,中证红利低波动指数,红利低波,CSI Dividend Low Volatility Index,CSI Dividend Low Volatility,9791.13,9846.08,9761.33,9769.43,-31.8,-0.32,2148599196.0,153.07,50.0,5.78,2023-09-07,5.78,153.07
20230908,H30269,中证红利低波动指数,红利低波,CSI Dividend Low Volatility Index,CSI Dividend Low Volatility,9749.95,9754.23,9674.34,9707.14,-62.29,-0.64,1483433827.0,104.23,50.0,5.73,2023-09-08,5.73,104.23
20230911,H30269,中证红利低波动指数,红利低波,CSI Dividend Low Volatility Index,CSI Dividend Low Volatility,9728.01,9811.39,9723.18,9789.87,82.73,0.85,2180462973.0,152.63,50.0,5.75,2023-09-11,5.75,152.63
20230912,H30269,中证红利低波动指数,红利低波,CSI Dividend Low Volatility Index,CSI Dividend Low Volatility,9780.94,9805.53,9756.71,9771.66,-18.2,-0.19,1527129333.0,109.19,50.0,5.74,2023-09-12,5.74,109.19
20230913,H30269,中证红利低波动指数,红利低波,CSI Dividend Low Volatility Index,CSI Dividend Low Volatility,9788.04,9849.29,9761.13,9798.49,26.82,0.27,2011306706.0,137.86,50.0,5.78,2023-09-13,5.78,137.86
20230914,H30269,中证红利低波动指数,红利低波,CSI Dividend Low Volatility Index,CSI Dividend Low Volatility,9797.0,9877.97,9784.27,9875.92,77.43,0.79,2927407402.0,198.31,50.0,5.85,2023-09-14,5.85,198.31
20230915,H30269,中证红利低波动指数,红利低波,CSI Dividend Low Volatility Index,CSI Dividend Low Volatility,9889.52,9963.99,9839.3,9863.61,-12.31,-0.12,2989174750.0,207.97,50.0,5.8,2023-09-15,5.8,207.97
20230918,H30269,中证红利低波动指数,红利低波,CSI Dividend Low Volatility Index,CSI Dividend Low Volatility,9858.77,9867.65,9767.51,9853.4,-10.21,-0.1,2119121289.0,147.71,50.0,5.8,2023-09-18,5.8,147.71
20230919,H30269,中证红利低波动指数,红利低波,CSI Dividend Low Volatility Index,CSI Dividend Low Volatility,9847.08,9926.87,9838.49,9918.61,65.21,0.66,2548918726.0,177.38,50.0,5.86,2023-09-19,5.86,177.38
20230920,H30269,中证红利低波动指数,红利低波,CSI Dividend Low Volatility Index,CSI Dividend Low Volatility,9903.08,9960.11,9865.35,9939.16,20.55,0.21,2477026436.0,166.53,50.0,5.87,2023-09-20,5.87,166.53
20230921,H30269,中证红利低波动指数,红利低波,CSI Dividend Low Volatility Index,CSI Dividend Low Volatility,9932.93,9953.78,9860.32,9860.32,-78.84,-0.79,2203189762.0,145.9,50.0,5.82,2023-09-21,5.82,145.9
20230922,H30269,中证红利低波动指数,红利低波,CSI Dividend Low Volatility Index,CSI Dividend Low Volatility,9867.82,9940.59,9833.83,9935.76,75.44,0.76,2614137259.0,179.09,50.0,5.88,2023-09-22,5.88,179.09
20230925,H30269,中证红利低波动指数,红利低波,CSI Dividend Low Volatility Index,CSI Dividend Low Volatility,9942.21,9971.86,9903.12,9914.34,-21.42,-0.22,2370360060.0,156.31,50.0,5.87,2023-09-25,5.87,156.31
20230926,H30269,中证红利低波动指数,红利低波,CSI Dividend Low Volatility Index,CSI Dividend Low Volatility,9913.23,9935.11,9887.13,9892.51,-21.83,-0.22,1913532372.0,124.1,50.0,5.84,2023-09-26,5.84,124.1
20230927,H30269,中证红利低波动指数,红利低波,CSI Dividend Low Volatility Index,CSI Dividend Low Volatility,9899.31,9930.56,9865.85,9865.85,-26.66,-0.27,2142402466.0,140.06,50.0,5.81,2023-09-27,5.81,140.06
20230928,H30269,中证红利低波动指数,红利低波,CSI Dividend Low Volatility Index,CSI Dividend Low Volatility,9889.42,9905.31,9843.23,9853.04,-12.81,-0.13,1890397690.0,127.96,50.0,5.82,2023-09-28,5.82,127.96
20231009,H30269,中证红利低波动指数,红利低波,CSI Dividend Low Volatility Index,CSI Dividend Low Volatility,9807.85,9834.91,9710.37,9817.41,-35.64,-0.36,2367258879.0,161.06,50.0,5.81,2023-10-09,5.81,161.06
20231010,H30269,中证红利低波动指数,红利低波,CSI Dividend Low Volatility Index,CSI Dividend Low Volatility,9828.77,9851.28,9707.56,9715.7,-101.7,-1.03,2280391651.0,152.92,50.0,5.76,2023-10-10,5.76,152.92
20231011,H30269,中证红利低波动指数,红利低波,CSI Dividend Low Volatility Index,CSI Dividend Low Volatility,9736.75,9753.4,9679.54,9692.4,-23.31,-0.24,2427923184.0,156.73,50.0,5.75,2023-10-11,5.75,156.73
20231012,H30269,中证红利低波动指数,红利低波,CSI Dividend Low Volatility Index,CSI Dividend Low Volatility,9756.11,9822.64,9746.88,9815.07,122.67,1.26,3568451715.0,206.48,50.0,5.82,2023-10-12,5.82,206.48
20231013,H30269,中证红利低波动指数,红利低波,CSI Dividend Low Volatility Index,CSI Dividend Low Volatility,9774.24,9823.75,9749.78,9797.91,-17.16,-0.17,3003100158.0,175.28,50.0,5.85,2023-10-13,5.85,175.28
20231016,H30269,中证红利低波动指数,红利低波,CSI Dividend Low Volatility Index,CSI Dividend Low Volatility,9807.26,9851.88,9754.89,9843.46,45.54,0.46,2304165464.0,150.35,50.0,5.88,2023-10-16,5.88,150.35
20231017,H30269,中证红利低波动指数,红利低波,CSI Dividend Low Volatility Index,CSI Dividend Low Volatility,9868.01,9897.93,9836.82,9892.17,48.72,0.49,1952199445.0,137.35,50.0,5.92,2023-10-17,5.92,137.35
20231018,H30269,中证红利低波动指数,红利低波,CSI Dividend Low Volatility Index,CSI Dividend Low Volatility,9898.46,9899.19,9834.71,9841.14,-51.03,-0.52,2481474623.0,168.37,50.0,5.92,2023-10-18,5.92,168.37
20231019,H30269,中证红利低波动指数,红利低波,CSI Dividend Low Volatility Index,CSI Dividend Low Volatility,9810.5,9810.57,9654.91,9654.91,-186.23,-1.89,3060598219.0,202.93,50.0,5.79,2023-10-19,5.79,202.93
20231020,H30269,中证红利低波动指数,红利低波,CSI Dividend Low Volatility Index,CSI Dividend Low Volatility,9624.63,9665.12,9578.16,9592.96,-61.95,-0.64,2294642589.0,147.14,50.0,5.75,2023-10-20,5.75,147.14
20231023,H30269,中证红利低波动指数,红利低波,CSI Dividend Low Volatility Index,CSI Dividend Low Volatility,9565.87,9585.59,9411.18,9453.14,-139.82,-1.46,2200946136.0,140.14,50.0,5.71,2023-10-23,5.71,140.14
20231024,H30269,中证红利低波动指数,红利低波,CSI Dividend Low Volatility Index,CSI Dividend Low Volatility,9485.85,9544.6,9457.32,9528.32,75.18,0.8,2672088941.0,170.71,50.0,5.69,2023-10-24,5.69,170.71
20231025,H30269,中证红利低波动指数,红利低波,CSI Dividend Low Volatility Index,CSI Dividend Low Volatility,9650.35,9664.87,9608.58,9627.66,99.34,1.04,3290827506.0,215.26,50.0,5.64,2023-10-25,5.64,215.26
20231026,H30269,中证红利低波动指数,红利低波,CSI Dividend Low Volatility Index,CSI Dividend Low Volatility,9592.11,9685.67,9577.41,9672.92,45.26,0.47,2529086104.0,162.08,50.0,5.7,2023-10-26,5.7,162.08
20231027,H30269,中证红利低波动指数,红利低波,CSI Dividend Low Volatility Index,CSI Dividend Low Volatility,9673.01,9741.2,9659.98,9700.25,27.33,0.28,2889623149.0,192.23,50.0,5.7,2023-10-27,5.7,192.23
20231030,H30269,中证红利低波动指数,红利低波,CSI Dividend Low Volatility Index,CSI Dividend Low Volatility,9672.02,9685.26,9518.88,9533.76,-166.49,-1.72,3962491786.0,242.72,50.0,5.57,2023-10-30,5.57,242.72
20231031,H30269,中证红利低波动指数,红利低波,CSI Dividend Low Volatility Index,CSI Dividend Low Volatility,9522.79,9561.72,9495.74,9548.63,14.87,0.16,2705245071.0,182.88,50.0,5.6,2023-10-31,5.6,182.88
20231101,H30269,中证红利低波动指数,红利低波,CSI Dividend Low Volatility Index,CSI Dividend Low Volatility,9545.99,9564.29,9506.22,9550.38,1.75,0.02,2264734175.0,145.64,50.0,5.62,2023-11-01,5.62,145.64
20231102,H30269,中证红利低波动指数,红利低波,CSI Dividend Low Volatility Index,CSI Dividend Low Volatility,9551.01,9631.99,9548.7,9578.13,27.75,0.29,2230747571.0,148.07,50.0,5.66,2023-11-02,5.66,148.07
20231103,H30269,中证红利低波动指数,红利低波,CSI Dividend Low Volatility Index,CSI Dividend Low Volatility,9584.02,9603.59,9525.31,9528.66,-49.47,-0.52,2125257301.0,135.09,50.0,5.63,2023-11-03,5.63,135.09
20231106,H30269,中证红利低波动指数,红利低波,CSI Dividend Low Volatility Index,CSI Dividend Low Volatility,9545.8,9565.57,9475.75,9514.74,-13.92,-0.15,3341208722.0,217.92,50.0,5.57,2023-11-06,5.57,217.92
20231107,H30269,中证红利低波动指数,红利低波,CSI Dividend Low Volatility Index,CSI Dividend Low Volatility,9502.46,9540.98,9455.05,9519.92,5.18,0.05,2262432538.0,150.3,50.0,5.58,2023-11-07,5.58,150.3
20231108,H30269,中证红利低波动指数,红利低波,CSI Dividend Low Volatility Index,CSI Dividend Low Volatility,9501.83,9555.0,9492.98,9524.83,4.91,0.05,2137749657.0,152.49,50.0,5.56,2023-11-08,5.56,152.49
20231109,H30269,中证红利低波动指数,红利低波,CSI Dividend Low Volatility Index,CSI Dividend Low Volatility,9515.84,9575.87,9512.88,9551.31,26.48,0.28,2463187643.0,170.89,50.0,5.62,2023-11-09,5.62,170.89
20231110,H30269,中证红利低波动指数,红利低波,CSI Dividend Low Volatility Index,CSI Dividend Low Volatility,9530.99,9538.98,9451.61,9484.58,-66.73,-0.7,2236846489.0,149.09,50.0,5.61,2023-11-10,5.61,149.09
20231113,H30269,中证红利低波动指数,红利低波,CSI Dividend Low Volatility Index,CSI Dividend Low Volatility,9501.82,9530.96,9449.22,9529.41,44.83,0.47,2062231946.0,146.58,50.0,5.61,2023-11-13,5.61,146.58
20231114,H30269,中证红利低波动指数,红利低波,CSI Dividend Low Volatility Index,CSI Dividend Low Volatility,9523.46,9540.7,9495.13,9529.6,0.18,0.0,1986412632.0,137.21,50.0,5.6,2023-11-14,5.6,137.21
20231115,H30269,中证红利低波动指数,红利低波,CSI Dividend Low Volatility Index,CSI Dividend Low Volatility,9579.61,9612.18,9571.17,9600.61,71.01,0.75,1956306464.0,137.58,50.0,5.63,2023-11-15,5.63,137.58
20231116,H30269,中证红利低波动指数,红利低波,CSI Dividend Low Volatility Index,CSI Dividend Low Volatility,9585.92,9628.72,9567.78,9601.51,0.9,0.01,1816751975.0,122.68,50.0,5.63,2023-11-16,5.63,122.68
20231117,H30269,中证红利低波动指数,红利低波,CSI Dividend Low Volatility Index,CSI Dividend Low Volatility,9579.42,9598.16,9536.58,9578.62,-22.89,-0.24,1726549456.0,120.97,50.0,5.6,2023-11-17,5.6,120.97
20231120,H30269,中证红利低波动指数,红利低波,CSI Dividend Low Volatility Index,CSI Dividend Low Volatility,9584.87,9612.2,9541.6,9596.85,18.23,0.19,1727395923.0,120.08,50.0,5.63,2023-11-20,5.63,120.08
20231121,H30269,中证红利低波动指数,红利低波,CSI Dividend Low Volatility Index,CSI Dividend Low Volatility,9617.82,9697.14,9615.62,9636.1,39.25,0.41,2111029323.0,142.12,50.0,5.64,2023-11-21,5.64,142.12
20231122,H30269,中证红利低波动指数,红利低波,CSI Dividend Low Volatility Index,CSI Dividend Low Volatility,9620.18,9683.21,9617.59,9620.97,-15.13,-0.16,1553012472.0,106.54,50.0,5.63,2023-11-22,5.63,106.54
20231123,H30269,中证红利低波动指数,红利低波,CSI Dividend Low Volatility Index,CSI Dividend Low Volatility,9607.11,9666.53,9580.36,9657.73,36.76,0.38,1543889922.0,106.09,50.0,5.64,2023-11-23,5.64,106.09
20231124,H30269,中证红利低波动指数,红利低波,CSI Dividend Low Volatility Index,CSI Dividend Low Volatility,9654.37,9692.64,9636.41,9655.07,-2.65,-0.03,1730490576.0,119.23,50.0,5.64,2023-11-24,5.64,119.23
20231127,H30269,中证红利低波动指数,红利低波,CSI Dividend Low Volatility Index,CSI Dividend Low Volatility,9651.08,9653.62,9555.96,9609.33,-45.74,-0.47,2343397491.0,150.77,50.0,5.62,2023-11-27,5.62,150.77
20231128,H30269,中证红利低波动指数,红利低波,CSI Dividend Low Volatility Index,CSI Dividend Low Volatility,9602.23,9606.08,9539.89,9602.04,-7.29,-0.08,1799601399.0,119.52,50.0,5.61,2023-11-28,5.61,119.52
20231129,H30269,中证红利低波动指数,红利低波,CSI Dividend Low Volatility Index,CSI Dividend Low Volatility,9598.36,9598.36,9505.92,9513.56,-88.48,-0.92,2232447378.0,145.39,50.0,5.58,2023-11-29,5.58,145.39
20231130,H30269,中证红利低波动指数,红利低波,CSI Dividend Low Volatility Index,CSI Dividend Low Volatility,9509.8,9553.45,9505.82,9550.56,37.0,0.39,2191983498.0,141.52,50.0,5.63,2023-11-30,5.63,141.52
20231201,H30269,中证红利低波动指数,红利低波,CSI Dividend Low Volatility Index,CSI Dividend Low Volatility,9550.43,9606.04,9542.89,9597.39,46.83,0.49,2318097047.0,153.3,50.0,5.64,2023-12-01,5.64,153.3
20231204,H30269,中证红利低波动指数,红利低波,CSI Dividend Low Volatility Index,CSI Dividend Low Volatility,9603.8,9645.14,9597.13,9616.36,18.98,0.2,1840769633.0,127.01,50.0,5.63,2023-12-04,5.63,127.01
20231205,H30269,中证红利低波动指数,红利低波,CSI Dividend Low Volatility Index,CSI Dividend Low Volatility,9612.95,9612.95,9460.35,9462.05,-154.32,-1.6,2025543819.0,135.4,50.0,5.56,2023-12-05,5.56,135.4
20231206,H30269,中证红利低波动指数,红利低波,CSI Dividend Low Volatility Index,CSI Dividend Low Volatility,9455.22,9487.45,9371.61,9449.18,-12.87,-0.14,2683627197.0,162.96,50.0,5.49,2023-12-06,5.49,162.96
20231207,H30269,中证红利低波动指数,红利低波,CSI Dividend Low Volatility Index,CSI Dividend Low Volatility,9441.17,9493.49,9397.71,9466.39,17.21,0.18,2461622075.0,157.34,50.0,5.5,2023-12-07,5.5,157.34
20231208,H30269,中证红利低波动指数,红利低波,CSI Dividend Low Volatility Index,CSI Dividend Low Volatility,9464.05,9501.95,9429.02,9434.41,-31.97,-0.34,3245857024.0,200.59,50.0,5.51,2023-12-08,5.51,200.59
20231211,H30269,中证红利低波动指数,红利低波,CSI Dividend Low Volatility Index,CSI Dividend Low Volatility,9416.13,9571.12,9290.28,9560.73,126.31,1.34,3436724541.0,205.29,50.0,5.29,2023-12-11,5.29,205.29
20231212,H30269,中证红利低波动指数,红利低波,CSI Dividend Low Volatility Index,CSI Dividend Low Volatility,9536.85,9619.44,9498.52,9618.38,57.65,0.6,2605069047.0,154.14,50.0,5.35,2023-12-12,5.35,154.14
20231213,H30269,中证红利低波动指数,红利低波,CSI Dividend Low Volatility Index,CSI Dividend Low Volatility,9599.9,9614.47,9537.48,9540.93,-77.44,-0.8,2018832406.0,121.23,50.0,5.31,2023-12-13,5.31,121.23
20231214,H30269,中证红利低波动指数,红利低波,CSI Dividend Low Volatility Index,CSI Dividend Low Volatility,9561.53,9574.15,9512.1,9527.87,-13.06,-0.14,1697057228.0,106.42,50.0,5.3,2023-12-14,5.3,106.42
20231215,H30269,中证红利低波动指数,红利低波,CSI Dividend Low Volatility Index,CSI Dividend Low Volatility,9540.96,9562.45,9457.87,9467.9,-59.97,-0.63,2099206089.0,126.12,50.0,5.26,2023-12-15,5.26,126.12
20231218,H30269,中证红利低波动指数,红利低波,CSI Dividend Low Volatility Index,CSI Dividend Low Volatility,9454.84,9523.04,9429.66,9460.72,-7.18,-0.08,2207503076.0,124.76,50.0,5.29,2023-12-18,5.29,124.76
20231219,H30269,中证红利低波动指数,红利低波,CSI Dividend Low Volatility Index,CSI Dividend Low Volatility,9466.68,9471.52,9409.24,9455.24,-5.48,-0.06,1793964969.0,102.03,50.0,5.3,2023-12-19,5.3,102.03
20231220,H30269,中证红利低波动指数,红利低波,CSI Dividend Low Volatility Index,CSI Dividend Low Volatility,9463.88,9539.02,9437.41,9437.41,-17.83,-0.19,2042121667.0,120.29,50.0,5.29,2023-12-20,5.29,120.29
20231221,H30269,中证红利低波动指数,红利低波,CSI Dividend Low Volatility Index,CSI Dividend Low Volatility,9410.13,9419.8,9328.84,9412.84,-24.57,-0.26,2311598618.0,136.25,50.0,5.29,2023-12-21,5.29,136.25
20231222,H30269,中证红利低波动指数,红利低波,CSI Dividend Low Volatility Index,CSI Dividend Low Volatility,9416.73,9478.94,9393.38,9416.01,3.17,0.03,2385803195.0,150.19,50.0,5.31,2023-12-22,5.31,150.19
20231225,H30269,中证红利低波动指数,红利低波,CSI Dividend Low Volatility Index,CSI Dividend Low Volatility,9400.03,9427.98,9336.42,9419.94,3.93,0.04,1666086165.0,105.36,50.0,5.34,2023-12-25,5.34,105.36
20231226,H30269,中证红利低波动指数,红利低波,CSI Dividend Low Volatility Index,CSI Dividend Low Volatility,9435.12,9497.21,9400.69,9410.36,-9.58,-0.1,1852954132.0,125.73,50.0,5.35,2023-12-26,5.35,125.73
20231227,H30269,中证红利低波动指数,红利低波,CSI Dividend Low Volatility Index,CSI Dividend Low Volatility,9409.69,9482.52,9371.9,9477.2,66.84,0.71,2179296148.0,134.11,50.0,5.39,2023-12-27,5.39,134.11
20231228,H30269,中证红利低波动指数,红利低波,CSI Dividend Low Volatility Index,CSI Dividend Low Volatility,9472.74,9498.8,9408.8,9440.79,-36.41,-0.38,3388593431.0,201.86,50.0,5.35,2023-12-28,5.35,201.86
20231229,H30269,中证红利低波动指数,红利低波,CSI Dividend Low Volatility Index,CSI Dividend Low Volatility,9429.41,9500.59,9419.28,9496.48,55.69,0.59,2313974942.0,144.25,50.0,5.38,2023-12-29,5.38,144.25
20240102,H30269,中证红利低波动指数,红利低波,CSI Dividend Low Volatility Index,CSI Dividend Low Volatility,9481.42,9643.56,9481.18,9597.92,101.44,1.07,2806142960.0,184.86,50.0,5.41,2024-01-02,5.41,184.86
20240103,H30269,中证红利低波动指数,红利低波,CSI Dividend Low Volatility Index,CSI Dividend Low Volatility,9583.96,9722.44,9583.42,9718.84,120.92,1.26,2824604907.0,178.91,50.0,5.47,2024-01-03,5.47,178.91
20240104,H30269,中证红利低波动指数,红利低波,CSI Dividend Low Volatility Index,CSI Dividend Low Volatility,9720.41,9803.36,9702.97,9797.79,78.95,0.81,2883549934.0,187.27,50.0,5.54,2024-01-04,5.54,187.27
20240105,H30269,中证红利低波动指数,红利低波,CSI Dividend Low Volatility Index,CSI Dividend Low Volatility,9791.16,9966.35,9763.19,9831.13,33.34,0.34,3837493460.0,239.67,50.0,5.54,2024-01-05,5.54,239.67
20240108,H30269,中证红利低波动指数,红利低波,CSI Dividend Low Volatility Index,CSI Dividend Low Volatility,9805.29,9822.38,9731.92,9740.64,-90.5,-0.92,2941859252.0,187.7,50.0,5.52,2024-01-08,5.52,187.7
20240109,H30269,中证红利低波动指数,红利低波,CSI Dividend Low Volatility Index,CSI Dividend Low Volatility,9730.8,9815.32,9677.32,9799.66,59.03,0.61,2590305162.0,161.68,50.0,5.53,2024-01-09,5.53,161.68
20240110,H30269,中证红利低波动指数,红利低波,CSI Dividend Low Volatility Index,CSI Dividend Low Volatility,9780.14,9810.37,9730.05,9730.29,-69.37,-0.71,2083130133.0,131.47,50.0,5.49,2024-01-10,5.49,131.47
20240111,H30269,中证红利低波动指数,红利低波,CSI Dividend Low Volatility Index,CSI Dividend Low Volatility,9719.72,9749.08,9663.22,9668.83,-61.46,-0.63,2749910171.0,167.68,50.0,5.42,2024-01-11,5.42,167.68
20240112,H30269,中证红利低波动指数,红利低波,CSI Dividend Low Volatility Index,CSI Dividend Low Volatility,9657.64,9759.15,9656.67,9707.01,38.18,0.39,2162454195.0,130.0,50.0,5.45,2024-01-12,5.45,130.0
20240115,H30269,中证红利低波动指数,红利低波,CSI Dividend Low Volatility Index,CSI Dividend Low Volatility,9699.34,9793.53,9691.48,9777.74,70.73,0.73,2026776773.0,128.97,50.0,5.5,2024-01-15,5.5,128.97
20240116,H30269,中证红利低波动指数,红利低波,CSI Dividend Low Volatility Index,CSI Dividend Low Volatility,9757.12,9837.46,9738.0,9829.15,51.41,0.53,2746326233.0,167.29,50.0,5.53,2024-01-16,5.53,167.29
20240117,H30269,中证红利低波动指数,红利低波,CSI Dividend Low Volatility Index,CSI Dividend Low Volatility,9812.25,9859.75,9701.19,9701.19,-127.96,-1.3,2902907547.0,180.72,50.0,5.47,2024-01-17,5.47,180.72
20240118,H30269,中证红利低波动指数,红利低波,CSI Dividend Low Volatility Index,CSI Dividend Low Volatility,9670.43,9670.43,9374.27,9631.59,-69.6,-0.72,4871795806.0,280.86,50.0,5.46,2024-01-18,5.46,280.86
20240119,H30269,中证红利低波动指数,红利低波,CSI Dividend Low Volatility Index,CSI Dividend Low Volatility,9603.67,9632.08,9539.18,9573.97,-57.63,-0.6,2942143085.0,184.3,50.0,5.44,2024-01-19,5.44,184.3
20240122,H30269,中证红利低波动指数,红利低波,CSI Dividend Low Volatility Index,CSI Dividend Low Volatility,9564.86,9572.15,9240.36,9301.46,-272.51,-2.85,3992144006.0,238.31,50.0,5.41,2024-01-22,5.41,238.31
20240123,H30269,中证红利低波动指数,红利低波,CSI Dividend Low Volatility Index,CSI Dividend Low Volatility,9282.89,9430.24,9209.6,9390.53,89.07,0.96,2960890480.0,175.82,50.0,5.41,2024-01-23,5.41,175.82
20240124,H30269,中证红利低波动指数,红利低波,CSI Dividend Low Volatility Index,CSI Dividend Low Volatility,9415.72,9617.64,9387.93,9614.97,224.44,2.39,3560065587.0,208.79,50.0,5.55,2024-01-24,5.55,208.79
20240125,H30269,中证红利低波动指数,红利低波,CSI Dividend Low Volatility Index,CSI Dividend Low Volatility,9639.71,9904.96,9629.5,9904.65,289.68,3.01,4310686926.0,267.16,50.0,5.73,2024-01-25,5.73,267.16
20240126,H30269,中证红利低波动指数,红利低波,CSI Dividend Low Volatility Index,CSI Dividend Low Volatility,9897.7,10062.82,9886.55,10044.07,139.42,1.41,4634657133.0,295.45,50.0,5.85,2024-01-26,5.85,295.45
20240129,H30269,中证红利低波动指数,红利低波,CSI Dividend Low Volatility Index,CSI Dividend Low Volatility,10060.35,10165.89,10031.64,10068.14,24.06,0.24,4789743040.0,311.38,50.0,5.89,2024-01-29,5.89,311.38
20240130,H30269,中证红利低波动指数,红利低波,CSI Dividend Low Volatility Index,CSI Dividend Low Volatility,10014.36,10108.83,9937.7,9942.79,-125.35,-1.24,3524206212.0,227.26,50.0,5.86,2024-01-30,5.86,227.26
20240131,H30269,中证红利低波动指数,红利低波,CSI Dividend Low Volatility Index,CSI Dividend Low Volatility,9903.64,10044.41,9875.03,9934.89,-7.9,-0.08,3590408808.0,239.79,50.0,5.89,2024-01-31,5.89,239.79
20240201,H30269,中证红利低波动指数,红利低波,CSI Dividend Low Volatility Index,CSI Dividend Low Volatility,9880.0,9917.15,9781.38,9817.5,-117.39,-1.18,3417965547.0,223.08,50.0,5.83,2024-02-01,5.83,223.08
20240202,H30269,中证红利低波动指数,红利低波,CSI Dividend Low Volatility Index,CSI Dividend Low Volatility,9813.8,10006.22,9639.42,9823.68,6.17,0.06,4465033715.0,285.06,50.0,5.86,2024-02-02,5.86,285.06
20240205,H30269,中证红利低波动指数,红利低波,CSI Dividend Low Volatility Index,CSI Dividend Low Volatility,9787.4,9920.76,9625.9,9813.0,-10.68,-0.11,5676101963.0,359.26,50.0,5.97,2024-02-05,5.97,359.26
20240206,H30269,中证红利低波动指数,红利低波,CSI Dividend Low Volatility Index,CSI Dividend Low Volatility,9735.02,10034.43,9713.0,9977.46,164.46,1.68,5274290597.0,335.35,50.0,5.99,2024-02-06,5.99,335.35
20240207,H30269,中证红利低波动指数,红利低波,CSI Dividend Low Volatility Index,CSI Dividend Low Volatility,9975.31,10116.72,9880.95,10116.72,139.26,1.4,6371900665.0,402.27,50.0,5.97,2024-02-07,5.97,402.27
20240208,H30269,中证红利低波动指数,红利低波,CSI Dividend Low Volatility Index,CSI Dividend Low Volatility,10080.77,10136.18,10010.88,10078.66,-38.06,-0.38,5095279705.0,322.73,50.0,5.91,2024-02-08,5.91,322.73
20240219,H30269,中证红利低波动指数,红利低波,CSI Dividend Low Volatility Index,CSI Dividend Low Volatility,10111.72,10330.49,10019.27,10327.2,248.54,2.46,5018671207.0,331.9,50.0,6.11,2024-02-19,6.11,331.9
20240220,H30269,中证红利低波动指数,红利低波,CSI Dividend Low Volatility Index,CSI Dividend Low Volatility,10297.01,10427.84,10249.83,10421.41,94.21,0.91,3377207013.0,231.27,50.0,6.16,2024-02-20,6.16,231.27
20240221,H30269,中证红利低波动指数,红利低波,CSI Dividend Low Volatility Index,CSI Dividend Low Volatility,10379.85,10601.33,10356.87,10467.65,46.24,0.44,4310797884.0,304.71,50.0,6.21,2024-02-21,6.21,304.71
20240222,H30269,中证红利低波动指数,红利低波,CSI Dividend Low Volatility Index,CSI Dividend Low Volatility,10437.46,10621.8,10437.14,10621.8,154.16,1.47,3080709079.0,234.09,50.0,6.31,2024-02-22,6.31,234.09
20240223,H30269,中证红利低波动指数,红利低波,CSI Dividend Low Volatility Index,CSI Dividend Low Volatility,10629.34,10727.03,10579.74,10618.29,-3.51,-0.03,3656306559.0,260.28,50.0,6.32,2024-02-23,6.32,260.28
20240226,H30269,中证红利低波动指数,红利低波,CSI Dividend Low Volatility Index,CSI Dividend Low Volatility,10584.66,10595.36,10334.49,10366.39,-251.9,-2.37,3797602987.0,270.16,50.0,6.15,2024-02-26,6.15,270.16
20240227,H30269,中证红利低波动指数,红利低波,CSI Dividend Low Volatility Index,CSI Dividend Low Volatility,10338.73,10448.81,10312.64,10425.79,59.4,0.57,2800223735.0,196.36,50.0,6.16,2024-02-27,6.16,196.36
20240228,H30269,中证红利低波动指数,红利低波,CSI Dividend Low Volatility Index,CSI Dividend Low Volatility,10407.82,10472.51,10331.06,10333.97,-91.82,-0.88,3616314478.0,254.68,50.0,6.16,2024-02-28,6.16,254.68
20240229,H30269,中证红利低波动指数,红利低波,CSI Dividend Low Volatility Index,CSI Dividend Low Volatility,10298.19,10434.74,10294.87,10434.74,100.77,0.97,2858862019.0,202.06,50.0,6.18,2024-02-29,6.18,202.06
20240301,H30269,中证红利低波动指数,红利低波,CSI Dividend Low Volatility Index,CSI Dividend Low Volatility,10413.96,10465.54,10382.63,10435.16,0.42,0.0,2763108056.0,191.98,50.0,6.18,2024-03-01,6.18,191.98
20240304,H30269,中证红利低波动指数,红利低波,CSI Dividend Low Volatility Index,CSI Dividend Low Volatility,10417.79,10494.02,10370.68,10491.73,56.57,0.54,3208014325.0,231.66,50.0,6.22,2024-03-04,6.22,231.66
20240305,H30269,中证红利低波动指数,红利低波,CSI Dividend Low Volatility Index,CSI Dividend Low Volatility,10466.77,10588.03,10452.82,10567.44,75.71,0.72,3542930901.0,247.59,50.0,6.31,2024-03-05,6.31,247.59
20240306,H30269,中证红利低波动指数,红利低波,CSI Dividend Low Volatility Index,CSI Dividend Low Volatility,10556.91,10660.6,10553.4,10565.15,-2.29,-0.02,2980272002.0,211.28,50.0,6.24,2024-03-06,6.24,211.28
20240307,H30269,中证红利低波动指数,红利低波,CSI Dividend Low Volatility Index,CSI Dividend Low Volatility,10563.19,10705.53,10563.19,10607.42,42.28,0.4,2725487305.0,197.19,50.0,6.28,2024-03-07,6.28,197.19
20240308,H30269,中证红利低波动指数,红利低波,CSI Dividend Low Volatility Index,CSI Dividend Low Volatility,10595.76,10681.1,10556.97,10674.12,66.7,0.63,2537901838.0,184.46,50.0,6.3,2024-03-08,6.3,184.46
20240311,H30269,中证红利低波动指数,红利低波,CSI Dividend Low Volatility Index,CSI Dividend Low Volatility,10667.69,10693.66,10517.5,10601.67,-72.45,-0.68,2982180054.0,217.65,50.0,6.24,2024-03-11,6.24,217.65
20240312,H30269,中证红利低波动指数,红利低波,CSI Dividend Low Volatility Index,CSI Dividend Low Volatility,10573.48,10576.34,10315.5,10337.87,-263.81,-2.49,4007114976.0,283.27,50.0,6.07,2024-03-12,6.07,283.27
20240313,H30269,中证红利低波动指数,红利低波,CSI Dividend Low Volatility Index,CSI Dividend Low Volatility,10317.99,10348.99,10225.21,10307.16,-30.7,-0.3,2887068085.0,199.54,50.0,6.04,2024-03-13,6.04,199.54
20240314,H30269,中证红利低波动指数,红利低波,CSI Dividend Low Volatility Index,CSI Dividend Low Volatility,10291.95,10380.41,10288.67,10340.42,33.26,0.32,2529009406.0,176.84,50.0,6.07,2024-03-14,6.07,176.84
20240315,H30269,中证红利低波动指数,红利低波,CSI Dividend Low Volatility Index,CSI Dividend Low Volatility,10337.69,10372.52,10285.3,10369.81,29.39,0.28,2559883257.0,184.05,50.0,6.09,2024-03-15,6.09,184.05
20240318,H30269,中证红利低波动指数,红利低波,CSI Dividend Low Volatility Index,CSI Dividend Low Volatility,10356.17,10370.89,10299.88,10366.13,-3.67,-0.03,2510275714.0,178.06,50.0,6.07,2024-03-18,6.07,178.06
20240319,H30269,中证红利低波动指数,红利低波,CSI Dividend Low Volatility Index,CSI Dividend Low Volatility,10360.45,10402.03,10306.91,10320.44,-45.69,-0.44,2610476884.0,184.94,50.0,6.04,2024-03-19,6.04,184.94
20240320,H30269,中证红利低波动指数,红利低波,CSI Dividend Low Volatility Index,CSI Dividend Low Volatility,10304.9,10400.83,10252.56,10383.42,62.98,0.61,2367887068.0,168.79,50.0,6.11,2024-03-20,6.11,168.79
20240321,H30269,中证红利低波动指数,红利低波,CSI Dividend Low Volatility Index,CSI Dividend Low Volatility,10377.54,10452.6,10332.4,10428.28,44.86,0.43,2248196334.0,157.93,50.0,6.13,2024-03-21,6.13,157.93
20240322,H30269,中证红利低波动指数,红利低波,CSI Dividend Low Volatility Index,CSI Dividend Low Volatility,10411.18,10443.63,10315.65,10389.1,-39.18,-0.37,2571801240.0,179.5,50.0,6.13,2024-03-22,6.13,179.5
20240325,H30269,中证红利低波动指数,红利低波,CSI Dividend Low Volatility Index,CSI Dividend Low Volatility,10349.59,10529.73,10343.19,10408.86,19.76,0.19,2767692724.0,201.56,50.0,6.18,2024-03-25,6.18,201.56
20240326,H30269,中证红利低波动指数,红利低波,CSI Dividend Low Volatility Index,CSI Dividend Low Volatility,10413.39,10438.56,10331.12,10417.88,9.02,0.09,2781666537.0,197.7,50.0,6.2,2024-03-26,6.2,197.7
20240327,H30269,中证红利低波动指数,红利低波,CSI Dividend Low Volatility Index,CSI Dividend Low Volatility,10399.17,10496.21,10398.94,10400.59,-17.29,-0.16,2853266949.0,194.72,50.0,6.23,2024-03-27,6.23,194.72
20240328,H30269,中证红利低波动指数,红利低波,CSI Dividend Low Volatility Index,CSI Dividend Low Volatility,10389.67,10437.36,10323.05,10373.75,-26.84,-0.26,3266678021.0,217.21,50.0,6.16,2024-03-28,6.16,217.21
20240329,H30269,中证红利低波动指数,红利低波,CSI Dividend Low Volatility Index,CSI Dividend Low Volatility,10356.21,10529.85,10354.59,10526.17,152.42,1.47,2856481938.0,205.54,50.0,6.27,2024-03-29,6.27,205.54
20240401,H30269,中证红利低波动指数,红利低波,CSI Dividend Low Volatility Index,CSI Dividend Low Volatility,10537.56,10557.78,10497.34,10554.08,27.91,0.27,2828583763.0,205.95,50.0,6.27,2024-04-01,6.27,205.95
20240402,H30269,中证红利低波动指数,红利低波,CSI Dividend Low Volatility Index,CSI Dividend Low Volatility,10549.93,10656.36,10544.49,10618.84,64.76,0.61,3067681789.0,219.53,50.0,6.33,2024-04-02,6.33,219.53
20240403,H30269,中证红利低波动指数,红利低波,CSI Dividend Low Volatility Index,CSI Dividend Low Volatility,10613.28,10720.12,10586.08,10709.46,90.61,0.85,2697604908.0,205.06,50.0,6.36,2024-04-03,6.36,205.06
20240408,H30269,中证红利低波动指数,红利低波,CSI Dividend Low Volatility Index,CSI Dividend Low Volatility,10682.04,10829.6,10643.69,10756.88,47.43,0.44,3331286777.0,238.43,50.0,6.41,2024-04-08,6.41,238.43
20240409,H30269,中证红利低波动指数,红利低波,CSI Dividend Low Volatility Index,CSI Dividend Low Volatility,10743.81,10817.84,10651.8,10693.07,-63.81,-0.59,3025205239.0,205.44,50.0,6.34,2024-04-09,6.34,205.44
20240410,H30269,中证红利低波动指数,红利低波,CSI Dividend Low Volatility Index,CSI Dividend Low Volatility,10678.26,10773.54,10677.34,10720.3,27.22,0.25,2784769803.0,204.49,50.0,6.38,2024-04-10,6.38,204.49
20240411,H30269,中证红利低波动指数,红利低波,CSI Dividend Low Volatility Index,CSI Dividend Low Volatility,10684.83,10874.72,10658.71,10818.66,98.36,0.92,2627647527.0,187.14,50.0,6.37,2024-04-11,6.37,187.14
20240412,H30269,中证红利低波动指数,红利低波,CSI Dividend Low Volatility Index,CSI Dividend Low Volatility,10792.7,10868.65,10763.14,10806.56,-12.1,-0.11,2624447517.0,180.3,50.0,6.36,2024-04-12,6.36,180.3
20240415,H30269,中证红利低波动指数,红利低波,CSI Dividend Low Volatility Index,CSI Dividend Low Volatility,10809.63,11031.2,10774.6,11027.53,220.97,2.04,4000360162.0,278.32,50.0,6.53,2024-04-15,6.53,278.32
20240416,H30269,中证红利低波动指数,红利低波,CSI Dividend Low Volatility Index,CSI Dividend Low Volatility,11016.12,11153.99,10935.17,11017.18,-10.35,-0.09,4292046316.0,307.27,50.0,6.59,2024-04-16,6.59,307.27
20240417,H30269,中证红利低波动指数,红利低波,CSI Dividend Low Volatility Index,CSI Dividend Low Volatility,10991.82,11240.3,10942.73,11240.3,223.12,2.03,4100969895.0,283.61,50.0,6.65,2024-04-17,6.65,283.61
20240418,H30269,中证红利低波动指数,红利低波,CSI Dividend Low Volatility Index,CSI Dividend Low Volatility,11209.25,11400.18,11202.65,11288.09,47.79,0.43,4528270210.0,316.29,50.0,6.65,2024-04-18,6.65,316.29
20240419,H30269,中证红利低波动指数,红利低波,CSI Dividend Low Volatility Index,CSI Dividend Low Volatility,11217.72,11387.36,11215.34,11297.77,9.68,0.08,3495926151.0,255.52,50.0,6.7,2024-04-19,6.7,255.52
20240422,H30269,中证红利低波动指数,红利低波,CSI Dividend Low Volatility Index,CSI Dividend Low Volatility,11298.08,11364.13,11061.14,11066.45,-231.31,-2.05,3728743004.0,272.49,50.0,6.58,2024-04-22,6.58,272.49
20240423,H30269,中证红利低波动指数,红利低波,CSI Dividend Low Volatility Index,CSI Dividend Low Volatility,11004.39,11031.58,10877.5,10899.26,-167.19,-1.51,3423966243.0,241.44,50.0,6.53,2024-04-23,6.53,241.44
20240424,H30269,中证红利低波动指数,红利低波,CSI Dividend Low Volatility Index,CSI Dividend Low Volatility,10892.02,10896.88,10776.41,10875.19,-24.08,-0.22,2677823875.0,192.3,50.0,6.52,2024-04-24,6.52,192.3
20240425,H30269,中证红利低波动指数,红利低波,CSI Dividend Low Volatility Index,CSI Dividend Low Volatility,10854.25,10963.85,10840.98,10955.69,80.5,0.74,2666509098.0,191.53,50.0,6.58,2024-04-25,6.58,191.53
20240426,H30269,中证红利低波动指数,红利低波,CSI Dividend Low Volatility Index,CSI Dividend Low Volatility,10920.0,10984.77,10775.21,10829.23,-126.46,-1.15,4904392254.0,345.31,50.0,6.51,2024-04-26,6.51,345.31
20240429,H30269,中证红利低波动指数,红利低波,CSI Dividend Low Volatility Index,CSI Dividend Low Volatility,10782.27,10808.05,10706.96,10783.65,-45.58,-0.42,4834340019.0,354.11,50.0,6.43,2024-04-29,6.43,354.11
20240430,H30269,中证红利低波动指数,红利低波,CSI Dividend Low Volatility Index,CSI Dividend Low Volatility,10734.87,10882.09,10733.39,10829.76,46.11,0.43,3783457725.0,270.01,50.0,6.47,2024-04-30,6.47,270.01
20240506,H30269,中证红利低波动指数,红利低波,CSI Dividend Low Volatility Index,CSI Dividend Low Volatility,10874.09,10907.64,10792.51,10902.4,72.64,0.67,4634035795.0,324.99,50.0,6.64,2024-05-06,6.64,324.99
20240507,H30269,中证红利低波动指数,红利低波,CSI Dividend Low Volatility Index,CSI Dividend Low Volatility,10896.53,10920.29,10834.66,10914.12,11.72,0.11,3476627690.0,237.65,50.0,6.67,2024-05-07,6.67,237.65
20240508,H30269,中证红利低波动指数,红利低波,CSI Dividend Low Volatility Index,CSI Dividend Low Volatility,10897.49,11018.67,10890.39,10960.58,46.46,0.43,3062836957.0,224.97,50.0,6.71,2024-05-08,6.71,224.97
20240509,H30269,中证红利低波动指数,红利低波,CSI Dividend Low Volatility Index,CSI Dividend Low Volatility,10957.82,11056.95,10953.06,11036.28,75.7,0.69,3062468849.0,206.2,50.0,6.69,2024-05-09,6.69,206.2
20240510,H30269,中证红利低波动指数,红利低波,CSI Dividend Low Volatility Index,CSI Dividend Low Volatility,11060.5,11111.41,11009.26,11097.71,61.43,0.56,3431411841.0,224.76,50.0,6.72,2024-05-10,6.72,224.76
20240513,H30269,中证红利低波动指数,红利低波,CSI Dividend Low Volatility Index,CSI Dividend Low Volatility,11075.39,11182.91,11004.74,11173.93,76.22,0.69,3427069005.0,229.17,50.0,6.72,2024-05-13,6.72,229.17
20240514,H30269,中证红利低波动指数,红利低波,CSI Dividend Low Volatility Index,CSI Dividend Low Volatility,11155.15,11167.57,11065.26,11124.55,-49.38,-0.44,3049848449.0,214.26,50.0,6.67,2024-05-14,6.67,214.26
20240515,H30269,中证红利低波动指数,红利低波,CSI Dividend Low Volatility Index,CSI Dividend Low Volatility,11103.0,11176.26,11065.19,11106.59,-17.96,-0.16,2272657673.0,157.95,50.0,6.66,2024-05-15,6.66,157.95
20240516,H30269,中证红利低波动指数,红利低波,CSI Dividend Low Volatility Index,CSI Dividend Low Volatility,11115.88,11173.04,11089.58,11117.9,11.31,0.1,3432046769.0,234.09,50.0,6.68,2024-05-16,6.68,234.09
20240517,H30269,中证红利低波动指数,红利低波,CSI Dividend Low Volatility Index,CSI Dividend Low Volatility,11106.09,11191.29,11066.93,11188.67,70.77,0.64,3375914786.0,227.62,50.0,6.74,2024-05-17,6.74,227.62
20240520,H30269,中证红利低波动指数,红利低波,CSI Dividend Low Volatility Index,CSI Dividend Low Volatility,11200.14,11337.3,11191.8,11301.93,113.25,1.01,3744883923.0,270.54,50.0,6.79,2024-05-20,6.79,270.54
20240521,H30269,中证红利低波动指数,红利低波,CSI Dividend Low Volatility Index,CSI Dividend Low Volatility,11284.14,11358.53,11261.31,11332.51,30.58,0.27,2769823970.0,199.71,50.0,6.82,2024-05-21,6.82,199.71
20240522,H30269,中证红利低波动指数,红利低波,CSI Dividend Low Volatility Index,CSI Dividend Low Volatility,11326.18,11410.78,11299.02,11307.78,-24.73,-0.22,3044665349.0,214.28,50.0,6.83,2024-05-22,6.83,214.28
20240523,H30269,中证红利低波动指数,红利低波,CSI Dividend Low Volatility Index,CSI Dividend Low Volatility,11284.53,11293.14,11165.51,11192.78,-115.0,-1.02,2645703539.0,181.41,50.0,6.79,2024-05-23,6.79,181.41
20240524,H30269,中证红利低波动指数,红利低波,CSI Dividend Low Volatility Index,CSI Dividend Low Volatility,11181.57,11311.14,11172.8,11183.63,-9.15,-0.08,2596857437.0,179.07,50.0,6.76,2024-05-24,6.76,179.07
20240527,H30269,中证红利低波动指数,红利低波,CSI Dividend Low Volatility Index,CSI Dividend Low Volatility,11196.31,11383.21,11196.31,11376.35,192.72,1.72,2990515206.0,215.86,50.0,6.87,2024-05-27,6.87,215.86
20240528,H30269,中证红利低波动指数,红利低波,CSI Dividend Low Volatility Index,CSI Dividend Low Volatility,11365.82,11407.32,11304.4,11338.95,-37.4,-0.33,2595698190.0,186.97,50.0,6.89,2024-05-28,6.89,186.97
20240529,H30269,中证红利低波动指数,红利低波,CSI Dividend Low Volatility Index,CSI Dividend Low Volatility,11310.19,11433.84,11281.87,11336.88,-2.07,-0.02,2602183616.0,186.81,50.0,6.89,2024-05-29,6.89,186.81
20240530,H30269,中证红利低波动指数,红利低波,CSI Dividend Low Volatility Index,CSI Dividend Low Volatility,11302.29,11400.63,11214.91,11239.54,-97.34,-0.86,2769204847.0,198.55,50.0,6.81,2024-05-30,6.81,198.55
20240531,H30269,中证红利低波动指数,红利低波,CSI Dividend Low Volatility Index,CSI Dividend Low Volatility,11261.47,11314.11,11225.77,11239.3,-0.24,0.0,2427274723.0,176.97,50.0,6.79,2024-05-31,6.79,176.97
20240603,H30269,中证红利低波动指数,红利低波,CSI Dividend Low Volatility Index,CSI Dividend Low Volatility,11231.16,11231.55,11071.22,11138.83,-100.47,-0.89,3363190492.0,239.92,50.0,6.79,2024-06-03,6.79,239.92
20240604,H30269,中证红利低波动指数,红利低波,CSI Dividend Low Volatility Index,CSI Dividend Low Volatility,11107.69,11179.15,11064.74,11164.93,26.1,0.23,2701984945.0,204.14,50.0,6.77,2024-06-04,6.77,204.14
20240605,H30269,中证红利低波动指数,红利低波,CSI Dividend Low Volatility Index,CSI Dividend Low Volatility,11161.87,11173.96,11001.17,11009.06,-155.87,-1.4,2593317566.0,189.99,50.0,6.73,2024-06-05,6.73,189.99
20240606,H30269,中证红利低波动指数,红利低波,CSI Dividend Low Volatility Index,CSI Dividend Low Volatility,11004.3,11116.25,11002.21,11027.94,18.87,0.17,3044980057.0,213.84,50.0,6.77,2024-06-06,6.77,213.84
20240607,H30269,中证红利低波动指数,红利低波,CSI Dividend Low Volatility Index,CSI Dividend Low Volatility,11030.26,11114.95,11019.02,11110.08,82.14,0.74,3144420165.0,206.83,50.0,6.77,2024-06-07,6.77,206.83
20240611,H30269,中证红利低波动指数,红利低波,CSI Dividend Low Volatility Index,CSI Dividend Low Volatility,11098.53,11111.02,10860.89,10903.0,-207.08,-1.86,3611515384.0,234.9,50.0,6.65,2024-06-11,6.65,234.9
20240612,H30269,中证红利低波动指数,红利低波,CSI Dividend Low Volatility Index,CSI Dividend Low Volatility,10891.63,11039.53,10844.1,11025.91,122.91,1.13,3295521096.0,222.13,50.0,6.67,2024-06-12,6.67,222.13
20240613,H30269,中证红利低波动指数,红利低波,CSI Dividend Low Volatility Index,CSI Dividend Low Volatility,11009.15,11034.13,10866.97,10899.07,-126.84,-1.15,2747948688.0,183.11,50.0,6.65,2024-06-13,6.65,183.11
20240614,H30269,中证红利低波动指数,红利低波,CSI Dividend Low Volatility Index,CSI Dividend Low Volatility,10855.9,10924.27,10827.87,10874.72,-24.35,-0.22,4249265595.0,284.41,50.0,6.66,2024-06-14,6.66,284.41
20240617,H30269,中证红利低波动指数,红利低波,CSI Dividend Low Volatility Index,CSI Dividend Low Volatility,10857.68,10901.08,10740.71,10760.39,-114.33,-1.05,3329953394.0,222.06,50.0,6.57,2024-06-17,6.57,222.06
20240618,H30269,中证红利低波动指数,红利低波,CSI Dividend Low Volatility Index,CSI Dividend Low Volatility,10754.52,10806.11,10684.86,10797.01,36.62,0.34,2464931222.0,162.74,50.0,6.6,2024-06-18,6.6,162.74
20240619,H30269,中证红利低波动指数,红利低波,CSI Dividend Low Volatility Index,CSI Dividend Low Volatility,10798.26,10863.1,10780.6,10800.65,3.64,0.03,2562999447.0,173.82,50.0,6.66,2024-06-19,6.66,173.82
20240620,H30269,中证红利低波动指数,红利低波,CSI Dividend Low Volatility Index,CSI Dividend Low Volatility,10804.13,10843.4,10761.96,10798.77,-1.88,-0.02,2424806356.0,175.03,50.0,6.7,2024-06-20,6.7,175.03
20240621,H30269,中证红利低波动指数,红利低波,CSI Dividend Low Volatility Index,CSI Dividend Low Volatility,10764.27,10830.7,10734.27,10771.26,-27.51,-0.25,2573388849.0,177.22,50.0,6.67,2024-06-21,6.67,177.22
20240624,H30269,中证红利低波动指数,红利低波,CSI Dividend Low Volatility Index,CSI Dividend Low Volatility,10743.56,10747.93,10584.08,10636.45,-134.81,-1.25,2789286356.0,186.98,50.0,6.69,2024-06-24,6.69,186.98
20240625,H30269,中证红利低波动指数,红利低波,CSI Dividend Low Volatility Index,CSI Dividend Low Volatility,10612.2,10709.71,10611.33,10656.02,19.57,0.18,2704716330.0,179.28,50.0,6.7,2024-06-25,6.7,179.28
20240626,H30269,中证红利低波动指数,红利低波,CSI Dividend Low Volatility Index,CSI Dividend Low Volatility,10588.89,10664.99,10545.28,10658.67,2.65,0.02,2467242185.0,162.32,50.0,6.68,2024-06-26,6.68,162.32
20240627,H30269,中证红利低波动指数,红利低波,CSI Dividend Low Volatility Index,CSI Dividend Low Volatility,10637.16,10702.05,10595.89,10646.94,-11.73,-0.11,3035670464.0,202.02,50.0,6.72,2024-06-27,6.72,202.02
20240628,H30269,中证红利低波动指数,红利低波,CSI Dividend Low Volatility Index,CSI Dividend Low Volatility,10623.57,10786.9,10610.36,10735.22,88.28,0.83,3020363050.0,207.61,50.0,6.84,2024-06-28,6.84,207.61
20240701,H30269,中证红利低波动指数,红利低波,CSI Dividend Low Volatility Index,CSI Dividend Low Volatility,10741.51,10958.09,10739.17,10941.8,206.58,1.92,2827740800.0,196.89,50.0,6.94,2024-07-01,6.94,196.89
20240702,H30269,中证红利低波动指数,红利低波,CSI Dividend Low Volatility Index,CSI Dividend Low Volatility,10949.85,10982.3,10877.66,10968.49,26.68,0.24,3085385124.0,212.13,50.0,7.05,2024-07-02,7.05,212.13
20240703,H30269,中证红利低波动指数,红利低波,CSI Dividend Low Volatility Index,CSI Dividend Low Volatility,10961.85,10993.39,10850.49,10867.28,-101.21,-0.92,2515340292.0,173.1,50.0,6.99,2024-07-03,6.99,173.1
20240704,H30269,中证红利低波动指数,红利低波,CSI Dividend Low Volatility Index,CSI Dividend Low Volatility,10858.78,10915.93,10795.75,10814.38,-52.9,-0.49,2404412931.0,169.05,50.0,7.03,2024-07-04,7.03,169.05
20240705,H30269,中证红利低波动指数,红利低波,CSI Dividend Low Volatility Index,CSI Dividend Low Volatility,10809.5,10830.18,10660.92,10728.95,-85.43,-0.79,3088733964.0,218.04,50.0,6.92,2024-07-05,6.92,218.04
20240708,H30269,中证红利低波动指数,红利低波,CSI Dividend Low Volatility Index,CSI Dividend Low Volatility,10664.09,10719.78,10616.35,10630.81,-98.15,-0.91,2732913532.0,193.19,50.0,6.93,2024-07-08,6.93,193.19
20240709,H30269,中证红利低波动指数,红利低波,CSI Dividend Low Volatility Index,CSI Dividend Low Volatility,10618.09,10752.54,10556.31,10741.13,110.32,1.04,2802689634.0,193.81,50.0,6.95,2024-07-09,6.95,193.81
20240710,H30269,中证红利低波动指数,红利低波,CSI Dividend Low Volatility Index,CSI Dividend Low Volatility,10676.57,10686.92,10504.55,10508.09,-233.04,-2.17,2725659713.0,201.69,50.0,6.88,2024-07-10,6.88,201.69
20240711,H30269,中证红利低波动指数,红利低波,CSI Dividend Low Volatility Index,CSI Dividend Low Volatility,10549.57,10560.37,10467.36,10516.36,8.27,0.08,2926635821.0,201.17,50.0,6.84,2024-07-11,6.84,201.17
20240712,H30269,中证红利低波动指数,红利低波,CSI Dividend Low Volatility Index,CSI Dividend Low Volatility,10478.34,10557.98,10468.93,10485.37,-30.99,-0.29,3007688138.0,204.34,50.0,6.89,2024-07-12,6.89,204.34
20240715,H30269,中证红利低波动指数,红利低波,CSI Dividend Low Volatility Index,CSI Dividend Low Volatility,10458.49,10597.55,10421.08,10586.14,100.77,0.96,2953296284.0,206.5,50.0,7.01,2024-07-15,7.01,206.5
20240716,H30269,中证红利低波动指数,红利低波,CSI Dividend Low Volatility Index,CSI Dividend Low Volatility,10541.63,10569.65,10447.91,10504.64,-81.51,-0.77,2928903541.0,193.7,50.0,6.95,2024-07-16,6.95,193.7
20240717,H30269,中证红利低波动指数,红利低波,CSI Dividend Low Volatility Index,CSI Dividend Low Volatility,10477.59,10502.67,10406.09,10429.15,-75.48,-0.72,2724468244.0,186.58,50.0,6.87,2024-07-17,6.87,186.58
20240718,H30269,中证红利低波动指数,红利低波,CSI Dividend Low Volatility Index,CSI Dividend Low Volatility,10415.59,10483.25,10339.48,10473.92,44.77,0.43,2458914975.0,166.94,50.0,6.89,2024-07-18,6.89,166.94
20240719,H30269,中证红利低波动指数,红利低波,CSI Dividend Low Volatility Index,CSI Dividend Low Volatility,10454.43,10454.43,10338.46,10390.98,-82.94,-0.79,2931317914.0,197.32,50.0,6.85,2024-07-19,6.85,197.32
20240722,H30269,中证红利低波动指数,红利低波,CSI Dividend Low Volatility Index,CSI Dividend Low Volatility,10364.01,10367.39,10204.37,10295.95,-95.03,-0.91,3074659791.0,213.49,50.0,6.75,2024-07-22,6.75,213.49
20240723,H30269,中证红利低波动指数,红利低波,CSI Dividend Low Volatility Index,CSI Dividend Low Volatility,10279.84,10334.5,10243.92,10244.74,-51.21,-0.5,3403693646.0,223.08,50.0,6.81,2024-07-23,6.81,223.08
20240724,H30269,中证红利低波动指数,红利低波,CSI Dividend Low Volatility Index,CSI Dividend Low Volatility,10230.28,10313.39,10205.19,10258.7,13.96,0.14,3325635865.0,213.88,50.0,6.85,2024-07-24,6.85,213.88
20240725,H30269,中证红利低波动指数,红利低波,CSI Dividend Low Volatility Index,CSI Dividend Low Volatility,10240.38,10244.32,10116.58,10195.61,-63.09,-0.62,3533565098.0,225.21,50.0,6.77,2024-07-25,6.77,225.21
20240726,H30269,中证红利低波动指数,红利低波,CSI Dividend Low Volatility Index,CSI Dividend Low Volatility,10178.33,10203.43,10057.48,10122.65,-72.96,-0.72,3261745705.0,205.42,50.0,6.67,2024-07-26,6.67,205.42
20240729,H30269,中证红利低波动指数,红利低波,CSI Dividend Low Volatility Index,CSI Dividend Low Volatility,10115.59,10178.91,10070.97,10171.26,48.61,0.48,2787192595.0,175.12,50.0,6.75,2024-07-29,6.75,175.12
20240730,H30269,中证红利低波动指数,红利低波,CSI Dividend Low Volatility Index,CSI Dividend Low Volatility,10149.16,10150.1,10060.43,10091.35,-79.91,-0.78,2583757506.0,171.56,50.0,6.68,2024-07-30,6.68,171.56
20240731,H30269,中证红利低波动指数,红利低波,CSI Dividend Low Volatility Index,CSI Dividend Low Volatility,10088.84,10190.7,10073.86,10181.15,89.8,0.89,3586596324.0,230.66,50.0,6.63,2024-07-31,6.63,230.66
20240801,H30269,中证红利低波动指数,红利低波,CSI Dividend Low Volatility Index,CSI Dividend Low Volatility,10187.02,10252.47,10172.76,10186.51,5.36,0.05,3153092951.0,203.68,50.0,6.66,2024-08-01,6.66,203.68
20240802,H30269,中证红利低波动指数,红利低波,CSI Dividend Low Volatility Index,CSI Dividend Low Volatility,10156.71,10228.18,10123.01,10175.99,-10.51,-0.1,2399551636.0,155.6,50.0,6.64,2024-08-02,6.64,155.6
20240805,H30269,中证红利低波动指数,红利低波,CSI Dividend Low Volatility Index,CSI Dividend Low Volatility,10142.41,10193.17,10031.63,10059.62,-116.38,-1.14,3182390240.0,207.76,50.0,6.54,2024-08-05,6.54,207.76
20240806,H30269,中证红利低波动指数,红利低波,CSI Dividend Low Volatility Index,CSI Dividend Low Volatility,10097.32,10143.24,9953.06,10018.47,-41.15,-0.41,2712290205.0,175.06,50.0,6.49,2024-08-06,6.49,175.06
20240807,H30269,中证红利低波动指数,红利低波,CSI Dividend Low Volatility Index,CSI Dividend Low Volatility,10008.75,10106.63,9985.43,10063.4,44.93,0.45,2295464781.0,153.57,50.0,6.53,2024-08-07,6.53,153.57
20240808,H30269,中证红利低波动指数,红利低波,CSI Dividend Low Volatility Index,CSI Dividend Low Volatility,10059.99,10092.87,10025.49,10074.05,10.65,0.1,1753634931.0,115.31,50.0,6.53,2024-08-08,6.53,115.31
20240809,H30269,中证红利低波动指数,红利低波,CSI Dividend Low Volatility Index,CSI Dividend Low Volatility,10085.31,10131.34,10075.06,10077.88,3.83,0.04,1905706667.0,125.76,50.0,6.58,2024-08-09,6.58,125.76
20240812,H30269,中证红利低波动指数,红利低波,CSI Dividend Low Volatility Index,CSI Dividend Low Volatility,10071.28,10144.87,10049.88,10110.67,32.79,0.32,1959631600.0,127.18,50.0,6.61,2024-08-12,6.61,127.18
20240813,H30269,中证红利低波动指数,红利低波,CSI Dividend Low Volatility Index,CSI Dividend Low Volatility,10120.42,10173.11,10089.25,10147.37,36.7,0.36,2181610899.0,139.1,50.0,6.64,2024-08-13,6.64,139.1
20240814,H30269,中证红利低波动指数,红利低波,CSI Dividend Low Volatility Index,CSI Dividend Low Volatility,10130.77,10171.05,10109.02,10126.16,-21.21,-0.21,1799846402.0,115.8,50.0,6.65,2024-08-14,6.65,115.8
20240815,H30269,中证红利低波动指数,红利低波,CSI Dividend Low Volatility Index,CSI Dividend Low Volatility,10112.5,10243.1,10102.75,10228.77,102.61,1.01,2299199268.0,154.79,50.0,6.71,2024-08-15,6.71,154.79
20240816,H30269,中证红利低波动指数,红利低波,CSI Dividend Low Volatility Index,CSI Dividend Low Volatility,10226.3,10270.86,10212.81,10259.62,30.85,0.3,2557373994.0,166.21,50.0,6.79,2024-08-16,6.79,166.21
20240819,H30269,中证红利低波动指数,红利低波,CSI Dividend Low Volatility Index,CSI Dividend Low Volatility,10261.14,10415.11,10259.68,10408.48,148.85,1.45,2986544089.0,197.87,50.0,6.9,2024-08-19,6.9,197.87
20240820,H30269,中证红利低波动指数,红利低波,CSI Dividend Low Volatility Index,CSI Dividend Low Volatility,10413.32,10414.21,10258.05,10306.84,-101.63,-0.98,2960907528.0,198.77,50.0,6.9,2024-08-20,6.9,198.77
20240821,H30269,中证红利低波动指数,红利低波,CSI Dividend Low Volatility Index,CSI Dividend Low Volatility,10281.02,10282.78,10171.27,10229.0,-77.84,-0.76,2481025002.0,165.33,50.0,6.86,2024-08-21,6.86,165.33
20240822,H30269,中证红利低波动指数,红利低波,CSI Dividend Low Volatility Index,CSI Dividend Low Volatility,10223.21,10297.16,10214.29,10258.59,29.59,0.29,2696713924.0,176.28,50.0,6.93,2024-08-22,6.93,176.28
20240823,H30269,中证红利低波动指数,红利低波,CSI Dividend Low Volatility Index,CSI Dividend Low Volatility,10239.4,10281.0,10185.16,10241.69,-16.9,-0.16,2351890473.0,163.76,50.0,6.96,2024-08-23,6.96,163.76
20240826,H30269,中证红利低波动指数,红利低波,CSI Dividend Low Volatility Index,CSI Dividend Low Volatility,10247.88,10264.98,10156.71,10244.66,2.97,0.03,2377869663.0,162.48,50.0,6.97,2024-08-26,6.97,162.48
20240827,H30269,中证红利低波动指数,红利低波,CSI Dividend Low Volatility Index,CSI Dividend Low Volatility,10248.21,10312.66,10239.02,10304.38,59.71,0.58,2776142732.0,194.04,50.0,7.08,2024-08-27,7.08,194.04
20240828,H30269,中证红利低波动指数,红利低波,CSI Dividend Low Volatility Index,CSI Dividend Low Volatility,10281.96,10331.48,10213.09,10240.16,-64.22,-0.62,2558359841.0,176.42,50.0,7.02,2024-08-28,7.02,176.42
20240829,H30269,中证红利低波动指数,红利低波,CSI Dividend Low Volatility Index,CSI Dividend Low Volatility,10229.34,10230.08,10020.6,10025.0,-215.16,-2.1,4040223792.0,259.56,50.0,6.77,2024-08-29,6.77,259.56
20240830,H30269,中证红利低波动指数,红利低波,CSI Dividend Low Volatility Index,CSI Dividend Low Volatility,10025.54,10102.28,9931.82,9965.65,-59.35,-0.59,5575966462.0,355.12,50.0,6.63,2024-08-30,6.63,355.12
20240902,H30269,中证红利低波动指数,红利低波,CSI Dividend Low Volatility Index,CSI Dividend Low Volatility,9942.81,10079.53,9898.84,10018.64,53.0,0.53,4496306114.0,284.26,50.0,6.71,2024-09-02,6.71,284.26
20240903,H30269,中证红利低波动指数,红利低波,CSI Dividend Low Volatility Index,CSI Dividend Low Volatility,10008.65,10044.92,9850.06,9898.57,-120.07,-1.2,4190096586.0,259.78,50.0,6.52,2024-09-03,6.52,259.78
20240904,H30269,中证红利低波动指数,红利低波,CSI Dividend Low Volatility Index,CSI Dividend Low Volatility,9853.56,9904.04,9804.44,9865.72,-32.85,-0.33,3081616951.0,193.17,50.0,6.44,2024-09-04,6.44,193.17
20240905,H30269,中证红利低波动指数,红利低波,CSI Dividend Low Volatility Index,CSI Dividend Low Volatility,9861.03,9901.52,9800.41,9841.84,-23.88,-0.24,2737148956.0,179.65,50.0,6.39,2024-09-05,6.39,179.65
20240906,H30269,中证红利低波动指数,红利低波,CSI Dividend Low Volatility Index,CSI Dividend Low Volatility,9840.94,9906.11,9771.77,9778.56,-63.27,-0.64,2311168083.0,147.41,50.0,6.39,2024-09-06,6.39,147.41
20240909,H30269,中证红利低波动指数,红利低波,CSI Dividend Low Volatility Index,CSI Dividend Low Volatility,9757.19,9757.21,9587.58,9613.57,-164.99,-1.69,3097424348.0,195.96,50.0,6.29,2024-09-09,6.29,195.96
20240910,H30269,中证红利低波动指数,红利低波,CSI Dividend Low Volatility Index,CSI Dividend Low Volatility,9614.66,9643.56,9540.72,9627.93,14.35,0.15,2898657242.0,177.99,50.0,6.36,2024-09-10,6.36,177.99
20240911,H30269,中证红利低波动指数,红利低波,CSI Dividend Low Volatility Index,CSI Dividend Low Volatility,9585.69,9585.69,9358.47,9389.15,-238.78,-2.48,3381229898.0,205.97,50.0,6.2,2024-09-11,6.2,205.97
20240912,H30269,中证红利低波动指数,红利低波,CSI Dividend Low Volatility Index,CSI Dividend Low Volatility,9385.29,9482.2,9356.26,9436.21,47.06,0.5,2797324258.0,170.93,50.0,6.24,2024-09-12,6.24,170.93
20240913,H30269,中证红利低波动指数,红利低波,CSI Dividend Low Volatility Index,CSI Dividend Low Volatility,9441.69,9499.48,9398.98,9402.76,-33.45,-0.35,2480406543.0,148.49,50.0,6.22,2024-09-13,6.22,148.49
20240918,H30269,中证红利低波动指数,红利低波,CSI Dividend Low Volatility Index,CSI Dividend Low Volatility,9403.96,9543.47,9396.37,9533.34,130.58,1.39,2256799945.0,137.81,50.0,6.32,2024-09-18,6.32,137.81
20240919,H30269,中证红利低波动指数,红利低波,CSI Dividend Low Volatility Index,CSI Dividend Low Volatility,9544.5,9566.56,9434.37,9543.24,9.9,0.1,2720727422.0,167.31,50.0,6.28,2024-09-19,6.28,167.31
20240920,H30269,中证红利低波动指数,红利低波,CSI Dividend Low Volatility Index,CSI Dividend Low Volatility,9529.27,9556.19,9472.45,9525.61,-17.63,-0.18,2802050340.0,173.7,50.0,6.32,2024-09-20,6.32,173.7
20240923,H30269,中证红利低波动指数,红利低波,CSI Dividend Low Volatility Index,CSI Dividend Low Volatility,9518.87,9666.23,9505.55,9640.1,114.49,1.2,2385577620.0,149.66,50.0,6.41,2024-09-23,6.41,149.66
20240924,H30269,中证红利低波动指数,红利低波,CSI Dividend Low Volatility Index,CSI Dividend Low Volatility,9698.92,10067.68,9698.92,10065.91,425.81,4.42,4771684905.0,309.74,50.0,6.69,2024-09-24,6.69,309.74
20240925,H30269,中证红利低波动指数,红利低波,CSI Dividend Low Volatility Index,CSI Dividend Low Volatility,10200.09,10404.05,10199.92,10224.61,158.7,1.58,5430309442.0,358.54,50.0,6.76,2024-09-25,6.76,358.54
20240926,H30269,中证红利低波动指数,红利低波,CSI Dividend Low Volatility Index,CSI Dividend Low Volatility,10211.66,10532.42,10189.64,10532.42,307.81,3.01,5404839150.0,360.36,50.0,6.9,2024-09-26,6.9,360.36
20240927,H30269,中证红利低波动指数,红利低波,CSI Dividend Low Volatility Index,CSI Dividend Low Volatility,10646.38,10717.84,10402.01,10555.08,22.66,0.22,5188878396.0,334.56,50.0,6.77,2024-09-27,6.77,334.56
20240930,H30269,中证红利低波动指数,红利低波,CSI Dividend Low Volatility Index,CSI Dividend Low Volatility,10765.75,11281.41,10648.38,11171.0,615.92,5.83,12250454083.0,842.89,50.0,7.07,2024-09-30,7.07,842.89
20241008,H30269,中证红利低波动指数,红利低波,CSI Dividend Low Volatility Index,CSI Dividend Low Volatility,12140.74,12140.74,11009.31,11308.29,137.29,1.23,13450852703.0,981.81,50.0,7.12,2024-10-08,7.12,981.81
20241009,H30269,中证红利低波动指数,红利低波,CSI Dividend Low Volatility Index,CSI Dividend Low Volatility,11140.27,11140.27,10499.82,10499.82,-808.47,-7.15,8997310716.0,616.03,50.0,6.75,2024-10-09,6.75,616.03
20241010,H30269,中证红利低波动指数,红利低波,CSI Dividend Low Volatility Index,CSI Dividend Low Volatility,10556.15,11127.72,10556.15,10931.03,431.21,4.11,9006835484.0,633.94,50.0,7.04,2024-10-10,7.04,633.94
20241011,H30269,中证红利低波动指数,红利低波,CSI Dividend Low Volatility Index,CSI Dividend Low Volatility,10930.38,11004.24,10627.63,10714.18,-216.84,-1.98,5723503911.0,403.87,50.0,6.98,2024-10-11,6.98,403.87
20241014,H30269,中证红利低波动指数,红利低波,CSI Dividend Low Volatility Index,CSI Dividend Low Volatility,10832.56,11122.93,10832.56,11051.07,336.89,3.14,7294203259.0,517.25,50.0,7.17,2024-10-14,7.17,517.25
20241015,H30269,中证红利低波动指数,红利低波,CSI Dividend Low Volatility Index,CSI Dividend Low Volatility,10992.57,11061.6,10812.4,10812.4,-238.67,-2.16,5192903972.0,364.29,50.0,6.98,2024-10-15,6.98,364.29
20241016,H30269,中证红利低波动指数,红利低波,CSI Dividend Low Volatility Index,CSI Dividend Low Volatility,10760.56,11075.23,10760.4,10998.02,185.62,1.72,5190275019.0,372.47,50.0,7.09,2024-10-16,7.09,372.47
20241017,H30269,中证红利低波动指数,红利低波,CSI Dividend Low Volatility Index,CSI Dividend Low Volatility,11014.93,11103.99,10854.92,10854.92,-143.11,-1.3,4474202523.0,326.02,50.0,7.01,2024-10-17,7.01,326.02
20241018,H30269,中证红利低波动指数,红利低波,CSI Dividend Low Volatility Index,CSI Dividend Low Volatility,10829.07,11042.15,10704.6,10918.91,63.99,0.59,5515351335.0,387.96,50.0,7.05,2024-10-18,7.05,387.96
20241021,H30269,中证红利低波动指数,红利低波,CSI Dividend Low Volatility Index,CSI Dividend Low Volatility,10943.56,10943.56,10780.18,10843.71,-75.2,-0.69,5437480862.0,380.49,50.0,6.95,2024-10-21,6.95,380.49
20241022,H30269,中证红利低波动指数,红利低波,CSI Dividend Low Volatility Index,CSI Dividend Low Volatility,10832.4,10916.39,10810.89,10897.2,53.5,0.49,3807810187.0,266.38,50.0,6.95,2024-10-22,6.95,266.38
20241023,H30269,中证红利低波动指数,红利低波,CSI Dividend Low Volatility Index,CSI Dividend Low Volatility,10896.4,10914.77,10842.82,10881.24,-15.96,-0.15,3548969222.0,253.37,50.0,6.95,2024-10-23,6.95,253.37
20241024,H30269,中证红利低波动指数,红利低波,CSI Dividend Low Volatility Index,CSI Dividend Low Volatility,10848.14,10867.27,10790.8,10825.92,-55.33,-0.51,2860413484.0,200.41,50.0,6.94,2024-10-24,6.94,200.41
20241025,H30269,中证红利低波动指数,红利低波,CSI Dividend Low Volatility Index,CSI Dividend Low Volatility,10817.78,10839.49,10758.29,10788.78,-37.14,-0.34,3139362840.0,215.96,50.0,6.89,2024-10-25,6.89,215.96
20241028,H30269,中证红利低波动指数,红利低波,CSI Dividend Low Volatility Index,CSI Dividend Low Volatility,10774.63,10826.77,10698.62,10826.77,37.99,0.35,4242784090.0,290.62,50.0,6.85,2024-10-28,6.85,290.62
20241029,H30269,中证红利低波动指数,红利低波,CSI Dividend Low Volatility Index,CSI Dividend Low Volatility,10815.31,10837.98,10657.26,10673.03,-153.75,-1.42,4033061511.0,285.86,50.0,6.81,2024-10-29,6.81,285.86
20241030,H30269,中证红利低波动指数,红利低波,CSI Dividend Low Volatility Index,CSI Dividend Low Volatility,10670.87,10728.77,10538.41,10593.39,-79.64,-0.75,3398128589.0,234.57,50.0,6.73,2024-10-30,6.73,234.57
20241031,H30269,中证红利低波动指数,红利低波,CSI Dividend Low Volatility Index,CSI Dividend Low Volatility,10586.7,10634.24,10487.16,10575.96,-17.43,-0.16,4195035712.0,305.66,50.0,6.72,2024-10-31,6.72,305.66
20241101,H30269,中证红利低波动指数,红利低波,CSI Dividend Low Volatility Index,CSI Dividend Low Volatility,10587.93,10744.23,10573.22,10674.34,98.38,0.93,4856926407.0,356.95,50.0,6.86,2024-11-01,6.86,356.95
20241104,H30269,中证红利低波动指数,红利低波,CSI Dividend Low Volatility Index,CSI Dividend Low Volatility,10718.91,10777.96,10604.49,10777.96,103.62,0.97,3406672353.0,237.25,50.0,6.85,2024-11-04,6.85,237.25
20241105,H30269,中证红利低波动指数,红利低波,CSI Dividend Low Volatility Index,CSI Dividend Low Volatility,10792.36,10909.21,10762.01,10909.21,131.25,1.22,3895464557.0,283.93,50.0,6.89,2024-11-05,6.89,283.93
20241106,H30269,中证红利低波动指数,红利低波,CSI Dividend Low Volatility Index,CSI Dividend Low Volatility,10927.69,10943.91,10841.6,10876.72,-32.49,-0.3,4022629140.0,305.3,50.0,6.85,2024-11-06,6.85,305.3
20241107,H30269,中证红利低波动指数,红利低波,CSI Dividend Low Volatility Index,CSI Dividend Low Volatility,10824.38,11056.13,10805.99,11055.6,178.88,1.64,4924679584.0,370.48,50.0,6.94,2024-11-07,6.94,370.48
20241108,H30269,中证红利低波动指数,红利低波,CSI Dividend Low Volatility Index,CSI Dividend Low Volatility,11058.74,11089.56,10852.56,10899.12,-156.48,-1.41,4921837081.0,375.34,50.0,6.86,2024-11-08,6.86,375.34
20241111,H30269,中证红利低波动指数,红利低波,CSI Dividend Low Volatility Index,CSI Dividend Low Volatility,10841.74,10843.08,10712.8,10814.38,-84.73,-0.78,4536915491.0,333.41,50.0,6.77,2024-11-11,6.77,333.41
20241112,H30269,中证红利低波动指数,红利低波,CSI Dividend Low Volatility Index,CSI Dividend Low Volatility,10794.78,10878.4,10675.32,10719.16,-95.23,-0.88,4146471063.0,305.51,50.0,6.71,2024-11-12,6.71,305.51
20241113,H30269,中证红利低波动指数,红利低波,CSI Dividend Low Volatility Index,CSI Dividend Low Volatility,10687.2,10798.12,10677.45,10774.87,55.72,0.52,3386835163.0,248.22,50.0,6.75,2024-11-13,6.75,248.22
20241114,H30269,中证红利低波动指数,红利低波,CSI Dividend Low Volatility Index,CSI Dividend Low Volatility,10761.99,10825.29,10694.66,10699.46,-75.41,-0.7,3765163579.0,268.07,50.0,6.76,2024-11-14,6.76,268.07
20241115,H30269,中证红利低波动指数,红利低波,CSI Dividend Low Volatility Index,CSI Dividend Low Volatility,10677.13,10802.39,10656.32,10675.3,-24.16,-0.22,3989341039.0,283.16,50.0,6.77,2024-11-15,6.77,283.16
20241118,H30269,中证红利低波动指数,红利低波,CSI Dividend Low Volatility Index,CSI Dividend Low Volatility,10754.81,10998.65,10754.81,10849.51,174.21,1.63,7234949188.0,496.85,50.0,6.91,2024-11-18,6.91,496.85
20241119,H30269,中证红利低波动指数,红利低波,CSI Dividend Low Volatility Index,CSI Dividend Low Volatility,10845.88,10931.16,10745.42,10875.06,25.55,0.24,5319683645.0,353.38,50.0,6.88,2024-11-19,6.88,353.38
20241120,H30269,中证红利低波动指数,红利低波,CSI Dividend Low Volatility Index,CSI Dividend Low Volatility,10832.81,10897.62,10800.81,10895.73,20.66,0.19,3616223787.0,248.16,50.0,6.87,2024-11-20,6.87,248.16
20241121,H30269,中证红利低波动指数,红利低波,CSI Dividend Low Volatility Index,CSI Dividend Low Volatility,10875.68,10921.52,10826.37,10867.64,-28.08,-0.26,2807420516.0,203.92,50.0,6.87,2024-11-21,6.87,203.92
20241122,H30269,中证红利低波动指数,红利低波,CSI Dividend Low Volatility Index,CSI Dividend Low Volatility,10852.7,10898.23,10594.0,10594.0,-273.64,-2.52,3761467475.0,274.65,50.0,6.75,2024-11-22,6.75,274.65
20241125,H30269,中证红利低波动指数,红利低波,CSI Dividend Low Volatility Index,CSI Dividend Low Volatility,10609.1,10700.94,10551.67,10613.13,19.12,0.18,3488160885.0,244.08,50.0,6.77,2024-11-25,6.77,244.08
20241126,H30269,中证红利低波动指数,红利低波,CSI Dividend Low Volatility Index,CSI Dividend Low Volatility,10597.79,10677.69,10582.28,10641.61,28.48,0.27,3309043325.0,226.36,50.0,6.83,2024-11-26,6.83,226.36
20241127,H30269,中证红利低波动指数,红利低波,CSI Dividend Low Volatility Index,CSI Dividend Low Volatility,10620.38,10771.44,10531.19,10771.44,129.83,1.22,3356724688.0,239.57,50.0,6.89,2024-11-27,6.89,239.57
20241128,H30269,中证红利低波动指数,红利低波,CSI Dividend Low Volatility Index,CSI Dividend Low Volatility,10756.47,10802.83,10718.57,10732.88,-38.56,-0.36,2833417664.0,205.42,50.0,6.88,2024-11-28,6.88,205.42
20241129,H30269,中证红利低波动指数,红利低波,CSI Dividend Low Volatility Index,CSI Dividend Low Volatility,10729.82,10825.97,10729.82,10762.82,29.94,0.28,3575632924.0,252.15,50.0,6.86,2024-11-29,6.86,252.15
20241202,H30269,中证红利低波动指数,红利低波,CSI Dividend Low Volatility Index,CSI Dividend Low Volatility,10769.39,10792.42,10698.44,10775.88,13.06,0.12,4026321753.0,294.4,50.0,6.85,2024-12-02,6.85,294.4
20241203,H30269,中证红利低波动指数,红利低波,CSI Dividend Low Volatility Index,CSI Dividend Low Volatility,10765.49,10909.21,10726.04,10909.21,133.33,1.24,4141355697.0,293.8,50.0,6.94,2024-12-03,6.94,293.8
20241204,H30269,中证红利低波动指数,红利低波,CSI Dividend Low Volatility Index,CSI Dividend Low Volatility,10869.78,10981.49,10819.28,10937.81,28.6,0.26,4186611502.0,316.83,50.0,7.03,2024-12-04,7.03,316.83
20241205,H30269,中证红利低波动指数,红利低波,CSI Dividend Low Volatility Index,CSI Dividend Low Volatility,10920.75,10963.2,10897.64,10932.16,-5.66,-0.05,2974712176.0,219.02,50.0,7.0,2024-12-05,7.0,219.02
20241206,H30269,中证红利低波动指数,红利低波,CSI Dividend Low Volatility Index,CSI Dividend Low Volatility,10933.52,11085.04,10933.16,11066.5,134.35,1.23,3967086065.0,287.0,50.0,7.05,2024-12-06,7.05,287.0
20241209,H30269,中证红利低波动指数,红利低波,CSI Dividend Low Volatility Index,CSI Dividend Low Volatility,11057.48,11159.28,11023.62,11104.62,38.12,0.34,3680030817.0,264.17,50.0,7.1,2024-12-09,7.1,264.17
20241210,H30269,中证红利低波动指数,红利低波,CSI Dividend Low Volatility Index,CSI Dividend Low Volatility,11274.6,11294.87,11094.9,11109.63,5.01,0.04,4596856912.0,340.13,50.0,7.14,2024-12-10,7.14,340.13
20241211,H30269,中证红利低波动指数,红利低波,CSI Dividend Low Volatility Index,CSI Dividend Low Volatility,11079.34,11160.14,11071.47,11113.44,3.8,0.03,3930614825.0,296.02,50.0,7.08,2024-12-11,7.08,296.02
20241212,H30269,中证红利低波动指数,红利低波,CSI Dividend Low Volatility Index,CSI Dividend Low Volatility,11115.92,11157.39,11082.2,11144.92,31.49,0.28,3871152933.0,284.83,50.0,7.14,2024-12-12,7.14,284.83
20241213,H30269,中证红利低波动指数,红利低波,CSI Dividend Low Volatility Index,CSI Dividend Low Volatility,11110.09,11110.09,10919.34,10939.02,-205.9,-1.85,5280923912.0,387.93,50.0,7.05,2024-12-13,7.05,387.93
20241216,H30269,中证红利低波动指数,红利低波,CSI Dividend Low Volatility Index,CSI Dividend Low Volatility,10947.14,11155.44,10946.89,11108.82,169.8,1.55,5004423955.0,442.83,50.0,6.88,2024-12-16,6.88,442.83
20241217,H30269,中证红利低波动指数,红利低波,CSI Dividend Low Volatility Index,CSI Dividend Low Volatility,11094.58,11226.15,11082.44,11099.03,-9.79,-0.09,4336344073.0,379.52,50.0,6.88,2024-12-17,6.88,379.52
20241218,H30269,中证红利低波动指数,红利低波,CSI Dividend Low Volatility Index,CSI Dividend Low Volatility,11117.55,11254.85,11117.29,11184.37,85.34,0.77,4599296990.0,401.45,50.0,6.93,2024-12-18,6.93,401.45
20241219,H30269,中证红利低波动指数,红利低波,CSI Dividend Low Volatility Index,CSI Dividend Low Volatility,11125.08,11170.68,11029.24,11066.14,-118.23,-1.06,3850243981.0,324.17,50.0,6.85,2024-12-19,6.85,324.17
20241220,H30269,中证红利低波动指数,红利低波,CSI Dividend Low Volatility Index,CSI Dividend Low Volatility,11031.67,11082.45,10984.38,10984.38,-81.76,-0.74,3783724304.0,320.78,50.0,6.84,2024-12-20,6.84,320.78
20241223,H30269,中证红利低波动指数,红利低波,CSI Dividend Low Volatility Index,CSI Dividend Low Volatility,10982.93,11113.08,10980.6,11018.6,34.22,0.31,4846844046.0,411.06,50.0,6.97,2024-12-23,6.97,411.06
20241224,H30269,中证红利低波动指数,红利低波,CSI Dividend Low Volatility Index,CSI Dividend Low Volatility,11014.59,11140.63,11007.87,11135.63,117.03,1.06,3997609931.0,362.58,50.0,7.06,2024-12-24,7.06,362.58
20241225,H30269,中证红利低波动指数,红利低波,CSI Dividend Low Volatility Index,CSI Dividend Low Volatility,11134.92,11221.93,11123.18,11209.5,73.88,0.66,4393805728.0,378.71,50.0,7.15,2024-12-25,7.15,378.71
20241226,H30269,中证红利低波动指数,红利低波,CSI Dividend Low Volatility Index,CSI Dividend Low Volatility,11192.89,11199.32,11122.1,11162.13,-47.38,-0.42,3393539088.0,297.39,50.0,7.13,2024-12-26,7.13,297.39
20241227,H30269,中证红利低波动指数,红利低波,CSI Dividend Low Volatility Index,CSI Dividend Low Volatility,11150.6,11193.79,11053.1,11187.83,25.7,0.23,3934041043.0,343.23,50.0,7.12,2024-12-27,7.12,343.23
20241230,H30269,中证红利低波动指数,红利低波,CSI Dividend Low Volatility Index,CSI Dividend Low Volatility,11167.82,11290.86,11167.25,11278.05,90.22,0.81,3999741099.0,358.96,50.0,7.19,2024-12-30,7.19,358.96
20241231,H30269,中证红利低波动指数,红利低波,CSI Dividend Low Volatility Index,CSI Dividend Low Volatility,11268.52,11342.38,11190.82,11190.82,-87.23,-0.77,4260613099.0,385.63,50.0,7.14,2024-12-31,7.14,385.63
20250102,H30269,中证红利低波动指数,红利低波,CSI Dividend Low Volatility Index,CSI Dividend Low Volatility,11197.47,11262.14,10895.5,10947.1,-243.73,-2.18,4996148726.0,442.48,50.0,6.98,2025-01-02,6.98,442.48
20250103,H30269,中证红利低波动指数,红利低波,CSI Dividend Low Volatility Index,CSI Dividend Low Volatility,10973.58,11027.62,10808.14,10824.55,-122.55,-1.12,4184705593.0,360.57,50.0,6.94,2025-01-03,6.94,360.57
20250106,H30269,中证红利低波动指数,红利低波,CSI Dividend Low Volatility Index,CSI Dividend Low Volatility,10815.35,10859.64,10716.27,10850.64,26.1,0.24,3931333910.0,338.96,50.0,6.98,2025-01-06,6.98,338.96
20250107,H30269,中证红利低波动指数,红利低波,CSI Dividend Low Volatility Index,CSI Dividend Low Volatility,10829.23,10876.27,10753.35,10870.23,19.58,0.18,3312120692.0,282.86,50.0,6.99,2025-01-07,6.99,282.86
20250108,H30269,中证红利低波动指数,红利低波,CSI Dividend Low Volatility Index,CSI Dividend Low Volatility,10844.38,10936.4,10772.43,10910.47,40.24,0.37,3943942476.0,343.19,50.0,7.02,2025-01-08,7.02,343.19
20250109,H30269,中证红利低波动指数,红利低波,CSI Dividend Low Volatility Index,CSI Dividend Low Volatility,10890.21,10890.21,10772.58,10775.19,-135.27,-1.24,3045055829.0,260.84,50.0,6.94,2025-01-09,6.94,260.84
20250110,H30269,中证红利低波动指数,红利低波,CSI Dividend Low Volatility Index,CSI Dividend Low Volatility,10772.52,10802.98,10646.89,10646.89,-128.3,-1.19,3010198299.0,264.76,50.0,6.89,2025-01-10,6.89,264.76
20250113,H30269,中证红利低波动指数,红利低波,CSI Dividend Low Volatility Index,CSI Dividend Low Volatility,10595.61,10626.58,10473.59,10543.62,-103.28,-0.97,3214081232.0,275.78,50.0,6.83,2025-01-13,6.83,275.78
20250114,H30269,中证红利低波动指数,红利低波,CSI Dividend Low Volatility Index,CSI Dividend Low Volatility,10550.34,10711.86,10536.06,10695.28,151.66,1.44,3415645154.0,309.57,50.0,6.89,2025-01-14,6.89,309.57
20250115,H30269,中证红利低波动指数,红利低波,CSI Dividend Low Volatility Index,CSI Dividend Low Volatility,10678.94,10821.86,10674.15,10711.94,16.67,0.15,3312345697.0,298.87,50.0,6.92,2025-01-15,6.92,298.87
20250116,H30269,中证红利低波动指数,红利低波,CSI Dividend Low Volatility Index,CSI Dividend Low Volatility,10754.52,10833.03,10731.39,10808.31,96.36,0.9,3062418393.0,275.24,50.0,6.97,2025-01-16,6.97,275.24
20250117,H30269,中证红利低波动指数,红利低波,CSI Dividend Low Volatility Index,CSI Dividend Low Volatility,10804.63,10848.45,10734.1,10791.59,-16.72,-0.15,3032540684.0,263.99,50.0,6.91,2025-01-17,6.91,263.99
20250120,H30269,中证红利低波动指数,红利低波,CSI Dividend Low Volatility Index,CSI Dividend Low Volatility,10813.69,10857.3,10762.6,10774.98,-16.61,-0.15,3069351204.0,273.56,50.0,6.85,2025-01-20,6.85,273.56
20250121,H30269,中证红利低波动指数,红利低波,CSI Dividend Low Volatility Index,CSI Dividend Low Volatility,10815.97,10817.41,10680.18,10699.56,-75.42,-0.7,2749126184.0,243.79,50.0,6.83,2025-01-21,6.83,243.79
20250122,H30269,中证红利低波动指数,红利低波,CSI Dividend Low Volatility Index,CSI Dividend Low Volatility,10675.41,10675.41,10516.39,10538.75,-160.81,-1.5,3296008261.0,287.95,50.0,6.71,2025-01-22,6.71,287.95
20250123,H30269,中证红利低波动指数,红利低波,CSI Dividend Low Volatility Index,CSI Dividend Low Volatility,10600.36,10741.75,10600.36,10692.47,153.73,1.46,4519917023.0,389.04,50.0,6.85,2025-01-23,6.85,389.04
20250124,H30269,中证红利低波动指数,红利低波,CSI Dividend Low Volatility Index,CSI Dividend Low Volatility,10661.25,10773.52,10605.12,10721.22,28.75,0.27,3294149489.0,293.09,50.0,6.84,2025-01-24,6.84,293.09
20250127,H30269,中证红利低波动指数,红利低波,CSI Dividend Low Volatility Index,CSI Dividend Low Volatility,10741.02,10914.63,10741.02,10875.65,154.43,1.44,3610739566.0,310.05,50.0,6.96,2025-01-27,6.96,310.05
20250205,H30269,中证红利低波动指数,红利低波,CSI Dividend Low Volatility Index,CSI Dividend Low Volatility,10896.4,10900.52,10664.89,10681.47,-194.17,-1.79,3446779495.0,301.27,50.0,6.82,2025-02-05,6.82,301.27
20250206,H30269,中证红利低波动指数,红利低波,CSI Dividend Low Volatility Index,CSI Dividend Low Volatility,10675.85,10729.11,10624.17,10686.25,4.78,0.04,2905445492.0,251.43,50.0,6.82,2025-02-06,6.82,251.43
20250207,H30269,中证红利低波动指数,红利低波,CSI Dividend Low Volatility Index,CSI Dividend Low Volatility,10672.0,10741.07,10630.55,10698.43,12.17,0.11,3731175137.0,329.4,50.0,6.82,2025-02-07,6.82,329.4
20250210,H30269,中证红利低波动指数,红利低波,CSI Dividend Low Volatility Index,CSI Dividend Low Volatility,10695.44,10727.94,10669.03,10687.12,-11.31,-0.1,3208465542.0,304.46,50.0,6.82,2025-02-10,6.82,304.46
20250211,H30269,中证红利低波动指数,红利低波,CSI Dividend Low Volatility Index,CSI Dividend Low Volatility,10696.16,10806.0,10696.1,10801.09,113.97,1.07,3804691447.0,318.94,50.0,6.9,2025-02-11,6.9,318.94
20250212,H30269,中证红利低波动指数,红利低波,CSI Dividend Low Volatility Index,CSI Dividend Low Volatility,10793.74,10834.82,10756.79,10832.69,31.6,0.29,3340217211.0,294.55,50.0,6.94,2025-02-12,6.94,294.55
20250213,H30269,中证红利低波动指数,红利低波,CSI Dividend Low Volatility Index,CSI Dividend Low Volatility,10817.96,10890.22,10814.42,10845.19,12.5,0.11,3611145654.0,312.12,50.0,6.95,2025-02-13,6.95,312.12
20250214,H30269,中证红利低波动指数,红利低波,CSI Dividend Low Volatility Index,CSI Dividend Low Volatility,10843.19,10863.42,10778.83,10856.46,11.27,0.1,3598968855.0,329.07,50.0,6.98,2025-02-14,6.98,329.07
20250217,H30269,中证红利低波动指数,红利低波,CSI Dividend Low Volatility Index,CSI Dividend Low Volatility,10865.89,10865.89,10775.57,10845.1,-11.36,-0.1,3732930963.0,346.13,50.0,6.98,2025-02-17,6.98,346.13
20250218,H30269,中证红利低波动指数,红利低波,CSI Dividend Low Volatility Index,CSI Dividend Low Volatility,10824.96,10940.12,10819.65,10844.39,-0.71,-0.01,4479084114.0,381.57,50.0,7.04,2025-02-18,7.04,381.57
20250219,H30269,中证红利低波动指数,红利低波,CSI Dividend Low Volatility Index,CSI Dividend Low Volatility,10833.09,10861.43,10809.36,10844.34,-0.05,0.0,3504758411.0,297.57,50.0,7.0,2025-02-19,7.0,297.57
20250220,H30269,中证红利低波动指数,红利低波,CSI Dividend Low Volatility Index,CSI Dividend Low Volatility,10830.33,10842.15,10793.24,10825.1,-19.24,-0.18,2846067935.0,256.4,50.0,7.0,2025-02-20,7.0,256.4
20250221,H30269,中证红利低波动指数,红利低波,CSI Dividend Low Volatility Index,CSI Dividend Low Volatility,10831.7,10834.84,10706.67,10722.64,-102.46,-0.95,4526272822.0,408.64,50.0,6.92,2025-02-21,6.92,408.64
20250224,H30269,中证红利低波动指数,红利低波,CSI Dividend Low Volatility Index,CSI Dividend Low Volatility,10708.43,10752.21,10682.48,10714.96,-7.69,-0.07,4184264330.0,375.23,50.0,6.89,2025-02-24,6.89,375.23
20250225,H30269,中证红利低波动指数,红利低波,CSI Dividend Low Volatility Index,CSI Dividend Low Volatility,10692.48,10698.02,10603.07,10620.42,-94.54,-0.88,3517179265.0,316.66,50.0,6.83,2025-02-25,6.83,316.66
20250226,H30269,中证红利低波动指数,红利低波,CSI Dividend Low Volatility Index,CSI Dividend Low Volatility,10628.12,10734.08,10628.12,10698.59,78.17,0.74,3442527349.0,300.01,50.0,6.86,2025-02-26,6.86,300.01
20250227,H30269,中证红利低波动指数,红利低波,CSI Dividend Low Volatility Index,CSI Dividend Low Volatility,10704.08,10791.61,10669.12,10791.61,93.01,0.87,3671685921.0,325.34,50.0,6.93,2025-02-27,6.93,325.34
20250228,H30269,中证红利低波动指数,红利低波,CSI Dividend Low Volatility Index,CSI Dividend Low Volatility,10774.31,10827.21,10739.33,10739.33,-52.27,-0.48,4040136773.0,359.78,50.0,6.88,2025-02-28,6.88,359.78
20250303,H30269,中证红利低波动指数,红利低波,CSI Dividend Low Volatility Index,CSI Dividend Low Volatility,10755.16,10796.31,10719.24,10749.19,9.86,0.09,3550687042.0,298.36,50.0,6.87,2025-03-03,6.87,298.36
20250304,H30269,中证红利低波动指数,红利低波,CSI Dividend Low Volatility Index,CSI Dividend Low Volatility,10718.34,10769.6,10704.05,10747.38,-1.81,-0.02,2935317300.0,244.02,50.0,6.82,2025-03-04,6.82,244.02
20250305,H30269,中证红利低波动指数,红利低波,CSI Dividend Low Volatility Index,CSI Dividend Low Volatility,10751.51,10841.14,10728.18,10840.2,92.82,0.86,3984811677.0,335.2,50.0,6.91,2025-03-05,6.91,335.2
20250306,H30269,中证红利低波动指数,红利低波,CSI Dividend Low Volatility Index,CSI Dividend Low Volatility,10839.11,10844.06,10747.95,10786.68,-53.52,-0.49,3828328796.0,346.5,50.0,6.89,2025-03-06,6.89,346.5
20250307,H30269,中证红利低波动指数,红利低波,CSI Dividend Low Volatility Index,CSI Dividend Low Volatility,10783.82,10818.62,10757.84,10769.55,-17.12,-0.16,3011770842.0,271.78,50.0,6.89,2025-03-07,6.89,271.78
20250310,H30269,中证红利低波动指数,红利低波,CSI Dividend Low Volatility Index,CSI Dividend Low Volatility,10759.83,10763.47,10679.7,10717.19,-52.36,-0.49,3049211891.0,271.64,50.0,6.84,2025-03-10,6.84,271.64
20250311,H30269,中证红利低波动指数,红利低波,CSI Dividend Low Volatility Index,CSI Dividend Low Volatility,10669.41,10788.29,10662.0,10788.29,71.1,0.66,2790240662.0,251.83,50.0,6.88,2025-03-11,6.88,251.83
20250312,H30269,中证红利低波动指数,红利低波,CSI Dividend Low Volatility Index,CSI Dividend Low Volatility,10783.05,10805.99,10748.73,10772.93,-15.36,-0.14,2843204042.0,254.51,50.0,6.84,2025-03-12,6.84,254.51
20250313,H30269,中证红利低波动指数,红利低波,CSI Dividend Low Volatility Index,CSI Dividend Low Volatility,10771.69,10857.36,10771.69,10828.0,55.07,0.51,3138941882.0,290.45,50.0,6.88,2025-03-13,6.88,290.45
20250314,H30269,中证红利低波动指数,红利低波,CSI Dividend Low Volatility Index,CSI Dividend Low Volatility,10829.48,10938.68,10829.48,10919.86,91.86,0.85,4596241755.0,452.39,50.0,6.95,2025-03-14,6.95,452.39
20250317,H30269,中证红利低波动指数,红利低波,CSI Dividend Low Volatility Index,CSI Dividend Low Volatility,10936.48,10973.96,10918.61,10954.09,34.23,0.31,3307611921.0,309.45,50.0,6.98,2025-03-17,6.98,309.45
20250318,H30269,中证红利低波动指数,红利低波,CSI Dividend Low Volatility Index,CSI Dividend Low Volatility,10966.25,10970.61,10909.49,10943.09,-11.0,-0.1,2372203788.0,229.7,50.0,6.98,2025-03-18,6.98,229.7
20250319,H30269,中证红利低波动指数,红利低波,CSI Dividend Low Volatility Index,CSI Dividend Low Volatility,10938.69,11014.97,10916.39,11013.65,70.56,0.64,3011684304.0,284.3,50.0,7.04,2025-03-19,7.04,284.3
20250320,H30269,中证红利低波动指数,红利低波,CSI Dividend Low Volatility Index,CSI Dividend Low Volatility,11009.59,11049.26,10955.83,10965.66,-47.99,-0.43,2831590338.0,307.15,50.0,7.0,2025-03-20,7.0,307.15
20250321,H30269,中证红利低波动指数,红利低波,CSI Dividend Low Volatility Index,CSI Dividend Low Volatility,10959.69,11046.29,10893.69,10931.57,-34.09,-0.31,3395546012.0,348.06,50.0,6.94,2025-03-21,6.94,348.06
20250324,H30269,中证红利低波动指数,红利低波,CSI Dividend Low Volatility Index,CSI Dividend Low Volatility,10938.05,11011.11,10938.05,11004.47,72.9,0.67,3353593367.0,300.05,50.0,7.0,2025-03-24,7.0,300.05
20250325,H30269,中证红利低波动指数,红利低波,CSI Dividend Low Volatility Index,CSI Dividend Low Volatility,11001.32,11083.78,10999.59,11079.94,75.47,0.69,2852339450.0,247.11,50.0,7.04,2025-03-25,7.04,247.11
20250326,H30269,中证红利低波动指数,红利低波,CSI Dividend Low Volatility Index,CSI Dividend Low Volatility,11055.03,11084.1,11019.33,11044.66,-35.28,-0.32,2754068414.0,286.24,50.0,6.99,2025-03-26,6.99,286.24
20250327,H30269,中证红利低波动指数,红利低波,CSI Dividend Low Volatility Index,CSI Dividend Low Volatility,11047.09,11102.75,11035.83,11068.44,23.77,0.22,2572136382.0,244.71,50.0,7.02,2025-03-27,7.02,244.71
20250328,H30269,中证红利低波动指数,红利低波,CSI Dividend Low Volatility Index,CSI Dividend Low Volatility,11061.43,11066.7,10998.49,11033.2,-35.24,-0.32,2926221225.0,242.21,50.0,6.99,2025-03-28,6.99,242.21
20250331,H30269,中证红利低波动指数,红利低波,CSI Dividend Low Volatility Index,CSI Dividend Low Volatility,11032.61,11131.08,11001.25,11039.76,6.56,0.06,4525085453.0,364.09,50.0,7.03,2025-03-31,7.03,364.09
20250401,H30269,中证红利低波动指数,红利低波,CSI Dividend Low Volatility Index,CSI Dividend Low Volatility,11032.66,11081.43,11005.55,11066.43,26.67,0.24,3558025528.0,290.59,50.0,7.0,2025-04-01,7.0,290.59
20250402,H30269,中证红利低波动指数,红利低波,CSI Dividend Low Volatility Index,CSI Dividend Low Volatility,11065.76,11168.07,11065.76,11148.44,82.01,0.74,3029222472.0,252.26,50.0,7.03,2025-04-02,7.03,252.26
20250403,H30269,中证红利低波动指数,红利低波,CSI Dividend Low Volatility Index,CSI Dividend Low Volatility,11069.68,11181.53,11069.68,11173.51,25.07,0.22,3136843617.0,277.39,50.0,7.06,2025-04-03,7.06,277.39
20250407,H30269,中证红利低波动指数,红利低波,CSI Dividend Low Volatility Index,CSI Dividend Low Volatility,10837.18,10908.98,10348.71,10575.66,-597.85,-5.35,7997863080.0,728.01,50.0,6.74,2025-04-07,6.74,728.01
20250408,H30269,中证红利低波动指数,红利低波,CSI Dividend Low Volatility Index,CSI Dividend Low Volatility,10575.82,10806.08,10575.82,10805.73,230.07,2.17,6420168864.0,589.98,50.0,6.87,2025-04-08,6.87,589.98
20250409,H30269,中证红利低波动指数,红利低波,CSI Dividend Low Volatility Index,CSI Dividend Low Volatility,10732.95,10777.01,10562.03,10777.01,-28.71,-0.27,5234492949.0,455.05,50.0,6.81,2025-04-09,6.81,455.05
20250410,H30269,中证红利低波动指数,红利低波,CSI Dividend Low Volatility Index,CSI Dividend Low Volatility,10826.53,10862.0,10756.56,10838.95,61.94,0.57,4311813139.0,379.77,50.0,6.83,2025-04-10,6.83,379.77
20250411,H30269,中证红利低波动指数,红利低波,CSI Dividend Low Volatility Index,CSI Dividend Low Volatility,10816.21,10816.21,10744.25,10787.04,-51.91,-0.48,3531937224.0,294.91,50.0,6.85,2025-04-11,6.85,294.91
20250414,H30269,中证红利低波动指数,红利低波,CSI Dividend Low Volatility Index,CSI Dividend Low Volatility,10809.99,10887.61,10791.29,10874.59,87.54,0.81,3498878207.0,295.76,50.0,6.91,2025-04-14,6.91,295.76
20250415,H30269,中证红利低波动指数,红利低波,CSI Dividend Low Volatility Index,CSI Dividend Low Volatility,10876.98,11002.68,10866.18,10997.39,122.81,1.13,3631517071.0,309.48,50.0,7.01,2025-04-15,7.01,309.48
20250416,H30269,中证红利低波动指数,红利低波,CSI Dividend Low Volatility Index,CSI Dividend Low Volatility,10991.33,11095.22,10976.38,11092.54,95.15,0.86,3981189425.0,348.38,50.0,7.1,2025-04-16,7.1,348.38
20250417,H30269,中证红利低波动指数,红利低波,CSI Dividend Low Volatility Index,CSI Dividend Low Volatility,11059.54,11116.34,11005.66,11105.36,12.82,0.11,2730309374.0,240.64,50.0,7.11,2025-04-17,7.11,240.64
20250418,H30269,中证红利低波动指数,红利低波,CSI Dividend Low Volatility Index,CSI Dividend Low Volatility,11076.2,11145.61,11074.3,11126.96,21.6,0.19,2679662428.0,235.58,50.0,7.15,2025-04-18,7.15,235.58
20250421,H30269,中证红利低波动指数,红利低波,CSI Dividend Low Volatility Index,CSI Dividend Low Volatility,11115.63,11193.09,11054.34,11055.19,-71.77,-0.65,3052801289.0,260.16,50.0,7.08,2025-04-21,7.08,260.16
20250422,H30269,中证红利低波动指数,红利低波,CSI Dividend Low Volatility Index,CSI Dividend Low Volatility,11050.15,11143.25,11050.15,11118.11,62.92,0.57,2898840960.0,245.66,50.0,7.15,2025-04-22,7.15,245.66
20250423,H30269,中证红利低波动指数,红利低波,CSI Dividend Low Volatility Index,CSI Dividend Low Volatility,11130.74,11133.16,11048.15,11065.89,-52.22,-0.47,2482085805.0,224.31,50.0,7.12,2025-04-23,7.12,224.31
20250424,H30269,中证红利低波动指数,红利低波,CSI Dividend Low Volatility Index,CSI Dividend Low Volatility,11077.65,11199.15,11076.32,11180.83,114.94,1.04,2928411467.0,258.15,50.0,7.21,2025-04-24,7.21,258.15
20250425,H30269,中证红利低波动指数,红利低波,CSI Dividend Low Volatility Index,CSI Dividend Low Volatility,11175.83,11192.94,11131.96,11160.12,-20.7,-0.19,2719555308.0,239.49,50.0,7.16,2025-04-25,7.16,239.49
20250428,H30269,中证红利低波动指数,红利低波,CSI Dividend Low Volatility Index,CSI Dividend Low Volatility,11165.97,11245.31,11145.32,11215.77,55.64,0.5,2984073070.0,274.67,50.0,7.22,2025-04-28,7.22,274.67
20250429,H30269,中证红利低波动指数,红利低波,CSI Dividend Low Volatility Index,CSI Dividend Low Volatility,11180.23,11253.59,11175.72,11183.8,-31.96,-0.28,2745533314.0,247.25,50.0,7.19,2025-04-29,7.19,247.25
20250430,H30269,中证红利低波动指数,红利低波,CSI Dividend Low Volatility Index,CSI Dividend Low Volatility,11121.08,11124.57,10966.11,10971.48,-212.32,-1.9,4821021456.0,410.05,50.0,7.03,2025-04-30,7.03,410.05
20250506,H30269,中证红利低波动指数,红利低波,CSI Dividend Low Volatility Index,CSI Dividend Low Volatility,11002.5,11008.33,10924.11,10989.8,18.32,0.17,3863812648.0,330.03,50.0,6.96,2025-05-06,6.96,330.03
20250507,H30269,中证红利低波动指数,红利低波,CSI Dividend Low Volatility Index,CSI Dividend Low Volatility,11044.91,11086.35,11008.83,11086.35,96.55,0.88,3810767598.0,330.2,50.0,7.07,2025-05-07,7.07,330.2
20250508,H30269,中证红利低波动指数,红利低波,CSI Dividend Low Volatility Index,CSI Dividend Low Volatility,11060.33,11160.72,11047.34,11144.87,58.52,0.53,3064420996.0,297.8,50.0,7.09,2025-05-08,7.09,297.8
20250509,H30269,中证红利低波动指数,红利低波,CSI Dividend Low Volatility Index,CSI Dividend Low Volatility,11135.28,11223.92,11134.45,11220.36,75.49,0.68,3086540815.0,282.16,50.0,7.16,2025-05-09,7.16,282.16
20250512,H30269,中证红利低波动指数,红利低波,CSI Dividend Low Volatility Index,CSI Dividend Low Volatility,11222.4,11267.06,11165.12,11225.68,5.32,0.05,3106112900.0,302.18,50.0,7.17,2025-05-12,7.17,302.18
20250513,H30269,中证红利低波动指数,红利低波,CSI Dividend Low Volatility Index,CSI Dividend Low Volatility,11257.23,11341.65,11212.61,11341.65,115.96,1.03,3471584451.0,314.42,50.0,7.25,2025-05-13,7.25,314.42
20250514,H30269,中证红利低波动指数,红利低波,CSI Dividend Low Volatility Index,CSI Dividend Low Volatility,11330.31,11426.5,11278.04,11408.46,66.82,0.59,3644594311.0,395.01,50.0,7.31,2025-05-14,7.31,395.01
20250515,H30269,中证红利低波动指数,红利低波,CSI Dividend Low Volatility Index,CSI Dividend Low Volatility,11390.07,11448.05,11361.25,11361.25,-47.21,-0.41,2869593319.0,282.76,50.0,7.3,2025-05-15,7.3,282.76
20250516,H30269,中证红利低波动指数,红利低波,CSI Dividend Low Volatility Index,CSI Dividend Low Volatility,11355.03,11372.28,11237.3,11291.27,-69.98,-0.62,3041281657.0,279.26,50.0,7.22,2025-05-16,7.22,279.26
20250519,H30269,中证红利低波动指数,红利低波,CSI Dividend Low Volatility Index,CSI Dividend Low Volatility,11298.36,11351.48,11298.36,11315.27,24.0,0.21,2382782055.0,223.75,50.0,7.2,2025-05-19,7.2,223.75
20250520,H30269,中证红利低波动指数,红利低波,CSI Dividend Low Volatility Index,CSI Dividend Low Volatility,11336.76,11391.9,11320.07,11355.59,40.32,0.36,2313546713.0,225.3,50.0,7.22,2025-05-20,7.22,225.3
20250521,H30269,中证红利低波动指数,红利低波,CSI Dividend Low Volatility Index,CSI Dividend Low Volatility,11352.77,11446.11,11352.77,11419.05,63.46,0.56,2506875203.0,242.26,50.0,7.25,2025-05-21,7.25,242.26
20250522,H30269,中证红利低波动指数,红利低波,CSI Dividend Low Volatility Index,CSI Dividend Low Volatility,11413.77,11482.19,11383.13,11471.24,52.19,0.46,2620797140.0,243.1,50.0,7.29,2025-05-22,7.29,243.1
20250523,H30269,中证红利低波动指数,红利低波,CSI Dividend Low Volatility Index,CSI Dividend Low Volatility,11472.8,11535.45,11381.44,11381.44,-89.8,-0.78,2948963216.0,269.04,50.0,7.22,2025-05-23,7.22,269.04
20250526,H30269,中证红利低波动指数,红利低波,CSI Dividend Low Volatility Index,CSI Dividend Low Volatility,11364.1,11408.32,11312.92,11338.12,-43.32,-0.38,2650784923.0,239.69,50.0,7.18,2025-05-26,7.18,239.69
20250527,H30269,中证红利低波动指数,红利低波,CSI Dividend Low Volatility Index,CSI Dividend Low Volatility,11334.72,11386.94,11321.1,11347.43,9.31,0.08,2411760604.0,215.54,50.0,7.19,2025-05-27,7.19,215.54
20250528,H30269,中证红利低波动指数,红利低波,CSI Dividend Low Volatility Index,CSI Dividend Low Volatility,11343.95,11410.1,11323.44,11402.55,55.12,0.49,2383942593.0,219.05,50.0,7.21,2025-05-28,7.21,219.05
20250529,H30269,中证红利低波动指数,红利低波,CSI Dividend Low Volatility Index,CSI Dividend Low Volatility,11388.41,11421.6,11351.56,11381.56,-20.99,-0.18,2559694746.0,238.48,50.0,7.19,2025-05-29,7.19,238.48
20250530,H30269,中证红利低波动指数,红利低波,CSI Dividend Low Volatility Index,CSI Dividend Low Volatility,11382.51,11459.27,11382.51,11420.31,38.75,0.34,3221909779.0,292.74,50.0,7.22,2025-05-30,7.22,292.74
20250603,H30269,中证红利低波动指数,红利低波,CSI Dividend Low Volatility Index,CSI Dividend Low Volatility,11422.44,11567.65,11405.79,11539.2,118.89,1.04,3892996858.0,364.94,50.0,7.29,2025-06-03,7.29,364.94
20250604,H30269,中证红利低波动指数,红利低波,CSI Dividend Low Volatility Index,CSI Dividend Low Volatility,11528.09,11593.58,11519.25,11585.37,46.17,0.4,2723353971.0,263.06,50.0,7.29,2025-06-04,7.29,263.06
20250605,H30269,中证红利低波动指数,红利低波,CSI Dividend Low Volatility Index,CSI Dividend Low Volatility,11581.41,11602.68,11485.33,11493.13,-92.25,-0.8,2813900148.0,262.69,50.0,7.28,2025-06-05,7.28,262.69
20250606,H30269,中证红利低波动指数,红利低波,CSI Dividend Low Volatility Index,CSI Dividend Low Volatility,11504.0,11545.6,11488.08,11503.01,9.88,0.08,2523277319.0,234.2,50.0,7.3,2025-06-06,7.3,234.2
20250609,H30269,中证红利低波动指数,红利低波,CSI Dividend Low Volatility Index,CSI Dividend Low Volatility,11516.35,11526.36,11438.36,11508.6,5.59,0.05,3143077409.0,283.76,50.0,7.31,2025-06-09,7.31,283.76
20250610,H30269,中证红利低波动指数,红利低波,CSI Dividend Low Volatility Index,CSI Dividend Low Volatility,11505.7,11601.49,11472.2,11522.1,13.5,0.12,3742777361.0,333.41,50.0,7.33,2025-06-10,7.33,333.41
20250611,H30269,中证红利低波动指数,红利低波,CSI Dividend Low Volatility Index,CSI Dividend Low Volatility,11509.33,11555.14,11500.55,11533.35,11.25,0.1,2720491064.0,278.36,50.0,7.37,2025-06-11,7.37,278.36
20250612,H30269,中证红利低波动指数,红利低波,CSI Dividend Low Volatility Index,CSI Dividend Low Volatility,11529.99,11581.61,11501.15,11570.57,37.22,0.32,3003160308.0,293.56,50.0,7.37,2025-06-12,7.37,293.56
20250613,H30269,中证红利低波动指数,红利低波,CSI Dividend Low Volatility Index,CSI Dividend Low Volatility,11553.86,11563.41,11447.07,11457.89,-112.68,-0.97,4866558491.0,436.43,50.0,7.34,2025-06-13,7.34,436.43
20250616,H30269,中证红利低波动指数,红利低波,CSI Dividend Low Volatility Index,CSI Dividend Low Volatility,11448.23,11523.49,11426.71,11522.91,65.02,0.57,3807220160.0,328.96,50.0,7.39,2025-06-16,7.39,328.96
20250617,H30269,中证红利低波动指数,红利低波,CSI Dividend Low Volatility Index,CSI Dividend Low Volatility,11516.82,11553.43,11481.46,11496.22,-26.7,-0.23,2774815907.0,260.41,50.0,7.41,2025-06-17,7.41,260.41
20250618,H30269,中证红利低波动指数,红利低波,CSI Dividend Low Volatility Index,CSI Dividend Low Volatility,11500.71,11570.43,11459.28,11563.5,67.28,0.59,3381135757.0,297.22,50.0,7.48,2025-06-18,7.48,297.22
20250619,H30269,中证红利低波动指数,红利低波,CSI Dividend Low Volatility Index,CSI Dividend Low Volatility,11563.2,11578.17,11487.24,11532.38,-31.12,-0.27,3100758104.0,282.84,50.0,7.49,2025-06-19,7.49,282.84
20250620,H30269,中证红利低波动指数,红利低波,CSI Dividend Low Volatility Index,CSI Dividend Low Volatility,11513.8,11589.19,11502.11,11574.36,41.98,0.36,3434343102.0,337.8,50.0,7.52,2025-06-20,7.52,337.8
20250623,H30269,中证红利低波动指数,红利低波,CSI Dividend Low Volatility Index,CSI Dividend Low Volatility,11553.19,11664.17,11467.62,11639.58,65.22,0.56,3995102282.0,378.04,50.0,7.6,2025-06-23,7.6,378.04
20250624,H30269,中证红利低波动指数,红利低波,CSI Dividend Low Volatility Index,CSI Dividend Low Volatility,11623.01,11683.8,11588.25,11668.01,28.43,0.24,4382329516.0,434.68,50.0,7.63,2025-06-24,7.63,434.68
20250625,H30269,中证红利低波动指数,红利低波,CSI Dividend Low Volatility Index,CSI Dividend Low Volatility,11642.08,11752.57,11591.16,11737.65,69.64,0.6,4054767801.0,404.59,50.0,7.66,2025-06-25,7.66,404.59
20250626,H30269,中证红利低波动指数,红利低波,CSI Dividend Low Volatility Index,CSI Dividend Low Volatility,11703.94,11786.12,11656.3,11767.43,29.78,0.25,3567045213.0,344.85,50.0,7.68,2025-06-26,7.68,344.85
20250627,H30269,中证红利低波动指数,红利低波,CSI Dividend Low Volatility Index,CSI Dividend Low Volatility,11754.03,11801.21,11555.2,11578.34,-189.08,-1.61,5306380863.0,493.44,50.0,7.49,2025-06-27,7.49,493.44
20250630,H30269,中证红利低波动指数,红利低波,CSI Dividend Low Volatility Index,CSI Dividend Low Volatility,11534.79,11583.79,11496.89,11544.86,-33.48,-0.29,3374055178.0,321.47,50.0,7.48,2025-06-30,7.48,321.47
20250701,H30269,中证红利低波动指数,红利低波,CSI Dividend Low Volatility Index,CSI Dividend Low Volatility,11565.09,11672.11,11559.44,11664.28,119.42,1.03,3008924408.0,274.55,50.0,7.55,2025-07-01,7.55,274.55
20250702,H30269,中证红利低波动指数,红利低波,CSI Dividend Low Volatility Index,CSI Dividend Low Volatility,11677.41,11735.39,11666.63,11690.35,26.07,0.22,2896522564.0,277.91,50.0,7.57,2025-07-02,7.57,277.91
20250703,H30269,中证红利低波动指数,红利低波,CSI Dividend Low Volatility Index,CSI Dividend Low Volatility,11697.14,11742.88,11643.39,11692.72,2.36,0.02,2639437837.0,256.65,50.0,7.55,2025-07-03,7.55,256.65
20250704,H30269,中证红利低波动指数,红利低波,CSI Dividend Low Volatility Index,CSI Dividend Low Volatility,11697.35,11851.27,11690.08,11803.5,110.78,0.95,3539828754.0,349.66,50.0,7.65,2025-07-04,7.65,349.66
20250707,H30269,中证红利低波动指数,红利低波,CSI Dividend Low Volatility Index,CSI Dividend Low Volatility,11815.3,11866.91,11766.47,11863.71,60.21,0.51,3088467817.0,291.37,50.0,7.68,2025-07-07,7.68,291.37
20250708,H30269,中证红利低波动指数,红利低波,CSI Dividend Low Volatility Index,CSI Dividend Low Volatility,11861.92,11893.68,11791.3,11838.53,-25.18,-0.21,2893900035.0,286.23,50.0,7.69,2025-07-08,7.69,286.23
20250709,H30269,中证红利低波动指数,红利低波,CSI Dividend Low Volatility Index,CSI Dividend Low Volatility,11834.21,11935.14,11832.29,11902.55,64.02,0.54,3374153148.0,326.02,50.0,7.73,2025-07-09,7.73,326.02
20250710,H30269,中证红利低波动指数,红利低波,CSI Dividend Low Volatility Index,CSI Dividend Low Volatility,11888.01,11999.28,11888.01,11946.95,44.4,0.37,4693810331.0,471.78,50.0,7.82,2025-07-10,7.82,471.78
20250711,H30269,中证红利低波动指数,红利低波,CSI Dividend Low Volatility Index,CSI Dividend Low Volatility,11935.11,11993.22,11808.71,11808.71,-138.24,-1.16,6289256464.0,614.71,50.0,7.72,2025-07-11,7.72,614.71
20250714,H30269,中证红利低波动指数,红利低波,CSI Dividend Low Volatility Index,CSI Dividend Low Volatility,11804.74,11948.93,11804.7,11884.86,76.15,0.64,4337765605.0,399.32,50.0,7.75,2025-07-14,7.75,399.32
20250715,H30269,中证红利低波动指数,红利低波,CSI Dividend Low Volatility Index,CSI Dividend Low Volatility,11887.45,11918.34,11749.46,11775.08,-109.78,-0.92,3399375936.0,329.01,50.0,7.7,2025-07-15,7.7,329.01
20250716,H30269,中证红利低波动指数,红利低波,CSI Dividend Low Volatility Index,CSI Dividend Low Volatility,11770.02,11784.83,11675.04,11731.93,-43.15,-0.37,3273727254.0,309.05,50.0,7.69,2025-07-16,7.69,309.05
20250717,H30269,中证红利低波动指数,红利低波,CSI Dividend Low Volatility Index,CSI Dividend Low Volatility,11720.55,11756.52,11665.98,11697.79,-34.15,-0.29,2846929266.0,264.26,50.0,7.62,2025-07-17,7.62,264.26
20250718,H30269,中证红利低波动指数,红利低波,CSI Dividend Low Volatility Index,CSI Dividend Low Volatility,11714.65,11774.8,11694.7,11756.51,58.72,0.5,2890896796.0,282.68,50.0,7.66,2025-07-18,7.66,282.68
20250721,H30269,中证红利低波动指数,红利低波,CSI Dividend Low Volatility Index,CSI Dividend Low Volatility,11779.88,11793.84,11730.53,11758.42,1.91,0.02,3628323887.0,341.51,50.0,7.63,2025-07-21,7.63,341.51
20250722,H30269,中证红利低波动指数,红利低波,CSI Dividend Low Volatility Index,CSI Dividend Low Volatility,11766.74,11787.88,11631.86,11781.17,22.75,0.19,5318620585.0,508.39,50.0,7.59,2025-07-22,7.59,508.39
20250723,H30269,中证红利低波动指数,红利低波,CSI Dividend Low Volatility Index,CSI Dividend Low Volatility,11818.19,11897.45,11785.47,11795.91,14.74,0.13,5207733642.0,504.38,50.0,7.64,2025-07-23,7.64,504.38
20250724,H30269,中证红利低波动指数,红利低波,CSI Dividend Low Volatility Index,CSI Dividend Low Volatility,11783.88,11783.88,11678.17,11703.87,-92.04,-0.78,4914187946.0,470.73,50.0,7.56,2025-07-24,7.56,470.73
20250725,H30269,中证红利低波动指数,红利低波,CSI Dividend Low Volatility Index,CSI Dividend Low Volatility,11696.79,11720.54,11616.82,11625.29,-78.58,-0.67,3940869721.0,373.39,50.0,7.51,2025-07-25,7.51,373.39
20250728,H30269,中证红利低波动指数,红利低波,CSI Dividend Low Volatility Index,CSI Dividend Low Volatility,11605.45,11649.42,11557.2,11569.65,-55.64,-0.48,3579776467.0,385.96,50.0,7.5,2025-07-28,7.5,385.96
20250729,H30269,中证红利低波动指数,红利低波,CSI Dividend Low Volatility Index,CSI Dividend Low Volatility,11574.25,11602.65,11471.0,11501.6,-68.05,-0.59,3753801381.0,357.47,50.0,7.46,2025-07-29,7.46,357.47
20250730,H30269,中证红利低波动指数,红利低波,CSI Dividend Low Volatility Index,CSI Dividend Low Volatility,11499.66,11615.59,11484.78,11543.98,42.38,0.37,4028511669.0,395.88,50.0,7.53,2025-07-30,7.53,395.88
20250731,H30269,中证红利低波动指数,红利低波,CSI Dividend Low Volatility Index,CSI Dividend Low Volatility,11532.17,11537.31,11355.76,11400.2,-143.78,-1.24,4411261541.0,417.95,50.0,7.53,2025-07-31,7.53,417.95
20250801,H30269,中证红利低波动指数,红利低波,CSI Dividend Low Volatility Index,CSI Dividend Low Volatility,11392.16,11457.29,11345.34,11397.97,-2.23,-0.02,3838886393.0,350.04,50.0,7.5,2025-08-01,7.5,350.04
20250804,H30269,中证红利低波动指数,红利低波,CSI Dividend Low Volatility Index,CSI Dividend Low Volatility,11363.34,11479.29,11363.31,11466.9,68.94,0.6,3735973482.0,331.83,50.0,7.55,2025-08-04,7.55,331.83
20250805,H30269,中证红利低波动指数,红利低波,CSI Dividend Low Volatility Index,CSI Dividend Low Volatility,11469.03,11606.82,11457.43,11603.09,136.19,1.19,3756322823.0,346.21,50.0,7.65,2025-08-05,7.65,346.21
20250806,H30269,中证红利低波动指数,红利低波,CSI Dividend Low Volatility Index,CSI Dividend Low Volatility,11611.88,11641.45,11570.05,11618.83,15.74,0.14,3145082866.0,298.98,50.0,7.67,2025-08-06,7.67,298.98
20250807,H30269,中证红利低波动指数,红利低波,CSI Dividend Low Volatility Index,CSI Dividend Low Volatility,11631.76,11666.62,11566.03,11656.17,37.35,0.32,3195210969.0,306.72,50.0,7.73,2025-08-07,7.73,306.72
20250808,H30269,中证红利低波动指数,红利低波,CSI Dividend Low Volatility Index,CSI Dividend Low Volatility,11661.59,11708.74,11642.4,11675.79,19.62,0.17,2891494438.0,287.63,50.0,7.71,2025-08-08,7.71,287.63
20250811,H30269,中证红利低波动指数,红利低波,CSI Dividend Low Volatility Index,CSI Dividend Low Volatility,11673.44,11689.15,11572.22,11600.86,-74.93,-0.64,3659400345.0,350.19,50.0,7.65,2025-08-11,7.65,350.19
20250812,H30269,中证红利低波动指数,红利低波,CSI Dividend Low Volatility Index,CSI Dividend Low Volatility,11592.71,11688.67,11592.71,11641.71,40.85,0.35,3332561204.0,323.46,50.0,7.72,2025-08-12,7.72,323.46
20250813,H30269,中证红利低波动指数,红利低波,CSI Dividend Low Volatility Index,CSI Dividend Low Volatility,11644.0,11656.85,11563.5,11573.6,-68.12,-0.59,4356536558.0,424.91,50.0,7.65,2025-08-13,7.65,424.91
20250814,H30269,中证红利低波动指数,红利低波,CSI Dividend Low Volatility Index,CSI Dividend Low Volatility,11586.2,11666.88,11562.11,11568.04,-5.55,-0.05,3653088620.0,380.77,50.0,7.67,2025-08-14,7.67,380.77
20250815,H30269,中证红利低波动指数,红利低波,CSI Dividend Low Volatility Index,CSI Dividend Low Volatility,11574.84,11577.7,11454.27,11530.92,-37.13,-0.32,5737305521.0,539.11,50.0,7.58,2025-08-15,7.58,539.11
20250818,H30269,中证红利低波动指数,红利低波,CSI Dividend Low Volatility Index,CSI Dividend Low Volatility,11555.06,11597.88,11517.93,11562.45,31.53,0.27,4620170557.0,463.27,50.0,7.59,2025-08-18,7.59,463.27
20250819,H30269,中证红利低波动指数,红利低波,CSI Dividend Low Volatility Index,CSI Dividend Low Volatility,11578.14,11601.05,11534.15,11569.32,6.87,0.06,4063827259.0,424.77,50.0,7.62,2025-08-19,7.62,424.77
20250820,H30269,中证红利低波动指数,红利低波,CSI Dividend Low Volatility Index,CSI Dividend Low Volatility,11560.13,11672.13,11519.12,11662.64,93.32,0.81,4275227214.0,418.41,50.0,7.67,2025-08-20,7.67,418.41
20250821,H30269,中证红利低波动指数,红利低波,CSI Dividend Low Volatility Index,CSI Dividend Low Volatility,11667.82,11737.59,11634.92,11721.45,58.82,0.5,3928867443.0,381.56,50.0,7.75,2025-08-21,7.75,381.56
20250822,H30269,中证红利低波动指数,红利低波,CSI Dividend Low Volatility Index,CSI Dividend Low Volatility,11715.75,11717.99,11617.77,11681.7,-39.76,-0.34,4230500548.0,422.35,50.0,7.75,2025-08-22,7.75,422.35
20250825,H30269,中证红利低波动指数,红利低波,CSI Dividend Low Volatility Index,CSI Dividend Low Volatility,11679.85,11788.35,11639.88,11788.35,106.66,0.91,4838138770.0,470.87,50.0,7.77,2025-08-25,7.77,470.87
20250826,H30269,中证红利低波动指数,红利低波,CSI Dividend Low Volatility Index,CSI Dividend Low Volatility,11786.73,11794.79,11744.04,11759.82,-28.53,-0.24,3855477832.0,378.48,50.0,7.75,2025-08-26,7.75,378.48
20250827,H30269,中证红利低波动指数,红利低波,CSI Dividend Low Volatility Index,CSI Dividend Low Volatility,11741.8,11751.64,11548.09,11548.44,-211.38,-1.8,5234680827.0,510.87,50.0,7.59,2025-08-27,7.59,510.87
20250828,H30269,中证红利低波动指数,红利低波,CSI Dividend Low Volatility Index,CSI Dividend Low Volatility,11546.39,11604.88,11454.41,11570.38,21.93,0.19,4669081235.0,454.73,50.0,7.58,2025-08-28,7.58,454.73
20250829,H30269,中证红利低波动指数,红利低波,CSI Dividend Low Volatility Index,CSI Dividend Low Volatility,11565.07,11688.94,11516.17,11516.87,-53.51,-0.46,6348702073.0,605.85,50.0,7.58,2025-08-29,7.58,605.85
20250901,H30269,中证红利低波动指数,红利低波,CSI Dividend Low Volatility Index,CSI Dividend Low Volatility,11514.55,11610.28,11463.62,11497.62,-19.25,-0.17,6217724450.0,579.34,50.0,7.86,2025-09-01,7.86,579.34
20250902,H30269,中证红利低波动指数,红利低波,CSI Dividend Low Volatility Index,CSI Dividend Low Volatility,11514.98,11593.73,11492.17,11593.73,96.1,0.83,5901032267.0,569.52,50.0,8.02,2025-09-02,8.02,569.52
20250903,H30269,中证红利低波动指数,红利低波,CSI Dividend Low Volatility Index,CSI Dividend Low Volatility,11611.87,11613.39,11430.03,11464.96,-128.77,-1.11,4203073210.0,405.28,50.0,7.94,2025-09-03,7.94,405.28
20250904,H30269,中证红利低波动指数,红利低波,CSI Dividend Low Volatility Index,CSI Dividend Low Volatility,11453.76,11509.47,11336.79,11494.93,29.97,0.26,6303280894.0,570.53,50.0,8.05,2025-09-04,8.05,570.53
20250905,H30269,中证红利低波动指数,红利低波,CSI Dividend Low Volatility Index,CSI Dividend Low Volatility,11475.08,11475.08,11383.91,11442.96,-51.97,-0.45,4208356815.0,383.18,50.0,7.94,2025-09-05,7.94,383.18
20250908,H30269,中证红利低波动指数,红利低波,CSI Dividend Low Volatility Index,CSI Dividend Low Volatility,11423.78,11484.54,11407.12,11456.98,14.02,0.12,4396534561.0,405.47,50.0,7.9,2025-09-08,7.9,405.47
20250909,H30269,中证红利低波动指数,红利低波,CSI Dividend Low Volatility Index,CSI Dividend Low Volatility,11456.7,11513.11,11446.14,11505.07,48.09,0.42,3675543242.0,333.84,50.0,7.93,2025-09-09,7.93,333.84
20250910,H30269,中证红利低波动指数,红利低波,CSI Dividend Low Volatility Index,CSI Dividend Low Volatility,11485.12,11515.0,11443.57,11484.59,-20.49,-0.18,3548147912.0,310.75,50.0,7.93,2025-09-10,7.93,310.75
20250911,H30269,中证红利低波动指数,红利低波,CSI Dividend Low Volatility Index,CSI Dividend Low Volatility,11471.26,11518.72,11407.87,11517.31,32.72,0.28,4292038184.0,396.26,50.0,7.95,2025-09-11,7.95,396.26
20250912,H30269,中证红利低波动指数,红利低波,CSI Dividend Low Volatility Index,CSI Dividend Low Volatility,11510.69,11535.35,11419.9,11430.28,-87.03,-0.76,4367995086.0,408.57,50.0,7.89,2025-09-12,7.89,408.57
20250915,H30269,中证红利低波动指数,红利低波,CSI Dividend Low Volatility Index,CSI Dividend Low Volatility,11423.03,11425.86,11315.57,11342.12,-88.16,-0.77,4198444316.0,378.84,50.0,7.85,2025-09-15,7.85,378.84
20250916,H30269,中证红利低波动指数,红利低波,CSI Dividend Low Volatility Index,CSI Dividend Low Volatility,11344.91,11370.68,11277.31,11294.34,-47.78,-0.42,5031806622.0,428.44,50.0,7.77,2025-09-16,7.77,428.44
20250917,H30269,中证红利低波动指数,红利低波,CSI Dividend Low Volatility Index,CSI Dividend Low Volatility,11283.44,11341.41,11265.43,11328.98,34.64,0.31,4082031624.0,375.16,50.0,7.75,2025-09-17,7.75,375.16
20250918,H30269,中证红利低波动指数,红利低波,CSI Dividend Low Volatility Index,CSI Dividend Low Volatility,11323.44,11324.08,11070.65,11104.34,-224.63,-1.98,5353213387.0,502.98,50.0,7.57,2025-09-18,7.57,502.98
20250919,H30269,中证红利低波动指数,红利低波,CSI Dividend Low Volatility Index,CSI Dividend Low Volatility,11093.15,11189.78,11057.47,11173.04,68.7,0.62,4535967342.0,397.25,50.0,7.54,2025-09-19,7.54,397.25
20250922,H30269,中证红利低波动指数,红利低波,CSI Dividend Low Volatility Index,CSI Dividend Low Volatility,11174.35,11202.47,11065.4,11090.31,-82.73,-0.74,3287700488.0,302.44,50.0,7.46,2025-09-22,7.46,302.44
20250923,H30269,中证红利低波动指数,红利低波,CSI Dividend Low Volatility Index,CSI Dividend Low Volatility,11075.33,11169.73,11027.38,11165.43,75.12,0.68,5609924803.0,493.35,50.0,7.58,2025-09-23,7.58,493.35
20250924,H30269,中证红利低波动指数,红利低波,CSI Dividend Low Volatility Index,CSI Dividend Low Volatility,11137.83,11225.91,11120.15,11155.5,-9.93,-0.09,4047472973.0,356.68,50.0,7.57,2025-09-24,7.57,356.68
20250925,H30269,中证红利低波动指数,红利低波,CSI Dividend Low Volatility Index,CSI Dividend Low Volatility,11146.24,11149.88,11035.94,11064.03,-91.48,-0.82,3614645373.0,326.24,50.0,7.53,2025-09-25,7.53,326.24
20250926,H30269,中证红利低波动指数,红利低波,CSI Dividend Low Volatility Index,CSI Dividend Low Volatility,11041.36,11093.25,10968.43,11057.02,-7.01,-0.06,3389804679.0,321.43,50.0,7.54,2025-09-26,7.54,321.43
20250929,H30269,中证红利低波动指数,红利低波,CSI Dividend Low Volatility Index,CSI Dividend Low Volatility,11053.4,11129.63,10983.89,11051.18,-5.83,-0.05,4614159296.0,432.28,50.0,7.5,2025-09-29,7.5,432.28
20250930,H30269,中证红利低波动指数,红利低波,CSI Dividend Low Volatility Index,CSI Dividend Low Volatility,11048.08,11048.45,10950.44,10967.06,-84.12,-0.76,3909977321.0,356.19,50.0,7.46,2025-09-30,7.46,356.19
20251009,H30269,中证红利低波动指数,红利低波,CSI Dividend Low Volatility Index,CSI Dividend Low Volatility,10961.79,10994.29,10913.33,10992.49,25.43,0.23,4702420545.0,432.39,50.0,7.49,2025-10-09,7.49,432.39
20251010,H30269,中证红利低波动指数,红利低波,CSI Dividend Low Volatility Index,CSI Dividend Low Volatility,10965.4,11111.3,10961.18,11074.12,81.62,0.74,5355502265.0,456.66,50.0,7.53,2025-10-10,7.53,456.66
20251013,H30269,中证红利低波动指数,红利低波,CSI Dividend Low Volatility Index,CSI Dividend Low Volatility,10957.66,11161.07,10940.4,11142.0,67.89,0.61,5465223024.0,484.81,50.0,7.54,2025-10-13,7.54,484.81
20251014,H30269,中证红利低波动指数,红利低波,CSI Dividend Low Volatility Index,CSI Dividend Low Volatility,11134.38,11355.29,11099.26,11339.4,197.4,1.77,6594177175.0,634.23,50.0,7.71,2025-10-14,7.71,634.23
20251015,H30269,中证红利低波动指数,红利低波,CSI Dividend Low Volatility Index,CSI Dividend Low Volatility,11324.0,11404.22,11297.49,11398.22,58.83,0.52,4748813414.0,453.13,50.0,7.76,2025-10-15,7.76,453.13
20251016,H30269,中证红利低波动指数,红利低波,CSI Dividend Low Volatility Index,CSI Dividend Low Volatility,11375.85,11466.72,11372.34,11455.07,56.84,0.5,5155294012.0,472.39,50.0,7.89,2025-10-16,7.89,472.39
20251017,H30269,中证红利低波动指数,红利低波,CSI Dividend Low Volatility Index,CSI Dividend Low Volatility,11446.24,11524.95,11389.38,11412.03,-43.03,-0.37,4743701529.0,439.31,50.0,7.88,2025-10-17,7.88,439.31
20251020,H30269,中证红利低波动指数,红利低波,CSI Dividend Low Volatility Index,CSI Dividend Low Volatility,11404.06,11434.27,11278.58,11419.24,7.21,0.06,4449245574.0,397.31,50.0,7.93,2025-10-20,7.93,397.31
20251021,H30269,中证红利低波动指数,红利低波,CSI Dividend Low Volatility Index,CSI Dividend Low Volatility,11417.07,11480.47,11390.28,11459.72,40.48,0.35,4442540982.0,420.54,50.0,7.98,2025-10-21,7.98,420.54
20251022,H30269,中证红利低波动指数,红利低波,CSI Dividend Low Volatility Index,CSI Dividend Low Volatility,11441.25,11544.62,11440.07,11530.87,71.15,0.62,4442674027.0,376.8,50.0,8.09,2025-10-22,8.09,376.8
20251023,H30269,中证红利低波动指数,红利低波,CSI Dividend Low Volatility Index,CSI Dividend Low Volatility,11520.72,11607.27,11499.62,11591.33,60.46,0.52,5419360266.0,456.57,50.0,8.16,2025-10-23,8.16,456.57
20251024,H30269,中证红利低波动指数,红利低波,CSI Dividend Low Volatility Index,CSI Dividend Low Volatility,11562.38,11579.34,11500.49,11514.38,-76.95,-0.66,4851190523.0,415.89,50.0,8.13,2025-10-24,8.13,415.89
20251027,H30269,中证红利低波动指数,红利低波,CSI Dividend Low Volatility Index,CSI Dividend Low Volatility,11501.69,11572.38,11435.31,11520.77,6.39,0.06,5080396253.0,462.3,50.0,8.19,2025-10-27,8.19,462.3
20251028,H30269,中证红利低波动指数,红利低波,CSI Dividend Low Volatility Index,CSI Dividend Low Volatility,11516.97,11541.39,11433.09,11503.14,-17.63,-0.15,4114586012.0,360.83,50.0,8.22,2025-10-28,8.22,360.83
20251029,H30269,中证红利低波动指数,红利低波,CSI Dividend Low Volatility Index,CSI Dividend Low Volatility,11472.32,11473.35,11348.43,11411.03,-92.11,-0.8,4639574336.0,452.47,50.0,8.12,2025-10-29,8.12,452.47
20251030,H30269,中证红利低波动指数,红利低波,CSI Dividend Low Volatility Index,CSI Dividend Low Volatility,11411.93,11497.87,11403.39,11421.11,10.08,0.09,4282507798.0,415.17,50.0,8.12,2025-10-30,8.12,415.17
20251031,H30269,中证红利低波动指数,红利低波,CSI Dividend Low Volatility Index,CSI Dividend Low Volatility,11436.47,11437.37,11350.34,11415.44,-5.67,-0.05,4994393642.0,431.69,50.0,8.07,2025-10-31,8.07,431.69
20251103,H30269,中证红利低波动指数,红利低波,CSI Dividend Low Volatility Index,CSI Dividend Low Volatility,11426.94,11568.43,11421.36,11567.42,151.97,1.33,4487798804.0,412.89,50.0,8.2,2025-11-03,8.2,412.89
20251104,H30269,中证红利低波动指数,红利低波,CSI Dividend Low Volatility Index,CSI Dividend Low Volatility,11568.69,11718.46,11562.02,11688.88,121.46,1.05,4986572213.0,483.72,50.0,8.33,2025-11-04,8.33,483.72
20251105,H30269,中证红利低波动指数,红利低波,CSI Dividend Low Volatility Index,CSI Dividend Low Volatility,11678.36,11720.61,11627.23,11692.4,3.53,0.03,3791396834.0,360.23,50.0,8.33,2025-11-05,8.33,360.23
20251106,H30269,中证红利低波动指数,红利低波,CSI Dividend Low Volatility Index,CSI Dividend Low Volatility,11672.82,11730.22,11629.27,11695.07,2.67,0.02,3516691368.0,347.75,50.0,8.3,2025-11-06,8.3,347.75
20251107,H30269,中证红利低波动指数,红利低波,CSI Dividend Low Volatility Index,CSI Dividend Low Volatility,11697.39,11773.54,11683.29,11696.68,1.61,0.01,3275765271.0,302.52,50.0,8.29,2025-11-07,8.29,302.52
20251110,H30269,中证红利低波动指数,红利低波,CSI Dividend Low Volatility Index,CSI Dividend Low Volatility,11693.94,11802.59,11657.16,11802.59,105.91,0.91,3487176650.0,331.31,50.0,8.36,2025-11-10,8.36,331.31
20251111,H30269,中证红利低波动指数,红利低波,CSI Dividend Low Volatility Index,CSI Dividend Low Volatility,11784.38,11841.5,11753.01,11830.57,27.98,0.24,2949263397.0,288.51,50.0,8.39,2025-11-11,8.39,288.51
20251112,H30269,中证红利低波动指数,红利低波,CSI Dividend Low Volatility Index,CSI Dividend Low Volatility,11862.51,11988.47,11862.39,11919.99,89.42,0.76,4402655207.0,465.98,50.0,8.49,2025-11-12,8.49,465.98
20251113,H30269,中证红利低波动指数,红利低波,CSI Dividend Low Volatility Index,CSI Dividend Low Volatility,11929.37,11955.85,11838.32,11908.58,-11.41,-0.09,3985433470.0,410.76,50.0,8.48,2025-11-13,8.48,410.76
20251114,H30269,中证红利低波动指数,红利低波,CSI Dividend Low Volatility Index,CSI Dividend Low Volatility,11906.45,11990.26,11867.85,11868.59,-39.99,-0.34,3824815143.0,376.09,50.0,8.48,2025-11-14,8.48,376.09
20251117,H30269,中证红利低波动指数,红利低波,CSI Dividend Low Volatility Index,CSI Dividend Low Volatility,11847.63,11854.4,11728.92,11771.06,-97.53,-0.82,3850015855.0,359.67,50.0,8.39,2025-11-17,8.39,359.67
20251118,H30269,中证红利低波动指数,红利低波,CSI Dividend Low Volatility Index,CSI Dividend Low Volatility,11771.01,11785.23,11649.7,11684.99,-86.06,-0.73,3123572055.0,293.22,50.0,8.36,2025-11-18,8.36,293.22
20251119,H30269,中证红利低波动指数,红利低波,CSI Dividend Low Volatility Index,CSI Dividend Low Volatility,11690.61,11750.16,11674.0,11704.44,19.45,0.17,3572689132.0,336.43,50.0,8.47,2025-11-19,8.47,336.43
20251120,H30269,中证红利低波动指数,红利低波,CSI Dividend Low Volatility Index,CSI Dividend Low Volatility,11695.62,11859.35,11677.14,11750.23,45.78,0.39,5164505240.0,434.87,50.0,8.51,2025-11-20,8.51,434.87
20251121,H30269,中证红利低波动指数,红利低波,CSI Dividend Low Volatility Index,CSI Dividend Low Volatility,11727.38,11767.61,11584.11,11592.02,-158.21,-1.35,5105182609.0,470.99,50.0,8.44,2025-11-21,8.44,470.99
20251124,H30269,中证红利低波动指数,红利低波,CSI Dividend Low Volatility Index,CSI Dividend Low Volatility,11602.98,11639.15,11521.24,11521.24,-70.78,-0.61,4381587971.0,404.44,50.0,8.35,2025-11-24,8.35,404.44
20251125,H30269,中证红利低波动指数,红利低波,CSI Dividend Low Volatility Index,CSI Dividend Low Volatility,11535.81,11616.01,11495.7,11592.02,70.78,0.61,3727519474.0,343.91,50.0,8.44,2025-11-25,8.44,343.91
20251126,H30269,中证红利低波动指数,红利低波,CSI Dividend Low Volatility Index,CSI Dividend Low Volatility,11595.92,11643.2,11511.78,11520.94,-71.08,-0.61,3447098938.0,312.97,50.0,8.35,2025-11-26,8.35,312.97
20251127,H30269,中证红利低波动指数,红利低波,CSI Dividend Low Volatility Index,CSI Dividend Low Volatility,11516.77,11572.99,11461.9,11541.7,20.76,0.18,3091056950.0,297.62,50.0,8.4,2025-11-27,8.4,297.62
20251128,H30269,中证红利低波动指数,红利低波,CSI Dividend Low Volatility Index,CSI Dividend Low Volatility,11528.92,11544.89,11488.82,11525.32,-16.38,-0.14,3214452195.0,286.68,50.0,8.33,2025-11-28,8.33,286.68
20251201,H30269,中证红利低波动指数,红利低波,CSI Dividend Low Volatility Index,CSI Dividend Low Volatility,11523.29,11621.15,11519.72,11617.14,91.82,0.8,3917049108.0,366.27,50.0,8.35,2025-12-01,8.35,366.27
20251202,H30269,中证红利低波动指数,红利低波,CSI Dividend Low Volatility Index,CSI Dividend Low Volatility,11614.99,11625.04,11569.72,11606.63,-10.51,-0.09,2952277485.0,276.56,50.0,8.36,2025-12-02,8.36,276.56
20251203,H30269,中证红利低波动指数,红利低波,CSI Dividend Low Volatility Index,CSI Dividend Low Volatility,11590.65,11644.61,11532.96,11547.9,-58.73,-0.5,3226724381.0,288.43,50.0,8.29,2025-12-03,8.29,288.43
20251204,H30269,中证红利低波动指数,红利低波,CSI Dividend Low Volatility Index,CSI Dividend Low Volatility,11540.88,11561.97,11475.86,11491.85,-56.05,-0.49,2694412725.0,236.06,50.0,8.27,2025-12-04,8.27,236.06
20251205,H30269,中证红利低波动指数,红利低波,CSI Dividend Low Volatility Index,CSI Dividend Low Volatility,11481.44,11496.81,11370.29,11425.6,-66.25,-0.58,3321003023.0,358.47,50.0,8.23,2025-12-05,8.23,358.47
20251208,H30269,中证红利低波动指数,红利低波,CSI Dividend Low Volatility Index,CSI Dividend Low Volatility,11428.07,11437.01,11365.57,11398.9,-26.7,-0.23,3174001255.0,342.75,50.0,8.23,2025-12-08,8.23,342.75
20251209,H30269,中证红利低波动指数,红利低波,CSI Dividend Low Volatility Index,CSI Dividend Low Volatility,11393.18,11393.97,11309.29,11320.32,-78.58,-0.69,3250608360.0,301.34,50.0,8.25,2025-12-09,8.25,301.34
20251210,H30269,中证红利低波动指数,红利低波,CSI Dividend Low Volatility Index,CSI Dividend Low Volatility,11314.21,11342.16,11226.52,11260.78,-59.54,-0.53,3740009083.0,348.74,50.0,8.12,2025-12-10,8.12,348.74
20251211,H30269,中证红利低波动指数,红利低波,CSI Dividend Low Volatility Index,CSI Dividend Low Volatility,11263.83,11268.17,11177.43,11202.41,-58.38,-0.52,3310678322.0,320.31,50.0,8.15,2025-12-11,8.15,320.31
20251212,H30269,中证红利低波动指数,红利低波,CSI Dividend Low Volatility Index,CSI Dividend Low Volatility,11209.66,11211.53,11145.96,11206.51,4.1,0.04,5268999915.0,518.1,50.0,8.09,2025-12-12,8.09,518.1
20251215,H30269,中证红利低波动指数,红利低波,CSI Dividend Low Volatility Index,CSI Dividend Low Volatility,11190.66,11291.52,11162.84,11236.04,29.53,0.26,3155524749.0,420.09,50.0,8.09,2025-12-15,8.09,420.09
20251216,H30269,中证红利低波动指数,红利低波,CSI Dividend Low Volatility Index,CSI Dividend Low Volatility,11226.32,11275.07,11165.54,11185.87,-50.17,-0.45,2978804007.0,348.77,50.0,8.05,2025-12-16,8.05,348.77
20251217,H30269,中证红利低波动指数,红利低波,CSI Dividend Low Volatility Index,CSI Dividend Low Volatility,11174.09,11241.88,11144.71,11197.32,11.45,0.1,2951926559.0,348.05,50.0,8.08,2025-12-17,8.08,348.05
20251218,H30269,中证红利低波动指数,红利低波,CSI Dividend Low Volatility Index,CSI Dividend Low Volatility,11189.13,11325.05,11170.38,11307.28,109.96,0.98,3043732529.0,327.0,50.0,8.08,2025-12-18,8.08,327.0
20251219,H30269,中证红利低波动指数,红利低波,CSI Dividend Low Volatility Index,CSI Dividend Low Volatility,11298.19,11341.57,11260.13,11290.71,-16.57,-0.15,2949879092.0,330.74,50.0,8.03,2025-12-19,8.03,330.74
20251222,H30269,中证红利低波动指数,红利低波,CSI Dividend Low Volatility Index,CSI Dividend Low Volatility,11286.81,11287.84,11217.83,11223.6,-67.11,-0.59,2594402192.0,300.92,50.0,8.03,2025-12-22,8.03,300.92
20251223,H30269,中证红利低波动指数,红利低波,CSI Dividend Low Volatility Index,CSI Dividend Low Volatility,11226.15,11298.56,11220.28,11244.53,20.93,0.19,2809149160.0,319.66,50.0,8.08,2025-12-23,8.08,319.66
20251224,H30269,中证红利低波动指数,红利低波,CSI Dividend Low Volatility Index,CSI Dividend Low Volatility,11244.21,11272.31,11192.74,11255.45,10.92,0.1,2481167862.0,278.38,50.0,8.05,2025-12-24,8.05,278.38
20251225,H30269,中证红利低波动指数,红利低波,CSI Dividend Low Volatility Index,CSI Dividend Low Volatility,11250.13,11314.31,11242.31,11268.02,12.57,0.11,2209539250.0,275.79,50.0,8.04,2025-12-25,8.04,275.79
20251226,H30269,中证红利低波动指数,红利低波,CSI Dividend Low Volatility Index,CSI Dividend Low Volatility,11261.52,11280.87,11235.21,11248.56,-19.46,-0.17,2102689050.0,263.19,50.0,8.01,2025-12-26,8.01,263.19
20251229,H30269,中证红利低波动指数,红利低波,CSI Dividend Low Volatility Index,CSI Dividend Low Volatility,11246.28,11297.23,11204.72,11251.68,3.12,0.03,3334650048.0,374.84,50.0,8.08,2025-12-29,8.08,374.84
20251230,H30269,中证红利低波动指数,红利低波,CSI Dividend Low Volatility Index,CSI Dividend Low Volatility,11242.85,11267.48,11201.69,11238.48,-13.2,-0.12,2911413779.0,359.57,50.0,8.09,2025-12-30,8.09,359.57
20251231,H30269,中证红利低波动指数,红利低波,CSI Dividend Low Volatility Index,CSI Dividend Low Volatility,11238.08,11291.54,11231.92,11240.0,1.51,0.01,2835770477.0,315.01,50.0,8.13,2025-12-31,8.13,315.01
20260105,H30269,中证红利低波动指数,红利低波,CSI Dividend Low Volatility Index,CSI Dividend Low Volatility,11258.72,11264.84,11175.57,11235.18,-4.81,-0.04,3964481520.0,498.75,50.0,8.08,2026-01-05,8.08,498.75
20260106,H30269,中证红利低波动指数,红利低波,CSI Dividend Low Volatility Index,CSI Dividend Low Volatility,11236.81,11251.81,11179.65,11248.35,13.17,0.12,4006630196.0,500.42,50.0,8.1,2026-01-06,8.1,500.42
20260107,H30269,中证红利低波动指数,红利低波,CSI Dividend Low Volatility Index,CSI Dividend Low Volatility,11233.85,11255.28,11183.5,11188.37,-59.99,-0.53,3654377637.0,452.2,50.0,8.01,2026-01-07,8.01,452.2
20260108,H30269,中证红利低波动指数,红利低波,CSI Dividend Low Volatility Index,CSI Dividend Low Volatility,11184.82,11184.82,11101.62,11119.0,-69.36,-0.62,3280345370.0,442.15,50.0,7.94,2026-01-08,7.94,442.15
20260109,H30269,中证红利低波动指数,红利低波,CSI Dividend Low Volatility Index,CSI Dividend Low Volatility,11127.21,11135.8,11079.91,11125.01,6.0,0.05,3259712647.0,473.18,50.0,7.93,2026-01-09,7.93,473.18
20260112,H30269,中证红利低波动指数,红利低波,CSI Dividend Low Volatility Index,CSI Dividend Low Volatility,11099.19,11149.52,11072.51,11141.69,16.68,0.15,3646369720.0,498.87,50.0,7.95,2026-01-12,7.95,498.87
20260113,H30269,中证红利低波动指数,红利低波,CSI Dividend Low Volatility Index,CSI Dividend Low Volatility,11145.74,11222.28,11143.42,11169.91,28.22,0.25,4415561908.0,576.8,50.0,8.0,2026-01-13,8.0,576.8
20260114,H30269,中证红利低波动指数,红利低波,CSI Dividend Low Volatility Index,CSI Dividend Low Volatility,11166.29,11166.29,11051.67,11051.67,-118.24,-1.06,5161823359.0,618.05,50.0,7.88,2026-01-14,7.88,618.05
20260115,H30269,中证红利低波动指数,红利低波,CSI Dividend Low Volatility Index,CSI Dividend Low Volatility,11046.72,11091.61,11011.7,11026.26,-25.41,-0.23,3599160979.0,443.11,50.0,7.84,2026-01-15,7.84,443.11
20260116,H30269,中证红利低波动指数,红利低波,CSI Dividend Low Volatility Index,CSI Dividend Low Volatility,11032.25,11047.92,10911.39,10930.35,-95.91,-0.87,4389098597.0,517.7,50.0,7.75,2026-01-16,7.75,517.7
20260119,H30269,中证红利低波动指数,红利低波,CSI Dividend Low Volatility Index,CSI Dividend Low Volatility,10923.88,10983.19,10907.49,10949.26,18.91,0.17,3385323709.0,383.37,50.0,7.71,2026-01-19,7.71,383.37
20260120,H30269,中证红利低波动指数,红利低波,CSI Dividend Low Volatility Index,CSI Dividend Low Volatility,10956.77,11118.61,10944.4,11110.63,161.37,1.47,4034438995.0,462.77,50.0,7.78,2026-01-20,7.78,462.77
20260121,H30269,中证红利低波动指数,红利低波,CSI Dividend Low Volatility Index,CSI Dividend Low Volatility,11105.86,11126.19,11005.75,11019.9,-90.72,-0.82,4330989117.0,476.8,50.0,7.66,2026-01-21,7.66,476.8
20260122,H30269,中证红利低波动指数,红利低波,CSI Dividend Low Volatility Index,CSI Dividend Low Volatility,11027.52,11107.64,11010.93,11039.97,20.07,0.18,4063727879.0,494.07,50.0,7.62,2026-01-22,7.62,494.07
20260123,H30269,中证红利低波动指数,红利低波,CSI Dividend Low Volatility Index,CSI Dividend Low Volatility,11041.8,11055.75,10965.4,10994.32,-45.65,-0.41,4096303322.0,515.09,50.0,7.53,2026-01-23,7.53,515.09
20260126,H30269,中证红利低波动指数,红利低波,CSI Dividend Low Volatility Index,CSI Dividend Low Volatility,11007.99,11092.57,10962.69,11051.79,57.47,0.52,5316602644.0,664.47,50.0,7.62,2026-01-26,7.62,664.47
20260127,H30269,中证红利低波动指数,红利低波,CSI Dividend Low Volatility Index,CSI Dividend Low Volatility,11050.16,11071.02,10985.33,10991.55,-60.24,-0.54,4807053213.0,552.88,50.0,7.63,2026-01-27,7.63,552.88
20260128,H30269,中证红利低波动指数,红利低波,CSI Dividend Low Volatility Index,CSI Dividend Low Volatility,10995.5,11099.37,10946.47,11016.89,25.34,0.23,5821233678.0,717.6,50.0,7.63,2026-01-28,7.63,717.6
20260129,H30269,中证红利低波动指数,红利低波,CSI Dividend Low Volatility Index,CSI Dividend Low Volatility,11033.23,11181.89,11001.39,11176.26,159.37,1.45,6434560825.0,801.78,50.0,7.72,2026-01-29,7.72,801.78
20260130,H30269,中证红利低波动指数,红利低波,CSI Dividend Low Volatility Index,CSI Dividend Low Volatility,11178.91,11267.42,11126.01,11168.2,-8.06,-0.07,5153305551.0,621.91,50.0,7.7,2026-01-30,7.7,621.91
20260202,H30269,中证红利低波动指数,红利低波,CSI Dividend Low Volatility Index,CSI Dividend Low Volatility,11136.46,11204.78,11016.92,11026.07,-142.13,-1.27,5357584922.0,602.91,50.0,7.68,2026-02-02,7.68,602.91
20260203,H30269,中证红利低波动指数,红利低波,CSI Dividend Low Volatility Index,CSI Dividend Low Volatility,11057.23,11058.24,10938.87,11006.12,-19.94,-0.18,4277122923.0,449.52,50.0,7.59,2026-02-03,7.59,449.52
20260204,H30269,中证红利低波动指数,红利低波,CSI Dividend Low Volatility Index,CSI Dividend Low Volatility,11014.09,11184.46,11011.52,11172.66,166.54,1.51,3982856896.0,427.73,50.0,7.67,2026-02-04,7.67,427.73
20260205,H30269,中证红利低波动指数,红利低波,CSI Dividend Low Volatility Index,CSI Dividend Low Volatility,11193.06,11320.75,11184.28,11299.01,126.35,1.13,4372815335.0,467.88,50.0,7.73,2026-02-05,7.73,467.88
20260206,H30269,中证红利低波动指数,红利低波,CSI Dividend Low Volatility Index,CSI Dividend Low Volatility,11278.86,11324.37,11218.09,11262.01,-37.01,-0.33,3794129176.0,388.37,50.0,7.72,2026-02-06,7.72,388.37
20260209,H30269,中证红利低波动指数,红利低波,CSI Dividend Low Volatility Index,CSI Dividend Low Volatility,11258.49,11323.27,11233.8,11314.06,52.06,0.46,3007203216.0,346.43,50.0,7.75,2026-02-09,7.75,346.43
20260210,H30269,中证红利低波动指数,红利低波,CSI Dividend Low Volatility Index,CSI Dividend Low Volatility,11320.32,11358.95,11289.79,11342.3,28.24,0.25,2943363235.0,307.56,50.0,7.78,2026-02-10,7.78,307.56
20260211,H30269,中证红利低波动指数,红利低波,CSI Dividend Low Volatility Index,CSI Dividend Low Volatility,11342.01,11386.21,11305.85,11369.4,27.09,0.24,2500641300.0,267.78,50.0,7.8,2026-02-11,7.8,267.78
20260212,H30269,中证红利低波动指数,红利低波,CSI Dividend Low Volatility Index,CSI Dividend Low Volatility,11375.8,11375.9,11250.99,11264.2,-105.2,-0.92,3328908544.0,342.32,50.0,7.72,2026-02-12,7.72,342.32
20260213,H30269,中证红利低波动指数,红利低波,CSI Dividend Low Volatility Index,CSI Dividend Low Volatility,11257.9,11264.06,11134.7,11144.77,-119.43,-1.06,3119494162.0,336.23,50.0,7.6,2026-02-13,7.6,336.23
20260224,H30269,中证红利低波动指数,红利低波,CSI Dividend Low Volatility Index,CSI Dividend Low Volatility,11215.06,11254.38,11198.48,11216.71,71.93,0.65,2956047781.0,353.66,50.0,7.64,2026-02-24,7.64,353.66
20260225,H30269,中证红利低波动指数,红利低波,CSI Dividend Low Volatility Index,CSI Dividend Low Volatility,11234.23,11305.1,11181.46,11199.59,-17.11,-0.15,3767505575.0,390.63,50.0,7.63,2026-02-25,7.63,390.63
20260226,H30269,中证红利低波动指数,红利低波,CSI Dividend Low Volatility Index,CSI Dividend Low Volatility,11199.75,11249.14,11141.56,11177.51,-22.09,-0.2,3030854799.0,358.51,50.0,7.57,2026-02-26,7.57,358.51
20260227,H30269,中证红利低波动指数,红利低波,CSI Dividend Low Volatility Index,CSI Dividend Low Volatility,11179.56,11247.1,11169.64,11212.0,34.49,0.31,2731971557.0,298.07,50.0,7.56,2026-02-27,7.56,298.07
20260302,H30269,中证红利低波动指数,红利低波,CSI Dividend Low Volatility Index,CSI Dividend Low Volatility,11215.16,11334.92,11184.37,11321.9,109.91,0.98,4982796310.0,570.86,50.0,7.69,2026-03-02,7.69,570.86
20260303,H30269,中证红利低波动指数,红利低波,CSI Dividend Low Volatility Index,CSI Dividend Low Volatility,11352.51,11506.83,11325.23,11424.71,102.81,0.91,6692787307.0,773.52,50.0,7.93,2026-03-03,7.93,773.52
20260304,H30269,中证红利低波动指数,红利低波,CSI Dividend Low Volatility Index,CSI Dividend Low Volatility,11397.6,11399.88,11220.2,11280.99,-143.72,-1.26,6079590557.0,712.23,50.0,7.87,2026-03-04,7.87,712.23
20260305,H30269,中证红利低波动指数,红利低波,CSI Dividend Low Volatility Index,CSI Dividend Low Volatility,11271.68,11352.86,11229.92,11309.9,28.91,0.26,4042594638.0,470.07,50.0,7.85,2026-03-05,7.85,470.07
20260306,H30269,中证红利低波动指数,红利低波,CSI Dividend Low Volatility Index,CSI Dividend Low Volatility,11276.45,11378.9,11274.91,11367.82,57.93,0.51,3403385841.0,386.54,50.0,7.82,2026-03-06,7.82,386.54
20260309,H30269,中证红利低波动指数,红利低波,CSI Dividend Low Volatility Index,CSI Dividend Low Volatility,11418.99,11443.07,11332.32,11373.38,5.55,0.05,4850583223.0,593.62,50.0,7.85,2026-03-09,7.85,593.62
20260310,H30269,中证红利低波动指数,红利低波,CSI Dividend Low Volatility Index,CSI Dividend Low Volatility,11309.31,11348.17,11263.83,11340.58,-32.8,-0.29,3692942233.0,415.5,50.0,7.74,2026-03-10,7.74,415.5
20260311,H30269,中证红利低波动指数,红利低波,CSI Dividend Low Volatility Index,CSI Dividend Low Volatility,11325.38,11473.26,11270.08,11464.33,123.74,1.09,3740034576.0,419.27,50.0,7.82,2026-03-11,7.82,419.27
20260312,H30269,中证红利低波动指数,红利低波,CSI Dividend Low Volatility Index,CSI Dividend Low Volatility,11473.86,11550.91,11440.1,11526.56,62.24,0.54,3703249282.0,423.46,50.0,7.84,2026-03-12,7.84,423.46
20260313,H30269,中证红利低波动指数,红利低波,CSI Dividend Low Volatility Index,CSI Dividend Low Volatility,11527.46,11624.19,11519.42,11550.16,23.6,0.2,4116065896.0,451.85,50.0,7.84,2026-03-13,7.84,451.85
20260316,H30269,中证红利低波动指数,红利低波,CSI Dividend Low Volatility Index,CSI Dividend Low Volatility,11563.81,11597.34,11484.13,11547.4,-2.77,-0.02,3607479175.0,407.65,50.0,7.85,2026-03-16,7.85,407.65
20260317,H30269,中证红利低波动指数,红利低波,CSI Dividend Low Volatility Index,CSI Dividend Low Volatility,11534.24,11628.93,11533.19,11574.01,26.61,0.23,3954539872.0,436.16,50.0,7.94,2026-03-17,7.94,436.16
20260318,H30269,中证红利低波动指数,红利低波,CSI Dividend Low Volatility Index,CSI Dividend Low Volatility,11570.95,11571.39,11465.31,11531.92,-42.09,-0.36,3806283846.0,388.47,50.0,7.91,2026-03-18,7.91,388.47
20260319,H30269,中证红利低波动指数,红利低波,CSI Dividend Low Volatility Index,CSI Dividend Low Volatility,11514.83,11588.45,11462.26,11486.4,-45.52,-0.39,4228644707.0,479.24,50.0,7.99,2026-03-19,7.99,479.24
20260320,H30269,中证红利低波动指数,红利低波,CSI Dividend Low Volatility Index,CSI Dividend Low Volatility,11473.5,11574.53,11439.04,11449.53,-36.87,-0.32,3676300391.0,413.8,50.0,7.93,2026-03-20,7.93,413.8
20260323,H30269,中证红利低波动指数,红利低波,CSI Dividend Low Volatility Index,CSI Dividend Low Volatility,11366.51,11367.26,11016.49,11054.69,-394.84,-3.45,5669751112.0,608.7,50.0,7.73,2026-03-23,7.73,608.7
20260324,H30269,中证红利低波动指数,红利低波,CSI Dividend Low Volatility Index,CSI Dividend Low Volatility,11124.05,11278.01,11097.75,11278.01,223.32,2.02,3956986381.0,417.73,50.0,7.79,2026-03-24,7.79,417.73
20260325,H30269,中证红利低波动指数,红利低波,CSI Dividend Low Volatility Index,CSI Dividend Low Volatility,11266.45,11368.98,11177.39,11359.02,81.02,0.72,3654554030.0,385.09,50.0,7.81,2026-03-25,7.81,385.09
20260326,H30269,中证红利低波动指数,红利低波,CSI Dividend Low Volatility Index,CSI Dividend Low Volatility,11336.62,11415.91,11333.56,11351.96,-7.06,-0.06,3099558180.0,354.38,50.0,7.84,2026-03-26,7.84,354.38
20260327,H30269,中证红利低波动指数,红利低波,CSI Dividend Low Volatility Index,CSI Dividend Low Volatility,11299.18,11392.0,11267.47,11310.67,-41.3,-0.36,2851670121.0,327.79,50.0,7.83,2026-03-27,7.83,327.79
20260330,H30269,中证红利低波动指数,红利低波,CSI Dividend Low Volatility Index,CSI Dividend Low Volatility,11297.06,11432.03,11290.55,11419.98,109.32,0.97,3282255854.0,374.85,50.0,7.91,2026-03-30,7.91,374.85
20260331,H30269,中证红利低波动指数,红利低波,CSI Dividend Low Volatility Index,CSI Dividend Low Volatility,11439.06,11545.54,11437.63,11457.5,37.52,0.33,4605891349.0,475.73,50.0,7.99,2026-03-31,7.99,475.73
20260401,H30269,中证红利低波动指数,红利低波,CSI Dividend Low Volatility Index,CSI Dividend Low Volatility,11504.03,11554.07,11452.8,11466.04,8.54,0.07,3755293069.0,397.96,50.0,7.98,2026-04-01,7.98,397.96
20260402,H30269,中证红利低波动指数,红利低波,CSI Dividend Low Volatility Index,CSI Dividend Low Volatility,11459.17,11540.18,11458.35,11515.64,49.61,0.43,3567003750.0,365.64,50.0,8.08,2026-04-02,8.08,365.64
20260403,H30269,中证红利低波动指数,红利低波,CSI Dividend Low Volatility Index,CSI Dividend Low Volatility,11498.32,11501.2,11334.14,11353.92,-161.72,-1.4,2865743012.0,284.06,50.0,7.99,2026-04-03,7.99,284.06
20260407,H30269,中证红利低波动指数,红利低波,CSI Dividend Low Volatility Index,CSI Dividend Low Volatility,11354.27,11359.36,11260.84,11292.39,-61.53,-0.54,2849421892.0,295.36,50.0,7.94,2026-04-07,7.94,295.36
20260408,H30269,中证红利低波动指数,红利低波,CSI Dividend Low Volatility Index,CSI Dividend Low Volatility,11284.61,11402.41,11274.8,11400.67,108.28,0.96,3904568606.0,448.08,50.0,7.89,2026-04-08,7.89,448.08
20260409,H30269,中证红利低波动指数,红利低波,CSI Dividend Low Volatility Index,CSI Dividend Low Volatility,11372.44,11408.37,11300.72,11316.19,-84.48,-0.74,2550827836.0,290.6,50.0,7.86,2026-04-09,7.86,290.6
20260410,H30269,中证红利低波动指数,红利低波,CSI Dividend Low Volatility Index,CSI Dividend Low Volatility,11349.07,11363.22,11304.4,11307.48,-8.71,-0.08,2448262561.0,277.55,50.0,7.84,2026-04-10,7.84,277.55
20260413,H30269,中证红利低波动指数,红利低波,CSI Dividend Low Volatility Index,CSI Dividend Low Volatility,11303.83,11303.83,11226.4,11270.82,-36.66,-0.32,2518926652.0,280.57,50.0,7.86,2026-04-13,7.86,280.57
20260414,H30269,中证红利低波动指数,红利低波,CSI Dividend Low Volatility Index,CSI Dividend Low Volatility,11274.78,11321.7,11266.33,11319.76,48.94,0.43,2696825715.0,287.3,50.0,7.91,2026-04-14,7.91,287.3
20260415,H30269,中证红利低波动指数,红利低波,CSI Dividend Low Volatility Index,CSI Dividend Low Volatility,11316.3,11399.64,11306.05,11389.02,69.25,0.61,3092743951.0,345.8,50.0,7.97,2026-04-15,7.97,345.8
20260416,H30269,中证红利低波动指数,红利低波,CSI Dividend Low Volatility Index,CSI Dividend Low Volatility,11377.5,11431.07,11361.96,11387.27,-1.75,-0.01,2765155725.0,302.11,50.0,7.95,2026-04-16,7.95,302.11
20260417,H30269,中证红利低波动指数,红利低波,CSI Dividend Low Volatility Index,CSI Dividend Low Volatility,11374.44,11398.31,11345.51,11361.19,-26.07,-0.23,2462398729.0,282.01,50.0,7.94,2026-04-17,7.94,282.01
20260420,H30269,中证红利低波动指数,红利低波,CSI Dividend Low Volatility Index,CSI Dividend Low Volatility,11340.2,11412.56,11311.18,11403.83,42.63,0.37,3054600278.0,325.64,50.0,8.03,2026-04-20,8.03,325.64
20260421,H30269,中证红利低波动指数,红利低波,CSI Dividend Low Volatility Index,CSI Dividend Low Volatility,11400.55,11498.3,11400.55,11465.96,62.13,0.54,2997061085.0,323.77,50.0,8.05,2026-04-21,8.05,323.77
20260422,H30269,中证红利低波动指数,红利低波,CSI Dividend Low Volatility Index,CSI Dividend Low Volatility,11440.68,11477.0,11404.47,11418.65,-47.3,-0.41,2707267879.0,289.71,50.0,7.98,2026-04-22,7.98,289.71
20260423,H30269,中证红利低波动指数,红利低波,CSI Dividend Low Volatility Index,CSI Dividend Low Volatility,11405.28,11503.73,11398.88,11488.49,69.84,0.61,3211511189.0,360.65,50.0,8.03,2026-04-23,8.03,360.65
20260424,H30269,中证红利低波动指数,红利低波,CSI Dividend Low Volatility Index,CSI Dividend Low Volatility,11469.16,11522.89,11430.75,11471.56,-16.94,-0.15,2695014561.0,304.77,50.0,8.03,2026-04-24,8.03,304.77
20260427,H30269,中证红利低波动指数,红利低波,CSI Dividend Low Volatility Index,CSI Dividend Low Volatility,11437.87,11479.84,11354.47,11356.2,-115.36,-1.0,3111892360.0,366.7,50.0,7.98,2026-04-27,7.98,366.7
20260428,H30269,中证红利低波动指数,红利低波,CSI Dividend Low Volatility Index,CSI Dividend Low Volatility,11335.77,11399.24,11324.41,11395.88,39.69,0.35,3110883069.0,358.49,50.0,8.05,2026-04-28,8.05,358.49
20260429,H30269,中证红利低波动指数,红利低波,CSI Dividend Low Volatility Index,CSI Dividend Low Volatility,11416.91,11457.69,11358.68,11430.24,34.35,0.3,3767725531.0,567.16,50.0,8.05,2026-04-29,8.05,567.16
20260430,H30269,中证红利低波动指数,红利低波,CSI Dividend Low Volatility Index,CSI Dividend Low Volatility,11384.02,11404.25,11303.59,11322.69,-107.55,-0.94,3703427075.0,444.26,50.0,8.01,2026-04-30,8.01,444.26
20260506,H30269,中证红利低波动指数,红利低波,CSI Dividend Low Volatility Index,CSI Dividend Low Volatility,11305.89,11305.89,11214.87,11266.7,-55.99,-0.49,4033878978.0,476.39,50.0,7.87,2026-05-06,7.87,476.39
20260507,H30269,中证红利低波动指数,红利低波,CSI Dividend Low Volatility Index,CSI Dividend Low Volatility,11244.99,11279.0,11214.82,11227.97,-38.72,-0.34,3183652916.0,412.18,50.0,7.8,2026-05-07,7.8,412.18
20260508,H30269,中证红利低波动指数,红利低波,CSI Dividend Low Volatility Index,CSI Dividend Low Volatility,11233.13,11281.34,11194.66,11222.04,-5.93,-0.05,2660817447.0,322.57,50.0,7.8,2026-05-08,7.8,322.57
20260511,H30269,中证红利低波动指数,红利低波,CSI Dividend Low Volatility Index,CSI Dividend Low Volatility,11218.31,11233.25,11169.15,11221.83,-0.21,0.0,3664324759.0,427.94,50.0,7.79,2026-05-11,7.79,427.94
20260512,H30269,中证红利低波动指数,红利低波,CSI Dividend Low Volatility Index,CSI Dividend Low Volatility,11217.59,11263.18,11192.05,11214.5,-7.33,-0.06,3149400728.0,365.38,50.0,7.79,2026-05-12,7.79,365.38
20260513,H30269,中证红利低波动指数,红利低波,CSI Dividend Low Volatility Index,CSI Dividend Low Volatility,11203.73,11237.84,11173.08,11215.12,0.62,0.01,3099449277.0,362.21,50.0,7.71,2026-05-13,7.71,362.21
20260514,H30269,中证红利低波动指数,红利低波,CSI Dividend Low Volatility Index,CSI Dividend Low Volatility,11219.21,11235.99,11176.41,11191.46,-23.67,-0.21,3490713071.0,397.84,50.0,7.76,2026-05-14,7.76,397.84
20260515,H30269,中证红利低波动指数,红利低波,CSI Dividend Low Volatility Index,CSI Dividend Low Volatility,11188.67,11211.51,11082.04,11115.82,-75.64,-0.67,3412065652.0,412.47,50.0,7.74,2026-05-15,7.74,412.47
20260518,H30269,中证红利低波动指数,红利低波,CSI Dividend Low Volatility Index,CSI Dividend Low Volatility,11095.69,11104.72,11010.06,11049.04,-66.78,-0.6,3026245661.0,359.34,50.0,7.7,2026-05-18,7.7,359.34
20260519,H30269,中证红利低波动指数,红利低波,CSI Dividend Low Volatility Index,CSI Dividend Low Volatility,11048.43,11135.93,11047.71,11121.79,72.75,0.66,2917373695.0,346.64,50.0,7.72,2026-05-19,7.72,346.64
20260520,H30269,中证红利低波动指数,红利低波,CSI Dividend Low Volatility Index,CSI Dividend Low Volatility,11130.61,11146.49,11076.36,11083.39,-38.4,-0.34,3133439786.0,337.2,50.0,7.64,2026-05-20,7.64,337.2
20260521,H30269,中证红利低波动指数,红利低波,CSI Dividend Low Volatility Index,CSI Dividend Low Volatility,11050.17,11090.78,11008.56,11012.51,-70.88,-0.64,3540051801.0,392.72,50.0,7.63,2026-05-21,7.63,392.72
20260522,H30269,中证红利低波动指数,红利低波,CSI Dividend Low Volatility Index,CSI Dividend Low Volatility,11000.34,11010.92,10936.39,10975.57,-36.94,-0.34,3159115601.0,336.67,50.0,7.6,2026-05-22,7.6,336.67
20260525,H30269,中证红利低波动指数,红利低波,CSI Dividend Low Volatility Index,CSI Dividend Low Volatility,10949.43,11005.36,10926.55,10959.36,-16.21,-0.15,2790648554.0,315.83,50.0,7.56,2026-05-25,7.56,315.83
20260526,H30269,中证红利低波动指数,红利低波,CSI Dividend Low Volatility Index,CSI Dividend Low Volatility,10944.62,11000.58,10929.6,10989.33,29.97,0.27,3177429693.0,344.71,50.0,7.59,2026-05-26,7.59,344.71
20260527,H30269,中证红利低波动指数,红利低波,CSI Dividend Low Volatility Index,CSI Dividend Low Volatility,10966.47,10998.32,10884.0,10916.54,-72.79,-0.66,3432677922.0,361.46,50.0,7.52,2026-05-27,7.52,361.46
20260528,H30269,中证红利低波动指数,红利低波,CSI Dividend Low Volatility Index,CSI Dividend Low Volatility,10898.42,10977.88,10860.68,10866.06,-50.48,-0.46,3404298987.0,364.31,50.0,7.46,2026-05-28,7.46,364.31
20260529,H30269,中证红利低波动指数,红利低波,CSI Dividend Low Volatility Index,CSI Dividend Low Volatility,10855.3,11102.91,10844.94,11082.68,216.61,1.99,4540040284.0,493.51,50.0,7.58,2026-05-29,7.58,493.51
20260601,H30269,中证红利低波动指数,红利低波,CSI Dividend Low Volatility Index,CSI Dividend Low Volatility,11085.67,11247.91,11006.8,11242.83,160.15,1.44,4498660621.0,463.97,50.0,7.66,2026-06-01,7.66,463.97
20260602,H30269,中证红利低波动指数,红利低波,CSI Dividend Low Volatility Index,CSI Dividend Low Volatility,11211.94,11328.44,11203.49,11224.92,-17.91,-0.16,4045075884.0,437.31,50.0,7.67,2026-06-02,7.67,437.31
20260603,H30269,中证红利低波动指数,红利低波,CSI Dividend Low Volatility Index,CSI Dividend Low Volatility,11194.81,11196.21,11034.95,11127.84,-97.08,-0.86,3891281877.0,390.33,50.0,7.64,2026-06-03,7.64,390.33
20260604,H30269,中证红利低波动指数,红利低波,CSI Dividend Low Volatility Index,CSI Dividend Low Volatility,11094.69,11140.03,10966.16,10988.64,-139.2,-1.25,3029867159.0,320.9,50.0,7.55,2026-06-04,7.55,320.9
20260605,H30269,中证红利低波动指数,红利低波,CSI Dividend Low Volatility Index,CSI Dividend Low Volatility,10988.54,11116.61,10988.54,11017.46,28.82,0.26,3506792976.0,367.02,50.0,7.62,2026-06-05,7.62,367.02
20260608,H30269,中证红利低波动指数,红利低波,CSI Dividend Low Volatility Index,CSI Dividend Low Volatility,10978.03,11080.26,10962.55,11047.11,29.65,0.27,4322286135.0,442.82,50.0,7.74,2026-06-08,7.74,442.82
20260609,H30269,中证红利低波动指数,红利低波,CSI Dividend Low Volatility Index,CSI Dividend Low Volatility,11003.07,11088.56,10980.73,11050.57,3.46,0.03,4053974686.0,405.29,50.0,7.7,2026-06-09,7.7,405.29
20260610,H30269,中证红利低波动指数,红利低波,CSI Dividend Low Volatility Index,CSI Dividend Low Volatility,11011.37,11120.75,10990.91,11109.22,58.66,0.53,4149335623.0,436.64,50.0,7.77,2026-06-10,7.77,436.64
20260611,H30269,中证红利低波动指数,红利低波,CSI Dividend Low Volatility Index,CSI Dividend Low Volatility,11116.06,11124.72,10996.05,11017.03,-92.2,-0.83,3448450225.0,378.01,50.0,7.77,2026-06-11,7.77,378.01
20260612,H30269,中证红利低波动指数,红利低波,CSI Dividend Low Volatility Index,CSI Dividend Low Volatility,10964.78,11117.98,10917.2,11116.82,99.79,0.91,4834109823.0,520.74,50.0,7.85,2026-06-12,7.85,520.74
20260615,H30269,中证红利低波动指数,红利低波,CSI Dividend Low Volatility Index,CSI Dividend Low Volatility,11083.25,11098.3,10951.56,11001.34,-115.48,-1.04,4655931353.0,507.72,50.0,7.7,2026-06-15,7.7,507.72
20260616,H30269,中证红利低波动指数,红利低波,CSI Dividend Low Volatility Index,CSI Dividend Low Volatility,10964.74,10967.91,10824.75,10832.88,-168.46,-1.53,3382961921.0,379.35,50.0,7.58,2026-06-16,7.58,379.35
20260617,H30269,中证红利低波动指数,红利低波,CSI Dividend Low Volatility Index,CSI Dividend Low Volatility,10830.41,10847.64,10735.6,10770.46,-62.43,-0.58,3262891761.0,336.95,50.0,7.51,2026-06-17,7.51,336.95
20260618,H30269,中证红利低波动指数,红利低波,CSI Dividend Low Volatility Index,CSI Dividend Low Volatility,10742.62,10743.43,10492.7,10492.7,-277.75,-2.58,4564043671.0,494.49,50.0,7.31,2026-06-18,7.31,494.49
20260622,H30269,中证红利低波动指数,红利低波,CSI Dividend Low Volatility Index,CSI Dividend Low Volatility,10454.24,10543.91,10340.22,10501.47,8.76,0.08,4339294044.0,469.47,50.0,7.39,2026-06-22,7.39,469.47
20260623,H30269,中证红利低波动指数,红利低波,CSI Dividend Low Volatility Index,CSI Dividend Low Volatility,10484.75,10662.6,10480.57,10557.26,55.79,0.53,4651925423.0,471.02,50.0,7.46,2026-06-23,7.46,471.02
20260624,H30269,中证红利低波动指数,红利低波,CSI Dividend Low Volatility Index,CSI Dividend Low Volatility,10554.77,10561.32,10345.97,10347.77,-209.49,-1.98,4247733275.0,431.59,50.0,7.3,2026-06-24,7.3,431.59
20260625,H30269,中证红利低波动指数,红利低波,CSI Dividend Low Volatility Index,CSI Dividend Low Volatility,10296.09,10342.26,10221.63,10226.59,-121.19,-1.17,3922069089.0,432.75,50.0,7.19,2026-06-25,7.19,432.75
20260626,H30269,中证红利低波动指数,红利低波,CSI Dividend Low Volatility Index,CSI Dividend Low Volatility,10218.0,10239.71,10136.46,10152.09,-74.49,-0.73,3835174225.0,417.48,50.0,7.14,2026-06-26,7.14,417.48
20260629,H30269,中证红利低波动指数,红利低波,CSI Dividend Low Volatility Index,CSI Dividend Low Volatility,10134.83,10231.18,9954.7,10204.61,52.51,0.52,4096409638.0,450.14,50.0,7.18,2026-06-29,7.18,450.14
20260630,H30269,中证红利低波动指数,红利低波,CSI Dividend Low Volatility Index,CSI Dividend Low Volatility,10149.51,10150.22,9944.42,9991.03,-213.58,-2.09,3979605497.0,415.52,50.0,7.03,2026-06-30,7.03,415.52
20260701,H30269,中证红利低波动指数,红利低波,CSI Dividend Low Volatility Index,CSI Dividend Low Volatility,9985.93,10130.11,9952.86,10095.06,104.03,1.04,3304858068.0,381.48,50.0,7.05,2026-07-01,7.05,381.48
20260702,H30269,中证红利低波动指数,红利低波,CSI Dividend Low Volatility Index,CSI Dividend Low Volatility,10102.91,10264.91,10068.38,10173.16,78.09,0.77,3882996482.0,410.81,50.0,7.06,2026-07-02,7.06,410.81
20260703,H30269,中证红利低波动指数,红利低波,CSI Dividend Low Volatility Index,CSI Dividend Low Volatility,10175.29,10271.88,10112.37,10195.28,22.12,0.22,3361935555.0,363.34,50.0,7.07,2026-07-03,7.07,363.34
20260706,H30269,中证红利低波动指数,红利低波,CSI Dividend Low Volatility Index,CSI Dividend Low Volatility,10179.79,10417.14,10141.99,10406.95,211.67,2.08,3746581872.0,399.16,50.0,7.18,2026-07-06,7.18,399.16
20260707,H30269,中证红利低波动指数,红利低波,CSI Dividend Low Volatility Index,CSI Dividend Low Volatility,10397.18,10411.23,10258.07,10339.75,-67.2,-0.65,3369088511.0,333.82,50.0,7.23,2026-07-07,7.23,333.82
20260708,H30269,中证红利低波动指数,红利低波,CSI Dividend Low Volatility Index,CSI Dividend Low Volatility,10322.39,10467.91,10259.91,10449.33,109.58,1.06,3655156426.0,356.63,50.0,7.33,2026-07-08,7.33,356.63
20260709,H30269,中证红利低波动指数,红利低波,CSI Dividend Low Volatility Index,CSI Dividend Low Volatility,10396.44,10400.76,10294.57,10326.57,-122.76,-1.17,3497061822.0,345.2,50.0,7.27,2026-07-09,7.27,345.2
20260710,H30269,中证红利低波动指数,红利低波,CSI Dividend Low Volatility Index,CSI Dividend Low Volatility,10255.84,10346.2,10216.16,10327.58,1.01,0.01,3646984360.0,357.75,50.0,7.28,2026-07-10,7.28,357.75
20260713,H30269,中证红利低波动指数,红利低波,CSI Dividend Low Volatility Index,CSI Dividend Low Volatility,10317.98,10485.16,10287.46,10483.35,155.77,1.51,4792909244.0,472.99,50.0,7.43,2026-07-13,7.43,472.99
20260714,H30269,中证红利低波动指数,红利低波,CSI Dividend Low Volatility Index,CSI Dividend Low Volatility,10450.52,10582.91,10431.59,10574.97,91.61,0.87,4371346267.0,459.13,50.0,7.47,2026-07-14,7.47,459.13
20260715,H30269,中证红利低波动指数,红利低波,CSI Dividend Low Volatility Index,CSI Dividend Low Volatility,10510.46,10730.08,10493.28,10709.77,134.81,1.27,4009468076.0,437.45,50.0,7.52,2026-07-15,7.52,437.45
20260716,H30269,中证红利低波动指数,红利低波,CSI Dividend Low Volatility Index,CSI Dividend Low Volatility,10685.2,10760.44,10580.21,10607.56,-102.21,-0.95,3593820043.0,370.18,50.0,7.44,2026-07-16,7.44,370.18
20260717,H30269,中证红利低波动指数,红利低波,CSI Dividend Low Volatility Index,CSI Dividend Low Volatility,10614.97,10744.63,10609.81,10633.94,26.38,0.25,5222739485.0,534.54,50.0,7.55,2026-07-17,7.55,534.54
20260720,H30269,中证红利低波动指数,红利低波,CSI Dividend Low Volatility Index,CSI Dividend Low Volatility,10629.59,10913.01,10627.58,10913.01,279.07,2.62,6219345199.0,674.82,50.0,7.79,2026-07-20,7.79,674.82
20260721,H30269,中证红利低波动指数,红利低波,CSI Dividend Low Volatility Index,CSI Dividend Low Volatility,10885.21,11038.46,10759.78,10769.53,-143.48,-1.31,6175404544.0,663.79,50.0,7.62,2026-07-21,7.62,663.79
20260722,H30269,中证红利低波动指数,红利低波,CSI Dividend Low Volatility Index,CSI Dividend Low Volatility,10735.49,10824.3,10639.62,10824.3,54.77,0.51,4352154913.0,471.04,50.0,7.72,2026-07-22,7.72,471.04
20260723,H30269,中证红利低波动指数,红利低波,CSI Dividend Low Volatility Index,CSI Dividend Low Volatility,10768.55,10890.43,10761.04,10872.34,48.03,0.44,3425573558.0,361.37,50.0,7.75,2026-07-23,7.75,361.37
20260724,H30269,中证红利低波动指数,红利低波,CSI Dividend Low Volatility Index,CSI Dividend Low Volatility,10891.12,10921.91,10771.37,10775.41,-96.92,-0.89,3652140989.0,400.8,50.0,7.79,2026-07-24,7.79,400.8
