tradeDate,indexCode,indexNameCnAll,indexNameCn,indexNameEnAll,indexNameEn,open,high,low,close,change,changePct,tradingVol,tradingValue,consNumber,peg,date,rolling_pe,trading_value
20180101,H20955,中证红利低波动100全收益指数,红利低波100全收益,CSI Dividend Low Volatility 100 Total Return Index,Dividend Low Volatility100 TRI,,,,13340.91,138.5,1.05,4629192123.0,374.74,100.0,10.36,2018-01-01,10.36,374.74
20180102,H20955,中证红利低波动100全收益指数,红利低波100全收益,CSI Dividend Low Volatility 100 Total Return Index,Dividend Low Volatility100 TRI,,,,13340.91,138.5,1.05,4629192123.0,374.74,100.0,10.36,2018-01-02,10.36,374.74
20180103,H20955,中证红利低波动100全收益指数,红利低波100全收益,CSI Dividend Low Volatility 100 Total Return Index,Dividend Low Volatility100 TRI,,,,13414.19,73.27,0.55,3588848639.0,347.22,100.0,10.4,2018-01-03,10.4,347.22
20180104,H20955,中证红利低波动100全收益指数,红利低波100全收益,CSI Dividend Low Volatility 100 Total Return Index,Dividend Low Volatility100 TRI,,,,13436.65,22.47,0.17,3607437409.0,322.47,100.0,10.45,2018-01-04,10.45,322.47
20180105,H20955,中证红利低波动100全收益指数,红利低波100全收益,CSI Dividend Low Volatility 100 Total Return Index,Dividend Low Volatility100 TRI,,,,13490.49,53.84,0.4,3595510691.0,325.78,100.0,10.48,2018-01-05,10.48,325.78
20180108,H20955,中证红利低波动100全收益指数,红利低波100全收益,CSI Dividend Low Volatility 100 Total Return Index,Dividend Low Volatility100 TRI,,,,13542.44,51.94,0.39,4011826078.0,387.08,100.0,10.49,2018-01-08,10.49,387.08
20180109,H20955,中证红利低波动100全收益指数,红利低波100全收益,CSI Dividend Low Volatility 100 Total Return Index,Dividend Low Volatility100 TRI,,,,13509.94,-32.5,-0.24,3214284589.0,301.35,100.0,10.46,2018-01-09,10.46,301.35
20180110,H20955,中证红利低波动100全收益指数,红利低波100全收益,CSI Dividend Low Volatility 100 Total Return Index,Dividend Low Volatility100 TRI,,,,13533.46,23.52,0.17,5056221912.0,455.48,100.0,10.61,2018-01-10,10.61,455.48
20180111,H20955,中证红利低波动100全收益指数,红利低波100全收益,CSI Dividend Low Volatility 100 Total Return Index,Dividend Low Volatility100 TRI,,,,13551.27,17.82,0.13,3669956418.0,334.41,100.0,10.65,2018-01-11,10.65,334.41
20180112,H20955,中证红利低波动100全收益指数,红利低波100全收益,CSI Dividend Low Volatility 100 Total Return Index,Dividend Low Volatility100 TRI,,,,13558.91,7.64,0.06,3272716705.0,300.94,100.0,10.68,2018-01-12,10.68,300.94
20180115,H20955,中证红利低波动100全收益指数,红利低波100全收益,CSI Dividend Low Volatility 100 Total Return Index,Dividend Low Volatility100 TRI,,,,13489.77,-69.14,-0.51,5436276736.0,509.01,100.0,10.81,2018-01-15,10.81,509.01
20180116,H20955,中证红利低波动100全收益指数,红利低波100全收益,CSI Dividend Low Volatility 100 Total Return Index,Dividend Low Volatility100 TRI,,,,13632.86,143.09,1.06,5284019060.0,483.02,100.0,10.87,2018-01-16,10.87,483.02
20180117,H20955,中证红利低波动100全收益指数,红利低波100全收益,CSI Dividend Low Volatility 100 Total Return Index,Dividend Low Volatility100 TRI,,,,13703.34,70.48,0.52,7422860570.0,708.66,100.0,10.98,2018-01-17,10.98,708.66
20180118,H20955,中证红利低波动100全收益指数,红利低波100全收益,CSI Dividend Low Volatility 100 Total Return Index,Dividend Low Volatility100 TRI,,,,13814.53,111.19,0.81,6539932066.0,592.81,100.0,11.17,2018-01-18,11.17,592.81
20180119,H20955,中证红利低波动100全收益指数,红利低波100全收益,CSI Dividend Low Volatility 100 Total Return Index,Dividend Low Volatility100 TRI,,,,13882.36,67.82,0.49,7719620947.0,740.29,100.0,11.28,2018-01-19,11.28,740.29
20180122,H20955,中证红利低波动100全收益指数,红利低波100全收益,CSI Dividend Low Volatility 100 Total Return Index,Dividend Low Volatility100 TRI,,,,13940.42,58.06,0.42,6540324402.0,592.17,100.0,11.22,2018-01-22,11.22,592.17
20180123,H20955,中证红利低波动100全收益指数,红利低波100全收益,CSI Dividend Low Volatility 100 Total Return Index,Dividend Low Volatility100 TRI,,,,14072.13,131.72,0.94,8532055789.0,732.46,100.0,11.51,2018-01-23,11.51,732.46
20180124,H20955,中证红利低波动100全收益指数,红利低波100全收益,CSI Dividend Low Volatility 100 Total Return Index,Dividend Low Volatility100 TRI,,,,14174.32,102.18,0.73,8609927960.0,834.89,100.0,11.61,2018-01-24,11.61,834.89
20180125,H20955,中证红利低波动100全收益指数,红利低波100全收益,CSI Dividend Low Volatility 100 Total Return Index,Dividend Low Volatility100 TRI,,,,14126.53,-47.78,-0.34,6087805249.0,578.59,100.0,11.54,2018-01-25,11.54,578.59
20180126,H20955,中证红利低波动100全收益指数,红利低波100全收益,CSI Dividend Low Volatility 100 Total Return Index,Dividend Low Volatility100 TRI,,,,14188.3,61.77,0.44,7045298203.0,619.58,100.0,11.57,2018-01-26,11.57,619.58
20180129,H20955,中证红利低波动100全收益指数,红利低波100全收益,CSI Dividend Low Volatility 100 Total Return Index,Dividend Low Volatility100 TRI,,,,14065.16,-123.14,-0.87,6203721862.0,588.25,100.0,11.52,2018-01-29,11.52,588.25
20180130,H20955,中证红利低波动100全收益指数,红利低波100全收益,CSI Dividend Low Volatility 100 Total Return Index,Dividend Low Volatility100 TRI,,,,13975.51,-89.66,-0.64,4433580276.0,421.6,100.0,11.33,2018-01-30,11.33,421.6
20180131,H20955,中证红利低波动100全收益指数,红利低波100全收益,CSI Dividend Low Volatility 100 Total Return Index,Dividend Low Volatility100 TRI,,,,13865.91,-109.6,-0.78,4734327381.0,447.98,100.0,11.37,2018-01-31,11.37,447.98
20180201,H20955,中证红利低波动100全收益指数,红利低波100全收益,CSI Dividend Low Volatility 100 Total Return Index,Dividend Low Volatility100 TRI,,,,13726.91,-139.0,-1.0,6222137650.0,580.25,100.0,11.47,2018-02-01,11.47,580.25
20180202,H20955,中证红利低波动100全收益指数,红利低波100全收益,CSI Dividend Low Volatility 100 Total Return Index,Dividend Low Volatility100 TRI,,,,13755.37,28.46,0.21,4222421752.0,395.93,100.0,11.52,2018-02-02,11.52,395.93
20180205,H20955,中证红利低波动100全收益指数,红利低波100全收益,CSI Dividend Low Volatility 100 Total Return Index,Dividend Low Volatility100 TRI,,,,13957.67,202.3,1.47,6165225022.0,569.76,100.0,11.78,2018-02-05,11.78,569.76
20180206,H20955,中证红利低波动100全收益指数,红利低波100全收益,CSI Dividend Low Volatility 100 Total Return Index,Dividend Low Volatility100 TRI,,,,13593.06,-364.62,-2.61,8472318254.0,779.86,100.0,11.51,2018-02-06,11.51,779.86
20180207,H20955,中证红利低波动100全收益指数,红利低波100全收益,CSI Dividend Low Volatility 100 Total Return Index,Dividend Low Volatility100 TRI,,,,13420.96,-172.1,-1.27,8043711832.0,734.5,100.0,11.16,2018-02-07,11.16,734.5
20180208,H20955,中证红利低波动100全收益指数,红利低波100全收益,CSI Dividend Low Volatility 100 Total Return Index,Dividend Low Volatility100 TRI,,,,13275.75,-145.21,-1.08,6075762096.0,515.55,100.0,10.83,2018-02-08,10.83,515.55
20180209,H20955,中证红利低波动100全收益指数,红利低波100全收益,CSI Dividend Low Volatility 100 Total Return Index,Dividend Low Volatility100 TRI,,,,12783.58,-492.17,-3.71,7654657054.0,638.45,100.0,10.43,2018-02-09,10.43,638.45
20180212,H20955,中证红利低波动100全收益指数,红利低波100全收益,CSI Dividend Low Volatility 100 Total Return Index,Dividend Low Volatility100 TRI,,,,12863.14,79.56,0.62,3948423370.0,324.72,100.0,10.36,2018-02-12,10.36,324.72
20180213,H20955,中证红利低波动100全收益指数,红利低波100全收益,CSI Dividend Low Volatility 100 Total Return Index,Dividend Low Volatility100 TRI,,,,12953.91,90.77,0.71,4010029537.0,334.03,100.0,10.5,2018-02-13,10.5,334.03
20180214,H20955,中证红利低波动100全收益指数,红利低波100全收益,CSI Dividend Low Volatility 100 Total Return Index,Dividend Low Volatility100 TRI,,,,12947.51,-6.4,-0.05,2198877920.0,190.78,100.0,10.52,2018-02-14,10.52,190.78
20180222,H20955,中证红利低波动100全收益指数,红利低波100全收益,CSI Dividend Low Volatility 100 Total Return Index,Dividend Low Volatility100 TRI,,,,13174.04,226.54,1.75,3351661469.0,286.09,100.0,10.74,2018-02-22,10.74,286.09
20180223,H20955,中证红利低波动100全收益指数,红利低波100全收益,CSI Dividend Low Volatility 100 Total Return Index,Dividend Low Volatility100 TRI,,,,13211.72,37.67,0.29,2863716226.0,250.79,100.0,10.81,2018-02-23,10.81,250.79
20180226,H20955,中证红利低波动100全收益指数,红利低波100全收益,CSI Dividend Low Volatility 100 Total Return Index,Dividend Low Volatility100 TRI,,,,13348.38,136.66,1.03,3771768468.0,324.94,100.0,10.87,2018-02-26,10.87,324.94
20180227,H20955,中证红利低波动100全收益指数,红利低波100全收益,CSI Dividend Low Volatility 100 Total Return Index,Dividend Low Volatility100 TRI,,,,13227.17,-121.21,-0.91,3704938824.0,313.36,100.0,10.68,2018-02-27,10.68,313.36
20180228,H20955,中证红利低波动100全收益指数,红利低波100全收益,CSI Dividend Low Volatility 100 Total Return Index,Dividend Low Volatility100 TRI,,,,13148.05,-79.12,-0.6,2904346662.0,253.0,100.0,10.53,2018-02-28,10.53,253.0
20180301,H20955,中证红利低波动100全收益指数,红利低波100全收益,CSI Dividend Low Volatility 100 Total Return Index,Dividend Low Volatility100 TRI,,,,13200.48,52.43,0.4,2662201429.0,234.41,100.0,10.55,2018-03-01,10.55,234.41
20180302,H20955,中证红利低波动100全收益指数,红利低波100全收益,CSI Dividend Low Volatility 100 Total Return Index,Dividend Low Volatility100 TRI,,,,13173.67,-26.81,-0.2,2462640002.0,211.47,100.0,10.49,2018-03-02,10.49,211.47
20180305,H20955,中证红利低波动100全收益指数,红利低波100全收益,CSI Dividend Low Volatility 100 Total Return Index,Dividend Low Volatility100 TRI,,,,13168.97,-4.71,-0.04,2396181907.0,200.79,100.0,10.48,2018-03-05,10.48,200.79
20180306,H20955,中证红利低波动100全收益指数,红利低波100全收益,CSI Dividend Low Volatility 100 Total Return Index,Dividend Low Volatility100 TRI,,,,13315.34,146.37,1.11,4101672993.0,325.77,100.0,10.53,2018-03-06,10.53,325.77
20180307,H20955,中证红利低波动100全收益指数,红利低波100全收益,CSI Dividend Low Volatility 100 Total Return Index,Dividend Low Volatility100 TRI,,,,13275.47,-39.87,-0.3,3715443705.0,303.68,100.0,10.52,2018-03-07,10.52,303.68
20180308,H20955,中证红利低波动100全收益指数,红利低波100全收益,CSI Dividend Low Volatility 100 Total Return Index,Dividend Low Volatility100 TRI,,,,13348.06,72.58,0.55,2743253723.0,217.5,100.0,10.52,2018-03-08,10.52,217.5
20180309,H20955,中证红利低波动100全收益指数,红利低波100全收益,CSI Dividend Low Volatility 100 Total Return Index,Dividend Low Volatility100 TRI,,,,13411.81,63.75,0.48,2701659175.0,241.76,100.0,10.54,2018-03-09,10.54,241.76
20180312,H20955,中证红利低波动100全收益指数,红利低波100全收益,CSI Dividend Low Volatility 100 Total Return Index,Dividend Low Volatility100 TRI,,,,13476.25,64.44,0.48,3636069439.0,284.75,100.0,9.33,2018-03-12,9.33,284.75
20180313,H20955,中证红利低波动100全收益指数,红利低波100全收益,CSI Dividend Low Volatility 100 Total Return Index,Dividend Low Volatility100 TRI,,,,13400.66,-75.59,-0.56,3393131023.0,240.5,100.0,9.33,2018-03-13,9.33,240.5
20180314,H20955,中证红利低波动100全收益指数,红利低波100全收益,CSI Dividend Low Volatility 100 Total Return Index,Dividend Low Volatility100 TRI,,,,13312.46,-88.21,-0.66,2269867952.0,175.25,100.0,9.27,2018-03-14,9.27,175.25
20180315,H20955,中证红利低波动100全收益指数,红利低波100全收益,CSI Dividend Low Volatility 100 Total Return Index,Dividend Low Volatility100 TRI,,,,13284.03,-28.42,-0.21,1971595559.0,146.55,100.0,9.28,2018-03-15,9.28,146.55
20180316,H20955,中证红利低波动100全收益指数,红利低波100全收益,CSI Dividend Low Volatility 100 Total Return Index,Dividend Low Volatility100 TRI,,,,13241.0,-43.04,-0.32,2406612406.0,185.8,100.0,9.2,2018-03-16,9.2,185.8
20180319,H20955,中证红利低波动100全收益指数,红利低波100全收益,CSI Dividend Low Volatility 100 Total Return Index,Dividend Low Volatility100 TRI,,,,13240.4,-0.6,0.0,1979124055.0,156.55,100.0,9.23,2018-03-19,9.23,156.55
20180320,H20955,中证红利低波动100全收益指数,红利低波100全收益,CSI Dividend Low Volatility 100 Total Return Index,Dividend Low Volatility100 TRI,,,,13269.83,29.43,0.22,2287960572.0,180.29,100.0,9.31,2018-03-20,9.31,180.29
20180321,H20955,中证红利低波动100全收益指数,红利低波100全收益,CSI Dividend Low Volatility 100 Total Return Index,Dividend Low Volatility100 TRI,,,,13232.85,-36.98,-0.28,2673626011.0,212.18,100.0,9.29,2018-03-21,9.29,212.18
20180322,H20955,中证红利低波动100全收益指数,红利低波100全收益,CSI Dividend Low Volatility 100 Total Return Index,Dividend Low Volatility100 TRI,,,,13188.32,-44.52,-0.34,2498686748.0,195.44,100.0,9.25,2018-03-22,9.25,195.44
20180323,H20955,中证红利低波动100全收益指数,红利低波100全收益,CSI Dividend Low Volatility 100 Total Return Index,Dividend Low Volatility100 TRI,,,,12714.34,-473.98,-3.59,5086605251.0,374.76,100.0,9.03,2018-03-23,9.03,374.76
20180326,H20955,中证红利低波动100全收益指数,红利低波100全收益,CSI Dividend Low Volatility 100 Total Return Index,Dividend Low Volatility100 TRI,,,,12727.88,13.54,0.11,3428203246.0,244.72,100.0,8.85,2018-03-26,8.85,244.72
20180327,H20955,中证红利低波动100全收益指数,红利低波100全收益,CSI Dividend Low Volatility 100 Total Return Index,Dividend Low Volatility100 TRI,,,,12855.38,127.51,1.0,3266829782.0,241.5,100.0,8.87,2018-03-27,8.87,241.5
20180328,H20955,中证红利低波动100全收益指数,红利低波100全收益,CSI Dividend Low Volatility 100 Total Return Index,Dividend Low Volatility100 TRI,,,,12753.78,-101.6,-0.79,2917265418.0,215.98,100.0,8.82,2018-03-28,8.82,215.98
20180329,H20955,中证红利低波动100全收益指数,红利低波100全收益,CSI Dividend Low Volatility 100 Total Return Index,Dividend Low Volatility100 TRI,,,,12882.8,129.02,1.01,3307946540.0,245.24,100.0,8.94,2018-03-29,8.94,245.24
20180330,H20955,中证红利低波动100全收益指数,红利低波100全收益,CSI Dividend Low Volatility 100 Total Return Index,Dividend Low Volatility100 TRI,,,,12906.15,23.35,0.18,2521651764.0,195.76,100.0,8.9,2018-03-30,8.9,195.76
20180402,H20955,中证红利低波动100全收益指数,红利低波100全收益,CSI Dividend Low Volatility 100 Total Return Index,Dividend Low Volatility100 TRI,,,,12885.55,-20.6,-0.16,3024425681.0,236.74,100.0,8.82,2018-04-02,8.82,236.74
20180403,H20955,中证红利低波动100全收益指数,红利低波100全收益,CSI Dividend Low Volatility 100 Total Return Index,Dividend Low Volatility100 TRI,,,,12770.49,-115.06,-0.89,2631791982.0,202.28,100.0,8.76,2018-04-03,8.76,202.28
20180404,H20955,中证红利低波动100全收益指数,红利低波100全收益,CSI Dividend Low Volatility 100 Total Return Index,Dividend Low Volatility100 TRI,,,,12733.55,-36.94,-0.29,2291203545.0,184.33,100.0,8.73,2018-04-04,8.73,184.33
20180409,H20955,中证红利低波动100全收益指数,红利低波100全收益,CSI Dividend Low Volatility 100 Total Return Index,Dividend Low Volatility100 TRI,,,,12710.74,-22.81,-0.18,2109758895.0,168.56,100.0,8.76,2018-04-09,8.76,168.56
20180410,H20955,中证红利低波动100全收益指数,红利低波100全收益,CSI Dividend Low Volatility 100 Total Return Index,Dividend Low Volatility100 TRI,,,,12867.23,156.49,1.23,3057232345.0,233.0,100.0,8.97,2018-04-10,8.97,233.0
20180411,H20955,中证红利低波动100全收益指数,红利低波100全收益,CSI Dividend Low Volatility 100 Total Return Index,Dividend Low Volatility100 TRI,,,,12926.45,59.22,0.46,3367718989.0,247.05,100.0,9.05,2018-04-11,9.05,247.05
20180412,H20955,中证红利低波动100全收益指数,红利低波100全收益,CSI Dividend Low Volatility 100 Total Return Index,Dividend Low Volatility100 TRI,,,,12835.87,-90.58,-0.7,2234178354.0,173.52,100.0,8.93,2018-04-12,8.93,173.52
20180413,H20955,中证红利低波动100全收益指数,红利低波100全收益,CSI Dividend Low Volatility 100 Total Return Index,Dividend Low Volatility100 TRI,,,,12775.89,-59.98,-0.47,1847099938.0,143.44,100.0,8.86,2018-04-13,8.86,143.44
20180416,H20955,中证红利低波动100全收益指数,红利低波100全收益,CSI Dividend Low Volatility 100 Total Return Index,Dividend Low Volatility100 TRI,,,,12608.43,-167.46,-1.31,3258008005.0,228.82,100.0,8.67,2018-04-16,8.67,228.82
20180417,H20955,中证红利低波动100全收益指数,红利低波100全收益,CSI Dividend Low Volatility 100 Total Return Index,Dividend Low Volatility100 TRI,,,,12491.42,-117.01,-0.93,2211164339.0,169.31,100.0,8.62,2018-04-17,8.62,169.31
20180418,H20955,中证红利低波动100全收益指数,红利低波100全收益,CSI Dividend Low Volatility 100 Total Return Index,Dividend Low Volatility100 TRI,,,,12573.33,81.91,0.66,2529459186.0,187.02,100.0,8.71,2018-04-18,8.71,187.02
20180419,H20955,中证红利低波动100全收益指数,红利低波100全收益,CSI Dividend Low Volatility 100 Total Return Index,Dividend Low Volatility100 TRI,,,,12604.83,31.5,0.25,2037307843.0,154.43,100.0,8.74,2018-04-19,8.74,154.43
20180420,H20955,中证红利低波动100全收益指数,红利低波100全收益,CSI Dividend Low Volatility 100 Total Return Index,Dividend Low Volatility100 TRI,,,,12401.69,-203.14,-1.61,2250258023.0,165.72,100.0,8.66,2018-04-20,8.66,165.72
20180423,H20955,中证红利低波动100全收益指数,红利低波100全收益,CSI Dividend Low Volatility 100 Total Return Index,Dividend Low Volatility100 TRI,,,,12376.3,-25.39,-0.2,1874314314.0,143.89,100.0,8.69,2018-04-23,8.69,143.89
20180424,H20955,中证红利低波动100全收益指数,红利低波100全收益,CSI Dividend Low Volatility 100 Total Return Index,Dividend Low Volatility100 TRI,,,,12565.99,189.69,1.53,3094960008.0,231.51,100.0,8.83,2018-04-24,8.83,231.51
20180425,H20955,中证红利低波动100全收益指数,红利低波100全收益,CSI Dividend Low Volatility 100 Total Return Index,Dividend Low Volatility100 TRI,,,,12539.65,-26.34,-0.21,1842356289.0,149.75,100.0,8.74,2018-04-25,8.74,149.75
20180426,H20955,中证红利低波动100全收益指数,红利低波100全收益,CSI Dividend Low Volatility 100 Total Return Index,Dividend Low Volatility100 TRI,,,,12372.69,-166.96,-1.33,1964278315.0,153.65,100.0,8.68,2018-04-26,8.68,153.65
20180427,H20955,中证红利低波动100全收益指数,红利低波100全收益,CSI Dividend Low Volatility 100 Total Return Index,Dividend Low Volatility100 TRI,,,,12458.9,86.21,0.7,1955258393.0,156.99,100.0,8.76,2018-04-27,8.76,156.99
20180502,H20955,中证红利低波动100全收益指数,红利低波100全收益,CSI Dividend Low Volatility 100 Total Return Index,Dividend Low Volatility100 TRI,,,,12474.78,15.88,0.13,2323823446.0,181.33,100.0,8.66,2018-05-02,8.66,181.33
20180503,H20955,中证红利低波动100全收益指数,红利低波100全收益,CSI Dividend Low Volatility 100 Total Return Index,Dividend Low Volatility100 TRI,,,,12576.16,101.38,0.81,2323237495.0,191.39,100.0,8.69,2018-05-03,8.69,191.39
20180504,H20955,中证红利低波动100全收益指数,红利低波100全收益,CSI Dividend Low Volatility 100 Total Return Index,Dividend Low Volatility100 TRI,,,,12570.87,-5.29,-0.04,1708929121.0,143.04,100.0,8.67,2018-05-04,8.67,143.04
20180507,H20955,中证红利低波动100全收益指数,红利低波100全收益,CSI Dividend Low Volatility 100 Total Return Index,Dividend Low Volatility100 TRI,,,,12695.05,124.18,0.99,2184639352.0,177.2,100.0,8.74,2018-05-07,8.74,177.2
20180508,H20955,中证红利低波动100全收益指数,红利低波100全收益,CSI Dividend Low Volatility 100 Total Return Index,Dividend Low Volatility100 TRI,,,,12735.04,39.99,0.32,2588712655.0,206.2,100.0,8.78,2018-05-08,8.78,206.2
20180509,H20955,中证红利低波动100全收益指数,红利低波100全收益,CSI Dividend Low Volatility 100 Total Return Index,Dividend Low Volatility100 TRI,,,,12723.14,-11.9,-0.09,1719307427.0,140.29,100.0,8.79,2018-05-09,8.79,140.29
20180510,H20955,中证红利低波动100全收益指数,红利低波100全收益,CSI Dividend Low Volatility 100 Total Return Index,Dividend Low Volatility100 TRI,,,,12785.49,62.35,0.49,1807113458.0,156.81,100.0,8.81,2018-05-10,8.81,156.81
20180511,H20955,中证红利低波动100全收益指数,红利低波100全收益,CSI Dividend Low Volatility 100 Total Return Index,Dividend Low Volatility100 TRI,,,,12723.49,-62.0,-0.48,2048146692.0,174.5,100.0,8.82,2018-05-11,8.82,174.5
20180514,H20955,中证红利低波动100全收益指数,红利低波100全收益,CSI Dividend Low Volatility 100 Total Return Index,Dividend Low Volatility100 TRI,,,,12729.34,5.85,0.05,2258994955.0,191.48,100.0,8.84,2018-05-14,8.84,191.48
20180515,H20955,中证红利低波动100全收益指数,红利低波100全收益,CSI Dividend Low Volatility 100 Total Return Index,Dividend Low Volatility100 TRI,,,,12792.3,62.96,0.49,1986347792.0,161.16,100.0,8.85,2018-05-15,8.85,161.16
20180516,H20955,中证红利低波动100全收益指数,红利低波100全收益,CSI Dividend Low Volatility 100 Total Return Index,Dividend Low Volatility100 TRI,,,,12778.82,-13.48,-0.11,2071179640.0,169.61,100.0,8.76,2018-05-16,8.76,169.61
20180517,H20955,中证红利低波动100全收益指数,红利低波100全收益,CSI Dividend Low Volatility 100 Total Return Index,Dividend Low Volatility100 TRI,,,,12759.48,-19.34,-0.15,1538473470.0,128.91,100.0,8.74,2018-05-17,8.74,128.91
20180518,H20955,中证红利低波动100全收益指数,红利低波100全收益,CSI Dividend Low Volatility 100 Total Return Index,Dividend Low Volatility100 TRI,,,,12824.37,64.89,0.51,2027654654.0,162.02,100.0,8.85,2018-05-18,8.85,162.02
20180521,H20955,中证红利低波动100全收益指数,红利低波100全收益,CSI Dividend Low Volatility 100 Total Return Index,Dividend Low Volatility100 TRI,,,,12927.07,102.7,0.8,2513378278.0,198.13,100.0,8.86,2018-05-21,8.86,198.13
20180522,H20955,中证红利低波动100全收益指数,红利低波100全收益,CSI Dividend Low Volatility 100 Total Return Index,Dividend Low Volatility100 TRI,,,,12934.72,7.65,0.06,2117967363.0,166.44,100.0,8.82,2018-05-22,8.82,166.44
20180523,H20955,中证红利低波动100全收益指数,红利低波100全收益,CSI Dividend Low Volatility 100 Total Return Index,Dividend Low Volatility100 TRI,,,,12865.52,-69.2,-0.53,2569296046.0,190.41,100.0,8.7,2018-05-23,8.7,190.41
20180524,H20955,中证红利低波动100全收益指数,红利低波100全收益,CSI Dividend Low Volatility 100 Total Return Index,Dividend Low Volatility100 TRI,,,,12818.23,-47.29,-0.37,2157026706.0,165.08,100.0,8.64,2018-05-24,8.64,165.08
20180525,H20955,中证红利低波动100全收益指数,红利低波100全收益,CSI Dividend Low Volatility 100 Total Return Index,Dividend Low Volatility100 TRI,,,,12784.26,-33.97,-0.26,2018657727.0,154.76,100.0,8.59,2018-05-25,8.59,154.76
20180528,H20955,中证红利低波动100全收益指数,红利低波100全收益,CSI Dividend Low Volatility 100 Total Return Index,Dividend Low Volatility100 TRI,,,,12748.14,-36.13,-0.28,1794770820.0,146.8,100.0,8.56,2018-05-28,8.56,146.8
20180529,H20955,中证红利低波动100全收益指数,红利低波100全收益,CSI Dividend Low Volatility 100 Total Return Index,Dividend Low Volatility100 TRI,,,,12693.24,-54.9,-0.43,2398881289.0,193.71,100.0,8.55,2018-05-29,8.55,193.71
20180530,H20955,中证红利低波动100全收益指数,红利低波100全收益,CSI Dividend Low Volatility 100 Total Return Index,Dividend Low Volatility100 TRI,,,,12425.18,-268.05,-2.11,2356047228.0,189.74,100.0,8.38,2018-05-30,8.38,189.74
20180531,H20955,中证红利低波动100全收益指数,红利低波100全收益,CSI Dividend Low Volatility 100 Total Return Index,Dividend Low Volatility100 TRI,,,,12602.86,177.67,1.43,2503964983.0,195.63,100.0,8.47,2018-05-31,8.47,195.63
20180601,H20955,中证红利低波动100全收益指数,红利低波100全收益,CSI Dividend Low Volatility 100 Total Return Index,Dividend Low Volatility100 TRI,,,,12519.9,-82.95,-0.66,1942266411.0,151.99,100.0,8.45,2018-06-01,8.45,151.99
20180604,H20955,中证红利低波动100全收益指数,红利低波100全收益,CSI Dividend Low Volatility 100 Total Return Index,Dividend Low Volatility100 TRI,,,,12529.05,9.14,0.07,1961641200.0,144.88,100.0,8.5,2018-06-04,8.5,144.88
20180605,H20955,中证红利低波动100全收益指数,红利低波100全收益,CSI Dividend Low Volatility 100 Total Return Index,Dividend Low Volatility100 TRI,,,,12588.45,59.4,0.47,1791063104.0,137.9,100.0,8.46,2018-06-05,8.46,137.9
20180606,H20955,中证红利低波动100全收益指数,红利低波100全收益,CSI Dividend Low Volatility 100 Total Return Index,Dividend Low Volatility100 TRI,,,,12571.58,-16.87,-0.13,1672880603.0,127.6,100.0,8.42,2018-06-06,8.42,127.6
20180607,H20955,中证红利低波动100全收益指数,红利低波100全收益,CSI Dividend Low Volatility 100 Total Return Index,Dividend Low Volatility100 TRI,,,,12485.04,-86.54,-0.69,2148211319.0,170.78,100.0,8.43,2018-06-07,8.43,170.78
20180608,H20955,中证红利低波动100全收益指数,红利低波100全收益,CSI Dividend Low Volatility 100 Total Return Index,Dividend Low Volatility100 TRI,,,,12307.4,-177.64,-1.42,2395057804.0,178.3,100.0,8.3,2018-06-08,8.3,178.3
20180611,H20955,中证红利低波动100全收益指数,红利低波100全收益,CSI Dividend Low Volatility 100 Total Return Index,Dividend Low Volatility100 TRI,,,,12244.25,-63.15,-0.51,1718530962.0,122.01,100.0,9.19,2018-06-11,9.19,122.01
20180612,H20955,中证红利低波动100全收益指数,红利低波100全收益,CSI Dividend Low Volatility 100 Total Return Index,Dividend Low Volatility100 TRI,,,,12316.85,72.61,0.59,1578543901.0,118.87,100.0,9.23,2018-06-12,9.23,118.87
20180613,H20955,中证红利低波动100全收益指数,红利低波100全收益,CSI Dividend Low Volatility 100 Total Return Index,Dividend Low Volatility100 TRI,,,,12233.86,-83.0,-0.67,1637299144.0,118.03,100.0,9.19,2018-06-13,9.19,118.03
20180614,H20955,中证红利低波动100全收益指数,红利低波100全收益,CSI Dividend Low Volatility 100 Total Return Index,Dividend Low Volatility100 TRI,,,,12219.23,-14.63,-0.12,1722434286.0,124.2,100.0,9.2,2018-06-14,9.2,124.2
20180615,H20955,中证红利低波动100全收益指数,红利低波100全收益,CSI Dividend Low Volatility 100 Total Return Index,Dividend Low Volatility100 TRI,,,,12172.56,-46.67,-0.38,2346194783.0,169.68,100.0,9.22,2018-06-15,9.22,169.68
20180618,H20955,中证红利低波动100全收益指数,红利低波100全收益,CSI Dividend Low Volatility 100 Total Return Index,Dividend Low Volatility100 TRI,,,,12172.56,0.0,0.0,0.0,0.0,100.0,9.22,2018-06-18,9.22,0.0
20180619,H20955,中证红利低波动100全收益指数,红利低波100全收益,CSI Dividend Low Volatility 100 Total Return Index,Dividend Low Volatility100 TRI,,,,11617.05,-555.51,-4.56,4930639862.0,336.38,100.0,9.05,2018-06-19,9.05,336.38
20180620,H20955,中证红利低波动100全收益指数,红利低波100全收益,CSI Dividend Low Volatility 100 Total Return Index,Dividend Low Volatility100 TRI,,,,11681.38,64.33,0.55,1951629102.0,136.09,100.0,9.01,2018-06-20,9.01,136.09
20180621,H20955,中证红利低波动100全收益指数,红利低波100全收益,CSI Dividend Low Volatility 100 Total Return Index,Dividend Low Volatility100 TRI,,,,11561.79,-119.59,-1.02,1943714848.0,134.69,100.0,8.96,2018-06-21,8.96,134.69
20180622,H20955,中证红利低波动100全收益指数,红利低波100全收益,CSI Dividend Low Volatility 100 Total Return Index,Dividend Low Volatility100 TRI,,,,11640.19,78.4,0.68,1683481568.0,117.18,100.0,8.93,2018-06-22,8.93,117.18
20180625,H20955,中证红利低波动100全收益指数,红利低波100全收益,CSI Dividend Low Volatility 100 Total Return Index,Dividend Low Volatility100 TRI,,,,11566.03,-74.16,-0.64,1724953262.0,120.05,100.0,8.83,2018-06-25,8.83,120.05
20180626,H20955,中证红利低波动100全收益指数,红利低波100全收益,CSI Dividend Low Volatility 100 Total Return Index,Dividend Low Volatility100 TRI,,,,11510.09,-55.94,-0.48,2133074502.0,142.43,100.0,8.72,2018-06-26,8.72,142.43
20180627,H20955,中证红利低波动100全收益指数,红利低波100全收益,CSI Dividend Low Volatility 100 Total Return Index,Dividend Low Volatility100 TRI,,,,11448.11,-61.98,-0.54,2186889639.0,144.17,100.0,8.7,2018-06-27,8.7,144.17
20180628,H20955,中证红利低波动100全收益指数,红利低波100全收益,CSI Dividend Low Volatility 100 Total Return Index,Dividend Low Volatility100 TRI,,,,11397.97,-50.14,-0.44,1923482355.0,128.09,100.0,8.66,2018-06-28,8.66,128.09
20180629,H20955,中证红利低波动100全收益指数,红利低波100全收益,CSI Dividend Low Volatility 100 Total Return Index,Dividend Low Volatility100 TRI,,,,11574.46,176.49,1.55,1689932041.0,111.31,100.0,8.66,2018-06-29,8.66,111.31
20180702,H20955,中证红利低波动100全收益指数,红利低波100全收益,CSI Dividend Low Volatility 100 Total Return Index,Dividend Low Volatility100 TRI,,,,11378.66,-195.79,-1.69,2279148793.0,144.7,100.0,8.4,2018-07-02,8.4,144.7
20180703,H20955,中证红利低波动100全收益指数,红利低波100全收益,CSI Dividend Low Volatility 100 Total Return Index,Dividend Low Volatility100 TRI,,,,11475.25,96.58,0.85,2334332206.0,145.97,100.0,8.44,2018-07-03,8.44,145.97
20180704,H20955,中证红利低波动100全收益指数,红利低波100全收益,CSI Dividend Low Volatility 100 Total Return Index,Dividend Low Volatility100 TRI,,,,11427.32,-47.93,-0.42,1688864432.0,105.33,100.0,8.43,2018-07-04,8.43,105.33
20180705,H20955,中证红利低波动100全收益指数,红利低波100全收益,CSI Dividend Low Volatility 100 Total Return Index,Dividend Low Volatility100 TRI,,,,11302.7,-124.61,-1.09,2136308937.0,132.44,100.0,8.36,2018-07-05,8.36,132.44
20180706,H20955,中证红利低波动100全收益指数,红利低波100全收益,CSI Dividend Low Volatility 100 Total Return Index,Dividend Low Volatility100 TRI,,,,11312.18,9.47,0.08,2028419601.0,123.56,100.0,8.38,2018-07-06,8.38,123.56
20180709,H20955,中证红利低波动100全收益指数,红利低波100全收益,CSI Dividend Low Volatility 100 Total Return Index,Dividend Low Volatility100 TRI,,,,11517.74,205.56,1.82,2107972432.0,129.75,100.0,8.62,2018-07-09,8.62,129.75
20180710,H20955,中证红利低波动100全收益指数,红利低波100全收益,CSI Dividend Low Volatility 100 Total Return Index,Dividend Low Volatility100 TRI,,,,11541.4,23.66,0.21,1600580793.0,100.8,100.0,8.64,2018-07-10,8.64,100.8
20180711,H20955,中证红利低波动100全收益指数,红利低波100全收益,CSI Dividend Low Volatility 100 Total Return Index,Dividend Low Volatility100 TRI,,,,11362.35,-179.05,-1.55,1717162115.0,108.72,100.0,8.52,2018-07-11,8.52,108.72
20180712,H20955,中证红利低波动100全收益指数,红利低波100全收益,CSI Dividend Low Volatility 100 Total Return Index,Dividend Low Volatility100 TRI,,,,11584.29,221.94,1.95,2307776884.0,151.82,100.0,8.67,2018-07-12,8.67,151.82
20180713,H20955,中证红利低波动100全收益指数,红利低波100全收益,CSI Dividend Low Volatility 100 Total Return Index,Dividend Low Volatility100 TRI,,,,11578.15,-6.14,-0.05,1516570371.0,99.66,100.0,8.54,2018-07-13,8.54,99.66
20180716,H20955,中证红利低波动100全收益指数,红利低波100全收益,CSI Dividend Low Volatility 100 Total Return Index,Dividend Low Volatility100 TRI,,,,11523.29,-54.87,-0.47,1593179072.0,101.1,100.0,8.42,2018-07-16,8.42,101.1
20180717,H20955,中证红利低波动100全收益指数,红利低波100全收益,CSI Dividend Low Volatility 100 Total Return Index,Dividend Low Volatility100 TRI,,,,11496.85,-26.44,-0.23,1355935972.0,89.43,100.0,8.34,2018-07-17,8.34,89.43
20180718,H20955,中证红利低波动100全收益指数,红利低波100全收益,CSI Dividend Low Volatility 100 Total Return Index,Dividend Low Volatility100 TRI,,,,11580.41,83.57,0.73,1693005930.0,102.68,100.0,8.34,2018-07-18,8.34,102.68
20180719,H20955,中证红利低波动100全收益指数,红利低波100全收益,CSI Dividend Low Volatility 100 Total Return Index,Dividend Low Volatility100 TRI,,,,11551.3,-29.12,-0.25,1588595071.0,99.11,100.0,8.31,2018-07-19,8.31,99.11
20180720,H20955,中证红利低波动100全收益指数,红利低波100全收益,CSI Dividend Low Volatility 100 Total Return Index,Dividend Low Volatility100 TRI,,,,11769.94,218.65,1.89,3245493266.0,194.66,100.0,8.57,2018-07-20,8.57,194.66
20180723,H20955,中证红利低波动100全收益指数,红利低波100全收益,CSI Dividend Low Volatility 100 Total Return Index,Dividend Low Volatility100 TRI,,,,11903.61,133.67,1.14,3491948693.0,220.82,100.0,8.71,2018-07-23,8.71,220.82
20180724,H20955,中证红利低波动100全收益指数,红利低波100全收益,CSI Dividend Low Volatility 100 Total Return Index,Dividend Low Volatility100 TRI,,,,12063.05,159.44,1.34,4223083717.0,280.81,100.0,8.81,2018-07-24,8.81,280.81
20180725,H20955,中证红利低波动100全收益指数,红利低波100全收益,CSI Dividend Low Volatility 100 Total Return Index,Dividend Low Volatility100 TRI,,,,12008.31,-54.74,-0.45,2420693253.0,160.11,100.0,8.8,2018-07-25,8.8,160.11
20180726,H20955,中证红利低波动100全收益指数,红利低波100全收益,CSI Dividend Low Volatility 100 Total Return Index,Dividend Low Volatility100 TRI,,,,12026.57,18.26,0.15,2300693542.0,144.7,100.0,8.75,2018-07-26,8.75,144.7
20180727,H20955,中证红利低波动100全收益指数,红利低波100全收益,CSI Dividend Low Volatility 100 Total Return Index,Dividend Low Volatility100 TRI,,,,11978.57,-48.0,-0.4,1830417333.0,119.45,100.0,8.72,2018-07-27,8.72,119.45
20180730,H20955,中证红利低波动100全收益指数,红利低波100全收益,CSI Dividend Low Volatility 100 Total Return Index,Dividend Low Volatility100 TRI,,,,11984.01,5.44,0.05,2424108651.0,157.65,100.0,8.8,2018-07-30,8.8,157.65
20180731,H20955,中证红利低波动100全收益指数,红利低波100全收益,CSI Dividend Low Volatility 100 Total Return Index,Dividend Low Volatility100 TRI,,,,11994.45,10.44,0.09,2084078564.0,136.17,100.0,8.85,2018-07-31,8.85,136.17
20180801,H20955,中证红利低波动100全收益指数,红利低波100全收益,CSI Dividend Low Volatility 100 Total Return Index,Dividend Low Volatility100 TRI,,,,11822.62,-171.83,-1.43,2493742275.0,166.52,100.0,8.71,2018-08-01,8.71,166.52
20180802,H20955,中证红利低波动100全收益指数,红利低波100全收益,CSI Dividend Low Volatility 100 Total Return Index,Dividend Low Volatility100 TRI,,,,11621.37,-201.25,-1.7,2727334302.0,177.04,100.0,8.57,2018-08-02,8.57,177.04
20180803,H20955,中证红利低波动100全收益指数,红利低波100全收益,CSI Dividend Low Volatility 100 Total Return Index,Dividend Low Volatility100 TRI,,,,11578.68,-42.69,-0.37,1943029509.0,128.16,100.0,8.56,2018-08-03,8.56,128.16
20180806,H20955,中证红利低波动100全收益指数,红利低波100全收益,CSI Dividend Low Volatility 100 Total Return Index,Dividend Low Volatility100 TRI,,,,11478.08,-100.6,-0.87,2198068836.0,141.73,100.0,8.56,2018-08-06,8.56,141.73
20180807,H20955,中证红利低波动100全收益指数,红利低波100全收益,CSI Dividend Low Volatility 100 Total Return Index,Dividend Low Volatility100 TRI,,,,11746.19,268.11,2.34,2775656980.0,185.86,100.0,8.79,2018-08-07,8.79,185.86
20180808,H20955,中证红利低波动100全收益指数,红利低波100全收益,CSI Dividend Low Volatility 100 Total Return Index,Dividend Low Volatility100 TRI,,,,11645.78,-100.41,-0.85,2202268753.0,149.3,100.0,8.71,2018-08-08,8.71,149.3
20180809,H20955,中证红利低波动100全收益指数,红利低波100全收益,CSI Dividend Low Volatility 100 Total Return Index,Dividend Low Volatility100 TRI,,,,11784.67,138.89,1.19,2289612102.0,153.47,100.0,8.8,2018-08-09,8.8,153.47
20180810,H20955,中证红利低波动100全收益指数,红利低波100全收益,CSI Dividend Low Volatility 100 Total Return Index,Dividend Low Volatility100 TRI,,,,11719.42,-65.25,-0.55,1931983370.0,123.52,100.0,8.74,2018-08-10,8.74,123.52
20180813,H20955,中证红利低波动100全收益指数,红利低波100全收益,CSI Dividend Low Volatility 100 Total Return Index,Dividend Low Volatility100 TRI,,,,11664.59,-54.83,-0.47,2172476218.0,140.17,100.0,8.67,2018-08-13,8.67,140.17
20180814,H20955,中证红利低波动100全收益指数,红利低波100全收益,CSI Dividend Low Volatility 100 Total Return Index,Dividend Low Volatility100 TRI,,,,11651.68,-12.91,-0.11,1515422649.0,98.9,100.0,8.68,2018-08-14,8.68,98.9
20180815,H20955,中证红利低波动100全收益指数,红利低波100全收益,CSI Dividend Low Volatility 100 Total Return Index,Dividend Low Volatility100 TRI,,,,11464.92,-186.76,-1.6,1831203874.0,120.68,100.0,8.54,2018-08-15,8.54,120.68
20180816,H20955,中证红利低波动100全收益指数,红利低波100全收益,CSI Dividend Low Volatility 100 Total Return Index,Dividend Low Volatility100 TRI,,,,11399.02,-65.9,-0.57,1889409189.0,122.58,100.0,8.5,2018-08-16,8.5,122.58
20180817,H20955,中证红利低波动100全收益指数,红利低波100全收益,CSI Dividend Low Volatility 100 Total Return Index,Dividend Low Volatility100 TRI,,,,11293.81,-105.21,-0.92,1644451912.0,108.22,100.0,8.44,2018-08-17,8.44,108.22
20180820,H20955,中证红利低波动100全收益指数,红利低波100全收益,CSI Dividend Low Volatility 100 Total Return Index,Dividend Low Volatility100 TRI,,,,11369.36,75.54,0.67,1747496153.0,116.07,100.0,8.58,2018-08-20,8.58,116.07
20180821,H20955,中证红利低波动100全收益指数,红利低波100全收益,CSI Dividend Low Volatility 100 Total Return Index,Dividend Low Volatility100 TRI,,,,11462.08,92.73,0.82,1729718323.0,116.73,100.0,8.63,2018-08-21,8.63,116.73
20180822,H20955,中证红利低波动100全收益指数,红利低波100全收益,CSI Dividend Low Volatility 100 Total Return Index,Dividend Low Volatility100 TRI,,,,11379.56,-82.52,-0.72,1190846087.0,80.43,100.0,8.57,2018-08-22,8.57,80.43
20180823,H20955,中证红利低波动100全收益指数,红利低波100全收益,CSI Dividend Low Volatility 100 Total Return Index,Dividend Low Volatility100 TRI,,,,11411.41,31.85,0.28,1391996348.0,92.36,100.0,8.59,2018-08-23,8.59,92.36
20180824,H20955,中证红利低波动100全收益指数,红利低波100全收益,CSI Dividend Low Volatility 100 Total Return Index,Dividend Low Volatility100 TRI,,,,11459.72,48.31,0.42,1917671803.0,122.78,100.0,8.66,2018-08-24,8.66,122.78
20180827,H20955,中证红利低波动100全收益指数,红利低波100全收益,CSI Dividend Low Volatility 100 Total Return Index,Dividend Low Volatility100 TRI,,,,11614.09,154.37,1.35,2354434891.0,156.75,100.0,8.77,2018-08-27,8.77,156.75
20180828,H20955,中证红利低波动100全收益指数,红利低波100全收益,CSI Dividend Low Volatility 100 Total Return Index,Dividend Low Volatility100 TRI,,,,11618.09,4.0,0.03,1630301866.0,112.34,100.0,8.75,2018-08-28,8.75,112.34
20180829,H20955,中证红利低波动100全收益指数,红利低波100全收益,CSI Dividend Low Volatility 100 Total Return Index,Dividend Low Volatility100 TRI,,,,11556.79,-61.29,-0.53,1434775523.0,99.71,100.0,8.72,2018-08-29,8.72,99.71
20180830,H20955,中证红利低波动100全收益指数,红利低波100全收益,CSI Dividend Low Volatility 100 Total Return Index,Dividend Low Volatility100 TRI,,,,11480.39,-76.4,-0.66,1504574972.0,99.66,100.0,8.64,2018-08-30,8.64,99.66
20180831,H20955,中证红利低波动100全收益指数,红利低波100全收益,CSI Dividend Low Volatility 100 Total Return Index,Dividend Low Volatility100 TRI,,,,11446.17,-34.22,-0.3,2217479337.0,144.19,100.0,8.66,2018-08-31,8.66,144.19
20180903,H20955,中证红利低波动100全收益指数,红利低波100全收益,CSI Dividend Low Volatility 100 Total Return Index,Dividend Low Volatility100 TRI,,,,11431.81,-14.36,-0.13,1634591656.0,105.45,100.0,8.66,2018-09-03,8.66,105.45
20180904,H20955,中证红利低波动100全收益指数,红利低波100全收益,CSI Dividend Low Volatility 100 Total Return Index,Dividend Low Volatility100 TRI,,,,11526.32,94.51,0.83,1754948589.0,112.96,100.0,8.73,2018-09-04,8.73,112.96
20180905,H20955,中证红利低波动100全收益指数,红利低波100全收益,CSI Dividend Low Volatility 100 Total Return Index,Dividend Low Volatility100 TRI,,,,11396.1,-130.22,-1.13,1630756695.0,105.09,100.0,8.6,2018-09-05,8.6,105.09
20180906,H20955,中证红利低波动100全收益指数,红利低波100全收益,CSI Dividend Low Volatility 100 Total Return Index,Dividend Low Volatility100 TRI,,,,11337.24,-58.86,-0.52,1385141275.0,90.9,100.0,8.56,2018-09-06,8.56,90.9
20180907,H20955,中证红利低波动100全收益指数,红利低波100全收益,CSI Dividend Low Volatility 100 Total Return Index,Dividend Low Volatility100 TRI,,,,11356.57,19.33,0.17,1414267285.0,91.7,100.0,8.57,2018-09-07,8.57,91.7
20180910,H20955,中证红利低波动100全收益指数,红利低波100全收益,CSI Dividend Low Volatility 100 Total Return Index,Dividend Low Volatility100 TRI,,,,11270.24,-86.33,-0.76,1436266207.0,91.25,100.0,8.55,2018-09-10,8.55,91.25
20180911,H20955,中证红利低波动100全收益指数,红利低波100全收益,CSI Dividend Low Volatility 100 Total Return Index,Dividend Low Volatility100 TRI,,,,11266.0,-4.24,-0.04,1456661328.0,92.3,100.0,8.54,2018-09-11,8.54,92.3
20180912,H20955,中证红利低波动100全收益指数,红利低波100全收益,CSI Dividend Low Volatility 100 Total Return Index,Dividend Low Volatility100 TRI,,,,11250.17,-15.82,-0.14,1324235827.0,83.93,100.0,8.52,2018-09-12,8.52,83.93
20180913,H20955,中证红利低波动100全收益指数,红利低波100全收益,CSI Dividend Low Volatility 100 Total Return Index,Dividend Low Volatility100 TRI,,,,11365.11,114.94,1.02,1862284229.0,120.53,100.0,8.66,2018-09-13,8.66,120.53
20180914,H20955,中证红利低波动100全收益指数,红利低波100全收益,CSI Dividend Low Volatility 100 Total Return Index,Dividend Low Volatility100 TRI,,,,11371.92,6.8,0.06,1433956937.0,93.34,100.0,8.68,2018-09-14,8.68,93.34
20180917,H20955,中证红利低波动100全收益指数,红利低波100全收益,CSI Dividend Low Volatility 100 Total Return Index,Dividend Low Volatility100 TRI,,,,11280.52,-91.4,-0.8,1176983468.0,75.57,100.0,7.66,2018-09-17,7.66,75.57
20180918,H20955,中证红利低波动100全收益指数,红利低波100全收益,CSI Dividend Low Volatility 100 Total Return Index,Dividend Low Volatility100 TRI,,,,11438.31,157.8,1.4,1889624742.0,125.51,100.0,7.77,2018-09-18,7.77,125.51
20180919,H20955,中证红利低波动100全收益指数,红利低波100全收益,CSI Dividend Low Volatility 100 Total Return Index,Dividend Low Volatility100 TRI,,,,11507.19,68.88,0.6,2323769657.0,157.39,100.0,7.82,2018-09-19,7.82,157.39
20180920,H20955,中证红利低波动100全收益指数,红利低波100全收益,CSI Dividend Low Volatility 100 Total Return Index,Dividend Low Volatility100 TRI,,,,11500.23,-6.96,-0.06,1800141496.0,116.89,100.0,7.84,2018-09-20,7.84,116.89
20180921,H20955,中证红利低波动100全收益指数,红利低波100全收益,CSI Dividend Low Volatility 100 Total Return Index,Dividend Low Volatility100 TRI,,,,11717.1,216.87,1.89,3399172684.0,228.03,100.0,8.12,2018-09-21,8.12,228.03
20180925,H20955,中证红利低波动100全收益指数,红利低波100全收益,CSI Dividend Low Volatility 100 Total Return Index,Dividend Low Volatility100 TRI,,,,11675.08,-42.03,-0.36,1999699009.0,137.97,100.0,8.03,2018-09-25,8.03,137.97
20180926,H20955,中证红利低波动100全收益指数,红利低波100全收益,CSI Dividend Low Volatility 100 Total Return Index,Dividend Low Volatility100 TRI,,,,11710.52,35.45,0.3,2808452492.0,199.16,100.0,8.09,2018-09-26,8.09,199.16
20180927,H20955,中证红利低波动100全收益指数,红利低波100全收益,CSI Dividend Low Volatility 100 Total Return Index,Dividend Low Volatility100 TRI,,,,11679.85,-30.67,-0.26,2086387966.0,141.35,100.0,8.08,2018-09-27,8.08,141.35
20180928,H20955,中证红利低波动100全收益指数,红利低波100全收益,CSI Dividend Low Volatility 100 Total Return Index,Dividend Low Volatility100 TRI,,,,11773.23,93.38,0.8,2455871352.0,174.84,100.0,8.18,2018-09-28,8.18,174.84
20181008,H20955,中证红利低波动100全收益指数,红利低波100全收益,CSI Dividend Low Volatility 100 Total Return Index,Dividend Low Volatility100 TRI,,,,11479.22,-294.01,-2.5,2879380513.0,201.17,100.0,7.89,2018-10-08,7.89,201.17
20181009,H20955,中证红利低波动100全收益指数,红利低波100全收益,CSI Dividend Low Volatility 100 Total Return Index,Dividend Low Volatility100 TRI,,,,11444.49,-34.74,-0.3,1916941656.0,131.03,100.0,7.86,2018-10-09,7.86,131.03
20181010,H20955,中证红利低波动100全收益指数,红利低波100全收益,CSI Dividend Low Volatility 100 Total Return Index,Dividend Low Volatility100 TRI,,,,11488.11,43.62,0.38,1655506644.0,119.42,100.0,7.88,2018-10-10,7.88,119.42
20181011,H20955,中证红利低波动100全收益指数,红利低波100全收益,CSI Dividend Low Volatility 100 Total Return Index,Dividend Low Volatility100 TRI,,,,10850.05,-638.06,-5.55,3235169606.0,210.17,100.0,7.59,2018-10-11,7.59,210.17
20181012,H20955,中证红利低波动100全收益指数,红利低波100全收益,CSI Dividend Low Volatility 100 Total Return Index,Dividend Low Volatility100 TRI,,,,10867.69,17.64,0.16,2548668205.0,171.46,100.0,7.69,2018-10-12,7.69,171.46
20181015,H20955,中证红利低波动100全收益指数,红利低波100全收益,CSI Dividend Low Volatility 100 Total Return Index,Dividend Low Volatility100 TRI,,,,10695.27,-172.42,-1.59,1897891247.0,126.63,100.0,7.58,2018-10-15,7.58,126.63
20181016,H20955,中证红利低波动100全收益指数,红利低波100全收益,CSI Dividend Low Volatility 100 Total Return Index,Dividend Low Volatility100 TRI,,,,10581.71,-113.56,-1.06,1838308131.0,127.12,100.0,7.6,2018-10-16,7.6,127.12
20181017,H20955,中证红利低波动100全收益指数,红利低波100全收益,CSI Dividend Low Volatility 100 Total Return Index,Dividend Low Volatility100 TRI,,,,10675.23,93.53,0.88,2086269099.0,142.56,100.0,7.65,2018-10-17,7.65,142.56
20181018,H20955,中证红利低波动100全收益指数,红利低波100全收益,CSI Dividend Low Volatility 100 Total Return Index,Dividend Low Volatility100 TRI,,,,10474.63,-200.61,-1.88,1986292179.0,131.97,100.0,7.49,2018-10-18,7.49,131.97
20181019,H20955,中证红利低波动100全收益指数,红利低波100全收益,CSI Dividend Low Volatility 100 Total Return Index,Dividend Low Volatility100 TRI,,,,10703.86,229.23,2.19,2671763669.0,177.68,100.0,7.68,2018-10-19,7.68,177.68
20181022,H20955,中证红利低波动100全收益指数,红利低波100全收益,CSI Dividend Low Volatility 100 Total Return Index,Dividend Low Volatility100 TRI,,,,11131.66,427.8,4.0,3763862585.0,255.28,100.0,7.91,2018-10-22,7.91,255.28
20181023,H20955,中证红利低波动100全收益指数,红利低波100全收益,CSI Dividend Low Volatility 100 Total Return Index,Dividend Low Volatility100 TRI,,,,10942.9,-188.76,-1.7,2914699946.0,195.57,100.0,7.73,2018-10-23,7.73,195.57
20181024,H20955,中证红利低波动100全收益指数,红利低波100全收益,CSI Dividend Low Volatility 100 Total Return Index,Dividend Low Volatility100 TRI,,,,11026.65,83.75,0.77,3362829382.0,215.66,100.0,7.83,2018-10-24,7.83,215.66
20181025,H20955,中证红利低波动100全收益指数,红利低波100全收益,CSI Dividend Low Volatility 100 Total Return Index,Dividend Low Volatility100 TRI,,,,11099.41,72.76,0.66,3012162784.0,189.32,100.0,7.88,2018-10-25,7.88,189.32
20181026,H20955,中证红利低波动100全收益指数,红利低波100全收益,CSI Dividend Low Volatility 100 Total Return Index,Dividend Low Volatility100 TRI,,,,11120.42,21.01,0.19,3006704954.0,188.9,100.0,7.9,2018-10-26,7.9,188.9
20181029,H20955,中证红利低波动100全收益指数,红利低波100全收益,CSI Dividend Low Volatility 100 Total Return Index,Dividend Low Volatility100 TRI,,,,10992.53,-127.89,-1.15,2868629287.0,195.16,100.0,7.77,2018-10-29,7.77,195.16
20181030,H20955,中证红利低波动100全收益指数,红利低波100全收益,CSI Dividend Low Volatility 100 Total Return Index,Dividend Low Volatility100 TRI,,,,11117.58,125.05,1.14,3242348324.0,212.33,100.0,7.86,2018-10-30,7.86,212.33
20181031,H20955,中证红利低波动100全收益指数,红利低波100全收益,CSI Dividend Low Volatility 100 Total Return Index,Dividend Low Volatility100 TRI,,,,11196.59,79.01,0.71,3134779371.0,208.52,100.0,7.89,2018-10-31,7.89,208.52
20181101,H20955,中证红利低波动100全收益指数,红利低波100全收益,CSI Dividend Low Volatility 100 Total Return Index,Dividend Low Volatility100 TRI,,,,11207.66,11.07,0.1,3371148028.0,228.96,100.0,7.72,2018-11-01,7.72,228.96
20181102,H20955,中证红利低波动100全收益指数,红利低波100全收益,CSI Dividend Low Volatility 100 Total Return Index,Dividend Low Volatility100 TRI,,,,11421.17,213.51,1.91,4036730095.0,286.95,100.0,7.85,2018-11-02,7.85,286.95
20181105,H20955,中证红利低波动100全收益指数,红利低波100全收益,CSI Dividend Low Volatility 100 Total Return Index,Dividend Low Volatility100 TRI,,,,11416.54,-4.63,-0.04,2954376375.0,190.46,100.0,7.79,2018-11-05,7.79,190.46
20181106,H20955,中证红利低波动100全收益指数,红利低波100全收益,CSI Dividend Low Volatility 100 Total Return Index,Dividend Low Volatility100 TRI,,,,11429.0,12.46,0.11,2417951084.0,157.36,100.0,7.75,2018-11-06,7.75,157.36
20181107,H20955,中证红利低波动100全收益指数,红利低波100全收益,CSI Dividend Low Volatility 100 Total Return Index,Dividend Low Volatility100 TRI,,,,11365.07,-63.93,-0.56,2333685451.0,158.93,100.0,7.7,2018-11-07,7.7,158.93
20181108,H20955,中证红利低波动100全收益指数,红利低波100全收益,CSI Dividend Low Volatility 100 Total Return Index,Dividend Low Volatility100 TRI,,,,11326.48,-38.59,-0.34,2069657600.0,139.28,100.0,7.72,2018-11-08,7.72,139.28
20181109,H20955,中证红利低波动100全收益指数,红利低波100全收益,CSI Dividend Low Volatility 100 Total Return Index,Dividend Low Volatility100 TRI,,,,11242.46,-84.03,-0.74,2967472976.0,202.74,100.0,7.54,2018-11-09,7.54,202.74
20181112,H20955,中证红利低波动100全收益指数,红利低波100全收益,CSI Dividend Low Volatility 100 Total Return Index,Dividend Low Volatility100 TRI,,,,11437.92,195.47,1.74,2518426439.0,166.34,100.0,7.58,2018-11-12,7.58,166.34
20181113,H20955,中证红利低波动100全收益指数,红利低波100全收益,CSI Dividend Low Volatility 100 Total Return Index,Dividend Low Volatility100 TRI,,,,11621.37,183.45,1.6,3357499220.0,207.57,100.0,7.62,2018-11-13,7.62,207.57
20181114,H20955,中证红利低波动100全收益指数,红利低波100全收益,CSI Dividend Low Volatility 100 Total Return Index,Dividend Low Volatility100 TRI,,,,11552.25,-69.12,-0.59,3108762175.0,190.88,100.0,7.53,2018-11-14,7.53,190.88
20181115,H20955,中证红利低波动100全收益指数,红利低波100全收益,CSI Dividend Low Volatility 100 Total Return Index,Dividend Low Volatility100 TRI,,,,11690.94,138.69,1.2,2668336324.0,173.67,100.0,7.59,2018-11-15,7.59,173.67
20181116,H20955,中证红利低波动100全收益指数,红利低波100全收益,CSI Dividend Low Volatility 100 Total Return Index,Dividend Low Volatility100 TRI,,,,11797.0,106.06,0.91,3521076945.0,228.44,100.0,7.61,2018-11-16,7.61,228.44
20181119,H20955,中证红利低波动100全收益指数,红利低波100全收益,CSI Dividend Low Volatility 100 Total Return Index,Dividend Low Volatility100 TRI,,,,11878.0,81.0,0.69,3379646672.0,223.24,100.0,7.69,2018-11-19,7.69,223.24
20181120,H20955,中证红利低波动100全收益指数,红利低波100全收益,CSI Dividend Low Volatility 100 Total Return Index,Dividend Low Volatility100 TRI,,,,11614.09,-263.91,-2.22,2976662260.0,190.63,100.0,7.57,2018-11-20,7.57,190.63
20181121,H20955,中证红利低波动100全收益指数,红利低波100全收益,CSI Dividend Low Volatility 100 Total Return Index,Dividend Low Volatility100 TRI,,,,11638.9,24.81,0.21,2226210324.0,144.75,100.0,7.57,2018-11-21,7.57,144.75
20181122,H20955,中证红利低波动100全收益指数,红利低波100全收益,CSI Dividend Low Volatility 100 Total Return Index,Dividend Low Volatility100 TRI,,,,11638.76,-0.14,0.0,1763101893.0,116.78,100.0,7.56,2018-11-22,7.56,116.78
20181123,H20955,中证红利低波动100全收益指数,红利低波100全收益,CSI Dividend Low Volatility 100 Total Return Index,Dividend Low Volatility100 TRI,,,,11315.34,-323.42,-2.78,2236069323.0,142.37,100.0,7.45,2018-11-23,7.45,142.37
20181126,H20955,中证红利低波动100全收益指数,红利低波100全收益,CSI Dividend Low Volatility 100 Total Return Index,Dividend Low Volatility100 TRI,,,,11325.73,10.4,0.09,1672835536.0,105.91,100.0,7.46,2018-11-26,7.46,105.91
20181127,H20955,中证红利低波动100全收益指数,红利低波100全收益,CSI Dividend Low Volatility 100 Total Return Index,Dividend Low Volatility100 TRI,,,,11324.57,-1.16,-0.01,1596078604.0,103.02,100.0,7.44,2018-11-27,7.44,103.02
20181128,H20955,中证红利低波动100全收益指数,红利低波100全收益,CSI Dividend Low Volatility 100 Total Return Index,Dividend Low Volatility100 TRI,,,,11432.85,108.27,0.96,1781213288.0,112.46,100.0,7.5,2018-11-28,7.5,112.46
20181129,H20955,中证红利低波动100全收益指数,红利低波100全收益,CSI Dividend Low Volatility 100 Total Return Index,Dividend Low Volatility100 TRI,,,,11274.25,-158.6,-1.39,2065250946.0,133.07,100.0,7.45,2018-11-29,7.45,133.07
20181130,H20955,中证红利低波动100全收益指数,红利低波100全收益,CSI Dividend Low Volatility 100 Total Return Index,Dividend Low Volatility100 TRI,,,,11361.35,87.1,0.77,2036649218.0,130.57,100.0,7.51,2018-11-30,7.51,130.57
20181203,H20955,中证红利低波动100全收益指数,红利低波100全收益,CSI Dividend Low Volatility 100 Total Return Index,Dividend Low Volatility100 TRI,,,,11610.39,249.04,2.19,3281094562.0,224.99,100.0,7.65,2018-12-03,7.65,224.99
20181204,H20955,中证红利低波动100全收益指数,红利低波100全收益,CSI Dividend Low Volatility 100 Total Return Index,Dividend Low Volatility100 TRI,,,,11674.4,64.01,0.55,2219105952.0,146.93,100.0,7.67,2018-12-04,7.67,146.93
20181205,H20955,中证红利低波动100全收益指数,红利低波100全收益,CSI Dividend Low Volatility 100 Total Return Index,Dividend Low Volatility100 TRI,,,,11580.64,-93.77,-0.8,1901119609.0,127.44,100.0,7.62,2018-12-05,7.62,127.44
20181206,H20955,中证红利低波动100全收益指数,红利低波100全收益,CSI Dividend Low Volatility 100 Total Return Index,Dividend Low Volatility100 TRI,,,,11422.72,-157.92,-1.36,1981608559.0,132.8,100.0,7.53,2018-12-06,7.53,132.8
20181207,H20955,中证红利低波动100全收益指数,红利低波100全收益,CSI Dividend Low Volatility 100 Total Return Index,Dividend Low Volatility100 TRI,,,,11460.55,37.83,0.33,1393528357.0,94.83,100.0,7.54,2018-12-07,7.54,94.83
20181210,H20955,中证红利低波动100全收益指数,红利低波100全收益,CSI Dividend Low Volatility 100 Total Return Index,Dividend Low Volatility100 TRI,,,,11353.74,-106.81,-0.93,1569945897.0,107.23,100.0,7.49,2018-12-10,7.49,107.23
20181211,H20955,中证红利低波动100全收益指数,红利低波100全收益,CSI Dividend Low Volatility 100 Total Return Index,Dividend Low Volatility100 TRI,,,,11379.3,25.56,0.23,1296311734.0,88.36,100.0,7.49,2018-12-11,7.49,88.36
20181212,H20955,中证红利低波动100全收益指数,红利低波100全收益,CSI Dividend Low Volatility 100 Total Return Index,Dividend Low Volatility100 TRI,,,,11413.07,33.77,0.3,1358850799.0,94.56,100.0,7.52,2018-12-12,7.52,94.56
20181213,H20955,中证红利低波动100全收益指数,红利低波100全收益,CSI Dividend Low Volatility 100 Total Return Index,Dividend Low Volatility100 TRI,,,,11551.01,137.94,1.21,2475621320.0,174.79,100.0,7.59,2018-12-13,7.59,174.79
20181214,H20955,中证红利低波动100全收益指数,红利低波100全收益,CSI Dividend Low Volatility 100 Total Return Index,Dividend Low Volatility100 TRI,,,,11400.17,-150.84,-1.31,2301148866.0,155.53,100.0,7.52,2018-12-14,7.52,155.53
20181217,H20955,中证红利低波动100全收益指数,红利低波100全收益,CSI Dividend Low Volatility 100 Total Return Index,Dividend Low Volatility100 TRI,,,,11463.53,63.36,0.56,1974552663.0,129.67,100.0,7.51,2018-12-17,7.51,129.67
20181218,H20955,中证红利低波动100全收益指数,红利低波100全收益,CSI Dividend Low Volatility 100 Total Return Index,Dividend Low Volatility100 TRI,,,,11430.97,-32.55,-0.28,1997108995.0,133.35,100.0,7.45,2018-12-18,7.45,133.35
20181219,H20955,中证红利低波动100全收益指数,红利低波100全收益,CSI Dividend Low Volatility 100 Total Return Index,Dividend Low Volatility100 TRI,,,,11373.23,-57.74,-0.51,1766246994.0,131.29,100.0,7.4,2018-12-19,7.4,131.29
20181220,H20955,中证红利低波动100全收益指数,红利低波100全收益,CSI Dividend Low Volatility 100 Total Return Index,Dividend Low Volatility100 TRI,,,,11355.62,-17.62,-0.15,2485869889.0,170.43,100.0,7.32,2018-12-20,7.32,170.43
20181221,H20955,中证红利低波动100全收益指数,红利低波100全收益,CSI Dividend Low Volatility 100 Total Return Index,Dividend Low Volatility100 TRI,,,,11303.82,-51.8,-0.46,2150961518.0,147.54,100.0,7.29,2018-12-21,7.29,147.54
20181224,H20955,中证红利低波动100全收益指数,红利低波100全收益,CSI Dividend Low Volatility 100 Total Return Index,Dividend Low Volatility100 TRI,,,,11372.47,68.65,0.61,1663082741.0,113.07,100.0,7.31,2018-12-24,7.31,113.07
20181225,H20955,中证红利低波动100全收益指数,红利低波100全收益,CSI Dividend Low Volatility 100 Total Return Index,Dividend Low Volatility100 TRI,,,,11308.47,-64.0,-0.56,2251287802.0,146.31,100.0,7.29,2018-12-25,7.29,146.31
20181226,H20955,中证红利低波动100全收益指数,红利低波100全收益,CSI Dividend Low Volatility 100 Total Return Index,Dividend Low Volatility100 TRI,,,,11362.47,54.0,0.48,1691641613.0,116.03,100.0,7.32,2018-12-26,7.32,116.03
20181227,H20955,中证红利低波动100全收益指数,红利低波100全收益,CSI Dividend Low Volatility 100 Total Return Index,Dividend Low Volatility100 TRI,,,,11266.79,-95.68,-0.84,2493613706.0,166.65,100.0,7.29,2018-12-27,7.29,166.65
20181228,H20955,中证红利低波动100全收益指数,红利低波100全收益,CSI Dividend Low Volatility 100 Total Return Index,Dividend Low Volatility100 TRI,,,,11338.62,71.83,0.64,2273227935.0,152.42,100.0,7.32,2018-12-28,7.32,152.42
20190102,H20955,中证红利低波动100全收益指数,红利低波100全收益,CSI Dividend Low Volatility 100 Total Return Index,Dividend Low Volatility100 TRI,,,,11198.08,-140.53,-1.24,2026259206.0,130.78,100.0,7.19,2019-01-02,7.19,130.78
20190103,H20955,中证红利低波动100全收益指数,红利低波100全收益,CSI Dividend Low Volatility 100 Total Return Index,Dividend Low Volatility100 TRI,,,,11191.6,-6.48,-0.06,1852571280.0,119.64,100.0,7.21,2019-01-03,7.21,119.64
20190104,H20955,中证红利低波动100全收益指数,红利低波100全收益,CSI Dividend Low Volatility 100 Total Return Index,Dividend Low Volatility100 TRI,,,,11399.7,208.1,1.86,2636154803.0,179.5,100.0,7.33,2019-01-04,7.33,179.5
20190107,H20955,中证红利低波动100全收益指数,红利低波100全收益,CSI Dividend Low Volatility 100 Total Return Index,Dividend Low Volatility100 TRI,,,,11496.85,97.15,0.85,2603334563.0,170.22,100.0,7.33,2019-01-07,7.33,170.22
20190108,H20955,中证红利低波动100全收益指数,红利低波100全收益,CSI Dividend Low Volatility 100 Total Return Index,Dividend Low Volatility100 TRI,,,,11512.87,16.02,0.14,2015515067.0,125.93,100.0,7.3,2019-01-08,7.3,125.93
20190109,H20955,中证红利低波动100全收益指数,红利低波100全收益,CSI Dividend Low Volatility 100 Total Return Index,Dividend Low Volatility100 TRI,,,,11545.66,32.79,0.28,2846014608.0,198.43,100.0,7.36,2019-01-09,7.36,198.43
20190110,H20955,中证红利低波动100全收益指数,红利低波100全收益,CSI Dividend Low Volatility 100 Total Return Index,Dividend Low Volatility100 TRI,,,,11501.16,-44.49,-0.39,2108551737.0,134.07,100.0,7.32,2019-01-10,7.32,134.07
20190111,H20955,中证红利低波动100全收益指数,红利低波100全收益,CSI Dividend Low Volatility 100 Total Return Index,Dividend Low Volatility100 TRI,,,,11547.67,46.5,0.4,1748682815.0,115.21,100.0,7.35,2019-01-11,7.35,115.21
20190114,H20955,中证红利低波动100全收益指数,红利低波100全收益,CSI Dividend Low Volatility 100 Total Return Index,Dividend Low Volatility100 TRI,,,,11500.61,-47.06,-0.41,1706141670.0,106.31,100.0,7.3,2019-01-14,7.3,106.31
20190115,H20955,中证红利低波动100全收益指数,红利低波100全收益,CSI Dividend Low Volatility 100 Total Return Index,Dividend Low Volatility100 TRI,,,,11586.43,85.82,0.75,1967452570.0,132.25,100.0,7.36,2019-01-15,7.36,132.25
20190116,H20955,中证红利低波动100全收益指数,红利低波100全收益,CSI Dividend Low Volatility 100 Total Return Index,Dividend Low Volatility100 TRI,,,,11588.74,2.31,0.02,1724584895.0,110.75,100.0,7.38,2019-01-16,7.38,110.75
20190117,H20955,中证红利低波动100全收益指数,红利低波100全收益,CSI Dividend Low Volatility 100 Total Return Index,Dividend Low Volatility100 TRI,,,,11564.47,-24.26,-0.21,2087366272.0,131.13,100.0,7.36,2019-01-17,7.36,131.13
20190118,H20955,中证红利低波动100全收益指数,红利低波100全收益,CSI Dividend Low Volatility 100 Total Return Index,Dividend Low Volatility100 TRI,,,,11655.42,90.94,0.79,3088754575.0,197.72,100.0,7.47,2019-01-18,7.47,197.72
20190121,H20955,中证红利低波动100全收益指数,红利低波100全收益,CSI Dividend Low Volatility 100 Total Return Index,Dividend Low Volatility100 TRI,,,,11673.94,18.53,0.16,2609533722.0,175.5,100.0,7.5,2019-01-21,7.5,175.5
20190122,H20955,中证红利低波动100全收益指数,红利低波100全收益,CSI Dividend Low Volatility 100 Total Return Index,Dividend Low Volatility100 TRI,,,,11583.13,-90.82,-0.78,1980187794.0,128.88,100.0,7.43,2019-01-22,7.43,128.88
20190123,H20955,中证红利低波动100全收益指数,红利低波100全收益,CSI Dividend Low Volatility 100 Total Return Index,Dividend Low Volatility100 TRI,,,,11615.37,32.25,0.28,1780262777.0,113.67,100.0,7.46,2019-01-23,7.46,113.67
20190124,H20955,中证红利低波动100全收益指数,红利低波100全收益,CSI Dividend Low Volatility 100 Total Return Index,Dividend Low Volatility100 TRI,,,,11655.42,40.04,0.34,2012554033.0,137.77,100.0,7.51,2019-01-24,7.51,137.77
20190125,H20955,中证红利低波动100全收益指数,红利低波100全收益,CSI Dividend Low Volatility 100 Total Return Index,Dividend Low Volatility100 TRI,,,,11669.51,14.09,0.12,2642315550.0,181.4,100.0,7.59,2019-01-25,7.59,181.4
20190128,H20955,中证红利低波动100全收益指数,红利低波100全收益,CSI Dividend Low Volatility 100 Total Return Index,Dividend Low Volatility100 TRI,,,,11655.24,-14.26,-0.12,2338501492.0,165.79,100.0,7.59,2019-01-28,7.59,165.79
20190129,H20955,中证红利低波动100全收益指数,红利低波100全收益,CSI Dividend Low Volatility 100 Total Return Index,Dividend Low Volatility100 TRI,,,,11632.64,-22.61,-0.19,2250858598.0,149.69,100.0,7.63,2019-01-29,7.63,149.69
20190130,H20955,中证红利低波动100全收益指数,红利低波100全收益,CSI Dividend Low Volatility 100 Total Return Index,Dividend Low Volatility100 TRI,,,,11549.61,-83.03,-0.71,1844394325.0,119.7,100.0,7.6,2019-01-30,7.6,119.7
20190131,H20955,中证红利低波动100全收益指数,红利低波100全收益,CSI Dividend Low Volatility 100 Total Return Index,Dividend Low Volatility100 TRI,,,,11580.11,30.49,0.26,2553944264.0,175.59,100.0,7.71,2019-01-31,7.71,175.59
20190201,H20955,中证红利低波动100全收益指数,红利低波100全收益,CSI Dividend Low Volatility 100 Total Return Index,Dividend Low Volatility100 TRI,,,,11735.48,155.37,1.34,2137364204.0,146.87,100.0,7.73,2019-02-01,7.73,146.87
20190211,H20955,中证红利低波动100全收益指数,红利低波100全收益,CSI Dividend Low Volatility 100 Total Return Index,Dividend Low Volatility100 TRI,,,,11881.18,145.7,1.24,2355289139.0,161.77,100.0,7.75,2019-02-11,7.75,161.77
20190212,H20955,中证红利低波动100全收益指数,红利低波100全收益,CSI Dividend Low Volatility 100 Total Return Index,Dividend Low Volatility100 TRI,,,,11965.04,83.86,0.71,2479278591.0,173.69,100.0,7.77,2019-02-12,7.77,173.69
20190213,H20955,中证红利低波动100全收益指数,红利低波100全收益,CSI Dividend Low Volatility 100 Total Return Index,Dividend Low Volatility100 TRI,,,,12123.7,158.66,1.33,3400101837.0,242.88,100.0,7.88,2019-02-13,7.88,242.88
20190214,H20955,中证红利低波动100全收益指数,红利低波100全收益,CSI Dividend Low Volatility 100 Total Return Index,Dividend Low Volatility100 TRI,,,,12099.39,-24.3,-0.2,2523212929.0,177.37,100.0,7.84,2019-02-14,7.84,177.37
20190215,H20955,中证红利低波动100全收益指数,红利低波100全收益,CSI Dividend Low Volatility 100 Total Return Index,Dividend Low Volatility100 TRI,,,,11972.43,-126.97,-1.05,2740456252.0,196.07,100.0,7.7,2019-02-15,7.7,196.07
20190218,H20955,中证红利低波动100全收益指数,红利低波100全收益,CSI Dividend Low Volatility 100 Total Return Index,Dividend Low Volatility100 TRI,,,,12235.15,262.72,2.19,3580160005.0,247.71,100.0,7.85,2019-02-18,7.85,247.71
20190219,H20955,中证红利低波动100全收益指数,红利低波100全收益,CSI Dividend Low Volatility 100 Total Return Index,Dividend Low Volatility100 TRI,,,,12237.36,2.22,0.02,3991166650.0,277.51,100.0,7.83,2019-02-19,7.83,277.51
20190220,H20955,中证红利低波动100全收益指数,红利低波100全收益,CSI Dividend Low Volatility 100 Total Return Index,Dividend Low Volatility100 TRI,,,,12246.59,9.23,0.08,2698047120.0,187.27,100.0,7.85,2019-02-20,7.85,187.27
20190221,H20955,中证红利低波动100全收益指数,红利低波100全收益,CSI Dividend Low Volatility 100 Total Return Index,Dividend Low Volatility100 TRI,,,,12214.75,-31.84,-0.26,3362876103.0,245.31,100.0,7.83,2019-02-21,7.83,245.31
20190222,H20955,中证红利低波动100全收益指数,红利低波100全收益,CSI Dividend Low Volatility 100 Total Return Index,Dividend Low Volatility100 TRI,,,,12434.02,219.27,1.8,4168198035.0,308.4,100.0,7.91,2019-02-22,7.91,308.4
20190225,H20955,中证红利低波动100全收益指数,红利低波100全收益,CSI Dividend Low Volatility 100 Total Return Index,Dividend Low Volatility100 TRI,,,,13014.48,580.46,4.67,9477083337.0,698.83,100.0,8.34,2019-02-25,8.34,698.83
20190226,H20955,中证红利低波动100全收益指数,红利低波100全收益,CSI Dividend Low Volatility 100 Total Return Index,Dividend Low Volatility100 TRI,,,,12962.93,-51.56,-0.4,8890506125.0,640.93,100.0,8.2,2019-02-26,8.2,640.93
20190227,H20955,中证红利低波动100全收益指数,红利低波100全收益,CSI Dividend Low Volatility 100 Total Return Index,Dividend Low Volatility100 TRI,,,,12933.01,-29.92,-0.23,7108037510.0,505.24,100.0,8.23,2019-02-27,8.23,505.24
20190228,H20955,中证红利低波动100全收益指数,红利低波100全收益,CSI Dividend Low Volatility 100 Total Return Index,Dividend Low Volatility100 TRI,,,,12863.21,-69.8,-0.54,4448909141.0,318.82,100.0,8.18,2019-02-28,8.18,318.82
20190301,H20955,中证红利低波动100全收益指数,红利低波100全收益,CSI Dividend Low Volatility 100 Total Return Index,Dividend Low Volatility100 TRI,,,,13019.95,156.75,1.22,5340266963.0,400.98,100.0,8.35,2019-03-01,8.35,400.98
20190304,H20955,中证红利低波动100全收益指数,红利低波100全收益,CSI Dividend Low Volatility 100 Total Return Index,Dividend Low Volatility100 TRI,,,,13172.0,152.05,1.17,9110913309.0,675.11,100.0,8.39,2019-03-04,8.39,675.11
20190305,H20955,中证红利低波动100全收益指数,红利低波100全收益,CSI Dividend Low Volatility 100 Total Return Index,Dividend Low Volatility100 TRI,,,,13331.36,159.36,1.21,5890218712.0,436.12,100.0,8.37,2019-03-05,8.37,436.12
20190306,H20955,中证红利低波动100全收益指数,红利低波100全收益,CSI Dividend Low Volatility 100 Total Return Index,Dividend Low Volatility100 TRI,,,,13566.21,234.85,1.76,7281819560.0,542.33,100.0,8.44,2019-03-06,8.44,542.33
20190307,H20955,中证红利低波动100全收益指数,红利低波100全收益,CSI Dividend Low Volatility 100 Total Return Index,Dividend Low Volatility100 TRI,,,,13683.9,117.69,0.87,8406441326.0,664.71,100.0,8.37,2019-03-07,8.37,664.71
20190308,H20955,中证红利低波动100全收益指数,红利低波100全收益,CSI Dividend Low Volatility 100 Total Return Index,Dividend Low Volatility100 TRI,,,,13040.24,-643.66,-4.7,8187876062.0,627.95,100.0,8.06,2019-03-08,8.06,627.95
20190311,H20955,中证红利低波动100全收益指数,红利低波100全收益,CSI Dividend Low Volatility 100 Total Return Index,Dividend Low Volatility100 TRI,,,,13348.87,308.63,2.37,6253008830.0,484.75,100.0,8.31,2019-03-11,8.31,484.75
20190312,H20955,中证红利低波动100全收益指数,红利低波100全收益,CSI Dividend Low Volatility 100 Total Return Index,Dividend Low Volatility100 TRI,,,,13498.94,150.07,1.12,7492968041.0,574.96,100.0,8.39,2019-03-12,8.39,574.96
20190313,H20955,中证红利低波动100全收益指数,红利低波100全收益,CSI Dividend Low Volatility 100 Total Return Index,Dividend Low Volatility100 TRI,,,,13327.08,-171.86,-1.27,6357611285.0,507.89,100.0,8.3,2019-03-13,8.3,507.89
20190314,H20955,中证红利低波动100全收益指数,红利低波100全收益,CSI Dividend Low Volatility 100 Total Return Index,Dividend Low Volatility100 TRI,,,,13129.49,-197.59,-1.48,4982591204.0,397.63,100.0,8.24,2019-03-14,8.24,397.63
20190315,H20955,中证红利低波动100全收益指数,红利低波100全收益,CSI Dividend Low Volatility 100 Total Return Index,Dividend Low Volatility100 TRI,,,,13321.85,192.36,1.47,5038784426.0,393.98,100.0,8.3,2019-03-15,8.3,393.98
20190318,H20955,中证红利低波动100全收益指数,红利低波100全收益,CSI Dividend Low Volatility 100 Total Return Index,Dividend Low Volatility100 TRI,,,,13614.3,292.45,2.2,6161522741.0,482.05,100.0,8.46,2019-03-18,8.46,482.05
20190319,H20955,中证红利低波动100全收益指数,红利低波100全收益,CSI Dividend Low Volatility 100 Total Return Index,Dividend Low Volatility100 TRI,,,,13581.67,-32.63,-0.24,4760218276.0,369.81,100.0,8.43,2019-03-19,8.43,369.81
20190320,H20955,中证红利低波动100全收益指数,红利低波100全收益,CSI Dividend Low Volatility 100 Total Return Index,Dividend Low Volatility100 TRI,,,,13607.95,26.28,0.19,4815413656.0,382.13,100.0,8.4,2019-03-20,8.4,382.13
20190321,H20955,中证红利低波动100全收益指数,红利低波100全收益,CSI Dividend Low Volatility 100 Total Return Index,Dividend Low Volatility100 TRI,,,,13668.46,60.51,0.44,5420785524.0,426.18,100.0,8.39,2019-03-21,8.39,426.18
20190322,H20955,中证红利低波动100全收益指数,红利低波100全收益,CSI Dividend Low Volatility 100 Total Return Index,Dividend Low Volatility100 TRI,,,,13746.61,78.16,0.57,5226576022.0,388.82,100.0,8.4,2019-03-22,8.4,388.82
20190325,H20955,中证红利低波动100全收益指数,红利低波100全收益,CSI Dividend Low Volatility 100 Total Return Index,Dividend Low Volatility100 TRI,,,,13602.93,-143.69,-1.05,6975401089.0,486.86,100.0,8.23,2019-03-25,8.23,486.86
20190326,H20955,中证红利低波动100全收益指数,红利低波100全收益,CSI Dividend Low Volatility 100 Total Return Index,Dividend Low Volatility100 TRI,,,,13361.99,-240.93,-1.77,5885517609.0,407.68,100.0,8.17,2019-03-26,8.17,407.68
20190327,H20955,中证红利低波动100全收益指数,红利低波100全收益,CSI Dividend Low Volatility 100 Total Return Index,Dividend Low Volatility100 TRI,,,,13467.26,105.26,0.79,4701111553.0,351.05,100.0,8.22,2019-03-27,8.22,351.05
20190328,H20955,中证红利低波动100全收益指数,红利低波100全收益,CSI Dividend Low Volatility 100 Total Return Index,Dividend Low Volatility100 TRI,,,,13274.83,-192.43,-1.43,4317831208.0,327.05,100.0,8.16,2019-03-28,8.16,327.05
20190329,H20955,中证红利低波动100全收益指数,红利低波100全收益,CSI Dividend Low Volatility 100 Total Return Index,Dividend Low Volatility100 TRI,,,,13625.1,350.27,2.64,6421102442.0,528.62,100.0,8.38,2019-03-29,8.38,528.62
20190401,H20955,中证红利低波动100全收益指数,红利低波100全收益,CSI Dividend Low Volatility 100 Total Return Index,Dividend Low Volatility100 TRI,,,,13989.39,364.29,2.67,8144114868.0,644.7,100.0,8.53,2019-04-01,8.53,644.7
20190402,H20955,中证红利低波动100全收益指数,红利低波100全收益,CSI Dividend Low Volatility 100 Total Return Index,Dividend Low Volatility100 TRI,,,,13985.71,-3.69,-0.03,6507683211.0,513.93,100.0,8.52,2019-04-02,8.52,513.93
20190403,H20955,中证红利低波动100全收益指数,红利低波100全收益,CSI Dividend Low Volatility 100 Total Return Index,Dividend Low Volatility100 TRI,,,,14216.99,231.29,1.65,7271966471.0,578.78,100.0,8.63,2019-04-03,8.63,578.78
20190404,H20955,中证红利低波动100全收益指数,红利低波100全收益,CSI Dividend Low Volatility 100 Total Return Index,Dividend Low Volatility100 TRI,,,,14391.68,174.69,1.23,8138606972.0,657.43,100.0,8.76,2019-04-04,8.76,657.43
20190408,H20955,中证红利低波动100全收益指数,红利低波100全收益,CSI Dividend Low Volatility 100 Total Return Index,Dividend Low Volatility100 TRI,,,,14437.49,45.81,0.32,8864109229.0,700.16,100.0,8.77,2019-04-08,8.77,700.16
20190409,H20955,中证红利低波动100全收益指数,红利低波100全收益,CSI Dividend Low Volatility 100 Total Return Index,Dividend Low Volatility100 TRI,,,,14388.75,-48.74,-0.34,5761492831.0,474.56,100.0,8.71,2019-04-09,8.71,474.56
20190410,H20955,中证红利低波动100全收益指数,红利低波100全收益,CSI Dividend Low Volatility 100 Total Return Index,Dividend Low Volatility100 TRI,,,,14452.9,64.15,0.45,5857704639.0,509.74,100.0,8.71,2019-04-10,8.71,509.74
20190411,H20955,中证红利低波动100全收益指数,红利低波100全收益,CSI Dividend Low Volatility 100 Total Return Index,Dividend Low Volatility100 TRI,,,,14254.36,-198.54,-1.37,5315815972.0,441.66,100.0,8.63,2019-04-11,8.63,441.66
20190412,H20955,中证红利低波动100全收益指数,红利低波100全收益,CSI Dividend Low Volatility 100 Total Return Index,Dividend Low Volatility100 TRI,,,,14282.11,27.75,0.19,4326385139.0,342.47,100.0,8.65,2019-04-12,8.65,342.47
20190415,H20955,中证红利低波动100全收益指数,红利低波100全收益,CSI Dividend Low Volatility 100 Total Return Index,Dividend Low Volatility100 TRI,,,,14188.14,-93.97,-0.66,6627879169.0,538.69,100.0,8.67,2019-04-15,8.67,538.69
20190416,H20955,中证红利低波动100全收益指数,红利低波100全收益,CSI Dividend Low Volatility 100 Total Return Index,Dividend Low Volatility100 TRI,,,,14405.37,217.23,1.53,7734205456.0,611.84,100.0,8.88,2019-04-16,8.88,611.84
20190417,H20955,中证红利低波动100全收益指数,红利低波100全收益,CSI Dividend Low Volatility 100 Total Return Index,Dividend Low Volatility100 TRI,,,,14479.32,73.95,0.51,6012190684.0,502.24,100.0,8.92,2019-04-17,8.92,502.24
20190418,H20955,中证红利低波动100全收益指数,红利低波100全收益,CSI Dividend Low Volatility 100 Total Return Index,Dividend Low Volatility100 TRI,,,,14346.18,-133.14,-0.92,4347326923.0,347.78,100.0,8.82,2019-04-18,8.82,347.78
20190419,H20955,中证红利低波动100全收益指数,红利低波100全收益,CSI Dividend Low Volatility 100 Total Return Index,Dividend Low Volatility100 TRI,,,,14411.82,65.64,0.46,4032938251.0,327.8,100.0,8.87,2019-04-19,8.87,327.8
20190422,H20955,中证红利低波动100全收益指数,红利低波100全收益,CSI Dividend Low Volatility 100 Total Return Index,Dividend Low Volatility100 TRI,,,,14180.64,-231.17,-1.6,5460943592.0,457.36,100.0,8.69,2019-04-22,8.69,457.36
20190423,H20955,中证红利低波动100全收益指数,红利低波100全收益,CSI Dividend Low Volatility 100 Total Return Index,Dividend Low Volatility100 TRI,,,,14077.62,-103.03,-0.73,4603587556.0,378.19,100.0,8.69,2019-04-23,8.69,378.19
20190424,H20955,中证红利低波动100全收益指数,红利低波100全收益,CSI Dividend Low Volatility 100 Total Return Index,Dividend Low Volatility100 TRI,,,,14096.1,18.48,0.13,4016301514.0,329.97,100.0,8.69,2019-04-24,8.69,329.97
20190425,H20955,中证红利低波动100全收益指数,红利低波100全收益,CSI Dividend Low Volatility 100 Total Return Index,Dividend Low Volatility100 TRI,,,,13737.56,-358.54,-2.54,4481617411.0,379.28,100.0,8.56,2019-04-25,8.56,379.28
20190426,H20955,中证红利低波动100全收益指数,红利低波100全收益,CSI Dividend Low Volatility 100 Total Return Index,Dividend Low Volatility100 TRI,,,,13569.46,-168.09,-1.22,4423318512.0,366.0,100.0,8.45,2019-04-26,8.45,366.0
20190429,H20955,中证红利低波动100全收益指数,红利低波100全收益,CSI Dividend Low Volatility 100 Total Return Index,Dividend Low Volatility100 TRI,,,,13498.63,-70.83,-0.52,4563687131.0,362.67,100.0,8.5,2019-04-29,8.5,362.67
20190430,H20955,中证红利低波动100全收益指数,红利低波100全收益,CSI Dividend Low Volatility 100 Total Return Index,Dividend Low Volatility100 TRI,,,,13658.99,160.36,1.19,3981974011.0,343.6,100.0,8.54,2019-04-30,8.54,343.6
20190506,H20955,中证红利低波动100全收益指数,红利低波100全收益,CSI Dividend Low Volatility 100 Total Return Index,Dividend Low Volatility100 TRI,,,,12988.89,-670.11,-4.91,6930332809.0,542.69,100.0,8.82,2019-05-06,8.82,542.69
20190507,H20955,中证红利低波动100全收益指数,红利低波100全收益,CSI Dividend Low Volatility 100 Total Return Index,Dividend Low Volatility100 TRI,,,,13090.41,101.52,0.78,4317571748.0,344.29,100.0,8.81,2019-05-07,8.81,344.29
20190508,H20955,中证红利低波动100全收益指数,红利低波100全收益,CSI Dividend Low Volatility 100 Total Return Index,Dividend Low Volatility100 TRI,,,,12944.92,-145.49,-1.11,3746294788.0,288.78,100.0,8.68,2019-05-08,8.68,288.78
20190509,H20955,中证红利低波动100全收益指数,红利低波100全收益,CSI Dividend Low Volatility 100 Total Return Index,Dividend Low Volatility100 TRI,,,,12794.89,-150.03,-1.16,3311405831.0,268.07,100.0,8.58,2019-05-09,8.58,268.07
20190510,H20955,中证红利低波动100全收益指数,红利低波100全收益,CSI Dividend Low Volatility 100 Total Return Index,Dividend Low Volatility100 TRI,,,,13142.12,347.23,2.71,4266169842.0,341.53,100.0,8.78,2019-05-10,8.78,341.53
20190513,H20955,中证红利低波动100全收益指数,红利低波100全收益,CSI Dividend Low Volatility 100 Total Return Index,Dividend Low Volatility100 TRI,,,,13057.86,-84.26,-0.64,3155753828.0,237.42,100.0,8.66,2019-05-13,8.66,237.42
20190514,H20955,中证红利低波动100全收益指数,红利低波100全收益,CSI Dividend Low Volatility 100 Total Return Index,Dividend Low Volatility100 TRI,,,,12972.5,-85.36,-0.65,3223433420.0,254.32,100.0,8.61,2019-05-14,8.61,254.32
20190515,H20955,中证红利低波动100全收益指数,红利低波100全收益,CSI Dividend Low Volatility 100 Total Return Index,Dividend Low Volatility100 TRI,,,,13178.52,206.02,1.59,3342625320.0,255.18,100.0,8.73,2019-05-15,8.73,255.18
20190516,H20955,中证红利低波动100全收益指数,红利低波100全收益,CSI Dividend Low Volatility 100 Total Return Index,Dividend Low Volatility100 TRI,,,,13275.0,96.48,0.73,3301839980.0,243.5,100.0,8.77,2019-05-16,8.77,243.5
20190517,H20955,中证红利低波动100全收益指数,红利低波100全收益,CSI Dividend Low Volatility 100 Total Return Index,Dividend Low Volatility100 TRI,,,,12961.04,-313.96,-2.37,3406002932.0,253.98,100.0,8.65,2019-05-17,8.65,253.98
20190520,H20955,中证红利低波动100全收益指数,红利低波100全收益,CSI Dividend Low Volatility 100 Total Return Index,Dividend Low Volatility100 TRI,,,,12824.22,-136.82,-1.06,3455298149.0,249.66,100.0,8.64,2019-05-20,8.64,249.66
20190521,H20955,中证红利低波动100全收益指数,红利低波100全收益,CSI Dividend Low Volatility 100 Total Return Index,Dividend Low Volatility100 TRI,,,,13002.57,178.35,1.39,2847765588.0,223.44,100.0,8.72,2019-05-21,8.72,223.44
20190522,H20955,中证红利低波动100全收益指数,红利低波100全收益,CSI Dividend Low Volatility 100 Total Return Index,Dividend Low Volatility100 TRI,,,,12947.16,-55.42,-0.43,2405182127.0,189.21,100.0,8.69,2019-05-22,8.69,189.21
20190523,H20955,中证红利低波动100全收益指数,红利低波100全收益,CSI Dividend Low Volatility 100 Total Return Index,Dividend Low Volatility100 TRI,,,,12792.1,-155.05,-1.2,2986559015.0,216.09,100.0,8.64,2019-05-23,8.64,216.09
20190524,H20955,中证红利低波动100全收益指数,红利低波100全收益,CSI Dividend Low Volatility 100 Total Return Index,Dividend Low Volatility100 TRI,,,,12798.69,6.59,0.05,2561191156.0,201.78,100.0,8.66,2019-05-24,8.66,201.78
20190527,H20955,中证红利低波动100全收益指数,红利低波100全收益,CSI Dividend Low Volatility 100 Total Return Index,Dividend Low Volatility100 TRI,,,,12968.8,170.11,1.33,3197818264.0,260.95,100.0,8.71,2019-05-27,8.71,260.95
20190528,H20955,中证红利低波动100全收益指数,红利低波100全收益,CSI Dividend Low Volatility 100 Total Return Index,Dividend Low Volatility100 TRI,,,,13036.49,67.68,0.52,3873977977.0,324.62,100.0,8.79,2019-05-28,8.79,324.62
20190529,H20955,中证红利低波动100全收益指数,红利低波100全收益,CSI Dividend Low Volatility 100 Total Return Index,Dividend Low Volatility100 TRI,,,,12999.99,-36.5,-0.28,2532274666.0,208.64,100.0,8.73,2019-05-29,8.73,208.64
20190530,H20955,中证红利低波动100全收益指数,红利低波100全收益,CSI Dividend Low Volatility 100 Total Return Index,Dividend Low Volatility100 TRI,,,,13018.99,19.0,0.15,2741997063.0,222.85,100.0,8.77,2019-05-30,8.77,222.85
20190531,H20955,中证红利低波动100全收益指数,红利低波100全收益,CSI Dividend Low Volatility 100 Total Return Index,Dividend Low Volatility100 TRI,,,,13032.52,13.54,0.1,2685137257.0,217.3,100.0,8.74,2019-05-31,8.74,217.3
20190603,H20955,中证红利低波动100全收益指数,红利低波100全收益,CSI Dividend Low Volatility 100 Total Return Index,Dividend Low Volatility100 TRI,,,,12986.69,-45.84,-0.35,3229617781.0,254.22,100.0,8.75,2019-06-03,8.75,254.22
20190604,H20955,中证红利低波动100全收益指数,红利低波100全收益,CSI Dividend Low Volatility 100 Total Return Index,Dividend Low Volatility100 TRI,,,,12912.57,-74.11,-0.57,2662521866.0,212.83,100.0,8.74,2019-06-04,8.74,212.83
20190605,H20955,中证红利低波动100全收益指数,红利低波100全收益,CSI Dividend Low Volatility 100 Total Return Index,Dividend Low Volatility100 TRI,,,,12877.26,-35.31,-0.27,2895295374.0,222.88,100.0,8.74,2019-06-05,8.74,222.88
20190606,H20955,中证红利低波动100全收益指数,红利低波100全收益,CSI Dividend Low Volatility 100 Total Return Index,Dividend Low Volatility100 TRI,,,,12748.2,-129.06,-1.0,2480261905.0,198.88,100.0,8.7,2019-06-06,8.7,198.88
20190610,H20955,中证红利低波动100全收益指数,红利低波100全收益,CSI Dividend Low Volatility 100 Total Return Index,Dividend Low Volatility100 TRI,,,,12839.94,91.73,0.72,2814614191.0,220.74,100.0,8.78,2019-06-10,8.78,220.74
20190611,H20955,中证红利低波动100全收益指数,红利低波100全收益,CSI Dividend Low Volatility 100 Total Return Index,Dividend Low Volatility100 TRI,,,,13151.8,311.86,2.43,4084550906.0,324.89,100.0,8.88,2019-06-11,8.88,324.89
20190612,H20955,中证红利低波动100全收益指数,红利低波100全收益,CSI Dividend Low Volatility 100 Total Return Index,Dividend Low Volatility100 TRI,,,,13056.91,-94.89,-0.72,3012615656.0,228.33,100.0,8.84,2019-06-12,8.84,228.33
20190613,H20955,中证红利低波动100全收益指数,红利低波100全收益,CSI Dividend Low Volatility 100 Total Return Index,Dividend Low Volatility100 TRI,,,,13043.04,-13.87,-0.11,2802186591.0,207.82,100.0,8.81,2019-06-13,8.81,207.82
20190614,H20955,中证红利低波动100全收益指数,红利低波100全收益,CSI Dividend Low Volatility 100 Total Return Index,Dividend Low Volatility100 TRI,,,,12903.34,-139.7,-1.07,3117677900.0,243.57,100.0,8.76,2019-06-14,8.76,243.57
20190617,H20955,中证红利低波动100全收益指数,红利低波100全收益,CSI Dividend Low Volatility 100 Total Return Index,Dividend Low Volatility100 TRI,,,,12933.49,30.15,0.23,2070927177.0,143.96,100.0,8.31,2019-06-17,8.31,143.96
20190618,H20955,中证红利低波动100全收益指数,红利低波100全收益,CSI Dividend Low Volatility 100 Total Return Index,Dividend Low Volatility100 TRI,,,,12943.42,9.93,0.08,2103006446.0,141.94,100.0,8.33,2019-06-18,8.33,141.94
20190619,H20955,中证红利低波动100全收益指数,红利低波100全收益,CSI Dividend Low Volatility 100 Total Return Index,Dividend Low Volatility100 TRI,,,,13052.01,108.59,0.84,3448549636.0,240.33,100.0,8.34,2019-06-19,8.34,240.33
20190620,H20955,中证红利低波动100全收益指数,红利低波100全收益,CSI Dividend Low Volatility 100 Total Return Index,Dividend Low Volatility100 TRI,,,,13241.76,189.76,1.45,4886978822.0,329.15,100.0,8.47,2019-06-20,8.47,329.15
20190621,H20955,中证红利低波动100全收益指数,红利低波100全收益,CSI Dividend Low Volatility 100 Total Return Index,Dividend Low Volatility100 TRI,,,,13279.49,37.73,0.28,4191855680.0,279.54,100.0,8.45,2019-06-21,8.45,279.54
20190624,H20955,中证红利低波动100全收益指数,红利低波100全收益,CSI Dividend Low Volatility 100 Total Return Index,Dividend Low Volatility100 TRI,,,,13284.94,5.45,0.04,2621374465.0,180.16,100.0,8.47,2019-06-24,8.47,180.16
20190625,H20955,中证红利低波动100全收益指数,红利低波100全收益,CSI Dividend Low Volatility 100 Total Return Index,Dividend Low Volatility100 TRI,,,,13183.56,-101.38,-0.76,3963359524.0,321.69,100.0,8.37,2019-06-25,8.37,321.69
20190626,H20955,中证红利低波动100全收益指数,红利低波100全收益,CSI Dividend Low Volatility 100 Total Return Index,Dividend Low Volatility100 TRI,,,,13164.37,-19.19,-0.15,2567180116.0,189.82,100.0,8.35,2019-06-26,8.35,189.82
20190627,H20955,中证红利低波动100全收益指数,红利低波100全收益,CSI Dividend Low Volatility 100 Total Return Index,Dividend Low Volatility100 TRI,,,,13199.12,34.75,0.26,2810120828.0,209.31,100.0,8.39,2019-06-27,8.39,209.31
20190628,H20955,中证红利低波动100全收益指数,红利低波100全收益,CSI Dividend Low Volatility 100 Total Return Index,Dividend Low Volatility100 TRI,,,,13134.66,-64.47,-0.49,2425313964.0,168.54,100.0,8.36,2019-06-28,8.36,168.54
20190701,H20955,中证红利低波动100全收益指数,红利低波100全收益,CSI Dividend Low Volatility 100 Total Return Index,Dividend Low Volatility100 TRI,,,,13311.52,176.86,1.35,3629736798.0,264.53,100.0,8.44,2019-07-01,8.44,264.53
20190702,H20955,中证红利低波动100全收益指数,红利低波100全收益,CSI Dividend Low Volatility 100 Total Return Index,Dividend Low Volatility100 TRI,,,,13327.2,15.69,0.12,2981428132.0,224.88,100.0,8.46,2019-07-02,8.46,224.88
20190703,H20955,中证红利低波动100全收益指数,红利低波100全收益,CSI Dividend Low Volatility 100 Total Return Index,Dividend Low Volatility100 TRI,,,,13346.78,19.57,0.15,2963277568.0,207.86,100.0,8.4,2019-07-03,8.4,207.86
20190704,H20955,中证红利低波动100全收益指数,红利低波100全收益,CSI Dividend Low Volatility 100 Total Return Index,Dividend Low Volatility100 TRI,,,,13349.46,2.69,0.02,2873843400.0,195.08,100.0,8.41,2019-07-04,8.41,195.08
20190705,H20955,中证红利低波动100全收益指数,红利低波100全收益,CSI Dividend Low Volatility 100 Total Return Index,Dividend Low Volatility100 TRI,,,,13358.75,9.28,0.07,2070108249.0,146.88,100.0,8.4,2019-07-05,8.4,146.88
20190708,H20955,中证红利低波动100全收益指数,红利低波100全收益,CSI Dividend Low Volatility 100 Total Return Index,Dividend Low Volatility100 TRI,,,,13089.81,-268.94,-2.01,2992974869.0,204.33,100.0,8.23,2019-07-08,8.23,204.33
20190709,H20955,中证红利低波动100全收益指数,红利低波100全收益,CSI Dividend Low Volatility 100 Total Return Index,Dividend Low Volatility100 TRI,,,,13049.2,-40.61,-0.31,1841144324.0,129.31,100.0,8.18,2019-07-09,8.18,129.31
20190710,H20955,中证红利低波动100全收益指数,红利低波100全收益,CSI Dividend Low Volatility 100 Total Return Index,Dividend Low Volatility100 TRI,,,,12995.51,-53.7,-0.41,1689034554.0,123.29,100.0,8.14,2019-07-10,8.14,123.29
20190711,H20955,中证红利低波动100全收益指数,红利低波100全收益,CSI Dividend Low Volatility 100 Total Return Index,Dividend Low Volatility100 TRI,,,,13000.87,5.36,0.04,1799219555.0,134.29,100.0,8.16,2019-07-11,8.16,134.29
20190712,H20955,中证红利低波动100全收益指数,红利低波100全收益,CSI Dividend Low Volatility 100 Total Return Index,Dividend Low Volatility100 TRI,,,,13072.72,71.85,0.55,1933649424.0,143.65,100.0,8.18,2019-07-12,8.18,143.65
20190715,H20955,中证红利低波动100全收益指数,红利低波100全收益,CSI Dividend Low Volatility 100 Total Return Index,Dividend Low Volatility100 TRI,,,,13121.91,49.19,0.38,2398226508.0,166.62,100.0,8.18,2019-07-15,8.18,166.62
20190716,H20955,中证红利低波动100全收益指数,红利低波100全收益,CSI Dividend Low Volatility 100 Total Return Index,Dividend Low Volatility100 TRI,,,,13126.28,4.36,0.03,1623527247.0,124.08,100.0,8.18,2019-07-16,8.18,124.08
20190717,H20955,中证红利低波动100全收益指数,红利低波100全收益,CSI Dividend Low Volatility 100 Total Return Index,Dividend Low Volatility100 TRI,,,,13105.29,-20.99,-0.16,1741222072.0,124.2,100.0,8.15,2019-07-17,8.15,124.2
20190718,H20955,中证红利低波动100全收益指数,红利低波100全收益,CSI Dividend Low Volatility 100 Total Return Index,Dividend Low Volatility100 TRI,,,,12996.23,-109.05,-0.83,1802272990.0,127.75,100.0,8.11,2019-07-18,8.11,127.75
20190719,H20955,中证红利低波动100全收益指数,红利低波100全收益,CSI Dividend Low Volatility 100 Total Return Index,Dividend Low Volatility100 TRI,,,,13091.27,95.04,0.73,2076551464.0,148.99,100.0,8.19,2019-07-19,8.19,148.99
20190722,H20955,中证红利低波动100全收益指数,红利低波100全收益,CSI Dividend Low Volatility 100 Total Return Index,Dividend Low Volatility100 TRI,,,,12980.46,-110.81,-0.85,2257219751.0,156.47,100.0,8.16,2019-07-22,8.16,156.47
20190723,H20955,中证红利低波动100全收益指数,红利低波100全收益,CSI Dividend Low Volatility 100 Total Return Index,Dividend Low Volatility100 TRI,,,,13044.76,64.3,0.5,1884556290.0,130.53,100.0,8.19,2019-07-23,8.19,130.53
20190724,H20955,中证红利低波动100全收益指数,红利低波100全收益,CSI Dividend Low Volatility 100 Total Return Index,Dividend Low Volatility100 TRI,,,,13117.72,72.96,0.56,2251371783.0,160.59,100.0,8.23,2019-07-24,8.23,160.59
20190725,H20955,中证红利低波动100全收益指数,红利低波100全收益,CSI Dividend Low Volatility 100 Total Return Index,Dividend Low Volatility100 TRI,,,,13145.32,27.6,0.21,2073087487.0,163.92,100.0,8.28,2019-07-25,8.28,163.92
20190726,H20955,中证红利低波动100全收益指数,红利低波100全收益,CSI Dividend Low Volatility 100 Total Return Index,Dividend Low Volatility100 TRI,,,,13185.78,40.46,0.31,2015945974.0,144.28,100.0,8.3,2019-07-26,8.3,144.28
20190729,H20955,中证红利低波动100全收益指数,红利低波100全收益,CSI Dividend Low Volatility 100 Total Return Index,Dividend Low Volatility100 TRI,,,,13199.6,13.82,0.1,2046034305.0,143.95,100.0,8.29,2019-07-29,8.29,143.95
20190730,H20955,中证红利低波动100全收益指数,红利低波100全收益,CSI Dividend Low Volatility 100 Total Return Index,Dividend Low Volatility100 TRI,,,,13252.6,53.01,0.4,2155581317.0,155.35,100.0,8.31,2019-07-30,8.31,155.35
20190731,H20955,中证红利低波动100全收益指数,红利低波100全收益,CSI Dividend Low Volatility 100 Total Return Index,Dividend Low Volatility100 TRI,,,,13206.51,-46.09,-0.35,2072508960.0,148.46,100.0,8.28,2019-07-31,8.28,148.46
20190801,H20955,中证红利低波动100全收益指数,红利低波100全收益,CSI Dividend Low Volatility 100 Total Return Index,Dividend Low Volatility100 TRI,,,,13135.07,-71.44,-0.54,2047659808.0,142.34,100.0,8.22,2019-08-01,8.22,142.34
20190802,H20955,中证红利低波动100全收益指数,红利低波100全收益,CSI Dividend Low Volatility 100 Total Return Index,Dividend Low Volatility100 TRI,,,,12973.63,-161.44,-1.23,2694405533.0,187.02,100.0,8.12,2019-08-02,8.12,187.02
20190805,H20955,中证红利低波动100全收益指数,红利低波100全收益,CSI Dividend Low Volatility 100 Total Return Index,Dividend Low Volatility100 TRI,,,,12797.61,-176.02,-1.36,2943561413.0,197.22,100.0,7.99,2019-08-05,7.99,197.22
20190806,H20955,中证红利低波动100全收益指数,红利低波100全收益,CSI Dividend Low Volatility 100 Total Return Index,Dividend Low Volatility100 TRI,,,,12562.92,-234.69,-1.83,3394063320.0,223.83,100.0,7.88,2019-08-06,7.88,223.83
20190807,H20955,中证红利低波动100全收益指数,红利低波100全收益,CSI Dividend Low Volatility 100 Total Return Index,Dividend Low Volatility100 TRI,,,,12565.22,2.3,0.02,2316524115.0,159.55,100.0,7.85,2019-08-07,7.85,159.55
20190808,H20955,中证红利低波动100全收益指数,红利低波100全收益,CSI Dividend Low Volatility 100 Total Return Index,Dividend Low Volatility100 TRI,,,,12642.03,76.8,0.61,2158647265.0,151.59,100.0,7.92,2019-08-08,7.92,151.59
20190809,H20955,中证红利低波动100全收益指数,红利低波100全收益,CSI Dividend Low Volatility 100 Total Return Index,Dividend Low Volatility100 TRI,,,,12571.18,-70.84,-0.56,1932023104.0,135.09,100.0,7.91,2019-08-09,7.91,135.09
20190812,H20955,中证红利低波动100全收益指数,红利低波100全收益,CSI Dividend Low Volatility 100 Total Return Index,Dividend Low Volatility100 TRI,,,,12687.76,116.58,0.93,1798785457.0,128.53,100.0,7.97,2019-08-12,7.97,128.53
20190813,H20955,中证红利低波动100全收益指数,红利低波100全收益,CSI Dividend Low Volatility 100 Total Return Index,Dividend Low Volatility100 TRI,,,,12619.3,-68.46,-0.54,1829522599.0,125.35,100.0,7.91,2019-08-13,7.91,125.35
20190814,H20955,中证红利低波动100全收益指数,红利低波100全收益,CSI Dividend Low Volatility 100 Total Return Index,Dividend Low Volatility100 TRI,,,,12656.63,37.33,0.3,1998386380.0,149.06,100.0,7.92,2019-08-14,7.92,149.06
20190815,H20955,中证红利低波动100全收益指数,红利低波100全收益,CSI Dividend Low Volatility 100 Total Return Index,Dividend Low Volatility100 TRI,,,,12650.4,-6.23,-0.05,2034283630.0,145.45,100.0,7.92,2019-08-15,7.92,145.45
20190816,H20955,中证红利低波动100全收益指数,红利低波100全收益,CSI Dividend Low Volatility 100 Total Return Index,Dividend Low Volatility100 TRI,,,,12654.31,3.91,0.03,1837553229.0,134.86,100.0,7.9,2019-08-16,7.9,134.86
20190819,H20955,中证红利低波动100全收益指数,红利低波100全收益,CSI Dividend Low Volatility 100 Total Return Index,Dividend Low Volatility100 TRI,,,,12867.28,212.97,1.68,3466552136.0,241.59,100.0,7.97,2019-08-19,7.97,241.59
20190820,H20955,中证红利低波动100全收益指数,红利低波100全收益,CSI Dividend Low Volatility 100 Total Return Index,Dividend Low Volatility100 TRI,,,,12837.96,-29.32,-0.23,2386201180.0,167.43,100.0,7.94,2019-08-20,7.94,167.43
20190821,H20955,中证红利低波动100全收益指数,红利低波100全收益,CSI Dividend Low Volatility 100 Total Return Index,Dividend Low Volatility100 TRI,,,,12807.25,-30.72,-0.24,1640670227.0,120.32,100.0,7.94,2019-08-21,7.94,120.32
20190822,H20955,中证红利低波动100全收益指数,红利低波100全收益,CSI Dividend Low Volatility 100 Total Return Index,Dividend Low Volatility100 TRI,,,,12791.62,-15.63,-0.12,1655091482.0,118.32,100.0,7.91,2019-08-22,7.91,118.32
20190823,H20955,中证红利低波动100全收益指数,红利低波100全收益,CSI Dividend Low Volatility 100 Total Return Index,Dividend Low Volatility100 TRI,,,,12798.86,7.24,0.06,1857324007.0,154.31,100.0,7.95,2019-08-23,7.95,154.31
20190826,H20955,中证红利低波动100全收益指数,红利低波100全收益,CSI Dividend Low Volatility 100 Total Return Index,Dividend Low Volatility100 TRI,,,,12699.5,-99.36,-0.78,2425175924.0,186.62,100.0,7.86,2019-08-26,7.86,186.62
20190827,H20955,中证红利低波动100全收益指数,红利低波100全收益,CSI Dividend Low Volatility 100 Total Return Index,Dividend Low Volatility100 TRI,,,,12838.83,139.33,1.1,3194712530.0,244.84,100.0,7.93,2019-08-27,7.93,244.84
20190828,H20955,中证红利低波动100全收益指数,红利低波100全收益,CSI Dividend Low Volatility 100 Total Return Index,Dividend Low Volatility100 TRI,,,,12833.52,-5.31,-0.04,2191418434.0,187.01,100.0,7.91,2019-08-28,7.91,187.01
20190829,H20955,中证红利低波动100全收益指数,红利低波100全收益,CSI Dividend Low Volatility 100 Total Return Index,Dividend Low Volatility100 TRI,,,,12789.32,-44.2,-0.34,2105886486.0,161.79,100.0,7.88,2019-08-29,7.88,161.79
20190830,H20955,中证红利低波动100全收益指数,红利低波100全收益,CSI Dividend Low Volatility 100 Total Return Index,Dividend Low Volatility100 TRI,,,,12710.02,-79.3,-0.62,2147190126.0,161.64,100.0,7.86,2019-08-30,7.86,161.64
20190902,H20955,中证红利低波动100全收益指数,红利低波100全收益,CSI Dividend Low Volatility 100 Total Return Index,Dividend Low Volatility100 TRI,,,,12850.73,140.71,1.11,2695963385.0,189.0,100.0,7.38,2019-09-02,7.38,189.0
20190903,H20955,中证红利低波动100全收益指数,红利低波100全收益,CSI Dividend Low Volatility 100 Total Return Index,Dividend Low Volatility100 TRI,,,,12857.13,6.4,0.05,2296694339.0,151.95,100.0,7.38,2019-09-03,7.38,151.95
20190904,H20955,中证红利低波动100全收益指数,红利低波100全收益,CSI Dividend Low Volatility 100 Total Return Index,Dividend Low Volatility100 TRI,,,,12977.28,120.14,0.93,3306415605.0,223.97,100.0,7.48,2019-09-04,7.48,223.97
20190905,H20955,中证红利低波动100全收益指数,红利低波100全收益,CSI Dividend Low Volatility 100 Total Return Index,Dividend Low Volatility100 TRI,,,,13052.19,74.92,0.58,4100102289.0,283.21,100.0,7.53,2019-09-05,7.53,283.21
20190906,H20955,中证红利低波动100全收益指数,红利低波100全收益,CSI Dividend Low Volatility 100 Total Return Index,Dividend Low Volatility100 TRI,,,,13086.53,34.34,0.26,2430209171.0,173.47,100.0,7.57,2019-09-06,7.57,173.47
20190909,H20955,中证红利低波动100全收益指数,红利低波100全收益,CSI Dividend Low Volatility 100 Total Return Index,Dividend Low Volatility100 TRI,,,,13142.7,56.17,0.43,2898621771.0,213.88,100.0,7.57,2019-09-09,7.57,213.88
20190910,H20955,中证红利低波动100全收益指数,红利低波100全收益,CSI Dividend Low Volatility 100 Total Return Index,Dividend Low Volatility100 TRI,,,,13120.67,-22.03,-0.17,2355332067.0,174.62,100.0,7.55,2019-09-10,7.55,174.62
20190911,H20955,中证红利低波动100全收益指数,红利低波100全收益,CSI Dividend Low Volatility 100 Total Return Index,Dividend Low Volatility100 TRI,,,,13130.85,10.18,0.08,2710417394.0,184.14,100.0,7.6,2019-09-11,7.6,184.14
20190912,H20955,中证红利低波动100全收益指数,红利低波100全收益,CSI Dividend Low Volatility 100 Total Return Index,Dividend Low Volatility100 TRI,,,,13180.06,49.21,0.37,2275577980.0,164.73,100.0,7.62,2019-09-12,7.62,164.73
20190916,H20955,中证红利低波动100全收益指数,红利低波100全收益,CSI Dividend Low Volatility 100 Total Return Index,Dividend Low Volatility100 TRI,,,,13197.45,17.4,0.13,2285587333.0,163.18,100.0,7.52,2019-09-16,7.52,163.18
20190917,H20955,中证红利低波动100全收益指数,红利低波100全收益,CSI Dividend Low Volatility 100 Total Return Index,Dividend Low Volatility100 TRI,,,,13001.65,-195.8,-1.48,2326147900.0,162.01,100.0,7.42,2019-09-17,7.42,162.01
20190918,H20955,中证红利低波动100全收益指数,红利低波100全收益,CSI Dividend Low Volatility 100 Total Return Index,Dividend Low Volatility100 TRI,,,,13018.8,17.14,0.13,1686666725.0,123.12,100.0,7.4,2019-09-18,7.4,123.12
20190919,H20955,中证红利低波动100全收益指数,红利低波100全收益,CSI Dividend Low Volatility 100 Total Return Index,Dividend Low Volatility100 TRI,,,,13052.26,33.47,0.26,1556829442.0,118.29,100.0,7.41,2019-09-19,7.41,118.29
20190920,H20955,中证红利低波动100全收益指数,红利低波100全收益,CSI Dividend Low Volatility 100 Total Return Index,Dividend Low Volatility100 TRI,,,,13043.29,-8.97,-0.07,2446677531.0,179.32,100.0,7.42,2019-09-20,7.42,179.32
20190923,H20955,中证红利低波动100全收益指数,红利低波100全收益,CSI Dividend Low Volatility 100 Total Return Index,Dividend Low Volatility100 TRI,,,,12900.53,-142.76,-1.09,2015334393.0,149.4,100.0,7.35,2019-09-23,7.35,149.4
20190924,H20955,中证红利低波动100全收益指数,红利低波100全收益,CSI Dividend Low Volatility 100 Total Return Index,Dividend Low Volatility100 TRI,,,,12919.22,18.69,0.14,1595456272.0,122.53,100.0,7.36,2019-09-24,7.36,122.53
20190925,H20955,中证红利低波动100全收益指数,红利低波100全收益,CSI Dividend Low Volatility 100 Total Return Index,Dividend Low Volatility100 TRI,,,,12807.84,-111.38,-0.86,1673994253.0,128.94,100.0,7.32,2019-09-25,7.32,128.94
20190926,H20955,中证红利低波动100全收益指数,红利低波100全收益,CSI Dividend Low Volatility 100 Total Return Index,Dividend Low Volatility100 TRI,,,,12793.02,-14.82,-0.12,2535436755.0,194.57,100.0,7.37,2019-09-26,7.37,194.57
20190927,H20955,中证红利低波动100全收益指数,红利低波100全收益,CSI Dividend Low Volatility 100 Total Return Index,Dividend Low Volatility100 TRI,,,,12761.19,-31.83,-0.25,2025662111.0,149.63,100.0,7.34,2019-09-27,7.34,149.63
20190930,H20955,中证红利低波动100全收益指数,红利低波100全收益,CSI Dividend Low Volatility 100 Total Return Index,Dividend Low Volatility100 TRI,,,,12711.92,-49.27,-0.39,1642868496.0,118.03,100.0,7.31,2019-09-30,7.31,118.03
20191008,H20955,中证红利低波动100全收益指数,红利低波100全收益,CSI Dividend Low Volatility 100 Total Return Index,Dividend Low Volatility100 TRI,,,,12787.78,75.85,0.6,2112498535.0,159.62,100.0,7.36,2019-10-08,7.36,159.62
20191009,H20955,中证红利低波动100全收益指数,红利低波100全收益,CSI Dividend Low Volatility 100 Total Return Index,Dividend Low Volatility100 TRI,,,,12864.99,77.21,0.6,2368469715.0,184.32,100.0,7.4,2019-10-09,7.4,184.32
20191010,H20955,中证红利低波动100全收益指数,红利低波100全收益,CSI Dividend Low Volatility 100 Total Return Index,Dividend Low Volatility100 TRI,,,,12924.42,59.43,0.46,1796652874.0,128.96,100.0,7.4,2019-10-10,7.4,128.96
20191011,H20955,中证红利低波动100全收益指数,红利低波100全收益,CSI Dividend Low Volatility 100 Total Return Index,Dividend Low Volatility100 TRI,,,,13005.61,81.19,0.63,2461793858.0,191.59,100.0,7.49,2019-10-11,7.49,191.59
20191014,H20955,中证红利低波动100全收益指数,红利低波100全收益,CSI Dividend Low Volatility 100 Total Return Index,Dividend Low Volatility100 TRI,,,,13151.07,145.46,1.12,3933064348.0,281.62,100.0,7.58,2019-10-14,7.58,281.62
20191015,H20955,中证红利低波动100全收益指数,红利低波100全收益,CSI Dividend Low Volatility 100 Total Return Index,Dividend Low Volatility100 TRI,,,,13100.27,-50.8,-0.39,2429193411.0,179.08,100.0,7.56,2019-10-15,7.56,179.08
20191016,H20955,中证红利低波动100全收益指数,红利低波100全收益,CSI Dividend Low Volatility 100 Total Return Index,Dividend Low Volatility100 TRI,,,,13052.83,-47.44,-0.36,2413232261.0,177.65,100.0,7.55,2019-10-16,7.55,177.65
20191017,H20955,中证红利低波动100全收益指数,红利低波100全收益,CSI Dividend Low Volatility 100 Total Return Index,Dividend Low Volatility100 TRI,,,,13007.22,-45.6,-0.35,1708111186.0,122.85,100.0,7.53,2019-10-17,7.53,122.85
20191018,H20955,中证红利低波动100全收益指数,红利低波100全收益,CSI Dividend Low Volatility 100 Total Return Index,Dividend Low Volatility100 TRI,,,,12867.47,-139.76,-1.07,2311752003.0,166.27,100.0,7.46,2019-10-18,7.46,166.27
20191021,H20955,中证红利低波动100全收益指数,红利低波100全收益,CSI Dividend Low Volatility 100 Total Return Index,Dividend Low Volatility100 TRI,,,,12884.44,16.97,0.13,2060802677.0,145.67,100.0,7.51,2019-10-21,7.51,145.67
20191022,H20955,中证红利低波动100全收益指数,红利低波100全收益,CSI Dividend Low Volatility 100 Total Return Index,Dividend Low Volatility100 TRI,,,,12914.12,29.68,0.23,1783226618.0,125.04,100.0,7.51,2019-10-22,7.51,125.04
20191023,H20955,中证红利低波动100全收益指数,红利低波100全收益,CSI Dividend Low Volatility 100 Total Return Index,Dividend Low Volatility100 TRI,,,,12879.14,-34.98,-0.27,1947348974.0,128.82,100.0,7.52,2019-10-23,7.52,128.82
20191024,H20955,中证红利低波动100全收益指数,红利低波100全收益,CSI Dividend Low Volatility 100 Total Return Index,Dividend Low Volatility100 TRI,,,,12907.15,28.01,0.22,2210434065.0,154.61,100.0,7.56,2019-10-24,7.56,154.61
20191025,H20955,中证红利低波动100全收益指数,红利低波100全收益,CSI Dividend Low Volatility 100 Total Return Index,Dividend Low Volatility100 TRI,,,,12945.53,38.37,0.3,2041814470.0,143.12,100.0,7.57,2019-10-25,7.57,143.12
20191028,H20955,中证红利低波动100全收益指数,红利低波100全收益,CSI Dividend Low Volatility 100 Total Return Index,Dividend Low Volatility100 TRI,,,,12971.83,26.3,0.2,2246059661.0,159.36,100.0,7.56,2019-10-28,7.56,159.36
20191029,H20955,中证红利低波动100全收益指数,红利低波100全收益,CSI Dividend Low Volatility 100 Total Return Index,Dividend Low Volatility100 TRI,,,,12891.78,-80.05,-0.62,1938143959.0,139.11,100.0,7.51,2019-10-29,7.51,139.11
20191030,H20955,中证红利低波动100全收益指数,红利低波100全收益,CSI Dividend Low Volatility 100 Total Return Index,Dividend Low Volatility100 TRI,,,,12853.5,-38.28,-0.3,2018865300.0,156.82,100.0,7.5,2019-10-30,7.5,156.82
20191031,H20955,中证红利低波动100全收益指数,红利低波100全收益,CSI Dividend Low Volatility 100 Total Return Index,Dividend Low Volatility100 TRI,,,,12791.61,-61.9,-0.48,2175824862.0,155.9,100.0,7.48,2019-10-31,7.48,155.9
20191101,H20955,中证红利低波动100全收益指数,红利低波100全收益,CSI Dividend Low Volatility 100 Total Return Index,Dividend Low Volatility100 TRI,,,,12881.01,89.4,0.7,2589224172.0,205.05,100.0,7.51,2019-11-01,7.51,205.05
20191104,H20955,中证红利低波动100全收益指数,红利低波100全收益,CSI Dividend Low Volatility 100 Total Return Index,Dividend Low Volatility100 TRI,,,,12911.72,30.71,0.24,2539858489.0,205.07,100.0,7.53,2019-11-04,7.53,205.07
20191105,H20955,中证红利低波动100全收益指数,红利低波100全收益,CSI Dividend Low Volatility 100 Total Return Index,Dividend Low Volatility100 TRI,,,,13000.09,88.38,0.68,3326191767.0,253.45,100.0,7.58,2019-11-05,7.58,253.45
20191106,H20955,中证红利低波动100全收益指数,红利低波100全收益,CSI Dividend Low Volatility 100 Total Return Index,Dividend Low Volatility100 TRI,,,,12971.13,-28.96,-0.22,2626212817.0,204.53,100.0,7.6,2019-11-06,7.6,204.53
20191107,H20955,中证红利低波动100全收益指数,红利低波100全收益,CSI Dividend Low Volatility 100 Total Return Index,Dividend Low Volatility100 TRI,,,,12995.88,24.74,0.19,2118192173.0,161.19,100.0,7.58,2019-11-07,7.58,161.19
20191108,H20955,中证红利低波动100全收益指数,红利低波100全收益,CSI Dividend Low Volatility 100 Total Return Index,Dividend Low Volatility100 TRI,,,,12918.89,-76.98,-0.59,2439353251.0,182.83,100.0,7.51,2019-11-08,7.51,182.83
20191111,H20955,中证红利低波动100全收益指数,红利低波100全收益,CSI Dividend Low Volatility 100 Total Return Index,Dividend Low Volatility100 TRI,,,,12669.47,-249.42,-1.93,2573251859.0,178.8,100.0,7.39,2019-11-11,7.39,178.8
20191112,H20955,中证红利低波动100全收益指数,红利低波100全收益,CSI Dividend Low Volatility 100 Total Return Index,Dividend Low Volatility100 TRI,,,,12688.29,18.82,0.15,1842444481.0,135.04,100.0,7.41,2019-11-12,7.41,135.04
20191113,H20955,中证红利低波动100全收益指数,红利低波100全收益,CSI Dividend Low Volatility 100 Total Return Index,Dividend Low Volatility100 TRI,,,,12602.98,-85.31,-0.67,1914583510.0,139.72,100.0,7.37,2019-11-13,7.37,139.72
20191114,H20955,中证红利低波动100全收益指数,红利低波100全收益,CSI Dividend Low Volatility 100 Total Return Index,Dividend Low Volatility100 TRI,,,,12581.87,-21.11,-0.17,1866757474.0,133.69,100.0,7.34,2019-11-14,7.34,133.69
20191115,H20955,中证红利低波动100全收益指数,红利低波100全收益,CSI Dividend Low Volatility 100 Total Return Index,Dividend Low Volatility100 TRI,,,,12497.22,-84.65,-0.67,1873700504.0,137.87,100.0,7.33,2019-11-15,7.33,137.87
20191118,H20955,中证红利低波动100全收益指数,红利低波100全收益,CSI Dividend Low Volatility 100 Total Return Index,Dividend Low Volatility100 TRI,,,,12591.96,94.74,0.76,1997779689.0,152.35,100.0,7.39,2019-11-18,7.39,152.35
20191119,H20955,中证红利低波动100全收益指数,红利低波100全收益,CSI Dividend Low Volatility 100 Total Return Index,Dividend Low Volatility100 TRI,,,,12684.45,92.49,0.73,1851820595.0,135.4,100.0,7.41,2019-11-19,7.41,135.4
20191120,H20955,中证红利低波动100全收益指数,红利低波100全收益,CSI Dividend Low Volatility 100 Total Return Index,Dividend Low Volatility100 TRI,,,,12609.75,-74.7,-0.59,1871468302.0,145.12,100.0,7.35,2019-11-20,7.35,145.12
20191121,H20955,中证红利低波动100全收益指数,红利低波100全收益,CSI Dividend Low Volatility 100 Total Return Index,Dividend Low Volatility100 TRI,,,,12614.42,4.67,0.04,1813237825.0,124.44,100.0,7.33,2019-11-21,7.33,124.44
20191122,H20955,中证红利低波动100全收益指数,红利低波100全收益,CSI Dividend Low Volatility 100 Total Return Index,Dividend Low Volatility100 TRI,,,,12606.01,-8.4,-0.07,2239746351.0,152.29,100.0,7.33,2019-11-22,7.33,152.29
20191125,H20955,中证红利低波动100全收益指数,红利低波100全收益,CSI Dividend Low Volatility 100 Total Return Index,Dividend Low Volatility100 TRI,,,,12810.7,204.69,1.62,3126822967.0,206.92,100.0,7.45,2019-11-25,7.45,206.92
20191126,H20955,中证红利低波动100全收益指数,红利低波100全收益,CSI Dividend Low Volatility 100 Total Return Index,Dividend Low Volatility100 TRI,,,,12774.49,-36.21,-0.28,3148965787.0,213.27,100.0,7.45,2019-11-26,7.45,213.27
20191127,H20955,中证红利低波动100全收益指数,红利低波100全收益,CSI Dividend Low Volatility 100 Total Return Index,Dividend Low Volatility100 TRI,,,,12730.88,-43.61,-0.34,1772510125.0,128.09,100.0,7.44,2019-11-27,7.44,128.09
20191128,H20955,中证红利低波动100全收益指数,红利低波100全收益,CSI Dividend Low Volatility 100 Total Return Index,Dividend Low Volatility100 TRI,,,,12689.74,-41.14,-0.32,1581861500.0,109.93,100.0,7.41,2019-11-28,7.41,109.93
20191129,H20955,中证红利低波动100全收益指数,红利低波100全收益,CSI Dividend Low Volatility 100 Total Return Index,Dividend Low Volatility100 TRI,,,,12695.23,5.48,0.04,1732332693.0,122.9,100.0,7.38,2019-11-29,7.38,122.9
20191202,H20955,中证红利低波动100全收益指数,红利低波100全收益,CSI Dividend Low Volatility 100 Total Return Index,Dividend Low Volatility100 TRI,,,,12696.18,0.95,0.01,1645942557.0,112.92,100.0,7.38,2019-12-02,7.38,112.92
20191203,H20955,中证红利低波动100全收益指数,红利低波100全收益,CSI Dividend Low Volatility 100 Total Return Index,Dividend Low Volatility100 TRI,,,,12729.53,33.35,0.26,1616885864.0,114.41,100.0,7.39,2019-12-03,7.39,114.41
20191204,H20955,中证红利低波动100全收益指数,红利低波100全收益,CSI Dividend Low Volatility 100 Total Return Index,Dividend Low Volatility100 TRI,,,,12695.86,-33.67,-0.26,1559324228.0,108.56,100.0,7.35,2019-12-04,7.35,108.56
20191205,H20955,中证红利低波动100全收益指数,红利低波100全收益,CSI Dividend Low Volatility 100 Total Return Index,Dividend Low Volatility100 TRI,,,,12723.67,27.81,0.22,1605312723.0,115.23,100.0,7.37,2019-12-05,7.37,115.23
20191206,H20955,中证红利低波动100全收益指数,红利低波100全收益,CSI Dividend Low Volatility 100 Total Return Index,Dividend Low Volatility100 TRI,,,,12742.49,18.82,0.15,1484599436.0,109.07,100.0,7.36,2019-12-06,7.36,109.07
20191209,H20955,中证红利低波动100全收益指数,红利低波100全收益,CSI Dividend Low Volatility 100 Total Return Index,Dividend Low Volatility100 TRI,,,,12805.04,62.54,0.49,2129649653.0,145.59,100.0,7.39,2019-12-09,7.39,145.59
20191210,H20955,中证红利低波动100全收益指数,红利低波100全收益,CSI Dividend Low Volatility 100 Total Return Index,Dividend Low Volatility100 TRI,,,,12780.62,-24.42,-0.19,1640480423.0,114.25,100.0,7.37,2019-12-10,7.37,114.25
20191211,H20955,中证红利低波动100全收益指数,红利低波100全收益,CSI Dividend Low Volatility 100 Total Return Index,Dividend Low Volatility100 TRI,,,,12826.7,46.08,0.36,2090397401.0,150.77,100.0,7.41,2019-12-11,7.41,150.77
20191212,H20955,中证红利低波动100全收益指数,红利低波100全收益,CSI Dividend Low Volatility 100 Total Return Index,Dividend Low Volatility100 TRI,,,,12794.98,-31.72,-0.25,1916393340.0,140.39,100.0,7.41,2019-12-12,7.41,140.39
20191213,H20955,中证红利低波动100全收益指数,红利低波100全收益,CSI Dividend Low Volatility 100 Total Return Index,Dividend Low Volatility100 TRI,,,,12947.63,152.65,1.19,3095995697.0,231.45,100.0,7.51,2019-12-13,7.51,231.45
20191216,H20955,中证红利低波动100全收益指数,红利低波100全收益,CSI Dividend Low Volatility 100 Total Return Index,Dividend Low Volatility100 TRI,,,,12999.29,51.66,0.4,2950752798.0,269.98,100.0,8.14,2019-12-16,8.14,269.98
20191217,H20955,中证红利低波动100全收益指数,红利低波100全收益,CSI Dividend Low Volatility 100 Total Return Index,Dividend Low Volatility100 TRI,,,,13116.73,117.44,0.9,4368520121.0,374.16,100.0,8.23,2019-12-17,8.23,374.16
20191218,H20955,中证红利低波动100全收益指数,红利低波100全收益,CSI Dividend Low Volatility 100 Total Return Index,Dividend Low Volatility100 TRI,,,,13077.33,-39.4,-0.3,2938142346.0,258.29,100.0,8.22,2019-12-18,8.22,258.29
20191219,H20955,中证红利低波动100全收益指数,红利低波100全收益,CSI Dividend Low Volatility 100 Total Return Index,Dividend Low Volatility100 TRI,,,,13116.25,38.91,0.3,2657638103.0,221.14,100.0,8.25,2019-12-19,8.25,221.14
20191220,H20955,中证红利低波动100全收益指数,红利低波100全收益,CSI Dividend Low Volatility 100 Total Return Index,Dividend Low Volatility100 TRI,,,,13086.67,-29.58,-0.23,2477939304.0,211.77,100.0,8.25,2019-12-20,8.25,211.77
20191223,H20955,中证红利低波动100全收益指数,红利低波100全收益,CSI Dividend Low Volatility 100 Total Return Index,Dividend Low Volatility100 TRI,,,,12918.14,-168.53,-1.29,2579790978.0,221.55,100.0,8.17,2019-12-23,8.17,221.55
20191224,H20955,中证红利低波动100全收益指数,红利低波100全收益,CSI Dividend Low Volatility 100 Total Return Index,Dividend Low Volatility100 TRI,,,,12973.71,55.57,0.43,1728678589.0,158.09,100.0,8.18,2019-12-24,8.18,158.09
20191225,H20955,中证红利低波动100全收益指数,红利低波100全收益,CSI Dividend Low Volatility 100 Total Return Index,Dividend Low Volatility100 TRI,,,,12943.64,-30.07,-0.23,1663469632.0,148.74,100.0,8.15,2019-12-25,8.15,148.74
20191226,H20955,中证红利低波动100全收益指数,红利低波100全收益,CSI Dividend Low Volatility 100 Total Return Index,Dividend Low Volatility100 TRI,,,,13030.75,87.11,0.67,2044594503.0,176.85,100.0,8.22,2019-12-26,8.22,176.85
20191227,H20955,中证红利低波动100全收益指数,红利低波100全收益,CSI Dividend Low Volatility 100 Total Return Index,Dividend Low Volatility100 TRI,,,,13057.97,27.22,0.21,3246477049.0,260.19,100.0,8.25,2019-12-27,8.25,260.19
20191230,H20955,中证红利低波动100全收益指数,红利低波100全收益,CSI Dividend Low Volatility 100 Total Return Index,Dividend Low Volatility100 TRI,,,,13189.06,131.09,1.0,3621061843.0,312.03,100.0,8.29,2019-12-30,8.29,312.03
20191231,H20955,中证红利低波动100全收益指数,红利低波100全收益,CSI Dividend Low Volatility 100 Total Return Index,Dividend Low Volatility100 TRI,,,,13252.65,63.59,0.48,3060759866.0,257.89,100.0,8.3,2019-12-31,8.3,257.89
20200102,H20955,中证红利低波动100全收益指数,红利低波100全收益,CSI Dividend Low Volatility 100 Total Return Index,Dividend Low Volatility100 TRI,,,,13405.56,152.91,1.15,4980796229.0,431.43,100.0,8.42,2020-01-02,8.42,431.43
20200103,H20955,中证红利低波动100全收益指数,红利低波100全收益,CSI Dividend Low Volatility 100 Total Return Index,Dividend Low Volatility100 TRI,,,,13428.68,23.12,0.17,3373725389.0,293.81,100.0,8.43,2020-01-03,8.43,293.81
20200106,H20955,中证红利低波动100全收益指数,红利低波100全收益,CSI Dividend Low Volatility 100 Total Return Index,Dividend Low Volatility100 TRI,,,,13396.88,-31.8,-0.24,4814657532.0,394.71,100.0,8.42,2020-01-06,8.42,394.71
20200107,H20955,中证红利低波动100全收益指数,红利低波100全收益,CSI Dividend Low Volatility 100 Total Return Index,Dividend Low Volatility100 TRI,,,,13454.91,58.02,0.43,3723820865.0,298.5,100.0,8.44,2020-01-07,8.44,298.5
20200108,H20955,中证红利低波动100全收益指数,红利低波100全收益,CSI Dividend Low Volatility 100 Total Return Index,Dividend Low Volatility100 TRI,,,,13306.92,-147.99,-1.1,3822033367.0,311.32,100.0,8.36,2020-01-08,8.36,311.32
20200109,H20955,中证红利低波动100全收益指数,红利低波100全收益,CSI Dividend Low Volatility 100 Total Return Index,Dividend Low Volatility100 TRI,,,,13376.08,69.17,0.52,3198526064.0,272.98,100.0,8.37,2020-01-09,8.37,272.98
20200110,H20955,中证红利低波动100全收益指数,红利低波100全收益,CSI Dividend Low Volatility 100 Total Return Index,Dividend Low Volatility100 TRI,,,,13345.51,-30.58,-0.23,2446985967.0,211.3,100.0,8.35,2020-01-10,8.35,211.3
20200113,H20955,中证红利低波动100全收益指数,红利低波100全收益,CSI Dividend Low Volatility 100 Total Return Index,Dividend Low Volatility100 TRI,,,,13373.18,27.67,0.21,2772576791.0,248.39,100.0,8.36,2020-01-13,8.36,248.39
20200114,H20955,中证红利低波动100全收益指数,红利低波100全收益,CSI Dividend Low Volatility 100 Total Return Index,Dividend Low Volatility100 TRI,,,,13371.85,-1.33,-0.01,2842894079.0,238.48,100.0,8.36,2020-01-14,8.36,238.48
20200115,H20955,中证红利低波动100全收益指数,红利低波100全收益,CSI Dividend Low Volatility 100 Total Return Index,Dividend Low Volatility100 TRI,,,,13254.33,-117.52,-0.88,2482626747.0,228.37,100.0,8.27,2020-01-15,8.27,228.37
20200116,H20955,中证红利低波动100全收益指数,红利低波100全收益,CSI Dividend Low Volatility 100 Total Return Index,Dividend Low Volatility100 TRI,,,,13180.27,-74.06,-0.56,2742454635.0,233.81,100.0,8.21,2020-01-16,8.21,233.81
20200117,H20955,中证红利低波动100全收益指数,红利低波100全收益,CSI Dividend Low Volatility 100 Total Return Index,Dividend Low Volatility100 TRI,,,,13164.22,-16.04,-0.12,2161176687.0,193.85,100.0,8.21,2020-01-17,8.21,193.85
20200120,H20955,中证红利低波动100全收益指数,红利低波100全收益,CSI Dividend Low Volatility 100 Total Return Index,Dividend Low Volatility100 TRI,,,,13187.82,23.6,0.18,2405584620.0,233.58,100.0,8.22,2020-01-20,8.22,233.58
20200121,H20955,中证红利低波动100全收益指数,红利低波100全收益,CSI Dividend Low Volatility 100 Total Return Index,Dividend Low Volatility100 TRI,,,,13001.77,-186.05,-1.41,3144642782.0,274.73,100.0,8.1,2020-01-21,8.1,274.73
20200122,H20955,中证红利低波动100全收益指数,红利低波100全收益,CSI Dividend Low Volatility 100 Total Return Index,Dividend Low Volatility100 TRI,,,,12987.92,-13.85,-0.11,2844434420.0,255.13,100.0,8.1,2020-01-22,8.1,255.13
20200123,H20955,中证红利低波动100全收益指数,红利低波100全收益,CSI Dividend Low Volatility 100 Total Return Index,Dividend Low Volatility100 TRI,,,,12669.75,-318.17,-2.45,4098290092.0,352.21,100.0,7.93,2020-01-23,7.93,352.21
20200203,H20955,中证红利低波动100全收益指数,红利低波100全收益,CSI Dividend Low Volatility 100 Total Return Index,Dividend Low Volatility100 TRI,,,,11607.98,-1061.77,-8.38,6822135306.0,532.24,100.0,7.4,2020-02-03,7.4,532.24
20200204,H20955,中证红利低波动100全收益指数,红利低波100全收益,CSI Dividend Low Volatility 100 Total Return Index,Dividend Low Volatility100 TRI,,,,11821.65,213.67,1.84,5395147895.0,422.25,100.0,7.52,2020-02-04,7.52,422.25
20200205,H20955,中证红利低波动100全收益指数,红利低波100全收益,CSI Dividend Low Volatility 100 Total Return Index,Dividend Low Volatility100 TRI,,,,11921.25,99.6,0.84,4025263136.0,323.03,100.0,7.54,2020-02-05,7.54,323.03
20200206,H20955,中证红利低波动100全收益指数,红利低波100全收益,CSI Dividend Low Volatility 100 Total Return Index,Dividend Low Volatility100 TRI,,,,12048.63,127.39,1.07,3990585965.0,319.12,100.0,7.6,2020-02-06,7.6,319.12
20200207,H20955,中证红利低波动100全收益指数,红利低波100全收益,CSI Dividend Low Volatility 100 Total Return Index,Dividend Low Volatility100 TRI,,,,12021.73,-26.9,-0.22,3318461956.0,268.46,100.0,7.59,2020-02-07,7.59,268.46
20200210,H20955,中证红利低波动100全收益指数,红利低波100全收益,CSI Dividend Low Volatility 100 Total Return Index,Dividend Low Volatility100 TRI,,,,12125.03,103.3,0.86,3395884097.0,283.09,100.0,7.6,2020-02-10,7.6,283.09
20200211,H20955,中证红利低波动100全收益指数,红利低波100全收益,CSI Dividend Low Volatility 100 Total Return Index,Dividend Low Volatility100 TRI,,,,12178.29,53.26,0.44,3536028615.0,274.24,100.0,7.65,2020-02-11,7.65,274.24
20200212,H20955,中证红利低波动100全收益指数,红利低波100全收益,CSI Dividend Low Volatility 100 Total Return Index,Dividend Low Volatility100 TRI,,,,12229.35,51.06,0.42,2706814773.0,208.18,100.0,7.67,2020-02-12,7.67,208.18
20200213,H20955,中证红利低波动100全收益指数,红利低波100全收益,CSI Dividend Low Volatility 100 Total Return Index,Dividend Low Volatility100 TRI,,,,12142.26,-87.09,-0.71,2940419391.0,245.92,100.0,7.64,2020-02-13,7.64,245.92
20200214,H20955,中证红利低波动100全收益指数,红利低波100全收益,CSI Dividend Low Volatility 100 Total Return Index,Dividend Low Volatility100 TRI,,,,12194.54,52.28,0.43,2782147385.0,231.5,100.0,7.68,2020-02-14,7.68,231.5
20200217,H20955,中证红利低波动100全收益指数,红利低波100全收益,CSI Dividend Low Volatility 100 Total Return Index,Dividend Low Volatility100 TRI,,,,12421.47,226.93,1.86,3788024997.0,317.18,100.0,7.8,2020-02-17,7.8,317.18
20200218,H20955,中证红利低波动100全收益指数,红利低波100全收益,CSI Dividend Low Volatility 100 Total Return Index,Dividend Low Volatility100 TRI,,,,12379.64,-41.83,-0.34,3377904204.0,287.81,100.0,7.74,2020-02-18,7.74,287.81
20200219,H20955,中证红利低波动100全收益指数,红利低波100全收益,CSI Dividend Low Volatility 100 Total Return Index,Dividend Low Volatility100 TRI,,,,12344.4,-35.24,-0.28,3190866334.0,257.0,100.0,7.74,2020-02-19,7.74,257.0
20200220,H20955,中证红利低波动100全收益指数,红利低波100全收益,CSI Dividend Low Volatility 100 Total Return Index,Dividend Low Volatility100 TRI,,,,12494.27,149.87,1.21,3910735136.0,311.03,100.0,7.81,2020-02-20,7.81,311.03
20200221,H20955,中证红利低波动100全收益指数,红利低波100全收益,CSI Dividend Low Volatility 100 Total Return Index,Dividend Low Volatility100 TRI,,,,12502.35,8.08,0.06,3806804853.0,317.48,100.0,7.79,2020-02-21,7.79,317.48
20200224,H20955,中证红利低波动100全收益指数,红利低波100全收益,CSI Dividend Low Volatility 100 Total Return Index,Dividend Low Volatility100 TRI,,,,12402.63,-99.72,-0.8,4141391122.0,348.52,100.0,7.71,2020-02-24,7.71,348.52
20200225,H20955,中证红利低波动100全收益指数,红利低波100全收益,CSI Dividend Low Volatility 100 Total Return Index,Dividend Low Volatility100 TRI,,,,12254.63,-148.0,-1.19,4457241428.0,353.11,100.0,7.63,2020-02-25,7.63,353.11
20200226,H20955,中证红利低波动100全收益指数,红利低波100全收益,CSI Dividend Low Volatility 100 Total Return Index,Dividend Low Volatility100 TRI,,,,12347.68,93.06,0.76,6088571305.0,470.42,100.0,7.69,2020-02-26,7.69,470.42
20200227,H20955,中证红利低波动100全收益指数,红利低波100全收益,CSI Dividend Low Volatility 100 Total Return Index,Dividend Low Volatility100 TRI,,,,12372.54,24.86,0.2,4251683385.0,345.2,100.0,7.7,2020-02-27,7.7,345.2
20200228,H20955,中证红利低波动100全收益指数,红利低波100全收益,CSI Dividend Low Volatility 100 Total Return Index,Dividend Low Volatility100 TRI,,,,12082.23,-290.31,-2.35,5617769083.0,433.36,100.0,7.54,2020-02-28,7.54,433.36
20200302,H20955,中证红利低波动100全收益指数,红利低波100全收益,CSI Dividend Low Volatility 100 Total Return Index,Dividend Low Volatility100 TRI,,,,12475.67,393.44,3.26,5875749050.0,484.11,100.0,7.74,2020-03-02,7.74,484.11
20200303,H20955,中证红利低波动100全收益指数,红利低波100全收益,CSI Dividend Low Volatility 100 Total Return Index,Dividend Low Volatility100 TRI,,,,12502.04,26.37,0.21,5610569547.0,456.76,100.0,7.76,2020-03-03,7.76,456.76
20200304,H20955,中证红利低波动100全收益指数,红利低波100全收益,CSI Dividend Low Volatility 100 Total Return Index,Dividend Low Volatility100 TRI,,,,12608.55,106.51,0.85,4347546311.0,358.91,100.0,7.8,2020-03-04,7.8,358.91
20200305,H20955,中证红利低波动100全收益指数,红利低波100全收益,CSI Dividend Low Volatility 100 Total Return Index,Dividend Low Volatility100 TRI,,,,12765.03,156.49,1.24,5861369515.0,482.3,100.0,7.91,2020-03-05,7.91,482.3
20200306,H20955,中证红利低波动100全收益指数,红利低波100全收益,CSI Dividend Low Volatility 100 Total Return Index,Dividend Low Volatility100 TRI,,,,12656.3,-108.73,-0.85,4432283666.0,353.64,100.0,7.8,2020-03-06,7.8,353.64
20200309,H20955,中证红利低波动100全收益指数,红利低波100全收益,CSI Dividend Low Volatility 100 Total Return Index,Dividend Low Volatility100 TRI,,,,12411.13,-245.17,-1.94,5971511099.0,448.5,100.0,7.64,2020-03-09,7.64,448.5
20200310,H20955,中证红利低波动100全收益指数,红利低波100全收益,CSI Dividend Low Volatility 100 Total Return Index,Dividend Low Volatility100 TRI,,,,12572.74,161.61,1.3,5052313472.0,385.24,100.0,7.72,2020-03-10,7.72,385.24
20200311,H20955,中证红利低波动100全收益指数,红利低波100全收益,CSI Dividend Low Volatility 100 Total Return Index,Dividend Low Volatility100 TRI,,,,12444.97,-127.77,-1.02,3749398614.0,287.66,100.0,7.66,2020-03-11,7.66,287.66
20200312,H20955,中证红利低波动100全收益指数,红利低波100全收益,CSI Dividend Low Volatility 100 Total Return Index,Dividend Low Volatility100 TRI,,,,12245.9,-199.07,-1.6,3802279271.0,290.49,100.0,7.58,2020-03-12,7.58,290.49
20200313,H20955,中证红利低波动100全收益指数,红利低波100全收益,CSI Dividend Low Volatility 100 Total Return Index,Dividend Low Volatility100 TRI,,,,12075.9,-169.99,-1.39,5229178285.0,398.26,100.0,7.48,2020-03-13,7.48,398.26
20200316,H20955,中证红利低波动100全收益指数,红利低波100全收益,CSI Dividend Low Volatility 100 Total Return Index,Dividend Low Volatility100 TRI,,,,11881.73,-194.18,-1.61,4660225552.0,348.16,100.0,7.32,2020-03-16,7.32,348.16
20200317,H20955,中证红利低波动100全收益指数,红利低波100全收益,CSI Dividend Low Volatility 100 Total Return Index,Dividend Low Volatility100 TRI,,,,11847.41,-34.31,-0.29,4148326532.0,313.69,100.0,7.31,2020-03-17,7.31,313.69
20200318,H20955,中证红利低波动100全收益指数,红利低波100全收益,CSI Dividend Low Volatility 100 Total Return Index,Dividend Low Volatility100 TRI,,,,11672.14,-175.27,-1.48,3649669602.0,281.85,100.0,7.2,2020-03-18,7.2,281.85
20200319,H20955,中证红利低波动100全收益指数,红利低波100全收益,CSI Dividend Low Volatility 100 Total Return Index,Dividend Low Volatility100 TRI,,,,11505.09,-167.06,-1.43,4538799343.0,352.75,100.0,7.05,2020-03-19,7.05,352.75
20200320,H20955,中证红利低波动100全收益指数,红利低波100全收益,CSI Dividend Low Volatility 100 Total Return Index,Dividend Low Volatility100 TRI,,,,11655.73,150.65,1.31,3554346520.0,284.69,100.0,7.17,2020-03-20,7.17,284.69
20200323,H20955,中证红利低波动100全收益指数,红利低波100全收益,CSI Dividend Low Volatility 100 Total Return Index,Dividend Low Volatility100 TRI,,,,11403.92,-251.81,-2.16,3139491026.0,252.89,100.0,7.03,2020-03-23,7.03,252.89
20200324,H20955,中证红利低波动100全收益指数,红利低波100全收益,CSI Dividend Low Volatility 100 Total Return Index,Dividend Low Volatility100 TRI,,,,11632.06,228.14,2.0,3213256996.0,255.2,100.0,7.19,2020-03-24,7.19,255.2
20200325,H20955,中证红利低波动100全收益指数,红利低波100全收益,CSI Dividend Low Volatility 100 Total Return Index,Dividend Low Volatility100 TRI,,,,11813.18,181.12,1.56,3325344563.0,270.62,100.0,7.29,2020-03-25,7.29,270.62
20200326,H20955,中证红利低波动100全收益指数,红利低波100全收益,CSI Dividend Low Volatility 100 Total Return Index,Dividend Low Volatility100 TRI,,,,11732.72,-80.45,-0.68,2708438499.0,212.83,100.0,7.27,2020-03-26,7.27,212.83
20200327,H20955,中证红利低波动100全收益指数,红利低波100全收益,CSI Dividend Low Volatility 100 Total Return Index,Dividend Low Volatility100 TRI,,,,11810.35,77.62,0.66,3385677970.0,252.8,100.0,7.31,2020-03-27,7.31,252.8
20200330,H20955,中证红利低波动100全收益指数,红利低波100全收益,CSI Dividend Low Volatility 100 Total Return Index,Dividend Low Volatility100 TRI,,,,11765.84,-44.51,-0.38,3215937114.0,237.27,100.0,7.31,2020-03-30,7.31,237.27
20200331,H20955,中证红利低波动100全收益指数,红利低波100全收益,CSI Dividend Low Volatility 100 Total Return Index,Dividend Low Volatility100 TRI,,,,11733.0,-32.84,-0.28,3129501264.0,218.7,100.0,7.25,2020-03-31,7.25,218.7
20200401,H20955,中证红利低波动100全收益指数,红利低波100全收益,CSI Dividend Low Volatility 100 Total Return Index,Dividend Low Volatility100 TRI,,,,11639.22,-93.77,-0.8,2582497569.0,188.84,100.0,7.21,2020-04-01,7.21,188.84
20200402,H20955,中证红利低波动100全收益指数,红利低波100全收益,CSI Dividend Low Volatility 100 Total Return Index,Dividend Low Volatility100 TRI,,,,11760.39,121.17,1.04,2737808824.0,182.1,100.0,7.28,2020-04-02,7.28,182.1
20200403,H20955,中证红利低波动100全收益指数,红利低波100全收益,CSI Dividend Low Volatility 100 Total Return Index,Dividend Low Volatility100 TRI,,,,11708.06,-52.33,-0.44,2247038203.0,153.03,100.0,7.23,2020-04-03,7.23,153.03
20200407,H20955,中证红利低波动100全收益指数,红利低波100全收益,CSI Dividend Low Volatility 100 Total Return Index,Dividend Low Volatility100 TRI,,,,11878.57,170.51,1.46,3265566902.0,256.37,100.0,7.3,2020-04-07,7.3,256.37
20200408,H20955,中证红利低波动100全收益指数,红利低波100全收益,CSI Dividend Low Volatility 100 Total Return Index,Dividend Low Volatility100 TRI,,,,11864.34,-14.23,-0.12,2396188391.0,172.76,100.0,7.27,2020-04-08,7.27,172.76
20200409,H20955,中证红利低波动100全收益指数,红利低波100全收益,CSI Dividend Low Volatility 100 Total Return Index,Dividend Low Volatility100 TRI,,,,11878.11,13.77,0.12,2026459550.0,152.06,100.0,7.27,2020-04-09,7.27,152.06
20200410,H20955,中证红利低波动100全收益指数,红利低波100全收益,CSI Dividend Low Volatility 100 Total Return Index,Dividend Low Volatility100 TRI,,,,11798.66,-79.45,-0.67,2184877171.0,168.6,100.0,7.24,2020-04-10,7.24,168.6
20200413,H20955,中证红利低波动100全收益指数,红利低波100全收益,CSI Dividend Low Volatility 100 Total Return Index,Dividend Low Volatility100 TRI,,,,11780.92,-17.75,-0.15,1802403031.0,137.09,100.0,7.23,2020-04-13,7.23,137.09
20200414,H20955,中证红利低波动100全收益指数,红利低波100全收益,CSI Dividend Low Volatility 100 Total Return Index,Dividend Low Volatility100 TRI,,,,11877.08,96.16,0.82,2238203743.0,175.38,100.0,7.29,2020-04-14,7.29,175.38
20200415,H20955,中证红利低波动100全收益指数,红利低波100全收益,CSI Dividend Low Volatility 100 Total Return Index,Dividend Low Volatility100 TRI,,,,11816.68,-60.4,-0.51,2040734890.0,156.68,100.0,7.25,2020-04-15,7.25,156.68
20200416,H20955,中证红利低波动100全收益指数,红利低波100全收益,CSI Dividend Low Volatility 100 Total Return Index,Dividend Low Volatility100 TRI,,,,11839.59,22.91,0.19,2304245009.0,166.44,100.0,7.25,2020-04-16,7.25,166.44
20200417,H20955,中证红利低波动100全收益指数,红利低波100全收益,CSI Dividend Low Volatility 100 Total Return Index,Dividend Low Volatility100 TRI,,,,11861.09,21.5,0.18,3080420604.0,230.66,100.0,7.29,2020-04-17,7.29,230.66
20200420,H20955,中证红利低波动100全收益指数,红利低波100全收益,CSI Dividend Low Volatility 100 Total Return Index,Dividend Low Volatility100 TRI,,,,11869.99,8.9,0.08,2546963609.0,195.4,100.0,7.28,2020-04-20,7.28,195.4
20200421,H20955,中证红利低波动100全收益指数,红利低波100全收益,CSI Dividend Low Volatility 100 Total Return Index,Dividend Low Volatility100 TRI,,,,11783.74,-86.25,-0.73,2539420033.0,189.76,100.0,7.22,2020-04-21,7.22,189.76
20200422,H20955,中证红利低波动100全收益指数,红利低波100全收益,CSI Dividend Low Volatility 100 Total Return Index,Dividend Low Volatility100 TRI,,,,11827.44,43.7,0.37,2406354532.0,170.29,100.0,7.22,2020-04-22,7.22,170.29
20200423,H20955,中证红利低波动100全收益指数,红利低波100全收益,CSI Dividend Low Volatility 100 Total Return Index,Dividend Low Volatility100 TRI,,,,11824.05,-3.4,-0.03,2680850179.0,187.03,100.0,7.21,2020-04-23,7.21,187.03
20200424,H20955,中证红利低波动100全收益指数,红利低波100全收益,CSI Dividend Low Volatility 100 Total Return Index,Dividend Low Volatility100 TRI,,,,11743.77,-80.28,-0.68,2139543179.0,160.08,100.0,7.17,2020-04-24,7.17,160.08
20200427,H20955,中证红利低波动100全收益指数,红利低波100全收益,CSI Dividend Low Volatility 100 Total Return Index,Dividend Low Volatility100 TRI,,,,11822.16,78.39,0.67,2535666825.0,190.43,100.0,7.22,2020-04-27,7.22,190.43
20200428,H20955,中证红利低波动100全收益指数,红利低波100全收益,CSI Dividend Low Volatility 100 Total Return Index,Dividend Low Volatility100 TRI,,,,11742.92,-79.24,-0.67,2985893602.0,206.3,100.0,7.2,2020-04-28,7.2,206.3
20200429,H20955,中证红利低波动100全收益指数,红利低波100全收益,CSI Dividend Low Volatility 100 Total Return Index,Dividend Low Volatility100 TRI,,,,11898.76,155.84,1.33,2974422953.0,258.05,100.0,7.28,2020-04-29,7.28,258.05
20200430,H20955,中证红利低波动100全收益指数,红利低波100全收益,CSI Dividend Low Volatility 100 Total Return Index,Dividend Low Volatility100 TRI,,,,12029.03,130.27,1.09,3105765510.0,249.36,100.0,7.33,2020-04-30,7.33,249.36
20200506,H20955,中证红利低波动100全收益指数,红利低波100全收益,CSI Dividend Low Volatility 100 Total Return Index,Dividend Low Volatility100 TRI,,,,11999.12,-29.91,-0.25,3570084938.0,273.49,100.0,7.6,2020-05-06,7.6,273.49
20200507,H20955,中证红利低波动100全收益指数,红利低波100全收益,CSI Dividend Low Volatility 100 Total Return Index,Dividend Low Volatility100 TRI,,,,11975.12,-24.0,-0.2,2649192786.0,205.87,100.0,7.58,2020-05-07,7.58,205.87
20200508,H20955,中证红利低波动100全收益指数,红利低波100全收益,CSI Dividend Low Volatility 100 Total Return Index,Dividend Low Volatility100 TRI,,,,12049.89,74.77,0.62,2753852526.0,209.35,100.0,7.62,2020-05-08,7.62,209.35
20200511,H20955,中证红利低波动100全收益指数,红利低波100全收益,CSI Dividend Low Volatility 100 Total Return Index,Dividend Low Volatility100 TRI,,,,12050.89,1.0,0.01,2784477252.0,213.44,100.0,7.63,2020-05-11,7.63,213.44
20200512,H20955,中证红利低波动100全收益指数,红利低波100全收益,CSI Dividend Low Volatility 100 Total Return Index,Dividend Low Volatility100 TRI,,,,11997.13,-53.76,-0.45,2318592372.0,177.39,100.0,7.59,2020-05-12,7.59,177.39
20200513,H20955,中证红利低波动100全收益指数,红利低波100全收益,CSI Dividend Low Volatility 100 Total Return Index,Dividend Low Volatility100 TRI,,,,12013.44,16.31,0.14,2251523976.0,169.48,100.0,7.6,2020-05-13,7.6,169.48
20200514,H20955,中证红利低波动100全收益指数,红利低波100全收益,CSI Dividend Low Volatility 100 Total Return Index,Dividend Low Volatility100 TRI,,,,11900.72,-112.71,-0.94,2126958596.0,173.64,100.0,7.53,2020-05-14,7.53,173.64
20200515,H20955,中证红利低波动100全收益指数,红利低波100全收益,CSI Dividend Low Volatility 100 Total Return Index,Dividend Low Volatility100 TRI,,,,11895.85,-4.87,-0.04,1965302832.0,162.53,100.0,7.52,2020-05-15,7.52,162.53
20200518,H20955,中证红利低波动100全收益指数,红利低波100全收益,CSI Dividend Low Volatility 100 Total Return Index,Dividend Low Volatility100 TRI,,,,11944.58,48.73,0.41,2282612254.0,174.76,100.0,7.53,2020-05-18,7.53,174.76
20200519,H20955,中证红利低波动100全收益指数,红利低波100全收益,CSI Dividend Low Volatility 100 Total Return Index,Dividend Low Volatility100 TRI,,,,11995.93,51.35,0.43,2279181746.0,171.82,100.0,7.57,2020-05-19,7.57,171.82
20200520,H20955,中证红利低波动100全收益指数,红利低波100全收益,CSI Dividend Low Volatility 100 Total Return Index,Dividend Low Volatility100 TRI,,,,11960.38,-35.55,-0.3,2092724971.0,172.65,100.0,7.56,2020-05-20,7.56,172.65
20200521,H20955,中证红利低波动100全收益指数,红利低波100全收益,CSI Dividend Low Volatility 100 Total Return Index,Dividend Low Volatility100 TRI,,,,11909.72,-50.66,-0.42,2241014570.0,167.27,100.0,7.54,2020-05-21,7.54,167.27
20200522,H20955,中证红利低波动100全收益指数,红利低波100全收益,CSI Dividend Low Volatility 100 Total Return Index,Dividend Low Volatility100 TRI,,,,11754.2,-155.52,-1.31,2693087727.0,202.27,100.0,7.42,2020-05-22,7.42,202.27
20200525,H20955,中证红利低波动100全收益指数,红利低波100全收益,CSI Dividend Low Volatility 100 Total Return Index,Dividend Low Volatility100 TRI,,,,11814.37,60.18,0.51,2058143123.0,160.97,100.0,7.45,2020-05-25,7.45,160.97
20200526,H20955,中证红利低波动100全收益指数,红利低波100全收益,CSI Dividend Low Volatility 100 Total Return Index,Dividend Low Volatility100 TRI,,,,11863.44,49.07,0.42,2006328071.0,151.05,100.0,7.46,2020-05-26,7.46,151.05
20200527,H20955,中证红利低波动100全收益指数,红利低波100全收益,CSI Dividend Low Volatility 100 Total Return Index,Dividend Low Volatility100 TRI,,,,11918.9,55.47,0.47,2351004392.0,171.8,100.0,7.48,2020-05-27,7.48,171.8
20200528,H20955,中证红利低波动100全收益指数,红利低波100全收益,CSI Dividend Low Volatility 100 Total Return Index,Dividend Low Volatility100 TRI,,,,11939.89,20.98,0.18,2434546983.0,186.74,100.0,7.53,2020-05-28,7.53,186.74
20200529,H20955,中证红利低波动100全收益指数,红利低波100全收益,CSI Dividend Low Volatility 100 Total Return Index,Dividend Low Volatility100 TRI,,,,11891.31,-48.58,-0.41,2523149983.0,184.69,100.0,7.47,2020-05-29,7.47,184.69
20200601,H20955,中证红利低波动100全收益指数,红利低波100全收益,CSI Dividend Low Volatility 100 Total Return Index,Dividend Low Volatility100 TRI,,,,12090.52,199.21,1.68,2902158905.0,234.48,100.0,7.57,2020-06-01,7.57,234.48
20200602,H20955,中证红利低波动100全收益指数,红利低波100全收益,CSI Dividend Low Volatility 100 Total Return Index,Dividend Low Volatility100 TRI,,,,12128.3,37.78,0.31,2837576599.0,215.49,100.0,7.6,2020-06-02,7.6,215.49
20200603,H20955,中证红利低波动100全收益指数,红利低波100全收益,CSI Dividend Low Volatility 100 Total Return Index,Dividend Low Volatility100 TRI,,,,12113.89,-14.41,-0.12,2815587833.0,224.01,100.0,7.61,2020-06-03,7.61,224.01
20200604,H20955,中证红利低波动100全收益指数,红利低波100全收益,CSI Dividend Low Volatility 100 Total Return Index,Dividend Low Volatility100 TRI,,,,12090.29,-23.6,-0.19,2141783820.0,177.01,100.0,7.57,2020-06-04,7.57,177.01
20200605,H20955,中证红利低波动100全收益指数,红利低波100全收益,CSI Dividend Low Volatility 100 Total Return Index,Dividend Low Volatility100 TRI,,,,12094.93,4.64,0.04,1957907596.0,180.05,100.0,7.57,2020-06-05,7.57,180.05
20200608,H20955,中证红利低波动100全收益指数,红利低波100全收益,CSI Dividend Low Volatility 100 Total Return Index,Dividend Low Volatility100 TRI,,,,12135.24,40.31,0.33,2679718675.0,250.96,100.0,7.61,2020-06-08,7.61,250.96
20200609,H20955,中证红利低波动100全收益指数,红利低波100全收益,CSI Dividend Low Volatility 100 Total Return Index,Dividend Low Volatility100 TRI,,,,12192.17,56.94,0.47,2401371960.0,209.51,100.0,7.64,2020-06-09,7.64,209.51
20200610,H20955,中证红利低波动100全收益指数,红利低波100全收益,CSI Dividend Low Volatility 100 Total Return Index,Dividend Low Volatility100 TRI,,,,12157.12,-35.05,-0.29,2398319841.0,205.05,100.0,7.59,2020-06-10,7.59,205.05
20200611,H20955,中证红利低波动100全收益指数,红利低波100全收益,CSI Dividend Low Volatility 100 Total Return Index,Dividend Low Volatility100 TRI,,,,12072.14,-84.98,-0.7,3001916905.0,252.49,100.0,7.52,2020-06-11,7.52,252.49
20200612,H20955,中证红利低波动100全收益指数,红利低波100全收益,CSI Dividend Low Volatility 100 Total Return Index,Dividend Low Volatility100 TRI,,,,12089.63,17.49,0.14,3591650499.0,270.35,100.0,7.51,2020-06-12,7.51,270.35
20200615,H20955,中证红利低波动100全收益指数,红利低波100全收益,CSI Dividend Low Volatility 100 Total Return Index,Dividend Low Volatility100 TRI,,,,12033.67,-55.96,-0.46,3516542934.0,312.36,100.0,7.49,2020-06-15,7.49,312.36
20200616,H20955,中证红利低波动100全收益指数,红利低波100全收益,CSI Dividend Low Volatility 100 Total Return Index,Dividend Low Volatility100 TRI,,,,12179.68,146.01,1.21,3015067763.0,252.6,100.0,7.57,2020-06-16,7.57,252.6
20200617,H20955,中证红利低波动100全收益指数,红利低波100全收益,CSI Dividend Low Volatility 100 Total Return Index,Dividend Low Volatility100 TRI,,,,12213.58,33.9,0.28,2737259905.0,231.75,100.0,7.57,2020-06-17,7.57,231.75
20200618,H20955,中证红利低波动100全收益指数,红利低波100全收益,CSI Dividend Low Volatility 100 Total Return Index,Dividend Low Volatility100 TRI,,,,12321.99,108.41,0.89,4193433541.0,341.26,100.0,7.58,2020-06-18,7.58,341.26
20200619,H20955,中证红利低波动100全收益指数,红利低波100全收益,CSI Dividend Low Volatility 100 Total Return Index,Dividend Low Volatility100 TRI,,,,12345.54,23.54,0.19,3780223218.0,348.6,100.0,7.59,2020-06-19,7.59,348.6
20200622,H20955,中证红利低波动100全收益指数,红利低波100全收益,CSI Dividend Low Volatility 100 Total Return Index,Dividend Low Volatility100 TRI,,,,12267.75,-77.79,-0.63,3580221297.0,331.78,100.0,7.55,2020-06-22,7.55,331.78
20200623,H20955,中证红利低波动100全收益指数,红利低波100全收益,CSI Dividend Low Volatility 100 Total Return Index,Dividend Low Volatility100 TRI,,,,12217.77,-49.98,-0.41,2855963896.0,286.49,100.0,7.52,2020-06-23,7.52,286.49
20200624,H20955,中证红利低波动100全收益指数,红利低波100全收益,CSI Dividend Low Volatility 100 Total Return Index,Dividend Low Volatility100 TRI,,,,12259.08,41.31,0.34,2860776742.0,284.34,100.0,7.56,2020-06-24,7.56,284.34
20200629,H20955,中证红利低波动100全收益指数,红利低波100全收益,CSI Dividend Low Volatility 100 Total Return Index,Dividend Low Volatility100 TRI,,,,12180.86,-78.22,-0.64,3368684691.0,306.84,100.0,7.53,2020-06-29,7.53,306.84
20200630,H20955,中证红利低波动100全收益指数,红利低波100全收益,CSI Dividend Low Volatility 100 Total Return Index,Dividend Low Volatility100 TRI,,,,12276.73,95.87,0.79,2852513091.0,250.37,100.0,7.49,2020-06-30,7.49,250.37
20200701,H20955,中证红利低波动100全收益指数,红利低波100全收益,CSI Dividend Low Volatility 100 Total Return Index,Dividend Low Volatility100 TRI,,,,12491.91,215.18,1.75,4703841045.0,462.31,100.0,7.63,2020-07-01,7.63,462.31
20200702,H20955,中证红利低波动100全收益指数,红利低波100全收益,CSI Dividend Low Volatility 100 Total Return Index,Dividend Low Volatility100 TRI,,,,12817.69,325.77,2.61,6934106223.0,628.01,100.0,7.78,2020-07-02,7.78,628.01
20200703,H20955,中证红利低波动100全收益指数,红利低波100全收益,CSI Dividend Low Volatility 100 Total Return Index,Dividend Low Volatility100 TRI,,,,13108.86,291.17,2.27,8229375245.0,754.88,100.0,7.94,2020-07-03,7.94,754.88
20200706,H20955,中证红利低波动100全收益指数,红利低波100全收益,CSI Dividend Low Volatility 100 Total Return Index,Dividend Low Volatility100 TRI,,,,13973.35,864.49,6.59,13754705759.0,1213.82,100.0,8.51,2020-07-06,8.51,1213.82
20200707,H20955,中证红利低波动100全收益指数,红利低波100全收益,CSI Dividend Low Volatility 100 Total Return Index,Dividend Low Volatility100 TRI,,,,13941.93,-31.42,-0.22,13294847251.0,1208.38,100.0,8.47,2020-07-07,8.47,1208.38
20200708,H20955,中证红利低波动100全收益指数,红利低波100全收益,CSI Dividend Low Volatility 100 Total Return Index,Dividend Low Volatility100 TRI,,,,14126.3,184.37,1.32,10667661548.0,951.78,100.0,8.48,2020-07-08,8.48,951.78
20200709,H20955,中证红利低波动100全收益指数,红利低波100全收益,CSI Dividend Low Volatility 100 Total Return Index,Dividend Low Volatility100 TRI,,,,14270.23,143.93,1.02,9848676565.0,889.68,100.0,8.47,2020-07-09,8.47,889.68
20200710,H20955,中证红利低波动100全收益指数,红利低波100全收益,CSI Dividend Low Volatility 100 Total Return Index,Dividend Low Volatility100 TRI,,,,14001.9,-268.33,-1.88,9722873620.0,915.8,100.0,8.16,2020-07-10,8.16,915.8
20200713,H20955,中证红利低波动100全收益指数,红利低波100全收益,CSI Dividend Low Volatility 100 Total Return Index,Dividend Low Volatility100 TRI,,,,14210.12,208.22,1.49,9651210223.0,872.97,100.0,8.19,2020-07-13,8.19,872.97
20200714,H20955,中证红利低波动100全收益指数,红利低波100全收益,CSI Dividend Low Volatility 100 Total Return Index,Dividend Low Volatility100 TRI,,,,14046.03,-164.1,-1.15,8352727882.0,744.58,100.0,8.08,2020-07-14,8.08,744.58
20200715,H20955,中证红利低波动100全收益指数,红利低波100全收益,CSI Dividend Low Volatility 100 Total Return Index,Dividend Low Volatility100 TRI,,,,13769.66,-276.36,-1.97,7254383102.0,660.03,100.0,7.93,2020-07-15,7.93,660.03
20200716,H20955,中证红利低波动100全收益指数,红利低波100全收益,CSI Dividend Low Volatility 100 Total Return Index,Dividend Low Volatility100 TRI,,,,13401.29,-368.37,-2.68,7947855125.0,698.35,100.0,7.79,2020-07-16,7.79,698.35
20200717,H20955,中证红利低波动100全收益指数,红利低波100全收益,CSI Dividend Low Volatility 100 Total Return Index,Dividend Low Volatility100 TRI,,,,13335.54,-65.75,-0.49,5641463988.0,533.57,100.0,7.78,2020-07-17,7.78,533.57
20200720,H20955,中证红利低波动100全收益指数,红利低波100全收益,CSI Dividend Low Volatility 100 Total Return Index,Dividend Low Volatility100 TRI,,,,13820.61,485.07,3.64,7183711017.0,671.02,100.0,8.0,2020-07-20,8.0,671.02
20200721,H20955,中证红利低波动100全收益指数,红利低波100全收益,CSI Dividend Low Volatility 100 Total Return Index,Dividend Low Volatility100 TRI,,,,13751.74,-68.87,-0.5,5267233712.0,480.9,100.0,7.95,2020-07-21,7.95,480.9
20200722,H20955,中证红利低波动100全收益指数,红利低波100全收益,CSI Dividend Low Volatility 100 Total Return Index,Dividend Low Volatility100 TRI,,,,13724.27,-27.48,-0.2,5751787807.0,532.39,100.0,7.94,2020-07-22,7.94,532.39
20200723,H20955,中证红利低波动100全收益指数,红利低波100全收益,CSI Dividend Low Volatility 100 Total Return Index,Dividend Low Volatility100 TRI,,,,13595.38,-128.89,-0.94,5697330815.0,526.71,100.0,7.86,2020-07-23,7.86,526.71
20200724,H20955,中证红利低波动100全收益指数,红利低波100全收益,CSI Dividend Low Volatility 100 Total Return Index,Dividend Low Volatility100 TRI,,,,13218.39,-376.99,-2.77,6031978356.0,553.59,100.0,7.69,2020-07-24,7.69,553.59
20200727,H20955,中证红利低波动100全收益指数,红利低波100全收益,CSI Dividend Low Volatility 100 Total Return Index,Dividend Low Volatility100 TRI,,,,13176.62,-41.77,-0.32,4104842579.0,389.83,100.0,7.67,2020-07-27,7.67,389.83
20200728,H20955,中证红利低波动100全收益指数,红利低波100全收益,CSI Dividend Low Volatility 100 Total Return Index,Dividend Low Volatility100 TRI,,,,13252.0,75.37,0.57,3555208171.0,332.49,100.0,7.69,2020-07-28,7.69,332.49
20200729,H20955,中证红利低波动100全收益指数,红利低波100全收益,CSI Dividend Low Volatility 100 Total Return Index,Dividend Low Volatility100 TRI,,,,13440.02,188.03,1.42,4225311902.0,407.03,100.0,7.79,2020-07-29,7.79,407.03
20200730,H20955,中证红利低波动100全收益指数,红利低波100全收益,CSI Dividend Low Volatility 100 Total Return Index,Dividend Low Volatility100 TRI,,,,13445.16,5.13,0.04,3984245418.0,376.17,100.0,7.73,2020-07-30,7.73,376.17
20200731,H20955,中证红利低波动100全收益指数,红利低波100全收益,CSI Dividend Low Volatility 100 Total Return Index,Dividend Low Volatility100 TRI,,,,13468.94,23.79,0.18,4594224941.0,421.55,100.0,7.73,2020-07-31,7.73,421.55
20200803,H20955,中证红利低波动100全收益指数,红利低波100全收益,CSI Dividend Low Volatility 100 Total Return Index,Dividend Low Volatility100 TRI,,,,13721.81,252.87,1.88,5291310850.0,507.34,100.0,7.8,2020-08-03,7.8,507.34
20200804,H20955,中证红利低波动100全收益指数,红利低波100全收益,CSI Dividend Low Volatility 100 Total Return Index,Dividend Low Volatility100 TRI,,,,13766.29,44.47,0.32,7066501644.0,702.98,100.0,7.9,2020-08-04,7.9,702.98
20200805,H20955,中证红利低波动100全收益指数,红利低波100全收益,CSI Dividend Low Volatility 100 Total Return Index,Dividend Low Volatility100 TRI,,,,13649.87,-116.42,-0.85,4529401486.0,422.52,100.0,7.81,2020-08-05,7.81,422.52
20200806,H20955,中证红利低波动100全收益指数,红利低波100全收益,CSI Dividend Low Volatility 100 Total Return Index,Dividend Low Volatility100 TRI,,,,13646.75,-3.12,-0.02,4554693172.0,418.63,100.0,7.83,2020-08-06,7.83,418.63
20200807,H20955,中证红利低波动100全收益指数,红利低波100全收益,CSI Dividend Low Volatility 100 Total Return Index,Dividend Low Volatility100 TRI,,,,13538.01,-108.74,-0.8,4310556837.0,391.77,100.0,7.77,2020-08-07,7.77,391.77
20200810,H20955,中证红利低波动100全收益指数,红利低波100全收益,CSI Dividend Low Volatility 100 Total Return Index,Dividend Low Volatility100 TRI,,,,13710.83,172.83,1.28,5033352052.0,453.68,100.0,7.84,2020-08-10,7.84,453.68
20200811,H20955,中证红利低波动100全收益指数,红利低波100全收益,CSI Dividend Low Volatility 100 Total Return Index,Dividend Low Volatility100 TRI,,,,13610.6,-100.23,-0.73,5638869960.0,520.96,100.0,7.81,2020-08-11,7.81,520.96
20200812,H20955,中证红利低波动100全收益指数,红利低波100全收益,CSI Dividend Low Volatility 100 Total Return Index,Dividend Low Volatility100 TRI,,,,13659.81,49.21,0.36,5376530631.0,461.39,100.0,7.84,2020-08-12,7.84,461.39
20200813,H20955,中证红利低波动100全收益指数,红利低波100全收益,CSI Dividend Low Volatility 100 Total Return Index,Dividend Low Volatility100 TRI,,,,13731.45,71.64,0.52,3998023876.0,341.19,100.0,7.84,2020-08-13,7.84,341.19
20200814,H20955,中证红利低波动100全收益指数,红利低波100全收益,CSI Dividend Low Volatility 100 Total Return Index,Dividend Low Volatility100 TRI,,,,13794.69,63.24,0.46,4102648856.0,369.68,100.0,7.9,2020-08-14,7.9,369.68
20200817,H20955,中证红利低波动100全收益指数,红利低波100全收益,CSI Dividend Low Volatility 100 Total Return Index,Dividend Low Volatility100 TRI,,,,14087.64,292.95,2.12,8066128099.0,744.45,100.0,8.05,2020-08-17,8.05,744.45
20200818,H20955,中证红利低波动100全收益指数,红利低波100全收益,CSI Dividend Low Volatility 100 Total Return Index,Dividend Low Volatility100 TRI,,,,14096.23,8.58,0.06,5091035489.0,452.87,100.0,7.99,2020-08-18,7.99,452.87
20200819,H20955,中证红利低波动100全收益指数,红利低波100全收益,CSI Dividend Low Volatility 100 Total Return Index,Dividend Low Volatility100 TRI,,,,14053.29,-42.94,-0.3,5299993117.0,443.29,100.0,7.94,2020-08-19,7.94,443.29
20200820,H20955,中证红利低波动100全收益指数,红利低波100全收益,CSI Dividend Low Volatility 100 Total Return Index,Dividend Low Volatility100 TRI,,,,13886.61,-166.68,-1.19,4806117031.0,395.18,100.0,7.87,2020-08-20,7.87,395.18
20200821,H20955,中证红利低波动100全收益指数,红利低波100全收益,CSI Dividend Low Volatility 100 Total Return Index,Dividend Low Volatility100 TRI,,,,13981.79,95.18,0.69,3617578790.0,309.11,100.0,7.9,2020-08-21,7.9,309.11
20200824,H20955,中证红利低波动100全收益指数,红利低波100全收益,CSI Dividend Low Volatility 100 Total Return Index,Dividend Low Volatility100 TRI,,,,13986.69,4.9,0.04,3541575276.0,316.05,100.0,7.88,2020-08-24,7.88,316.05
20200825,H20955,中证红利低波动100全收益指数,红利低波100全收益,CSI Dividend Low Volatility 100 Total Return Index,Dividend Low Volatility100 TRI,,,,13919.25,-67.44,-0.48,3493497170.0,319.11,100.0,7.86,2020-08-25,7.86,319.11
20200826,H20955,中证红利低波动100全收益指数,红利低波100全收益,CSI Dividend Low Volatility 100 Total Return Index,Dividend Low Volatility100 TRI,,,,13766.6,-152.65,-1.1,4061447400.0,353.66,100.0,7.8,2020-08-26,7.8,353.66
20200827,H20955,中证红利低波动100全收益指数,红利低波100全收益,CSI Dividend Low Volatility 100 Total Return Index,Dividend Low Volatility100 TRI,,,,13791.12,24.52,0.18,3578555994.0,310.95,100.0,7.79,2020-08-27,7.79,310.95
20200828,H20955,中证红利低波动100全收益指数,红利低波100全收益,CSI Dividend Low Volatility 100 Total Return Index,Dividend Low Volatility100 TRI,,,,13957.83,166.71,1.21,4563106272.0,422.81,100.0,7.89,2020-08-28,7.89,422.81
20200831,H20955,中证红利低波动100全收益指数,红利低波100全收益,CSI Dividend Low Volatility 100 Total Return Index,Dividend Low Volatility100 TRI,,,,13902.72,-55.11,-0.39,5824443521.0,528.65,100.0,7.85,2020-08-31,7.85,528.65
20200901,H20955,中证红利低波动100全收益指数,红利低波100全收益,CSI Dividend Low Volatility 100 Total Return Index,Dividend Low Volatility100 TRI,,,,13936.74,34.01,0.24,3923812023.0,347.44,100.0,7.98,2020-09-01,7.98,347.44
20200902,H20955,中证红利低波动100全收益指数,红利低波100全收益,CSI Dividend Low Volatility 100 Total Return Index,Dividend Low Volatility100 TRI,,,,13887.02,-49.71,-0.36,4288954543.0,370.56,100.0,7.93,2020-09-02,7.93,370.56
20200903,H20955,中证红利低波动100全收益指数,红利低波100全收益,CSI Dividend Low Volatility 100 Total Return Index,Dividend Low Volatility100 TRI,,,,13846.73,-40.3,-0.29,3958161041.0,360.95,100.0,7.92,2020-09-03,7.92,360.95
20200904,H20955,中证红利低波动100全收益指数,红利低波100全收益,CSI Dividend Low Volatility 100 Total Return Index,Dividend Low Volatility100 TRI,,,,13744.53,-102.2,-0.74,3345454772.0,310.61,100.0,7.88,2020-09-04,7.88,310.61
20200907,H20955,中证红利低波动100全收益指数,红利低波100全收益,CSI Dividend Low Volatility 100 Total Return Index,Dividend Low Volatility100 TRI,,,,13602.82,-141.71,-1.03,3781420730.0,373.15,100.0,7.84,2020-09-07,7.84,373.15
20200908,H20955,中证红利低波动100全收益指数,红利低波100全收益,CSI Dividend Low Volatility 100 Total Return Index,Dividend Low Volatility100 TRI,,,,13761.8,158.98,1.17,3791004318.0,371.68,100.0,7.94,2020-09-08,7.94,371.68
20200909,H20955,中证红利低波动100全收益指数,红利低波100全收益,CSI Dividend Low Volatility 100 Total Return Index,Dividend Low Volatility100 TRI,,,,13614.38,-147.42,-1.07,4431693896.0,353.18,100.0,7.88,2020-09-09,7.88,353.18
20200910,H20955,中证红利低波动100全收益指数,红利低波100全收益,CSI Dividend Low Volatility 100 Total Return Index,Dividend Low Volatility100 TRI,,,,13531.05,-83.33,-0.61,4089835306.0,345.27,100.0,7.87,2020-09-10,7.87,345.27
20200911,H20955,中证红利低波动100全收益指数,红利低波100全收益,CSI Dividend Low Volatility 100 Total Return Index,Dividend Low Volatility100 TRI,,,,13509.4,-21.65,-0.16,3191041482.0,290.24,100.0,7.86,2020-09-11,7.86,290.24
20200914,H20955,中证红利低波动100全收益指数,红利低波100全收益,CSI Dividend Low Volatility 100 Total Return Index,Dividend Low Volatility100 TRI,,,,13534.64,25.24,0.19,2593591464.0,224.93,100.0,7.46,2020-09-14,7.46,224.93
20200915,H20955,中证红利低波动100全收益指数,红利低波100全收益,CSI Dividend Low Volatility 100 Total Return Index,Dividend Low Volatility100 TRI,,,,13515.59,-19.05,-0.14,2296346380.0,230.4,100.0,7.47,2020-09-15,7.47,230.4
20200916,H20955,中证红利低波动100全收益指数,红利低波100全收益,CSI Dividend Low Volatility 100 Total Return Index,Dividend Low Volatility100 TRI,,,,13543.48,27.89,0.21,2553431162.0,199.94,100.0,7.48,2020-09-16,7.48,199.94
20200917,H20955,中证红利低波动100全收益指数,红利低波100全收益,CSI Dividend Low Volatility 100 Total Return Index,Dividend Low Volatility100 TRI,,,,13518.07,-25.41,-0.19,2397712500.0,210.94,100.0,7.46,2020-09-17,7.46,210.94
20200918,H20955,中证红利低波动100全收益指数,红利低波100全收益,CSI Dividend Low Volatility 100 Total Return Index,Dividend Low Volatility100 TRI,,,,13792.45,274.39,2.03,4806520800.0,460.09,100.0,7.61,2020-09-18,7.61,460.09
20200921,H20955,中证红利低波动100全收益指数,红利低波100全收益,CSI Dividend Low Volatility 100 Total Return Index,Dividend Low Volatility100 TRI,,,,13725.05,-67.4,-0.49,3213455906.0,277.37,100.0,7.56,2020-09-21,7.56,277.37
20200922,H20955,中证红利低波动100全收益指数,红利低波100全收益,CSI Dividend Low Volatility 100 Total Return Index,Dividend Low Volatility100 TRI,,,,13527.5,-197.55,-1.44,2969624410.0,245.74,100.0,7.46,2020-09-22,7.46,245.74
20200923,H20955,中证红利低波动100全收益指数,红利低波100全收益,CSI Dividend Low Volatility 100 Total Return Index,Dividend Low Volatility100 TRI,,,,13493.85,-33.65,-0.25,2185011184.0,172.68,100.0,7.43,2020-09-23,7.43,172.68
20200924,H20955,中证红利低波动100全收益指数,红利低波100全收益,CSI Dividend Low Volatility 100 Total Return Index,Dividend Low Volatility100 TRI,,,,13260.83,-233.02,-1.73,2861103376.0,229.19,100.0,7.35,2020-09-24,7.35,229.19
20200925,H20955,中证红利低波动100全收益指数,红利低波100全收益,CSI Dividend Low Volatility 100 Total Return Index,Dividend Low Volatility100 TRI,,,,13234.53,-26.31,-0.2,2162645982.0,169.69,100.0,7.34,2020-09-25,7.34,169.69
20200928,H20955,中证红利低波动100全收益指数,红利低波100全收益,CSI Dividend Low Volatility 100 Total Return Index,Dividend Low Volatility100 TRI,,,,13279.43,44.9,0.34,2319780483.0,171.02,100.0,7.38,2020-09-28,7.38,171.02
20200929,H20955,中证红利低波动100全收益指数,红利低波100全收益,CSI Dividend Low Volatility 100 Total Return Index,Dividend Low Volatility100 TRI,,,,13289.38,9.95,0.07,2170242004.0,189.7,100.0,7.33,2020-09-29,7.33,189.7
20200930,H20955,中证红利低波动100全收益指数,红利低波100全收益,CSI Dividend Low Volatility 100 Total Return Index,Dividend Low Volatility100 TRI,,,,13212.96,-76.42,-0.58,2577590763.0,204.65,100.0,7.32,2020-09-30,7.32,204.65
20201009,H20955,中证红利低波动100全收益指数,红利低波100全收益,CSI Dividend Low Volatility 100 Total Return Index,Dividend Low Volatility100 TRI,,,,13409.15,196.19,1.48,2668977399.0,215.29,100.0,7.36,2020-10-09,7.36,215.29
20201012,H20955,中证红利低波动100全收益指数,红利低波100全收益,CSI Dividend Low Volatility 100 Total Return Index,Dividend Low Volatility100 TRI,,,,13634.85,225.69,1.68,4298036410.0,363.58,100.0,7.5,2020-10-12,7.5,363.58
20201013,H20955,中证红利低波动100全收益指数,红利低波100全收益,CSI Dividend Low Volatility 100 Total Return Index,Dividend Low Volatility100 TRI,,,,13621.16,-13.69,-0.1,2944899521.0,235.93,100.0,7.48,2020-10-13,7.48,235.93
20201014,H20955,中证红利低波动100全收益指数,红利低波100全收益,CSI Dividend Low Volatility 100 Total Return Index,Dividend Low Volatility100 TRI,,,,13550.23,-70.93,-0.52,2716538777.0,219.53,100.0,7.47,2020-10-14,7.47,219.53
20201015,H20955,中证红利低波动100全收益指数,红利低波100全收益,CSI Dividend Low Volatility 100 Total Return Index,Dividend Low Volatility100 TRI,,,,13583.88,33.65,0.25,3355728200.0,299.27,100.0,7.5,2020-10-15,7.5,299.27
20201016,H20955,中证红利低波动100全收益指数,红利低波100全收益,CSI Dividend Low Volatility 100 Total Return Index,Dividend Low Volatility100 TRI,,,,13701.63,117.74,0.87,4761811502.0,382.64,100.0,7.58,2020-10-16,7.58,382.64
20201019,H20955,中证红利低波动100全收益指数,红利低波100全收益,CSI Dividend Low Volatility 100 Total Return Index,Dividend Low Volatility100 TRI,,,,13621.16,-80.47,-0.59,5018389838.0,415.72,100.0,7.58,2020-10-19,7.58,415.72
20201020,H20955,中证红利低波动100全收益指数,红利低波100全收益,CSI Dividend Low Volatility 100 Total Return Index,Dividend Low Volatility100 TRI,,,,13598.17,-22.98,-0.17,3005005201.0,228.18,100.0,7.54,2020-10-20,7.54,228.18
20201021,H20955,中证红利低波动100全收益指数,红利低波100全收益,CSI Dividend Low Volatility 100 Total Return Index,Dividend Low Volatility100 TRI,,,,13620.87,22.69,0.17,3350598636.0,266.82,100.0,7.62,2020-10-21,7.62,266.82
20201022,H20955,中证红利低波动100全收益指数,红利低波100全收益,CSI Dividend Low Volatility 100 Total Return Index,Dividend Low Volatility100 TRI,,,,13598.06,-22.8,-0.17,2884436322.0,240.09,100.0,7.61,2020-10-22,7.61,240.09
20201023,H20955,中证红利低波动100全收益指数,红利低波100全收益,CSI Dividend Low Volatility 100 Total Return Index,Dividend Low Volatility100 TRI,,,,13585.56,-12.5,-0.09,3659327032.0,322.27,100.0,7.63,2020-10-23,7.63,322.27
20201026,H20955,中证红利低波动100全收益指数,红利低波100全收益,CSI Dividend Low Volatility 100 Total Return Index,Dividend Low Volatility100 TRI,,,,13515.59,-69.98,-0.52,3619544851.0,283.62,100.0,7.58,2020-10-26,7.58,283.62
20201027,H20955,中证红利低波动100全收益指数,红利低波100全收益,CSI Dividend Low Volatility 100 Total Return Index,Dividend Low Volatility100 TRI,,,,13459.96,-55.62,-0.41,2876887988.0,227.75,100.0,7.55,2020-10-27,7.55,227.75
20201028,H20955,中证红利低波动100全收益指数,红利低波100全收益,CSI Dividend Low Volatility 100 Total Return Index,Dividend Low Volatility100 TRI,,,,13423.26,-36.7,-0.27,3023539059.0,266.08,100.0,7.49,2020-10-28,7.49,266.08
20201029,H20955,中证红利低波动100全收益指数,红利低波100全收益,CSI Dividend Low Volatility 100 Total Return Index,Dividend Low Volatility100 TRI,,,,13383.75,-39.51,-0.29,3024274342.0,253.27,100.0,7.46,2020-10-29,7.46,253.27
20201030,H20955,中证红利低波动100全收益指数,红利低波100全收益,CSI Dividend Low Volatility 100 Total Return Index,Dividend Low Volatility100 TRI,,,,13222.05,-161.7,-1.21,3639439747.0,289.09,100.0,7.41,2020-10-30,7.41,289.09
20201102,H20955,中证红利低波动100全收益指数,红利低波100全收益,CSI Dividend Low Volatility 100 Total Return Index,Dividend Low Volatility100 TRI,,,,13235.37,13.32,0.1,3687570685.0,292.6,100.0,7.65,2020-11-02,7.65,292.6
20201103,H20955,中证红利低波动100全收益指数,红利低波100全收益,CSI Dividend Low Volatility 100 Total Return Index,Dividend Low Volatility100 TRI,,,,13407.7,172.32,1.3,3552752809.0,293.89,100.0,7.74,2020-11-03,7.74,293.89
20201104,H20955,中证红利低波动100全收益指数,红利低波100全收益,CSI Dividend Low Volatility 100 Total Return Index,Dividend Low Volatility100 TRI,,,,13418.33,10.63,0.08,2922834370.0,249.92,100.0,7.77,2020-11-04,7.77,249.92
20201105,H20955,中证红利低波动100全收益指数,红利低波100全收益,CSI Dividend Low Volatility 100 Total Return Index,Dividend Low Volatility100 TRI,,,,13567.32,148.99,1.11,3465248739.0,276.38,100.0,7.82,2020-11-05,7.82,276.38
20201106,H20955,中证红利低波动100全收益指数,红利低波100全收益,CSI Dividend Low Volatility 100 Total Return Index,Dividend Low Volatility100 TRI,,,,13622.27,54.96,0.41,3733789141.0,281.22,100.0,7.85,2020-11-06,7.85,281.22
20201109,H20955,中证红利低波动100全收益指数,红利低波100全收益,CSI Dividend Low Volatility 100 Total Return Index,Dividend Low Volatility100 TRI,,,,13812.22,189.95,1.39,5242610830.0,390.4,100.0,7.92,2020-11-09,7.92,390.4
20201110,H20955,中证红利低波动100全收益指数,红利低波100全收益,CSI Dividend Low Volatility 100 Total Return Index,Dividend Low Volatility100 TRI,,,,13779.58,-32.64,-0.24,4752888559.0,380.34,100.0,7.94,2020-11-10,7.94,380.34
20201111,H20955,中证红利低波动100全收益指数,红利低波100全收益,CSI Dividend Low Volatility 100 Total Return Index,Dividend Low Volatility100 TRI,,,,13878.57,98.99,0.72,4918003415.0,358.43,100.0,8.02,2020-11-11,8.02,358.43
20201112,H20955,中证红利低波动100全收益指数,红利低波100全收益,CSI Dividend Low Volatility 100 Total Return Index,Dividend Low Volatility100 TRI,,,,13793.04,-85.53,-0.62,3175906808.0,244.02,100.0,7.94,2020-11-12,7.94,244.02
20201113,H20955,中证红利低波动100全收益指数,红利低波100全收益,CSI Dividend Low Volatility 100 Total Return Index,Dividend Low Volatility100 TRI,,,,13647.91,-145.13,-1.05,3581071943.0,289.05,100.0,7.83,2020-11-13,7.83,289.05
20201116,H20955,中证红利低波动100全收益指数,红利低波100全收益,CSI Dividend Low Volatility 100 Total Return Index,Dividend Low Volatility100 TRI,,,,13891.62,243.71,1.79,4159322219.0,304.67,100.0,7.92,2020-11-16,7.92,304.67
20201117,H20955,中证红利低波动100全收益指数,红利低波100全收益,CSI Dividend Low Volatility 100 Total Return Index,Dividend Low Volatility100 TRI,,,,13906.66,15.04,0.11,4106782415.0,322.8,100.0,7.95,2020-11-17,7.95,322.8
20201118,H20955,中证红利低波动100全收益指数,红利低波100全收益,CSI Dividend Low Volatility 100 Total Return Index,Dividend Low Volatility100 TRI,,,,13956.56,49.9,0.36,5044604477.0,427.34,100.0,8.03,2020-11-18,8.03,427.34
20201119,H20955,中证红利低波动100全收益指数,红利低波100全收益,CSI Dividend Low Volatility 100 Total Return Index,Dividend Low Volatility100 TRI,,,,13933.92,-22.65,-0.16,3733879708.0,297.93,100.0,8.04,2020-11-19,8.04,297.93
20201120,H20955,中证红利低波动100全收益指数,红利低波100全收益,CSI Dividend Low Volatility 100 Total Return Index,Dividend Low Volatility100 TRI,,,,14002.42,68.51,0.49,3573243560.0,265.79,100.0,8.02,2020-11-20,8.02,265.79
20201123,H20955,中证红利低波动100全收益指数,红利低波100全收益,CSI Dividend Low Volatility 100 Total Return Index,Dividend Low Volatility100 TRI,,,,14226.78,224.36,1.6,6862664035.0,498.82,100.0,8.15,2020-11-23,8.15,498.82
20201124,H20955,中证红利低波动100全收益指数,红利低波100全收益,CSI Dividend Low Volatility 100 Total Return Index,Dividend Low Volatility100 TRI,,,,14195.57,-31.21,-0.22,4491682067.0,330.35,100.0,8.11,2020-11-24,8.11,330.35
20201125,H20955,中证红利低波动100全收益指数,红利低波100全收益,CSI Dividend Low Volatility 100 Total Return Index,Dividend Low Volatility100 TRI,,,,14063.76,-131.81,-0.93,4923782493.0,409.32,100.0,8.08,2020-11-25,8.08,409.32
20201126,H20955,中证红利低波动100全收益指数,红利低波100全收益,CSI Dividend Low Volatility 100 Total Return Index,Dividend Low Volatility100 TRI,,,,14116.02,52.25,0.37,4116119402.0,343.95,100.0,8.17,2020-11-26,8.17,343.95
20201127,H20955,中证红利低波动100全收益指数,红利低波100全收益,CSI Dividend Low Volatility 100 Total Return Index,Dividend Low Volatility100 TRI,,,,14251.83,135.82,0.96,6500791976.0,456.51,100.0,8.33,2020-11-27,8.33,456.51
20201130,H20955,中证红利低波动100全收益指数,红利低波100全收益,CSI Dividend Low Volatility 100 Total Return Index,Dividend Low Volatility100 TRI,,,,14162.69,-89.14,-0.63,10136107516.0,808.28,100.0,8.26,2020-11-30,8.26,808.28
20201201,H20955,中证红利低波动100全收益指数,红利低波100全收益,CSI Dividend Low Volatility 100 Total Return Index,Dividend Low Volatility100 TRI,,,,14359.03,196.34,1.39,6343726118.0,497.03,100.0,8.43,2020-12-01,8.43,497.03
20201202,H20955,中证红利低波动100全收益指数,红利低波100全收益,CSI Dividend Low Volatility 100 Total Return Index,Dividend Low Volatility100 TRI,,,,14382.14,23.11,0.16,5154484810.0,401.3,100.0,8.41,2020-12-02,8.41,401.3
20201203,H20955,中证红利低波动100全收益指数,红利低波100全收益,CSI Dividend Low Volatility 100 Total Return Index,Dividend Low Volatility100 TRI,,,,14251.46,-130.68,-0.91,4892696571.0,363.97,100.0,8.34,2020-12-03,8.34,363.97
20201204,H20955,中证红利低波动100全收益指数,红利低波100全收益,CSI Dividend Low Volatility 100 Total Return Index,Dividend Low Volatility100 TRI,,,,14176.76,-74.7,-0.52,4045703604.0,309.81,100.0,8.28,2020-12-04,8.28,309.81
20201207,H20955,中证红利低波动100全收益指数,红利低波100全收益,CSI Dividend Low Volatility 100 Total Return Index,Dividend Low Volatility100 TRI,,,,14001.68,-175.08,-1.23,4329897099.0,346.94,100.0,8.13,2020-12-07,8.13,346.94
20201208,H20955,中证红利低波动100全收益指数,红利低波100全收益,CSI Dividend Low Volatility 100 Total Return Index,Dividend Low Volatility100 TRI,,,,13920.89,-80.8,-0.58,3560192401.0,306.36,100.0,8.07,2020-12-08,8.07,306.36
20201209,H20955,中证红利低波动100全收益指数,红利低波100全收益,CSI Dividend Low Volatility 100 Total Return Index,Dividend Low Volatility100 TRI,,,,13856.53,-64.36,-0.46,3617321100.0,282.53,100.0,8.05,2020-12-09,8.05,282.53
20201210,H20955,中证红利低波动100全收益指数,红利低波100全收益,CSI Dividend Low Volatility 100 Total Return Index,Dividend Low Volatility100 TRI,,,,13879.67,23.15,0.17,3684794838.0,263.02,100.0,8.03,2020-12-10,8.03,263.02
20201211,H20955,中证红利低波动100全收益指数,红利低波100全收益,CSI Dividend Low Volatility 100 Total Return Index,Dividend Low Volatility100 TRI,,,,13775.36,-104.31,-0.75,4901296613.0,365.86,100.0,7.98,2020-12-11,7.98,365.86
20201214,H20955,中证红利低波动100全收益指数,红利低波100全收益,CSI Dividend Low Volatility 100 Total Return Index,Dividend Low Volatility100 TRI,,,,13630.98,-144.38,-1.05,3850146365.0,320.02,100.0,7.88,2020-12-14,7.88,320.02
20201215,H20955,中证红利低波动100全收益指数,红利低波100全收益,CSI Dividend Low Volatility 100 Total Return Index,Dividend Low Volatility100 TRI,,,,13607.32,-23.66,-0.17,3556750168.0,291.77,100.0,7.83,2020-12-15,7.83,291.77
20201216,H20955,中证红利低波动100全收益指数,红利低波100全收益,CSI Dividend Low Volatility 100 Total Return Index,Dividend Low Volatility100 TRI,,,,13575.26,-32.06,-0.24,2954567208.0,237.69,100.0,7.83,2020-12-16,7.83,237.69
20201217,H20955,中证红利低波动100全收益指数,红利低波100全收益,CSI Dividend Low Volatility 100 Total Return Index,Dividend Low Volatility100 TRI,,,,13739.15,163.89,1.21,3846292416.0,317.89,100.0,7.89,2020-12-17,7.89,317.89
20201218,H20955,中证红利低波动100全收益指数,红利低波100全收益,CSI Dividend Low Volatility 100 Total Return Index,Dividend Low Volatility100 TRI,,,,13857.17,118.03,0.86,4404647055.0,337.84,100.0,7.87,2020-12-18,7.87,337.84
20201221,H20955,中证红利低波动100全收益指数,红利低波100全收益,CSI Dividend Low Volatility 100 Total Return Index,Dividend Low Volatility100 TRI,,,,13876.03,18.86,0.14,4087083773.0,328.22,100.0,7.84,2020-12-21,7.84,328.22
20201222,H20955,中证红利低波动100全收益指数,红利低波100全收益,CSI Dividend Low Volatility 100 Total Return Index,Dividend Low Volatility100 TRI,,,,13539.95,-336.09,-2.42,4772118304.0,400.97,100.0,7.69,2020-12-22,7.69,400.97
20201223,H20955,中证红利低波动100全收益指数,红利低波100全收益,CSI Dividend Low Volatility 100 Total Return Index,Dividend Low Volatility100 TRI,,,,13569.6,29.66,0.22,3565358028.0,291.65,100.0,7.71,2020-12-23,7.71,291.65
20201224,H20955,中证红利低波动100全收益指数,红利低波100全收益,CSI Dividend Low Volatility 100 Total Return Index,Dividend Low Volatility100 TRI,,,,13484.36,-85.24,-0.63,2810134279.0,236.48,100.0,7.71,2020-12-24,7.71,236.48
20201225,H20955,中证红利低波动100全收益指数,红利低波100全收益,CSI Dividend Low Volatility 100 Total Return Index,Dividend Low Volatility100 TRI,,,,13627.0,142.64,1.06,3371024541.0,272.75,100.0,7.75,2020-12-25,7.75,272.75
20201228,H20955,中证红利低波动100全收益指数,红利低波100全收益,CSI Dividend Low Volatility 100 Total Return Index,Dividend Low Volatility100 TRI,,,,13555.34,-71.66,-0.53,3774724828.0,317.43,100.0,7.74,2020-12-28,7.74,317.43
20201229,H20955,中证红利低波动100全收益指数,红利低波100全收益,CSI Dividend Low Volatility 100 Total Return Index,Dividend Low Volatility100 TRI,,,,13469.34,-86.0,-0.63,3424766882.0,284.98,100.0,7.74,2020-12-29,7.74,284.98
20201230,H20955,中证红利低波动100全收益指数,红利低波100全收益,CSI Dividend Low Volatility 100 Total Return Index,Dividend Low Volatility100 TRI,,,,13508.93,39.59,0.29,3422349036.0,289.05,100.0,7.74,2020-12-30,7.74,289.05
20201231,H20955,中证红利低波动100全收益指数,红利低波100全收益,CSI Dividend Low Volatility 100 Total Return Index,Dividend Low Volatility100 TRI,,,,13562.56,53.63,0.4,4162531215.0,361.37,100.0,7.8,2020-12-31,7.8,361.37
20210104,H20955,中证红利低波动100全收益指数,红利低波100全收益,CSI Dividend Low Volatility 100 Total Return Index,Dividend Low Volatility100 TRI,,,,13580.17,17.6,0.13,5282149794.0,498.56,100.0,7.75,2021-01-04,7.75,498.56
20210105,H20955,中证红利低波动100全收益指数,红利低波100全收益,CSI Dividend Low Volatility 100 Total Return Index,Dividend Low Volatility100 TRI,,,,13502.93,-77.24,-0.57,5575943725.0,499.41,100.0,7.69,2021-01-05,7.69,499.41
20210106,H20955,中证红利低波动100全收益指数,红利低波100全收益,CSI Dividend Low Volatility 100 Total Return Index,Dividend Low Volatility100 TRI,,,,13573.79,70.86,0.52,5410572359.0,473.0,100.0,7.8,2021-01-06,7.8,473.0
20210107,H20955,中证红利低波动100全收益指数,红利低波100全收益,CSI Dividend Low Volatility 100 Total Return Index,Dividend Low Volatility100 TRI,,,,13599.36,25.57,0.19,6454421926.0,543.06,100.0,7.86,2021-01-07,7.86,543.06
20210108,H20955,中证红利低波动100全收益指数,红利低波100全收益,CSI Dividend Low Volatility 100 Total Return Index,Dividend Low Volatility100 TRI,,,,13651.58,52.22,0.38,5456852784.0,500.77,100.0,7.9,2021-01-08,7.9,500.77
20210111,H20955,中证红利低波动100全收益指数,红利低波100全收益,CSI Dividend Low Volatility 100 Total Return Index,Dividend Low Volatility100 TRI,,,,13410.73,-240.86,-1.76,6277597760.0,563.65,100.0,7.86,2021-01-11,7.86,563.65
20210112,H20955,中证红利低波动100全收益指数,红利低波100全收益,CSI Dividend Low Volatility 100 Total Return Index,Dividend Low Volatility100 TRI,,,,13546.82,136.09,1.01,5380268176.0,503.87,100.0,7.95,2021-01-12,7.95,503.87
20210113,H20955,中证红利低波动100全收益指数,红利低波100全收益,CSI Dividend Low Volatility 100 Total Return Index,Dividend Low Volatility100 TRI,,,,13653.31,106.49,0.79,7347892707.0,601.67,100.0,8.03,2021-01-13,8.03,601.67
20210114,H20955,中证红利低波动100全收益指数,红利低波100全收益,CSI Dividend Low Volatility 100 Total Return Index,Dividend Low Volatility100 TRI,,,,13699.27,45.96,0.34,7685058764.0,642.84,100.0,8.04,2021-01-14,8.04,642.84
20210115,H20955,中证红利低波动100全收益指数,红利低波100全收益,CSI Dividend Low Volatility 100 Total Return Index,Dividend Low Volatility100 TRI,,,,13730.15,30.88,0.23,8585731785.0,800.28,100.0,8.11,2021-01-15,8.11,800.28
20210118,H20955,中证红利低波动100全收益指数,红利低波100全收益,CSI Dividend Low Volatility 100 Total Return Index,Dividend Low Volatility100 TRI,,,,13780.67,50.52,0.37,6094548336.0,594.87,100.0,8.15,2021-01-18,8.15,594.87
20210119,H20955,中证红利低波动100全收益指数,红利低波100全收益,CSI Dividend Low Volatility 100 Total Return Index,Dividend Low Volatility100 TRI,,,,13802.55,21.88,0.16,6209949658.0,568.76,100.0,8.16,2021-01-19,8.16,568.76
20210120,H20955,中证红利低波动100全收益指数,红利低波100全收益,CSI Dividend Low Volatility 100 Total Return Index,Dividend Low Volatility100 TRI,,,,13768.59,-33.96,-0.25,5075227706.0,489.52,100.0,8.1,2021-01-20,8.1,489.52
20210121,H20955,中证红利低波动100全收益指数,红利低波100全收益,CSI Dividend Low Volatility 100 Total Return Index,Dividend Low Volatility100 TRI,,,,13784.77,16.18,0.12,4838671700.0,475.97,100.0,8.1,2021-01-21,8.1,475.97
20210122,H20955,中证红利低波动100全收益指数,红利低波100全收益,CSI Dividend Low Volatility 100 Total Return Index,Dividend Low Volatility100 TRI,,,,13575.09,-209.68,-1.52,4892077970.0,471.48,100.0,7.98,2021-01-22,7.98,471.48
20210125,H20955,中证红利低波动100全收益指数,红利低波100全收益,CSI Dividend Low Volatility 100 Total Return Index,Dividend Low Volatility100 TRI,,,,13454.63,-120.46,-0.89,4607337274.0,453.93,100.0,7.97,2021-01-25,7.97,453.93
20210126,H20955,中证红利低波动100全收益指数,红利低波100全收益,CSI Dividend Low Volatility 100 Total Return Index,Dividend Low Volatility100 TRI,,,,13413.62,-41.02,-0.3,3813758338.0,369.42,100.0,7.94,2021-01-26,7.94,369.42
20210127,H20955,中证红利低波动100全收益指数,红利低波100全收益,CSI Dividend Low Volatility 100 Total Return Index,Dividend Low Volatility100 TRI,,,,13454.08,40.46,0.3,4466366414.0,388.61,100.0,7.98,2021-01-27,7.98,388.61
20210128,H20955,中证红利低波动100全收益指数,红利低波100全收益,CSI Dividend Low Volatility 100 Total Return Index,Dividend Low Volatility100 TRI,,,,13290.78,-163.3,-1.21,4338843520.0,405.43,100.0,7.9,2021-01-28,7.9,405.43
20210129,H20955,中证红利低波动100全收益指数,红利低波100全收益,CSI Dividend Low Volatility 100 Total Return Index,Dividend Low Volatility100 TRI,,,,13175.01,-115.76,-0.87,4611581534.0,432.71,100.0,7.86,2021-01-29,7.86,432.71
20210201,H20955,中证红利低波动100全收益指数,红利低波100全收益,CSI Dividend Low Volatility 100 Total Return Index,Dividend Low Volatility100 TRI,,,,13247.92,72.9,0.55,4388843552.0,401.17,100.0,7.93,2021-02-01,7.93,401.17
20210202,H20955,中证红利低波动100全收益指数,红利低波100全收益,CSI Dividend Low Volatility 100 Total Return Index,Dividend Low Volatility100 TRI,,,,13174.91,-73.01,-0.55,4203257261.0,400.9,100.0,7.88,2021-02-02,7.88,400.9
20210203,H20955,中证红利低波动100全收益指数,红利低波100全收益,CSI Dividend Low Volatility 100 Total Return Index,Dividend Low Volatility100 TRI,,,,13115.45,-59.46,-0.45,4249375006.0,426.91,100.0,7.87,2021-02-03,7.87,426.91
20210204,H20955,中证红利低波动100全收益指数,红利低波100全收益,CSI Dividend Low Volatility 100 Total Return Index,Dividend Low Volatility100 TRI,,,,13067.9,-47.55,-0.36,4649455062.0,466.14,100.0,7.89,2021-02-04,7.89,466.14
20210205,H20955,中证红利低波动100全收益指数,红利低波100全收益,CSI Dividend Low Volatility 100 Total Return Index,Dividend Low Volatility100 TRI,,,,13136.68,68.78,0.53,6386281004.0,535.43,100.0,8.0,2021-02-05,8.0,535.43
20210208,H20955,中证红利低波动100全收益指数,红利低波100全收益,CSI Dividend Low Volatility 100 Total Return Index,Dividend Low Volatility100 TRI,,,,13238.22,101.54,0.77,4944912573.0,443.34,100.0,8.02,2021-02-08,8.02,443.34
20210209,H20955,中证红利低波动100全收益指数,红利低波100全收益,CSI Dividend Low Volatility 100 Total Return Index,Dividend Low Volatility100 TRI,,,,13325.97,87.75,0.66,4519597449.0,400.38,100.0,8.04,2021-02-09,8.04,400.38
20210210,H20955,中证红利低波动100全收益指数,红利低波100全收益,CSI Dividend Low Volatility 100 Total Return Index,Dividend Low Volatility100 TRI,,,,13403.02,77.05,0.58,5476870105.0,471.03,100.0,8.08,2021-02-10,8.08,471.03
20210218,H20955,中证红利低波动100全收益指数,红利低波100全收益,CSI Dividend Low Volatility 100 Total Return Index,Dividend Low Volatility100 TRI,,,,13749.71,346.69,2.59,7474904617.0,649.87,100.0,8.24,2021-02-18,8.24,649.87
20210219,H20955,中证红利低波动100全收益指数,红利低波100全收益,CSI Dividend Low Volatility 100 Total Return Index,Dividend Low Volatility100 TRI,,,,14010.12,260.41,1.89,6833225029.0,592.71,100.0,8.31,2021-02-19,8.31,592.71
20210222,H20955,中证红利低波动100全收益指数,红利低波100全收益,CSI Dividend Low Volatility 100 Total Return Index,Dividend Low Volatility100 TRI,,,,14216.42,206.29,1.47,10053509640.0,781.21,100.0,8.36,2021-02-22,8.36,781.21
20210223,H20955,中证红利低波动100全收益指数,红利低波100全收益,CSI Dividend Low Volatility 100 Total Return Index,Dividend Low Volatility100 TRI,,,,14153.83,-62.58,-0.44,8097051223.0,647.4,100.0,8.38,2021-02-23,8.38,647.4
20210224,H20955,中证红利低波动100全收益指数,红利低波100全收益,CSI Dividend Low Volatility 100 Total Return Index,Dividend Low Volatility100 TRI,,,,14002.29,-151.55,-1.07,6898544515.0,581.39,100.0,8.27,2021-02-24,8.27,581.39
20210225,H20955,中证红利低波动100全收益指数,红利低波100全收益,CSI Dividend Low Volatility 100 Total Return Index,Dividend Low Volatility100 TRI,,,,14201.98,199.7,1.43,7940299636.0,756.29,100.0,8.45,2021-02-25,8.45,756.29
20210226,H20955,中证红利低波动100全收益指数,红利低波100全收益,CSI Dividend Low Volatility 100 Total Return Index,Dividend Low Volatility100 TRI,,,,13921.56,-280.42,-1.97,7154063862.0,685.83,100.0,8.25,2021-02-26,8.25,685.83
20210301,H20955,中证红利低波动100全收益指数,红利低波100全收益,CSI Dividend Low Volatility 100 Total Return Index,Dividend Low Volatility100 TRI,,,,14091.32,169.76,1.22,5422393150.0,485.42,100.0,8.26,2021-03-01,8.26,485.42
20210302,H20955,中证红利低波动100全收益指数,红利低波100全收益,CSI Dividend Low Volatility 100 Total Return Index,Dividend Low Volatility100 TRI,,,,13983.42,-107.9,-0.77,5790757778.0,515.81,100.0,8.18,2021-03-02,8.18,515.81
20210303,H20955,中证红利低波动100全收益指数,红利低波100全收益,CSI Dividend Low Volatility 100 Total Return Index,Dividend Low Volatility100 TRI,,,,14376.13,392.71,2.81,7516982659.0,668.07,100.0,8.41,2021-03-03,8.41,668.07
20210304,H20955,中证红利低波动100全收益指数,红利低波100全收益,CSI Dividend Low Volatility 100 Total Return Index,Dividend Low Volatility100 TRI,,,,14399.67,23.54,0.16,7673203667.0,629.98,100.0,8.39,2021-03-04,8.39,629.98
20210305,H20955,中证红利低波动100全收益指数,红利低波100全收益,CSI Dividend Low Volatility 100 Total Return Index,Dividend Low Volatility100 TRI,,,,14244.38,-155.28,-1.08,6669054133.0,540.0,100.0,8.38,2021-03-05,8.38,540.0
20210308,H20955,中证红利低波动100全收益指数,红利低波100全收益,CSI Dividend Low Volatility 100 Total Return Index,Dividend Low Volatility100 TRI,,,,14253.99,9.61,0.07,7249669523.0,580.46,100.0,8.35,2021-03-08,8.35,580.46
20210309,H20955,中证红利低波动100全收益指数,红利低波100全收益,CSI Dividend Low Volatility 100 Total Return Index,Dividend Low Volatility100 TRI,,,,14240.3,-13.69,-0.1,7895780750.0,631.43,100.0,8.28,2021-03-09,8.28,631.43
20210310,H20955,中证红利低波动100全收益指数,红利低波100全收益,CSI Dividend Low Volatility 100 Total Return Index,Dividend Low Volatility100 TRI,,,,14096.61,-143.68,-1.01,5673588004.0,450.33,100.0,8.23,2021-03-10,8.23,450.33
20210311,H20955,中证红利低波动100全收益指数,红利低波100全收益,CSI Dividend Low Volatility 100 Total Return Index,Dividend Low Volatility100 TRI,,,,14451.5,354.89,2.52,6564809950.0,537.53,100.0,8.41,2021-03-11,8.41,537.53
20210312,H20955,中证红利低波动100全收益指数,红利低波100全收益,CSI Dividend Low Volatility 100 Total Return Index,Dividend Low Volatility100 TRI,,,,14648.54,197.04,1.36,8015699629.0,628.6,100.0,8.5,2021-03-12,8.5,628.6
20210315,H20955,中证红利低波动100全收益指数,红利低波100全收益,CSI Dividend Low Volatility 100 Total Return Index,Dividend Low Volatility100 TRI,,,,14810.77,162.23,1.11,7649165153.0,569.54,100.0,8.18,2021-03-15,8.18,569.54
20210316,H20955,中证红利低波动100全收益指数,红利低波100全收益,CSI Dividend Low Volatility 100 Total Return Index,Dividend Low Volatility100 TRI,,,,14872.41,61.64,0.42,5661388499.0,450.13,100.0,8.21,2021-03-16,8.21,450.13
20210317,H20955,中证红利低波动100全收益指数,红利低波100全收益,CSI Dividend Low Volatility 100 Total Return Index,Dividend Low Volatility100 TRI,,,,14719.91,-152.49,-1.03,4978023320.0,435.07,100.0,8.11,2021-03-17,8.11,435.07
20210318,H20955,中证红利低波动100全收益指数,红利低波100全收益,CSI Dividend Low Volatility 100 Total Return Index,Dividend Low Volatility100 TRI,,,,14715.37,-4.55,-0.03,4401618037.0,366.16,100.0,8.08,2021-03-18,8.08,366.16
20210319,H20955,中证红利低波动100全收益指数,红利低波100全收益,CSI Dividend Low Volatility 100 Total Return Index,Dividend Low Volatility100 TRI,,,,14611.28,-104.09,-0.71,6119526854.0,481.27,100.0,7.93,2021-03-19,7.93,481.27
20210322,H20955,中证红利低波动100全收益指数,红利低波100全收益,CSI Dividend Low Volatility 100 Total Return Index,Dividend Low Volatility100 TRI,,,,14805.34,194.07,1.33,5379849579.0,398.48,100.0,8.03,2021-03-22,8.03,398.48
20210323,H20955,中证红利低波动100全收益指数,红利低波100全收益,CSI Dividend Low Volatility 100 Total Return Index,Dividend Low Volatility100 TRI,,,,14640.01,-165.33,-1.12,4683797068.0,359.02,100.0,7.98,2021-03-23,7.98,359.02
20210324,H20955,中证红利低波动100全收益指数,红利低波100全收益,CSI Dividend Low Volatility 100 Total Return Index,Dividend Low Volatility100 TRI,,,,14507.13,-132.88,-0.91,4679228935.0,366.15,100.0,7.9,2021-03-24,7.9,366.15
20210325,H20955,中证红利低波动100全收益指数,红利低波100全收益,CSI Dividend Low Volatility 100 Total Return Index,Dividend Low Volatility100 TRI,,,,14443.84,-63.29,-0.44,3894813700.0,289.82,100.0,7.88,2021-03-25,7.88,289.82
20210326,H20955,中证红利低波动100全收益指数,红利低波100全收益,CSI Dividend Low Volatility 100 Total Return Index,Dividend Low Volatility100 TRI,,,,14540.21,96.38,0.67,4351055378.0,321.54,100.0,7.91,2021-03-26,7.91,321.54
20210329,H20955,中证红利低波动100全收益指数,红利低波100全收益,CSI Dividend Low Volatility 100 Total Return Index,Dividend Low Volatility100 TRI,,,,14663.03,122.82,0.84,5553568186.0,427.68,100.0,7.99,2021-03-29,7.99,427.68
20210330,H20955,中证红利低波动100全收益指数,红利低波100全收益,CSI Dividend Low Volatility 100 Total Return Index,Dividend Low Volatility100 TRI,,,,14651.42,-11.61,-0.08,4478607689.0,350.28,100.0,8.02,2021-03-30,8.02,350.28
20210331,H20955,中证红利低波动100全收益指数,红利低波100全收益,CSI Dividend Low Volatility 100 Total Return Index,Dividend Low Volatility100 TRI,,,,14738.97,87.56,0.6,6001258041.0,430.25,100.0,8.05,2021-03-31,8.05,430.25
20210401,H20955,中证红利低波动100全收益指数,红利低波100全收益,CSI Dividend Low Volatility 100 Total Return Index,Dividend Low Volatility100 TRI,,,,14778.58,39.6,0.27,4864229185.0,326.01,100.0,8.04,2021-04-01,8.04,326.01
20210402,H20955,中证红利低波动100全收益指数,红利低波100全收益,CSI Dividend Low Volatility 100 Total Return Index,Dividend Low Volatility100 TRI,,,,14669.62,-108.96,-0.74,4342155196.0,313.61,100.0,7.97,2021-04-02,7.97,313.61
20210406,H20955,中证红利低波动100全收益指数,红利低波100全收益,CSI Dividend Low Volatility 100 Total Return Index,Dividend Low Volatility100 TRI,,,,14692.79,23.16,0.16,3337377981.0,253.01,100.0,7.96,2021-04-06,7.96,253.01
20210407,H20955,中证红利低波动100全收益指数,红利低波100全收益,CSI Dividend Low Volatility 100 Total Return Index,Dividend Low Volatility100 TRI,,,,14826.95,134.16,0.91,4452608732.0,322.82,100.0,7.99,2021-04-07,7.99,322.82
20210408,H20955,中证红利低波动100全收益指数,红利低波100全收益,CSI Dividend Low Volatility 100 Total Return Index,Dividend Low Volatility100 TRI,,,,14764.31,-62.64,-0.42,4183931187.0,301.28,100.0,7.96,2021-04-08,7.96,301.28
20210409,H20955,中证红利低波动100全收益指数,红利低波100全收益,CSI Dividend Low Volatility 100 Total Return Index,Dividend Low Volatility100 TRI,,,,14794.45,30.14,0.2,3810980531.0,299.06,100.0,7.94,2021-04-09,7.94,299.06
20210412,H20955,中证红利低波动100全收益指数,红利低波100全收益,CSI Dividend Low Volatility 100 Total Return Index,Dividend Low Volatility100 TRI,,,,14882.82,88.38,0.6,4916759997.0,359.2,100.0,7.98,2021-04-12,7.98,359.2
20210413,H20955,中证红利低波动100全收益指数,红利低波100全收益,CSI Dividend Low Volatility 100 Total Return Index,Dividend Low Volatility100 TRI,,,,14717.36,-165.47,-1.11,4234633268.0,322.92,100.0,7.92,2021-04-13,7.92,322.92
20210414,H20955,中证红利低波动100全收益指数,红利低波100全收益,CSI Dividend Low Volatility 100 Total Return Index,Dividend Low Volatility100 TRI,,,,14721.84,4.48,0.03,3696813932.0,287.78,100.0,7.9,2021-04-14,7.9,287.78
20210415,H20955,中证红利低波动100全收益指数,红利低波100全收益,CSI Dividend Low Volatility 100 Total Return Index,Dividend Low Volatility100 TRI,,,,14702.19,-19.65,-0.13,3563312420.0,331.55,100.0,7.86,2021-04-15,7.86,331.55
20210416,H20955,中证红利低波动100全收益指数,红利低波100全收益,CSI Dividend Low Volatility 100 Total Return Index,Dividend Low Volatility100 TRI,,,,14855.77,153.58,1.04,3500112708.0,278.73,100.0,7.9,2021-04-16,7.9,278.73
20210419,H20955,中证红利低波动100全收益指数,红利低波100全收益,CSI Dividend Low Volatility 100 Total Return Index,Dividend Low Volatility100 TRI,,,,14835.82,-19.96,-0.13,4131470552.0,333.46,100.0,7.91,2021-04-19,7.91,333.46
20210420,H20955,中证红利低波动100全收益指数,红利低波100全收益,CSI Dividend Low Volatility 100 Total Return Index,Dividend Low Volatility100 TRI,,,,14805.07,-30.75,-0.21,3608381337.0,291.38,100.0,7.88,2021-04-20,7.88,291.38
20210421,H20955,中证红利低波动100全收益指数,红利低波100全收益,CSI Dividend Low Volatility 100 Total Return Index,Dividend Low Volatility100 TRI,,,,14738.68,-66.39,-0.45,3592597556.0,281.36,100.0,7.86,2021-04-21,7.86,281.36
20210422,H20955,中证红利低波动100全收益指数,红利低波100全收益,CSI Dividend Low Volatility 100 Total Return Index,Dividend Low Volatility100 TRI,,,,14785.21,46.53,0.32,4141453330.0,310.72,100.0,7.82,2021-04-22,7.82,310.72
20210423,H20955,中证红利低波动100全收益指数,红利低波100全收益,CSI Dividend Low Volatility 100 Total Return Index,Dividend Low Volatility100 TRI,,,,14740.07,-45.13,-0.31,3882141010.0,338.45,100.0,7.78,2021-04-23,7.78,338.45
20210426,H20955,中证红利低波动100全收益指数,红利低波100全收益,CSI Dividend Low Volatility 100 Total Return Index,Dividend Low Volatility100 TRI,,,,14623.71,-116.36,-0.79,4051626909.0,364.54,100.0,7.72,2021-04-26,7.72,364.54
20210427,H20955,中证红利低波动100全收益指数,红利低波100全收益,CSI Dividend Low Volatility 100 Total Return Index,Dividend Low Volatility100 TRI,,,,14605.04,-18.67,-0.13,3200369778.0,270.25,100.0,7.7,2021-04-27,7.7,270.25
20210428,H20955,中证红利低波动100全收益指数,红利低波100全收益,CSI Dividend Low Volatility 100 Total Return Index,Dividend Low Volatility100 TRI,,,,14640.27,35.23,0.24,3311533153.0,271.07,100.0,7.71,2021-04-28,7.71,271.07
20210429,H20955,中证红利低波动100全收益指数,红利低波100全收益,CSI Dividend Low Volatility 100 Total Return Index,Dividend Low Volatility100 TRI,,,,14705.0,64.72,0.44,4237732613.0,325.34,100.0,7.78,2021-04-29,7.78,325.34
20210430,H20955,中证红利低波动100全收益指数,红利低波100全收益,CSI Dividend Low Volatility 100 Total Return Index,Dividend Low Volatility100 TRI,,,,14555.04,-149.96,-1.02,5587085885.0,416.57,100.0,7.68,2021-04-30,7.68,416.57
20210506,H20955,中证红利低波动100全收益指数,红利低波100全收益,CSI Dividend Low Volatility 100 Total Return Index,Dividend Low Volatility100 TRI,,,,14737.65,182.61,1.25,4783401145.0,386.1,100.0,6.81,2021-05-06,6.81,386.1
20210507,H20955,中证红利低波动100全收益指数,红利低波100全收益,CSI Dividend Low Volatility 100 Total Return Index,Dividend Low Volatility100 TRI,,,,14846.05,108.41,0.74,5592157664.0,425.09,100.0,6.87,2021-05-07,6.87,425.09
20210510,H20955,中证红利低波动100全收益指数,红利低波100全收益,CSI Dividend Low Volatility 100 Total Return Index,Dividend Low Volatility100 TRI,,,,14974.41,128.36,0.86,5297404736.0,406.33,100.0,6.89,2021-05-10,6.89,406.33
20210511,H20955,中证红利低波动100全收益指数,红利低波100全收益,CSI Dividend Low Volatility 100 Total Return Index,Dividend Low Volatility100 TRI,,,,14971.76,-2.66,-0.02,4589165857.0,350.08,100.0,6.89,2021-05-11,6.89,350.08
20210512,H20955,中证红利低波动100全收益指数,红利低波100全收益,CSI Dividend Low Volatility 100 Total Return Index,Dividend Low Volatility100 TRI,,,,15021.43,49.68,0.33,4282343739.0,336.96,100.0,6.92,2021-05-12,6.92,336.96
20210513,H20955,中证红利低波动100全收益指数,红利低波100全收益,CSI Dividend Low Volatility 100 Total Return Index,Dividend Low Volatility100 TRI,,,,14851.11,-170.33,-1.13,4127543572.0,318.8,100.0,6.88,2021-05-13,6.88,318.8
20210514,H20955,中证红利低波动100全收益指数,红利低波100全收益,CSI Dividend Low Volatility 100 Total Return Index,Dividend Low Volatility100 TRI,,,,14877.66,26.56,0.18,4339581333.0,356.35,100.0,6.91,2021-05-14,6.91,356.35
20210517,H20955,中证红利低波动100全收益指数,红利低波100全收益,CSI Dividend Low Volatility 100 Total Return Index,Dividend Low Volatility100 TRI,,,,14827.0,-50.66,-0.34,4179787510.0,337.89,100.0,6.9,2021-05-17,6.9,337.89
20210518,H20955,中证红利低波动100全收益指数,红利低波100全收益,CSI Dividend Low Volatility 100 Total Return Index,Dividend Low Volatility100 TRI,,,,14915.99,88.98,0.6,3297432342.0,251.1,100.0,6.93,2021-05-18,6.93,251.1
20210519,H20955,中证红利低波动100全收益指数,红利低波100全收益,CSI Dividend Low Volatility 100 Total Return Index,Dividend Low Volatility100 TRI,,,,14730.52,-185.47,-1.24,3665377441.0,298.97,100.0,6.85,2021-05-19,6.85,298.97
20210520,H20955,中证红利低波动100全收益指数,红利低波100全收益,CSI Dividend Low Volatility 100 Total Return Index,Dividend Low Volatility100 TRI,,,,14572.95,-157.57,-1.07,4153928136.0,315.78,100.0,6.82,2021-05-20,6.82,315.78
20210521,H20955,中证红利低波动100全收益指数,红利低波100全收益,CSI Dividend Low Volatility 100 Total Return Index,Dividend Low Volatility100 TRI,,,,14580.38,7.43,0.05,3320491924.0,256.07,100.0,6.8,2021-05-21,6.8,256.07
20210524,H20955,中证红利低波动100全收益指数,红利低波100全收益,CSI Dividend Low Volatility 100 Total Return Index,Dividend Low Volatility100 TRI,,,,14588.26,7.88,0.05,3364745853.0,256.2,100.0,6.79,2021-05-24,6.79,256.2
20210525,H20955,中证红利低波动100全收益指数,红利低波100全收益,CSI Dividend Low Volatility 100 Total Return Index,Dividend Low Volatility100 TRI,,,,14729.26,141.0,0.97,5197600100.0,450.79,100.0,6.91,2021-05-25,6.91,450.79
20210526,H20955,中证红利低波动100全收益指数,红利低波100全收益,CSI Dividend Low Volatility 100 Total Return Index,Dividend Low Volatility100 TRI,,,,14798.0,68.74,0.47,4572755402.0,383.74,100.0,6.92,2021-05-26,6.92,383.74
20210527,H20955,中证红利低波动100全收益指数,红利低波100全收益,CSI Dividend Low Volatility 100 Total Return Index,Dividend Low Volatility100 TRI,,,,14814.78,16.78,0.11,4016189110.0,327.8,100.0,6.92,2021-05-27,6.92,327.8
20210528,H20955,中证红利低波动100全收益指数,红利低波100全收益,CSI Dividend Low Volatility 100 Total Return Index,Dividend Low Volatility100 TRI,,,,14800.63,-14.15,-0.1,4019449190.0,312.57,100.0,6.92,2021-05-28,6.92,312.57
20210531,H20955,中证红利低波动100全收益指数,红利低波100全收益,CSI Dividend Low Volatility 100 Total Return Index,Dividend Low Volatility100 TRI,,,,14797.33,-3.3,-0.02,4274714440.0,340.68,100.0,6.89,2021-05-31,6.89,340.68
20210601,H20955,中证红利低波动100全收益指数,红利低波100全收益,CSI Dividend Low Volatility 100 Total Return Index,Dividend Low Volatility100 TRI,,,,14787.54,-9.79,-0.07,4368968853.0,344.21,100.0,6.88,2021-06-01,6.88,344.21
20210602,H20955,中证红利低波动100全收益指数,红利低波100全收益,CSI Dividend Low Volatility 100 Total Return Index,Dividend Low Volatility100 TRI,,,,14773.91,-13.63,-0.09,4462974676.0,338.6,100.0,6.88,2021-06-02,6.88,338.6
20210603,H20955,中证红利低波动100全收益指数,红利低波100全收益,CSI Dividend Low Volatility 100 Total Return Index,Dividend Low Volatility100 TRI,,,,14887.82,113.91,0.77,5056443421.0,369.53,100.0,6.9,2021-06-03,6.9,369.53
20210604,H20955,中证红利低波动100全收益指数,红利低波100全收益,CSI Dividend Low Volatility 100 Total Return Index,Dividend Low Volatility100 TRI,,,,14830.3,-57.52,-0.39,4418841773.0,345.31,100.0,6.87,2021-06-04,6.87,345.31
20210607,H20955,中证红利低波动100全收益指数,红利低波100全收益,CSI Dividend Low Volatility 100 Total Return Index,Dividend Low Volatility100 TRI,,,,14765.93,-64.37,-0.43,3968895784.0,299.41,100.0,6.85,2021-06-07,6.85,299.41
20210608,H20955,中证红利低波动100全收益指数,红利低波100全收益,CSI Dividend Low Volatility 100 Total Return Index,Dividend Low Volatility100 TRI,,,,14787.27,21.34,0.14,3927905473.0,294.48,100.0,6.86,2021-06-08,6.86,294.48
20210609,H20955,中证红利低波动100全收益指数,红利低波100全收益,CSI Dividend Low Volatility 100 Total Return Index,Dividend Low Volatility100 TRI,,,,14875.95,88.68,0.6,4262114972.0,323.31,100.0,6.89,2021-06-09,6.89,323.31
20210610,H20955,中证红利低波动100全收益指数,红利低波100全收益,CSI Dividend Low Volatility 100 Total Return Index,Dividend Low Volatility100 TRI,,,,14903.14,27.19,0.18,4452305987.0,347.1,100.0,6.88,2021-06-10,6.88,347.1
20210611,H20955,中证红利低波动100全收益指数,红利低波100全收益,CSI Dividend Low Volatility 100 Total Return Index,Dividend Low Volatility100 TRI,,,,14953.29,50.15,0.34,5482495881.0,424.15,100.0,6.91,2021-06-11,6.91,424.15
20210615,H20955,中证红利低波动100全收益指数,红利低波100全收益,CSI Dividend Low Volatility 100 Total Return Index,Dividend Low Volatility100 TRI,,,,14820.14,-133.14,-0.89,4395197762.0,400.55,100.0,6.93,2021-06-15,6.93,400.55
20210616,H20955,中证红利低波动100全收益指数,红利低波100全收益,CSI Dividend Low Volatility 100 Total Return Index,Dividend Low Volatility100 TRI,,,,14819.51,-0.63,0.0,3562626078.0,297.53,100.0,6.96,2021-06-16,6.96,297.53
20210617,H20955,中证红利低波动100全收益指数,红利低波100全收益,CSI Dividend Low Volatility 100 Total Return Index,Dividend Low Volatility100 TRI,,,,14780.75,-38.76,-0.26,3264958350.0,268.61,100.0,6.87,2021-06-17,6.87,268.61
20210618,H20955,中证红利低波动100全收益指数,红利低波100全收益,CSI Dividend Low Volatility 100 Total Return Index,Dividend Low Volatility100 TRI,,,,14725.85,-54.9,-0.37,3214211814.0,300.14,100.0,6.81,2021-06-18,6.81,300.14
20210621,H20955,中证红利低波动100全收益指数,红利低波100全收益,CSI Dividend Low Volatility 100 Total Return Index,Dividend Low Volatility100 TRI,,,,14704.85,-21.01,-0.14,3335555439.0,340.27,100.0,6.76,2021-06-21,6.76,340.27
20210622,H20955,中证红利低波动100全收益指数,红利低波100全收益,CSI Dividend Low Volatility 100 Total Return Index,Dividend Low Volatility100 TRI,,,,14799.63,94.79,0.64,3571549151.0,340.18,100.0,6.81,2021-06-22,6.81,340.18
20210623,H20955,中证红利低波动100全收益指数,红利低波100全收益,CSI Dividend Low Volatility 100 Total Return Index,Dividend Low Volatility100 TRI,,,,14839.3,39.67,0.27,3304829580.0,319.76,100.0,6.84,2021-06-23,6.84,319.76
20210624,H20955,中证红利低波动100全收益指数,红利低波100全收益,CSI Dividend Low Volatility 100 Total Return Index,Dividend Low Volatility100 TRI,,,,14898.09,58.78,0.4,3167564334.0,271.63,100.0,6.86,2021-06-24,6.86,271.63
20210625,H20955,中证红利低波动100全收益指数,红利低波100全收益,CSI Dividend Low Volatility 100 Total Return Index,Dividend Low Volatility100 TRI,,,,14966.99,68.9,0.46,3213124214.0,279.6,100.0,6.9,2021-06-25,6.9,279.6
20210628,H20955,中证红利低波动100全收益指数,红利低波100全收益,CSI Dividend Low Volatility 100 Total Return Index,Dividend Low Volatility100 TRI,,,,14960.6,-6.39,-0.04,3197512577.0,288.07,100.0,6.86,2021-06-28,6.86,288.07
20210629,H20955,中证红利低波动100全收益指数,红利低波100全收益,CSI Dividend Low Volatility 100 Total Return Index,Dividend Low Volatility100 TRI,,,,14882.0,-78.6,-0.53,3287589078.0,292.27,100.0,6.79,2021-06-29,6.79,292.27
20210630,H20955,中证红利低波动100全收益指数,红利低波100全收益,CSI Dividend Low Volatility 100 Total Return Index,Dividend Low Volatility100 TRI,,,,14904.69,22.69,0.15,3146450822.0,255.64,100.0,6.8,2021-06-30,6.8,255.64
20210701,H20955,中证红利低波动100全收益指数,红利低波100全收益,CSI Dividend Low Volatility 100 Total Return Index,Dividend Low Volatility100 TRI,,,,14951.85,47.16,0.32,3604281624.0,328.26,100.0,6.84,2021-07-01,6.84,328.26
20210702,H20955,中证红利低波动100全收益指数,红利低波100全收益,CSI Dividend Low Volatility 100 Total Return Index,Dividend Low Volatility100 TRI,,,,14894.71,-57.14,-0.38,4182004676.0,361.31,100.0,6.77,2021-07-02,6.77,361.31
20210705,H20955,中证红利低波动100全收益指数,红利低波100全收益,CSI Dividend Low Volatility 100 Total Return Index,Dividend Low Volatility100 TRI,,,,14904.46,9.75,0.07,3859974969.0,314.43,100.0,6.75,2021-07-05,6.75,314.43
20210706,H20955,中证红利低波动100全收益指数,红利低波100全收益,CSI Dividend Low Volatility 100 Total Return Index,Dividend Low Volatility100 TRI,,,,15011.92,107.46,0.72,3777042263.0,305.8,100.0,6.76,2021-07-06,6.76,305.8
20210707,H20955,中证红利低波动100全收益指数,红利低波100全收益,CSI Dividend Low Volatility 100 Total Return Index,Dividend Low Volatility100 TRI,,,,14936.28,-75.64,-0.5,3105013741.0,251.92,100.0,6.72,2021-07-07,6.72,251.92
20210708,H20955,中证红利低波动100全收益指数,红利低波100全收益,CSI Dividend Low Volatility 100 Total Return Index,Dividend Low Volatility100 TRI,,,,14783.37,-152.92,-1.02,3958983899.0,329.87,100.0,6.63,2021-07-08,6.63,329.87
20210709,H20955,中证红利低波动100全收益指数,红利低波100全收益,CSI Dividend Low Volatility 100 Total Return Index,Dividend Low Volatility100 TRI,,,,14807.42,24.05,0.16,3433086485.0,279.85,100.0,6.62,2021-07-09,6.62,279.85
20210712,H20955,中证红利低波动100全收益指数,红利低波100全收益,CSI Dividend Low Volatility 100 Total Return Index,Dividend Low Volatility100 TRI,,,,14754.32,-53.1,-0.36,4273559572.0,341.25,100.0,6.54,2021-07-12,6.54,341.25
20210713,H20955,中证红利低波动100全收益指数,红利低波100全收益,CSI Dividend Low Volatility 100 Total Return Index,Dividend Low Volatility100 TRI,,,,14822.85,68.53,0.46,3953270357.0,294.48,100.0,6.56,2021-07-13,6.56,294.48
20210714,H20955,中证红利低波动100全收益指数,红利低波100全收益,CSI Dividend Low Volatility 100 Total Return Index,Dividend Low Volatility100 TRI,,,,14715.33,-107.52,-0.73,4254276817.0,346.67,100.0,6.49,2021-07-14,6.49,346.67
20210715,H20955,中证红利低波动100全收益指数,红利低波100全收益,CSI Dividend Low Volatility 100 Total Return Index,Dividend Low Volatility100 TRI,,,,14746.01,30.68,0.21,3699613078.0,316.99,100.0,6.53,2021-07-15,6.53,316.99
20210716,H20955,中证红利低波动100全收益指数,红利低波100全收益,CSI Dividend Low Volatility 100 Total Return Index,Dividend Low Volatility100 TRI,,,,14742.59,-3.42,-0.02,3519663830.0,297.64,100.0,6.49,2021-07-16,6.49,297.64
20210719,H20955,中证红利低波动100全收益指数,红利低波100全收益,CSI Dividend Low Volatility 100 Total Return Index,Dividend Low Volatility100 TRI,,,,14658.5,-84.09,-0.57,3760087365.0,316.07,100.0,6.47,2021-07-19,6.47,316.07
20210720,H20955,中证红利低波动100全收益指数,红利低波100全收益,CSI Dividend Low Volatility 100 Total Return Index,Dividend Low Volatility100 TRI,,,,14615.17,-43.33,-0.3,3185836139.0,249.77,100.0,6.43,2021-07-20,6.43,249.77
20210721,H20955,中证红利低波动100全收益指数,红利低波100全收益,CSI Dividend Low Volatility 100 Total Return Index,Dividend Low Volatility100 TRI,,,,14598.32,-16.84,-0.12,3334254786.0,277.32,100.0,6.39,2021-07-21,6.39,277.32
20210722,H20955,中证红利低波动100全收益指数,红利低波100全收益,CSI Dividend Low Volatility 100 Total Return Index,Dividend Low Volatility100 TRI,,,,14683.82,85.49,0.59,3358249989.0,275.84,100.0,6.43,2021-07-22,6.43,275.84
20210723,H20955,中证红利低波动100全收益指数,红利低波100全收益,CSI Dividend Low Volatility 100 Total Return Index,Dividend Low Volatility100 TRI,,,,14601.27,-82.55,-0.56,3538173279.0,281.87,100.0,6.39,2021-07-23,6.39,281.87
20210726,H20955,中证红利低波动100全收益指数,红利低波100全收益,CSI Dividend Low Volatility 100 Total Return Index,Dividend Low Volatility100 TRI,,,,14318.52,-282.75,-1.94,4417186079.0,380.22,100.0,6.28,2021-07-26,6.28,380.22
20210727,H20955,中证红利低波动100全收益指数,红利低波100全收益,CSI Dividend Low Volatility 100 Total Return Index,Dividend Low Volatility100 TRI,,,,14074.15,-244.38,-1.71,4470411181.0,367.23,100.0,6.19,2021-07-27,6.19,367.23
20210728,H20955,中证红利低波动100全收益指数,红利低波100全收益,CSI Dividend Low Volatility 100 Total Return Index,Dividend Low Volatility100 TRI,,,,14040.98,-33.17,-0.24,4273036763.0,328.08,100.0,6.2,2021-07-28,6.2,328.08
20210729,H20955,中证红利低波动100全收益指数,红利低波100全收益,CSI Dividend Low Volatility 100 Total Return Index,Dividend Low Volatility100 TRI,,,,14017.63,-23.34,-0.17,3395490298.0,268.36,100.0,6.16,2021-07-29,6.16,268.36
20210730,H20955,中证红利低波动100全收益指数,红利低波100全收益,CSI Dividend Low Volatility 100 Total Return Index,Dividend Low Volatility100 TRI,,,,14044.38,26.74,0.19,3519649017.0,266.64,100.0,6.17,2021-07-30,6.17,266.64
20210802,H20955,中证红利低波动100全收益指数,红利低波100全收益,CSI Dividend Low Volatility 100 Total Return Index,Dividend Low Volatility100 TRI,,,,14140.55,96.17,0.68,4502273711.0,366.45,100.0,6.22,2021-08-02,6.22,366.45
20210803,H20955,中证红利低波动100全收益指数,红利低波100全收益,CSI Dividend Low Volatility 100 Total Return Index,Dividend Low Volatility100 TRI,,,,14138.43,-2.12,-0.02,3717785784.0,304.31,100.0,6.21,2021-08-03,6.21,304.31
20210804,H20955,中证红利低波动100全收益指数,红利低波100全收益,CSI Dividend Low Volatility 100 Total Return Index,Dividend Low Volatility100 TRI,,,,14132.75,-5.68,-0.04,2854467895.0,244.53,100.0,6.19,2021-08-04,6.19,244.53
20210805,H20955,中证红利低波动100全收益指数,红利低波100全收益,CSI Dividend Low Volatility 100 Total Return Index,Dividend Low Volatility100 TRI,,,,14142.08,9.33,0.07,3297806512.0,289.7,100.0,6.19,2021-08-05,6.19,289.7
20210806,H20955,中证红利低波动100全收益指数,红利低波100全收益,CSI Dividend Low Volatility 100 Total Return Index,Dividend Low Volatility100 TRI,,,,14167.8,25.72,0.18,3014323641.0,245.98,100.0,6.19,2021-08-06,6.19,245.98
20210809,H20955,中证红利低波动100全收益指数,红利低波100全收益,CSI Dividend Low Volatility 100 Total Return Index,Dividend Low Volatility100 TRI,,,,14330.63,162.83,1.15,4183934240.0,374.61,100.0,6.27,2021-08-09,6.27,374.61
20210810,H20955,中证红利低波动100全收益指数,红利低波100全收益,CSI Dividend Low Volatility 100 Total Return Index,Dividend Low Volatility100 TRI,,,,14386.7,56.07,0.39,3470631525.0,305.41,100.0,6.29,2021-08-10,6.29,305.41
20210811,H20955,中证红利低波动100全收益指数,红利低波100全收益,CSI Dividend Low Volatility 100 Total Return Index,Dividend Low Volatility100 TRI,,,,14498.09,111.39,0.77,4584658284.0,389.83,100.0,6.35,2021-08-11,6.35,389.83
20210812,H20955,中证红利低波动100全收益指数,红利低波100全收益,CSI Dividend Low Volatility 100 Total Return Index,Dividend Low Volatility100 TRI,,,,14464.08,-34.02,-0.23,3028887393.0,276.68,100.0,6.32,2021-08-12,6.32,276.68
20210813,H20955,中证红利低波动100全收益指数,红利低波100全收益,CSI Dividend Low Volatility 100 Total Return Index,Dividend Low Volatility100 TRI,,,,14444.74,-19.33,-0.13,2843518723.0,240.72,100.0,6.29,2021-08-13,6.29,240.72
20210816,H20955,中证红利低波动100全收益指数,红利低波100全收益,CSI Dividend Low Volatility 100 Total Return Index,Dividend Low Volatility100 TRI,,,,14565.69,120.95,0.84,3465478508.0,290.83,100.0,6.34,2021-08-16,6.34,290.83
20210817,H20955,中证红利低波动100全收益指数,红利低波100全收益,CSI Dividend Low Volatility 100 Total Return Index,Dividend Low Volatility100 TRI,,,,14418.06,-147.63,-1.01,4394355548.0,359.54,100.0,6.3,2021-08-17,6.3,359.54
20210818,H20955,中证红利低波动100全收益指数,红利低波100全收益,CSI Dividend Low Volatility 100 Total Return Index,Dividend Low Volatility100 TRI,,,,14583.51,165.45,1.15,4518215060.0,370.32,100.0,6.38,2021-08-18,6.38,370.32
20210819,H20955,中证红利低波动100全收益指数,红利低波100全收益,CSI Dividend Low Volatility 100 Total Return Index,Dividend Low Volatility100 TRI,,,,14451.82,-131.69,-0.9,3817579966.0,328.18,100.0,6.29,2021-08-19,6.29,328.18
20210820,H20955,中证红利低波动100全收益指数,红利低波100全收益,CSI Dividend Low Volatility 100 Total Return Index,Dividend Low Volatility100 TRI,,,,14476.84,25.02,0.17,3903404957.0,326.84,100.0,6.28,2021-08-20,6.28,326.84
20210823,H20955,中证红利低波动100全收益指数,红利低波100全收益,CSI Dividend Low Volatility 100 Total Return Index,Dividend Low Volatility100 TRI,,,,14507.29,30.45,0.21,3736993280.0,307.19,100.0,6.29,2021-08-23,6.29,307.19
20210824,H20955,中证红利低波动100全收益指数,红利低波100全收益,CSI Dividend Low Volatility 100 Total Return Index,Dividend Low Volatility100 TRI,,,,14607.4,100.11,0.69,4170914935.0,368.61,100.0,6.3,2021-08-24,6.3,368.61
20210825,H20955,中证红利低波动100全收益指数,红利低波100全收益,CSI Dividend Low Volatility 100 Total Return Index,Dividend Low Volatility100 TRI,,,,14691.23,83.83,0.57,4161323062.0,335.01,100.0,6.3,2021-08-25,6.3,335.01
20210826,H20955,中证红利低波动100全收益指数,红利低波100全收益,CSI Dividend Low Volatility 100 Total Return Index,Dividend Low Volatility100 TRI,,,,14671.8,-19.43,-0.13,4275457542.0,347.21,100.0,6.27,2021-08-26,6.27,347.21
20210827,H20955,中证红利低波动100全收益指数,红利低波100全收益,CSI Dividend Low Volatility 100 Total Return Index,Dividend Low Volatility100 TRI,,,,14689.3,17.5,0.12,3845561835.0,311.56,100.0,6.3,2021-08-27,6.3,311.56
20210830,H20955,中证红利低波动100全收益指数,红利低波100全收益,CSI Dividend Low Volatility 100 Total Return Index,Dividend Low Volatility100 TRI,,,,14662.89,-26.41,-0.18,5203456853.0,430.88,100.0,6.26,2021-08-30,6.26,430.88
20210831,H20955,中证红利低波动100全收益指数,红利低波100全收益,CSI Dividend Low Volatility 100 Total Return Index,Dividend Low Volatility100 TRI,,,,14878.66,215.77,1.47,5747238376.0,484.81,100.0,6.35,2021-08-31,6.35,484.81
20210901,H20955,中证红利低波动100全收益指数,红利低波100全收益,CSI Dividend Low Volatility 100 Total Return Index,Dividend Low Volatility100 TRI,,,,15076.93,198.26,1.33,8812159737.0,705.5,100.0,6.07,2021-09-01,6.07,705.5
20210902,H20955,中证红利低波动100全收益指数,红利低波100全收益,CSI Dividend Low Volatility 100 Total Return Index,Dividend Low Volatility100 TRI,,,,15271.66,194.73,1.29,7156195778.0,552.73,100.0,6.12,2021-09-02,6.12,552.73
20210903,H20955,中证红利低波动100全收益指数,红利低波100全收益,CSI Dividend Low Volatility 100 Total Return Index,Dividend Low Volatility100 TRI,,,,15378.92,107.26,0.7,7491141875.0,560.55,100.0,6.15,2021-09-03,6.15,560.55
20210906,H20955,中证红利低波动100全收益指数,红利低波100全收益,CSI Dividend Low Volatility 100 Total Return Index,Dividend Low Volatility100 TRI,,,,15553.12,174.2,1.13,7317295588.0,569.58,100.0,6.18,2021-09-06,6.18,569.58
20210907,H20955,中证红利低波动100全收益指数,红利低波100全收益,CSI Dividend Low Volatility 100 Total Return Index,Dividend Low Volatility100 TRI,,,,15771.64,218.53,1.41,7403712000.0,556.44,100.0,6.25,2021-09-07,6.25,556.44
20210908,H20955,中证红利低波动100全收益指数,红利低波100全收益,CSI Dividend Low Volatility 100 Total Return Index,Dividend Low Volatility100 TRI,,,,15993.12,221.48,1.4,7320040974.0,543.47,100.0,6.3,2021-09-08,6.3,543.47
20210909,H20955,中证红利低波动100全收益指数,红利低波100全收益,CSI Dividend Low Volatility 100 Total Return Index,Dividend Low Volatility100 TRI,,,,16256.68,263.57,1.65,8853953629.0,663.85,100.0,6.36,2021-09-09,6.36,663.85
20210910,H20955,中证红利低波动100全收益指数,红利低波100全收益,CSI Dividend Low Volatility 100 Total Return Index,Dividend Low Volatility100 TRI,,,,16103.97,-152.72,-0.94,9098207925.0,706.46,100.0,6.33,2021-09-10,6.33,706.46
20210913,H20955,中证红利低波动100全收益指数,红利低波100全收益,CSI Dividend Low Volatility 100 Total Return Index,Dividend Low Volatility100 TRI,,,,16324.8,220.84,1.37,6227176259.0,548.91,100.0,6.37,2021-09-13,6.37,548.91
20210914,H20955,中证红利低波动100全收益指数,红利低波100全收益,CSI Dividend Low Volatility 100 Total Return Index,Dividend Low Volatility100 TRI,,,,15968.37,-356.44,-2.18,7246335395.0,590.9,100.0,6.28,2021-09-14,6.28,590.9
20210915,H20955,中证红利低波动100全收益指数,红利低波100全收益,CSI Dividend Low Volatility 100 Total Return Index,Dividend Low Volatility100 TRI,,,,15955.89,-12.48,-0.08,5413720687.0,468.12,100.0,6.27,2021-09-15,6.27,468.12
20210916,H20955,中证红利低波动100全收益指数,红利低波100全收益,CSI Dividend Low Volatility 100 Total Return Index,Dividend Low Volatility100 TRI,,,,15783.52,-172.37,-1.08,5814771398.0,477.95,100.0,6.23,2021-09-16,6.23,477.95
20210917,H20955,中证红利低波动100全收益指数,红利低波100全收益,CSI Dividend Low Volatility 100 Total Return Index,Dividend Low Volatility100 TRI,,,,15758.51,-25.01,-0.16,5257321128.0,440.76,100.0,6.19,2021-09-17,6.19,440.76
20210922,H20955,中证红利低波动100全收益指数,红利低波100全收益,CSI Dividend Low Volatility 100 Total Return Index,Dividend Low Volatility100 TRI,,,,16016.88,258.37,1.64,6307294908.0,501.32,100.0,6.28,2021-09-22,6.28,501.32
20210923,H20955,中证红利低波动100全收益指数,红利低波100全收益,CSI Dividend Low Volatility 100 Total Return Index,Dividend Low Volatility100 TRI,,,,16252.2,235.32,1.47,6483878853.0,553.71,100.0,6.31,2021-09-23,6.31,553.71
20210924,H20955,中证红利低波动100全收益指数,红利低波100全收益,CSI Dividend Low Volatility 100 Total Return Index,Dividend Low Volatility100 TRI,,,,15965.6,-286.6,-1.76,5414605296.0,472.22,100.0,6.23,2021-09-24,6.23,472.22
20210927,H20955,中证红利低波动100全收益指数,红利低波100全收益,CSI Dividend Low Volatility 100 Total Return Index,Dividend Low Volatility100 TRI,,,,15595.87,-369.73,-2.32,6502644985.0,537.43,100.0,6.21,2021-09-27,6.21,537.43
20210928,H20955,中证红利低波动100全收益指数,红利低波100全收益,CSI Dividend Low Volatility 100 Total Return Index,Dividend Low Volatility100 TRI,,,,15904.23,308.37,1.98,5816597473.0,488.97,100.0,6.33,2021-09-28,6.33,488.97
20210929,H20955,中证红利低波动100全收益指数,红利低波100全收益,CSI Dividend Low Volatility 100 Total Return Index,Dividend Low Volatility100 TRI,,,,15640.63,-263.6,-1.66,6430586203.0,517.28,100.0,6.24,2021-09-29,6.24,517.28
20210930,H20955,中证红利低波动100全收益指数,红利低波100全收益,CSI Dividend Low Volatility 100 Total Return Index,Dividend Low Volatility100 TRI,,,,15672.02,31.39,0.2,5003396343.0,412.37,100.0,6.23,2021-09-30,6.23,412.37
20211008,H20955,中证红利低波动100全收益指数,红利低波100全收益,CSI Dividend Low Volatility 100 Total Return Index,Dividend Low Volatility100 TRI,,,,15820.86,148.84,0.95,5482901385.0,515.34,100.0,6.31,2021-10-08,6.31,515.34
20211011,H20955,中证红利低波动100全收益指数,红利低波100全收益,CSI Dividend Low Volatility 100 Total Return Index,Dividend Low Volatility100 TRI,,,,15765.15,-55.71,-0.35,4821542470.0,435.6,100.0,6.32,2021-10-11,6.32,435.6
20211012,H20955,中证红利低波动100全收益指数,红利低波100全收益,CSI Dividend Low Volatility 100 Total Return Index,Dividend Low Volatility100 TRI,,,,15557.4,-207.75,-1.32,4684875366.0,397.95,100.0,6.26,2021-10-12,6.26,397.95
20211013,H20955,中证红利低波动100全收益指数,红利低波100全收益,CSI Dividend Low Volatility 100 Total Return Index,Dividend Low Volatility100 TRI,,,,15405.62,-151.78,-0.98,3876841620.0,315.42,100.0,6.17,2021-10-13,6.17,315.42
20211014,H20955,中证红利低波动100全收益指数,红利低波100全收益,CSI Dividend Low Volatility 100 Total Return Index,Dividend Low Volatility100 TRI,,,,15325.62,-80.0,-0.52,2854301922.0,234.15,100.0,6.13,2021-10-14,6.13,234.15
20211015,H20955,中证红利低波动100全收益指数,红利低波100全收益,CSI Dividend Low Volatility 100 Total Return Index,Dividend Low Volatility100 TRI,,,,15232.02,-93.6,-0.61,3723678885.0,300.09,100.0,6.17,2021-10-15,6.17,300.09
20211018,H20955,中证红利低波动100全收益指数,红利低波100全收益,CSI Dividend Low Volatility 100 Total Return Index,Dividend Low Volatility100 TRI,,,,15334.48,102.46,0.67,3702291199.0,322.97,100.0,6.2,2021-10-18,6.2,322.97
20211019,H20955,中证红利低波动100全收益指数,红利低波100全收益,CSI Dividend Low Volatility 100 Total Return Index,Dividend Low Volatility100 TRI,,,,15365.13,30.65,0.2,3478451860.0,315.47,100.0,6.22,2021-10-19,6.22,315.47
20211020,H20955,中证红利低波动100全收益指数,红利低波100全收益,CSI Dividend Low Volatility 100 Total Return Index,Dividend Low Volatility100 TRI,,,,15333.64,-31.49,-0.2,3348241581.0,301.12,100.0,6.17,2021-10-20,6.17,301.12
20211021,H20955,中证红利低波动100全收益指数,红利低波100全收益,CSI Dividend Low Volatility 100 Total Return Index,Dividend Low Volatility100 TRI,,,,15378.98,45.34,0.3,4101421897.0,432.7,100.0,6.24,2021-10-21,6.24,432.7
20211022,H20955,中证红利低波动100全收益指数,红利低波100全收益,CSI Dividend Low Volatility 100 Total Return Index,Dividend Low Volatility100 TRI,,,,15256.2,-122.77,-0.8,3930320040.0,385.86,100.0,6.19,2021-10-22,6.19,385.86
20211025,H20955,中证红利低波动100全收益指数,红利低波100全收益,CSI Dividend Low Volatility 100 Total Return Index,Dividend Low Volatility100 TRI,,,,15239.4,-16.8,-0.11,3594112648.0,353.72,100.0,6.21,2021-10-25,6.21,353.72
20211026,H20955,中证红利低波动100全收益指数,红利低波100全收益,CSI Dividend Low Volatility 100 Total Return Index,Dividend Low Volatility100 TRI,,,,15123.89,-115.51,-0.76,3375029826.0,305.26,100.0,6.16,2021-10-26,6.16,305.26
20211027,H20955,中证红利低波动100全收益指数,红利低波100全收益,CSI Dividend Low Volatility 100 Total Return Index,Dividend Low Volatility100 TRI,,,,14975.42,-148.48,-0.98,3733347547.0,340.48,100.0,6.12,2021-10-27,6.12,340.48
20211028,H20955,中证红利低波动100全收益指数,红利低波100全收益,CSI Dividend Low Volatility 100 Total Return Index,Dividend Low Volatility100 TRI,,,,14834.58,-140.84,-0.94,3949154525.0,340.86,100.0,6.03,2021-10-28,6.03,340.86
20211029,H20955,中证红利低波动100全收益指数,红利低波100全收益,CSI Dividend Low Volatility 100 Total Return Index,Dividend Low Volatility100 TRI,,,,14875.63,41.05,0.28,4123375191.0,398.85,100.0,6.02,2021-10-29,6.02,398.85
20211101,H20955,中证红利低波动100全收益指数,红利低波100全收益,CSI Dividend Low Volatility 100 Total Return Index,Dividend Low Volatility100 TRI,,,,14955.21,79.58,0.53,4458432851.0,347.93,100.0,6.09,2021-11-01,6.09,347.93
20211102,H20955,中证红利低波动100全收益指数,红利低波100全收益,CSI Dividend Low Volatility 100 Total Return Index,Dividend Low Volatility100 TRI,,,,14683.79,-271.42,-1.81,4944793001.0,389.46,100.0,5.99,2021-11-02,5.99,389.46
20211103,H20955,中证红利低波动100全收益指数,红利低波100全收益,CSI Dividend Low Volatility 100 Total Return Index,Dividend Low Volatility100 TRI,,,,14790.62,106.82,0.73,3168885702.0,260.1,100.0,6.0,2021-11-03,6.0,260.1
20211104,H20955,中证红利低波动100全收益指数,红利低波100全收益,CSI Dividend Low Volatility 100 Total Return Index,Dividend Low Volatility100 TRI,,,,14816.94,26.32,0.18,3037680130.0,250.93,100.0,5.99,2021-11-04,5.99,250.93
20211105,H20955,中证红利低波动100全收益指数,红利低波100全收益,CSI Dividend Low Volatility 100 Total Return Index,Dividend Low Volatility100 TRI,,,,14659.33,-157.61,-1.06,3110096781.0,246.19,100.0,5.93,2021-11-05,5.93,246.19
20211108,H20955,中证红利低波动100全收益指数,红利低波100全收益,CSI Dividend Low Volatility 100 Total Return Index,Dividend Low Volatility100 TRI,,,,14645.13,-14.2,-0.1,2784374435.0,233.16,100.0,5.92,2021-11-08,5.92,233.16
20211109,H20955,中证红利低波动100全收益指数,红利低波100全收益,CSI Dividend Low Volatility 100 Total Return Index,Dividend Low Volatility100 TRI,,,,14644.68,-0.45,0.0,2488733188.0,212.78,100.0,5.91,2021-11-09,5.91,212.78
20211110,H20955,中证红利低波动100全收益指数,红利低波100全收益,CSI Dividend Low Volatility 100 Total Return Index,Dividend Low Volatility100 TRI,,,,14645.18,0.5,0.0,3336183918.0,306.05,100.0,5.89,2021-11-10,5.89,306.05
20211111,H20955,中证红利低波动100全收益指数,红利低波100全收益,CSI Dividend Low Volatility 100 Total Return Index,Dividend Low Volatility100 TRI,,,,14929.2,284.03,1.94,4389546279.0,436.61,100.0,5.99,2021-11-11,5.99,436.61
20211112,H20955,中证红利低波动100全收益指数,红利低波100全收益,CSI Dividend Low Volatility 100 Total Return Index,Dividend Low Volatility100 TRI,,,,14917.47,-11.73,-0.08,3299329670.0,313.03,100.0,5.96,2021-11-12,5.96,313.03
20211115,H20955,中证红利低波动100全收益指数,红利低波100全收益,CSI Dividend Low Volatility 100 Total Return Index,Dividend Low Volatility100 TRI,,,,14991.25,73.78,0.49,2934865091.0,264.63,100.0,5.97,2021-11-15,5.97,264.63
20211116,H20955,中证红利低波动100全收益指数,红利低波100全收益,CSI Dividend Low Volatility 100 Total Return Index,Dividend Low Volatility100 TRI,,,,14903.59,-87.66,-0.58,2914253467.0,259.0,100.0,5.94,2021-11-16,5.94,259.0
20211117,H20955,中证红利低波动100全收益指数,红利低波100全收益,CSI Dividend Low Volatility 100 Total Return Index,Dividend Low Volatility100 TRI,,,,14912.12,8.53,0.06,2462772445.0,216.81,100.0,5.95,2021-11-17,5.95,216.81
20211118,H20955,中证红利低波动100全收益指数,红利低波100全收益,CSI Dividend Low Volatility 100 Total Return Index,Dividend Low Volatility100 TRI,,,,14846.69,-65.42,-0.44,2571974846.0,216.01,100.0,5.92,2021-11-18,5.92,216.01
20211119,H20955,中证红利低波动100全收益指数,红利低波100全收益,CSI Dividend Low Volatility 100 Total Return Index,Dividend Low Volatility100 TRI,,,,15001.37,154.68,1.04,3380854318.0,282.94,100.0,5.98,2021-11-19,5.98,282.94
20211122,H20955,中证红利低波动100全收益指数,红利低波100全收益,CSI Dividend Low Volatility 100 Total Return Index,Dividend Low Volatility100 TRI,,,,14942.32,-59.05,-0.39,3096457486.0,250.95,100.0,5.96,2021-11-22,5.96,250.95
20211123,H20955,中证红利低波动100全收益指数,红利低波100全收益,CSI Dividend Low Volatility 100 Total Return Index,Dividend Low Volatility100 TRI,,,,14984.51,42.19,0.28,2816957730.0,244.01,100.0,5.97,2021-11-23,5.97,244.01
20211124,H20955,中证红利低波动100全收益指数,红利低波100全收益,CSI Dividend Low Volatility 100 Total Return Index,Dividend Low Volatility100 TRI,,,,15044.15,59.65,0.4,2805344467.0,240.63,100.0,6.0,2021-11-24,6.0,240.63
20211125,H20955,中证红利低波动100全收益指数,红利低波100全收益,CSI Dividend Low Volatility 100 Total Return Index,Dividend Low Volatility100 TRI,,,,15073.86,29.71,0.2,2494223955.0,214.1,100.0,5.98,2021-11-25,5.98,214.1
20211126,H20955,中证红利低波动100全收益指数,红利低波100全收益,CSI Dividend Low Volatility 100 Total Return Index,Dividend Low Volatility100 TRI,,,,15000.61,-73.25,-0.49,2596393136.0,220.72,100.0,5.93,2021-11-26,5.93,220.72
20211129,H20955,中证红利低波动100全收益指数,红利低波100全收益,CSI Dividend Low Volatility 100 Total Return Index,Dividend Low Volatility100 TRI,,,,14954.82,-45.79,-0.31,3177154392.0,243.3,100.0,5.9,2021-11-29,5.9,243.3
20211130,H20955,中证红利低波动100全收益指数,红利低波100全收益,CSI Dividend Low Volatility 100 Total Return Index,Dividend Low Volatility100 TRI,,,,14945.93,-8.89,-0.06,2912701458.0,232.16,100.0,5.89,2021-11-30,5.89,232.16
20211201,H20955,中证红利低波动100全收益指数,红利低波100全收益,CSI Dividend Low Volatility 100 Total Return Index,Dividend Low Volatility100 TRI,,,,15119.95,174.02,1.16,2904422411.0,231.06,100.0,5.96,2021-12-01,5.96,231.06
20211202,H20955,中证红利低波动100全收益指数,红利低波100全收益,CSI Dividend Low Volatility 100 Total Return Index,Dividend Low Volatility100 TRI,,,,15189.12,69.17,0.46,3526665323.0,302.17,100.0,5.99,2021-12-02,5.99,302.17
20211203,H20955,中证红利低波动100全收益指数,红利低波100全收益,CSI Dividend Low Volatility 100 Total Return Index,Dividend Low Volatility100 TRI,,,,15353.92,164.8,1.08,3677791561.0,302.39,100.0,6.05,2021-12-03,6.05,302.39
20211206,H20955,中证红利低波动100全收益指数,红利低波100全收益,CSI Dividend Low Volatility 100 Total Return Index,Dividend Low Volatility100 TRI,,,,15328.93,-24.98,-0.16,4493254818.0,382.05,100.0,6.05,2021-12-06,6.05,382.05
20211207,H20955,中证红利低波动100全收益指数,红利低波100全收益,CSI Dividend Low Volatility 100 Total Return Index,Dividend Low Volatility100 TRI,,,,15491.43,162.5,1.06,4678567147.0,410.19,100.0,6.11,2021-12-07,6.11,410.19
20211208,H20955,中证红利低波动100全收益指数,红利低波100全收益,CSI Dividend Low Volatility 100 Total Return Index,Dividend Low Volatility100 TRI,,,,15542.07,50.63,0.33,3800632521.0,321.44,100.0,6.1,2021-12-08,6.1,321.44
20211209,H20955,中证红利低波动100全收益指数,红利低波100全收益,CSI Dividend Low Volatility 100 Total Return Index,Dividend Low Volatility100 TRI,,,,15647.16,105.09,0.68,4775783741.0,424.43,100.0,6.15,2021-12-09,6.15,424.43
20211210,H20955,中证红利低波动100全收益指数,红利低波100全收益,CSI Dividend Low Volatility 100 Total Return Index,Dividend Low Volatility100 TRI,,,,15515.69,-131.46,-0.84,4672389760.0,358.39,100.0,6.1,2021-12-10,6.1,358.39
20211213,H20955,中证红利低波动100全收益指数,红利低波100全收益,CSI Dividend Low Volatility 100 Total Return Index,Dividend Low Volatility100 TRI,,,,15521.59,5.89,0.04,4245697901.0,347.25,100.0,5.8,2021-12-13,5.8,347.25
20211214,H20955,中证红利低波动100全收益指数,红利低波100全收益,CSI Dividend Low Volatility 100 Total Return Index,Dividend Low Volatility100 TRI,,,,15432.59,-89.0,-0.57,3511079929.0,264.88,100.0,5.78,2021-12-14,5.78,264.88
20211215,H20955,中证红利低波动100全收益指数,红利低波100全收益,CSI Dividend Low Volatility 100 Total Return Index,Dividend Low Volatility100 TRI,,,,15474.33,41.74,0.27,3049887417.0,216.82,100.0,5.78,2021-12-15,5.78,216.82
20211216,H20955,中证红利低波动100全收益指数,红利低波100全收益,CSI Dividend Low Volatility 100 Total Return Index,Dividend Low Volatility100 TRI,,,,15602.61,128.28,0.83,2983680701.0,216.86,100.0,5.82,2021-12-16,5.82,216.86
20211217,H20955,中证红利低波动100全收益指数,红利低波100全收益,CSI Dividend Low Volatility 100 Total Return Index,Dividend Low Volatility100 TRI,,,,15591.2,-11.41,-0.07,3102701307.0,230.61,100.0,5.8,2021-12-17,5.8,230.61
20211220,H20955,中证红利低波动100全收益指数,红利低波100全收益,CSI Dividend Low Volatility 100 Total Return Index,Dividend Low Volatility100 TRI,,,,15679.65,88.45,0.57,3632644645.0,259.75,100.0,5.8,2021-12-20,5.8,259.75
20211221,H20955,中证红利低波动100全收益指数,红利低波100全收益,CSI Dividend Low Volatility 100 Total Return Index,Dividend Low Volatility100 TRI,,,,15962.96,283.32,1.81,4507683900.0,288.5,100.0,5.85,2021-12-21,5.85,288.5
20211222,H20955,中证红利低波动100全收益指数,红利低波100全收益,CSI Dividend Low Volatility 100 Total Return Index,Dividend Low Volatility100 TRI,,,,15896.68,-66.28,-0.42,3689528461.0,241.69,100.0,5.83,2021-12-22,5.83,241.69
20211223,H20955,中证红利低波动100全收益指数,红利低波100全收益,CSI Dividend Low Volatility 100 Total Return Index,Dividend Low Volatility100 TRI,,,,15828.61,-68.08,-0.43,2861854980.0,198.11,100.0,5.86,2021-12-23,5.86,198.11
20211224,H20955,中证红利低波动100全收益指数,红利低波100全收益,CSI Dividend Low Volatility 100 Total Return Index,Dividend Low Volatility100 TRI,,,,15800.22,-28.39,-0.18,2713405343.0,202.78,100.0,5.84,2021-12-24,5.84,202.78
20211227,H20955,中证红利低波动100全收益指数,红利低波100全收益,CSI Dividend Low Volatility 100 Total Return Index,Dividend Low Volatility100 TRI,,,,15940.58,140.37,0.89,2781993046.0,243.7,100.0,5.86,2021-12-27,5.86,243.7
20211228,H20955,中证红利低波动100全收益指数,红利低波100全收益,CSI Dividend Low Volatility 100 Total Return Index,Dividend Low Volatility100 TRI,,,,15875.04,-65.54,-0.41,3223196877.0,266.85,100.0,5.87,2021-12-28,5.87,266.85
20211229,H20955,中证红利低波动100全收益指数,红利低波100全收益,CSI Dividend Low Volatility 100 Total Return Index,Dividend Low Volatility100 TRI,,,,15836.8,-38.24,-0.24,2382727317.0,190.45,100.0,5.85,2021-12-29,5.85,190.45
20211230,H20955,中证红利低波动100全收益指数,红利低波100全收益,CSI Dividend Low Volatility 100 Total Return Index,Dividend Low Volatility100 TRI,,,,15949.94,113.14,0.71,2860798193.0,229.89,100.0,5.85,2021-12-30,5.85,229.89
20211231,H20955,中证红利低波动100全收益指数,红利低波100全收益,CSI Dividend Low Volatility 100 Total Return Index,Dividend Low Volatility100 TRI,,,,16176.22,226.27,1.42,3121413738.0,263.64,100.0,5.87,2021-12-31,5.87,263.64
20220104,H20955,中证红利低波动100全收益指数,红利低波100全收益,CSI Dividend Low Volatility 100 Total Return Index,Dividend Low Volatility100 TRI,,,,16511.28,335.06,2.07,4359884728.0,354.46,100.0,5.92,2022-01-04,5.92,354.46
20220105,H20955,中证红利低波动100全收益指数,红利低波100全收益,CSI Dividend Low Volatility 100 Total Return Index,Dividend Low Volatility100 TRI,,,,16441.73,-69.55,-0.42,5495024245.0,466.59,100.0,5.95,2022-01-05,5.95,466.59
20220106,H20955,中证红利低波动100全收益指数,红利低波100全收益,CSI Dividend Low Volatility 100 Total Return Index,Dividend Low Volatility100 TRI,,,,16579.13,137.41,0.84,4823226789.0,382.52,100.0,5.94,2022-01-06,5.94,382.52
20220107,H20955,中证红利低波动100全收益指数,红利低波100全收益,CSI Dividend Low Volatility 100 Total Return Index,Dividend Low Volatility100 TRI,,,,16672.7,93.57,0.56,6727649422.0,524.73,100.0,6.05,2022-01-07,6.05,524.73
20220110,H20955,中证红利低波动100全收益指数,红利低波100全收益,CSI Dividend Low Volatility 100 Total Return Index,Dividend Low Volatility100 TRI,,,,16816.89,144.2,0.86,5609645053.0,417.36,100.0,6.08,2022-01-10,6.08,417.36
20220111,H20955,中证红利低波动100全收益指数,红利低波100全收益,CSI Dividend Low Volatility 100 Total Return Index,Dividend Low Volatility100 TRI,,,,16865.26,48.36,0.29,5266554515.0,391.42,100.0,6.08,2022-01-11,6.08,391.42
20220112,H20955,中证红利低波动100全收益指数,红利低波100全收益,CSI Dividend Low Volatility 100 Total Return Index,Dividend Low Volatility100 TRI,,,,16751.69,-113.57,-0.67,4755314345.0,346.79,100.0,6.05,2022-01-12,6.05,346.79
20220113,H20955,中证红利低波动100全收益指数,红利低波100全收益,CSI Dividend Low Volatility 100 Total Return Index,Dividend Low Volatility100 TRI,,,,16649.55,-102.13,-0.61,4960289624.0,362.28,100.0,6.07,2022-01-13,6.07,362.28
20220114,H20955,中证红利低波动100全收益指数,红利低波100全收益,CSI Dividend Low Volatility 100 Total Return Index,Dividend Low Volatility100 TRI,,,,16444.95,-204.61,-1.23,5105737285.0,378.14,100.0,5.97,2022-01-14,5.97,378.14
20220117,H20955,中证红利低波动100全收益指数,红利低波100全收益,CSI Dividend Low Volatility 100 Total Return Index,Dividend Low Volatility100 TRI,,,,16523.67,78.72,0.48,3478466681.0,281.16,100.0,5.97,2022-01-17,5.97,281.16
20220118,H20955,中证红利低波动100全收益指数,红利低波100全收益,CSI Dividend Low Volatility 100 Total Return Index,Dividend Low Volatility100 TRI,,,,16623.47,99.81,0.6,5254936949.0,396.34,100.0,6.07,2022-01-18,6.07,396.34
20220119,H20955,中证红利低波动100全收益指数,红利低波100全收益,CSI Dividend Low Volatility 100 Total Return Index,Dividend Low Volatility100 TRI,,,,16714.77,91.3,0.55,4922323921.0,382.85,100.0,6.08,2022-01-19,6.08,382.85
20220120,H20955,中证红利低波动100全收益指数,红利低波100全收益,CSI Dividend Low Volatility 100 Total Return Index,Dividend Low Volatility100 TRI,,,,16663.22,-51.55,-0.31,5952604234.0,495.29,100.0,6.12,2022-01-20,6.12,495.29
20220121,H20955,中证红利低波动100全收益指数,红利低波100全收益,CSI Dividend Low Volatility 100 Total Return Index,Dividend Low Volatility100 TRI,,,,16473.58,-189.64,-1.14,4164829263.0,348.65,100.0,6.05,2022-01-21,6.05,348.65
20220124,H20955,中证红利低波动100全收益指数,红利低波100全收益,CSI Dividend Low Volatility 100 Total Return Index,Dividend Low Volatility100 TRI,,,,16395.04,-78.54,-0.48,3915991558.0,292.19,100.0,6.06,2022-01-24,6.06,292.19
20220125,H20955,中证红利低波动100全收益指数,红利低波100全收益,CSI Dividend Low Volatility 100 Total Return Index,Dividend Low Volatility100 TRI,,,,15881.77,-513.27,-3.13,4053120279.0,310.35,100.0,5.94,2022-01-25,5.94,310.35
20220126,H20955,中证红利低波动100全收益指数,红利低波100全收益,CSI Dividend Low Volatility 100 Total Return Index,Dividend Low Volatility100 TRI,,,,16000.93,119.17,0.75,3262520709.0,241.63,100.0,5.99,2022-01-26,5.99,241.63
20220127,H20955,中证红利低波动100全收益指数,红利低波100全收益,CSI Dividend Low Volatility 100 Total Return Index,Dividend Low Volatility100 TRI,,,,15781.49,-219.44,-1.37,3600649406.0,276.58,100.0,5.94,2022-01-27,5.94,276.58
20220128,H20955,中证红利低波动100全收益指数,红利低波100全收益,CSI Dividend Low Volatility 100 Total Return Index,Dividend Low Volatility100 TRI,,,,15762.34,-19.15,-0.12,3996938024.0,284.62,100.0,5.89,2022-01-28,5.89,284.62
20220207,H20955,中证红利低波动100全收益指数,红利低波100全收益,CSI Dividend Low Volatility 100 Total Return Index,Dividend Low Volatility100 TRI,,,,16126.2,363.86,2.31,5233386389.0,361.65,100.0,6.06,2022-02-07,6.06,361.65
20220208,H20955,中证红利低波动100全收益指数,红利低波100全收益,CSI Dividend Low Volatility 100 Total Return Index,Dividend Low Volatility100 TRI,,,,16496.4,370.19,2.3,6414754008.0,425.93,100.0,6.18,2022-02-08,6.18,425.93
20220209,H20955,中证红利低波动100全收益指数,红利低波100全收益,CSI Dividend Low Volatility 100 Total Return Index,Dividend Low Volatility100 TRI,,,,16645.8,149.4,0.91,5205481132.0,373.94,100.0,6.17,2022-02-09,6.17,373.94
20220210,H20955,中证红利低波动100全收益指数,红利低波100全收益,CSI Dividend Low Volatility 100 Total Return Index,Dividend Low Volatility100 TRI,,,,16788.96,143.17,0.86,4664414243.0,360.84,100.0,6.23,2022-02-10,6.23,360.84
20220211,H20955,中证红利低波动100全收益指数,红利低波100全收益,CSI Dividend Low Volatility 100 Total Return Index,Dividend Low Volatility100 TRI,,,,16669.97,-118.99,-0.71,5625755924.0,461.68,100.0,6.28,2022-02-11,6.28,461.68
20220214,H20955,中证红利低波动100全收益指数,红利低波100全收益,CSI Dividend Low Volatility 100 Total Return Index,Dividend Low Volatility100 TRI,,,,16457.42,-212.54,-1.28,5019792131.0,384.01,100.0,6.19,2022-02-14,6.19,384.01
20220215,H20955,中证红利低波动100全收益指数,红利低波100全收益,CSI Dividend Low Volatility 100 Total Return Index,Dividend Low Volatility100 TRI,,,,16420.58,-36.84,-0.22,3957624411.0,289.86,100.0,6.13,2022-02-15,6.13,289.86
20220216,H20955,中证红利低波动100全收益指数,红利低波100全收益,CSI Dividend Low Volatility 100 Total Return Index,Dividend Low Volatility100 TRI,,,,16531.6,111.02,0.68,3449238515.0,258.77,100.0,6.16,2022-02-16,6.16,258.77
20220217,H20955,中证红利低波动100全收益指数,红利低波100全收益,CSI Dividend Low Volatility 100 Total Return Index,Dividend Low Volatility100 TRI,,,,16385.82,-145.78,-0.88,3394798290.0,250.93,100.0,6.15,2022-02-17,6.15,250.93
20220218,H20955,中证红利低波动100全收益指数,红利低波100全收益,CSI Dividend Low Volatility 100 Total Return Index,Dividend Low Volatility100 TRI,,,,16664.76,278.94,1.7,4177851704.0,284.59,100.0,6.2,2022-02-18,6.2,284.59
20220221,H20955,中证红利低波动100全收益指数,红利低波100全收益,CSI Dividend Low Volatility 100 Total Return Index,Dividend Low Volatility100 TRI,,,,16717.3,52.54,0.32,3807416893.0,268.23,100.0,6.18,2022-02-21,6.18,268.23
20220222,H20955,中证红利低波动100全收益指数,红利低波100全收益,CSI Dividend Low Volatility 100 Total Return Index,Dividend Low Volatility100 TRI,,,,16495.01,-222.29,-1.33,4184809448.0,307.64,100.0,6.15,2022-02-22,6.15,307.64
20220223,H20955,中证红利低波动100全收益指数,红利低波100全收益,CSI Dividend Low Volatility 100 Total Return Index,Dividend Low Volatility100 TRI,,,,16447.98,-47.03,-0.29,4204700752.0,288.08,100.0,6.11,2022-02-23,6.11,288.08
20220224,H20955,中证红利低波动100全收益指数,红利低波100全收益,CSI Dividend Low Volatility 100 Total Return Index,Dividend Low Volatility100 TRI,,,,16118.4,-329.57,-2.0,5968634258.0,425.27,100.0,6.05,2022-02-24,6.05,425.27
20220225,H20955,中证红利低波动100全收益指数,红利低波100全收益,CSI Dividend Low Volatility 100 Total Return Index,Dividend Low Volatility100 TRI,,,,16140.13,21.73,0.13,4684771099.0,316.38,100.0,6.02,2022-02-25,6.02,316.38
20220228,H20955,中证红利低波动100全收益指数,红利低波100全收益,CSI Dividend Low Volatility 100 Total Return Index,Dividend Low Volatility100 TRI,,,,16100.44,-39.69,-0.25,3732977269.0,274.84,100.0,6.02,2022-02-28,6.02,274.84
20220301,H20955,中证红利低波动100全收益指数,红利低波100全收益,CSI Dividend Low Volatility 100 Total Return Index,Dividend Low Volatility100 TRI,,,,16211.22,110.78,0.69,3638839124.0,256.1,100.0,6.06,2022-03-01,6.06,256.1
20220302,H20955,中证红利低波动100全收益指数,红利低波100全收益,CSI Dividend Low Volatility 100 Total Return Index,Dividend Low Volatility100 TRI,,,,16330.5,119.28,0.74,3617409527.0,247.78,100.0,6.08,2022-03-02,6.08,247.78
20220303,H20955,中证红利低波动100全收益指数,红利低波100全收益,CSI Dividend Low Volatility 100 Total Return Index,Dividend Low Volatility100 TRI,,,,16557.35,226.85,1.39,4992511608.0,339.74,100.0,6.15,2022-03-03,6.15,339.74
20220304,H20955,中证红利低波动100全收益指数,红利低波100全收益,CSI Dividend Low Volatility 100 Total Return Index,Dividend Low Volatility100 TRI,,,,16441.59,-115.76,-0.7,4069199317.0,292.81,100.0,6.1,2022-03-04,6.1,292.81
20220307,H20955,中证红利低波动100全收益指数,红利低波100全收益,CSI Dividend Low Volatility 100 Total Return Index,Dividend Low Volatility100 TRI,,,,16351.5,-90.09,-0.55,4819060966.0,350.35,100.0,6.07,2022-03-07,6.07,350.35
20220308,H20955,中证红利低波动100全收益指数,红利低波100全收益,CSI Dividend Low Volatility 100 Total Return Index,Dividend Low Volatility100 TRI,,,,15893.72,-457.78,-2.8,5213580604.0,401.37,100.0,5.97,2022-03-08,5.97,401.37
20220309,H20955,中证红利低波动100全收益指数,红利低波100全收益,CSI Dividend Low Volatility 100 Total Return Index,Dividend Low Volatility100 TRI,,,,15659.68,-234.04,-1.47,6179742265.0,441.68,100.0,5.88,2022-03-09,5.88,441.68
20220310,H20955,中证红利低波动100全收益指数,红利低波100全收益,CSI Dividend Low Volatility 100 Total Return Index,Dividend Low Volatility100 TRI,,,,15917.2,257.52,1.64,4286291575.0,314.76,100.0,5.88,2022-03-10,5.88,314.76
20220311,H20955,中证红利低波动100全收益指数,红利低波100全收益,CSI Dividend Low Volatility 100 Total Return Index,Dividend Low Volatility100 TRI,,,,16070.61,153.41,0.96,4848123768.0,354.6,100.0,5.9,2022-03-11,5.9,354.6
20220314,H20955,中证红利低波动100全收益指数,红利低波100全收益,CSI Dividend Low Volatility 100 Total Return Index,Dividend Low Volatility100 TRI,,,,15866.09,-204.52,-1.27,3714198174.0,247.2,100.0,5.99,2022-03-14,5.99,247.2
20220315,H20955,中证红利低波动100全收益指数,红利低波100全收益,CSI Dividend Low Volatility 100 Total Return Index,Dividend Low Volatility100 TRI,,,,15097.13,-768.95,-4.85,6609269141.0,475.77,100.0,5.74,2022-03-15,5.74,475.77
20220316,H20955,中证红利低波动100全收益指数,红利低波100全收益,CSI Dividend Low Volatility 100 Total Return Index,Dividend Low Volatility100 TRI,,,,15495.55,398.42,2.64,5501524992.0,394.19,100.0,5.85,2022-03-16,5.85,394.19
20220317,H20955,中证红利低波动100全收益指数,红利低波100全收益,CSI Dividend Low Volatility 100 Total Return Index,Dividend Low Volatility100 TRI,,,,15660.97,165.41,1.07,4809114272.0,358.0,100.0,5.87,2022-03-17,5.87,358.0
20220318,H20955,中证红利低波动100全收益指数,红利低波100全收益,CSI Dividend Low Volatility 100 Total Return Index,Dividend Low Volatility100 TRI,,,,16019.54,358.58,2.29,5198486530.0,430.6,100.0,5.97,2022-03-18,5.97,430.6
20220321,H20955,中证红利低波动100全收益指数,红利低波100全收益,CSI Dividend Low Volatility 100 Total Return Index,Dividend Low Volatility100 TRI,,,,16101.27,81.73,0.51,3882911059.0,334.88,100.0,5.93,2022-03-21,5.93,334.88
20220322,H20955,中证红利低波动100全收益指数,红利低波100全收益,CSI Dividend Low Volatility 100 Total Return Index,Dividend Low Volatility100 TRI,,,,16299.63,198.36,1.23,4991812684.0,422.76,100.0,6.02,2022-03-22,6.02,422.76
20220323,H20955,中证红利低波动100全收益指数,红利低波100全收益,CSI Dividend Low Volatility 100 Total Return Index,Dividend Low Volatility100 TRI,,,,16286.78,-12.85,-0.08,4376645506.0,361.02,100.0,6.02,2022-03-23,6.02,361.02
20220324,H20955,中证红利低波动100全收益指数,红利低波100全收益,CSI Dividend Low Volatility 100 Total Return Index,Dividend Low Volatility100 TRI,,,,16274.63,-12.15,-0.07,3785680623.0,337.28,100.0,6.02,2022-03-24,6.02,337.28
20220325,H20955,中证红利低波动100全收益指数,红利低波100全收益,CSI Dividend Low Volatility 100 Total Return Index,Dividend Low Volatility100 TRI,,,,16277.78,3.15,0.02,4269285746.0,383.62,100.0,6.01,2022-03-25,6.01,383.62
20220328,H20955,中证红利低波动100全收益指数,红利低波100全收益,CSI Dividend Low Volatility 100 Total Return Index,Dividend Low Volatility100 TRI,,,,16489.58,211.8,1.3,5307896843.0,398.9,100.0,6.1,2022-03-28,6.1,398.9
20220329,H20955,中证红利低波动100全收益指数,红利低波100全收益,CSI Dividend Low Volatility 100 Total Return Index,Dividend Low Volatility100 TRI,,,,16452.44,-37.14,-0.23,4191837639.0,354.44,100.0,6.11,2022-03-29,6.11,354.44
20220330,H20955,中证红利低波动100全收益指数,红利低波100全收益,CSI Dividend Low Volatility 100 Total Return Index,Dividend Low Volatility100 TRI,,,,16784.29,331.85,2.02,5347358037.0,404.96,100.0,6.17,2022-03-30,6.17,404.96
20220331,H20955,中证红利低波动100全收益指数,红利低波100全收益,CSI Dividend Low Volatility 100 Total Return Index,Dividend Low Volatility100 TRI,,,,16875.84,91.55,0.55,6651130191.0,526.44,100.0,6.21,2022-03-31,6.21,526.44
20220401,H20955,中证红利低波动100全收益指数,红利低波100全收益,CSI Dividend Low Volatility 100 Total Return Index,Dividend Low Volatility100 TRI,,,,17097.07,221.23,1.31,6359530933.0,474.25,100.0,6.25,2022-04-01,6.25,474.25
20220406,H20955,中证红利低波动100全收益指数,红利低波100全收益,CSI Dividend Low Volatility 100 Total Return Index,Dividend Low Volatility100 TRI,,,,17410.07,313.0,1.83,7821717761.0,547.2,100.0,6.34,2022-04-06,6.34,547.2
20220407,H20955,中证红利低波动100全收益指数,红利低波100全收益,CSI Dividend Low Volatility 100 Total Return Index,Dividend Low Volatility100 TRI,,,,16967.5,-442.57,-2.54,6307111354.0,452.56,100.0,6.27,2022-04-07,6.27,452.56
20220408,H20955,中证红利低波动100全收益指数,红利低波100全收益,CSI Dividend Low Volatility 100 Total Return Index,Dividend Low Volatility100 TRI,,,,17086.09,118.58,0.7,5931568121.0,421.04,100.0,6.32,2022-04-08,6.32,421.04
20220411,H20955,中证红利低波动100全收益指数,红利低波100全收益,CSI Dividend Low Volatility 100 Total Return Index,Dividend Low Volatility100 TRI,,,,16800.43,-285.65,-1.67,5775616325.0,421.25,100.0,6.24,2022-04-11,6.24,421.25
20220412,H20955,中证红利低波动100全收益指数,红利低波100全收益,CSI Dividend Low Volatility 100 Total Return Index,Dividend Low Volatility100 TRI,,,,16956.18,155.75,0.93,5807147936.0,424.31,100.0,6.27,2022-04-12,6.27,424.31
20220413,H20955,中证红利低波动100全收益指数,红利低波100全收益,CSI Dividend Low Volatility 100 Total Return Index,Dividend Low Volatility100 TRI,,,,16750.13,-206.05,-1.22,4942954798.0,358.57,100.0,6.24,2022-04-13,6.24,358.57
20220414,H20955,中证红利低波动100全收益指数,红利低波100全收益,CSI Dividend Low Volatility 100 Total Return Index,Dividend Low Volatility100 TRI,,,,16925.79,175.66,1.05,4318441534.0,329.1,100.0,6.27,2022-04-14,6.27,329.1
20220415,H20955,中证红利低波动100全收益指数,红利低波100全收益,CSI Dividend Low Volatility 100 Total Return Index,Dividend Low Volatility100 TRI,,,,16865.55,-60.24,-0.36,4710872046.0,359.05,100.0,6.27,2022-04-15,6.27,359.05
20220418,H20955,中证红利低波动100全收益指数,红利低波100全收益,CSI Dividend Low Volatility 100 Total Return Index,Dividend Low Volatility100 TRI,,,,16721.36,-144.19,-0.85,4640861813.0,348.58,100.0,6.18,2022-04-18,6.18,348.58
20220419,H20955,中证红利低波动100全收益指数,红利低波100全收益,CSI Dividend Low Volatility 100 Total Return Index,Dividend Low Volatility100 TRI,,,,16869.0,147.65,0.88,4136955587.0,313.39,100.0,6.23,2022-04-19,6.23,313.39
20220420,H20955,中证红利低波动100全收益指数,红利低波100全收益,CSI Dividend Low Volatility 100 Total Return Index,Dividend Low Volatility100 TRI,,,,16542.28,-326.73,-1.94,4465078648.0,338.66,100.0,6.17,2022-04-20,6.17,338.66
20220421,H20955,中证红利低波动100全收益指数,红利低波100全收益,CSI Dividend Low Volatility 100 Total Return Index,Dividend Low Volatility100 TRI,,,,16228.57,-313.71,-1.9,5099111258.0,371.11,100.0,6.11,2022-04-21,6.11,371.11
20220422,H20955,中证红利低波动100全收益指数,红利低波100全收益,CSI Dividend Low Volatility 100 Total Return Index,Dividend Low Volatility100 TRI,,,,16360.62,132.05,0.81,4803075633.0,348.26,100.0,6.19,2022-04-22,6.19,348.26
20220425,H20955,中证红利低波动100全收益指数,红利低波100全收益,CSI Dividend Low Volatility 100 Total Return Index,Dividend Low Volatility100 TRI,,,,15678.97,-681.66,-4.17,6276448690.0,435.44,100.0,6.0,2022-04-25,6.0,435.44
20220426,H20955,中证红利低波动100全收益指数,红利低波100全收益,CSI Dividend Low Volatility 100 Total Return Index,Dividend Low Volatility100 TRI,,,,15484.51,-194.46,-1.24,5618883294.0,388.08,100.0,5.98,2022-04-26,5.98,388.08
20220427,H20955,中证红利低波动100全收益指数,红利低波100全收益,CSI Dividend Low Volatility 100 Total Return Index,Dividend Low Volatility100 TRI,,,,15613.39,128.88,0.83,6132817407.0,419.62,100.0,5.98,2022-04-27,5.98,419.62
20220428,H20955,中证红利低波动100全收益指数,红利低波100全收益,CSI Dividend Low Volatility 100 Total Return Index,Dividend Low Volatility100 TRI,,,,15741.58,128.19,0.82,5830348246.0,403.36,100.0,6.05,2022-04-28,6.05,403.36
20220429,H20955,中证红利低波动100全收益指数,红利低波100全收益,CSI Dividend Low Volatility 100 Total Return Index,Dividend Low Volatility100 TRI,,,,16089.62,348.04,2.21,6496608511.0,475.73,100.0,6.11,2022-04-29,6.11,475.73
20220505,H20955,中证红利低波动100全收益指数,红利低波100全收益,CSI Dividend Low Volatility 100 Total Return Index,Dividend Low Volatility100 TRI,,,,16259.37,169.75,1.06,6091844887.0,469.24,100.0,6.06,2022-05-05,6.06,469.24
20220506,H20955,中证红利低波动100全收益指数,红利低波100全收益,CSI Dividend Low Volatility 100 Total Return Index,Dividend Low Volatility100 TRI,,,,15904.7,-354.67,-2.18,4881825370.0,363.09,100.0,5.95,2022-05-06,5.95,363.09
20220509,H20955,中证红利低波动100全收益指数,红利低波100全收益,CSI Dividend Low Volatility 100 Total Return Index,Dividend Low Volatility100 TRI,,,,16109.81,205.11,1.29,4012714791.0,312.18,100.0,5.97,2022-05-09,5.97,312.18
20220510,H20955,中证红利低波动100全收益指数,红利低波100全收益,CSI Dividend Low Volatility 100 Total Return Index,Dividend Low Volatility100 TRI,,,,16294.25,184.45,1.14,5187887601.0,378.29,100.0,5.99,2022-05-10,5.99,378.29
20220511,H20955,中证红利低波动100全收益指数,红利低波100全收益,CSI Dividend Low Volatility 100 Total Return Index,Dividend Low Volatility100 TRI,,,,16241.82,-52.43,-0.32,5394425982.0,459.14,100.0,5.96,2022-05-11,5.96,459.14
20220512,H20955,中证红利低波动100全收益指数,红利低波100全收益,CSI Dividend Low Volatility 100 Total Return Index,Dividend Low Volatility100 TRI,,,,16216.35,-25.48,-0.16,4442030160.0,382.42,100.0,5.92,2022-05-12,5.92,382.42
20220513,H20955,中证红利低波动100全收益指数,红利低波100全收益,CSI Dividend Low Volatility 100 Total Return Index,Dividend Low Volatility100 TRI,,,,16443.78,227.44,1.4,4690745508.0,386.3,100.0,6.0,2022-05-13,6.0,386.3
20220516,H20955,中证红利低波动100全收益指数,红利低波100全收益,CSI Dividend Low Volatility 100 Total Return Index,Dividend Low Volatility100 TRI,,,,16455.88,12.1,0.07,4578942118.0,363.82,100.0,5.97,2022-05-16,5.97,363.82
20220517,H20955,中证红利低波动100全收益指数,红利低波100全收益,CSI Dividend Low Volatility 100 Total Return Index,Dividend Low Volatility100 TRI,,,,16250.32,-205.56,-1.25,4511724656.0,323.66,100.0,5.96,2022-05-17,5.96,323.66
20220518,H20955,中证红利低波动100全收益指数,红利低波100全收益,CSI Dividend Low Volatility 100 Total Return Index,Dividend Low Volatility100 TRI,,,,16159.42,-90.9,-0.56,3713485186.0,278.74,100.0,5.92,2022-05-18,5.92,278.74
20220519,H20955,中证红利低波动100全收益指数,红利低波100全收益,CSI Dividend Low Volatility 100 Total Return Index,Dividend Low Volatility100 TRI,,,,16273.57,114.15,0.71,4144756183.0,306.96,100.0,5.93,2022-05-19,5.93,306.96
20220520,H20955,中证红利低波动100全收益指数,红利低波100全收益,CSI Dividend Low Volatility 100 Total Return Index,Dividend Low Volatility100 TRI,,,,16336.42,62.84,0.39,4412655687.0,343.24,100.0,5.97,2022-05-20,5.97,343.24
20220523,H20955,中证红利低波动100全收益指数,红利低波100全收益,CSI Dividend Low Volatility 100 Total Return Index,Dividend Low Volatility100 TRI,,,,16302.01,-34.4,-0.21,3787557073.0,292.01,100.0,5.95,2022-05-23,5.95,292.01
20220524,H20955,中证红利低波动100全收益指数,红利低波100全收益,CSI Dividend Low Volatility 100 Total Return Index,Dividend Low Volatility100 TRI,,,,15860.03,-441.98,-2.71,4493636398.0,333.24,100.0,5.9,2022-05-24,5.9,333.24
20220525,H20955,中证红利低波动100全收益指数,红利低波100全收益,CSI Dividend Low Volatility 100 Total Return Index,Dividend Low Volatility100 TRI,,,,16152.53,292.5,1.84,3610525672.0,269.84,100.0,5.95,2022-05-25,5.95,269.84
20220526,H20955,中证红利低波动100全收益指数,红利低波100全收益,CSI Dividend Low Volatility 100 Total Return Index,Dividend Low Volatility100 TRI,,,,16310.35,157.82,0.98,3960772500.0,301.69,100.0,5.98,2022-05-26,5.98,301.69
20220527,H20955,中证红利低波动100全收益指数,红利低波100全收益,CSI Dividend Low Volatility 100 Total Return Index,Dividend Low Volatility100 TRI,,,,16356.54,46.19,0.28,4019705456.0,311.01,100.0,6.01,2022-05-27,6.01,311.01
20220530,H20955,中证红利低波动100全收益指数,红利低波100全收益,CSI Dividend Low Volatility 100 Total Return Index,Dividend Low Volatility100 TRI,,,,16351.83,-4.71,-0.03,4181390272.0,311.19,100.0,5.99,2022-05-30,5.99,311.19
20220531,H20955,中证红利低波动100全收益指数,红利低波100全收益,CSI Dividend Low Volatility 100 Total Return Index,Dividend Low Volatility100 TRI,,,,16354.24,2.41,0.01,4536416723.0,342.85,100.0,6.02,2022-05-31,6.02,342.85
20220601,H20955,中证红利低波动100全收益指数,红利低波100全收益,CSI Dividend Low Volatility 100 Total Return Index,Dividend Low Volatility100 TRI,,,,16320.55,-33.69,-0.21,3969319642.0,296.05,100.0,5.99,2022-06-01,5.99,296.05
20220602,H20955,中证红利低波动100全收益指数,红利低波100全收益,CSI Dividend Low Volatility 100 Total Return Index,Dividend Low Volatility100 TRI,,,,16233.35,-87.2,-0.53,3534016572.0,264.31,100.0,5.97,2022-06-02,5.97,264.31
20220606,H20955,中证红利低波动100全收益指数,红利低波100全收益,CSI Dividend Low Volatility 100 Total Return Index,Dividend Low Volatility100 TRI,,,,16197.94,-35.41,-0.22,5160312701.0,351.71,100.0,5.96,2022-06-06,5.96,351.71
20220607,H20955,中证红利低波动100全收益指数,红利低波100全收益,CSI Dividend Low Volatility 100 Total Return Index,Dividend Low Volatility100 TRI,,,,16258.57,60.63,0.37,4519025586.0,337.2,100.0,5.97,2022-06-07,5.97,337.2
20220608,H20955,中证红利低波动100全收益指数,红利低波100全收益,CSI Dividend Low Volatility 100 Total Return Index,Dividend Low Volatility100 TRI,,,,16234.0,-24.56,-0.15,4322086987.0,325.56,100.0,5.99,2022-06-08,5.99,325.56
20220609,H20955,中证红利低波动100全收益指数,红利低波100全收益,CSI Dividend Low Volatility 100 Total Return Index,Dividend Low Volatility100 TRI,,,,16225.54,-8.47,-0.05,5012798866.0,350.58,100.0,6.02,2022-06-09,6.02,350.58
20220610,H20955,中证红利低波动100全收益指数,红利低波100全收益,CSI Dividend Low Volatility 100 Total Return Index,Dividend Low Volatility100 TRI,,,,16341.99,116.45,0.72,5642262063.0,379.84,100.0,6.05,2022-06-10,6.05,379.84
20220613,H20955,中证红利低波动100全收益指数,红利低波100全收益,CSI Dividend Low Volatility 100 Total Return Index,Dividend Low Volatility100 TRI,,,,16142.98,-199.01,-1.22,4260094667.0,354.61,100.0,5.95,2022-06-13,5.95,354.61
20220614,H20955,中证红利低波动100全收益指数,红利低波100全收益,CSI Dividend Low Volatility 100 Total Return Index,Dividend Low Volatility100 TRI,,,,16386.02,243.04,1.51,4361336472.0,359.53,100.0,6.05,2022-06-14,6.05,359.53
20220615,H20955,中证红利低波动100全收益指数,红利低波100全收益,CSI Dividend Low Volatility 100 Total Return Index,Dividend Low Volatility100 TRI,,,,16568.53,182.51,1.11,7156385982.0,685.73,100.0,6.13,2022-06-15,6.13,685.73
20220616,H20955,中证红利低波动100全收益指数,红利低波100全收益,CSI Dividend Low Volatility 100 Total Return Index,Dividend Low Volatility100 TRI,,,,16365.24,-203.29,-1.23,4554630597.0,402.39,100.0,6.03,2022-06-16,6.03,402.39
20220617,H20955,中证红利低波动100全收益指数,红利低波100全收益,CSI Dividend Low Volatility 100 Total Return Index,Dividend Low Volatility100 TRI,,,,16378.33,13.09,0.08,3661592518.0,326.81,100.0,6.05,2022-06-17,6.05,326.81
20220620,H20955,中证红利低波动100全收益指数,红利低波100全收益,CSI Dividend Low Volatility 100 Total Return Index,Dividend Low Volatility100 TRI,,,,16388.25,9.92,0.06,3548787525.0,314.05,100.0,6.01,2022-06-20,6.01,314.05
20220621,H20955,中证红利低波动100全收益指数,红利低波100全收益,CSI Dividend Low Volatility 100 Total Return Index,Dividend Low Volatility100 TRI,,,,16411.22,22.97,0.14,3586167829.0,312.12,100.0,6.05,2022-06-21,6.05,312.12
20220622,H20955,中证红利低波动100全收益指数,红利低波100全收益,CSI Dividend Low Volatility 100 Total Return Index,Dividend Low Volatility100 TRI,,,,16242.23,-169.0,-1.03,3123099439.0,278.58,100.0,5.99,2022-06-22,5.99,278.58
20220623,H20955,中证红利低波动100全收益指数,红利低波100全收益,CSI Dividend Low Volatility 100 Total Return Index,Dividend Low Volatility100 TRI,,,,16445.49,203.27,1.25,3473258087.0,318.02,100.0,6.05,2022-06-23,6.05,318.02
20220624,H20955,中证红利低波动100全收益指数,红利低波100全收益,CSI Dividend Low Volatility 100 Total Return Index,Dividend Low Volatility100 TRI,,,,16466.91,21.42,0.13,3643917727.0,359.79,100.0,6.05,2022-06-24,6.05,359.79
20220627,H20955,中证红利低波动100全收益指数,红利低波100全收益,CSI Dividend Low Volatility 100 Total Return Index,Dividend Low Volatility100 TRI,,,,16459.18,-7.74,-0.05,3963095798.0,364.55,100.0,6.06,2022-06-27,6.06,364.55
20220628,H20955,中证红利低波动100全收益指数,红利低波100全收益,CSI Dividend Low Volatility 100 Total Return Index,Dividend Low Volatility100 TRI,,,,16615.14,155.96,0.95,3601254816.0,312.56,100.0,6.08,2022-06-28,6.08,312.56
20220629,H20955,中证红利低波动100全收益指数,红利低波100全收益,CSI Dividend Low Volatility 100 Total Return Index,Dividend Low Volatility100 TRI,,,,16496.27,-118.87,-0.72,4168710182.0,357.92,100.0,6.07,2022-06-29,6.07,357.92
20220630,H20955,中证红利低波动100全收益指数,红利低波100全收益,CSI Dividend Low Volatility 100 Total Return Index,Dividend Low Volatility100 TRI,,,,16525.27,29.0,0.18,3862305063.0,346.07,100.0,6.08,2022-06-30,6.08,346.07
20220701,H20955,中证红利低波动100全收益指数,红利低波100全收益,CSI Dividend Low Volatility 100 Total Return Index,Dividend Low Volatility100 TRI,,,,16519.26,-6.01,-0.04,3083847161.0,285.85,100.0,6.08,2022-07-01,6.08,285.85
20220704,H20955,中证红利低波动100全收益指数,红利低波100全收益,CSI Dividend Low Volatility 100 Total Return Index,Dividend Low Volatility100 TRI,,,,16523.14,3.88,0.02,3298367457.0,288.47,100.0,6.08,2022-07-04,6.08,288.47
20220705,H20955,中证红利低波动100全收益指数,红利低波100全收益,CSI Dividend Low Volatility 100 Total Return Index,Dividend Low Volatility100 TRI,,,,16486.2,-36.93,-0.22,3224041561.0,287.67,100.0,6.08,2022-07-05,6.08,287.67
20220706,H20955,中证红利低波动100全收益指数,红利低波100全收益,CSI Dividend Low Volatility 100 Total Return Index,Dividend Low Volatility100 TRI,,,,16289.55,-196.66,-1.19,3459072910.0,289.41,100.0,6.02,2022-07-06,6.02,289.41
20220707,H20955,中证红利低波动100全收益指数,红利低波100全收益,CSI Dividend Low Volatility 100 Total Return Index,Dividend Low Volatility100 TRI,,,,16300.06,10.51,0.06,2683217574.0,229.11,100.0,6.0,2022-07-07,6.0,229.11
20220708,H20955,中证红利低波动100全收益指数,红利低波100全收益,CSI Dividend Low Volatility 100 Total Return Index,Dividend Low Volatility100 TRI,,,,16344.34,44.28,0.27,2803603045.0,247.38,100.0,6.02,2022-07-08,6.02,247.38
20220711,H20955,中证红利低波动100全收益指数,红利低波100全收益,CSI Dividend Low Volatility 100 Total Return Index,Dividend Low Volatility100 TRI,,,,16319.96,-24.38,-0.15,3603982970.0,287.82,100.0,6.02,2022-07-11,6.02,287.82
20220712,H20955,中证红利低波动100全收益指数,红利低波100全收益,CSI Dividend Low Volatility 100 Total Return Index,Dividend Low Volatility100 TRI,,,,16376.88,56.92,0.35,4121049254.0,334.25,100.0,5.98,2022-07-12,5.98,334.25
20220713,H20955,中证红利低波动100全收益指数,红利低波100全收益,CSI Dividend Low Volatility 100 Total Return Index,Dividend Low Volatility100 TRI,,,,16402.21,25.33,0.15,4383439731.0,364.57,100.0,5.91,2022-07-13,5.91,364.57
20220714,H20955,中证红利低波动100全收益指数,红利低波100全收益,CSI Dividend Low Volatility 100 Total Return Index,Dividend Low Volatility100 TRI,,,,16221.97,-180.24,-1.1,4817224370.0,432.19,100.0,5.82,2022-07-14,5.82,432.19
20220715,H20955,中证红利低波动100全收益指数,红利低波100全收益,CSI Dividend Low Volatility 100 Total Return Index,Dividend Low Volatility100 TRI,,,,15896.48,-325.49,-2.01,4361570305.0,358.8,100.0,5.64,2022-07-15,5.64,358.8
20220718,H20955,中证红利低波动100全收益指数,红利低波100全收益,CSI Dividend Low Volatility 100 Total Return Index,Dividend Low Volatility100 TRI,,,,16209.48,313.0,1.97,3301505658.0,270.36,100.0,5.73,2022-07-18,5.73,270.36
20220719,H20955,中证红利低波动100全收益指数,红利低波100全收益,CSI Dividend Low Volatility 100 Total Return Index,Dividend Low Volatility100 TRI,,,,16290.32,80.84,0.5,2919119379.0,227.6,100.0,5.76,2022-07-19,5.76,227.6
20220720,H20955,中证红利低波动100全收益指数,红利低波100全收益,CSI Dividend Low Volatility 100 Total Return Index,Dividend Low Volatility100 TRI,,,,16353.77,63.45,0.39,2680147491.0,210.07,100.0,5.78,2022-07-20,5.78,210.07
20220721,H20955,中证红利低波动100全收益指数,红利低波100全收益,CSI Dividend Low Volatility 100 Total Return Index,Dividend Low Volatility100 TRI,,,,16202.39,-151.39,-0.93,2816139635.0,222.98,100.0,5.7,2022-07-21,5.7,222.98
20220722,H20955,中证红利低波动100全收益指数,红利低波100全收益,CSI Dividend Low Volatility 100 Total Return Index,Dividend Low Volatility100 TRI,,,,16219.69,17.31,0.11,2385572172.0,187.64,100.0,5.72,2022-07-22,5.72,187.64
20220725,H20955,中证红利低波动100全收益指数,红利低波100全收益,CSI Dividend Low Volatility 100 Total Return Index,Dividend Low Volatility100 TRI,,,,16150.79,-68.9,-0.42,2001348765.0,161.53,100.0,5.73,2022-07-25,5.73,161.53
20220726,H20955,中证红利低波动100全收益指数,红利低波100全收益,CSI Dividend Low Volatility 100 Total Return Index,Dividend Low Volatility100 TRI,,,,16258.1,107.31,0.66,2320497913.0,177.82,100.0,5.75,2022-07-26,5.75,177.82
20220727,H20955,中证红利低波动100全收益指数,红利低波100全收益,CSI Dividend Low Volatility 100 Total Return Index,Dividend Low Volatility100 TRI,,,,16244.82,-13.28,-0.08,2045183242.0,166.24,100.0,5.72,2022-07-27,5.72,166.24
20220728,H20955,中证红利低波动100全收益指数,红利低波100全收益,CSI Dividend Low Volatility 100 Total Return Index,Dividend Low Volatility100 TRI,,,,16283.88,39.06,0.24,2417149769.0,197.06,100.0,5.71,2022-07-28,5.71,197.06
20220729,H20955,中证红利低波动100全收益指数,红利低波100全收益,CSI Dividend Low Volatility 100 Total Return Index,Dividend Low Volatility100 TRI,,,,16219.8,-64.08,-0.39,2579910316.0,215.86,100.0,5.68,2022-07-29,5.68,215.86
20220801,H20955,中证红利低波动100全收益指数,红利低波100全收益,CSI Dividend Low Volatility 100 Total Return Index,Dividend Low Volatility100 TRI,,,,16199.72,-20.08,-0.12,2490245117.0,207.64,100.0,5.65,2022-08-01,5.65,207.64
20220802,H20955,中证红利低波动100全收益指数,红利低波100全收益,CSI Dividend Low Volatility 100 Total Return Index,Dividend Low Volatility100 TRI,,,,15802.81,-396.91,-2.45,3816914389.0,304.15,100.0,5.57,2022-08-02,5.57,304.15
20220803,H20955,中证红利低波动100全收益指数,红利低波100全收益,CSI Dividend Low Volatility 100 Total Return Index,Dividend Low Volatility100 TRI,,,,15657.24,-145.56,-0.92,2808452800.0,233.35,100.0,5.52,2022-08-03,5.52,233.35
20220804,H20955,中证红利低波动100全收益指数,红利低波100全收益,CSI Dividend Low Volatility 100 Total Return Index,Dividend Low Volatility100 TRI,,,,15746.62,89.38,0.57,2447526796.0,185.03,100.0,5.58,2022-08-04,5.58,185.03
20220805,H20955,中证红利低波动100全收益指数,红利低波100全收益,CSI Dividend Low Volatility 100 Total Return Index,Dividend Low Volatility100 TRI,,,,15901.94,155.31,0.99,2211073853.0,177.45,100.0,5.62,2022-08-05,5.62,177.45
20220808,H20955,中证红利低波动100全收益指数,红利低波100全收益,CSI Dividend Low Volatility 100 Total Return Index,Dividend Low Volatility100 TRI,,,,15937.22,35.28,0.22,2005243322.0,157.99,100.0,5.59,2022-08-08,5.59,157.99
20220809,H20955,中证红利低波动100全收益指数,红利低波100全收益,CSI Dividend Low Volatility 100 Total Return Index,Dividend Low Volatility100 TRI,,,,15896.08,-41.14,-0.26,1670889050.0,134.84,100.0,5.58,2022-08-09,5.58,134.84
20220810,H20955,中证红利低波动100全收益指数,红利低波100全收益,CSI Dividend Low Volatility 100 Total Return Index,Dividend Low Volatility100 TRI,,,,15906.62,10.55,0.07,1717385752.0,148.41,100.0,5.55,2022-08-10,5.55,148.41
20220811,H20955,中证红利低波动100全收益指数,红利低波100全收益,CSI Dividend Low Volatility 100 Total Return Index,Dividend Low Volatility100 TRI,,,,16165.28,258.66,1.63,2779591341.0,244.29,100.0,5.64,2022-08-11,5.64,244.29
20220812,H20955,中证红利低波动100全收益指数,红利低波100全收益,CSI Dividend Low Volatility 100 Total Return Index,Dividend Low Volatility100 TRI,,,,16226.92,61.64,0.38,2714350563.0,207.6,100.0,5.65,2022-08-12,5.65,207.6
20220815,H20955,中证红利低波动100全收益指数,红利低波100全收益,CSI Dividend Low Volatility 100 Total Return Index,Dividend Low Volatility100 TRI,,,,16164.14,-62.78,-0.39,2668207069.0,211.61,100.0,5.61,2022-08-15,5.61,211.61
20220816,H20955,中证红利低波动100全收益指数,红利低波100全收益,CSI Dividend Low Volatility 100 Total Return Index,Dividend Low Volatility100 TRI,,,,16196.9,32.76,0.2,2233196138.0,177.91,100.0,5.6,2022-08-16,5.6,177.91
20220817,H20955,中证红利低波动100全收益指数,红利低波100全收益,CSI Dividend Low Volatility 100 Total Return Index,Dividend Low Volatility100 TRI,,,,16305.56,108.67,0.67,2784877596.0,227.33,100.0,5.64,2022-08-17,5.64,227.33
20220818,H20955,中证红利低波动100全收益指数,红利低波100全收益,CSI Dividend Low Volatility 100 Total Return Index,Dividend Low Volatility100 TRI,,,,16169.7,-135.86,-0.83,2349747271.0,195.59,100.0,5.59,2022-08-18,5.59,195.59
20220819,H20955,中证红利低波动100全收益指数,红利低波100全收益,CSI Dividend Low Volatility 100 Total Return Index,Dividend Low Volatility100 TRI,,,,16162.01,-7.69,-0.05,2465369658.0,197.83,100.0,5.6,2022-08-19,5.6,197.83
20220822,H20955,中证红利低波动100全收益指数,红利低波100全收益,CSI Dividend Low Volatility 100 Total Return Index,Dividend Low Volatility100 TRI,,,,16215.34,53.33,0.33,2299492976.0,190.39,100.0,5.61,2022-08-22,5.61,190.39
20220823,H20955,中证红利低波动100全收益指数,红利低波100全收益,CSI Dividend Low Volatility 100 Total Return Index,Dividend Low Volatility100 TRI,,,,16248.16,32.82,0.2,2616932726.0,210.13,100.0,5.59,2022-08-23,5.59,210.13
20220824,H20955,中证红利低波动100全收益指数,红利低波100全收益,CSI Dividend Low Volatility 100 Total Return Index,Dividend Low Volatility100 TRI,,,,16057.51,-190.64,-1.17,3340936839.0,298.14,100.0,5.57,2022-08-24,5.57,298.14
20220825,H20955,中证红利低波动100全收益指数,红利低波100全收益,CSI Dividend Low Volatility 100 Total Return Index,Dividend Low Volatility100 TRI,,,,16255.98,198.47,1.24,3228207397.0,289.0,100.0,5.64,2022-08-25,5.64,289.0
20220826,H20955,中证红利低波动100全收益指数,红利低波100全收益,CSI Dividend Low Volatility 100 Total Return Index,Dividend Low Volatility100 TRI,,,,16230.4,-25.59,-0.16,2700560873.0,233.09,100.0,5.63,2022-08-26,5.63,233.09
20220829,H20955,中证红利低波动100全收益指数,红利低波100全收益,CSI Dividend Low Volatility 100 Total Return Index,Dividend Low Volatility100 TRI,,,,16263.48,33.09,0.2,2998148200.0,242.98,100.0,5.61,2022-08-29,5.61,242.98
20220830,H20955,中证红利低波动100全收益指数,红利低波100全收益,CSI Dividend Low Volatility 100 Total Return Index,Dividend Low Volatility100 TRI,,,,16346.14,82.66,0.51,2994596048.0,233.68,100.0,5.63,2022-08-30,5.63,233.68
20220831,H20955,中证红利低波动100全收益指数,红利低波100全收益,CSI Dividend Low Volatility 100 Total Return Index,Dividend Low Volatility100 TRI,,,,16259.68,-86.47,-0.53,4082032103.0,383.84,100.0,5.69,2022-08-31,5.69,383.84
20220901,H20955,中证红利低波动100全收益指数,红利低波100全收益,CSI Dividend Low Volatility 100 Total Return Index,Dividend Low Volatility100 TRI,,,,16283.63,23.96,0.15,2901731107.0,266.12,100.0,5.61,2022-09-01,5.61,266.12
20220902,H20955,中证红利低波动100全收益指数,红利低波100全收益,CSI Dividend Low Volatility 100 Total Return Index,Dividend Low Volatility100 TRI,,,,16340.81,57.17,0.35,2611757996.0,217.99,100.0,5.61,2022-09-02,5.61,217.99
20220905,H20955,中证红利低波动100全收益指数,红利低波100全收益,CSI Dividend Low Volatility 100 Total Return Index,Dividend Low Volatility100 TRI,,,,16477.35,136.54,0.84,2702286743.0,215.32,100.0,5.64,2022-09-05,5.64,215.32
20220906,H20955,中证红利低波动100全收益指数,红利低波100全收益,CSI Dividend Low Volatility 100 Total Return Index,Dividend Low Volatility100 TRI,,,,16574.34,96.99,0.59,3044110220.0,249.49,100.0,5.65,2022-09-06,5.65,249.49
20220907,H20955,中证红利低波动100全收益指数,红利低波100全收益,CSI Dividend Low Volatility 100 Total Return Index,Dividend Low Volatility100 TRI,,,,16529.09,-45.25,-0.27,2434052143.0,197.07,100.0,5.63,2022-09-07,5.63,197.07
20220908,H20955,中证红利低波动100全收益指数,红利低波100全收益,CSI Dividend Low Volatility 100 Total Return Index,Dividend Low Volatility100 TRI,,,,16528.29,-0.8,0.0,2366055864.0,183.05,100.0,5.63,2022-09-08,5.63,183.05
20220909,H20955,中证红利低波动100全收益指数,红利低波100全收益,CSI Dividend Low Volatility 100 Total Return Index,Dividend Low Volatility100 TRI,,,,16626.3,98.02,0.59,3322003683.0,309.45,100.0,5.69,2022-09-09,5.69,309.45
20220913,H20955,中证红利低波动100全收益指数,红利低波100全收益,CSI Dividend Low Volatility 100 Total Return Index,Dividend Low Volatility100 TRI,,,,16591.75,-34.55,-0.21,3703238382.0,310.17,100.0,5.84,2022-09-13,5.84,310.17
20220914,H20955,中证红利低波动100全收益指数,红利低波100全收益,CSI Dividend Low Volatility 100 Total Return Index,Dividend Low Volatility100 TRI,,,,16466.19,-125.57,-0.76,3079788235.0,219.29,100.0,5.8,2022-09-14,5.8,219.29
20220915,H20955,中证红利低波动100全收益指数,红利低波100全收益,CSI Dividend Low Volatility 100 Total Return Index,Dividend Low Volatility100 TRI,,,,16449.93,-16.26,-0.1,4463878152.0,341.73,100.0,5.84,2022-09-15,5.84,341.73
20220916,H20955,中证红利低波动100全收益指数,红利低波100全收益,CSI Dividend Low Volatility 100 Total Return Index,Dividend Low Volatility100 TRI,,,,16038.11,-411.83,-2.5,4621649040.0,329.61,100.0,5.72,2022-09-16,5.72,329.61
20220919,H20955,中证红利低波动100全收益指数,红利低波100全收益,CSI Dividend Low Volatility 100 Total Return Index,Dividend Low Volatility100 TRI,,,,15982.59,-55.51,-0.35,3271529328.0,218.44,100.0,5.73,2022-09-19,5.73,218.44
20220920,H20955,中证红利低波动100全收益指数,红利低波100全收益,CSI Dividend Low Volatility 100 Total Return Index,Dividend Low Volatility100 TRI,,,,15966.57,-16.02,-0.1,2756823163.0,194.05,100.0,5.69,2022-09-20,5.69,194.05
20220921,H20955,中证红利低波动100全收益指数,红利低波100全收益,CSI Dividend Low Volatility 100 Total Return Index,Dividend Low Volatility100 TRI,,,,16071.15,104.58,0.65,2891177147.0,195.04,100.0,5.71,2022-09-21,5.71,195.04
20220922,H20955,中证红利低波动100全收益指数,红利低波100全收益,CSI Dividend Low Volatility 100 Total Return Index,Dividend Low Volatility100 TRI,,,,15949.36,-121.79,-0.76,2718165760.0,187.93,100.0,5.7,2022-09-22,5.7,187.93
20220923,H20955,中证红利低波动100全收益指数,红利低波100全收益,CSI Dividend Low Volatility 100 Total Return Index,Dividend Low Volatility100 TRI,,,,15946.27,-3.09,-0.02,3434460275.0,218.9,100.0,5.73,2022-09-23,5.73,218.9
20220926,H20955,中证红利低波动100全收益指数,红利低波100全收益,CSI Dividend Low Volatility 100 Total Return Index,Dividend Low Volatility100 TRI,,,,15608.79,-337.48,-2.12,3721892980.0,236.06,100.0,5.63,2022-09-26,5.63,236.06
20220927,H20955,中证红利低波动100全收益指数,红利低波100全收益,CSI Dividend Low Volatility 100 Total Return Index,Dividend Low Volatility100 TRI,,,,15818.9,210.11,1.35,2827430033.0,197.16,100.0,5.64,2022-09-27,5.64,197.16
20220928,H20955,中证红利低波动100全收益指数,红利低波100全收益,CSI Dividend Low Volatility 100 Total Return Index,Dividend Low Volatility100 TRI,,,,15692.8,-126.1,-0.8,2924567549.0,203.75,100.0,5.63,2022-09-28,5.63,203.75
20220929,H20955,中证红利低波动100全收益指数,红利低波100全收益,CSI Dividend Low Volatility 100 Total Return Index,Dividend Low Volatility100 TRI,,,,15549.08,-143.72,-0.92,3135098096.0,223.03,100.0,5.57,2022-09-29,5.57,223.03
20220930,H20955,中证红利低波动100全收益指数,红利低波100全收益,CSI Dividend Low Volatility 100 Total Return Index,Dividend Low Volatility100 TRI,,,,15599.25,50.17,0.32,2794369479.0,190.16,100.0,5.62,2022-09-30,5.62,190.16
20221010,H20955,中证红利低波动100全收益指数,红利低波100全收益,CSI Dividend Low Volatility 100 Total Return Index,Dividend Low Volatility100 TRI,,,,15567.17,-32.08,-0.21,4147339695.0,276.62,100.0,5.59,2022-10-10,5.59,276.62
20221011,H20955,中证红利低波动100全收益指数,红利低波100全收益,CSI Dividend Low Volatility 100 Total Return Index,Dividend Low Volatility100 TRI,,,,15622.01,54.84,0.35,3064268408.0,195.7,100.0,5.58,2022-10-11,5.58,195.7
20221012,H20955,中证红利低波动100全收益指数,红利低波100全收益,CSI Dividend Low Volatility 100 Total Return Index,Dividend Low Volatility100 TRI,,,,15815.78,193.77,1.24,4031806268.0,259.84,100.0,5.62,2022-10-12,5.62,259.84
20221013,H20955,中证红利低波动100全收益指数,红利低波100全收益,CSI Dividend Low Volatility 100 Total Return Index,Dividend Low Volatility100 TRI,,,,15759.79,-55.99,-0.35,3502401432.0,250.0,100.0,5.58,2022-10-13,5.58,250.0
20221014,H20955,中证红利低波动100全收益指数,红利低波100全收益,CSI Dividend Low Volatility 100 Total Return Index,Dividend Low Volatility100 TRI,,,,15948.0,188.2,1.19,4128104848.0,286.06,100.0,5.62,2022-10-14,5.62,286.06
20221017,H20955,中证红利低波动100全收益指数,红利低波100全收益,CSI Dividend Low Volatility 100 Total Return Index,Dividend Low Volatility100 TRI,,,,15989.88,41.88,0.26,3612395487.0,237.84,100.0,5.62,2022-10-17,5.62,237.84
20221018,H20955,中证红利低波动100全收益指数,红利低波100全收益,CSI Dividend Low Volatility 100 Total Return Index,Dividend Low Volatility100 TRI,,,,15985.04,-4.84,-0.03,3135893893.0,222.03,100.0,5.61,2022-10-18,5.61,222.03
20221019,H20955,中证红利低波动100全收益指数,红利低波100全收益,CSI Dividend Low Volatility 100 Total Return Index,Dividend Low Volatility100 TRI,,,,15835.29,-149.75,-0.94,2760110230.0,207.9,100.0,5.56,2022-10-19,5.56,207.9
20221020,H20955,中证红利低波动100全收益指数,红利低波100全收益,CSI Dividend Low Volatility 100 Total Return Index,Dividend Low Volatility100 TRI,,,,15783.17,-52.12,-0.33,3298678605.0,232.29,100.0,5.55,2022-10-20,5.55,232.29
20221021,H20955,中证红利低波动100全收益指数,红利低波100全收益,CSI Dividend Low Volatility 100 Total Return Index,Dividend Low Volatility100 TRI,,,,15781.52,-1.64,-0.01,3377354274.0,232.06,100.0,5.55,2022-10-21,5.55,232.06
20221024,H20955,中证红利低波动100全收益指数,红利低波100全收益,CSI Dividend Low Volatility 100 Total Return Index,Dividend Low Volatility100 TRI,,,,15490.58,-290.94,-1.84,4834911198.0,352.62,100.0,5.44,2022-10-24,5.44,352.62
20221025,H20955,中证红利低波动100全收益指数,红利低波100全收益,CSI Dividend Low Volatility 100 Total Return Index,Dividend Low Volatility100 TRI,,,,15443.35,-47.24,-0.3,3483647384.0,244.19,100.0,5.44,2022-10-25,5.44,244.19
20221026,H20955,中证红利低波动100全收益指数,红利低波100全收益,CSI Dividend Low Volatility 100 Total Return Index,Dividend Low Volatility100 TRI,,,,15518.87,75.52,0.49,4162358115.0,262.42,100.0,5.42,2022-10-26,5.42,262.42
20221027,H20955,中证红利低波动100全收益指数,红利低波100全收益,CSI Dividend Low Volatility 100 Total Return Index,Dividend Low Volatility100 TRI,,,,15582.97,64.1,0.41,3612902817.0,252.0,100.0,5.4,2022-10-27,5.4,252.0
20221028,H20955,中证红利低波动100全收益指数,红利低波100全收益,CSI Dividend Low Volatility 100 Total Return Index,Dividend Low Volatility100 TRI,,,,15243.67,-339.3,-2.18,3919067378.0,280.57,100.0,5.35,2022-10-28,5.35,280.57
20221031,H20955,中证红利低波动100全收益指数,红利低波100全收益,CSI Dividend Low Volatility 100 Total Return Index,Dividend Low Volatility100 TRI,,,,15150.84,-92.83,-0.61,5222377718.0,340.4,100.0,5.27,2022-10-31,5.27,340.4
20221101,H20955,中证红利低波动100全收益指数,红利低波100全收益,CSI Dividend Low Volatility 100 Total Return Index,Dividend Low Volatility100 TRI,,,,15401.4,250.56,1.65,5560568636.0,346.42,100.0,5.35,2022-11-01,5.35,346.42
20221102,H20955,中证红利低波动100全收益指数,红利低波100全收益,CSI Dividend Low Volatility 100 Total Return Index,Dividend Low Volatility100 TRI,,,,15455.74,54.34,0.35,4146110548.0,276.15,100.0,5.35,2022-11-02,5.35,276.15
20221103,H20955,中证红利低波动100全收益指数,红利低波100全收益,CSI Dividend Low Volatility 100 Total Return Index,Dividend Low Volatility100 TRI,,,,15385.45,-70.29,-0.45,3023565509.0,201.78,100.0,5.32,2022-11-03,5.32,201.78
20221104,H20955,中证红利低波动100全收益指数,红利低波100全收益,CSI Dividend Low Volatility 100 Total Return Index,Dividend Low Volatility100 TRI,,,,15613.27,227.83,1.48,4214799536.0,295.76,100.0,5.41,2022-11-04,5.41,295.76
20221107,H20955,中证红利低波动100全收益指数,红利低波100全收益,CSI Dividend Low Volatility 100 Total Return Index,Dividend Low Volatility100 TRI,,,,15684.39,71.12,0.46,3572401248.0,242.37,100.0,5.42,2022-11-07,5.42,242.37
20221108,H20955,中证红利低波动100全收益指数,红利低波100全收益,CSI Dividend Low Volatility 100 Total Return Index,Dividend Low Volatility100 TRI,,,,15665.44,-18.95,-0.12,2950748854.0,195.19,100.0,5.42,2022-11-08,5.42,195.19
20221109,H20955,中证红利低波动100全收益指数,红利低波100全收益,CSI Dividend Low Volatility 100 Total Return Index,Dividend Low Volatility100 TRI,,,,15659.2,-6.24,-0.04,2435559599.0,169.9,100.0,5.41,2022-11-09,5.41,169.9
20221110,H20955,中证红利低波动100全收益指数,红利低波100全收益,CSI Dividend Low Volatility 100 Total Return Index,Dividend Low Volatility100 TRI,,,,15712.06,52.86,0.34,2862463274.0,183.87,100.0,5.42,2022-11-10,5.42,183.87
20221111,H20955,中证红利低波动100全收益指数,红利低波100全收益,CSI Dividend Low Volatility 100 Total Return Index,Dividend Low Volatility100 TRI,,,,15922.71,210.65,1.34,5527587067.0,427.96,100.0,5.54,2022-11-11,5.54,427.96
20221114,H20955,中证红利低波动100全收益指数,红利低波100全收益,CSI Dividend Low Volatility 100 Total Return Index,Dividend Low Volatility100 TRI,,,,16018.15,95.44,0.6,5323569108.0,451.59,100.0,5.6,2022-11-14,5.6,451.59
20221115,H20955,中证红利低波动100全收益指数,红利低波100全收益,CSI Dividend Low Volatility 100 Total Return Index,Dividend Low Volatility100 TRI,,,,16143.31,125.16,0.78,4685819840.0,351.47,100.0,5.64,2022-11-15,5.64,351.47
20221116,H20955,中证红利低波动100全收益指数,红利低波100全收益,CSI Dividend Low Volatility 100 Total Return Index,Dividend Low Volatility100 TRI,,,,16097.28,-46.03,-0.29,3564096373.0,256.02,100.0,5.62,2022-11-16,5.62,256.02
20221117,H20955,中证红利低波动100全收益指数,红利低波100全收益,CSI Dividend Low Volatility 100 Total Return Index,Dividend Low Volatility100 TRI,,,,16170.11,72.83,0.45,3286562844.0,253.33,100.0,5.62,2022-11-17,5.62,253.33
20221118,H20955,中证红利低波动100全收益指数,红利低波100全收益,CSI Dividend Low Volatility 100 Total Return Index,Dividend Low Volatility100 TRI,,,,16107.95,-62.15,-0.38,3396406820.0,236.95,100.0,5.59,2022-11-18,5.59,236.95
20221121,H20955,中证红利低波动100全收益指数,红利低波100全收益,CSI Dividend Low Volatility 100 Total Return Index,Dividend Low Volatility100 TRI,,,,16015.41,-92.55,-0.57,2854494548.0,206.13,100.0,5.56,2022-11-21,5.56,206.13
20221122,H20955,中证红利低波动100全收益指数,红利低波100全收益,CSI Dividend Low Volatility 100 Total Return Index,Dividend Low Volatility100 TRI,,,,16122.11,106.7,0.67,4971209109.0,312.94,100.0,5.65,2022-11-22,5.65,312.94
20221123,H20955,中证红利低波动100全收益指数,红利低波100全收益,CSI Dividend Low Volatility 100 Total Return Index,Dividend Low Volatility100 TRI,,,,16179.12,57.02,0.35,5211490985.0,317.69,100.0,5.68,2022-11-23,5.68,317.69
20221124,H20955,中证红利低波动100全收益指数,红利低波100全收益,CSI Dividend Low Volatility 100 Total Return Index,Dividend Low Volatility100 TRI,,,,16178.44,-0.68,0.0,3174664263.0,201.53,100.0,5.67,2022-11-24,5.67,201.53
20221125,H20955,中证红利低波动100全收益指数,红利低波100全收益,CSI Dividend Low Volatility 100 Total Return Index,Dividend Low Volatility100 TRI,,,,16401.31,222.87,1.38,5524300537.0,354.62,100.0,5.77,2022-11-25,5.77,354.62
20221128,H20955,中证红利低波动100全收益指数,红利低波100全收益,CSI Dividend Low Volatility 100 Total Return Index,Dividend Low Volatility100 TRI,,,,16335.52,-65.79,-0.4,5092792996.0,324.11,100.0,5.7,2022-11-28,5.7,324.11
20221129,H20955,中证红利低波动100全收益指数,红利低波100全收益,CSI Dividend Low Volatility 100 Total Return Index,Dividend Low Volatility100 TRI,,,,16703.2,367.68,2.25,7116611922.0,558.42,100.0,5.86,2022-11-29,5.86,558.42
20221130,H20955,中证红利低波动100全收益指数,红利低波100全收益,CSI Dividend Low Volatility 100 Total Return Index,Dividend Low Volatility100 TRI,,,,16728.48,25.28,0.15,5828030719.0,422.6,100.0,5.85,2022-11-30,5.85,422.6
20221201,H20955,中证红利低波动100全收益指数,红利低波100全收益,CSI Dividend Low Volatility 100 Total Return Index,Dividend Low Volatility100 TRI,,,,16660.51,-67.97,-0.41,5340584960.0,383.11,100.0,5.81,2022-12-01,5.81,383.11
20221202,H20955,中证红利低波动100全收益指数,红利低波100全收益,CSI Dividend Low Volatility 100 Total Return Index,Dividend Low Volatility100 TRI,,,,16667.65,7.15,0.04,4257175196.0,300.33,100.0,5.79,2022-12-02,5.79,300.33
20221205,H20955,中证红利低波动100全收益指数,红利低波100全收益,CSI Dividend Low Volatility 100 Total Return Index,Dividend Low Volatility100 TRI,,,,17060.81,393.16,2.36,7074397109.0,512.09,100.0,5.95,2022-12-05,5.95,512.09
20221206,H20955,中证红利低波动100全收益指数,红利低波100全收益,CSI Dividend Low Volatility 100 Total Return Index,Dividend Low Volatility100 TRI,,,,17052.12,-8.69,-0.05,5621912014.0,396.72,100.0,5.94,2022-12-06,5.94,396.72
20221207,H20955,中证红利低波动100全收益指数,红利低波100全收益,CSI Dividend Low Volatility 100 Total Return Index,Dividend Low Volatility100 TRI,,,,17028.21,-23.91,-0.14,5215199268.0,375.47,100.0,5.9,2022-12-07,5.9,375.47
20221208,H20955,中证红利低波动100全收益指数,红利低波100全收益,CSI Dividend Low Volatility 100 Total Return Index,Dividend Low Volatility100 TRI,,,,17030.88,2.67,0.02,4270216969.0,293.27,100.0,5.91,2022-12-08,5.91,293.27
20221209,H20955,中证红利低波动100全收益指数,红利低波100全收益,CSI Dividend Low Volatility 100 Total Return Index,Dividend Low Volatility100 TRI,,,,16901.95,-128.93,-0.76,5543093160.0,421.19,100.0,5.93,2022-12-09,5.93,421.19
20221212,H20955,中证红利低波动100全收益指数,红利低波100全收益,CSI Dividend Low Volatility 100 Total Return Index,Dividend Low Volatility100 TRI,,,,16725.03,-176.92,-1.05,4740470505.0,345.88,100.0,5.87,2022-12-12,5.87,345.88
20221213,H20955,中证红利低波动100全收益指数,红利低波100全收益,CSI Dividend Low Volatility 100 Total Return Index,Dividend Low Volatility100 TRI,,,,16824.35,99.32,0.59,3653858731.0,255.31,100.0,5.89,2022-12-13,5.89,255.31
20221214,H20955,中证红利低波动100全收益指数,红利低波100全收益,CSI Dividend Low Volatility 100 Total Return Index,Dividend Low Volatility100 TRI,,,,16769.32,-55.03,-0.33,3345718030.0,237.72,100.0,5.89,2022-12-14,5.89,237.72
20221215,H20955,中证红利低波动100全收益指数,红利低波100全收益,CSI Dividend Low Volatility 100 Total Return Index,Dividend Low Volatility100 TRI,,,,16616.54,-152.78,-0.91,2912029494.0,213.47,100.0,5.84,2022-12-15,5.84,213.47
20221216,H20955,中证红利低波动100全收益指数,红利低波100全收益,CSI Dividend Low Volatility 100 Total Return Index,Dividend Low Volatility100 TRI,,,,16800.25,183.71,1.11,3684401350.0,255.55,100.0,5.9,2022-12-16,5.9,255.55
20221219,H20955,中证红利低波动100全收益指数,红利低波100全收益,CSI Dividend Low Volatility 100 Total Return Index,Dividend Low Volatility100 TRI,,,,16464.52,-335.73,-2.0,3833493642.0,274.07,100.0,5.8,2022-12-19,5.8,274.07
20221220,H20955,中证红利低波动100全收益指数,红利低波100全收益,CSI Dividend Low Volatility 100 Total Return Index,Dividend Low Volatility100 TRI,,,,16306.19,-158.33,-0.96,3085761747.0,224.53,100.0,5.74,2022-12-20,5.74,224.53
20221221,H20955,中证红利低波动100全收益指数,红利低波100全收益,CSI Dividend Low Volatility 100 Total Return Index,Dividend Low Volatility100 TRI,,,,16325.79,19.6,0.12,2222252335.0,159.67,100.0,5.75,2022-12-21,5.75,159.67
20221222,H20955,中证红利低波动100全收益指数,红利低波100全收益,CSI Dividend Low Volatility 100 Total Return Index,Dividend Low Volatility100 TRI,,,,16263.82,-61.97,-0.38,2583232093.0,187.88,100.0,5.75,2022-12-22,5.75,187.88
20221223,H20955,中证红利低波动100全收益指数,红利低波100全收益,CSI Dividend Low Volatility 100 Total Return Index,Dividend Low Volatility100 TRI,,,,16198.71,-65.1,-0.4,2065254533.0,145.09,100.0,5.74,2022-12-23,5.74,145.09
20221226,H20955,中证红利低波动100全收益指数,红利低波100全收益,CSI Dividend Low Volatility 100 Total Return Index,Dividend Low Volatility100 TRI,,,,16131.53,-67.18,-0.41,2425351694.0,172.17,100.0,5.71,2022-12-26,5.71,172.17
20221227,H20955,中证红利低波动100全收益指数,红利低波100全收益,CSI Dividend Low Volatility 100 Total Return Index,Dividend Low Volatility100 TRI,,,,16294.5,162.97,1.01,2712515294.0,185.79,100.0,5.78,2022-12-27,5.78,185.79
20221228,H20955,中证红利低波动100全收益指数,红利低波100全收益,CSI Dividend Low Volatility 100 Total Return Index,Dividend Low Volatility100 TRI,,,,16296.32,1.82,0.01,2829592285.0,199.33,100.0,5.8,2022-12-28,5.8,199.33
20221229,H20955,中证红利低波动100全收益指数,红利低波100全收益,CSI Dividend Low Volatility 100 Total Return Index,Dividend Low Volatility100 TRI,,,,16153.49,-142.83,-0.88,2756923752.0,192.5,100.0,5.76,2022-12-29,5.76,192.5
20221230,H20955,中证红利低波动100全收益指数,红利低波100全收益,CSI Dividend Low Volatility 100 Total Return Index,Dividend Low Volatility100 TRI,,,,16301.5,148.01,0.92,2956330780.0,208.55,100.0,5.81,2022-12-30,5.81,208.55
20230103,H20955,中证红利低波动100全收益指数,红利低波100全收益,CSI Dividend Low Volatility 100 Total Return Index,Dividend Low Volatility100 TRI,,,,16360.81,59.32,0.36,3773496573.0,280.31,100.0,5.82,2023-01-03,5.82,280.31
20230104,H20955,中证红利低波动100全收益指数,红利低波100全收益,CSI Dividend Low Volatility 100 Total Return Index,Dividend Low Volatility100 TRI,,,,16505.03,144.22,0.88,4163739654.0,304.46,100.0,5.88,2023-01-04,5.88,304.46
20230105,H20955,中证红利低波动100全收益指数,红利低波100全收益,CSI Dividend Low Volatility 100 Total Return Index,Dividend Low Volatility100 TRI,,,,16554.08,49.05,0.3,3672454330.0,288.21,100.0,5.89,2023-01-05,5.89,288.21
20230106,H20955,中证红利低波动100全收益指数,红利低波100全收益,CSI Dividend Low Volatility 100 Total Return Index,Dividend Low Volatility100 TRI,,,,16497.76,-56.31,-0.34,3699570210.0,263.83,100.0,5.89,2023-01-06,5.89,263.83
20230109,H20955,中证红利低波动100全收益指数,红利低波100全收益,CSI Dividend Low Volatility 100 Total Return Index,Dividend Low Volatility100 TRI,,,,16518.62,20.85,0.13,3106992800.0,247.59,100.0,5.9,2023-01-09,5.9,247.59
20230110,H20955,中证红利低波动100全收益指数,红利低波100全收益,CSI Dividend Low Volatility 100 Total Return Index,Dividend Low Volatility100 TRI,,,,16425.48,-93.14,-0.56,2955974529.0,240.7,100.0,5.86,2023-01-10,5.86,240.7
20230111,H20955,中证红利低波动100全收益指数,红利低波100全收益,CSI Dividend Low Volatility 100 Total Return Index,Dividend Low Volatility100 TRI,,,,16442.83,17.35,0.11,3076364160.0,253.77,100.0,5.89,2023-01-11,5.89,253.77
20230112,H20955,中证红利低波动100全收益指数,红利低波100全收益,CSI Dividend Low Volatility 100 Total Return Index,Dividend Low Volatility100 TRI,,,,16407.76,-35.07,-0.21,3023048356.0,214.83,100.0,5.89,2023-01-12,5.89,214.83
20230113,H20955,中证红利低波动100全收益指数,红利低波100全收益,CSI Dividend Low Volatility 100 Total Return Index,Dividend Low Volatility100 TRI,,,,16632.61,224.85,1.37,3322772530.0,262.76,100.0,5.96,2023-01-13,5.96,262.76
20230116,H20955,中证红利低波动100全收益指数,红利低波100全收益,CSI Dividend Low Volatility 100 Total Return Index,Dividend Low Volatility100 TRI,,,,16775.77,143.15,0.86,5597564244.0,438.33,100.0,5.97,2023-01-16,5.97,438.33
20230117,H20955,中证红利低波动100全收益指数,红利低波100全收益,CSI Dividend Low Volatility 100 Total Return Index,Dividend Low Volatility100 TRI,,,,16757.42,-18.35,-0.11,3776431672.0,282.6,100.0,5.96,2023-01-17,5.96,282.6
20230118,H20955,中证红利低波动100全收益指数,红利低波100全收益,CSI Dividend Low Volatility 100 Total Return Index,Dividend Low Volatility100 TRI,,,,16792.5,35.08,0.21,3694037505.0,263.39,100.0,5.96,2023-01-18,5.96,263.39
20230119,H20955,中证红利低波动100全收益指数,红利低波100全收益,CSI Dividend Low Volatility 100 Total Return Index,Dividend Low Volatility100 TRI,,,,16878.02,85.52,0.51,3702175485.0,265.86,100.0,5.97,2023-01-19,5.97,265.86
20230120,H20955,中证红利低波动100全收益指数,红利低波100全收益,CSI Dividend Low Volatility 100 Total Return Index,Dividend Low Volatility100 TRI,,,,17004.4,126.38,0.75,4225219843.0,305.55,100.0,6.01,2023-01-20,6.01,305.55
20230130,H20955,中证红利低波动100全收益指数,红利低波100全收益,CSI Dividend Low Volatility 100 Total Return Index,Dividend Low Volatility100 TRI,,,,17005.62,1.22,0.01,5028668820.0,393.06,100.0,6.0,2023-01-30,6.0,393.06
20230131,H20955,中证红利低波动100全收益指数,红利低波100全收益,CSI Dividend Low Volatility 100 Total Return Index,Dividend Low Volatility100 TRI,,,,16966.24,-39.38,-0.23,4225753445.0,312.64,100.0,5.97,2023-01-31,5.97,312.64
20230201,H20955,中证红利低波动100全收益指数,红利低波100全收益,CSI Dividend Low Volatility 100 Total Return Index,Dividend Low Volatility100 TRI,,,,17088.06,121.81,0.72,4606734327.0,332.63,100.0,5.99,2023-02-01,5.99,332.63
20230202,H20955,中证红利低波动100全收益指数,红利低波100全收益,CSI Dividend Low Volatility 100 Total Return Index,Dividend Low Volatility100 TRI,,,,17041.35,-46.71,-0.27,4352165308.0,329.33,100.0,5.97,2023-02-02,5.97,329.33
20230203,H20955,中证红利低波动100全收益指数,红利低波100全收益,CSI Dividend Low Volatility 100 Total Return Index,Dividend Low Volatility100 TRI,,,,16920.49,-120.86,-0.71,3976740061.0,301.45,100.0,5.92,2023-02-03,5.92,301.45
20230206,H20955,中证红利低波动100全收益指数,红利低波100全收益,CSI Dividend Low Volatility 100 Total Return Index,Dividend Low Volatility100 TRI,,,,16836.62,-83.87,-0.5,3855171631.0,297.98,100.0,5.89,2023-02-06,5.89,297.98
20230207,H20955,中证红利低波动100全收益指数,红利低波100全收益,CSI Dividend Low Volatility 100 Total Return Index,Dividend Low Volatility100 TRI,,,,16916.17,79.55,0.47,3281887383.0,244.27,100.0,5.92,2023-02-07,5.92,244.27
20230208,H20955,中证红利低波动100全收益指数,红利低波100全收益,CSI Dividend Low Volatility 100 Total Return Index,Dividend Low Volatility100 TRI,,,,16841.6,-74.57,-0.44,2928141007.0,213.44,100.0,5.9,2023-02-08,5.9,213.44
20230209,H20955,中证红利低波动100全收益指数,红利低波100全收益,CSI Dividend Low Volatility 100 Total Return Index,Dividend Low Volatility100 TRI,,,,16979.67,138.07,0.82,3473643340.0,256.86,100.0,5.94,2023-02-09,5.94,256.86
20230210,H20955,中证红利低波动100全收益指数,红利低波100全收益,CSI Dividend Low Volatility 100 Total Return Index,Dividend Low Volatility100 TRI,,,,16997.78,18.11,0.11,3417261222.0,236.41,100.0,5.94,2023-02-10,5.94,236.41
20230213,H20955,中证红利低波动100全收益指数,红利低波100全收益,CSI Dividend Low Volatility 100 Total Return Index,Dividend Low Volatility100 TRI,,,,17137.55,139.77,0.82,4484921709.0,337.0,100.0,5.95,2023-02-13,5.95,337.0
20230214,H20955,中证红利低波动100全收益指数,红利低波100全收益,CSI Dividend Low Volatility 100 Total Return Index,Dividend Low Volatility100 TRI,,,,17252.49,114.94,0.67,3459537774.0,256.91,100.0,5.96,2023-02-14,5.96,256.91
20230215,H20955,中证红利低波动100全收益指数,红利低波100全收益,CSI Dividend Low Volatility 100 Total Return Index,Dividend Low Volatility100 TRI,,,,17225.94,-26.55,-0.15,4055149594.0,283.78,100.0,5.94,2023-02-15,5.94,283.78
20230216,H20955,中证红利低波动100全收益指数,红利低波100全收益,CSI Dividend Low Volatility 100 Total Return Index,Dividend Low Volatility100 TRI,,,,17123.58,-102.36,-0.59,5142888234.0,381.85,100.0,5.93,2023-02-16,5.93,381.85
20230217,H20955,中证红利低波动100全收益指数,红利低波100全收益,CSI Dividend Low Volatility 100 Total Return Index,Dividend Low Volatility100 TRI,,,,17064.95,-58.62,-0.34,3734814333.0,275.93,100.0,5.9,2023-02-17,5.9,275.93
20230220,H20955,中证红利低波动100全收益指数,红利低波100全收益,CSI Dividend Low Volatility 100 Total Return Index,Dividend Low Volatility100 TRI,,,,17420.42,355.47,2.08,5546350285.0,426.02,100.0,6.02,2023-02-20,6.02,426.02
20230221,H20955,中证红利低波动100全收益指数,红利低波100全收益,CSI Dividend Low Volatility 100 Total Return Index,Dividend Low Volatility100 TRI,,,,17573.92,153.5,0.88,4463614354.0,352.04,100.0,6.04,2023-02-21,6.04,352.04
20230222,H20955,中证红利低波动100全收益指数,红利低波100全收益,CSI Dividend Low Volatility 100 Total Return Index,Dividend Low Volatility100 TRI,,,,17562.41,-11.51,-0.07,3153286317.0,259.19,100.0,6.01,2023-02-22,6.01,259.19
20230223,H20955,中证红利低波动100全收益指数,红利低波100全收益,CSI Dividend Low Volatility 100 Total Return Index,Dividend Low Volatility100 TRI,,,,17586.16,23.75,0.14,3508706300.0,284.89,100.0,6.01,2023-02-23,6.01,284.89
20230224,H20955,中证红利低波动100全收益指数,红利低波100全收益,CSI Dividend Low Volatility 100 Total Return Index,Dividend Low Volatility100 TRI,,,,17521.63,-64.53,-0.37,3218380116.0,255.61,100.0,5.98,2023-02-24,5.98,255.61
20230227,H20955,中证红利低波动100全收益指数,红利低波100全收益,CSI Dividend Low Volatility 100 Total Return Index,Dividend Low Volatility100 TRI,,,,17437.0,-84.64,-0.48,2786557817.0,220.77,100.0,5.95,2023-02-27,5.95,220.77
20230228,H20955,中证红利低波动100全收益指数,红利低波100全收益,CSI Dividend Low Volatility 100 Total Return Index,Dividend Low Volatility100 TRI,,,,17556.18,119.18,0.68,3251103017.0,252.55,100.0,5.99,2023-02-28,5.99,252.55
20230301,H20955,中证红利低波动100全收益指数,红利低波100全收益,CSI Dividend Low Volatility 100 Total Return Index,Dividend Low Volatility100 TRI,,,,17708.04,151.86,0.87,4977548903.0,383.21,100.0,6.05,2023-03-01,6.05,383.21
20230302,H20955,中证红利低波动100全收益指数,红利低波100全收益,CSI Dividend Low Volatility 100 Total Return Index,Dividend Low Volatility100 TRI,,,,17822.8,114.76,0.65,4957537051.0,356.12,100.0,6.09,2023-03-02,6.09,356.12
20230303,H20955,中证红利低波动100全收益指数,红利低波100全收益,CSI Dividend Low Volatility 100 Total Return Index,Dividend Low Volatility100 TRI,,,,17968.59,145.79,0.82,6639094857.0,436.99,100.0,6.18,2023-03-03,6.18,436.99
20230306,H20955,中证红利低波动100全收益指数,红利低波100全收益,CSI Dividend Low Volatility 100 Total Return Index,Dividend Low Volatility100 TRI,,,,17902.95,-65.64,-0.37,6408909967.0,469.19,100.0,6.14,2023-03-06,6.14,469.19
20230307,H20955,中证红利低波动100全收益指数,红利低波100全收益,CSI Dividend Low Volatility 100 Total Return Index,Dividend Low Volatility100 TRI,,,,17769.9,-133.04,-0.74,9488630823.0,615.67,100.0,6.14,2023-03-07,6.14,615.67
20230308,H20955,中证红利低波动100全收益指数,红利低波100全收益,CSI Dividend Low Volatility 100 Total Return Index,Dividend Low Volatility100 TRI,,,,17772.41,2.5,0.01,4817698680.0,329.63,100.0,6.13,2023-03-08,6.13,329.63
20230309,H20955,中证红利低波动100全收益指数,红利低波100全收益,CSI Dividend Low Volatility 100 Total Return Index,Dividend Low Volatility100 TRI,,,,17727.15,-45.26,-0.25,4420923745.0,310.5,100.0,6.11,2023-03-09,6.11,310.5
20230310,H20955,中证红利低波动100全收益指数,红利低波100全收益,CSI Dividend Low Volatility 100 Total Return Index,Dividend Low Volatility100 TRI,,,,17422.01,-305.13,-1.72,4551923622.0,329.65,100.0,6.02,2023-03-10,6.02,329.65
20230313,H20955,中证红利低波动100全收益指数,红利低波100全收益,CSI Dividend Low Volatility 100 Total Return Index,Dividend Low Volatility100 TRI,,,,17615.08,193.07,1.11,4132837569.0,294.06,100.0,6.12,2023-03-13,6.12,294.06
20230314,H20955,中证红利低波动100全收益指数,红利低波100全收益,CSI Dividend Low Volatility 100 Total Return Index,Dividend Low Volatility100 TRI,,,,17480.66,-134.43,-0.76,4081433943.0,300.77,100.0,6.08,2023-03-14,6.08,300.77
20230315,H20955,中证红利低波动100全收益指数,红利低波100全收益,CSI Dividend Low Volatility 100 Total Return Index,Dividend Low Volatility100 TRI,,,,17718.03,237.38,1.36,4516665638.0,309.86,100.0,6.15,2023-03-15,6.15,309.86
20230316,H20955,中证红利低波动100全收益指数,红利低波100全收益,CSI Dividend Low Volatility 100 Total Return Index,Dividend Low Volatility100 TRI,,,,17630.84,-87.19,-0.49,5880255079.0,381.96,100.0,6.16,2023-03-16,6.16,381.96
20230317,H20955,中证红利低波动100全收益指数,红利低波100全收益,CSI Dividend Low Volatility 100 Total Return Index,Dividend Low Volatility100 TRI,,,,17827.77,196.93,1.12,5862447331.0,412.59,100.0,6.24,2023-03-17,6.24,412.59
20230320,H20955,中证红利低波动100全收益指数,红利低波100全收益,CSI Dividend Low Volatility 100 Total Return Index,Dividend Low Volatility100 TRI,,,,17811.36,-16.41,-0.09,6512857980.0,465.78,100.0,6.24,2023-03-20,6.24,465.78
20230321,H20955,中证红利低波动100全收益指数,红利低波100全收益,CSI Dividend Low Volatility 100 Total Return Index,Dividend Low Volatility100 TRI,,,,17793.22,-18.14,-0.1,4753422265.0,334.72,100.0,6.19,2023-03-21,6.19,334.72
20230322,H20955,中证红利低波动100全收益指数,红利低波100全收益,CSI Dividend Low Volatility 100 Total Return Index,Dividend Low Volatility100 TRI,,,,17919.22,126.0,0.71,4103296803.0,310.78,100.0,6.26,2023-03-22,6.26,310.78
20230323,H20955,中证红利低波动100全收益指数,红利低波100全收益,CSI Dividend Low Volatility 100 Total Return Index,Dividend Low Volatility100 TRI,,,,17982.88,63.66,0.36,4223109857.0,340.19,100.0,6.29,2023-03-23,6.29,340.19
20230324,H20955,中证红利低波动100全收益指数,红利低波100全收益,CSI Dividend Low Volatility 100 Total Return Index,Dividend Low Volatility100 TRI,,,,17886.67,-96.21,-0.53,4305361331.0,332.42,100.0,6.23,2023-03-24,6.23,332.42
20230327,H20955,中证红利低波动100全收益指数,红利低波100全收益,CSI Dividend Low Volatility 100 Total Return Index,Dividend Low Volatility100 TRI,,,,17723.27,-163.4,-0.91,4869348113.0,365.3,100.0,6.16,2023-03-27,6.16,365.3
20230328,H20955,中证红利低波动100全收益指数,红利低波100全收益,CSI Dividend Low Volatility 100 Total Return Index,Dividend Low Volatility100 TRI,,,,17739.23,15.96,0.09,3644825646.0,282.92,100.0,6.19,2023-03-28,6.19,282.92
20230329,H20955,中证红利低波动100全收益指数,红利低波100全收益,CSI Dividend Low Volatility 100 Total Return Index,Dividend Low Volatility100 TRI,,,,17641.98,-97.25,-0.55,3700571215.0,302.98,100.0,6.17,2023-03-29,6.17,302.98
20230330,H20955,中证红利低波动100全收益指数,红利低波100全收益,CSI Dividend Low Volatility 100 Total Return Index,Dividend Low Volatility100 TRI,,,,17696.92,54.93,0.31,4520935203.0,352.57,100.0,6.25,2023-03-30,6.25,352.57
20230331,H20955,中证红利低波动100全收益指数,红利低波100全收益,CSI Dividend Low Volatility 100 Total Return Index,Dividend Low Volatility100 TRI,,,,17758.37,61.46,0.35,3996341899.0,305.12,100.0,6.24,2023-03-31,6.24,305.12
20230403,H20955,中证红利低波动100全收益指数,红利低波100全收益,CSI Dividend Low Volatility 100 Total Return Index,Dividend Low Volatility100 TRI,,,,17877.15,118.78,0.67,4698519371.0,363.04,100.0,6.26,2023-04-03,6.26,363.04
20230404,H20955,中证红利低波动100全收益指数,红利低波100全收益,CSI Dividend Low Volatility 100 Total Return Index,Dividend Low Volatility100 TRI,,,,18031.97,154.81,0.87,5351603715.0,404.2,100.0,6.35,2023-04-04,6.35,404.2
20230406,H20955,中证红利低波动100全收益指数,红利低波100全收益,CSI Dividend Low Volatility 100 Total Return Index,Dividend Low Volatility100 TRI,,,,17964.91,-67.06,-0.37,3732969856.0,301.87,100.0,6.36,2023-04-06,6.36,301.87
20230407,H20955,中证红利低波动100全收益指数,红利低波100全收益,CSI Dividend Low Volatility 100 Total Return Index,Dividend Low Volatility100 TRI,,,,17946.13,-18.77,-0.1,2879868767.0,232.98,100.0,6.34,2023-04-07,6.34,232.98
20230410,H20955,中证红利低波动100全收益指数,红利低波100全收益,CSI Dividend Low Volatility 100 Total Return Index,Dividend Low Volatility100 TRI,,,,17938.32,-7.81,-0.04,4022139409.0,311.11,100.0,6.38,2023-04-10,6.38,311.11
20230411,H20955,中证红利低波动100全收益指数,红利低波100全收益,CSI Dividend Low Volatility 100 Total Return Index,Dividend Low Volatility100 TRI,,,,18056.13,117.81,0.66,4071244041.0,335.31,100.0,6.42,2023-04-11,6.42,335.31
20230412,H20955,中证红利低波动100全收益指数,红利低波100全收益,CSI Dividend Low Volatility 100 Total Return Index,Dividend Low Volatility100 TRI,,,,18289.97,233.84,1.3,5036416979.0,366.09,100.0,6.51,2023-04-12,6.51,366.09
20230413,H20955,中证红利低波动100全收益指数,红利低波100全收益,CSI Dividend Low Volatility 100 Total Return Index,Dividend Low Volatility100 TRI,,,,18295.0,5.03,0.03,4955506253.0,377.51,100.0,6.51,2023-04-13,6.51,377.51
20230414,H20955,中证红利低波动100全收益指数,红利低波100全收益,CSI Dividend Low Volatility 100 Total Return Index,Dividend Low Volatility100 TRI,,,,18254.38,-40.62,-0.22,3957701957.0,309.38,100.0,6.53,2023-04-14,6.53,309.38
20230417,H20955,中证红利低波动100全收益指数,红利低波100全收益,CSI Dividend Low Volatility 100 Total Return Index,Dividend Low Volatility100 TRI,,,,18472.7,218.32,1.2,6478517522.0,513.48,100.0,6.69,2023-04-17,6.69,513.48
20230418,H20955,中证红利低波动100全收益指数,红利低波100全收益,CSI Dividend Low Volatility 100 Total Return Index,Dividend Low Volatility100 TRI,,,,18557.74,85.04,0.46,6059110967.0,493.21,100.0,6.75,2023-04-18,6.75,493.21
20230419,H20955,中证红利低波动100全收益指数,红利低波100全收益,CSI Dividend Low Volatility 100 Total Return Index,Dividend Low Volatility100 TRI,,,,18552.03,-5.71,-0.03,5403771493.0,422.69,100.0,6.72,2023-04-19,6.72,422.69
20230420,H20955,中证红利低波动100全收益指数,红利低波100全收益,CSI Dividend Low Volatility 100 Total Return Index,Dividend Low Volatility100 TRI,,,,18689.32,137.3,0.74,5601957781.0,456.16,100.0,6.77,2023-04-20,6.77,456.16
20230421,H20955,中证红利低波动100全收益指数,红利低波100全收益,CSI Dividend Low Volatility 100 Total Return Index,Dividend Low Volatility100 TRI,,,,18435.63,-253.69,-1.36,5850807816.0,475.29,100.0,6.69,2023-04-21,6.69,475.29
20230424,H20955,中证红利低波动100全收益指数,红利低波100全收益,CSI Dividend Low Volatility 100 Total Return Index,Dividend Low Volatility100 TRI,,,,18501.52,65.89,0.36,5606605092.0,433.91,100.0,6.7,2023-04-24,6.7,433.91
20230425,H20955,中证红利低波动100全收益指数,红利低波100全收益,CSI Dividend Low Volatility 100 Total Return Index,Dividend Low Volatility100 TRI,,,,18612.35,110.83,0.6,6608203451.0,492.11,100.0,6.8,2023-04-25,6.8,492.11
20230426,H20955,中证红利低波动100全收益指数,红利低波100全收益,CSI Dividend Low Volatility 100 Total Return Index,Dividend Low Volatility100 TRI,,,,18532.91,-79.45,-0.43,6173931459.0,457.61,100.0,6.73,2023-04-26,6.73,457.61
20230427,H20955,中证红利低波动100全收益指数,红利低波100全收益,CSI Dividend Low Volatility 100 Total Return Index,Dividend Low Volatility100 TRI,,,,18631.2,98.3,0.53,5429280365.0,539.46,100.0,6.79,2023-04-27,6.79,539.46
20230428,H20955,中证红利低波动100全收益指数,红利低波100全收益,CSI Dividend Low Volatility 100 Total Return Index,Dividend Low Volatility100 TRI,,,,18935.64,304.44,1.63,6506847227.0,602.13,100.0,6.87,2023-04-28,6.87,602.13
20230504,H20955,中证红利低波动100全收益指数,红利低波100全收益,CSI Dividend Low Volatility 100 Total Return Index,Dividend Low Volatility100 TRI,,,,19424.11,488.47,2.58,11009427200.0,882.28,100.0,7.03,2023-05-04,7.03,882.28
20230505,H20955,中证红利低波动100全收益指数,红利低波100全收益,CSI Dividend Low Volatility 100 Total Return Index,Dividend Low Volatility100 TRI,,,,19455.84,31.73,0.16,9951319506.0,763.21,100.0,7.06,2023-05-05,7.06,763.21
20230508,H20955,中证红利低波动100全收益指数,红利低波100全收益,CSI Dividend Low Volatility 100 Total Return Index,Dividend Low Volatility100 TRI,,,,19865.71,409.87,2.11,13775805216.0,1002.87,100.0,7.38,2023-05-08,7.38,1002.87
20230509,H20955,中证红利低波动100全收益指数,红利低波100全收益,CSI Dividend Low Volatility 100 Total Return Index,Dividend Low Volatility100 TRI,,,,19706.25,-159.46,-0.8,14369497784.0,1059.05,100.0,7.29,2023-05-09,7.29,1059.05
20230510,H20955,中证红利低波动100全收益指数,红利低波100全收益,CSI Dividend Low Volatility 100 Total Return Index,Dividend Low Volatility100 TRI,,,,19313.79,-392.47,-1.99,10790286127.0,744.73,100.0,7.04,2023-05-10,7.04,744.73
20230511,H20955,中证红利低波动100全收益指数,红利低波100全收益,CSI Dividend Low Volatility 100 Total Return Index,Dividend Low Volatility100 TRI,,,,19307.71,-6.08,-0.03,6570583467.0,467.19,100.0,6.99,2023-05-11,6.99,467.19
20230512,H20955,中证红利低波动100全收益指数,红利低波100全收益,CSI Dividend Low Volatility 100 Total Return Index,Dividend Low Volatility100 TRI,,,,19181.94,-125.77,-0.65,6051232306.0,445.41,100.0,6.92,2023-05-12,6.92,445.41
20230515,H20955,中证红利低波动100全收益指数,红利低波100全收益,CSI Dividend Low Volatility 100 Total Return Index,Dividend Low Volatility100 TRI,,,,19170.26,-11.68,-0.06,7888981452.0,563.92,100.0,6.98,2023-05-15,6.98,563.92
20230516,H20955,中证红利低波动100全收益指数,红利低波100全收益,CSI Dividend Low Volatility 100 Total Return Index,Dividend Low Volatility100 TRI,,,,19018.96,-151.3,-0.79,5832995285.0,424.97,100.0,6.96,2023-05-16,6.96,424.97
20230517,H20955,中证红利低波动100全收益指数,红利低波100全收益,CSI Dividend Low Volatility 100 Total Return Index,Dividend Low Volatility100 TRI,,,,18980.82,-38.14,-0.2,4347638178.0,338.55,100.0,6.93,2023-05-17,6.93,338.55
20230518,H20955,中证红利低波动100全收益指数,红利低波100全收益,CSI Dividend Low Volatility 100 Total Return Index,Dividend Low Volatility100 TRI,,,,19096.14,115.33,0.61,5764604267.0,433.87,100.0,7.04,2023-05-18,7.04,433.87
20230519,H20955,中证红利低波动100全收益指数,红利低波100全收益,CSI Dividend Low Volatility 100 Total Return Index,Dividend Low Volatility100 TRI,,,,18831.66,-264.48,-1.39,4642934001.0,354.3,100.0,6.93,2023-05-19,6.93,354.3
20230522,H20955,中证红利低波动100全收益指数,红利低波100全收益,CSI Dividend Low Volatility 100 Total Return Index,Dividend Low Volatility100 TRI,,,,18782.45,-49.21,-0.26,4230217925.0,329.13,100.0,6.93,2023-05-22,6.93,329.13
20230523,H20955,中证红利低波动100全收益指数,红利低波100全收益,CSI Dividend Low Volatility 100 Total Return Index,Dividend Low Volatility100 TRI,,,,18505.05,-277.4,-1.48,4762630493.0,337.5,100.0,6.79,2023-05-23,6.79,337.5
20230524,H20955,中证红利低波动100全收益指数,红利低波100全收益,CSI Dividend Low Volatility 100 Total Return Index,Dividend Low Volatility100 TRI,,,,18228.24,-276.81,-1.5,6032936106.0,405.68,100.0,6.63,2023-05-24,6.63,405.68
20230525,H20955,中证红利低波动100全收益指数,红利低波100全收益,CSI Dividend Low Volatility 100 Total Return Index,Dividend Low Volatility100 TRI,,,,18225.42,-2.81,-0.02,4665941672.0,348.25,100.0,6.64,2023-05-25,6.64,348.25
20230526,H20955,中证红利低波动100全收益指数,红利低波100全收益,CSI Dividend Low Volatility 100 Total Return Index,Dividend Low Volatility100 TRI,,,,18391.45,166.02,0.91,3431479632.0,262.92,100.0,6.69,2023-05-26,6.69,262.92
20230529,H20955,中证红利低波动100全收益指数,红利低波100全收益,CSI Dividend Low Volatility 100 Total Return Index,Dividend Low Volatility100 TRI,,,,18592.77,201.32,1.09,4710170566.0,362.77,100.0,6.82,2023-05-29,6.82,362.77
20230530,H20955,中证红利低波动100全收益指数,红利低波100全收益,CSI Dividend Low Volatility 100 Total Return Index,Dividend Low Volatility100 TRI,,,,18614.06,21.29,0.11,4622160830.0,366.97,100.0,6.8,2023-05-30,6.8,366.97
20230531,H20955,中证红利低波动100全收益指数,红利低波100全收益,CSI Dividend Low Volatility 100 Total Return Index,Dividend Low Volatility100 TRI,,,,18567.83,-46.23,-0.25,4046933634.0,333.42,100.0,6.76,2023-05-31,6.76,333.42
20230601,H20955,中证红利低波动100全收益指数,红利低波100全收益,CSI Dividend Low Volatility 100 Total Return Index,Dividend Low Volatility100 TRI,,,,18575.2,7.37,0.04,4326721807.0,331.16,100.0,6.76,2023-06-01,6.76,331.16
20230602,H20955,中证红利低波动100全收益指数,红利低波100全收益,CSI Dividend Low Volatility 100 Total Return Index,Dividend Low Volatility100 TRI,,,,18601.45,26.25,0.14,3739476915.0,311.43,100.0,6.79,2023-06-02,6.79,311.43
20230605,H20955,中证红利低波动100全收益指数,红利低波100全收益,CSI Dividend Low Volatility 100 Total Return Index,Dividend Low Volatility100 TRI,,,,18716.49,115.04,0.62,3771018259.0,283.13,100.0,6.86,2023-06-05,6.86,283.13
20230606,H20955,中证红利低波动100全收益指数,红利低波100全收益,CSI Dividend Low Volatility 100 Total Return Index,Dividend Low Volatility100 TRI,,,,18529.77,-186.72,-1.0,4063874492.0,311.88,100.0,6.83,2023-06-06,6.83,311.88
20230607,H20955,中证红利低波动100全收益指数,红利低波100全收益,CSI Dividend Low Volatility 100 Total Return Index,Dividend Low Volatility100 TRI,,,,18719.93,190.16,1.03,3316279547.0,247.67,100.0,6.87,2023-06-07,6.87,247.67
20230608,H20955,中证红利低波动100全收益指数,红利低波100全收益,CSI Dividend Low Volatility 100 Total Return Index,Dividend Low Volatility100 TRI,,,,18895.28,175.35,0.94,4606668167.0,338.86,100.0,6.99,2023-06-08,6.99,338.86
20230609,H20955,中证红利低波动100全收益指数,红利低波100全收益,CSI Dividend Low Volatility 100 Total Return Index,Dividend Low Volatility100 TRI,,,,18899.0,3.73,0.02,4338281654.0,346.14,100.0,7.0,2023-06-09,7.0,346.14
20230612,H20955,中证红利低波动100全收益指数,红利低波100全收益,CSI Dividend Low Volatility 100 Total Return Index,Dividend Low Volatility100 TRI,,,,18760.46,-138.54,-0.73,4574300682.0,293.56,100.0,6.69,2023-06-12,6.69,293.56
20230613,H20955,中证红利低波动100全收益指数,红利低波100全收益,CSI Dividend Low Volatility 100 Total Return Index,Dividend Low Volatility100 TRI,,,,18715.58,-44.88,-0.24,3315493336.0,213.27,100.0,6.68,2023-06-13,6.68,213.27
20230614,H20955,中证红利低波动100全收益指数,红利低波100全收益,CSI Dividend Low Volatility 100 Total Return Index,Dividend Low Volatility100 TRI,,,,18614.48,-101.1,-0.54,4405201849.0,280.48,100.0,6.6,2023-06-14,6.6,280.48
20230615,H20955,中证红利低波动100全收益指数,红利低波100全收益,CSI Dividend Low Volatility 100 Total Return Index,Dividend Low Volatility100 TRI,,,,18644.7,30.22,0.16,3423959211.0,229.06,100.0,6.62,2023-06-15,6.62,229.06
20230616,H20955,中证红利低波动100全收益指数,红利低波100全收益,CSI Dividend Low Volatility 100 Total Return Index,Dividend Low Volatility100 TRI,,,,18639.58,-5.12,-0.03,3896349884.0,264.6,100.0,6.59,2023-06-16,6.59,264.6
20230619,H20955,中证红利低波动100全收益指数,红利低波100全收益,CSI Dividend Low Volatility 100 Total Return Index,Dividend Low Volatility100 TRI,,,,18423.18,-216.4,-1.16,4143787251.0,253.7,100.0,6.51,2023-06-19,6.51,253.7
20230620,H20955,中证红利低波动100全收益指数,红利低波100全收益,CSI Dividend Low Volatility 100 Total Return Index,Dividend Low Volatility100 TRI,,,,18302.37,-120.81,-0.66,3279017539.0,205.24,100.0,6.47,2023-06-20,6.47,205.24
20230621,H20955,中证红利低波动100全收益指数,红利低波100全收益,CSI Dividend Low Volatility 100 Total Return Index,Dividend Low Volatility100 TRI,,,,18176.4,-125.97,-0.69,3591784015.0,217.18,100.0,6.45,2023-06-21,6.45,217.18
20230626,H20955,中证红利低波动100全收益指数,红利低波100全收益,CSI Dividend Low Volatility 100 Total Return Index,Dividend Low Volatility100 TRI,,,,17922.29,-254.11,-1.4,4197061582.0,255.12,100.0,6.35,2023-06-26,6.35,255.12
20230627,H20955,中证红利低波动100全收益指数,红利低波100全收益,CSI Dividend Low Volatility 100 Total Return Index,Dividend Low Volatility100 TRI,,,,18221.67,299.38,1.67,3610723949.0,218.97,100.0,6.44,2023-06-27,6.44,218.97
20230628,H20955,中证红利低波动100全收益指数,红利低波100全收益,CSI Dividend Low Volatility 100 Total Return Index,Dividend Low Volatility100 TRI,,,,18294.3,72.63,0.4,3031762956.0,189.98,100.0,6.45,2023-06-28,6.45,189.98
20230629,H20955,中证红利低波动100全收益指数,红利低波100全收益,CSI Dividend Low Volatility 100 Total Return Index,Dividend Low Volatility100 TRI,,,,18284.46,-9.84,-0.05,2964418703.0,181.79,100.0,6.42,2023-06-29,6.42,181.79
20230630,H20955,中证红利低波动100全收益指数,红利低波100全收益,CSI Dividend Low Volatility 100 Total Return Index,Dividend Low Volatility100 TRI,,,,18390.19,105.72,0.58,3238145077.0,194.31,100.0,6.46,2023-06-30,6.46,194.31
20230703,H20955,中证红利低波动100全收益指数,红利低波100全收益,CSI Dividend Low Volatility 100 Total Return Index,Dividend Low Volatility100 TRI,,,,18596.34,206.15,1.12,4045944286.0,250.63,100.0,6.55,2023-07-03,6.55,250.63
20230704,H20955,中证红利低波动100全收益指数,红利低波100全收益,CSI Dividend Low Volatility 100 Total Return Index,Dividend Low Volatility100 TRI,,,,18506.79,-89.54,-0.48,3126433695.0,191.97,100.0,6.5,2023-07-04,6.5,191.97
20230705,H20955,中证红利低波动100全收益指数,红利低波100全收益,CSI Dividend Low Volatility 100 Total Return Index,Dividend Low Volatility100 TRI,,,,18483.33,-23.47,-0.13,2467749170.0,156.27,100.0,6.48,2023-07-05,6.48,156.27
20230706,H20955,中证红利低波动100全收益指数,红利低波100全收益,CSI Dividend Low Volatility 100 Total Return Index,Dividend Low Volatility100 TRI,,,,18395.51,-87.82,-0.48,3095943392.0,184.3,100.0,6.44,2023-07-06,6.44,184.3
20230707,H20955,中证红利低波动100全收益指数,红利低波100全收益,CSI Dividend Low Volatility 100 Total Return Index,Dividend Low Volatility100 TRI,,,,18492.01,96.51,0.52,3032335124.0,182.92,100.0,6.46,2023-07-07,6.46,182.92
20230710,H20955,中证红利低波动100全收益指数,红利低波100全收益,CSI Dividend Low Volatility 100 Total Return Index,Dividend Low Volatility100 TRI,,,,18548.73,56.72,0.31,2668182590.0,171.96,100.0,6.45,2023-07-10,6.45,171.96
20230711,H20955,中证红利低波动100全收益指数,红利低波100全收益,CSI Dividend Low Volatility 100 Total Return Index,Dividend Low Volatility100 TRI,,,,18624.28,75.55,0.41,2610251132.0,165.39,100.0,6.49,2023-07-11,6.49,165.39
20230712,H20955,中证红利低波动100全收益指数,红利低波100全收益,CSI Dividend Low Volatility 100 Total Return Index,Dividend Low Volatility100 TRI,,,,18498.85,-125.43,-0.67,2933797087.0,181.0,100.0,6.47,2023-07-12,6.47,181.0
20230713,H20955,中证红利低波动100全收益指数,红利低波100全收益,CSI Dividend Low Volatility 100 Total Return Index,Dividend Low Volatility100 TRI,,,,18704.83,205.98,1.11,3386218502.0,224.7,100.0,6.55,2023-07-13,6.55,224.7
20230714,H20955,中证红利低波动100全收益指数,红利低波100全收益,CSI Dividend Low Volatility 100 Total Return Index,Dividend Low Volatility100 TRI,,,,18726.92,22.09,0.12,3580745216.0,228.22,100.0,6.55,2023-07-14,6.55,228.22
20230717,H20955,中证红利低波动100全收益指数,红利低波100全收益,CSI Dividend Low Volatility 100 Total Return Index,Dividend Low Volatility100 TRI,,,,18720.44,-6.48,-0.03,3039373217.0,182.32,100.0,6.45,2023-07-17,6.45,182.32
20230718,H20955,中证红利低波动100全收益指数,红利低波100全收益,CSI Dividend Low Volatility 100 Total Return Index,Dividend Low Volatility100 TRI,,,,18734.69,14.24,0.08,2905565835.0,176.8,100.0,6.38,2023-07-18,6.38,176.8
20230719,H20955,中证红利低波动100全收益指数,红利低波100全收益,CSI Dividend Low Volatility 100 Total Return Index,Dividend Low Volatility100 TRI,,,,18841.37,106.68,0.57,2744285699.0,173.83,100.0,6.4,2023-07-19,6.4,173.83
20230720,H20955,中证红利低波动100全收益指数,红利低波100全收益,CSI Dividend Low Volatility 100 Total Return Index,Dividend Low Volatility100 TRI,,,,18762.05,-79.32,-0.42,2813103979.0,180.65,100.0,6.37,2023-07-20,6.37,180.65
20230721,H20955,中证红利低波动100全收益指数,红利低波100全收益,CSI Dividend Low Volatility 100 Total Return Index,Dividend Low Volatility100 TRI,,,,18823.85,61.8,0.33,2448375931.0,158.6,100.0,6.35,2023-07-21,6.35,158.6
20230724,H20955,中证红利低波动100全收益指数,红利低波100全收益,CSI Dividend Low Volatility 100 Total Return Index,Dividend Low Volatility100 TRI,,,,18864.29,40.44,0.21,2266850834.0,140.65,100.0,6.35,2023-07-24,6.35,140.65
20230725,H20955,中证红利低波动100全收益指数,红利低波100全收益,CSI Dividend Low Volatility 100 Total Return Index,Dividend Low Volatility100 TRI,,,,19146.19,281.9,1.49,4745371132.0,341.98,100.0,6.45,2023-07-25,6.45,341.98
20230726,H20955,中证红利低波动100全收益指数,红利低波100全收益,CSI Dividend Low Volatility 100 Total Return Index,Dividend Low Volatility100 TRI,,,,19210.65,64.46,0.34,3229482086.0,213.22,100.0,6.44,2023-07-26,6.44,213.22
20230727,H20955,中证红利低波动100全收益指数,红利低波100全收益,CSI Dividend Low Volatility 100 Total Return Index,Dividend Low Volatility100 TRI,,,,19285.57,74.93,0.39,4300428649.0,263.96,100.0,6.47,2023-07-27,6.47,263.96
20230728,H20955,中证红利低波动100全收益指数,红利低波100全收益,CSI Dividend Low Volatility 100 Total Return Index,Dividend Low Volatility100 TRI,,,,19685.45,399.88,2.07,6415879424.0,436.64,100.0,6.61,2023-07-28,6.61,436.64
20230731,H20955,中证红利低波动100全收益指数,红利低波100全收益,CSI Dividend Low Volatility 100 Total Return Index,Dividend Low Volatility100 TRI,,,,19856.71,171.26,0.87,7155637450.0,472.43,100.0,6.63,2023-07-31,6.63,472.43
20230801,H20955,中证红利低波动100全收益指数,红利低波100全收益,CSI Dividend Low Volatility 100 Total Return Index,Dividend Low Volatility100 TRI,,,,19897.49,40.78,0.21,5168467480.0,323.46,100.0,6.64,2023-08-01,6.64,323.46
20230802,H20955,中证红利低波动100全收益指数,红利低波100全收益,CSI Dividend Low Volatility 100 Total Return Index,Dividend Low Volatility100 TRI,,,,19783.47,-114.01,-0.57,5214507074.0,312.61,100.0,6.52,2023-08-02,6.52,312.61
20230803,H20955,中证红利低波动100全收益指数,红利低波100全收益,CSI Dividend Low Volatility 100 Total Return Index,Dividend Low Volatility100 TRI,,,,19885.63,102.15,0.52,4508147054.0,291.63,100.0,6.57,2023-08-03,6.57,291.63
20230804,H20955,中证红利低波动100全收益指数,红利低波100全收益,CSI Dividend Low Volatility 100 Total Return Index,Dividend Low Volatility100 TRI,,,,19879.84,-5.79,-0.03,5708438069.0,399.71,100.0,6.59,2023-08-04,6.59,399.71
20230807,H20955,中证红利低波动100全收益指数,红利低波100全收益,CSI Dividend Low Volatility 100 Total Return Index,Dividend Low Volatility100 TRI,,,,19700.87,-178.97,-0.9,4175800763.0,279.14,100.0,6.56,2023-08-07,6.56,279.14
20230808,H20955,中证红利低波动100全收益指数,红利低波100全收益,CSI Dividend Low Volatility 100 Total Return Index,Dividend Low Volatility100 TRI,,,,19671.14,-29.73,-0.15,3237978673.0,230.68,100.0,6.54,2023-08-08,6.54,230.68
20230809,H20955,中证红利低波动100全收益指数,红利低波100全收益,CSI Dividend Low Volatility 100 Total Return Index,Dividend Low Volatility100 TRI,,,,19621.51,-49.63,-0.25,2965378956.0,201.75,100.0,6.54,2023-08-09,6.54,201.75
20230810,H20955,中证红利低波动100全收益指数,红利低波100全收益,CSI Dividend Low Volatility 100 Total Return Index,Dividend Low Volatility100 TRI,,,,19668.6,47.08,0.24,2785845517.0,198.71,100.0,6.55,2023-08-10,6.55,198.71
20230811,H20955,中证红利低波动100全收益指数,红利低波100全收益,CSI Dividend Low Volatility 100 Total Return Index,Dividend Low Volatility100 TRI,,,,19332.09,-336.51,-1.71,3972592739.0,263.75,100.0,6.42,2023-08-11,6.42,263.75
20230814,H20955,中证红利低波动100全收益指数,红利低波100全收益,CSI Dividend Low Volatility 100 Total Return Index,Dividend Low Volatility100 TRI,,,,19317.27,-14.82,-0.08,3691978343.0,245.8,100.0,6.38,2023-08-14,6.38,245.8
20230815,H20955,中证红利低波动100全收益指数,红利低波100全收益,CSI Dividend Low Volatility 100 Total Return Index,Dividend Low Volatility100 TRI,,,,19446.78,129.52,0.67,3811737430.0,236.91,100.0,6.47,2023-08-15,6.47,236.91
20230816,H20955,中证红利低波动100全收益指数,红利低波100全收益,CSI Dividend Low Volatility 100 Total Return Index,Dividend Low Volatility100 TRI,,,,19464.33,17.54,0.09,3108144485.0,204.38,100.0,6.45,2023-08-16,6.45,204.38
20230817,H20955,中证红利低波动100全收益指数,红利低波100全收益,CSI Dividend Low Volatility 100 Total Return Index,Dividend Low Volatility100 TRI,,,,19454.91,-9.42,-0.05,3551386758.0,228.07,100.0,6.43,2023-08-17,6.43,228.07
20230818,H20955,中证红利低波动100全收益指数,红利低波100全收益,CSI Dividend Low Volatility 100 Total Return Index,Dividend Low Volatility100 TRI,,,,19374.34,-80.57,-0.41,3774522444.0,232.82,100.0,6.43,2023-08-18,6.43,232.82
20230821,H20955,中证红利低波动100全收益指数,红利低波100全收益,CSI Dividend Low Volatility 100 Total Return Index,Dividend Low Volatility100 TRI,,,,19173.42,-200.91,-1.04,3748475354.0,249.08,100.0,6.34,2023-08-21,6.34,249.08
20230822,H20955,中证红利低波动100全收益指数,红利低波100全收益,CSI Dividend Low Volatility 100 Total Return Index,Dividend Low Volatility100 TRI,,,,19267.95,94.52,0.49,3908857463.0,247.99,100.0,6.42,2023-08-22,6.42,247.99
20230823,H20955,中证红利低波动100全收益指数,红利低波100全收益,CSI Dividend Low Volatility 100 Total Return Index,Dividend Low Volatility100 TRI,,,,19161.85,-106.1,-0.55,3510430014.0,215.7,100.0,6.41,2023-08-23,6.41,215.7
20230824,H20955,中证红利低波动100全收益指数,红利低波100全收益,CSI Dividend Low Volatility 100 Total Return Index,Dividend Low Volatility100 TRI,,,,19026.68,-135.17,-0.71,3692778603.0,227.79,100.0,6.36,2023-08-24,6.36,227.79
20230825,H20955,中证红利低波动100全收益指数,红利低波100全收益,CSI Dividend Low Volatility 100 Total Return Index,Dividend Low Volatility100 TRI,,,,19127.78,101.1,0.53,3829124593.0,227.77,100.0,6.41,2023-08-25,6.41,227.77
20230828,H20955,中证红利低波动100全收益指数,红利低波100全收益,CSI Dividend Low Volatility 100 Total Return Index,Dividend Low Volatility100 TRI,,,,19394.02,266.24,1.39,7152767553.0,500.39,100.0,6.49,2023-08-28,6.49,500.39
20230829,H20955,中证红利低波动100全收益指数,红利低波100全收益,CSI Dividend Low Volatility 100 Total Return Index,Dividend Low Volatility100 TRI,,,,19320.49,-73.53,-0.38,6014954562.0,381.9,100.0,6.42,2023-08-29,6.42,381.9
20230830,H20955,中证红利低波动100全收益指数,红利低波100全收益,CSI Dividend Low Volatility 100 Total Return Index,Dividend Low Volatility100 TRI,,,,19121.49,-199.0,-1.03,4720424685.0,295.83,100.0,6.38,2023-08-30,6.38,295.83
20230831,H20955,中证红利低波动100全收益指数,红利低波100全收益,CSI Dividend Low Volatility 100 Total Return Index,Dividend Low Volatility100 TRI,,,,18996.35,-125.15,-0.65,4489796437.0,292.9,100.0,6.36,2023-08-31,6.36,292.9
20230901,H20955,中证红利低波动100全收益指数,红利低波100全收益,CSI Dividend Low Volatility 100 Total Return Index,Dividend Low Volatility100 TRI,,,,19175.21,178.86,0.94,3862038119.0,253.05,100.0,6.37,2023-09-01,6.37,253.05
20230904,H20955,中证红利低波动100全收益指数,红利低波100全收益,CSI Dividend Low Volatility 100 Total Return Index,Dividend Low Volatility100 TRI,,,,19483.65,308.44,1.61,5417690718.0,356.67,100.0,6.45,2023-09-04,6.45,356.67
20230905,H20955,中证红利低波动100全收益指数,红利低波100全收益,CSI Dividend Low Volatility 100 Total Return Index,Dividend Low Volatility100 TRI,,,,19309.32,-174.33,-0.89,3746332642.0,250.73,100.0,6.41,2023-09-05,6.41,250.73
20230906,H20955,中证红利低波动100全收益指数,红利低波100全收益,CSI Dividend Low Volatility 100 Total Return Index,Dividend Low Volatility100 TRI,,,,19218.77,-90.55,-0.47,2920031891.0,188.43,100.0,6.41,2023-09-06,6.41,188.43
20230907,H20955,中证红利低波动100全收益指数,红利低波100全收益,CSI Dividend Low Volatility 100 Total Return Index,Dividend Low Volatility100 TRI,,,,19087.64,-131.13,-0.68,3557539623.0,219.13,100.0,6.39,2023-09-07,6.39,219.13
20230908,H20955,中证红利低波动100全收益指数,红利低波100全收益,CSI Dividend Low Volatility 100 Total Return Index,Dividend Low Volatility100 TRI,,,,18924.51,-163.13,-0.85,2591157431.0,161.48,100.0,6.36,2023-09-08,6.36,161.48
20230911,H20955,中证红利低波动100全收益指数,红利低波100全收益,CSI Dividend Low Volatility 100 Total Return Index,Dividend Low Volatility100 TRI,,,,19093.97,169.46,0.9,3655483135.0,232.46,100.0,6.34,2023-09-11,6.34,232.46
20230912,H20955,中证红利低波动100全收益指数,红利低波100全收益,CSI Dividend Low Volatility 100 Total Return Index,Dividend Low Volatility100 TRI,,,,19101.75,7.78,0.04,2506399242.0,162.16,100.0,6.35,2023-09-12,6.35,162.16
20230913,H20955,中证红利低波动100全收益指数,红利低波100全收益,CSI Dividend Low Volatility 100 Total Return Index,Dividend Low Volatility100 TRI,,,,19065.65,-36.1,-0.19,2908571868.0,187.4,100.0,6.36,2023-09-13,6.36,187.4
20230914,H20955,中证红利低波动100全收益指数,红利低波100全收益,CSI Dividend Low Volatility 100 Total Return Index,Dividend Low Volatility100 TRI,,,,19193.71,128.06,0.67,4152163057.0,256.35,100.0,6.43,2023-09-14,6.43,256.35
20230915,H20955,中证红利低波动100全收益指数,红利低波100全收益,CSI Dividend Low Volatility 100 Total Return Index,Dividend Low Volatility100 TRI,,,,19169.87,-23.84,-0.12,4247114049.0,259.59,100.0,6.37,2023-09-15,6.37,259.59
20230918,H20955,中证红利低波动100全收益指数,红利低波100全收益,CSI Dividend Low Volatility 100 Total Return Index,Dividend Low Volatility100 TRI,,,,19194.91,25.04,0.13,3255289956.0,198.55,100.0,6.38,2023-09-18,6.38,198.55
20230919,H20955,中证红利低波动100全收益指数,红利低波100全收益,CSI Dividend Low Volatility 100 Total Return Index,Dividend Low Volatility100 TRI,,,,19288.53,93.61,0.49,3657921986.0,220.92,100.0,6.43,2023-09-19,6.43,220.92
20230920,H20955,中证红利低波动100全收益指数,红利低波100全收益,CSI Dividend Low Volatility 100 Total Return Index,Dividend Low Volatility100 TRI,,,,19304.44,15.91,0.08,3420675115.0,202.09,100.0,6.46,2023-09-20,6.46,202.09
20230921,H20955,中证红利低波动100全收益指数,红利低波100全收益,CSI Dividend Low Volatility 100 Total Return Index,Dividend Low Volatility100 TRI,,,,19151.23,-153.21,-0.79,3209420742.0,194.63,100.0,6.42,2023-09-21,6.42,194.63
20230922,H20955,中证红利低波动100全收益指数,红利低波100全收益,CSI Dividend Low Volatility 100 Total Return Index,Dividend Low Volatility100 TRI,,,,19247.02,95.79,0.5,3907877434.0,241.62,100.0,6.47,2023-09-22,6.47,241.62
20230925,H20955,中证红利低波动100全收益指数,红利低波100全收益,CSI Dividend Low Volatility 100 Total Return Index,Dividend Low Volatility100 TRI,,,,19207.28,-39.75,-0.21,3493427967.0,216.8,100.0,6.47,2023-09-25,6.47,216.8
20230926,H20955,中证红利低波动100全收益指数,红利低波100全收益,CSI Dividend Low Volatility 100 Total Return Index,Dividend Low Volatility100 TRI,,,,19107.92,-99.36,-0.52,2601267820.0,159.77,100.0,6.45,2023-09-26,6.45,159.77
20230927,H20955,中证红利低波动100全收益指数,红利低波100全收益,CSI Dividend Low Volatility 100 Total Return Index,Dividend Low Volatility100 TRI,,,,19032.62,-75.31,-0.39,3136570570.0,187.59,100.0,6.4,2023-09-27,6.4,187.59
20230928,H20955,中证红利低波动100全收益指数,红利低波100全收益,CSI Dividend Low Volatility 100 Total Return Index,Dividend Low Volatility100 TRI,,,,19054.75,22.14,0.12,2810211406.0,175.13,100.0,6.42,2023-09-28,6.42,175.13
20231009,H20955,中证红利低波动100全收益指数,红利低波100全收益,CSI Dividend Low Volatility 100 Total Return Index,Dividend Low Volatility100 TRI,,,,18989.33,-65.43,-0.34,3626765004.0,219.97,100.0,6.42,2023-10-09,6.42,219.97
20231010,H20955,中证红利低波动100全收益指数,红利低波100全收益,CSI Dividend Low Volatility 100 Total Return Index,Dividend Low Volatility100 TRI,,,,18832.2,-157.12,-0.83,3244130015.0,192.83,100.0,6.39,2023-10-10,6.39,192.83
20231011,H20955,中证红利低波动100全收益指数,红利低波100全收益,CSI Dividend Low Volatility 100 Total Return Index,Dividend Low Volatility100 TRI,,,,18762.29,-69.91,-0.37,3539986021.0,211.6,100.0,6.39,2023-10-11,6.39,211.6
20231012,H20955,中证红利低波动100全收益指数,红利低波100全收益,CSI Dividend Low Volatility 100 Total Return Index,Dividend Low Volatility100 TRI,,,,19004.85,242.56,1.29,4723732580.0,258.74,100.0,6.48,2023-10-12,6.48,258.74
20231013,H20955,中证红利低波动100全收益指数,红利低波100全收益,CSI Dividend Low Volatility 100 Total Return Index,Dividend Low Volatility100 TRI,,,,18945.52,-59.33,-0.31,4124124240.0,231.04,100.0,6.5,2023-10-13,6.5,231.04
20231016,H20955,中证红利低波动100全收益指数,红利低波100全收益,CSI Dividend Low Volatility 100 Total Return Index,Dividend Low Volatility100 TRI,,,,18968.08,22.56,0.12,3392239903.0,205.23,100.0,6.51,2023-10-16,6.51,205.23
20231017,H20955,中证红利低波动100全收益指数,红利低波100全收益,CSI Dividend Low Volatility 100 Total Return Index,Dividend Low Volatility100 TRI,,,,19023.14,55.06,0.29,2832820114.0,183.45,100.0,6.53,2023-10-17,6.53,183.45
20231018,H20955,中证红利低波动100全收益指数,红利低波100全收益,CSI Dividend Low Volatility 100 Total Return Index,Dividend Low Volatility100 TRI,,,,18843.99,-179.15,-0.94,3403569691.0,211.26,100.0,6.52,2023-10-18,6.52,211.26
20231019,H20955,中证红利低波动100全收益指数,红利低波100全收益,CSI Dividend Low Volatility 100 Total Return Index,Dividend Low Volatility100 TRI,,,,18528.96,-315.03,-1.67,4379974751.0,261.71,100.0,6.39,2023-10-19,6.39,261.71
20231020,H20955,中证红利低波动100全收益指数,红利低波100全收益,CSI Dividend Low Volatility 100 Total Return Index,Dividend Low Volatility100 TRI,,,,18472.48,-56.48,-0.3,3460035133.0,206.93,100.0,6.36,2023-10-20,6.36,206.93
20231023,H20955,中证红利低波动100全收益指数,红利低波100全收益,CSI Dividend Low Volatility 100 Total Return Index,Dividend Low Volatility100 TRI,,,,18161.65,-310.82,-1.68,3451228001.0,199.67,100.0,6.32,2023-10-23,6.32,199.67
20231024,H20955,中证红利低波动100全收益指数,红利低波100全收益,CSI Dividend Low Volatility 100 Total Return Index,Dividend Low Volatility100 TRI,,,,18276.49,114.83,0.63,4041179738.0,230.48,100.0,6.29,2023-10-24,6.29,230.48
20231025,H20955,中证红利低波动100全收益指数,红利低波100全收益,CSI Dividend Low Volatility 100 Total Return Index,Dividend Low Volatility100 TRI,,,,18532.18,255.69,1.4,4414301730.0,263.52,100.0,6.29,2023-10-25,6.29,263.52
20231026,H20955,中证红利低波动100全收益指数,红利低波100全收益,CSI Dividend Low Volatility 100 Total Return Index,Dividend Low Volatility100 TRI,,,,18608.86,76.69,0.41,3670028419.0,216.61,100.0,6.36,2023-10-26,6.36,216.61
20231027,H20955,中证红利低波动100全收益指数,红利低波100全收益,CSI Dividend Low Volatility 100 Total Return Index,Dividend Low Volatility100 TRI,,,,18745.42,136.56,0.73,4009230895.0,247.38,100.0,6.37,2023-10-27,6.37,247.38
20231030,H20955,中证红利低波动100全收益指数,红利低波100全收益,CSI Dividend Low Volatility 100 Total Return Index,Dividend Low Volatility100 TRI,,,,18634.92,-110.5,-0.59,5341620358.0,307.52,100.0,6.28,2023-10-30,6.28,307.52
20231031,H20955,中证红利低波动100全收益指数,红利低波100全收益,CSI Dividend Low Volatility 100 Total Return Index,Dividend Low Volatility100 TRI,,,,18653.03,18.12,0.1,4131424217.0,277.65,100.0,6.32,2023-10-31,6.32,277.65
20231101,H20955,中证红利低波动100全收益指数,红利低波100全收益,CSI Dividend Low Volatility 100 Total Return Index,Dividend Low Volatility100 TRI,,,,18646.64,-6.4,-0.03,3944665160.0,233.85,100.0,6.33,2023-11-01,6.33,233.85
20231102,H20955,中证红利低波动100全收益指数,红利低波100全收益,CSI Dividend Low Volatility 100 Total Return Index,Dividend Low Volatility100 TRI,,,,18640.76,-5.88,-0.03,3282928172.0,194.28,100.0,6.37,2023-11-02,6.37,194.28
20231103,H20955,中证红利低波动100全收益指数,红利低波100全收益,CSI Dividend Low Volatility 100 Total Return Index,Dividend Low Volatility100 TRI,,,,18590.99,-49.76,-0.27,3501412348.0,203.25,100.0,6.33,2023-11-03,6.33,203.25
20231106,H20955,中证红利低波动100全收益指数,红利低波100全收益,CSI Dividend Low Volatility 100 Total Return Index,Dividend Low Volatility100 TRI,,,,18604.27,13.28,0.07,5083059168.0,307.62,100.0,6.29,2023-11-06,6.29,307.62
20231107,H20955,中证红利低波动100全收益指数,红利低波100全收益,CSI Dividend Low Volatility 100 Total Return Index,Dividend Low Volatility100 TRI,,,,18589.44,-14.83,-0.08,3330508759.0,201.62,100.0,6.31,2023-11-07,6.31,201.62
20231108,H20955,中证红利低波动100全收益指数,红利低波100全收益,CSI Dividend Low Volatility 100 Total Return Index,Dividend Low Volatility100 TRI,,,,18491.52,-97.92,-0.53,3225695939.0,191.41,100.0,6.29,2023-11-08,6.29,191.41
20231109,H20955,中证红利低波动100全收益指数,红利低波100全收益,CSI Dividend Low Volatility 100 Total Return Index,Dividend Low Volatility100 TRI,,,,18551.24,59.72,0.32,3357416220.0,206.84,100.0,6.35,2023-11-09,6.35,206.84
20231110,H20955,中证红利低波动100全收益指数,红利低波100全收益,CSI Dividend Low Volatility 100 Total Return Index,Dividend Low Volatility100 TRI,,,,18515.66,-35.58,-0.19,3161376000.0,194.34,100.0,6.34,2023-11-10,6.34,194.34
20231113,H20955,中证红利低波动100全收益指数,红利低波100全收益,CSI Dividend Low Volatility 100 Total Return Index,Dividend Low Volatility100 TRI,,,,18556.13,40.47,0.22,2992436772.0,178.13,100.0,6.33,2023-11-13,6.33,178.13
20231114,H20955,中证红利低波动100全收益指数,红利低波100全收益,CSI Dividend Low Volatility 100 Total Return Index,Dividend Low Volatility100 TRI,,,,18618.1,61.97,0.33,3254983744.0,200.61,100.0,6.34,2023-11-14,6.34,200.61
20231115,H20955,中证红利低波动100全收益指数,红利低波100全收益,CSI Dividend Low Volatility 100 Total Return Index,Dividend Low Volatility100 TRI,,,,18744.1,126.0,0.68,3079254665.0,190.57,100.0,6.36,2023-11-15,6.36,190.57
20231116,H20955,中证红利低波动100全收益指数,红利低波100全收益,CSI Dividend Low Volatility 100 Total Return Index,Dividend Low Volatility100 TRI,,,,18732.59,-11.51,-0.06,3059147233.0,193.12,100.0,6.36,2023-11-16,6.36,193.12
20231117,H20955,中证红利低波动100全收益指数,红利低波100全收益,CSI Dividend Low Volatility 100 Total Return Index,Dividend Low Volatility100 TRI,,,,18724.23,-8.36,-0.04,2895427539.0,181.84,100.0,6.34,2023-11-17,6.34,181.84
20231120,H20955,中证红利低波动100全收益指数,红利低波100全收益,CSI Dividend Low Volatility 100 Total Return Index,Dividend Low Volatility100 TRI,,,,18780.61,56.38,0.3,2997551497.0,189.82,100.0,6.36,2023-11-20,6.36,189.82
20231121,H20955,中证红利低波动100全收益指数,红利低波100全收益,CSI Dividend Low Volatility 100 Total Return Index,Dividend Low Volatility100 TRI,,,,18816.84,36.23,0.19,3320601248.0,209.49,100.0,6.38,2023-11-21,6.38,209.49
20231122,H20955,中证红利低波动100全收益指数,红利低波100全收益,CSI Dividend Low Volatility 100 Total Return Index,Dividend Low Volatility100 TRI,,,,18735.59,-81.26,-0.43,2504881240.0,154.95,100.0,6.36,2023-11-22,6.36,154.95
20231123,H20955,中证红利低波动100全收益指数,红利低波100全收益,CSI Dividend Low Volatility 100 Total Return Index,Dividend Low Volatility100 TRI,,,,18907.24,171.65,0.92,2684257597.0,171.33,100.0,6.37,2023-11-23,6.37,171.33
20231124,H20955,中证红利低波动100全收益指数,红利低波100全收益,CSI Dividend Low Volatility 100 Total Return Index,Dividend Low Volatility100 TRI,,,,18973.3,66.07,0.35,3041056048.0,189.49,100.0,6.38,2023-11-24,6.38,189.49
20231127,H20955,中证红利低波动100全收益指数,红利低波100全收益,CSI Dividend Low Volatility 100 Total Return Index,Dividend Low Volatility100 TRI,,,,18876.26,-97.05,-0.51,3637877121.0,232.02,100.0,6.36,2023-11-27,6.36,232.02
20231128,H20955,中证红利低波动100全收益指数,红利低波100全收益,CSI Dividend Low Volatility 100 Total Return Index,Dividend Low Volatility100 TRI,,,,18933.86,57.6,0.31,2994898798.0,192.23,100.0,6.36,2023-11-28,6.36,192.23
20231129,H20955,中证红利低波动100全收益指数,红利低波100全收益,CSI Dividend Low Volatility 100 Total Return Index,Dividend Low Volatility100 TRI,,,,18788.34,-145.52,-0.77,3435661815.0,218.0,100.0,6.33,2023-11-29,6.33,218.0
20231130,H20955,中证红利低波动100全收益指数,红利低波100全收益,CSI Dividend Low Volatility 100 Total Return Index,Dividend Low Volatility100 TRI,,,,18825.79,37.45,0.2,3565434253.0,228.49,100.0,6.37,2023-11-30,6.37,228.49
20231201,H20955,中证红利低波动100全收益指数,红利低波100全收益,CSI Dividend Low Volatility 100 Total Return Index,Dividend Low Volatility100 TRI,,,,18887.39,61.6,0.33,3457625087.0,216.82,100.0,6.38,2023-12-01,6.38,216.82
20231204,H20955,中证红利低波动100全收益指数,红利低波100全收益,CSI Dividend Low Volatility 100 Total Return Index,Dividend Low Volatility100 TRI,,,,18879.55,-7.84,-0.04,2910263708.0,181.94,100.0,6.37,2023-12-04,6.37,181.94
20231205,H20955,中证红利低波动100全收益指数,红利低波100全收益,CSI Dividend Low Volatility 100 Total Return Index,Dividend Low Volatility100 TRI,,,,18700.23,-179.32,-0.95,3388782621.0,211.45,100.0,6.3,2023-12-05,6.3,211.45
20231206,H20955,中证红利低波动100全收益指数,红利低波100全收益,CSI Dividend Low Volatility 100 Total Return Index,Dividend Low Volatility100 TRI,,,,18722.54,22.31,0.12,4008048203.0,237.58,100.0,6.25,2023-12-06,6.25,237.58
20231207,H20955,中证红利低波动100全收益指数,红利低波100全收益,CSI Dividend Low Volatility 100 Total Return Index,Dividend Low Volatility100 TRI,,,,18652.82,-69.73,-0.37,3652896232.0,219.26,100.0,6.26,2023-12-07,6.26,219.26
20231208,H20955,中证红利低波动100全收益指数,红利低波100全收益,CSI Dividend Low Volatility 100 Total Return Index,Dividend Low Volatility100 TRI,,,,18615.87,-36.95,-0.2,5120111993.0,303.8,100.0,6.27,2023-12-08,6.27,303.8
20231211,H20955,中证红利低波动100全收益指数,红利低波100全收益,CSI Dividend Low Volatility 100 Total Return Index,Dividend Low Volatility100 TRI,,,,18753.59,137.72,0.74,4531455592.0,280.53,100.0,5.98,2023-12-11,5.98,280.53
20231212,H20955,中证红利低波动100全收益指数,红利低波100全收益,CSI Dividend Low Volatility 100 Total Return Index,Dividend Low Volatility100 TRI,,,,18823.35,69.76,0.37,3244906235.0,198.18,100.0,6.04,2023-12-12,6.04,198.18
20231213,H20955,中证红利低波动100全收益指数,红利低波100全收益,CSI Dividend Low Volatility 100 Total Return Index,Dividend Low Volatility100 TRI,,,,18724.84,-98.51,-0.52,2662911243.0,171.72,100.0,6.01,2023-12-13,6.01,171.72
20231214,H20955,中证红利低波动100全收益指数,红利低波100全收益,CSI Dividend Low Volatility 100 Total Return Index,Dividend Low Volatility100 TRI,,,,18677.44,-47.4,-0.25,2174971519.0,141.75,100.0,6.0,2023-12-14,6.0,141.75
20231215,H20955,中证红利低波动100全收益指数,红利低波100全收益,CSI Dividend Low Volatility 100 Total Return Index,Dividend Low Volatility100 TRI,,,,18542.84,-134.6,-0.72,2698834470.0,172.19,100.0,5.94,2023-12-15,5.94,172.19
20231218,H20955,中证红利低波动100全收益指数,红利低波100全收益,CSI Dividend Low Volatility 100 Total Return Index,Dividend Low Volatility100 TRI,,,,18464.26,-78.59,-0.42,2909318660.0,174.12,100.0,5.98,2023-12-18,5.98,174.12
20231219,H20955,中证红利低波动100全收益指数,红利低波100全收益,CSI Dividend Low Volatility 100 Total Return Index,Dividend Low Volatility100 TRI,,,,18437.11,-27.15,-0.15,2370757853.0,152.43,100.0,5.98,2023-12-19,5.98,152.43
20231220,H20955,中证红利低波动100全收益指数,红利低波100全收益,CSI Dividend Low Volatility 100 Total Return Index,Dividend Low Volatility100 TRI,,,,18351.9,-85.21,-0.46,2729390916.0,174.71,100.0,5.97,2023-12-20,5.97,174.71
20231221,H20955,中证红利低波动100全收益指数,红利低波100全收益,CSI Dividend Low Volatility 100 Total Return Index,Dividend Low Volatility100 TRI,,,,18340.43,-11.47,-0.06,3210990790.0,197.23,100.0,5.97,2023-12-21,5.97,197.23
20231222,H20955,中证红利低波动100全收益指数,红利低波100全收益,CSI Dividend Low Volatility 100 Total Return Index,Dividend Low Volatility100 TRI,,,,18324.16,-16.27,-0.09,2962997451.0,188.37,100.0,5.98,2023-12-22,5.98,188.37
20231225,H20955,中证红利低波动100全收益指数,红利低波100全收益,CSI Dividend Low Volatility 100 Total Return Index,Dividend Low Volatility100 TRI,,,,18284.26,-39.9,-0.22,2091511734.0,132.97,100.0,6.01,2023-12-25,6.01,132.97
20231226,H20955,中证红利低波动100全收益指数,红利低波100全收益,CSI Dividend Low Volatility 100 Total Return Index,Dividend Low Volatility100 TRI,,,,18267.82,-16.44,-0.09,2245110468.0,148.19,100.0,6.01,2023-12-26,6.01,148.19
20231227,H20955,中证红利低波动100全收益指数,红利低波100全收益,CSI Dividend Low Volatility 100 Total Return Index,Dividend Low Volatility100 TRI,,,,18343.51,75.69,0.41,2692189584.0,166.2,100.0,6.03,2023-12-27,6.03,166.2
20231228,H20955,中证红利低波动100全收益指数,红利低波100全收益,CSI Dividend Low Volatility 100 Total Return Index,Dividend Low Volatility100 TRI,,,,18418.46,74.95,0.41,4202167879.0,261.72,100.0,6.01,2023-12-28,6.01,261.72
20231229,H20955,中证红利低波动100全收益指数,红利低波100全收益,CSI Dividend Low Volatility 100 Total Return Index,Dividend Low Volatility100 TRI,,,,18463.33,44.87,0.24,2947385350.0,190.07,100.0,6.03,2023-12-29,6.03,190.07
20240102,H20955,中证红利低波动100全收益指数,红利低波100全收益,CSI Dividend Low Volatility 100 Total Return Index,Dividend Low Volatility100 TRI,,,,18615.58,152.25,0.82,3578484799.0,231.3,100.0,6.05,2024-01-02,6.05,231.3
20240103,H20955,中证红利低波动100全收益指数,红利低波100全收益,CSI Dividend Low Volatility 100 Total Return Index,Dividend Low Volatility100 TRI,,,,18768.5,152.91,0.82,3368432193.0,210.76,100.0,6.1,2024-01-03,6.1,210.76
20240104,H20955,中证红利低波动100全收益指数,红利低波100全收益,CSI Dividend Low Volatility 100 Total Return Index,Dividend Low Volatility100 TRI,,,,18803.3,34.81,0.19,3460362460.0,218.91,100.0,6.14,2024-01-04,6.14,218.91
20240105,H20955,中证红利低波动100全收益指数,红利低波100全收益,CSI Dividend Low Volatility 100 Total Return Index,Dividend Low Volatility100 TRI,,,,18819.66,16.36,0.09,4681995901.0,289.5,100.0,6.14,2024-01-05,6.14,289.5
20240108,H20955,中证红利低波动100全收益指数,红利低波100全收益,CSI Dividend Low Volatility 100 Total Return Index,Dividend Low Volatility100 TRI,,,,18577.26,-242.41,-1.29,3735860717.0,240.46,100.0,6.11,2024-01-08,6.11,240.46
20240109,H20955,中证红利低波动100全收益指数,红利低波100全收益,CSI Dividend Low Volatility 100 Total Return Index,Dividend Low Volatility100 TRI,,,,18675.02,97.77,0.53,3276649908.0,211.97,100.0,6.12,2024-01-09,6.12,211.97
20240110,H20955,中证红利低波动100全收益指数,红利低波100全收益,CSI Dividend Low Volatility 100 Total Return Index,Dividend Low Volatility100 TRI,,,,18603.02,-72.0,-0.39,2668563553.0,178.22,100.0,6.09,2024-01-10,6.09,178.22
20240111,H20955,中证红利低波动100全收益指数,红利低波100全收益,CSI Dividend Low Volatility 100 Total Return Index,Dividend Low Volatility100 TRI,,,,18599.49,-3.54,-0.02,3359569165.0,211.96,100.0,6.04,2024-01-11,6.04,211.96
20240112,H20955,中证红利低波动100全收益指数,红利低波100全收益,CSI Dividend Low Volatility 100 Total Return Index,Dividend Low Volatility100 TRI,,,,18672.1,72.61,0.39,2824702927.0,177.5,100.0,6.09,2024-01-12,6.09,177.5
20240115,H20955,中证红利低波动100全收益指数,红利低波100全收益,CSI Dividend Low Volatility 100 Total Return Index,Dividend Low Volatility100 TRI,,,,18722.6,50.5,0.27,2674941763.0,169.04,100.0,6.12,2024-01-15,6.12,169.04
20240116,H20955,中证红利低波动100全收益指数,红利低波100全收益,CSI Dividend Low Volatility 100 Total Return Index,Dividend Low Volatility100 TRI,,,,18792.07,69.46,0.37,3624929375.0,226.91,100.0,6.16,2024-01-16,6.16,226.91
20240117,H20955,中证红利低波动100全收益指数,红利低波100全收益,CSI Dividend Low Volatility 100 Total Return Index,Dividend Low Volatility100 TRI,,,,18539.36,-252.71,-1.34,3760224765.0,243.62,100.0,6.1,2024-01-17,6.1,243.62
20240118,H20955,中证红利低波动100全收益指数,红利低波100全收益,CSI Dividend Low Volatility 100 Total Return Index,Dividend Low Volatility100 TRI,,,,18379.02,-160.35,-0.86,6022743403.0,370.66,100.0,6.09,2024-01-18,6.09,370.66
20240119,H20955,中证红利低波动100全收益指数,红利低波100全收益,CSI Dividend Low Volatility 100 Total Return Index,Dividend Low Volatility100 TRI,,,,18280.78,-98.24,-0.53,3586181580.0,242.09,100.0,6.08,2024-01-19,6.08,242.09
20240122,H20955,中证红利低波动100全收益指数,红利低波100全收益,CSI Dividend Low Volatility 100 Total Return Index,Dividend Low Volatility100 TRI,,,,17660.91,-619.86,-3.39,5041918348.0,322.45,100.0,6.03,2024-01-22,6.03,322.45
20240123,H20955,中证红利低波动100全收益指数,红利低波100全收益,CSI Dividend Low Volatility 100 Total Return Index,Dividend Low Volatility100 TRI,,,,17818.27,157.36,0.89,3860122945.0,240.09,100.0,6.04,2024-01-23,6.04,240.09
20240124,H20955,中证红利低波动100全收益指数,红利低波100全收益,CSI Dividend Low Volatility 100 Total Return Index,Dividend Low Volatility100 TRI,,,,18243.83,425.55,2.39,4449374006.0,276.53,100.0,6.17,2024-01-24,6.17,276.53
20240125,H20955,中证红利低波动100全收益指数,红利低波100全收益,CSI Dividend Low Volatility 100 Total Return Index,Dividend Low Volatility100 TRI,,,,18729.6,485.77,2.66,4831286493.0,304.83,100.0,6.26,2024-01-25,6.26,304.83
20240126,H20955,中证红利低波动100全收益指数,红利低波100全收益,CSI Dividend Low Volatility 100 Total Return Index,Dividend Low Volatility100 TRI,,,,18935.67,206.07,1.1,5287424021.0,325.47,100.0,6.35,2024-01-26,6.35,325.47
20240129,H20955,中证红利低波动100全收益指数,红利低波100全收益,CSI Dividend Low Volatility 100 Total Return Index,Dividend Low Volatility100 TRI,,,,18895.56,-40.11,-0.21,5350880562.0,329.27,100.0,6.39,2024-01-29,6.39,329.27
20240130,H20955,中证红利低波动100全收益指数,红利低波100全收益,CSI Dividend Low Volatility 100 Total Return Index,Dividend Low Volatility100 TRI,,,,18610.91,-284.65,-1.51,4233636513.0,267.46,100.0,6.34,2024-01-30,6.34,267.46
20240131,H20955,中证红利低波动100全收益指数,红利低波100全收益,CSI Dividend Low Volatility 100 Total Return Index,Dividend Low Volatility100 TRI,,,,18417.81,-193.1,-1.04,4570246039.0,298.54,100.0,6.36,2024-01-31,6.36,298.54
20240201,H20955,中证红利低波动100全收益指数,红利低波100全收益,CSI Dividend Low Volatility 100 Total Return Index,Dividend Low Volatility100 TRI,,,,18234.05,-183.76,-1.0,4263230706.0,272.38,100.0,6.32,2024-02-01,6.32,272.38
20240202,H20955,中证红利低波动100全收益指数,红利低波100全收益,CSI Dividend Low Volatility 100 Total Return Index,Dividend Low Volatility100 TRI,,,,18073.23,-160.81,-0.88,5715117165.0,366.61,100.0,6.35,2024-02-02,6.35,366.61
20240205,H20955,中证红利低波动100全收益指数,红利低波100全收益,CSI Dividend Low Volatility 100 Total Return Index,Dividend Low Volatility100 TRI,,,,17866.01,-207.23,-1.15,7234269968.0,461.38,100.0,6.44,2024-02-05,6.44,461.38
20240206,H20955,中证红利低波动100全收益指数,红利低波100全收益,CSI Dividend Low Volatility 100 Total Return Index,Dividend Low Volatility100 TRI,,,,18472.93,606.92,3.4,7097894593.0,466.74,100.0,6.52,2024-02-06,6.52,466.74
20240207,H20955,中证红利低波动100全收益指数,红利低波100全收益,CSI Dividend Low Volatility 100 Total Return Index,Dividend Low Volatility100 TRI,,,,18921.42,448.49,2.43,8750347682.0,554.32,100.0,6.51,2024-02-07,6.51,554.32
20240208,H20955,中证红利低波动100全收益指数,红利低波100全收益,CSI Dividend Low Volatility 100 Total Return Index,Dividend Low Volatility100 TRI,,,,19035.77,114.35,0.6,7309093757.0,461.15,100.0,6.47,2024-02-08,6.47,461.15
20240219,H20955,中证红利低波动100全收益指数,红利低波100全收益,CSI Dividend Low Volatility 100 Total Return Index,Dividend Low Volatility100 TRI,,,,19160.17,124.4,0.65,6255227838.0,407.96,100.0,6.61,2024-02-19,6.61,407.96
20240220,H20955,中证红利低波动100全收益指数,红利低波100全收益,CSI Dividend Low Volatility 100 Total Return Index,Dividend Low Volatility100 TRI,,,,19305.03,144.86,0.76,4446760615.0,303.52,100.0,6.68,2024-02-20,6.68,303.52
20240221,H20955,中证红利低波动100全收益指数,红利低波100全收益,CSI Dividend Low Volatility 100 Total Return Index,Dividend Low Volatility100 TRI,,,,19353.04,48.01,0.25,5546563760.0,380.04,100.0,6.72,2024-02-21,6.72,380.04
20240222,H20955,中证红利低波动100全收益指数,红利低波100全收益,CSI Dividend Low Volatility 100 Total Return Index,Dividend Low Volatility100 TRI,,,,19480.99,127.95,0.66,3805007965.0,268.33,100.0,6.76,2024-02-22,6.76,268.33
20240223,H20955,中证红利低波动100全收益指数,红利低波100全收益,CSI Dividend Low Volatility 100 Total Return Index,Dividend Low Volatility100 TRI,,,,19476.93,-4.06,-0.02,4534418459.0,306.45,100.0,6.79,2024-02-23,6.79,306.45
20240226,H20955,中证红利低波动100全收益指数,红利低波100全收益,CSI Dividend Low Volatility 100 Total Return Index,Dividend Low Volatility100 TRI,,,,19162.41,-314.52,-1.61,4831670711.0,327.92,100.0,6.62,2024-02-26,6.62,327.92
20240227,H20955,中证红利低波动100全收益指数,红利低波100全收益,CSI Dividend Low Volatility 100 Total Return Index,Dividend Low Volatility100 TRI,,,,19279.65,117.24,0.61,3767501159.0,255.32,100.0,6.64,2024-02-27,6.64,255.32
20240228,H20955,中证红利低波动100全收益指数,红利低波100全收益,CSI Dividend Low Volatility 100 Total Return Index,Dividend Low Volatility100 TRI,,,,19119.76,-159.89,-0.83,5177136824.0,355.9,100.0,6.64,2024-02-28,6.64,355.9
20240229,H20955,中证红利低波动100全收益指数,红利低波100全收益,CSI Dividend Low Volatility 100 Total Return Index,Dividend Low Volatility100 TRI,,,,19370.23,250.47,1.31,4135719410.0,289.75,100.0,6.67,2024-02-29,6.67,289.75
20240301,H20955,中证红利低波动100全收益指数,红利低波100全收益,CSI Dividend Low Volatility 100 Total Return Index,Dividend Low Volatility100 TRI,,,,19352.32,-17.91,-0.09,3938961138.0,273.38,100.0,6.67,2024-03-01,6.67,273.38
20240304,H20955,中证红利低波动100全收益指数,红利低波100全收益,CSI Dividend Low Volatility 100 Total Return Index,Dividend Low Volatility100 TRI,,,,19336.88,-15.44,-0.08,3880713845.0,277.54,100.0,6.68,2024-03-04,6.68,277.54
20240305,H20955,中证红利低波动100全收益指数,红利低波100全收益,CSI Dividend Low Volatility 100 Total Return Index,Dividend Low Volatility100 TRI,,,,19400.14,63.26,0.33,4368280501.0,316.44,100.0,6.79,2024-03-05,6.79,316.44
20240306,H20955,中证红利低波动100全收益指数,红利低波100全收益,CSI Dividend Low Volatility 100 Total Return Index,Dividend Low Volatility100 TRI,,,,19376.67,-23.47,-0.12,3842097072.0,274.56,100.0,6.73,2024-03-06,6.73,274.56
20240307,H20955,中证红利低波动100全收益指数,红利低波100全收益,CSI Dividend Low Volatility 100 Total Return Index,Dividend Low Volatility100 TRI,,,,19413.51,36.84,0.19,3683764480.0,255.48,100.0,6.75,2024-03-07,6.75,255.48
20240308,H20955,中证红利低波动100全收益指数,红利低波100全收益,CSI Dividend Low Volatility 100 Total Return Index,Dividend Low Volatility100 TRI,,,,19517.97,104.46,0.54,3229623980.0,227.76,100.0,6.75,2024-03-08,6.75,227.76
20240311,H20955,中证红利低波动100全收益指数,红利低波100全收益,CSI Dividend Low Volatility 100 Total Return Index,Dividend Low Volatility100 TRI,,,,19492.46,-25.51,-0.13,3513211942.0,281.0,100.0,6.24,2024-03-11,6.24,281.0
20240312,H20955,中证红利低波动100全收益指数,红利低波100全收益,CSI Dividend Low Volatility 100 Total Return Index,Dividend Low Volatility100 TRI,,,,19283.11,-209.35,-1.07,4523504341.0,360.11,100.0,6.13,2024-03-12,6.13,360.11
20240313,H20955,中证红利低波动100全收益指数,红利低波100全收益,CSI Dividend Low Volatility 100 Total Return Index,Dividend Low Volatility100 TRI,,,,19197.74,-85.37,-0.44,3342936276.0,262.22,100.0,6.09,2024-03-13,6.09,262.22
20240314,H20955,中证红利低波动100全收益指数,红利低波100全收益,CSI Dividend Low Volatility 100 Total Return Index,Dividend Low Volatility100 TRI,,,,19202.38,4.65,0.02,2955008318.0,228.56,100.0,6.1,2024-03-14,6.1,228.56
20240315,H20955,中证红利低波动100全收益指数,红利低波100全收益,CSI Dividend Low Volatility 100 Total Return Index,Dividend Low Volatility100 TRI,,,,19354.16,151.78,0.79,3520096847.0,276.02,100.0,6.12,2024-03-15,6.12,276.02
20240318,H20955,中证红利低波动100全收益指数,红利低波100全收益,CSI Dividend Low Volatility 100 Total Return Index,Dividend Low Volatility100 TRI,,,,19393.52,39.37,0.2,3338476346.0,259.93,100.0,6.1,2024-03-18,6.1,259.93
20240319,H20955,中证红利低波动100全收益指数,红利低波100全收益,CSI Dividend Low Volatility 100 Total Return Index,Dividend Low Volatility100 TRI,,,,19268.13,-125.39,-0.65,3062552505.0,237.01,100.0,6.07,2024-03-19,6.07,237.01
20240320,H20955,中证红利低波动100全收益指数,红利低波100全收益,CSI Dividend Low Volatility 100 Total Return Index,Dividend Low Volatility100 TRI,,,,19311.98,43.84,0.23,2857046972.0,216.74,100.0,6.11,2024-03-20,6.11,216.74
20240321,H20955,中证红利低波动100全收益指数,红利低波100全收益,CSI Dividend Low Volatility 100 Total Return Index,Dividend Low Volatility100 TRI,,,,19316.64,4.66,0.02,2930604200.0,224.55,100.0,6.13,2024-03-21,6.13,224.55
20240322,H20955,中证红利低波动100全收益指数,红利低波100全收益,CSI Dividend Low Volatility 100 Total Return Index,Dividend Low Volatility100 TRI,,,,19122.84,-193.79,-1.0,3225634219.0,241.45,100.0,6.13,2024-03-22,6.13,241.45
20240325,H20955,中证红利低波动100全收益指数,红利低波100全收益,CSI Dividend Low Volatility 100 Total Return Index,Dividend Low Volatility100 TRI,,,,19086.39,-36.45,-0.19,3272481647.0,249.07,100.0,6.15,2024-03-25,6.15,249.07
20240326,H20955,中证红利低波动100全收益指数,红利低波100全收益,CSI Dividend Low Volatility 100 Total Return Index,Dividend Low Volatility100 TRI,,,,19152.06,65.67,0.34,3444149078.0,275.61,100.0,6.2,2024-03-26,6.2,275.61
20240327,H20955,中证红利低波动100全收益指数,红利低波100全收益,CSI Dividend Low Volatility 100 Total Return Index,Dividend Low Volatility100 TRI,,,,18978.68,-173.38,-0.91,3625282212.0,277.65,100.0,6.21,2024-03-27,6.21,277.65
20240328,H20955,中证红利低波动100全收益指数,红利低波100全收益,CSI Dividend Low Volatility 100 Total Return Index,Dividend Low Volatility100 TRI,,,,18987.23,8.55,0.05,4495451541.0,313.33,100.0,6.13,2024-03-28,6.13,313.33
20240329,H20955,中证红利低波动100全收益指数,红利低波100全收益,CSI Dividend Low Volatility 100 Total Return Index,Dividend Low Volatility100 TRI,,,,19187.34,200.11,1.05,3505852617.0,257.05,100.0,6.17,2024-03-29,6.17,257.05
20240401,H20955,中证红利低波动100全收益指数,红利低波100全收益,CSI Dividend Low Volatility 100 Total Return Index,Dividend Low Volatility100 TRI,,,,19401.11,213.77,1.11,3895099387.0,306.35,100.0,6.21,2024-04-01,6.21,306.35
20240402,H20955,中证红利低波动100全收益指数,红利低波100全收益,CSI Dividend Low Volatility 100 Total Return Index,Dividend Low Volatility100 TRI,,,,19539.31,138.2,0.71,4224047514.0,308.12,100.0,6.24,2024-04-02,6.24,308.12
20240403,H20955,中证红利低波动100全收益指数,红利低波100全收益,CSI Dividend Low Volatility 100 Total Return Index,Dividend Low Volatility100 TRI,,,,19643.28,103.98,0.53,3624020962.0,270.45,100.0,6.24,2024-04-03,6.24,270.45
20240408,H20955,中证红利低波动100全收益指数,红利低波100全收益,CSI Dividend Low Volatility 100 Total Return Index,Dividend Low Volatility100 TRI,,,,19606.03,-37.25,-0.19,4314206003.0,309.44,100.0,6.27,2024-04-08,6.27,309.44
20240409,H20955,中证红利低波动100全收益指数,红利低波100全收益,CSI Dividend Low Volatility 100 Total Return Index,Dividend Low Volatility100 TRI,,,,19662.45,56.42,0.29,3711709717.0,263.24,100.0,6.23,2024-04-09,6.23,263.24
20240410,H20955,中证红利低波动100全收益指数,红利低波100全收益,CSI Dividend Low Volatility 100 Total Return Index,Dividend Low Volatility100 TRI,,,,19647.11,-15.34,-0.08,3729855235.0,279.43,100.0,6.24,2024-04-10,6.24,279.43
20240411,H20955,中证红利低波动100全收益指数,红利低波100全收益,CSI Dividend Low Volatility 100 Total Return Index,Dividend Low Volatility100 TRI,,,,19767.55,120.43,0.61,3589170349.0,266.94,100.0,6.24,2024-04-11,6.24,266.94
20240412,H20955,中证红利低波动100全收益指数,红利低波100全收益,CSI Dividend Low Volatility 100 Total Return Index,Dividend Low Volatility100 TRI,,,,19680.78,-86.77,-0.44,3465866449.0,250.6,100.0,6.22,2024-04-12,6.22,250.6
20240415,H20955,中证红利低波动100全收益指数,红利低波100全收益,CSI Dividend Low Volatility 100 Total Return Index,Dividend Low Volatility100 TRI,,,,19912.26,231.48,1.18,4993204790.0,360.48,100.0,6.34,2024-04-15,6.34,360.48
20240416,H20955,中证红利低波动100全收益指数,红利低波100全收益,CSI Dividend Low Volatility 100 Total Return Index,Dividend Low Volatility100 TRI,,,,19677.2,-235.06,-1.18,5149233743.0,378.73,100.0,6.37,2024-04-16,6.37,378.73
20240417,H20955,中证红利低波动100全收益指数,红利低波100全收益,CSI Dividend Low Volatility 100 Total Return Index,Dividend Low Volatility100 TRI,,,,20080.85,403.65,2.05,4965755711.0,367.45,100.0,6.44,2024-04-17,6.44,367.45
20240418,H20955,中证红利低波动100全收益指数,红利低波100全收益,CSI Dividend Low Volatility 100 Total Return Index,Dividend Low Volatility100 TRI,,,,20123.87,43.02,0.21,5433357307.0,406.03,100.0,6.47,2024-04-18,6.47,406.03
20240419,H20955,中证红利低波动100全收益指数,红利低波100全收益,CSI Dividend Low Volatility 100 Total Return Index,Dividend Low Volatility100 TRI,,,,20285.31,161.44,0.8,4041044043.0,296.09,100.0,6.5,2024-04-19,6.5,296.09
20240422,H20955,中证红利低波动100全收益指数,红利低波100全收益,CSI Dividend Low Volatility 100 Total Return Index,Dividend Low Volatility100 TRI,,,,19998.4,-286.91,-1.41,4266825662.0,323.33,100.0,6.42,2024-04-22,6.42,323.33
20240423,H20955,中证红利低波动100全收益指数,红利低波100全收益,CSI Dividend Low Volatility 100 Total Return Index,Dividend Low Volatility100 TRI,,,,19716.29,-282.11,-1.41,4110722322.0,305.64,100.0,6.39,2024-04-23,6.39,305.64
20240424,H20955,中证红利低波动100全收益指数,红利低波100全收益,CSI Dividend Low Volatility 100 Total Return Index,Dividend Low Volatility100 TRI,,,,19754.17,37.88,0.19,3326820496.0,250.64,100.0,6.38,2024-04-24,6.38,250.64
20240425,H20955,中证红利低波动100全收益指数,红利低波100全收益,CSI Dividend Low Volatility 100 Total Return Index,Dividend Low Volatility100 TRI,,,,19892.88,138.7,0.7,3442779131.0,268.18,100.0,6.43,2024-04-25,6.43,268.18
20240426,H20955,中证红利低波动100全收益指数,红利低波100全收益,CSI Dividend Low Volatility 100 Total Return Index,Dividend Low Volatility100 TRI,,,,19836.15,-56.72,-0.29,6305567993.0,473.94,100.0,6.36,2024-04-26,6.36,473.94
20240429,H20955,中证红利低波动100全收益指数,红利低波100全收益,CSI Dividend Low Volatility 100 Total Return Index,Dividend Low Volatility100 TRI,,,,19906.33,70.18,0.35,6360209768.0,509.19,100.0,6.35,2024-04-29,6.35,509.19
20240430,H20955,中证红利低波动100全收益指数,红利低波100全收益,CSI Dividend Low Volatility 100 Total Return Index,Dividend Low Volatility100 TRI,,,,19919.32,12.99,0.07,4943955119.0,403.42,100.0,6.38,2024-04-30,6.38,403.42
20240506,H20955,中证红利低波动100全收益指数,红利低波100全收益,CSI Dividend Low Volatility 100 Total Return Index,Dividend Low Volatility100 TRI,,,,20212.39,293.06,1.47,5963526186.0,482.97,100.0,6.71,2024-05-06,6.71,482.97
20240507,H20955,中证红利低波动100全收益指数,红利低波100全收益,CSI Dividend Low Volatility 100 Total Return Index,Dividend Low Volatility100 TRI,,,,20145.2,-67.18,-0.33,4593199129.0,340.2,100.0,6.72,2024-05-07,6.72,340.2
20240508,H20955,中证红利低波动100全收益指数,红利低波100全收益,CSI Dividend Low Volatility 100 Total Return Index,Dividend Low Volatility100 TRI,,,,20037.65,-107.56,-0.53,3869879386.0,302.19,100.0,6.75,2024-05-08,6.75,302.19
20240509,H20955,中证红利低波动100全收益指数,红利低波100全收益,CSI Dividend Low Volatility 100 Total Return Index,Dividend Low Volatility100 TRI,,,,20246.65,209.0,1.04,3953243423.0,300.84,100.0,6.74,2024-05-09,6.74,300.84
20240510,H20955,中证红利低波动100全收益指数,红利低波100全收益,CSI Dividend Low Volatility 100 Total Return Index,Dividend Low Volatility100 TRI,,,,20316.03,69.39,0.34,4249533992.0,332.38,100.0,6.77,2024-05-10,6.77,332.38
20240513,H20955,中证红利低波动100全收益指数,红利低波100全收益,CSI Dividend Low Volatility 100 Total Return Index,Dividend Low Volatility100 TRI,,,,20408.85,92.82,0.46,4531892195.0,344.44,100.0,6.79,2024-05-13,6.79,344.44
20240514,H20955,中证红利低波动100全收益指数,红利低波100全收益,CSI Dividend Low Volatility 100 Total Return Index,Dividend Low Volatility100 TRI,,,,20342.27,-66.59,-0.33,3787672480.0,296.28,100.0,6.74,2024-05-14,6.74,296.28
20240515,H20955,中证红利低波动100全收益指数,红利低波100全收益,CSI Dividend Low Volatility 100 Total Return Index,Dividend Low Volatility100 TRI,,,,20264.83,-77.44,-0.38,3057675309.0,241.34,100.0,6.73,2024-05-15,6.73,241.34
20240516,H20955,中证红利低波动100全收益指数,红利低波100全收益,CSI Dividend Low Volatility 100 Total Return Index,Dividend Low Volatility100 TRI,,,,20294.11,29.28,0.14,4494860064.0,361.64,100.0,6.77,2024-05-16,6.77,361.64
20240517,H20955,中证红利低波动100全收益指数,红利低波100全收益,CSI Dividend Low Volatility 100 Total Return Index,Dividend Low Volatility100 TRI,,,,20519.24,225.14,1.11,4326474609.0,332.68,100.0,6.83,2024-05-17,6.83,332.68
20240520,H20955,中证红利低波动100全收益指数,红利低波100全收益,CSI Dividend Low Volatility 100 Total Return Index,Dividend Low Volatility100 TRI,,,,20579.53,60.28,0.29,4729793042.0,377.43,100.0,6.84,2024-05-20,6.84,377.43
20240521,H20955,中证红利低波动100全收益指数,红利低波100全收益,CSI Dividend Low Volatility 100 Total Return Index,Dividend Low Volatility100 TRI,,,,20564.84,-14.68,-0.07,3648672025.0,294.85,100.0,6.89,2024-05-21,6.89,294.85
20240522,H20955,中证红利低波动100全收益指数,红利低波100全收益,CSI Dividend Low Volatility 100 Total Return Index,Dividend Low Volatility100 TRI,,,,20589.88,25.03,0.12,4253517137.0,327.98,100.0,6.91,2024-05-22,6.91,327.98
20240523,H20955,中证红利低波动100全收益指数,红利低波100全收益,CSI Dividend Low Volatility 100 Total Return Index,Dividend Low Volatility100 TRI,,,,20290.92,-298.96,-1.45,4003232290.0,308.98,100.0,6.86,2024-05-23,6.86,308.98
20240524,H20955,中证红利低波动100全收益指数,红利低波100全收益,CSI Dividend Low Volatility 100 Total Return Index,Dividend Low Volatility100 TRI,,,,20291.16,0.24,0.0,3420726145.0,271.39,100.0,6.82,2024-05-24,6.82,271.39
20240527,H20955,中证红利低波动100全收益指数,红利低波100全收益,CSI Dividend Low Volatility 100 Total Return Index,Dividend Low Volatility100 TRI,,,,20513.28,222.12,1.09,3747828069.0,296.64,100.0,6.9,2024-05-27,6.9,296.64
20240528,H20955,中证红利低波动100全收益指数,红利低波100全收益,CSI Dividend Low Volatility 100 Total Return Index,Dividend Low Volatility100 TRI,,,,20364.23,-149.06,-0.73,3211703844.0,244.55,100.0,6.88,2024-05-28,6.88,244.55
20240529,H20955,中证红利低波动100全收益指数,红利低波100全收益,CSI Dividend Low Volatility 100 Total Return Index,Dividend Low Volatility100 TRI,,,,20379.36,15.13,0.07,3382138338.0,255.77,100.0,6.86,2024-05-29,6.86,255.77
20240530,H20955,中证红利低波动100全收益指数,红利低波100全收益,CSI Dividend Low Volatility 100 Total Return Index,Dividend Low Volatility100 TRI,,,,20289.91,-89.44,-0.44,3548811436.0,275.24,100.0,6.81,2024-05-30,6.81,275.24
20240531,H20955,中证红利低波动100全收益指数,红利低波100全收益,CSI Dividend Low Volatility 100 Total Return Index,Dividend Low Volatility100 TRI,,,,20237.8,-52.11,-0.26,3196300818.0,253.1,100.0,6.81,2024-05-31,6.81,253.1
20240603,H20955,中证红利低波动100全收益指数,红利低波100全收益,CSI Dividend Low Volatility 100 Total Return Index,Dividend Low Volatility100 TRI,,,,19992.81,-244.99,-1.21,4715114603.0,352.11,100.0,6.8,2024-06-03,6.8,352.11
20240604,H20955,中证红利低波动100全收益指数,红利低波100全收益,CSI Dividend Low Volatility 100 Total Return Index,Dividend Low Volatility100 TRI,,,,20143.18,150.37,0.75,3403147600.0,273.13,100.0,6.81,2024-06-04,6.81,273.13
20240605,H20955,中证红利低波动100全收益指数,红利低波100全收益,CSI Dividend Low Volatility 100 Total Return Index,Dividend Low Volatility100 TRI,,,,19862.97,-280.21,-1.39,3367709206.0,267.86,100.0,6.78,2024-06-05,6.78,267.86
20240606,H20955,中证红利低波动100全收益指数,红利低波100全收益,CSI Dividend Low Volatility 100 Total Return Index,Dividend Low Volatility100 TRI,,,,19755.25,-107.73,-0.54,3861380281.0,286.36,100.0,6.79,2024-06-06,6.79,286.36
20240607,H20955,中证红利低波动100全收益指数,红利低波100全收益,CSI Dividend Low Volatility 100 Total Return Index,Dividend Low Volatility100 TRI,,,,19984.64,229.4,1.16,3973115005.0,288.31,100.0,6.8,2024-06-07,6.8,288.31
20240611,H20955,中证红利低波动100全收益指数,红利低波100全收益,CSI Dividend Low Volatility 100 Total Return Index,Dividend Low Volatility100 TRI,,,,19696.96,-287.68,-1.44,4233816968.0,303.22,100.0,6.69,2024-06-11,6.69,303.22
20240612,H20955,中证红利低波动100全收益指数,红利低波100全收益,CSI Dividend Low Volatility 100 Total Return Index,Dividend Low Volatility100 TRI,,,,19716.03,19.07,0.1,3778123460.0,277.21,100.0,6.7,2024-06-12,6.7,277.21
20240613,H20955,中证红利低波动100全收益指数,红利低波100全收益,CSI Dividend Low Volatility 100 Total Return Index,Dividend Low Volatility100 TRI,,,,19469.1,-246.93,-1.25,3520856915.0,257.68,100.0,6.69,2024-06-13,6.69,257.68
20240614,H20955,中证红利低波动100全收益指数,红利低波100全收益,CSI Dividend Low Volatility 100 Total Return Index,Dividend Low Volatility100 TRI,,,,19581.82,112.72,0.58,5151486273.0,393.57,100.0,6.73,2024-06-14,6.73,393.57
20240617,H20955,中证红利低波动100全收益指数,红利低波100全收益,CSI Dividend Low Volatility 100 Total Return Index,Dividend Low Volatility100 TRI,,,,19413.26,-168.56,-0.86,4713000974.0,358.98,100.0,6.8,2024-06-17,6.8,358.98
20240618,H20955,中证红利低波动100全收益指数,红利低波100全收益,CSI Dividend Low Volatility 100 Total Return Index,Dividend Low Volatility100 TRI,,,,19515.49,102.23,0.53,3655689106.0,288.13,100.0,6.83,2024-06-18,6.83,288.13
20240619,H20955,中证红利低波动100全收益指数,红利低波100全收益,CSI Dividend Low Volatility 100 Total Return Index,Dividend Low Volatility100 TRI,,,,19424.25,-91.24,-0.47,3510570985.0,284.21,100.0,6.86,2024-06-19,6.86,284.21
20240620,H20955,中证红利低波动100全收益指数,红利低波100全收益,CSI Dividend Low Volatility 100 Total Return Index,Dividend Low Volatility100 TRI,,,,19282.12,-142.13,-0.73,3408218894.0,276.17,100.0,6.86,2024-06-20,6.86,276.17
20240621,H20955,中证红利低波动100全收益指数,红利低波100全收益,CSI Dividend Low Volatility 100 Total Return Index,Dividend Low Volatility100 TRI,,,,19304.91,22.79,0.12,3544134794.0,282.19,100.0,6.84,2024-06-21,6.84,282.19
20240624,H20955,中证红利低波动100全收益指数,红利低波100全收益,CSI Dividend Low Volatility 100 Total Return Index,Dividend Low Volatility100 TRI,,,,19093.46,-211.46,-1.1,4068880500.0,315.7,100.0,6.85,2024-06-24,6.85,315.7
20240625,H20955,中证红利低波动100全收益指数,红利低波100全收益,CSI Dividend Low Volatility 100 Total Return Index,Dividend Low Volatility100 TRI,,,,19186.23,92.77,0.49,3863050767.0,298.32,100.0,6.87,2024-06-25,6.87,298.32
20240626,H20955,中证红利低波动100全收益指数,红利低波100全收益,CSI Dividend Low Volatility 100 Total Return Index,Dividend Low Volatility100 TRI,,,,19301.03,114.8,0.6,3435271922.0,259.16,100.0,6.88,2024-06-26,6.88,259.16
20240627,H20955,中证红利低波动100全收益指数,红利低波100全收益,CSI Dividend Low Volatility 100 Total Return Index,Dividend Low Volatility100 TRI,,,,19209.53,-91.5,-0.47,4185288704.0,319.59,100.0,6.9,2024-06-27,6.9,319.59
20240628,H20955,中证红利低波动100全收益指数,红利低波100全收益,CSI Dividend Low Volatility 100 Total Return Index,Dividend Low Volatility100 TRI,,,,19309.68,100.15,0.52,4113943925.0,316.45,100.0,6.93,2024-06-28,6.93,316.45
20240701,H20955,中证红利低波动100全收益指数,红利低波100全收益,CSI Dividend Low Volatility 100 Total Return Index,Dividend Low Volatility100 TRI,,,,19615.61,305.93,1.58,4020627174.0,311.75,100.0,7.03,2024-07-01,7.03,311.75
20240702,H20955,中证红利低波动100全收益指数,红利低波100全收益,CSI Dividend Low Volatility 100 Total Return Index,Dividend Low Volatility100 TRI,,,,19675.12,59.51,0.3,4464889174.0,355.36,100.0,7.12,2024-07-02,7.12,355.36
20240703,H20955,中证红利低波动100全收益指数,红利低波100全收益,CSI Dividend Low Volatility 100 Total Return Index,Dividend Low Volatility100 TRI,,,,19618.22,-56.89,-0.29,3729693099.0,289.79,100.0,7.06,2024-07-03,7.06,289.79
20240704,H20955,中证红利低波动100全收益指数,红利低波100全收益,CSI Dividend Low Volatility 100 Total Return Index,Dividend Low Volatility100 TRI,,,,19452.74,-165.48,-0.84,3606745454.0,289.51,100.0,7.08,2024-07-04,7.08,289.51
20240705,H20955,中证红利低波动100全收益指数,红利低波100全收益,CSI Dividend Low Volatility 100 Total Return Index,Dividend Low Volatility100 TRI,,,,19383.37,-69.37,-0.36,4262722129.0,351.96,100.0,6.97,2024-07-05,6.97,351.96
20240708,H20955,中证红利低波动100全收益指数,红利低波100全收益,CSI Dividend Low Volatility 100 Total Return Index,Dividend Low Volatility100 TRI,,,,19225.31,-158.06,-0.82,3883453871.0,305.53,100.0,6.98,2024-07-08,6.98,305.53
20240709,H20955,中证红利低波动100全收益指数,红利低波100全收益,CSI Dividend Low Volatility 100 Total Return Index,Dividend Low Volatility100 TRI,,,,19426.87,201.56,1.05,4049955704.0,319.4,100.0,7.02,2024-07-09,7.02,319.4
20240710,H20955,中证红利低波动100全收益指数,红利低波100全收益,CSI Dividend Low Volatility 100 Total Return Index,Dividend Low Volatility100 TRI,,,,19242.6,-184.27,-0.95,3672843345.0,309.52,100.0,7.0,2024-07-10,7.0,309.52
20240711,H20955,中证红利低波动100全收益指数,红利低波100全收益,CSI Dividend Low Volatility 100 Total Return Index,Dividend Low Volatility100 TRI,,,,19402.54,159.94,0.83,4187347405.0,329.05,100.0,6.95,2024-07-11,6.95,329.05
20240712,H20955,中证红利低波动100全收益指数,红利低波100全收益,CSI Dividend Low Volatility 100 Total Return Index,Dividend Low Volatility100 TRI,,,,19458.0,55.46,0.29,4148544285.0,328.84,100.0,7.02,2024-07-12,7.02,328.84
20240715,H20955,中证红利低波动100全收益指数,红利低波100全收益,CSI Dividend Low Volatility 100 Total Return Index,Dividend Low Volatility100 TRI,,,,19542.39,84.39,0.43,3837669524.0,287.67,100.0,7.11,2024-07-15,7.11,287.67
20240716,H20955,中证红利低波动100全收益指数,红利低波100全收益,CSI Dividend Low Volatility 100 Total Return Index,Dividend Low Volatility100 TRI,,,,19469.82,-72.58,-0.37,3979388131.0,317.08,100.0,7.04,2024-07-16,7.04,317.08
20240717,H20955,中证红利低波动100全收益指数,红利低波100全收益,CSI Dividend Low Volatility 100 Total Return Index,Dividend Low Volatility100 TRI,,,,19511.98,42.16,0.22,3773008133.0,324.33,100.0,7.04,2024-07-17,7.04,324.33
20240718,H20955,中证红利低波动100全收益指数,红利低波100全收益,CSI Dividend Low Volatility 100 Total Return Index,Dividend Low Volatility100 TRI,,,,19574.57,62.59,0.32,3626539463.0,302.42,100.0,7.05,2024-07-18,7.05,302.42
20240719,H20955,中证红利低波动100全收益指数,红利低波100全收益,CSI Dividend Low Volatility 100 Total Return Index,Dividend Low Volatility100 TRI,,,,19481.87,-92.7,-0.47,4235630956.0,346.24,100.0,7.05,2024-07-19,7.05,346.24
20240722,H20955,中证红利低波动100全收益指数,红利低波100全收益,CSI Dividend Low Volatility 100 Total Return Index,Dividend Low Volatility100 TRI,,,,19284.36,-197.51,-1.01,4203357941.0,341.18,100.0,6.96,2024-07-22,6.96,341.18
20240723,H20955,中证红利低波动100全收益指数,红利低波100全收益,CSI Dividend Low Volatility 100 Total Return Index,Dividend Low Volatility100 TRI,,,,19098.26,-186.11,-0.97,4666220881.0,346.03,100.0,7.0,2024-07-23,7.0,346.03
20240724,H20955,中证红利低波动100全收益指数,红利低波100全收益,CSI Dividend Low Volatility 100 Total Return Index,Dividend Low Volatility100 TRI,,,,19088.21,-10.05,-0.05,4493010849.0,325.88,100.0,7.03,2024-07-24,7.03,325.88
20240725,H20955,中证红利低波动100全收益指数,红利低波100全收益,CSI Dividend Low Volatility 100 Total Return Index,Dividend Low Volatility100 TRI,,,,19094.97,6.77,0.04,4678403621.0,342.18,100.0,6.99,2024-07-25,6.99,342.18
20240726,H20955,中证红利低波动100全收益指数,红利低波100全收益,CSI Dividend Low Volatility 100 Total Return Index,Dividend Low Volatility100 TRI,,,,19110.79,15.81,0.08,4446858873.0,346.07,100.0,6.9,2024-07-26,6.9,346.07
20240729,H20955,中证红利低波动100全收益指数,红利低波100全收益,CSI Dividend Low Volatility 100 Total Return Index,Dividend Low Volatility100 TRI,,,,19147.71,36.92,0.19,3835508617.0,278.51,100.0,6.97,2024-07-29,6.97,278.51
20240730,H20955,中证红利低波动100全收益指数,红利低波100全收益,CSI Dividend Low Volatility 100 Total Return Index,Dividend Low Volatility100 TRI,,,,19114.92,-32.78,-0.17,3475637448.0,266.8,100.0,6.93,2024-07-30,6.93,266.8
20240731,H20955,中证红利低波动100全收益指数,红利低波100全收益,CSI Dividend Low Volatility 100 Total Return Index,Dividend Low Volatility100 TRI,,,,19382.75,267.83,1.4,5257190074.0,398.25,100.0,6.91,2024-07-31,6.91,398.25
20240801,H20955,中证红利低波动100全收益指数,红利低波100全收益,CSI Dividend Low Volatility 100 Total Return Index,Dividend Low Volatility100 TRI,,,,19350.98,-31.78,-0.16,4536734050.0,336.83,100.0,6.92,2024-08-01,6.92,336.83
20240802,H20955,中证红利低波动100全收益指数,红利低波100全收益,CSI Dividend Low Volatility 100 Total Return Index,Dividend Low Volatility100 TRI,,,,19283.99,-66.98,-0.35,3456807546.0,258.22,100.0,6.9,2024-08-02,6.9,258.22
20240805,H20955,中证红利低波动100全收益指数,红利低波100全收益,CSI Dividend Low Volatility 100 Total Return Index,Dividend Low Volatility100 TRI,,,,19115.04,-168.95,-0.88,4376168535.0,338.5,100.0,6.85,2024-08-05,6.85,338.5
20240806,H20955,中证红利低波动100全收益指数,红利低波100全收益,CSI Dividend Low Volatility 100 Total Return Index,Dividend Low Volatility100 TRI,,,,19114.88,-0.17,0.0,3867558299.0,300.08,100.0,6.79,2024-08-06,6.79,300.08
20240807,H20955,中证红利低波动100全收益指数,红利低波100全收益,CSI Dividend Low Volatility 100 Total Return Index,Dividend Low Volatility100 TRI,,,,19111.33,-3.55,-0.02,3097942026.0,234.96,100.0,6.8,2024-08-07,6.8,234.96
20240808,H20955,中证红利低波动100全收益指数,红利低波100全收益,CSI Dividend Low Volatility 100 Total Return Index,Dividend Low Volatility100 TRI,,,,19233.95,122.62,0.64,2695262673.0,213.43,100.0,6.82,2024-08-08,6.82,213.43
20240809,H20955,中证红利低波动100全收益指数,红利低波100全收益,CSI Dividend Low Volatility 100 Total Return Index,Dividend Low Volatility100 TRI,,,,19185.56,-48.39,-0.25,2708391963.0,205.69,100.0,6.85,2024-08-09,6.85,205.69
20240812,H20955,中证红利低波动100全收益指数,红利低波100全收益,CSI Dividend Low Volatility 100 Total Return Index,Dividend Low Volatility100 TRI,,,,19147.33,-38.24,-0.2,2744371708.0,195.25,100.0,6.86,2024-08-12,6.86,195.25
20240813,H20955,中证红利低波动100全收益指数,红利低波100全收益,CSI Dividend Low Volatility 100 Total Return Index,Dividend Low Volatility100 TRI,,,,19206.13,58.8,0.31,2972435153.0,208.68,100.0,6.89,2024-08-13,6.89,208.68
20240814,H20955,中证红利低波动100全收益指数,红利低波100全收益,CSI Dividend Low Volatility 100 Total Return Index,Dividend Low Volatility100 TRI,,,,19058.19,-147.94,-0.77,2554108444.0,186.17,100.0,6.87,2024-08-14,6.87,186.17
20240815,H20955,中证红利低波动100全收益指数,红利低波100全收益,CSI Dividend Low Volatility 100 Total Return Index,Dividend Low Volatility100 TRI,,,,19227.71,169.52,0.89,3445088111.0,276.2,100.0,6.95,2024-08-15,6.95,276.2
20240816,H20955,中证红利低波动100全收益指数,红利低波100全收益,CSI Dividend Low Volatility 100 Total Return Index,Dividend Low Volatility100 TRI,,,,19183.92,-43.79,-0.23,3588991889.0,255.78,100.0,7.01,2024-08-16,7.01,255.78
20240819,H20955,中证红利低波动100全收益指数,红利低波100全收益,CSI Dividend Low Volatility 100 Total Return Index,Dividend Low Volatility100 TRI,,,,19346.71,162.79,0.85,4141234654.0,299.23,100.0,7.11,2024-08-19,7.11,299.23
20240820,H20955,中证红利低波动100全收益指数,红利低波100全收益,CSI Dividend Low Volatility 100 Total Return Index,Dividend Low Volatility100 TRI,,,,19154.97,-191.73,-0.99,4003588034.0,292.29,100.0,7.11,2024-08-20,7.11,292.29
20240821,H20955,中证红利低波动100全收益指数,红利低波100全收益,CSI Dividend Low Volatility 100 Total Return Index,Dividend Low Volatility100 TRI,,,,18998.76,-156.22,-0.82,3347272424.0,245.91,100.0,7.07,2024-08-21,7.07,245.91
20240822,H20955,中证红利低波动100全收益指数,红利低波100全收益,CSI Dividend Low Volatility 100 Total Return Index,Dividend Low Volatility100 TRI,,,,18967.81,-30.95,-0.16,3694331742.0,277.12,100.0,7.12,2024-08-22,7.12,277.12
20240823,H20955,中证红利低波动100全收益指数,红利低波100全收益,CSI Dividend Low Volatility 100 Total Return Index,Dividend Low Volatility100 TRI,,,,19009.11,41.31,0.22,3472753891.0,298.88,100.0,7.17,2024-08-23,7.17,298.88
20240826,H20955,中证红利低波动100全收益指数,红利低波100全收益,CSI Dividend Low Volatility 100 Total Return Index,Dividend Low Volatility100 TRI,,,,19035.82,26.71,0.14,3362811808.0,265.47,100.0,7.17,2024-08-26,7.17,265.47
20240827,H20955,中证红利低波动100全收益指数,红利低波100全收益,CSI Dividend Low Volatility 100 Total Return Index,Dividend Low Volatility100 TRI,,,,18996.19,-39.63,-0.21,3698463921.0,281.28,100.0,7.23,2024-08-27,7.23,281.28
20240828,H20955,中证红利低波动100全收益指数,红利低波100全收益,CSI Dividend Low Volatility 100 Total Return Index,Dividend Low Volatility100 TRI,,,,18901.02,-95.17,-0.5,3609631894.0,283.12,100.0,7.17,2024-08-28,7.17,283.12
20240829,H20955,中证红利低波动100全收益指数,红利低波100全收益,CSI Dividend Low Volatility 100 Total Return Index,Dividend Low Volatility100 TRI,,,,18654.18,-246.84,-1.31,5717089756.0,401.37,100.0,6.96,2024-08-29,6.96,401.37
20240830,H20955,中证红利低波动100全收益指数,红利低波100全收益,CSI Dividend Low Volatility 100 Total Return Index,Dividend Low Volatility100 TRI,,,,18703.08,48.9,0.26,7946381695.0,611.24,100.0,6.85,2024-08-30,6.85,611.24
20240902,H20955,中证红利低波动100全收益指数,红利低波100全收益,CSI Dividend Low Volatility 100 Total Return Index,Dividend Low Volatility100 TRI,,,,18632.82,-70.25,-0.38,6292538217.0,442.96,100.0,6.85,2024-09-02,6.85,442.96
20240903,H20955,中证红利低波动100全收益指数,红利低波100全收益,CSI Dividend Low Volatility 100 Total Return Index,Dividend Low Volatility100 TRI,,,,18566.06,-66.76,-0.36,5557291498.0,384.01,100.0,6.72,2024-09-03,6.72,384.01
20240904,H20955,中证红利低波动100全收益指数,红利低波100全收益,CSI Dividend Low Volatility 100 Total Return Index,Dividend Low Volatility100 TRI,,,,18461.37,-104.69,-0.56,3933557640.0,278.24,100.0,6.69,2024-09-04,6.69,278.24
20240905,H20955,中证红利低波动100全收益指数,红利低波100全收益,CSI Dividend Low Volatility 100 Total Return Index,Dividend Low Volatility100 TRI,,,,18497.48,36.11,0.2,3742205622.0,286.8,100.0,6.66,2024-09-05,6.66,286.8
20240906,H20955,中证红利低波动100全收益指数,红利低波100全收益,CSI Dividend Low Volatility 100 Total Return Index,Dividend Low Volatility100 TRI,,,,18373.92,-123.56,-0.67,3298095513.0,243.48,100.0,6.65,2024-09-06,6.65,243.48
20240909,H20955,中证红利低波动100全收益指数,红利低波100全收益,CSI Dividend Low Volatility 100 Total Return Index,Dividend Low Volatility100 TRI,,,,18129.8,-244.13,-1.33,4198498300.0,309.07,100.0,6.56,2024-09-09,6.56,309.07
20240910,H20955,中证红利低波动100全收益指数,红利低波100全收益,CSI Dividend Low Volatility 100 Total Return Index,Dividend Low Volatility100 TRI,,,,18101.37,-28.43,-0.16,3956305250.0,270.26,100.0,6.62,2024-09-10,6.62,270.26
20240911,H20955,中证红利低波动100全收益指数,红利低波100全收益,CSI Dividend Low Volatility 100 Total Return Index,Dividend Low Volatility100 TRI,,,,17806.33,-295.04,-1.63,4341275979.0,288.9,100.0,6.48,2024-09-11,6.48,288.9
20240912,H20955,中证红利低波动100全收益指数,红利低波100全收益,CSI Dividend Low Volatility 100 Total Return Index,Dividend Low Volatility100 TRI,,,,17817.8,11.47,0.06,3686395736.0,259.33,100.0,6.5,2024-09-12,6.5,259.33
20240913,H20955,中证红利低波动100全收益指数,红利低波100全收益,CSI Dividend Low Volatility 100 Total Return Index,Dividend Low Volatility100 TRI,,,,17789.06,-28.74,-0.16,3522632860.0,243.73,100.0,6.48,2024-09-13,6.48,243.73
20240918,H20955,中证红利低波动100全收益指数,红利低波100全收益,CSI Dividend Low Volatility 100 Total Return Index,Dividend Low Volatility100 TRI,,,,17956.17,167.11,0.94,3189507453.0,254.85,100.0,6.56,2024-09-18,6.56,254.85
20240919,H20955,中证红利低波动100全收益指数,红利低波100全收益,CSI Dividend Low Volatility 100 Total Return Index,Dividend Low Volatility100 TRI,,,,18044.07,87.9,0.49,3999563025.0,327.9,100.0,6.56,2024-09-19,6.56,327.9
20240920,H20955,中证红利低波动100全收益指数,红利低波100全收益,CSI Dividend Low Volatility 100 Total Return Index,Dividend Low Volatility100 TRI,,,,18011.31,-32.77,-0.18,3980472668.0,319.38,100.0,6.6,2024-09-20,6.6,319.38
20240923,H20955,中证红利低波动100全收益指数,红利低波100全收益,CSI Dividend Low Volatility 100 Total Return Index,Dividend Low Volatility100 TRI,,,,18137.16,125.86,0.7,3426917779.0,272.89,100.0,6.68,2024-09-23,6.68,272.89
20240924,H20955,中证红利低波动100全收益指数,红利低波100全收益,CSI Dividend Low Volatility 100 Total Return Index,Dividend Low Volatility100 TRI,,,,18852.79,715.62,3.95,7172199219.0,609.09,100.0,6.96,2024-09-24,6.96,609.09
20240925,H20955,中证红利低波动100全收益指数,红利低波100全收益,CSI Dividend Low Volatility 100 Total Return Index,Dividend Low Volatility100 TRI,,,,19180.82,328.03,1.74,8582941760.0,747.66,100.0,7.05,2024-09-25,7.05,747.66
20240926,H20955,中证红利低波动100全收益指数,红利低波100全收益,CSI Dividend Low Volatility 100 Total Return Index,Dividend Low Volatility100 TRI,,,,19932.98,752.16,3.92,8565826624.0,778.9,100.0,7.28,2024-09-26,7.28,778.9
20240927,H20955,中证红利低波动100全收益指数,红利低波100全收益,CSI Dividend Low Volatility 100 Total Return Index,Dividend Low Volatility100 TRI,,,,20263.2,330.22,1.66,8310786950.0,787.13,100.0,7.22,2024-09-27,7.22,787.13
20240930,H20955,中证红利低波动100全收益指数,红利低波100全收益,CSI Dividend Low Volatility 100 Total Return Index,Dividend Low Volatility100 TRI,,,,21652.12,1388.92,6.85,18346991086.0,1718.55,100.0,7.56,2024-09-30,7.56,1718.55
20241008,H20955,中证红利低波动100全收益指数,红利低波100全收益,CSI Dividend Low Volatility 100 Total Return Index,Dividend Low Volatility100 TRI,,,,22141.89,489.77,2.26,20641136381.0,2105.16,100.0,7.68,2024-10-08,7.68,2105.16
20241009,H20955,中证红利低波动100全收益指数,红利低波100全收益,CSI Dividend Low Volatility 100 Total Return Index,Dividend Low Volatility100 TRI,,,,20489.4,-1652.49,-7.46,14159697891.0,1360.84,100.0,7.26,2024-10-09,7.26,1360.84
20241010,H20955,中证红利低波动100全收益指数,红利低波100全收益,CSI Dividend Low Volatility 100 Total Return Index,Dividend Low Volatility100 TRI,,,,21048.35,558.95,2.73,12614869303.0,1167.37,100.0,7.55,2024-10-10,7.55,1167.37
20241011,H20955,中证红利低波动100全收益指数,红利低波100全收益,CSI Dividend Low Volatility 100 Total Return Index,Dividend Low Volatility100 TRI,,,,20700.87,-347.48,-1.65,8165011178.0,735.08,100.0,7.49,2024-10-11,7.49,735.08
20241014,H20955,中证红利低波动100全收益指数,红利低波100全收益,CSI Dividend Low Volatility 100 Total Return Index,Dividend Low Volatility100 TRI,,,,21246.96,546.09,2.64,11063043568.0,1034.57,100.0,7.69,2024-10-14,7.69,1034.57
20241015,H20955,中证红利低波动100全收益指数,红利低波100全收益,CSI Dividend Low Volatility 100 Total Return Index,Dividend Low Volatility100 TRI,,,,20754.16,-492.8,-2.32,8039180697.0,735.82,100.0,7.5,2024-10-15,7.5,735.82
20241016,H20955,中证红利低波动100全收益指数,红利低波100全收益,CSI Dividend Low Volatility 100 Total Return Index,Dividend Low Volatility100 TRI,,,,21080.27,326.11,1.57,8118214961.0,735.47,100.0,7.6,2024-10-16,7.6,735.47
20241017,H20955,中证红利低波动100全收益指数,红利低波100全收益,CSI Dividend Low Volatility 100 Total Return Index,Dividend Low Volatility100 TRI,,,,20720.42,-359.86,-1.71,6910167423.0,653.71,100.0,7.5,2024-10-17,7.5,653.71
20241018,H20955,中证红利低波动100全收益指数,红利低波100全收益,CSI Dividend Low Volatility 100 Total Return Index,Dividend Low Volatility100 TRI,,,,20952.13,231.72,1.12,8768470942.0,839.78,100.0,7.56,2024-10-18,7.56,839.78
20241021,H20955,中证红利低波动100全收益指数,红利低波100全收益,CSI Dividend Low Volatility 100 Total Return Index,Dividend Low Volatility100 TRI,,,,20798.18,-153.96,-0.73,8142319910.0,728.22,100.0,7.46,2024-10-21,7.46,728.22
20241022,H20955,中证红利低波动100全收益指数,红利低波100全收益,CSI Dividend Low Volatility 100 Total Return Index,Dividend Low Volatility100 TRI,,,,20944.61,146.43,0.7,6012448389.0,559.35,100.0,7.49,2024-10-22,7.49,559.35
20241023,H20955,中证红利低波动100全收益指数,红利低波100全收益,CSI Dividend Low Volatility 100 Total Return Index,Dividend Low Volatility100 TRI,,,,21040.23,95.62,0.46,5818505509.0,565.79,100.0,7.5,2024-10-23,7.5,565.79
20241024,H20955,中证红利低波动100全收益指数,红利低波100全收益,CSI Dividend Low Volatility 100 Total Return Index,Dividend Low Volatility100 TRI,,,,20911.8,-128.43,-0.61,4454392840.0,396.39,100.0,7.48,2024-10-24,7.48,396.39
20241025,H20955,中证红利低波动100全收益指数,红利低波100全收益,CSI Dividend Low Volatility 100 Total Return Index,Dividend Low Volatility100 TRI,,,,20982.43,70.63,0.34,5122211391.0,455.65,100.0,7.44,2024-10-25,7.44,455.65
20241028,H20955,中证红利低波动100全收益指数,红利低波100全收益,CSI Dividend Low Volatility 100 Total Return Index,Dividend Low Volatility100 TRI,,,,21134.3,151.87,0.72,6459340740.0,555.65,100.0,7.41,2024-10-28,7.41,555.65
20241029,H20955,中证红利低波动100全收益指数,红利低波100全收益,CSI Dividend Low Volatility 100 Total Return Index,Dividend Low Volatility100 TRI,,,,20808.62,-325.68,-1.54,6347443826.0,550.46,100.0,7.38,2024-10-29,7.38,550.46
20241030,H20955,中证红利低波动100全收益指数,红利低波100全收益,CSI Dividend Low Volatility 100 Total Return Index,Dividend Low Volatility100 TRI,,,,20684.29,-124.33,-0.6,5783020257.0,536.13,100.0,7.29,2024-10-30,7.29,536.13
20241031,H20955,中证红利低波动100全收益指数,红利低波100全收益,CSI Dividend Low Volatility 100 Total Return Index,Dividend Low Volatility100 TRI,,,,20726.69,42.4,0.2,6775975164.0,665.09,100.0,7.27,2024-10-31,7.27,665.09
20241101,H20955,中证红利低波动100全收益指数,红利低波100全收益,CSI Dividend Low Volatility 100 Total Return Index,Dividend Low Volatility100 TRI,,,,20824.89,98.2,0.47,7297894501.0,642.18,100.0,7.34,2024-11-01,7.34,642.18
20241104,H20955,中证红利低波动100全收益指数,红利低波100全收益,CSI Dividend Low Volatility 100 Total Return Index,Dividend Low Volatility100 TRI,,,,21049.91,225.02,1.08,5736695462.0,509.03,100.0,7.37,2024-11-04,7.37,509.03
20241105,H20955,中证红利低波动100全收益指数,红利低波100全收益,CSI Dividend Low Volatility 100 Total Return Index,Dividend Low Volatility100 TRI,,,,21407.15,357.24,1.7,6916340904.0,662.35,100.0,7.44,2024-11-05,7.44,662.35
20241106,H20955,中证红利低波动100全收益指数,红利低波100全收益,CSI Dividend Low Volatility 100 Total Return Index,Dividend Low Volatility100 TRI,,,,21354.2,-52.96,-0.25,7098578914.0,708.09,100.0,7.37,2024-11-06,7.37,708.09
20241107,H20955,中证红利低波动100全收益指数,红利低波100全收益,CSI Dividend Low Volatility 100 Total Return Index,Dividend Low Volatility100 TRI,,,,21941.34,587.14,2.75,8521309423.0,855.99,100.0,7.53,2024-11-07,7.53,855.99
20241108,H20955,中证红利低波动100全收益指数,红利低波100全收益,CSI Dividend Low Volatility 100 Total Return Index,Dividend Low Volatility100 TRI,,,,21634.22,-307.12,-1.4,8116255688.0,789.7,100.0,7.44,2024-11-08,7.44,789.7
20241111,H20955,中证红利低波动100全收益指数,红利低波100全收益,CSI Dividend Low Volatility 100 Total Return Index,Dividend Low Volatility100 TRI,,,,21516.98,-117.24,-0.54,7300411925.0,661.72,100.0,7.34,2024-11-11,7.34,661.72
20241112,H20955,中证红利低波动100全收益指数,红利低波100全收益,CSI Dividend Low Volatility 100 Total Return Index,Dividend Low Volatility100 TRI,,,,21397.38,-119.6,-0.56,6900052843.0,668.57,100.0,7.28,2024-11-12,7.28,668.57
20241113,H20955,中证红利低波动100全收益指数,红利低波100全收益,CSI Dividend Low Volatility 100 Total Return Index,Dividend Low Volatility100 TRI,,,,21479.9,82.52,0.39,6030119092.0,548.05,100.0,7.32,2024-11-13,7.32,548.05
20241114,H20955,中证红利低波动100全收益指数,红利低波100全收益,CSI Dividend Low Volatility 100 Total Return Index,Dividend Low Volatility100 TRI,,,,21190.57,-289.33,-1.35,6342244513.0,567.74,100.0,7.32,2024-11-14,7.32,567.74
20241115,H20955,中证红利低波动100全收益指数,红利低波100全收益,CSI Dividend Low Volatility 100 Total Return Index,Dividend Low Volatility100 TRI,,,,21053.83,-136.75,-0.65,6320204984.0,556.08,100.0,7.3,2024-11-15,7.3,556.08
20241118,H20955,中证红利低波动100全收益指数,红利低波100全收益,CSI Dividend Low Volatility 100 Total Return Index,Dividend Low Volatility100 TRI,,,,21359.84,306.01,1.45,11542256619.0,878.62,100.0,7.41,2024-11-18,7.41,878.62
20241119,H20955,中证红利低波动100全收益指数,红利低波100全收益,CSI Dividend Low Volatility 100 Total Return Index,Dividend Low Volatility100 TRI,,,,21387.6,27.76,0.13,8168619038.0,613.34,100.0,7.38,2024-11-19,7.38,613.34
20241120,H20955,中证红利低波动100全收益指数,红利低波100全收益,CSI Dividend Low Volatility 100 Total Return Index,Dividend Low Volatility100 TRI,,,,21436.43,48.84,0.23,5622168730.0,445.01,100.0,7.37,2024-11-20,7.37,445.01
20241121,H20955,中证红利低波动100全收益指数,红利低波100全收益,CSI Dividend Low Volatility 100 Total Return Index,Dividend Low Volatility100 TRI,,,,21447.71,11.28,0.05,4571194620.0,388.35,100.0,7.37,2024-11-21,7.37,388.35
20241122,H20955,中证红利低波动100全收益指数,红利低波100全收益,CSI Dividend Low Volatility 100 Total Return Index,Dividend Low Volatility100 TRI,,,,20834.98,-612.74,-2.86,6051427115.0,542.13,100.0,7.21,2024-11-22,7.21,542.13
20241125,H20955,中证红利低波动100全收益指数,红利低波100全收益,CSI Dividend Low Volatility 100 Total Return Index,Dividend Low Volatility100 TRI,,,,20890.75,55.77,0.27,5397347846.0,478.31,100.0,7.22,2024-11-25,7.22,478.31
20241126,H20955,中证红利低波动100全收益指数,红利低波100全收益,CSI Dividend Low Volatility 100 Total Return Index,Dividend Low Volatility100 TRI,,,,20884.7,-6.05,-0.03,4797346910.0,397.09,100.0,7.28,2024-11-26,7.28,397.09
20241127,H20955,中证红利低波动100全收益指数,红利低波100全收益,CSI Dividend Low Volatility 100 Total Return Index,Dividend Low Volatility100 TRI,,,,21095.76,211.06,1.01,5015926324.0,415.21,100.0,7.35,2024-11-27,7.35,415.21
20241128,H20955,中证红利低波动100全收益指数,红利低波100全收益,CSI Dividend Low Volatility 100 Total Return Index,Dividend Low Volatility100 TRI,,,,21077.87,-17.89,-0.08,4421542306.0,372.49,100.0,7.32,2024-11-28,7.32,372.49
20241129,H20955,中证红利低波动100全收益指数,红利低波100全收益,CSI Dividend Low Volatility 100 Total Return Index,Dividend Low Volatility100 TRI,,,,21212.83,134.96,0.64,5605365034.0,480.07,100.0,7.32,2024-11-29,7.32,480.07
20241202,H20955,中证红利低波动100全收益指数,红利低波100全收益,CSI Dividend Low Volatility 100 Total Return Index,Dividend Low Volatility100 TRI,,,,21374.2,161.37,0.76,6302987014.0,535.38,100.0,7.32,2024-12-02,7.32,535.38
20241203,H20955,中证红利低波动100全收益指数,红利低波100全收益,CSI Dividend Low Volatility 100 Total Return Index,Dividend Low Volatility100 TRI,,,,21565.63,191.43,0.9,6332355662.0,532.6,100.0,7.41,2024-12-03,7.41,532.6
20241204,H20955,中证红利低波动100全收益指数,红利低波100全收益,CSI Dividend Low Volatility 100 Total Return Index,Dividend Low Volatility100 TRI,,,,21520.34,-45.29,-0.21,5662020769.0,518.24,100.0,7.45,2024-12-04,7.45,518.24
20241205,H20955,中证红利低波动100全收益指数,红利低波100全收益,CSI Dividend Low Volatility 100 Total Return Index,Dividend Low Volatility100 TRI,,,,21494.5,-25.84,-0.12,4352858513.0,384.25,100.0,7.44,2024-12-05,7.44,384.25
20241206,H20955,中证红利低波动100全收益指数,红利低波100全收益,CSI Dividend Low Volatility 100 Total Return Index,Dividend Low Volatility100 TRI,,,,21768.98,274.48,1.28,6376321810.0,559.68,100.0,7.51,2024-12-06,7.51,559.68
20241209,H20955,中证红利低波动100全收益指数,红利低波100全收益,CSI Dividend Low Volatility 100 Total Return Index,Dividend Low Volatility100 TRI,,,,21780.54,11.56,0.05,6085598010.0,515.61,100.0,7.53,2024-12-09,7.53,515.61
20241210,H20955,中证红利低波动100全收益指数,红利低波100全收益,CSI Dividend Low Volatility 100 Total Return Index,Dividend Low Volatility100 TRI,,,,21799.1,18.56,0.09,7788636600.0,737.66,100.0,7.6,2024-12-10,7.6,737.66
20241211,H20955,中证红利低波动100全收益指数,红利低波100全收益,CSI Dividend Low Volatility 100 Total Return Index,Dividend Low Volatility100 TRI,,,,21908.05,108.96,0.5,5986230137.0,513.02,100.0,7.55,2024-12-11,7.55,513.02
20241212,H20955,中证红利低波动100全收益指数,红利低波100全收益,CSI Dividend Low Volatility 100 Total Return Index,Dividend Low Volatility100 TRI,,,,22109.51,201.45,0.92,6300816299.0,546.97,100.0,7.63,2024-12-12,7.63,546.97
20241213,H20955,中证红利低波动100全收益指数,红利低波100全收益,CSI Dividend Low Volatility 100 Total Return Index,Dividend Low Volatility100 TRI,,,,21674.09,-435.42,-1.97,8525841023.0,755.65,100.0,7.51,2024-12-13,7.51,755.65
20241216,H20955,中证红利低波动100全收益指数,红利低波100全收益,CSI Dividend Low Volatility 100 Total Return Index,Dividend Low Volatility100 TRI,,,,21872.29,198.2,0.91,7000836437.0,647.7,100.0,7.73,2024-12-16,7.73,647.7
20241217,H20955,中证红利低波动100全收益指数,红利低波100全收益,CSI Dividend Low Volatility 100 Total Return Index,Dividend Low Volatility100 TRI,,,,21804.53,-67.76,-0.31,6206977975.0,565.2,100.0,7.72,2024-12-17,7.72,565.2
20241218,H20955,中证红利低波动100全收益指数,红利低波100全收益,CSI Dividend Low Volatility 100 Total Return Index,Dividend Low Volatility100 TRI,,,,21903.04,98.51,0.45,6524833100.0,580.99,100.0,7.78,2024-12-18,7.78,580.99
20241219,H20955,中证红利低波动100全收益指数,红利低波100全收益,CSI Dividend Low Volatility 100 Total Return Index,Dividend Low Volatility100 TRI,,,,21722.81,-180.23,-0.82,5516235462.0,487.35,100.0,7.71,2024-12-19,7.71,487.35
20241220,H20955,中证红利低波动100全收益指数,红利低波100全收益,CSI Dividend Low Volatility 100 Total Return Index,Dividend Low Volatility100 TRI,,,,21563.16,-159.65,-0.73,5320709954.0,475.02,100.0,7.67,2024-12-20,7.67,475.02
20241223,H20955,中证红利低波动100全收益指数,红利低波100全收益,CSI Dividend Low Volatility 100 Total Return Index,Dividend Low Volatility100 TRI,,,,21590.01,26.86,0.12,7053497090.0,629.2,100.0,7.79,2024-12-23,7.79,629.2
20241224,H20955,中证红利低波动100全收益指数,红利低波100全收益,CSI Dividend Low Volatility 100 Total Return Index,Dividend Low Volatility100 TRI,,,,21830.58,240.57,1.11,5681482740.0,552.42,100.0,7.88,2024-12-24,7.88,552.42
20241225,H20955,中证红利低波动100全收益指数,红利低波100全收益,CSI Dividend Low Volatility 100 Total Return Index,Dividend Low Volatility100 TRI,,,,21954.98,124.4,0.57,6140607551.0,554.45,100.0,7.97,2024-12-25,7.97,554.45
20241226,H20955,中证红利低波动100全收益指数,红利低波100全收益,CSI Dividend Low Volatility 100 Total Return Index,Dividend Low Volatility100 TRI,,,,21817.56,-137.42,-0.63,4954356423.0,456.54,100.0,7.94,2024-12-26,7.94,456.54
20241227,H20955,中证红利低波动100全收益指数,红利低波100全收益,CSI Dividend Low Volatility 100 Total Return Index,Dividend Low Volatility100 TRI,,,,21938.56,121.0,0.55,5740294983.0,527.67,100.0,7.94,2024-12-27,7.94,527.67
20241230,H20955,中证红利低波动100全收益指数,红利低波100全收益,CSI Dividend Low Volatility 100 Total Return Index,Dividend Low Volatility100 TRI,,,,22041.82,103.26,0.47,5895030726.0,560.07,100.0,8.02,2024-12-30,8.02,560.07
20241231,H20955,中证红利低波动100全收益指数,红利低波100全收益,CSI Dividend Low Volatility 100 Total Return Index,Dividend Low Volatility100 TRI,,,,21904.19,-137.63,-0.62,6504534009.0,616.23,100.0,7.97,2024-12-31,7.97,616.23
20250102,H20955,中证红利低波动100全收益指数,红利低波100全收益,CSI Dividend Low Volatility 100 Total Return Index,Dividend Low Volatility100 TRI,,,,21423.61,-480.58,-2.19,7610642112.0,722.19,100.0,7.8,2025-01-02,7.8,722.19
20250103,H20955,中证红利低波动100全收益指数,红利低波100全收益,CSI Dividend Low Volatility 100 Total Return Index,Dividend Low Volatility100 TRI,,,,21251.82,-171.79,-0.8,6132173043.0,557.23,100.0,7.74,2025-01-03,7.74,557.23
20250106,H20955,中证红利低波动100全收益指数,红利低波100全收益,CSI Dividend Low Volatility 100 Total Return Index,Dividend Low Volatility100 TRI,,,,21353.11,101.29,0.48,5725596890.0,519.92,100.0,7.77,2025-01-06,7.77,519.92
20250107,H20955,中证红利低波动100全收益指数,红利低波100全收益,CSI Dividend Low Volatility 100 Total Return Index,Dividend Low Volatility100 TRI,,,,21261.85,-91.26,-0.43,4761152556.0,431.39,100.0,7.77,2025-01-07,7.77,431.39
20250108,H20955,中证红利低波动100全收益指数,红利低波100全收益,CSI Dividend Low Volatility 100 Total Return Index,Dividend Low Volatility100 TRI,,,,21287.2,25.35,0.12,5688700672.0,546.26,100.0,7.8,2025-01-08,7.8,546.26
20250109,H20955,中证红利低波动100全收益指数,红利低波100全收益,CSI Dividend Low Volatility 100 Total Return Index,Dividend Low Volatility100 TRI,,,,20990.26,-296.94,-1.39,4483970174.0,428.75,100.0,7.72,2025-01-09,7.72,428.75
20250110,H20955,中证红利低波动100全收益指数,红利低波100全收益,CSI Dividend Low Volatility 100 Total Return Index,Dividend Low Volatility100 TRI,,,,20739.57,-250.69,-1.19,4367132708.0,410.3,100.0,7.65,2025-01-10,7.65,410.3
20250113,H20955,中证红利低波动100全收益指数,红利低波100全收益,CSI Dividend Low Volatility 100 Total Return Index,Dividend Low Volatility100 TRI,,,,20564.09,-175.48,-0.85,4736050731.0,430.51,100.0,7.55,2025-01-13,7.55,430.51
20250114,H20955,中证红利低波动100全收益指数,红利低波100全收益,CSI Dividend Low Volatility 100 Total Return Index,Dividend Low Volatility100 TRI,,,,20875.28,311.18,1.51,5039328890.0,471.14,100.0,7.63,2025-01-14,7.63,471.14
20250115,H20955,中证红利低波动100全收益指数,红利低波100全收益,CSI Dividend Low Volatility 100 Total Return Index,Dividend Low Volatility100 TRI,,,,20875.7,0.42,0.0,4820283568.0,447.08,100.0,7.65,2025-01-15,7.65,447.08
20250116,H20955,中证红利低波动100全收益指数,红利低波100全收益,CSI Dividend Low Volatility 100 Total Return Index,Dividend Low Volatility100 TRI,,,,21007.99,132.29,0.63,4567157495.0,422.26,100.0,7.7,2025-01-16,7.7,422.26
20250117,H20955,中证红利低波动100全收益指数,红利低波100全收益,CSI Dividend Low Volatility 100 Total Return Index,Dividend Low Volatility100 TRI,,,,21004.95,-3.03,-0.01,4091679397.0,368.48,100.0,7.66,2025-01-17,7.66,368.48
20250120,H20955,中证红利低波动100全收益指数,红利低波100全收益,CSI Dividend Low Volatility 100 Total Return Index,Dividend Low Volatility100 TRI,,,,20950.2,-54.75,-0.26,4290731620.0,418.06,100.0,7.62,2025-01-20,7.62,418.06
20250121,H20955,中证红利低波动100全收益指数,红利低波100全收益,CSI Dividend Low Volatility 100 Total Return Index,Dividend Low Volatility100 TRI,,,,20815.71,-134.5,-0.64,4016928579.0,365.42,100.0,7.59,2025-01-21,7.59,365.42
20250122,H20955,中证红利低波动100全收益指数,红利低波100全收益,CSI Dividend Low Volatility 100 Total Return Index,Dividend Low Volatility100 TRI,,,,20635.69,-180.02,-0.86,4544978647.0,423.45,100.0,7.48,2025-01-22,7.48,423.45
20250123,H20955,中证红利低波动100全收益指数,红利低波100全收益,CSI Dividend Low Volatility 100 Total Return Index,Dividend Low Volatility100 TRI,,,,20831.78,196.09,0.95,6278536299.0,546.89,100.0,7.61,2025-01-23,7.61,546.89
20250124,H20955,中证红利低波动100全收益指数,红利低波100全收益,CSI Dividend Low Volatility 100 Total Return Index,Dividend Low Volatility100 TRI,,,,20959.82,128.04,0.61,4852270567.0,450.02,100.0,7.63,2025-01-24,7.63,450.02
20250127,H20955,中证红利低波动100全收益指数,红利低波100全收益,CSI Dividend Low Volatility 100 Total Return Index,Dividend Low Volatility100 TRI,,,,21223.1,263.28,1.26,5260131373.0,476.5,100.0,7.76,2025-01-27,7.76,476.5
20250205,H20955,中证红利低波动100全收益指数,红利低波100全收益,CSI Dividend Low Volatility 100 Total Return Index,Dividend Low Volatility100 TRI,,,,20833.2,-389.9,-1.84,5008399664.0,467.49,100.0,7.6,2025-02-05,7.6,467.49
20250206,H20955,中证红利低波动100全收益指数,红利低波100全收益,CSI Dividend Low Volatility 100 Total Return Index,Dividend Low Volatility100 TRI,,,,20855.39,22.19,0.11,4341335022.0,397.46,100.0,7.61,2025-02-06,7.61,397.46
20250207,H20955,中证红利低波动100全收益指数,红利低波100全收益,CSI Dividend Low Volatility 100 Total Return Index,Dividend Low Volatility100 TRI,,,,20987.96,132.57,0.64,5696179076.0,535.66,100.0,7.63,2025-02-07,7.63,535.66
20250210,H20955,中证红利低波动100全收益指数,红利低波100全收益,CSI Dividend Low Volatility 100 Total Return Index,Dividend Low Volatility100 TRI,,,,20980.43,-7.54,-0.04,5177316577.0,502.76,100.0,7.64,2025-02-10,7.64,502.76
20250211,H20955,中证红利低波动100全收益指数,红利低波100全收益,CSI Dividend Low Volatility 100 Total Return Index,Dividend Low Volatility100 TRI,,,,21115.18,134.75,0.64,5759799455.0,518.85,100.0,7.72,2025-02-11,7.72,518.85
20250212,H20955,中证红利低波动100全收益指数,红利低波100全收益,CSI Dividend Low Volatility 100 Total Return Index,Dividend Low Volatility100 TRI,,,,21109.63,-5.55,-0.03,4958660769.0,461.71,100.0,7.75,2025-02-12,7.75,461.71
20250213,H20955,中证红利低波动100全收益指数,红利低波100全收益,CSI Dividend Low Volatility 100 Total Return Index,Dividend Low Volatility100 TRI,,,,21111.29,1.66,0.01,5314688099.0,508.58,100.0,7.76,2025-02-13,7.76,508.58
20250214,H20955,中证红利低波动100全收益指数,红利低波100全收益,CSI Dividend Low Volatility 100 Total Return Index,Dividend Low Volatility100 TRI,,,,21130.99,19.7,0.09,5072601759.0,478.84,100.0,7.8,2025-02-14,7.8,478.84
20250217,H20955,中证红利低波动100全收益指数,红利低波100全收益,CSI Dividend Low Volatility 100 Total Return Index,Dividend Low Volatility100 TRI,,,,21130.29,-0.7,0.0,5915005547.0,581.68,100.0,7.8,2025-02-17,7.8,581.68
20250218,H20955,中证红利低波动100全收益指数,红利低波100全收益,CSI Dividend Low Volatility 100 Total Return Index,Dividend Low Volatility100 TRI,,,,21105.29,-25.0,-0.12,6566433167.0,597.16,100.0,7.84,2025-02-18,7.84,597.16
20250219,H20955,中证红利低波动100全收益指数,红利低波100全收益,CSI Dividend Low Volatility 100 Total Return Index,Dividend Low Volatility100 TRI,,,,21091.89,-13.4,-0.06,5322215283.0,510.02,100.0,7.81,2025-02-19,7.81,510.02
20250220,H20955,中证红利低波动100全收益指数,红利低波100全收益,CSI Dividend Low Volatility 100 Total Return Index,Dividend Low Volatility100 TRI,,,,20992.2,-99.69,-0.47,4252085058.0,417.96,100.0,7.79,2025-02-20,7.79,417.96
20250221,H20955,中证红利低波动100全收益指数,红利低波100全收益,CSI Dividend Low Volatility 100 Total Return Index,Dividend Low Volatility100 TRI,,,,20914.73,-77.47,-0.37,6756089400.0,669.52,100.0,7.73,2025-02-21,7.73,669.52
20250224,H20955,中证红利低波动100全收益指数,红利低波100全收益,CSI Dividend Low Volatility 100 Total Return Index,Dividend Low Volatility100 TRI,,,,20951.37,36.63,0.18,6356350911.0,624.06,100.0,7.7,2025-02-24,7.7,624.06
20250225,H20955,中证红利低波动100全收益指数,红利低波100全收益,CSI Dividend Low Volatility 100 Total Return Index,Dividend Low Volatility100 TRI,,,,20766.85,-184.52,-0.88,5334189507.0,534.43,100.0,7.63,2025-02-25,7.63,534.43
20250226,H20955,中证红利低波动100全收益指数,红利低波100全收益,CSI Dividend Low Volatility 100 Total Return Index,Dividend Low Volatility100 TRI,,,,20959.69,192.84,0.93,5387390928.0,502.83,100.0,7.67,2025-02-26,7.67,502.83
20250227,H20955,中证红利低波动100全收益指数,红利低波100全收益,CSI Dividend Low Volatility 100 Total Return Index,Dividend Low Volatility100 TRI,,,,21117.04,157.35,0.75,5697648207.0,573.6,100.0,7.73,2025-02-27,7.73,573.6
20250228,H20955,中证红利低波动100全收益指数,红利低波100全收益,CSI Dividend Low Volatility 100 Total Return Index,Dividend Low Volatility100 TRI,,,,20984.94,-132.1,-0.63,5740770957.0,572.34,100.0,7.68,2025-02-28,7.68,572.34
20250303,H20955,中证红利低波动100全收益指数,红利低波100全收益,CSI Dividend Low Volatility 100 Total Return Index,Dividend Low Volatility100 TRI,,,,20971.0,-13.95,-0.07,5209674259.0,482.01,100.0,7.67,2025-03-03,7.67,482.01
20250304,H20955,中证红利低波动100全收益指数,红利低波100全收益,CSI Dividend Low Volatility 100 Total Return Index,Dividend Low Volatility100 TRI,,,,21003.03,32.04,0.15,4253027850.0,409.64,100.0,7.64,2025-03-04,7.64,409.64
20250305,H20955,中证红利低波动100全收益指数,红利低波100全收益,CSI Dividend Low Volatility 100 Total Return Index,Dividend Low Volatility100 TRI,,,,21082.64,79.6,0.38,5682022206.0,511.88,100.0,7.74,2025-03-05,7.74,511.88
20250306,H20955,中证红利低波动100全收益指数,红利低波100全收益,CSI Dividend Low Volatility 100 Total Return Index,Dividend Low Volatility100 TRI,,,,21050.77,-31.86,-0.15,5640559212.0,542.78,100.0,7.72,2025-03-06,7.72,542.78
20250307,H20955,中证红利低波动100全收益指数,红利低波100全收益,CSI Dividend Low Volatility 100 Total Return Index,Dividend Low Volatility100 TRI,,,,21066.64,15.86,0.08,4563044630.0,454.56,100.0,7.72,2025-03-07,7.72,454.56
20250310,H20955,中证红利低波动100全收益指数,红利低波100全收益,CSI Dividend Low Volatility 100 Total Return Index,Dividend Low Volatility100 TRI,,,,21028.87,-37.77,-0.18,4549600892.0,437.4,100.0,7.66,2025-03-10,7.66,437.4
20250311,H20955,中证红利低波动100全收益指数,红利低波100全收益,CSI Dividend Low Volatility 100 Total Return Index,Dividend Low Volatility100 TRI,,,,21186.64,157.77,0.75,4362600955.0,450.61,100.0,7.71,2025-03-11,7.71,450.61
20250312,H20955,中证红利低波动100全收益指数,红利低波100全收益,CSI Dividend Low Volatility 100 Total Return Index,Dividend Low Volatility100 TRI,,,,21057.34,-129.29,-0.61,4348138106.0,442.65,100.0,7.65,2025-03-12,7.65,442.65
20250313,H20955,中证红利低波动100全收益指数,红利低波100全收益,CSI Dividend Low Volatility 100 Total Return Index,Dividend Low Volatility100 TRI,,,,21110.15,52.81,0.25,4931712354.0,500.39,100.0,7.69,2025-03-13,7.69,500.39
20250314,H20955,中证红利低波动100全收益指数,红利低波100全收益,CSI Dividend Low Volatility 100 Total Return Index,Dividend Low Volatility100 TRI,,,,21302.38,192.22,0.91,6975285152.0,738.89,100.0,7.78,2025-03-14,7.78,738.89
20250317,H20955,中证红利低波动100全收益指数,红利低波100全收益,CSI Dividend Low Volatility 100 Total Return Index,Dividend Low Volatility100 TRI,,,,21386.38,84.0,0.39,5570888213.0,552.15,100.0,7.67,2025-03-17,7.67,552.15
20250318,H20955,中证红利低波动100全收益指数,红利低波100全收益,CSI Dividend Low Volatility 100 Total Return Index,Dividend Low Volatility100 TRI,,,,21353.0,-33.37,-0.16,3957087434.0,400.67,100.0,7.66,2025-03-18,7.66,400.67
20250319,H20955,中证红利低波动100全收益指数,红利低波100全收益,CSI Dividend Low Volatility 100 Total Return Index,Dividend Low Volatility100 TRI,,,,21390.8,37.8,0.18,4516797266.0,433.3,100.0,7.7,2025-03-19,7.7,433.3
20250320,H20955,中证红利低波动100全收益指数,红利低波100全收益,CSI Dividend Low Volatility 100 Total Return Index,Dividend Low Volatility100 TRI,,,,21309.0,-81.79,-0.38,4222229456.0,451.43,100.0,7.66,2025-03-20,7.66,451.43
20250321,H20955,中证红利低波动100全收益指数,红利低波100全收益,CSI Dividend Low Volatility 100 Total Return Index,Dividend Low Volatility100 TRI,,,,21294.79,-14.22,-0.07,5288116822.0,543.51,100.0,7.61,2025-03-21,7.61,543.51
20250324,H20955,中证红利低波动100全收益指数,红利低波100全收益,CSI Dividend Low Volatility 100 Total Return Index,Dividend Low Volatility100 TRI,,,,21394.31,99.52,0.47,5176271360.0,495.69,100.0,7.67,2025-03-24,7.67,495.69
20250325,H20955,中证红利低波动100全收益指数,红利低波100全收益,CSI Dividend Low Volatility 100 Total Return Index,Dividend Low Volatility100 TRI,,,,21558.45,164.14,0.77,4468474617.0,410.5,100.0,7.71,2025-03-25,7.71,410.5
20250326,H20955,中证红利低波动100全收益指数,红利低波100全收益,CSI Dividend Low Volatility 100 Total Return Index,Dividend Low Volatility100 TRI,,,,21545.37,-13.08,-0.06,4309428388.0,431.07,100.0,7.67,2025-03-26,7.67,431.07
20250327,H20955,中证红利低波动100全收益指数,红利低波100全收益,CSI Dividend Low Volatility 100 Total Return Index,Dividend Low Volatility100 TRI,,,,21539.36,-6.01,-0.03,3887224458.0,365.89,100.0,7.7,2025-03-27,7.7,365.89
20250328,H20955,中证红利低波动100全收益指数,红利低波100全收益,CSI Dividend Low Volatility 100 Total Return Index,Dividend Low Volatility100 TRI,,,,21428.79,-110.57,-0.51,4224869411.0,356.52,100.0,7.67,2025-03-28,7.67,356.52
20250331,H20955,中证红利低波动100全收益指数,红利低波100全收益,CSI Dividend Low Volatility 100 Total Return Index,Dividend Low Volatility100 TRI,,,,21366.23,-62.56,-0.29,6375804561.0,530.48,100.0,7.7,2025-03-31,7.7,530.48
20250401,H20955,中证红利低波动100全收益指数,红利低波100全收益,CSI Dividend Low Volatility 100 Total Return Index,Dividend Low Volatility100 TRI,,,,21539.77,173.55,0.81,5253206068.0,432.24,100.0,7.68,2025-04-01,7.68,432.24
20250402,H20955,中证红利低波动100全收益指数,红利低波100全收益,CSI Dividend Low Volatility 100 Total Return Index,Dividend Low Volatility100 TRI,,,,21568.93,29.15,0.14,4490317425.0,370.86,100.0,7.71,2025-04-02,7.71,370.86
20250403,H20955,中证红利低波动100全收益指数,红利低波100全收益,CSI Dividend Low Volatility 100 Total Return Index,Dividend Low Volatility100 TRI,,,,21659.89,90.96,0.42,4564802515.0,407.68,100.0,7.75,2025-04-03,7.75,407.68
20250407,H20955,中证红利低波动100全收益指数,红利低波100全收益,CSI Dividend Low Volatility 100 Total Return Index,Dividend Low Volatility100 TRI,,,,20310.71,-1349.18,-6.23,11930686015.0,1077.56,100.0,7.39,2025-04-07,7.39,1077.56
20250408,H20955,中证红利低波动100全收益指数,红利低波100全收益,CSI Dividend Low Volatility 100 Total Return Index,Dividend Low Volatility100 TRI,,,,20887.47,576.76,2.84,9468008911.0,877.27,100.0,7.56,2025-04-08,7.56,877.27
20250409,H20955,中证红利低波动100全收益指数,红利低波100全收益,CSI Dividend Low Volatility 100 Total Return Index,Dividend Low Volatility100 TRI,,,,20926.01,38.54,0.18,7808804821.0,704.28,100.0,7.52,2025-04-09,7.52,704.28
20250410,H20955,中证红利低波动100全收益指数,红利低波100全收益,CSI Dividend Low Volatility 100 Total Return Index,Dividend Low Volatility100 TRI,,,,21048.03,122.02,0.58,6519103238.0,588.04,100.0,7.53,2025-04-10,7.53,588.04
20250411,H20955,中证红利低波动100全收益指数,红利低波100全收益,CSI Dividend Low Volatility 100 Total Return Index,Dividend Low Volatility100 TRI,,,,20932.38,-115.65,-0.55,5064700601.0,442.65,100.0,7.52,2025-04-11,7.52,442.65
20250414,H20955,中证红利低波动100全收益指数,红利低波100全收益,CSI Dividend Low Volatility 100 Total Return Index,Dividend Low Volatility100 TRI,,,,21024.89,92.51,0.44,5033017806.0,450.15,100.0,7.58,2025-04-14,7.58,450.15
20250415,H20955,中证红利低波动100全收益指数,红利低波100全收益,CSI Dividend Low Volatility 100 Total Return Index,Dividend Low Volatility100 TRI,,,,21141.99,117.1,0.56,5086431059.0,447.33,100.0,7.67,2025-04-15,7.67,447.33
20250416,H20955,中证红利低波动100全收益指数,红利低波100全收益,CSI Dividend Low Volatility 100 Total Return Index,Dividend Low Volatility100 TRI,,,,21267.4,125.41,0.59,5701645119.0,502.79,100.0,7.77,2025-04-16,7.77,502.79
20250417,H20955,中证红利低波动100全收益指数,红利低波100全收益,CSI Dividend Low Volatility 100 Total Return Index,Dividend Low Volatility100 TRI,,,,21263.55,-3.84,-0.02,4114262239.0,358.12,100.0,7.77,2025-04-17,7.77,358.12
20250418,H20955,中证红利低波动100全收益指数,红利低波100全收益,CSI Dividend Low Volatility 100 Total Return Index,Dividend Low Volatility100 TRI,,,,21290.27,26.72,0.13,3776452375.0,337.3,100.0,7.8,2025-04-18,7.8,337.3
20250421,H20955,中证红利低波动100全收益指数,红利低波100全收益,CSI Dividend Low Volatility 100 Total Return Index,Dividend Low Volatility100 TRI,,,,21204.75,-85.52,-0.4,4488704645.0,379.41,100.0,7.73,2025-04-21,7.73,379.41
20250422,H20955,中证红利低波动100全收益指数,红利低波100全收益,CSI Dividend Low Volatility 100 Total Return Index,Dividend Low Volatility100 TRI,,,,21376.57,171.82,0.81,4513682476.0,378.99,100.0,7.79,2025-04-22,7.79,378.99
20250423,H20955,中证红利低波动100全收益指数,红利低波100全收益,CSI Dividend Low Volatility 100 Total Return Index,Dividend Low Volatility100 TRI,,,,21248.68,-127.89,-0.6,3873022431.0,343.12,100.0,7.75,2025-04-23,7.75,343.12
20250424,H20955,中证红利低波动100全收益指数,红利低波100全收益,CSI Dividend Low Volatility 100 Total Return Index,Dividend Low Volatility100 TRI,,,,21421.99,173.31,0.82,4215181136.0,362.61,100.0,7.84,2025-04-24,7.84,362.61
20250425,H20955,中证红利低波动100全收益指数,红利低波100全收益,CSI Dividend Low Volatility 100 Total Return Index,Dividend Low Volatility100 TRI,,,,21404.36,-17.63,-0.08,4019122498.0,344.73,100.0,7.79,2025-04-25,7.79,344.73
20250428,H20955,中证红利低波动100全收益指数,红利低波100全收益,CSI Dividend Low Volatility 100 Total Return Index,Dividend Low Volatility100 TRI,,,,21416.69,12.33,0.06,4883920816.0,455.32,100.0,7.84,2025-04-28,7.84,455.32
20250429,H20955,中证红利低波动100全收益指数,红利低波100全收益,CSI Dividend Low Volatility 100 Total Return Index,Dividend Low Volatility100 TRI,,,,21337.76,-78.94,-0.37,4313056921.0,386.49,100.0,7.81,2025-04-29,7.81,386.49
20250430,H20955,中证红利低波动100全收益指数,红利低波100全收益,CSI Dividend Low Volatility 100 Total Return Index,Dividend Low Volatility100 TRI,,,,21171.67,-166.08,-0.78,6497192512.0,569.41,100.0,7.68,2025-04-30,7.68,569.41
20250506,H20955,中证红利低波动100全收益指数,红利低波100全收益,CSI Dividend Low Volatility 100 Total Return Index,Dividend Low Volatility100 TRI,,,,21216.06,44.39,0.21,5477103635.0,476.65,100.0,7.66,2025-05-06,7.66,476.65
20250507,H20955,中证红利低波动100全收益指数,红利低波100全收益,CSI Dividend Low Volatility 100 Total Return Index,Dividend Low Volatility100 TRI,,,,21391.19,175.13,0.83,5605520833.0,488.46,100.0,7.77,2025-05-07,7.77,488.46
20250508,H20955,中证红利低波动100全收益指数,红利低波100全收益,CSI Dividend Low Volatility 100 Total Return Index,Dividend Low Volatility100 TRI,,,,21421.56,30.37,0.14,4449975982.0,418.67,100.0,7.78,2025-05-08,7.78,418.67
20250509,H20955,中证红利低波动100全收益指数,红利低波100全收益,CSI Dividend Low Volatility 100 Total Return Index,Dividend Low Volatility100 TRI,,,,21549.94,128.38,0.6,4758534241.0,431.14,100.0,7.85,2025-05-09,7.85,431.14
20250512,H20955,中证红利低波动100全收益指数,红利低波100全收益,CSI Dividend Low Volatility 100 Total Return Index,Dividend Low Volatility100 TRI,,,,21594.27,44.33,0.21,4680067073.0,450.23,100.0,7.86,2025-05-12,7.86,450.23
20250513,H20955,中证红利低波动100全收益指数,红利低波100全收益,CSI Dividend Low Volatility 100 Total Return Index,Dividend Low Volatility100 TRI,,,,21741.78,147.51,0.68,5147260160.0,470.81,100.0,7.94,2025-05-13,7.94,470.81
20250514,H20955,中证红利低波动100全收益指数,红利低波100全收益,CSI Dividend Low Volatility 100 Total Return Index,Dividend Low Volatility100 TRI,,,,21860.51,118.73,0.55,5646609058.0,563.69,100.0,8.0,2025-05-14,8.0,563.69
20250515,H20955,中证红利低波动100全收益指数,红利低波100全收益,CSI Dividend Low Volatility 100 Total Return Index,Dividend Low Volatility100 TRI,,,,21805.59,-54.92,-0.25,4491252843.0,430.38,100.0,8.0,2025-05-15,8.0,430.38
20250516,H20955,中证红利低波动100全收益指数,红利低波100全收益,CSI Dividend Low Volatility 100 Total Return Index,Dividend Low Volatility100 TRI,,,,21659.53,-146.06,-0.67,4631115107.0,423.0,100.0,7.91,2025-05-16,7.91,423.0
20250519,H20955,中证红利低波动100全收益指数,红利低波100全收益,CSI Dividend Low Volatility 100 Total Return Index,Dividend Low Volatility100 TRI,,,,21739.83,80.3,0.37,3629457013.0,334.0,100.0,7.89,2025-05-19,7.89,334.0
20250520,H20955,中证红利低波动100全收益指数,红利低波100全收益,CSI Dividend Low Volatility 100 Total Return Index,Dividend Low Volatility100 TRI,,,,21781.71,41.88,0.19,3543958366.0,351.53,100.0,7.91,2025-05-20,7.91,351.53
20250521,H20955,中证红利低波动100全收益指数,红利低波100全收益,CSI Dividend Low Volatility 100 Total Return Index,Dividend Low Volatility100 TRI,,,,21910.79,129.08,0.59,3805534832.0,364.92,100.0,7.96,2025-05-21,7.96,364.92
20250522,H20955,中证红利低波动100全收益指数,红利低波100全收益,CSI Dividend Low Volatility 100 Total Return Index,Dividend Low Volatility100 TRI,,,,21896.96,-13.82,-0.06,4053333521.0,368.2,100.0,8.0,2025-05-22,8.0,368.2
20250523,H20955,中证红利低波动100全收益指数,红利低波100全收益,CSI Dividend Low Volatility 100 Total Return Index,Dividend Low Volatility100 TRI,,,,21735.29,-161.68,-0.74,4581233156.0,414.95,100.0,7.92,2025-05-23,7.92,414.95
20250526,H20955,中证红利低波动100全收益指数,红利低波100全收益,CSI Dividend Low Volatility 100 Total Return Index,Dividend Low Volatility100 TRI,,,,21595.01,-140.28,-0.65,3972707004.0,363.83,100.0,7.88,2025-05-26,7.88,363.83
20250527,H20955,中证红利低波动100全收益指数,红利低波100全收益,CSI Dividend Low Volatility 100 Total Return Index,Dividend Low Volatility100 TRI,,,,21641.23,46.22,0.21,3705001460.0,334.81,100.0,7.9,2025-05-27,7.9,334.81
20250528,H20955,中证红利低波动100全收益指数,红利低波100全收益,CSI Dividend Low Volatility 100 Total Return Index,Dividend Low Volatility100 TRI,,,,21711.93,70.69,0.33,3769287785.0,341.59,100.0,7.91,2025-05-28,7.91,341.59
20250529,H20955,中证红利低波动100全收益指数,红利低波100全收益,CSI Dividend Low Volatility 100 Total Return Index,Dividend Low Volatility100 TRI,,,,21713.8,1.87,0.01,3907590961.0,365.2,100.0,7.9,2025-05-29,7.9,365.2
20250530,H20955,中证红利低波动100全收益指数,红利低波100全收益,CSI Dividend Low Volatility 100 Total Return Index,Dividend Low Volatility100 TRI,,,,21765.15,51.35,0.24,4774687857.0,426.75,100.0,7.93,2025-05-30,7.93,426.75
20250603,H20955,中证红利低波动100全收益指数,红利低波100全收益,CSI Dividend Low Volatility 100 Total Return Index,Dividend Low Volatility100 TRI,,,,21833.9,68.75,0.32,6048712124.0,563.82,100.0,7.98,2025-06-03,7.98,563.82
20250604,H20955,中证红利低波动100全收益指数,红利低波100全收益,CSI Dividend Low Volatility 100 Total Return Index,Dividend Low Volatility100 TRI,,,,21911.87,77.97,0.36,4400331472.0,403.61,100.0,7.99,2025-06-04,7.99,403.61
20250605,H20955,中证红利低波动100全收益指数,红利低波100全收益,CSI Dividend Low Volatility 100 Total Return Index,Dividend Low Volatility100 TRI,,,,21795.57,-116.3,-0.53,4452219828.0,404.74,100.0,7.96,2025-06-05,7.96,404.74
20250606,H20955,中证红利低波动100全收益指数,红利低波100全收益,CSI Dividend Low Volatility 100 Total Return Index,Dividend Low Volatility100 TRI,,,,21840.71,45.14,0.21,3861933582.0,353.29,100.0,7.98,2025-06-06,7.98,353.29
20250609,H20955,中证红利低波动100全收益指数,红利低波100全收益,CSI Dividend Low Volatility 100 Total Return Index,Dividend Low Volatility100 TRI,,,,21892.67,51.95,0.24,4611349025.0,414.06,100.0,7.99,2025-06-09,7.99,414.06
20250610,H20955,中证红利低波动100全收益指数,红利低波100全收益,CSI Dividend Low Volatility 100 Total Return Index,Dividend Low Volatility100 TRI,,,,21926.79,34.12,0.16,5687545900.0,505.23,100.0,8.01,2025-06-10,8.01,505.23
20250611,H20955,中证红利低波动100全收益指数,红利低波100全收益,CSI Dividend Low Volatility 100 Total Return Index,Dividend Low Volatility100 TRI,,,,21989.65,62.86,0.29,4380604055.0,420.31,100.0,8.04,2025-06-11,8.04,420.31
20250612,H20955,中证红利低波动100全收益指数,红利低波100全收益,CSI Dividend Low Volatility 100 Total Return Index,Dividend Low Volatility100 TRI,,,,21989.79,0.14,0.0,4709276718.0,446.01,100.0,8.04,2025-06-12,8.04,446.01
20250613,H20955,中证红利低波动100全收益指数,红利低波100全收益,CSI Dividend Low Volatility 100 Total Return Index,Dividend Low Volatility100 TRI,,,,21829.97,-159.82,-0.73,6850036444.0,612.84,100.0,8.0,2025-06-13,8.0,612.84
20250616,H20955,中证红利低波动100全收益指数,红利低波100全收益,CSI Dividend Low Volatility 100 Total Return Index,Dividend Low Volatility100 TRI,,,,21828.82,-1.15,-0.01,5330836396.0,461.01,100.0,7.85,2025-06-16,7.85,461.01
20250617,H20955,中证红利低波动100全收益指数,红利低波100全收益,CSI Dividend Low Volatility 100 Total Return Index,Dividend Low Volatility100 TRI,,,,21847.08,18.27,0.08,4139094103.0,379.37,100.0,7.87,2025-06-17,7.87,379.37
20250618,H20955,中证红利低波动100全收益指数,红利低波100全收益,CSI Dividend Low Volatility 100 Total Return Index,Dividend Low Volatility100 TRI,,,,21821.64,-25.44,-0.12,4668226037.0,405.01,100.0,7.91,2025-06-18,7.91,405.01
20250619,H20955,中证红利低波动100全收益指数,红利低波100全收益,CSI Dividend Low Volatility 100 Total Return Index,Dividend Low Volatility100 TRI,,,,21692.93,-128.7,-0.59,4666081929.0,412.16,100.0,7.92,2025-06-19,7.92,412.16
20250620,H20955,中证红利低波动100全收益指数,红利低波100全收益,CSI Dividend Low Volatility 100 Total Return Index,Dividend Low Volatility100 TRI,,,,21795.37,102.43,0.47,5039793083.0,468.74,100.0,7.95,2025-06-20,7.95,468.74
20250623,H20955,中证红利低波动100全收益指数,红利低波100全收益,CSI Dividend Low Volatility 100 Total Return Index,Dividend Low Volatility100 TRI,,,,21799.02,3.65,0.02,5765161369.0,514.46,100.0,8.02,2025-06-23,8.02,514.46
20250624,H20955,中证红利低波动100全收益指数,红利低波100全收益,CSI Dividend Low Volatility 100 Total Return Index,Dividend Low Volatility100 TRI,,,,21890.29,91.27,0.42,6116675368.0,571.46,100.0,8.03,2025-06-24,8.03,571.46
20250625,H20955,中证红利低波动100全收益指数,红利低波100全收益,CSI Dividend Low Volatility 100 Total Return Index,Dividend Low Volatility100 TRI,,,,22018.69,128.4,0.59,5675946263.0,536.71,100.0,8.07,2025-06-25,8.07,536.71
20250626,H20955,中证红利低波动100全收益指数,红利低波100全收益,CSI Dividend Low Volatility 100 Total Return Index,Dividend Low Volatility100 TRI,,,,22044.52,25.82,0.12,5299400706.0,495.04,100.0,8.1,2025-06-26,8.1,495.04
20250627,H20955,中证红利低波动100全收益指数,红利低波100全收益,CSI Dividend Low Volatility 100 Total Return Index,Dividend Low Volatility100 TRI,,,,21930.31,-114.21,-0.52,7571298360.0,673.38,100.0,7.92,2025-06-27,7.92,673.38
20250630,H20955,中证红利低波动100全收益指数,红利低波100全收益,CSI Dividend Low Volatility 100 Total Return Index,Dividend Low Volatility100 TRI,,,,21876.99,-53.32,-0.24,4950823763.0,455.39,100.0,7.91,2025-06-30,7.91,455.39
20250701,H20955,中证红利低波动100全收益指数,红利低波100全收益,CSI Dividend Low Volatility 100 Total Return Index,Dividend Low Volatility100 TRI,,,,22025.56,148.57,0.68,4517539462.0,398.77,100.0,7.98,2025-07-01,7.98,398.77
20250702,H20955,中证红利低波动100全收益指数,红利低波100全收益,CSI Dividend Low Volatility 100 Total Return Index,Dividend Low Volatility100 TRI,,,,22180.52,154.96,0.7,4832703176.0,445.62,100.0,8.02,2025-07-02,8.02,445.62
20250703,H20955,中证红利低波动100全收益指数,红利低波100全收益,CSI Dividend Low Volatility 100 Total Return Index,Dividend Low Volatility100 TRI,,,,22180.45,-0.07,0.0,4029243230.0,376.39,100.0,7.99,2025-07-03,7.99,376.39
20250704,H20955,中证红利低波动100全收益指数,红利低波100全收益,CSI Dividend Low Volatility 100 Total Return Index,Dividend Low Volatility100 TRI,,,,22319.6,139.15,0.63,5598003744.0,508.17,100.0,8.1,2025-07-04,8.1,508.17
20250707,H20955,中证红利低波动100全收益指数,红利低波100全收益,CSI Dividend Low Volatility 100 Total Return Index,Dividend Low Volatility100 TRI,,,,22438.88,119.28,0.53,4649841405.0,422.71,100.0,8.09,2025-07-07,8.09,422.71
20250708,H20955,中证红利低波动100全收益指数,红利低波100全收益,CSI Dividend Low Volatility 100 Total Return Index,Dividend Low Volatility100 TRI,,,,22464.07,25.19,0.11,4622103812.0,428.76,100.0,8.1,2025-07-08,8.1,428.76
20250709,H20955,中证红利低波动100全收益指数,红利低波100全收益,CSI Dividend Low Volatility 100 Total Return Index,Dividend Low Volatility100 TRI,,,,22575.68,111.61,0.5,5325849640.0,485.01,100.0,8.14,2025-07-09,8.14,485.01
20250710,H20955,中证红利低波动100全收益指数,红利低波100全收益,CSI Dividend Low Volatility 100 Total Return Index,Dividend Low Volatility100 TRI,,,,22754.07,178.39,0.79,6975194247.0,652.81,100.0,8.23,2025-07-10,8.23,652.81
20250711,H20955,中证红利低波动100全收益指数,红利低波100全收益,CSI Dividend Low Volatility 100 Total Return Index,Dividend Low Volatility100 TRI,,,,22654.86,-99.21,-0.44,8869170830.0,828.84,100.0,8.12,2025-07-11,8.12,828.84
20250714,H20955,中证红利低波动100全收益指数,红利低波100全收益,CSI Dividend Low Volatility 100 Total Return Index,Dividend Low Volatility100 TRI,,,,22793.49,138.63,0.61,6355189529.0,580.53,100.0,8.17,2025-07-14,8.17,580.53
20250715,H20955,中证红利低波动100全收益指数,红利低波100全收益,CSI Dividend Low Volatility 100 Total Return Index,Dividend Low Volatility100 TRI,,,,22560.02,-233.47,-1.02,5247683252.0,489.15,100.0,8.12,2025-07-15,8.12,489.15
20250716,H20955,中证红利低波动100全收益指数,红利低波100全收益,CSI Dividend Low Volatility 100 Total Return Index,Dividend Low Volatility100 TRI,,,,22557.95,-2.08,-0.01,4949793682.0,467.65,100.0,8.1,2025-07-16,8.1,467.65
20250717,H20955,中证红利低波动100全收益指数,红利低波100全收益,CSI Dividend Low Volatility 100 Total Return Index,Dividend Low Volatility100 TRI,,,,22544.25,-13.7,-0.06,4184492812.0,393.95,100.0,8.05,2025-07-17,8.05,393.95
20250718,H20955,中证红利低波动100全收益指数,红利低波100全收益,CSI Dividend Low Volatility 100 Total Return Index,Dividend Low Volatility100 TRI,,,,22669.5,125.25,0.56,4443545391.0,419.64,100.0,8.09,2025-07-18,8.09,419.64
20250721,H20955,中证红利低波动100全收益指数,红利低波100全收益,CSI Dividend Low Volatility 100 Total Return Index,Dividend Low Volatility100 TRI,,,,22908.57,239.07,1.05,6134664069.0,573.54,100.0,8.08,2025-07-21,8.08,573.54
20250722,H20955,中证红利低波动100全收益指数,红利低波100全收益,CSI Dividend Low Volatility 100 Total Return Index,Dividend Low Volatility100 TRI,,,,23243.12,334.55,1.46,8837262955.0,861.36,100.0,8.07,2025-07-22,8.07,861.36
20250723,H20955,中证红利低波动100全收益指数,红利低波100全收益,CSI Dividend Low Volatility 100 Total Return Index,Dividend Low Volatility100 TRI,,,,23118.93,-124.2,-0.53,8337027908.0,817.35,100.0,8.1,2025-07-23,8.1,817.35
20250724,H20955,中证红利低波动100全收益指数,红利低波100全收益,CSI Dividend Low Volatility 100 Total Return Index,Dividend Low Volatility100 TRI,,,,23157.88,38.95,0.17,7529442853.0,720.58,100.0,8.03,2025-07-24,8.03,720.58
20250725,H20955,中证红利低波动100全收益指数,红利低波100全收益,CSI Dividend Low Volatility 100 Total Return Index,Dividend Low Volatility100 TRI,,,,22974.58,-183.3,-0.79,6117276179.0,593.36,100.0,7.97,2025-07-25,7.97,593.36
20250728,H20955,中证红利低波动100全收益指数,红利低波100全收益,CSI Dividend Low Volatility 100 Total Return Index,Dividend Low Volatility100 TRI,,,,22816.71,-157.87,-0.69,5594448877.0,565.77,100.0,7.95,2025-07-28,7.95,565.77
20250729,H20955,中证红利低波动100全收益指数,红利低波100全收益,CSI Dividend Low Volatility 100 Total Return Index,Dividend Low Volatility100 TRI,,,,22758.11,-58.6,-0.26,5680796674.0,559.27,100.0,7.92,2025-07-29,7.92,559.27
20250730,H20955,中证红利低波动100全收益指数,红利低波100全收益,CSI Dividend Low Volatility 100 Total Return Index,Dividend Low Volatility100 TRI,,,,22841.58,83.48,0.37,6118320340.0,607.86,100.0,8.0,2025-07-30,8.0,607.86
20250731,H20955,中证红利低波动100全收益指数,红利低波100全收益,CSI Dividend Low Volatility 100 Total Return Index,Dividend Low Volatility100 TRI,,,,22462.62,-378.96,-1.66,6778612559.0,638.0,100.0,7.97,2025-07-31,7.97,638.0
20250801,H20955,中证红利低波动100全收益指数,红利低波100全收益,CSI Dividend Low Volatility 100 Total Return Index,Dividend Low Volatility100 TRI,,,,22472.05,9.43,0.04,5698522352.0,511.61,100.0,7.93,2025-08-01,7.93,511.61
20250804,H20955,中证红利低波动100全收益指数,红利低波100全收益,CSI Dividend Low Volatility 100 Total Return Index,Dividend Low Volatility100 TRI,,,,22548.02,75.97,0.34,5230753218.0,456.76,100.0,7.97,2025-08-04,7.97,456.76
20250805,H20955,中证红利低波动100全收益指数,红利低波100全收益,CSI Dividend Low Volatility 100 Total Return Index,Dividend Low Volatility100 TRI,,,,22724.16,176.14,0.78,5250659564.0,468.01,100.0,8.07,2025-08-05,8.07,468.01
20250806,H20955,中证红利低波动100全收益指数,红利低波100全收益,CSI Dividend Low Volatility 100 Total Return Index,Dividend Low Volatility100 TRI,,,,22718.77,-5.4,-0.02,4426980285.0,397.55,100.0,8.08,2025-08-06,8.08,397.55
20250807,H20955,中证红利低波动100全收益指数,红利低波100全收益,CSI Dividend Low Volatility 100 Total Return Index,Dividend Low Volatility100 TRI,,,,22746.42,27.65,0.12,4431309518.0,408.75,100.0,8.13,2025-08-07,8.13,408.75
20250808,H20955,中证红利低波动100全收益指数,红利低波100全收益,CSI Dividend Low Volatility 100 Total Return Index,Dividend Low Volatility100 TRI,,,,22802.03,55.62,0.24,4211768562.0,402.37,100.0,8.12,2025-08-08,8.12,402.37
20250811,H20955,中证红利低波动100全收益指数,红利低波100全收益,CSI Dividend Low Volatility 100 Total Return Index,Dividend Low Volatility100 TRI,,,,22744.82,-57.22,-0.25,5228808824.0,482.09,100.0,8.06,2025-08-11,8.06,482.09
20250812,H20955,中证红利低波动100全收益指数,红利低波100全收益,CSI Dividend Low Volatility 100 Total Return Index,Dividend Low Volatility100 TRI,,,,22810.63,65.81,0.29,4838874431.0,450.11,100.0,8.12,2025-08-12,8.12,450.11
20250813,H20955,中证红利低波动100全收益指数,红利低波100全收益,CSI Dividend Low Volatility 100 Total Return Index,Dividend Low Volatility100 TRI,,,,22742.33,-68.31,-0.3,5849336533.0,557.02,100.0,8.05,2025-08-13,8.05,557.02
20250814,H20955,中证红利低波动100全收益指数,红利低波100全收益,CSI Dividend Low Volatility 100 Total Return Index,Dividend Low Volatility100 TRI,,,,22625.9,-116.43,-0.51,5204593764.0,522.24,100.0,8.07,2025-08-14,8.07,522.24
20250815,H20955,中证红利低波动100全收益指数,红利低波100全收益,CSI Dividend Low Volatility 100 Total Return Index,Dividend Low Volatility100 TRI,,,,22692.09,66.19,0.29,7678479016.0,705.52,100.0,7.99,2025-08-15,7.99,705.52
20250818,H20955,中证红利低波动100全收益指数,红利低波100全收益,CSI Dividend Low Volatility 100 Total Return Index,Dividend Low Volatility100 TRI,,,,22758.07,65.98,0.29,6864652482.0,705.42,100.0,8.01,2025-08-18,8.01,705.42
20250819,H20955,中证红利低波动100全收益指数,红利低波100全收益,CSI Dividend Low Volatility 100 Total Return Index,Dividend Low Volatility100 TRI,,,,22777.64,19.57,0.09,5767491593.0,639.93,100.0,8.03,2025-08-19,8.03,639.93
20250820,H20955,中证红利低波动100全收益指数,红利低波100全收益,CSI Dividend Low Volatility 100 Total Return Index,Dividend Low Volatility100 TRI,,,,22955.88,178.24,0.78,5967673906.0,599.56,100.0,8.08,2025-08-20,8.08,599.56
20250821,H20955,中证红利低波动100全收益指数,红利低波100全收益,CSI Dividend Low Volatility 100 Total Return Index,Dividend Low Volatility100 TRI,,,,23112.91,157.03,0.68,6470984921.0,636.66,100.0,8.15,2025-08-21,8.15,636.66
20250822,H20955,中证红利低波动100全收益指数,红利低波100全收益,CSI Dividend Low Volatility 100 Total Return Index,Dividend Low Volatility100 TRI,,,,23080.4,-32.51,-0.14,6582101444.0,654.86,100.0,8.16,2025-08-22,8.16,654.86
20250825,H20955,中证红利低波动100全收益指数,红利低波100全收益,CSI Dividend Low Volatility 100 Total Return Index,Dividend Low Volatility100 TRI,,,,23309.74,229.34,0.99,7723165754.0,771.63,100.0,8.2,2025-08-25,8.2,771.63
20250826,H20955,中证红利低波动100全收益指数,红利低波100全收益,CSI Dividend Low Volatility 100 Total Return Index,Dividend Low Volatility100 TRI,,,,23289.78,-19.96,-0.09,6033970033.0,598.62,100.0,8.17,2025-08-26,8.17,598.62
20250827,H20955,中证红利低波动100全收益指数,红利低波100全收益,CSI Dividend Low Volatility 100 Total Return Index,Dividend Low Volatility100 TRI,,,,22870.07,-419.71,-1.8,7843481247.0,766.95,100.0,8.01,2025-08-27,8.01,766.95
20250828,H20955,中证红利低波动100全收益指数,红利低波100全收益,CSI Dividend Low Volatility 100 Total Return Index,Dividend Low Volatility100 TRI,,,,22872.33,2.26,0.01,7147819948.0,684.86,100.0,8.0,2025-08-28,8.0,684.86
20250829,H20955,中证红利低波动100全收益指数,红利低波100全收益,CSI Dividend Low Volatility 100 Total Return Index,Dividend Low Volatility100 TRI,,,,22838.07,-34.25,-0.15,9940412534.0,1008.48,100.0,7.98,2025-08-29,7.98,1008.48
20250901,H20955,中证红利低波动100全收益指数,红利低波100全收益,CSI Dividend Low Volatility 100 Total Return Index,Dividend Low Volatility100 TRI,,,,22840.28,2.21,0.01,9344196784.0,903.23,100.0,8.27,2025-09-01,8.27,903.23
20250902,H20955,中证红利低波动100全收益指数,红利低波100全收益,CSI Dividend Low Volatility 100 Total Return Index,Dividend Low Volatility100 TRI,,,,22872.78,32.5,0.14,8729574055.0,832.98,100.0,8.42,2025-09-02,8.42,832.98
20250903,H20955,中证红利低波动100全收益指数,红利低波100全收益,CSI Dividend Low Volatility 100 Total Return Index,Dividend Low Volatility100 TRI,,,,22665.91,-206.87,-0.9,6485906625.0,626.84,100.0,8.34,2025-09-03,8.34,626.84
20250904,H20955,中证红利低波动100全收益指数,红利低波100全收益,CSI Dividend Low Volatility 100 Total Return Index,Dividend Low Volatility100 TRI,,,,22678.26,12.35,0.05,8972964907.0,814.93,100.0,8.43,2025-09-04,8.43,814.93
20250905,H20955,中证红利低波动100全收益指数,红利低波100全收益,CSI Dividend Low Volatility 100 Total Return Index,Dividend Low Volatility100 TRI,,,,22760.43,82.17,0.36,6449968416.0,594.06,100.0,8.34,2025-09-05,8.34,594.06
20250908,H20955,中证红利低波动100全收益指数,红利低波100全收益,CSI Dividend Low Volatility 100 Total Return Index,Dividend Low Volatility100 TRI,,,,22875.33,114.9,0.5,6738565938.0,635.07,100.0,8.31,2025-09-08,8.31,635.07
20250909,H20955,中证红利低波动100全收益指数,红利低波100全收益,CSI Dividend Low Volatility 100 Total Return Index,Dividend Low Volatility100 TRI,,,,22927.86,52.54,0.23,5227439891.0,513.66,100.0,8.34,2025-09-09,8.34,513.66
20250910,H20955,中证红利低波动100全收益指数,红利低波100全收益,CSI Dividend Low Volatility 100 Total Return Index,Dividend Low Volatility100 TRI,,,,22818.81,-109.06,-0.48,5073007787.0,466.31,100.0,8.33,2025-09-10,8.33,466.31
20250911,H20955,中证红利低波动100全收益指数,红利低波100全收益,CSI Dividend Low Volatility 100 Total Return Index,Dividend Low Volatility100 TRI,,,,22935.4,116.59,0.51,6329555389.0,584.9,100.0,8.36,2025-09-11,8.36,584.9
20250912,H20955,中证红利低波动100全收益指数,红利低波100全收益,CSI Dividend Low Volatility 100 Total Return Index,Dividend Low Volatility100 TRI,,,,22840.64,-94.76,-0.41,6663022638.0,627.2,100.0,8.29,2025-09-12,8.29,627.2
20250915,H20955,中证红利低波动100全收益指数,红利低波100全收益,CSI Dividend Low Volatility 100 Total Return Index,Dividend Low Volatility100 TRI,,,,22753.3,-87.34,-0.38,6427353763.0,627.53,100.0,9.11,2025-09-15,9.11,627.53
20250916,H20955,中证红利低波动100全收益指数,红利低波100全收益,CSI Dividend Low Volatility 100 Total Return Index,Dividend Low Volatility100 TRI,,,,22699.99,-53.31,-0.23,7227897069.0,677.94,100.0,9.04,2025-09-16,9.04,677.94
20250917,H20955,中证红利低波动100全收益指数,红利低波100全收益,CSI Dividend Low Volatility 100 Total Return Index,Dividend Low Volatility100 TRI,,,,22776.23,76.24,0.34,6071757448.0,634.29,100.0,9.02,2025-09-17,9.02,634.29
20250918,H20955,中证红利低波动100全收益指数,红利低波100全收益,CSI Dividend Low Volatility 100 Total Return Index,Dividend Low Volatility100 TRI,,,,22404.06,-372.16,-1.63,7896075497.0,842.33,100.0,8.84,2025-09-18,8.84,842.33
20250919,H20955,中证红利低波动100全收益指数,红利低波100全收益,CSI Dividend Low Volatility 100 Total Return Index,Dividend Low Volatility100 TRI,,,,22479.4,75.33,0.34,6429798253.0,636.1,100.0,8.81,2025-09-19,8.81,636.1
20250922,H20955,中证红利低波动100全收益指数,红利低波100全收益,CSI Dividend Low Volatility 100 Total Return Index,Dividend Low Volatility100 TRI,,,,22352.34,-127.06,-0.57,4796317045.0,534.69,100.0,8.73,2025-09-22,8.73,534.69
20250923,H20955,中证红利低波动100全收益指数,红利低波100全收益,CSI Dividend Low Volatility 100 Total Return Index,Dividend Low Volatility100 TRI,,,,22397.83,45.5,0.2,7667590886.0,745.96,100.0,8.83,2025-09-23,8.83,745.96
20250924,H20955,中证红利低波动100全收益指数,红利低波100全收益,CSI Dividend Low Volatility 100 Total Return Index,Dividend Low Volatility100 TRI,,,,22498.28,100.44,0.45,5786123881.0,576.01,100.0,8.82,2025-09-24,8.82,576.01
20250925,H20955,中证红利低波动100全收益指数,红利低波100全收益,CSI Dividend Low Volatility 100 Total Return Index,Dividend Low Volatility100 TRI,,,,22398.78,-99.5,-0.44,5147611427.0,549.19,100.0,8.78,2025-09-25,8.78,549.19
20250926,H20955,中证红利低波动100全收益指数,红利低波100全收益,CSI Dividend Low Volatility 100 Total Return Index,Dividend Low Volatility100 TRI,,,,22461.38,62.6,0.28,4874209611.0,556.98,100.0,8.8,2025-09-26,8.8,556.98
20250929,H20955,中证红利低波动100全收益指数,红利低波100全收益,CSI Dividend Low Volatility 100 Total Return Index,Dividend Low Volatility100 TRI,,,,22516.61,55.23,0.25,6566553161.0,701.64,100.0,8.78,2025-09-29,8.78,701.64
20250930,H20955,中证红利低波动100全收益指数,红利低波100全收益,CSI Dividend Low Volatility 100 Total Return Index,Dividend Low Volatility100 TRI,,,,22428.26,-88.35,-0.39,5599070200.0,608.09,100.0,8.73,2025-09-30,8.73,608.09
20251009,H20955,中证红利低波动100全收益指数,红利低波100全收益,CSI Dividend Low Volatility 100 Total Return Index,Dividend Low Volatility100 TRI,,,,22695.53,267.27,1.19,7236948048.0,794.81,100.0,8.79,2025-10-09,8.79,794.81
20251010,H20955,中证红利低波动100全收益指数,红利低波100全收益,CSI Dividend Low Volatility 100 Total Return Index,Dividend Low Volatility100 TRI,,,,22904.9,209.37,0.92,8292737466.0,827.19,100.0,8.82,2025-10-10,8.82,827.19
20251013,H20955,中证红利低波动100全收益指数,红利低波100全收益,CSI Dividend Low Volatility 100 Total Return Index,Dividend Low Volatility100 TRI,,,,22785.02,-119.89,-0.52,8002137615.0,832.25,100.0,8.81,2025-10-13,8.81,832.25
20251014,H20955,中证红利低波动100全收益指数,红利低波100全收益,CSI Dividend Low Volatility 100 Total Return Index,Dividend Low Volatility100 TRI,,,,23012.89,227.87,1.0,9509528534.0,1024.27,100.0,8.99,2025-10-14,8.99,1024.27
20251015,H20955,中证红利低波动100全收益指数,红利低波100全收益,CSI Dividend Low Volatility 100 Total Return Index,Dividend Low Volatility100 TRI,,,,23053.19,40.3,0.18,6849085195.0,728.56,100.0,9.02,2025-10-15,9.02,728.56
20251016,H20955,中证红利低波动100全收益指数,红利低波100全收益,CSI Dividend Low Volatility 100 Total Return Index,Dividend Low Volatility100 TRI,,,,23093.69,40.5,0.18,7102276869.0,748.44,100.0,9.16,2025-10-16,9.16,748.44
20251017,H20955,中证红利低波动100全收益指数,红利低波100全收益,CSI Dividend Low Volatility 100 Total Return Index,Dividend Low Volatility100 TRI,,,,22954.2,-139.49,-0.6,6954540400.0,718.22,100.0,9.12,2025-10-17,9.12,718.22
20251020,H20955,中证红利低波动100全收益指数,红利低波100全收益,CSI Dividend Low Volatility 100 Total Return Index,Dividend Low Volatility100 TRI,,,,23023.94,69.75,0.3,6578272234.0,639.73,100.0,9.16,2025-10-20,9.16,639.73
20251021,H20955,中证红利低波动100全收益指数,红利低波100全收益,CSI Dividend Low Volatility 100 Total Return Index,Dividend Low Volatility100 TRI,,,,23138.59,114.64,0.5,6515162574.0,659.19,100.0,9.21,2025-10-21,9.21,659.19
20251022,H20955,中证红利低波动100全收益指数,红利低波100全收益,CSI Dividend Low Volatility 100 Total Return Index,Dividend Low Volatility100 TRI,,,,23214.67,76.08,0.33,6684387961.0,627.42,100.0,9.31,2025-10-22,9.31,627.42
20251023,H20955,中证红利低波动100全收益指数,红利低波100全收益,CSI Dividend Low Volatility 100 Total Return Index,Dividend Low Volatility100 TRI,,,,23361.59,146.91,0.63,7791186970.0,710.97,100.0,9.38,2025-10-23,9.38,710.97
20251024,H20955,中证红利低波动100全收益指数,红利低波100全收益,CSI Dividend Low Volatility 100 Total Return Index,Dividend Low Volatility100 TRI,,,,23202.12,-159.46,-0.68,6856930912.0,646.78,100.0,9.34,2025-10-24,9.34,646.78
20251027,H20955,中证红利低波动100全收益指数,红利低波100全收益,CSI Dividend Low Volatility 100 Total Return Index,Dividend Low Volatility100 TRI,,,,23272.33,70.2,0.3,7350163823.0,743.34,100.0,9.4,2025-10-27,9.4,743.34
20251028,H20955,中证红利低波动100全收益指数,红利低波100全收益,CSI Dividend Low Volatility 100 Total Return Index,Dividend Low Volatility100 TRI,,,,23159.35,-112.97,-0.49,6212027091.0,585.55,100.0,9.42,2025-10-28,9.42,585.55
20251029,H20955,中证红利低波动100全收益指数,红利低波100全收益,CSI Dividend Low Volatility 100 Total Return Index,Dividend Low Volatility100 TRI,,,,23141.59,-17.76,-0.08,6963237354.0,722.3,100.0,9.32,2025-10-29,9.32,722.3
20251030,H20955,中证红利低波动100全收益指数,红利低波100全收益,CSI Dividend Low Volatility 100 Total Return Index,Dividend Low Volatility100 TRI,,,,23138.86,-2.73,-0.01,6636035268.0,743.56,100.0,9.33,2025-10-30,9.33,743.56
20251031,H20955,中证红利低波动100全收益指数,红利低波100全收益,CSI Dividend Low Volatility 100 Total Return Index,Dividend Low Volatility100 TRI,,,,23136.12,-2.74,-0.01,8288657564.0,823.63,100.0,9.28,2025-10-31,9.28,823.63
20251103,H20955,中证红利低波动100全收益指数,红利低波100全收益,CSI Dividend Low Volatility 100 Total Return Index,Dividend Low Volatility100 TRI,,,,23353.57,217.45,0.94,7061983950.0,748.06,100.0,9.4,2025-11-03,9.4,748.06
20251104,H20955,中证红利低波动100全收益指数,红利低波100全收益,CSI Dividend Low Volatility 100 Total Return Index,Dividend Low Volatility100 TRI,,,,23421.43,67.86,0.29,7789970484.0,826.28,100.0,9.51,2025-11-04,9.51,826.28
20251105,H20955,中证红利低波动100全收益指数,红利低波100全收益,CSI Dividend Low Volatility 100 Total Return Index,Dividend Low Volatility100 TRI,,,,23465.04,43.61,0.19,6053427701.0,668.3,100.0,9.5,2025-11-05,9.5,668.3
20251106,H20955,中证红利低波动100全收益指数,红利低波100全收益,CSI Dividend Low Volatility 100 Total Return Index,Dividend Low Volatility100 TRI,,,,23590.64,125.6,0.54,6083584029.0,790.61,100.0,9.51,2025-11-06,9.51,790.61
20251107,H20955,中证红利低波动100全收益指数,红利低波100全收益,CSI Dividend Low Volatility 100 Total Return Index,Dividend Low Volatility100 TRI,,,,23697.71,107.07,0.45,5909541279.0,708.31,100.0,9.5,2025-11-07,9.5,708.31
20251110,H20955,中证红利低波动100全收益指数,红利低波100全收益,CSI Dividend Low Volatility 100 Total Return Index,Dividend Low Volatility100 TRI,,,,23916.36,218.65,0.92,6290676464.0,839.49,100.0,9.59,2025-11-10,9.59,839.49
20251111,H20955,中证红利低波动100全收益指数,红利低波100全收益,CSI Dividend Low Volatility 100 Total Return Index,Dividend Low Volatility100 TRI,,,,23935.95,19.59,0.08,5248124978.0,650.43,100.0,9.61,2025-11-11,9.61,650.43
20251112,H20955,中证红利低波动100全收益指数,红利低波100全收益,CSI Dividend Low Volatility 100 Total Return Index,Dividend Low Volatility100 TRI,,,,24016.98,81.03,0.34,6808594357.0,804.26,100.0,9.7,2025-11-12,9.7,804.26
20251113,H20955,中证红利低波动100全收益指数,红利低波100全收益,CSI Dividend Low Volatility 100 Total Return Index,Dividend Low Volatility100 TRI,,,,24033.72,16.74,0.07,6350946747.0,745.06,100.0,9.69,2025-11-13,9.69,745.06
20251114,H20955,中证红利低波动100全收益指数,红利低波100全收益,CSI Dividend Low Volatility 100 Total Return Index,Dividend Low Volatility100 TRI,,,,23905.79,-127.93,-0.53,6242964594.0,673.71,100.0,9.67,2025-11-14,9.67,673.71
20251117,H20955,中证红利低波动100全收益指数,红利低波100全收益,CSI Dividend Low Volatility 100 Total Return Index,Dividend Low Volatility100 TRI,,,,23750.98,-154.81,-0.65,6241214321.0,653.6,100.0,9.6,2025-11-17,9.6,653.6
20251118,H20955,中证红利低波动100全收益指数,红利低波100全收益,CSI Dividend Low Volatility 100 Total Return Index,Dividend Low Volatility100 TRI,,,,23540.16,-210.82,-0.89,5169168632.0,575.47,100.0,9.57,2025-11-18,9.57,575.47
20251119,H20955,中证红利低波动100全收益指数,红利低波100全收益,CSI Dividend Low Volatility 100 Total Return Index,Dividend Low Volatility100 TRI,,,,23578.16,38.0,0.16,5767327255.0,576.64,100.0,9.68,2025-11-19,9.68,576.64
20251120,H20955,中证红利低波动100全收益指数,红利低波100全收益,CSI Dividend Low Volatility 100 Total Return Index,Dividend Low Volatility100 TRI,,,,23600.33,22.17,0.09,7715535392.0,715.98,100.0,9.71,2025-11-20,9.71,715.98
20251121,H20955,中证红利低波动100全收益指数,红利低波100全收益,CSI Dividend Low Volatility 100 Total Return Index,Dividend Low Volatility100 TRI,,,,23193.62,-406.7,-1.72,7920793510.0,825.32,100.0,9.64,2025-11-21,9.64,825.32
20251124,H20955,中证红利低波动100全收益指数,红利低波100全收益,CSI Dividend Low Volatility 100 Total Return Index,Dividend Low Volatility100 TRI,,,,23103.04,-90.58,-0.39,6550455273.0,672.51,100.0,9.54,2025-11-24,9.54,672.51
20251125,H20955,中证红利低波动100全收益指数,红利低波100全收益,CSI Dividend Low Volatility 100 Total Return Index,Dividend Low Volatility100 TRI,,,,23220.29,117.25,0.51,5703289750.0,592.94,100.0,9.61,2025-11-25,9.61,592.94
20251126,H20955,中证红利低波动100全收益指数,红利低波100全收益,CSI Dividend Low Volatility 100 Total Return Index,Dividend Low Volatility100 TRI,,,,23163.21,-57.08,-0.25,5212679942.0,522.27,100.0,9.53,2025-11-26,9.53,522.27
20251127,H20955,中证红利低波动100全收益指数,红利低波100全收益,CSI Dividend Low Volatility 100 Total Return Index,Dividend Low Volatility100 TRI,,,,23183.15,19.94,0.09,4662089808.0,501.9,100.0,9.58,2025-11-27,9.58,501.9
20251128,H20955,中证红利低波动100全收益指数,红利低波100全收益,CSI Dividend Low Volatility 100 Total Return Index,Dividend Low Volatility100 TRI,,,,23205.93,22.78,0.1,4747725470.0,474.92,100.0,9.53,2025-11-28,9.53,474.92
20251201,H20955,中证红利低波动100全收益指数,红利低波100全收益,CSI Dividend Low Volatility 100 Total Return Index,Dividend Low Volatility100 TRI,,,,23382.73,176.8,0.76,6279754709.0,650.3,100.0,9.56,2025-12-01,9.56,650.3
20251202,H20955,中证红利低波动100全收益指数,红利低波100全收益,CSI Dividend Low Volatility 100 Total Return Index,Dividend Low Volatility100 TRI,,,,23456.3,73.57,0.31,4762924201.0,506.79,100.0,9.58,2025-12-02,9.58,506.79
20251203,H20955,中证红利低波动100全收益指数,红利低波100全收益,CSI Dividend Low Volatility 100 Total Return Index,Dividend Low Volatility100 TRI,,,,23486.45,30.14,0.13,5222601398.0,516.09,100.0,9.53,2025-12-03,9.53,516.09
20251204,H20955,中证红利低波动100全收益指数,红利低波100全收益,CSI Dividend Low Volatility 100 Total Return Index,Dividend Low Volatility100 TRI,,,,23402.16,-84.29,-0.36,4277462331.0,440.9,100.0,9.5,2025-12-04,9.5,440.9
20251205,H20955,中证红利低波动100全收益指数,红利低波100全收益,CSI Dividend Low Volatility 100 Total Return Index,Dividend Low Volatility100 TRI,,,,23396.92,-5.24,-0.02,5031659167.0,509.48,100.0,9.46,2025-12-05,9.46,509.48
20251208,H20955,中证红利低波动100全收益指数,红利低波100全收益,CSI Dividend Low Volatility 100 Total Return Index,Dividend Low Volatility100 TRI,,,,23306.38,-90.54,-0.39,4980407588.0,539.07,100.0,9.43,2025-12-08,9.43,539.07
20251209,H20955,中证红利低波动100全收益指数,红利低波100全收益,CSI Dividend Low Volatility 100 Total Return Index,Dividend Low Volatility100 TRI,,,,23179.77,-126.61,-0.54,4926995112.0,534.15,100.0,9.43,2025-12-09,9.43,534.15
20251210,H20955,中证红利低波动100全收益指数,红利低波100全收益,CSI Dividend Low Volatility 100 Total Return Index,Dividend Low Volatility100 TRI,,,,23114.19,-65.58,-0.28,5429671491.0,554.94,100.0,9.31,2025-12-10,9.31,554.94
20251211,H20955,中证红利低波动100全收益指数,红利低波100全收益,CSI Dividend Low Volatility 100 Total Return Index,Dividend Low Volatility100 TRI,,,,22947.09,-167.1,-0.72,5353670275.0,572.73,100.0,9.34,2025-12-11,9.34,572.73
20251212,H20955,中证红利低波动100全收益指数,红利低波100全收益,CSI Dividend Low Volatility 100 Total Return Index,Dividend Low Volatility100 TRI,,,,22910.23,-36.86,-0.16,7842103431.0,833.33,100.0,9.28,2025-12-12,9.28,833.33
20251215,H20955,中证红利低波动100全收益指数,红利低波100全收益,CSI Dividend Low Volatility 100 Total Return Index,Dividend Low Volatility100 TRI,,,,22954.1,43.87,0.19,4751579192.0,606.86,100.0,9.31,2025-12-15,9.31,606.86
20251216,H20955,中证红利低波动100全收益指数,红利低波100全收益,CSI Dividend Low Volatility 100 Total Return Index,Dividend Low Volatility100 TRI,,,,22844.79,-109.31,-0.48,4358859875.0,504.63,100.0,9.29,2025-12-16,9.29,504.63
20251217,H20955,中证红利低波动100全收益指数,红利低波100全收益,CSI Dividend Low Volatility 100 Total Return Index,Dividend Low Volatility100 TRI,,,,22871.53,26.74,0.12,4304806737.0,520.36,100.0,9.31,2025-12-17,9.31,520.36
20251218,H20955,中证红利低波动100全收益指数,红利低波100全收益,CSI Dividend Low Volatility 100 Total Return Index,Dividend Low Volatility100 TRI,,,,23009.45,137.93,0.6,4249929157.0,463.73,100.0,9.36,2025-12-18,9.36,463.73
20251219,H20955,中证红利低波动100全收益指数,红利低波100全收益,CSI Dividend Low Volatility 100 Total Return Index,Dividend Low Volatility100 TRI,,,,23004.44,-5.01,-0.02,4381031649.0,503.34,100.0,9.3,2025-12-19,9.3,503.34
20251222,H20955,中证红利低波动100全收益指数,红利低波100全收益,CSI Dividend Low Volatility 100 Total Return Index,Dividend Low Volatility100 TRI,,,,22895.08,-109.36,-0.48,4240547859.0,505.95,100.0,9.28,2025-12-22,9.28,505.95
20251223,H20955,中证红利低波动100全收益指数,红利低波100全收益,CSI Dividend Low Volatility 100 Total Return Index,Dividend Low Volatility100 TRI,,,,22882.62,-12.47,-0.05,4170365668.0,484.73,100.0,9.32,2025-12-23,9.32,484.73
20251224,H20955,中证红利低波动100全收益指数,红利低波100全收益,CSI Dividend Low Volatility 100 Total Return Index,Dividend Low Volatility100 TRI,,,,22933.05,50.43,0.22,3904526770.0,442.56,100.0,9.29,2025-12-24,9.29,442.56
20251225,H20955,中证红利低波动100全收益指数,红利低波100全收益,CSI Dividend Low Volatility 100 Total Return Index,Dividend Low Volatility100 TRI,,,,23020.94,87.9,0.38,3630321891.0,438.65,100.0,9.3,2025-12-25,9.3,438.65
20251226,H20955,中证红利低波动100全收益指数,红利低波100全收益,CSI Dividend Low Volatility 100 Total Return Index,Dividend Low Volatility100 TRI,,,,23043.12,22.18,0.1,3676604293.0,431.12,100.0,9.28,2025-12-26,9.28,431.12
20251229,H20955,中证红利低波动100全收益指数,红利低波100全收益,CSI Dividend Low Volatility 100 Total Return Index,Dividend Low Volatility100 TRI,,,,22891.99,-151.14,-0.66,5326733392.0,594.21,100.0,9.31,2025-12-29,9.31,594.21
20251230,H20955,中证红利低波动100全收益指数,红利低波100全收益,CSI Dividend Low Volatility 100 Total Return Index,Dividend Low Volatility100 TRI,,,,22803.67,-88.31,-0.39,4966743457.0,583.92,100.0,9.3,2025-12-30,9.3,583.92
20251231,H20955,中证红利低波动100全收益指数,红利低波100全收益,CSI Dividend Low Volatility 100 Total Return Index,Dividend Low Volatility100 TRI,,,,22773.02,-30.66,-0.13,4188258570.0,497.33,100.0,9.31,2025-12-31,9.31,497.33
20260105,H20955,中证红利低波动100全收益指数,红利低波100全收益,CSI Dividend Low Volatility 100 Total Return Index,Dividend Low Volatility100 TRI,,,,22815.5,42.48,0.19,5780352573.0,777.86,100.0,9.32,2026-01-05,9.32,777.86
20260106,H20955,中证红利低波动100全收益指数,红利低波100全收益,CSI Dividend Low Volatility 100 Total Return Index,Dividend Low Volatility100 TRI,,,,22958.55,143.06,0.63,6253186644.0,772.01,100.0,9.37,2026-01-06,9.37,772.01
20260107,H20955,中证红利低波动100全收益指数,红利低波100全收益,CSI Dividend Low Volatility 100 Total Return Index,Dividend Low Volatility100 TRI,,,,22876.37,-82.18,-0.36,5736136668.0,690.61,100.0,9.29,2026-01-07,9.29,690.61
20260108,H20955,中证红利低波动100全收益指数,红利低波100全收益,CSI Dividend Low Volatility 100 Total Return Index,Dividend Low Volatility100 TRI,,,,22777.68,-98.69,-0.43,4907227931.0,670.3,100.0,9.22,2026-01-08,9.22,670.3
20260109,H20955,中证红利低波动100全收益指数,红利低波100全收益,CSI Dividend Low Volatility 100 Total Return Index,Dividend Low Volatility100 TRI,,,,22850.69,73.01,0.32,5432396739.0,720.55,100.0,9.23,2026-01-09,9.23,720.55
20260112,H20955,中证红利低波动100全收益指数,红利低波100全收益,CSI Dividend Low Volatility 100 Total Return Index,Dividend Low Volatility100 TRI,,,,22921.72,71.03,0.31,5813576144.0,759.3,100.0,9.23,2026-01-12,9.23,759.3
20260113,H20955,中证红利低波动100全收益指数,红利低波100全收益,CSI Dividend Low Volatility 100 Total Return Index,Dividend Low Volatility100 TRI,,,,22892.36,-29.36,-0.13,6303110388.0,812.49,100.0,9.25,2026-01-13,9.25,812.49
20260114,H20955,中证红利低波动100全收益指数,红利低波100全收益,CSI Dividend Low Volatility 100 Total Return Index,Dividend Low Volatility100 TRI,,,,22715.6,-176.76,-0.77,8610469071.0,1018.8,100.0,9.13,2026-01-14,9.13,1018.8
20260115,H20955,中证红利低波动100全收益指数,红利低波100全收益,CSI Dividend Low Volatility 100 Total Return Index,Dividend Low Volatility100 TRI,,,,22676.9,-38.69,-0.17,5474852970.0,685.2,100.0,9.11,2026-01-15,9.11,685.2
20260116,H20955,中证红利低波动100全收益指数,红利低波100全收益,CSI Dividend Low Volatility 100 Total Return Index,Dividend Low Volatility100 TRI,,,,22485.41,-191.5,-0.84,7426579630.0,882.72,100.0,9.01,2026-01-16,9.01,882.72
20260119,H20955,中证红利低波动100全收益指数,红利低波100全收益,CSI Dividend Low Volatility 100 Total Return Index,Dividend Low Volatility100 TRI,,,,22592.48,107.08,0.48,5166260038.0,614.81,100.0,9.0,2026-01-19,9.0,614.81
20260120,H20955,中证红利低波动100全收益指数,红利低波100全收益,CSI Dividend Low Volatility 100 Total Return Index,Dividend Low Volatility100 TRI,,,,22888.07,295.58,1.31,6421784083.0,731.39,100.0,9.07,2026-01-20,9.07,731.39
20260121,H20955,中证红利低波动100全收益指数,红利低波100全收益,CSI Dividend Low Volatility 100 Total Return Index,Dividend Low Volatility100 TRI,,,,22740.97,-147.1,-0.64,6314118597.0,783.91,100.0,8.95,2026-01-21,8.95,783.91
20260122,H20955,中证红利低波动100全收益指数,红利低波100全收益,CSI Dividend Low Volatility 100 Total Return Index,Dividend Low Volatility100 TRI,,,,22824.58,83.61,0.37,6561221778.0,822.26,100.0,8.95,2026-01-22,8.95,822.26
20260123,H20955,中证红利低波动100全收益指数,红利低波100全收益,CSI Dividend Low Volatility 100 Total Return Index,Dividend Low Volatility100 TRI,,,,22829.98,5.4,0.02,7751383187.0,924.78,100.0,8.86,2026-01-23,8.86,924.78
20260126,H20955,中证红利低波动100全收益指数,红利低波100全收益,CSI Dividend Low Volatility 100 Total Return Index,Dividend Low Volatility100 TRI,,,,22944.15,114.17,0.5,10033720439.0,1211.36,100.0,8.96,2026-01-26,8.96,1211.36
20260127,H20955,中证红利低波动100全收益指数,红利低波100全收益,CSI Dividend Low Volatility 100 Total Return Index,Dividend Low Volatility100 TRI,,,,22790.17,-153.98,-0.67,7801711417.0,905.69,100.0,8.93,2026-01-27,8.93,905.69
20260128,H20955,中证红利低波动100全收益指数,红利低波100全收益,CSI Dividend Low Volatility 100 Total Return Index,Dividend Low Volatility100 TRI,,,,22922.99,132.82,0.58,10701769832.0,1248.74,100.0,8.94,2026-01-28,8.94,1248.74
20260129,H20955,中证红利低波动100全收益指数,红利低波100全收益,CSI Dividend Low Volatility 100 Total Return Index,Dividend Low Volatility100 TRI,,,,23322.36,399.37,1.74,11402288193.0,1633.91,100.0,9.15,2026-01-29,9.15,1633.91
20260130,H20955,中证红利低波动100全收益指数,红利低波100全收益,CSI Dividend Low Volatility 100 Total Return Index,Dividend Low Volatility100 TRI,,,,23152.89,-169.47,-0.73,9134973363.0,1220.41,100.0,9.1,2026-01-30,9.1,1220.41
20260202,H20955,中证红利低波动100全收益指数,红利低波100全收益,CSI Dividend Low Volatility 100 Total Return Index,Dividend Low Volatility100 TRI,,,,22812.91,-339.97,-1.47,8880501373.0,1082.31,100.0,9.06,2026-02-02,9.06,1082.31
20260203,H20955,中证红利低波动100全收益指数,红利低波100全收益,CSI Dividend Low Volatility 100 Total Return Index,Dividend Low Volatility100 TRI,,,,22882.36,69.45,0.3,6828662833.0,848.78,100.0,9.03,2026-02-03,9.03,848.78
20260204,H20955,中证红利低波动100全收益指数,红利低波100全收益,CSI Dividend Low Volatility 100 Total Return Index,Dividend Low Volatility100 TRI,,,,23235.57,353.21,1.54,7208796083.0,931.12,100.0,9.19,2026-02-04,9.19,931.12
20260205,H20955,中证红利低波动100全收益指数,红利低波100全收益,CSI Dividend Low Volatility 100 Total Return Index,Dividend Low Volatility100 TRI,,,,23300.05,64.48,0.28,7026179370.0,898.72,100.0,9.26,2026-02-05,9.26,898.72
20260206,H20955,中证红利低波动100全收益指数,红利低波100全收益,CSI Dividend Low Volatility 100 Total Return Index,Dividend Low Volatility100 TRI,,,,23242.45,-57.6,-0.25,6168350522.0,761.7,100.0,9.22,2026-02-06,9.22,761.7
20260209,H20955,中证红利低波动100全收益指数,红利低波100全收益,CSI Dividend Low Volatility 100 Total Return Index,Dividend Low Volatility100 TRI,,,,23374.01,131.56,0.57,5130138212.0,655.98,100.0,9.25,2026-02-09,9.25,655.98
20260210,H20955,中证红利低波动100全收益指数,红利低波100全收益,CSI Dividend Low Volatility 100 Total Return Index,Dividend Low Volatility100 TRI,,,,23389.67,15.66,0.07,4615777756.0,545.64,100.0,9.25,2026-02-10,9.25,545.64
20260211,H20955,中证红利低波动100全收益指数,红利低波100全收益,CSI Dividend Low Volatility 100 Total Return Index,Dividend Low Volatility100 TRI,,,,23415.67,25.99,0.11,4161322747.0,472.93,100.0,9.27,2026-02-11,9.27,472.93
20260212,H20955,中证红利低波动100全收益指数,红利低波100全收益,CSI Dividend Low Volatility 100 Total Return Index,Dividend Low Volatility100 TRI,,,,23281.04,-134.63,-0.57,5373964385.0,601.1,100.0,9.2,2026-02-12,9.2,601.1
20260213,H20955,中证红利低波动100全收益指数,红利低波100全收益,CSI Dividend Low Volatility 100 Total Return Index,Dividend Low Volatility100 TRI,,,,23030.6,-250.43,-1.08,4946161684.0,580.04,100.0,9.08,2026-02-13,9.08,580.04
20260224,H20955,中证红利低波动100全收益指数,红利低波100全收益,CSI Dividend Low Volatility 100 Total Return Index,Dividend Low Volatility100 TRI,,,,23272.56,241.96,1.05,6021317025.0,684.63,100.0,9.15,2026-02-24,9.15,684.63
20260225,H20955,中证红利低波动100全收益指数,红利低波100全收益,CSI Dividend Low Volatility 100 Total Return Index,Dividend Low Volatility100 TRI,,,,23279.26,6.7,0.03,8169358068.0,779.88,100.0,9.14,2026-02-25,9.14,779.88
20260226,H20955,中证红利低波动100全收益指数,红利低波100全收益,CSI Dividend Low Volatility 100 Total Return Index,Dividend Low Volatility100 TRI,,,,23246.63,-32.63,-0.14,5426640375.0,624.62,100.0,9.08,2026-02-26,9.08,624.62
20260227,H20955,中证红利低波动100全收益指数,红利低波100全收益,CSI Dividend Low Volatility 100 Total Return Index,Dividend Low Volatility100 TRI,,,,23370.01,123.38,0.53,5658370644.0,582.59,100.0,9.07,2026-02-27,9.07,582.59
20260302,H20955,中证红利低波动100全收益指数,红利低波100全收益,CSI Dividend Low Volatility 100 Total Return Index,Dividend Low Volatility100 TRI,,,,23564.99,194.98,0.83,9721255349.0,1055.06,100.0,9.23,2026-03-02,9.23,1055.06
20260303,H20955,中证红利低波动100全收益指数,红利低波100全收益,CSI Dividend Low Volatility 100 Total Return Index,Dividend Low Volatility100 TRI,,,,23596.31,31.32,0.13,11660701068.0,1299.04,100.0,9.43,2026-03-03,9.43,1299.04
20260304,H20955,中证红利低波动100全收益指数,红利低波100全收益,CSI Dividend Low Volatility 100 Total Return Index,Dividend Low Volatility100 TRI,,,,23270.92,-325.39,-1.38,10413609455.0,1166.14,100.0,9.33,2026-03-04,9.33,1166.14
20260305,H20955,中证红利低波动100全收益指数,红利低波100全收益,CSI Dividend Low Volatility 100 Total Return Index,Dividend Low Volatility100 TRI,,,,23276.06,5.14,0.02,7184351183.0,783.41,100.0,9.3,2026-03-05,9.3,783.41
20260306,H20955,中证红利低波动100全收益指数,红利低波100全收益,CSI Dividend Low Volatility 100 Total Return Index,Dividend Low Volatility100 TRI,,,,23451.67,175.61,0.75,5988184296.0,651.18,100.0,9.28,2026-03-06,9.28,651.18
20260309,H20955,中证红利低波动100全收益指数,红利低波100全收益,CSI Dividend Low Volatility 100 Total Return Index,Dividend Low Volatility100 TRI,,,,23444.29,-7.39,-0.03,8715966083.0,1014.49,100.0,9.32,2026-03-09,9.32,1014.49
20260310,H20955,中证红利低波动100全收益指数,红利低波100全收益,CSI Dividend Low Volatility 100 Total Return Index,Dividend Low Volatility100 TRI,,,,23438.56,-5.73,-0.02,7076761226.0,720.57,100.0,9.22,2026-03-10,9.22,720.57
20260311,H20955,中证红利低波动100全收益指数,红利低波100全收益,CSI Dividend Low Volatility 100 Total Return Index,Dividend Low Volatility100 TRI,,,,23685.38,246.82,1.05,7543536708.0,739.97,100.0,9.3,2026-03-11,9.3,739.97
20260312,H20955,中证红利低波动100全收益指数,红利低波100全收益,CSI Dividend Low Volatility 100 Total Return Index,Dividend Low Volatility100 TRI,,,,23813.36,127.98,0.54,8131650873.0,800.54,100.0,9.34,2026-03-12,9.34,800.54
20260313,H20955,中证红利低波动100全收益指数,红利低波100全收益,CSI Dividend Low Volatility 100 Total Return Index,Dividend Low Volatility100 TRI,,,,23768.65,-44.7,-0.19,8860512820.0,847.86,100.0,9.34,2026-03-13,9.34,847.86
20260316,H20955,中证红利低波动100全收益指数,红利低波100全收益,CSI Dividend Low Volatility 100 Total Return Index,Dividend Low Volatility100 TRI,,,,23754.17,-14.49,-0.06,7314443765.0,713.48,100.0,8.84,2026-03-16,8.84,713.48
20260317,H20955,中证红利低波动100全收益指数,红利低波100全收益,CSI Dividend Low Volatility 100 Total Return Index,Dividend Low Volatility100 TRI,,,,23759.75,5.59,0.02,7581813361.0,710.33,100.0,8.92,2026-03-17,8.92,710.33
20260318,H20955,中证红利低波动100全收益指数,红利低波100全收益,CSI Dividend Low Volatility 100 Total Return Index,Dividend Low Volatility100 TRI,,,,23654.09,-105.66,-0.44,7152940740.0,633.67,100.0,8.88,2026-03-18,8.88,633.67
20260319,H20955,中证红利低波动100全收益指数,红利低波100全收益,CSI Dividend Low Volatility 100 Total Return Index,Dividend Low Volatility100 TRI,,,,23604.16,-49.94,-0.21,7498981876.0,680.38,100.0,8.91,2026-03-19,8.91,680.38
20260320,H20955,中证红利低波动100全收益指数,红利低波100全收益,CSI Dividend Low Volatility 100 Total Return Index,Dividend Low Volatility100 TRI,,,,23512.19,-91.96,-0.39,7114649747.0,656.7,100.0,8.86,2026-03-20,8.86,656.7
20260323,H20955,中证红利低波动100全收益指数,红利低波100全收益,CSI Dividend Low Volatility 100 Total Return Index,Dividend Low Volatility100 TRI,,,,22716.44,-795.75,-3.38,10400645960.0,960.42,100.0,8.63,2026-03-23,8.63,960.42
20260324,H20955,中证红利低波动100全收益指数,红利低波100全收益,CSI Dividend Low Volatility 100 Total Return Index,Dividend Low Volatility100 TRI,,,,23131.73,415.29,1.83,7617959965.0,663.69,100.0,8.72,2026-03-24,8.72,663.69
20260325,H20955,中证红利低波动100全收益指数,红利低波100全收益,CSI Dividend Low Volatility 100 Total Return Index,Dividend Low Volatility100 TRI,,,,23349.5,217.76,0.94,7320503363.0,635.9,100.0,8.76,2026-03-25,8.76,635.9
20260326,H20955,中证红利低波动100全收益指数,红利低波100全收益,CSI Dividend Low Volatility 100 Total Return Index,Dividend Low Volatility100 TRI,,,,23345.04,-4.45,-0.02,7155666452.0,600.93,100.0,8.77,2026-03-26,8.77,600.93
20260327,H20955,中证红利低波动100全收益指数,红利低波100全收益,CSI Dividend Low Volatility 100 Total Return Index,Dividend Low Volatility100 TRI,,,,23272.95,-72.09,-0.31,6091870598.0,539.8,100.0,8.76,2026-03-27,8.76,539.8
20260330,H20955,中证红利低波动100全收益指数,红利低波100全收益,CSI Dividend Low Volatility 100 Total Return Index,Dividend Low Volatility100 TRI,,,,23373.57,100.62,0.43,6396565409.0,584.81,100.0,8.8,2026-03-30,8.8,584.81
20260331,H20955,中证红利低波动100全收益指数,红利低波100全收益,CSI Dividend Low Volatility 100 Total Return Index,Dividend Low Volatility100 TRI,,,,23308.46,-65.11,-0.28,7947212137.0,749.99,100.0,8.89,2026-03-31,8.89,749.99
20260401,H20955,中证红利低波动100全收益指数,红利低波100全收益,CSI Dividend Low Volatility 100 Total Return Index,Dividend Low Volatility100 TRI,,,,23326.28,17.82,0.08,6487217417.0,590.66,100.0,8.89,2026-04-01,8.89,590.66
20260402,H20955,中证红利低波动100全收益指数,红利低波100全收益,CSI Dividend Low Volatility 100 Total Return Index,Dividend Low Volatility100 TRI,,,,23394.0,67.71,0.29,6027304193.0,545.5,100.0,8.97,2026-04-02,8.97,545.5
20260403,H20955,中证红利低波动100全收益指数,红利低波100全收益,CSI Dividend Low Volatility 100 Total Return Index,Dividend Low Volatility100 TRI,,,,23030.83,-363.16,-1.55,5283162018.0,454.04,100.0,8.87,2026-04-03,8.87,454.04
20260407,H20955,中证红利低波动100全收益指数,红利低波100全收益,CSI Dividend Low Volatility 100 Total Return Index,Dividend Low Volatility100 TRI,,,,22995.61,-35.22,-0.15,5031747208.0,449.1,100.0,8.8,2026-04-07,8.8,449.1
20260408,H20955,中证红利低波动100全收益指数,红利低波100全收益,CSI Dividend Low Volatility 100 Total Return Index,Dividend Low Volatility100 TRI,,,,23193.09,197.48,0.86,6515648710.0,611.42,100.0,8.81,2026-04-08,8.81,611.42
20260409,H20955,中证红利低波动100全收益指数,红利低波100全收益,CSI Dividend Low Volatility 100 Total Return Index,Dividend Low Volatility100 TRI,,,,22996.65,-196.44,-0.85,4529094187.0,436.94,100.0,8.76,2026-04-09,8.76,436.94
20260410,H20955,中证红利低波动100全收益指数,红利低波100全收益,CSI Dividend Low Volatility 100 Total Return Index,Dividend Low Volatility100 TRI,,,,22986.61,-10.04,-0.04,4168109429.0,428.47,100.0,8.73,2026-04-10,8.73,428.47
20260413,H20955,中证红利低波动100全收益指数,红利低波100全收益,CSI Dividend Low Volatility 100 Total Return Index,Dividend Low Volatility100 TRI,,,,22890.73,-95.87,-0.42,4377674006.0,421.47,100.0,8.73,2026-04-13,8.73,421.47
20260414,H20955,中证红利低波动100全收益指数,红利低波100全收益,CSI Dividend Low Volatility 100 Total Return Index,Dividend Low Volatility100 TRI,,,,22955.2,64.47,0.28,4430042797.0,423.15,100.0,8.78,2026-04-14,8.78,423.15
20260415,H20955,中证红利低波动100全收益指数,红利低波100全收益,CSI Dividend Low Volatility 100 Total Return Index,Dividend Low Volatility100 TRI,,,,23101.91,146.7,0.64,5179373773.0,533.94,100.0,8.87,2026-04-15,8.87,533.94
20260416,H20955,中证红利低波动100全收益指数,红利低波100全收益,CSI Dividend Low Volatility 100 Total Return Index,Dividend Low Volatility100 TRI,,,,23102.56,0.66,0.0,4830237272.0,464.63,100.0,8.86,2026-04-16,8.86,464.63
20260417,H20955,中证红利低波动100全收益指数,红利低波100全收益,CSI Dividend Low Volatility 100 Total Return Index,Dividend Low Volatility100 TRI,,,,22981.35,-121.21,-0.52,4608217035.0,564.5,100.0,8.8,2026-04-17,8.8,564.5
20260420,H20955,中证红利低波动100全收益指数,红利低波100全收益,CSI Dividend Low Volatility 100 Total Return Index,Dividend Low Volatility100 TRI,,,,23005.66,24.31,0.11,4929878777.0,500.52,100.0,8.88,2026-04-20,8.88,500.52
20260421,H20955,中证红利低波动100全收益指数,红利低波100全收益,CSI Dividend Low Volatility 100 Total Return Index,Dividend Low Volatility100 TRI,,,,23180.59,174.93,0.76,5492670947.0,525.57,100.0,8.92,2026-04-21,8.92,525.57
20260422,H20955,中证红利低波动100全收益指数,红利低波100全收益,CSI Dividend Low Volatility 100 Total Return Index,Dividend Low Volatility100 TRI,,,,23115.28,-65.31,-0.28,4895032525.0,485.92,100.0,8.85,2026-04-22,8.85,485.92
20260423,H20955,中证红利低波动100全收益指数,红利低波100全收益,CSI Dividend Low Volatility 100 Total Return Index,Dividend Low Volatility100 TRI,,,,23288.75,173.46,0.75,6592973402.0,618.65,100.0,8.88,2026-04-23,8.88,618.65
20260424,H20955,中证红利低波动100全收益指数,红利低波100全收益,CSI Dividend Low Volatility 100 Total Return Index,Dividend Low Volatility100 TRI,,,,23194.9,-93.84,-0.4,5869756214.0,578.38,100.0,8.89,2026-04-24,8.89,578.38
20260427,H20955,中证红利低波动100全收益指数,红利低波100全收益,CSI Dividend Low Volatility 100 Total Return Index,Dividend Low Volatility100 TRI,,,,23051.95,-142.95,-0.62,6017676978.0,658.57,100.0,8.8,2026-04-27,8.8,658.57
20260428,H20955,中证红利低波动100全收益指数,红利低波100全收益,CSI Dividend Low Volatility 100 Total Return Index,Dividend Low Volatility100 TRI,,,,23209.71,157.75,0.68,6263058909.0,624.24,100.0,8.86,2026-04-28,8.86,624.24
20260429,H20955,中证红利低波动100全收益指数,红利低波100全收益,CSI Dividend Low Volatility 100 Total Return Index,Dividend Low Volatility100 TRI,,,,23301.16,91.46,0.39,6970225580.0,806.77,100.0,8.84,2026-04-29,8.84,806.77
20260430,H20955,中证红利低波动100全收益指数,红利低波100全收益,CSI Dividend Low Volatility 100 Total Return Index,Dividend Low Volatility100 TRI,,,,23192.39,-108.77,-0.47,7387894686.0,815.83,100.0,8.8,2026-04-30,8.8,815.83
20260506,H20955,中证红利低波动100全收益指数,红利低波100全收益,CSI Dividend Low Volatility 100 Total Return Index,Dividend Low Volatility100 TRI,,,,23174.04,-18.35,-0.08,7261903505.0,830.21,100.0,8.89,2026-05-06,8.89,830.21
20260507,H20955,中证红利低波动100全收益指数,红利低波100全收益,CSI Dividend Low Volatility 100 Total Return Index,Dividend Low Volatility100 TRI,,,,23096.57,-77.47,-0.33,6458346412.0,678.0,100.0,8.85,2026-05-07,8.85,678.0
20260508,H20955,中证红利低波动100全收益指数,红利低波100全收益,CSI Dividend Low Volatility 100 Total Return Index,Dividend Low Volatility100 TRI,,,,23114.55,17.99,0.08,5486731624.0,558.2,100.0,8.86,2026-05-08,8.86,558.2
20260511,H20955,中证红利低波动100全收益指数,红利低波100全收益,CSI Dividend Low Volatility 100 Total Return Index,Dividend Low Volatility100 TRI,,,,23207.14,92.58,0.4,6928518098.0,726.82,100.0,8.85,2026-05-11,8.85,726.82
20260512,H20955,中证红利低波动100全收益指数,红利低波100全收益,CSI Dividend Low Volatility 100 Total Return Index,Dividend Low Volatility100 TRI,,,,23170.0,-37.13,-0.16,6384271317.0,676.71,100.0,8.84,2026-05-12,8.84,676.71
20260513,H20955,中证红利低波动100全收益指数,红利低波100全收益,CSI Dividend Low Volatility 100 Total Return Index,Dividend Low Volatility100 TRI,,,,23152.1,-17.91,-0.08,5976921155.0,651.77,100.0,8.77,2026-05-13,8.77,651.77
20260514,H20955,中证红利低波动100全收益指数,红利低波100全收益,CSI Dividend Low Volatility 100 Total Return Index,Dividend Low Volatility100 TRI,,,,23026.04,-126.06,-0.54,7135765212.0,739.02,100.0,8.79,2026-05-14,8.79,739.02
20260515,H20955,中证红利低波动100全收益指数,红利低波100全收益,CSI Dividend Low Volatility 100 Total Return Index,Dividend Low Volatility100 TRI,,,,22901.89,-124.15,-0.54,6540689447.0,689.14,100.0,8.75,2026-05-15,8.75,689.14
20260518,H20955,中证红利低波动100全收益指数,红利低波100全收益,CSI Dividend Low Volatility 100 Total Return Index,Dividend Low Volatility100 TRI,,,,22770.33,-131.56,-0.57,5536439458.0,610.0,100.0,8.7,2026-05-18,8.7,610.0
20260519,H20955,中证红利低波动100全收益指数,红利低波100全收益,CSI Dividend Low Volatility 100 Total Return Index,Dividend Low Volatility100 TRI,,,,22982.62,212.29,0.93,5861595052.0,623.57,100.0,8.74,2026-05-19,8.74,623.57
20260520,H20955,中证红利低波动100全收益指数,红利低波100全收益,CSI Dividend Low Volatility 100 Total Return Index,Dividend Low Volatility100 TRI,,,,22823.53,-159.09,-0.69,5990077794.0,604.58,100.0,8.64,2026-05-20,8.64,604.58
20260521,H20955,中证红利低波动100全收益指数,红利低波100全收益,CSI Dividend Low Volatility 100 Total Return Index,Dividend Low Volatility100 TRI,,,,22658.01,-165.51,-0.73,5913958033.0,605.43,100.0,8.64,2026-05-21,8.64,605.43
20260522,H20955,中证红利低波动100全收益指数,红利低波100全收益,CSI Dividend Low Volatility 100 Total Return Index,Dividend Low Volatility100 TRI,,,,22562.82,-95.19,-0.42,5398968683.0,566.4,100.0,8.6,2026-05-22,8.6,566.4
20260525,H20955,中证红利低波动100全收益指数,红利低波100全收益,CSI Dividend Low Volatility 100 Total Return Index,Dividend Low Volatility100 TRI,,,,22638.94,76.12,0.34,4951526437.0,534.23,100.0,8.6,2026-05-25,8.6,534.23
20260526,H20955,中证红利低波动100全收益指数,红利低波100全收益,CSI Dividend Low Volatility 100 Total Return Index,Dividend Low Volatility100 TRI,,,,22645.56,6.62,0.03,5546058120.0,585.29,100.0,8.59,2026-05-26,8.59,585.29
20260527,H20955,中证红利低波动100全收益指数,红利低波100全收益,CSI Dividend Low Volatility 100 Total Return Index,Dividend Low Volatility100 TRI,,,,22589.6,-55.96,-0.25,6279812622.0,702.6,100.0,8.59,2026-05-27,8.59,702.6
20260528,H20955,中证红利低波动100全收益指数,红利低波100全收益,CSI Dividend Low Volatility 100 Total Return Index,Dividend Low Volatility100 TRI,,,,22430.85,-158.75,-0.7,6274637021.0,634.7,100.0,8.5,2026-05-28,8.5,634.7
20260529,H20955,中证红利低波动100全收益指数,红利低波100全收益,CSI Dividend Low Volatility 100 Total Return Index,Dividend Low Volatility100 TRI,,,,22863.02,432.17,1.93,8651440863.0,951.09,100.0,8.68,2026-05-29,8.68,951.09
20260601,H20955,中证红利低波动100全收益指数,红利低波100全收益,CSI Dividend Low Volatility 100 Total Return Index,Dividend Low Volatility100 TRI,,,,23237.27,374.26,1.64,8778752382.0,852.47,100.0,8.78,2026-06-01,8.78,852.47
20260602,H20955,中证红利低波动100全收益指数,红利低波100全收益,CSI Dividend Low Volatility 100 Total Return Index,Dividend Low Volatility100 TRI,,,,23131.5,-105.77,-0.46,7548781304.0,739.35,100.0,8.79,2026-06-02,8.79,739.35
20260603,H20955,中证红利低波动100全收益指数,红利低波100全收益,CSI Dividend Low Volatility 100 Total Return Index,Dividend Low Volatility100 TRI,,,,22949.78,-181.72,-0.79,7137265274.0,686.96,100.0,8.72,2026-06-03,8.72,686.96
20260604,H20955,中证红利低波动100全收益指数,红利低波100全收益,CSI Dividend Low Volatility 100 Total Return Index,Dividend Low Volatility100 TRI,,,,22697.08,-252.71,-1.1,5867657288.0,564.19,100.0,8.63,2026-06-04,8.63,564.19
20260605,H20955,中证红利低波动100全收益指数,红利低波100全收益,CSI Dividend Low Volatility 100 Total Return Index,Dividend Low Volatility100 TRI,,,,22747.92,50.84,0.22,6545929089.0,622.15,100.0,8.69,2026-06-05,8.69,622.15
20260608,H20955,中证红利低波动100全收益指数,红利低波100全收益,CSI Dividend Low Volatility 100 Total Return Index,Dividend Low Volatility100 TRI,,,,22579.48,-168.44,-0.74,7003744139.0,672.36,100.0,8.77,2026-06-08,8.77,672.36
20260609,H20955,中证红利低波动100全收益指数,红利低波100全收益,CSI Dividend Low Volatility 100 Total Return Index,Dividend Low Volatility100 TRI,,,,22528.75,-50.73,-0.22,6370217327.0,592.54,100.0,8.75,2026-06-09,8.75,592.54
20260610,H20955,中证红利低波动100全收益指数,红利低波100全收益,CSI Dividend Low Volatility 100 Total Return Index,Dividend Low Volatility100 TRI,,,,22583.23,54.47,0.24,6530658358.0,652.77,100.0,8.83,2026-06-10,8.83,652.77
20260611,H20955,中证红利低波动100全收益指数,红利低波100全收益,CSI Dividend Low Volatility 100 Total Return Index,Dividend Low Volatility100 TRI,,,,22434.44,-148.79,-0.66,5743436659.0,584.61,100.0,8.82,2026-06-11,8.82,584.61
20260612,H20955,中证红利低波动100全收益指数,红利低波100全收益,CSI Dividend Low Volatility 100 Total Return Index,Dividend Low Volatility100 TRI,,,,22681.93,247.49,1.1,8196348214.0,848.17,100.0,8.9,2026-06-12,8.9,848.17
20260615,H20955,中证红利低波动100全收益指数,红利低波100全收益,CSI Dividend Low Volatility 100 Total Return Index,Dividend Low Volatility100 TRI,,,,22582.84,-99.09,-0.44,6983666341.0,724.96,100.0,8.63,2026-06-15,8.63,724.96
20260616,H20955,中证红利低波动100全收益指数,红利低波100全收益,CSI Dividend Low Volatility 100 Total Return Index,Dividend Low Volatility100 TRI,,,,22249.65,-333.19,-1.48,5219129367.0,547.33,100.0,8.51,2026-06-16,8.51,547.33
20260617,H20955,中证红利低波动100全收益指数,红利低波100全收益,CSI Dividend Low Volatility 100 Total Return Index,Dividend Low Volatility100 TRI,,,,22110.52,-139.13,-0.63,5430523830.0,532.0,100.0,8.43,2026-06-17,8.43,532.0
20260618,H20955,中证红利低波动100全收益指数,红利低波100全收益,CSI Dividend Low Volatility 100 Total Return Index,Dividend Low Volatility100 TRI,,,,21688.33,-422.19,-1.91,6969041773.0,677.98,100.0,8.23,2026-06-18,8.23,677.98
20260622,H20955,中证红利低波动100全收益指数,红利低波100全收益,CSI Dividend Low Volatility 100 Total Return Index,Dividend Low Volatility100 TRI,,,,21751.01,62.68,0.29,6827536987.0,677.64,100.0,8.31,2026-06-22,8.31,677.64
20260623,H20955,中证红利低波动100全收益指数,红利低波100全收益,CSI Dividend Low Volatility 100 Total Return Index,Dividend Low Volatility100 TRI,,,,21773.28,22.27,0.1,7152567261.0,692.47,100.0,8.38,2026-06-23,8.38,692.47
20260624,H20955,中证红利低波动100全收益指数,红利低波100全收益,CSI Dividend Low Volatility 100 Total Return Index,Dividend Low Volatility100 TRI,,,,21345.98,-427.3,-1.96,6614838614.0,626.31,100.0,8.19,2026-06-24,8.19,626.31
20260625,H20955,中证红利低波动100全收益指数,红利低波100全收益,CSI Dividend Low Volatility 100 Total Return Index,Dividend Low Volatility100 TRI,,,,21163.7,-182.28,-0.85,5942163753.0,622.33,100.0,8.12,2026-06-25,8.12,622.33
20260626,H20955,中证红利低波动100全收益指数,红利低波100全收益,CSI Dividend Low Volatility 100 Total Return Index,Dividend Low Volatility100 TRI,,,,20896.17,-267.53,-1.26,5729635941.0,571.98,100.0,8.04,2026-06-26,8.04,571.98
20260629,H20955,中证红利低波动100全收益指数,红利低波100全收益,CSI Dividend Low Volatility 100 Total Return Index,Dividend Low Volatility100 TRI,,,,21193.67,297.5,1.42,6571866969.0,694.13,100.0,8.11,2026-06-29,8.11,694.13
20260630,H20955,中证红利低波动100全收益指数,红利低波100全收益,CSI Dividend Low Volatility 100 Total Return Index,Dividend Low Volatility100 TRI,,,,20810.81,-382.86,-1.81,5958275374.0,584.39,100.0,7.96,2026-06-30,7.96,584.39
20260701,H20955,中证红利低波动100全收益指数,红利低波100全收益,CSI Dividend Low Volatility 100 Total Return Index,Dividend Low Volatility100 TRI,,,,21120.47,309.67,1.49,5374114039.0,543.44,100.0,8.0,2026-07-01,8.0,543.44
20260702,H20955,中证红利低波动100全收益指数,红利低波100全收益,CSI Dividend Low Volatility 100 Total Return Index,Dividend Low Volatility100 TRI,,,,21365.6,245.13,1.16,6198488186.0,631.69,100.0,8.04,2026-07-02,8.04,631.69
20260703,H20955,中证红利低波动100全收益指数,红利低波100全收益,CSI Dividend Low Volatility 100 Total Return Index,Dividend Low Volatility100 TRI,,,,21491.43,125.83,0.59,5322048252.0,533.01,100.0,8.03,2026-07-03,8.03,533.01
20260706,H20955,中证红利低波动100全收益指数,红利低波100全收益,CSI Dividend Low Volatility 100 Total Return Index,Dividend Low Volatility100 TRI,,,,21817.25,325.82,1.52,5947564130.0,588.05,100.0,8.15,2026-07-06,8.15,588.05
20260707,H20955,中证红利低波动100全收益指数,红利低波100全收益,CSI Dividend Low Volatility 100 Total Return Index,Dividend Low Volatility100 TRI,,,,21542.78,-274.47,-1.26,5120214376.0,488.11,100.0,8.15,2026-07-07,8.15,488.11
20260708,H20955,中证红利低波动100全收益指数,红利低波100全收益,CSI Dividend Low Volatility 100 Total Return Index,Dividend Low Volatility100 TRI,,,,21740.39,197.61,0.92,5119812550.0,488.0,100.0,8.25,2026-07-08,8.25,488.0
20260709,H20955,中证红利低波动100全收益指数,红利低波100全收益,CSI Dividend Low Volatility 100 Total Return Index,Dividend Low Volatility100 TRI,,,,21523.09,-217.31,-1.0,5128730633.0,486.44,100.0,8.17,2026-07-09,8.17,486.44
20260710,H20955,中证红利低波动100全收益指数,红利低波100全收益,CSI Dividend Low Volatility 100 Total Return Index,Dividend Low Volatility100 TRI,,,,21623.45,100.36,0.47,5784194605.0,591.59,100.0,8.22,2026-07-10,8.22,591.59
20260713,H20955,中证红利低波动100全收益指数,红利低波100全收益,CSI Dividend Low Volatility 100 Total Return Index,Dividend Low Volatility100 TRI,,,,21835.34,211.89,0.98,6754777665.0,674.09,100.0,8.33,2026-07-13,8.33,674.09
20260714,H20955,中证红利低波动100全收益指数,红利低波100全收益,CSI Dividend Low Volatility 100 Total Return Index,Dividend Low Volatility100 TRI,,,,22039.37,204.03,0.93,6387609378.0,636.5,100.0,8.36,2026-07-14,8.36,636.5
20260715,H20955,中证红利低波动100全收益指数,红利低波100全收益,CSI Dividend Low Volatility 100 Total Return Index,Dividend Low Volatility100 TRI,,,,22385.47,346.1,1.57,6474369058.0,716.62,100.0,8.45,2026-07-15,8.45,716.62
20260716,H20955,中证红利低波动100全收益指数,红利低波100全收益,CSI Dividend Low Volatility 100 Total Return Index,Dividend Low Volatility100 TRI,,,,22399.3,13.83,0.06,5740004302.0,614.97,100.0,8.38,2026-07-16,8.38,614.97
20260717,H20955,中证红利低波动100全收益指数,红利低波100全收益,CSI Dividend Low Volatility 100 Total Return Index,Dividend Low Volatility100 TRI,,,,22347.64,-51.67,-0.23,8251800400.0,834.61,100.0,8.45,2026-07-17,8.45,834.61
20260720,H20955,中证红利低波动100全收益指数,红利低波100全收益,CSI Dividend Low Volatility 100 Total Return Index,Dividend Low Volatility100 TRI,,,,22865.66,518.03,2.32,9929471710.0,1064.17,100.0,8.7,2026-07-20,8.7,1064.17
20260721,H20955,中证红利低波动100全收益指数,红利低波100全收益,CSI Dividend Low Volatility 100 Total Return Index,Dividend Low Volatility100 TRI,,,,22646.1,-219.56,-0.96,9756181026.0,1037.94,100.0,8.54,2026-07-21,8.54,1037.94
20260722,H20955,中证红利低波动100全收益指数,红利低波100全收益,CSI Dividend Low Volatility 100 Total Return Index,Dividend Low Volatility100 TRI,,,,22705.79,59.69,0.26,7000546638.0,736.61,100.0,8.61,2026-07-22,8.61,736.61
20260723,H20955,中证红利低波动100全收益指数,红利低波100全收益,CSI Dividend Low Volatility 100 Total Return Index,Dividend Low Volatility100 TRI,,,,22784.64,78.85,0.35,5515509104.0,542.63,100.0,8.64,2026-07-23,8.64,542.63
20260724,H20955,中证红利低波动100全收益指数,红利低波100全收益,CSI Dividend Low Volatility 100 Total Return Index,Dividend Low Volatility100 TRI,,,,22545.18,-239.46,-1.05,5395636743.0,548.67,100.0,8.65,2026-07-24,8.65,548.67
20260727,H20955,中证红利低波动100全收益指数,红利低波100全收益,CSI Dividend Low Volatility 100 Total Return Index,Dividend Low Volatility100 TRI,,,,22635.46,90.28,0.4,5670371222.0,551.36,100.0,8.65,2026-07-27,8.65,551.36
