tradeDate,indexCode,indexNameCnAll,indexNameCn,indexNameEnAll,indexNameEn,open,high,low,close,change,changePct,tradingVol,tradingValue,consNumber,peg,date,rolling_pe,trading_value
20150101,930955,中证红利低波动100指数,红利低波100,CSI Dividend Low Volatility 100 Index,Dividend Low Volatility100,7001.37,7271.21,7001.37,7250.82,,4.22,24214472458.0,2271.79,,,2015-01-01,,2271.79
20150105,930955,中证红利低波动100指数,红利低波100,CSI Dividend Low Volatility 100 Index,Dividend Low Volatility100,7001.37,7271.21,7001.37,7250.82,,4.22,24214472458.0,2271.79,,,2015-01-05,,2271.79
20150106,930955,中证红利低波动100指数,红利低波100,CSI Dividend Low Volatility 100 Index,Dividend Low Volatility100,7216.76,7354.19,7168.33,7247.74,,-0.04,23466567209.0,2267.07,,,2015-01-06,,2267.07
20150107,930955,中证红利低波动100指数,红利低波100,CSI Dividend Low Volatility 100 Index,Dividend Low Volatility100,7188.45,7266.0,7124.35,7256.46,,0.12,16858436700.0,1693.67,,,2015-01-07,,1693.67
20150108,930955,中证红利低波动100指数,红利低波100,CSI Dividend Low Volatility 100 Index,Dividend Low Volatility100,7241.11,7241.11,7045.88,7046.07,,-2.9,15293327974.0,1491.61,,,2015-01-08,,1491.61
20150109,930955,中证红利低波动100指数,红利低波100,CSI Dividend Low Volatility 100 Index,Dividend Low Volatility100,7001.8,7226.22,6972.35,6988.24,,-0.82,18712661949.0,1898.62,,,2015-01-09,,1898.62
20150112,930955,中证红利低波动100指数,红利低波100,CSI Dividend Low Volatility 100 Index,Dividend Low Volatility100,6923.12,6923.12,6770.53,6809.99,,-2.55,12812696689.0,1367.07,,,2015-01-12,,1367.07
20150113,930955,中证红利低波动100指数,红利低波100,CSI Dividend Low Volatility 100 Index,Dividend Low Volatility100,6797.84,6867.44,6787.99,6825.34,,0.23,8061929733.0,850.74,,,2015-01-13,,850.74
20150114,930955,中证红利低波动100指数,红利低波100,CSI Dividend Low Volatility 100 Index,Dividend Low Volatility100,6835.89,6877.69,6745.36,6792.51,,-0.48,9980095708.0,976.04,,,2015-01-14,,976.04
20150115,930955,中证红利低波动100指数,红利低波100,CSI Dividend Low Volatility 100 Index,Dividend Low Volatility100,6793.36,7016.67,6768.13,7016.67,,3.3,12385718621.0,1332.43,,,2015-01-15,,1332.43
20150116,930955,中证红利低波动100指数,红利低波100,CSI Dividend Low Volatility 100 Index,Dividend Low Volatility100,7041.37,7104.63,7034.7,7070.01,,0.76,14737185501.0,1544.09,,,2015-01-16,,1544.09
20150119,930955,中证红利低波动100指数,红利低波100,CSI Dividend Low Volatility 100 Index,Dividend Low Volatility100,6680.05,6818.97,6425.75,6457.53,,-8.66,17280640658.0,1588.44,,,2015-01-19,,1588.44
20150120,930955,中证红利低波动100指数,红利低波100,CSI Dividend Low Volatility 100 Index,Dividend Low Volatility100,6463.23,6607.09,6454.25,6560.92,,1.6,14120121656.0,1439.53,,,2015-01-20,,1439.53
20150121,930955,中证红利低波动100指数,红利低波100,CSI Dividend Low Volatility 100 Index,Dividend Low Volatility100,6586.95,6853.65,6564.46,6850.48,,4.41,16563129675.0,1628.86,,,2015-01-21,,1628.86
20150122,930955,中证红利低波动100指数,红利低波100,CSI Dividend Low Volatility 100 Index,Dividend Low Volatility100,6847.08,6883.38,6799.36,6872.61,,0.32,12245285038.0,1244.64,,,2015-01-22,,1244.64
20150123,930955,中证红利低波动100指数,红利低波100,CSI Dividend Low Volatility 100 Index,Dividend Low Volatility100,6901.34,6959.33,6845.8,6861.78,,-0.16,13275784067.0,1381.7,,,2015-01-23,,1381.7
20150126,930955,中证红利低波动100指数,红利低波100,CSI Dividend Low Volatility 100 Index,Dividend Low Volatility100,6851.38,6940.95,6823.12,6940.95,,1.15,10053383603.0,1009.15,,,2015-01-26,,1009.15
20150127,930955,中证红利低波动100指数,红利低波100,CSI Dividend Low Volatility 100 Index,Dividend Low Volatility100,6944.97,6944.97,6786.76,6890.5,,-0.73,13125350436.0,1345.87,,,2015-01-27,,1345.87
20150128,930955,中证红利低波动100指数,红利低波100,CSI Dividend Low Volatility 100 Index,Dividend Low Volatility100,6838.71,6891.21,6801.25,6816.86,,-1.07,9567884429.0,960.51,,,2015-01-28,,960.51
20150129,930955,中证红利低波动100指数,红利低波100,CSI Dividend Low Volatility 100 Index,Dividend Low Volatility100,6730.36,6793.95,6723.66,6759.33,,-0.84,10725563413.0,999.26,,,2015-01-29,,999.26
20150130,930955,中证红利低波动100指数,红利低波100,CSI Dividend Low Volatility 100 Index,Dividend Low Volatility100,6774.18,6793.03,6659.52,6659.52,,-1.48,9302558583.0,893.82,,,2015-01-30,,893.82
20150202,930955,中证红利低波动100指数,红利低波100,CSI Dividend Low Volatility 100 Index,Dividend Low Volatility100,6540.98,6573.09,6482.13,6484.35,,-2.63,9058519087.0,836.0,,,2015-02-02,,836.0
20150203,930955,中证红利低波动100指数,红利低波100,CSI Dividend Low Volatility 100 Index,Dividend Low Volatility100,6538.37,6622.22,6490.78,6622.22,,2.13,9199651883.0,905.54,,,2015-02-03,,905.54
20150204,930955,中证红利低波动100指数,红利低波100,CSI Dividend Low Volatility 100 Index,Dividend Low Volatility100,6645.98,6682.79,6573.86,6573.86,,-0.73,8415622112.0,839.15,,,2015-02-04,,839.15
20150205,930955,中证红利低波动100指数,红利低波100,CSI Dividend Low Volatility 100 Index,Dividend Low Volatility100,6733.72,6733.72,6485.21,6485.21,,-1.35,12556745134.0,1199.67,,,2015-02-05,,1199.67
20150206,930955,中证红利低波动100指数,红利低波100,CSI Dividend Low Volatility 100 Index,Dividend Low Volatility100,6447.24,6447.24,6291.93,6326.68,,-2.44,9080979558.0,806.28,,,2015-02-06,,806.28
20150209,930955,中证红利低波动100指数,红利低波100,CSI Dividend Low Volatility 100 Index,Dividend Low Volatility100,6301.05,6368.87,6264.34,6336.55,,0.16,7962885325.0,769.48,,,2015-02-09,,769.48
20150210,930955,中证红利低波动100指数,红利低波100,CSI Dividend Low Volatility 100 Index,Dividend Low Volatility100,6332.39,6458.57,6332.39,6458.57,,1.93,7467805324.0,697.2,,,2015-02-10,,697.2
20150211,930955,中证红利低波动100指数,红利低波100,CSI Dividend Low Volatility 100 Index,Dividend Low Volatility100,6467.35,6485.45,6453.76,6468.47,,0.15,5641156386.0,579.45,,,2015-02-11,,579.45
20150212,930955,中证红利低波动100指数,红利低波100,CSI Dividend Low Volatility 100 Index,Dividend Low Volatility100,6473.68,6509.65,6420.93,6499.28,,0.48,6129208067.0,594.18,,,2015-02-12,,594.18
20150213,930955,中证红利低波动100指数,红利低波100,CSI Dividend Low Volatility 100 Index,Dividend Low Volatility100,6533.29,6631.18,6533.29,6574.06,,1.15,9425349006.0,856.33,,,2015-02-13,,856.33
20150216,930955,中证红利低波动100指数,红利低波100,CSI Dividend Low Volatility 100 Index,Dividend Low Volatility100,6581.65,6606.79,6568.0,6606.02,,0.49,6331400747.0,620.15,,,2015-02-16,,620.15
20150217,930955,中证红利低波动100指数,红利低波100,CSI Dividend Low Volatility 100 Index,Dividend Low Volatility100,6621.13,6677.65,6621.13,6666.68,,0.92,6399261567.0,635.08,,,2015-02-17,,635.08
20150225,930955,中证红利低波动100指数,红利低波100,CSI Dividend Low Volatility 100 Index,Dividend Low Volatility100,6677.89,6695.12,6626.68,6647.43,,-0.29,7622496518.0,723.45,,,2015-02-25,,723.45
20150226,930955,中证红利低波动100指数,红利低波100,CSI Dividend Low Volatility 100 Index,Dividend Low Volatility100,6640.38,6826.13,6619.42,6824.24,,2.66,10972499826.0,1029.05,,,2015-02-26,,1029.05
20150227,930955,中证红利低波动100指数,红利低波100,CSI Dividend Low Volatility 100 Index,Dividend Low Volatility100,6823.16,6842.06,6794.0,6820.14,,-0.06,9363891863.0,866.74,,,2015-02-27,,866.74
20150302,930955,中证红利低波动100指数,红利低波100,CSI Dividend Low Volatility 100 Index,Dividend Low Volatility100,6872.34,6889.0,6831.12,6888.56,,1.0,10266001864.0,996.66,,,2015-03-02,,996.66
20150303,930955,中证红利低波动100指数,红利低波100,CSI Dividend Low Volatility 100 Index,Dividend Low Volatility100,6853.75,6853.75,6735.1,6735.1,,-2.23,11401652130.0,1077.8,,,2015-03-03,,1077.8
20150304,930955,中证红利低波动100指数,红利低波100,CSI Dividend Low Volatility 100 Index,Dividend Low Volatility100,6734.09,6765.73,6706.06,6762.14,,0.4,8245817114.0,755.28,,,2015-03-04,,755.28
20150305,930955,中证红利低波动100指数,红利低波100,CSI Dividend Low Volatility 100 Index,Dividend Low Volatility100,6733.68,6739.38,6629.63,6675.3,,-1.28,9478649016.0,863.02,,,2015-03-05,,863.02
20150306,930955,中证红利低波动100指数,红利低波100,CSI Dividend Low Volatility 100 Index,Dividend Low Volatility100,6672.77,6717.74,6656.97,6679.76,,0.07,7077103774.0,641.27,,,2015-03-06,,641.27
20150309,930955,中证红利低波动100指数,红利低波100,CSI Dividend Low Volatility 100 Index,Dividend Low Volatility100,6656.82,6812.15,6600.05,6812.15,,1.98,12717229218.0,1167.33,,,2015-03-09,,1167.33
20150310,930955,中证红利低波动100指数,红利低波100,CSI Dividend Low Volatility 100 Index,Dividend Low Volatility100,6784.35,6841.38,6777.84,6799.08,,-0.19,9175257284.0,851.16,,,2015-03-10,,851.16
20150311,930955,中证红利低波动100指数,红利低波100,CSI Dividend Low Volatility 100 Index,Dividend Low Volatility100,6802.33,6881.23,6789.18,6811.56,,0.18,9153775760.0,843.35,,,2015-03-11,,843.35
20150312,930955,中证红利低波动100指数,红利低波100,CSI Dividend Low Volatility 100 Index,Dividend Low Volatility100,6864.96,6950.54,6848.98,6939.81,,1.88,15371280100.0,1507.48,,,2015-03-12,,1507.48
20150313,930955,中证红利低波动100指数,红利低波100,CSI Dividend Low Volatility 100 Index,Dividend Low Volatility100,6959.0,7031.37,6959.0,6991.05,,0.74,13555517115.0,1331.38,,,2015-03-13,,1331.38
20150316,930955,中证红利低波动100指数,红利低波100,CSI Dividend Low Volatility 100 Index,Dividend Low Volatility100,7027.15,7148.4,7027.15,7148.4,,2.25,5479218596.0,528.19,,,2015-03-16,,528.19
20150317,930955,中证红利低波动100指数,红利低波100,CSI Dividend Low Volatility 100 Index,Dividend Low Volatility100,7169.47,7243.04,7149.94,7233.04,,1.18,7461992000.0,674.21,,,2015-03-17,,674.21
20150318,930955,中证红利低波动100指数,红利低波100,CSI Dividend Low Volatility 100 Index,Dividend Low Volatility100,7243.55,7390.54,7243.55,7390.54,,2.18,8149144401.0,716.73,,,2015-03-18,,716.73
20150319,930955,中证红利低波动100指数,红利低波100,CSI Dividend Low Volatility 100 Index,Dividend Low Volatility100,7393.12,7409.06,7342.41,7404.31,,0.19,7645991424.0,671.99,,,2015-03-19,,671.99
20150320,930955,中证红利低波动100指数,红利低波100,CSI Dividend Low Volatility 100 Index,Dividend Low Volatility100,7419.17,7449.59,7391.84,7441.85,,0.51,7433148218.0,672.96,,,2015-03-20,,672.96
20150323,930955,中证红利低波动100指数,红利低波100,CSI Dividend Low Volatility 100 Index,Dividend Low Volatility100,7483.44,7575.91,7483.44,7575.91,,1.8,8271503333.0,748.38,,,2015-03-23,,748.38
20150324,930955,中证红利低波动100指数,红利低波100,CSI Dividend Low Volatility 100 Index,Dividend Low Volatility100,7586.5,7606.7,7420.74,7606.3,,0.4,10792546234.0,898.66,,,2015-03-24,,898.66
20150325,930955,中证红利低波动100指数,红利低波100,CSI Dividend Low Volatility 100 Index,Dividend Low Volatility100,7599.92,7618.55,7543.49,7588.34,,-0.24,9061657428.0,756.67,,,2015-03-25,,756.67
20150326,930955,中证红利低波动100指数,红利低波100,CSI Dividend Low Volatility 100 Index,Dividend Low Volatility100,7558.22,7644.25,7537.41,7623.56,,0.46,7197880662.0,684.86,,,2015-03-26,,684.86
20150327,930955,中证红利低波动100指数,红利低波100,CSI Dividend Low Volatility 100 Index,Dividend Low Volatility100,7629.76,7689.91,7626.08,7664.87,,0.54,5757850031.0,553.2,,,2015-03-27,,553.2
20150330,930955,中证红利低波动100指数,红利低波100,CSI Dividend Low Volatility 100 Index,Dividend Low Volatility100,7709.52,7850.05,7709.52,7841.98,,2.31,9425621859.0,886.42,,,2015-03-30,,886.42
20150331,930955,中证红利低波动100指数,红利低波100,CSI Dividend Low Volatility 100 Index,Dividend Low Volatility100,7879.73,7879.73,7729.24,7741.31,,-1.28,9135368100.0,887.51,,,2015-03-31,,887.51
20150401,930955,中证红利低波动100指数,红利低波100,CSI Dividend Low Volatility 100 Index,Dividend Low Volatility100,7745.32,7885.16,7736.23,7876.67,,1.75,6636131811.0,657.11,,,2015-04-01,,657.11
20150402,930955,中证红利低波动100指数,红利低波100,CSI Dividend Low Volatility 100 Index,Dividend Low Volatility100,7922.93,8000.28,7889.69,8000.28,,1.57,7359626047.0,750.61,,,2015-04-02,,750.61
20150403,930955,中证红利低波动100指数,红利低波100,CSI Dividend Low Volatility 100 Index,Dividend Low Volatility100,7974.19,8132.9,7974.19,8132.9,,1.66,6562482631.0,659.0,,,2015-04-03,,659.0
20150407,930955,中证红利低波动100指数,红利低波100,CSI Dividend Low Volatility 100 Index,Dividend Low Volatility100,8193.55,8361.15,8193.55,8361.15,,2.81,9815042038.0,934.41,,,2015-04-07,,934.41
20150408,930955,中证红利低波动100指数,红利低波100,CSI Dividend Low Volatility 100 Index,Dividend Low Volatility100,8400.92,8438.09,8215.88,8327.99,,-0.4,9458988510.0,972.01,,,2015-04-08,,972.01
20150409,930955,中证红利低波动100指数,红利低波100,CSI Dividend Low Volatility 100 Index,Dividend Low Volatility100,8315.25,8315.25,8030.97,8162.21,,-1.99,8786182098.0,855.39,,,2015-04-09,,855.39
20150410,930955,中证红利低波动100指数,红利低波100,CSI Dividend Low Volatility 100 Index,Dividend Low Volatility100,8137.35,8331.98,8137.35,8331.98,,2.08,7197974230.0,738.27,,,2015-04-10,,738.27
20150413,930955,中证红利低波动100指数,红利低波100,CSI Dividend Low Volatility 100 Index,Dividend Low Volatility100,8390.85,8605.71,8390.85,8604.44,,3.27,11337395111.0,1073.39,,,2015-04-13,,1073.39
20150414,930955,中证红利低波动100指数,红利低波100,CSI Dividend Low Volatility 100 Index,Dividend Low Volatility100,8616.4,8747.56,8600.78,8694.4,,1.05,11059670299.0,1092.66,,,2015-04-14,,1092.66
20150415,930955,中证红利低波动100指数,红利低波100,CSI Dividend Low Volatility 100 Index,Dividend Low Volatility100,8694.44,8696.5,8445.77,8472.61,,-2.55,12183286075.0,1103.0,,,2015-04-15,,1103.0
20150416,930955,中证红利低波动100指数,红利低波100,CSI Dividend Low Volatility 100 Index,Dividend Low Volatility100,8404.09,8687.43,8346.8,8673.54,,2.37,10449936212.0,1056.72,,,2015-04-16,,1056.72
20150417,930955,中证红利低波动100指数,红利低波100,CSI Dividend Low Volatility 100 Index,Dividend Low Volatility100,8739.27,8788.42,8668.26,8744.16,,0.81,13165173044.0,1381.12,,,2015-04-17,,1381.12
20150420,930955,中证红利低波动100指数,红利低波100,CSI Dividend Low Volatility 100 Index,Dividend Low Volatility100,8713.0,8790.46,8517.26,8538.15,,-2.36,15093844467.0,1492.34,,,2015-04-20,,1492.34
20150421,930955,中证红利低波动100指数,红利低波100,CSI Dividend Low Volatility 100 Index,Dividend Low Volatility100,8529.23,8780.12,8529.23,8780.12,,2.83,9559076830.0,1013.68,,,2015-04-21,,1013.68
20150422,930955,中证红利低波动100指数,红利低波100,CSI Dividend Low Volatility 100 Index,Dividend Low Volatility100,8838.83,9004.9,8838.83,9004.9,,2.56,10352991677.0,1159.08,,,2015-04-22,,1159.08
20150423,930955,中证红利低波动100指数,红利低波100,CSI Dividend Low Volatility 100 Index,Dividend Low Volatility100,9038.29,9055.25,8940.31,9021.65,,0.19,9551923044.0,1107.51,,,2015-04-23,,1107.51
20150424,930955,中证红利低波动100指数,红利低波100,CSI Dividend Low Volatility 100 Index,Dividend Low Volatility100,8886.11,8985.41,8837.6,8954.4,,-0.75,8909386489.0,1033.13,,,2015-04-24,,1033.13
20150427,930955,中证红利低波动100指数,红利低波100,CSI Dividend Low Volatility 100 Index,Dividend Low Volatility100,9005.83,9115.04,9003.32,9100.02,,1.63,10320320599.0,1208.8,,,2015-04-27,,1208.8
20150428,930955,中证红利低波动100指数,红利低波100,CSI Dividend Low Volatility 100 Index,Dividend Low Volatility100,9083.33,9083.33,8816.93,8867.31,,-2.56,12910204162.0,1369.7,,,2015-04-28,,1369.7
20150429,930955,中证红利低波动100指数,红利低波100,CSI Dividend Low Volatility 100 Index,Dividend Low Volatility100,8837.65,8977.66,8816.88,8968.34,,1.14,7716897861.0,856.9,,,2015-04-29,,856.9
20150430,930955,中证红利低波动100指数,红利低波100,CSI Dividend Low Volatility 100 Index,Dividend Low Volatility100,8985.64,9021.62,8925.51,8925.51,,-0.48,8390315073.0,901.8,,,2015-04-30,,901.8
20150504,930955,中证红利低波动100指数,红利低波100,CSI Dividend Low Volatility 100 Index,Dividend Low Volatility100,8938.56,9097.13,8886.59,9097.13,,1.92,7341669783.0,819.91,,,2015-05-04,,819.91
20150505,930955,中证红利低波动100指数,红利低波100,CSI Dividend Low Volatility 100 Index,Dividend Low Volatility100,9102.11,9108.73,8729.43,8738.2,,-3.95,10386325318.0,1089.53,,,2015-05-05,,1089.53
20150506,930955,中证红利低波动100指数,红利低波100,CSI Dividend Low Volatility 100 Index,Dividend Low Volatility100,8750.74,8851.87,8512.63,8552.25,,-2.13,7707528604.0,825.92,,,2015-05-06,,825.92
20150507,930955,中证红利低波动100指数,红利低波100,CSI Dividend Low Volatility 100 Index,Dividend Low Volatility100,8515.09,8515.16,8334.9,8334.9,,-2.54,5953442806.0,613.18,,,2015-05-07,,613.18
20150508,930955,中证红利低波动100指数,红利低波100,CSI Dividend Low Volatility 100 Index,Dividend Low Volatility100,8406.39,8551.26,8377.1,8551.26,,2.6,5616399502.0,597.76,,,2015-05-08,,597.76
20150511,930955,中证红利低波动100指数,红利低波100,CSI Dividend Low Volatility 100 Index,Dividend Low Volatility100,8620.35,8823.65,8576.43,8823.65,,3.19,7159324072.0,790.38,,,2015-05-11,,790.38
20150512,930955,中证红利低波动100指数,红利低波100,CSI Dividend Low Volatility 100 Index,Dividend Low Volatility100,8847.9,8929.24,8815.7,8929.24,,1.2,7414693815.0,816.01,,,2015-05-12,,816.01
20150513,930955,中证红利低波动100指数,红利低波100,CSI Dividend Low Volatility 100 Index,Dividend Low Volatility100,8938.97,9030.16,8916.53,8967.29,,0.43,7402057635.0,844.65,,,2015-05-13,,844.65
20150514,930955,中证红利低波动100指数,红利低波100,CSI Dividend Low Volatility 100 Index,Dividend Low Volatility100,8980.14,8994.87,8905.73,8988.45,,0.24,6571621079.0,742.55,,,2015-05-14,,742.55
20150515,930955,中证红利低波动100指数,红利低波100,CSI Dividend Low Volatility 100 Index,Dividend Low Volatility100,8972.81,8972.81,8780.58,8832.49,,-1.74,6118978959.0,690.54,,,2015-05-15,,690.54
20150518,930955,中证红利低波动100指数,红利低波100,CSI Dividend Low Volatility 100 Index,Dividend Low Volatility100,8787.61,8917.13,8787.61,8875.79,,0.49,5264254118.0,635.12,,,2015-05-18,,635.12
20150519,930955,中证红利低波动100指数,红利低波100,CSI Dividend Low Volatility 100 Index,Dividend Low Volatility100,8890.24,9151.09,8890.24,9151.09,,3.1,6121265173.0,742.25,,,2015-05-19,,742.25
20150520,930955,中证红利低波动100指数,红利低波100,CSI Dividend Low Volatility 100 Index,Dividend Low Volatility100,9184.82,9356.98,9184.82,9212.69,,0.67,7183297042.0,906.89,,,2015-05-20,,906.89
20150521,930955,中证红利低波动100指数,红利低波100,CSI Dividend Low Volatility 100 Index,Dividend Low Volatility100,9237.71,9451.27,9228.99,9451.27,,2.59,6303521512.0,789.29,,,2015-05-21,,789.29
20150522,930955,中证红利低波动100指数,红利低波100,CSI Dividend Low Volatility 100 Index,Dividend Low Volatility100,9561.21,9652.09,9461.26,9651.62,,2.12,8847338845.0,1079.52,,,2015-05-22,,1079.52
20150525,930955,中证红利低波动100指数,红利低波100,CSI Dividend Low Volatility 100 Index,Dividend Low Volatility100,9662.71,9992.32,9662.71,9992.32,,3.53,9586310842.0,1190.83,,,2015-05-25,,1190.83
20150526,930955,中证红利低波动100指数,红利低波100,CSI Dividend Low Volatility 100 Index,Dividend Low Volatility100,10081.29,10225.86,9985.87,10225.86,,2.34,9657116506.0,1239.37,,,2015-05-26,,1239.37
20150527,930955,中证红利低波动100指数,红利低波100,CSI Dividend Low Volatility 100 Index,Dividend Low Volatility100,10274.35,10391.99,10096.28,10355.97,,1.27,9410100979.0,1232.69,,,2015-05-27,,1232.69
20150528,930955,中证红利低波动100指数,红利低波100,CSI Dividend Low Volatility 100 Index,Dividend Low Volatility100,10361.71,10549.46,9761.15,9762.23,,-5.73,12371760835.0,1498.4,,,2015-05-28,,1498.4
20150529,930955,中证红利低波动100指数,红利低波100,CSI Dividend Low Volatility 100 Index,Dividend Low Volatility100,9760.46,9976.88,9544.56,9852.53,,0.93,10197744115.0,1165.69,,,2015-05-29,,1165.69
20150601,930955,中证红利低波动100指数,红利低波100,CSI Dividend Low Volatility 100 Index,Dividend Low Volatility100,9948.69,10434.06,9948.69,10434.06,,5.9,10902595734.0,1232.26,,,2015-06-01,,1232.26
20150602,930955,中证红利低波动100指数,红利低波100,CSI Dividend Low Volatility 100 Index,Dividend Low Volatility100,10528.96,10730.64,10438.47,10730.64,,2.84,9506201524.0,1170.77,,,2015-06-02,,1170.77
20150603,930955,中证红利低波动100指数,红利低波100,CSI Dividend Low Volatility 100 Index,Dividend Low Volatility100,10783.71,10812.24,10525.54,10773.7,,0.4,9646533915.0,1197.32,,,2015-06-03,,1197.32
20150604,930955,中证红利低波动100指数,红利低波100,CSI Dividend Low Volatility 100 Index,Dividend Low Volatility100,10802.51,10802.51,10240.12,10800.27,,0.25,11457263811.0,1348.74,,,2015-06-04,,1348.74
20150605,930955,中证红利低波动100指数,红利低波100,CSI Dividend Low Volatility 100 Index,Dividend Low Volatility100,10930.88,11046.65,10806.77,10976.21,,1.63,12208194829.0,1557.98,,,2015-06-05,,1557.98
20150608,930955,中证红利低波动100指数,红利低波100,CSI Dividend Low Volatility 100 Index,Dividend Low Volatility100,10990.32,11095.24,10867.42,11078.12,,0.93,15373585373.0,1710.64,,,2015-06-08,,1710.64
20150609,930955,中证红利低波动100指数,红利低波100,CSI Dividend Low Volatility 100 Index,Dividend Low Volatility100,11078.08,11078.08,10894.77,11019.05,,-0.53,12181654956.0,1431.98,,,2015-06-09,,1431.98
20150610,930955,中证红利低波动100指数,红利低波100,CSI Dividend Low Volatility 100 Index,Dividend Low Volatility100,10942.74,11243.23,10912.07,11130.4,,1.01,9208592776.0,1216.55,,,2015-06-10,,1216.55
20150611,930955,中证红利低波动100指数,红利低波100,CSI Dividend Low Volatility 100 Index,Dividend Low Volatility100,11136.52,11277.02,11097.87,11277.02,,1.32,7757154381.0,1049.55,,,2015-06-11,,1049.55
20150612,930955,中证红利低波动100指数,红利低波100,CSI Dividend Low Volatility 100 Index,Dividend Low Volatility100,11350.26,11512.89,11336.02,11458.22,,1.61,9186678623.0,1267.96,,,2015-06-12,,1267.96
20150615,930955,中证红利低波动100指数,红利低波100,CSI Dividend Low Volatility 100 Index,Dividend Low Volatility100,11484.75,11567.74,11396.98,11397.01,,-0.53,8050539076.0,1193.17,,,2015-06-15,,1193.17
20150616,930955,中证红利低波动100指数,红利低波100,CSI Dividend Low Volatility 100 Index,Dividend Low Volatility100,11274.12,11274.12,10944.99,11018.82,,-3.32,6665733182.0,950.51,,,2015-06-16,,950.51
20150617,930955,中证红利低波动100指数,红利低波100,CSI Dividend Low Volatility 100 Index,Dividend Low Volatility100,11034.01,11150.83,10682.8,11150.83,,1.2,6477916896.0,890.37,,,2015-06-17,,890.37
20150618,930955,中证红利低波动100指数,红利低波100,CSI Dividend Low Volatility 100 Index,Dividend Low Volatility100,11113.18,11217.56,10813.72,10813.72,,-3.02,5768475265.0,787.65,,,2015-06-18,,787.65
20150619,930955,中证红利低波动100指数,红利低波100,CSI Dividend Low Volatility 100 Index,Dividend Low Volatility100,10608.15,10680.15,10111.44,10115.82,,-6.45,6018429585.0,772.22,,,2015-06-19,,772.22
20150623,930955,中证红利低波动100指数,红利低波100,CSI Dividend Low Volatility 100 Index,Dividend Low Volatility100,10124.67,10298.45,9676.85,10298.3,,1.8,6220025839.0,772.17,,,2015-06-23,,772.17
20150624,930955,中证红利低波动100指数,红利低波100,CSI Dividend Low Volatility 100 Index,Dividend Low Volatility100,10368.25,10566.14,10312.99,10566.14,,2.6,6448870865.0,866.16,,,2015-06-24,,866.16
20150625,930955,中证红利低波动100指数,红利低波100,CSI Dividend Low Volatility 100 Index,Dividend Low Volatility100,10601.6,10601.6,10080.52,10156.77,,-3.87,6354162703.0,823.9,,,2015-06-25,,823.9
20150626,930955,中证红利低波动100指数,红利低波100,CSI Dividend Low Volatility 100 Index,Dividend Low Volatility100,9915.21,9942.86,9327.41,9376.52,,-7.68,7633479598.0,924.24,,,2015-06-26,,924.24
20150629,930955,中证红利低波动100指数,红利低波100,CSI Dividend Low Volatility 100 Index,Dividend Low Volatility100,9633.07,9633.07,8823.39,9111.64,,-2.83,8741328390.0,1034.04,,,2015-06-29,,1034.04
20150630,930955,中证红利低波动100指数,红利低波100,CSI Dividend Low Volatility 100 Index,Dividend Low Volatility100,9064.08,9608.65,8745.05,9608.65,,5.46,8615273246.0,990.13,,,2015-06-30,,990.13
20150701,930955,中证红利低波动100指数,红利低波100,CSI Dividend Low Volatility 100 Index,Dividend Low Volatility100,9504.22,9751.91,9193.17,9193.17,,-4.32,6498707926.0,809.56,,,2015-07-01,,809.56
20150702,930955,中证红利低波动100指数,红利低波100,CSI Dividend Low Volatility 100 Index,Dividend Low Volatility100,9242.72,9242.72,8682.68,8777.8,,-4.52,8470173165.0,909.0,,,2015-07-02,,909.0
20150703,930955,中证红利低波动100指数,红利低波100,CSI Dividend Low Volatility 100 Index,Dividend Low Volatility100,8593.97,8873.24,8151.44,8290.85,,-5.55,8411067980.0,886.2,,,2015-07-03,,886.2
20150706,930955,中证红利低波动100指数,红利低波100,CSI Dividend Low Volatility 100 Index,Dividend Low Volatility100,8959.33,8959.33,8023.74,8425.09,,1.62,15854534693.0,1515.2,,,2015-07-06,,1515.2
20150707,930955,中证红利低波动100指数,红利低波100,CSI Dividend Low Volatility 100 Index,Dividend Low Volatility100,8168.34,8255.15,7893.61,8036.55,,-4.61,13699092812.0,1324.47,,,2015-07-07,,1324.47
20150708,930955,中证红利低波动100指数,红利低波100,CSI Dividend Low Volatility 100 Index,Dividend Low Volatility100,7462.22,7749.09,7443.87,7565.52,,-5.86,16222588799.0,1563.56,,,2015-07-08,,1563.56
20150709,930955,中证红利低波动100指数,红利低波100,CSI Dividend Low Volatility 100 Index,Dividend Low Volatility100,7460.89,8139.84,7460.89,8116.27,,7.28,11571771683.0,1039.57,,,2015-07-09,,1039.57
20150710,930955,中证红利低波动100指数,红利低波100,CSI Dividend Low Volatility 100 Index,Dividend Low Volatility100,8286.47,8699.27,8286.47,8615.0,,6.15,12113066937.0,1232.34,,,2015-07-10,,1232.34
20150713,930955,中证红利低波动100指数,红利低波100,CSI Dividend Low Volatility 100 Index,Dividend Low Volatility100,8805.9,9088.52,8743.59,9042.78,,4.97,10693246089.0,1166.77,,,2015-07-13,,1166.77
20150714,930955,中证红利低波动100指数,红利低波100,CSI Dividend Low Volatility 100 Index,Dividend Low Volatility100,8998.6,9223.71,8882.98,8902.34,,-1.55,9217968248.0,1016.77,,,2015-07-14,,1016.77
20150715,930955,中证红利低波动100指数,红利低波100,CSI Dividend Low Volatility 100 Index,Dividend Low Volatility100,8779.16,8813.7,8352.46,8438.28,,-5.21,8466308734.0,847.91,,,2015-07-15,,847.91
20150716,930955,中证红利低波动100指数,红利低波100,CSI Dividend Low Volatility 100 Index,Dividend Low Volatility100,8389.57,8742.17,8269.08,8622.17,,2.18,6258985168.0,627.85,,,2015-07-16,,627.85
20150717,930955,中证红利低波动100指数,红利低波100,CSI Dividend Low Volatility 100 Index,Dividend Low Volatility100,8665.66,9038.55,8658.93,8963.24,,3.96,5536897349.0,611.79,,,2015-07-17,,611.79
20150720,930955,中证红利低波动100指数,红利低波100,CSI Dividend Low Volatility 100 Index,Dividend Low Volatility100,8940.24,9069.44,8836.39,8931.73,,-0.35,5648148462.0,630.99,,,2015-07-20,,630.99
20150721,930955,中证红利低波动100指数,红利低波100,CSI Dividend Low Volatility 100 Index,Dividend Low Volatility100,8819.63,9061.64,8819.63,8996.59,,0.73,4892985678.0,538.47,,,2015-07-21,,538.47
20150722,930955,中证红利低波动100指数,红利低波100,CSI Dividend Low Volatility 100 Index,Dividend Low Volatility100,8976.76,9035.11,8836.2,8997.54,,0.01,4848253822.0,562.98,,,2015-07-22,,562.98
20150723,930955,中证红利低波动100指数,红利低波100,CSI Dividend Low Volatility 100 Index,Dividend Low Volatility100,8989.46,9212.13,8986.5,9209.47,,2.36,5579275691.0,643.99,,,2015-07-23,,643.99
20150724,930955,中证红利低波动100指数,红利低波100,CSI Dividend Low Volatility 100 Index,Dividend Low Volatility100,9214.2,9286.35,9034.06,9042.74,,-1.81,6027009607.0,699.53,,,2015-07-24,,699.53
20150727,930955,中证红利低波动100指数,红利低波100,CSI Dividend Low Volatility 100 Index,Dividend Low Volatility100,8865.84,8991.3,8295.32,8303.29,,-8.18,6355053725.0,679.09,,,2015-07-27,,679.09
20150728,930955,中证红利低波动100指数,红利低波100,CSI Dividend Low Volatility 100 Index,Dividend Low Volatility100,8050.05,8400.68,7878.67,8285.35,,-0.22,6236172380.0,654.63,,,2015-07-28,,654.63
20150729,930955,中证红利低波动100指数,红利低波100,CSI Dividend Low Volatility 100 Index,Dividend Low Volatility100,8336.49,8601.01,8216.78,8601.01,,3.81,3946298352.0,436.77,,,2015-07-29,,436.77
20150730,930955,中证红利低波动100指数,红利低波100,CSI Dividend Low Volatility 100 Index,Dividend Low Volatility100,8561.83,8649.25,8378.16,8378.16,,-2.59,3678216900.0,405.12,,,2015-07-30,,405.12
20150731,930955,中证红利低波动100指数,红利低波100,CSI Dividend Low Volatility 100 Index,Dividend Low Volatility100,8283.54,8462.88,8283.54,8415.35,,0.44,3301224606.0,353.84,,,2015-07-31,,353.84
20150803,930955,中证红利低波动100指数,红利低波100,CSI Dividend Low Volatility 100 Index,Dividend Low Volatility100,8334.68,8497.93,8295.83,8497.93,,0.98,4676804113.0,487.48,,,2015-08-03,,487.48
20150804,930955,中证红利低波动100指数,红利低波100,CSI Dividend Low Volatility 100 Index,Dividend Low Volatility100,8496.07,8790.5,8462.39,8790.5,,3.44,3453894307.0,395.81,,,2015-08-04,,395.81
20150805,930955,中证红利低波动100指数,红利低波100,CSI Dividend Low Volatility 100 Index,Dividend Low Volatility100,8760.81,8851.18,8630.23,8666.97,,-1.41,3242395948.0,365.92,,,2015-08-05,,365.92
20150806,930955,中证红利低波动100指数,红利低波100,CSI Dividend Low Volatility 100 Index,Dividend Low Volatility100,8532.11,8699.73,8532.11,8613.79,,-0.61,2334523684.0,265.43,,,2015-08-06,,265.43
20150807,930955,中证红利低波动100指数,红利低波100,CSI Dividend Low Volatility 100 Index,Dividend Low Volatility100,8661.21,8788.88,8661.21,8757.85,,1.67,2656278379.0,301.04,,,2015-08-07,,301.04
20150810,930955,中证红利低波动100指数,红利低波100,CSI Dividend Low Volatility 100 Index,Dividend Low Volatility100,8813.58,9124.54,8801.08,9095.24,,3.85,4845190873.0,532.87,,,2015-08-10,,532.87
20150811,930955,中证红利低波动100指数,红利低波100,CSI Dividend Low Volatility 100 Index,Dividend Low Volatility100,9094.83,9198.17,9063.34,9138.76,,0.48,5622199195.0,595.82,,,2015-08-11,,595.82
20150812,930955,中证红利低波动100指数,红利低波100,CSI Dividend Low Volatility 100 Index,Dividend Low Volatility100,9048.26,9171.41,9048.26,9073.32,,-0.72,4827584032.0,527.66,,,2015-08-12,,527.66
20150813,930955,中证红利低波动100指数,红利低波100,CSI Dividend Low Volatility 100 Index,Dividend Low Volatility100,9040.08,9203.4,8987.29,9203.4,,1.43,4056587795.0,453.96,,,2015-08-13,,453.96
20150814,930955,中证红利低波动100指数,红利低波100,CSI Dividend Low Volatility 100 Index,Dividend Low Volatility100,9258.51,9358.98,9244.13,9273.98,,0.77,4193412749.0,494.88,,,2015-08-14,,494.88
20150817,930955,中证红利低波动100指数,红利低波100,CSI Dividend Low Volatility 100 Index,Dividend Low Volatility100,9260.61,9447.19,9220.22,9447.19,,1.87,4497127180.0,543.44,,,2015-08-17,,543.44
20150818,930955,中证红利低波动100指数,红利低波100,CSI Dividend Low Volatility 100 Index,Dividend Low Volatility100,9436.05,9450.1,8771.18,8778.77,,-7.08,5698732058.0,643.91,,,2015-08-18,,643.91
20150819,930955,中证红利低波动100指数,红利低波100,CSI Dividend Low Volatility 100 Index,Dividend Low Volatility100,8568.35,9005.22,8408.56,8978.98,,2.28,4858506114.0,506.5,,,2015-08-19,,506.5
20150820,930955,中证红利低波动100指数,红利低波100,CSI Dividend Low Volatility 100 Index,Dividend Low Volatility100,8896.95,8994.72,8720.95,8720.95,,-2.87,3783383639.0,401.95,,,2015-08-20,,401.95
20150821,930955,中证红利低波动100指数,红利低波100,CSI Dividend Low Volatility 100 Index,Dividend Low Volatility100,8574.23,8659.89,8285.54,8294.88,,-4.89,4062000395.0,402.06,,,2015-08-21,,402.06
20150824,930955,中证红利低波动100指数,红利低波100,CSI Dividend Low Volatility 100 Index,Dividend Low Volatility100,7982.25,7982.25,7566.47,7577.39,,-8.65,5483686438.0,484.88,,,2015-08-24,,484.88
20150825,930955,中证红利低波动100指数,红利低波100,CSI Dividend Low Volatility 100 Index,Dividend Low Volatility100,7097.42,7430.31,7013.99,7040.44,,-7.09,5469458779.0,485.54,,,2015-08-25,,485.54
20150826,930955,中证红利低波动100指数,红利低波100,CSI Dividend Low Volatility 100 Index,Dividend Low Volatility100,7122.64,7413.32,6958.76,7109.39,,0.98,5443738599.0,470.69,,,2015-08-26,,470.69
20150827,930955,中证红利低波动100指数,红利低波100,CSI Dividend Low Volatility 100 Index,Dividend Low Volatility100,7242.58,7493.18,7181.46,7493.18,,5.4,4632694199.0,411.78,,,2015-08-27,,411.78
20150828,930955,中证红利低波动100指数,红利低波100,CSI Dividend Low Volatility 100 Index,Dividend Low Volatility100,7601.49,7874.57,7570.95,7852.9,,4.8,4843828999.0,470.07,,,2015-08-28,,470.07
20150831,930955,中证红利低波动100指数,红利低波100,CSI Dividend Low Volatility 100 Index,Dividend Low Volatility100,7767.83,7767.83,7582.93,7702.26,,-1.92,3799576234.0,366.56,,,2015-08-31,,366.56
20150901,930955,中证红利低波动100指数,红利低波100,CSI Dividend Low Volatility 100 Index,Dividend Low Volatility100,7634.8,7634.8,7395.54,7514.2,,-2.44,6122235554.0,491.77,,,2015-09-01,,491.77
20150902,930955,中证红利低波动100指数,红利低波100,CSI Dividend Low Volatility 100 Index,Dividend Low Volatility100,7226.09,7574.57,7226.09,7556.45,,0.56,6951170112.0,556.13,,,2015-09-02,,556.13
20150907,930955,中证红利低波动100指数,红利低波100,CSI Dividend Low Volatility 100 Index,Dividend Low Volatility100,7565.75,7718.49,7418.92,7427.28,,-1.71,4022146985.0,356.42,,,2015-09-07,,356.42
20150908,930955,中证红利低波动100指数,红利低波100,CSI Dividend Low Volatility 100 Index,Dividend Low Volatility100,7394.3,7678.28,7333.78,7678.28,,3.38,3124598531.0,286.28,,,2015-09-08,,286.28
20150909,930955,中证红利低波动100指数,红利低波100,CSI Dividend Low Volatility 100 Index,Dividend Low Volatility100,7697.15,7868.79,7697.15,7823.46,,1.89,4094634728.0,387.05,,,2015-09-09,,387.05
20150910,930955,中证红利低波动100指数,红利低波100,CSI Dividend Low Volatility 100 Index,Dividend Low Volatility100,7699.95,7790.6,7699.61,7700.27,,-1.58,2573691101.0,253.23,,,2015-09-10,,253.23
20150911,930955,中证红利低波动100指数,红利低波100,CSI Dividend Low Volatility 100 Index,Dividend Low Volatility100,7694.72,7754.08,7636.34,7740.89,,0.53,2086447620.0,228.36,,,2015-09-11,,228.36
20150914,930955,中证红利低波动100指数,红利低波100,CSI Dividend Low Volatility 100 Index,Dividend Low Volatility100,7769.02,7769.02,7419.96,7508.89,,-3.0,5608519843.0,552.93,,,2015-09-14,,552.93
20150915,930955,中证红利低波动100指数,红利低波100,CSI Dividend Low Volatility 100 Index,Dividend Low Volatility100,7374.25,7448.98,7237.6,7278.19,,-3.07,4395874688.0,388.18,,,2015-09-15,,388.18
20150916,930955,中证红利低波动100指数,红利低波100,CSI Dividend Low Volatility 100 Index,Dividend Low Volatility100,7285.17,7705.95,7267.64,7634.27,,4.89,3901028794.0,355.89,,,2015-09-16,,355.89
20150917,930955,中证红利低波动100指数,红利低波100,CSI Dividend Low Volatility 100 Index,Dividend Low Volatility100,7578.45,7682.17,7454.95,7454.95,,-2.35,3585385435.0,342.13,,,2015-09-17,,342.13
20150918,930955,中证红利低波动100指数,红利低波100,CSI Dividend Low Volatility 100 Index,Dividend Low Volatility100,7494.6,7516.76,7429.0,7470.23,,0.21,2392781311.0,219.43,,,2015-09-18,,219.43
20150921,930955,中证红利低波动100指数,红利低波100,CSI Dividend Low Volatility 100 Index,Dividend Low Volatility100,7406.49,7581.71,7406.49,7581.71,,1.49,3162675595.0,283.96,,,2015-09-21,,283.96
20150922,930955,中证红利低波动100指数,红利低波100,CSI Dividend Low Volatility 100 Index,Dividend Low Volatility100,7593.35,7668.52,7593.35,7637.93,,0.74,3157363382.0,300.05,,,2015-09-22,,300.05
20150923,930955,中证红利低波动100指数,红利低波100,CSI Dividend Low Volatility 100 Index,Dividend Low Volatility100,7537.36,7579.6,7473.65,7495.12,,-1.87,2739322398.0,256.17,,,2015-09-23,,256.17
20150924,930955,中证红利低波动100指数,红利低波100,CSI Dividend Low Volatility 100 Index,Dividend Low Volatility100,7516.03,7561.53,7496.68,7553.45,,0.78,2373767746.0,222.08,,,2015-09-24,,222.08
20150925,930955,中证红利低波动100指数,红利低波100,CSI Dividend Low Volatility 100 Index,Dividend Low Volatility100,7539.62,7570.76,7391.18,7445.83,,-1.43,3041587792.0,276.78,,,2015-09-25,,276.78
20150928,930955,中证红利低波动100指数,红利低波100,CSI Dividend Low Volatility 100 Index,Dividend Low Volatility100,7432.46,7491.04,7387.96,7490.39,,0.6,1901133838.0,177.49,,,2015-09-28,,177.49
20150929,930955,中证红利低波动100指数,红利低波100,CSI Dividend Low Volatility 100 Index,Dividend Low Volatility100,7392.99,7422.93,7337.83,7364.19,,-1.69,2294904996.0,214.75,,,2015-09-29,,214.75
20150930,930955,中证红利低波动100指数,红利低波100,CSI Dividend Low Volatility 100 Index,Dividend Low Volatility100,7410.88,7441.97,7382.15,7405.11,,0.56,2101418754.0,223.21,,,2015-09-30,,223.21
20151008,930955,中证红利低波动100指数,红利低波100,CSI Dividend Low Volatility 100 Index,Dividend Low Volatility100,7664.21,7696.3,7627.6,7642.3,,3.2,3365416769.0,359.54,,,2015-10-08,,359.54
20151009,930955,中证红利低波动100指数,红利低波100,CSI Dividend Low Volatility 100 Index,Dividend Low Volatility100,7652.8,7728.59,7643.95,7720.4,,1.02,2963559181.0,279.55,,,2015-10-09,,279.55
20151012,930955,中证红利低波动100指数,红利低波100,CSI Dividend Low Volatility 100 Index,Dividend Low Volatility100,7743.02,8003.84,7743.02,7955.97,,3.05,5063735811.0,505.6,,,2015-10-12,,505.6
20151013,930955,中证红利低波动100指数,红利低波100,CSI Dividend Low Volatility 100 Index,Dividend Low Volatility100,7898.32,7967.03,7891.06,7967.03,,0.14,3342735626.0,332.69,,,2015-10-13,,332.69
20151014,930955,中证红利低波动100指数,红利低波100,CSI Dividend Low Volatility 100 Index,Dividend Low Volatility100,7908.76,7944.51,7846.99,7846.99,,-1.51,2951474960.0,291.52,,,2015-10-14,,291.52
20151015,930955,中证红利低波动100指数,红利低波100,CSI Dividend Low Volatility 100 Index,Dividend Low Volatility100,7825.25,8001.74,7825.25,8001.74,,1.97,3477802015.0,336.99,,,2015-10-15,,336.99
20151016,930955,中证红利低波动100指数,红利低波100,CSI Dividend Low Volatility 100 Index,Dividend Low Volatility100,8039.34,8079.86,7980.37,8079.86,,0.98,4393784158.0,426.14,,,2015-10-16,,426.14
20151019,930955,中证红利低波动100指数,红利低波100,CSI Dividend Low Volatility 100 Index,Dividend Low Volatility100,8096.37,8123.39,8030.31,8073.85,,-0.07,4223610797.0,415.77,,,2015-10-19,,415.77
20151020,930955,中证红利低波动100指数,红利低波100,CSI Dividend Low Volatility 100 Index,Dividend Low Volatility100,8060.64,8125.18,8022.43,8125.18,,0.64,3550674279.0,346.72,,,2015-10-20,,346.72
20151021,930955,中证红利低波动100指数,红利低波100,CSI Dividend Low Volatility 100 Index,Dividend Low Volatility100,8121.15,8132.62,7805.21,7860.78,,-3.25,6994040918.0,604.01,,,2015-10-21,,604.01
20151022,930955,中证红利低波动100指数,红利低波100,CSI Dividend Low Volatility 100 Index,Dividend Low Volatility100,7818.95,7971.73,7816.55,7971.73,,1.41,4067110765.0,368.78,,,2015-10-22,,368.78
20151023,930955,中证红利低波动100指数,红利低波100,CSI Dividend Low Volatility 100 Index,Dividend Low Volatility100,7984.89,8127.11,7984.89,8118.84,,1.85,3983687145.0,409.62,,,2015-10-23,,409.62
20151026,930955,中证红利低波动100指数,红利低波100,CSI Dividend Low Volatility 100 Index,Dividend Low Volatility100,8188.74,8190.87,8090.74,8139.84,,0.26,4082524297.0,428.36,,,2015-10-26,,428.36
20151027,930955,中证红利低波动100指数,红利低波100,CSI Dividend Low Volatility 100 Index,Dividend Low Volatility100,8096.34,8122.44,7962.3,8121.76,,-0.22,3210043483.0,328.64,,,2015-10-27,,328.64
20151028,930955,中证红利低波动100指数,红利低波100,CSI Dividend Low Volatility 100 Index,Dividend Low Volatility100,8102.97,8142.05,8029.58,8029.58,,-1.14,3287536372.0,332.04,,,2015-10-28,,332.04
20151029,930955,中证红利低波动100指数,红利低波100,CSI Dividend Low Volatility 100 Index,Dividend Low Volatility100,8060.03,8123.78,8029.65,8088.34,,0.73,2729328374.0,274.36,,,2015-10-29,,274.36
20151030,930955,中证红利低波动100指数,红利低波100,CSI Dividend Low Volatility 100 Index,Dividend Low Volatility100,8079.34,8142.27,8026.84,8071.42,,-0.21,2986371846.0,302.79,,,2015-10-30,,302.79
20151102,930955,中证红利低波动100指数,红利低波100,CSI Dividend Low Volatility 100 Index,Dividend Low Volatility100,7988.98,8105.2,7977.01,7977.01,,-1.17,2865997840.0,305.98,,,2015-11-02,,305.98
20151103,930955,中证红利低波动100指数,红利低波100,CSI Dividend Low Volatility 100 Index,Dividend Low Volatility100,7993.57,8028.33,7945.37,7967.6,,-0.12,2437793423.0,256.53,,,2015-11-03,,256.53
20151104,930955,中证红利低波动100指数,红利低波100,CSI Dividend Low Volatility 100 Index,Dividend Low Volatility100,7981.93,8275.33,7981.93,8275.33,,3.86,4880934544.0,496.36,,,2015-11-04,,496.36
20151105,930955,中证红利低波动100指数,红利低波100,CSI Dividend Low Volatility 100 Index,Dividend Low Volatility100,8256.65,8473.77,8256.65,8372.0,,1.17,9021793366.0,890.4,,,2015-11-05,,890.4
20151106,930955,中证红利低波动100指数,红利低波100,CSI Dividend Low Volatility 100 Index,Dividend Low Volatility100,8375.44,8494.35,8375.44,8491.41,,1.43,5695908680.0,574.32,,,2015-11-06,,574.32
20151109,930955,中证红利低波动100指数,红利低波100,CSI Dividend Low Volatility 100 Index,Dividend Low Volatility100,8504.72,8687.34,8504.72,8636.29,,1.71,9394247086.0,904.03,,,2015-11-09,,904.03
20151110,930955,中证红利低波动100指数,红利低波100,CSI Dividend Low Volatility 100 Index,Dividend Low Volatility100,8571.49,8636.27,8548.99,8598.58,,-0.44,6189079860.0,623.14,,,2015-11-10,,623.14
20151111,930955,中证红利低波动100指数,红利低波100,CSI Dividend Low Volatility 100 Index,Dividend Low Volatility100,8590.09,8609.14,8545.02,8608.34,,0.11,4714645118.0,488.88,,,2015-11-11,,488.88
20151112,930955,中证红利低波动100指数,红利低波100,CSI Dividend Low Volatility 100 Index,Dividend Low Volatility100,8619.38,8619.38,8498.27,8549.0,,-0.69,4206218030.0,451.4,,,2015-11-12,,451.4
20151113,930955,中证红利低波动100指数,红利低波100,CSI Dividend Low Volatility 100 Index,Dividend Low Volatility100,8479.31,8524.55,8424.96,8436.52,,-1.32,3880222461.0,424.22,,,2015-11-13,,424.22
20151116,930955,中证红利低波动100指数,红利低波100,CSI Dividend Low Volatility 100 Index,Dividend Low Volatility100,8320.49,8518.55,8320.49,8518.55,,0.97,3618864881.0,390.64,,,2015-11-16,,390.64
20151117,930955,中证红利低波动100指数,红利低波100,CSI Dividend Low Volatility 100 Index,Dividend Low Volatility100,8570.39,8649.48,8511.37,8518.5,,0.0,5149488789.0,562.87,,,2015-11-17,,562.87
20151118,930955,中证红利低波动100指数,红利低波100,CSI Dividend Low Volatility 100 Index,Dividend Low Volatility100,8522.44,8552.39,8453.37,8463.37,,-0.65,4416259667.0,447.08,,,2015-11-18,,447.08
20151119,930955,中证红利低波动100指数,红利低波100,CSI Dividend Low Volatility 100 Index,Dividend Low Volatility100,8479.68,8576.47,8459.14,8576.47,,1.34,3619813822.0,374.04,,,2015-11-19,,374.04
20151120,930955,中证红利低波动100指数,红利低波100,CSI Dividend Low Volatility 100 Index,Dividend Low Volatility100,8578.49,8609.01,8557.32,8598.71,,0.26,4357314546.0,459.52,,,2015-11-20,,459.52
20151123,930955,中证红利低波动100指数,红利低波100,CSI Dividend Low Volatility 100 Index,Dividend Low Volatility100,8589.3,8648.35,8537.42,8554.47,,-0.52,3910140906.0,421.99,,,2015-11-23,,421.99
20151124,930955,中证红利低波动100指数,红利低波100,CSI Dividend Low Volatility 100 Index,Dividend Low Volatility100,8538.21,8575.55,8474.82,8575.55,,0.25,3536439642.0,372.29,,,2015-11-24,,372.29
20151125,930955,中证红利低波动100指数,红利低波100,CSI Dividend Low Volatility 100 Index,Dividend Low Volatility100,8571.72,8653.44,8562.45,8653.44,,0.91,3812938814.0,439.89,,,2015-11-25,,439.89
20151126,930955,中证红利低波动100指数,红利低波100,CSI Dividend Low Volatility 100 Index,Dividend Low Volatility100,8674.45,8732.07,8649.15,8658.22,,0.06,3976980592.0,465.04,,,2015-11-26,,465.04
20151127,930955,中证红利低波动100指数,红利低波100,CSI Dividend Low Volatility 100 Index,Dividend Low Volatility100,8613.54,8630.62,8190.95,8232.58,,-4.92,4821636349.0,529.28,,,2015-11-27,,529.28
20151130,930955,中证红利低波动100指数,红利低波100,CSI Dividend Low Volatility 100 Index,Dividend Low Volatility100,8237.02,8306.6,8034.02,8306.6,,0.9,4819451602.0,488.51,,,2015-11-30,,488.51
20151201,930955,中证红利低波动100指数,红利低波100,CSI Dividend Low Volatility 100 Index,Dividend Low Volatility100,8301.26,8391.79,8253.49,8361.27,,0.66,3919678599.0,437.59,,,2015-12-01,,437.59
20151202,930955,中证红利低波动100指数,红利低波100,CSI Dividend Low Volatility 100 Index,Dividend Low Volatility100,8342.73,8600.79,8332.31,8600.79,,2.87,7783276318.0,841.07,,,2015-12-02,,841.07
20151203,930955,中证红利低波动100指数,红利低波100,CSI Dividend Low Volatility 100 Index,Dividend Low Volatility100,8583.0,8715.23,8568.79,8715.23,,1.33,8319937554.0,776.22,,,2015-12-03,,776.22
20151204,930955,中证红利低波动100指数,红利低波100,CSI Dividend Low Volatility 100 Index,Dividend Low Volatility100,8650.08,8664.59,8577.9,8595.66,,-1.37,4886542727.0,514.28,,,2015-12-04,,514.28
20151207,930955,中证红利低波动100指数,红利低波100,CSI Dividend Low Volatility 100 Index,Dividend Low Volatility100,8602.95,8647.94,8575.88,8631.17,,0.41,3251384394.0,381.47,,,2015-12-07,,381.47
20151208,930955,中证红利低波动100指数,红利低波100,CSI Dividend Low Volatility 100 Index,Dividend Low Volatility100,8579.1,8579.1,8418.88,8420.57,,-2.44,3452915840.0,390.25,,,2015-12-08,,390.25
20151209,930955,中证红利低波动100指数,红利低波100,CSI Dividend Low Volatility 100 Index,Dividend Low Volatility100,8396.31,8490.05,8396.31,8458.19,,0.45,3006028892.0,371.12,,,2015-12-09,,371.12
20151210,930955,中证红利低波动100指数,红利低波100,CSI Dividend Low Volatility 100 Index,Dividend Low Volatility100,8456.52,8519.32,8425.95,8433.8,,-0.29,3055854442.0,368.95,,,2015-12-10,,368.95
20151211,930955,中证红利低波动100指数,红利低波100,CSI Dividend Low Volatility 100 Index,Dividend Low Volatility100,8403.31,8412.07,8351.51,8393.82,,-0.47,2891124534.0,330.17,,,2015-12-11,,330.17
20151214,930955,中证红利低波动100指数,红利低波100,CSI Dividend Low Volatility 100 Index,Dividend Low Volatility100,8326.42,8568.2,8326.42,8568.2,,2.08,3723116453.0,385.63,,,2015-12-14,,385.63
20151215,930955,中证红利低波动100指数,红利低波100,CSI Dividend Low Volatility 100 Index,Dividend Low Volatility100,8556.67,8592.9,8522.74,8547.7,,-0.24,2810053875.0,323.56,,,2015-12-15,,323.56
20151216,930955,中证红利低波动100指数,红利低波100,CSI Dividend Low Volatility 100 Index,Dividend Low Volatility100,8573.82,8599.27,8533.89,8555.52,,0.09,2604670762.0,291.18,,,2015-12-16,,291.18
20151217,930955,中证红利低波动100指数,红利低波100,CSI Dividend Low Volatility 100 Index,Dividend Low Volatility100,8600.82,8698.25,8600.82,8698.25,,1.67,3845111045.0,452.43,,,2015-12-17,,452.43
20151218,930955,中证红利低波动100指数,红利低波100,CSI Dividend Low Volatility 100 Index,Dividend Low Volatility100,8687.82,8776.28,8687.82,8718.44,,0.23,4965062196.0,548.57,,,2015-12-18,,548.57
20151221,930955,中证红利低波动100指数,红利低波100,CSI Dividend Low Volatility 100 Index,Dividend Low Volatility100,8697.73,9002.34,8697.73,8982.74,,3.03,6738361222.0,782.97,,,2015-12-21,,782.97
20151222,930955,中证红利低波动100指数,红利低波100,CSI Dividend Low Volatility 100 Index,Dividend Low Volatility100,8986.71,9005.88,8923.56,8991.41,,0.1,4447793818.0,546.25,,,2015-12-22,,546.25
20151223,930955,中证红利低波动100指数,红利低波100,CSI Dividend Low Volatility 100 Index,Dividend Low Volatility100,8993.74,9057.54,8964.55,8976.94,,-0.16,5227777631.0,590.16,,,2015-12-23,,590.16
20151224,930955,中证红利低波动100指数,红利低波100,CSI Dividend Low Volatility 100 Index,Dividend Low Volatility100,8977.54,8977.54,8846.67,8930.43,,-0.52,3869224053.0,425.27,,,2015-12-24,,425.27
20151225,930955,中证红利低波动100指数,红利低波100,CSI Dividend Low Volatility 100 Index,Dividend Low Volatility100,8941.02,8962.24,8910.67,8958.59,,0.31,2622631373.0,309.74,,,2015-12-25,,309.74
20151228,930955,中证红利低波动100指数,红利低波100,CSI Dividend Low Volatility 100 Index,Dividend Low Volatility100,8981.53,8981.53,8724.51,8724.51,,-2.61,3955416840.0,439.41,,,2015-12-28,,439.41
20151229,930955,中证红利低波动100指数,红利低波100,CSI Dividend Low Volatility 100 Index,Dividend Low Volatility100,8718.63,8812.87,8706.26,8812.87,,1.01,2530717881.0,286.33,,,2015-12-29,,286.33
20151230,930955,中证红利低波动100指数,红利低波100,CSI Dividend Low Volatility 100 Index,Dividend Low Volatility100,8821.1,8828.0,8758.38,8826.88,,0.16,2554959451.0,300.87,,,2015-12-30,,300.87
20151231,930955,中证红利低波动100指数,红利低波100,CSI Dividend Low Volatility 100 Index,Dividend Low Volatility100,8826.52,8848.3,8755.43,8764.78,,-0.7,2766721213.0,310.55,,,2015-12-31,,310.55
20160104,930955,中证红利低波动100指数,红利低波100,CSI Dividend Low Volatility 100 Index,Dividend Low Volatility100,8747.85,8747.85,8195.5,8197.38,,-6.47,2887697239.0,297.97,,,2016-01-04,,297.97
20160105,930955,中证红利低波动100指数,红利低波100,CSI Dividend Low Volatility 100 Index,Dividend Low Volatility100,8018.73,8288.82,8018.73,8213.94,,0.2,4005610697.0,405.0,,,2016-01-05,,405.0
20160106,930955,中证红利低波动100指数,红利低波100,CSI Dividend Low Volatility 100 Index,Dividend Low Volatility100,8226.56,8432.04,8226.56,8432.04,,2.66,3335423959.0,335.88,,,2016-01-06,,335.88
20160107,930955,中证红利低波动100指数,红利低波100,CSI Dividend Low Volatility 100 Index,Dividend Low Volatility100,8340.07,8340.07,7888.33,7905.95,,-6.24,1233408560.0,115.87,,,2016-01-07,,115.87
20160108,930955,中证红利低波动100指数,红利低波100,CSI Dividend Low Volatility 100 Index,Dividend Low Volatility100,8108.13,8206.73,7854.06,8119.88,,2.71,4655348424.0,458.83,,,2016-01-08,,458.83
20160111,930955,中证红利低波动100指数,红利低波100,CSI Dividend Low Volatility 100 Index,Dividend Low Volatility100,7998.71,8014.12,7679.86,7679.86,,-5.42,4378901519.0,413.79,,,2016-01-11,,413.79
20160112,930955,中证红利低波动100指数,红利低波100,CSI Dividend Low Volatility 100 Index,Dividend Low Volatility100,7688.01,7742.73,7608.69,7674.8,,-0.07,3066729225.0,287.76,,,2016-01-12,,287.76
20160113,930955,中证红利低波动100指数,红利低波100,CSI Dividend Low Volatility 100 Index,Dividend Low Volatility100,7716.27,7792.51,7548.68,7548.68,,-1.64,2718095545.0,260.34,,,2016-01-13,,260.34
20160114,930955,中证红利低波动100指数,红利低波100,CSI Dividend Low Volatility 100 Index,Dividend Low Volatility100,7386.71,7711.93,7386.71,7699.18,,1.99,3235706356.0,292.45,,,2016-01-14,,292.45
20160115,930955,中证红利低波动100指数,红利低波100,CSI Dividend Low Volatility 100 Index,Dividend Low Volatility100,7650.08,7669.95,7407.44,7436.2,,-3.42,2907540832.0,258.49,,,2016-01-15,,258.49
20160118,930955,中证红利低波动100指数,红利低波100,CSI Dividend Low Volatility 100 Index,Dividend Low Volatility100,7313.87,7499.03,7313.87,7449.94,,0.19,2373483420.0,206.91,,,2016-01-18,,206.91
20160119,930955,中证红利低波动100指数,红利低波100,CSI Dividend Low Volatility 100 Index,Dividend Low Volatility100,7449.35,7667.61,7449.35,7665.88,,2.9,2740742174.0,262.43,,,2016-01-19,,262.43
20160120,930955,中证红利低波动100指数,红利低波100,CSI Dividend Low Volatility 100 Index,Dividend Low Volatility100,7615.93,7643.63,7487.55,7549.04,,-1.52,2848743720.0,268.79,,,2016-01-20,,268.79
20160121,930955,中证红利低波动100指数,红利低波100,CSI Dividend Low Volatility 100 Index,Dividend Low Volatility100,7459.96,7627.35,7373.99,7373.99,,-2.32,2798906468.0,250.42,,,2016-01-21,,250.42
20160122,930955,中证红利低波动100指数,红利低波100,CSI Dividend Low Volatility 100 Index,Dividend Low Volatility100,7461.08,7465.83,7342.41,7463.64,,1.22,2265574749.0,205.69,,,2016-01-22,,205.69
20160125,930955,中证红利低波动100指数,红利低波100,CSI Dividend Low Volatility 100 Index,Dividend Low Volatility100,7513.76,7556.54,7471.13,7532.47,,0.92,2107665154.0,187.47,,,2016-01-25,,187.47
20160126,930955,中证红利低波动100指数,红利低波100,CSI Dividend Low Volatility 100 Index,Dividend Low Volatility100,7469.96,7469.96,7087.7,7091.2,,-5.86,3236760829.0,272.96,,,2016-01-26,,272.96
20160127,930955,中证红利低波动100指数,红利低波100,CSI Dividend Low Volatility 100 Index,Dividend Low Volatility100,7121.16,7122.68,6868.13,7073.92,,-0.24,3402826452.0,281.35,,,2016-01-27,,281.35
20160128,930955,中证红利低波动100指数,红利低波100,CSI Dividend Low Volatility 100 Index,Dividend Low Volatility100,7020.2,7086.99,6901.4,6905.65,,-2.38,2506745679.0,201.65,,,2016-01-28,,201.65
20160129,930955,中证红利低波动100指数,红利低波100,CSI Dividend Low Volatility 100 Index,Dividend Low Volatility100,6905.79,7134.35,6905.79,7094.71,,2.74,2875645327.0,230.62,,,2016-01-29,,230.62
20160201,930955,中证红利低波动100指数,红利低波100,CSI Dividend Low Volatility 100 Index,Dividend Low Volatility100,7076.24,7113.49,6949.22,7001.48,,-1.31,2253367571.0,184.52,,,2016-02-01,,184.52
20160202,930955,中证红利低波动100指数,红利低波100,CSI Dividend Low Volatility 100 Index,Dividend Low Volatility100,6994.88,7136.91,6994.88,7127.46,,1.8,2083760608.0,179.97,,,2016-02-02,,179.97
20160203,930955,中证红利低波动100指数,红利低波100,CSI Dividend Low Volatility 100 Index,Dividend Low Volatility100,7051.18,7092.19,6993.39,7086.54,,-0.57,1848963384.0,153.73,,,2016-02-03,,153.73
20160204,930955,中证红利低波动100指数,红利低波100,CSI Dividend Low Volatility 100 Index,Dividend Low Volatility100,7111.52,7198.1,7111.52,7178.09,,1.29,2140302703.0,184.69,,,2016-02-04,,184.69
20160205,930955,中证红利低波动100指数,红利低波100,CSI Dividend Low Volatility 100 Index,Dividend Low Volatility100,7185.43,7189.01,7135.34,7137.71,,-0.56,1752058580.0,151.98,,,2016-02-05,,151.98
20160215,930955,中证红利低波动100指数,红利低波100,CSI Dividend Low Volatility 100 Index,Dividend Low Volatility100,6965.75,7119.09,6965.75,7096.17,,-0.58,1971553013.0,159.19,,,2016-02-15,,159.19
20160216,930955,中证红利低波动100指数,红利低波100,CSI Dividend Low Volatility 100 Index,Dividend Low Volatility100,7121.77,7303.39,7121.77,7303.39,,2.92,2710315486.0,211.36,,,2016-02-16,,211.36
20160217,930955,中证红利低波动100指数,红利低波100,CSI Dividend Low Volatility 100 Index,Dividend Low Volatility100,7293.69,7365.65,7282.02,7365.65,,0.85,2627998872.0,218.35,,,2016-02-17,,218.35
20160218,930955,中证红利低波动100指数,红利低波100,CSI Dividend Low Volatility 100 Index,Dividend Low Volatility100,7404.95,7435.66,7371.89,7373.84,,0.11,2787865832.0,237.48,,,2016-02-18,,237.48
20160219,930955,中证红利低波动100指数,红利低波100,CSI Dividend Low Volatility 100 Index,Dividend Low Volatility100,7360.91,7383.35,7331.13,7360.26,,-0.18,2087290257.0,178.59,,,2016-02-19,,178.59
20160222,930955,中证红利低波动100指数,红利低波100,CSI Dividend Low Volatility 100 Index,Dividend Low Volatility100,7423.77,7538.65,7414.19,7528.87,,2.29,3179091290.0,270.31,,,2016-02-22,,270.31
20160223,930955,中证红利低波动100指数,红利低波100,CSI Dividend Low Volatility 100 Index,Dividend Low Volatility100,7522.97,7524.98,7425.87,7491.68,,-0.49,2592203890.0,225.24,,,2016-02-23,,225.24
20160224,930955,中证红利低波动100指数,红利低波100,CSI Dividend Low Volatility 100 Index,Dividend Low Volatility100,7456.93,7526.81,7420.7,7526.81,,0.47,2566452047.0,212.26,,,2016-02-24,,212.26
20160225,930955,中证红利低波动100指数,红利低波100,CSI Dividend Low Volatility 100 Index,Dividend Low Volatility100,7515.14,7515.14,7077.12,7092.68,,-5.77,3909744628.0,313.2,,,2016-02-25,,313.2
20160226,930955,中证红利低波动100指数,红利低波100,CSI Dividend Low Volatility 100 Index,Dividend Low Volatility100,7143.0,7220.9,7091.83,7192.48,,1.41,2638541957.0,217.89,,,2016-02-26,,217.89
20160229,930955,中证红利低波动100指数,红利低波100,CSI Dividend Low Volatility 100 Index,Dividend Low Volatility100,7176.97,7176.97,6928.74,7036.13,,-2.17,3632006401.0,284.23,,,2016-02-29,,284.23
20160301,930955,中证红利低波动100指数,红利低波100,CSI Dividend Low Volatility 100 Index,Dividend Low Volatility100,7042.94,7177.1,7026.22,7169.21,,1.89,2761991512.0,222.89,,,2016-03-01,,222.89
20160302,930955,中证红利低波动100指数,红利低波100,CSI Dividend Low Volatility 100 Index,Dividend Low Volatility100,7176.64,7478.39,7176.64,7471.45,,4.22,4370037401.0,359.13,,,2016-03-02,,359.13
20160303,930955,中证红利低波动100指数,红利低波100,CSI Dividend Low Volatility 100 Index,Dividend Low Volatility100,7470.39,7558.8,7470.39,7507.43,,0.48,4203179218.0,353.13,,,2016-03-03,,353.13
20160304,930955,中证红利低波动100指数,红利低波100,CSI Dividend Low Volatility 100 Index,Dividend Low Volatility100,7499.97,7598.89,7467.93,7580.24,,0.97,7645743502.0,606.92,,,2016-03-04,,606.92
20160307,930955,中证红利低波动100指数,红利低波100,CSI Dividend Low Volatility 100 Index,Dividend Low Volatility100,7607.82,7682.05,7595.09,7655.22,,0.99,3823983297.0,325.63,,,2016-03-07,,325.63
20160308,930955,中证红利低波动100指数,红利低波100,CSI Dividend Low Volatility 100 Index,Dividend Low Volatility100,7654.73,7654.73,7454.43,7637.05,,-0.24,3765138160.0,304.54,,,2016-03-08,,304.54
20160309,930955,中证红利低波动100指数,红利低波100,CSI Dividend Low Volatility 100 Index,Dividend Low Volatility100,7484.95,7519.39,7413.25,7519.39,,-1.54,3449098145.0,274.86,,,2016-03-09,,274.86
20160310,930955,中证红利低波动100指数,红利低波100,CSI Dividend Low Volatility 100 Index,Dividend Low Volatility100,7491.9,7524.19,7403.55,7403.55,,-1.54,2177159568.0,189.59,,,2016-03-10,,189.59
20160311,930955,中证红利低波动100指数,红利低波100,CSI Dividend Low Volatility 100 Index,Dividend Low Volatility100,7358.75,7428.14,7331.46,7416.91,,0.18,2278876249.0,200.16,,,2016-03-11,,200.16
20160314,930955,中证红利低波动100指数,红利低波100,CSI Dividend Low Volatility 100 Index,Dividend Low Volatility100,7460.85,7613.94,7460.85,7525.96,,1.47,3801248987.0,357.99,,,2016-03-14,,357.99
20160315,930955,中证红利低波动100指数,红利低波100,CSI Dividend Low Volatility 100 Index,Dividend Low Volatility100,7509.49,7556.96,7445.19,7556.96,,0.41,3447562304.0,304.71,,,2016-03-15,,304.71
20160316,930955,中证红利低波动100指数,红利低波100,CSI Dividend Low Volatility 100 Index,Dividend Low Volatility100,7537.95,7603.45,7532.24,7592.79,,0.47,5821587845.0,503.24,,,2016-03-16,,503.24
20160317,930955,中证红利低波动100指数,红利低波100,CSI Dividend Low Volatility 100 Index,Dividend Low Volatility100,7603.11,7682.33,7565.89,7657.47,,0.85,3903589103.0,369.25,,,2016-03-17,,369.25
20160318,930955,中证红利低波动100指数,红利低波100,CSI Dividend Low Volatility 100 Index,Dividend Low Volatility100,7679.03,7786.35,7679.03,7743.05,,1.12,6086695360.0,556.72,,,2016-03-18,,556.72
20160321,930955,中证红利低波动100指数,红利低波100,CSI Dividend Low Volatility 100 Index,Dividend Low Volatility100,7787.47,7867.8,7787.47,7846.39,,1.34,7368917405.0,735.17,,,2016-03-21,,735.17
20160322,930955,中证红利低波动100指数,红利低波100,CSI Dividend Low Volatility 100 Index,Dividend Low Volatility100,7810.21,7837.56,7786.18,7802.64,,-0.56,4233962046.0,445.39,,,2016-03-22,,445.39
20160323,930955,中证红利低波动100指数,红利低波100,CSI Dividend Low Volatility 100 Index,Dividend Low Volatility100,7786.74,7815.64,7769.13,7808.25,,0.07,3170112973.0,326.39,,,2016-03-23,,326.39
20160324,930955,中证红利低波动100指数,红利低波100,CSI Dividend Low Volatility 100 Index,Dividend Low Volatility100,7762.81,7770.76,7696.25,7696.25,,-1.43,3263204233.0,339.31,,,2016-03-24,,339.31
20160325,930955,中证红利低波动100指数,红利低波100,CSI Dividend Low Volatility 100 Index,Dividend Low Volatility100,7690.67,7749.35,7690.67,7740.88,,0.58,2192568791.0,239.18,,,2016-03-25,,239.18
20160328,930955,中证红利低波动100指数,红利低波100,CSI Dividend Low Volatility 100 Index,Dividend Low Volatility100,7761.11,7828.75,7710.43,7732.28,,-0.11,2850305346.0,311.3,,,2016-03-28,,311.3
20160329,930955,中证红利低波动100指数,红利低波100,CSI Dividend Low Volatility 100 Index,Dividend Low Volatility100,7734.22,7734.22,7626.48,7651.5,,-1.05,2706534183.0,266.19,,,2016-03-29,,266.19
20160330,930955,中证红利低波动100指数,红利低波100,CSI Dividend Low Volatility 100 Index,Dividend Low Volatility100,7702.8,7844.38,7702.8,7844.38,,2.52,3869521875.0,364.78,,,2016-03-30,,364.78
20160331,930955,中证红利低波动100指数,红利低波100,CSI Dividend Low Volatility 100 Index,Dividend Low Volatility100,7866.33,7886.57,7836.49,7864.68,,0.26,3553949556.0,347.84,,,2016-03-31,,347.84
20160401,930955,中证红利低波动100指数,红利低波100,CSI Dividend Low Volatility 100 Index,Dividend Low Volatility100,7850.02,7875.69,7759.87,7875.69,,0.14,3555800317.0,324.27,,,2016-04-01,,324.27
20160405,930955,中证红利低波动100指数,红利低波100,CSI Dividend Low Volatility 100 Index,Dividend Low Volatility100,7853.91,7966.49,7853.91,7956.58,,1.03,4201534289.0,394.12,,,2016-04-05,,394.12
20160406,930955,中证红利低波动100指数,红利低波100,CSI Dividend Low Volatility 100 Index,Dividend Low Volatility100,7923.87,7961.66,7908.42,7949.16,,-0.09,3134446697.0,307.07,,,2016-04-06,,307.07
20160407,930955,中证红利低波动100指数,红利低波100,CSI Dividend Low Volatility 100 Index,Dividend Low Volatility100,7970.65,7970.65,7843.92,7844.67,,-1.31,2947747953.0,302.83,,,2016-04-07,,302.83
20160408,930955,中证红利低波动100指数,红利低波100,CSI Dividend Low Volatility 100 Index,Dividend Low Volatility100,7801.82,7818.8,7746.61,7784.93,,-0.76,2716477383.0,270.66,,,2016-04-08,,270.66
20160411,930955,中证红利低波动100指数,红利低波100,CSI Dividend Low Volatility 100 Index,Dividend Low Volatility100,7830.75,7936.08,7830.75,7902.57,,1.51,3718420332.0,402.21,,,2016-04-11,,402.21
20160412,930955,中证红利低波动100指数,红利低波100,CSI Dividend Low Volatility 100 Index,Dividend Low Volatility100,7894.15,7902.02,7854.72,7891.58,,-0.14,2468342785.0,237.39,,,2016-04-12,,237.39
20160413,930955,中证红利低波动100指数,红利低波100,CSI Dividend Low Volatility 100 Index,Dividend Low Volatility100,7937.14,8081.47,7937.14,7999.08,,1.36,5522569253.0,529.34,,,2016-04-13,,529.34
20160414,930955,中证红利低波动100指数,红利低波100,CSI Dividend Low Volatility 100 Index,Dividend Low Volatility100,8037.57,8052.98,7983.22,8038.88,,0.5,2786831883.0,271.12,,,2016-04-14,,271.12
20160415,930955,中证红利低波动100指数,红利低波100,CSI Dividend Low Volatility 100 Index,Dividend Low Volatility100,8040.21,8058.22,8001.85,8021.77,,-0.21,2721179564.0,269.29,,,2016-04-15,,269.29
20160418,930955,中证红利低波动100指数,红利低波100,CSI Dividend Low Volatility 100 Index,Dividend Low Volatility100,7979.23,7979.23,7887.27,7902.33,,-1.49,2807185279.0,275.81,,,2016-04-18,,275.81
20160419,930955,中证红利低波动100指数,红利低波100,CSI Dividend Low Volatility 100 Index,Dividend Low Volatility100,7932.24,7932.24,7875.51,7908.85,,0.08,2072825532.0,210.86,,,2016-04-19,,210.86
20160420,930955,中证红利低波动100指数,红利低波100,CSI Dividend Low Volatility 100 Index,Dividend Low Volatility100,7923.88,7924.1,7634.58,7776.31,,-1.68,4927766665.0,466.52,,,2016-04-20,,466.52
20160421,930955,中证红利低波动100指数,红利低波100,CSI Dividend Low Volatility 100 Index,Dividend Low Volatility100,7737.72,7823.86,7720.47,7751.38,,-0.32,2908157546.0,288.82,,,2016-04-21,,288.82
20160422,930955,中证红利低波动100指数,红利低波100,CSI Dividend Low Volatility 100 Index,Dividend Low Volatility100,7714.95,7787.22,7714.95,7787.22,,0.46,2117646666.0,215.51,,,2016-04-22,,215.51
20160425,930955,中证红利低波动100指数,红利低波100,CSI Dividend Low Volatility 100 Index,Dividend Low Volatility100,7769.08,7792.24,7726.88,7784.61,,-0.03,2066156629.0,214.25,,,2016-04-25,,214.25
20160426,930955,中证红利低波动100指数,红利低波100,CSI Dividend Low Volatility 100 Index,Dividend Low Volatility100,7776.41,7819.61,7751.67,7817.69,,0.43,1789699315.0,188.99,,,2016-04-26,,188.99
20160427,930955,中证红利低波动100指数,红利低波100,CSI Dividend Low Volatility 100 Index,Dividend Low Volatility100,7820.3,7840.49,7791.03,7800.63,,-0.22,1874767792.0,194.15,,,2016-04-27,,194.15
20160428,930955,中证红利低波动100指数,红利低波100,CSI Dividend Low Volatility 100 Index,Dividend Low Volatility100,7791.77,7802.43,7712.6,7774.3,,-0.34,2180964048.0,217.88,,,2016-04-28,,217.88
20160429,930955,中证红利低波动100指数,红利低波100,CSI Dividend Low Volatility 100 Index,Dividend Low Volatility100,7763.65,7808.36,7763.65,7782.16,,0.1,2198788909.0,243.24,,,2016-04-29,,243.24
20160503,930955,中证红利低波动100指数,红利低波100,CSI Dividend Low Volatility 100 Index,Dividend Low Volatility100,7784.84,7921.07,7763.89,7919.42,,1.76,3341152537.0,362.49,,,2016-05-03,,362.49
20160504,930955,中证红利低波动100指数,红利低波100,CSI Dividend Low Volatility 100 Index,Dividend Low Volatility100,7896.42,7921.09,7872.1,7893.26,,-0.33,2358312465.0,250.77,,,2016-05-04,,250.77
20160505,930955,中证红利低波动100指数,红利低波100,CSI Dividend Low Volatility 100 Index,Dividend Low Volatility100,7882.49,7896.11,7852.44,7891.89,,-0.02,1890734598.0,195.36,,,2016-05-05,,195.36
20160506,930955,中证红利低波动100指数,红利低波100,CSI Dividend Low Volatility 100 Index,Dividend Low Volatility100,7889.65,7895.5,7684.97,7684.97,,-2.62,2871100511.0,290.91,,,2016-05-06,,290.91
20160509,930955,中证红利低波动100指数,红利低波100,CSI Dividend Low Volatility 100 Index,Dividend Low Volatility100,7659.61,7659.61,7512.05,7540.33,,-1.88,2886534699.0,269.3,,,2016-05-09,,269.3
20160510,930955,中证红利低波动100指数,红利低波100,CSI Dividend Low Volatility 100 Index,Dividend Low Volatility100,7511.95,7586.16,7511.95,7557.75,,0.23,2155927452.0,218.29,,,2016-05-10,,218.29
20160511,930955,中证红利低波动100指数,红利低波100,CSI Dividend Low Volatility 100 Index,Dividend Low Volatility100,7586.03,7665.31,7583.39,7627.66,,0.93,2502622923.0,282.99,,,2016-05-11,,282.99
20160512,930955,中证红利低波动100指数,红利低波100,CSI Dividend Low Volatility 100 Index,Dividend Low Volatility100,7574.23,7648.68,7525.64,7648.68,,0.28,2420593457.0,235.25,,,2016-05-12,,235.25
20160513,930955,中证红利低波动100指数,红利低波100,CSI Dividend Low Volatility 100 Index,Dividend Low Volatility100,7626.96,7681.35,7598.33,7617.2,,-0.41,2064565162.0,203.54,,,2016-05-13,,203.54
20160516,930955,中证红利低波动100指数,红利低波100,CSI Dividend Low Volatility 100 Index,Dividend Low Volatility100,7588.52,7661.9,7561.71,7661.9,,0.59,1802446387.0,181.26,,,2016-05-16,,181.26
20160517,930955,中证红利低波动100指数,红利低波100,CSI Dividend Low Volatility 100 Index,Dividend Low Volatility100,7673.07,7673.07,7610.82,7627.99,,-0.44,1761563087.0,177.99,,,2016-05-17,,177.99
20160518,930955,中证红利低波动100指数,红利低波100,CSI Dividend Low Volatility 100 Index,Dividend Low Volatility100,7589.42,7589.42,7489.35,7548.83,,-1.04,2658042674.0,253.84,,,2016-05-18,,253.84
20160519,930955,中证红利低波动100指数,红利低波100,CSI Dividend Low Volatility 100 Index,Dividend Low Volatility100,7530.79,7579.47,7525.88,7526.43,,-0.3,1484388773.0,145.73,,,2016-05-19,,145.73
20160520,930955,中证红利低波动100指数,红利低波100,CSI Dividend Low Volatility 100 Index,Dividend Low Volatility100,7496.91,7558.9,7496.91,7558.9,,0.43,1453921452.0,146.58,,,2016-05-20,,146.58
20160523,930955,中证红利低波动100指数,红利低波100,CSI Dividend Low Volatility 100 Index,Dividend Low Volatility100,7555.66,7594.98,7555.66,7592.97,,0.45,1574644579.0,159.54,,,2016-05-23,,159.54
20160524,930955,中证红利低波动100指数,红利低波100,CSI Dividend Low Volatility 100 Index,Dividend Low Volatility100,7592.12,7592.12,7521.23,7543.35,,-0.65,1695967310.0,149.75,,,2016-05-24,,149.75
20160525,930955,中证红利低波动100指数,红利低波100,CSI Dividend Low Volatility 100 Index,Dividend Low Volatility100,7571.6,7585.96,7523.94,7531.74,,-0.15,1515166655.0,142.21,,,2016-05-25,,142.21
20160526,930955,中证红利低波动100指数,红利低波100,CSI Dividend Low Volatility 100 Index,Dividend Low Volatility100,7533.56,7551.5,7466.43,7537.11,,0.07,1572044943.0,145.56,,,2016-05-26,,145.56
20160527,930955,中证红利低波动100指数,红利低波100,CSI Dividend Low Volatility 100 Index,Dividend Low Volatility100,7526.72,7565.33,7512.53,7545.36,,0.11,1369980843.0,122.59,,,2016-05-27,,122.59
20160530,930955,中证红利低波动100指数,红利低波100,CSI Dividend Low Volatility 100 Index,Dividend Low Volatility100,7533.1,7565.88,7498.03,7559.04,,0.18,1707212729.0,153.51,,,2016-05-30,,153.51
20160531,930955,中证红利低波动100指数,红利低波100,CSI Dividend Low Volatility 100 Index,Dividend Low Volatility100,7556.84,7766.78,7556.84,7766.78,,2.75,3881833156.0,376.4,,,2016-05-31,,376.4
20160601,930955,中证红利低波动100指数,红利低波100,CSI Dividend Low Volatility 100 Index,Dividend Low Volatility100,7760.46,7773.82,7741.63,7743.31,,-0.3,2431418545.0,237.89,,,2016-06-01,,237.89
20160602,930955,中证红利低波动100指数,红利低波100,CSI Dividend Low Volatility 100 Index,Dividend Low Volatility100,7741.76,7761.57,7726.67,7760.38,,0.22,1769353185.0,177.19,,,2016-06-02,,177.19
20160603,930955,中证红利低波动100指数,红利低波100,CSI Dividend Low Volatility 100 Index,Dividend Low Volatility100,7769.62,7852.71,7754.5,7836.61,,0.98,2436361061.0,285.38,,,2016-06-03,,285.38
20160606,930955,中证红利低波动100指数,红利低波100,CSI Dividend Low Volatility 100 Index,Dividend Low Volatility100,7837.15,7838.8,7801.43,7825.53,,-0.14,1886760802.0,203.54,,,2016-06-06,,203.54
20160607,930955,中证红利低波动100指数,红利低波100,CSI Dividend Low Volatility 100 Index,Dividend Low Volatility100,7832.99,7842.72,7816.0,7838.85,,0.17,1671198861.0,184.56,,,2016-06-07,,184.56
20160608,930955,中证红利低波动100指数,红利低波100,CSI Dividend Low Volatility 100 Index,Dividend Low Volatility100,7816.87,7816.87,7754.29,7788.69,,-0.64,1810860650.0,182.78,,,2016-06-08,,182.78
20160613,930955,中证红利低波动100指数,红利低波100,CSI Dividend Low Volatility 100 Index,Dividend Low Volatility100,7730.27,7743.99,7604.94,7604.94,,-2.36,2529980175.0,225.13,,,2016-06-13,,225.13
20160614,930955,中证红利低波动100指数,红利低波100,CSI Dividend Low Volatility 100 Index,Dividend Low Volatility100,7595.28,7643.07,7595.28,7643.07,,0.5,1808953431.0,164.65,,,2016-06-14,,164.65
20160615,930955,中证红利低波动100指数,红利低波100,CSI Dividend Low Volatility 100 Index,Dividend Low Volatility100,7588.12,7755.52,7588.12,7750.32,,1.4,2403686672.0,225.83,,,2016-06-15,,225.83
20160616,930955,中证红利低波动100指数,红利低波100,CSI Dividend Low Volatility 100 Index,Dividend Low Volatility100,7729.08,7745.51,7704.32,7715.61,,-0.45,2628304009.0,216.23,,,2016-06-16,,216.23
20160617,930955,中证红利低波动100指数,红利低波100,CSI Dividend Low Volatility 100 Index,Dividend Low Volatility100,7724.52,7795.79,7724.52,7771.29,,0.72,2524207478.0,220.51,,,2016-06-17,,220.51
20160620,930955,中证红利低波动100指数,红利低波100,CSI Dividend Low Volatility 100 Index,Dividend Low Volatility100,7776.78,7776.78,7733.95,7773.74,,0.03,1674138541.0,152.49,,,2016-06-20,,152.49
20160621,930955,中证红利低波动100指数,红利低波100,CSI Dividend Low Volatility 100 Index,Dividend Low Volatility100,7791.6,7819.16,7741.44,7750.97,,-0.29,2235802145.0,195.09,,,2016-06-21,,195.09
20160622,930955,中证红利低波动100指数,红利低波100,CSI Dividend Low Volatility 100 Index,Dividend Low Volatility100,7736.84,7809.15,7736.84,7809.15,,0.75,1784163338.0,155.14,,,2016-06-22,,155.14
20160623,930955,中证红利低波动100指数,红利低波100,CSI Dividend Low Volatility 100 Index,Dividend Low Volatility100,7787.95,7787.95,7740.23,7760.18,,-0.63,1861530135.0,154.4,,,2016-06-23,,154.4
20160624,930955,中证红利低波动100指数,红利低波100,CSI Dividend Low Volatility 100 Index,Dividend Low Volatility100,7741.33,7766.52,7624.6,7670.81,,-1.15,3207236437.0,252.93,,,2016-06-24,,252.93
20160627,930955,中证红利低波动100指数,红利低波100,CSI Dividend Low Volatility 100 Index,Dividend Low Volatility100,7645.5,7762.73,7645.5,7762.73,,1.2,2243717189.0,205.14,,,2016-06-27,,205.14
20160628,930955,中证红利低波动100指数,红利低波100,CSI Dividend Low Volatility 100 Index,Dividend Low Volatility100,7730.7,7774.9,7712.69,7774.9,,0.16,2144614291.0,196.13,,,2016-06-28,,196.13
20160629,930955,中证红利低波动100指数,红利低波100,CSI Dividend Low Volatility 100 Index,Dividend Low Volatility100,7781.97,7803.07,7776.7,7802.21,,0.35,2732550311.0,238.47,,,2016-06-29,,238.47
20160630,930955,中证红利低波动100指数,红利低波100,CSI Dividend Low Volatility 100 Index,Dividend Low Volatility100,7800.51,7824.95,7800.51,7813.09,,0.14,2214865151.0,213.31,,,2016-06-30,,213.31
20160701,930955,中证红利低波动100指数,红利低波100,CSI Dividend Low Volatility 100 Index,Dividend Low Volatility100,7816.31,7847.29,7816.31,7827.5,,0.18,2024481438.0,181.23,,,2016-07-01,,181.23
20160704,930955,中证红利低波动100指数,红利低波100,CSI Dividend Low Volatility 100 Index,Dividend Low Volatility100,7808.48,7956.51,7808.48,7955.53,,1.64,3638484967.0,315.66,,,2016-07-04,,315.66
20160705,930955,中证红利低波动100指数,红利低波100,CSI Dividend Low Volatility 100 Index,Dividend Low Volatility100,7949.52,7981.36,7949.52,7977.71,,0.28,3237750752.0,311.18,,,2016-07-05,,311.18
20160706,930955,中证红利低波动100指数,红利低波100,CSI Dividend Low Volatility 100 Index,Dividend Low Volatility100,7958.62,8029.1,7929.44,8028.86,,0.64,4630057364.0,515.08,,,2016-07-06,,515.08
20160707,930955,中证红利低波动100指数,红利低波100,CSI Dividend Low Volatility 100 Index,Dividend Low Volatility100,7985.31,8003.01,7959.97,7986.83,,-0.52,3152722288.0,357.62,,,2016-07-07,,357.62
20160708,930955,中证红利低波动100指数,红利低波100,CSI Dividend Low Volatility 100 Index,Dividend Low Volatility100,7940.11,7940.11,7897.29,7921.63,,-0.82,2375003304.0,267.14,,,2016-07-08,,267.14
20160711,930955,中证红利低波动100指数,红利低波100,CSI Dividend Low Volatility 100 Index,Dividend Low Volatility100,7928.62,8052.12,7928.62,7985.75,,0.81,4231798015.0,396.56,,,2016-07-11,,396.56
20160712,930955,中证红利低波动100指数,红利低波100,CSI Dividend Low Volatility 100 Index,Dividend Low Volatility100,7980.69,8168.98,7980.69,8168.98,,2.29,5233850823.0,511.91,,,2016-07-12,,511.91
20160713,930955,中证红利低波动100指数,红利低波100,CSI Dividend Low Volatility 100 Index,Dividend Low Volatility100,8159.48,8203.01,8154.87,8171.24,,0.03,5165279533.0,485.08,,,2016-07-13,,485.08
20160714,930955,中证红利低波动100指数,红利低波100,CSI Dividend Low Volatility 100 Index,Dividend Low Volatility100,8158.87,8158.87,8111.98,8137.38,,-0.41,2933945769.0,279.95,,,2016-07-14,,279.95
20160715,930955,中证红利低波动100指数,红利低波100,CSI Dividend Low Volatility 100 Index,Dividend Low Volatility100,8145.0,8170.22,8126.16,8159.0,,0.27,2698443968.0,268.39,,,2016-07-15,,268.39
20160718,930955,中证红利低波动100指数,红利低波100,CSI Dividend Low Volatility 100 Index,Dividend Low Volatility100,8144.98,8198.02,8138.49,8164.02,,0.06,3314397344.0,313.78,,,2016-07-18,,313.78
20160719,930955,中证红利低波动100指数,红利低波100,CSI Dividend Low Volatility 100 Index,Dividend Low Volatility100,8154.41,8154.41,8059.39,8097.77,,-0.81,2752585229.0,285.88,,,2016-07-19,,285.88
20160720,930955,中证红利低波动100指数,红利低波100,CSI Dividend Low Volatility 100 Index,Dividend Low Volatility100,8092.07,8116.95,8080.97,8086.82,,-0.14,2131492686.0,216.65,,,2016-07-20,,216.65
20160721,930955,中证红利低波动100指数,红利低波100,CSI Dividend Low Volatility 100 Index,Dividend Low Volatility100,8087.44,8167.12,8087.44,8127.16,,0.5,2522517199.0,262.15,,,2016-07-21,,262.15
20160722,930955,中证红利低波动100指数,红利低波100,CSI Dividend Low Volatility 100 Index,Dividend Low Volatility100,8120.48,8120.48,8024.98,8032.52,,-1.17,2462681595.0,254.91,,,2016-07-22,,254.91
20160725,930955,中证红利低波动100指数,红利低波100,CSI Dividend Low Volatility 100 Index,Dividend Low Volatility100,8021.75,8088.38,8021.75,8056.13,,0.29,2208476932.0,227.52,,,2016-07-25,,227.52
20160726,930955,中证红利低波动100指数,红利低波100,CSI Dividend Low Volatility 100 Index,Dividend Low Volatility100,8043.69,8171.66,8043.69,8171.66,,1.43,2573613846.0,268.68,,,2016-07-26,,268.68
20160727,930955,中证红利低波动100指数,红利低波100,CSI Dividend Low Volatility 100 Index,Dividend Low Volatility100,8168.02,8211.32,7997.96,8104.04,,-0.83,4927770315.0,471.05,,,2016-07-27,,471.05
20160728,930955,中证红利低波动100指数,红利低波100,CSI Dividend Low Volatility 100 Index,Dividend Low Volatility100,8069.18,8207.01,8066.29,8200.93,,1.2,3844883508.0,393.21,,,2016-07-28,,393.21
20160729,930955,中证红利低波动100指数,红利低波100,CSI Dividend Low Volatility 100 Index,Dividend Low Volatility100,8193.85,8256.13,8181.7,8183.14,,-0.22,3230664462.0,340.34,,,2016-07-29,,340.34
20160801,930955,中证红利低波动100指数,红利低波100,CSI Dividend Low Volatility 100 Index,Dividend Low Volatility100,8169.91,8169.91,8064.42,8109.59,,-0.9,3115579841.0,306.21,,,2016-08-01,,306.21
20160802,930955,中证红利低波动100指数,红利低波100,CSI Dividend Low Volatility 100 Index,Dividend Low Volatility100,8097.09,8138.84,8066.82,8138.84,,0.36,2141805806.0,226.93,,,2016-08-02,,226.93
20160803,930955,中证红利低波动100指数,红利低波100,CSI Dividend Low Volatility 100 Index,Dividend Low Volatility100,8110.72,8156.3,8104.83,8144.72,,0.07,2428744026.0,232.38,,,2016-08-03,,232.38
20160804,930955,中证红利低波动100指数,红利低波100,CSI Dividend Low Volatility 100 Index,Dividend Low Volatility100,8140.32,8142.9,8093.59,8142.9,,-0.02,2433972704.0,260.63,,,2016-08-04,,260.63
20160805,930955,中证红利低波动100指数,红利低波100,CSI Dividend Low Volatility 100 Index,Dividend Low Volatility100,8136.78,8168.59,8116.3,8132.36,,-0.13,2546255710.0,293.55,,,2016-08-05,,293.55
20160808,930955,中证红利低波动100指数,红利低波100,CSI Dividend Low Volatility 100 Index,Dividend Low Volatility100,8122.28,8204.96,8098.96,8204.96,,0.89,2594531385.0,299.04,,,2016-08-08,,299.04
20160809,930955,中证红利低波动100指数,红利低波100,CSI Dividend Low Volatility 100 Index,Dividend Low Volatility100,8200.58,8266.33,8199.41,8265.83,,0.74,2904639582.0,302.69,,,2016-08-09,,302.69
20160810,930955,中证红利低波动100指数,红利低波100,CSI Dividend Low Volatility 100 Index,Dividend Low Volatility100,8258.98,8262.18,8225.06,8225.61,,-0.49,2479068017.0,266.28,,,2016-08-10,,266.28
20160811,930955,中证红利低波动100指数,红利低波100,CSI Dividend Low Volatility 100 Index,Dividend Low Volatility100,8215.07,8287.47,8210.16,8210.16,,-0.19,3361450776.0,353.82,,,2016-08-11,,353.82
20160812,930955,中证红利低波动100指数,红利低波100,CSI Dividend Low Volatility 100 Index,Dividend Low Volatility100,8204.29,8337.75,8204.29,8337.75,,1.55,4391055303.0,452.64,,,2016-08-12,,452.64
20160815,930955,中证红利低波动100指数,红利低波100,CSI Dividend Low Volatility 100 Index,Dividend Low Volatility100,8350.17,8553.09,8350.17,8521.34,,2.2,6986743444.0,749.86,,,2016-08-15,,749.86
20160816,930955,中证红利低波动100指数,红利低波100,CSI Dividend Low Volatility 100 Index,Dividend Low Volatility100,8539.79,8555.16,8452.08,8459.07,,-0.73,7482625701.0,774.9,,,2016-08-16,,774.9
20160817,930955,中证红利低波动100指数,红利低波100,CSI Dividend Low Volatility 100 Index,Dividend Low Volatility100,8461.13,8479.49,8415.18,8455.27,,-0.04,3628557681.0,426.15,,,2016-08-17,,426.15
20160818,930955,中证红利低波动100指数,红利低波100,CSI Dividend Low Volatility 100 Index,Dividend Low Volatility100,8443.99,8476.61,8406.14,8421.65,,-0.4,4155018761.0,476.94,,,2016-08-18,,476.94
20160819,930955,中证红利低波动100指数,红利低波100,CSI Dividend Low Volatility 100 Index,Dividend Low Volatility100,8412.6,8423.07,8370.62,8405.86,,-0.19,2795636432.0,292.81,,,2016-08-19,,292.81
20160822,930955,中证红利低波动100指数,红利低波100,CSI Dividend Low Volatility 100 Index,Dividend Low Volatility100,8403.4,8410.03,8367.49,8373.42,,-0.39,2920324442.0,299.36,,,2016-08-22,,299.36
20160823,930955,中证红利低波动100指数,红利低波100,CSI Dividend Low Volatility 100 Index,Dividend Low Volatility100,8365.51,8413.05,8362.22,8383.28,,0.12,2813811330.0,297.04,,,2016-08-23,,297.04
20160824,930955,中证红利低波动100指数,红利低波100,CSI Dividend Low Volatility 100 Index,Dividend Low Volatility100,8383.76,8384.3,8350.27,8367.29,,-0.19,2229190614.0,247.32,,,2016-08-24,,247.32
20160825,930955,中证红利低波动100指数,红利低波100,CSI Dividend Low Volatility 100 Index,Dividend Low Volatility100,8340.28,8340.28,8269.1,8323.19,,-0.53,2834144177.0,299.21,,,2016-08-25,,299.21
20160826,930955,中证红利低波动100指数,红利低波100,CSI Dividend Low Volatility 100 Index,Dividend Low Volatility100,8322.56,8352.78,8303.82,8313.96,,-0.11,2152307818.0,228.1,,,2016-08-26,,228.1
20160829,930955,中证红利低波动100指数,红利低波100,CSI Dividend Low Volatility 100 Index,Dividend Low Volatility100,8309.44,8310.79,8276.72,8296.43,,-0.21,2523027373.0,264.04,,,2016-08-29,,264.04
20160830,930955,中证红利低波动100指数,红利低波100,CSI Dividend Low Volatility 100 Index,Dividend Low Volatility100,8301.31,8318.74,8294.14,8311.27,,0.18,2228114968.0,237.39,,,2016-08-30,,237.39
20160831,930955,中证红利低波动100指数,红利低波100,CSI Dividend Low Volatility 100 Index,Dividend Low Volatility100,8304.48,8333.7,8288.33,8333.7,,0.27,2365471312.0,280.28,,,2016-08-31,,280.28
20160901,930955,中证红利低波动100指数,红利低波100,CSI Dividend Low Volatility 100 Index,Dividend Low Volatility100,8331.81,8338.03,8282.11,8282.11,,-0.62,2442649852.0,269.73,,,2016-09-01,,269.73
20160902,930955,中证红利低波动100指数,红利低波100,CSI Dividend Low Volatility 100 Index,Dividend Low Volatility100,8284.65,8315.92,8282.39,8311.73,,0.36,2521638880.0,273.42,,,2016-09-02,,273.42
20160905,930955,中证红利低波动100指数,红利低波100,CSI Dividend Low Volatility 100 Index,Dividend Low Volatility100,8334.78,8364.85,8328.7,8341.76,,0.36,2143165741.0,223.07,,,2016-09-05,,223.07
20160906,930955,中证红利低波动100指数,红利低波100,CSI Dividend Low Volatility 100 Index,Dividend Low Volatility100,8354.94,8400.74,8323.75,8397.35,,0.67,3259207281.0,383.83,,,2016-09-06,,383.83
20160907,930955,中证红利低波动100指数,红利低波100,CSI Dividend Low Volatility 100 Index,Dividend Low Volatility100,8397.3,8440.99,8397.3,8411.06,,0.16,3223978858.0,340.05,,,2016-09-07,,340.05
20160908,930955,中证红利低波动100指数,红利低波100,CSI Dividend Low Volatility 100 Index,Dividend Low Volatility100,8409.12,8414.12,8385.58,8406.92,,-0.05,2210895432.0,249.6,,,2016-09-08,,249.6
20160909,930955,中证红利低波动100指数,红利低波100,CSI Dividend Low Volatility 100 Index,Dividend Low Volatility100,8409.92,8422.88,8357.33,8357.33,,-0.59,2299477965.0,255.58,,,2016-09-09,,255.58
20160912,930955,中证红利低波动100指数,红利低波100,CSI Dividend Low Volatility 100 Index,Dividend Low Volatility100,8266.51,8266.51,8167.3,8238.89,,-1.42,4348007163.0,409.44,,,2016-09-12,,409.44
20160913,930955,中证红利低波动100指数,红利低波100,CSI Dividend Low Volatility 100 Index,Dividend Low Volatility100,8237.62,8242.21,8195.06,8231.63,,-0.09,2063211267.0,199.92,,,2016-09-13,,199.92
20160914,930955,中证红利低波动100指数,红利低波100,CSI Dividend Low Volatility 100 Index,Dividend Low Volatility100,8194.65,8203.31,8157.14,8169.94,,-0.75,2275831716.0,219.32,,,2016-09-14,,219.32
20160919,930955,中证红利低波动100指数,红利低波100,CSI Dividend Low Volatility 100 Index,Dividend Low Volatility100,8174.61,8231.49,8174.61,8231.49,,0.75,1923088741.0,192.9,,,2016-09-19,,192.9
20160920,930955,中证红利低波动100指数,红利低波100,CSI Dividend Low Volatility 100 Index,Dividend Low Volatility100,8229.55,8229.55,8208.96,8220.33,,-0.14,1669772955.0,169.86,,,2016-09-20,,169.86
20160921,930955,中证红利低波动100指数,红利低波100,CSI Dividend Low Volatility 100 Index,Dividend Low Volatility100,8215.85,8234.63,8208.64,8223.37,,0.04,1681032631.0,172.59,,,2016-09-21,,172.59
20160922,930955,中证红利低波动100指数,红利低波100,CSI Dividend Low Volatility 100 Index,Dividend Low Volatility100,8249.57,8304.05,8249.57,8276.74,,0.65,2227823147.0,235.25,,,2016-09-22,,235.25
20160923,930955,中证红利低波动100指数,红利低波100,CSI Dividend Low Volatility 100 Index,Dividend Low Volatility100,8284.81,8284.81,8260.48,8265.03,,-0.14,1783568770.0,171.37,,,2016-09-23,,171.37
20160926,930955,中证红利低波动100指数,红利低波100,CSI Dividend Low Volatility 100 Index,Dividend Low Volatility100,8242.47,8242.47,8146.88,8146.88,,-1.43,2309555249.0,214.83,,,2016-09-26,,214.83
20160927,930955,中证红利低波动100指数,红利低波100,CSI Dividend Low Volatility 100 Index,Dividend Low Volatility100,8135.41,8190.84,8135.41,8190.84,,0.54,1948564352.0,182.69,,,2016-09-27,,182.69
20160928,930955,中证红利低波动100指数,红利低波100,CSI Dividend Low Volatility 100 Index,Dividend Low Volatility100,8202.52,8202.52,8162.47,8163.85,,-0.33,1382475588.0,136.77,,,2016-09-28,,136.77
20160929,930955,中证红利低波动100指数,红利低波100,CSI Dividend Low Volatility 100 Index,Dividend Low Volatility100,8177.34,8223.09,8177.34,8205.96,,0.52,1565820461.0,154.26,,,2016-09-29,,154.26
20160930,930955,中证红利低波动100指数,红利低波100,CSI Dividend Low Volatility 100 Index,Dividend Low Volatility100,8195.11,8235.1,8195.11,8228.78,,0.28,1372659354.0,145.65,,,2016-09-30,,145.65
20161010,930955,中证红利低波动100指数,红利低波100,CSI Dividend Low Volatility 100 Index,Dividend Low Volatility100,8287.48,8348.22,8282.22,8348.22,,1.45,2693669423.0,249.93,,,2016-10-10,,249.93
20161011,930955,中证红利低波动100指数,红利低波100,CSI Dividend Low Volatility 100 Index,Dividend Low Volatility100,8359.73,8375.43,8349.72,8375.43,,0.33,2847503063.0,246.76,,,2016-10-11,,246.76
20161012,930955,中证红利低波动100指数,红利低波100,CSI Dividend Low Volatility 100 Index,Dividend Low Volatility100,8359.38,8359.38,8327.03,8345.26,,-0.36,2171555390.0,194.94,,,2016-10-12,,194.94
20161013,930955,中证红利低波动100指数,红利低波100,CSI Dividend Low Volatility 100 Index,Dividend Low Volatility100,8341.03,8350.54,8324.78,8342.86,,-0.03,2277107963.0,203.02,,,2016-10-13,,203.02
20161014,930955,中证红利低波动100指数,红利低波100,CSI Dividend Low Volatility 100 Index,Dividend Low Volatility100,8331.59,8350.09,8303.28,8350.09,,0.09,2468064312.0,195.8,,,2016-10-14,,195.8
20161017,930955,中证红利低波动100指数,红利低波100,CSI Dividend Low Volatility 100 Index,Dividend Low Volatility100,8350.2,8353.19,8281.88,8290.24,,-0.72,2545938431.0,212.18,,,2016-10-17,,212.18
20161018,930955,中证红利低波动100指数,红利低波100,CSI Dividend Low Volatility 100 Index,Dividend Low Volatility100,8284.12,8393.68,8284.12,8393.68,,1.25,2918789004.0,241.51,,,2016-10-18,,241.51
20161019,930955,中证红利低波动100指数,红利低波100,CSI Dividend Low Volatility 100 Index,Dividend Low Volatility100,8396.26,8421.43,8374.95,8384.76,,-0.11,2759645452.0,218.42,,,2016-10-19,,218.42
20161020,930955,中证红利低波动100指数,红利低波100,CSI Dividend Low Volatility 100 Index,Dividend Low Volatility100,8385.22,8402.3,8369.26,8385.7,,0.01,2164516682.0,179.06,,,2016-10-20,,179.06
20161021,930955,中证红利低波动100指数,红利低波100,CSI Dividend Low Volatility 100 Index,Dividend Low Volatility100,8380.81,8455.55,8380.81,8439.8,,0.65,3294412610.0,273.83,,,2016-10-21,,273.83
20161024,930955,中证红利低波动100指数,红利低波100,CSI Dividend Low Volatility 100 Index,Dividend Low Volatility100,8448.36,8571.74,8448.36,8546.49,,1.26,4923766916.0,418.79,,,2016-10-24,,418.79
20161025,930955,中证红利低波动100指数,红利低波100,CSI Dividend Low Volatility 100 Index,Dividend Low Volatility100,8549.15,8560.66,8534.51,8560.66,,0.17,3622510660.0,326.04,,,2016-10-25,,326.04
20161026,930955,中证红利低波动100指数,红利低波100,CSI Dividend Low Volatility 100 Index,Dividend Low Volatility100,8550.35,8550.41,8511.33,8521.3,,-0.46,3098477534.0,313.67,,,2016-10-26,,313.67
20161027,930955,中证红利低波动100指数,红利低波100,CSI Dividend Low Volatility 100 Index,Dividend Low Volatility100,8509.15,8509.15,8467.58,8488.82,,-0.38,2609640976.0,253.55,,,2016-10-27,,253.55
20161028,930955,中证红利低波动100指数,红利低波100,CSI Dividend Low Volatility 100 Index,Dividend Low Volatility100,8485.89,8523.26,8474.19,8478.58,,-0.12,2879897542.0,273.52,,,2016-10-28,,273.52
20161031,930955,中证红利低波动100指数,红利低波100,CSI Dividend Low Volatility 100 Index,Dividend Low Volatility100,8464.44,8468.96,8439.18,8468.96,,-0.11,2402124235.0,231.99,,,2016-10-31,,231.99
20161101,930955,中证红利低波动100指数,红利低波100,CSI Dividend Low Volatility 100 Index,Dividend Low Volatility100,8470.37,8502.56,8453.88,8502.56,,0.4,2391260420.0,214.47,,,2016-11-01,,214.47
20161102,930955,中证红利低波动100指数,红利低波100,CSI Dividend Low Volatility 100 Index,Dividend Low Volatility100,8484.05,8484.05,8434.96,8434.98,,-0.8,2756237756.0,230.04,,,2016-11-02,,230.04
20161103,930955,中证红利低波动100指数,红利低波100,CSI Dividend Low Volatility 100 Index,Dividend Low Volatility100,8419.03,8509.13,8419.03,8493.19,,0.69,3531998789.0,296.96,,,2016-11-03,,296.96
20161104,930955,中证红利低波动100指数,红利低波100,CSI Dividend Low Volatility 100 Index,Dividend Low Volatility100,8489.5,8525.46,8467.99,8479.63,,-0.16,3713368191.0,323.56,,,2016-11-04,,323.56
20161107,930955,中证红利低波动100指数,红利低波100,CSI Dividend Low Volatility 100 Index,Dividend Low Volatility100,8479.42,8515.14,8467.1,8500.84,,0.25,2868137611.0,251.63,,,2016-11-07,,251.63
20161108,930955,中证红利低波动100指数,红利低波100,CSI Dividend Low Volatility 100 Index,Dividend Low Volatility100,8520.5,8554.71,8513.67,8531.91,,0.37,3545109612.0,300.1,,,2016-11-08,,300.1
20161109,930955,中证红利低波动100指数,红利低波100,CSI Dividend Low Volatility 100 Index,Dividend Low Volatility100,8528.56,8528.56,8425.04,8473.49,,-0.69,4623124688.0,374.06,,,2016-11-09,,374.06
20161110,930955,中证红利低波动100指数,红利低波100,CSI Dividend Low Volatility 100 Index,Dividend Low Volatility100,8521.86,8575.36,8516.09,8574.01,,1.19,3864873511.0,317.6,,,2016-11-10,,317.6
20161111,930955,中证红利低波动100指数,红利低波100,CSI Dividend Low Volatility 100 Index,Dividend Low Volatility100,8569.22,8628.08,8549.06,8620.56,,0.54,5133872155.0,412.36,,,2016-11-11,,412.36
20161114,930955,中证红利低波动100指数,红利低波100,CSI Dividend Low Volatility 100 Index,Dividend Low Volatility100,8606.84,8681.93,8606.84,8662.23,,0.48,6587951551.0,515.8,,,2016-11-14,,515.8
20161115,930955,中证红利低波动100指数,红利低波100,CSI Dividend Low Volatility 100 Index,Dividend Low Volatility100,8660.29,8674.65,8627.93,8643.64,,-0.21,4105505132.0,313.68,,,2016-11-15,,313.68
20161116,930955,中证红利低波动100指数,红利低波100,CSI Dividend Low Volatility 100 Index,Dividend Low Volatility100,8646.33,8646.33,8620.34,8635.23,,-0.1,3308911760.0,253.31,,,2016-11-16,,253.31
20161117,930955,中证红利低波动100指数,红利低波100,CSI Dividend Low Volatility 100 Index,Dividend Low Volatility100,8623.39,8671.69,8611.48,8668.89,,0.39,3665673366.0,326.68,,,2016-11-17,,326.68
20161118,930955,中证红利低波动100指数,红利低波100,CSI Dividend Low Volatility 100 Index,Dividend Low Volatility100,8669.26,8669.26,8610.43,8611.85,,-0.66,3483599040.0,300.86,,,2016-11-18,,300.86
20161121,930955,中证红利低波动100指数,红利低波100,CSI Dividend Low Volatility 100 Index,Dividend Low Volatility100,8604.06,8728.62,8604.06,8684.19,,0.84,6236598612.0,545.9,,,2016-11-21,,545.9
20161122,930955,中证红利低波动100指数,红利低波100,CSI Dividend Low Volatility 100 Index,Dividend Low Volatility100,8686.06,8749.83,8686.06,8749.83,,0.76,7123894726.0,626.55,,,2016-11-22,,626.55
20161123,930955,中证红利低波动100指数,红利低波100,CSI Dividend Low Volatility 100 Index,Dividend Low Volatility100,8754.63,8814.8,8754.63,8779.52,,0.34,6520821181.0,610.62,,,2016-11-23,,610.62
20161124,930955,中证红利低波动100指数,红利低波100,CSI Dividend Low Volatility 100 Index,Dividend Low Volatility100,8769.22,8852.83,8769.22,8820.58,,0.47,5128269498.0,556.2,,,2016-11-24,,556.2
20161125,930955,中证红利低波动100指数,红利低波100,CSI Dividend Low Volatility 100 Index,Dividend Low Volatility100,8823.95,8894.31,8773.57,8894.31,,0.84,5564805228.0,546.6,,,2016-11-25,,546.6
20161128,930955,中证红利低波动100指数,红利低波100,CSI Dividend Low Volatility 100 Index,Dividend Low Volatility100,8929.7,8987.68,8929.7,8953.41,,0.67,9203741321.0,931.41,,,2016-11-28,,931.41
20161129,930955,中证红利低波动100指数,红利低波100,CSI Dividend Low Volatility 100 Index,Dividend Low Volatility100,8944.31,9088.54,8936.56,9059.43,,1.18,9055021261.0,930.31,,,2016-11-29,,930.31
20161130,930955,中证红利低波动100指数,红利低波100,CSI Dividend Low Volatility 100 Index,Dividend Low Volatility100,9031.24,9041.96,8923.33,8949.37,,-1.22,6581277797.0,625.44,,,2016-11-30,,625.44
20161201,930955,中证红利低波动100指数,红利低波100,CSI Dividend Low Volatility 100 Index,Dividend Low Volatility100,8988.05,9073.01,8988.05,9049.12,,1.12,7586662833.0,838.7,,,2016-12-01,,838.7
20161202,930955,中证红利低波动100指数,红利低波100,CSI Dividend Low Volatility 100 Index,Dividend Low Volatility100,9036.57,9082.94,8974.04,8987.86,,-0.68,8147551983.0,769.7,,,2016-12-02,,769.7
20161205,930955,中证红利低波动100指数,红利低波100,CSI Dividend Low Volatility 100 Index,Dividend Low Volatility100,8868.51,8915.31,8832.63,8858.1,,-1.44,7135079377.0,708.96,,,2016-12-05,,708.96
20161206,930955,中证红利低波动100指数,红利低波100,CSI Dividend Low Volatility 100 Index,Dividend Low Volatility100,8850.45,8884.74,8833.6,8833.68,,-0.28,4714470336.0,474.01,,,2016-12-06,,474.01
20161207,930955,中证红利低波动100指数,红利低波100,CSI Dividend Low Volatility 100 Index,Dividend Low Volatility100,8827.55,8857.74,8785.32,8857.74,,0.27,3806430751.0,363.54,,,2016-12-07,,363.54
20161208,930955,中证红利低波动100指数,红利低波100,CSI Dividend Low Volatility 100 Index,Dividend Low Volatility100,8879.04,8886.7,8855.64,8856.51,,-0.01,4484557042.0,437.61,,,2016-12-08,,437.61
20161209,930955,中证红利低波动100指数,红利低波100,CSI Dividend Low Volatility 100 Index,Dividend Low Volatility100,8848.15,8961.38,8848.15,8930.78,,0.84,7162180883.0,653.69,,,2016-12-09,,653.69
20161212,930955,中证红利低波动100指数,红利低波100,CSI Dividend Low Volatility 100 Index,Dividend Low Volatility100,8939.42,8967.75,8753.13,8781.82,,-1.67,7436815536.0,672.32,,,2016-12-12,,672.32
20161213,930955,中证红利低波动100指数,红利低波100,CSI Dividend Low Volatility 100 Index,Dividend Low Volatility100,8748.73,8785.9,8715.63,8768.61,,-0.15,4478111639.0,383.8,,,2016-12-13,,383.8
20161214,930955,中证红利低波动100指数,红利低波100,CSI Dividend Low Volatility 100 Index,Dividend Low Volatility100,8760.92,8806.75,8740.94,8740.94,,-0.32,5310825506.0,454.35,,,2016-12-14,,454.35
20161215,930955,中证红利低波动100指数,红利低波100,CSI Dividend Low Volatility 100 Index,Dividend Low Volatility100,8700.97,8710.43,8591.07,8620.2,,-1.38,4931778904.0,448.6,,,2016-12-15,,448.6
20161216,930955,中证红利低波动100指数,红利低波100,CSI Dividend Low Volatility 100 Index,Dividend Low Volatility100,8606.9,8647.3,8599.62,8630.56,,0.12,3523180357.0,306.34,,,2016-12-16,,306.34
20161219,930955,中证红利低波动100指数,红利低波100,CSI Dividend Low Volatility 100 Index,Dividend Low Volatility100,8632.6,8671.38,8616.36,8642.25,,0.14,3231593764.0,278.99,,,2016-12-19,,278.99
20161220,930955,中证红利低波动100指数,红利低波100,CSI Dividend Low Volatility 100 Index,Dividend Low Volatility100,8635.14,8635.14,8531.48,8576.31,,-0.76,3848123500.0,325.34,,,2016-12-20,,325.34
20161221,930955,中证红利低波动100指数,红利低波100,CSI Dividend Low Volatility 100 Index,Dividend Low Volatility100,8581.27,8680.02,8581.27,8672.01,,1.12,4428674446.0,361.3,,,2016-12-21,,361.3
20161222,930955,中证红利低波动100指数,红利低波100,CSI Dividend Low Volatility 100 Index,Dividend Low Volatility100,8658.7,8693.4,8655.26,8690.13,,0.21,3606984005.0,288.97,,,2016-12-22,,288.97
20161223,930955,中证红利低波动100指数,红利低波100,CSI Dividend Low Volatility 100 Index,Dividend Low Volatility100,8682.28,8682.28,8600.34,8617.38,,-0.84,3767481057.0,333.13,,,2016-12-23,,333.13
20161226,930955,中证红利低波动100指数,红利低波100,CSI Dividend Low Volatility 100 Index,Dividend Low Volatility100,8585.61,8638.68,8515.96,8638.68,,0.25,3419285852.0,299.9,,,2016-12-26,,299.9
20161227,930955,中证红利低波动100指数,红利低波100,CSI Dividend Low Volatility 100 Index,Dividend Low Volatility100,8629.18,8646.64,8622.0,8622.77,,-0.18,3070695548.0,264.08,,,2016-12-27,,264.08
20161228,930955,中证红利低波动100指数,红利低波100,CSI Dividend Low Volatility 100 Index,Dividend Low Volatility100,8624.98,8631.97,8586.14,8597.88,,-0.29,2863450384.0,256.39,,,2016-12-28,,256.39
20161229,930955,中证红利低波动100指数,红利低波100,CSI Dividend Low Volatility 100 Index,Dividend Low Volatility100,8586.1,8622.88,8574.18,8599.25,,0.02,2885393782.0,256.9,,,2016-12-29,,256.9
20161230,930955,中证红利低波动100指数,红利低波100,CSI Dividend Low Volatility 100 Index,Dividend Low Volatility100,8609.0,8642.95,8606.74,8640.2,,0.48,3039984353.0,281.38,,,2016-12-30,,281.38
20170103,930955,中证红利低波动100指数,红利低波100,CSI Dividend Low Volatility 100 Index,Dividend Low Volatility100,8645.89,8732.1,8645.89,8732.1,,1.06,3392107269.0,296.56,,,2017-01-03,,296.56
20170104,930955,中证红利低波动100指数,红利低波100,CSI Dividend Low Volatility 100 Index,Dividend Low Volatility100,8726.76,8792.35,8726.76,8792.35,,0.69,3452519052.0,329.29,,,2017-01-04,,329.29
20170105,930955,中证红利低波动100指数,红利低波100,CSI Dividend Low Volatility 100 Index,Dividend Low Volatility100,8790.5,8828.55,8785.47,8826.02,,0.38,3479630030.0,303.48,,,2017-01-05,,303.48
20170106,930955,中证红利低波动100指数,红利低波100,CSI Dividend Low Volatility 100 Index,Dividend Low Volatility100,8821.93,8859.14,8811.53,8814.39,,-0.13,3534296479.0,321.58,,,2017-01-06,,321.58
20170109,930955,中证红利低波动100指数,红利低波100,CSI Dividend Low Volatility 100 Index,Dividend Low Volatility100,8807.89,8875.2,8807.89,8869.79,,0.63,3209277710.0,287.8,,,2017-01-09,,287.8
20170110,930955,中证红利低波动100指数,红利低波100,CSI Dividend Low Volatility 100 Index,Dividend Low Volatility100,8858.31,8872.41,8836.91,8843.35,,-0.3,2579051468.0,233.37,,,2017-01-10,,233.37
20170111,930955,中证红利低波动100指数,红利低波100,CSI Dividend Low Volatility 100 Index,Dividend Low Volatility100,8836.84,8856.66,8782.92,8782.92,,-0.68,3150725259.0,263.21,,,2017-01-11,,263.21
20170112,930955,中证红利低波动100指数,红利低波100,CSI Dividend Low Volatility 100 Index,Dividend Low Volatility100,8781.15,8802.96,8738.58,8738.58,,-0.51,2583700437.0,216.27,,,2017-01-12,,216.27
20170113,930955,中证红利低波动100指数,红利低波100,CSI Dividend Low Volatility 100 Index,Dividend Low Volatility100,8735.17,8768.6,8722.09,8754.27,,0.18,3194286264.0,275.21,,,2017-01-13,,275.21
20170116,930955,中证红利低波动100指数,红利低波100,CSI Dividend Low Volatility 100 Index,Dividend Low Volatility100,8743.43,8810.48,8689.52,8803.56,,0.56,6992521252.0,589.19,,,2017-01-16,,589.19
20170117,930955,中证红利低波动100指数,红利低波100,CSI Dividend Low Volatility 100 Index,Dividend Low Volatility100,8770.61,8824.53,8770.61,8824.53,,0.24,2685193420.0,241.45,,,2017-01-17,,241.45
20170118,930955,中证红利低波动100指数,红利低波100,CSI Dividend Low Volatility 100 Index,Dividend Low Volatility100,8816.95,8889.68,8816.95,8875.86,,0.58,2855154446.0,273.94,,,2017-01-18,,273.94
20170119,930955,中证红利低波动100指数,红利低波100,CSI Dividend Low Volatility 100 Index,Dividend Low Volatility100,8860.8,8891.31,8832.8,8850.01,,-0.29,2847274486.0,243.78,,,2017-01-19,,243.78
20170120,930955,中证红利低波动100指数,红利低波100,CSI Dividend Low Volatility 100 Index,Dividend Low Volatility100,8838.98,8901.47,8838.98,8901.47,,0.58,2321015521.0,215.69,,,2017-01-20,,215.69
20170123,930955,中证红利低波动100指数,红利低波100,CSI Dividend Low Volatility 100 Index,Dividend Low Volatility100,8904.05,8948.74,8900.89,8919.8,,0.21,2714831420.0,257.57,,,2017-01-23,,257.57
20170124,930955,中证红利低波动100指数,红利低波100,CSI Dividend Low Volatility 100 Index,Dividend Low Volatility100,8916.5,8974.57,8914.35,8965.27,,0.51,2769556709.0,247.05,,,2017-01-24,,247.05
20170125,930955,中证红利低波动100指数,红利低波100,CSI Dividend Low Volatility 100 Index,Dividend Low Volatility100,8955.89,8981.72,8942.34,8975.82,,0.12,2396741759.0,226.27,,,2017-01-25,,226.27
20170126,930955,中证红利低波动100指数,红利低波100,CSI Dividend Low Volatility 100 Index,Dividend Low Volatility100,8978.37,9012.48,8975.33,8991.15,,0.17,2515737202.0,224.14,,,2017-01-26,,224.14
20170203,930955,中证红利低波动100指数,红利低波100,CSI Dividend Low Volatility 100 Index,Dividend Low Volatility100,8995.22,8995.22,8925.02,8932.0,,-0.66,1810488627.0,179.86,,,2017-02-03,,179.86
20170206,930955,中证红利低波动100指数,红利低波100,CSI Dividend Low Volatility 100 Index,Dividend Low Volatility100,8942.75,8982.11,8935.39,8963.84,,0.36,2817642566.0,264.9,,,2017-02-06,,264.9
20170207,930955,中证红利低波动100指数,红利低波100,CSI Dividend Low Volatility 100 Index,Dividend Low Volatility100,8959.25,8983.43,8938.66,8964.26,,0.01,2584436047.0,243.03,,,2017-02-07,,243.03
20170208,930955,中证红利低波动100指数,红利低波100,CSI Dividend Low Volatility 100 Index,Dividend Low Volatility100,8949.74,8985.46,8910.36,8985.46,,0.24,2810453712.0,252.98,,,2017-02-08,,252.98
20170209,930955,中证红利低波动100指数,红利低波100,CSI Dividend Low Volatility 100 Index,Dividend Low Volatility100,8981.14,9037.41,8981.14,9016.67,,0.35,3665034415.0,347.59,,,2017-02-09,,347.59
20170210,930955,中证红利低波动100指数,红利低波100,CSI Dividend Low Volatility 100 Index,Dividend Low Volatility100,9015.77,9100.02,9015.77,9081.15,,0.72,5009155837.0,439.94,,,2017-02-10,,439.94
20170213,930955,中证红利低波动100指数,红利低波100,CSI Dividend Low Volatility 100 Index,Dividend Low Volatility100,9095.45,9142.57,9095.45,9139.79,,0.65,5070389592.0,476.52,,,2017-02-13,,476.52
20170214,930955,中证红利低波动100指数,红利低波100,CSI Dividend Low Volatility 100 Index,Dividend Low Volatility100,9139.72,9154.15,9115.66,9154.15,,0.16,3679529840.0,334.14,,,2017-02-14,,334.14
20170215,930955,中证红利低波动100指数,红利低波100,CSI Dividend Low Volatility 100 Index,Dividend Low Volatility100,9151.13,9219.04,9140.26,9154.65,,0.01,5903970818.0,470.22,,,2017-02-15,,470.22
20170216,930955,中证红利低波动100指数,红利低波100,CSI Dividend Low Volatility 100 Index,Dividend Low Volatility100,9154.39,9197.38,9154.39,9197.38,,0.47,4118141721.0,339.09,,,2017-02-16,,339.09
20170217,930955,中证红利低波动100指数,红利低波100,CSI Dividend Low Volatility 100 Index,Dividend Low Volatility100,9199.62,9206.86,9119.56,9126.11,,-0.78,3928886752.0,347.09,,,2017-02-17,,347.09
20170220,930955,中证红利低波动100指数,红利低波100,CSI Dividend Low Volatility 100 Index,Dividend Low Volatility100,9135.13,9293.88,9135.13,9293.88,,1.84,6180726044.0,561.8,,,2017-02-20,,561.8
20170221,930955,中证红利低波动100指数,红利低波100,CSI Dividend Low Volatility 100 Index,Dividend Low Volatility100,9307.24,9345.25,9294.03,9309.7,,0.17,4234704759.0,394.81,,,2017-02-21,,394.81
20170222,930955,中证红利低波动100指数,红利低波100,CSI Dividend Low Volatility 100 Index,Dividend Low Volatility100,9318.67,9367.54,9312.86,9367.17,,0.62,4003578915.0,405.81,,,2017-02-22,,405.81
20170223,930955,中证红利低波动100指数,红利低波100,CSI Dividend Low Volatility 100 Index,Dividend Low Volatility100,9355.22,9368.22,9281.09,9309.56,,-0.62,3690904191.0,355.47,,,2017-02-23,,355.47
20170224,930955,中证红利低波动100指数,红利低波100,CSI Dividend Low Volatility 100 Index,Dividend Low Volatility100,9297.16,9297.16,9254.32,9289.4,,-0.22,3447978115.0,311.86,,,2017-02-24,,311.86
20170227,930955,中证红利低波动100指数,红利低波100,CSI Dividend Low Volatility 100 Index,Dividend Low Volatility100,9279.12,9282.17,9212.29,9214.7,,-0.8,3607995156.0,357.18,,,2017-02-27,,357.18
20170228,930955,中证红利低波动100指数,红利低波100,CSI Dividend Low Volatility 100 Index,Dividend Low Volatility100,9215.01,9252.9,9215.01,9248.18,,0.36,2572588577.0,256.11,,,2017-02-28,,256.11
20170301,930955,中证红利低波动100指数,红利低波100,CSI Dividend Low Volatility 100 Index,Dividend Low Volatility100,9245.94,9293.19,9245.94,9258.27,,0.11,3597598467.0,338.36,,,2017-03-01,,338.36
20170302,930955,中证红利低波动100指数,红利低波100,CSI Dividend Low Volatility 100 Index,Dividend Low Volatility100,9270.04,9272.89,9207.73,9208.5,,-0.54,3300409484.0,316.47,,,2017-03-02,,316.47
20170303,930955,中证红利低波动100指数,红利低波100,CSI Dividend Low Volatility 100 Index,Dividend Low Volatility100,9184.82,9195.94,9158.44,9190.88,,-0.19,2822679862.0,255.11,,,2017-03-03,,255.11
20170306,930955,中证红利低波动100指数,红利低波100,CSI Dividend Low Volatility 100 Index,Dividend Low Volatility100,9190.62,9233.47,9190.62,9221.79,,0.34,3333705094.0,300.28,,,2017-03-06,,300.28
20170307,930955,中证红利低波动100指数,红利低波100,CSI Dividend Low Volatility 100 Index,Dividend Low Volatility100,9215.45,9247.59,9209.28,9247.59,,0.28,2901782383.0,292.89,,,2017-03-07,,292.89
20170308,930955,中证红利低波动100指数,红利低波100,CSI Dividend Low Volatility 100 Index,Dividend Low Volatility100,9237.12,9239.5,9203.08,9228.73,,-0.2,3203223275.0,298.56,,,2017-03-08,,298.56
20170309,930955,中证红利低波动100指数,红利低波100,CSI Dividend Low Volatility 100 Index,Dividend Low Volatility100,9208.83,9208.83,9124.56,9160.16,,-0.74,3394988936.0,308.68,,,2017-03-09,,308.68
20170310,930955,中证红利低波动100指数,红利低波100,CSI Dividend Low Volatility 100 Index,Dividend Low Volatility100,9148.0,9177.18,9148.0,9165.05,,0.05,2567314155.0,265.75,,,2017-03-10,,265.75
20170313,930955,中证红利低波动100指数,红利低波100,CSI Dividend Low Volatility 100 Index,Dividend Low Volatility100,9157.5,9242.89,9137.25,9242.89,,0.85,2676512534.0,312.78,,,2017-03-13,,312.78
20170314,930955,中证红利低波动100指数,红利低波100,CSI Dividend Low Volatility 100 Index,Dividend Low Volatility100,9237.49,9251.87,9224.91,9244.53,,0.02,2149266122.0,236.8,,,2017-03-14,,236.8
20170315,930955,中证红利低波动100指数,红利低波100,CSI Dividend Low Volatility 100 Index,Dividend Low Volatility100,9240.67,9274.85,9240.67,9269.98,,0.28,2452631902.0,258.76,,,2017-03-15,,258.76
20170316,930955,中证红利低波动100指数,红利低波100,CSI Dividend Low Volatility 100 Index,Dividend Low Volatility100,9280.53,9318.2,9280.53,9292.64,,0.24,3625346198.0,390.63,,,2017-03-16,,390.63
20170317,930955,中证红利低波动100指数,红利低波100,CSI Dividend Low Volatility 100 Index,Dividend Low Volatility100,9297.48,9297.48,9201.28,9204.85,,-0.95,3471864617.0,389.54,,,2017-03-17,,389.54
20170320,930955,中证红利低波动100指数,红利低波100,CSI Dividend Low Volatility 100 Index,Dividend Low Volatility100,9231.16,9272.05,9223.0,9272.05,,0.73,3010599470.0,333.61,,,2017-03-20,,333.61
20170321,930955,中证红利低波动100指数,红利低波100,CSI Dividend Low Volatility 100 Index,Dividend Low Volatility100,9279.41,9341.82,9277.1,9341.82,,0.75,3255322372.0,435.34,,,2017-03-21,,435.34
20170322,930955,中证红利低波动100指数,红利低波100,CSI Dividend Low Volatility 100 Index,Dividend Low Volatility100,9292.92,9334.99,9268.8,9301.89,,-0.43,3480921413.0,429.28,,,2017-03-22,,429.28
20170323,930955,中证红利低波动100指数,红利低波100,CSI Dividend Low Volatility 100 Index,Dividend Low Volatility100,9313.69,9345.83,9272.86,9312.69,,0.12,3162303824.0,409.61,,,2017-03-23,,409.61
20170324,930955,中证红利低波动100指数,红利低波100,CSI Dividend Low Volatility 100 Index,Dividend Low Volatility100,9310.91,9379.11,9310.91,9378.02,,0.7,3686925976.0,449.78,,,2017-03-24,,449.78
20170327,930955,中证红利低波动100指数,红利低波100,CSI Dividend Low Volatility 100 Index,Dividend Low Volatility100,9398.32,9437.0,9370.73,9376.72,,-0.01,3833038357.0,447.74,,,2017-03-27,,447.74
20170328,930955,中证红利低波动100指数,红利低波100,CSI Dividend Low Volatility 100 Index,Dividend Low Volatility100,9379.12,9379.12,9327.37,9351.15,,-0.27,2386504524.0,289.9,,,2017-03-28,,289.9
20170329,930955,中证红利低波动100指数,红利低波100,CSI Dividend Low Volatility 100 Index,Dividend Low Volatility100,9358.64,9389.03,9313.84,9349.62,,-0.02,3250018252.0,351.44,,,2017-03-29,,351.44
20170330,930955,中证红利低波动100指数,红利低波100,CSI Dividend Low Volatility 100 Index,Dividend Low Volatility100,9347.39,9351.41,9271.59,9316.1,,-0.36,3792234095.0,383.0,,,2017-03-30,,383.0
20170331,930955,中证红利低波动100指数,红利低波100,CSI Dividend Low Volatility 100 Index,Dividend Low Volatility100,9306.33,9379.43,9306.33,9379.43,,0.68,3474862471.0,351.88,,,2017-03-31,,351.88
20170405,930955,中证红利低波动100指数,红利低波100,CSI Dividend Low Volatility 100 Index,Dividend Low Volatility100,9419.38,9476.29,9411.61,9476.29,,1.03,4423885134.0,486.22,,,2017-04-05,,486.22
20170406,930955,中证红利低波动100指数,红利低波100,CSI Dividend Low Volatility 100 Index,Dividend Low Volatility100,9491.62,9507.56,9465.2,9507.56,,0.33,4081597739.0,406.31,,,2017-04-06,,406.31
20170407,930955,中证红利低波动100指数,红利低波100,CSI Dividend Low Volatility 100 Index,Dividend Low Volatility100,9505.81,9550.73,9487.21,9540.41,,0.35,4071309974.0,415.56,,,2017-04-07,,415.56
20170410,930955,中证红利低波动100指数,红利低波100,CSI Dividend Low Volatility 100 Index,Dividend Low Volatility100,9553.53,9580.74,9533.79,9554.07,,0.14,3435339621.0,402.76,,,2017-04-10,,402.76
20170411,930955,中证红利低波动100指数,红利低波100,CSI Dividend Low Volatility 100 Index,Dividend Low Volatility100,9559.68,9593.18,9478.76,9583.77,,0.31,4096036471.0,501.69,,,2017-04-11,,501.69
20170412,930955,中证红利低波动100指数,红利低波100,CSI Dividend Low Volatility 100 Index,Dividend Low Volatility100,9585.41,9614.85,9558.78,9587.04,,0.03,5332795662.0,706.58,,,2017-04-12,,706.58
20170413,930955,中证红利低波动100指数,红利低波100,CSI Dividend Low Volatility 100 Index,Dividend Low Volatility100,9563.49,9629.31,9563.49,9622.21,,0.37,4182481221.0,418.38,,,2017-04-13,,418.38
20170414,930955,中证红利低波动100指数,红利低波100,CSI Dividend Low Volatility 100 Index,Dividend Low Volatility100,9634.65,9634.65,9524.49,9543.74,,-0.82,3280685818.0,322.92,,,2017-04-14,,322.92
20170417,930955,中证红利低波动100指数,红利低波100,CSI Dividend Low Volatility 100 Index,Dividend Low Volatility100,9518.24,9518.24,9454.06,9515.82,,-0.29,3339372246.0,383.48,,,2017-04-17,,383.48
20170418,930955,中证红利低波动100指数,红利低波100,CSI Dividend Low Volatility 100 Index,Dividend Low Volatility100,9495.23,9546.68,9473.43,9473.43,,-0.45,3623797442.0,464.82,,,2017-04-18,,464.82
20170419,930955,中证红利低波动100指数,红利低波100,CSI Dividend Low Volatility 100 Index,Dividend Low Volatility100,9439.7,9444.78,9365.46,9424.24,,-0.52,3831738453.0,400.73,,,2017-04-19,,400.73
20170420,930955,中证红利低波动100指数,红利低波100,CSI Dividend Low Volatility 100 Index,Dividend Low Volatility100,9414.9,9484.72,9414.9,9463.27,,0.41,3731834841.0,494.8,,,2017-04-20,,494.8
20170421,930955,中证红利低波动100指数,红利低波100,CSI Dividend Low Volatility 100 Index,Dividend Low Volatility100,9456.01,9492.58,9448.39,9492.58,,0.31,3770111529.0,444.27,,,2017-04-21,,444.27
20170424,930955,中证红利低波动100指数,红利低波100,CSI Dividend Low Volatility 100 Index,Dividend Low Volatility100,9470.83,9470.83,9370.67,9435.58,,-0.6,3704851235.0,418.1,,,2017-04-24,,418.1
20170425,930955,中证红利低波动100指数,红利低波100,CSI Dividend Low Volatility 100 Index,Dividend Low Volatility100,9411.42,9481.67,9411.42,9449.72,,0.15,3302877881.0,414.54,,,2017-04-25,,414.54
20170426,930955,中证红利低波动100指数,红利低波100,CSI Dividend Low Volatility 100 Index,Dividend Low Volatility100,9445.25,9504.76,9445.25,9478.71,,0.31,3694347654.0,490.42,,,2017-04-26,,490.42
20170427,930955,中证红利低波动100指数,红利低波100,CSI Dividend Low Volatility 100 Index,Dividend Low Volatility100,9460.47,9488.98,9389.58,9485.04,,0.07,4333880521.0,495.39,,,2017-04-27,,495.39
20170428,930955,中证红利低波动100指数,红利低波100,CSI Dividend Low Volatility 100 Index,Dividend Low Volatility100,9454.5,9454.5,9396.49,9433.86,,-0.54,3543958882.0,465.93,,,2017-04-28,,465.93
20170502,930955,中证红利低波动100指数,红利低波100,CSI Dividend Low Volatility 100 Index,Dividend Low Volatility100,9405.3,9406.69,9359.45,9373.12,,-0.64,2952660394.0,374.2,,,2017-05-02,,374.2
20170503,930955,中证红利低波动100指数,红利低波100,CSI Dividend Low Volatility 100 Index,Dividend Low Volatility100,9360.82,9369.49,9308.47,9319.94,,-0.57,2892749845.0,340.93,,,2017-05-03,,340.93
20170504,930955,中证红利低波动100指数,红利低波100,CSI Dividend Low Volatility 100 Index,Dividend Low Volatility100,9305.54,9358.69,9272.35,9323.23,,0.04,3295569259.0,378.46,,,2017-05-04,,378.46
20170505,930955,中证红利低波动100指数,红利低波100,CSI Dividend Low Volatility 100 Index,Dividend Low Volatility100,9286.28,9294.7,9239.54,9294.7,,-0.31,3716173956.0,418.06,,10.44,2017-05-05,10.44,418.06
20170508,930955,中证红利低波动100指数,红利低波100,CSI Dividend Low Volatility 100 Index,Dividend Low Volatility100,9258.87,9263.05,9203.12,9257.3,,-0.4,4010192447.0,459.78,,10.44,2017-05-08,10.44,459.78
20170509,930955,中证红利低波动100指数,红利低波100,CSI Dividend Low Volatility 100 Index,Dividend Low Volatility100,9217.27,9273.28,9213.4,9255.27,,-0.02,2661093627.0,318.73,,10.41,2017-05-09,10.41,318.73
20170510,930955,中证红利低波动100指数,红利低波100,CSI Dividend Low Volatility 100 Index,Dividend Low Volatility100,9251.4,9264.89,9194.81,9196.17,,-0.64,3075737489.0,388.32,,10.44,2017-05-10,10.44,388.32
20170511,930955,中证红利低波动100指数,红利低波100,CSI Dividend Low Volatility 100 Index,Dividend Low Volatility100,9155.83,9249.57,9147.6,9249.2,,0.58,3783613514.0,407.08,,10.54,2017-05-11,10.54,407.08
20170512,930955,中证红利低波动100指数,红利低波100,CSI Dividend Low Volatility 100 Index,Dividend Low Volatility100,9223.1,9326.88,9223.1,9317.5,,0.74,3992780715.0,432.54,,10.68,2017-05-12,10.68,432.54
20170515,930955,中证红利低波动100指数,红利低波100,CSI Dividend Low Volatility 100 Index,Dividend Low Volatility100,9318.29,9362.1,9318.29,9359.84,,0.45,3211467601.0,384.35,,10.73,2017-05-15,10.73,384.35
20170516,930955,中证红利低波动100指数,红利低波100,CSI Dividend Low Volatility 100 Index,Dividend Low Volatility100,9340.04,9440.14,9300.44,9440.14,,0.86,3740905037.0,440.92,,10.71,2017-05-16,10.71,440.92
20170517,930955,中证红利低波动100指数,红利低波100,CSI Dividend Low Volatility 100 Index,Dividend Low Volatility100,9436.74,9452.33,9386.98,9392.71,,-0.5,3621221085.0,429.34,,10.61,2017-05-17,10.61,429.34
20170518,930955,中证红利低波动100指数,红利低波100,CSI Dividend Low Volatility 100 Index,Dividend Low Volatility100,9336.41,9383.04,9336.41,9365.84,,-0.29,2983607856.0,338.66,,10.61,2017-05-18,10.61,338.66
20170519,930955,中证红利低波动100指数,红利低波100,CSI Dividend Low Volatility 100 Index,Dividend Low Volatility100,9351.04,9399.75,9351.04,9399.75,,0.36,2454663855.0,295.58,,10.64,2017-05-19,10.64,295.58
20170522,930955,中证红利低波动100指数,红利低波100,CSI Dividend Low Volatility 100 Index,Dividend Low Volatility100,9393.77,9430.62,9355.3,9412.41,,0.14,3297498907.0,393.22,,10.73,2017-05-22,10.73,393.22
20170523,930955,中证红利低波动100指数,红利低波100,CSI Dividend Low Volatility 100 Index,Dividend Low Volatility100,9394.27,9465.34,9394.27,9461.43,,0.52,4583714165.0,554.32,,10.89,2017-05-23,10.89,554.32
20170524,930955,中证红利低波动100指数,红利低波100,CSI Dividend Low Volatility 100 Index,Dividend Low Volatility100,9422.61,9462.47,9374.14,9462.47,,0.01,3206343053.0,400.53,,10.85,2017-05-24,10.85,400.53
20170525,930955,中证红利低波动100指数,红利低波100,CSI Dividend Low Volatility 100 Index,Dividend Low Volatility100,9433.93,9577.71,9433.93,9568.48,,1.12,6078895252.0,650.53,,10.9,2017-05-25,10.9,650.53
20170526,930955,中证红利低波动100指数,红利低波100,CSI Dividend Low Volatility 100 Index,Dividend Low Volatility100,,,,9588.42,19.94,0.21,4174814350.0,484.31,100.0,10.9,2017-05-26,10.9,484.31
20170531,930955,中证红利低波动100指数,红利低波100,CSI Dividend Low Volatility 100 Index,Dividend Low Volatility100,,,,9618.93,30.5,0.32,4071204978.0,497.55,100.0,10.93,2017-05-31,10.93,497.55
20170601,930955,中证红利低波动100指数,红利低波100,CSI Dividend Low Volatility 100 Index,Dividend Low Volatility100,,,,9636.35,17.43,0.18,3751938325.0,481.77,100.0,11.02,2017-06-01,11.02,481.77
20170602,930955,中证红利低波动100指数,红利低波100,CSI Dividend Low Volatility 100 Index,Dividend Low Volatility100,,,,9637.91,1.56,0.02,3333233034.0,403.64,100.0,10.97,2017-06-02,10.97,403.64
20170605,930955,中证红利低波动100指数,红利低波100,CSI Dividend Low Volatility 100 Index,Dividend Low Volatility100,,,,9579.65,-58.26,-0.6,3793499320.0,401.61,100.0,10.81,2017-06-05,10.81,401.61
20170606,930955,中证红利低波动100指数,红利低波100,CSI Dividend Low Volatility 100 Index,Dividend Low Volatility100,,,,9602.93,23.29,0.24,2467540994.0,324.97,100.0,10.85,2017-06-06,10.85,324.97
20170607,930955,中证红利低波动100指数,红利低波100,CSI Dividend Low Volatility 100 Index,Dividend Low Volatility100,,,,9692.54,89.61,0.93,4020466771.0,511.36,100.0,10.94,2017-06-07,10.94,511.36
20170608,930955,中证红利低波动100指数,红利低波100,CSI Dividend Low Volatility 100 Index,Dividend Low Volatility100,,,,9776.04,83.5,0.86,3339345194.0,463.91,100.0,11.02,2017-06-08,11.02,463.91
20170609,930955,中证红利低波动100指数,红利低波100,CSI Dividend Low Volatility 100 Index,Dividend Low Volatility100,,,,9823.54,47.5,0.49,4256566356.0,538.65,100.0,11.06,2017-06-09,11.06,538.65
20170612,930955,中证红利低波动100指数,红利低波100,CSI Dividend Low Volatility 100 Index,Dividend Low Volatility100,,,,9793.14,-30.4,-0.31,2873525104.0,350.01,100.0,10.82,2017-06-12,10.82,350.01
20170613,930955,中证红利低波动100指数,红利低波100,CSI Dividend Low Volatility 100 Index,Dividend Low Volatility100,,,,9821.93,28.79,0.29,2048610757.0,260.31,100.0,10.81,2017-06-13,10.81,260.31
20170614,930955,中证红利低波动100指数,红利低波100,CSI Dividend Low Volatility 100 Index,Dividend Low Volatility100,,,,9725.94,-95.99,-0.98,2331152455.0,295.76,100.0,10.7,2017-06-14,10.7,295.76
20170615,930955,中证红利低波动100指数,红利低波100,CSI Dividend Low Volatility 100 Index,Dividend Low Volatility100,,,,9687.0,-38.94,-0.4,2323394835.0,297.31,100.0,10.61,2017-06-15,10.61,297.31
20170616,930955,中证红利低波动100指数,红利低波100,CSI Dividend Low Volatility 100 Index,Dividend Low Volatility100,,,,9629.01,-57.99,-0.6,1822707667.0,235.0,100.0,10.55,2017-06-16,10.55,235.0
20170619,930955,中证红利低波动100指数,红利低波100,CSI Dividend Low Volatility 100 Index,Dividend Low Volatility100,,,,9678.39,49.38,0.51,2232036859.0,262.62,100.0,10.6,2017-06-19,10.6,262.62
20170620,930955,中证红利低波动100指数,红利低波100,CSI Dividend Low Volatility 100 Index,Dividend Low Volatility100,,,,9656.43,-21.96,-0.23,2141178744.0,252.38,100.0,10.59,2017-06-20,10.59,252.38
20170621,930955,中证红利低波动100指数,红利低波100,CSI Dividend Low Volatility 100 Index,Dividend Low Volatility100,,,,9718.77,62.34,0.65,2267226962.0,295.54,100.0,10.66,2017-06-21,10.66,295.54
20170622,930955,中证红利低波动100指数,红利低波100,CSI Dividend Low Volatility 100 Index,Dividend Low Volatility100,,,,9736.72,17.94,0.18,4917827448.0,545.17,100.0,10.74,2017-06-22,10.74,545.17
20170623,930955,中证红利低波动100指数,红利低波100,CSI Dividend Low Volatility 100 Index,Dividend Low Volatility100,,,,9778.08,41.36,0.42,3209533243.0,374.4,100.0,10.8,2017-06-23,10.8,374.4
20170626,930955,中证红利低波动100指数,红利低波100,CSI Dividend Low Volatility 100 Index,Dividend Low Volatility100,,,,9852.69,74.61,0.76,4572879724.0,518.69,100.0,10.84,2017-06-26,10.84,518.69
20170627,930955,中证红利低波动100指数,红利低波100,CSI Dividend Low Volatility 100 Index,Dividend Low Volatility100,,,,9869.31,16.62,0.17,3027733749.0,346.41,100.0,10.85,2017-06-27,10.85,346.41
20170628,930955,中证红利低波动100指数,红利低波100,CSI Dividend Low Volatility 100 Index,Dividend Low Volatility100,,,,9844.62,-24.69,-0.25,3298858541.0,384.22,100.0,10.8,2017-06-28,10.8,384.22
20170629,930955,中证红利低波动100指数,红利低波100,CSI Dividend Low Volatility 100 Index,Dividend Low Volatility100,,,,9887.33,42.7,0.43,2465913336.0,310.82,100.0,10.84,2017-06-29,10.84,310.82
20170630,930955,中证红利低波动100指数,红利低波100,CSI Dividend Low Volatility 100 Index,Dividend Low Volatility100,,,,9885.02,-2.31,-0.02,2370711157.0,273.32,100.0,10.85,2017-06-30,10.85,273.32
20170703,930955,中证红利低波动100指数,红利低波100,CSI Dividend Low Volatility 100 Index,Dividend Low Volatility100,,,,9885.47,0.45,0.0,2349405128.0,295.09,100.0,10.82,2017-07-03,10.82,295.09
20170704,930955,中证红利低波动100指数,红利低波100,CSI Dividend Low Volatility 100 Index,Dividend Low Volatility100,,,,9845.16,-40.31,-0.41,2810549261.0,339.26,100.0,10.79,2017-07-04,10.79,339.26
20170705,930955,中证红利低波动100指数,红利低波100,CSI Dividend Low Volatility 100 Index,Dividend Low Volatility100,,,,9882.57,37.41,0.38,2516146683.0,339.24,100.0,10.86,2017-07-05,10.86,339.24
20170706,930955,中证红利低波动100指数,红利低波100,CSI Dividend Low Volatility 100 Index,Dividend Low Volatility100,,,,9890.8,8.22,0.08,2850815358.0,379.24,100.0,10.88,2017-07-06,10.88,379.24
20170707,930955,中证红利低波动100指数,红利低波100,CSI Dividend Low Volatility 100 Index,Dividend Low Volatility100,,,,9913.18,22.38,0.23,2588669744.0,308.3,100.0,10.85,2017-07-07,10.85,308.3
20170710,930955,中证红利低波动100指数,红利低波100,CSI Dividend Low Volatility 100 Index,Dividend Low Volatility100,,,,9883.08,-30.1,-0.3,2644930085.0,317.42,100.0,10.83,2017-07-10,10.83,317.42
20170711,930955,中证红利低波动100指数,红利低波100,CSI Dividend Low Volatility 100 Index,Dividend Low Volatility100,,,,9885.6,2.52,0.03,3868987870.0,426.74,100.0,10.86,2017-07-11,10.86,426.74
20170712,930955,中证红利低波动100指数,红利低波100,CSI Dividend Low Volatility 100 Index,Dividend Low Volatility100,,,,9842.89,-42.7,-0.43,4075595141.0,435.53,100.0,10.8,2017-07-12,10.8,435.53
20170713,930955,中证红利低波动100指数,红利低波100,CSI Dividend Low Volatility 100 Index,Dividend Low Volatility100,,,,9906.04,63.14,0.64,3853211431.0,405.52,100.0,10.89,2017-07-13,10.89,405.52
20170714,930955,中证红利低波动100指数,红利低波100,CSI Dividend Low Volatility 100 Index,Dividend Low Volatility100,,,,9933.34,27.3,0.28,3538954820.0,373.74,100.0,10.93,2017-07-14,10.93,373.74
20170717,930955,中证红利低波动100指数,红利低波100,CSI Dividend Low Volatility 100 Index,Dividend Low Volatility100,,,,9836.07,-97.27,-0.98,6577654443.0,652.76,100.0,11.05,2017-07-17,11.05,652.76
20170718,930955,中证红利低波动100指数,红利低波100,CSI Dividend Low Volatility 100 Index,Dividend Low Volatility100,,,,9822.55,-13.51,-0.14,3817054695.0,403.88,100.0,10.94,2017-07-18,10.94,403.88
20170719,930955,中证红利低波动100指数,红利低波100,CSI Dividend Low Volatility 100 Index,Dividend Low Volatility100,,,,9938.11,115.55,1.18,4883972897.0,516.25,100.0,11.01,2017-07-19,11.01,516.25
20170720,930955,中证红利低波动100指数,红利低波100,CSI Dividend Low Volatility 100 Index,Dividend Low Volatility100,,,,9997.66,59.55,0.6,3755044593.0,417.25,100.0,11.05,2017-07-20,11.05,417.25
20170721,930955,中证红利低波动100指数,红利低波100,CSI Dividend Low Volatility 100 Index,Dividend Low Volatility100,,,,9980.94,-16.72,-0.17,3151202611.0,384.66,100.0,10.99,2017-07-21,10.99,384.66
20170724,930955,中证红利低波动100指数,红利低波100,CSI Dividend Low Volatility 100 Index,Dividend Low Volatility100,,,,10033.68,52.74,0.53,3891341565.0,430.59,100.0,11.04,2017-07-24,11.04,430.59
20170725,930955,中证红利低波动100指数,红利低波100,CSI Dividend Low Volatility 100 Index,Dividend Low Volatility100,,,,10004.67,-29.0,-0.29,3845906004.0,372.4,100.0,11.07,2017-07-25,11.07,372.4
20170726,930955,中证红利低波动100指数,红利低波100,CSI Dividend Low Volatility 100 Index,Dividend Low Volatility100,,,,9986.81,-17.86,-0.18,3919495563.0,408.72,100.0,11.1,2017-07-26,11.1,408.72
20170727,930955,中证红利低波动100指数,红利低波100,CSI Dividend Low Volatility 100 Index,Dividend Low Volatility100,,,,10030.62,43.82,0.44,3619832437.0,381.31,100.0,11.1,2017-07-27,11.1,381.31
20170728,930955,中证红利低波动100指数,红利低波100,CSI Dividend Low Volatility 100 Index,Dividend Low Volatility100,,,,10019.11,-11.51,-0.11,2590524314.0,279.24,100.0,11.09,2017-07-28,11.09,279.24
20170731,930955,中证红利低波动100指数,红利低波100,CSI Dividend Low Volatility 100 Index,Dividend Low Volatility100,,,,10036.05,16.94,0.17,3255651634.0,354.94,100.0,11.08,2017-07-31,11.08,354.94
20170801,930955,中证红利低波动100指数,红利低波100,CSI Dividend Low Volatility 100 Index,Dividend Low Volatility100,,,,10097.71,61.66,0.61,3676170388.0,433.47,100.0,11.21,2017-08-01,11.21,433.47
20170802,930955,中证红利低波动100指数,红利低波100,CSI Dividend Low Volatility 100 Index,Dividend Low Volatility100,,,,10059.2,-38.52,-0.38,4125757010.0,433.75,100.0,11.24,2017-08-02,11.24,433.75
20170803,930955,中证红利低波动100指数,红利低波100,CSI Dividend Low Volatility 100 Index,Dividend Low Volatility100,,,,10019.38,-39.82,-0.4,3416456607.0,369.22,100.0,11.13,2017-08-03,11.13,369.22
20170804,930955,中证红利低波动100指数,红利低波100,CSI Dividend Low Volatility 100 Index,Dividend Low Volatility100,,,,9990.88,-28.5,-0.28,3266578431.0,361.47,100.0,11.08,2017-08-04,11.08,361.47
20170807,930955,中证红利低波动100指数,红利低波100,CSI Dividend Low Volatility 100 Index,Dividend Low Volatility100,,,,9997.27,6.4,0.06,2740474682.0,288.93,100.0,11.09,2017-08-07,11.09,288.93
20170808,930955,中证红利低波动100指数,红利低波100,CSI Dividend Low Volatility 100 Index,Dividend Low Volatility100,,,,9985.46,-11.81,-0.12,2773224729.0,281.96,100.0,11.09,2017-08-08,11.09,281.96
20170809,930955,中证红利低波动100指数,红利低波100,CSI Dividend Low Volatility 100 Index,Dividend Low Volatility100,,,,9950.05,-35.41,-0.35,2821692164.0,301.98,100.0,10.99,2017-08-09,10.99,301.98
20170810,930955,中证红利低波动100指数,红利低波100,CSI Dividend Low Volatility 100 Index,Dividend Low Volatility100,,,,9914.81,-35.25,-0.35,3117850979.0,352.75,100.0,10.97,2017-08-10,10.97,352.75
20170811,930955,中证红利低波动100指数,红利低波100,CSI Dividend Low Volatility 100 Index,Dividend Low Volatility100,,,,9782.61,-132.2,-1.33,4056076641.0,415.17,100.0,10.86,2017-08-11,10.86,415.17
20170814,930955,中证红利低波动100指数,红利低波100,CSI Dividend Low Volatility 100 Index,Dividend Low Volatility100,,,,9824.95,42.34,0.43,2634963877.0,300.05,100.0,10.87,2017-08-14,10.87,300.05
20170815,930955,中证红利低波动100指数,红利低波100,CSI Dividend Low Volatility 100 Index,Dividend Low Volatility100,,,,9854.74,29.79,0.3,3054135491.0,303.76,100.0,10.95,2017-08-15,10.95,303.76
20170816,930955,中证红利低波动100指数,红利低波100,CSI Dividend Low Volatility 100 Index,Dividend Low Volatility100,,,,9844.14,-10.6,-0.11,2164248218.0,221.98,100.0,10.92,2017-08-16,10.92,221.98
20170817,930955,中证红利低波动100指数,红利低波100,CSI Dividend Low Volatility 100 Index,Dividend Low Volatility100,,,,9894.86,50.72,0.52,2070438419.0,231.55,100.0,10.95,2017-08-17,10.95,231.55
20170818,930955,中证红利低波动100指数,红利低波100,CSI Dividend Low Volatility 100 Index,Dividend Low Volatility100,,,,9905.79,10.93,0.11,2201469131.0,282.59,100.0,10.98,2017-08-18,10.98,282.59
20170821,930955,中证红利低波动100指数,红利低波100,CSI Dividend Low Volatility 100 Index,Dividend Low Volatility100,,,,9940.1,34.31,0.35,2212490233.0,266.72,100.0,11.0,2017-08-21,11.0,266.72
20170822,930955,中证红利低波动100指数,红利低波100,CSI Dividend Low Volatility 100 Index,Dividend Low Volatility100,,,,9937.92,-2.17,-0.02,2176892173.0,300.78,100.0,11.05,2017-08-22,11.05,300.78
20170823,930955,中证红利低波动100指数,红利低波100,CSI Dividend Low Volatility 100 Index,Dividend Low Volatility100,,,,9932.7,-5.22,-0.05,2603032768.0,289.47,100.0,11.13,2017-08-23,11.13,289.47
20170824,930955,中证红利低波动100指数,红利低波100,CSI Dividend Low Volatility 100 Index,Dividend Low Volatility100,,,,9904.32,-28.38,-0.29,2386843165.0,261.77,100.0,11.13,2017-08-24,11.13,261.77
20170825,930955,中证红利低波动100指数,红利低波100,CSI Dividend Low Volatility 100 Index,Dividend Low Volatility100,,,,10047.48,143.16,1.45,4332802922.0,440.86,100.0,11.38,2017-08-25,11.38,440.86
20170828,930955,中证红利低波动100指数,红利低波100,CSI Dividend Low Volatility 100 Index,Dividend Low Volatility100,,,,10123.29,75.81,0.75,5145557383.0,582.97,100.0,11.42,2017-08-28,11.42,582.97
20170829,930955,中证红利低波动100指数,红利低波100,CSI Dividend Low Volatility 100 Index,Dividend Low Volatility100,,,,10123.93,0.64,0.01,3007718746.0,342.36,100.0,11.45,2017-08-29,11.45,342.36
20170830,930955,中证红利低波动100指数,红利低波100,CSI Dividend Low Volatility 100 Index,Dividend Low Volatility100,,,,10101.93,-22.0,-0.22,3688840328.0,408.2,100.0,11.38,2017-08-30,11.38,408.2
20170831,930955,中证红利低波动100指数,红利低波100,CSI Dividend Low Volatility 100 Index,Dividend Low Volatility100,,,,10062.83,-39.1,-0.39,3668348401.0,374.62,100.0,11.29,2017-08-31,11.29,374.62
20170901,930955,中证红利低波动100指数,红利低波100,CSI Dividend Low Volatility 100 Index,Dividend Low Volatility100,,,,10081.25,18.41,0.18,3871813625.0,402.6,100.0,11.47,2017-09-01,11.47,402.6
20170904,930955,中证红利低波动100指数,红利低波100,CSI Dividend Low Volatility 100 Index,Dividend Low Volatility100,,,,10101.41,20.16,0.2,4273541716.0,416.06,100.0,11.52,2017-09-04,11.52,416.06
20170905,930955,中证红利低波动100指数,红利低波100,CSI Dividend Low Volatility 100 Index,Dividend Low Volatility100,,,,10110.18,8.77,0.09,3475920403.0,361.15,100.0,11.59,2017-09-05,11.59,361.15
20170906,930955,中证红利低波动100指数,红利低波100,CSI Dividend Low Volatility 100 Index,Dividend Low Volatility100,,,,10088.01,-22.17,-0.22,2716609490.0,302.79,100.0,11.54,2017-09-06,11.54,302.79
20170907,930955,中证红利低波动100指数,红利低波100,CSI Dividend Low Volatility 100 Index,Dividend Low Volatility100,,,,10038.73,-49.28,-0.49,2735247010.0,316.27,100.0,11.47,2017-09-07,11.47,316.27
20170908,930955,中证红利低波动100指数,红利低波100,CSI Dividend Low Volatility 100 Index,Dividend Low Volatility100,,,,10038.4,-0.33,0.0,2332409903.0,273.82,100.0,11.47,2017-09-08,11.47,273.82
20170911,930955,中证红利低波动100指数,红利低波100,CSI Dividend Low Volatility 100 Index,Dividend Low Volatility100,,,,10060.8,22.4,0.22,2703755309.0,299.54,100.0,10.81,2017-09-11,10.81,299.54
20170912,930955,中证红利低波动100指数,红利低波100,CSI Dividend Low Volatility 100 Index,Dividend Low Volatility100,,,,10076.88,16.07,0.16,2977694139.0,337.58,100.0,10.85,2017-09-12,10.85,337.58
20170913,930955,中证红利低波动100指数,红利低波100,CSI Dividend Low Volatility 100 Index,Dividend Low Volatility100,,,,10062.86,-14.02,-0.14,2032875660.0,223.67,100.0,10.83,2017-09-13,10.83,223.67
20170914,930955,中证红利低波动100指数,红利低波100,CSI Dividend Low Volatility 100 Index,Dividend Low Volatility100,,,,10029.32,-33.54,-0.33,2525280566.0,265.71,100.0,10.77,2017-09-14,10.77,265.71
20170915,930955,中证红利低波动100指数,红利低波100,CSI Dividend Low Volatility 100 Index,Dividend Low Volatility100,,,,10017.29,-12.03,-0.12,2462817053.0,258.55,100.0,10.7,2017-09-15,10.7,258.55
20170918,930955,中证红利低波动100指数,红利低波100,CSI Dividend Low Volatility 100 Index,Dividend Low Volatility100,,,,10050.08,32.79,0.33,2597476898.0,316.98,100.0,10.71,2017-09-18,10.71,316.98
20170919,930955,中证红利低波动100指数,红利低波100,CSI Dividend Low Volatility 100 Index,Dividend Low Volatility100,,,,10014.94,-35.14,-0.35,2592317653.0,276.28,100.0,10.71,2017-09-19,10.71,276.28
20170920,930955,中证红利低波动100指数,红利低波100,CSI Dividend Low Volatility 100 Index,Dividend Low Volatility100,,,,10034.18,19.24,0.19,2162036126.0,247.23,100.0,10.7,2017-09-20,10.7,247.23
20170921,930955,中证红利低波动100指数,红利低波100,CSI Dividend Low Volatility 100 Index,Dividend Low Volatility100,,,,10013.26,-20.91,-0.21,2346999367.0,253.57,100.0,10.77,2017-09-21,10.77,253.57
20170922,930955,中证红利低波动100指数,红利低波100,CSI Dividend Low Volatility 100 Index,Dividend Low Volatility100,,,,10006.12,-7.15,-0.07,2384557256.0,254.42,100.0,10.8,2017-09-22,10.8,254.42
20170925,930955,中证红利低波动100指数,红利低波100,CSI Dividend Low Volatility 100 Index,Dividend Low Volatility100,,,,9980.11,-26.01,-0.26,2747343292.0,294.44,100.0,10.88,2017-09-25,10.88,294.44
20170926,930955,中证红利低波动100指数,红利低波100,CSI Dividend Low Volatility 100 Index,Dividend Low Volatility100,,,,9974.46,-5.65,-0.06,1785735303.0,192.88,100.0,10.87,2017-09-26,10.87,192.88
20170927,930955,中证红利低波动100指数,红利低波100,CSI Dividend Low Volatility 100 Index,Dividend Low Volatility100,,,,9971.66,-2.8,-0.03,1761637774.0,197.5,100.0,10.81,2017-09-27,10.81,197.5
20170928,930955,中证红利低波动100指数,红利低波100,CSI Dividend Low Volatility 100 Index,Dividend Low Volatility100,,,,9964.38,-7.28,-0.07,1951405821.0,210.66,100.0,10.81,2017-09-28,10.81,210.66
20170929,930955,中证红利低波动100指数,红利低波100,CSI Dividend Low Volatility 100 Index,Dividend Low Volatility100,,,,9989.36,24.98,0.25,1930656185.0,221.15,100.0,10.81,2017-09-29,10.81,221.15
20171009,930955,中证红利低波动100指数,红利低波100,CSI Dividend Low Volatility 100 Index,Dividend Low Volatility100,,,,10069.67,80.31,0.8,4095885675.0,432.32,100.0,10.89,2017-10-09,10.89,432.32
20171010,930955,中证红利低波动100指数,红利低波100,CSI Dividend Low Volatility 100 Index,Dividend Low Volatility100,,,,10130.15,60.48,0.6,2866737843.0,350.32,100.0,10.94,2017-10-10,10.94,350.32
20171011,930955,中证红利低波动100指数,红利低波100,CSI Dividend Low Volatility 100 Index,Dividend Low Volatility100,,,,10164.5,34.34,0.34,2582022624.0,307.5,100.0,11.0,2017-10-11,11.0,307.5
20171012,930955,中证红利低波动100指数,红利低波100,CSI Dividend Low Volatility 100 Index,Dividend Low Volatility100,,,,10141.04,-23.46,-0.23,2187680514.0,259.4,100.0,11.0,2017-10-12,11.0,259.4
20171013,930955,中证红利低波动100指数,红利低波100,CSI Dividend Low Volatility 100 Index,Dividend Low Volatility100,,,,10145.43,4.39,0.04,1957374473.0,229.82,100.0,10.98,2017-10-13,10.98,229.82
20171016,930955,中证红利低波动100指数,红利低波100,CSI Dividend Low Volatility 100 Index,Dividend Low Volatility100,,,,10091.34,-54.08,-0.53,2596420756.0,314.74,100.0,11.03,2017-10-16,11.03,314.74
20171017,930955,中证红利低波动100指数,红利低波100,CSI Dividend Low Volatility 100 Index,Dividend Low Volatility100,,,,10078.19,-13.15,-0.13,1768710219.0,214.68,100.0,11.0,2017-10-17,11.0,214.68
20171018,930955,中证红利低波动100指数,红利低波100,CSI Dividend Low Volatility 100 Index,Dividend Low Volatility100,,,,10126.47,48.27,0.48,2905332602.0,311.91,100.0,11.14,2017-10-18,11.14,311.91
20171019,930955,中证红利低波动100指数,红利低波100,CSI Dividend Low Volatility 100 Index,Dividend Low Volatility100,,,,10112.81,-13.65,-0.13,2813616562.0,323.34,100.0,11.2,2017-10-19,11.2,323.34
20171020,930955,中证红利低波动100指数,红利低波100,CSI Dividend Low Volatility 100 Index,Dividend Low Volatility100,,,,10145.97,33.16,0.33,2056506402.0,235.76,100.0,11.13,2017-10-20,11.13,235.76
20171023,930955,中证红利低波动100指数,红利低波100,CSI Dividend Low Volatility 100 Index,Dividend Low Volatility100,,,,10145.78,-0.19,0.0,2480281245.0,281.51,100.0,11.08,2017-10-23,11.08,281.51
20171024,930955,中证红利低波动100指数,红利低波100,CSI Dividend Low Volatility 100 Index,Dividend Low Volatility100,,,,10183.09,37.31,0.37,2627302037.0,309.08,100.0,11.13,2017-10-24,11.13,309.08
20171025,930955,中证红利低波动100指数,红利低波100,CSI Dividend Low Volatility 100 Index,Dividend Low Volatility100,,,,10183.05,-0.04,0.0,2097910297.0,231.61,100.0,11.09,2017-10-25,11.09,231.61
20171026,930955,中证红利低波动100指数,红利低波100,CSI Dividend Low Volatility 100 Index,Dividend Low Volatility100,,,,10157.44,-25.61,-0.25,3675151659.0,448.87,100.0,11.07,2017-10-26,11.07,448.87
20171027,930955,中证红利低波动100指数,红利低波100,CSI Dividend Low Volatility 100 Index,Dividend Low Volatility100,,,,10182.83,25.39,0.25,3613924599.0,425.98,100.0,11.23,2017-10-27,11.23,425.98
20171030,930955,中证红利低波动100指数,红利低波100,CSI Dividend Low Volatility 100 Index,Dividend Low Volatility100,,,,10097.51,-85.32,-0.84,3870030796.0,477.82,100.0,11.22,2017-10-30,11.22,477.82
20171031,930955,中证红利低波动100指数,红利低波100,CSI Dividend Low Volatility 100 Index,Dividend Low Volatility100,,,,10084.51,-13.0,-0.13,3046574834.0,341.74,100.0,11.13,2017-10-31,11.13,341.74
20171101,930955,中证红利低波动100指数,红利低波100,CSI Dividend Low Volatility 100 Index,Dividend Low Volatility100,,,,10042.53,-41.98,-0.42,3524027364.0,405.63,100.0,10.87,2017-11-01,10.87,405.63
20171102,930955,中证红利低波动100指数,红利低波100,CSI Dividend Low Volatility 100 Index,Dividend Low Volatility100,,,,10004.37,-38.16,-0.38,2998285834.0,330.67,100.0,10.87,2017-11-02,10.87,330.67
20171103,930955,中证红利低波动100指数,红利低波100,CSI Dividend Low Volatility 100 Index,Dividend Low Volatility100,,,,9968.04,-36.34,-0.36,3368110991.0,367.07,100.0,10.87,2017-11-03,10.87,367.07
20171106,930955,中证红利低波动100指数,红利低波100,CSI Dividend Low Volatility 100 Index,Dividend Low Volatility100,,,,9982.23,14.19,0.14,2627381441.0,340.55,100.0,10.86,2017-11-06,10.86,340.55
20171107,930955,中证红利低波动100指数,红利低波100,CSI Dividend Low Volatility 100 Index,Dividend Low Volatility100,,,,10035.91,53.68,0.54,3733490436.0,452.65,100.0,10.96,2017-11-07,10.96,452.65
20171108,930955,中证红利低波动100指数,红利低波100,CSI Dividend Low Volatility 100 Index,Dividend Low Volatility100,,,,10077.43,41.52,0.41,4014511736.0,472.74,100.0,10.97,2017-11-08,10.97,472.74
20171109,930955,中证红利低波动100指数,红利低波100,CSI Dividend Low Volatility 100 Index,Dividend Low Volatility100,,,,10088.32,10.89,0.11,2894111084.0,340.62,100.0,10.95,2017-11-09,10.95,340.62
20171110,930955,中证红利低波动100指数,红利低波100,CSI Dividend Low Volatility 100 Index,Dividend Low Volatility100,,,,10082.0,-6.32,-0.06,3778463145.0,485.51,100.0,10.95,2017-11-10,10.95,485.51
20171113,930955,中证红利低波动100指数,红利低波100,CSI Dividend Low Volatility 100 Index,Dividend Low Volatility100,,,,10083.03,1.04,0.01,4579648368.0,502.27,100.0,11.03,2017-11-13,11.03,502.27
20171114,930955,中证红利低波动100指数,红利低波100,CSI Dividend Low Volatility 100 Index,Dividend Low Volatility100,,,,10028.52,-54.51,-0.54,3276780619.0,409.68,100.0,10.98,2017-11-14,10.98,409.68
20171115,930955,中证红利低波动100指数,红利低波100,CSI Dividend Low Volatility 100 Index,Dividend Low Volatility100,,,,9968.91,-59.62,-0.59,2924556464.0,384.18,100.0,10.92,2017-11-15,10.92,384.18
20171116,930955,中证红利低波动100指数,红利低波100,CSI Dividend Low Volatility 100 Index,Dividend Low Volatility100,,,,9949.74,-19.16,-0.19,2744958187.0,386.79,100.0,10.92,2017-11-16,10.92,386.79
20171117,930955,中证红利低波动100指数,红利低波100,CSI Dividend Low Volatility 100 Index,Dividend Low Volatility100,,,,9960.49,10.75,0.11,5892679722.0,732.07,100.0,11.1,2017-11-17,11.1,732.07
20171120,930955,中证红利低波动100指数,红利低波100,CSI Dividend Low Volatility 100 Index,Dividend Low Volatility100,,,,9987.26,26.76,0.27,4160408698.0,552.14,100.0,11.17,2017-11-20,11.17,552.14
20171121,930955,中证红利低波动100指数,红利低波100,CSI Dividend Low Volatility 100 Index,Dividend Low Volatility100,,,,10054.07,66.81,0.67,5346694999.0,726.93,100.0,11.23,2017-11-21,11.23,726.93
20171122,930955,中证红利低波动100指数,红利低波100,CSI Dividend Low Volatility 100 Index,Dividend Low Volatility100,,,,10114.51,60.44,0.6,5894820943.0,751.61,100.0,11.39,2017-11-22,11.39,751.61
20171123,930955,中证红利低波动100指数,红利低波100,CSI Dividend Low Volatility 100 Index,Dividend Low Volatility100,,,,9939.64,-174.87,-1.73,5405421397.0,691.37,100.0,11.17,2017-11-23,11.17,691.37
20171124,930955,中证红利低波动100指数,红利低波100,CSI Dividend Low Volatility 100 Index,Dividend Low Volatility100,,,,9950.16,10.52,0.11,3688513220.0,506.14,100.0,11.19,2017-11-24,11.19,506.14
20171127,930955,中证红利低波动100指数,红利低波100,CSI Dividend Low Volatility 100 Index,Dividend Low Volatility100,,,,9874.14,-76.02,-0.76,4081071333.0,535.35,100.0,11.1,2017-11-27,11.1,535.35
20171128,930955,中证红利低波动100指数,红利低波100,CSI Dividend Low Volatility 100 Index,Dividend Low Volatility100,,,,9854.44,-19.7,-0.2,2654095348.0,357.47,100.0,11.02,2017-11-28,11.02,357.47
20171129,930955,中证红利低波动100指数,红利低波100,CSI Dividend Low Volatility 100 Index,Dividend Low Volatility100,,,,9834.43,-20.01,-0.2,2836286237.0,375.29,100.0,11.0,2017-11-29,11.0,375.29
20171130,930955,中证红利低波动100指数,红利低波100,CSI Dividend Low Volatility 100 Index,Dividend Low Volatility100,,,,9797.76,-36.67,-0.37,2732672947.0,377.55,100.0,10.93,2017-11-30,10.93,377.55
20171201,930955,中证红利低波动100指数,红利低波100,CSI Dividend Low Volatility 100 Index,Dividend Low Volatility100,,,,9815.14,17.38,0.18,2792114961.0,388.78,100.0,10.89,2017-12-01,10.89,388.78
20171204,930955,中证红利低波动100指数,红利低波100,CSI Dividend Low Volatility 100 Index,Dividend Low Volatility100,,,,9791.44,-23.7,-0.24,2453114681.0,353.95,100.0,10.92,2017-12-04,10.92,353.95
20171205,930955,中证红利低波动100指数,红利低波100,CSI Dividend Low Volatility 100 Index,Dividend Low Volatility100,,,,9809.29,17.85,0.18,5113710437.0,618.67,100.0,11.07,2017-12-05,11.07,618.67
20171206,930955,中证红利低波动100指数,红利低波100,CSI Dividend Low Volatility 100 Index,Dividend Low Volatility100,,,,9787.72,-21.57,-0.22,2905908580.0,392.97,100.0,10.97,2017-12-06,10.97,392.97
20171207,930955,中证红利低波动100指数,红利低波100,CSI Dividend Low Volatility 100 Index,Dividend Low Volatility100,,,,9727.09,-60.63,-0.62,2447945962.0,323.47,100.0,10.87,2017-12-07,10.87,323.47
20171208,930955,中证红利低波动100指数,红利低波100,CSI Dividend Low Volatility 100 Index,Dividend Low Volatility100,,,,9737.33,10.24,0.11,2219665157.0,311.83,100.0,10.89,2017-12-08,10.89,311.83
20171211,930955,中证红利低波动100指数,红利低波100,CSI Dividend Low Volatility 100 Index,Dividend Low Volatility100,,,,9790.45,53.12,0.55,2492174448.0,244.91,100.0,10.27,2017-12-11,10.27,244.91
20171212,930955,中证红利低波动100指数,红利低波100,CSI Dividend Low Volatility 100 Index,Dividend Low Volatility100,,,,9698.35,-92.1,-0.94,2094172196.0,209.04,100.0,10.16,2017-12-12,10.16,209.04
20171213,930955,中证红利低波动100指数,红利低波100,CSI Dividend Low Volatility 100 Index,Dividend Low Volatility100,,,,9743.12,44.78,0.46,1900842261.0,184.61,100.0,10.2,2017-12-13,10.2,184.61
20171214,930955,中证红利低波动100指数,红利低波100,CSI Dividend Low Volatility 100 Index,Dividend Low Volatility100,,,,9716.52,-26.61,-0.27,2096077868.0,198.39,100.0,10.15,2017-12-14,10.15,198.39
20171215,930955,中证红利低波动100指数,红利低波100,CSI Dividend Low Volatility 100 Index,Dividend Low Volatility100,,,,9671.28,-45.23,-0.47,2184412173.0,203.11,100.0,10.07,2017-12-15,10.07,203.11
20171218,930955,中证红利低波动100指数,红利低波100,CSI Dividend Low Volatility 100 Index,Dividend Low Volatility100,,,,9654.11,-17.17,-0.18,1778091699.0,166.73,100.0,10.08,2017-12-18,10.08,166.73
20171219,930955,中证红利低波动100指数,红利低波100,CSI Dividend Low Volatility 100 Index,Dividend Low Volatility100,,,,9709.82,55.71,0.58,2231120770.0,219.66,100.0,10.17,2017-12-19,10.17,219.66
20171220,930955,中证红利低波动100指数,红利低波100,CSI Dividend Low Volatility 100 Index,Dividend Low Volatility100,,,,9671.66,-38.16,-0.39,2295712875.0,212.87,100.0,10.16,2017-12-20,10.16,212.87
20171221,930955,中证红利低波动100指数,红利低波100,CSI Dividend Low Volatility 100 Index,Dividend Low Volatility100,,,,9686.8,15.14,0.16,2268523959.0,225.21,100.0,10.18,2017-12-21,10.18,225.21
20171222,930955,中证红利低波动100指数,红利低波100,CSI Dividend Low Volatility 100 Index,Dividend Low Volatility100,,,,9679.79,-7.01,-0.07,1752891227.0,169.22,100.0,10.16,2017-12-22,10.16,169.22
20171225,930955,中证红利低波动100指数,红利低波100,CSI Dividend Low Volatility 100 Index,Dividend Low Volatility100,,,,9618.17,-61.62,-0.64,2388640605.0,222.91,100.0,10.15,2017-12-25,10.15,222.91
20171226,930955,中证红利低波动100指数,红利低波100,CSI Dividend Low Volatility 100 Index,Dividend Low Volatility100,,,,9675.03,56.86,0.59,2340483983.0,210.47,100.0,10.24,2017-12-26,10.24,210.47
20171227,930955,中证红利低波动100指数,红利低波100,CSI Dividend Low Volatility 100 Index,Dividend Low Volatility100,,,,9620.31,-54.72,-0.57,2694067556.0,244.08,100.0,10.18,2017-12-27,10.18,244.08
20171228,930955,中证红利低波动100指数,红利低波100,CSI Dividend Low Volatility 100 Index,Dividend Low Volatility100,,,,9627.01,6.7,0.07,2622697916.0,242.17,100.0,10.2,2017-12-28,10.2,242.17
20171229,930955,中证红利低波动100指数,红利低波100,CSI Dividend Low Volatility 100 Index,Dividend Low Volatility100,,,,9679.84,52.83,0.55,2248132394.0,196.05,100.0,10.25,2017-12-29,10.25,196.05
20180102,930955,中证红利低波动100指数,红利低波100,CSI Dividend Low Volatility 100 Index,Dividend Low Volatility100,,,,9781.39,101.55,1.05,4629192123.0,374.74,100.0,10.36,2018-01-02,10.36,374.74
20180103,930955,中证红利低波动100指数,红利低波100,CSI Dividend Low Volatility 100 Index,Dividend Low Volatility100,,,,9835.11,53.72,0.55,3588848639.0,347.22,100.0,10.4,2018-01-03,10.4,347.22
20180104,930955,中证红利低波动100指数,红利低波100,CSI Dividend Low Volatility 100 Index,Dividend Low Volatility100,,,,9851.59,16.47,0.17,3607437409.0,322.47,100.0,10.45,2018-01-04,10.45,322.47
20180105,930955,中证红利低波动100指数,红利低波100,CSI Dividend Low Volatility 100 Index,Dividend Low Volatility100,,,,9891.06,39.48,0.4,3595510691.0,325.78,100.0,10.48,2018-01-05,10.48,325.78
20180108,930955,中证红利低波动100指数,红利低波100,CSI Dividend Low Volatility 100 Index,Dividend Low Volatility100,,,,9929.14,38.08,0.39,4011826078.0,387.08,100.0,10.49,2018-01-08,10.49,387.08
20180109,930955,中证红利低波动100指数,红利低波100,CSI Dividend Low Volatility 100 Index,Dividend Low Volatility100,,,,9905.32,-23.83,-0.24,3214284589.0,301.35,100.0,10.46,2018-01-09,10.46,301.35
20180110,930955,中证红利低波动100指数,红利低波100,CSI Dividend Low Volatility 100 Index,Dividend Low Volatility100,,,,9922.56,17.24,0.17,5056221912.0,455.48,100.0,10.61,2018-01-10,10.61,455.48
20180111,930955,中证红利低波动100指数,红利低波100,CSI Dividend Low Volatility 100 Index,Dividend Low Volatility100,,,,9935.62,13.07,0.13,3669956418.0,334.41,100.0,10.65,2018-01-11,10.65,334.41
20180112,930955,中证红利低波动100指数,红利低波100,CSI Dividend Low Volatility 100 Index,Dividend Low Volatility100,,,,9941.22,5.6,0.06,3272716705.0,300.94,100.0,10.68,2018-01-12,10.68,300.94
20180115,930955,中证红利低波动100指数,红利低波100,CSI Dividend Low Volatility 100 Index,Dividend Low Volatility100,,,,9890.53,-50.69,-0.51,5436276736.0,509.01,100.0,10.81,2018-01-15,10.81,509.01
20180116,930955,中证红利低波动100指数,红利低波100,CSI Dividend Low Volatility 100 Index,Dividend Low Volatility100,,,,9995.44,104.91,1.06,5284019060.0,483.02,100.0,10.87,2018-01-16,10.87,483.02
20180117,930955,中证红利低波动100指数,红利低波100,CSI Dividend Low Volatility 100 Index,Dividend Low Volatility100,,,,10047.12,51.67,0.52,7422860570.0,708.66,100.0,10.98,2018-01-17,10.98,708.66
20180118,930955,中证红利低波动100指数,红利低波100,CSI Dividend Low Volatility 100 Index,Dividend Low Volatility100,,,,10128.64,81.53,0.81,6539932066.0,592.81,100.0,11.17,2018-01-18,11.17,592.81
20180119,930955,中证红利低波动100指数,红利低波100,CSI Dividend Low Volatility 100 Index,Dividend Low Volatility100,,,,10178.37,49.73,0.49,7719620947.0,740.29,100.0,11.28,2018-01-19,11.28,740.29
20180122,930955,中证红利低波动100指数,红利低波100,CSI Dividend Low Volatility 100 Index,Dividend Low Volatility100,,,,10220.94,42.57,0.42,6540324402.0,592.17,100.0,11.22,2018-01-22,11.22,592.17
20180123,930955,中证红利低波动100指数,红利低波100,CSI Dividend Low Volatility 100 Index,Dividend Low Volatility100,,,,10317.51,96.57,0.94,8532055789.0,732.46,100.0,11.51,2018-01-23,11.51,732.46
20180124,930955,中证红利低波动100指数,红利低波100,CSI Dividend Low Volatility 100 Index,Dividend Low Volatility100,,,,10392.43,74.92,0.73,8609927960.0,834.89,100.0,11.61,2018-01-24,11.61,834.89
20180125,930955,中证红利低波动100指数,红利低波100,CSI Dividend Low Volatility 100 Index,Dividend Low Volatility100,,,,10357.4,-35.03,-0.34,6087805249.0,578.59,100.0,11.54,2018-01-25,11.54,578.59
20180126,930955,中证红利低波动100指数,红利低波100,CSI Dividend Low Volatility 100 Index,Dividend Low Volatility100,,,,10402.68,45.29,0.44,7045298203.0,619.58,100.0,11.57,2018-01-26,11.57,619.58
20180129,930955,中证红利低波动100指数,红利低波100,CSI Dividend Low Volatility 100 Index,Dividend Low Volatility100,,,,10312.4,-90.28,-0.87,6203721862.0,588.25,100.0,11.52,2018-01-29,11.52,588.25
20180130,930955,中证红利低波动100指数,红利低波100,CSI Dividend Low Volatility 100 Index,Dividend Low Volatility100,,,,10246.66,-65.73,-0.64,4433580276.0,421.6,100.0,11.33,2018-01-30,11.33,421.6
20180131,930955,中证红利低波动100指数,红利低波100,CSI Dividend Low Volatility 100 Index,Dividend Low Volatility100,,,,10166.31,-80.35,-0.78,4734327381.0,447.98,100.0,11.37,2018-01-31,11.37,447.98
20180201,930955,中证红利低波动100指数,红利低波100,CSI Dividend Low Volatility 100 Index,Dividend Low Volatility100,,,,10064.39,-101.92,-1.0,6222137650.0,580.25,100.0,11.47,2018-02-01,11.47,580.25
20180202,930955,中证红利低波动100指数,红利低波100,CSI Dividend Low Volatility 100 Index,Dividend Low Volatility100,,,,10085.26,20.87,0.21,4222421752.0,395.93,100.0,11.52,2018-02-02,11.52,395.93
20180205,930955,中证红利低波动100指数,红利低波100,CSI Dividend Low Volatility 100 Index,Dividend Low Volatility100,,,,10233.59,148.33,1.47,6165225022.0,569.76,100.0,11.78,2018-02-05,11.78,569.76
20180206,930955,中证红利低波动100指数,红利低波100,CSI Dividend Low Volatility 100 Index,Dividend Low Volatility100,,,,9966.26,-267.33,-2.61,8472318254.0,779.86,100.0,11.51,2018-02-06,11.51,779.86
20180207,930955,中证红利低波动100指数,红利低波100,CSI Dividend Low Volatility 100 Index,Dividend Low Volatility100,,,,9840.08,-126.18,-1.27,8043711832.0,734.5,100.0,11.16,2018-02-07,11.16,734.5
20180208,930955,中证红利低波动100指数,红利低波100,CSI Dividend Low Volatility 100 Index,Dividend Low Volatility100,,,,9733.61,-106.47,-1.08,6075762096.0,515.55,100.0,10.83,2018-02-08,10.83,515.55
20180209,930955,中证红利低波动100指数,红利低波100,CSI Dividend Low Volatility 100 Index,Dividend Low Volatility100,,,,9372.76,-360.85,-3.71,7654657054.0,638.45,100.0,10.43,2018-02-09,10.43,638.45
20180212,930955,中证红利低波动100指数,红利低波100,CSI Dividend Low Volatility 100 Index,Dividend Low Volatility100,,,,9431.09,58.33,0.62,3948423370.0,324.72,100.0,10.36,2018-02-12,10.36,324.72
20180213,930955,中证红利低波动100指数,红利低波100,CSI Dividend Low Volatility 100 Index,Dividend Low Volatility100,,,,9497.64,66.55,0.71,4010029537.0,334.03,100.0,10.5,2018-02-13,10.5,334.03
20180214,930955,中证红利低波动100指数,红利低波100,CSI Dividend Low Volatility 100 Index,Dividend Low Volatility100,,,,9492.95,-4.69,-0.05,2198877920.0,190.78,100.0,10.52,2018-02-14,10.52,190.78
20180222,930955,中证红利低波动100指数,红利低波100,CSI Dividend Low Volatility 100 Index,Dividend Low Volatility100,,,,9659.04,166.09,1.75,3351661469.0,286.09,100.0,10.74,2018-02-22,10.74,286.09
20180223,930955,中证红利低波动100指数,红利低波100,CSI Dividend Low Volatility 100 Index,Dividend Low Volatility100,,,,9686.67,27.62,0.29,2863716226.0,250.79,100.0,10.81,2018-02-23,10.81,250.79
20180226,930955,中证红利低波动100指数,红利低波100,CSI Dividend Low Volatility 100 Index,Dividend Low Volatility100,,,,9786.86,100.2,1.03,3771768468.0,324.94,100.0,10.87,2018-02-26,10.87,324.94
20180227,930955,中证红利低波动100指数,红利低波100,CSI Dividend Low Volatility 100 Index,Dividend Low Volatility100,,,,9698.0,-88.87,-0.91,3704938824.0,313.36,100.0,10.68,2018-02-27,10.68,313.36
20180228,930955,中证红利低波动100指数,红利低波100,CSI Dividend Low Volatility 100 Index,Dividend Low Volatility100,,,,9639.98,-58.01,-0.6,2904346662.0,253.0,100.0,10.53,2018-02-28,10.53,253.0
20180301,930955,中证红利低波动100指数,红利低波100,CSI Dividend Low Volatility 100 Index,Dividend Low Volatility100,,,,9678.43,38.44,0.4,2662201429.0,234.41,100.0,10.55,2018-03-01,10.55,234.41
20180302,930955,中证红利低波动100指数,红利低波100,CSI Dividend Low Volatility 100 Index,Dividend Low Volatility100,,,,9658.77,-19.65,-0.2,2462640002.0,211.47,100.0,10.49,2018-03-02,10.49,211.47
20180305,930955,中证红利低波动100指数,红利低波100,CSI Dividend Low Volatility 100 Index,Dividend Low Volatility100,,,,9655.32,-3.45,-0.04,2396181907.0,200.79,100.0,10.48,2018-03-05,10.48,200.79
20180306,930955,中证红利低波动100指数,红利低波100,CSI Dividend Low Volatility 100 Index,Dividend Low Volatility100,,,,9762.64,107.32,1.11,4101672993.0,325.77,100.0,10.53,2018-03-06,10.53,325.77
20180307,930955,中证红利低波动100指数,红利低波100,CSI Dividend Low Volatility 100 Index,Dividend Low Volatility100,,,,9733.41,-29.23,-0.3,3715443705.0,303.68,100.0,10.52,2018-03-07,10.52,303.68
20180308,930955,中证红利低波动100指数,红利低波100,CSI Dividend Low Volatility 100 Index,Dividend Low Volatility100,,,,9786.63,53.22,0.55,2743253723.0,217.5,100.0,10.52,2018-03-08,10.52,217.5
20180309,930955,中证红利低波动100指数,红利低波100,CSI Dividend Low Volatility 100 Index,Dividend Low Volatility100,,,,9833.37,46.74,0.48,2701659175.0,241.76,100.0,10.54,2018-03-09,10.54,241.76
20180312,930955,中证红利低波动100指数,红利低波100,CSI Dividend Low Volatility 100 Index,Dividend Low Volatility100,,,,9880.62,47.25,0.48,3636069439.0,284.75,100.0,9.33,2018-03-12,9.33,284.75
20180313,930955,中证红利低波动100指数,红利低波100,CSI Dividend Low Volatility 100 Index,Dividend Low Volatility100,,,,9825.2,-55.42,-0.56,3393131023.0,240.5,100.0,9.33,2018-03-13,9.33,240.5
20180314,930955,中证红利低波动100指数,红利低波100,CSI Dividend Low Volatility 100 Index,Dividend Low Volatility100,,,,9760.52,-64.67,-0.66,2269867952.0,175.25,100.0,9.27,2018-03-14,9.27,175.25
20180315,930955,中证红利低波动100指数,红利低波100,CSI Dividend Low Volatility 100 Index,Dividend Low Volatility100,,,,9739.69,-20.84,-0.21,1971595559.0,146.55,100.0,9.28,2018-03-15,9.28,146.55
20180316,930955,中证红利低波动100指数,红利低波100,CSI Dividend Low Volatility 100 Index,Dividend Low Volatility100,,,,9708.13,-31.55,-0.32,2406612406.0,185.8,100.0,9.2,2018-03-16,9.2,185.8
20180319,930955,中证红利低波动100指数,红利低波100,CSI Dividend Low Volatility 100 Index,Dividend Low Volatility100,,,,9707.69,-0.44,0.0,1979124055.0,156.55,100.0,9.23,2018-03-19,9.23,156.55
20180320,930955,中证红利低波动100指数,红利低波100,CSI Dividend Low Volatility 100 Index,Dividend Low Volatility100,,,,9729.27,21.58,0.22,2287960572.0,180.29,100.0,9.31,2018-03-20,9.31,180.29
20180321,930955,中证红利低波动100指数,红利低波100,CSI Dividend Low Volatility 100 Index,Dividend Low Volatility100,,,,9702.16,-27.11,-0.28,2673626011.0,212.18,100.0,9.29,2018-03-21,9.29,212.18
20180322,930955,中证红利低波动100指数,红利低波100,CSI Dividend Low Volatility 100 Index,Dividend Low Volatility100,,,,9669.51,-32.64,-0.34,2498686748.0,195.44,100.0,9.25,2018-03-22,9.25,195.44
20180323,930955,中证红利低波动100指数,红利低波100,CSI Dividend Low Volatility 100 Index,Dividend Low Volatility100,,,,9321.99,-347.52,-3.59,5086605251.0,374.76,100.0,9.03,2018-03-23,9.03,374.76
20180326,930955,中证红利低波动100指数,红利低波100,CSI Dividend Low Volatility 100 Index,Dividend Low Volatility100,,,,9331.92,9.92,0.11,3428203246.0,244.72,100.0,8.85,2018-03-26,8.85,244.72
20180327,930955,中证红利低波动100指数,红利低波100,CSI Dividend Low Volatility 100 Index,Dividend Low Volatility100,,,,9425.4,93.49,1.0,3266829782.0,241.5,100.0,8.87,2018-03-27,8.87,241.5
20180328,930955,中证红利低波动100指数,红利低波100,CSI Dividend Low Volatility 100 Index,Dividend Low Volatility100,,,,9350.91,-74.49,-0.79,2917265418.0,215.98,100.0,8.82,2018-03-28,8.82,215.98
20180329,930955,中证红利低波动100指数,红利低波100,CSI Dividend Low Volatility 100 Index,Dividend Low Volatility100,,,,9445.51,94.6,1.01,3307946540.0,245.24,100.0,8.94,2018-03-29,8.94,245.24
20180330,930955,中证红利低波动100指数,红利低波100,CSI Dividend Low Volatility 100 Index,Dividend Low Volatility100,,,,9462.63,17.12,0.18,2521651764.0,195.76,100.0,8.9,2018-03-30,8.9,195.76
20180402,930955,中证红利低波动100指数,红利低波100,CSI Dividend Low Volatility 100 Index,Dividend Low Volatility100,,,,9447.52,-15.11,-0.16,3024425681.0,236.74,100.0,8.82,2018-04-02,8.82,236.74
20180403,930955,中证红利低波动100指数,红利低波100,CSI Dividend Low Volatility 100 Index,Dividend Low Volatility100,,,,9363.17,-84.36,-0.89,2631791982.0,202.28,100.0,8.76,2018-04-03,8.76,202.28
20180404,930955,中证红利低波动100指数,红利低波100,CSI Dividend Low Volatility 100 Index,Dividend Low Volatility100,,,,9336.08,-27.09,-0.29,2291203545.0,184.33,100.0,8.73,2018-04-04,8.73,184.33
20180409,930955,中证红利低波动100指数,红利低波100,CSI Dividend Low Volatility 100 Index,Dividend Low Volatility100,,,,9319.35,-16.73,-0.18,2109758895.0,168.56,100.0,8.76,2018-04-09,8.76,168.56
20180410,930955,中证红利低波动100指数,红利低波100,CSI Dividend Low Volatility 100 Index,Dividend Low Volatility100,,,,9434.09,114.74,1.23,3057232345.0,233.0,100.0,8.97,2018-04-10,8.97,233.0
20180411,930955,中证红利低波动100指数,红利低波100,CSI Dividend Low Volatility 100 Index,Dividend Low Volatility100,,,,9477.51,43.42,0.46,3367718989.0,247.05,100.0,9.05,2018-04-11,9.05,247.05
20180412,930955,中证红利低波动100指数,红利低波100,CSI Dividend Low Volatility 100 Index,Dividend Low Volatility100,,,,9411.1,-66.41,-0.7,2234178354.0,173.52,100.0,8.93,2018-04-12,8.93,173.52
20180413,930955,中证红利低波动100指数,红利低波100,CSI Dividend Low Volatility 100 Index,Dividend Low Volatility100,,,,9367.12,-43.97,-0.47,1847099938.0,143.44,100.0,8.86,2018-04-13,8.86,143.44
20180416,930955,中证红利低波动100指数,红利低波100,CSI Dividend Low Volatility 100 Index,Dividend Low Volatility100,,,,9244.34,-122.78,-1.31,3258008005.0,228.82,100.0,8.67,2018-04-16,8.67,228.82
20180417,930955,中证红利低波动100指数,红利低波100,CSI Dividend Low Volatility 100 Index,Dividend Low Volatility100,,,,9158.55,-85.79,-0.93,2211164339.0,169.31,100.0,8.62,2018-04-17,8.62,169.31
20180418,930955,中证红利低波动100指数,红利低波100,CSI Dividend Low Volatility 100 Index,Dividend Low Volatility100,,,,9218.61,60.06,0.66,2529459186.0,187.02,100.0,8.71,2018-04-18,8.71,187.02
20180419,930955,中证红利低波动100指数,红利低波100,CSI Dividend Low Volatility 100 Index,Dividend Low Volatility100,,,,9241.71,23.1,0.25,2037307843.0,154.43,100.0,8.74,2018-04-19,8.74,154.43
20180420,930955,中证红利低波动100指数,红利低波100,CSI Dividend Low Volatility 100 Index,Dividend Low Volatility100,,,,9092.77,-148.94,-1.61,2250258023.0,165.72,100.0,8.66,2018-04-20,8.66,165.72
20180423,930955,中证红利低波动100指数,红利低波100,CSI Dividend Low Volatility 100 Index,Dividend Low Volatility100,,,,9074.15,-18.62,-0.2,1874314314.0,143.89,100.0,8.69,2018-04-23,8.69,143.89
20180424,930955,中证红利低波动100指数,红利低波100,CSI Dividend Low Volatility 100 Index,Dividend Low Volatility100,,,,9213.22,139.07,1.53,3094960008.0,231.51,100.0,8.83,2018-04-24,8.83,231.51
20180425,930955,中证红利低波动100指数,红利低波100,CSI Dividend Low Volatility 100 Index,Dividend Low Volatility100,,,,9193.91,-19.31,-0.21,1842356289.0,149.75,100.0,8.74,2018-04-25,8.74,149.75
20180426,930955,中证红利低波动100指数,红利低波100,CSI Dividend Low Volatility 100 Index,Dividend Low Volatility100,,,,9070.32,-123.59,-1.34,1964278315.0,153.65,100.0,8.68,2018-04-26,8.68,153.65
20180427,930955,中证红利低波动100指数,红利低波100,CSI Dividend Low Volatility 100 Index,Dividend Low Volatility100,,,,9129.99,59.67,0.66,1955258393.0,156.99,100.0,8.76,2018-04-27,8.76,156.99
20180502,930955,中证红利低波动100指数,红利低波100,CSI Dividend Low Volatility 100 Index,Dividend Low Volatility100,,,,9141.62,11.64,0.13,2323823446.0,181.33,100.0,8.66,2018-05-02,8.66,181.33
20180503,930955,中证红利低波动100指数,红利低波100,CSI Dividend Low Volatility 100 Index,Dividend Low Volatility100,,,,9215.91,74.29,0.81,2323237495.0,191.39,100.0,8.69,2018-05-03,8.69,191.39
20180504,930955,中证红利低波动100指数,红利低波100,CSI Dividend Low Volatility 100 Index,Dividend Low Volatility100,,,,9212.04,-3.87,-0.04,1708929121.0,143.04,100.0,8.67,2018-05-04,8.67,143.04
20180507,930955,中证红利低波动100指数,红利低波100,CSI Dividend Low Volatility 100 Index,Dividend Low Volatility100,,,,9303.04,91.0,0.99,2184639352.0,177.2,100.0,8.74,2018-05-07,8.74,177.2
20180508,930955,中证红利低波动100指数,红利低波100,CSI Dividend Low Volatility 100 Index,Dividend Low Volatility100,,,,9331.18,28.14,0.3,2588712655.0,206.2,100.0,8.78,2018-05-08,8.78,206.2
20180509,930955,中证红利低波动100指数,红利低波100,CSI Dividend Low Volatility 100 Index,Dividend Low Volatility100,,,,9321.69,-9.48,-0.1,1719307427.0,140.29,100.0,8.79,2018-05-09,8.79,140.29
20180510,930955,中证红利低波动100指数,红利低波100,CSI Dividend Low Volatility 100 Index,Dividend Low Volatility100,,,,9363.58,41.88,0.45,1807113458.0,156.81,100.0,8.81,2018-05-10,8.81,156.81
20180511,930955,中证红利低波动100指数,红利低波100,CSI Dividend Low Volatility 100 Index,Dividend Low Volatility100,,,,9315.22,-48.36,-0.52,2048146692.0,174.5,100.0,8.82,2018-05-11,8.82,174.5
20180514,930955,中证红利低波动100指数,红利低波100,CSI Dividend Low Volatility 100 Index,Dividend Low Volatility100,,,,9319.5,4.28,0.05,2258994955.0,191.48,100.0,8.84,2018-05-14,8.84,191.48
20180515,930955,中证红利低波动100指数,红利低波100,CSI Dividend Low Volatility 100 Index,Dividend Low Volatility100,,,,9365.6,46.1,0.49,1986347792.0,161.16,100.0,8.85,2018-05-15,8.85,161.16
20180516,930955,中证红利低波动100指数,红利低波100,CSI Dividend Low Volatility 100 Index,Dividend Low Volatility100,,,,9355.73,-9.87,-0.11,2071179640.0,169.61,100.0,8.76,2018-05-16,8.76,169.61
20180517,930955,中证红利低波动100指数,红利低波100,CSI Dividend Low Volatility 100 Index,Dividend Low Volatility100,,,,9338.35,-17.38,-0.19,1538473470.0,128.91,100.0,8.74,2018-05-17,8.74,128.91
20180518,930955,中证红利低波动100指数,红利低波100,CSI Dividend Low Volatility 100 Index,Dividend Low Volatility100,,,,9383.84,45.49,0.49,2027654654.0,162.02,100.0,8.85,2018-05-18,8.85,162.02
20180521,930955,中证红利低波动100指数,红利低波100,CSI Dividend Low Volatility 100 Index,Dividend Low Volatility100,,,,9457.99,74.15,0.79,2513378278.0,198.13,100.0,8.86,2018-05-21,8.86,198.13
20180522,930955,中证红利低波动100指数,红利低波100,CSI Dividend Low Volatility 100 Index,Dividend Low Volatility100,,,,9463.58,5.59,0.06,2117967363.0,166.44,100.0,8.82,2018-05-22,8.82,166.44
20180523,930955,中证红利低波动100指数,红利低波100,CSI Dividend Low Volatility 100 Index,Dividend Low Volatility100,,,,9412.06,-51.52,-0.54,2569296046.0,190.41,100.0,8.7,2018-05-23,8.7,190.41
20180524,930955,中证红利低波动100指数,红利低波100,CSI Dividend Low Volatility 100 Index,Dividend Low Volatility100,,,,9376.7,-35.36,-0.38,2157026706.0,165.08,100.0,8.64,2018-05-24,8.64,165.08
20180525,930955,中证红利低波动100指数,红利低波100,CSI Dividend Low Volatility 100 Index,Dividend Low Volatility100,,,,9343.76,-32.94,-0.35,2018657727.0,154.76,100.0,8.59,2018-05-25,8.59,154.76
20180528,930955,中证红利低波动100指数,红利低波100,CSI Dividend Low Volatility 100 Index,Dividend Low Volatility100,,,,9317.36,-26.4,-0.28,1794770820.0,146.8,100.0,8.56,2018-05-28,8.56,146.8
20180529,930955,中证红利低波动100指数,红利低波100,CSI Dividend Low Volatility 100 Index,Dividend Low Volatility100,,,,9277.23,-40.13,-0.43,2398881289.0,193.71,100.0,8.55,2018-05-29,8.55,193.71
20180530,930955,中证红利低波动100指数,红利低波100,CSI Dividend Low Volatility 100 Index,Dividend Low Volatility100,,,,9081.32,-195.91,-2.11,2356047228.0,189.74,100.0,8.38,2018-05-30,8.38,189.74
20180531,930955,中证红利低波动100指数,红利低波100,CSI Dividend Low Volatility 100 Index,Dividend Low Volatility100,,,,9208.84,127.52,1.4,2503964983.0,195.63,100.0,8.47,2018-05-31,8.47,195.63
20180601,930955,中证红利低波动100指数,红利低波100,CSI Dividend Low Volatility 100 Index,Dividend Low Volatility100,,,,9133.71,-75.13,-0.82,1942266411.0,151.99,100.0,8.45,2018-06-01,8.45,151.99
20180604,930955,中证红利低波动100指数,红利低波100,CSI Dividend Low Volatility 100 Index,Dividend Low Volatility100,,,,9140.38,6.67,0.07,1961641200.0,144.88,100.0,8.5,2018-06-04,8.5,144.88
20180605,930955,中证红利低波动100指数,红利低波100,CSI Dividend Low Volatility 100 Index,Dividend Low Volatility100,,,,9175.56,35.19,0.38,1791063104.0,137.9,100.0,8.46,2018-06-05,8.46,137.9
20180606,930955,中证红利低波动100指数,红利低波100,CSI Dividend Low Volatility 100 Index,Dividend Low Volatility100,,,,9163.27,-12.3,-0.13,1672880603.0,127.6,100.0,8.42,2018-06-06,8.42,127.6
20180607,930955,中证红利低波动100指数,红利低波100,CSI Dividend Low Volatility 100 Index,Dividend Low Volatility100,,,,9089.62,-73.65,-0.8,2148211319.0,170.78,100.0,8.43,2018-06-07,8.43,170.78
20180608,930955,中证红利低波动100指数,红利低波100,CSI Dividend Low Volatility 100 Index,Dividend Low Volatility100,,,,8949.07,-140.55,-1.55,2395057804.0,178.3,100.0,8.3,2018-06-08,8.3,178.3
20180611,930955,中证红利低波动100指数,红利低波100,CSI Dividend Low Volatility 100 Index,Dividend Low Volatility100,,,,8902.97,-46.1,-0.52,1718530962.0,122.01,100.0,9.19,2018-06-11,9.19,122.01
20180612,930955,中证红利低波动100指数,红利低波100,CSI Dividend Low Volatility 100 Index,Dividend Low Volatility100,,,,8955.76,52.79,0.59,1578543901.0,118.87,100.0,9.23,2018-06-12,9.23,118.87
20180613,930955,中证红利低波动100指数,红利低波100,CSI Dividend Low Volatility 100 Index,Dividend Low Volatility100,,,,8889.98,-65.79,-0.73,1637299144.0,118.03,100.0,9.19,2018-06-13,9.19,118.03
20180614,930955,中证红利低波动100指数,红利低波100,CSI Dividend Low Volatility 100 Index,Dividend Low Volatility100,,,,8879.35,-10.63,-0.12,1722434286.0,124.2,100.0,9.2,2018-06-14,9.2,124.2
20180615,930955,中证红利低波动100指数,红利低波100,CSI Dividend Low Volatility 100 Index,Dividend Low Volatility100,,,,8826.32,-53.02,-0.6,2346194783.0,169.68,100.0,9.22,2018-06-15,9.22,169.68
20180618,930955,中证红利低波动100指数,红利低波100,CSI Dividend Low Volatility 100 Index,Dividend Low Volatility100,,,,8826.32,0.0,0.0,0.0,0.0,100.0,9.22,2018-06-18,9.22,0.0
20180619,930955,中证红利低波动100指数,红利低波100,CSI Dividend Low Volatility 100 Index,Dividend Low Volatility100,,,,8423.53,-402.8,-4.56,4930639862.0,336.38,100.0,9.05,2018-06-19,9.05,336.38
20180620,930955,中证红利低波动100指数,红利低波100,CSI Dividend Low Volatility 100 Index,Dividend Low Volatility100,,,,8466.15,42.63,0.51,1951629102.0,136.09,100.0,9.01,2018-06-20,9.01,136.09
20180621,930955,中证红利低波动100指数,红利低波100,CSI Dividend Low Volatility 100 Index,Dividend Low Volatility100,,,,8371.9,-94.25,-1.11,1943714848.0,134.69,100.0,8.96,2018-06-21,8.96,134.69
20180622,930955,中证红利低波动100指数,红利低波100,CSI Dividend Low Volatility 100 Index,Dividend Low Volatility100,,,,8417.23,45.32,0.54,1683481568.0,117.18,100.0,8.93,2018-06-22,8.93,117.18
20180625,930955,中证红利低波动100指数,红利低波100,CSI Dividend Low Volatility 100 Index,Dividend Low Volatility100,,,,8363.6,-53.63,-0.64,1724953262.0,120.05,100.0,8.83,2018-06-25,8.83,120.05
20180626,930955,中证红利低波动100指数,红利低波100,CSI Dividend Low Volatility 100 Index,Dividend Low Volatility100,,,,8323.15,-40.45,-0.48,2133074502.0,142.43,100.0,8.72,2018-06-26,8.72,142.43
20180627,930955,中证红利低波动100指数,红利低波100,CSI Dividend Low Volatility 100 Index,Dividend Low Volatility100,,,,8269.92,-53.23,-0.64,2186889639.0,144.17,100.0,8.7,2018-06-27,8.7,144.17
20180628,930955,中证红利低波动100指数,红利低波100,CSI Dividend Low Volatility 100 Index,Dividend Low Volatility100,,,,8224.83,-45.09,-0.55,1923482355.0,128.09,100.0,8.66,2018-06-28,8.66,128.09
20180629,930955,中证红利低波动100指数,红利低波100,CSI Dividend Low Volatility 100 Index,Dividend Low Volatility100,,,,8348.49,123.66,1.5,1689932041.0,111.31,100.0,8.66,2018-06-29,8.66,111.31
20180702,930955,中证红利低波动100指数,红利低波100,CSI Dividend Low Volatility 100 Index,Dividend Low Volatility100,,,,8207.27,-141.22,-1.69,2279148793.0,144.7,100.0,8.4,2018-07-02,8.4,144.7
20180703,930955,中证红利低波动100指数,红利低波100,CSI Dividend Low Volatility 100 Index,Dividend Low Volatility100,,,,8276.93,69.66,0.85,2334332206.0,145.97,100.0,8.44,2018-07-03,8.44,145.97
20180704,930955,中证红利低波动100指数,红利低波100,CSI Dividend Low Volatility 100 Index,Dividend Low Volatility100,,,,8241.31,-35.62,-0.43,1688864432.0,105.33,100.0,8.43,2018-07-04,8.43,105.33
20180705,930955,中证红利低波动100指数,红利低波100,CSI Dividend Low Volatility 100 Index,Dividend Low Volatility100,,,,8148.42,-92.9,-1.13,2136308937.0,132.44,100.0,8.36,2018-07-05,8.36,132.44
20180706,930955,中证红利低波动100指数,红利低波100,CSI Dividend Low Volatility 100 Index,Dividend Low Volatility100,,,,8140.16,-8.25,-0.1,2028419601.0,123.56,100.0,8.38,2018-07-06,8.38,123.56
20180709,930955,中证红利低波动100指数,红利低波100,CSI Dividend Low Volatility 100 Index,Dividend Low Volatility100,,,,8288.09,147.92,1.82,2107972432.0,129.75,100.0,8.62,2018-07-09,8.62,129.75
20180710,930955,中证红利低波动100指数,红利低波100,CSI Dividend Low Volatility 100 Index,Dividend Low Volatility100,,,,8301.75,13.67,0.16,1600580793.0,100.8,100.0,8.64,2018-07-10,8.64,100.8
20180711,930955,中证红利低波动100指数,红利低波100,CSI Dividend Low Volatility 100 Index,Dividend Low Volatility100,,,,8172.97,-128.79,-1.55,1717162115.0,108.72,100.0,8.52,2018-07-11,8.52,108.72
20180712,930955,中证红利低波动100指数,红利低波100,CSI Dividend Low Volatility 100 Index,Dividend Low Volatility100,,,,8328.82,155.86,1.91,2307776884.0,151.82,100.0,8.67,2018-07-12,8.67,151.82
20180713,930955,中证红利低波动100指数,红利低波100,CSI Dividend Low Volatility 100 Index,Dividend Low Volatility100,,,,8289.34,-39.48,-0.47,1516570371.0,99.66,100.0,8.54,2018-07-13,8.54,99.66
20180716,930955,中证红利低波动100指数,红利低波100,CSI Dividend Low Volatility 100 Index,Dividend Low Volatility100,,,,8240.0,-49.34,-0.6,1593179072.0,101.1,100.0,8.42,2018-07-16,8.42,101.1
20180717,930955,中证红利低波动100指数,红利低波100,CSI Dividend Low Volatility 100 Index,Dividend Low Volatility100,,,,8205.08,-34.92,-0.42,1355935972.0,89.43,100.0,8.34,2018-07-17,8.34,89.43
20180718,930955,中证红利低波动100指数,红利低波100,CSI Dividend Low Volatility 100 Index,Dividend Low Volatility100,,,,8262.39,57.31,0.7,1693005930.0,102.68,100.0,8.34,2018-07-18,8.34,102.68
20180719,930955,中证红利低波动100指数,红利低波100,CSI Dividend Low Volatility 100 Index,Dividend Low Volatility100,,,,8241.62,-20.77,-0.25,1588595071.0,99.11,100.0,8.31,2018-07-19,8.31,99.11
20180720,930955,中证红利低波动100指数,红利低波100,CSI Dividend Low Volatility 100 Index,Dividend Low Volatility100,,,,8394.34,152.72,1.85,3245493266.0,194.66,100.0,8.57,2018-07-20,8.57,194.66
20180723,930955,中证红利低波动100指数,红利低波100,CSI Dividend Low Volatility 100 Index,Dividend Low Volatility100,,,,8483.56,89.22,1.06,3491948693.0,220.82,100.0,8.71,2018-07-23,8.71,220.82
20180724,930955,中证红利低波动100指数,红利低波100,CSI Dividend Low Volatility 100 Index,Dividend Low Volatility100,,,,8597.19,113.63,1.34,4223083717.0,280.81,100.0,8.81,2018-07-24,8.81,280.81
20180725,930955,中证红利低波动100指数,红利低波100,CSI Dividend Low Volatility 100 Index,Dividend Low Volatility100,,,,8558.17,-39.01,-0.45,2420693253.0,160.11,100.0,8.8,2018-07-25,8.8,160.11
20180726,930955,中证红利低波动100指数,红利低波100,CSI Dividend Low Volatility 100 Index,Dividend Low Volatility100,,,,8568.95,10.77,0.13,2300693542.0,144.7,100.0,8.75,2018-07-26,8.75,144.7
20180727,930955,中证红利低波动100指数,红利低波100,CSI Dividend Low Volatility 100 Index,Dividend Low Volatility100,,,,8525.66,-43.28,-0.51,1830417333.0,119.45,100.0,8.72,2018-07-27,8.72,119.45
20180730,930955,中证红利低波动100指数,红利低波100,CSI Dividend Low Volatility 100 Index,Dividend Low Volatility100,,,,8528.17,2.51,0.03,2424108651.0,157.65,100.0,8.8,2018-07-30,8.8,157.65
20180731,930955,中证红利低波动100指数,红利低波100,CSI Dividend Low Volatility 100 Index,Dividend Low Volatility100,,,,8535.6,7.43,0.09,2084078564.0,136.17,100.0,8.85,2018-07-31,8.85,136.17
20180801,930955,中证红利低波动100指数,红利低波100,CSI Dividend Low Volatility 100 Index,Dividend Low Volatility100,,,,8411.48,-124.12,-1.45,2493742275.0,166.52,100.0,8.71,2018-08-01,8.71,166.52
20180802,930955,中证红利低波动100指数,红利低波100,CSI Dividend Low Volatility 100 Index,Dividend Low Volatility100,,,,8268.29,-143.19,-1.7,2727334302.0,177.04,100.0,8.57,2018-08-02,8.57,177.04
20180803,930955,中证红利低波动100指数,红利低波100,CSI Dividend Low Volatility 100 Index,Dividend Low Volatility100,,,,8233.33,-34.97,-0.42,1943029509.0,128.16,100.0,8.56,2018-08-03,8.56,128.16
20180806,930955,中证红利低波动100指数,红利低波100,CSI Dividend Low Volatility 100 Index,Dividend Low Volatility100,,,,8161.79,-71.53,-0.87,2198068836.0,141.73,100.0,8.56,2018-08-06,8.56,141.73
20180807,930955,中证红利低波动100指数,红利低波100,CSI Dividend Low Volatility 100 Index,Dividend Low Volatility100,,,,8349.43,187.64,2.3,2775656980.0,185.86,100.0,8.79,2018-08-07,8.79,185.86
20180808,930955,中证红利低波动100指数,红利低波100,CSI Dividend Low Volatility 100 Index,Dividend Low Volatility100,,,,8275.65,-73.78,-0.88,2202268753.0,149.3,100.0,8.71,2018-08-08,8.71,149.3
20180809,930955,中证红利低波动100指数,红利低波100,CSI Dividend Low Volatility 100 Index,Dividend Low Volatility100,,,,8373.73,98.08,1.19,2289612102.0,153.47,100.0,8.8,2018-08-09,8.8,153.47
20180810,930955,中证红利低波动100指数,红利低波100,CSI Dividend Low Volatility 100 Index,Dividend Low Volatility100,,,,8321.71,-52.02,-0.62,1931983370.0,123.52,100.0,8.74,2018-08-10,8.74,123.52
20180813,930955,中证红利低波动100指数,红利低波100,CSI Dividend Low Volatility 100 Index,Dividend Low Volatility100,,,,8282.77,-38.93,-0.47,2172476218.0,140.17,100.0,8.67,2018-08-13,8.67,140.17
20180814,930955,中证红利低波动100指数,红利低波100,CSI Dividend Low Volatility 100 Index,Dividend Low Volatility100,,,,8273.61,-9.17,-0.11,1515422649.0,98.9,100.0,8.68,2018-08-14,8.68,98.9
20180815,930955,中证红利低波动100指数,红利低波100,CSI Dividend Low Volatility 100 Index,Dividend Low Volatility100,,,,8138.78,-134.83,-1.63,1831203874.0,120.68,100.0,8.54,2018-08-15,8.54,120.68
20180816,930955,中证红利低波动100指数,红利低波100,CSI Dividend Low Volatility 100 Index,Dividend Low Volatility100,,,,8092.0,-46.78,-0.57,1889409189.0,122.58,100.0,8.5,2018-08-16,8.5,122.58
20180817,930955,中证红利低波动100指数,红利低波100,CSI Dividend Low Volatility 100 Index,Dividend Low Volatility100,,,,8015.7,-76.3,-0.94,1644451912.0,108.22,100.0,8.44,2018-08-17,8.44,108.22
20180820,930955,中证红利低波动100指数,红利低波100,CSI Dividend Low Volatility 100 Index,Dividend Low Volatility100,,,,8069.32,53.62,0.67,1747496153.0,116.07,100.0,8.58,2018-08-20,8.58,116.07
20180821,930955,中证红利低波动100指数,红利低波100,CSI Dividend Low Volatility 100 Index,Dividend Low Volatility100,,,,8135.13,65.81,0.82,1729718323.0,116.73,100.0,8.63,2018-08-21,8.63,116.73
20180822,930955,中证红利低波动100指数,红利低波100,CSI Dividend Low Volatility 100 Index,Dividend Low Volatility100,,,,8075.44,-59.69,-0.73,1190846087.0,80.43,100.0,8.57,2018-08-22,8.57,80.43
20180823,930955,中证红利低波动100指数,红利低波100,CSI Dividend Low Volatility 100 Index,Dividend Low Volatility100,,,,8098.04,22.6,0.28,1391996348.0,92.36,100.0,8.59,2018-08-23,8.59,92.36
20180824,930955,中证红利低波动100指数,红利低波100,CSI Dividend Low Volatility 100 Index,Dividend Low Volatility100,,,,8125.14,27.1,0.33,1917671803.0,122.78,100.0,8.66,2018-08-24,8.66,122.78
20180827,930955,中证红利低波动100指数,红利低波100,CSI Dividend Low Volatility 100 Index,Dividend Low Volatility100,,,,8234.59,109.45,1.35,2354434891.0,156.75,100.0,8.77,2018-08-27,8.77,156.75
20180828,930955,中证红利低波动100指数,红利低波100,CSI Dividend Low Volatility 100 Index,Dividend Low Volatility100,,,,8237.42,2.83,0.03,1630301866.0,112.34,100.0,8.75,2018-08-28,8.75,112.34
20180829,930955,中证红利低波动100指数,红利低波100,CSI Dividend Low Volatility 100 Index,Dividend Low Volatility100,,,,8193.97,-43.46,-0.53,1434775523.0,99.71,100.0,8.72,2018-08-29,8.72,99.71
20180830,930955,中证红利低波动100指数,红利低波100,CSI Dividend Low Volatility 100 Index,Dividend Low Volatility100,,,,8139.8,-54.17,-0.66,1504574972.0,99.66,100.0,8.64,2018-08-30,8.64,99.66
20180831,930955,中证红利低波动100指数,红利低波100,CSI Dividend Low Volatility 100 Index,Dividend Low Volatility100,,,,8115.53,-24.26,-0.3,2217479337.0,144.19,100.0,8.66,2018-08-31,8.66,144.19
20180903,930955,中证红利低波动100指数,红利低波100,CSI Dividend Low Volatility 100 Index,Dividend Low Volatility100,,,,8105.35,-10.18,-0.13,1634591656.0,105.45,100.0,8.66,2018-09-03,8.66,105.45
20180904,930955,中证红利低波动100指数,红利低波100,CSI Dividend Low Volatility 100 Index,Dividend Low Volatility100,,,,8172.36,67.01,0.83,1754948589.0,112.96,100.0,8.73,2018-09-04,8.73,112.96
20180905,930955,中证红利低波动100指数,红利低波100,CSI Dividend Low Volatility 100 Index,Dividend Low Volatility100,,,,8080.03,-92.33,-1.13,1630756695.0,105.09,100.0,8.6,2018-09-05,8.6,105.09
20180906,930955,中证红利低波动100指数,红利低波100,CSI Dividend Low Volatility 100 Index,Dividend Low Volatility100,,,,8038.3,-41.73,-0.52,1385141275.0,90.9,100.0,8.56,2018-09-06,8.56,90.9
20180907,930955,中证红利低波动100指数,红利低波100,CSI Dividend Low Volatility 100 Index,Dividend Low Volatility100,,,,8052.0,13.71,0.17,1414267285.0,91.7,100.0,8.57,2018-09-07,8.57,91.7
20180910,930955,中证红利低波动100指数,红利低波100,CSI Dividend Low Volatility 100 Index,Dividend Low Volatility100,,,,7990.79,-61.21,-0.76,1436266207.0,91.25,100.0,8.55,2018-09-10,8.55,91.25
20180911,930955,中证红利低波动100指数,红利低波100,CSI Dividend Low Volatility 100 Index,Dividend Low Volatility100,,,,7987.79,-3.01,-0.04,1456661328.0,92.3,100.0,8.54,2018-09-11,8.54,92.3
20180912,930955,中证红利低波动100指数,红利低波100,CSI Dividend Low Volatility 100 Index,Dividend Low Volatility100,,,,7974.36,-13.42,-0.17,1324235827.0,83.93,100.0,8.52,2018-09-12,8.52,83.93
20180913,930955,中证红利低波动100指数,红利低波100,CSI Dividend Low Volatility 100 Index,Dividend Low Volatility100,,,,8055.83,81.47,1.02,1862284229.0,120.53,100.0,8.66,2018-09-13,8.66,120.53
20180914,930955,中证红利低波动100指数,红利低波100,CSI Dividend Low Volatility 100 Index,Dividend Low Volatility100,,,,8060.65,4.82,0.06,1433956937.0,93.34,100.0,8.68,2018-09-14,8.68,93.34
20180917,930955,中证红利低波动100指数,红利低波100,CSI Dividend Low Volatility 100 Index,Dividend Low Volatility100,,,,7995.87,-64.79,-0.8,1176983468.0,75.57,100.0,7.66,2018-09-17,7.66,75.57
20180918,930955,中证红利低波动100指数,红利低波100,CSI Dividend Low Volatility 100 Index,Dividend Low Volatility100,,,,8107.72,111.85,1.4,1889624742.0,125.51,100.0,7.77,2018-09-18,7.77,125.51
20180919,930955,中证红利低波动100指数,红利低波100,CSI Dividend Low Volatility 100 Index,Dividend Low Volatility100,,,,8156.54,48.82,0.6,2323769657.0,157.39,100.0,7.82,2018-09-19,7.82,157.39
20180920,930955,中证红利低波动100指数,红利低波100,CSI Dividend Low Volatility 100 Index,Dividend Low Volatility100,,,,8151.61,-4.94,-0.06,1800141496.0,116.89,100.0,7.84,2018-09-20,7.84,116.89
20180921,930955,中证红利低波动100指数,红利低波100,CSI Dividend Low Volatility 100 Index,Dividend Low Volatility100,,,,8305.33,153.73,1.89,3399172684.0,228.03,100.0,8.12,2018-09-21,8.12,228.03
20180925,930955,中证红利低波动100指数,红利低波100,CSI Dividend Low Volatility 100 Index,Dividend Low Volatility100,,,,8275.54,-29.79,-0.36,1999699009.0,137.97,100.0,8.03,2018-09-25,8.03,137.97
20180926,930955,中证红利低波动100指数,红利低波100,CSI Dividend Low Volatility 100 Index,Dividend Low Volatility100,,,,8300.67,25.12,0.3,2808452492.0,199.16,100.0,8.09,2018-09-26,8.09,199.16
20180927,930955,中证红利低波动100指数,红利低波100,CSI Dividend Low Volatility 100 Index,Dividend Low Volatility100,,,,8278.37,-22.29,-0.27,2086387966.0,141.35,100.0,8.08,2018-09-27,8.08,141.35
20180928,930955,中证红利低波动100指数,红利低波100,CSI Dividend Low Volatility 100 Index,Dividend Low Volatility100,,,,8344.56,66.19,0.8,2455871352.0,174.84,100.0,8.18,2018-09-28,8.18,174.84
20181008,930955,中证红利低波动100指数,红利低波100,CSI Dividend Low Volatility 100 Index,Dividend Low Volatility100,,,,8136.18,-208.39,-2.5,2879380513.0,201.17,100.0,7.89,2018-10-08,7.89,201.17
20181009,930955,中证红利低波动100指数,红利低波100,CSI Dividend Low Volatility 100 Index,Dividend Low Volatility100,,,,8111.55,-24.62,-0.3,1916941656.0,131.03,100.0,7.86,2018-10-09,7.86,131.03
20181010,930955,中证红利低波动100指数,红利低波100,CSI Dividend Low Volatility 100 Index,Dividend Low Volatility100,,,,8142.47,30.92,0.38,1655506644.0,119.42,100.0,7.88,2018-10-10,7.88,119.42
20181011,930955,中证红利低波动100指数,红利低波100,CSI Dividend Low Volatility 100 Index,Dividend Low Volatility100,,,,7690.23,-452.24,-5.55,3235169606.0,210.17,100.0,7.59,2018-10-11,7.59,210.17
20181012,930955,中证红利低波动100指数,红利低波100,CSI Dividend Low Volatility 100 Index,Dividend Low Volatility100,,,,7702.73,12.5,0.16,2548668205.0,171.46,100.0,7.69,2018-10-12,7.69,171.46
20181015,930955,中证红利低波动100指数,红利低波100,CSI Dividend Low Volatility 100 Index,Dividend Low Volatility100,,,,7580.53,-122.21,-1.59,1897891247.0,126.63,100.0,7.58,2018-10-15,7.58,126.63
20181016,930955,中证红利低波动100指数,红利低波100,CSI Dividend Low Volatility 100 Index,Dividend Low Volatility100,,,,7500.04,-80.49,-1.06,1838308131.0,127.12,100.0,7.6,2018-10-16,7.6,127.12
20181017,930955,中证红利低波动100指数,红利低波100,CSI Dividend Low Volatility 100 Index,Dividend Low Volatility100,,,,7566.33,66.29,0.88,2086269099.0,142.56,100.0,7.65,2018-10-17,7.65,142.56
20181018,930955,中证红利低波动100指数,红利低波100,CSI Dividend Low Volatility 100 Index,Dividend Low Volatility100,,,,7424.14,-142.19,-1.88,1986292179.0,131.97,100.0,7.49,2018-10-18,7.49,131.97
20181019,930955,中证红利低波动100指数,红利低波100,CSI Dividend Low Volatility 100 Index,Dividend Low Volatility100,,,,7586.62,162.47,2.19,2671763669.0,177.68,100.0,7.68,2018-10-19,7.68,177.68
20181022,930955,中证红利低波动100指数,红利低波100,CSI Dividend Low Volatility 100 Index,Dividend Low Volatility100,,,,7889.83,303.21,4.0,3763862585.0,255.28,100.0,7.91,2018-10-22,7.91,255.28
20181023,930955,中证红利低波动100指数,红利低波100,CSI Dividend Low Volatility 100 Index,Dividend Low Volatility100,,,,7756.04,-133.79,-1.7,2914699946.0,195.57,100.0,7.73,2018-10-23,7.73,195.57
20181024,930955,中证红利低波动100指数,红利低波100,CSI Dividend Low Volatility 100 Index,Dividend Low Volatility100,,,,7814.3,58.26,0.75,3362829382.0,215.66,100.0,7.83,2018-10-24,7.83,215.66
20181025,930955,中证红利低波动100指数,红利低波100,CSI Dividend Low Volatility 100 Index,Dividend Low Volatility100,,,,7865.86,51.56,0.66,3012162784.0,189.32,100.0,7.88,2018-10-25,7.88,189.32
20181026,930955,中证红利低波动100指数,红利低波100,CSI Dividend Low Volatility 100 Index,Dividend Low Volatility100,,,,7880.75,14.89,0.19,3006704954.0,188.9,100.0,7.9,2018-10-26,7.9,188.9
20181029,930955,中证红利低波动100指数,红利低波100,CSI Dividend Low Volatility 100 Index,Dividend Low Volatility100,,,,7790.12,-90.63,-1.15,2868629287.0,195.16,100.0,7.77,2018-10-29,7.77,195.16
20181030,930955,中证红利低波动100指数,红利低波100,CSI Dividend Low Volatility 100 Index,Dividend Low Volatility100,,,,7878.74,88.62,1.14,3242348324.0,212.33,100.0,7.86,2018-10-30,7.86,212.33
20181031,930955,中证红利低波动100指数,红利低波100,CSI Dividend Low Volatility 100 Index,Dividend Low Volatility100,,,,7934.73,55.99,0.71,3134779371.0,208.52,100.0,7.89,2018-10-31,7.89,208.52
20181101,930955,中证红利低波动100指数,红利低波100,CSI Dividend Low Volatility 100 Index,Dividend Low Volatility100,,,,7942.58,7.84,0.1,3371148028.0,228.96,100.0,7.72,2018-11-01,7.72,228.96
20181102,930955,中证红利低波动100指数,红利低波100,CSI Dividend Low Volatility 100 Index,Dividend Low Volatility100,,,,8093.88,151.31,1.91,4036730095.0,286.95,100.0,7.85,2018-11-02,7.85,286.95
20181105,930955,中证红利低波动100指数,红利低波100,CSI Dividend Low Volatility 100 Index,Dividend Low Volatility100,,,,8090.6,-3.28,-0.04,2954376375.0,190.46,100.0,7.79,2018-11-05,7.79,190.46
20181106,930955,中证红利低波动100指数,红利低波100,CSI Dividend Low Volatility 100 Index,Dividend Low Volatility100,,,,8099.43,8.83,0.11,2417951084.0,157.36,100.0,7.75,2018-11-06,7.75,157.36
20181107,930955,中证红利低波动100指数,红利低波100,CSI Dividend Low Volatility 100 Index,Dividend Low Volatility100,,,,8054.13,-45.31,-0.56,2333685451.0,158.93,100.0,7.7,2018-11-07,7.7,158.93
20181108,930955,中证红利低波动100指数,红利低波100,CSI Dividend Low Volatility 100 Index,Dividend Low Volatility100,,,,8026.78,-27.34,-0.34,2069657600.0,139.28,100.0,7.72,2018-11-08,7.72,139.28
20181109,930955,中证红利低波动100指数,红利低波100,CSI Dividend Low Volatility 100 Index,Dividend Low Volatility100,,,,7967.23,-59.55,-0.74,2967472976.0,202.74,100.0,7.54,2018-11-09,7.54,202.74
20181112,930955,中证红利低波动100指数,红利低波100,CSI Dividend Low Volatility 100 Index,Dividend Low Volatility100,,,,8105.75,138.52,1.74,2518426439.0,166.34,100.0,7.58,2018-11-12,7.58,166.34
20181113,930955,中证红利低波动100指数,红利低波100,CSI Dividend Low Volatility 100 Index,Dividend Low Volatility100,,,,8235.76,130.0,1.6,3357499220.0,207.57,100.0,7.62,2018-11-13,7.62,207.57
20181114,930955,中证红利低波动100指数,红利低波100,CSI Dividend Low Volatility 100 Index,Dividend Low Volatility100,,,,8186.78,-48.98,-0.59,3108762175.0,190.88,100.0,7.53,2018-11-14,7.53,190.88
20181115,930955,中证红利低波动100指数,红利低波100,CSI Dividend Low Volatility 100 Index,Dividend Low Volatility100,,,,8285.06,98.28,1.2,2668336324.0,173.67,100.0,7.59,2018-11-15,7.59,173.67
20181116,930955,中证红利低波动100指数,红利低波100,CSI Dividend Low Volatility 100 Index,Dividend Low Volatility100,,,,8360.23,75.16,0.91,3521076945.0,228.44,100.0,7.61,2018-11-16,7.61,228.44
20181119,930955,中证红利低波动100指数,红利低波100,CSI Dividend Low Volatility 100 Index,Dividend Low Volatility100,,,,8417.63,57.4,0.69,3379646672.0,223.24,100.0,7.69,2018-11-19,7.69,223.24
20181120,930955,中证红利低波动100指数,红利低波100,CSI Dividend Low Volatility 100 Index,Dividend Low Volatility100,,,,8230.6,-187.03,-2.22,2976662260.0,190.63,100.0,7.57,2018-11-20,7.57,190.63
20181121,930955,中证红利低波动100指数,红利低波100,CSI Dividend Low Volatility 100 Index,Dividend Low Volatility100,,,,8248.19,17.58,0.21,2226210324.0,144.75,100.0,7.57,2018-11-21,7.57,144.75
20181122,930955,中证红利低波动100指数,红利低波100,CSI Dividend Low Volatility 100 Index,Dividend Low Volatility100,,,,8248.08,-0.1,0.0,1763101893.0,116.78,100.0,7.56,2018-11-22,7.56,116.78
20181123,930955,中证红利低波动100指数,红利低波100,CSI Dividend Low Volatility 100 Index,Dividend Low Volatility100,,,,8018.88,-229.2,-2.78,2236069323.0,142.37,100.0,7.45,2018-11-23,7.45,142.37
20181126,930955,中证红利低波动100指数,红利低波100,CSI Dividend Low Volatility 100 Index,Dividend Low Volatility100,,,,8026.25,7.37,0.09,1672835536.0,105.91,100.0,7.46,2018-11-26,7.46,105.91
20181127,930955,中证红利低波动100指数,红利低波100,CSI Dividend Low Volatility 100 Index,Dividend Low Volatility100,,,,8025.43,-0.82,-0.01,1596078604.0,103.02,100.0,7.44,2018-11-27,7.44,103.02
20181128,930955,中证红利低波动100指数,红利低波100,CSI Dividend Low Volatility 100 Index,Dividend Low Volatility100,,,,8102.16,76.73,0.96,1781213288.0,112.46,100.0,7.5,2018-11-28,7.5,112.46
20181129,930955,中证红利低波动100指数,红利低波100,CSI Dividend Low Volatility 100 Index,Dividend Low Volatility100,,,,7989.76,-112.39,-1.39,2065250946.0,133.07,100.0,7.45,2018-11-29,7.45,133.07
20181130,930955,中证红利低波动100指数,红利低波100,CSI Dividend Low Volatility 100 Index,Dividend Low Volatility100,,,,8051.49,61.73,0.77,2036649218.0,130.57,100.0,7.51,2018-11-30,7.51,130.57
20181203,930955,中证红利低波动100指数,红利低波100,CSI Dividend Low Volatility 100 Index,Dividend Low Volatility100,,,,8227.98,176.49,2.19,3281094562.0,224.99,100.0,7.65,2018-12-03,7.65,224.99
20181204,930955,中证红利低波动100指数,红利低波100,CSI Dividend Low Volatility 100 Index,Dividend Low Volatility100,,,,8273.34,45.36,0.55,2219105952.0,146.93,100.0,7.67,2018-12-04,7.67,146.93
20181205,930955,中证红利低波动100指数,红利低波100,CSI Dividend Low Volatility 100 Index,Dividend Low Volatility100,,,,8206.89,-66.45,-0.8,1901119609.0,127.44,100.0,7.62,2018-12-05,7.62,127.44
20181206,930955,中证红利低波动100指数,红利低波100,CSI Dividend Low Volatility 100 Index,Dividend Low Volatility100,,,,8094.98,-111.91,-1.36,1981608559.0,132.8,100.0,7.53,2018-12-06,7.53,132.8
20181207,930955,中证红利低波动100指数,红利低波100,CSI Dividend Low Volatility 100 Index,Dividend Low Volatility100,,,,8121.79,26.81,0.33,1393528357.0,94.83,100.0,7.54,2018-12-07,7.54,94.83
20181210,930955,中证红利低波动100指数,红利低波100,CSI Dividend Low Volatility 100 Index,Dividend Low Volatility100,,,,8046.1,-75.7,-0.93,1569945897.0,107.23,100.0,7.49,2018-12-10,7.49,107.23
20181211,930955,中证红利低波动100指数,红利低波100,CSI Dividend Low Volatility 100 Index,Dividend Low Volatility100,,,,8064.21,18.11,0.23,1296311734.0,88.36,100.0,7.49,2018-12-11,7.49,88.36
20181212,930955,中证红利低波动100指数,红利低波100,CSI Dividend Low Volatility 100 Index,Dividend Low Volatility100,,,,8088.14,23.93,0.3,1358850799.0,94.56,100.0,7.52,2018-12-12,7.52,94.56
20181213,930955,中证红利低波动100指数,红利低波100,CSI Dividend Low Volatility 100 Index,Dividend Low Volatility100,,,,8185.9,97.76,1.21,2475621320.0,174.79,100.0,7.59,2018-12-13,7.59,174.79
20181214,930955,中证红利低波动100指数,红利低波100,CSI Dividend Low Volatility 100 Index,Dividend Low Volatility100,,,,8079.0,-106.9,-1.31,2301148866.0,155.53,100.0,7.52,2018-12-14,7.52,155.53
20181217,930955,中证红利低波动100指数,红利低波100,CSI Dividend Low Volatility 100 Index,Dividend Low Volatility100,,,,8123.9,44.9,0.56,1974552663.0,129.67,100.0,7.51,2018-12-17,7.51,129.67
20181218,930955,中证红利低波动100指数,红利低波100,CSI Dividend Low Volatility 100 Index,Dividend Low Volatility100,,,,8100.83,-23.07,-0.28,1997108995.0,133.35,100.0,7.45,2018-12-18,7.45,133.35
20181219,930955,中证红利低波动100指数,红利低波100,CSI Dividend Low Volatility 100 Index,Dividend Low Volatility100,,,,8059.91,-40.92,-0.51,1766246994.0,131.29,100.0,7.4,2018-12-19,7.4,131.29
20181220,930955,中证红利低波动100指数,红利低波100,CSI Dividend Low Volatility 100 Index,Dividend Low Volatility100,,,,8047.43,-12.48,-0.15,2485869889.0,170.43,100.0,7.32,2018-12-20,7.32,170.43
20181221,930955,中证红利低波动100指数,红利低波100,CSI Dividend Low Volatility 100 Index,Dividend Low Volatility100,,,,8010.72,-36.71,-0.46,2150961518.0,147.54,100.0,7.29,2018-12-21,7.29,147.54
20181224,930955,中证红利低波动100指数,红利低波100,CSI Dividend Low Volatility 100 Index,Dividend Low Volatility100,,,,8059.37,48.65,0.61,1663082741.0,113.07,100.0,7.31,2018-12-24,7.31,113.07
20181225,930955,中证红利低波动100指数,红利低波100,CSI Dividend Low Volatility 100 Index,Dividend Low Volatility100,,,,8014.02,-45.35,-0.56,2251287802.0,146.31,100.0,7.29,2018-12-25,7.29,146.31
20181226,930955,中证红利低波动100指数,红利低波100,CSI Dividend Low Volatility 100 Index,Dividend Low Volatility100,,,,8052.28,38.27,0.48,1691641613.0,116.03,100.0,7.32,2018-12-26,7.32,116.03
20181227,930955,中证红利低波动100指数,红利低波100,CSI Dividend Low Volatility 100 Index,Dividend Low Volatility100,,,,7984.48,-67.8,-0.84,2493613706.0,166.65,100.0,7.29,2018-12-27,7.29,166.65
20181228,930955,中证红利低波动100指数,红利低波100,CSI Dividend Low Volatility 100 Index,Dividend Low Volatility100,,,,8035.38,50.9,0.64,2273227935.0,152.42,100.0,7.32,2018-12-28,7.32,152.42
20190102,930955,中证红利低波动100指数,红利低波100,CSI Dividend Low Volatility 100 Index,Dividend Low Volatility100,,,,7935.79,-99.59,-1.24,2026259206.0,130.78,100.0,7.19,2019-01-02,7.19,130.78
20190103,930955,中证红利低波动100指数,红利低波100,CSI Dividend Low Volatility 100 Index,Dividend Low Volatility100,,,,7931.2,-4.59,-0.06,1852571280.0,119.64,100.0,7.21,2019-01-03,7.21,119.64
20190104,930955,中证红利低波动100指数,红利低波100,CSI Dividend Low Volatility 100 Index,Dividend Low Volatility100,,,,8078.67,147.47,1.86,2636154803.0,179.5,100.0,7.33,2019-01-04,7.33,179.5
20190107,930955,中证红利低波动100指数,红利低波100,CSI Dividend Low Volatility 100 Index,Dividend Low Volatility100,,,,8147.52,68.85,0.85,2603334563.0,170.22,100.0,7.33,2019-01-07,7.33,170.22
20190108,930955,中证红利低波动100指数,红利低波100,CSI Dividend Low Volatility 100 Index,Dividend Low Volatility100,,,,8158.87,11.35,0.14,2015515067.0,125.93,100.0,7.3,2019-01-08,7.3,125.93
20190109,930955,中证红利低波动100指数,红利低波100,CSI Dividend Low Volatility 100 Index,Dividend Low Volatility100,,,,8182.1,23.23,0.28,2846014608.0,198.43,100.0,7.36,2019-01-09,7.36,198.43
20190110,930955,中证红利低波动100指数,红利低波100,CSI Dividend Low Volatility 100 Index,Dividend Low Volatility100,,,,8150.57,-31.53,-0.39,2108551737.0,134.07,100.0,7.32,2019-01-10,7.32,134.07
20190111,930955,中证红利低波动100指数,红利低波100,CSI Dividend Low Volatility 100 Index,Dividend Low Volatility100,,,,8183.53,32.96,0.4,1748682815.0,115.21,100.0,7.35,2019-01-11,7.35,115.21
20190114,930955,中证红利低波动100指数,红利低波100,CSI Dividend Low Volatility 100 Index,Dividend Low Volatility100,,,,8150.18,-33.35,-0.41,1706141670.0,106.31,100.0,7.3,2019-01-14,7.3,106.31
20190115,930955,中证红利低波动100指数,红利低波100,CSI Dividend Low Volatility 100 Index,Dividend Low Volatility100,,,,8211.0,60.82,0.75,1967452570.0,132.25,100.0,7.36,2019-01-15,7.36,132.25
20190116,930955,中证红利低波动100指数,红利低波100,CSI Dividend Low Volatility 100 Index,Dividend Low Volatility100,,,,8212.63,1.64,0.02,1724584895.0,110.75,100.0,7.38,2019-01-16,7.38,110.75
20190117,930955,中证红利低波动100指数,红利低波100,CSI Dividend Low Volatility 100 Index,Dividend Low Volatility100,,,,8195.44,-17.19,-0.21,2087366272.0,131.13,100.0,7.36,2019-01-17,7.36,131.13
20190118,930955,中证红利低波动100指数,红利低波100,CSI Dividend Low Volatility 100 Index,Dividend Low Volatility100,,,,8259.89,64.45,0.79,3088754575.0,197.72,100.0,7.47,2019-01-18,7.47,197.72
20190121,930955,中证红利低波动100指数,红利低波100,CSI Dividend Low Volatility 100 Index,Dividend Low Volatility100,,,,8273.02,13.13,0.16,2609533722.0,175.5,100.0,7.5,2019-01-21,7.5,175.5
20190122,930955,中证红利低波动100指数,红利低波100,CSI Dividend Low Volatility 100 Index,Dividend Low Volatility100,,,,8208.66,-64.36,-0.78,1980187794.0,128.88,100.0,7.43,2019-01-22,7.43,128.88
20190123,930955,中证红利低波动100指数,红利低波100,CSI Dividend Low Volatility 100 Index,Dividend Low Volatility100,,,,8231.51,22.85,0.28,1780262777.0,113.67,100.0,7.46,2019-01-23,7.46,113.67
20190124,930955,中证红利低波动100指数,红利低波100,CSI Dividend Low Volatility 100 Index,Dividend Low Volatility100,,,,8259.89,28.38,0.34,2012554033.0,137.77,100.0,7.51,2019-01-24,7.51,137.77
20190125,930955,中证红利低波动100指数,红利低波100,CSI Dividend Low Volatility 100 Index,Dividend Low Volatility100,,,,8269.87,9.99,0.12,2642315550.0,181.4,100.0,7.59,2019-01-25,7.59,181.4
20190128,930955,中证红利低波动100指数,红利低波100,CSI Dividend Low Volatility 100 Index,Dividend Low Volatility100,,,,8259.77,-10.11,-0.12,2338501492.0,165.79,100.0,7.59,2019-01-28,7.59,165.79
20190129,930955,中证红利低波动100指数,红利低波100,CSI Dividend Low Volatility 100 Index,Dividend Low Volatility100,,,,8243.75,-16.02,-0.19,2250858598.0,149.69,100.0,7.63,2019-01-29,7.63,149.69
20190130,930955,中证红利低波动100指数,红利低波100,CSI Dividend Low Volatility 100 Index,Dividend Low Volatility100,,,,8184.91,-58.84,-0.71,1844394325.0,119.7,100.0,7.6,2019-01-30,7.6,119.7
20190131,930955,中证红利低波动100指数,红利低波100,CSI Dividend Low Volatility 100 Index,Dividend Low Volatility100,,,,8206.52,21.61,0.26,2553944264.0,175.59,100.0,7.71,2019-01-31,7.71,175.59
20190201,930955,中证红利低波动100指数,红利低波100,CSI Dividend Low Volatility 100 Index,Dividend Low Volatility100,,,,8316.62,110.11,1.34,2137364204.0,146.87,100.0,7.73,2019-02-01,7.73,146.87
20190211,930955,中证红利低波动100指数,红利低波100,CSI Dividend Low Volatility 100 Index,Dividend Low Volatility100,,,,8419.88,103.25,1.24,2355289139.0,161.77,100.0,7.75,2019-02-11,7.75,161.77
20190212,930955,中证红利低波动100指数,红利低波100,CSI Dividend Low Volatility 100 Index,Dividend Low Volatility100,,,,8479.31,59.43,0.71,2479278591.0,173.69,100.0,7.77,2019-02-12,7.77,173.69
20190213,930955,中证红利低波动100指数,红利低波100,CSI Dividend Low Volatility 100 Index,Dividend Low Volatility100,,,,8591.74,112.43,1.33,3400101837.0,242.88,100.0,7.88,2019-02-13,7.88,242.88
20190214,930955,中证红利低波动100指数,红利低波100,CSI Dividend Low Volatility 100 Index,Dividend Low Volatility100,,,,8574.52,-17.22,-0.2,2523212929.0,177.37,100.0,7.84,2019-02-14,7.84,177.37
20190215,930955,中证红利低波动100指数,红利低波100,CSI Dividend Low Volatility 100 Index,Dividend Low Volatility100,,,,8484.54,-89.98,-1.05,2740456252.0,196.07,100.0,7.7,2019-02-15,7.7,196.07
20190218,930955,中证红利低波动100指数,红利低波100,CSI Dividend Low Volatility 100 Index,Dividend Low Volatility100,,,,8670.73,186.18,2.19,3580160005.0,247.71,100.0,7.85,2019-02-18,7.85,247.71
20190219,930955,中证红利低波动100指数,红利低波100,CSI Dividend Low Volatility 100 Index,Dividend Low Volatility100,,,,8672.3,1.57,0.02,3991166650.0,277.51,100.0,7.83,2019-02-19,7.83,277.51
20190220,930955,中证红利低波动100指数,红利低波100,CSI Dividend Low Volatility 100 Index,Dividend Low Volatility100,,,,8678.84,6.54,0.08,2698047120.0,187.27,100.0,7.85,2019-02-20,7.85,187.27
20190221,930955,中证红利低波动100指数,红利低波100,CSI Dividend Low Volatility 100 Index,Dividend Low Volatility100,,,,8656.27,-22.56,-0.26,3362876103.0,245.31,100.0,7.83,2019-02-21,7.83,245.31
20190222,930955,中证红利低波动100指数,红利低波100,CSI Dividend Low Volatility 100 Index,Dividend Low Volatility100,,,,8811.67,155.39,1.8,4168198035.0,308.4,100.0,7.91,2019-02-22,7.91,308.4
20190225,930955,中证红利低波动100指数,红利低波100,CSI Dividend Low Volatility 100 Index,Dividend Low Volatility100,,,,9223.02,411.35,4.67,9477083337.0,698.83,100.0,8.34,2019-02-25,8.34,698.83
20190226,930955,中证红利低波动100指数,红利低波100,CSI Dividend Low Volatility 100 Index,Dividend Low Volatility100,,,,9186.48,-36.54,-0.4,8890506125.0,640.93,100.0,8.2,2019-02-26,8.2,640.93
20190227,930955,中证红利低波动100指数,红利低波100,CSI Dividend Low Volatility 100 Index,Dividend Low Volatility100,,,,9165.28,-21.2,-0.23,7108037510.0,505.24,100.0,8.23,2019-02-27,8.23,505.24
20190228,930955,中证红利低波动100指数,红利低波100,CSI Dividend Low Volatility 100 Index,Dividend Low Volatility100,,,,9115.82,-49.47,-0.54,4448909141.0,318.82,100.0,8.18,2019-02-28,8.18,318.82
20190301,930955,中证红利低波动100指数,红利低波100,CSI Dividend Low Volatility 100 Index,Dividend Low Volatility100,,,,9226.9,111.08,1.22,5340266963.0,400.98,100.0,8.35,2019-03-01,8.35,400.98
20190304,930955,中证红利低波动100指数,红利低波100,CSI Dividend Low Volatility 100 Index,Dividend Low Volatility100,,,,9334.65,107.76,1.17,9110913309.0,675.11,100.0,8.39,2019-03-04,8.39,675.11
20190305,930955,中证红利低波动100指数,红利低波100,CSI Dividend Low Volatility 100 Index,Dividend Low Volatility100,,,,9447.59,112.93,1.21,5890218712.0,436.12,100.0,8.37,2019-03-05,8.37,436.12
20190306,930955,中证红利低波动100指数,红利低波100,CSI Dividend Low Volatility 100 Index,Dividend Low Volatility100,,,,9614.02,166.43,1.76,7281819560.0,542.33,100.0,8.44,2019-03-06,8.44,542.33
20190307,930955,中证红利低波动100指数,红利低波100,CSI Dividend Low Volatility 100 Index,Dividend Low Volatility100,,,,9697.42,83.4,0.87,8406441326.0,664.71,100.0,8.37,2019-03-07,8.37,664.71
20190308,930955,中证红利低波动100指数,红利低波100,CSI Dividend Low Volatility 100 Index,Dividend Low Volatility100,,,,9241.27,-456.15,-4.7,8187876062.0,627.95,100.0,8.06,2019-03-08,8.06,627.95
20190311,930955,中证红利低波动100指数,红利低波100,CSI Dividend Low Volatility 100 Index,Dividend Low Volatility100,,,,9459.99,218.72,2.37,6253008830.0,484.75,100.0,8.31,2019-03-11,8.31,484.75
20190312,930955,中证红利低波动100指数,红利低波100,CSI Dividend Low Volatility 100 Index,Dividend Low Volatility100,,,,9566.34,106.35,1.12,7492968041.0,574.96,100.0,8.39,2019-03-12,8.39,574.96
20190313,930955,中证红利低波动100指数,红利低波100,CSI Dividend Low Volatility 100 Index,Dividend Low Volatility100,,,,9444.55,-121.79,-1.27,6357611285.0,507.89,100.0,8.3,2019-03-13,8.3,507.89
20190314,930955,中证红利低波动100指数,红利低波100,CSI Dividend Low Volatility 100 Index,Dividend Low Volatility100,,,,9304.53,-140.02,-1.48,4982591204.0,397.63,100.0,8.24,2019-03-14,8.24,397.63
20190315,930955,中证红利低波动100指数,红利低波100,CSI Dividend Low Volatility 100 Index,Dividend Low Volatility100,,,,9440.85,136.32,1.47,5038784426.0,393.98,100.0,8.3,2019-03-15,8.3,393.98
20190318,930955,中证红利低波动100指数,红利低波100,CSI Dividend Low Volatility 100 Index,Dividend Low Volatility100,,,,9648.1,207.25,2.2,6161522741.0,482.05,100.0,8.46,2019-03-18,8.46,482.05
20190319,930955,中证红利低波动100指数,红利低波100,CSI Dividend Low Volatility 100 Index,Dividend Low Volatility100,,,,9624.97,-23.12,-0.24,4760218276.0,369.81,100.0,8.43,2019-03-19,8.43,369.81
20190320,930955,中证红利低波动100指数,红利低波100,CSI Dividend Low Volatility 100 Index,Dividend Low Volatility100,,,,9643.6,18.62,0.19,4815413656.0,382.13,100.0,8.4,2019-03-20,8.4,382.13
20190321,930955,中证红利低波动100指数,红利低波100,CSI Dividend Low Volatility 100 Index,Dividend Low Volatility100,,,,9686.48,42.88,0.44,5420785524.0,426.18,100.0,8.39,2019-03-21,8.39,426.18
20190322,930955,中证红利低波动100指数,红利低波100,CSI Dividend Low Volatility 100 Index,Dividend Low Volatility100,,,,9741.86,55.39,0.57,5226576022.0,388.82,100.0,8.4,2019-03-22,8.4,388.82
20190325,930955,中证红利低波动100指数,红利低波100,CSI Dividend Low Volatility 100 Index,Dividend Low Volatility100,,,,9640.04,-101.83,-1.05,6975401089.0,486.86,100.0,8.23,2019-03-25,8.23,486.86
20190326,930955,中证红利低波动100指数,红利低波100,CSI Dividend Low Volatility 100 Index,Dividend Low Volatility100,,,,9469.29,-170.74,-1.77,5885517609.0,407.68,100.0,8.17,2019-03-26,8.17,407.68
20190327,930955,中证红利低波动100指数,红利低波100,CSI Dividend Low Volatility 100 Index,Dividend Low Volatility100,,,,9543.89,74.6,0.79,4701111553.0,351.05,100.0,8.22,2019-03-27,8.22,351.05
20190328,930955,中证红利低波动100指数,红利低波100,CSI Dividend Low Volatility 100 Index,Dividend Low Volatility100,,,,9407.52,-136.37,-1.43,4317831208.0,327.05,100.0,8.16,2019-03-28,8.16,327.05
20190329,930955,中证红利低波动100指数,红利低波100,CSI Dividend Low Volatility 100 Index,Dividend Low Volatility100,,,,9655.75,248.23,2.64,6421102442.0,528.62,100.0,8.38,2019-03-29,8.38,528.62
20190401,930955,中证红利低波动100指数,红利低波100,CSI Dividend Low Volatility 100 Index,Dividend Low Volatility100,,,,9913.92,258.16,2.67,8144114868.0,644.7,100.0,8.53,2019-04-01,8.53,644.7
20190402,930955,中证红利低波动100指数,红利低波100,CSI Dividend Low Volatility 100 Index,Dividend Low Volatility100,,,,9911.3,-2.61,-0.03,6507683211.0,513.93,100.0,8.52,2019-04-02,8.52,513.93
20190403,930955,中证红利低波动100指数,红利低波100,CSI Dividend Low Volatility 100 Index,Dividend Low Volatility100,,,,10075.21,163.91,1.65,7271966471.0,578.78,100.0,8.63,2019-04-03,8.63,578.78
20190404,930955,中证红利低波动100指数,红利低波100,CSI Dividend Low Volatility 100 Index,Dividend Low Volatility100,,,,10199.01,123.8,1.23,8138606972.0,657.43,100.0,8.76,2019-04-04,8.76,657.43
20190408,930955,中证红利低波动100指数,红利低波100,CSI Dividend Low Volatility 100 Index,Dividend Low Volatility100,,,,10231.47,32.46,0.32,8864109229.0,700.16,100.0,8.77,2019-04-08,8.77,700.16
20190409,930955,中证红利低波动100指数,红利低波100,CSI Dividend Low Volatility 100 Index,Dividend Low Volatility100,,,,10196.93,-34.54,-0.34,5761492831.0,474.56,100.0,8.71,2019-04-09,8.71,474.56
20190410,930955,中证红利低波动100指数,红利低波100,CSI Dividend Low Volatility 100 Index,Dividend Low Volatility100,,,,10242.39,45.46,0.45,5857704639.0,509.74,100.0,8.71,2019-04-10,8.71,509.74
20190411,930955,中证红利低波动100指数,红利低波100,CSI Dividend Low Volatility 100 Index,Dividend Low Volatility100,,,,10101.69,-140.7,-1.37,5315815972.0,441.66,100.0,8.63,2019-04-11,8.63,441.66
20190412,930955,中证红利低波动100指数,红利低波100,CSI Dividend Low Volatility 100 Index,Dividend Low Volatility100,,,,10121.35,19.66,0.19,4326385139.0,342.47,100.0,8.65,2019-04-12,8.65,342.47
20190415,930955,中证红利低波动100指数,红利低波100,CSI Dividend Low Volatility 100 Index,Dividend Low Volatility100,,,,10054.76,-66.6,-0.66,6627879169.0,538.69,100.0,8.67,2019-04-15,8.67,538.69
20190416,930955,中证红利低波动100指数,红利低波100,CSI Dividend Low Volatility 100 Index,Dividend Low Volatility100,,,,10208.71,153.95,1.53,7734205456.0,611.84,100.0,8.88,2019-04-16,8.88,611.84
20190417,930955,中证红利低波动100指数,红利低波100,CSI Dividend Low Volatility 100 Index,Dividend Low Volatility100,,,,10261.11,52.41,0.51,6012190684.0,502.24,100.0,8.92,2019-04-17,8.92,502.24
20190418,930955,中证红利低波动100指数,红利低波100,CSI Dividend Low Volatility 100 Index,Dividend Low Volatility100,,,,10164.9,-96.21,-0.94,4347326923.0,347.78,100.0,8.82,2019-04-18,8.82,347.78
20190419,930955,中证红利低波动100指数,红利低波100,CSI Dividend Low Volatility 100 Index,Dividend Low Volatility100,,,,10211.41,46.51,0.46,4032938251.0,327.8,100.0,8.87,2019-04-19,8.87,327.8
20190422,930955,中证红利低波动100指数,红利低波100,CSI Dividend Low Volatility 100 Index,Dividend Low Volatility100,,,,10047.61,-163.8,-1.6,5460943592.0,457.36,100.0,8.69,2019-04-22,8.69,457.36
20190423,930955,中证红利低波动100指数,红利低波100,CSI Dividend Low Volatility 100 Index,Dividend Low Volatility100,,,,9974.61,-73.0,-0.73,4603587556.0,378.19,100.0,8.69,2019-04-23,8.69,378.19
20190424,930955,中证红利低波动100指数,红利低波100,CSI Dividend Low Volatility 100 Index,Dividend Low Volatility100,,,,9987.71,13.1,0.13,4016301514.0,329.97,100.0,8.69,2019-04-24,8.69,329.97
20190425,930955,中证红利低波动100指数,红利低波100,CSI Dividend Low Volatility 100 Index,Dividend Low Volatility100,,,,9733.67,-254.04,-2.54,4481617411.0,379.28,100.0,8.56,2019-04-25,8.56,379.28
20190426,930955,中证红利低波动100指数,红利低波100,CSI Dividend Low Volatility 100 Index,Dividend Low Volatility100,,,,9613.27,-120.4,-1.24,4423318512.0,366.0,100.0,8.45,2019-04-26,8.45,366.0
20190429,930955,中证红利低波动100指数,红利低波100,CSI Dividend Low Volatility 100 Index,Dividend Low Volatility100,,,,9563.09,-50.18,-0.52,4563687131.0,362.67,100.0,8.5,2019-04-29,8.5,362.67
20190430,930955,中证红利低波动100指数,红利低波100,CSI Dividend Low Volatility 100 Index,Dividend Low Volatility100,,,,9670.45,107.37,1.12,3981974011.0,343.6,100.0,8.54,2019-04-30,8.54,343.6
20190506,930955,中证红利低波动100指数,红利低波100,CSI Dividend Low Volatility 100 Index,Dividend Low Volatility100,,,,9196.02,-474.43,-4.91,6930332809.0,542.69,100.0,8.82,2019-05-06,8.82,542.69
20190507,930955,中证红利低波动100指数,红利低波100,CSI Dividend Low Volatility 100 Index,Dividend Low Volatility100,,,,9267.9,71.88,0.78,4317571748.0,344.29,100.0,8.81,2019-05-07,8.81,344.29
20190508,930955,中证红利低波动100指数,红利低波100,CSI Dividend Low Volatility 100 Index,Dividend Low Volatility100,,,,9163.32,-104.59,-1.13,3746294788.0,288.78,100.0,8.68,2019-05-08,8.68,288.78
20190509,930955,中证红利低波动100指数,红利低波100,CSI Dividend Low Volatility 100 Index,Dividend Low Volatility100,,,,9057.12,-106.2,-1.16,3311405831.0,268.07,100.0,8.58,2019-05-09,8.58,268.07
20190510,930955,中证红利低波动100指数,红利低波100,CSI Dividend Low Volatility 100 Index,Dividend Low Volatility100,,,,9302.91,245.8,2.71,4266169842.0,341.53,100.0,8.78,2019-05-10,8.78,341.53
20190513,930955,中证红利低波动100指数,红利低波100,CSI Dividend Low Volatility 100 Index,Dividend Low Volatility100,,,,9243.27,-59.65,-0.64,3155753828.0,237.42,100.0,8.66,2019-05-13,8.66,237.42
20190514,930955,中证红利低波动100指数,红利低波100,CSI Dividend Low Volatility 100 Index,Dividend Low Volatility100,,,,9173.18,-70.08,-0.76,3223433420.0,254.32,100.0,8.61,2019-05-14,8.61,254.32
20190515,930955,中证红利低波动100指数,红利低波100,CSI Dividend Low Volatility 100 Index,Dividend Low Volatility100,,,,9315.04,141.86,1.55,3342625320.0,255.18,100.0,8.73,2019-05-15,8.73,255.18
20190516,930955,中证红利低波动100指数,红利低波100,CSI Dividend Low Volatility 100 Index,Dividend Low Volatility100,,,,9381.14,66.1,0.71,3301839980.0,243.5,100.0,8.77,2019-05-16,8.77,243.5
20190517,930955,中证红利低波动100指数,红利低波100,CSI Dividend Low Volatility 100 Index,Dividend Low Volatility100,,,,9159.28,-221.87,-2.37,3406002932.0,253.98,100.0,8.65,2019-05-17,8.65,253.98
20190520,930955,中证红利低波动100指数,红利低波100,CSI Dividend Low Volatility 100 Index,Dividend Low Volatility100,,,,9062.59,-96.69,-1.06,3455298149.0,249.66,100.0,8.64,2019-05-20,8.64,249.66
20190521,930955,中证红利低波动100指数,红利低波100,CSI Dividend Low Volatility 100 Index,Dividend Low Volatility100,,,,9188.63,126.04,1.39,2847765588.0,223.44,100.0,8.72,2019-05-21,8.72,223.44
20190522,930955,中证红利低波动100指数,红利低波100,CSI Dividend Low Volatility 100 Index,Dividend Low Volatility100,,,,9146.02,-42.6,-0.46,2405182127.0,189.21,100.0,8.69,2019-05-22,8.69,189.21
20190523,930955,中证红利低波动100指数,红利低波100,CSI Dividend Low Volatility 100 Index,Dividend Low Volatility100,,,,9035.54,-110.48,-1.21,2986559015.0,216.09,100.0,8.64,2019-05-23,8.64,216.09
20190524,930955,中证红利低波动100指数,红利低波100,CSI Dividend Low Volatility 100 Index,Dividend Low Volatility100,,,,9038.97,3.43,0.04,2561191156.0,201.78,100.0,8.66,2019-05-24,8.66,201.78
20190527,930955,中证红利低波动100指数,红利低波100,CSI Dividend Low Volatility 100 Index,Dividend Low Volatility100,,,,9159.11,120.14,1.33,3197818264.0,260.95,100.0,8.71,2019-05-27,8.71,260.95
20190528,930955,中证红利低波动100指数,红利低波100,CSI Dividend Low Volatility 100 Index,Dividend Low Volatility100,,,,9206.91,47.8,0.52,3873977977.0,324.62,100.0,8.79,2019-05-28,8.79,324.62
20190529,930955,中证红利低波动100指数,红利低波100,CSI Dividend Low Volatility 100 Index,Dividend Low Volatility100,,,,9171.77,-35.15,-0.38,2532274666.0,208.64,100.0,8.73,2019-05-29,8.73,208.64
20190530,930955,中证红利低波动100指数,红利低波100,CSI Dividend Low Volatility 100 Index,Dividend Low Volatility100,,,,9179.14,7.37,0.08,2741997063.0,222.85,100.0,8.77,2019-05-30,8.77,222.85
20190531,930955,中证红利低波动100指数,红利低波100,CSI Dividend Low Volatility 100 Index,Dividend Low Volatility100,,,,9185.15,6.02,0.07,2685137257.0,217.3,100.0,8.74,2019-05-31,8.74,217.3
20190603,930955,中证红利低波动100指数,红利低波100,CSI Dividend Low Volatility 100 Index,Dividend Low Volatility100,,,,9144.75,-40.4,-0.44,3229617781.0,254.22,100.0,8.75,2019-06-03,8.75,254.22
20190604,930955,中证红利低波动100指数,红利低波100,CSI Dividend Low Volatility 100 Index,Dividend Low Volatility100,,,,9079.54,-65.22,-0.71,2662521866.0,212.83,100.0,8.74,2019-06-04,8.74,212.83
20190605,930955,中证红利低波动100指数,红利低波100,CSI Dividend Low Volatility 100 Index,Dividend Low Volatility100,,,,9038.07,-41.46,-0.46,2895295374.0,222.88,100.0,8.74,2019-06-05,8.74,222.88
20190606,930955,中证红利低波动100指数,红利低波100,CSI Dividend Low Volatility 100 Index,Dividend Low Volatility100,,,,8947.49,-90.58,-1.0,2480261905.0,198.88,100.0,8.7,2019-06-06,8.7,198.88
20190610,930955,中证红利低波动100指数,红利低波100,CSI Dividend Low Volatility 100 Index,Dividend Low Volatility100,,,,9011.88,64.38,0.72,2814614191.0,220.74,100.0,8.78,2019-06-10,8.78,220.74
20190611,930955,中证红利低波动100指数,红利低波100,CSI Dividend Low Volatility 100 Index,Dividend Low Volatility100,,,,9224.85,212.97,2.36,4084550906.0,324.89,100.0,8.88,2019-06-11,8.88,324.89
20190612,930955,中证红利低波动100指数,红利低波100,CSI Dividend Low Volatility 100 Index,Dividend Low Volatility100,,,,9153.66,-71.19,-0.77,3012615656.0,228.33,100.0,8.84,2019-06-12,8.84,228.33
20190613,930955,中证红利低波动100指数,红利低波100,CSI Dividend Low Volatility 100 Index,Dividend Low Volatility100,,,,9123.99,-29.67,-0.32,2802186591.0,207.82,100.0,8.81,2019-06-13,8.81,207.82
20190614,930955,中证红利低波动100指数,红利低波100,CSI Dividend Low Volatility 100 Index,Dividend Low Volatility100,,,,9019.24,-104.75,-1.15,3117677900.0,243.57,100.0,8.76,2019-06-14,8.76,243.57
20190617,930955,中证红利低波动100指数,红利低波100,CSI Dividend Low Volatility 100 Index,Dividend Low Volatility100,,,,9038.67,19.42,0.22,2070927177.0,143.96,100.0,8.31,2019-06-17,8.31,143.96
20190618,930955,中证红利低波动100指数,红利低波100,CSI Dividend Low Volatility 100 Index,Dividend Low Volatility100,,,,9037.85,-0.82,-0.01,2103006446.0,141.94,100.0,8.33,2019-06-18,8.33,141.94
20190619,930955,中证红利低波动100指数,红利低波100,CSI Dividend Low Volatility 100 Index,Dividend Low Volatility100,,,,9102.63,64.78,0.72,3448549636.0,240.33,100.0,8.34,2019-06-19,8.34,240.33
20190620,930955,中证红利低波动100指数,红利低波100,CSI Dividend Low Volatility 100 Index,Dividend Low Volatility100,,,,9231.77,129.14,1.42,4886978822.0,329.15,100.0,8.47,2019-06-20,8.47,329.15
20190621,930955,中证红利低波动100指数,红利低波100,CSI Dividend Low Volatility 100 Index,Dividend Low Volatility100,,,,9247.62,15.85,0.17,4191855680.0,279.54,100.0,8.45,2019-06-21,8.45,279.54
20190624,930955,中证红利低波动100指数,红利低波100,CSI Dividend Low Volatility 100 Index,Dividend Low Volatility100,,,,9249.15,1.53,0.02,2621374465.0,180.16,100.0,8.47,2019-06-24,8.47,180.16
20190625,930955,中证红利低波动100指数,红利低波100,CSI Dividend Low Volatility 100 Index,Dividend Low Volatility100,,,,9172.82,-76.33,-0.83,3963359524.0,321.69,100.0,8.37,2019-06-25,8.37,321.69
20190626,930955,中证红利低波动100指数,红利低波100,CSI Dividend Low Volatility 100 Index,Dividend Low Volatility100,,,,9146.59,-26.23,-0.29,2567180116.0,189.82,100.0,8.35,2019-06-26,8.35,189.82
20190627,930955,中证红利低波动100指数,红利低波100,CSI Dividend Low Volatility 100 Index,Dividend Low Volatility100,,,,9161.35,14.76,0.16,2810120828.0,209.31,100.0,8.39,2019-06-27,8.39,209.31
20190628,930955,中证红利低波动100指数,红利低波100,CSI Dividend Low Volatility 100 Index,Dividend Low Volatility100,,,,9112.52,-48.84,-0.53,2425313964.0,168.54,100.0,8.36,2019-06-28,8.36,168.54
20190701,930955,中证红利低波动100指数,红利低波100,CSI Dividend Low Volatility 100 Index,Dividend Low Volatility100,,,,9232.52,120.0,1.32,3629736798.0,264.53,100.0,8.44,2019-07-01,8.44,264.53
20190702,930955,中证红利低波动100指数,红利低波100,CSI Dividend Low Volatility 100 Index,Dividend Low Volatility100,,,,9243.4,10.88,0.12,2981428132.0,224.88,100.0,8.46,2019-07-02,8.46,224.88
20190703,930955,中证红利低波动100指数,红利低波100,CSI Dividend Low Volatility 100 Index,Dividend Low Volatility100,,,,9250.64,7.24,0.08,2963277568.0,207.86,100.0,8.4,2019-07-03,8.4,207.86
20190704,930955,中证红利低波动100指数,红利低波100,CSI Dividend Low Volatility 100 Index,Dividend Low Volatility100,,,,9250.22,-0.42,0.0,2873843400.0,195.08,100.0,8.41,2019-07-04,8.41,195.08
20190705,930955,中证红利低波动100指数,红利低波100,CSI Dividend Low Volatility 100 Index,Dividend Low Volatility100,,,,9245.87,-4.35,-0.05,2070108249.0,146.88,100.0,8.4,2019-07-05,8.4,146.88
20190708,930955,中证红利低波动100指数,红利低波100,CSI Dividend Low Volatility 100 Index,Dividend Low Volatility100,,,,9048.96,-196.91,-2.13,2992974869.0,204.33,100.0,8.23,2019-07-08,8.23,204.33
20190709,930955,中证红利低波动100指数,红利低波100,CSI Dividend Low Volatility 100 Index,Dividend Low Volatility100,,,,9011.82,-37.14,-0.41,1841144324.0,129.31,100.0,8.18,2019-07-09,8.18,129.31
20190710,930955,中证红利低波动100指数,红利低波100,CSI Dividend Low Volatility 100 Index,Dividend Low Volatility100,,,,8958.66,-53.17,-0.59,1689034554.0,123.29,100.0,8.14,2019-07-10,8.14,123.29
20190711,930955,中证红利低波动100指数,红利低波100,CSI Dividend Low Volatility 100 Index,Dividend Low Volatility100,,,,8952.86,-5.79,-0.06,1799219555.0,134.29,100.0,8.16,2019-07-11,8.16,134.29
20190712,930955,中证红利低波动100指数,红利低波100,CSI Dividend Low Volatility 100 Index,Dividend Low Volatility100,,,,8983.23,30.37,0.34,1933649424.0,143.65,100.0,8.18,2019-07-12,8.18,143.65
20190715,930955,中证红利低波动100指数,红利低波100,CSI Dividend Low Volatility 100 Index,Dividend Low Volatility100,,,,9014.08,30.85,0.34,2398226508.0,166.62,100.0,8.18,2019-07-15,8.18,166.62
20190716,930955,中证红利低波动100指数,红利低波100,CSI Dividend Low Volatility 100 Index,Dividend Low Volatility100,,,,9017.08,3.0,0.03,1623527247.0,124.08,100.0,8.18,2019-07-16,8.18,124.08
20190717,930955,中证红利低波动100指数,红利低波100,CSI Dividend Low Volatility 100 Index,Dividend Low Volatility100,,,,8998.12,-18.96,-0.21,1741222072.0,124.2,100.0,8.15,2019-07-17,8.15,124.2
20190718,930955,中证红利低波动100指数,红利低波100,CSI Dividend Low Volatility 100 Index,Dividend Low Volatility100,,,,8909.61,-88.51,-0.98,1802272990.0,127.75,100.0,8.11,2019-07-18,8.11,127.75
20190719,930955,中证红利低波动100指数,红利低波100,CSI Dividend Low Volatility 100 Index,Dividend Low Volatility100,,,,8971.39,61.78,0.69,2076551464.0,148.99,100.0,8.19,2019-07-19,8.19,148.99
20190722,930955,中证红利低波动100指数,红利低波100,CSI Dividend Low Volatility 100 Index,Dividend Low Volatility100,,,,8886.58,-84.81,-0.95,2257219751.0,156.47,100.0,8.16,2019-07-22,8.16,156.47
20190723,930955,中证红利低波动100指数,红利低波100,CSI Dividend Low Volatility 100 Index,Dividend Low Volatility100,,,,8929.41,42.84,0.48,1884556290.0,130.53,100.0,8.19,2019-07-23,8.19,130.53
20190724,930955,中证红利低波动100指数,红利低波100,CSI Dividend Low Volatility 100 Index,Dividend Low Volatility100,,,,8978.46,49.05,0.55,2251371783.0,160.59,100.0,8.23,2019-07-24,8.23,160.59
20190725,930955,中证红利低波动100指数,红利低波100,CSI Dividend Low Volatility 100 Index,Dividend Low Volatility100,,,,8997.35,18.89,0.21,2073087487.0,163.92,100.0,8.28,2019-07-25,8.28,163.92
20190726,930955,中证红利低波动100指数,红利低波100,CSI Dividend Low Volatility 100 Index,Dividend Low Volatility100,,,,9025.04,27.69,0.31,2015945974.0,144.28,100.0,8.3,2019-07-26,8.3,144.28
20190729,930955,中证红利低波动100指数,红利低波100,CSI Dividend Low Volatility 100 Index,Dividend Low Volatility100,,,,9034.5,9.46,0.1,2046034305.0,143.95,100.0,8.29,2019-07-29,8.29,143.95
20190730,930955,中证红利低波动100指数,红利低波100,CSI Dividend Low Volatility 100 Index,Dividend Low Volatility100,,,,9068.28,33.78,0.37,2155581317.0,155.35,100.0,8.31,2019-07-30,8.31,155.35
20190731,930955,中证红利低波动100指数,红利低波100,CSI Dividend Low Volatility 100 Index,Dividend Low Volatility100,,,,9032.8,-35.48,-0.39,2072508960.0,148.46,100.0,8.28,2019-07-31,8.28,148.46
20190801,930955,中证红利低波动100指数,红利低波100,CSI Dividend Low Volatility 100 Index,Dividend Low Volatility100,,,,8983.93,-48.86,-0.54,2047659808.0,142.34,100.0,8.22,2019-08-01,8.22,142.34
20190802,930955,中证红利低波动100指数,红利低波100,CSI Dividend Low Volatility 100 Index,Dividend Low Volatility100,,,,8873.52,-110.42,-1.23,2694405533.0,187.02,100.0,8.12,2019-08-02,8.12,187.02
20190805,930955,中证红利低波动100指数,红利低波100,CSI Dividend Low Volatility 100 Index,Dividend Low Volatility100,,,,8748.37,-125.15,-1.41,2943561413.0,197.22,100.0,7.99,2019-08-05,7.99,197.22
20190806,930955,中证红利低波动100指数,红利低波100,CSI Dividend Low Volatility 100 Index,Dividend Low Volatility100,,,,8587.94,-160.43,-1.83,3394063320.0,223.83,100.0,7.88,2019-08-06,7.88,223.83
20190807,930955,中证红利低波动100指数,红利低波100,CSI Dividend Low Volatility 100 Index,Dividend Low Volatility100,,,,8589.51,1.57,0.02,2316524115.0,159.55,100.0,7.85,2019-08-07,7.85,159.55
20190808,930955,中证红利低波动100指数,红利低波100,CSI Dividend Low Volatility 100 Index,Dividend Low Volatility100,,,,8639.71,50.2,0.58,2158647265.0,151.59,100.0,7.92,2019-08-08,7.92,151.59
20190809,930955,中证红利低波动100指数,红利低波100,CSI Dividend Low Volatility 100 Index,Dividend Low Volatility100,,,,8591.29,-48.42,-0.56,1932023104.0,135.09,100.0,7.91,2019-08-09,7.91,135.09
20190812,930955,中证红利低波动100指数,红利低波100,CSI Dividend Low Volatility 100 Index,Dividend Low Volatility100,,,,8669.68,78.39,0.91,1798785457.0,128.53,100.0,7.97,2019-08-12,7.97,128.53
20190813,930955,中证红利低波动100指数,红利低波100,CSI Dividend Low Volatility 100 Index,Dividend Low Volatility100,,,,8622.9,-46.78,-0.54,1829522599.0,125.35,100.0,7.91,2019-08-13,7.91,125.35
20190814,930955,中证红利低波动100指数,红利低波100,CSI Dividend Low Volatility 100 Index,Dividend Low Volatility100,,,,8646.97,24.08,0.28,1998386380.0,149.06,100.0,7.92,2019-08-14,7.92,149.06
20190815,930955,中证红利低波动100指数,红利低波100,CSI Dividend Low Volatility 100 Index,Dividend Low Volatility100,,,,8634.89,-12.08,-0.14,2034283630.0,145.45,100.0,7.92,2019-08-15,7.92,145.45
20190816,930955,中证红利低波动100指数,红利低波100,CSI Dividend Low Volatility 100 Index,Dividend Low Volatility100,,,,8637.56,2.67,0.03,1837553229.0,134.86,100.0,7.9,2019-08-16,7.9,134.86
20190819,930955,中证红利低波动100指数,红利低波100,CSI Dividend Low Volatility 100 Index,Dividend Low Volatility100,,,,8782.93,145.37,1.68,3466552136.0,241.59,100.0,7.97,2019-08-19,7.97,241.59
20190820,930955,中证红利低波动100指数,红利低波100,CSI Dividend Low Volatility 100 Index,Dividend Low Volatility100,,,,8762.92,-20.01,-0.23,2386201180.0,167.43,100.0,7.94,2019-08-20,7.94,167.43
20190821,930955,中证红利低波动100指数,红利低波100,CSI Dividend Low Volatility 100 Index,Dividend Low Volatility100,,,,8741.95,-20.97,-0.24,1640670227.0,120.32,100.0,7.94,2019-08-21,7.94,120.32
20190822,930955,中证红利低波动100指数,红利低波100,CSI Dividend Low Volatility 100 Index,Dividend Low Volatility100,,,,8731.29,-10.67,-0.12,1655091482.0,118.32,100.0,7.91,2019-08-22,7.91,118.32
20190823,930955,中证红利低波动100指数,红利低波100,CSI Dividend Low Volatility 100 Index,Dividend Low Volatility100,,,,8736.23,4.94,0.06,1857324007.0,154.31,100.0,7.95,2019-08-23,7.95,154.31
20190826,930955,中证红利低波动100指数,红利低波100,CSI Dividend Low Volatility 100 Index,Dividend Low Volatility100,,,,8668.41,-67.82,-0.78,2425175924.0,186.62,100.0,7.86,2019-08-26,7.86,186.62
20190827,930955,中证红利低波动100指数,红利低波100,CSI Dividend Low Volatility 100 Index,Dividend Low Volatility100,,,,8763.51,95.1,1.1,3194712530.0,244.84,100.0,7.93,2019-08-27,7.93,244.84
20190828,930955,中证红利低波动100指数,红利低波100,CSI Dividend Low Volatility 100 Index,Dividend Low Volatility100,,,,8759.89,-3.62,-0.04,2191418434.0,187.01,100.0,7.91,2019-08-28,7.91,187.01
20190829,930955,中证红利低波动100指数,红利低波100,CSI Dividend Low Volatility 100 Index,Dividend Low Volatility100,,,,8729.72,-30.17,-0.34,2105886486.0,161.79,100.0,7.88,2019-08-29,7.88,161.79
20190830,930955,中证红利低波动100指数,红利低波100,CSI Dividend Low Volatility 100 Index,Dividend Low Volatility100,,,,8675.59,-54.13,-0.62,2147190126.0,161.64,100.0,7.86,2019-08-30,7.86,161.64
20190902,930955,中证红利低波动100指数,红利低波100,CSI Dividend Low Volatility 100 Index,Dividend Low Volatility100,,,,8771.63,96.05,1.11,2695963385.0,189.0,100.0,7.38,2019-09-02,7.38,189.0
20190903,930955,中证红利低波动100指数,红利低波100,CSI Dividend Low Volatility 100 Index,Dividend Low Volatility100,,,,8776.0,4.37,0.05,2296694339.0,151.95,100.0,7.38,2019-09-03,7.38,151.95
20190904,930955,中证红利低波动100指数,红利低波100,CSI Dividend Low Volatility 100 Index,Dividend Low Volatility100,,,,8858.01,82.01,0.93,3306415605.0,223.97,100.0,7.48,2019-09-04,7.48,223.97
20190905,930955,中证红利低波动100指数,红利低波100,CSI Dividend Low Volatility 100 Index,Dividend Low Volatility100,,,,8909.15,51.14,0.58,4100102289.0,283.21,100.0,7.53,2019-09-05,7.53,283.21
20190906,930955,中证红利低波动100指数,红利低波100,CSI Dividend Low Volatility 100 Index,Dividend Low Volatility100,,,,8932.58,23.44,0.26,2430209171.0,173.47,100.0,7.57,2019-09-06,7.57,173.47
20190909,930955,中证红利低波动100指数,红利低波100,CSI Dividend Low Volatility 100 Index,Dividend Low Volatility100,,,,8970.93,38.34,0.43,2898621771.0,213.88,100.0,7.57,2019-09-09,7.57,213.88
20190910,930955,中证红利低波动100指数,红利低波100,CSI Dividend Low Volatility 100 Index,Dividend Low Volatility100,,,,8955.89,-15.04,-0.17,2355332067.0,174.62,100.0,7.55,2019-09-10,7.55,174.62
20190911,930955,中证红利低波动100指数,红利低波100,CSI Dividend Low Volatility 100 Index,Dividend Low Volatility100,,,,8962.83,6.95,0.08,2710417394.0,184.14,100.0,7.6,2019-09-11,7.6,184.14
20190912,930955,中证红利低波动100指数,红利低波100,CSI Dividend Low Volatility 100 Index,Dividend Low Volatility100,,,,8996.43,33.59,0.37,2275577980.0,164.73,100.0,7.62,2019-09-12,7.62,164.73
20190916,930955,中证红利低波动100指数,红利低波100,CSI Dividend Low Volatility 100 Index,Dividend Low Volatility100,,,,9008.3,11.87,0.13,2285587333.0,163.18,100.0,7.52,2019-09-16,7.52,163.18
20190917,930955,中证红利低波动100指数,红利低波100,CSI Dividend Low Volatility 100 Index,Dividend Low Volatility100,,,,8869.79,-138.51,-1.54,2326147900.0,162.01,100.0,7.42,2019-09-17,7.42,162.01
20190918,930955,中证红利低波动100指数,红利低波100,CSI Dividend Low Volatility 100 Index,Dividend Low Volatility100,,,,8881.48,11.69,0.13,1686666725.0,123.12,100.0,7.4,2019-09-18,7.4,123.12
20190919,930955,中证红利低波动100指数,红利低波100,CSI Dividend Low Volatility 100 Index,Dividend Low Volatility100,,,,8904.32,22.83,0.26,1556829442.0,118.29,100.0,7.41,2019-09-19,7.41,118.29
20190920,930955,中证红利低波动100指数,红利低波100,CSI Dividend Low Volatility 100 Index,Dividend Low Volatility100,,,,8898.19,-6.12,-0.07,2446677531.0,179.32,100.0,7.42,2019-09-20,7.42,179.32
20190923,930955,中证红利低波动100指数,红利低波100,CSI Dividend Low Volatility 100 Index,Dividend Low Volatility100,,,,8800.8,-97.39,-1.09,2015334393.0,149.4,100.0,7.35,2019-09-23,7.35,149.4
20190924,930955,中证红利低波动100指数,红利低波100,CSI Dividend Low Volatility 100 Index,Dividend Low Volatility100,,,,8813.3,12.49,0.14,1595456272.0,122.53,100.0,7.36,2019-09-24,7.36,122.53
20190925,930955,中证红利低波动100指数,红利低波100,CSI Dividend Low Volatility 100 Index,Dividend Low Volatility100,,,,8737.31,-75.98,-0.86,1673994253.0,128.94,100.0,7.32,2019-09-25,7.32,128.94
20190926,930955,中证红利低波动100指数,红利低波100,CSI Dividend Low Volatility 100 Index,Dividend Low Volatility100,,,,8727.2,-10.11,-0.12,2535436755.0,194.57,100.0,7.37,2019-09-26,7.37,194.57
20190927,930955,中证红利低波动100指数,红利低波100,CSI Dividend Low Volatility 100 Index,Dividend Low Volatility100,,,,8705.49,-21.71,-0.25,2025662111.0,149.63,100.0,7.34,2019-09-27,7.34,149.63
20190930,930955,中证红利低波动100指数,红利低波100,CSI Dividend Low Volatility 100 Index,Dividend Low Volatility100,,,,8671.88,-33.61,-0.39,1642868496.0,118.03,100.0,7.31,2019-09-30,7.31,118.03
20191008,930955,中证红利低波动100指数,红利低波100,CSI Dividend Low Volatility 100 Index,Dividend Low Volatility100,,,,8723.63,51.75,0.6,2112498535.0,159.62,100.0,7.36,2019-10-08,7.36,159.62
20191009,930955,中证红利低波动100指数,红利低波100,CSI Dividend Low Volatility 100 Index,Dividend Low Volatility100,,,,8776.3,52.67,0.6,2368469715.0,184.32,100.0,7.4,2019-10-09,7.4,184.32
20191010,930955,中证红利低波动100指数,红利低波100,CSI Dividend Low Volatility 100 Index,Dividend Low Volatility100,,,,8816.84,40.54,0.46,1796652874.0,128.96,100.0,7.4,2019-10-10,7.4,128.96
20191011,930955,中证红利低波动100指数,红利低波100,CSI Dividend Low Volatility 100 Index,Dividend Low Volatility100,,,,8872.23,55.39,0.63,2461793858.0,191.59,100.0,7.49,2019-10-11,7.49,191.59
20191014,930955,中证红利低波动100指数,红利低波100,CSI Dividend Low Volatility 100 Index,Dividend Low Volatility100,,,,8971.46,99.23,1.12,3933064348.0,281.62,100.0,7.58,2019-10-14,7.58,281.62
20191015,930955,中证红利低波动100指数,红利低波100,CSI Dividend Low Volatility 100 Index,Dividend Low Volatility100,,,,8936.8,-34.65,-0.39,2429193411.0,179.08,100.0,7.56,2019-10-15,7.56,179.08
20191016,930955,中证红利低波动100指数,红利低波100,CSI Dividend Low Volatility 100 Index,Dividend Low Volatility100,,,,8904.44,-32.36,-0.36,2413232261.0,177.65,100.0,7.55,2019-10-16,7.55,177.65
20191017,930955,中证红利低波动100指数,红利低波100,CSI Dividend Low Volatility 100 Index,Dividend Low Volatility100,,,,8873.33,-31.11,-0.35,1708111186.0,122.85,100.0,7.53,2019-10-17,7.53,122.85
20191018,930955,中证红利低波动100指数,红利低波100,CSI Dividend Low Volatility 100 Index,Dividend Low Volatility100,,,,8777.99,-95.34,-1.07,2311752003.0,166.27,100.0,7.46,2019-10-18,7.46,166.27
20191021,930955,中证红利低波动100指数,红利低波100,CSI Dividend Low Volatility 100 Index,Dividend Low Volatility100,,,,8789.57,11.58,0.13,2060802677.0,145.67,100.0,7.51,2019-10-21,7.51,145.67
20191022,930955,中证红利低波动100指数,红利低波100,CSI Dividend Low Volatility 100 Index,Dividend Low Volatility100,,,,8809.81,20.25,0.23,1783226618.0,125.04,100.0,7.51,2019-10-22,7.51,125.04
20191023,930955,中证红利低波动100指数,红利低波100,CSI Dividend Low Volatility 100 Index,Dividend Low Volatility100,,,,8785.96,-23.86,-0.27,1947348974.0,128.82,100.0,7.52,2019-10-23,7.52,128.82
20191024,930955,中证红利低波动100指数,红利低波100,CSI Dividend Low Volatility 100 Index,Dividend Low Volatility100,,,,8805.06,19.11,0.22,2210434065.0,154.61,100.0,7.56,2019-10-24,7.56,154.61
20191025,930955,中证红利低波动100指数,红利低波100,CSI Dividend Low Volatility 100 Index,Dividend Low Volatility100,,,,8831.24,26.18,0.3,2041814470.0,143.12,100.0,7.57,2019-10-25,7.57,143.12
20191028,930955,中证红利低波动100指数,红利低波100,CSI Dividend Low Volatility 100 Index,Dividend Low Volatility100,,,,8849.18,17.94,0.2,2246059661.0,159.36,100.0,7.56,2019-10-28,7.56,159.36
20191029,930955,中证红利低波动100指数,红利低波100,CSI Dividend Low Volatility 100 Index,Dividend Low Volatility100,,,,8794.58,-54.61,-0.62,1938143959.0,139.11,100.0,7.51,2019-10-29,7.51,139.11
20191030,930955,中证红利低波动100指数,红利低波100,CSI Dividend Low Volatility 100 Index,Dividend Low Volatility100,,,,8768.47,-26.11,-0.3,2018865300.0,156.82,100.0,7.5,2019-10-30,7.5,156.82
20191031,930955,中证红利低波动100指数,红利低波100,CSI Dividend Low Volatility 100 Index,Dividend Low Volatility100,,,,8726.24,-42.23,-0.48,2175824862.0,155.9,100.0,7.48,2019-10-31,7.48,155.9
20191101,930955,中证红利低波动100指数,红利低波100,CSI Dividend Low Volatility 100 Index,Dividend Low Volatility100,,,,8787.23,60.99,0.7,2589224172.0,205.05,100.0,7.51,2019-11-01,7.51,205.05
20191104,930955,中证红利低波动100指数,红利低波100,CSI Dividend Low Volatility 100 Index,Dividend Low Volatility100,,,,8808.18,20.95,0.24,2539858489.0,205.07,100.0,7.53,2019-11-04,7.53,205.07
20191105,930955,中证红利低波动100指数,红利低波100,CSI Dividend Low Volatility 100 Index,Dividend Low Volatility100,,,,8868.47,60.29,0.68,3326191767.0,253.45,100.0,7.58,2019-11-05,7.58,253.45
20191106,930955,中证红利低波动100指数,红利低波100,CSI Dividend Low Volatility 100 Index,Dividend Low Volatility100,,,,8848.71,-19.76,-0.22,2626212817.0,204.53,100.0,7.6,2019-11-06,7.6,204.53
20191107,930955,中证红利低波动100指数,红利低波100,CSI Dividend Low Volatility 100 Index,Dividend Low Volatility100,,,,8865.59,16.88,0.19,2118192173.0,161.19,100.0,7.58,2019-11-07,7.58,161.19
20191108,930955,中证红利低波动100指数,红利低波100,CSI Dividend Low Volatility 100 Index,Dividend Low Volatility100,,,,8813.07,-52.52,-0.59,2439353251.0,182.83,100.0,7.51,2019-11-08,7.51,182.83
20191111,930955,中证红利低波动100指数,红利低波100,CSI Dividend Low Volatility 100 Index,Dividend Low Volatility100,,,,8642.92,-170.15,-1.93,2573251859.0,178.8,100.0,7.39,2019-11-11,7.39,178.8
20191112,930955,中证红利低波动100指数,红利低波100,CSI Dividend Low Volatility 100 Index,Dividend Low Volatility100,,,,8655.76,12.84,0.15,1842444481.0,135.04,100.0,7.41,2019-11-12,7.41,135.04
20191113,930955,中证红利低波动100指数,红利低波100,CSI Dividend Low Volatility 100 Index,Dividend Low Volatility100,,,,8597.56,-58.2,-0.67,1914583510.0,139.72,100.0,7.37,2019-11-13,7.37,139.72
20191114,930955,中证红利低波动100指数,红利低波100,CSI Dividend Low Volatility 100 Index,Dividend Low Volatility100,,,,8583.16,-14.4,-0.17,1866757474.0,133.69,100.0,7.34,2019-11-14,7.34,133.69
20191115,930955,中证红利低波动100指数,红利低波100,CSI Dividend Low Volatility 100 Index,Dividend Low Volatility100,,,,8525.41,-57.75,-0.67,1873700504.0,137.87,100.0,7.33,2019-11-15,7.33,137.87
20191118,930955,中证红利低波动100指数,红利低波100,CSI Dividend Low Volatility 100 Index,Dividend Low Volatility100,,,,8590.04,64.63,0.76,1997779689.0,152.35,100.0,7.39,2019-11-18,7.39,152.35
20191119,930955,中证红利低波动100指数,红利低波100,CSI Dividend Low Volatility 100 Index,Dividend Low Volatility100,,,,8646.5,56.46,0.66,1851820595.0,135.4,100.0,7.41,2019-11-19,7.41,135.4
20191120,930955,中证红利低波动100指数,红利低波100,CSI Dividend Low Volatility 100 Index,Dividend Low Volatility100,,,,8595.58,-50.92,-0.59,1871468302.0,145.12,100.0,7.35,2019-11-20,7.35,145.12
20191121,930955,中证红利低波动100指数,红利低波100,CSI Dividend Low Volatility 100 Index,Dividend Low Volatility100,,,,8598.76,3.18,0.04,1813237825.0,124.44,100.0,7.33,2019-11-21,7.33,124.44
20191122,930955,中证红利低波动100指数,红利低波100,CSI Dividend Low Volatility 100 Index,Dividend Low Volatility100,,,,8593.04,-5.73,-0.07,2239746351.0,152.29,100.0,7.33,2019-11-22,7.33,152.29
20191125,930955,中证红利低波动100指数,红利低波100,CSI Dividend Low Volatility 100 Index,Dividend Low Volatility100,,,,8732.56,139.53,1.62,3126822967.0,206.92,100.0,7.45,2019-11-25,7.45,206.92
20191126,930955,中证红利低波动100指数,红利低波100,CSI Dividend Low Volatility 100 Index,Dividend Low Volatility100,,,,8707.88,-24.68,-0.28,3148965787.0,213.27,100.0,7.45,2019-11-26,7.45,213.27
20191127,930955,中证红利低波动100指数,红利低波100,CSI Dividend Low Volatility 100 Index,Dividend Low Volatility100,,,,8678.15,-29.73,-0.34,1772510125.0,128.09,100.0,7.44,2019-11-27,7.44,128.09
20191128,930955,中证红利低波动100指数,红利低波100,CSI Dividend Low Volatility 100 Index,Dividend Low Volatility100,,,,8650.11,-28.05,-0.32,1581861500.0,109.93,100.0,7.41,2019-11-28,7.41,109.93
20191129,930955,中证红利低波动100指数,红利低波100,CSI Dividend Low Volatility 100 Index,Dividend Low Volatility100,,,,8653.85,3.74,0.04,1732332693.0,122.9,100.0,7.38,2019-11-29,7.38,122.9
20191202,930955,中证红利低波动100指数,红利低波100,CSI Dividend Low Volatility 100 Index,Dividend Low Volatility100,,,,8654.5,0.65,0.01,1645942557.0,112.92,100.0,7.38,2019-12-02,7.38,112.92
20191203,930955,中证红利低波动100指数,红利低波100,CSI Dividend Low Volatility 100 Index,Dividend Low Volatility100,,,,8677.23,22.74,0.26,1616885864.0,114.41,100.0,7.39,2019-12-03,7.39,114.41
20191204,930955,中证红利低波动100指数,红利低波100,CSI Dividend Low Volatility 100 Index,Dividend Low Volatility100,,,,8654.28,-22.95,-0.26,1559324228.0,108.56,100.0,7.35,2019-12-04,7.35,108.56
20191205,930955,中证红利低波动100指数,红利低波100,CSI Dividend Low Volatility 100 Index,Dividend Low Volatility100,,,,8673.24,18.96,0.22,1605312723.0,115.23,100.0,7.37,2019-12-05,7.37,115.23
20191206,930955,中证红利低波动100指数,红利低波100,CSI Dividend Low Volatility 100 Index,Dividend Low Volatility100,,,,8686.07,12.83,0.15,1484599436.0,109.07,100.0,7.36,2019-12-06,7.36,109.07
20191209,930955,中证红利低波动100指数,红利低波100,CSI Dividend Low Volatility 100 Index,Dividend Low Volatility100,,,,8728.7,42.63,0.49,2129649653.0,145.59,100.0,7.39,2019-12-09,7.39,145.59
20191210,930955,中证红利低波动100指数,红利低波100,CSI Dividend Low Volatility 100 Index,Dividend Low Volatility100,,,,8712.06,-16.64,-0.19,1640480423.0,114.25,100.0,7.37,2019-12-10,7.37,114.25
20191211,930955,中证红利低波动100指数,红利低波100,CSI Dividend Low Volatility 100 Index,Dividend Low Volatility100,,,,8743.47,31.41,0.36,2090397401.0,150.77,100.0,7.41,2019-12-11,7.41,150.77
20191212,930955,中证红利低波动100指数,红利低波100,CSI Dividend Low Volatility 100 Index,Dividend Low Volatility100,,,,8721.84,-21.62,-0.25,1916393340.0,140.39,100.0,7.41,2019-12-12,7.41,140.39
20191213,930955,中证红利低波动100指数,红利低波100,CSI Dividend Low Volatility 100 Index,Dividend Low Volatility100,,,,8825.9,104.06,1.19,3095995697.0,231.45,100.0,7.51,2019-12-13,7.51,231.45
20191216,930955,中证红利低波动100指数,红利低波100,CSI Dividend Low Volatility 100 Index,Dividend Low Volatility100,,,,8861.12,35.22,0.4,2950752798.0,269.98,100.0,8.14,2019-12-16,8.14,269.98
20191217,930955,中证红利低波动100指数,红利低波100,CSI Dividend Low Volatility 100 Index,Dividend Low Volatility100,,,,8941.17,80.06,0.9,4368520121.0,374.16,100.0,8.23,2019-12-17,8.23,374.16
20191218,930955,中证红利低波动100指数,红利低波100,CSI Dividend Low Volatility 100 Index,Dividend Low Volatility100,,,,8914.32,-26.86,-0.3,2938142346.0,258.29,100.0,8.22,2019-12-18,8.22,258.29
20191219,930955,中证红利低波动100指数,红利低波100,CSI Dividend Low Volatility 100 Index,Dividend Low Volatility100,,,,8940.84,26.53,0.3,2657638103.0,221.14,100.0,8.25,2019-12-19,8.25,221.14
20191220,930955,中证红利低波动100指数,红利低波100,CSI Dividend Low Volatility 100 Index,Dividend Low Volatility100,,,,8920.68,-20.16,-0.23,2477939304.0,211.77,100.0,8.25,2019-12-20,8.25,211.77
20191223,930955,中证红利低波动100指数,红利低波100,CSI Dividend Low Volatility 100 Index,Dividend Low Volatility100,,,,8805.8,-114.88,-1.29,2579790978.0,221.55,100.0,8.17,2019-12-23,8.17,221.55
20191224,930955,中证红利低波动100指数,红利低波100,CSI Dividend Low Volatility 100 Index,Dividend Low Volatility100,,,,8843.68,37.88,0.43,1728678589.0,158.09,100.0,8.18,2019-12-24,8.18,158.09
20191225,930955,中证红利低波动100指数,红利低波100,CSI Dividend Low Volatility 100 Index,Dividend Low Volatility100,,,,8823.18,-20.5,-0.23,1663469632.0,148.74,100.0,8.15,2019-12-25,8.15,148.74
20191226,930955,中证红利低波动100指数,红利低波100,CSI Dividend Low Volatility 100 Index,Dividend Low Volatility100,,,,8882.56,59.38,0.67,2044594503.0,176.85,100.0,8.22,2019-12-26,8.22,176.85
20191227,930955,中证红利低波动100指数,红利低波100,CSI Dividend Low Volatility 100 Index,Dividend Low Volatility100,,,,8901.12,18.56,0.21,3246477049.0,260.19,100.0,8.25,2019-12-27,8.25,260.19
20191230,930955,中证红利低波动100指数,红利低波100,CSI Dividend Low Volatility 100 Index,Dividend Low Volatility100,,,,8990.47,89.36,1.0,3621061843.0,312.03,100.0,8.29,2019-12-30,8.29,312.03
20191231,930955,中证红利低波动100指数,红利低波100,CSI Dividend Low Volatility 100 Index,Dividend Low Volatility100,,,,9033.82,43.35,0.48,3060759866.0,257.89,100.0,8.3,2019-12-31,8.3,257.89
20200102,930955,中证红利低波动100指数,红利低波100,CSI Dividend Low Volatility 100 Index,Dividend Low Volatility100,,,,9138.06,104.23,1.15,4980796229.0,431.43,100.0,8.42,2020-01-02,8.42,431.43
20200103,930955,中证红利低波动100指数,红利低波100,CSI Dividend Low Volatility 100 Index,Dividend Low Volatility100,,,,9153.82,15.76,0.17,3373725389.0,293.81,100.0,8.43,2020-01-03,8.43,293.81
20200106,930955,中证红利低波动100指数,红利低波100,CSI Dividend Low Volatility 100 Index,Dividend Low Volatility100,,,,9132.14,-21.68,-0.24,4814657532.0,394.71,100.0,8.42,2020-01-06,8.42,394.71
20200107,930955,中证红利低波动100指数,红利低波100,CSI Dividend Low Volatility 100 Index,Dividend Low Volatility100,,,,9171.69,39.55,0.43,3723820865.0,298.5,100.0,8.44,2020-01-07,8.44,298.5
20200108,930955,中证红利低波动100指数,红利低波100,CSI Dividend Low Volatility 100 Index,Dividend Low Volatility100,,,,9070.81,-100.88,-1.1,3822033367.0,311.32,100.0,8.36,2020-01-08,8.36,311.32
20200109,930955,中证红利低波动100指数,红利低波100,CSI Dividend Low Volatility 100 Index,Dividend Low Volatility100,,,,9117.96,47.15,0.52,3198526064.0,272.98,100.0,8.37,2020-01-09,8.37,272.98
20200110,930955,中证红利低波动100指数,红利低波100,CSI Dividend Low Volatility 100 Index,Dividend Low Volatility100,,,,9097.12,-20.84,-0.23,2446985967.0,211.3,100.0,8.35,2020-01-10,8.35,211.3
20200113,930955,中证红利低波动100指数,红利低波100,CSI Dividend Low Volatility 100 Index,Dividend Low Volatility100,,,,9115.98,18.86,0.21,2772576791.0,248.39,100.0,8.36,2020-01-13,8.36,248.39
20200114,930955,中证红利低波动100指数,红利低波100,CSI Dividend Low Volatility 100 Index,Dividend Low Volatility100,,,,9115.08,-0.91,-0.01,2842894079.0,238.48,100.0,8.36,2020-01-14,8.36,238.48
20200115,930955,中证红利低波动100指数,红利低波100,CSI Dividend Low Volatility 100 Index,Dividend Low Volatility100,,,,9034.97,-80.11,-0.88,2482626747.0,228.37,100.0,8.27,2020-01-15,8.27,228.37
20200116,930955,中证红利低波动100指数,红利低波100,CSI Dividend Low Volatility 100 Index,Dividend Low Volatility100,,,,8984.48,-50.49,-0.56,2742454635.0,233.81,100.0,8.21,2020-01-16,8.21,233.81
20200117,930955,中证红利低波动100指数,红利低波100,CSI Dividend Low Volatility 100 Index,Dividend Low Volatility100,,,,8973.55,-10.94,-0.12,2161176687.0,193.85,100.0,8.21,2020-01-17,8.21,193.85
20200120,930955,中证红利低波动100指数,红利低波100,CSI Dividend Low Volatility 100 Index,Dividend Low Volatility100,8972.78,8992.86,8943.79,8989.63,16.08,0.18,2405584620.0,233.58,100.0,8.22,2020-01-20,8.22,233.58
20200121,930955,中证红利低波动100指数,红利低波100,CSI Dividend Low Volatility 100 Index,Dividend Low Volatility100,8976.81,8978.02,8855.83,8862.81,-126.82,-1.41,3144642782.0,274.73,100.0,8.1,2020-01-21,8.1,274.73
20200122,930955,中证红利低波动100指数,红利低波100,CSI Dividend Low Volatility 100 Index,Dividend Low Volatility100,8839.48,8870.34,8747.79,8853.37,-9.44,-0.11,2844434420.0,255.13,100.0,8.1,2020-01-22,8.1,255.13
20200123,930955,中证红利低波动100指数,红利低波100,CSI Dividend Low Volatility 100 Index,Dividend Low Volatility100,8809.64,8809.64,8598.97,8636.48,-216.89,-2.45,4098290092.0,352.21,100.0,7.93,2020-01-23,7.93,352.21
20200203,930955,中证红利低波动100指数,红利低波100,CSI Dividend Low Volatility 100 Index,Dividend Low Volatility100,7841.99,7984.19,7841.99,7912.72,-723.77,-8.38,6822135306.0,532.24,100.0,7.4,2020-02-03,7.4,532.24
20200204,930955,中证红利低波动100指数,红利低波100,CSI Dividend Low Volatility 100 Index,Dividend Low Volatility100,7789.17,8063.76,7789.17,8058.37,145.65,1.84,5395147895.0,422.25,100.0,7.52,2020-02-04,7.52,422.25
20200205,930955,中证红利低波动100指数,红利低波100,CSI Dividend Low Volatility 100 Index,Dividend Low Volatility100,8072.26,8199.62,8024.4,8126.26,67.89,0.84,4025263136.0,323.03,100.0,7.54,2020-02-05,7.54,323.03
20200206,930955,中证红利低波动100指数,红利低波100,CSI Dividend Low Volatility 100 Index,Dividend Low Volatility100,8162.87,8231.93,8094.07,8213.09,86.83,1.07,3990585965.0,319.12,100.0,7.6,2020-02-06,7.6,319.12
20200207,930955,中证红利低波动100指数,红利低波100,CSI Dividend Low Volatility 100 Index,Dividend Low Volatility100,8188.01,8194.81,8109.05,8194.75,-18.34,-0.22,3318461956.0,268.46,100.0,7.59,2020-02-07,7.59,268.46
20200210,930955,中证红利低波动100指数,红利低波100,CSI Dividend Low Volatility 100 Index,Dividend Low Volatility100,8164.4,8269.77,8136.36,8265.17,70.41,0.86,3395884097.0,283.09,100.0,7.6,2020-02-10,7.6,283.09
20200211,930955,中证红利低波动100指数,红利低波100,CSI Dividend Low Volatility 100 Index,Dividend Low Volatility100,8270.05,8345.08,8243.03,8301.47,36.3,0.44,3536028615.0,274.24,100.0,7.65,2020-02-11,7.65,274.24
20200212,930955,中证红利低波动100指数,红利低波100,CSI Dividend Low Volatility 100 Index,Dividend Low Volatility100,8294.21,8336.28,8266.64,8336.28,34.81,0.42,2706814773.0,208.18,100.0,7.67,2020-02-12,7.67,208.18
20200213,930955,中证红利低波动100指数,红利低波100,CSI Dividend Low Volatility 100 Index,Dividend Low Volatility100,8329.26,8368.77,8275.46,8276.91,-59.37,-0.71,2940419391.0,245.92,100.0,7.64,2020-02-13,7.64,245.92
20200214,930955,中证红利低波动100指数,红利低波100,CSI Dividend Low Volatility 100 Index,Dividend Low Volatility100,8264.24,8321.35,8264.24,8312.55,35.64,0.43,2782147385.0,231.5,100.0,7.68,2020-02-14,7.68,231.5
20200217,930955,中证红利低波动100指数,红利低波100,CSI Dividend Low Volatility 100 Index,Dividend Low Volatility100,8305.75,8467.37,8305.75,8467.24,154.69,1.86,3788024997.0,317.18,100.0,7.8,2020-02-17,7.8,317.18
20200218,930955,中证红利低波动100指数,红利低波100,CSI Dividend Low Volatility 100 Index,Dividend Low Volatility100,8457.27,8470.43,8397.23,8438.72,-28.51,-0.34,3377904204.0,287.81,100.0,7.74,2020-02-18,7.74,287.81
20200219,930955,中证红利低波动100指数,红利低波100,CSI Dividend Low Volatility 100 Index,Dividend Low Volatility100,8428.94,8457.13,8402.96,8414.7,-24.02,-0.28,3190866334.0,257.0,100.0,7.74,2020-02-19,7.74,257.0
20200220,930955,中证红利低波动100指数,红利低波100,CSI Dividend Low Volatility 100 Index,Dividend Low Volatility100,8426.04,8522.67,8402.43,8516.86,102.16,1.21,3910735136.0,311.03,100.0,7.81,2020-02-20,7.81,311.03
20200221,930955,中证红利低波动100指数,红利低波100,CSI Dividend Low Volatility 100 Index,Dividend Low Volatility100,8506.94,8553.16,8490.23,8522.37,5.51,0.06,3806804853.0,317.48,100.0,7.79,2020-02-21,7.79,317.48
20200224,930955,中证红利低波动100指数,红利低波100,CSI Dividend Low Volatility 100 Index,Dividend Low Volatility100,8508.21,8513.81,8427.09,8454.4,-67.98,-0.8,4141391122.0,348.52,100.0,7.71,2020-02-24,7.71,348.52
20200225,930955,中证红利低波动100指数,红利低波100,CSI Dividend Low Volatility 100 Index,Dividend Low Volatility100,8345.37,8365.22,8246.27,8353.51,-100.89,-1.19,4457241428.0,353.11,100.0,7.63,2020-02-25,7.63,353.11
20200226,930955,中证红利低波动100指数,红利低波100,CSI Dividend Low Volatility 100 Index,Dividend Low Volatility100,8281.92,8481.43,8273.59,8416.94,63.43,0.76,6088571305.0,470.42,100.0,7.69,2020-02-26,7.69,470.42
20200227,930955,中证红利低波动100指数,红利低波100,CSI Dividend Low Volatility 100 Index,Dividend Low Volatility100,8429.43,8479.46,8407.98,8433.89,16.95,0.2,4251683385.0,345.2,100.0,7.7,2020-02-27,7.7,345.2
20200228,930955,中证红利低波动100指数,红利低波100,CSI Dividend Low Volatility 100 Index,Dividend Low Volatility100,8311.92,8359.3,8210.36,8235.99,-197.89,-2.35,5617769083.0,433.36,100.0,7.54,2020-02-28,7.54,433.36
20200302,930955,中证红利低波动100指数,红利低波100,CSI Dividend Low Volatility 100 Index,Dividend Low Volatility100,8274.53,8515.13,8274.53,8504.18,268.19,3.26,5875749050.0,484.11,100.0,7.74,2020-03-02,7.74,484.11
20200303,930955,中证红利低波动100指数,红利低波100,CSI Dividend Low Volatility 100 Index,Dividend Low Volatility100,8574.51,8597.69,8485.09,8522.16,17.97,0.21,5610569547.0,456.76,100.0,7.76,2020-03-03,7.76,456.76
20200304,930955,中证红利低波动100指数,红利低波100,CSI Dividend Low Volatility 100 Index,Dividend Low Volatility100,8491.11,8595.67,8480.38,8594.76,72.6,0.85,4347546311.0,358.91,100.0,7.8,2020-03-04,7.8,358.91
20200305,930955,中证红利低波动100指数,红利低波100,CSI Dividend Low Volatility 100 Index,Dividend Low Volatility100,8632.66,8708.6,8616.32,8701.43,106.67,1.24,5861369515.0,482.3,100.0,7.91,2020-03-05,7.91,482.3
20200306,930955,中证红利低波动100指数,红利低波100,CSI Dividend Low Volatility 100 Index,Dividend Low Volatility100,8631.94,8655.42,8594.83,8627.31,-74.12,-0.85,4432283666.0,353.64,100.0,7.8,2020-03-06,7.8,353.64
20200309,930955,中证红利低波动100指数,红利低波100,CSI Dividend Low Volatility 100 Index,Dividend Low Volatility100,8519.7,8527.66,8447.32,8460.19,-167.12,-1.94,5971511099.0,448.5,100.0,7.64,2020-03-09,7.64,448.5
20200310,930955,中证红利低波动100指数,红利低波100,CSI Dividend Low Volatility 100 Index,Dividend Low Volatility100,8399.84,8592.24,8394.11,8570.35,110.16,1.3,5052313472.0,385.24,100.0,7.72,2020-03-10,7.72,385.24
20200311,930955,中证红利低波动100指数,红利低波100,CSI Dividend Low Volatility 100 Index,Dividend Low Volatility100,8565.85,8576.63,8483.26,8483.26,-87.1,-1.02,3749398614.0,287.66,100.0,7.66,2020-03-11,7.66,287.66
20200312,930955,中证红利低波动100指数,红利低波100,CSI Dividend Low Volatility 100 Index,Dividend Low Volatility100,8411.64,8414.37,8319.17,8347.56,-135.7,-1.6,3802279271.0,290.49,100.0,7.58,2020-03-12,7.58,290.49
20200313,930955,中证红利低波动100指数,红利低波100,CSI Dividend Low Volatility 100 Index,Dividend Low Volatility100,8074.19,8279.77,8046.64,8231.68,-115.88,-1.39,5229178285.0,398.26,100.0,7.48,2020-03-13,7.48,398.26
20200316,930955,中证红利低波动100指数,红利低波100,CSI Dividend Low Volatility 100 Index,Dividend Low Volatility100,8273.13,8295.96,8093.59,8099.32,-132.36,-1.61,4660225552.0,348.16,100.0,7.32,2020-03-16,7.32,348.16
20200317,930955,中证红利低波动100指数,红利低波100,CSI Dividend Low Volatility 100 Index,Dividend Low Volatility100,8098.56,8182.02,7959.82,8075.93,-23.39,-0.29,4148326532.0,313.69,100.0,7.31,2020-03-17,7.31,313.69
20200318,930955,中证红利低波动100指数,红利低波100,CSI Dividend Low Volatility 100 Index,Dividend Low Volatility100,8112.91,8139.38,7956.39,7956.45,-119.47,-1.48,3649669602.0,281.85,100.0,7.2,2020-03-18,7.2,281.85
20200319,930955,中证红利低波动100指数,红利低波100,CSI Dividend Low Volatility 100 Index,Dividend Low Volatility100,7930.61,7973.96,7735.28,7842.58,-113.88,-1.43,4538799343.0,352.75,100.0,7.05,2020-03-19,7.05,352.75
20200320,930955,中证红利低波动100指数,红利低波100,CSI Dividend Low Volatility 100 Index,Dividend Low Volatility100,7899.28,7975.13,7853.71,7945.26,102.69,1.31,3554346520.0,284.69,100.0,7.17,2020-03-20,7.17,284.69
20200323,930955,中证红利低波动100指数,红利低波100,CSI Dividend Low Volatility 100 Index,Dividend Low Volatility100,7815.32,7860.32,7763.49,7773.61,-171.65,-2.16,3139491026.0,252.89,100.0,7.03,2020-03-23,7.03,252.89
20200324,930955,中证红利低波动100指数,红利低波100,CSI Dividend Low Volatility 100 Index,Dividend Low Volatility100,7857.0,7939.33,7829.37,7929.13,155.51,2.0,3213256996.0,255.2,100.0,7.19,2020-03-24,7.19,255.2
20200325,930955,中证红利低波动100指数,红利低波100,CSI Dividend Low Volatility 100 Index,Dividend Low Volatility100,8048.51,8072.94,7993.14,8052.59,123.46,1.56,3325344563.0,270.62,100.0,7.29,2020-03-25,7.29,270.62
20200326,930955,中证红利低波动100指数,红利低波100,CSI Dividend Low Volatility 100 Index,Dividend Low Volatility100,8013.88,8042.8,7985.79,7997.75,-54.84,-0.68,2708438499.0,212.83,100.0,7.27,2020-03-26,7.27,212.83
20200327,930955,中证红利低波动100指数,红利低波100,CSI Dividend Low Volatility 100 Index,Dividend Low Volatility100,8059.39,8120.96,8031.34,8050.66,52.91,0.66,3385677970.0,252.8,100.0,7.31,2020-03-27,7.31,252.8
20200330,930955,中证红利低波动100指数,红利低波100,CSI Dividend Low Volatility 100 Index,Dividend Low Volatility100,7987.0,8045.15,7957.52,8020.32,-30.34,-0.38,3215937114.0,237.27,100.0,7.31,2020-03-30,7.31,237.27
20200331,930955,中证红利低波动100指数,红利低波100,CSI Dividend Low Volatility 100 Index,Dividend Low Volatility100,8066.07,8072.2,7985.6,7997.93,-22.39,-0.28,3129501264.0,218.7,100.0,7.25,2020-03-31,7.25,218.7
20200401,930955,中证红利低波动100指数,红利低波100,CSI Dividend Low Volatility 100 Index,Dividend Low Volatility100,7982.3,8028.32,7925.57,7934.01,-63.92,-0.8,2582497569.0,188.84,100.0,7.21,2020-04-01,7.21,188.84
20200402,930955,中证红利低波动100指数,红利低波100,CSI Dividend Low Volatility 100 Index,Dividend Low Volatility100,7899.7,8017.49,7884.52,8016.61,82.59,1.04,2737808824.0,182.1,100.0,7.28,2020-04-02,7.28,182.1
20200403,930955,中证红利低波动100指数,红利低波100,CSI Dividend Low Volatility 100 Index,Dividend Low Volatility100,8005.36,8009.37,7956.88,7980.93,-35.67,-0.44,2247038203.0,153.03,100.0,7.23,2020-04-03,7.23,153.03
20200407,930955,中证红利低波动100指数,红利低波100,CSI Dividend Low Volatility 100 Index,Dividend Low Volatility100,8064.37,8106.57,8049.68,8097.17,116.23,1.46,3265566902.0,256.37,100.0,7.3,2020-04-07,7.3,256.37
20200408,930955,中证红利低波动100指数,红利低波100,CSI Dividend Low Volatility 100 Index,Dividend Low Volatility100,8064.67,8100.52,8034.41,8087.47,-9.7,-0.12,2396188391.0,172.76,100.0,7.27,2020-04-08,7.27,172.76
20200409,930955,中证红利低波动100指数,红利低波100,CSI Dividend Low Volatility 100 Index,Dividend Low Volatility100,8112.56,8119.04,8091.15,8096.85,9.39,0.12,2026459550.0,152.06,100.0,7.27,2020-04-09,7.27,152.06
20200410,930955,中证红利低波动100指数,红利低波100,CSI Dividend Low Volatility 100 Index,Dividend Low Volatility100,8109.01,8111.34,8025.44,8042.69,-54.16,-0.67,2184877171.0,168.6,100.0,7.24,2020-04-10,7.24,168.6
20200413,930955,中证红利低波动100指数,红利低波100,CSI Dividend Low Volatility 100 Index,Dividend Low Volatility100,8024.57,8046.06,8007.86,8030.6,-12.1,-0.15,1802403031.0,137.09,100.0,7.23,2020-04-13,7.23,137.09
20200414,930955,中证红利低波动100指数,红利低波100,CSI Dividend Low Volatility 100 Index,Dividend Low Volatility100,8043.58,8096.93,8041.0,8096.15,65.55,0.82,2238203743.0,175.38,100.0,7.29,2020-04-14,7.29,175.38
20200415,930955,中证红利低波动100指数,红利低波100,CSI Dividend Low Volatility 100 Index,Dividend Low Volatility100,8098.54,8099.31,8045.53,8054.98,-41.17,-0.51,2040734890.0,156.68,100.0,7.25,2020-04-15,7.25,156.68
20200416,930955,中证红利低波动100指数,红利低波100,CSI Dividend Low Volatility 100 Index,Dividend Low Volatility100,8022.71,8070.92,8019.99,8070.59,15.62,0.19,2304245009.0,166.44,100.0,7.25,2020-04-16,7.25,166.44
20200417,930955,中证红利低波动100指数,红利低波100,CSI Dividend Low Volatility 100 Index,Dividend Low Volatility100,8091.64,8121.24,8075.03,8085.25,14.65,0.18,3080420604.0,230.66,100.0,7.29,2020-04-17,7.29,230.66
20200420,930955,中证红利低波动100指数,红利低波100,CSI Dividend Low Volatility 100 Index,Dividend Low Volatility100,8090.12,8097.14,8062.65,8091.32,6.07,0.08,2546963609.0,195.4,100.0,7.28,2020-04-20,7.28,195.4
20200421,930955,中证红利低波动100指数,红利低波100,CSI Dividend Low Volatility 100 Index,Dividend Low Volatility100,8074.28,8075.67,7993.67,8032.52,-58.8,-0.73,2539420033.0,189.76,100.0,7.22,2020-04-21,7.22,189.76
20200422,930955,中证红利低波动100指数,红利低波100,CSI Dividend Low Volatility 100 Index,Dividend Low Volatility100,8006.22,8063.29,7982.32,8062.31,29.79,0.37,2406354532.0,170.29,100.0,7.22,2020-04-22,7.22,170.29
20200423,930955,中证红利低波动100指数,红利低波100,CSI Dividend Low Volatility 100 Index,Dividend Low Volatility100,8072.56,8093.81,8052.3,8060.0,-2.31,-0.03,2680850179.0,187.03,100.0,7.21,2020-04-23,7.21,187.03
20200424,930955,中证红利低波动100指数,红利低波100,CSI Dividend Low Volatility 100 Index,Dividend Low Volatility100,8058.89,8063.37,7989.23,8005.28,-54.72,-0.68,2139543179.0,160.08,100.0,7.17,2020-04-24,7.17,160.08
20200427,930955,中证红利低波动100指数,红利低波100,CSI Dividend Low Volatility 100 Index,Dividend Low Volatility100,8019.49,8096.77,8019.49,8058.71,53.43,0.67,2535666825.0,190.43,100.0,7.22,2020-04-27,7.22,190.43
20200428,930955,中证红利低波动100指数,红利低波100,CSI Dividend Low Volatility 100 Index,Dividend Low Volatility100,8068.63,8071.28,7901.24,8004.7,-54.01,-0.67,2985893602.0,206.3,100.0,7.2,2020-04-28,7.2,206.3
20200429,930955,中证红利低波动100指数,红利低波100,CSI Dividend Low Volatility 100 Index,Dividend Low Volatility100,8001.61,8103.91,7999.97,8103.91,99.21,1.24,2974422953.0,258.05,100.0,7.28,2020-04-29,7.28,258.05
20200430,930955,中证红利低波动100指数,红利低波100,CSI Dividend Low Volatility 100 Index,Dividend Low Volatility100,8125.12,8200.23,8125.12,8192.63,88.73,1.09,3105765510.0,249.36,100.0,7.33,2020-04-30,7.33,249.36
20200506,930955,中证红利低波动100指数,红利低波100,CSI Dividend Low Volatility 100 Index,Dividend Low Volatility100,8113.47,8179.2,8110.9,8172.26,-20.37,-0.25,3570084938.0,273.49,100.0,7.6,2020-05-06,7.6,273.49
20200507,930955,中证红利低波动100指数,红利低波100,CSI Dividend Low Volatility 100 Index,Dividend Low Volatility100,8155.32,8165.48,8128.17,8155.92,-16.35,-0.2,2649192786.0,205.87,100.0,7.58,2020-05-07,7.58,205.87
20200508,930955,中证红利低波动100指数,红利低波100,CSI Dividend Low Volatility 100 Index,Dividend Low Volatility100,8177.06,8213.8,8166.99,8206.84,50.92,0.62,2753852526.0,209.35,100.0,7.62,2020-05-08,7.62,209.35
20200511,930955,中证红利低波动100指数,红利低波100,CSI Dividend Low Volatility 100 Index,Dividend Low Volatility100,8212.58,8237.43,8192.92,8207.52,0.68,0.01,2784477252.0,213.44,100.0,7.63,2020-05-11,7.63,213.44
20200512,930955,中证红利低波动100指数,红利低波100,CSI Dividend Low Volatility 100 Index,Dividend Low Volatility100,8213.31,8215.04,8147.26,8170.9,-36.62,-0.45,2318592372.0,177.39,100.0,7.59,2020-05-12,7.59,177.39
20200513,930955,中证红利低波动100指数,红利低波100,CSI Dividend Low Volatility 100 Index,Dividend Low Volatility100,8158.25,8190.06,8130.93,8182.01,11.11,0.14,2251523976.0,169.48,100.0,7.6,2020-05-13,7.6,169.48
20200514,930955,中证红利低波动100指数,红利低波100,CSI Dividend Low Volatility 100 Index,Dividend Low Volatility100,8159.1,8159.41,8101.93,8105.25,-76.77,-0.94,2126958596.0,173.64,100.0,7.53,2020-05-14,7.53,173.64
20200515,930955,中证红利低波动100指数,红利低波100,CSI Dividend Low Volatility 100 Index,Dividend Low Volatility100,8129.76,8141.3,8097.55,8101.93,-3.32,-0.04,1965302832.0,162.53,100.0,7.52,2020-05-15,7.52,162.53
20200518,930955,中证红利低波动100指数,红利低波100,CSI Dividend Low Volatility 100 Index,Dividend Low Volatility100,8116.76,8154.7,8079.76,8125.55,23.62,0.29,2282612254.0,174.76,100.0,7.53,2020-05-18,7.53,174.76
20200519,930955,中证红利低波动100指数,红利低波100,CSI Dividend Low Volatility 100 Index,Dividend Low Volatility100,8172.92,8183.97,8148.07,8160.48,34.93,0.43,2279181746.0,171.82,100.0,7.57,2020-05-19,7.57,171.82
20200520,930955,中证红利低波动100指数,红利低波100,CSI Dividend Low Volatility 100 Index,Dividend Low Volatility100,8159.89,8159.89,8120.35,8136.29,-24.18,-0.3,2092724971.0,172.65,100.0,7.56,2020-05-20,7.56,172.65
20200521,930955,中证红利低波动100指数,红利低波100,CSI Dividend Low Volatility 100 Index,Dividend Low Volatility100,8153.72,8156.57,8097.3,8101.83,-34.46,-0.42,2241014570.0,167.27,100.0,7.54,2020-05-21,7.54,167.27
20200522,930955,中证红利低波动100指数,红利低波100,CSI Dividend Low Volatility 100 Index,Dividend Low Volatility100,8099.42,8101.07,7987.06,7996.04,-105.8,-1.31,2693087727.0,202.27,100.0,7.42,2020-05-22,7.42,202.27
20200525,930955,中证红利低波动100指数,红利低波100,CSI Dividend Low Volatility 100 Index,Dividend Low Volatility100,8007.63,8042.16,7985.93,8036.97,40.94,0.51,2058143123.0,160.97,100.0,7.45,2020-05-25,7.45,160.97
20200526,930955,中证红利低波动100指数,红利低波100,CSI Dividend Low Volatility 100 Index,Dividend Low Volatility100,8050.94,8077.36,8037.89,8070.35,33.38,0.42,2006328071.0,151.05,100.0,7.46,2020-05-26,7.46,151.05
20200527,930955,中证红利低波动100指数,红利低波100,CSI Dividend Low Volatility 100 Index,Dividend Low Volatility100,8072.98,8122.21,8061.68,8108.08,37.73,0.47,2351004392.0,171.8,100.0,7.48,2020-05-27,7.48,171.8
20200528,930955,中证红利低波动100指数,红利低波100,CSI Dividend Low Volatility 100 Index,Dividend Low Volatility100,8101.21,8148.34,8067.13,8112.91,4.82,0.06,2434546983.0,186.74,100.0,7.53,2020-05-28,7.53,186.74
20200529,930955,中证红利低波动100指数,红利低波100,CSI Dividend Low Volatility 100 Index,Dividend Low Volatility100,8097.15,8102.09,8063.3,8079.9,-33.01,-0.41,2523149983.0,184.69,100.0,7.47,2020-05-29,7.47,184.69
20200601,930955,中证红利低波动100指数,红利低波100,CSI Dividend Low Volatility 100 Index,Dividend Low Volatility100,8106.15,8216.68,8106.15,8215.26,135.36,1.68,2902158905.0,234.48,100.0,7.57,2020-06-01,7.57,234.48
20200602,930955,中证红利低波动100指数,红利低波100,CSI Dividend Low Volatility 100 Index,Dividend Low Volatility100,8210.44,8244.82,8194.78,8238.16,22.9,0.28,2837576599.0,215.49,100.0,7.6,2020-06-02,7.6,215.49
20200603,930955,中证红利低波动100指数,红利低波100,CSI Dividend Low Volatility 100 Index,Dividend Low Volatility100,8250.98,8278.96,8214.68,8216.69,-21.47,-0.26,2815587833.0,224.01,100.0,7.61,2020-06-03,7.61,224.01
20200604,930955,中证红利低波动100指数,红利低波100,CSI Dividend Low Volatility 100 Index,Dividend Low Volatility100,8242.84,8243.01,8186.65,8200.68,-16.01,-0.19,2141783820.0,177.01,100.0,7.57,2020-06-04,7.57,177.01
20200605,930955,中证红利低波动100指数,红利低波100,CSI Dividend Low Volatility 100 Index,Dividend Low Volatility100,8212.29,8212.29,8159.78,8199.8,-0.88,-0.01,1957907596.0,180.05,100.0,7.57,2020-06-05,7.57,180.05
20200608,930955,中证红利低波动100指数,红利低波100,CSI Dividend Low Volatility 100 Index,Dividend Low Volatility100,8224.37,8233.71,8203.75,8227.12,27.33,0.33,2679718675.0,250.96,100.0,7.61,2020-06-08,7.61,250.96
20200609,930955,中证红利低波动100指数,红利低波100,CSI Dividend Low Volatility 100 Index,Dividend Low Volatility100,8236.87,8265.73,8221.37,8265.73,38.6,0.47,2401371960.0,209.51,100.0,7.64,2020-06-09,7.64,209.51
20200610,930955,中证红利低波动100指数,红利低波100,CSI Dividend Low Volatility 100 Index,Dividend Low Volatility100,8271.87,8272.15,8221.51,8229.29,-36.44,-0.44,2398319841.0,205.05,100.0,7.59,2020-06-10,7.59,205.05
20200611,930955,中证红利低波动100指数,红利低波100,CSI Dividend Low Volatility 100 Index,Dividend Low Volatility100,8230.59,8242.48,8161.42,8167.85,-61.44,-0.75,3001916905.0,252.49,100.0,7.52,2020-06-11,7.52,252.49
20200612,930955,中证红利低波动100指数,红利低波100,CSI Dividend Low Volatility 100 Index,Dividend Low Volatility100,8091.14,8190.01,8080.21,8179.68,11.84,0.14,3591650499.0,270.35,100.0,7.51,2020-06-12,7.51,270.35
20200615,930955,中证红利低波动100指数,红利低波100,CSI Dividend Low Volatility 100 Index,Dividend Low Volatility100,8136.48,8187.57,8116.01,8122.22,-57.46,-0.7,3516542934.0,312.36,100.0,7.49,2020-06-15,7.49,312.36
20200616,930955,中证红利低波动100指数,红利低波100,CSI Dividend Low Volatility 100 Index,Dividend Low Volatility100,8161.38,8220.88,8149.42,8218.65,96.43,1.19,3015067763.0,252.6,100.0,7.57,2020-06-16,7.57,252.6
20200617,930955,中证红利低波动100指数,红利低波100,CSI Dividend Low Volatility 100 Index,Dividend Low Volatility100,8213.44,8247.5,8195.52,8241.53,22.88,0.28,2737259905.0,231.75,100.0,7.57,2020-06-17,7.57,231.75
20200618,930955,中证红利低波动100指数,红利低波100,CSI Dividend Low Volatility 100 Index,Dividend Low Volatility100,8233.16,8322.08,8220.24,8309.68,68.15,0.83,4193433541.0,341.26,100.0,7.58,2020-06-18,7.58,341.26
20200619,930955,中证红利低波动100指数,红利低波100,CSI Dividend Low Volatility 100 Index,Dividend Low Volatility100,8298.95,8332.5,8289.64,8316.23,6.55,0.08,3780223218.0,348.6,100.0,7.59,2020-06-19,7.59,348.6
20200622,930955,中证红利低波动100指数,红利低波100,CSI Dividend Low Volatility 100 Index,Dividend Low Volatility100,8307.83,8311.44,8256.21,8256.21,-60.02,-0.72,3580221297.0,331.78,100.0,7.55,2020-06-22,7.55,331.78
20200623,930955,中证红利低波动100指数,红利低波100,CSI Dividend Low Volatility 100 Index,Dividend Low Volatility100,8251.56,8251.56,8209.03,8222.57,-33.64,-0.41,2855963896.0,286.49,100.0,7.52,2020-06-23,7.52,286.49
20200624,930955,中证红利低波动100指数,红利低波100,CSI Dividend Low Volatility 100 Index,Dividend Low Volatility100,8214.38,8240.72,8206.56,8222.99,0.42,0.01,2860776742.0,284.34,100.0,7.56,2020-06-24,7.56,284.34
20200629,930955,中证红利低波动100指数,红利低波100,CSI Dividend Low Volatility 100 Index,Dividend Low Volatility100,8203.6,8207.89,8144.38,8159.72,-63.27,-0.77,3368684691.0,306.84,100.0,7.53,2020-06-29,7.53,306.84
20200630,930955,中证红利低波动100指数,红利低波100,CSI Dividend Low Volatility 100 Index,Dividend Low Volatility100,8184.75,8224.25,8182.06,8213.06,53.33,0.65,2852513091.0,250.37,100.0,7.49,2020-06-30,7.49,250.37
20200701,930955,中证红利低波动100指数,红利低波100,CSI Dividend Low Volatility 100 Index,Dividend Low Volatility100,8235.32,8357.9,8229.99,8356.03,142.98,1.74,4703841045.0,462.31,100.0,7.63,2020-07-01,7.63,462.31
20200702,930955,中证红利低波动100指数,红利低波100,CSI Dividend Low Volatility 100 Index,Dividend Low Volatility100,8361.15,8563.73,8358.01,8561.56,205.52,2.46,6934106223.0,628.01,100.0,7.78,2020-07-02,7.78,628.01
20200703,930955,中证红利低波动100指数,红利低波100,CSI Dividend Low Volatility 100 Index,Dividend Low Volatility100,8605.06,8752.47,8605.06,8750.38,188.83,2.21,8229375245.0,754.88,100.0,7.94,2020-07-03,7.94,754.88
20200706,930955,中证红利低波动100指数,红利低波100,CSI Dividend Low Volatility 100 Index,Dividend Low Volatility100,8858.72,9336.94,8858.72,9324.76,574.38,6.56,13754705759.0,1213.82,100.0,8.51,2020-07-06,8.51,1213.82
20200707,930955,中证红利低波动100指数,红利低波100,CSI Dividend Low Volatility 100 Index,Dividend Low Volatility100,9486.04,9583.54,9282.05,9282.05,-42.71,-0.46,13294847251.0,1208.38,100.0,8.47,2020-07-07,8.47,1208.38
20200708,930955,中证红利低波动100指数,红利低波100,CSI Dividend Low Volatility 100 Index,Dividend Low Volatility100,9245.53,9424.09,9205.02,9395.89,113.85,1.23,10667661548.0,951.78,100.0,8.48,2020-07-08,8.48,951.78
20200709,930955,中证红利低波动100指数,红利低波100,CSI Dividend Low Volatility 100 Index,Dividend Low Volatility100,9396.29,9486.23,9315.57,9475.5,79.61,0.85,9848676565.0,889.68,100.0,8.47,2020-07-09,8.47,889.68
20200710,930955,中证红利低波动100指数,红利低波100,CSI Dividend Low Volatility 100 Index,Dividend Low Volatility100,9399.3,9411.32,9235.83,9255.7,-219.8,-2.32,9722873620.0,915.8,100.0,8.16,2020-07-10,8.16,915.8
20200713,930955,中证红利低波动100指数,红利低波100,CSI Dividend Low Volatility 100 Index,Dividend Low Volatility100,9243.31,9414.05,9189.46,9385.27,129.57,1.4,9651210223.0,872.97,100.0,8.19,2020-07-13,8.19,872.97
20200714,930955,中证红利低波动100指数,红利低波100,CSI Dividend Low Volatility 100 Index,Dividend Low Volatility100,9354.5,9420.08,9153.51,9267.3,-117.97,-1.26,8352727882.0,744.58,100.0,8.08,2020-07-14,8.08,744.58
20200715,930955,中证红利低波动100指数,红利低波100,CSI Dividend Low Volatility 100 Index,Dividend Low Volatility100,9271.85,9298.42,9022.68,9061.31,-205.99,-2.22,7254383102.0,660.03,100.0,7.93,2020-07-15,7.93,660.03
20200716,930955,中证红利低波动100指数,红利低波100,CSI Dividend Low Volatility 100 Index,Dividend Low Volatility100,9056.76,9113.37,8804.33,8804.33,-256.98,-2.84,7947855125.0,698.35,100.0,7.79,2020-07-16,7.79,698.35
20200717,930955,中证红利低波动100指数,红利低波100,CSI Dividend Low Volatility 100 Index,Dividend Low Volatility100,8813.35,8867.33,8703.26,8752.15,-52.18,-0.59,5641463988.0,533.57,100.0,7.78,2020-07-17,7.78,533.57
20200720,930955,中证红利低波动100指数,红利低波100,CSI Dividend Low Volatility 100 Index,Dividend Low Volatility100,8796.57,9068.6,8794.81,9068.6,316.46,3.62,7183711017.0,671.02,100.0,8.0,2020-07-20,8.0,671.02
20200721,930955,中证红利低波动100指数,红利低波100,CSI Dividend Low Volatility 100 Index,Dividend Low Volatility100,9077.03,9103.5,8980.2,9022.9,-45.71,-0.5,5267233712.0,480.9,100.0,7.95,2020-07-21,7.95,480.9
20200722,930955,中证红利低波动100指数,红利低波100,CSI Dividend Low Volatility 100 Index,Dividend Low Volatility100,9026.69,9138.56,8965.2,9004.87,-18.03,-0.2,5751787807.0,532.39,100.0,7.94,2020-07-22,7.94,532.39
20200723,930955,中证红利低波动100指数,红利低波100,CSI Dividend Low Volatility 100 Index,Dividend Low Volatility100,8931.47,8962.2,8757.45,8909.55,-95.32,-1.06,5697330815.0,526.71,100.0,7.86,2020-07-23,7.86,526.71
20200724,930955,中证红利低波动100指数,红利低波100,CSI Dividend Low Volatility 100 Index,Dividend Low Volatility100,8884.62,8920.84,8630.15,8662.49,-247.06,-2.77,6031978356.0,553.59,100.0,7.69,2020-07-24,7.69,553.59
20200727,930955,中证红利低波动100指数,红利低波100,CSI Dividend Low Volatility 100 Index,Dividend Low Volatility100,8680.17,8700.68,8577.31,8631.3,-31.19,-0.36,4104842579.0,389.83,100.0,7.67,2020-07-27,7.67,389.83
20200728,930955,中证红利低波动100指数,红利低波100,CSI Dividend Low Volatility 100 Index,Dividend Low Volatility100,8672.11,8722.32,8643.55,8680.67,49.37,0.57,3555208171.0,332.49,100.0,7.69,2020-07-28,7.69,332.49
20200729,930955,中证红利低波动100指数,红利低波100,CSI Dividend Low Volatility 100 Index,Dividend Low Volatility100,8658.59,8802.75,8612.43,8801.06,120.39,1.39,4225311902.0,407.03,100.0,7.79,2020-07-29,7.79,407.03
20200730,930955,中证红利低波动100指数,红利低波100,CSI Dividend Low Volatility 100 Index,Dividend Low Volatility100,8808.59,8842.68,8779.78,8804.43,3.36,0.04,3984245418.0,376.17,100.0,7.73,2020-07-30,7.73,376.17
20200731,930955,中证红利低波动100指数,红利低波100,CSI Dividend Low Volatility 100 Index,Dividend Low Volatility100,8784.54,8891.55,8721.97,8820.0,15.58,0.18,4594224941.0,421.55,100.0,7.73,2020-07-31,7.73,421.55
20200803,930955,中证红利低波动100指数,红利低波100,CSI Dividend Low Volatility 100 Index,Dividend Low Volatility100,8865.68,8985.59,8865.68,8985.59,165.59,1.88,5291310850.0,507.34,100.0,7.8,2020-08-03,7.8,507.34
20200804,930955,中证红利低波动100指数,红利低波100,CSI Dividend Low Volatility 100 Index,Dividend Low Volatility100,9000.46,9071.62,8923.85,9014.72,29.12,0.32,7066501644.0,702.98,100.0,7.9,2020-08-04,7.9,702.98
20200805,930955,中证红利低波动100指数,红利低波100,CSI Dividend Low Volatility 100 Index,Dividend Low Volatility100,8983.14,8983.81,8874.41,8938.48,-76.24,-0.84,4529401486.0,422.52,100.0,7.81,2020-08-05,7.81,422.52
20200806,930955,中证红利低波动100指数,红利低波100,CSI Dividend Low Volatility 100 Index,Dividend Low Volatility100,8959.18,8989.04,8847.68,8935.88,-2.59,-0.03,4554693172.0,418.63,100.0,7.83,2020-08-06,7.83,418.63
20200807,930955,中证红利低波动100指数,红利低波100,CSI Dividend Low Volatility 100 Index,Dividend Low Volatility100,8919.19,8919.19,8787.53,8864.68,-71.2,-0.8,4310556837.0,391.77,100.0,7.77,2020-08-07,7.77,391.77
20200810,930955,中证红利低波动100指数,红利低波100,CSI Dividend Low Volatility 100 Index,Dividend Low Volatility100,8860.93,9004.01,8847.12,8977.85,113.17,1.28,5033352052.0,453.68,100.0,7.84,2020-08-10,7.84,453.68
20200811,930955,中证红利低波动100指数,红利低波100,CSI Dividend Low Volatility 100 Index,Dividend Low Volatility100,9003.54,9051.39,8903.53,8912.22,-65.63,-0.73,5638869960.0,520.96,100.0,7.81,2020-08-11,7.81,520.96
20200812,930955,中证红利低波动100指数,红利低波100,CSI Dividend Low Volatility 100 Index,Dividend Low Volatility100,8903.79,8944.44,8813.46,8944.44,32.22,0.36,5376530631.0,461.39,100.0,7.84,2020-08-12,7.84,461.39
20200813,930955,中证红利低波动100指数,红利低波100,CSI Dividend Low Volatility 100 Index,Dividend Low Volatility100,8960.76,9023.55,8959.85,8991.35,46.91,0.52,3998023876.0,341.19,100.0,7.84,2020-08-13,7.84,341.19
20200814,930955,中证红利低波动100指数,红利低波100,CSI Dividend Low Volatility 100 Index,Dividend Low Volatility100,8972.46,9030.5,8914.01,9025.05,33.7,0.37,4102648856.0,369.68,100.0,7.9,2020-08-14,7.9,369.68
20200817,930955,中证红利低波动100指数,红利低波100,CSI Dividend Low Volatility 100 Index,Dividend Low Volatility100,9054.14,9257.36,9041.43,9216.71,191.66,2.12,8066128099.0,744.45,100.0,8.05,2020-08-17,8.05,744.45
20200818,930955,中证红利低波动100指数,红利低波100,CSI Dividend Low Volatility 100 Index,Dividend Low Volatility100,9231.61,9242.36,9182.16,9218.14,1.43,0.01,5091035489.0,452.87,100.0,7.99,2020-08-18,7.99,452.87
20200819,930955,中证红利低波动100指数,红利低波100,CSI Dividend Low Volatility 100 Index,Dividend Low Volatility100,9237.59,9290.16,9168.16,9190.06,-28.08,-0.3,5299993117.0,443.29,100.0,7.94,2020-08-19,7.94,443.29
20200820,930955,中证红利低波动100指数,红利低波100,CSI Dividend Low Volatility 100 Index,Dividend Low Volatility100,9171.5,9198.07,9066.71,9081.06,-109.0,-1.19,4806117031.0,395.18,100.0,7.87,2020-08-20,7.87,395.18
20200821,930955,中证红利低波动100指数,红利低波100,CSI Dividend Low Volatility 100 Index,Dividend Low Volatility100,9100.81,9160.31,9093.86,9138.38,57.32,0.63,3617578790.0,309.11,100.0,7.9,2020-08-21,7.9,309.11
20200824,930955,中证红利低波动100指数,红利低波100,CSI Dividend Low Volatility 100 Index,Dividend Low Volatility100,9179.63,9194.47,9128.25,9141.59,3.2,0.03,3541575276.0,316.05,100.0,7.88,2020-08-24,7.88,316.05
20200825,930955,中证红利低波动100指数,红利低波100,CSI Dividend Low Volatility 100 Index,Dividend Low Volatility100,9183.1,9205.93,9064.53,9097.51,-44.08,-0.48,3493497170.0,319.11,100.0,7.86,2020-08-25,7.86,319.11
20200826,930955,中证红利低波动100指数,红利低波100,CSI Dividend Low Volatility 100 Index,Dividend Low Volatility100,9109.58,9117.41,8975.02,8997.74,-99.77,-1.1,4061447400.0,353.66,100.0,7.8,2020-08-26,7.8,353.66
20200827,930955,中证红利低波动100指数,红利低波100,CSI Dividend Low Volatility 100 Index,Dividend Low Volatility100,9015.99,9022.85,8958.88,9013.77,16.03,0.18,3578555994.0,310.95,100.0,7.79,2020-08-27,7.79,310.95
20200828,930955,中证红利低波动100指数,红利低波100,CSI Dividend Low Volatility 100 Index,Dividend Low Volatility100,9008.45,9124.77,8979.83,9122.72,108.96,1.21,4563106272.0,422.81,100.0,7.89,2020-08-28,7.89,422.81
20200831,930955,中证红利低波动100指数,红利低波100,CSI Dividend Low Volatility 100 Index,Dividend Low Volatility100,9143.61,9179.86,9082.8,9086.71,-36.02,-0.39,5824443521.0,528.65,100.0,7.85,2020-08-31,7.85,528.65
20200901,930955,中证红利低波动100指数,红利低波100,CSI Dividend Low Volatility 100 Index,Dividend Low Volatility100,9071.15,9109.16,9041.98,9108.94,22.23,0.24,3923812023.0,347.44,100.0,7.98,2020-09-01,7.98,347.44
20200902,930955,中证红利低波动100指数,红利低波100,CSI Dividend Low Volatility 100 Index,Dividend Low Volatility100,9124.83,9130.32,9023.59,9076.45,-32.49,-0.36,4288954543.0,370.56,100.0,7.93,2020-09-02,7.93,370.56
20200903,930955,中证红利低波动100指数,红利低波100,CSI Dividend Low Volatility 100 Index,Dividend Low Volatility100,9079.89,9139.41,9035.17,9050.11,-26.34,-0.29,3958161041.0,360.95,100.0,7.92,2020-09-03,7.92,360.95
20200904,930955,中证红利低波动100指数,红利低波100,CSI Dividend Low Volatility 100 Index,Dividend Low Volatility100,8957.39,8999.45,8926.86,8983.31,-66.8,-0.74,3345454772.0,310.61,100.0,7.88,2020-09-04,7.88,310.61
20200907,930955,中证红利低波动100指数,红利低波100,CSI Dividend Low Volatility 100 Index,Dividend Low Volatility100,8979.51,9036.09,8878.42,8890.69,-92.62,-1.03,3781420730.0,373.15,100.0,7.84,2020-09-07,7.84,373.15
20200908,930955,中证红利低波动100指数,红利低波100,CSI Dividend Low Volatility 100 Index,Dividend Low Volatility100,8912.26,9003.52,8905.42,8994.6,103.91,1.17,3791004318.0,371.68,100.0,7.94,2020-09-08,7.94,371.68
20200909,930955,中证红利低波动100指数,红利低波100,CSI Dividend Low Volatility 100 Index,Dividend Low Volatility100,8930.15,8994.11,8879.52,8898.25,-96.35,-1.07,4431693896.0,353.18,100.0,7.88,2020-09-09,7.88,353.18
20200910,930955,中证红利低波动100指数,红利低波100,CSI Dividend Low Volatility 100 Index,Dividend Low Volatility100,8952.18,8974.58,8825.73,8843.79,-54.46,-0.61,4089835306.0,345.27,100.0,7.87,2020-09-10,7.87,345.27
20200911,930955,中证红利低波动100指数,红利低波100,CSI Dividend Low Volatility 100 Index,Dividend Low Volatility100,8820.36,8839.34,8764.28,8829.63,-14.15,-0.16,3191041482.0,290.24,100.0,7.86,2020-09-11,7.86,290.24
20200914,930955,中证红利低波动100指数,红利低波100,CSI Dividend Low Volatility 100 Index,Dividend Low Volatility100,8841.98,8855.64,8809.31,8846.13,16.5,0.19,2593591464.0,224.93,100.0,7.46,2020-09-14,7.46,224.93
20200915,930955,中证红利低波动100指数,红利低波100,CSI Dividend Low Volatility 100 Index,Dividend Low Volatility100,8844.12,8844.4,8797.32,8833.68,-12.45,-0.14,2296346380.0,230.4,100.0,7.47,2020-09-15,7.47,230.4
20200916,930955,中证红利低波动100指数,红利低波100,CSI Dividend Low Volatility 100 Index,Dividend Low Volatility100,8832.54,8884.98,8800.93,8851.27,17.59,0.2,2553431162.0,199.94,100.0,7.48,2020-09-16,7.48,199.94
20200917,930955,中证红利低波动100指数,红利低波100,CSI Dividend Low Volatility 100 Index,Dividend Low Volatility100,8841.36,8873.68,8797.53,8834.66,-16.61,-0.19,2397712500.0,210.94,100.0,7.46,2020-09-17,7.46,210.94
20200918,930955,中证红利低波动100指数,红利低波100,CSI Dividend Low Volatility 100 Index,Dividend Low Volatility100,8849.1,9015.53,8841.13,9013.99,179.32,2.03,4806520800.0,460.09,100.0,7.61,2020-09-18,7.61,460.09
20200921,930955,中证红利低波动100指数,红利低波100,CSI Dividend Low Volatility 100 Index,Dividend Low Volatility100,9022.06,9030.37,8952.08,8969.94,-44.05,-0.49,3213455906.0,277.37,100.0,7.56,2020-09-21,7.56,277.37
20200922,930955,中证红利低波动100指数,红利低波100,CSI Dividend Low Volatility 100 Index,Dividend Low Volatility100,8915.97,8947.66,8824.66,8838.67,-131.27,-1.46,2969624410.0,245.74,100.0,7.46,2020-09-22,7.46,245.74
20200923,930955,中证红利低波动100指数,红利低波100,CSI Dividend Low Volatility 100 Index,Dividend Low Volatility100,8865.59,8870.93,8807.66,8816.68,-21.99,-0.25,2185011184.0,172.68,100.0,7.43,2020-09-23,7.43,172.68
20200924,930955,中证红利低波动100指数,红利低波100,CSI Dividend Low Volatility 100 Index,Dividend Low Volatility100,8784.68,8784.68,8658.94,8664.43,-152.25,-1.73,2861103376.0,229.19,100.0,7.35,2020-09-24,7.35,229.19
20200925,930955,中证红利低波动100指数,红利低波100,CSI Dividend Low Volatility 100 Index,Dividend Low Volatility100,8686.09,8701.13,8620.18,8647.24,-17.19,-0.2,2162645982.0,169.69,100.0,7.34,2020-09-25,7.34,169.69
20200928,930955,中证红利低波动100指数,红利低波100,CSI Dividend Low Volatility 100 Index,Dividend Low Volatility100,8664.82,8708.54,8656.02,8676.58,29.34,0.34,2319780483.0,171.02,100.0,7.38,2020-09-28,7.38,171.02
20200929,930955,中证红利低波动100指数,红利低波100,CSI Dividend Low Volatility 100 Index,Dividend Low Volatility100,8699.95,8735.38,8678.11,8683.09,6.5,0.07,2170242004.0,189.7,100.0,7.33,2020-09-29,7.33,189.7
20200930,930955,中证红利低波动100指数,红利低波100,CSI Dividend Low Volatility 100 Index,Dividend Low Volatility100,8696.32,8701.03,8594.02,8633.16,-49.93,-0.57,2577590763.0,204.65,100.0,7.32,2020-09-30,7.32,204.65
20201009,930955,中证红利低波动100指数,红利低波100,CSI Dividend Low Volatility 100 Index,Dividend Low Volatility100,8710.73,8786.34,8710.73,8761.34,128.19,1.48,2668977399.0,215.29,100.0,7.36,2020-10-09,7.36,215.29
20201012,930955,中证红利低波动100指数,红利低波100,CSI Dividend Low Volatility 100 Index,Dividend Low Volatility100,8784.43,8919.1,8780.43,8908.81,147.46,1.68,4298036410.0,363.58,100.0,7.5,2020-10-12,7.5,363.58
20201013,930955,中证红利低波动100指数,红利低波100,CSI Dividend Low Volatility 100 Index,Dividend Low Volatility100,8905.95,8905.95,8850.68,8899.87,-8.94,-0.1,2944899521.0,235.93,100.0,7.48,2020-10-13,7.48,235.93
20201014,930955,中证红利低波动100指数,红利低波100,CSI Dividend Low Volatility 100 Index,Dividend Low Volatility100,8890.99,8891.61,8830.98,8853.52,-46.34,-0.52,2716538777.0,219.53,100.0,7.47,2020-10-14,7.47,219.53
20201015,930955,中证红利低波动100指数,红利低波100,CSI Dividend Low Volatility 100 Index,Dividend Low Volatility100,8852.35,8919.78,8824.04,8875.51,21.99,0.25,3355728200.0,299.27,100.0,7.5,2020-10-15,7.5,299.27
20201016,930955,中证红利低波动100指数,红利低波100,CSI Dividend Low Volatility 100 Index,Dividend Low Volatility100,8873.92,8970.6,8872.69,8952.44,76.93,0.87,4761811502.0,382.64,100.0,7.58,2020-10-16,7.58,382.64
20201019,930955,中证红利低波动100指数,红利低波100,CSI Dividend Low Volatility 100 Index,Dividend Low Volatility100,8967.52,9059.3,8887.5,8899.86,-52.58,-0.59,5018389838.0,415.72,100.0,7.58,2020-10-19,7.58,415.72
20201020,930955,中证红利低波动100指数,红利低波100,CSI Dividend Low Volatility 100 Index,Dividend Low Volatility100,8887.61,8887.61,8837.54,8884.85,-15.02,-0.17,3005005201.0,228.18,100.0,7.54,2020-10-20,7.54,228.18
20201021,930955,中证红利低波动100指数,红利低波100,CSI Dividend Low Volatility 100 Index,Dividend Low Volatility100,8890.71,8904.94,8831.9,8899.67,14.83,0.17,3350598636.0,266.82,100.0,7.62,2020-10-21,7.62,266.82
20201022,930955,中证红利低波动100指数,红利低波100,CSI Dividend Low Volatility 100 Index,Dividend Low Volatility100,8882.46,8891.96,8851.87,8884.77,-14.9,-0.17,2884436322.0,240.09,100.0,7.61,2020-10-22,7.61,240.09
20201023,930955,中证红利低波动100指数,红利低波100,CSI Dividend Low Volatility 100 Index,Dividend Low Volatility100,8872.26,8917.75,8862.41,8870.02,-14.75,-0.17,3659327032.0,322.27,100.0,7.63,2020-10-23,7.63,322.27
20201026,930955,中证红利低波动100指数,红利低波100,CSI Dividend Low Volatility 100 Index,Dividend Low Volatility100,8868.59,8873.57,8791.59,8824.33,-45.69,-0.52,3619544851.0,283.62,100.0,7.58,2020-10-26,7.58,283.62
20201027,930955,中证红利低波动100指数,红利低波100,CSI Dividend Low Volatility 100 Index,Dividend Low Volatility100,8804.13,8804.72,8755.93,8788.02,-36.32,-0.41,2876887988.0,227.75,100.0,7.55,2020-10-27,7.55,227.75
20201028,930955,中证红利低波动100指数,红利低波100,CSI Dividend Low Volatility 100 Index,Dividend Low Volatility100,8781.71,8785.03,8700.72,8764.06,-23.96,-0.27,3023539059.0,266.08,100.0,7.49,2020-10-28,7.49,266.08
20201029,930955,中证红利低波动100指数,红利低波100,CSI Dividend Low Volatility 100 Index,Dividend Low Volatility100,8694.08,8764.3,8682.65,8738.26,-25.8,-0.29,3024274342.0,253.27,100.0,7.46,2020-10-29,7.46,253.27
20201030,930955,中证红利低波动100指数,红利低波100,CSI Dividend Low Volatility 100 Index,Dividend Low Volatility100,8743.92,8776.74,8625.17,8632.69,-105.57,-1.21,3639439747.0,289.09,100.0,7.41,2020-10-30,7.41,289.09
20201102,930955,中证红利低波动100指数,红利低波100,CSI Dividend Low Volatility 100 Index,Dividend Low Volatility100,8635.99,8670.0,8620.97,8641.38,8.7,0.1,3687570685.0,292.6,100.0,7.65,2020-11-02,7.65,292.6
20201103,930955,中证红利低波动100指数,红利低波100,CSI Dividend Low Volatility 100 Index,Dividend Low Volatility100,8673.56,8766.67,8673.56,8753.89,112.51,1.3,3552752809.0,293.89,100.0,7.74,2020-11-03,7.74,293.89
20201104,930955,中证红利低波动100指数,红利低波100,CSI Dividend Low Volatility 100 Index,Dividend Low Volatility100,8771.85,8775.72,8696.54,8760.83,6.94,0.08,2922834370.0,249.92,100.0,7.77,2020-11-04,7.77,249.92
20201105,930955,中证红利低波动100指数,红利低波100,CSI Dividend Low Volatility 100 Index,Dividend Low Volatility100,8802.72,8865.48,8787.44,8858.11,97.27,1.11,3465248739.0,276.38,100.0,7.82,2020-11-05,7.82,276.38
20201106,930955,中证红利低波动100指数,红利低波100,CSI Dividend Low Volatility 100 Index,Dividend Low Volatility100,8859.87,8905.02,8831.65,8893.99,35.88,0.4,3733789141.0,281.22,100.0,7.85,2020-11-06,7.85,281.22
20201109,930955,中证红利低波动100指数,红利低波100,CSI Dividend Low Volatility 100 Index,Dividend Low Volatility100,8929.09,9032.66,8929.09,9018.01,124.02,1.39,5242610830.0,390.4,100.0,7.92,2020-11-09,7.92,390.4
20201110,930955,中证红利低波动100指数,红利低波100,CSI Dividend Low Volatility 100 Index,Dividend Low Volatility100,9058.19,9089.1,8968.7,8996.69,-21.31,-0.24,4752888559.0,380.34,100.0,7.94,2020-11-10,7.94,380.34
20201111,930955,中证红利低波动100指数,红利低波100,CSI Dividend Low Volatility 100 Index,Dividend Low Volatility100,8988.95,9104.88,8978.37,9061.33,64.63,0.72,4918003415.0,358.43,100.0,8.02,2020-11-11,8.02,358.43
20201112,930955,中证红利低波动100指数,红利低波100,CSI Dividend Low Volatility 100 Index,Dividend Low Volatility100,9051.9,9053.86,8986.33,9005.49,-55.84,-0.62,3175906808.0,244.02,100.0,7.94,2020-11-12,7.94,244.02
20201113,930955,中证红利低波动100指数,红利低波100,CSI Dividend Low Volatility 100 Index,Dividend Low Volatility100,8975.65,8975.65,8873.6,8910.73,-94.76,-1.05,3581071943.0,289.05,100.0,7.83,2020-11-13,7.83,289.05
20201116,930955,中证红利低波动100指数,红利低波100,CSI Dividend Low Volatility 100 Index,Dividend Low Volatility100,8943.81,9069.85,8943.81,9069.85,159.12,1.79,4159322219.0,304.67,100.0,7.92,2020-11-16,7.92,304.67
20201117,930955,中证红利低波动100指数,红利低波100,CSI Dividend Low Volatility 100 Index,Dividend Low Volatility100,9066.22,9108.85,9047.34,9079.66,9.82,0.11,4106782415.0,322.8,100.0,7.95,2020-11-17,7.95,322.8
20201118,930955,中证红利低波动100指数,红利低波100,CSI Dividend Low Volatility 100 Index,Dividend Low Volatility100,9074.4,9162.34,9065.47,9112.25,32.58,0.36,5044604477.0,427.34,100.0,8.03,2020-11-18,8.03,427.34
20201119,930955,中证红利低波动100指数,红利低波100,CSI Dividend Low Volatility 100 Index,Dividend Low Volatility100,9103.74,9140.22,9060.76,9097.46,-14.79,-0.16,3733879708.0,297.93,100.0,8.04,2020-11-19,8.04,297.93
20201120,930955,中证红利低波动100指数,红利低波100,CSI Dividend Low Volatility 100 Index,Dividend Low Volatility100,9087.1,9146.73,9055.21,9142.19,44.73,0.49,3573243560.0,265.79,100.0,8.02,2020-11-20,8.02,265.79
20201123,930955,中证红利低波动100指数,红利低波100,CSI Dividend Low Volatility 100 Index,Dividend Low Volatility100,9152.85,9336.04,9149.07,9288.67,146.49,1.6,6862664035.0,498.82,100.0,8.15,2020-11-23,8.15,498.82
20201124,930955,中证红利低波动100指数,红利低波100,CSI Dividend Low Volatility 100 Index,Dividend Low Volatility100,9274.92,9291.13,9241.67,9268.3,-20.38,-0.22,4491682067.0,330.35,100.0,8.11,2020-11-24,8.11,330.35
20201125,930955,中证红利低波动100指数,红利低波100,CSI Dividend Low Volatility 100 Index,Dividend Low Volatility100,9316.47,9340.53,9182.17,9182.24,-86.06,-0.93,4923782493.0,409.32,100.0,8.08,2020-11-25,8.08,409.32
20201126,930955,中证红利低波动100指数,红利低波100,CSI Dividend Low Volatility 100 Index,Dividend Low Volatility100,9184.7,9222.75,9156.49,9216.36,34.12,0.37,4116119402.0,343.95,100.0,8.17,2020-11-26,8.17,343.95
20201127,930955,中证红利低波动100指数,红利低波100,CSI Dividend Low Volatility 100 Index,Dividend Low Volatility100,9224.87,9305.2,9174.13,9305.03,88.67,0.96,6500791976.0,456.51,100.0,8.33,2020-11-27,8.33,456.51
20201130,930955,中证红利低波动100指数,红利低波100,CSI Dividend Low Volatility 100 Index,Dividend Low Volatility100,9324.49,9477.18,9246.83,9246.83,-58.2,-0.63,10136107516.0,808.28,100.0,8.26,2020-11-30,8.26,808.28
20201201,930955,中证红利低波动100指数,红利低波100,CSI Dividend Low Volatility 100 Index,Dividend Low Volatility100,9251.94,9391.86,9221.44,9375.02,128.19,1.39,6343726118.0,497.03,100.0,8.43,2020-12-01,8.43,497.03
20201202,930955,中证红利低波动100指数,红利低波100,CSI Dividend Low Volatility 100 Index,Dividend Low Volatility100,9381.26,9440.91,9321.75,9390.1,15.09,0.16,5154484810.0,401.3,100.0,8.41,2020-12-02,8.41,401.3
20201203,930955,中证红利低波动100指数,红利低波100,CSI Dividend Low Volatility 100 Index,Dividend Low Volatility100,9383.13,9383.13,9285.56,9304.78,-85.32,-0.91,4892696571.0,363.97,100.0,8.34,2020-12-03,8.34,363.97
20201204,930955,中证红利低波动100指数,红利低波100,CSI Dividend Low Volatility 100 Index,Dividend Low Volatility100,9298.63,9298.63,9189.52,9256.01,-48.77,-0.52,4045703604.0,309.81,100.0,8.28,2020-12-04,8.28,309.81
20201207,930955,中证红利低波动100指数,红利低波100,CSI Dividend Low Volatility 100 Index,Dividend Low Volatility100,9256.64,9267.14,9135.83,9141.71,-114.31,-1.23,4329897099.0,346.94,100.0,8.13,2020-12-07,8.13,346.94
20201208,930955,中证红利低波动100指数,红利低波100,CSI Dividend Low Volatility 100 Index,Dividend Low Volatility100,9140.83,9164.97,9081.56,9088.95,-52.75,-0.58,3560192401.0,306.36,100.0,8.07,2020-12-08,8.07,306.36
20201209,930955,中证红利低波动100指数,红利低波100,CSI Dividend Low Volatility 100 Index,Dividend Low Volatility100,9107.25,9151.41,9046.93,9046.93,-42.02,-0.46,3617321100.0,282.53,100.0,8.05,2020-12-09,8.05,282.53
20201210,930955,中证红利低波动100指数,红利低波100,CSI Dividend Low Volatility 100 Index,Dividend Low Volatility100,9052.03,9079.67,9039.59,9062.05,15.11,0.17,3684794838.0,263.02,100.0,8.03,2020-12-10,8.03,263.02
20201211,930955,中证红利低波动100指数,红利低波100,CSI Dividend Low Volatility 100 Index,Dividend Low Volatility100,9098.63,9116.53,8933.32,8993.94,-68.11,-0.75,4901296613.0,365.86,100.0,7.98,2020-12-11,7.98,365.86
20201214,930955,中证红利低波动100指数,红利低波100,CSI Dividend Low Volatility 100 Index,Dividend Low Volatility100,8950.97,8950.97,8868.75,8899.67,-94.27,-1.05,3850146365.0,320.02,100.0,7.88,2020-12-14,7.88,320.02
20201215,930955,中证红利低波动100指数,红利低波100,CSI Dividend Low Volatility 100 Index,Dividend Low Volatility100,8893.05,8893.21,8822.58,8884.23,-15.45,-0.17,3556750168.0,291.77,100.0,7.83,2020-12-15,7.83,291.77
20201216,930955,中证红利低波动100指数,红利低波100,CSI Dividend Low Volatility 100 Index,Dividend Low Volatility100,8890.32,8916.45,8851.07,8863.29,-20.93,-0.24,2954567208.0,237.69,100.0,7.83,2020-12-16,7.83,237.69
20201217,930955,中证红利低波动100指数,红利低波100,CSI Dividend Low Volatility 100 Index,Dividend Low Volatility100,8856.02,8978.47,8815.72,8970.3,107.0,1.21,3846292416.0,317.89,100.0,7.89,2020-12-17,7.89,317.89
20201218,930955,中证红利低波动100指数,红利低波100,CSI Dividend Low Volatility 100 Index,Dividend Low Volatility100,8998.99,9090.14,8996.91,9047.36,77.06,0.86,4404647055.0,337.84,100.0,7.87,2020-12-18,7.87,337.84
20201221,930955,中证红利低波动100指数,红利低波100,CSI Dividend Low Volatility 100 Index,Dividend Low Volatility100,9068.74,9095.55,8992.32,9059.67,12.31,0.14,4087083773.0,328.22,100.0,7.84,2020-12-21,7.84,328.22
20201222,930955,中证红利低波动100指数,红利低波100,CSI Dividend Low Volatility 100 Index,Dividend Low Volatility100,9027.28,9027.28,8830.36,8840.24,-219.43,-2.42,4772118304.0,400.97,100.0,7.69,2020-12-22,7.69,400.97
20201223,930955,中证红利低波动100指数,红利低波100,CSI Dividend Low Volatility 100 Index,Dividend Low Volatility100,8835.29,8901.09,8832.3,8859.6,19.36,0.22,3565358028.0,291.65,100.0,7.71,2020-12-23,7.71,291.65
20201224,930955,中证红利低波动100指数,红利低波100,CSI Dividend Low Volatility 100 Index,Dividend Low Volatility100,8871.27,8878.17,8771.91,8803.95,-55.65,-0.63,2810134279.0,236.48,100.0,7.71,2020-12-24,7.71,236.48
20201225,930955,中证红利低波动100指数,红利低波100,CSI Dividend Low Volatility 100 Index,Dividend Low Volatility100,8796.48,8941.14,8776.51,8897.08,93.13,1.06,3371024541.0,272.75,100.0,7.75,2020-12-25,7.75,272.75
20201228,930955,中证红利低波动100指数,红利低波100,CSI Dividend Low Volatility 100 Index,Dividend Low Volatility100,8898.49,8920.76,8822.53,8850.29,-46.79,-0.53,3774724828.0,317.43,100.0,7.74,2020-12-28,7.74,317.43
20201229,930955,中证红利低波动100指数,红利低波100,CSI Dividend Low Volatility 100 Index,Dividend Low Volatility100,8853.19,8867.5,8785.63,8794.14,-56.15,-0.63,3424766882.0,284.98,100.0,7.74,2020-12-29,7.74,284.98
20201230,930955,中证红利低波动100指数,红利低波100,CSI Dividend Low Volatility 100 Index,Dividend Low Volatility100,8783.73,8854.24,8772.79,8819.99,25.85,0.29,3422349036.0,289.05,100.0,7.74,2020-12-30,7.74,289.05
20201231,930955,中证红利低波动100指数,红利低波100,CSI Dividend Low Volatility 100 Index,Dividend Low Volatility100,8815.67,8875.23,8801.5,8855.0,35.02,0.4,4162531215.0,361.37,100.0,7.8,2020-12-31,7.8,361.37
20210104,930955,中证红利低波动100指数,红利低波100,CSI Dividend Low Volatility 100 Index,Dividend Low Volatility100,8839.26,8887.86,8795.83,8866.5,11.49,0.13,5282149794.0,498.56,100.0,7.75,2021-01-04,7.75,498.56
20210105,930955,中证红利低波动100指数,红利低波100,CSI Dividend Low Volatility 100 Index,Dividend Low Volatility100,8846.52,8846.52,8728.29,8816.07,-50.43,-0.57,5575943725.0,499.41,100.0,7.69,2021-01-05,7.69,499.41
20210106,930955,中证红利低波动100指数,红利低波100,CSI Dividend Low Volatility 100 Index,Dividend Low Volatility100,8806.4,8862.61,8796.54,8862.34,46.27,0.52,5410572359.0,473.0,100.0,7.8,2021-01-06,7.8,473.0
20210107,930955,中证红利低波动100指数,红利低波100,CSI Dividend Low Volatility 100 Index,Dividend Low Volatility100,8870.53,8914.36,8811.48,8879.03,16.7,0.19,6454421926.0,543.06,100.0,7.86,2021-01-07,7.86,543.06
20210108,930955,中证红利低波动100指数,红利低波100,CSI Dividend Low Volatility 100 Index,Dividend Low Volatility100,8868.54,8927.82,8831.61,8913.13,34.09,0.38,5456852784.0,500.77,100.0,7.9,2021-01-08,7.9,500.77
20210111,930955,中证红利低波动100指数,红利低波100,CSI Dividend Low Volatility 100 Index,Dividend Low Volatility100,8896.52,8899.09,8743.24,8755.87,-157.26,-1.76,6277597760.0,563.65,100.0,7.86,2021-01-11,7.86,563.65
20210112,930955,中证红利低波动100指数,红利低波100,CSI Dividend Low Volatility 100 Index,Dividend Low Volatility100,8742.68,8845.41,8739.37,8844.73,88.85,1.01,5380268176.0,503.87,100.0,7.95,2021-01-12,7.95,503.87
20210113,930955,中证红利低波动100指数,红利低波100,CSI Dividend Low Volatility 100 Index,Dividend Low Volatility100,8830.01,8941.38,8787.21,8914.26,69.53,0.79,7347892707.0,601.67,100.0,8.03,2021-01-13,8.03,601.67
20210114,930955,中证红利低波动100指数,红利低波100,CSI Dividend Low Volatility 100 Index,Dividend Low Volatility100,8894.71,9011.15,8871.01,8944.26,30.0,0.34,7685058764.0,642.84,100.0,8.04,2021-01-14,8.04,642.84
20210115,930955,中证红利低波动100指数,红利低波100,CSI Dividend Low Volatility 100 Index,Dividend Low Volatility100,8963.88,9043.17,8945.97,8964.42,20.16,0.22,8585731785.0,800.28,100.0,8.11,2021-01-15,8.11,800.28
20210118,930955,中证红利低波动100指数,红利低波100,CSI Dividend Low Volatility 100 Index,Dividend Low Volatility100,8955.78,9012.84,8948.63,8997.4,32.98,0.37,6094548336.0,594.87,100.0,8.15,2021-01-18,8.15,594.87
20210119,930955,中证红利低波动100指数,红利低波100,CSI Dividend Low Volatility 100 Index,Dividend Low Volatility100,8989.23,9058.96,8937.02,9011.69,14.29,0.16,6209949658.0,568.76,100.0,8.16,2021-01-19,8.16,568.76
20210120,930955,中证红利低波动100指数,红利低波100,CSI Dividend Low Volatility 100 Index,Dividend Low Volatility100,9007.52,9033.29,8958.77,8989.52,-22.17,-0.25,5075227706.0,489.52,100.0,8.1,2021-01-20,8.1,489.52
20210121,930955,中证红利低波动100指数,红利低波100,CSI Dividend Low Volatility 100 Index,Dividend Low Volatility100,8985.82,9042.52,8961.46,9000.09,10.56,0.12,4838671700.0,475.97,100.0,8.1,2021-01-21,8.1,475.97
20210122,930955,中证红利低波动100指数,红利低波100,CSI Dividend Low Volatility 100 Index,Dividend Low Volatility100,8989.94,8989.94,8860.14,8863.19,-136.9,-1.52,4892077970.0,471.48,100.0,7.98,2021-01-22,7.98,471.48
20210125,930955,中证红利低波动100指数,红利低波100,CSI Dividend Low Volatility 100 Index,Dividend Low Volatility100,8846.74,8846.8,8765.0,8784.54,-78.65,-0.89,4607337274.0,453.93,100.0,7.97,2021-01-25,7.97,453.93
20210126,930955,中证红利低波动100指数,红利低波100,CSI Dividend Low Volatility 100 Index,Dividend Low Volatility100,8770.12,8834.11,8742.42,8757.76,-26.78,-0.3,3813758338.0,369.42,100.0,7.94,2021-01-26,7.94,369.42
20210127,930955,中证红利低波动100指数,红利低波100,CSI Dividend Low Volatility 100 Index,Dividend Low Volatility100,8754.11,8861.58,8754.11,8784.18,26.42,0.3,4466366414.0,388.61,100.0,7.98,2021-01-27,7.98,388.61
20210128,930955,中证红利低波动100指数,红利低波100,CSI Dividend Low Volatility 100 Index,Dividend Low Volatility100,8733.09,8733.09,8658.54,8677.56,-106.62,-1.21,4338843520.0,405.43,100.0,7.9,2021-01-28,7.9,405.43
20210129,930955,中证红利低波动100指数,红利低波100,CSI Dividend Low Volatility 100 Index,Dividend Low Volatility100,8688.07,8701.17,8556.96,8601.97,-75.58,-0.87,4611581534.0,432.71,100.0,7.86,2021-01-29,7.86,432.71
20210201,930955,中证红利低波动100指数,红利低波100,CSI Dividend Low Volatility 100 Index,Dividend Low Volatility100,8593.26,8654.69,8559.78,8649.57,47.6,0.55,4388843552.0,401.17,100.0,7.93,2021-02-01,7.93,401.17
20210202,930955,中证红利低波动100指数,红利低波100,CSI Dividend Low Volatility 100 Index,Dividend Low Volatility100,8650.06,8668.93,8588.18,8601.9,-47.67,-0.55,4203257261.0,400.9,100.0,7.88,2021-02-02,7.88,400.9
20210203,930955,中证红利低波动100指数,红利低波100,CSI Dividend Low Volatility 100 Index,Dividend Low Volatility100,8595.64,8598.03,8510.68,8563.08,-38.82,-0.45,4249375006.0,426.91,100.0,7.87,2021-02-03,7.87,426.91
20210204,930955,中证红利低波动100指数,红利低波100,CSI Dividend Low Volatility 100 Index,Dividend Low Volatility100,8547.85,8561.77,8474.83,8532.04,-31.04,-0.36,4649455062.0,466.14,100.0,7.89,2021-02-04,7.89,466.14
20210205,930955,中证红利低波动100指数,红利低波100,CSI Dividend Low Volatility 100 Index,Dividend Low Volatility100,8523.04,8616.42,8513.91,8576.95,44.91,0.53,6386281004.0,535.43,100.0,8.0,2021-02-05,8.0,535.43
20210208,930955,中证红利低波动100指数,红利低波100,CSI Dividend Low Volatility 100 Index,Dividend Low Volatility100,8584.94,8666.48,8560.29,8643.24,66.29,0.77,4944912573.0,443.34,100.0,8.02,2021-02-08,8.02,443.34
20210209,930955,中证红利低波动100指数,红利低波100,CSI Dividend Low Volatility 100 Index,Dividend Low Volatility100,8638.88,8705.51,8624.06,8700.53,57.29,0.66,4519597449.0,400.38,100.0,8.04,2021-02-09,8.04,400.38
20210210,930955,中证红利低波动100指数,红利低波100,CSI Dividend Low Volatility 100 Index,Dividend Low Volatility100,8704.39,8762.91,8693.1,8750.84,50.3,0.58,5476870105.0,471.03,100.0,8.08,2021-02-10,8.08,471.03
20210218,930955,中证红利低波动100指数,红利低波100,CSI Dividend Low Volatility 100 Index,Dividend Low Volatility100,8888.98,8989.67,8888.98,8977.19,226.35,2.59,7474904617.0,649.87,100.0,8.24,2021-02-18,8.24,649.87
20210219,930955,中证红利低波动100指数,红利低波100,CSI Dividend Low Volatility 100 Index,Dividend Low Volatility100,8955.97,9150.77,8945.05,9147.22,170.02,1.89,6833225029.0,592.71,100.0,8.31,2021-02-19,8.31,592.71
20210222,930955,中证红利低波动100指数,红利低波100,CSI Dividend Low Volatility 100 Index,Dividend Low Volatility100,9170.88,9424.27,9170.88,9281.91,134.69,1.47,10053509640.0,781.21,100.0,8.36,2021-02-22,8.36,781.21
20210223,930955,中证红利低波动100指数,红利低波100,CSI Dividend Low Volatility 100 Index,Dividend Low Volatility100,9265.05,9325.51,9220.76,9241.05,-40.86,-0.44,8097051223.0,647.4,100.0,8.38,2021-02-23,8.38,647.4
20210224,930955,中证红利低波动100指数,红利低波100,CSI Dividend Low Volatility 100 Index,Dividend Low Volatility100,9242.08,9263.66,9082.85,9142.1,-98.95,-1.07,6898544515.0,581.39,100.0,8.27,2021-02-24,8.27,581.39
20210225,930955,中证红利低波动100指数,红利低波100,CSI Dividend Low Volatility 100 Index,Dividend Low Volatility100,9229.51,9327.77,9204.36,9272.48,130.38,1.43,7940299636.0,756.29,100.0,8.45,2021-02-25,8.45,756.29
20210226,930955,中证红利低波动100指数,红利低波100,CSI Dividend Low Volatility 100 Index,Dividend Low Volatility100,9142.92,9199.2,9083.77,9089.4,-183.09,-1.97,7154063862.0,685.83,100.0,8.25,2021-02-26,8.25,685.83
20210301,930955,中证红利低波动100指数,红利低波100,CSI Dividend Low Volatility 100 Index,Dividend Low Volatility100,9117.96,9205.29,9094.73,9200.23,110.84,1.22,5422393150.0,485.42,100.0,8.26,2021-03-01,8.26,485.42
20210302,930955,中证红利低波动100指数,红利低波100,CSI Dividend Low Volatility 100 Index,Dividend Low Volatility100,9218.9,9240.33,9079.21,9129.78,-70.45,-0.76,5790757778.0,515.81,100.0,8.18,2021-03-02,8.18,515.81
20210303,930955,中证红利低波动100指数,红利低波100,CSI Dividend Low Volatility 100 Index,Dividend Low Volatility100,9144.03,9390.36,9144.03,9386.18,256.4,2.81,7516982659.0,668.07,100.0,8.41,2021-03-03,8.41,668.07
20210304,930955,中证红利低波动100指数,红利低波100,CSI Dividend Low Volatility 100 Index,Dividend Low Volatility100,9357.5,9462.34,9343.12,9401.55,15.37,0.16,7673203667.0,629.98,100.0,8.39,2021-03-04,8.39,629.98
20210305,930955,中证红利低波动100指数,红利低波100,CSI Dividend Low Volatility 100 Index,Dividend Low Volatility100,9315.84,9368.2,9237.43,9300.17,-101.39,-1.08,6669054133.0,540.0,100.0,8.38,2021-03-05,8.38,540.0
20210308,930955,中证红利低波动100指数,红利低波100,CSI Dividend Low Volatility 100 Index,Dividend Low Volatility100,9365.88,9449.41,9302.89,9306.44,6.28,0.07,7249669523.0,580.46,100.0,8.35,2021-03-08,8.35,580.46
20210309,930955,中证红利低波动100指数,红利低波100,CSI Dividend Low Volatility 100 Index,Dividend Low Volatility100,9296.51,9426.78,9167.41,9297.5,-8.94,-0.1,7895780750.0,631.43,100.0,8.28,2021-03-09,8.28,631.43
20210310,930955,中证红利低波动100指数,红利低波100,CSI Dividend Low Volatility 100 Index,Dividend Low Volatility100,9279.97,9331.96,9196.27,9203.69,-93.81,-1.01,5673588004.0,450.33,100.0,8.23,2021-03-10,8.23,450.33
20210311,930955,中证红利低波动100指数,红利低波100,CSI Dividend Low Volatility 100 Index,Dividend Low Volatility100,9228.48,9438.96,9228.48,9435.39,231.7,2.52,6564809950.0,537.53,100.0,8.41,2021-03-11,8.41,537.53
20210312,930955,中证红利低波动100指数,红利低波100,CSI Dividend Low Volatility 100 Index,Dividend Low Volatility100,9451.87,9596.19,9405.62,9564.04,128.65,1.36,8015699629.0,628.6,100.0,8.5,2021-03-12,8.5,628.6
20210315,930955,中证红利低波动100指数,红利低波100,CSI Dividend Low Volatility 100 Index,Dividend Low Volatility100,9575.4,9694.74,9575.4,9669.96,105.92,1.11,7649165153.0,569.54,100.0,8.18,2021-03-15,8.18,569.54
20210316,930955,中证红利低波动100指数,红利低波100,CSI Dividend Low Volatility 100 Index,Dividend Low Volatility100,9651.58,9714.09,9607.3,9710.2,40.24,0.42,5661388499.0,450.13,100.0,8.21,2021-03-16,8.21,450.13
20210317,930955,中证红利低波动100指数,红利低波100,CSI Dividend Low Volatility 100 Index,Dividend Low Volatility100,9685.74,9685.74,9558.64,9610.64,-99.56,-1.03,4978023320.0,435.07,100.0,8.11,2021-03-17,8.11,435.07
20210318,930955,中证红利低波动100指数,红利低波100,CSI Dividend Low Volatility 100 Index,Dividend Low Volatility100,9603.09,9658.15,9596.06,9607.67,-2.97,-0.03,4401618037.0,366.16,100.0,8.08,2021-03-18,8.08,366.16
20210319,930955,中证红利低波动100指数,红利低波100,CSI Dividend Low Volatility 100 Index,Dividend Low Volatility100,9545.82,9603.54,9494.91,9539.71,-67.96,-0.71,6119526854.0,481.27,100.0,7.93,2021-03-19,7.93,481.27
20210322,930955,中证红利低波动100指数,红利低波100,CSI Dividend Low Volatility 100 Index,Dividend Low Volatility100,9548.29,9671.71,9548.29,9666.42,126.71,1.33,5379849579.0,398.48,100.0,8.03,2021-03-22,8.03,398.48
20210323,930955,中证红利低波动100指数,红利低波100,CSI Dividend Low Volatility 100 Index,Dividend Low Volatility100,9660.2,9660.32,9517.51,9558.47,-107.95,-1.12,4683797068.0,359.02,100.0,7.98,2021-03-23,7.98,359.02
20210324,930955,中证红利低波动100指数,红利低波100,CSI Dividend Low Volatility 100 Index,Dividend Low Volatility100,9516.37,9546.61,9445.2,9471.71,-86.76,-0.91,4679228935.0,366.15,100.0,7.9,2021-03-24,7.9,366.15
20210325,930955,中证红利低波动100指数,红利低波100,CSI Dividend Low Volatility 100 Index,Dividend Low Volatility100,9485.69,9514.38,9413.51,9430.39,-41.32,-0.44,3894813700.0,289.82,100.0,7.88,2021-03-25,7.88,289.82
20210326,930955,中证红利低波动100指数,红利低波100,CSI Dividend Low Volatility 100 Index,Dividend Low Volatility100,9441.81,9524.54,9441.81,9493.31,62.92,0.67,4351055378.0,321.54,100.0,7.91,2021-03-26,7.91,321.54
20210329,930955,中证红利低波动100指数,红利低波100,CSI Dividend Low Volatility 100 Index,Dividend Low Volatility100,9526.05,9585.89,9487.84,9573.5,80.19,0.84,5553568186.0,427.68,100.0,7.99,2021-03-29,7.99,427.68
20210330,930955,中证红利低波动100指数,红利低波100,CSI Dividend Low Volatility 100 Index,Dividend Low Volatility100,9555.19,9568.63,9490.07,9565.92,-7.58,-0.08,4478607689.0,350.28,100.0,8.02,2021-03-30,8.02,350.28
20210331,930955,中证红利低波动100指数,红利低波100,CSI Dividend Low Volatility 100 Index,Dividend Low Volatility100,9547.74,9625.53,9535.1,9623.08,57.16,0.6,6001258041.0,430.25,100.0,8.05,2021-03-31,8.05,430.25
20210401,930955,中证红利低波动100指数,红利低波100,CSI Dividend Low Volatility 100 Index,Dividend Low Volatility100,9617.26,9664.33,9562.82,9648.94,25.86,0.27,4864229185.0,326.01,100.0,8.04,2021-04-01,8.04,326.01
20210402,930955,中证红利低波动100指数,红利低波100,CSI Dividend Low Volatility 100 Index,Dividend Low Volatility100,9644.86,9645.85,9568.0,9577.8,-71.14,-0.74,4342155196.0,313.61,100.0,7.97,2021-04-02,7.97,313.61
20210406,930955,中证红利低波动100指数,红利低波100,CSI Dividend Low Volatility 100 Index,Dividend Low Volatility100,9587.35,9627.83,9583.27,9592.93,15.12,0.16,3337377981.0,253.01,100.0,7.96,2021-04-06,7.96,253.01
20210407,930955,中证红利低波动100指数,红利低波100,CSI Dividend Low Volatility 100 Index,Dividend Low Volatility100,9587.37,9682.96,9556.64,9680.52,87.6,0.91,4452608732.0,322.82,100.0,7.99,2021-04-07,7.99,322.82
20210408,930955,中证红利低波动100指数,红利低波100,CSI Dividend Low Volatility 100 Index,Dividend Low Volatility100,9671.66,9693.33,9618.37,9639.63,-40.9,-0.42,4183931187.0,301.28,100.0,7.96,2021-04-08,7.96,301.28
20210409,930955,中证红利低波动100指数,红利低波100,CSI Dividend Low Volatility 100 Index,Dividend Low Volatility100,9651.25,9666.6,9600.87,9659.3,19.68,0.2,3810980531.0,299.06,100.0,7.94,2021-04-09,7.94,299.06
20210412,930955,中证红利低波动100指数,红利低波100,CSI Dividend Low Volatility 100 Index,Dividend Low Volatility100,9640.08,9737.02,9623.8,9717.0,57.7,0.6,4916759997.0,359.2,100.0,7.98,2021-04-12,7.98,359.2
20210413,930955,中证红利低波动100指数,红利低波100,CSI Dividend Low Volatility 100 Index,Dividend Low Volatility100,9696.11,9698.99,9592.52,9608.97,-108.03,-1.11,4234633268.0,322.92,100.0,7.92,2021-04-13,7.92,322.92
20210414,930955,中证红利低波动100指数,红利低波100,CSI Dividend Low Volatility 100 Index,Dividend Low Volatility100,9579.08,9632.91,9567.85,9611.9,2.93,0.03,3696813932.0,287.78,100.0,7.9,2021-04-14,7.9,287.78
20210415,930955,中证红利低波动100指数,红利低波100,CSI Dividend Low Volatility 100 Index,Dividend Low Volatility100,9608.85,9618.08,9565.15,9599.07,-12.83,-0.13,3563312420.0,331.55,100.0,7.86,2021-04-15,7.86,331.55
20210416,930955,中证红利低波动100指数,红利低波100,CSI Dividend Low Volatility 100 Index,Dividend Low Volatility100,9610.16,9705.99,9592.62,9699.34,100.27,1.04,3500112708.0,278.73,100.0,7.9,2021-04-16,7.9,278.73
20210419,930955,中证红利低波动100指数,红利低波100,CSI Dividend Low Volatility 100 Index,Dividend Low Volatility100,9687.87,9731.33,9673.22,9686.31,-13.03,-0.13,4131470552.0,333.46,100.0,7.91,2021-04-19,7.91,333.46
20210420,930955,中证红利低波动100指数,红利低波100,CSI Dividend Low Volatility 100 Index,Dividend Low Volatility100,9668.0,9698.54,9653.01,9661.42,-24.89,-0.26,3608381337.0,291.38,100.0,7.88,2021-04-20,7.88,291.38
20210421,930955,中证红利低波动100指数,红利低波100,CSI Dividend Low Volatility 100 Index,Dividend Low Volatility100,9638.14,9638.64,9585.79,9618.1,-43.33,-0.45,3592597556.0,281.36,100.0,7.86,2021-04-21,7.86,281.36
20210422,930955,中证红利低波动100指数,红利低波100,CSI Dividend Low Volatility 100 Index,Dividend Low Volatility100,9640.79,9711.58,9633.75,9647.64,29.54,0.31,4141453330.0,310.72,100.0,7.82,2021-04-22,7.82,310.72
20210423,930955,中证红利低波动100指数,红利低波100,CSI Dividend Low Volatility 100 Index,Dividend Low Volatility100,9635.27,9636.0,9573.6,9618.19,-29.45,-0.31,3882141010.0,338.45,100.0,7.78,2021-04-23,7.78,338.45
20210426,930955,中证红利低波动100指数,红利低波100,CSI Dividend Low Volatility 100 Index,Dividend Low Volatility100,9633.94,9672.37,9541.54,9542.26,-75.93,-0.79,4051626909.0,364.54,100.0,7.72,2021-04-26,7.72,364.54
20210427,930955,中证红利低波动100指数,红利低波100,CSI Dividend Low Volatility 100 Index,Dividend Low Volatility100,9546.09,9562.68,9478.11,9530.08,-12.18,-0.13,3200369778.0,270.25,100.0,7.7,2021-04-27,7.7,270.25
20210428,930955,中证红利低波动100指数,红利低波100,CSI Dividend Low Volatility 100 Index,Dividend Low Volatility100,9511.54,9558.31,9478.24,9553.07,22.99,0.24,3311533153.0,271.07,100.0,7.71,2021-04-28,7.71,271.07
20210429,930955,中证红利低波动100指数,红利低波100,CSI Dividend Low Volatility 100 Index,Dividend Low Volatility100,9567.2,9601.54,9517.87,9595.3,42.23,0.44,4237732613.0,325.34,100.0,7.78,2021-04-29,7.78,325.34
20210430,930955,中证红利低波动100指数,红利低波100,CSI Dividend Low Volatility 100 Index,Dividend Low Volatility100,9577.94,9588.73,9452.32,9497.45,-97.85,-1.02,5587085885.0,416.57,100.0,7.68,2021-04-30,7.68,416.57
20210506,930955,中证红利低波动100指数,红利低波100,CSI Dividend Low Volatility 100 Index,Dividend Low Volatility100,9537.84,9641.04,9537.84,9616.6,119.15,1.25,4783401145.0,386.1,100.0,6.81,2021-05-06,6.81,386.1
20210507,930955,中证红利低波动100指数,红利低波100,CSI Dividend Low Volatility 100 Index,Dividend Low Volatility100,9642.79,9748.89,9629.59,9687.34,70.74,0.73,5592157664.0,425.09,100.0,6.87,2021-05-07,6.87,425.09
20210510,930955,中证红利低波动100指数,红利低波100,CSI Dividend Low Volatility 100 Index,Dividend Low Volatility100,9744.63,9773.7,9685.12,9771.1,83.76,0.86,5297404736.0,406.33,100.0,6.89,2021-05-10,6.89,406.33
20210511,930955,中证红利低波动100指数,红利低波100,CSI Dividend Low Volatility 100 Index,Dividend Low Volatility100,9716.8,9771.19,9635.25,9765.1,-6.0,-0.06,4589165857.0,350.08,100.0,6.89,2021-05-11,6.89,350.08
20210512,930955,中证红利低波动100指数,红利低波100,CSI Dividend Low Volatility 100 Index,Dividend Low Volatility100,9753.12,9806.67,9730.0,9797.5,32.4,0.33,4282343739.0,336.96,100.0,6.92,2021-05-12,6.92,336.96
20210513,930955,中证红利低波动100指数,红利低波100,CSI Dividend Low Volatility 100 Index,Dividend Low Volatility100,9727.21,9769.16,9663.59,9684.83,-112.67,-1.15,4127543572.0,318.8,100.0,6.88,2021-05-13,6.88,318.8
20210514,930955,中证红利低波动100指数,红利低波100,CSI Dividend Low Volatility 100 Index,Dividend Low Volatility100,9707.59,9721.68,9667.91,9702.15,17.32,0.18,4339581333.0,356.35,100.0,6.91,2021-05-14,6.91,356.35
20210517,930955,中证红利低波动100指数,红利低波100,CSI Dividend Low Volatility 100 Index,Dividend Low Volatility100,9688.9,9721.51,9644.58,9669.11,-33.04,-0.34,4179787510.0,337.89,100.0,6.9,2021-05-17,6.9,337.89
20210518,930955,中证红利低波动100指数,红利低波100,CSI Dividend Low Volatility 100 Index,Dividend Low Volatility100,9692.55,9730.17,9659.82,9722.12,53.01,0.55,3297432342.0,251.1,100.0,6.93,2021-05-18,6.93,251.1
20210519,930955,中证红利低波动100指数,红利低波100,CSI Dividend Low Volatility 100 Index,Dividend Low Volatility100,9695.11,9695.11,9583.85,9601.24,-120.89,-1.24,3665377441.0,298.97,100.0,6.85,2021-05-19,6.85,298.97
20210520,930955,中证红利低波动100指数,红利低波100,CSI Dividend Low Volatility 100 Index,Dividend Low Volatility100,9515.21,9516.2,9430.83,9493.08,-108.16,-1.13,4153928136.0,315.78,100.0,6.82,2021-05-20,6.82,315.78
20210521,930955,中证红利低波动100指数,红利低波100,CSI Dividend Low Volatility 100 Index,Dividend Low Volatility100,9490.16,9534.91,9472.78,9497.92,4.84,0.05,3320491924.0,256.07,100.0,6.8,2021-05-21,6.8,256.07
20210524,930955,中证红利低波动100指数,红利低波100,CSI Dividend Low Volatility 100 Index,Dividend Low Volatility100,9478.19,9542.91,9463.36,9503.05,5.13,0.05,3364745853.0,256.2,100.0,6.79,2021-05-24,6.79,256.2
20210525,930955,中证红利低波动100指数,红利低波100,CSI Dividend Low Volatility 100 Index,Dividend Low Volatility100,9517.49,9607.67,9459.24,9594.9,91.85,0.97,5197600100.0,450.79,100.0,6.91,2021-05-25,6.91,450.79
20210526,930955,中证红利低波动100指数,红利低波100,CSI Dividend Low Volatility 100 Index,Dividend Low Volatility100,9586.82,9663.51,9563.25,9635.9,41.0,0.43,4572755402.0,383.74,100.0,6.92,2021-05-26,6.92,383.74
20210527,930955,中证红利低波动100指数,红利低波100,CSI Dividend Low Volatility 100 Index,Dividend Low Volatility100,9626.7,9655.48,9614.12,9646.83,10.93,0.11,4016189110.0,327.8,100.0,6.92,2021-05-27,6.92,327.8
20210528,930955,中证红利低波动100指数,红利低波100,CSI Dividend Low Volatility 100 Index,Dividend Low Volatility100,9690.93,9708.96,9616.04,9637.62,-9.21,-0.09,4019449190.0,312.57,100.0,6.92,2021-05-28,6.92,312.57
20210531,930955,中证红利低波动100指数,红利低波100,CSI Dividend Low Volatility 100 Index,Dividend Low Volatility100,9657.73,9657.77,9597.75,9635.47,-2.15,-0.02,4274714440.0,340.68,100.0,6.89,2021-05-31,6.89,340.68
20210601,930955,中证红利低波动100指数,红利低波100,CSI Dividend Low Volatility 100 Index,Dividend Low Volatility100,9622.82,9635.85,9543.85,9629.09,-6.37,-0.07,4368968853.0,344.21,100.0,6.88,2021-06-01,6.88,344.21
20210602,930955,中证红利低波动100指数,红利低波100,CSI Dividend Low Volatility 100 Index,Dividend Low Volatility100,9616.83,9634.52,9586.32,9617.36,-11.74,-0.12,4462974676.0,338.6,100.0,6.88,2021-06-02,6.88,338.6
20210603,930955,中证红利低波动100指数,红利低波100,CSI Dividend Low Volatility 100 Index,Dividend Low Volatility100,9629.35,9761.21,9624.56,9691.51,74.15,0.77,5056443421.0,369.53,100.0,6.9,2021-06-03,6.9,369.53
20210604,930955,中证红利低波动100指数,红利低波100,CSI Dividend Low Volatility 100 Index,Dividend Low Volatility100,9657.44,9676.93,9601.69,9632.46,-59.05,-0.61,4418841773.0,345.31,100.0,6.87,2021-06-04,6.87,345.31
20210607,930955,中证红利低波动100指数,红利低波100,CSI Dividend Low Volatility 100 Index,Dividend Low Volatility100,9616.39,9623.06,9577.32,9590.64,-41.81,-0.43,3968895784.0,299.41,100.0,6.85,2021-06-07,6.85,299.41
20210608,930955,中证红利低波动100指数,红利低波100,CSI Dividend Low Volatility 100 Index,Dividend Low Volatility100,9591.88,9621.55,9564.71,9603.31,12.67,0.13,3927905473.0,294.48,100.0,6.86,2021-06-08,6.86,294.48
20210609,930955,中证红利低波动100指数,红利低波100,CSI Dividend Low Volatility 100 Index,Dividend Low Volatility100,9603.36,9686.24,9586.22,9660.9,57.59,0.6,4262114972.0,323.31,100.0,6.89,2021-06-09,6.89,323.31
20210610,930955,中证红利低波动100指数,红利低波100,CSI Dividend Low Volatility 100 Index,Dividend Low Volatility100,9657.23,9740.76,9648.96,9677.13,16.23,0.17,4452305987.0,347.1,100.0,6.88,2021-06-10,6.88,347.1
20210611,930955,中证红利低波动100指数,红利低波100,CSI Dividend Low Volatility 100 Index,Dividend Low Volatility100,9709.56,9755.28,9705.49,9709.69,32.56,0.34,5482495881.0,424.15,100.0,6.91,2021-06-11,6.91,424.15
20210615,930955,中证红利低波动100指数,红利低波100,CSI Dividend Low Volatility 100 Index,Dividend Low Volatility100,9720.03,9724.7,9613.56,9622.04,-87.66,-0.9,4395197762.0,400.55,100.0,6.93,2021-06-15,6.93,400.55
20210616,930955,中证红利低波动100指数,红利低波100,CSI Dividend Low Volatility 100 Index,Dividend Low Volatility100,9629.49,9665.6,9597.23,9621.63,-0.41,0.0,3562626078.0,297.53,100.0,6.96,2021-06-16,6.96,297.53
20210617,930955,中证红利低波动100指数,红利低波100,CSI Dividend Low Volatility 100 Index,Dividend Low Volatility100,9601.9,9615.79,9569.77,9571.98,-49.65,-0.52,3264958350.0,268.61,100.0,6.87,2021-06-17,6.87,268.61
20210618,930955,中证红利低波动100指数,红利低波100,CSI Dividend Low Volatility 100 Index,Dividend Low Volatility100,9553.2,9556.12,9493.88,9511.94,-60.04,-0.63,3214211814.0,300.14,100.0,6.81,2021-06-18,6.81,300.14
20210621,930955,中证红利低波动100指数,红利低波100,CSI Dividend Low Volatility 100 Index,Dividend Low Volatility100,9515.83,9518.96,9483.97,9497.65,-14.3,-0.15,3335555439.0,340.27,100.0,6.76,2021-06-21,6.76,340.27
20210622,930955,中证红利低波动100指数,红利低波100,CSI Dividend Low Volatility 100 Index,Dividend Low Volatility100,9522.78,9570.98,9518.08,9558.87,61.22,0.64,3571549151.0,340.18,100.0,6.81,2021-06-22,6.81,340.18
20210623,930955,中证红利低波动100指数,红利低波100,CSI Dividend Low Volatility 100 Index,Dividend Low Volatility100,9561.14,9590.85,9539.71,9582.05,23.18,0.24,3304829580.0,319.76,100.0,6.84,2021-06-23,6.84,319.76
20210624,930955,中证红利低波动100指数,红利低波100,CSI Dividend Low Volatility 100 Index,Dividend Low Volatility100,9584.23,9631.15,9559.2,9610.9,28.85,0.3,3167564334.0,271.63,100.0,6.86,2021-06-24,6.86,271.63
20210625,930955,中证红利低波动100指数,红利低波100,CSI Dividend Low Volatility 100 Index,Dividend Low Volatility100,9563.59,9622.34,9550.69,9616.09,5.19,0.05,3213124214.0,279.6,100.0,6.9,2021-06-25,6.9,279.6
20210628,930955,中证红利低波动100指数,红利低波100,CSI Dividend Low Volatility 100 Index,Dividend Low Volatility100,9612.13,9630.73,9596.14,9606.92,-9.17,-0.09,3197512577.0,288.07,100.0,6.86,2021-06-28,6.86,288.07
20210629,930955,中证红利低波动100指数,红利低波100,CSI Dividend Low Volatility 100 Index,Dividend Low Volatility100,9605.26,9605.26,9553.46,9554.07,-52.85,-0.55,3287589078.0,292.27,100.0,6.79,2021-06-29,6.79,292.27
20210630,930955,中证红利低波动100指数,红利低波100,CSI Dividend Low Volatility 100 Index,Dividend Low Volatility100,9549.13,9575.58,9538.01,9560.84,6.77,0.07,3146450822.0,255.64,100.0,6.8,2021-06-30,6.8,255.64
20210701,930955,中证红利低波动100指数,红利低波100,CSI Dividend Low Volatility 100 Index,Dividend Low Volatility100,9563.99,9649.78,9545.29,9591.09,30.25,0.32,3604281624.0,328.26,100.0,6.84,2021-07-01,6.84,328.26
20210702,930955,中证红利低波动100指数,红利低波100,CSI Dividend Low Volatility 100 Index,Dividend Low Volatility100,9579.35,9602.8,9534.89,9552.45,-38.64,-0.4,4182004676.0,361.31,100.0,6.77,2021-07-02,6.77,361.31
20210705,930955,中证红利低波动100指数,红利低波100,CSI Dividend Low Volatility 100 Index,Dividend Low Volatility100,9546.89,9564.37,9512.18,9543.94,-8.51,-0.09,3859974969.0,314.43,100.0,6.75,2021-07-05,6.75,314.43
20210706,930955,中证红利低波动100指数,红利低波100,CSI Dividend Low Volatility 100 Index,Dividend Low Volatility100,9530.11,9591.48,9516.19,9589.76,45.82,0.48,3777042263.0,305.8,100.0,6.76,2021-07-06,6.76,305.8
20210707,930955,中证红利低波动100指数,红利低波100,CSI Dividend Low Volatility 100 Index,Dividend Low Volatility100,9541.73,9551.15,9495.79,9522.47,-67.29,-0.7,3105013741.0,251.92,100.0,6.72,2021-07-07,6.72,251.92
20210708,930955,中证红利低波动100指数,红利低波100,CSI Dividend Low Volatility 100 Index,Dividend Low Volatility100,9504.54,9504.61,9387.69,9391.88,-130.59,-1.37,3958983899.0,329.87,100.0,6.63,2021-07-08,6.63,329.87
20210709,930955,中证红利低波动100指数,红利低波100,CSI Dividend Low Volatility 100 Index,Dividend Low Volatility100,9365.56,9401.63,9357.5,9399.04,7.16,0.08,3433086485.0,279.85,100.0,6.62,2021-07-09,6.62,279.85
20210712,930955,中证红利低波动100指数,红利低波100,CSI Dividend Low Volatility 100 Index,Dividend Low Volatility100,9436.21,9436.31,9354.49,9355.85,-43.18,-0.46,4273559572.0,341.25,100.0,6.54,2021-07-12,6.54,341.25
20210713,930955,中证红利低波动100指数,红利低波100,CSI Dividend Low Volatility 100 Index,Dividend Low Volatility100,9341.21,9385.76,9314.97,9379.92,24.07,0.26,3953270357.0,294.48,100.0,6.56,2021-07-13,6.56,294.48
20210714,930955,中证红利低波动100指数,红利低波100,CSI Dividend Low Volatility 100 Index,Dividend Low Volatility100,9367.3,9367.3,9286.05,9291.11,-88.81,-0.95,4254276817.0,346.67,100.0,6.49,2021-07-14,6.49,346.67
20210715,930955,中证红利低波动100指数,红利低波100,CSI Dividend Low Volatility 100 Index,Dividend Low Volatility100,9269.78,9316.02,9236.68,9295.83,4.72,0.05,3699613078.0,316.99,100.0,6.53,2021-07-15,6.53,316.99
20210716,930955,中证红利低波动100指数,红利低波100,CSI Dividend Low Volatility 100 Index,Dividend Low Volatility100,9277.98,9308.23,9268.65,9273.19,-22.63,-0.24,3519663830.0,297.64,100.0,6.49,2021-07-16,6.49,297.64
20210719,930955,中证红利低波动100指数,红利低波100,CSI Dividend Low Volatility 100 Index,Dividend Low Volatility100,9255.83,9258.63,9185.4,9216.77,-56.42,-0.61,3760087365.0,316.07,100.0,6.47,2021-07-19,6.47,316.07
20210720,930955,中证红利低波动100指数,红利低波100,CSI Dividend Low Volatility 100 Index,Dividend Low Volatility100,9171.68,9196.7,9144.13,9185.36,-31.42,-0.34,3185836139.0,249.77,100.0,6.43,2021-07-20,6.43,249.77
20210721,930955,中证红利低波动100指数,红利低波100,CSI Dividend Low Volatility 100 Index,Dividend Low Volatility100,9193.56,9216.31,9145.94,9166.4,-18.96,-0.21,3334254786.0,277.32,100.0,6.39,2021-07-21,6.39,277.32
20210722,930955,中证红利低波动100指数,红利低波100,CSI Dividend Low Volatility 100 Index,Dividend Low Volatility100,9167.63,9233.34,9158.24,9216.77,50.37,0.55,3358249989.0,275.84,100.0,6.43,2021-07-22,6.43,275.84
20210723,930955,中证红利低波动100指数,红利低波100,CSI Dividend Low Volatility 100 Index,Dividend Low Volatility100,9203.78,9208.23,9145.63,9152.44,-64.34,-0.7,3538173279.0,281.87,100.0,6.39,2021-07-23,6.39,281.87
20210726,930955,中证红利低波动100指数,红利低波100,CSI Dividend Low Volatility 100 Index,Dividend Low Volatility100,9148.09,9148.2,8954.77,8975.2,-177.23,-1.94,4417186079.0,380.22,100.0,6.28,2021-07-26,6.28,380.22
20210727,930955,中证红利低波动100指数,红利低波100,CSI Dividend Low Volatility 100 Index,Dividend Low Volatility100,8980.99,9006.29,8818.06,8822.02,-153.18,-1.71,4470411181.0,367.23,100.0,6.19,2021-07-27,6.19,367.23
20210728,930955,中证红利低波动100指数,红利低波100,CSI Dividend Low Volatility 100 Index,Dividend Low Volatility100,8800.32,8831.72,8733.74,8793.67,-28.35,-0.32,4273036763.0,328.08,100.0,6.2,2021-07-28,6.2,328.08
20210729,930955,中证红利低波动100指数,红利低波100,CSI Dividend Low Volatility 100 Index,Dividend Low Volatility100,8828.76,8838.99,8760.38,8771.85,-21.82,-0.25,3395490298.0,268.36,100.0,6.16,2021-07-29,6.16,268.36
20210730,930955,中证红利低波动100指数,红利低波100,CSI Dividend Low Volatility 100 Index,Dividend Low Volatility100,8762.82,8808.9,8715.52,8788.59,16.74,0.19,3519649017.0,266.64,100.0,6.17,2021-07-30,6.17,266.64
20210802,930955,中证红利低波动100指数,红利低波100,CSI Dividend Low Volatility 100 Index,Dividend Low Volatility100,8765.78,8872.76,8684.12,8848.77,60.18,0.68,4502273711.0,366.45,100.0,6.22,2021-08-02,6.22,366.45
20210803,930955,中证红利低波动100指数,红利低波100,CSI Dividend Low Volatility 100 Index,Dividend Low Volatility100,8825.28,8878.38,8815.49,8847.44,-1.33,-0.01,3717785784.0,304.31,100.0,6.21,2021-08-03,6.21,304.31
20210804,930955,中证红利低波动100指数,红利低波100,CSI Dividend Low Volatility 100 Index,Dividend Low Volatility100,8849.23,8856.93,8817.6,8841.88,-5.56,-0.06,2854467895.0,244.53,100.0,6.19,2021-08-04,6.19,244.53
20210805,930955,中证红利低波动100指数,红利低波100,CSI Dividend Low Volatility 100 Index,Dividend Low Volatility100,8843.19,8902.76,8834.17,8847.72,5.84,0.07,3297806512.0,289.7,100.0,6.19,2021-08-05,6.19,289.7
20210806,930955,中证红利低波动100指数,红利低波100,CSI Dividend Low Volatility 100 Index,Dividend Low Volatility100,8845.92,8866.58,8803.68,8863.81,16.09,0.18,3014323641.0,245.98,100.0,6.19,2021-08-06,6.19,245.98
20210809,930955,中证红利低波动100指数,红利低波100,CSI Dividend Low Volatility 100 Index,Dividend Low Volatility100,8846.28,8995.59,8839.84,8965.68,101.87,1.15,4183934240.0,374.61,100.0,6.27,2021-08-09,6.27,374.61
20210810,930955,中证红利低波动100指数,红利低波100,CSI Dividend Low Volatility 100 Index,Dividend Low Volatility100,8954.16,9000.83,8923.1,9000.76,35.08,0.39,3470631525.0,305.41,100.0,6.29,2021-08-10,6.29,305.41
20210811,930955,中证红利低波动100指数,红利低波100,CSI Dividend Low Volatility 100 Index,Dividend Low Volatility100,9006.12,9105.13,9005.64,9070.45,69.69,0.77,4584658284.0,389.83,100.0,6.35,2021-08-11,6.35,389.83
20210812,930955,中证红利低波动100指数,红利低波100,CSI Dividend Low Volatility 100 Index,Dividend Low Volatility100,9068.95,9075.56,9044.82,9049.17,-21.28,-0.23,3028887393.0,276.68,100.0,6.32,2021-08-12,6.32,276.68
20210813,930955,中证红利低波动100指数,红利低波100,CSI Dividend Low Volatility 100 Index,Dividend Low Volatility100,9042.5,9061.96,9010.13,9037.07,-12.1,-0.13,2843518723.0,240.72,100.0,6.29,2021-08-13,6.29,240.72
20210816,930955,中证红利低波动100指数,红利低波100,CSI Dividend Low Volatility 100 Index,Dividend Low Volatility100,9046.62,9137.72,9046.62,9108.29,71.22,0.79,3465478508.0,290.83,100.0,6.34,2021-08-16,6.34,290.83
20210817,930955,中证红利低波动100指数,红利低波100,CSI Dividend Low Volatility 100 Index,Dividend Low Volatility100,9101.04,9152.68,9009.89,9015.98,-92.31,-1.01,4394355548.0,359.54,100.0,6.3,2021-08-17,6.3,359.54
20210818,930955,中证红利低波动100指数,红利低波100,CSI Dividend Low Volatility 100 Index,Dividend Low Volatility100,9013.05,9121.1,9004.46,9118.13,102.15,1.13,4518215060.0,370.32,100.0,6.38,2021-08-18,6.38,370.32
20210819,930955,中证红利低波动100指数,红利低波100,CSI Dividend Low Volatility 100 Index,Dividend Low Volatility100,9088.95,9091.6,9007.0,9035.79,-82.34,-0.9,3817579966.0,328.18,100.0,6.29,2021-08-19,6.29,328.18
20210820,930955,中证红利低波动100指数,红利低波100,CSI Dividend Low Volatility 100 Index,Dividend Low Volatility100,9027.76,9052.53,8985.39,9050.01,14.22,0.16,3903404957.0,326.84,100.0,6.28,2021-08-20,6.28,326.84
20210823,930955,中证红利低波动100指数,红利低波100,CSI Dividend Low Volatility 100 Index,Dividend Low Volatility100,9054.7,9095.36,9054.7,9066.62,16.61,0.18,3736993280.0,307.19,100.0,6.29,2021-08-23,6.29,307.19
20210824,930955,中证红利低波动100指数,红利低波100,CSI Dividend Low Volatility 100 Index,Dividend Low Volatility100,9076.25,9138.04,9068.97,9129.18,62.56,0.69,4170914935.0,368.61,100.0,6.3,2021-08-24,6.3,368.61
20210825,930955,中证红利低波动100指数,红利低波100,CSI Dividend Low Volatility 100 Index,Dividend Low Volatility100,9142.2,9182.72,9103.01,9178.21,49.03,0.54,4161323062.0,335.01,100.0,6.3,2021-08-25,6.3,335.01
20210826,930955,中证红利低波动100指数,红利低波100,CSI Dividend Low Volatility 100 Index,Dividend Low Volatility100,9177.8,9201.07,9158.97,9166.07,-12.14,-0.13,4275457542.0,347.21,100.0,6.27,2021-08-26,6.27,347.21
20210827,930955,中证红利低波动100指数,红利低波100,CSI Dividend Low Volatility 100 Index,Dividend Low Volatility100,9159.78,9180.52,9132.34,9177.01,10.93,0.12,3845561835.0,311.56,100.0,6.3,2021-08-27,6.3,311.56
20210830,930955,中证红利低波动100指数,红利低波100,CSI Dividend Low Volatility 100 Index,Dividend Low Volatility100,9191.17,9197.88,9137.08,9160.51,-16.5,-0.18,5203456853.0,430.88,100.0,6.26,2021-08-30,6.26,430.88
20210831,930955,中证红利低波动100指数,红利低波100,CSI Dividend Low Volatility 100 Index,Dividend Low Volatility100,9157.27,9295.31,9157.27,9295.31,134.8,1.47,5747238376.0,484.81,100.0,6.35,2021-08-31,6.35,484.81
20210901,930955,中证红利低波动100指数,红利低波100,CSI Dividend Low Volatility 100 Index,Dividend Low Volatility100,9303.77,9444.13,9302.37,9419.18,123.86,1.33,8812159737.0,705.5,100.0,6.07,2021-09-01,6.07,705.5
20210902,930955,中证红利低波动100指数,红利低波100,CSI Dividend Low Volatility 100 Index,Dividend Low Volatility100,9412.44,9544.34,9391.6,9540.83,121.66,1.29,7156195778.0,552.73,100.0,6.12,2021-09-02,6.12,552.73
20210903,930955,中证红利低波动100指数,红利低波100,CSI Dividend Low Volatility 100 Index,Dividend Low Volatility100,9599.1,9666.62,9562.67,9607.84,67.01,0.7,7491141875.0,560.55,100.0,6.15,2021-09-03,6.15,560.55
20210906,930955,中证红利低波动100指数,红利低波100,CSI Dividend Low Volatility 100 Index,Dividend Low Volatility100,9647.24,9732.66,9645.42,9716.67,108.83,1.13,7317295588.0,569.58,100.0,6.18,2021-09-06,6.18,569.58
20210907,930955,中证红利低波动100指数,红利低波100,CSI Dividend Low Volatility 100 Index,Dividend Low Volatility100,9751.35,9861.01,9729.2,9853.19,136.52,1.4,7403712000.0,556.44,100.0,6.25,2021-09-07,6.25,556.44
20210908,930955,中证红利低波动100指数,红利低波100,CSI Dividend Low Volatility 100 Index,Dividend Low Volatility100,9873.76,10000.21,9867.8,9991.56,138.37,1.4,7320040974.0,543.47,100.0,6.3,2021-09-08,6.3,543.47
20210909,930955,中证红利低波动100指数,红利低波100,CSI Dividend Low Volatility 100 Index,Dividend Low Volatility100,10024.77,10184.01,9980.12,10156.22,164.66,1.65,8853953629.0,663.85,100.0,6.36,2021-09-09,6.36,663.85
20210910,930955,中证红利低波动100指数,红利低波100,CSI Dividend Low Volatility 100 Index,Dividend Low Volatility100,10159.79,10262.27,10056.37,10060.81,-95.41,-0.94,9098207925.0,706.46,100.0,6.33,2021-09-10,6.33,706.46
20210913,930955,中证红利低波动100指数,红利低波100,CSI Dividend Low Volatility 100 Index,Dividend Low Volatility100,10064.16,10203.92,10060.05,10198.77,137.97,1.37,6227176259.0,548.91,100.0,6.37,2021-09-13,6.37,548.91
20210914,930955,中证红利低波动100指数,红利低波100,CSI Dividend Low Volatility 100 Index,Dividend Low Volatility100,10216.32,10216.32,9959.65,9976.09,-222.68,-2.18,7246335395.0,590.9,100.0,6.28,2021-09-14,6.28,590.9
20210915,930955,中证红利低波动100指数,红利低波100,CSI Dividend Low Volatility 100 Index,Dividend Low Volatility100,9945.95,10026.76,9924.46,9968.3,-7.8,-0.08,5413720687.0,468.12,100.0,6.27,2021-09-15,6.27,468.12
20210916,930955,中证红利低波动100指数,红利低波100,CSI Dividend Low Volatility 100 Index,Dividend Low Volatility100,9989.98,10064.28,9855.91,9860.61,-107.69,-1.08,5814771398.0,477.95,100.0,6.23,2021-09-16,6.23,477.95
20210917,930955,中证红利低波动100指数,红利低波100,CSI Dividend Low Volatility 100 Index,Dividend Low Volatility100,9860.09,9921.63,9741.05,9835.72,-24.89,-0.25,5257321128.0,440.76,100.0,6.19,2021-09-17,6.19,440.76
20210922,930955,中证红利低波动100指数,红利低波100,CSI Dividend Low Volatility 100 Index,Dividend Low Volatility100,9727.37,9999.64,9719.36,9996.98,161.26,1.64,6307294908.0,501.32,100.0,6.28,2021-09-22,6.28,501.32
20210923,930955,中证红利低波动100指数,红利低波100,CSI Dividend Low Volatility 100 Index,Dividend Low Volatility100,10090.48,10242.53,10090.48,10143.86,146.88,1.47,6483878853.0,553.71,100.0,6.31,2021-09-23,6.31,553.71
20210924,930955,中证红利低波动100指数,红利低波100,CSI Dividend Low Volatility 100 Index,Dividend Low Volatility100,10167.46,10169.46,9953.9,9964.98,-178.88,-1.76,5414605296.0,472.22,100.0,6.23,2021-09-24,6.23,472.22
20210927,930955,中证红利低波动100指数,红利低波100,CSI Dividend Low Volatility 100 Index,Dividend Low Volatility100,9987.18,10005.88,9691.22,9731.37,-233.61,-2.34,6502644985.0,537.43,100.0,6.21,2021-09-27,6.21,537.43
20210928,930955,中证红利低波动100指数,红利低波100,CSI Dividend Low Volatility 100 Index,Dividend Low Volatility100,9737.47,9942.41,9737.47,9923.78,192.41,1.98,5816597473.0,488.97,100.0,6.33,2021-09-28,6.33,488.97
20210929,930955,中证红利低波动100指数,红利低波100,CSI Dividend Low Volatility 100 Index,Dividend Low Volatility100,9852.84,9898.17,9714.49,9759.31,-164.48,-1.66,6430586203.0,517.28,100.0,6.24,2021-09-29,6.24,517.28
20210930,930955,中证红利低波动100指数,红利低波100,CSI Dividend Low Volatility 100 Index,Dividend Low Volatility100,9756.0,9805.16,9668.15,9778.89,19.58,0.2,5003396343.0,412.37,100.0,6.23,2021-09-30,6.23,412.37
20211008,930955,中证红利低波动100指数,红利低波100,CSI Dividend Low Volatility 100 Index,Dividend Low Volatility100,9866.16,9904.4,9807.88,9871.76,92.87,0.95,5482901385.0,515.34,100.0,6.31,2021-10-08,6.31,515.34
20211011,930955,中证红利低波动100指数,红利低波100,CSI Dividend Low Volatility 100 Index,Dividend Low Volatility100,9896.85,9925.81,9812.64,9837.0,-34.76,-0.35,4821542470.0,435.6,100.0,6.32,2021-10-11,6.32,435.6
20211012,930955,中证红利低波动100指数,红利低波100,CSI Dividend Low Volatility 100 Index,Dividend Low Volatility100,9802.51,9837.34,9643.36,9707.37,-129.63,-1.32,4684875366.0,397.95,100.0,6.26,2021-10-12,6.26,397.95
20211013,930955,中证红利低波动100指数,红利低波100,CSI Dividend Low Volatility 100 Index,Dividend Low Volatility100,9697.23,9697.91,9521.39,9612.66,-94.71,-0.97,3876841620.0,315.42,100.0,6.17,2021-10-13,6.17,315.42
20211014,930955,中证红利低波动100指数,红利低波100,CSI Dividend Low Volatility 100 Index,Dividend Low Volatility100,9608.7,9608.85,9551.66,9562.75,-49.92,-0.52,2854301922.0,234.15,100.0,6.13,2021-10-14,6.13,234.15
20211015,930955,中证红利低波动100指数,红利低波100,CSI Dividend Low Volatility 100 Index,Dividend Low Volatility100,9566.78,9566.78,9492.32,9504.34,-58.4,-0.61,3723678885.0,300.09,100.0,6.17,2021-10-15,6.17,300.09
20211018,930955,中证红利低波动100指数,红利低波100,CSI Dividend Low Volatility 100 Index,Dividend Low Volatility100,9501.92,9578.37,9473.11,9568.27,63.93,0.67,3702291199.0,322.97,100.0,6.2,2021-10-18,6.2,322.97
20211019,930955,中证红利低波动100指数,红利低波100,CSI Dividend Low Volatility 100 Index,Dividend Low Volatility100,9550.7,9610.16,9530.29,9587.4,19.12,0.2,3478451860.0,315.47,100.0,6.22,2021-10-19,6.22,315.47
20211020,930955,中证红利低波动100指数,红利低波100,CSI Dividend Low Volatility 100 Index,Dividend Low Volatility100,9574.04,9592.6,9546.98,9567.75,-19.65,-0.2,3348241581.0,301.12,100.0,6.17,2021-10-20,6.17,301.12
20211021,930955,中证红利低波动100指数,红利低波100,CSI Dividend Low Volatility 100 Index,Dividend Low Volatility100,9578.43,9636.33,9564.85,9596.04,28.29,0.29,4101421897.0,432.7,100.0,6.24,2021-10-21,6.24,432.7
20211022,930955,中证红利低波动100指数,红利低波100,CSI Dividend Low Volatility 100 Index,Dividend Low Volatility100,9599.71,9648.35,9506.48,9519.43,-76.61,-0.8,3930320040.0,385.86,100.0,6.19,2021-10-22,6.19,385.86
20211025,930955,中证红利低波动100指数,红利低波100,CSI Dividend Low Volatility 100 Index,Dividend Low Volatility100,9484.62,9523.47,9429.1,9507.76,-11.68,-0.12,3594112648.0,353.72,100.0,6.21,2021-10-25,6.21,353.72
20211026,930955,中证红利低波动100指数,红利低波100,CSI Dividend Low Volatility 100 Index,Dividend Low Volatility100,9504.72,9520.21,9426.16,9435.69,-72.06,-0.76,3375029826.0,305.26,100.0,6.16,2021-10-26,6.16,305.26
20211027,930955,中证红利低波动100指数,红利低波100,CSI Dividend Low Volatility 100 Index,Dividend Low Volatility100,9420.26,9420.26,9321.36,9343.06,-92.63,-0.98,3733347547.0,340.48,100.0,6.12,2021-10-27,6.12,340.48
20211028,930955,中证红利低波动100指数,红利低波100,CSI Dividend Low Volatility 100 Index,Dividend Low Volatility100,9323.53,9328.76,9233.36,9255.19,-87.87,-0.94,3949154525.0,340.86,100.0,6.03,2021-10-28,6.03,340.86
20211029,930955,中证红利低波动100指数,红利低波100,CSI Dividend Low Volatility 100 Index,Dividend Low Volatility100,9246.82,9288.64,9179.84,9280.8,25.61,0.28,4123375191.0,398.85,100.0,6.02,2021-10-29,6.02,398.85
20211101,930955,中证红利低波动100指数,红利低波100,CSI Dividend Low Volatility 100 Index,Dividend Low Volatility100,9271.27,9346.92,9230.35,9330.45,49.65,0.53,4458432851.0,347.93,100.0,6.09,2021-11-01,6.09,347.93
20211102,930955,中证红利低波动100指数,红利低波100,CSI Dividend Low Volatility 100 Index,Dividend Low Volatility100,9332.25,9332.25,9103.38,9161.12,-169.34,-1.81,4944793001.0,389.46,100.0,5.99,2021-11-02,5.99,389.46
20211103,930955,中证红利低波动100指数,红利低波100,CSI Dividend Low Volatility 100 Index,Dividend Low Volatility100,9159.41,9248.53,9147.48,9227.76,66.65,0.73,3168885702.0,260.1,100.0,6.0,2021-11-03,6.0,260.1
20211104,930955,中证红利低波动100指数,红利低波100,CSI Dividend Low Volatility 100 Index,Dividend Low Volatility100,9236.75,9250.21,9185.02,9244.18,16.42,0.18,3037680130.0,250.93,100.0,5.99,2021-11-04,5.99,250.93
20211105,930955,中证红利低波动100指数,红利低波100,CSI Dividend Low Volatility 100 Index,Dividend Low Volatility100,9231.57,9231.57,9139.6,9145.85,-98.33,-1.06,3110096781.0,246.19,100.0,5.93,2021-11-05,5.93,246.19
20211108,930955,中证红利低波动100指数,红利低波100,CSI Dividend Low Volatility 100 Index,Dividend Low Volatility100,9158.12,9161.09,9116.61,9136.99,-8.86,-0.1,2784374435.0,233.16,100.0,5.92,2021-11-08,5.92,233.16
20211109,930955,中证红利低波动100指数,红利低波100,CSI Dividend Low Volatility 100 Index,Dividend Low Volatility100,9152.68,9173.6,9119.86,9136.71,-0.28,0.0,2488733188.0,212.78,100.0,5.91,2021-11-09,5.91,212.78
20211110,930955,中证红利低波动100指数,红利低波100,CSI Dividend Low Volatility 100 Index,Dividend Low Volatility100,9130.87,9144.77,9030.82,9137.02,0.31,0.0,3336183918.0,306.05,100.0,5.89,2021-11-10,5.89,306.05
20211111,930955,中证红利低波动100指数,红利低波100,CSI Dividend Low Volatility 100 Index,Dividend Low Volatility100,9135.85,9316.57,9129.14,9314.23,177.2,1.94,4389546279.0,436.61,100.0,5.99,2021-11-11,5.99,436.61
20211112,930955,中证红利低波动100指数,红利低波100,CSI Dividend Low Volatility 100 Index,Dividend Low Volatility100,9317.26,9328.82,9257.49,9306.9,-7.32,-0.08,3299329670.0,313.03,100.0,5.96,2021-11-12,5.96,313.03
20211115,930955,中证红利低波动100指数,红利低波100,CSI Dividend Low Volatility 100 Index,Dividend Low Volatility100,9323.0,9353.21,9296.78,9352.94,46.03,0.49,2934865091.0,264.63,100.0,5.97,2021-11-15,5.97,264.63
20211116,930955,中证红利低波动100指数,红利低波100,CSI Dividend Low Volatility 100 Index,Dividend Low Volatility100,9352.0,9373.17,9291.15,9298.25,-54.69,-0.58,2914253467.0,259.0,100.0,5.94,2021-11-16,5.94,259.0
20211117,930955,中证红利低波动100指数,红利低波100,CSI Dividend Low Volatility 100 Index,Dividend Low Volatility100,9288.58,9317.34,9272.33,9303.57,5.32,0.06,2462772445.0,216.81,100.0,5.95,2021-11-17,5.95,216.81
20211118,930955,中证红利低波动100指数,红利低波100,CSI Dividend Low Volatility 100 Index,Dividend Low Volatility100,9294.8,9305.16,9259.24,9262.75,-40.82,-0.44,2571974846.0,216.01,100.0,5.92,2021-11-18,5.92,216.01
20211119,930955,中证红利低波动100指数,红利低波100,CSI Dividend Low Volatility 100 Index,Dividend Low Volatility100,9254.55,9365.94,9244.3,9359.25,96.5,1.04,3380854318.0,282.94,100.0,5.98,2021-11-19,5.98,282.94
20211122,930955,中证红利低波动100指数,红利低波100,CSI Dividend Low Volatility 100 Index,Dividend Low Volatility100,9349.27,9362.35,9301.44,9322.41,-36.84,-0.39,3096457486.0,250.95,100.0,5.96,2021-11-22,5.96,250.95
20211123,930955,中证红利低波动100指数,红利低波100,CSI Dividend Low Volatility 100 Index,Dividend Low Volatility100,9316.22,9371.62,9302.79,9348.73,26.32,0.28,2816957730.0,244.01,100.0,5.97,2021-11-23,5.97,244.01
20211124,930955,中证红利低波动100指数,红利低波100,CSI Dividend Low Volatility 100 Index,Dividend Low Volatility100,9349.12,9397.16,9342.02,9385.94,37.21,0.4,2805344467.0,240.63,100.0,6.0,2021-11-24,6.0,240.63
20211125,930955,中证红利低波动100指数,红利低波100,CSI Dividend Low Volatility 100 Index,Dividend Low Volatility100,9392.49,9421.74,9387.61,9404.48,18.54,0.2,2494223955.0,214.1,100.0,5.98,2021-11-25,5.98,214.1
20211126,930955,中证红利低波动100指数,红利低波100,CSI Dividend Low Volatility 100 Index,Dividend Low Volatility100,9383.54,9383.54,9336.23,9353.25,-51.23,-0.54,2596393136.0,220.72,100.0,5.93,2021-11-26,5.93,220.72
20211129,930955,中证红利低波动100指数,红利低波100,CSI Dividend Low Volatility 100 Index,Dividend Low Volatility100,9280.99,9329.72,9276.15,9324.7,-28.55,-0.31,3177154392.0,243.3,100.0,5.9,2021-11-29,5.9,243.3
20211130,930955,中证红利低波动100指数,红利低波100,CSI Dividend Low Volatility 100 Index,Dividend Low Volatility100,9320.22,9375.13,9297.31,9319.15,-5.54,-0.06,2912701458.0,232.16,100.0,5.89,2021-11-30,5.89,232.16
20211201,930955,中证红利低波动100指数,红利低波100,CSI Dividend Low Volatility 100 Index,Dividend Low Volatility100,9304.14,9427.74,9303.75,9427.66,108.51,1.16,2904422411.0,231.06,100.0,5.96,2021-12-01,5.96,231.06
20211202,930955,中证红利低波动100指数,红利低波100,CSI Dividend Low Volatility 100 Index,Dividend Low Volatility100,9411.16,9498.24,9404.38,9470.79,43.13,0.46,3526665323.0,302.17,100.0,5.99,2021-12-02,5.99,302.17
20211203,930955,中证红利低波动100指数,红利低波100,CSI Dividend Low Volatility 100 Index,Dividend Low Volatility100,9475.54,9573.55,9461.69,9573.55,102.76,1.08,3677791561.0,302.39,100.0,6.05,2021-12-03,6.05,302.39
20211206,930955,中证红利低波动100指数,红利低波100,CSI Dividend Low Volatility 100 Index,Dividend Low Volatility100,9607.51,9649.35,9554.7,9557.97,-15.58,-0.16,4493254818.0,382.05,100.0,6.05,2021-12-06,6.05,382.05
20211207,930955,中证红利低波动100指数,红利低波100,CSI Dividend Low Volatility 100 Index,Dividend Low Volatility100,9618.15,9661.63,9556.11,9659.29,101.32,1.06,4678567147.0,410.19,100.0,6.11,2021-12-07,6.11,410.19
20211208,930955,中证红利低波动100指数,红利低波100,CSI Dividend Low Volatility 100 Index,Dividend Low Volatility100,9662.91,9692.7,9593.03,9690.86,31.57,0.33,3800632521.0,321.44,100.0,6.1,2021-12-08,6.1,321.44
20211209,930955,中证红利低波动100指数,红利低波100,CSI Dividend Low Volatility 100 Index,Dividend Low Volatility100,9685.01,9781.59,9675.9,9756.39,65.53,0.68,4775783741.0,424.43,100.0,6.15,2021-12-09,6.15,424.43
20211210,930955,中证红利低波动100指数,红利低波100,CSI Dividend Low Volatility 100 Index,Dividend Low Volatility100,9726.14,9774.84,9674.42,9674.42,-81.97,-0.84,4672389760.0,358.39,100.0,6.1,2021-12-10,6.1,358.39
20211213,930955,中证红利低波动100指数,红利低波100,CSI Dividend Low Volatility 100 Index,Dividend Low Volatility100,9714.55,9738.01,9670.74,9678.09,3.67,0.04,4245697901.0,347.25,100.0,5.8,2021-12-13,5.8,347.25
20211214,930955,中证红利低波动100指数,红利低波100,CSI Dividend Low Volatility 100 Index,Dividend Low Volatility100,9655.21,9655.21,9613.76,9622.6,-55.49,-0.57,3511079929.0,264.88,100.0,5.78,2021-12-14,5.78,264.88
20211215,930955,中证红利低波动100指数,红利低波100,CSI Dividend Low Volatility 100 Index,Dividend Low Volatility100,9616.43,9692.54,9616.43,9648.62,26.03,0.27,3049887417.0,216.82,100.0,5.78,2021-12-15,5.78,216.82
20211216,930955,中证红利低波动100指数,红利低波100,CSI Dividend Low Volatility 100 Index,Dividend Low Volatility100,9657.35,9729.85,9634.04,9728.61,79.99,0.83,2983680701.0,216.86,100.0,5.82,2021-12-16,5.82,216.86
20211217,930955,中证红利低波动100指数,红利低波100,CSI Dividend Low Volatility 100 Index,Dividend Low Volatility100,9727.42,9759.69,9713.38,9721.5,-7.11,-0.07,3102701307.0,230.61,100.0,5.8,2021-12-17,5.8,230.61
20211220,930955,中证红利低波动100指数,红利低波100,CSI Dividend Low Volatility 100 Index,Dividend Low Volatility100,9714.48,9812.53,9710.68,9776.65,55.15,0.57,3632644645.0,259.75,100.0,5.8,2021-12-20,5.8,259.75
20211221,930955,中证红利低波动100指数,红利低波100,CSI Dividend Low Volatility 100 Index,Dividend Low Volatility100,9764.18,9971.3,9764.18,9953.3,176.65,1.81,4507683900.0,288.5,100.0,5.85,2021-12-21,5.85,288.5
20211222,930955,中证红利低波动100指数,红利低波100,CSI Dividend Low Volatility 100 Index,Dividend Low Volatility100,9963.46,9965.66,9880.54,9911.97,-41.33,-0.42,3689528461.0,241.69,100.0,5.83,2021-12-22,5.83,241.69
20211223,930955,中证红利低波动100指数,红利低波100,CSI Dividend Low Volatility 100 Index,Dividend Low Volatility100,9904.88,9913.54,9855.13,9869.53,-42.45,-0.43,2861854980.0,198.11,100.0,5.86,2021-12-23,5.86,198.11
20211224,930955,中证红利低波动100指数,红利低波100,CSI Dividend Low Volatility 100 Index,Dividend Low Volatility100,9869.38,9870.4,9803.51,9851.82,-17.7,-0.18,2713405343.0,202.78,100.0,5.84,2021-12-24,5.84,202.78
20211227,930955,中证红利低波动100指数,红利低波100,CSI Dividend Low Volatility 100 Index,Dividend Low Volatility100,9854.86,9941.4,9854.86,9939.35,87.52,0.89,2781993046.0,243.7,100.0,5.86,2021-12-27,5.86,243.7
20211228,930955,中证红利低波动100指数,红利低波100,CSI Dividend Low Volatility 100 Index,Dividend Low Volatility100,9949.67,9949.67,9860.05,9898.48,-40.86,-0.41,3223196877.0,266.85,100.0,5.87,2021-12-28,5.87,266.85
20211229,930955,中证红利低波动100指数,红利低波100,CSI Dividend Low Volatility 100 Index,Dividend Low Volatility100,9898.52,9916.35,9874.64,9874.64,-23.85,-0.24,2382727317.0,190.45,100.0,5.85,2021-12-29,5.85,190.45
20211230,930955,中证红利低波动100指数,红利低波100,CSI Dividend Low Volatility 100 Index,Dividend Low Volatility100,9895.21,9956.2,9890.83,9945.18,70.55,0.71,2860798193.0,229.89,100.0,5.85,2021-12-30,5.85,229.89
20211231,930955,中证红利低波动100指数,红利低波100,CSI Dividend Low Volatility 100 Index,Dividend Low Volatility100,9954.3,10103.05,9954.3,10086.27,141.09,1.42,3121413738.0,263.64,100.0,5.87,2021-12-31,5.87,263.64
20220104,930955,中证红利低波动100指数,红利低波100,CSI Dividend Low Volatility 100 Index,Dividend Low Volatility100,10130.1,10304.08,10123.68,10295.19,208.92,2.07,4359884728.0,354.46,100.0,5.92,2022-01-04,5.92,354.46
20220105,930955,中证红利低波动100指数,红利低波100,CSI Dividend Low Volatility 100 Index,Dividend Low Volatility100,10274.89,10285.73,10200.55,10251.82,-43.37,-0.42,5495024245.0,466.59,100.0,5.95,2022-01-05,5.95,466.59
20220106,930955,中证红利低波动100指数,红利低波100,CSI Dividend Low Volatility 100 Index,Dividend Low Volatility100,10216.55,10345.81,10216.11,10337.5,85.68,0.83,4823226789.0,382.52,100.0,5.94,2022-01-06,5.94,382.52
20220107,930955,中证红利低波动100指数,红利低波100,CSI Dividend Low Volatility 100 Index,Dividend Low Volatility100,10331.19,10494.97,10331.19,10395.84,58.34,0.56,6727649422.0,524.73,100.0,6.05,2022-01-07,6.05,524.73
20220110,930955,中证红利低波动100指数,红利低波100,CSI Dividend Low Volatility 100 Index,Dividend Low Volatility100,10397.12,10485.75,10390.71,10485.75,89.91,0.86,5609645053.0,417.36,100.0,6.08,2022-01-10,6.08,417.36
20220111,930955,中证红利低波动100指数,红利低波100,CSI Dividend Low Volatility 100 Index,Dividend Low Volatility100,10469.68,10572.36,10461.34,10515.9,30.16,0.29,5266554515.0,391.42,100.0,6.08,2022-01-11,6.08,391.42
20220112,930955,中证红利低波动100指数,红利低波100,CSI Dividend Low Volatility 100 Index,Dividend Low Volatility100,10505.18,10506.27,10372.8,10445.09,-70.81,-0.67,4755314345.0,346.79,100.0,6.05,2022-01-12,6.05,346.79
20220113,930955,中证红利低波动100指数,红利低波100,CSI Dividend Low Volatility 100 Index,Dividend Low Volatility100,10424.12,10506.71,10379.71,10381.41,-63.68,-0.61,4960289624.0,362.28,100.0,6.07,2022-01-13,6.07,362.28
20220114,930955,中证红利低波动100指数,红利低波100,CSI Dividend Low Volatility 100 Index,Dividend Low Volatility100,10363.1,10363.1,10246.86,10253.83,-127.58,-1.23,5105737285.0,378.14,100.0,5.97,2022-01-14,5.97,378.14
20220117,930955,中证红利低波动100指数,红利低波100,CSI Dividend Low Volatility 100 Index,Dividend Low Volatility100,10262.4,10356.8,10262.4,10302.91,49.08,0.48,3478466681.0,281.16,100.0,5.97,2022-01-17,5.97,281.16
20220118,930955,中证红利低波动100指数,红利低波100,CSI Dividend Low Volatility 100 Index,Dividend Low Volatility100,10314.55,10408.63,10260.0,10365.15,62.23,0.6,5254936949.0,396.34,100.0,6.07,2022-01-18,6.07,396.34
20220119,930955,中证红利低波动100指数,红利低波100,CSI Dividend Low Volatility 100 Index,Dividend Low Volatility100,10359.18,10457.64,10352.46,10422.07,56.93,0.55,4922323921.0,382.85,100.0,6.08,2022-01-19,6.08,382.85
20220120,930955,中证红利低波动100指数,红利低波100,CSI Dividend Low Volatility 100 Index,Dividend Low Volatility100,10434.84,10496.86,10380.62,10389.93,-32.15,-0.31,5952604234.0,495.29,100.0,6.12,2022-01-20,6.12,495.29
20220121,930955,中证红利低波动100指数,红利低波100,CSI Dividend Low Volatility 100 Index,Dividend Low Volatility100,10366.53,10379.42,10246.56,10271.68,-118.25,-1.14,4164829263.0,348.65,100.0,6.05,2022-01-21,6.05,348.65
20220124,930955,中证红利低波动100指数,红利低波100,CSI Dividend Low Volatility 100 Index,Dividend Low Volatility100,10229.17,10287.04,10143.73,10222.71,-48.97,-0.48,3915991558.0,292.19,100.0,6.06,2022-01-24,6.06,292.19
20220125,930955,中证红利低波动100指数,红利低波100,CSI Dividend Low Volatility 100 Index,Dividend Low Volatility100,10188.42,10198.59,9902.67,9902.67,-320.04,-3.13,4053120279.0,310.35,100.0,5.94,2022-01-25,5.94,310.35
20220126,930955,中证红利低波动100指数,红利低波100,CSI Dividend Low Volatility 100 Index,Dividend Low Volatility100,9934.94,9997.91,9885.95,9976.98,74.3,0.75,3262520709.0,241.63,100.0,5.99,2022-01-26,5.99,241.63
20220127,930955,中证红利低波动100指数,红利低波100,CSI Dividend Low Volatility 100 Index,Dividend Low Volatility100,9967.51,9967.51,9840.15,9840.15,-136.83,-1.37,3600649406.0,276.58,100.0,5.94,2022-01-27,5.94,276.58
20220128,930955,中证红利低波动100指数,红利低波100,CSI Dividend Low Volatility 100 Index,Dividend Low Volatility100,9892.75,9910.9,9811.29,9828.21,-11.94,-0.12,3996938024.0,284.62,100.0,5.89,2022-01-28,5.89,284.62
20220207,930955,中证红利低波动100指数,红利低波100,CSI Dividend Low Volatility 100 Index,Dividend Low Volatility100,9885.17,10060.68,9871.81,10055.08,226.88,2.31,5233386389.0,361.65,100.0,6.06,2022-02-07,6.06,361.65
20220208,930955,中证红利低波动100指数,红利低波100,CSI Dividend Low Volatility 100 Index,Dividend Low Volatility100,10053.45,10286.47,10050.18,10285.91,230.82,2.3,6414754008.0,425.93,100.0,6.18,2022-02-08,6.18,425.93
20220209,930955,中证红利低波动100指数,红利低波100,CSI Dividend Low Volatility 100 Index,Dividend Low Volatility100,10289.84,10396.49,10277.12,10379.06,93.15,0.91,5205481132.0,373.94,100.0,6.17,2022-02-09,6.17,373.94
20220210,930955,中证红利低波动100指数,红利低波100,CSI Dividend Low Volatility 100 Index,Dividend Low Volatility100,10383.63,10484.39,10344.09,10468.33,89.27,0.86,4664414243.0,360.84,100.0,6.23,2022-02-10,6.23,360.84
20220211,930955,中证红利低波动100指数,红利低波100,CSI Dividend Low Volatility 100 Index,Dividend Low Volatility100,10449.66,10528.99,10385.0,10394.14,-74.2,-0.71,5625755924.0,461.68,100.0,6.28,2022-02-11,6.28,461.68
20220214,930955,中证红利低波动100指数,红利低波100,CSI Dividend Low Volatility 100 Index,Dividend Low Volatility100,10371.39,10387.83,10236.18,10261.61,-132.53,-1.27,5019792131.0,384.01,100.0,6.19,2022-02-14,6.19,384.01
20220215,930955,中证红利低波动100指数,红利低波100,CSI Dividend Low Volatility 100 Index,Dividend Low Volatility100,10252.91,10296.9,10180.2,10238.64,-22.97,-0.22,3957624411.0,289.86,100.0,6.13,2022-02-15,6.13,289.86
20220216,930955,中证红利低波动100指数,红利低波100,CSI Dividend Low Volatility 100 Index,Dividend Low Volatility100,10262.95,10327.28,10249.68,10307.86,69.22,0.68,3449238515.0,258.77,100.0,6.16,2022-02-16,6.16,258.77
20220217,930955,中证红利低波动100指数,红利低波100,CSI Dividend Low Volatility 100 Index,Dividend Low Volatility100,10303.71,10303.94,10202.04,10216.96,-90.9,-0.88,3394798290.0,250.93,100.0,6.15,2022-02-17,6.15,250.93
20220218,930955,中证红利低波动100指数,红利低波100,CSI Dividend Low Volatility 100 Index,Dividend Low Volatility100,10169.4,10393.48,10163.76,10390.89,173.93,1.7,4177851704.0,284.59,100.0,6.2,2022-02-18,6.2,284.59
20220221,930955,中证红利低波动100指数,红利低波100,CSI Dividend Low Volatility 100 Index,Dividend Low Volatility100,10377.71,10434.23,10308.56,10423.65,32.76,0.32,3807416893.0,268.23,100.0,6.18,2022-02-21,6.18,268.23
20220222,930955,中证红利低波动100指数,红利低波100,CSI Dividend Low Volatility 100 Index,Dividend Low Volatility100,10368.97,10368.97,10243.94,10285.05,-138.6,-1.33,4184809448.0,307.64,100.0,6.15,2022-02-22,6.15,307.64
20220223,930955,中证红利低波动100指数,红利低波100,CSI Dividend Low Volatility 100 Index,Dividend Low Volatility100,10289.78,10309.08,10229.47,10255.72,-29.33,-0.29,4204700752.0,288.08,100.0,6.11,2022-02-23,6.11,288.08
20220224,930955,中证红利低波动100指数,红利低波100,CSI Dividend Low Volatility 100 Index,Dividend Low Volatility100,10222.42,10241.17,9974.81,10050.22,-205.5,-2.0,5968634258.0,425.27,100.0,6.05,2022-02-24,6.05,425.27
20220225,930955,中证红利低波动100指数,红利低波100,CSI Dividend Low Volatility 100 Index,Dividend Low Volatility100,10082.51,10156.41,10046.33,10063.77,13.55,0.13,4684771099.0,316.38,100.0,6.02,2022-02-25,6.02,316.38
20220228,930955,中证红利低波动100指数,红利低波100,CSI Dividend Low Volatility 100 Index,Dividend Low Volatility100,10075.14,10075.14,9961.84,10039.02,-24.75,-0.24,3732977269.0,274.84,100.0,6.02,2022-02-28,6.02,274.84
20220301,930955,中证红利低波动100指数,红利低波100,CSI Dividend Low Volatility 100 Index,Dividend Low Volatility100,10047.41,10116.57,10028.34,10108.1,69.07,0.69,3638839124.0,256.1,100.0,6.06,2022-03-01,6.06,256.1
20220302,930955,中证红利低波动100指数,红利低波100,CSI Dividend Low Volatility 100 Index,Dividend Low Volatility100,10081.09,10191.3,10071.52,10182.47,74.37,0.73,3617409527.0,247.78,100.0,6.08,2022-03-02,6.08,247.78
20220303,930955,中证红利低波动100指数,红利低波100,CSI Dividend Low Volatility 100 Index,Dividend Low Volatility100,10208.67,10329.53,10208.67,10323.92,141.45,1.39,4992511608.0,339.74,100.0,6.15,2022-03-03,6.15,339.74
20220304,930955,中证红利低波动100指数,红利低波100,CSI Dividend Low Volatility 100 Index,Dividend Low Volatility100,10304.75,10304.75,10208.82,10251.74,-72.18,-0.7,4069199317.0,292.81,100.0,6.1,2022-03-04,6.1,292.81
20220307,930955,中证红利低波动100指数,红利低波100,CSI Dividend Low Volatility 100 Index,Dividend Low Volatility100,10251.13,10297.45,10164.42,10195.56,-56.17,-0.55,4819060966.0,350.35,100.0,6.07,2022-03-07,6.07,350.35
20220308,930955,中证红利低波动100指数,红利低波100,CSI Dividend Low Volatility 100 Index,Dividend Low Volatility100,10198.09,10206.11,9908.25,9910.13,-285.44,-2.8,5213580604.0,401.37,100.0,5.97,2022-03-08,5.97,401.37
20220309,930955,中证红利低波动100指数,红利低波100,CSI Dividend Low Volatility 100 Index,Dividend Low Volatility100,9915.16,9963.83,9481.69,9764.2,-145.93,-1.47,6179742265.0,441.68,100.0,5.88,2022-03-09,5.88,441.68
20220310,930955,中证红利低波动100指数,红利低波100,CSI Dividend Low Volatility 100 Index,Dividend Low Volatility100,9914.43,10009.69,9833.72,9924.77,160.57,1.64,4286291575.0,314.76,100.0,5.88,2022-03-10,5.88,314.76
20220311,930955,中证红利低波动100指数,红利低波100,CSI Dividend Low Volatility 100 Index,Dividend Low Volatility100,9867.86,10034.65,9751.46,10020.42,95.66,0.96,4848123768.0,354.6,100.0,5.9,2022-03-11,5.9,354.6
20220314,930955,中证红利低波动100指数,红利低波100,CSI Dividend Low Volatility 100 Index,Dividend Low Volatility100,9955.71,10087.91,9892.9,9892.9,-127.53,-1.27,3714198174.0,247.2,100.0,5.99,2022-03-14,5.99,247.2
20220315,930955,中证红利低波动100指数,红利低波100,CSI Dividend Low Volatility 100 Index,Dividend Low Volatility100,9848.29,9848.29,9413.44,9413.44,-479.46,-4.85,6609269141.0,475.77,100.0,5.74,2022-03-15,5.74,475.77
20220316,930955,中证红利低波动100指数,红利低波100,CSI Dividend Low Volatility 100 Index,Dividend Low Volatility100,9532.65,9689.63,9285.51,9661.86,248.42,2.64,5501524992.0,394.19,100.0,5.85,2022-03-16,5.85,394.19
20220317,930955,中证红利低波动100指数,红利低波100,CSI Dividend Low Volatility 100 Index,Dividend Low Volatility100,9764.22,9883.16,9751.14,9765.0,103.14,1.07,4809114272.0,358.0,100.0,5.87,2022-03-17,5.87,358.0
20220318,930955,中证红利低波动100指数,红利低波100,CSI Dividend Low Volatility 100 Index,Dividend Low Volatility100,9749.07,10001.46,9731.75,9988.58,223.58,2.29,5198486530.0,430.6,100.0,5.97,2022-03-18,5.97,430.6
20220321,930955,中证红利低波动100指数,红利低波100,CSI Dividend Low Volatility 100 Index,Dividend Low Volatility100,10009.89,10071.39,9964.77,10039.54,50.96,0.51,3882911059.0,334.88,100.0,5.93,2022-03-21,5.93,334.88
20220322,930955,中证红利低波动100指数,红利低波100,CSI Dividend Low Volatility 100 Index,Dividend Low Volatility100,10036.91,10218.9,10019.78,10163.22,123.68,1.23,4991812684.0,422.76,100.0,6.02,2022-03-22,6.02,422.76
20220323,930955,中证红利低波动100指数,红利低波100,CSI Dividend Low Volatility 100 Index,Dividend Low Volatility100,10142.37,10189.85,10059.56,10155.21,-8.01,-0.08,4376645506.0,361.02,100.0,6.02,2022-03-23,6.02,361.02
20220324,930955,中证红利低波动100指数,红利低波100,CSI Dividend Low Volatility 100 Index,Dividend Low Volatility100,10104.06,10199.63,10092.36,10147.63,-7.57,-0.07,3785680623.0,337.28,100.0,6.02,2022-03-24,6.02,337.28
20220325,930955,中证红利低波动100指数,红利低波100,CSI Dividend Low Volatility 100 Index,Dividend Low Volatility100,10144.6,10258.44,10098.62,10149.6,1.96,0.02,4269285746.0,383.62,100.0,6.01,2022-03-25,6.01,383.62
20220328,930955,中证红利低波动100指数,红利低波100,CSI Dividend Low Volatility 100 Index,Dividend Low Volatility100,10120.27,10302.24,10062.89,10281.66,132.06,1.3,5307896843.0,398.9,100.0,6.1,2022-03-28,6.1,398.9
20220329,930955,中证红利低波动100指数,红利低波100,CSI Dividend Low Volatility 100 Index,Dividend Low Volatility100,10251.38,10284.51,10192.51,10258.5,-23.16,-0.22,4191837639.0,354.44,100.0,6.11,2022-03-29,6.11,354.44
20220330,930955,中证红利低波动100指数,红利低波100,CSI Dividend Low Volatility 100 Index,Dividend Low Volatility100,10258.2,10470.83,10258.2,10465.42,206.92,2.02,5347358037.0,404.96,100.0,6.17,2022-03-30,6.17,404.96
20220331,930955,中证红利低波动100指数,红利低波100,CSI Dividend Low Volatility 100 Index,Dividend Low Volatility100,10469.41,10687.24,10459.58,10522.5,57.08,0.54,6651130191.0,526.44,100.0,6.21,2022-03-31,6.21,526.44
20220401,930955,中证红利低波动100指数,红利低波100,CSI Dividend Low Volatility 100 Index,Dividend Low Volatility100,10453.74,10673.23,10448.26,10660.44,137.94,1.31,6359530933.0,474.25,100.0,6.25,2022-04-01,6.25,474.25
20220406,930955,中证红利低波动100指数,红利低波100,CSI Dividend Low Volatility 100 Index,Dividend Low Volatility100,10666.44,10890.71,10662.83,10855.61,195.17,1.83,7821717761.0,547.2,100.0,6.34,2022-04-06,6.34,547.2
20220407,930955,中证红利低波动100指数,红利低波100,CSI Dividend Low Volatility 100 Index,Dividend Low Volatility100,10777.94,10810.9,10577.49,10579.66,-275.95,-2.54,6307111354.0,452.56,100.0,6.27,2022-04-07,6.27,452.56
20220408,930955,中证红利低波动100指数,红利低波100,CSI Dividend Low Volatility 100 Index,Dividend Low Volatility100,10589.41,10667.66,10458.21,10649.55,69.9,0.66,5931568121.0,421.04,100.0,6.32,2022-04-08,6.32,421.04
20220411,930955,中证红利低波动100指数,红利低波100,CSI Dividend Low Volatility 100 Index,Dividend Low Volatility100,10639.43,10639.43,10437.33,10471.51,-178.04,-1.67,5775616325.0,421.25,100.0,6.24,2022-04-11,6.24,421.25
20220412,930955,中证红利低波动100指数,红利低波100,CSI Dividend Low Volatility 100 Index,Dividend Low Volatility100,10468.45,10603.18,10382.56,10568.58,97.07,0.93,5807147936.0,424.31,100.0,6.27,2022-04-12,6.27,424.31
20220413,930955,中证红利低波动100指数,红利低波100,CSI Dividend Low Volatility 100 Index,Dividend Low Volatility100,10513.56,10584.8,10435.74,10440.16,-128.43,-1.21,4942954798.0,358.57,100.0,6.24,2022-04-13,6.24,358.57
20220414,930955,中证红利低波动100指数,红利低波100,CSI Dividend Low Volatility 100 Index,Dividend Low Volatility100,10479.59,10604.34,10473.5,10549.64,109.49,1.05,4318441534.0,329.1,100.0,6.27,2022-04-14,6.27,329.1
20220415,930955,中证红利低波动100指数,红利低波100,CSI Dividend Low Volatility 100 Index,Dividend Low Volatility100,10503.35,10646.83,10479.39,10512.1,-37.55,-0.36,4710872046.0,359.05,100.0,6.27,2022-04-15,6.27,359.05
20220418,930955,中证红利低波动100指数,红利低波100,CSI Dividend Low Volatility 100 Index,Dividend Low Volatility100,10456.85,10526.54,10388.1,10422.22,-89.87,-0.85,4640861813.0,348.58,100.0,6.18,2022-04-18,6.18,348.58
20220419,930955,中证红利低波动100指数,红利低波100,CSI Dividend Low Volatility 100 Index,Dividend Low Volatility100,10376.82,10527.45,10345.79,10514.25,92.03,0.88,4136955587.0,313.39,100.0,6.23,2022-04-19,6.23,313.39
20220420,930955,中证红利低波动100指数,红利低波100,CSI Dividend Low Volatility 100 Index,Dividend Low Volatility100,10493.95,10526.32,10287.56,10310.6,-203.65,-1.94,4465078648.0,338.66,100.0,6.17,2022-04-20,6.17,338.66
20220421,930955,中证红利低波动100指数,红利低波100,CSI Dividend Low Volatility 100 Index,Dividend Low Volatility100,10284.91,10354.4,10086.18,10115.08,-195.53,-1.9,5099111258.0,371.11,100.0,6.11,2022-04-21,6.11,371.11
20220422,930955,中证红利低波动100指数,红利低波100,CSI Dividend Low Volatility 100 Index,Dividend Low Volatility100,10075.5,10251.68,10041.35,10197.38,82.31,0.81,4803075633.0,348.26,100.0,6.19,2022-04-22,6.19,348.26
20220425,930955,中证红利低波动100指数,红利低波100,CSI Dividend Low Volatility 100 Index,Dividend Low Volatility100,10099.27,10150.53,9772.51,9772.51,-424.87,-4.17,6276448690.0,435.44,100.0,6.0,2022-04-25,6.0,435.44
20220426,930955,中证红利低波动100指数,红利低波100,CSI Dividend Low Volatility 100 Index,Dividend Low Volatility100,9786.88,9903.45,9639.92,9651.31,-121.2,-1.24,5618883294.0,388.08,100.0,5.98,2022-04-26,5.98,388.08
20220427,930955,中证红利低波动100指数,红利低波100,CSI Dividend Low Volatility 100 Index,Dividend Low Volatility100,9566.78,9735.03,9470.43,9731.64,80.33,0.83,6132817407.0,419.62,100.0,5.98,2022-04-27,5.98,419.62
20220428,930955,中证红利低波动100指数,红利低波100,CSI Dividend Low Volatility 100 Index,Dividend Low Volatility100,9689.36,9826.26,9644.35,9811.54,79.9,0.82,5830348246.0,403.36,100.0,6.05,2022-04-28,6.05,403.36
20220429,930955,中证红利低波动100指数,红利低波100,CSI Dividend Low Volatility 100 Index,Dividend Low Volatility100,9840.56,10044.13,9814.59,10028.47,216.93,2.21,6496608511.0,475.73,100.0,6.11,2022-04-29,6.11,475.73
20220505,930955,中证红利低波动100指数,红利低波100,CSI Dividend Low Volatility 100 Index,Dividend Low Volatility100,10054.54,10148.11,10051.95,10133.57,105.11,1.05,6091844887.0,469.24,100.0,6.06,2022-05-05,6.06,469.24
20220506,930955,中证红利低波动100指数,红利低波100,CSI Dividend Low Volatility 100 Index,Dividend Low Volatility100,9988.94,10039.06,9894.38,9912.53,-221.05,-2.18,4881825370.0,363.09,100.0,5.95,2022-05-06,5.95,363.09
20220509,930955,中证红利低波动100指数,红利低波100,CSI Dividend Low Volatility 100 Index,Dividend Low Volatility100,9932.17,10045.87,9917.13,10033.83,121.31,1.22,4012714791.0,312.18,100.0,5.97,2022-05-09,5.97,312.18
20220510,930955,中证红利低波动100指数,红利低波100,CSI Dividend Low Volatility 100 Index,Dividend Low Volatility100,9943.41,10149.48,9894.4,10148.71,114.88,1.14,5187887601.0,378.29,100.0,5.99,2022-05-10,5.99,378.29
20220511,930955,中证红利低波动100指数,红利低波100,CSI Dividend Low Volatility 100 Index,Dividend Low Volatility100,10175.16,10251.5,10109.81,10116.06,-32.65,-0.32,5394425982.0,459.14,100.0,5.96,2022-05-11,5.96,459.14
20220512,930955,中证红利低波动100指数,红利低波100,CSI Dividend Low Volatility 100 Index,Dividend Low Volatility100,10078.78,10174.24,10013.33,10100.19,-15.87,-0.16,4442030160.0,382.42,100.0,5.92,2022-05-12,5.92,382.42
20220513,930955,中证红利低波动100指数,红利低波100,CSI Dividend Low Volatility 100 Index,Dividend Low Volatility100,10084.82,10226.62,10080.81,10218.11,117.92,1.17,4690745508.0,386.3,100.0,6.0,2022-05-13,6.0,386.3
20220516,930955,中证红利低波动100指数,红利低波100,CSI Dividend Low Volatility 100 Index,Dividend Low Volatility100,10291.58,10305.91,10174.06,10225.63,7.52,0.07,4578942118.0,363.82,100.0,5.97,2022-05-16,5.97,363.82
20220517,930955,中证红利低波动100指数,红利低波100,CSI Dividend Low Volatility 100 Index,Dividend Low Volatility100,10201.47,10201.47,10009.77,10082.9,-142.73,-1.4,4511724656.0,323.66,100.0,5.96,2022-05-17,5.96,323.66
20220518,930955,中证红利低波动100指数,红利低波100,CSI Dividend Low Volatility 100 Index,Dividend Low Volatility100,10076.65,10101.35,10019.66,10026.5,-56.4,-0.56,3713485186.0,278.74,100.0,5.92,2022-05-18,5.92,278.74
20220519,930955,中证红利低波动100指数,红利低波100,CSI Dividend Low Volatility 100 Index,Dividend Low Volatility100,9916.47,10096.48,9905.78,10095.24,68.74,0.69,4144756183.0,306.96,100.0,5.93,2022-05-19,5.93,306.96
20220520,930955,中证红利低波动100指数,红利低波100,CSI Dividend Low Volatility 100 Index,Dividend Low Volatility100,10082.21,10139.66,10071.29,10124.33,29.09,0.29,4412655687.0,343.24,100.0,5.97,2022-05-20,5.97,343.24
20220523,930955,中证红利低波动100指数,红利低波100,CSI Dividend Low Volatility 100 Index,Dividend Low Volatility100,10133.4,10135.12,10064.78,10103.01,-21.32,-0.21,3787557073.0,292.01,100.0,5.95,2022-05-23,5.95,292.01
20220524,930955,中证红利低波动100指数,红利低波100,CSI Dividend Low Volatility 100 Index,Dividend Low Volatility100,10111.46,10111.8,9829.1,9829.1,-273.91,-2.71,4493636398.0,333.24,100.0,5.9,2022-05-24,5.9,333.24
20220525,930955,中证红利低波动100指数,红利低波100,CSI Dividend Low Volatility 100 Index,Dividend Low Volatility100,9814.62,10008.67,9814.37,10006.0,176.9,1.8,3610525672.0,269.84,100.0,5.95,2022-05-25,5.95,269.84
20220526,930955,中证红利低波动100指数,红利低波100,CSI Dividend Low Volatility 100 Index,Dividend Low Volatility100,10011.58,10114.56,9998.42,10099.38,93.38,0.93,3960772500.0,301.69,100.0,5.98,2022-05-26,5.98,301.69
20220527,930955,中证红利低波动100指数,红利低波100,CSI Dividend Low Volatility 100 Index,Dividend Low Volatility100,10108.41,10145.87,10068.3,10126.73,27.35,0.27,4019705456.0,311.01,100.0,6.01,2022-05-27,6.01,311.01
20220530,930955,中证红利低波动100指数,红利低波100,CSI Dividend Low Volatility 100 Index,Dividend Low Volatility100,10128.44,10151.5,10063.48,10109.14,-17.59,-0.17,4181390272.0,311.19,100.0,5.99,2022-05-30,5.99,311.19
20220531,930955,中证红利低波动100指数,红利低波100,CSI Dividend Low Volatility 100 Index,Dividend Low Volatility100,10086.87,10125.78,10048.42,10108.86,-0.28,0.0,4536416723.0,342.85,100.0,6.02,2022-05-31,6.02,342.85
20220601,930955,中证红利低波动100指数,红利低波100,CSI Dividend Low Volatility 100 Index,Dividend Low Volatility100,10080.19,10117.97,10029.04,10085.18,-23.69,-0.23,3969319642.0,296.05,100.0,5.99,2022-06-01,5.99,296.05
20220602,930955,中证红利低波动100指数,红利低波100,CSI Dividend Low Volatility 100 Index,Dividend Low Volatility100,10058.14,10059.02,9990.93,10031.29,-53.88,-0.53,3534016572.0,264.31,100.0,5.97,2022-06-02,5.97,264.31
20220606,930955,中证红利低波动100指数,红利低波100,CSI Dividend Low Volatility 100 Index,Dividend Low Volatility100,10012.38,10015.41,9931.53,10008.25,-23.04,-0.23,5160312701.0,351.71,100.0,5.96,2022-06-06,5.96,351.71
20220607,930955,中证红利低波动100指数,红利低波100,CSI Dividend Low Volatility 100 Index,Dividend Low Volatility100,10010.54,10054.3,9965.01,10045.71,37.46,0.37,4519025586.0,337.2,100.0,5.97,2022-06-07,5.97,337.2
20220608,930955,中证红利低波动100指数,红利低波100,CSI Dividend Low Volatility 100 Index,Dividend Low Volatility100,10026.98,10028.18,9919.44,10010.91,-34.8,-0.35,4322086987.0,325.56,100.0,5.99,2022-06-08,5.99,325.56
20220609,930955,中证红利低波动100指数,红利低波100,CSI Dividend Low Volatility 100 Index,Dividend Low Volatility100,9990.09,10060.06,9972.55,10002.52,-8.38,-0.08,5012798866.0,350.58,100.0,6.02,2022-06-09,6.02,350.58
20220610,930955,中证红利低波动100指数,红利低波100,CSI Dividend Low Volatility 100 Index,Dividend Low Volatility100,9945.97,10068.66,9933.24,10056.83,54.3,0.54,5642262063.0,379.84,100.0,6.05,2022-06-10,6.05,379.84
20220613,930955,中证红利低波动100指数,红利低波100,CSI Dividend Low Volatility 100 Index,Dividend Low Volatility100,9994.94,10009.21,9866.97,9932.86,-123.96,-1.23,4260094667.0,354.61,100.0,5.95,2022-06-13,5.95,354.61
20220614,930955,中证红利低波动100指数,红利低波100,CSI Dividend Low Volatility 100 Index,Dividend Low Volatility100,9879.38,10082.73,9817.68,10082.41,149.55,1.5,4361336472.0,359.53,100.0,6.05,2022-06-14,6.05,359.53
20220615,930955,中证红利低波动100指数,红利低波100,CSI Dividend Low Volatility 100 Index,Dividend Low Volatility100,10093.45,10336.91,10088.92,10194.71,112.3,1.11,7156385982.0,685.73,100.0,6.13,2022-06-15,6.13,685.73
20220616,930955,中证红利低波动100指数,红利低波100,CSI Dividend Low Volatility 100 Index,Dividend Low Volatility100,10174.53,10190.06,10050.27,10058.46,-136.25,-1.34,4554630597.0,402.39,100.0,6.03,2022-06-16,6.03,402.39
20220617,930955,中证红利低波动100指数,红利低波100,CSI Dividend Low Volatility 100 Index,Dividend Low Volatility100,10009.38,10075.49,9941.9,10061.55,3.09,0.03,3661592518.0,326.81,100.0,6.05,2022-06-17,6.05,326.81
20220620,930955,中证红利低波动100指数,红利低波100,CSI Dividend Low Volatility 100 Index,Dividend Low Volatility100,10061.0,10083.12,10024.5,10061.94,0.39,0.0,3548787525.0,314.05,100.0,6.01,2022-06-20,6.01,314.05
20220621,930955,中证红利低波动100指数,红利低波100,CSI Dividend Low Volatility 100 Index,Dividend Low Volatility100,10065.42,10112.96,10007.77,10073.43,11.49,0.11,3586167829.0,312.12,100.0,6.05,2022-06-21,6.05,312.12
20220622,930955,中证红利低波动100指数,红利低波100,CSI Dividend Low Volatility 100 Index,Dividend Low Volatility100,10076.44,10082.77,9969.7,9969.7,-103.73,-1.03,3123099439.0,278.58,100.0,5.99,2022-06-22,5.99,278.58
20220623,930955,中证红利低波动100指数,红利低波100,CSI Dividend Low Volatility 100 Index,Dividend Low Volatility100,9977.86,10094.47,9977.86,10094.47,124.77,1.25,3473258087.0,318.02,100.0,6.05,2022-06-23,6.05,318.02
20220624,930955,中证红利低波动100指数,红利低波100,CSI Dividend Low Volatility 100 Index,Dividend Low Volatility100,10097.56,10109.52,10055.54,10090.75,-3.71,-0.04,3643917727.0,359.79,100.0,6.05,2022-06-24,6.05,359.79
20220627,930955,中证红利低波动100指数,红利低波100,CSI Dividend Low Volatility 100 Index,Dividend Low Volatility100,10110.49,10128.46,10068.71,10082.69,-8.06,-0.08,3963095798.0,364.55,100.0,6.06,2022-06-27,6.06,364.55
20220628,930955,中证红利低波动100指数,红利低波100,CSI Dividend Low Volatility 100 Index,Dividend Low Volatility100,10087.64,10184.71,10071.81,10178.23,95.54,0.95,3601254816.0,312.56,100.0,6.08,2022-06-28,6.08,312.56
20220629,930955,中证红利低波动100指数,红利低波100,CSI Dividend Low Volatility 100 Index,Dividend Low Volatility100,10151.17,10179.75,10071.46,10080.27,-97.96,-0.96,4168710182.0,357.92,100.0,6.07,2022-06-29,6.07,357.92
20220630,930955,中证红利低波动100指数,红利低波100,CSI Dividend Low Volatility 100 Index,Dividend Low Volatility100,10080.85,10133.81,10069.38,10093.01,12.74,0.13,3862305063.0,346.07,100.0,6.08,2022-06-30,6.08,346.07
20220701,930955,中证红利低波动100指数,红利低波100,CSI Dividend Low Volatility 100 Index,Dividend Low Volatility100,10099.55,10133.67,10073.2,10087.73,-5.27,-0.05,3083847161.0,285.85,100.0,6.08,2022-07-01,6.08,285.85
20220704,930955,中证红利低波动100指数,红利低波100,CSI Dividend Low Volatility 100 Index,Dividend Low Volatility100,10093.42,10094.62,10047.27,10090.1,2.37,0.02,3298367457.0,288.47,100.0,6.08,2022-07-04,6.08,288.47
20220705,930955,中证红利低波动100指数,红利低波100,CSI Dividend Low Volatility 100 Index,Dividend Low Volatility100,10093.43,10135.87,10003.19,10067.55,-22.55,-0.22,3224041561.0,287.67,100.0,6.08,2022-07-05,6.08,287.67
20220706,930955,中证红利低波动100指数,红利低波100,CSI Dividend Low Volatility 100 Index,Dividend Low Volatility100,10048.8,10048.8,9895.19,9943.46,-124.09,-1.23,3459072910.0,289.41,100.0,6.02,2022-07-06,6.02,289.41
20220707,930955,中证红利低波动100指数,红利低波100,CSI Dividend Low Volatility 100 Index,Dividend Low Volatility100,9908.45,9948.05,9894.28,9907.31,-36.15,-0.36,2683217574.0,229.11,100.0,6.0,2022-07-07,6.0,229.11
20220708,930955,中证红利低波动100指数,红利低波100,CSI Dividend Low Volatility 100 Index,Dividend Low Volatility100,9908.52,9955.33,9894.49,9911.62,4.32,0.04,2803603045.0,247.38,100.0,6.02,2022-07-08,6.02,247.38
20220711,930955,中证红利低波动100指数,红利低波100,CSI Dividend Low Volatility 100 Index,Dividend Low Volatility100,9910.27,9915.41,9861.82,9891.47,-20.15,-0.2,3603982970.0,287.82,100.0,6.02,2022-07-11,6.02,287.82
20220712,930955,中证红利低波动100指数,红利低波100,CSI Dividend Low Volatility 100 Index,Dividend Low Volatility100,9877.09,9954.15,9871.7,9909.37,17.9,0.18,4121049254.0,334.25,100.0,5.98,2022-07-12,5.98,334.25
20220713,930955,中证红利低波动100指数,红利低波100,CSI Dividend Low Volatility 100 Index,Dividend Low Volatility100,9919.07,9949.7,9897.41,9922.65,13.28,0.13,4383439731.0,364.57,100.0,5.91,2022-07-13,5.91,364.57
20220714,930955,中证红利低波动100指数,红利低波100,CSI Dividend Low Volatility 100 Index,Dividend Low Volatility100,9911.7,9911.7,9795.57,9813.61,-109.04,-1.1,4817224370.0,432.19,100.0,5.82,2022-07-14,5.82,432.19
20220715,930955,中证红利低波动100指数,红利低波100,CSI Dividend Low Volatility 100 Index,Dividend Low Volatility100,9741.33,9743.42,9558.26,9558.26,-255.35,-2.6,4361570305.0,358.8,100.0,5.64,2022-07-15,5.64,358.8
20220718,930955,中证红利低波动100指数,红利低波100,CSI Dividend Low Volatility 100 Index,Dividend Low Volatility100,9578.17,9741.58,9578.17,9739.91,181.65,1.9,3301505658.0,270.36,100.0,5.73,2022-07-18,5.73,270.36
20220719,930955,中证红利低波动100指数,红利低波100,CSI Dividend Low Volatility 100 Index,Dividend Low Volatility100,9750.45,9802.1,9735.56,9787.16,47.25,0.49,2919119379.0,227.6,100.0,5.76,2022-07-19,5.76,227.6
20220720,930955,中证红利低波动100指数,红利低波100,CSI Dividend Low Volatility 100 Index,Dividend Low Volatility100,9804.32,9832.18,9789.53,9824.26,37.1,0.38,2680147491.0,210.07,100.0,5.78,2022-07-20,5.78,210.07
20220721,930955,中证红利低波动100指数,红利低波100,CSI Dividend Low Volatility 100 Index,Dividend Low Volatility100,9805.82,9805.82,9719.24,9719.24,-105.02,-1.07,2816139635.0,222.98,100.0,5.7,2022-07-21,5.7,222.98
20220722,930955,中证红利低波动100指数,红利低波100,CSI Dividend Low Volatility 100 Index,Dividend Low Volatility100,9727.89,9784.76,9666.29,9729.62,10.38,0.11,2385572172.0,187.64,100.0,5.72,2022-07-22,5.72,187.64
20220725,930955,中证红利低波动100指数,红利低波100,CSI Dividend Low Volatility 100 Index,Dividend Low Volatility100,9731.39,9755.57,9667.03,9688.29,-41.33,-0.42,2001348765.0,161.53,100.0,5.73,2022-07-25,5.73,161.53
20220726,930955,中证红利低波动100指数,红利低波100,CSI Dividend Low Volatility 100 Index,Dividend Low Volatility100,9691.68,9759.72,9665.76,9750.68,62.39,0.64,2320497913.0,177.82,100.0,5.75,2022-07-26,5.75,177.82
20220727,930955,中证红利低波动100指数,红利低波100,CSI Dividend Low Volatility 100 Index,Dividend Low Volatility100,9735.82,9761.54,9715.7,9742.71,-7.96,-0.08,2045183242.0,166.24,100.0,5.72,2022-07-27,5.72,166.24
20220728,930955,中证红利低波动100指数,红利低波100,CSI Dividend Low Volatility 100 Index,Dividend Low Volatility100,9762.71,9803.85,9750.93,9757.33,14.62,0.15,2417149769.0,197.06,100.0,5.71,2022-07-28,5.71,197.06
20220729,930955,中证红利低波动100指数,红利低波100,CSI Dividend Low Volatility 100 Index,Dividend Low Volatility100,9765.95,9796.62,9705.96,9716.08,-41.26,-0.42,2579910316.0,215.86,100.0,5.68,2022-07-29,5.68,215.86
20220801,930955,中证红利低波动100指数,红利低波100,CSI Dividend Low Volatility 100 Index,Dividend Low Volatility100,9719.04,9719.49,9661.12,9704.05,-12.03,-0.12,2490245117.0,207.64,100.0,5.65,2022-08-01,5.65,207.64
20220802,930955,中证红利低波动100指数,红利低波100,CSI Dividend Low Volatility 100 Index,Dividend Low Volatility100,9653.21,9657.52,9369.05,9464.34,-239.71,-2.47,3816914389.0,304.15,100.0,5.57,2022-08-02,5.57,304.15
20220803,930955,中证红利低波动100指数,红利低波100,CSI Dividend Low Volatility 100 Index,Dividend Low Volatility100,9469.34,9566.57,9377.16,9377.16,-87.18,-0.92,2808452800.0,233.35,100.0,5.52,2022-08-03,5.52,233.35
20220804,930955,中证红利低波动100指数,红利低波100,CSI Dividend Low Volatility 100 Index,Dividend Low Volatility100,9417.59,9434.99,9350.35,9430.69,53.53,0.57,2447526796.0,185.03,100.0,5.58,2022-08-04,5.58,185.03
20220805,930955,中证红利低波动100指数,红利低波100,CSI Dividend Low Volatility 100 Index,Dividend Low Volatility100,9414.62,9503.01,9364.2,9494.01,63.32,0.67,2211073853.0,177.45,100.0,5.62,2022-08-05,5.62,177.45
20220808,930955,中证红利低波动100指数,红利低波100,CSI Dividend Low Volatility 100 Index,Dividend Low Volatility100,9478.1,9516.55,9466.23,9509.17,15.15,0.16,2005243322.0,157.99,100.0,5.59,2022-08-08,5.59,157.99
20220809,930955,中证红利低波动100指数,红利低波100,CSI Dividend Low Volatility 100 Index,Dividend Low Volatility100,9506.6,9506.6,9468.52,9484.62,-24.55,-0.26,1670889050.0,134.84,100.0,5.58,2022-08-09,5.58,134.84
20220810,930955,中证红利低波动100指数,红利低波100,CSI Dividend Low Volatility 100 Index,Dividend Low Volatility100,9491.23,9508.09,9455.87,9486.34,1.73,0.02,1717385752.0,148.41,100.0,5.55,2022-08-10,5.55,148.41
20220811,930955,中证红利低波动100指数,红利低波100,CSI Dividend Low Volatility 100 Index,Dividend Low Volatility100,9528.95,9643.45,9526.52,9639.14,152.8,1.61,2779591341.0,244.29,100.0,5.64,2022-08-11,5.64,244.29
20220812,930955,中证红利低波动100指数,红利低波100,CSI Dividend Low Volatility 100 Index,Dividend Low Volatility100,9636.37,9686.4,9612.25,9672.4,33.26,0.34,2714350563.0,207.6,100.0,5.65,2022-08-12,5.65,207.6
20220815,930955,中证红利低波动100指数,红利低波100,CSI Dividend Low Volatility 100 Index,Dividend Low Volatility100,9655.86,9676.41,9615.6,9634.98,-37.42,-0.39,2668207069.0,211.61,100.0,5.61,2022-08-15,5.61,211.61
20220816,930955,中证红利低波动100指数,红利低波100,CSI Dividend Low Volatility 100 Index,Dividend Low Volatility100,9645.12,9681.03,9630.77,9654.5,19.53,0.2,2233196138.0,177.91,100.0,5.6,2022-08-16,5.6,177.91
20220817,930955,中证红利低波动100指数,红利低波100,CSI Dividend Low Volatility 100 Index,Dividend Low Volatility100,9668.82,9721.18,9625.19,9719.28,64.77,0.67,2784877596.0,227.33,100.0,5.64,2022-08-17,5.64,227.33
20220818,930955,中证红利低波动100指数,红利低波100,CSI Dividend Low Volatility 100 Index,Dividend Low Volatility100,9702.34,9702.34,9634.01,9638.29,-80.98,-0.83,2349747271.0,195.59,100.0,5.59,2022-08-18,5.59,195.59
20220819,930955,中证红利低波动100指数,红利低波100,CSI Dividend Low Volatility 100 Index,Dividend Low Volatility100,9638.88,9689.02,9633.02,9633.71,-4.58,-0.05,2465369658.0,197.83,100.0,5.6,2022-08-19,5.6,197.83
20220822,930955,中证红利低波动100指数,红利低波100,CSI Dividend Low Volatility 100 Index,Dividend Low Volatility100,9622.12,9687.04,9617.18,9665.49,31.79,0.33,2299492976.0,190.39,100.0,5.61,2022-08-22,5.61,190.39
20220823,930955,中证红利低波动100指数,红利低波100,CSI Dividend Low Volatility 100 Index,Dividend Low Volatility100,9672.77,9701.48,9634.15,9685.06,19.56,0.2,2616932726.0,210.13,100.0,5.59,2022-08-23,5.59,210.13
20220824,930955,中证红利低波动100指数,红利低波100,CSI Dividend Low Volatility 100 Index,Dividend Low Volatility100,9681.38,9721.14,9569.53,9571.42,-113.64,-1.17,3340936839.0,298.14,100.0,5.57,2022-08-24,5.57,298.14
20220825,930955,中证红利低波动100指数,红利低波100,CSI Dividend Low Volatility 100 Index,Dividend Low Volatility100,9601.81,9695.32,9575.04,9687.5,116.08,1.21,3228207397.0,289.0,100.0,5.64,2022-08-25,5.64,289.0
20220826,930955,中证红利低波动100指数,红利低波100,CSI Dividend Low Volatility 100 Index,Dividend Low Volatility100,9681.85,9707.6,9628.36,9664.65,-22.85,-0.24,2700560873.0,233.09,100.0,5.63,2022-08-26,5.63,233.09
20220829,930955,中证红利低波动100指数,红利低波100,CSI Dividend Low Volatility 100 Index,Dividend Low Volatility100,9599.26,9686.48,9581.39,9684.36,19.7,0.2,2998148200.0,242.98,100.0,5.61,2022-08-29,5.61,242.98
20220830,930955,中证红利低波动100指数,红利低波100,CSI Dividend Low Volatility 100 Index,Dividend Low Volatility100,9679.55,9747.15,9678.8,9733.58,49.22,0.51,2994596048.0,233.68,100.0,5.63,2022-08-30,5.63,233.68
20220831,930955,中证红利低波动100指数,红利低波100,CSI Dividend Low Volatility 100 Index,Dividend Low Volatility100,9724.2,9755.83,9663.57,9682.09,-51.49,-0.53,4082032103.0,383.84,100.0,5.69,2022-08-31,5.69,383.84
20220901,930955,中证红利低波动100指数,红利低波100,CSI Dividend Low Volatility 100 Index,Dividend Low Volatility100,9680.83,9756.3,9668.96,9696.36,14.27,0.15,2901731107.0,266.12,100.0,5.61,2022-09-01,5.61,266.12
20220902,930955,中证红利低波动100指数,红利低波100,CSI Dividend Low Volatility 100 Index,Dividend Low Volatility100,9709.72,9739.32,9702.47,9730.4,34.04,0.35,2611757996.0,217.99,100.0,5.61,2022-09-02,5.61,217.99
20220905,930955,中证红利低波动100指数,红利低波100,CSI Dividend Low Volatility 100 Index,Dividend Low Volatility100,9723.4,9812.75,9706.26,9811.7,81.31,0.83,2702286743.0,215.32,100.0,5.64,2022-09-05,5.64,215.32
20220906,930955,中证红利低波动100指数,红利低波100,CSI Dividend Low Volatility 100 Index,Dividend Low Volatility100,9824.68,9877.96,9814.65,9869.46,57.76,0.59,3044110220.0,249.49,100.0,5.65,2022-09-06,5.65,249.49
20220907,930955,中证红利低波动100指数,红利低波100,CSI Dividend Low Volatility 100 Index,Dividend Low Volatility100,9856.61,9856.61,9805.31,9842.52,-26.94,-0.27,2434052143.0,197.07,100.0,5.63,2022-09-07,5.63,197.07
20220908,930955,中证红利低波动100指数,红利低波100,CSI Dividend Low Volatility 100 Index,Dividend Low Volatility100,9852.15,9872.19,9820.83,9842.04,-0.48,0.0,2366055864.0,183.05,100.0,5.63,2022-09-08,5.63,183.05
20220909,930955,中证红利低波动100指数,红利低波100,CSI Dividend Low Volatility 100 Index,Dividend Low Volatility100,9848.48,9923.35,9845.38,9900.4,58.37,0.59,3322003683.0,309.45,100.0,5.69,2022-09-09,5.69,309.45
20220913,930955,中证红利低波动100指数,红利低波100,CSI Dividend Low Volatility 100 Index,Dividend Low Volatility100,9909.01,9927.04,9867.35,9879.83,-20.57,-0.21,3703238382.0,310.17,100.0,5.84,2022-09-13,5.84,310.17
20220914,930955,中证红利低波动100指数,红利低波100,CSI Dividend Low Volatility 100 Index,Dividend Low Volatility100,9792.1,9837.79,9779.32,9805.06,-74.77,-0.76,3079788235.0,219.29,100.0,5.8,2022-09-14,5.8,219.29
20220915,930955,中证红利低波动100指数,红利低波100,CSI Dividend Low Volatility 100 Index,Dividend Low Volatility100,9829.43,9882.49,9733.05,9792.92,-12.14,-0.12,4463878152.0,341.73,100.0,5.84,2022-09-15,5.84,341.73
20220916,930955,中证红利低波动100指数,红利低波100,CSI Dividend Low Volatility 100 Index,Dividend Low Volatility100,9785.27,9785.27,9547.75,9547.75,-245.17,-2.5,4621649040.0,329.61,100.0,5.72,2022-09-16,5.72,329.61
20220919,930955,中证红利低波动100指数,红利低波100,CSI Dividend Low Volatility 100 Index,Dividend Low Volatility100,9542.46,9544.52,9466.45,9506.18,-41.58,-0.43,3271529328.0,218.44,100.0,5.73,2022-09-19,5.73,218.44
20220920,930955,中证红利低波动100指数,红利低波100,CSI Dividend Low Volatility 100 Index,Dividend Low Volatility100,9540.42,9578.44,9482.3,9496.65,-9.53,-0.1,2756823163.0,194.05,100.0,5.69,2022-09-20,5.69,194.05
20220921,930955,中证红利低波动100指数,红利低波100,CSI Dividend Low Volatility 100 Index,Dividend Low Volatility100,9486.11,9587.31,9410.67,9558.85,62.2,0.65,2891177147.0,195.04,100.0,5.71,2022-09-21,5.71,195.04
20220922,930955,中证红利低波动100指数,红利低波100,CSI Dividend Low Volatility 100 Index,Dividend Low Volatility100,9519.41,9538.96,9472.66,9486.41,-72.44,-0.76,2718165760.0,187.93,100.0,5.7,2022-09-22,5.7,187.93
20220923,930955,中证红利低波动100指数,红利低波100,CSI Dividend Low Volatility 100 Index,Dividend Low Volatility100,9481.62,9568.02,9432.15,9484.57,-1.84,-0.02,3434460275.0,218.9,100.0,5.73,2022-09-23,5.73,218.9
20220926,930955,中证红利低波动100指数,红利低波100,CSI Dividend Low Volatility 100 Index,Dividend Low Volatility100,9437.61,9446.85,9283.84,9283.84,-200.73,-2.12,3721892980.0,236.06,100.0,5.63,2022-09-26,5.63,236.06
20220927,930955,中证红利低波动100指数,红利低波100,CSI Dividend Low Volatility 100 Index,Dividend Low Volatility100,9294.18,9409.69,9268.67,9406.17,122.33,1.32,2827430033.0,197.16,100.0,5.64,2022-09-27,5.64,197.16
20220928,930955,中证红利低波动100指数,红利低波100,CSI Dividend Low Volatility 100 Index,Dividend Low Volatility100,9396.23,9410.82,9331.19,9331.19,-74.98,-0.8,2924567549.0,203.75,100.0,5.63,2022-09-28,5.63,203.75
20220929,930955,中证红利低波动100指数,红利低波100,CSI Dividend Low Volatility 100 Index,Dividend Low Volatility100,9384.87,9417.63,9214.73,9245.73,-85.46,-0.92,3135098096.0,223.03,100.0,5.57,2022-09-29,5.57,223.03
20220930,930955,中证红利低波动100指数,红利低波100,CSI Dividend Low Volatility 100 Index,Dividend Low Volatility100,9251.95,9333.76,9251.36,9275.56,29.83,0.32,2794369479.0,190.16,100.0,5.62,2022-09-30,5.62,190.16
20221010,930955,中证红利低波动100指数,红利低波100,CSI Dividend Low Volatility 100 Index,Dividend Low Volatility100,9280.76,9374.37,9248.73,9256.49,-19.07,-0.21,4147339695.0,276.62,100.0,5.59,2022-10-10,5.59,276.62
20221011,930955,中证红利低波动100指数,红利低波100,CSI Dividend Low Volatility 100 Index,Dividend Low Volatility100,9259.55,9308.32,9208.32,9289.1,32.61,0.35,3064268408.0,195.7,100.0,5.58,2022-10-11,5.58,195.7
20221012,930955,中证红利低波动100指数,红利低波100,CSI Dividend Low Volatility 100 Index,Dividend Low Volatility100,9280.67,9404.32,9213.9,9404.32,115.22,1.24,4031806268.0,259.84,100.0,5.62,2022-10-12,5.62,259.84
20221013,930955,中证红利低波动100指数,红利低波100,CSI Dividend Low Volatility 100 Index,Dividend Low Volatility100,9380.31,9409.43,9318.96,9371.03,-33.29,-0.35,3502401432.0,250.0,100.0,5.58,2022-10-13,5.58,250.0
20221014,930955,中证红利低波动100指数,红利低波100,CSI Dividend Low Volatility 100 Index,Dividend Low Volatility100,9404.55,9507.74,9404.15,9482.94,111.91,1.19,4128104848.0,286.06,100.0,5.62,2022-10-14,5.62,286.06
20221017,930955,中证红利低波动100指数,红利低波100,CSI Dividend Low Volatility 100 Index,Dividend Low Volatility100,9462.37,9527.01,9441.94,9507.84,24.9,0.26,3612395487.0,237.84,100.0,5.62,2022-10-17,5.62,237.84
20221018,930955,中证红利低波动100指数,红利低波100,CSI Dividend Low Volatility 100 Index,Dividend Low Volatility100,9537.5,9544.17,9488.24,9504.96,-2.88,-0.03,3135893893.0,222.03,100.0,5.61,2022-10-18,5.61,222.03
20221019,930955,中证红利低波动100指数,红利低波100,CSI Dividend Low Volatility 100 Index,Dividend Low Volatility100,9488.74,9500.48,9415.92,9415.92,-89.04,-0.94,2760110230.0,207.9,100.0,5.56,2022-10-19,5.56,207.9
20221020,930955,中证红利低波动100指数,红利低波100,CSI Dividend Low Volatility 100 Index,Dividend Low Volatility100,9397.46,9458.68,9361.68,9382.39,-33.53,-0.36,3298678605.0,232.29,100.0,5.55,2022-10-20,5.55,232.29
20221021,930955,中证红利低波动100指数,红利低波100,CSI Dividend Low Volatility 100 Index,Dividend Low Volatility100,9404.57,9434.23,9356.38,9381.41,-0.98,-0.01,3377354274.0,232.06,100.0,5.55,2022-10-21,5.55,232.06
20221024,930955,中证红利低波动100指数,红利低波100,CSI Dividend Low Volatility 100 Index,Dividend Low Volatility100,9391.36,9456.0,9176.51,9208.46,-172.95,-1.84,4834911198.0,352.62,100.0,5.44,2022-10-24,5.44,352.62
20221025,930955,中证红利低波动100指数,红利低波100,CSI Dividend Low Volatility 100 Index,Dividend Low Volatility100,9191.91,9250.49,9120.78,9180.38,-28.08,-0.3,3483647384.0,244.19,100.0,5.44,2022-10-25,5.44,244.19
20221026,930955,中证红利低波动100指数,红利低波100,CSI Dividend Low Volatility 100 Index,Dividend Low Volatility100,9181.62,9303.05,9179.59,9225.28,44.89,0.49,4162358115.0,262.42,100.0,5.42,2022-10-26,5.42,262.42
20221027,930955,中证红利低波动100指数,红利低波100,CSI Dividend Low Volatility 100 Index,Dividend Low Volatility100,9234.19,9296.03,9229.32,9263.38,38.1,0.41,3612902817.0,252.0,100.0,5.4,2022-10-27,5.4,252.0
20221028,930955,中证红利低波动100指数,红利低波100,CSI Dividend Low Volatility 100 Index,Dividend Low Volatility100,9244.94,9244.94,9042.83,9061.68,-201.7,-2.18,3919067378.0,280.57,100.0,5.35,2022-10-28,5.35,280.57
20221031,930955,中证红利低波动100指数,红利低波100,CSI Dividend Low Volatility 100 Index,Dividend Low Volatility100,9015.22,9077.83,8945.35,9006.5,-55.18,-0.61,5222377718.0,340.4,100.0,5.27,2022-10-31,5.27,340.4
20221101,930955,中证红利低波动100指数,红利低波100,CSI Dividend Low Volatility 100 Index,Dividend Low Volatility100,9016.16,9156.84,9003.86,9155.44,148.95,1.65,5560568636.0,346.42,100.0,5.35,2022-11-01,5.35,346.42
20221102,930955,中证红利低波动100指数,红利低波100,CSI Dividend Low Volatility 100 Index,Dividend Low Volatility100,9132.78,9214.71,9118.66,9187.75,32.3,0.35,4146110548.0,276.15,100.0,5.35,2022-11-02,5.35,276.15
20221103,930955,中证红利低波动100指数,红利低波100,CSI Dividend Low Volatility 100 Index,Dividend Low Volatility100,9145.85,9158.86,9102.16,9145.96,-41.79,-0.45,3023565509.0,201.78,100.0,5.32,2022-11-03,5.32,201.78
20221104,930955,中证红利低波动100指数,红利低波100,CSI Dividend Low Volatility 100 Index,Dividend Low Volatility100,9144.99,9301.64,9144.25,9281.39,135.43,1.48,4214799536.0,295.76,100.0,5.41,2022-11-04,5.41,295.76
20221107,930955,中证红利低波动100指数,红利低波100,CSI Dividend Low Volatility 100 Index,Dividend Low Volatility100,9267.5,9333.28,9255.12,9323.67,42.28,0.46,3572401248.0,242.37,100.0,5.42,2022-11-07,5.42,242.37
20221108,930955,中证红利低波动100指数,红利低波100,CSI Dividend Low Volatility 100 Index,Dividend Low Volatility100,9324.21,9324.21,9272.3,9312.4,-11.27,-0.12,2950748854.0,195.19,100.0,5.42,2022-11-08,5.42,195.19
20221109,930955,中证红利低波动100指数,红利低波100,CSI Dividend Low Volatility 100 Index,Dividend Low Volatility100,9311.1,9356.35,9303.67,9308.69,-3.71,-0.04,2435559599.0,169.9,100.0,5.41,2022-11-09,5.41,169.9
20221110,930955,中证红利低波动100指数,红利低波100,CSI Dividend Low Volatility 100 Index,Dividend Low Volatility100,9277.09,9362.84,9245.55,9340.12,31.42,0.34,2862463274.0,183.87,100.0,5.42,2022-11-10,5.42,183.87
20221111,930955,中证红利低波动100指数,红利低波100,CSI Dividend Low Volatility 100 Index,Dividend Low Volatility100,9465.74,9548.91,9423.49,9465.34,125.22,1.34,5527587067.0,427.96,100.0,5.54,2022-11-11,5.54,427.96
20221114,930955,中证红利低波动100指数,红利低波100,CSI Dividend Low Volatility 100 Index,Dividend Low Volatility100,9511.87,9599.06,9507.64,9522.07,56.74,0.6,5323569108.0,451.59,100.0,5.6,2022-11-14,5.6,451.59
20221115,930955,中证红利低波动100指数,红利低波100,CSI Dividend Low Volatility 100 Index,Dividend Low Volatility100,9508.46,9612.47,9494.47,9596.48,74.4,0.78,4685819840.0,351.47,100.0,5.64,2022-11-15,5.64,351.47
20221116,930955,中证红利低波动100指数,红利低波100,CSI Dividend Low Volatility 100 Index,Dividend Low Volatility100,9590.98,9616.25,9560.08,9569.11,-27.36,-0.29,3564096373.0,256.02,100.0,5.62,2022-11-16,5.62,256.02
20221117,930955,中证红利低波动100指数,红利低波100,CSI Dividend Low Volatility 100 Index,Dividend Low Volatility100,9557.33,9612.41,9544.25,9612.41,43.29,0.45,3286562844.0,253.33,100.0,5.62,2022-11-17,5.62,253.33
20221118,930955,中证红利低波动100指数,红利低波100,CSI Dividend Low Volatility 100 Index,Dividend Low Volatility100,9621.28,9637.6,9575.46,9575.46,-36.95,-0.38,3396406820.0,236.95,100.0,5.59,2022-11-18,5.59,236.95
20221121,930955,中证红利低波动100指数,红利低波100,CSI Dividend Low Volatility 100 Index,Dividend Low Volatility100,9554.38,9554.38,9476.15,9520.44,-55.02,-0.57,2854494548.0,206.13,100.0,5.56,2022-11-21,5.56,206.13
20221122,930955,中证红利低波动100指数,红利低波100,CSI Dividend Low Volatility 100 Index,Dividend Low Volatility100,9519.86,9645.49,9509.06,9583.87,63.43,0.67,4971209109.0,312.94,100.0,5.65,2022-11-22,5.65,312.94
20221123,930955,中证红利低波动100指数,红利低波100,CSI Dividend Low Volatility 100 Index,Dividend Low Volatility100,9586.49,9668.2,9575.77,9617.77,33.9,0.35,5211490985.0,317.69,100.0,5.68,2022-11-23,5.68,317.69
20221124,930955,中证红利低波动100指数,红利低波100,CSI Dividend Low Volatility 100 Index,Dividend Low Volatility100,9637.31,9667.71,9597.76,9617.36,-0.41,0.0,3174664263.0,201.53,100.0,5.67,2022-11-24,5.67,201.53
20221125,930955,中证红利低波动100指数,红利低波100,CSI Dividend Low Volatility 100 Index,Dividend Low Volatility100,9624.42,9759.83,9613.28,9749.85,132.49,1.38,5524300537.0,354.62,100.0,5.77,2022-11-25,5.77,354.62
20221128,930955,中证红利低波动100指数,红利低波100,CSI Dividend Low Volatility 100 Index,Dividend Low Volatility100,9680.5,9715.49,9573.62,9710.74,-39.11,-0.4,5092792996.0,324.11,100.0,5.7,2022-11-28,5.7,324.11
20221129,930955,中证红利低波动100指数,红利低波100,CSI Dividend Low Volatility 100 Index,Dividend Low Volatility100,9756.47,9946.67,9755.65,9929.31,218.57,2.25,7116611922.0,558.42,100.0,5.86,2022-11-29,5.86,558.42
20221130,930955,中证红利低波动100指数,红利低波100,CSI Dividend Low Volatility 100 Index,Dividend Low Volatility100,9919.92,9986.35,9907.99,9944.33,15.02,0.15,5828030719.0,422.6,100.0,5.85,2022-11-30,5.85,422.6
20221201,930955,中证红利低波动100指数,红利低波100,CSI Dividend Low Volatility 100 Index,Dividend Low Volatility100,10015.64,10035.93,9902.2,9903.93,-40.4,-0.41,5340584960.0,383.11,100.0,5.81,2022-12-01,5.81,383.11
20221202,930955,中证红利低波动100指数,红利低波100,CSI Dividend Low Volatility 100 Index,Dividend Low Volatility100,9903.43,9924.66,9864.33,9908.18,4.25,0.04,4257175196.0,300.33,100.0,5.79,2022-12-02,5.79,300.33
20221205,930955,中证红利低波动100指数,红利低波100,CSI Dividend Low Volatility 100 Index,Dividend Low Volatility100,9965.65,10166.09,9965.65,10141.89,233.71,2.36,7074397109.0,512.09,100.0,5.95,2022-12-05,5.95,512.09
20221206,930955,中证红利低波动100指数,红利低波100,CSI Dividend Low Volatility 100 Index,Dividend Low Volatility100,10139.79,10201.97,10100.66,10136.72,-5.17,-0.05,5621912014.0,396.72,100.0,5.94,2022-12-06,5.94,396.72
20221207,930955,中证红利低波动100指数,红利低波100,CSI Dividend Low Volatility 100 Index,Dividend Low Volatility100,10123.03,10191.75,10056.57,10122.51,-14.21,-0.14,5215199268.0,375.47,100.0,5.9,2022-12-07,5.9,375.47
20221208,930955,中证红利低波动100指数,红利低波100,CSI Dividend Low Volatility 100 Index,Dividend Low Volatility100,10110.33,10159.52,10083.6,10124.1,1.59,0.01,4270216969.0,293.27,100.0,5.91,2022-12-08,5.91,293.27
20221209,930955,中证红利低波动100指数,红利低波100,CSI Dividend Low Volatility 100 Index,Dividend Low Volatility100,10133.49,10158.49,10046.5,10047.46,-76.64,-0.76,5543093160.0,421.19,100.0,5.93,2022-12-09,5.93,421.19
20221212,930955,中证红利低波动100指数,红利低波100,CSI Dividend Low Volatility 100 Index,Dividend Low Volatility100,10051.18,10055.87,9934.71,9942.29,-105.17,-1.05,4740470505.0,345.88,100.0,5.87,2022-12-12,5.87,345.88
20221213,930955,中证红利低波动100指数,红利低波100,CSI Dividend Low Volatility 100 Index,Dividend Low Volatility100,9940.55,10024.17,9939.15,10001.33,59.04,0.59,3653858731.0,255.31,100.0,5.89,2022-12-13,5.89,255.31
20221214,930955,中证红利低波动100指数,红利低波100,CSI Dividend Low Volatility 100 Index,Dividend Low Volatility100,9998.14,10008.89,9939.09,9968.62,-32.71,-0.33,3345718030.0,237.72,100.0,5.89,2022-12-14,5.89,237.72
20221215,930955,中证红利低波动100指数,红利低波100,CSI Dividend Low Volatility 100 Index,Dividend Low Volatility100,9967.13,9997.57,9870.44,9877.79,-90.82,-0.91,2912029494.0,213.47,100.0,5.84,2022-12-15,5.84,213.47
20221216,930955,中证红利低波动100指数,红利低波100,CSI Dividend Low Volatility 100 Index,Dividend Low Volatility100,9858.71,10007.31,9856.53,9987.0,109.21,1.11,3684401350.0,255.55,100.0,5.9,2022-12-16,5.9,255.55
20221219,930955,中证红利低波动100指数,红利低波100,CSI Dividend Low Volatility 100 Index,Dividend Low Volatility100,9979.64,10002.99,9747.91,9787.42,-199.57,-2.0,3833493642.0,274.07,100.0,5.8,2022-12-19,5.8,274.07
20221220,930955,中证红利低波动100指数,红利低波100,CSI Dividend Low Volatility 100 Index,Dividend Low Volatility100,9770.77,9805.18,9671.23,9693.3,-94.12,-0.96,3085761747.0,224.53,100.0,5.74,2022-12-20,5.74,224.53
20221221,930955,中证红利低波动100指数,红利低波100,CSI Dividend Low Volatility 100 Index,Dividend Low Volatility100,9707.59,9776.93,9689.35,9704.95,11.65,0.12,2222252335.0,159.67,100.0,5.75,2022-12-21,5.75,159.67
20221222,930955,中证红利低波动100指数,红利低波100,CSI Dividend Low Volatility 100 Index,Dividend Low Volatility100,9757.83,9810.88,9633.99,9668.11,-36.84,-0.38,2583232093.0,187.88,100.0,5.75,2022-12-22,5.75,187.88
20221223,930955,中证红利低波动100指数,红利低波100,CSI Dividend Low Volatility 100 Index,Dividend Low Volatility100,9632.79,9718.32,9595.54,9629.41,-38.7,-0.4,2065254533.0,145.09,100.0,5.74,2022-12-23,5.74,145.09
20221226,930955,中证红利低波动100指数,红利低波100,CSI Dividend Low Volatility 100 Index,Dividend Low Volatility100,9631.18,9643.68,9580.65,9589.47,-39.94,-0.41,2425351694.0,172.17,100.0,5.71,2022-12-26,5.71,172.17
20221227,930955,中证红利低波动100指数,红利低波100,CSI Dividend Low Volatility 100 Index,Dividend Low Volatility100,9630.48,9713.21,9628.32,9686.35,96.88,1.01,2712515294.0,185.79,100.0,5.78,2022-12-27,5.78,185.79
20221228,930955,中证红利低波动100指数,红利低波100,CSI Dividend Low Volatility 100 Index,Dividend Low Volatility100,9673.89,9726.55,9636.01,9687.44,1.08,0.01,2829592285.0,199.33,100.0,5.8,2022-12-28,5.8,199.33
20221229,930955,中证红利低波动100指数,红利低波100,CSI Dividend Low Volatility 100 Index,Dividend Low Volatility100,9660.75,9660.75,9581.2,9602.53,-84.91,-0.88,2756923752.0,192.5,100.0,5.76,2022-12-29,5.76,192.5
20221230,930955,中证红利低波动100指数,红利低波100,CSI Dividend Low Volatility 100 Index,Dividend Low Volatility100,9627.56,9710.29,9622.17,9690.51,87.98,0.92,2956330780.0,208.55,100.0,5.81,2022-12-30,5.81,208.55
20230103,930955,中证红利低波动100指数,红利低波100,CSI Dividend Low Volatility 100 Index,Dividend Low Volatility100,9684.64,9738.8,9641.27,9725.77,35.26,0.36,3773496573.0,280.31,100.0,5.82,2023-01-03,5.82,280.31
20230104,930955,中证红利低波动100指数,红利低波100,CSI Dividend Low Volatility 100 Index,Dividend Low Volatility100,9731.41,9830.15,9717.94,9811.5,85.73,0.88,4163739654.0,304.46,100.0,5.88,2023-01-04,5.88,304.46
20230105,930955,中证红利低波动100指数,红利低波100,CSI Dividend Low Volatility 100 Index,Dividend Low Volatility100,9834.36,9867.02,9817.98,9840.66,29.16,0.3,3672454330.0,288.21,100.0,5.89,2023-01-05,5.89,288.21
20230106,930955,中证红利低波动100指数,红利低波100,CSI Dividend Low Volatility 100 Index,Dividend Low Volatility100,9843.33,9847.6,9786.21,9807.18,-33.48,-0.34,3699570210.0,263.83,100.0,5.89,2023-01-06,5.89,263.83
20230109,930955,中证红利低波动100指数,红利低波100,CSI Dividend Low Volatility 100 Index,Dividend Low Volatility100,9828.04,9854.79,9806.6,9819.58,12.4,0.13,3106992800.0,247.59,100.0,5.9,2023-01-09,5.9,247.59
20230110,930955,中证红利低波动100指数,红利低波100,CSI Dividend Low Volatility 100 Index,Dividend Low Volatility100,9827.03,9827.03,9761.32,9764.21,-55.37,-0.56,2955974529.0,240.7,100.0,5.86,2023-01-10,5.86,240.7
20230111,930955,中证红利低波动100指数,红利低波100,CSI Dividend Low Volatility 100 Index,Dividend Low Volatility100,9772.9,9812.94,9758.94,9774.53,10.32,0.1,3076364160.0,253.77,100.0,5.89,2023-01-11,5.89,253.77
20230112,930955,中证红利低波动100指数,红利低波100,CSI Dividend Low Volatility 100 Index,Dividend Low Volatility100,9781.19,9781.19,9713.82,9753.68,-20.85,-0.21,3023048356.0,214.83,100.0,5.89,2023-01-12,5.89,214.83
20230113,930955,中证红利低波动100指数,红利低波100,CSI Dividend Low Volatility 100 Index,Dividend Low Volatility100,9765.94,9887.35,9763.2,9887.35,133.66,1.37,3322772530.0,262.76,100.0,5.96,2023-01-13,5.96,262.76
20230116,930955,中证红利低波动100指数,红利低波100,CSI Dividend Low Volatility 100 Index,Dividend Low Volatility100,9912.25,10026.18,9909.57,9972.45,85.1,0.86,5597564244.0,438.33,100.0,5.97,2023-01-16,5.97,438.33
20230117,930955,中证红利低波动100指数,红利低波100,CSI Dividend Low Volatility 100 Index,Dividend Low Volatility100,9979.56,9979.56,9924.58,9961.54,-10.91,-0.11,3776431672.0,282.6,100.0,5.96,2023-01-17,5.96,282.6
20230118,930955,中证红利低波动100指数,红利低波100,CSI Dividend Low Volatility 100 Index,Dividend Low Volatility100,9963.2,9999.54,9953.83,9982.39,20.85,0.21,3694037505.0,263.39,100.0,5.96,2023-01-18,5.96,263.39
20230119,930955,中证红利低波动100指数,红利低波100,CSI Dividend Low Volatility 100 Index,Dividend Low Volatility100,9970.3,10033.23,9940.39,10033.23,50.84,0.51,3702175485.0,265.86,100.0,5.97,2023-01-19,5.97,265.86
20230120,930955,中证红利低波动100指数,红利低波100,CSI Dividend Low Volatility 100 Index,Dividend Low Volatility100,10047.77,10108.36,10030.93,10108.36,75.13,0.75,4225219843.0,305.55,100.0,6.01,2023-01-20,6.01,305.55
20230130,930955,中证红利低波动100指数,红利低波100,CSI Dividend Low Volatility 100 Index,Dividend Low Volatility100,10204.48,10215.65,10103.4,10109.08,0.73,0.01,5028668820.0,393.06,100.0,6.0,2023-01-30,6.0,393.06
20230131,930955,中证红利低波动100指数,红利低波100,CSI Dividend Low Volatility 100 Index,Dividend Low Volatility100,10107.3,10139.52,10066.17,10085.68,-23.41,-0.23,4225753445.0,312.64,100.0,5.97,2023-01-31,5.97,312.64
20230201,930955,中证红利低波动100指数,红利低波100,CSI Dividend Low Volatility 100 Index,Dividend Low Volatility100,10108.81,10162.24,10082.01,10158.09,72.41,0.72,4606734327.0,332.63,100.0,5.99,2023-02-01,5.99,332.63
20230202,930955,中证红利低波动100指数,红利低波100,CSI Dividend Low Volatility 100 Index,Dividend Low Volatility100,10184.36,10184.53,10108.81,10130.32,-27.76,-0.27,4352165308.0,329.33,100.0,5.97,2023-02-02,5.97,329.33
20230203,930955,中证红利低波动100指数,红利低波100,CSI Dividend Low Volatility 100 Index,Dividend Low Volatility100,10109.82,10109.82,10012.64,10058.48,-71.85,-0.71,3976740061.0,301.45,100.0,5.92,2023-02-03,5.92,301.45
20230206,930955,中证红利低波动100指数,红利低波100,CSI Dividend Low Volatility 100 Index,Dividend Low Volatility100,10028.9,10040.36,9986.77,10008.62,-49.86,-0.5,3855171631.0,297.98,100.0,5.89,2023-02-06,5.89,297.98
20230207,930955,中证红利低波动100指数,红利低波100,CSI Dividend Low Volatility 100 Index,Dividend Low Volatility100,10028.02,10058.16,10012.52,10055.91,47.29,0.47,3281887383.0,244.27,100.0,5.92,2023-02-07,5.92,244.27
20230208,930955,中证红利低波动100指数,红利低波100,CSI Dividend Low Volatility 100 Index,Dividend Low Volatility100,10072.24,10079.5,10004.72,10011.58,-44.33,-0.44,2928141007.0,213.44,100.0,5.9,2023-02-08,5.9,213.44
20230209,930955,中证红利低波动100指数,红利低波100,CSI Dividend Low Volatility 100 Index,Dividend Low Volatility100,10005.64,10094.47,9999.32,10093.66,82.07,0.82,3473643340.0,256.86,100.0,5.94,2023-02-09,5.94,256.86
20230210,930955,中证红利低波动100指数,红利低波100,CSI Dividend Low Volatility 100 Index,Dividend Low Volatility100,10089.3,10122.39,10062.25,10104.42,10.77,0.11,3417261222.0,236.41,100.0,5.94,2023-02-10,5.94,236.41
20230213,930955,中证红利低波动100指数,红利低波100,CSI Dividend Low Volatility 100 Index,Dividend Low Volatility100,10114.81,10193.08,10078.6,10187.51,83.09,0.82,4484921709.0,337.0,100.0,5.95,2023-02-13,5.95,337.0
20230214,930955,中证红利低波动100指数,红利低波100,CSI Dividend Low Volatility 100 Index,Dividend Low Volatility100,10225.39,10262.45,10221.33,10255.83,68.32,0.67,3459537774.0,256.91,100.0,5.96,2023-02-14,5.96,256.91
20230215,930955,中证红利低波动100指数,红利低波100,CSI Dividend Low Volatility 100 Index,Dividend Low Volatility100,10275.55,10277.73,10221.3,10240.05,-15.78,-0.15,4055149594.0,283.78,100.0,5.94,2023-02-15,5.94,283.78
20230216,930955,中证红利低波动100指数,红利低波100,CSI Dividend Low Volatility 100 Index,Dividend Low Volatility100,10256.02,10346.77,10133.68,10179.2,-60.85,-0.59,5142888234.0,381.85,100.0,5.93,2023-02-16,5.93,381.85
20230217,930955,中证红利低波动100指数,红利低波100,CSI Dividend Low Volatility 100 Index,Dividend Low Volatility100,10169.21,10234.17,10143.39,10144.35,-34.85,-0.34,3734814333.0,275.93,100.0,5.9,2023-02-17,5.9,275.93
20230220,930955,中证红利低波动100指数,红利低波100,CSI Dividend Low Volatility 100 Index,Dividend Low Volatility100,10177.69,10358.16,10176.85,10355.67,211.31,2.08,5546350285.0,426.02,100.0,6.02,2023-02-20,6.02,426.02
20230221,930955,中证红利低波动100指数,红利低波100,CSI Dividend Low Volatility 100 Index,Dividend Low Volatility100,10376.17,10451.76,10369.26,10446.91,91.25,0.88,4463614354.0,352.04,100.0,6.04,2023-02-21,6.04,352.04
20230222,930955,中证红利低波动100指数,红利低波100,CSI Dividend Low Volatility 100 Index,Dividend Low Volatility100,10423.58,10471.93,10409.28,10440.07,-6.85,-0.06,3153286317.0,259.19,100.0,6.01,2023-02-22,6.01,259.19
20230223,930955,中证红利低波动100指数,红利低波100,CSI Dividend Low Volatility 100 Index,Dividend Low Volatility100,10456.9,10522.88,10418.49,10454.19,14.12,0.14,3508706300.0,284.89,100.0,6.01,2023-02-23,6.01,284.89
20230224,930955,中证红利低波动100指数,红利低波100,CSI Dividend Low Volatility 100 Index,Dividend Low Volatility100,10460.25,10462.79,10366.01,10415.83,-38.36,-0.37,3218380116.0,255.61,100.0,5.98,2023-02-24,5.98,255.61
20230227,930955,中证红利低波动100指数,红利低波100,CSI Dividend Low Volatility 100 Index,Dividend Low Volatility100,10392.74,10420.24,10341.03,10360.05,-55.78,-0.53,2786557817.0,220.77,100.0,5.95,2023-02-27,5.95,220.77
20230228,930955,中证红利低波动100指数,红利低波100,CSI Dividend Low Volatility 100 Index,Dividend Low Volatility100,10374.45,10436.49,10344.61,10430.86,70.81,0.68,3251103017.0,252.55,100.0,5.99,2023-02-28,5.99,252.55
20230301,930955,中证红利低波动100指数,红利低波100,CSI Dividend Low Volatility 100 Index,Dividend Low Volatility100,10439.87,10527.91,10425.64,10521.08,90.23,0.86,4977548903.0,383.21,100.0,6.05,2023-03-01,6.05,383.21
20230302,930955,中证红利低波动100指数,红利低波100,CSI Dividend Low Volatility 100 Index,Dividend Low Volatility100,10510.76,10606.6,10500.34,10589.27,68.18,0.65,4957537051.0,356.12,100.0,6.09,2023-03-02,6.09,356.12
20230303,930955,中证红利低波动100指数,红利低波100,CSI Dividend Low Volatility 100 Index,Dividend Low Volatility100,10603.15,10681.33,10579.64,10675.89,86.62,0.82,6639094857.0,436.99,100.0,6.18,2023-03-03,6.18,436.99
20230306,930955,中证红利低波动100指数,红利低波100,CSI Dividend Low Volatility 100 Index,Dividend Low Volatility100,10696.14,10703.46,10625.17,10636.89,-39.0,-0.37,6408909967.0,469.19,100.0,6.14,2023-03-06,6.14,469.19
20230307,930955,中证红利低波动100指数,红利低波100,CSI Dividend Low Volatility 100 Index,Dividend Low Volatility100,10639.99,10743.98,10551.13,10557.84,-79.05,-0.74,9488630823.0,615.67,100.0,6.14,2023-03-07,6.14,615.67
20230308,930955,中证红利低波动100指数,红利低波100,CSI Dividend Low Volatility 100 Index,Dividend Low Volatility100,10524.01,10563.41,10491.46,10559.33,1.49,0.01,4817698680.0,329.63,100.0,6.13,2023-03-08,6.13,329.63
20230309,930955,中证红利低波动100指数,红利低波100,CSI Dividend Low Volatility 100 Index,Dividend Low Volatility100,10573.95,10577.74,10501.72,10532.44,-26.89,-0.25,4420923745.0,310.5,100.0,6.11,2023-03-09,6.11,310.5
20230310,930955,中证红利低波动100指数,红利低波100,CSI Dividend Low Volatility 100 Index,Dividend Low Volatility100,10484.17,10494.99,10345.67,10351.14,-181.29,-1.72,4551923622.0,329.65,100.0,6.02,2023-03-10,6.02,329.65
20230313,930955,中证红利低波动100指数,红利低波100,CSI Dividend Low Volatility 100 Index,Dividend Low Volatility100,10342.16,10465.86,10340.91,10465.85,114.71,1.11,4132837569.0,294.06,100.0,6.12,2023-03-13,6.12,294.06
20230314,930955,中证红利低波动100指数,红利低波100,CSI Dividend Low Volatility 100 Index,Dividend Low Volatility100,10446.12,10470.92,10335.36,10385.99,-79.87,-0.76,4081433943.0,300.77,100.0,6.08,2023-03-14,6.08,300.77
20230315,930955,中证红利低波动100指数,红利低波100,CSI Dividend Low Volatility 100 Index,Dividend Low Volatility100,10439.29,10545.87,10411.15,10527.02,141.04,1.36,4516665638.0,309.86,100.0,6.15,2023-03-15,6.15,309.86
20230316,930955,中证红利低波动100指数,红利低波100,CSI Dividend Low Volatility 100 Index,Dividend Low Volatility100,10486.56,10561.99,10465.93,10475.22,-51.8,-0.49,5880255079.0,381.96,100.0,6.16,2023-03-16,6.16,381.96
20230317,930955,中证红利低波动100指数,红利低波100,CSI Dividend Low Volatility 100 Index,Dividend Low Volatility100,10536.44,10656.61,10536.34,10592.22,117.0,1.12,5862447331.0,412.59,100.0,6.24,2023-03-17,6.24,412.59
20230320,930955,中证红利低波动100指数,红利低波100,CSI Dividend Low Volatility 100 Index,Dividend Low Volatility100,10626.71,10715.94,10573.93,10582.47,-9.75,-0.09,6512857980.0,465.78,100.0,6.24,2023-03-20,6.24,465.78
20230321,930955,中证红利低波动100指数,红利低波100,CSI Dividend Low Volatility 100 Index,Dividend Low Volatility100,10602.11,10635.06,10543.79,10571.69,-10.78,-0.1,4753422265.0,334.72,100.0,6.19,2023-03-21,6.19,334.72
20230322,930955,中证红利低波动100指数,红利低波100,CSI Dividend Low Volatility 100 Index,Dividend Low Volatility100,10597.09,10653.97,10576.74,10646.56,74.86,0.71,4103296803.0,310.78,100.0,6.26,2023-03-22,6.26,310.78
20230323,930955,中证红利低波动100指数,红利低波100,CSI Dividend Low Volatility 100 Index,Dividend Low Volatility100,10636.35,10685.18,10600.4,10684.38,37.82,0.36,4223109857.0,340.19,100.0,6.29,2023-03-23,6.29,340.19
20230324,930955,中证红利低波动100指数,红利低波100,CSI Dividend Low Volatility 100 Index,Dividend Low Volatility100,10687.89,10687.89,10611.35,10627.22,-57.16,-0.53,4305361331.0,332.42,100.0,6.23,2023-03-24,6.23,332.42
20230327,930955,中证红利低波动100指数,红利低波100,CSI Dividend Low Volatility 100 Index,Dividend Low Volatility100,10610.7,10610.7,10473.64,10530.13,-97.08,-0.91,4869348113.0,365.3,100.0,6.16,2023-03-27,6.16,365.3
20230328,930955,中证红利低波动100指数,红利低波100,CSI Dividend Low Volatility 100 Index,Dividend Low Volatility100,10547.4,10581.49,10506.74,10539.62,9.48,0.09,3644825646.0,282.92,100.0,6.19,2023-03-28,6.19,282.92
20230329,930955,中证红利低波动100指数,红利低波100,CSI Dividend Low Volatility 100 Index,Dividend Low Volatility100,10558.13,10565.34,10465.85,10481.84,-57.78,-0.55,3700571215.0,302.98,100.0,6.17,2023-03-29,6.17,302.98
20230330,930955,中证红利低波动100指数,红利低波100,CSI Dividend Low Volatility 100 Index,Dividend Low Volatility100,10499.05,10544.52,10410.81,10514.48,32.64,0.31,4520935203.0,352.57,100.0,6.25,2023-03-30,6.25,352.57
20230331,930955,中证红利低波动100指数,红利低波100,CSI Dividend Low Volatility 100 Index,Dividend Low Volatility100,10520.12,10586.8,10509.73,10550.99,36.51,0.35,3996341899.0,305.12,100.0,6.24,2023-03-31,6.24,305.12
20230403,930955,中证红利低波动100指数,红利低波100,CSI Dividend Low Volatility 100 Index,Dividend Low Volatility100,10558.77,10636.5,10552.88,10621.56,70.57,0.67,4698519371.0,363.04,100.0,6.26,2023-04-03,6.26,363.04
20230404,930955,中证红利低波动100指数,红利低波100,CSI Dividend Low Volatility 100 Index,Dividend Low Volatility100,10623.92,10713.54,10608.8,10713.54,91.98,0.86,5351603715.0,404.2,100.0,6.35,2023-04-04,6.35,404.2
20230406,930955,中证红利低波动100指数,红利低波100,CSI Dividend Low Volatility 100 Index,Dividend Low Volatility100,10709.0,10709.0,10656.6,10673.7,-39.84,-0.37,3732969856.0,301.87,100.0,6.36,2023-04-06,6.36,301.87
20230407,930955,中证红利低波动100指数,红利低波100,CSI Dividend Low Volatility 100 Index,Dividend Low Volatility100,10682.9,10682.9,10642.65,10662.55,-11.15,-0.1,2879868767.0,232.98,100.0,6.34,2023-04-07,6.34,232.98
20230410,930955,中证红利低波动100指数,红利低波100,CSI Dividend Low Volatility 100 Index,Dividend Low Volatility100,10677.28,10705.1,10649.53,10657.9,-4.64,-0.04,4022139409.0,311.11,100.0,6.38,2023-04-10,6.38,311.11
20230411,930955,中证红利低波动100指数,红利低波100,CSI Dividend Low Volatility 100 Index,Dividend Low Volatility100,10666.27,10728.18,10642.67,10727.9,70.0,0.66,4071244041.0,335.31,100.0,6.42,2023-04-11,6.42,335.31
20230412,930955,中证红利低波动100指数,红利低波100,CSI Dividend Low Volatility 100 Index,Dividend Low Volatility100,10741.28,10872.81,10732.92,10866.83,138.93,1.29,5036416979.0,366.09,100.0,6.51,2023-04-12,6.51,366.09
20230413,930955,中证红利低波动100指数,红利低波100,CSI Dividend Low Volatility 100 Index,Dividend Low Volatility100,10862.72,10905.64,10841.6,10869.82,2.99,0.03,4955506253.0,377.51,100.0,6.51,2023-04-13,6.51,377.51
20230414,930955,中证红利低波动100指数,红利低波100,CSI Dividend Low Volatility 100 Index,Dividend Low Volatility100,10883.41,10896.78,10796.88,10845.69,-24.13,-0.22,3957701957.0,309.38,100.0,6.53,2023-04-14,6.53,309.38
20230417,930955,中证红利低波动100指数,红利低波100,CSI Dividend Low Volatility 100 Index,Dividend Low Volatility100,10832.12,10975.73,10817.8,10975.4,129.72,1.2,6478517522.0,513.48,100.0,6.69,2023-04-17,6.69,513.48
20230418,930955,中证红利低波动100指数,红利低波100,CSI Dividend Low Volatility 100 Index,Dividend Low Volatility100,10975.44,11040.11,10952.18,11025.93,50.53,0.46,6059110967.0,493.21,100.0,6.75,2023-04-18,6.75,493.21
20230419,930955,中证红利低波动100指数,红利低波100,CSI Dividend Low Volatility 100 Index,Dividend Low Volatility100,11030.11,11089.94,11005.07,11022.53,-3.39,-0.03,5403771493.0,422.69,100.0,6.72,2023-04-19,6.72,422.69
20230420,930955,中证红利低波动100指数,红利低波100,CSI Dividend Low Volatility 100 Index,Dividend Low Volatility100,11019.69,11106.6,10979.92,11104.11,81.57,0.74,5601957781.0,456.16,100.0,6.77,2023-04-20,6.77,456.16
20230421,930955,中证红利低波动100指数,红利低波100,CSI Dividend Low Volatility 100 Index,Dividend Low Volatility100,11109.3,11179.91,10950.71,10953.38,-150.73,-1.36,5850807816.0,475.29,100.0,6.69,2023-04-21,6.69,475.29
20230424,930955,中证红利低波动100指数,红利低波100,CSI Dividend Low Volatility 100 Index,Dividend Low Volatility100,10985.07,11078.93,10954.95,10992.53,39.15,0.36,5606605092.0,433.91,100.0,6.7,2023-04-24,6.7,433.91
20230425,930955,中证红利低波动100指数,红利低波100,CSI Dividend Low Volatility 100 Index,Dividend Low Volatility100,11012.64,11093.24,10912.88,11058.37,65.85,0.6,6608203451.0,492.11,100.0,6.8,2023-04-25,6.8,492.11
20230426,930955,中证红利低波动100指数,红利低波100,CSI Dividend Low Volatility 100 Index,Dividend Low Volatility100,11017.53,11059.89,10882.38,11011.17,-47.2,-0.43,6173931459.0,457.61,100.0,6.73,2023-04-26,6.73,457.61
20230427,930955,中证红利低波动100指数,红利低波100,CSI Dividend Low Volatility 100 Index,Dividend Low Volatility100,10990.38,11101.38,10968.35,11063.78,52.61,0.48,5429280365.0,539.46,100.0,6.79,2023-04-27,6.79,539.46
20230428,930955,中证红利低波动100指数,红利低波100,CSI Dividend Low Volatility 100 Index,Dividend Low Volatility100,11040.99,11247.62,11040.74,11241.49,177.71,1.61,6506847227.0,602.13,100.0,6.87,2023-04-28,6.87,602.13
20230504,930955,中证红利低波动100指数,红利低波100,CSI Dividend Low Volatility 100 Index,Dividend Low Volatility100,11201.32,11533.65,11199.64,11531.48,289.99,2.58,11009427200.0,882.28,100.0,7.03,2023-05-04,7.03,882.28
20230505,930955,中证红利低波动100指数,红利低波100,CSI Dividend Low Volatility 100 Index,Dividend Low Volatility100,11550.62,11675.16,11472.2,11550.31,18.84,0.16,9951319506.0,763.21,100.0,7.06,2023-05-05,7.06,763.21
20230508,930955,中证红利低波动100指数,红利低波100,CSI Dividend Low Volatility 100 Index,Dividend Low Volatility100,11547.81,11835.91,11529.9,11783.6,233.29,2.02,13775805216.0,1002.87,100.0,7.38,2023-05-08,7.38,1002.87
20230509,930955,中证红利低波动100指数,红利低波100,CSI Dividend Low Volatility 100 Index,Dividend Low Volatility100,11816.26,11940.71,11680.66,11689.02,-94.59,-0.8,14369497784.0,1059.05,100.0,7.29,2023-05-09,7.29,1059.05
20230510,930955,中证红利低波动100指数,红利低波100,CSI Dividend Low Volatility 100 Index,Dividend Low Volatility100,11648.02,11676.16,11404.28,11456.22,-232.8,-1.99,10790286127.0,744.73,100.0,7.04,2023-05-10,7.04,744.73
20230511,930955,中证红利低波动100指数,红利低波100,CSI Dividend Low Volatility 100 Index,Dividend Low Volatility100,11477.27,11542.7,11416.6,11452.62,-3.6,-0.03,6570583467.0,467.19,100.0,6.99,2023-05-11,6.99,467.19
20230512,930955,中证红利低波动100指数,红利低波100,CSI Dividend Low Volatility 100 Index,Dividend Low Volatility100,11432.46,11536.83,11366.59,11378.01,-74.6,-0.65,6051232306.0,445.41,100.0,6.92,2023-05-12,6.92,445.41
20230515,930955,中证红利低波动100指数,红利低波100,CSI Dividend Low Volatility 100 Index,Dividend Low Volatility100,11373.49,11379.81,11108.04,11371.09,-6.93,-0.06,7888981452.0,563.92,100.0,6.98,2023-05-15,6.98,563.92
20230516,930955,中证红利低波动100指数,红利低波100,CSI Dividend Low Volatility 100 Index,Dividend Low Volatility100,11367.93,11403.44,11249.44,11278.41,-92.67,-0.81,5832995285.0,424.97,100.0,6.96,2023-05-16,6.96,424.97
20230517,930955,中证红利低波动100指数,红利低波100,CSI Dividend Low Volatility 100 Index,Dividend Low Volatility100,11252.14,11317.35,11183.53,11255.8,-22.62,-0.2,4347638178.0,338.55,100.0,6.93,2023-05-17,6.93,338.55
20230518,930955,中证红利低波动100指数,红利低波100,CSI Dividend Low Volatility 100 Index,Dividend Low Volatility100,11276.29,11397.59,11267.5,11317.46,61.66,0.55,5764604267.0,433.87,100.0,7.04,2023-05-18,7.04,433.87
20230519,930955,中证红利低波动100指数,红利低波100,CSI Dividend Low Volatility 100 Index,Dividend Low Volatility100,11302.06,11302.06,11141.91,11158.48,-158.98,-1.4,4642934001.0,354.3,100.0,6.93,2023-05-19,6.93,354.3
20230522,930955,中证红利低波动100指数,红利低波100,CSI Dividend Low Volatility 100 Index,Dividend Low Volatility100,11125.77,11183.69,11070.0,11112.31,-46.17,-0.41,4230217925.0,329.13,100.0,6.93,2023-05-22,6.93,329.13
20230523,930955,中证红利低波动100指数,红利低波100,CSI Dividend Low Volatility 100 Index,Dividend Low Volatility100,11113.82,11129.35,10948.19,10948.19,-164.12,-1.48,4762630493.0,337.5,100.0,6.79,2023-05-23,6.79,337.5
20230524,930955,中证红利低波动100指数,红利低波100,CSI Dividend Low Volatility 100 Index,Dividend Low Volatility100,10926.25,10926.25,10779.17,10784.42,-163.77,-1.49,6032936106.0,405.68,100.0,6.63,2023-05-24,6.63,405.68
20230525,930955,中证红利低波动100指数,红利低波100,CSI Dividend Low Volatility 100 Index,Dividend Low Volatility100,10772.46,10816.45,10671.39,10782.75,-1.67,-0.01,4665941672.0,348.25,100.0,6.64,2023-05-25,6.64,348.25
20230526,930955,中证红利低波动100指数,红利低波100,CSI Dividend Low Volatility 100 Index,Dividend Low Volatility100,10773.85,10905.87,10746.49,10879.4,96.65,0.9,3431479632.0,262.92,100.0,6.69,2023-05-26,6.69,262.92
20230529,930955,中证红利低波动100指数,红利低波100,CSI Dividend Low Volatility 100 Index,Dividend Low Volatility100,10874.07,11035.15,10874.07,10982.58,103.18,0.95,4710170566.0,362.77,100.0,6.82,2023-05-29,6.82,362.77
20230530,930955,中证红利低波动100指数,红利低波100,CSI Dividend Low Volatility 100 Index,Dividend Low Volatility100,10955.76,11031.68,10878.19,10992.68,10.1,0.09,4622160830.0,366.97,100.0,6.8,2023-05-30,6.8,366.97
20230531,930955,中证红利低波动100指数,红利低波100,CSI Dividend Low Volatility 100 Index,Dividend Low Volatility100,10962.62,11005.03,10920.26,10962.4,-30.28,-0.27,4046933634.0,333.42,100.0,6.76,2023-05-31,6.76,333.42
20230601,930955,中证红利低波动100指数,红利低波100,CSI Dividend Low Volatility 100 Index,Dividend Low Volatility100,10937.41,11045.68,10891.32,10960.92,-1.48,-0.01,4326721807.0,331.16,100.0,6.76,2023-06-01,6.76,331.16
20230602,930955,中证红利低波动100指数,红利低波100,CSI Dividend Low Volatility 100 Index,Dividend Low Volatility100,10977.68,11019.49,10948.9,10976.41,15.49,0.14,3739476915.0,311.43,100.0,6.79,2023-06-02,6.79,311.43
20230605,930955,中证红利低波动100指数,红利低波100,CSI Dividend Low Volatility 100 Index,Dividend Low Volatility100,10981.77,11071.67,10958.08,11043.53,67.12,0.61,3771018259.0,283.13,100.0,6.86,2023-06-05,6.86,283.13
20230606,930955,中证红利低波动100指数,红利低波100,CSI Dividend Low Volatility 100 Index,Dividend Low Volatility100,11023.12,11094.9,10902.43,10922.09,-121.44,-1.1,4063874492.0,311.88,100.0,6.83,2023-06-06,6.83,311.88
20230607,930955,中证红利低波动100指数,红利低波100,CSI Dividend Low Volatility 100 Index,Dividend Low Volatility100,10930.78,11044.12,10929.01,11028.64,106.55,0.97,3316279547.0,247.67,100.0,6.87,2023-06-07,6.87,247.67
20230608,930955,中证红利低波动100指数,红利低波100,CSI Dividend Low Volatility 100 Index,Dividend Low Volatility100,11026.34,11141.4,10955.67,11127.86,99.23,0.9,4606668167.0,338.86,100.0,6.99,2023-06-08,6.99,338.86
20230609,930955,中证红利低波动100指数,红利低波100,CSI Dividend Low Volatility 100 Index,Dividend Low Volatility100,11133.25,11163.35,11083.96,11126.75,-1.11,-0.01,4338281654.0,346.14,100.0,7.0,2023-06-09,7.0,346.14
20230612,930955,中证红利低波动100指数,红利低波100,CSI Dividend Low Volatility 100 Index,Dividend Low Volatility100,11119.66,11120.76,11036.38,11045.19,-81.57,-0.73,4574300682.0,293.56,100.0,6.69,2023-06-12,6.69,293.56
20230613,930955,中证红利低波动100指数,红利低波100,CSI Dividend Low Volatility 100 Index,Dividend Low Volatility100,11025.76,11059.36,10980.69,11005.33,-39.85,-0.36,3315493336.0,213.27,100.0,6.68,2023-06-13,6.68,213.27
20230614,930955,中证红利低波动100指数,红利低波100,CSI Dividend Low Volatility 100 Index,Dividend Low Volatility100,11002.98,11040.04,10925.75,10925.75,-79.58,-0.72,4405201849.0,280.48,100.0,6.6,2023-06-14,6.6,280.48
20230615,930955,中证红利低波动100指数,红利低波100,CSI Dividend Low Volatility 100 Index,Dividend Low Volatility100,10939.75,10958.21,10884.9,10939.24,13.49,0.12,3423959211.0,229.06,100.0,6.62,2023-06-15,6.62,229.06
20230616,930955,中证红利低波动100指数,红利低波100,CSI Dividend Low Volatility 100 Index,Dividend Low Volatility100,10940.13,10971.58,10918.75,10925.45,-13.79,-0.13,3896349884.0,264.6,100.0,6.59,2023-06-16,6.59,264.6
20230619,930955,中证红利低波动100指数,红利低波100,CSI Dividend Low Volatility 100 Index,Dividend Low Volatility100,10918.67,10919.74,10791.82,10792.0,-133.45,-1.22,4143787251.0,253.7,100.0,6.51,2023-06-19,6.51,253.7
20230620,930955,中证红利低波动100指数,红利低波100,CSI Dividend Low Volatility 100 Index,Dividend Low Volatility100,10788.24,10790.25,10713.22,10713.22,-78.77,-0.73,3279017539.0,205.24,100.0,6.47,2023-06-20,6.47,205.24
20230621,930955,中证红利低波动100指数,红利低波100,CSI Dividend Low Volatility 100 Index,Dividend Low Volatility100,10688.41,10728.39,10622.1,10622.1,-91.12,-0.85,3591784015.0,217.18,100.0,6.45,2023-06-21,6.45,217.18
20230626,930955,中证红利低波动100指数,红利低波100,CSI Dividend Low Volatility 100 Index,Dividend Low Volatility100,10581.35,10581.35,10448.89,10466.01,-156.09,-1.47,4197061582.0,255.12,100.0,6.35,2023-06-26,6.35,255.12
20230627,930955,中证红利低波动100指数,红利低波100,CSI Dividend Low Volatility 100 Index,Dividend Low Volatility100,10483.04,10661.6,10482.68,10640.43,174.42,1.67,3610723949.0,218.97,100.0,6.44,2023-06-27,6.44,218.97
20230628,930955,中证红利低波动100指数,红利低波100,CSI Dividend Low Volatility 100 Index,Dividend Low Volatility100,10627.98,10668.19,10573.14,10665.11,24.68,0.23,3031762956.0,189.98,100.0,6.45,2023-06-28,6.45,189.98
20230629,930955,中证红利低波动100指数,红利低波100,CSI Dividend Low Volatility 100 Index,Dividend Low Volatility100,10638.05,10670.16,10613.79,10637.12,-27.99,-0.26,2964418703.0,181.79,100.0,6.42,2023-06-29,6.42,181.79
20230630,930955,中证红利低波动100指数,红利低波100,CSI Dividend Low Volatility 100 Index,Dividend Low Volatility100,10633.2,10717.28,10626.31,10687.35,50.22,0.47,3238145077.0,194.31,100.0,6.46,2023-06-30,6.46,194.31
20230703,930955,中证红利低波动100指数,红利低波100,CSI Dividend Low Volatility 100 Index,Dividend Low Volatility100,10717.77,10820.57,10717.51,10807.15,119.8,1.12,4045944286.0,250.63,100.0,6.55,2023-07-03,6.55,250.63
20230704,930955,中证红利低波动100指数,红利低波100,CSI Dividend Low Volatility 100 Index,Dividend Low Volatility100,10800.85,10805.46,10719.72,10755.11,-52.04,-0.48,3126433695.0,191.97,100.0,6.5,2023-07-04,6.5,191.97
20230705,930955,中证红利低波动100指数,红利低波100,CSI Dividend Low Volatility 100 Index,Dividend Low Volatility100,10750.73,10790.47,10727.26,10741.47,-13.64,-0.13,2467749170.0,156.27,100.0,6.48,2023-07-05,6.48,156.27
20230706,930955,中证红利低波动100指数,红利低波100,CSI Dividend Low Volatility 100 Index,Dividend Low Volatility100,10708.73,10746.79,10656.57,10669.5,-71.97,-0.67,3095943392.0,184.3,100.0,6.44,2023-07-06,6.44,184.3
20230707,930955,中证红利低波动100指数,红利低波100,CSI Dividend Low Volatility 100 Index,Dividend Low Volatility100,10650.46,10747.01,10636.37,10715.19,45.69,0.43,3032335124.0,182.92,100.0,6.46,2023-07-07,6.46,182.92
20230710,930955,中证红利低波动100指数,红利低波100,CSI Dividend Low Volatility 100 Index,Dividend Low Volatility100,10737.86,10768.31,10704.82,10748.06,32.87,0.31,2668182590.0,171.96,100.0,6.45,2023-07-10,6.45,171.96
20230711,930955,中证红利低波动100指数,红利低波100,CSI Dividend Low Volatility 100 Index,Dividend Low Volatility100,10762.78,10796.31,10727.32,10791.83,43.78,0.41,2610251132.0,165.39,100.0,6.49,2023-07-11,6.49,165.39
20230712,930955,中证红利低波动100指数,红利低波100,CSI Dividend Low Volatility 100 Index,Dividend Low Volatility100,10784.11,10801.83,10704.01,10711.21,-80.63,-0.75,2933797087.0,181.0,100.0,6.47,2023-07-12,6.47,181.0
20230713,930955,中证红利低波动100指数,红利低波100,CSI Dividend Low Volatility 100 Index,Dividend Low Volatility100,10718.81,10816.38,10718.81,10808.37,97.17,0.91,3386218502.0,224.7,100.0,6.55,2023-07-13,6.55,224.7
20230714,930955,中证红利低波动100指数,红利低波100,CSI Dividend Low Volatility 100 Index,Dividend Low Volatility100,10811.17,10854.38,10790.35,10812.81,4.44,0.04,3580745216.0,228.22,100.0,6.55,2023-07-14,6.55,228.22
20230717,930955,中证红利低波动100指数,红利低波100,CSI Dividend Low Volatility 100 Index,Dividend Low Volatility100,10777.68,10792.17,10731.26,10791.89,-20.92,-0.19,3039373217.0,182.32,100.0,6.45,2023-07-17,6.45,182.32
20230718,930955,中证红利低波动100指数,红利低波100,CSI Dividend Low Volatility 100 Index,Dividend Low Volatility100,10790.56,10819.95,10742.43,10792.63,0.74,0.01,2905565835.0,176.8,100.0,6.38,2023-07-18,6.38,176.8
20230719,930955,中证红利低波动100指数,红利低波100,CSI Dividend Low Volatility 100 Index,Dividend Low Volatility100,10778.62,10845.36,10774.93,10844.86,52.23,0.48,2744285699.0,173.83,100.0,6.4,2023-07-19,6.4,173.83
20230720,930955,中证红利低波动100指数,红利低波100,CSI Dividend Low Volatility 100 Index,Dividend Low Volatility100,10839.3,10866.86,10771.41,10780.7,-64.16,-0.59,2813103979.0,180.65,100.0,6.37,2023-07-20,6.37,180.65
20230721,930955,中证红利低波动100指数,红利低波100,CSI Dividend Low Volatility 100 Index,Dividend Low Volatility100,10759.96,10817.44,10754.21,10797.32,16.62,0.15,2448375931.0,158.6,100.0,6.35,2023-07-21,6.35,158.6
20230724,930955,中证红利低波动100指数,红利低波100,CSI Dividend Low Volatility 100 Index,Dividend Low Volatility100,10795.22,10844.95,10761.55,10820.52,23.19,0.21,2266850834.0,140.65,100.0,6.35,2023-07-24,6.35,140.65
20230725,930955,中证红利低波动100指数,红利低波100,CSI Dividend Low Volatility 100 Index,Dividend Low Volatility100,10883.07,10986.07,10883.07,10980.94,160.43,1.48,4745371132.0,341.98,100.0,6.45,2023-07-25,6.45,341.98
20230726,930955,中证红利低波动100指数,红利低波100,CSI Dividend Low Volatility 100 Index,Dividend Low Volatility100,10977.94,11019.59,10963.06,11017.91,36.97,0.34,3229482086.0,213.22,100.0,6.44,2023-07-26,6.44,213.22
20230727,930955,中证红利低波动100指数,红利低波100,CSI Dividend Low Volatility 100 Index,Dividend Low Volatility100,11010.64,11138.52,11002.97,11060.89,42.97,0.39,4300428649.0,263.96,100.0,6.47,2023-07-27,6.47,263.96
20230728,930955,中证红利低波动100指数,红利低波100,CSI Dividend Low Volatility 100 Index,Dividend Low Volatility100,11034.88,11296.68,11034.45,11284.23,223.35,2.02,6415879424.0,436.64,100.0,6.61,2023-07-28,6.61,436.64
20230731,930955,中证红利低波动100指数,红利低波100,CSI Dividend Low Volatility 100 Index,Dividend Low Volatility100,11322.04,11432.28,11322.04,11381.08,96.84,0.86,7155637450.0,472.43,100.0,6.63,2023-07-31,6.63,472.43
20230801,930955,中证红利低波动100指数,红利低波100,CSI Dividend Low Volatility 100 Index,Dividend Low Volatility100,11366.29,11453.18,11337.4,11399.88,18.8,0.16,5168467480.0,323.46,100.0,6.64,2023-08-01,6.64,323.46
20230802,930955,中证红利低波动100指数,红利低波100,CSI Dividend Low Volatility 100 Index,Dividend Low Volatility100,11371.01,11404.13,11306.36,11334.56,-65.32,-0.57,5214507074.0,312.61,100.0,6.52,2023-08-02,6.52,312.61
20230803,930955,中证红利低波动100指数,红利低波100,CSI Dividend Low Volatility 100 Index,Dividend Low Volatility100,11319.23,11401.21,11268.46,11393.09,58.53,0.52,4508147054.0,291.63,100.0,6.57,2023-08-03,6.57,291.63
20230804,930955,中证红利低波动100指数,红利低波100,CSI Dividend Low Volatility 100 Index,Dividend Low Volatility100,11445.0,11509.1,11384.47,11389.77,-3.32,-0.03,5708438069.0,399.71,100.0,6.59,2023-08-04,6.59,399.71
20230807,930955,中证红利低波动100指数,红利低波100,CSI Dividend Low Volatility 100 Index,Dividend Low Volatility100,11360.91,11360.91,11257.39,11287.23,-102.54,-0.9,4175800763.0,279.14,100.0,6.56,2023-08-07,6.56,279.14
20230808,930955,中证红利低波动100指数,红利低波100,CSI Dividend Low Volatility 100 Index,Dividend Low Volatility100,11277.12,11313.72,11218.03,11270.2,-17.03,-0.15,3237978673.0,230.68,100.0,6.54,2023-08-08,6.54,230.68
20230809,930955,中证红利低波动100指数,红利低波100,CSI Dividend Low Volatility 100 Index,Dividend Low Volatility100,11260.62,11275.6,11218.63,11236.15,-34.04,-0.3,2965378956.0,201.75,100.0,6.54,2023-08-09,6.54,201.75
20230810,930955,中证红利低波动100指数,红利低波100,CSI Dividend Low Volatility 100 Index,Dividend Low Volatility100,11227.47,11276.27,11206.32,11259.9,23.75,0.21,2785845517.0,198.71,100.0,6.55,2023-08-10,6.55,198.71
20230811,930955,中证红利低波动100指数,红利低波100,CSI Dividend Low Volatility 100 Index,Dividend Low Volatility100,11262.88,11262.88,11060.49,11060.49,-199.41,-1.77,3972592739.0,263.75,100.0,6.42,2023-08-11,6.42,263.75
20230814,930955,中证红利低波动100指数,红利低波100,CSI Dividend Low Volatility 100 Index,Dividend Low Volatility100,10985.87,11078.96,10926.98,11052.01,-8.48,-0.08,3691978343.0,245.8,100.0,6.38,2023-08-14,6.38,245.8
20230815,930955,中证红利低波动100指数,红利低波100,CSI Dividend Low Volatility 100 Index,Dividend Low Volatility100,11059.37,11138.92,11024.62,11126.12,74.1,0.67,3811737430.0,236.91,100.0,6.47,2023-08-15,6.47,236.91
20230816,930955,中证红利低波动100指数,红利低波100,CSI Dividend Low Volatility 100 Index,Dividend Low Volatility100,11105.79,11194.49,11049.67,11136.15,10.04,0.09,3108144485.0,204.38,100.0,6.45,2023-08-16,6.45,204.38
20230817,930955,中证红利低波动100指数,红利低波100,CSI Dividend Low Volatility 100 Index,Dividend Low Volatility100,11101.03,11146.39,11038.27,11130.76,-5.39,-0.05,3551386758.0,228.07,100.0,6.43,2023-08-17,6.43,228.07
20230818,930955,中证红利低波动100指数,红利低波100,CSI Dividend Low Volatility 100 Index,Dividend Low Volatility100,11120.65,11219.05,11082.04,11082.04,-48.72,-0.44,3774522444.0,232.82,100.0,6.43,2023-08-18,6.43,232.82
20230821,930955,中证红利低波动100指数,红利低波100,CSI Dividend Low Volatility 100 Index,Dividend Low Volatility100,11080.86,11127.89,10967.12,10967.12,-114.92,-1.04,3748475354.0,249.08,100.0,6.34,2023-08-21,6.34,249.08
20230822,930955,中证红利低波动100指数,红利低波100,CSI Dividend Low Volatility 100 Index,Dividend Low Volatility100,10991.53,11043.11,10920.71,11021.18,54.07,0.49,3908857463.0,247.99,100.0,6.42,2023-08-22,6.42,247.99
20230823,930955,中证红利低波动100指数,红利低波100,CSI Dividend Low Volatility 100 Index,Dividend Low Volatility100,11025.89,11071.52,10952.46,10960.5,-60.69,-0.55,3510430014.0,215.7,100.0,6.41,2023-08-23,6.41,215.7
20230824,930955,中证红利低波动100指数,红利低波100,CSI Dividend Low Volatility 100 Index,Dividend Low Volatility100,10978.96,11015.93,10883.18,10883.18,-77.32,-0.7,3692778603.0,227.79,100.0,6.36,2023-08-24,6.36,227.79
20230825,930955,中证红利低波动100指数,红利低波100,CSI Dividend Low Volatility 100 Index,Dividend Low Volatility100,10876.85,11027.75,10855.75,10935.4,52.22,0.48,3829124593.0,227.77,100.0,6.41,2023-08-25,6.41,227.77
20230828,930955,中证红利低波动100指数,红利低波100,CSI Dividend Low Volatility 100 Index,Dividend Low Volatility100,11410.95,11429.46,11059.51,11087.61,152.21,1.39,7152767553.0,500.39,100.0,6.49,2023-08-28,6.49,500.39
20230829,930955,中证红利低波动100指数,红利低波100,CSI Dividend Low Volatility 100 Index,Dividend Low Volatility100,11067.4,11113.06,10964.53,11045.57,-42.04,-0.38,6014954562.0,381.9,100.0,6.42,2023-08-29,6.42,381.9
20230830,930955,中证红利低波动100指数,红利低波100,CSI Dividend Low Volatility 100 Index,Dividend Low Volatility100,11040.64,11072.57,10928.82,10931.81,-113.77,-1.03,4720424685.0,295.83,100.0,6.38,2023-08-30,6.38,295.83
20230831,930955,中证红利低波动100指数,红利低波100,CSI Dividend Low Volatility 100 Index,Dividend Low Volatility100,10937.46,11002.4,10852.14,10860.26,-71.55,-0.65,4489796437.0,292.9,100.0,6.36,2023-08-31,6.36,292.9
20230901,930955,中证红利低波动100指数,红利低波100,CSI Dividend Low Volatility 100 Index,Dividend Low Volatility100,10876.7,10984.16,10876.7,10962.52,102.26,0.94,3862038119.0,253.05,100.0,6.37,2023-09-01,6.37,253.05
20230904,930955,中证红利低波动100指数,红利低波100,CSI Dividend Low Volatility 100 Index,Dividend Low Volatility100,10994.49,11164.82,10994.49,11138.86,176.34,1.61,5417690718.0,356.67,100.0,6.45,2023-09-04,6.45,356.67
20230905,930955,中证红利低波动100指数,红利低波100,CSI Dividend Low Volatility 100 Index,Dividend Low Volatility100,11123.97,11123.97,11024.06,11039.19,-99.66,-0.89,3746332642.0,250.73,100.0,6.41,2023-09-05,6.41,250.73
20230906,930955,中证红利低波动100指数,红利低波100,CSI Dividend Low Volatility 100 Index,Dividend Low Volatility100,11021.44,11021.44,10946.73,10987.42,-51.77,-0.47,2920031891.0,188.43,100.0,6.41,2023-09-06,6.41,188.43
20230907,930955,中证红利低波动100指数,红利低波100,CSI Dividend Low Volatility 100 Index,Dividend Low Volatility100,10983.45,11004.97,10903.76,10912.45,-74.97,-0.68,3557539623.0,219.13,100.0,6.39,2023-09-07,6.39,219.13
20230908,930955,中证红利低波动100指数,红利低波100,CSI Dividend Low Volatility 100 Index,Dividend Low Volatility100,10898.12,10898.12,10802.64,10819.19,-93.26,-0.85,2591157431.0,161.48,100.0,6.36,2023-09-08,6.36,161.48
20230911,930955,中证红利低波动100指数,红利低波100,CSI Dividend Low Volatility 100 Index,Dividend Low Volatility100,10828.85,10931.48,10824.11,10909.97,90.77,0.84,3655483135.0,232.46,100.0,6.34,2023-09-11,6.34,232.46
20230912,930955,中证红利低波动100指数,红利低波100,CSI Dividend Low Volatility 100 Index,Dividend Low Volatility100,10904.7,10937.63,10893.72,10914.41,4.44,0.04,2506399242.0,162.16,100.0,6.35,2023-09-12,6.35,162.16
20230913,930955,中证红利低波动100指数,红利低波100,CSI Dividend Low Volatility 100 Index,Dividend Low Volatility100,10920.68,10967.17,10857.21,10893.78,-20.63,-0.19,2908571868.0,187.4,100.0,6.36,2023-09-13,6.36,187.4
20230914,930955,中证红利低波动100指数,红利低波100,CSI Dividend Low Volatility 100 Index,Dividend Low Volatility100,10901.41,10973.35,10882.9,10966.96,73.17,0.67,4152163057.0,256.35,100.0,6.43,2023-09-14,6.43,256.35
20230915,930955,中证红利低波动100指数,红利低波100,CSI Dividend Low Volatility 100 Index,Dividend Low Volatility100,10985.52,11028.37,10918.32,10950.3,-16.65,-0.15,4247114049.0,259.59,100.0,6.37,2023-09-15,6.37,259.59
20230918,930955,中证红利低波动100指数,红利低波100,CSI Dividend Low Volatility 100 Index,Dividend Low Volatility100,10946.78,10976.03,10886.81,10964.61,14.31,0.13,3255289956.0,198.55,100.0,6.38,2023-09-18,6.38,198.55
20230919,930955,中证红利低波动100指数,红利低波100,CSI Dividend Low Volatility 100 Index,Dividend Low Volatility100,10956.7,11029.02,10947.36,11018.08,53.47,0.49,3657921986.0,220.92,100.0,6.43,2023-09-19,6.43,220.92
20230920,930955,中证红利低波动100指数,红利低波100,CSI Dividend Low Volatility 100 Index,Dividend Low Volatility100,11011.7,11056.74,10975.07,11023.49,5.41,0.05,3420675115.0,202.09,100.0,6.46,2023-09-20,6.46,202.09
20230921,930955,中证红利低波动100指数,红利低波100,CSI Dividend Low Volatility 100 Index,Dividend Low Volatility100,11016.56,11028.05,10935.68,10936.0,-87.49,-0.79,3209420742.0,194.63,100.0,6.42,2023-09-21,6.42,194.63
20230922,930955,中证红利低波动100指数,红利低波100,CSI Dividend Low Volatility 100 Index,Dividend Low Volatility100,10938.85,10998.64,10906.13,10990.71,54.7,0.5,3907877434.0,241.62,100.0,6.47,2023-09-22,6.47,241.62
20230925,930955,中证红利低波动100指数,红利低波100,CSI Dividend Low Volatility 100 Index,Dividend Low Volatility100,10987.97,11026.88,10956.23,10968.01,-22.7,-0.21,3493427967.0,216.8,100.0,6.47,2023-09-25,6.47,216.8
20230926,930955,中证红利低波动100指数,红利低波100,CSI Dividend Low Volatility 100 Index,Dividend Low Volatility100,10970.61,10984.6,10911.27,10911.27,-56.74,-0.52,2601267820.0,159.77,100.0,6.45,2023-09-26,6.45,159.77
20230927,930955,中证红利低波动100指数,红利低波100,CSI Dividend Low Volatility 100 Index,Dividend Low Volatility100,10918.54,10943.23,10868.27,10868.27,-43.0,-0.39,3136570570.0,187.59,100.0,6.4,2023-09-27,6.4,187.59
20230928,930955,中证红利低波动100指数,红利低波100,CSI Dividend Low Volatility 100 Index,Dividend Low Volatility100,10889.6,10918.19,10875.33,10880.91,12.64,0.12,2810211406.0,175.13,100.0,6.42,2023-09-28,6.42,175.13
20231009,930955,中证红利低波动100指数,红利低波100,CSI Dividend Low Volatility 100 Index,Dividend Low Volatility100,10857.32,10859.45,10770.74,10843.55,-37.36,-0.34,3626765004.0,219.97,100.0,6.42,2023-10-09,6.42,219.97
20231010,930955,中证红利低波动100指数,红利低波100,CSI Dividend Low Volatility 100 Index,Dividend Low Volatility100,10853.32,10883.57,10751.09,10753.83,-89.72,-0.83,3244130015.0,192.83,100.0,6.39,2023-10-10,6.39,192.83
20231011,930955,中证红利低波动100指数,红利低波100,CSI Dividend Low Volatility 100 Index,Dividend Low Volatility100,10773.96,10788.77,10707.47,10713.91,-39.92,-0.37,3539986021.0,211.6,100.0,6.39,2023-10-11,6.39,211.6
20231012,930955,中证红利低波动100指数,红利低波100,CSI Dividend Low Volatility 100 Index,Dividend Low Volatility100,10770.39,10862.75,10770.39,10852.42,138.51,1.29,4723732580.0,258.74,100.0,6.48,2023-10-12,6.48,258.74
20231013,930955,中证红利低波动100指数,红利低波100,CSI Dividend Low Volatility 100 Index,Dividend Low Volatility100,10816.42,10847.78,10787.05,10818.54,-33.88,-0.31,4124124240.0,231.04,100.0,6.5,2023-10-13,6.5,231.04
20231016,930955,中证红利低波动100指数,红利低波100,CSI Dividend Low Volatility 100 Index,Dividend Low Volatility100,10823.37,10845.18,10781.93,10829.04,10.5,0.1,3392239903.0,205.23,100.0,6.51,2023-10-16,6.51,205.23
20231017,930955,中证红利低波动100指数,红利低波100,CSI Dividend Low Volatility 100 Index,Dividend Low Volatility100,10841.23,10866.95,10814.63,10860.47,31.43,0.29,2832820114.0,183.45,100.0,6.53,2023-10-17,6.53,183.45
20231018,930955,中证红利低波动100指数,红利低波100,CSI Dividend Low Volatility 100 Index,Dividend Low Volatility100,10851.5,10851.73,10757.34,10758.19,-102.28,-0.94,3403569691.0,211.26,100.0,6.52,2023-10-18,6.52,211.26
20231019,930955,中证红利低波动100指数,红利低波100,CSI Dividend Low Volatility 100 Index,Dividend Low Volatility100,10730.86,10730.86,10578.34,10578.34,-179.85,-1.67,4379974751.0,261.71,100.0,6.39,2023-10-19,6.39,261.71
20231020,930955,中证红利低波动100指数,红利低波100,CSI Dividend Low Volatility 100 Index,Dividend Low Volatility100,10557.55,10617.42,10530.8,10546.09,-32.25,-0.3,3460035133.0,206.93,100.0,6.36,2023-10-20,6.36,206.93
20231023,930955,中证红利低波动100指数,红利低波100,CSI Dividend Low Volatility 100 Index,Dividend Low Volatility100,10526.24,10526.85,10324.72,10368.64,-177.45,-1.68,3451228001.0,199.67,100.0,6.32,2023-10-23,6.32,199.67
20231024,930955,中证红利低波动100指数,红利低波100,CSI Dividend Low Volatility 100 Index,Dividend Low Volatility100,10386.05,10451.62,10340.5,10434.2,65.56,0.63,4041179738.0,230.48,100.0,6.29,2023-10-24,6.29,230.48
20231025,930955,中证红利低波动100指数,红利低波100,CSI Dividend Low Volatility 100 Index,Dividend Low Volatility100,10536.92,10613.77,10536.92,10580.18,145.98,1.4,4414301730.0,263.52,100.0,6.29,2023-10-25,6.29,263.52
20231026,930955,中证红利低波动100指数,红利低波100,CSI Dividend Low Volatility 100 Index,Dividend Low Volatility100,10541.88,10638.71,10526.69,10623.96,43.78,0.41,3670028419.0,216.61,100.0,6.36,2023-10-26,6.36,216.61
20231027,930955,中证红利低波动100指数,红利低波100,CSI Dividend Low Volatility 100 Index,Dividend Low Volatility100,10619.18,10740.12,10605.07,10701.92,77.96,0.73,4009230895.0,247.38,100.0,6.37,2023-10-27,6.37,247.38
20231030,930955,中证红利低波动100指数,红利低波100,CSI Dividend Low Volatility 100 Index,Dividend Low Volatility100,10687.73,10714.97,10627.4,10638.83,-63.09,-0.59,5341620358.0,307.52,100.0,6.28,2023-10-30,6.28,307.52
20231031,930955,中证红利低波动100指数,红利低波100,CSI Dividend Low Volatility 100 Index,Dividend Low Volatility100,10637.45,10684.3,10602.98,10649.17,10.34,0.1,4131424217.0,277.65,100.0,6.32,2023-10-31,6.32,277.65
20231101,930955,中证红利低波动100指数,红利低波100,CSI Dividend Low Volatility 100 Index,Dividend Low Volatility100,10660.76,10665.69,10605.73,10645.52,-3.65,-0.03,3944665160.0,233.85,100.0,6.33,2023-11-01,6.33,233.85
20231102,930955,中证红利低波动100指数,红利低波100,CSI Dividend Low Volatility 100 Index,Dividend Low Volatility100,10649.25,10697.34,10640.43,10642.17,-3.36,-0.03,3282928172.0,194.28,100.0,6.37,2023-11-02,6.37,194.28
20231103,930955,中证红利低波动100指数,红利低波100,CSI Dividend Low Volatility 100 Index,Dividend Low Volatility100,10651.78,10688.55,10609.76,10613.76,-28.41,-0.27,3501412348.0,203.25,100.0,6.33,2023-11-03,6.33,203.25
20231106,930955,中证红利低波动100指数,红利低波100,CSI Dividend Low Volatility 100 Index,Dividend Low Volatility100,10647.04,10669.69,10593.45,10621.33,7.58,0.07,5083059168.0,307.62,100.0,6.29,2023-11-06,6.29,307.62
20231107,930955,中证红利低波动100指数,红利低波100,CSI Dividend Low Volatility 100 Index,Dividend Low Volatility100,10612.77,10641.11,10572.9,10612.87,-8.47,-0.08,3330508759.0,201.62,100.0,6.31,2023-11-07,6.31,201.62
20231108,930955,中证红利低波动100指数,红利低波100,CSI Dividend Low Volatility 100 Index,Dividend Low Volatility100,10605.65,10608.24,10523.6,10556.97,-55.9,-0.53,3225695939.0,191.41,100.0,6.29,2023-11-08,6.29,191.41
20231109,930955,中证红利低波动100指数,红利低波100,CSI Dividend Low Volatility 100 Index,Dividend Low Volatility100,10554.46,10611.38,10553.02,10591.06,34.09,0.32,3357416220.0,206.84,100.0,6.35,2023-11-09,6.35,206.84
20231110,930955,中证红利低波动100指数,红利低波100,CSI Dividend Low Volatility 100 Index,Dividend Low Volatility100,10580.11,10593.08,10520.49,10570.75,-20.31,-0.19,3161376000.0,194.34,100.0,6.34,2023-11-10,6.34,194.34
20231113,930955,中证红利低波动100指数,红利低波100,CSI Dividend Low Volatility 100 Index,Dividend Low Volatility100,10584.23,10603.29,10513.95,10593.85,23.1,0.22,2992436772.0,178.13,100.0,6.33,2023-11-13,6.33,178.13
20231114,930955,中证红利低波动100指数,红利低波100,CSI Dividend Low Volatility 100 Index,Dividend Low Volatility100,10593.44,10638.04,10588.64,10629.23,35.38,0.33,3254983744.0,200.61,100.0,6.34,2023-11-14,6.34,200.61
20231115,930955,中证红利低波动100指数,红利低波100,CSI Dividend Low Volatility 100 Index,Dividend Low Volatility100,10682.92,10706.71,10656.12,10701.16,71.93,0.68,3079254665.0,190.57,100.0,6.36,2023-11-15,6.36,190.57
20231116,930955,中证红利低波动100指数,红利低波100,CSI Dividend Low Volatility 100 Index,Dividend Low Volatility100,10701.48,10732.09,10677.51,10694.59,-6.57,-0.06,3059147233.0,193.12,100.0,6.36,2023-11-16,6.36,193.12
20231117,930955,中证红利低波动100指数,红利低波100,CSI Dividend Low Volatility 100 Index,Dividend Low Volatility100,10675.68,10699.34,10645.2,10689.82,-4.77,-0.04,2895427539.0,181.84,100.0,6.34,2023-11-17,6.34,181.84
20231120,930955,中证红利低波动100指数,红利低波100,CSI Dividend Low Volatility 100 Index,Dividend Low Volatility100,10702.01,10735.82,10664.19,10722.01,32.19,0.3,2997551497.0,189.82,100.0,6.36,2023-11-20,6.36,189.82
20231121,930955,中证红利低波动100指数,红利低波100,CSI Dividend Low Volatility 100 Index,Dividend Low Volatility100,10736.98,10806.13,10736.09,10742.69,20.69,0.19,3320601248.0,209.49,100.0,6.38,2023-11-21,6.38,209.49
20231122,930955,中证红利低波动100指数,红利低波100,CSI Dividend Low Volatility 100 Index,Dividend Low Volatility100,10727.86,10767.14,10696.31,10696.31,-46.39,-0.43,2504881240.0,154.95,100.0,6.36,2023-11-22,6.36,154.95
20231123,930955,中证红利低波动100指数,红利低波100,CSI Dividend Low Volatility 100 Index,Dividend Low Volatility100,10707.21,10800.72,10691.34,10793.45,97.14,0.91,2684257597.0,171.33,100.0,6.37,2023-11-23,6.37,171.33
20231124,930955,中证红利低波动100指数,红利低波100,CSI Dividend Low Volatility 100 Index,Dividend Low Volatility100,10783.7,10848.21,10778.32,10831.16,37.72,0.35,3041056048.0,189.49,100.0,6.38,2023-11-24,6.38,189.49
20231127,930955,中证红利低波动100指数,红利低波100,CSI Dividend Low Volatility 100 Index,Dividend Low Volatility100,10843.57,10843.57,10743.26,10775.76,-55.4,-0.51,3637877121.0,232.02,100.0,6.36,2023-11-27,6.36,232.02
20231128,930955,中证红利低波动100指数,红利低波100,CSI Dividend Low Volatility 100 Index,Dividend Low Volatility100,10756.68,10814.88,10717.04,10808.64,32.88,0.31,2994898798.0,192.23,100.0,6.36,2023-11-28,6.36,192.23
20231129,930955,中证红利低波动100指数,红利低波100,CSI Dividend Low Volatility 100 Index,Dividend Low Volatility100,10802.86,10802.86,10722.06,10724.38,-84.26,-0.78,3435661815.0,218.0,100.0,6.33,2023-11-29,6.33,218.0
20231130,930955,中证红利低波动100指数,红利低波100,CSI Dividend Low Volatility 100 Index,Dividend Low Volatility100,10713.93,10756.54,10693.57,10743.89,19.51,0.18,3565434253.0,228.49,100.0,6.37,2023-11-30,6.37,228.49
20231201,930955,中证红利低波动100指数,红利低波100,CSI Dividend Low Volatility 100 Index,Dividend Low Volatility100,10743.34,10794.62,10729.25,10779.05,35.16,0.33,3457625087.0,216.82,100.0,6.38,2023-12-01,6.38,216.82
20231204,930955,中证红利低波动100指数,红利低波100,CSI Dividend Low Volatility 100 Index,Dividend Low Volatility100,10774.11,10802.52,10758.72,10774.58,-4.47,-0.04,2910263708.0,181.94,100.0,6.37,2023-12-04,6.37,181.94
20231205,930955,中证红利低波动100指数,红利低波100,CSI Dividend Low Volatility 100 Index,Dividend Low Volatility100,10765.98,10778.15,10670.54,10672.24,-102.34,-0.95,3388782621.0,211.45,100.0,6.3,2023-12-05,6.3,211.45
20231206,930955,中证红利低波动100指数,红利低波100,CSI Dividend Low Volatility 100 Index,Dividend Low Volatility100,10662.94,10721.71,10624.33,10684.97,12.73,0.12,4008048203.0,237.58,100.0,6.25,2023-12-06,6.25,237.58
20231207,930955,中证红利低波动100指数,红利低波100,CSI Dividend Low Volatility 100 Index,Dividend Low Volatility100,10663.12,10685.17,10596.65,10645.18,-39.79,-0.37,3652896232.0,219.26,100.0,6.26,2023-12-07,6.26,219.26
20231208,930955,中证红利低波动100指数,红利低波100,CSI Dividend Low Volatility 100 Index,Dividend Low Volatility100,10638.21,10688.52,10614.42,10624.09,-21.09,-0.2,5120111993.0,303.8,100.0,6.27,2023-12-08,6.27,303.8
20231211,930955,中证红利低波动100指数,红利低波100,CSI Dividend Low Volatility 100 Index,Dividend Low Volatility100,10594.69,10711.0,10470.84,10702.69,78.6,0.74,4531455592.0,280.53,100.0,5.98,2023-12-11,5.98,280.53
20231212,930955,中证红利低波动100指数,红利低波100,CSI Dividend Low Volatility 100 Index,Dividend Low Volatility100,10674.89,10742.83,10640.39,10742.5,39.81,0.37,3244906235.0,198.18,100.0,6.04,2023-12-12,6.04,198.18
20231213,930955,中证红利低波动100指数,红利低波100,CSI Dividend Low Volatility 100 Index,Dividend Low Volatility100,10722.42,10751.86,10684.01,10686.28,-56.22,-0.52,2662911243.0,171.72,100.0,6.01,2023-12-13,6.01,171.72
20231214,930955,中证红利低波动100指数,红利低波100,CSI Dividend Low Volatility 100 Index,Dividend Low Volatility100,10700.64,10717.39,10657.38,10659.23,-27.05,-0.25,2174971519.0,141.75,100.0,6.0,2023-12-14,6.0,141.75
20231215,930955,中证红利低波动100指数,红利低波100,CSI Dividend Low Volatility 100 Index,Dividend Low Volatility100,10668.08,10693.26,10576.07,10582.41,-76.81,-0.72,2698834470.0,172.19,100.0,5.94,2023-12-15,5.94,172.19
20231218,930955,中证红利低波动100指数,红利低波100,CSI Dividend Low Volatility 100 Index,Dividend Low Volatility100,10575.54,10618.88,10525.64,10537.57,-44.85,-0.42,2909318660.0,174.12,100.0,5.98,2023-12-18,5.98,174.12
20231219,930955,中证红利低波动100指数,红利低波100,CSI Dividend Low Volatility 100 Index,Dividend Low Volatility100,10539.71,10540.04,10476.03,10522.07,-15.49,-0.15,2370757853.0,152.43,100.0,5.98,2023-12-19,5.98,152.43
20231220,930955,中证红利低波动100指数,红利低波100,CSI Dividend Low Volatility 100 Index,Dividend Low Volatility100,10531.73,10600.25,10473.39,10473.44,-48.63,-0.46,2729390916.0,174.71,100.0,5.97,2023-12-20,5.97,174.71
20231221,930955,中证红利低波动100指数,红利低波100,CSI Dividend Low Volatility 100 Index,Dividend Low Volatility100,10457.03,10469.93,10351.35,10466.9,-6.55,-0.06,3210990790.0,197.23,100.0,5.97,2023-12-21,5.97,197.23
20231222,930955,中证红利低波动100指数,红利低波100,CSI Dividend Low Volatility 100 Index,Dividend Low Volatility100,10467.41,10514.13,10428.05,10457.61,-9.28,-0.09,2962997451.0,188.37,100.0,5.98,2023-12-22,5.98,188.37
20231225,930955,中证红利低波动100指数,红利低波100,CSI Dividend Low Volatility 100 Index,Dividend Low Volatility100,10441.49,10445.02,10375.6,10434.84,-22.77,-0.22,2091511734.0,132.97,100.0,6.01,2023-12-25,6.01,132.97
20231226,930955,中证红利低波动100指数,红利低波100,CSI Dividend Low Volatility 100 Index,Dividend Low Volatility100,10430.28,10492.34,10413.13,10425.46,-9.38,-0.09,2245110468.0,148.19,100.0,6.01,2023-12-26,6.01,148.19
20231227,930955,中证红利低波动100指数,红利低波100,CSI Dividend Low Volatility 100 Index,Dividend Low Volatility100,10425.4,10476.1,10366.55,10468.65,43.2,0.41,2692189584.0,166.2,100.0,6.03,2023-12-27,6.03,166.2
20231228,930955,中证红利低波动100指数,红利低波100,CSI Dividend Low Volatility 100 Index,Dividend Low Volatility100,10463.14,10524.04,10449.67,10511.43,42.78,0.41,4202167879.0,261.72,100.0,6.01,2023-12-28,6.01,261.72
20231229,930955,中证红利低波动100指数,红利低波100,CSI Dividend Low Volatility 100 Index,Dividend Low Volatility100,10495.15,10546.76,10486.84,10537.04,25.61,0.24,2947385350.0,190.07,100.0,6.03,2023-12-29,6.03,190.07
20240102,930955,中证红利低波动100指数,红利低波100,CSI Dividend Low Volatility 100 Index,Dividend Low Volatility100,10526.74,10663.56,10516.58,10623.93,86.89,0.82,3578484799.0,231.3,100.0,6.05,2024-01-02,6.05,231.3
20240103,930955,中证红利低波动100指数,红利低波100,CSI Dividend Low Volatility 100 Index,Dividend Low Volatility100,10604.36,10719.74,10602.84,10711.19,87.27,0.82,3368432193.0,210.76,100.0,6.1,2024-01-03,6.1,210.76
20240104,930955,中证红利低波动100指数,红利低波100,CSI Dividend Low Volatility 100 Index,Dividend Low Volatility100,10707.29,10750.02,10673.47,10731.06,19.86,0.19,3460362460.0,218.91,100.0,6.14,2024-01-04,6.14,218.91
20240105,930955,中证红利低波动100指数,红利低波100,CSI Dividend Low Volatility 100 Index,Dividend Low Volatility100,10726.65,10868.22,10699.43,10740.39,9.34,0.09,4681995901.0,289.5,100.0,6.14,2024-01-05,6.14,289.5
20240108,930955,中证红利低波动100指数,红利低波100,CSI Dividend Low Volatility 100 Index,Dividend Low Volatility100,10719.2,10719.2,10602.05,10602.05,-138.34,-1.29,3735860717.0,240.46,100.0,6.11,2024-01-08,6.11,240.46
20240109,930955,中证红利低波动100指数,红利低波100,CSI Dividend Low Volatility 100 Index,Dividend Low Volatility100,10602.51,10681.61,10544.29,10657.85,55.8,0.53,3276649908.0,211.97,100.0,6.12,2024-01-09,6.12,211.97
20240110,930955,中证红利低波动100指数,红利低波100,CSI Dividend Low Volatility 100 Index,Dividend Low Volatility100,10640.74,10662.69,10606.46,10616.76,-41.09,-0.39,2668563553.0,178.22,100.0,6.09,2024-01-10,6.09,178.22
20240111,930955,中证红利低波动100指数,红利低波100,CSI Dividend Low Volatility 100 Index,Dividend Low Volatility100,10608.38,10663.07,10580.19,10614.74,-2.02,-0.02,3359569165.0,211.96,100.0,6.04,2024-01-11,6.04,211.96
20240112,930955,中证红利低波动100指数,红利低波100,CSI Dividend Low Volatility 100 Index,Dividend Low Volatility100,10603.44,10723.08,10602.5,10656.18,41.44,0.39,2824702927.0,177.5,100.0,6.09,2024-01-12,6.09,177.5
20240115,930955,中证红利低波动100指数,红利低波100,CSI Dividend Low Volatility 100 Index,Dividend Low Volatility100,10636.23,10714.62,10627.68,10685.0,28.82,0.27,2674941763.0,169.04,100.0,6.12,2024-01-15,6.12,169.04
20240116,930955,中证红利低波动100指数,红利低波100,CSI Dividend Low Volatility 100 Index,Dividend Low Volatility100,10673.44,10740.01,10624.14,10724.65,39.64,0.37,3624929375.0,226.91,100.0,6.16,2024-01-16,6.16,226.91
20240117,930955,中证红利低波动100指数,红利低波100,CSI Dividend Low Volatility 100 Index,Dividend Low Volatility100,10711.19,10748.77,10580.43,10580.43,-144.22,-1.34,3760224765.0,243.62,100.0,6.1,2024-01-17,6.1,243.62
20240118,930955,中证红利低波动100指数,红利低波100,CSI Dividend Low Volatility 100 Index,Dividend Low Volatility100,10552.64,10552.64,10230.47,10488.92,-91.51,-0.86,6022743403.0,370.66,100.0,6.09,2024-01-18,6.09,370.66
20240119,930955,中证红利低波动100指数,红利低波100,CSI Dividend Low Volatility 100 Index,Dividend Low Volatility100,10467.1,10502.53,10399.79,10432.85,-56.06,-0.53,3586181580.0,242.09,100.0,6.08,2024-01-19,6.08,242.09
20240122,930955,中证红利低波动100指数,红利低波100,CSI Dividend Low Volatility 100 Index,Dividend Low Volatility100,10421.93,10421.93,10016.9,10079.1,-353.76,-3.39,5041918348.0,322.45,100.0,6.03,2024-01-22,6.03,322.45
20240123,930955,中证红利低波动100指数,红利低波100,CSI Dividend Low Volatility 100 Index,Dividend Low Volatility100,10060.32,10214.27,9947.34,10168.9,89.8,0.89,3860122945.0,240.09,100.0,6.04,2024-01-23,6.04,240.09
20240124,930955,中证红利低波动100指数,红利低波100,CSI Dividend Low Volatility 100 Index,Dividend Low Volatility100,10198.69,10415.73,10122.52,10411.76,242.86,2.39,4449374006.0,276.53,100.0,6.17,2024-01-24,6.17,276.53
20240125,930955,中证红利低波动100指数,红利低波100,CSI Dividend Low Volatility 100 Index,Dividend Low Volatility100,10428.08,10689.59,10414.48,10688.99,277.23,2.66,4831286493.0,304.83,100.0,6.26,2024-01-25,6.26,304.83
20240126,930955,中证红利低波动100指数,红利低波100,CSI Dividend Low Volatility 100 Index,Dividend Low Volatility100,10685.2,10842.4,10671.26,10806.6,117.61,1.1,5287424021.0,325.47,100.0,6.35,2024-01-26,6.35,325.47
20240129,930955,中证红利低波动100指数,红利低波100,CSI Dividend Low Volatility 100 Index,Dividend Low Volatility100,10829.12,10880.89,10771.54,10783.71,-22.89,-0.21,5350880562.0,329.27,100.0,6.39,2024-01-29,6.39,329.27
20240130,930955,中证红利低波动100指数,红利低波100,CSI Dividend Low Volatility 100 Index,Dividend Low Volatility100,10728.55,10818.32,10614.83,10621.26,-162.45,-1.51,4233636513.0,267.46,100.0,6.34,2024-01-30,6.34,267.46
20240131,930955,中证红利低波动100指数,红利低波100,CSI Dividend Low Volatility 100 Index,Dividend Low Volatility100,10577.53,10664.73,10458.8,10511.06,-110.2,-1.04,4570246039.0,298.54,100.0,6.36,2024-01-31,6.36,298.54
20240201,930955,中证红利低波动100指数,红利低波100,CSI Dividend Low Volatility 100 Index,Dividend Low Volatility100,10467.15,10535.76,10349.86,10406.18,-104.87,-1.0,4263230706.0,272.38,100.0,6.32,2024-02-01,6.32,272.38
20240202,930955,中证红利低波动100指数,红利低波100,CSI Dividend Low Volatility 100 Index,Dividend Low Volatility100,10413.66,10537.95,10091.31,10314.41,-91.78,-0.88,5715117165.0,366.61,100.0,6.35,2024-02-02,6.35,366.61
20240205,930955,中证红利低波动100指数,红利低波100,CSI Dividend Low Volatility 100 Index,Dividend Low Volatility100,10267.27,10356.31,9955.98,10196.14,-118.27,-1.15,7234269968.0,461.38,100.0,6.44,2024-02-05,6.44,461.38
20240206,930955,中证红利低波动100指数,红利低波100,CSI Dividend Low Volatility 100 Index,Dividend Low Volatility100,10106.7,10608.9,10091.64,10542.51,346.37,3.4,7097894593.0,466.74,100.0,6.52,2024-02-06,6.52,466.74
20240207,930955,中证红利低波动100指数,红利低波100,CSI Dividend Low Volatility 100 Index,Dividend Low Volatility100,10540.43,10800.67,10471.47,10798.47,255.96,2.43,8750347682.0,554.32,100.0,6.51,2024-02-07,6.51,554.32
20240208,930955,中证红利低波动100指数,红利低波100,CSI Dividend Low Volatility 100 Index,Dividend Low Volatility100,10792.96,10972.01,10775.56,10863.73,65.26,0.6,7309093757.0,461.15,100.0,6.47,2024-02-08,6.47,461.15
20240219,930955,中证红利低波动100指数,红利低波100,CSI Dividend Low Volatility 100 Index,Dividend Low Volatility100,10917.43,10981.77,10787.3,10934.72,70.99,0.65,6255227838.0,407.96,100.0,6.61,2024-02-19,6.61,407.96
20240220,930955,中证红利低波动100指数,红利低波100,CSI Dividend Low Volatility 100 Index,Dividend Low Volatility100,10911.55,11029.0,10861.67,11017.39,82.67,0.76,4446760615.0,303.52,100.0,6.68,2024-02-20,6.68,303.52
20240221,930955,中证红利低波动100指数,红利低波100,CSI Dividend Low Volatility 100 Index,Dividend Low Volatility100,10985.17,11213.28,10945.24,11044.79,27.4,0.25,5546563760.0,380.04,100.0,6.72,2024-02-21,6.72,380.04
20240222,930955,中证红利低波动100指数,红利低波100,CSI Dividend Low Volatility 100 Index,Dividend Low Volatility100,11021.22,11118.18,10997.93,11117.81,73.02,0.66,3805007965.0,268.33,100.0,6.76,2024-02-22,6.76,268.33
20240223,930955,中证红利低波动100指数,红利低波100,CSI Dividend Low Volatility 100 Index,Dividend Low Volatility100,11123.93,11185.56,11052.02,11115.5,-2.32,-0.02,4534418459.0,306.45,100.0,6.79,2024-02-23,6.79,306.45
20240226,930955,中证红利低波动100指数,红利低波100,CSI Dividend Low Volatility 100 Index,Dividend Low Volatility100,11102.45,11102.45,10914.93,10936.0,-179.5,-1.61,4831670711.0,327.92,100.0,6.62,2024-02-26,6.62,327.92
20240227,930955,中证红利低波动100指数,红利低波100,CSI Dividend Low Volatility 100 Index,Dividend Low Volatility100,10913.33,11002.91,10894.34,11002.91,66.91,0.61,3767501159.0,255.32,100.0,6.64,2024-02-27,6.64,255.32
20240228,930955,中证红利低波动100指数,红利低波100,CSI Dividend Low Volatility 100 Index,Dividend Low Volatility100,10994.38,11072.66,10911.66,10911.66,-91.25,-0.83,5177136824.0,355.9,100.0,6.64,2024-02-28,6.64,355.9
20240229,930955,中证红利低波动100指数,红利低波100,CSI Dividend Low Volatility 100 Index,Dividend Low Volatility100,10876.67,11054.61,10875.94,11054.61,142.95,1.31,4135719410.0,289.75,100.0,6.67,2024-02-29,6.67,289.75
20240301,930955,中证红利低波动100指数,红利低波100,CSI Dividend Low Volatility 100 Index,Dividend Low Volatility100,11050.48,11085.28,11011.5,11044.38,-10.22,-0.09,3938961138.0,273.38,100.0,6.67,2024-03-01,6.67,273.38
20240304,930955,中证红利低波动100指数,红利低波100,CSI Dividend Low Volatility 100 Index,Dividend Low Volatility100,11022.8,11042.37,10955.65,11035.57,-8.81,-0.08,3880713845.0,277.54,100.0,6.68,2024-03-04,6.68,277.54
20240305,930955,中证红利低波动100指数,红利低波100,CSI Dividend Low Volatility 100 Index,Dividend Low Volatility100,11008.57,11094.15,10998.29,11071.68,36.1,0.33,4368280501.0,316.44,100.0,6.79,2024-03-05,6.79,316.44
20240306,930955,中证红利低波动100指数,红利低波100,CSI Dividend Low Volatility 100 Index,Dividend Low Volatility100,11059.31,11132.27,11044.73,11058.28,-13.4,-0.12,3842097072.0,274.56,100.0,6.73,2024-03-06,6.73,274.56
20240307,930955,中证红利低波动100指数,红利低波100,CSI Dividend Low Volatility 100 Index,Dividend Low Volatility100,11056.94,11173.13,11055.19,11079.31,21.03,0.19,3683764480.0,255.48,100.0,6.75,2024-03-07,6.75,255.48
20240308,930955,中证红利低波动100指数,红利低波100,CSI Dividend Low Volatility 100 Index,Dividend Low Volatility100,11077.94,11147.13,11037.85,11138.92,59.61,0.54,3229623980.0,227.76,100.0,6.75,2024-03-08,6.75,227.76
20240311,930955,中证红利低波动100指数,红利低波100,CSI Dividend Low Volatility 100 Index,Dividend Low Volatility100,11133.64,11171.84,11034.27,11124.36,-14.56,-0.13,3513211942.0,281.0,100.0,6.24,2024-03-11,6.24,281.0
20240312,930955,中证红利低波动100指数,红利低波100,CSI Dividend Low Volatility 100 Index,Dividend Low Volatility100,11112.59,11116.96,10979.84,11004.88,-119.48,-1.07,4523504341.0,360.11,100.0,6.13,2024-03-12,6.13,360.11
20240313,930955,中证红利低波动100指数,红利低波100,CSI Dividend Low Volatility 100 Index,Dividend Low Volatility100,10995.81,10998.53,10906.39,10956.16,-48.72,-0.44,3342936276.0,262.22,100.0,6.09,2024-03-13,6.09,262.22
20240314,930955,中证红利低波动100指数,红利低波100,CSI Dividend Low Volatility 100 Index,Dividend Low Volatility100,10940.45,11024.63,10919.81,10958.81,2.65,0.02,2955008318.0,228.56,100.0,6.1,2024-03-14,6.1,228.56
20240315,930955,中证红利低波动100指数,红利低波100,CSI Dividend Low Volatility 100 Index,Dividend Low Volatility100,10954.03,11045.43,10924.29,11045.43,86.62,0.79,3520096847.0,276.02,100.0,6.12,2024-03-15,6.12,276.02
20240318,930955,中证红利低波动100指数,红利低波100,CSI Dividend Low Volatility 100 Index,Dividend Low Volatility100,11041.11,11071.3,10982.46,11067.9,22.47,0.2,3338476346.0,259.93,100.0,6.1,2024-03-18,6.1,259.93
20240319,930955,中证红利低波动100指数,红利低波100,CSI Dividend Low Volatility 100 Index,Dividend Low Volatility100,11053.75,11085.45,10993.86,10996.34,-71.56,-0.65,3062552505.0,237.01,100.0,6.07,2024-03-19,6.07,237.01
20240320,930955,中证红利低波动100指数,红利低波100,CSI Dividend Low Volatility 100 Index,Dividend Low Volatility100,10985.25,11041.58,10950.17,11021.36,25.02,0.23,2857046972.0,216.74,100.0,6.11,2024-03-20,6.11,216.74
20240321,930955,中证红利低波动100指数,红利低波100,CSI Dividend Low Volatility 100 Index,Dividend Low Volatility100,11024.7,11051.12,10988.42,11024.02,2.66,0.02,2930604200.0,224.55,100.0,6.13,2024-03-21,6.13,224.55
20240322,930955,中证红利低波动100指数,红利低波100,CSI Dividend Low Volatility 100 Index,Dividend Low Volatility100,11008.3,11018.0,10862.1,10913.42,-110.6,-1.0,3225634219.0,241.45,100.0,6.13,2024-03-22,6.13,241.45
20240325,930955,中证红利低波动100指数,红利低波100,CSI Dividend Low Volatility 100 Index,Dividend Low Volatility100,10885.6,11017.71,10878.09,10892.62,-20.8,-0.19,3272481647.0,249.07,100.0,6.15,2024-03-25,6.15,249.07
20240326,930955,中证红利低波动100指数,红利低波100,CSI Dividend Low Volatility 100 Index,Dividend Low Volatility100,10891.4,10935.86,10829.51,10930.09,37.48,0.34,3444149078.0,275.61,100.0,6.2,2024-03-26,6.2,275.61
20240327,930955,中证红利低波动100指数,红利低波100,CSI Dividend Low Volatility 100 Index,Dividend Low Volatility100,10909.16,10945.24,10831.14,10831.14,-98.95,-0.91,3625282212.0,277.65,100.0,6.21,2024-03-27,6.21,277.65
20240328,930955,中证红利低波动100指数,红利低波100,CSI Dividend Low Volatility 100 Index,Dividend Low Volatility100,10815.24,10910.58,10782.55,10836.02,4.88,0.04,4495451541.0,313.33,100.0,6.13,2024-03-28,6.13,313.33
20240329,930955,中证红利低波动100指数,红利低波100,CSI Dividend Low Volatility 100 Index,Dividend Low Volatility100,10827.81,10954.22,10824.59,10950.23,114.2,1.05,3505852617.0,257.05,100.0,6.17,2024-03-29,6.17,257.05
20240401,930955,中证红利低波动100指数,红利低波100,CSI Dividend Low Volatility 100 Index,Dividend Low Volatility100,10964.92,11076.32,10964.92,11072.23,122.0,1.11,3895099387.0,306.35,100.0,6.21,2024-04-01,6.21,306.35
20240402,930955,中证红利低波动100指数,红利低波100,CSI Dividend Low Volatility 100 Index,Dividend Low Volatility100,11070.54,11163.05,11063.96,11151.1,78.87,0.71,4224047514.0,308.12,100.0,6.24,2024-04-02,6.24,308.12
20240403,930955,中证红利低波动100指数,红利低波100,CSI Dividend Low Volatility 100 Index,Dividend Low Volatility100,11140.47,11216.4,11116.76,11210.43,59.34,0.53,3624020962.0,270.45,100.0,6.24,2024-04-03,6.24,270.45
20240408,930955,中证红利低波动100指数,红利低波100,CSI Dividend Low Volatility 100 Index,Dividend Low Volatility100,11194.45,11309.96,11172.39,11189.18,-21.26,-0.19,4314206003.0,309.44,100.0,6.27,2024-04-08,6.27,309.44
20240409,930955,中证红利低波动100指数,红利低波100,CSI Dividend Low Volatility 100 Index,Dividend Low Volatility100,11180.96,11250.09,11162.23,11221.38,32.2,0.29,3711709717.0,263.24,100.0,6.23,2024-04-09,6.23,263.24
20240410,930955,中证红利低波动100指数,红利低波100,CSI Dividend Low Volatility 100 Index,Dividend Low Volatility100,11214.8,11291.45,11145.62,11212.62,-8.75,-0.08,3729855235.0,279.43,100.0,6.24,2024-04-10,6.24,279.43
20240411,930955,中证红利低波动100指数,红利低波100,CSI Dividend Low Volatility 100 Index,Dividend Low Volatility100,11160.92,11341.7,11129.61,11281.35,68.73,0.61,3589170349.0,266.94,100.0,6.24,2024-04-11,6.24,266.94
20240412,930955,中证红利低波动100指数,红利低波100,CSI Dividend Low Volatility 100 Index,Dividend Low Volatility100,11267.26,11313.56,11216.53,11231.84,-49.52,-0.44,3465866449.0,250.6,100.0,6.22,2024-04-12,6.22,250.6
20240415,930955,中证红利低波动100指数,红利低波100,CSI Dividend Low Volatility 100 Index,Dividend Low Volatility100,11232.38,11418.26,11133.51,11363.94,132.11,1.18,4993204790.0,360.48,100.0,6.34,2024-04-15,6.34,360.48
20240416,930955,中证红利低波动100指数,红利低波100,CSI Dividend Low Volatility 100 Index,Dividend Low Volatility100,11336.94,11416.59,11218.31,11229.79,-134.15,-1.18,5149233743.0,378.73,100.0,6.37,2024-04-16,6.37,378.73
20240417,930955,中证红利低波动100指数,红利低波100,CSI Dividend Low Volatility 100 Index,Dividend Low Volatility100,11241.17,11460.15,11226.6,11460.15,230.36,2.05,4965755711.0,367.45,100.0,6.44,2024-04-17,6.44,367.45
20240418,930955,中证红利低波动100指数,红利低波100,CSI Dividend Low Volatility 100 Index,Dividend Low Volatility100,11443.43,11594.69,11432.55,11484.71,24.55,0.21,5433357307.0,406.03,100.0,6.47,2024-04-18,6.47,406.03
20240419,930955,中证红利低波动100指数,红利低波100,CSI Dividend Low Volatility 100 Index,Dividend Low Volatility100,11445.67,11636.84,11440.36,11576.84,92.14,0.8,4041044043.0,296.09,100.0,6.5,2024-04-19,6.5,296.09
20240422,930955,中证红利低波动100指数,红利低波100,CSI Dividend Low Volatility 100 Index,Dividend Low Volatility100,11576.1,11640.01,11409.25,11413.1,-163.74,-1.41,4266825662.0,323.33,100.0,6.42,2024-04-22,6.42,323.33
20240423,930955,中证红利低波动100指数,红利低波100,CSI Dividend Low Volatility 100 Index,Dividend Low Volatility100,11390.96,11402.57,11240.61,11252.1,-161.0,-1.41,4110722322.0,305.64,100.0,6.39,2024-04-23,6.39,305.64
20240424,930955,中证红利低波动100指数,红利低波100,CSI Dividend Low Volatility 100 Index,Dividend Low Volatility100,11260.38,11273.72,11173.03,11273.72,21.62,0.19,3326820496.0,250.64,100.0,6.38,2024-04-24,6.38,250.64
20240425,930955,中证红利低波动100指数,红利低波100,CSI Dividend Low Volatility 100 Index,Dividend Low Volatility100,11253.19,11358.07,11245.66,11352.88,79.16,0.7,3442779131.0,268.18,100.0,6.43,2024-04-25,6.43,268.18
20240426,930955,中证红利低波动100指数,红利低波100,CSI Dividend Low Volatility 100 Index,Dividend Low Volatility100,11305.9,11349.66,11191.42,11311.39,-41.49,-0.37,6305567993.0,473.94,100.0,6.36,2024-04-26,6.36,473.94
20240429,930955,中证红利低波动100指数,红利低波100,CSI Dividend Low Volatility 100 Index,Dividend Low Volatility100,11238.58,11362.64,11181.39,11345.04,33.65,0.3,6360209768.0,509.19,100.0,6.35,2024-04-29,6.35,509.19
20240430,930955,中证红利低波动100指数,红利低波100,CSI Dividend Low Volatility 100 Index,Dividend Low Volatility100,11330.05,11407.7,11303.73,11343.26,-1.78,-0.01,4943955119.0,403.42,100.0,6.38,2024-04-30,6.38,403.42
20240506,930955,中证红利低波动100指数,红利低波100,CSI Dividend Low Volatility 100 Index,Dividend Low Volatility100,11438.89,11514.88,11388.08,11510.15,166.89,1.47,5963526186.0,482.97,100.0,6.71,2024-05-06,6.71,482.97
20240507,930955,中证红利低波动100指数,红利低波100,CSI Dividend Low Volatility 100 Index,Dividend Low Volatility100,11511.26,11511.26,11407.04,11471.89,-38.26,-0.33,4593199129.0,340.2,100.0,6.72,2024-05-07,6.72,340.2
20240508,930955,中证红利低波动100指数,红利低波100,CSI Dividend Low Volatility 100 Index,Dividend Low Volatility100,11452.45,11485.42,11402.13,11410.64,-61.25,-0.53,3869879386.0,302.19,100.0,6.75,2024-05-08,6.75,302.19
20240509,930955,中证红利低波动100指数,红利低波100,CSI Dividend Low Volatility 100 Index,Dividend Low Volatility100,11403.21,11554.34,11403.21,11529.66,119.02,1.04,3953243423.0,300.84,100.0,6.74,2024-05-09,6.74,300.84
20240510,930955,中证红利低波动100指数,红利低波100,CSI Dividend Low Volatility 100 Index,Dividend Low Volatility100,11529.79,11564.88,11473.97,11550.75,21.09,0.18,4249533992.0,332.38,100.0,6.77,2024-05-10,6.77,332.38
20240513,930955,中证红利低波动100指数,红利低波100,CSI Dividend Low Volatility 100 Index,Dividend Low Volatility100,11530.83,11619.82,11457.94,11603.53,52.77,0.46,4531892195.0,344.44,100.0,6.79,2024-05-13,6.79,344.44
20240514,930955,中证红利低波动100指数,红利低波100,CSI Dividend Low Volatility 100 Index,Dividend Low Volatility100,11589.6,11636.2,11556.33,11565.67,-37.86,-0.33,3787672480.0,296.28,100.0,6.74,2024-05-14,6.74,296.28
20240515,930955,中证红利低波动100指数,红利低波100,CSI Dividend Low Volatility 100 Index,Dividend Low Volatility100,11558.25,11600.82,11505.75,11521.64,-44.03,-0.38,3057675309.0,241.34,100.0,6.73,2024-05-15,6.73,241.34
20240516,930955,中证红利低波动100指数,红利低波100,CSI Dividend Low Volatility 100 Index,Dividend Low Volatility100,11533.65,11598.18,11505.1,11531.57,9.93,0.09,4494860064.0,361.64,100.0,6.77,2024-05-16,6.77,361.64
20240517,930955,中证红利低波动100指数,红利低波100,CSI Dividend Low Volatility 100 Index,Dividend Low Volatility100,11530.62,11655.81,11493.96,11653.61,122.04,1.06,4326474609.0,332.68,100.0,6.83,2024-05-17,6.83,332.68
20240520,930955,中证红利低波动100指数,红利低波100,CSI Dividend Low Volatility 100 Index,Dividend Low Volatility100,11673.02,11743.72,11649.21,11687.85,34.24,0.29,4729793042.0,377.43,100.0,6.84,2024-05-20,6.84,377.43
20240521,930955,中证红利低波动100指数,红利低波100,CSI Dividend Low Volatility 100 Index,Dividend Low Volatility100,11676.85,11701.96,11627.94,11675.15,-12.7,-0.11,3648672025.0,294.85,100.0,6.89,2024-05-21,6.89,294.85
20240522,930955,中证红利低波动100指数,红利低波100,CSI Dividend Low Volatility 100 Index,Dividend Low Volatility100,11672.09,11758.34,11672.09,11689.36,14.21,0.12,4253517137.0,327.98,100.0,6.91,2024-05-22,6.91,327.98
20240523,930955,中证红利低波动100指数,红利低波100,CSI Dividend Low Volatility 100 Index,Dividend Low Volatility100,11665.07,11665.07,11498.61,11519.63,-169.73,-1.45,4003232290.0,308.98,100.0,6.86,2024-05-23,6.86,308.98
20240524,930955,中证红利低波动100指数,红利低波100,CSI Dividend Low Volatility 100 Index,Dividend Low Volatility100,11499.47,11622.85,11499.47,11516.06,-3.58,-0.03,3420726145.0,271.39,100.0,6.82,2024-05-24,6.82,271.39
20240527,930955,中证红利低波动100指数,红利低波100,CSI Dividend Low Volatility 100 Index,Dividend Low Volatility100,11527.79,11644.57,11527.79,11642.12,126.06,1.09,3747828069.0,296.64,100.0,6.9,2024-05-27,6.9,296.64
20240528,930955,中证红利低波动100指数,红利低波100,CSI Dividend Low Volatility 100 Index,Dividend Low Volatility100,11625.21,11650.78,11532.26,11552.4,-89.72,-0.77,3211703844.0,244.55,100.0,6.88,2024-05-28,6.88,244.55
20240529,930955,中证红利低波动100指数,红利低波100,CSI Dividend Low Volatility 100 Index,Dividend Low Volatility100,11524.38,11628.75,11502.61,11549.19,-3.21,-0.03,3382138338.0,255.77,100.0,6.86,2024-05-29,6.86,255.77
20240530,930955,中证红利低波动100指数,红利低波100,CSI Dividend Low Volatility 100 Index,Dividend Low Volatility100,11539.9,11632.84,11473.89,11498.5,-50.69,-0.44,3548811436.0,275.24,100.0,6.81,2024-05-30,6.81,275.24
20240531,930955,中证红利低波动100指数,红利低波100,CSI Dividend Low Volatility 100 Index,Dividend Low Volatility100,11507.27,11546.26,11466.19,11468.97,-29.53,-0.26,3196300818.0,253.1,100.0,6.81,2024-05-31,6.81,253.1
20240603,930955,中证红利低波动100指数,红利低波100,CSI Dividend Low Volatility 100 Index,Dividend Low Volatility100,11445.57,11445.57,11252.65,11322.63,-146.33,-1.27,4715114603.0,352.11,100.0,6.8,2024-06-03,6.8,352.11
20240604,930955,中证红利低波动100指数,红利低波100,CSI Dividend Low Volatility 100 Index,Dividend Low Volatility100,11298.32,11417.64,11259.12,11405.6,82.97,0.73,3403147600.0,273.13,100.0,6.81,2024-06-04,6.81,273.13
20240605,930955,中证红利低波动100指数,红利低波100,CSI Dividend Low Volatility 100 Index,Dividend Low Volatility100,11395.88,11399.15,11235.55,11242.85,-162.76,-1.43,3367709206.0,267.86,100.0,6.78,2024-06-05,6.78,267.86
20240606,930955,中证红利低波动100指数,红利低波100,CSI Dividend Low Volatility 100 Index,Dividend Low Volatility100,11226.53,11257.69,11125.48,11157.01,-85.83,-0.76,3861380281.0,286.36,100.0,6.79,2024-06-06,6.79,286.36
20240607,930955,中证红利低波动100指数,红利低波100,CSI Dividend Low Volatility 100 Index,Dividend Low Volatility100,11173.42,11284.11,11165.97,11275.97,118.96,1.07,3973115005.0,288.31,100.0,6.8,2024-06-07,6.8,288.31
20240611,930955,中证红利低波动100指数,红利低波100,CSI Dividend Low Volatility 100 Index,Dividend Low Volatility100,11257.49,11257.93,11065.71,11113.65,-162.32,-1.44,4233816968.0,303.22,100.0,6.69,2024-06-11,6.69,303.22
20240612,930955,中证红利低波动100指数,红利低波100,CSI Dividend Low Volatility 100 Index,Dividend Low Volatility100,11094.87,11133.54,11034.7,11119.42,5.77,0.05,3778123460.0,277.21,100.0,6.7,2024-06-12,6.7,277.21
20240613,930955,中证红利低波动100指数,红利低波100,CSI Dividend Low Volatility 100 Index,Dividend Low Volatility100,11093.4,11107.85,10927.84,10960.81,-158.61,-1.43,3520856915.0,257.68,100.0,6.69,2024-06-13,6.69,257.68
20240614,930955,中证红利低波动100指数,红利低波100,CSI Dividend Low Volatility 100 Index,Dividend Low Volatility100,10914.75,11026.81,10896.83,11001.19,40.38,0.37,5151486273.0,393.57,100.0,6.73,2024-06-14,6.73,393.57
20240617,930955,中证红利低波动100指数,红利低波100,CSI Dividend Low Volatility 100 Index,Dividend Low Volatility100,10969.51,11010.9,10890.84,10906.49,-94.7,-0.86,4713000974.0,358.98,100.0,6.8,2024-06-17,6.8,358.98
20240618,930955,中证红利低波动100指数,红利低波100,CSI Dividend Low Volatility 100 Index,Dividend Low Volatility100,10909.3,10988.69,10881.97,10963.92,57.43,0.53,3655689106.0,288.13,100.0,6.83,2024-06-18,6.83,288.13
20240619,930955,中证红利低波动100指数,红利低波100,CSI Dividend Low Volatility 100 Index,Dividend Low Volatility100,10953.91,10970.37,10899.05,10907.15,-56.77,-0.52,3510570985.0,284.21,100.0,6.86,2024-06-19,6.86,284.21
20240620,930955,中证红利低波动100指数,红利低波100,CSI Dividend Low Volatility 100 Index,Dividend Low Volatility100,10897.5,10928.55,10807.23,10822.1,-85.05,-0.78,3408218894.0,276.17,100.0,6.86,2024-06-20,6.86,276.17
20240621,930955,中证红利低波动100指数,红利低波100,CSI Dividend Low Volatility 100 Index,Dividend Low Volatility100,10789.38,10865.53,10780.81,10810.28,-11.82,-0.11,3544134794.0,282.19,100.0,6.84,2024-06-21,6.84,282.19
20240624,930955,中证红利低波动100指数,红利低波100,CSI Dividend Low Volatility 100 Index,Dividend Low Volatility100,10779.2,10780.66,10636.19,10682.63,-127.65,-1.18,4068880500.0,315.7,100.0,6.85,2024-06-24,6.85,315.7
20240625,930955,中证红利低波动100指数,红利低波100,CSI Dividend Low Volatility 100 Index,Dividend Low Volatility100,10678.98,10795.88,10678.98,10734.53,51.91,0.49,3863050767.0,298.32,100.0,6.87,2024-06-25,6.87,298.32
20240626,930955,中证红利低波动100指数,红利低波100,CSI Dividend Low Volatility 100 Index,Dividend Low Volatility100,10687.89,10777.44,10653.11,10767.93,33.39,0.31,3435271922.0,259.16,100.0,6.88,2024-06-26,6.88,259.16
20240627,930955,中证红利低波动100指数,红利低波100,CSI Dividend Low Volatility 100 Index,Dividend Low Volatility100,10736.21,10758.62,10666.76,10700.23,-67.7,-0.63,4185288704.0,319.59,100.0,6.9,2024-06-27,6.9,319.59
20240628,930955,中证红利低波动100指数,红利低波100,CSI Dividend Low Volatility 100 Index,Dividend Low Volatility100,10678.91,10822.51,10672.75,10740.19,39.96,0.37,4113943925.0,316.45,100.0,6.93,2024-06-28,6.93,316.45
20240701,930955,中证红利低波动100指数,红利低波100,CSI Dividend Low Volatility 100 Index,Dividend Low Volatility100,10735.82,10921.4,10735.82,10910.35,170.16,1.58,4020627174.0,311.75,100.0,7.03,2024-07-01,7.03,311.75
20240702,930955,中证红利低波动100指数,红利低波100,CSI Dividend Low Volatility 100 Index,Dividend Low Volatility100,10908.52,10961.95,10895.55,10943.44,33.1,0.3,4464889174.0,355.36,100.0,7.12,2024-07-02,7.12,355.36
20240703,930955,中证红利低波动100指数,红利低波100,CSI Dividend Low Volatility 100 Index,Dividend Low Volatility100,10930.85,10972.3,10890.28,10901.12,-42.33,-0.39,3729693099.0,289.79,100.0,7.06,2024-07-03,7.06,289.79
20240704,930955,中证红利低波动100指数,红利低波100,CSI Dividend Low Volatility 100 Index,Dividend Low Volatility100,10904.8,10937.31,10788.95,10804.57,-96.54,-0.89,3606745454.0,289.51,100.0,7.08,2024-07-04,7.08,289.51
20240705,930955,中证红利低波动100指数,红利低波100,CSI Dividend Low Volatility 100 Index,Dividend Low Volatility100,10795.7,10818.71,10692.54,10754.27,-50.3,-0.46,4262722129.0,351.96,100.0,6.97,2024-07-05,6.97,351.96
20240708,930955,中证红利低波动100指数,红利低波100,CSI Dividend Low Volatility 100 Index,Dividend Low Volatility100,10726.8,10760.39,10641.65,10658.6,-95.67,-0.89,3883453871.0,305.53,100.0,6.98,2024-07-08,6.98,305.53
20240709,930955,中证红利低波动100指数,红利低波100,CSI Dividend Low Volatility 100 Index,Dividend Low Volatility100,10643.02,10784.25,10573.82,10765.11,106.5,1.0,4049955704.0,319.4,100.0,7.02,2024-07-09,7.02,319.4
20240710,930955,中证红利低波动100指数,红利低波100,CSI Dividend Low Volatility 100 Index,Dividend Low Volatility100,10723.97,10734.04,10642.74,10652.7,-112.4,-1.04,3672843345.0,309.52,100.0,7.0,2024-07-10,7.0,309.52
20240711,930955,中证红利低波动100指数,红利低波100,CSI Dividend Low Volatility 100 Index,Dividend Low Volatility100,10697.96,10726.47,10666.78,10719.89,67.19,0.63,4187347405.0,329.05,100.0,6.95,2024-07-11,6.95,329.05
20240712,930955,中证红利低波动100指数,红利低波100,CSI Dividend Low Volatility 100 Index,Dividend Low Volatility100,10700.07,10764.96,10693.11,10728.98,9.09,0.08,4148544285.0,328.84,100.0,7.02,2024-07-12,7.02,328.84
20240715,930955,中证红利低波动100指数,红利低波100,CSI Dividend Low Volatility 100 Index,Dividend Low Volatility100,10715.74,10783.77,10669.18,10769.3,40.31,0.37,3837669524.0,287.67,100.0,7.11,2024-07-15,7.11,287.67
20240716,930955,中证红利低波动100指数,红利低波100,CSI Dividend Low Volatility 100 Index,Dividend Low Volatility100,10737.51,10749.55,10670.95,10710.04,-59.26,-0.55,3979388131.0,317.08,100.0,7.04,2024-07-16,7.04,317.08
20240717,930955,中证红利低波动100指数,红利低波100,CSI Dividend Low Volatility 100 Index,Dividend Low Volatility100,10687.79,10736.87,10656.01,10715.38,5.34,0.05,3773008133.0,324.33,100.0,7.04,2024-07-17,7.04,324.33
20240718,930955,中证红利低波动100指数,红利低波100,CSI Dividend Low Volatility 100 Index,Dividend Low Volatility100,10688.85,10750.51,10617.97,10743.55,28.17,0.26,3626539463.0,302.42,100.0,7.05,2024-07-18,7.05,302.42
20240719,930955,中证红利低波动100指数,红利低波100,CSI Dividend Low Volatility 100 Index,Dividend Low Volatility100,10721.92,10721.92,10642.34,10688.69,-54.86,-0.51,4235630956.0,346.24,100.0,7.05,2024-07-19,7.05,346.24
20240722,930955,中证红利低波动100指数,红利低波100,CSI Dividend Low Volatility 100 Index,Dividend Low Volatility100,10676.04,10679.24,10534.96,10580.33,-108.36,-1.01,4203357941.0,341.18,100.0,6.96,2024-07-22,6.96,341.18
20240723,930955,中证红利低波动100指数,红利低波100,CSI Dividend Low Volatility 100 Index,Dividend Low Volatility100,10574.81,10599.63,10478.23,10478.23,-102.11,-0.97,4666220881.0,346.03,100.0,7.0,2024-07-23,7.0,346.03
20240724,930955,中证红利低波动100指数,红利低波100,CSI Dividend Low Volatility 100 Index,Dividend Low Volatility100,10467.68,10518.95,10422.11,10467.88,-10.35,-0.1,4493010849.0,325.88,100.0,7.03,2024-07-24,7.03,325.88
20240725,930955,中证红利低波动100指数,红利低波100,CSI Dividend Low Volatility 100 Index,Dividend Low Volatility100,10449.64,10498.81,10402.7,10468.75,0.87,0.01,4678403621.0,342.18,100.0,6.99,2024-07-25,6.99,342.18
20240726,930955,中证红利低波动100指数,红利低波100,CSI Dividend Low Volatility 100 Index,Dividend Low Volatility100,10458.7,10496.61,10402.53,10464.17,-4.58,-0.04,4446858873.0,346.07,100.0,6.9,2024-07-26,6.9,346.07
20240729,930955,中证红利低波动100指数,红利低波100,CSI Dividend Low Volatility 100 Index,Dividend Low Volatility100,10463.38,10507.62,10425.32,10484.39,20.22,0.19,3835508617.0,278.51,100.0,6.97,2024-07-29,6.97,278.51
20240730,930955,中证红利低波动100指数,红利低波100,CSI Dividend Low Volatility 100 Index,Dividend Low Volatility100,10473.55,10474.86,10408.64,10464.89,-19.5,-0.19,3475637448.0,266.8,100.0,6.93,2024-07-30,6.93,266.8
20240731,930955,中证红利低波动100指数,红利低波100,CSI Dividend Low Volatility 100 Index,Dividend Low Volatility100,10469.21,10623.67,10456.34,10611.52,146.63,1.4,5257190074.0,398.25,100.0,6.91,2024-07-31,6.91,398.25
20240801,930955,中证红利低波动100指数,红利低波100,CSI Dividend Low Volatility 100 Index,Dividend Low Volatility100,10603.38,10647.91,10574.72,10594.12,-17.4,-0.16,4536734050.0,336.83,100.0,6.92,2024-08-01,6.92,336.83
20240802,930955,中证红利低波动100指数,红利低波100,CSI Dividend Low Volatility 100 Index,Dividend Low Volatility100,10561.78,10624.73,10532.97,10557.45,-36.67,-0.35,3456807546.0,258.22,100.0,6.9,2024-08-02,6.9,258.22
20240805,930955,中证红利低波动100指数,红利低波100,CSI Dividend Low Volatility 100 Index,Dividend Low Volatility100,10527.85,10621.42,10464.96,10464.96,-92.49,-0.88,4376168535.0,338.5,100.0,6.85,2024-08-05,6.85,338.5
20240806,930955,中证红利低波动100指数,红利低波100,CSI Dividend Low Volatility 100 Index,Dividend Low Volatility100,10500.93,10544.34,10398.29,10463.19,-1.76,-0.02,3867558299.0,300.08,100.0,6.79,2024-08-06,6.79,300.08
20240807,930955,中证红利低波动100指数,红利低波100,CSI Dividend Low Volatility 100 Index,Dividend Low Volatility100,10459.73,10507.72,10424.57,10461.25,-1.94,-0.02,3097942026.0,234.96,100.0,6.8,2024-08-07,6.8,234.96
20240808,930955,中证红利低波动100指数,红利低波100,CSI Dividend Low Volatility 100 Index,Dividend Low Volatility100,10458.26,10548.85,10451.5,10527.4,66.15,0.63,2695262673.0,213.43,100.0,6.82,2024-08-08,6.82,213.43
20240809,930955,中证红利低波动100指数,红利低波100,CSI Dividend Low Volatility 100 Index,Dividend Low Volatility100,10537.99,10577.41,10500.92,10500.92,-26.49,-0.25,2708391963.0,205.69,100.0,6.85,2024-08-09,6.85,205.69
20240812,930955,中证红利低波动100指数,红利低波100,CSI Dividend Low Volatility 100 Index,Dividend Low Volatility100,10490.8,10519.21,10461.33,10479.99,-20.93,-0.2,2744371708.0,195.25,100.0,6.86,2024-08-12,6.86,195.25
20240813,930955,中证红利低波动100指数,红利低波100,CSI Dividend Low Volatility 100 Index,Dividend Low Volatility100,10483.96,10526.17,10444.51,10512.17,32.19,0.31,2972435153.0,208.68,100.0,6.89,2024-08-13,6.89,208.68
20240814,930955,中证红利低波动100指数,红利低波100,CSI Dividend Low Volatility 100 Index,Dividend Low Volatility100,10491.09,10503.09,10424.72,10424.72,-87.45,-0.83,2554108444.0,186.17,100.0,6.87,2024-08-14,6.87,186.17
20240815,930955,中证红利低波动100指数,红利低波100,CSI Dividend Low Volatility 100 Index,Dividend Low Volatility100,10411.43,10555.34,10397.53,10517.45,92.73,0.89,3445088111.0,276.2,100.0,6.95,2024-08-15,6.95,276.2
20240816,930955,中证红利低波动100指数,红利低波100,CSI Dividend Low Volatility 100 Index,Dividend Low Volatility100,10511.61,10541.82,10466.84,10486.56,-30.88,-0.29,3588991889.0,255.78,100.0,7.01,2024-08-16,7.01,255.78
20240819,930955,中证红利低波动100指数,红利低波100,CSI Dividend Low Volatility 100 Index,Dividend Low Volatility100,10479.7,10590.87,10479.7,10575.55,88.99,0.85,4141234654.0,299.23,100.0,7.11,2024-08-19,7.11,299.23
20240820,930955,中证红利低波动100指数,红利低波100,CSI Dividend Low Volatility 100 Index,Dividend Low Volatility100,10584.23,10585.4,10428.71,10469.99,-105.56,-1.0,4003588034.0,292.29,100.0,7.11,2024-08-20,7.11,292.29
20240821,930955,中证红利低波动100指数,红利低波100,CSI Dividend Low Volatility 100 Index,Dividend Low Volatility100,10454.23,10454.23,10356.7,10384.6,-85.39,-0.81,3347272424.0,245.91,100.0,7.07,2024-08-21,7.07,245.91
20240822,930955,中证红利低波动100指数,红利低波100,CSI Dividend Low Volatility 100 Index,Dividend Low Volatility100,10385.75,10409.83,10354.63,10367.68,-16.92,-0.16,3694331742.0,277.12,100.0,7.12,2024-08-22,7.12,277.12
20240823,930955,中证红利低波动100指数,红利低波100,CSI Dividend Low Volatility 100 Index,Dividend Low Volatility100,10356.21,10403.44,10330.41,10390.26,22.58,0.22,3472753891.0,298.88,100.0,7.17,2024-08-23,7.17,298.88
20240826,930955,中证红利低波动100指数,红利低波100,CSI Dividend Low Volatility 100 Index,Dividend Low Volatility100,10388.45,10409.82,10346.24,10404.86,14.6,0.14,3362811808.0,265.47,100.0,7.17,2024-08-26,7.17,265.47
20240827,930955,中证红利低波动100指数,红利低波100,CSI Dividend Low Volatility 100 Index,Dividend Low Volatility100,10390.55,10417.97,10354.21,10383.2,-21.66,-0.21,3698463921.0,281.28,100.0,7.23,2024-08-27,7.23,281.28
20240828,930955,中证红利低波动100指数,红利低波100,CSI Dividend Low Volatility 100 Index,Dividend Low Volatility100,10356.46,10379.64,10291.12,10322.28,-60.92,-0.59,3609631894.0,283.12,100.0,7.17,2024-08-28,7.17,283.12
20240829,930955,中证红利低波动100指数,红利低波100,CSI Dividend Low Volatility 100 Index,Dividend Low Volatility100,10305.59,10306.38,10187.47,10187.47,-134.8,-1.31,5717089756.0,401.37,100.0,6.96,2024-08-29,6.96,401.37
20240830,930955,中证红利低波动100指数,红利低波100,CSI Dividend Low Volatility 100 Index,Dividend Low Volatility100,10171.81,10326.41,10137.99,10214.18,26.7,0.26,7946381695.0,611.24,100.0,6.85,2024-08-30,6.85,611.24
20240902,930955,中证红利低波动100指数,红利低波100,CSI Dividend Low Volatility 100 Index,Dividend Low Volatility100,10186.76,10246.9,10151.54,10175.81,-38.37,-0.37,6292538217.0,442.96,100.0,6.85,2024-09-02,6.85,442.96
20240903,930955,中证红利低波动100指数,红利低波100,CSI Dividend Low Volatility 100 Index,Dividend Low Volatility100,10167.69,10196.96,10100.63,10139.35,-36.46,-0.36,5557291498.0,384.01,100.0,6.72,2024-09-03,6.72,384.01
20240904,930955,中证红利低波动100指数,红利低波100,CSI Dividend Low Volatility 100 Index,Dividend Low Volatility100,10107.94,10149.12,10080.0,10082.18,-57.17,-0.56,3933557640.0,278.24,100.0,6.69,2024-09-04,6.69,278.24
20240905,930955,中证红利低波动100指数,红利低波100,CSI Dividend Low Volatility 100 Index,Dividend Low Volatility100,10084.35,10120.35,10057.12,10101.9,19.72,0.19,3742205622.0,286.8,100.0,6.66,2024-09-05,6.66,286.8
20240906,930955,中证红利低波动100指数,红利低波100,CSI Dividend Low Volatility 100 Index,Dividend Low Volatility100,10102.44,10154.92,10031.9,10034.42,-67.48,-0.67,3298095513.0,243.48,100.0,6.65,2024-09-06,6.65,243.48
20240909,930955,中证红利低波动100指数,红利低波100,CSI Dividend Low Volatility 100 Index,Dividend Low Volatility100,10009.43,10009.43,9876.61,9901.1,-133.32,-1.33,4198498300.0,309.07,100.0,6.56,2024-09-09,6.56,309.07
20240910,930955,中证红利低波动100指数,红利低波100,CSI Dividend Low Volatility 100 Index,Dividend Low Volatility100,9903.5,9929.77,9791.95,9885.57,-15.53,-0.16,3956305250.0,270.26,100.0,6.62,2024-09-10,6.62,270.26
20240911,930955,中证红利低波动100指数,红利低波100,CSI Dividend Low Volatility 100 Index,Dividend Low Volatility100,9848.73,9848.73,9672.69,9712.15,-173.42,-1.75,4341275979.0,288.9,100.0,6.48,2024-09-11,6.48,288.9
20240912,930955,中证红利低波动100指数,红利低波100,CSI Dividend Low Volatility 100 Index,Dividend Low Volatility100,9707.57,9756.17,9686.36,9718.41,6.26,0.06,3686395736.0,259.33,100.0,6.5,2024-09-12,6.5,259.33
20240913,930955,中证红利低波动100指数,红利低波100,CSI Dividend Low Volatility 100 Index,Dividend Low Volatility100,9715.51,9772.45,9688.81,9696.11,-22.3,-0.23,3522632860.0,243.73,100.0,6.48,2024-09-13,6.48,243.73
20240918,930955,中证红利低波动100指数,红利低波100,CSI Dividend Low Volatility 100 Index,Dividend Low Volatility100,9694.17,9796.12,9656.63,9787.2,91.09,0.94,3189507453.0,254.85,100.0,6.56,2024-09-18,6.56,254.85
20240919,930955,中证红利低波动100指数,红利低波100,CSI Dividend Low Volatility 100 Index,Dividend Low Volatility100,9806.65,9887.45,9729.21,9835.11,47.91,0.49,3999563025.0,327.9,100.0,6.56,2024-09-19,6.56,327.9
20240920,930955,中证红利低波动100指数,红利低波100,CSI Dividend Low Volatility 100 Index,Dividend Low Volatility100,9820.88,9837.14,9759.05,9814.29,-20.82,-0.21,3980472668.0,319.38,100.0,6.6,2024-09-20,6.6,319.38
20240923,930955,中证红利低波动100指数,红利低波100,CSI Dividend Low Volatility 100 Index,Dividend Low Volatility100,9806.61,9900.27,9800.82,9882.87,68.58,0.7,3426917779.0,272.89,100.0,6.68,2024-09-23,6.68,272.89
20240924,930955,中证红利低波动100指数,红利低波100,CSI Dividend Low Volatility 100 Index,Dividend Low Volatility100,9940.88,10269.7,9940.88,10269.7,386.82,3.91,7172199219.0,609.09,100.0,6.96,2024-09-24,6.96,609.09
20240925,930955,中证红利低波动100指数,红利低波100,CSI Dividend Low Volatility 100 Index,Dividend Low Volatility100,10394.99,10618.53,10394.99,10443.71,174.01,1.69,8582941760.0,747.66,100.0,7.05,2024-09-25,7.05,747.66
20240926,930955,中证红利低波动100指数,红利低波100,CSI Dividend Low Volatility 100 Index,Dividend Low Volatility100,10436.97,10852.1,10424.26,10851.08,407.37,3.9,8565826624.0,778.9,100.0,7.28,2024-09-26,7.28,778.9
20240927,930955,中证红利低波动100指数,红利低波100,CSI Dividend Low Volatility 100 Index,Dividend Low Volatility100,11020.65,11102.21,10849.78,11030.85,179.76,1.66,8310786950.0,787.13,100.0,7.22,2024-09-27,7.22,787.13
20240930,930955,中证红利低波动100指数,红利低波100,CSI Dividend Low Volatility 100 Index,Dividend Low Volatility100,11344.56,11872.59,11240.94,11786.94,756.1,6.85,18346991086.0,1718.55,100.0,7.56,2024-09-30,7.56,1718.55
20241008,930955,中证红利低波动100指数,红利低波100,CSI Dividend Low Volatility 100 Index,Dividend Low Volatility100,12886.6,12886.6,11729.88,12053.56,266.62,2.26,20641136381.0,2105.16,100.0,7.68,2024-10-08,7.68,2105.16
20241009,930955,中证红利低波动100指数,红利低波100,CSI Dividend Low Volatility 100 Index,Dividend Low Volatility100,11852.06,11852.06,11153.11,11153.99,-899.58,-7.46,14159697891.0,1360.84,100.0,7.26,2024-10-09,7.26,1360.84
20241010,930955,中证红利低波动100指数,红利低波100,CSI Dividend Low Volatility 100 Index,Dividend Low Volatility100,11225.0,11675.18,11155.63,11457.18,303.2,2.72,12614869303.0,1167.37,100.0,7.55,2024-10-10,7.55,1167.37
20241011,930955,中证红利低波动100指数,红利低波100,CSI Dividend Low Volatility 100 Index,Dividend Low Volatility100,11469.54,11544.85,11176.25,11268.04,-189.15,-1.65,8165011178.0,735.08,100.0,7.49,2024-10-11,7.49,735.08
20241014,930955,中证红利低波动100指数,红利低波100,CSI Dividend Low Volatility 100 Index,Dividend Low Volatility100,11408.21,11624.38,11346.67,11565.29,297.25,2.64,11063043568.0,1034.57,100.0,7.69,2024-10-14,7.69,1034.57
20241015,930955,中证红利低波动100指数,红利低波100,CSI Dividend Low Volatility 100 Index,Dividend Low Volatility100,11513.8,11568.16,11295.72,11295.72,-269.57,-2.33,8039180697.0,735.82,100.0,7.5,2024-10-15,7.5,735.82
20241016,930955,中证红利低波动100指数,红利低波100,CSI Dividend Low Volatility 100 Index,Dividend Low Volatility100,11231.7,11558.0,11229.46,11473.21,177.49,1.57,8118214961.0,735.47,100.0,7.6,2024-10-16,7.6,735.47
20241017,930955,中证红利低波动100指数,红利低波100,CSI Dividend Low Volatility 100 Index,Dividend Low Volatility100,11507.8,11551.26,11277.35,11277.35,-195.86,-1.71,6910167423.0,653.71,100.0,7.5,2024-10-17,7.5,653.71
20241018,930955,中证红利低波动100指数,红利低波100,CSI Dividend Low Volatility 100 Index,Dividend Low Volatility100,11239.82,11540.86,11110.27,11386.79,109.44,0.97,8768470942.0,839.78,100.0,7.56,2024-10-18,7.56,839.78
20241021,930955,中证红利低波动100指数,红利低波100,CSI Dividend Low Volatility 100 Index,Dividend Low Volatility100,11410.47,11412.34,11225.65,11301.73,-85.06,-0.75,8142319910.0,728.22,100.0,7.46,2024-10-21,7.46,728.22
20241022,930955,中证红利低波动100指数,红利低波100,CSI Dividend Low Volatility 100 Index,Dividend Low Volatility100,11294.1,11381.3,11272.23,11381.3,79.57,0.7,6012448389.0,559.35,100.0,7.49,2024-10-22,7.49,559.35
20241023,930955,中证红利低波动100指数,红利低波100,CSI Dividend Low Volatility 100 Index,Dividend Low Volatility100,11381.0,11478.16,11368.77,11432.64,51.34,0.45,5818505509.0,565.79,100.0,7.5,2024-10-23,7.5,565.79
20241024,930955,中证红利低波动100指数,红利低波100,CSI Dividend Low Volatility 100 Index,Dividend Low Volatility100,11398.21,11428.7,11308.54,11358.23,-74.42,-0.65,4454392840.0,396.39,100.0,7.48,2024-10-24,7.48,396.39
20241025,930955,中证红利低波动100指数,红利低波100,CSI Dividend Low Volatility 100 Index,Dividend Low Volatility100,11351.14,11426.1,11348.4,11396.59,38.36,0.34,5122211391.0,455.65,100.0,7.44,2024-10-25,7.44,455.65
20241028,930955,中证红利低波动100指数,红利低波100,CSI Dividend Low Volatility 100 Index,Dividend Low Volatility100,11382.86,11478.24,11329.15,11478.24,81.65,0.72,6459340740.0,555.65,100.0,7.41,2024-10-28,7.41,555.65
20241029,930955,中证红利低波动100指数,红利低波100,CSI Dividend Low Volatility 100 Index,Dividend Low Volatility100,11479.36,11503.4,11288.76,11301.35,-176.88,-1.54,6347443826.0,550.46,100.0,7.38,2024-10-29,7.38,550.46
20241030,930955,中证红利低波动100指数,红利低波100,CSI Dividend Low Volatility 100 Index,Dividend Low Volatility100,11262.03,11346.5,11168.56,11233.83,-67.52,-0.6,5783020257.0,536.13,100.0,7.29,2024-10-30,7.29,536.13
20241031,930955,中证红利低波动100指数,红利低波100,CSI Dividend Low Volatility 100 Index,Dividend Low Volatility100,11225.19,11307.53,11149.36,11256.86,23.03,0.2,6775975164.0,665.09,100.0,7.27,2024-10-31,7.27,665.09
20241101,930955,中证红利低波动100指数,红利低波100,CSI Dividend Low Volatility 100 Index,Dividend Low Volatility100,11246.19,11397.83,11229.28,11307.91,51.05,0.45,7297894501.0,642.18,100.0,7.34,2024-11-01,7.34,642.18
20241104,930955,中证红利低波动100指数,红利低波100,CSI Dividend Low Volatility 100 Index,Dividend Low Volatility100,11333.05,11430.1,11243.0,11430.1,122.19,1.08,5736695462.0,509.03,100.0,7.37,2024-11-04,7.37,509.03
20241105,930955,中证红利低波动100指数,红利低波100,CSI Dividend Low Volatility 100 Index,Dividend Low Volatility100,11424.1,11624.08,11405.01,11624.08,193.98,1.7,6916340904.0,662.35,100.0,7.44,2024-11-05,7.44,662.35
20241106,930955,中证红利低波动100指数,红利低波100,CSI Dividend Low Volatility 100 Index,Dividend Low Volatility100,11636.19,11651.66,11522.24,11595.32,-28.76,-0.25,7098578914.0,708.09,100.0,7.37,2024-11-06,7.37,708.09
20241107,930955,中证红利低波动100指数,红利低波100,CSI Dividend Low Volatility 100 Index,Dividend Low Volatility100,11535.26,11914.14,11525.9,11914.14,318.82,2.75,8521309423.0,855.99,100.0,7.53,2024-11-07,7.53,855.99
20241108,930955,中证红利低波动100指数,红利低波100,CSI Dividend Low Volatility 100 Index,Dividend Low Volatility100,11984.03,12009.36,11701.5,11747.38,-166.77,-1.4,8116255688.0,789.7,100.0,7.44,2024-11-08,7.44,789.7
20241111,930955,中证红利低波动100指数,红利低波100,CSI Dividend Low Volatility 100 Index,Dividend Low Volatility100,11691.16,11727.49,11540.72,11683.72,-63.66,-0.54,7300411925.0,661.72,100.0,7.34,2024-11-11,7.34,661.72
20241112,930955,中证红利低波动100指数,红利低波100,CSI Dividend Low Volatility 100 Index,Dividend Low Volatility100,11697.72,11796.49,11568.32,11618.78,-64.94,-0.56,6900052843.0,668.57,100.0,7.28,2024-11-12,7.28,668.57
20241113,930955,中证红利低波动100指数,红利低波100,CSI Dividend Low Volatility 100 Index,Dividend Low Volatility100,11597.21,11714.57,11586.61,11660.46,41.68,0.36,6030119092.0,548.05,100.0,7.32,2024-11-13,7.32,548.05
20241114,930955,中证红利低波动100指数,红利低波100,CSI Dividend Low Volatility 100 Index,Dividend Low Volatility100,11653.94,11678.76,11496.05,11503.39,-157.06,-1.35,6342244513.0,567.74,100.0,7.32,2024-11-14,7.32,567.74
20241115,930955,中证红利低波动100指数,红利低波100,CSI Dividend Low Volatility 100 Index,Dividend Low Volatility100,11472.31,11588.23,11429.16,11429.16,-74.23,-0.65,6320204984.0,556.08,100.0,7.3,2024-11-15,7.3,556.08
20241118,930955,中证红利低波动100指数,红利低波100,CSI Dividend Low Volatility 100 Index,Dividend Low Volatility100,11527.87,11788.15,11527.87,11594.01,164.85,1.44,11542256619.0,878.62,100.0,7.41,2024-11-18,7.41,878.62
20241119,930955,中证红利低波动100指数,红利低波100,CSI Dividend Low Volatility 100 Index,Dividend Low Volatility100,11575.38,11664.78,11457.76,11609.08,15.07,0.13,8168619038.0,613.34,100.0,7.38,2024-11-19,7.38,613.34
20241120,930955,中证红利低波动100指数,红利低波100,CSI Dividend Low Volatility 100 Index,Dividend Low Volatility100,11575.75,11639.83,11541.64,11635.59,26.51,0.23,5622168730.0,445.01,100.0,7.37,2024-11-20,7.37,445.01
20241121,930955,中证红利低波动100指数,红利低波100,CSI Dividend Low Volatility 100 Index,Dividend Low Volatility100,11618.42,11668.22,11575.56,11641.71,6.12,0.05,4571194620.0,388.35,100.0,7.37,2024-11-21,7.37,388.35
20241122,930955,中证红利低波动100指数,红利低波100,CSI Dividend Low Volatility 100 Index,Dividend Low Volatility100,11635.88,11677.28,11307.49,11307.49,-334.22,-2.87,6051427115.0,542.13,100.0,7.21,2024-11-22,7.21,542.13
20241125,930955,中证红利低波动100指数,红利低波100,CSI Dividend Low Volatility 100 Index,Dividend Low Volatility100,11319.62,11443.36,11274.16,11337.76,30.27,0.27,5397347846.0,478.31,100.0,7.22,2024-11-25,7.22,478.31
20241126,930955,中证红利低波动100指数,红利低波100,CSI Dividend Low Volatility 100 Index,Dividend Low Volatility100,11317.34,11394.87,11294.58,11334.48,-3.28,-0.03,4797346910.0,397.09,100.0,7.28,2024-11-26,7.28,397.09
20241127,930955,中证红利低波动100指数,红利低波100,CSI Dividend Low Volatility 100 Index,Dividend Low Volatility100,11306.39,11449.03,11199.3,11449.03,114.55,1.01,5015926324.0,415.21,100.0,7.35,2024-11-27,7.35,415.21
20241128,930955,中证红利低波动100指数,红利低波100,CSI Dividend Low Volatility 100 Index,Dividend Low Volatility100,11441.09,11501.86,11406.1,11435.8,-13.22,-0.11,4421542306.0,372.49,100.0,7.32,2024-11-28,7.32,372.49
20241129,930955,中证红利低波动100指数,红利低波100,CSI Dividend Low Volatility 100 Index,Dividend Low Volatility100,11439.04,11576.27,11439.04,11509.02,73.22,0.64,5605365034.0,480.07,100.0,7.32,2024-11-29,7.32,480.07
20241202,930955,中证红利低波动100指数,红利低波100,CSI Dividend Low Volatility 100 Index,Dividend Low Volatility100,11515.22,11617.26,11486.25,11596.57,87.55,0.76,6302987014.0,535.38,100.0,7.32,2024-12-02,7.32,535.38
20241203,930955,中证红利低波动100指数,红利低波100,CSI Dividend Low Volatility 100 Index,Dividend Low Volatility100,11598.92,11705.44,11542.7,11700.43,103.86,0.89,6332355662.0,532.6,100.0,7.41,2024-12-03,7.41,532.6
20241204,930955,中证红利低波动100指数,红利低波100,CSI Dividend Low Volatility 100 Index,Dividend Low Volatility100,11661.23,11722.47,11610.51,11672.76,-27.68,-0.24,5662020769.0,518.24,100.0,7.45,2024-12-04,7.45,518.24
20241205,930955,中证红利低波动100指数,红利低波100,CSI Dividend Low Volatility 100 Index,Dividend Low Volatility100,11651.81,11683.42,11620.22,11658.74,-14.02,-0.12,4352858513.0,384.25,100.0,7.44,2024-12-05,7.44,384.25
20241206,930955,中证红利低波动100指数,红利低波100,CSI Dividend Low Volatility 100 Index,Dividend Low Volatility100,11659.37,11821.34,11659.37,11807.62,148.88,1.28,6376321810.0,559.68,100.0,7.51,2024-12-06,7.51,559.68
20241209,930955,中证红利低波动100指数,红利低波100,CSI Dividend Low Volatility 100 Index,Dividend Low Volatility100,11809.72,11893.16,11773.35,11813.89,6.27,0.05,6085598010.0,515.61,100.0,7.53,2024-12-09,7.53,515.61
20241210,930955,中证红利低波动100指数,红利低波100,CSI Dividend Low Volatility 100 Index,Dividend Low Volatility100,12055.86,12083.81,11806.76,11823.96,10.07,0.08,7788636600.0,737.66,100.0,7.6,2024-12-10,7.6,737.66
20241211,930955,中证红利低波动100指数,红利低波100,CSI Dividend Low Volatility 100 Index,Dividend Low Volatility100,11793.54,11919.23,11792.55,11883.05,59.1,0.5,5986230137.0,513.02,100.0,7.55,2024-12-11,7.55,513.02
20241212,930955,中证红利低波动100指数,红利低波100,CSI Dividend Low Volatility 100 Index,Dividend Low Volatility100,11886.92,11996.05,11839.25,11988.28,105.23,0.89,6300816299.0,546.97,100.0,7.63,2024-12-12,7.63,546.97
20241213,930955,中证红利低波动100指数,红利低波100,CSI Dividend Low Volatility 100 Index,Dividend Low Volatility100,11958.75,11958.75,11745.69,11752.19,-236.09,-1.97,8525841023.0,755.65,100.0,7.51,2024-12-13,7.51,755.65
20241216,930955,中证红利低波动100指数,红利低波100,CSI Dividend Low Volatility 100 Index,Dividend Low Volatility100,11745.21,11903.69,11745.21,11859.66,107.47,0.91,7000836437.0,647.7,100.0,7.73,2024-12-16,7.73,647.7
20241217,930955,中证红利低波动100指数,红利低波100,CSI Dividend Low Volatility 100 Index,Dividend Low Volatility100,11850.06,11936.88,11807.69,11822.91,-36.74,-0.31,6206977975.0,565.2,100.0,7.72,2024-12-17,7.72,565.2
20241218,930955,中证红利低波动100指数,红利低波100,CSI Dividend Low Volatility 100 Index,Dividend Low Volatility100,11848.82,11963.39,11848.82,11876.33,53.42,0.45,6524833100.0,580.99,100.0,7.78,2024-12-18,7.78,580.99
20241219,930955,中证红利低波动100指数,红利低波100,CSI Dividend Low Volatility 100 Index,Dividend Low Volatility100,11808.02,11841.62,11718.09,11778.6,-97.73,-0.82,5516235462.0,487.35,100.0,7.71,2024-12-19,7.71,487.35
20241220,930955,中证红利低波动100指数,红利低波100,CSI Dividend Low Volatility 100 Index,Dividend Low Volatility100,11756.33,11790.32,11684.45,11690.35,-88.25,-0.75,5320709954.0,475.02,100.0,7.67,2024-12-20,7.67,475.02
20241223,930955,中证红利低波动100指数,红利低波100,CSI Dividend Low Volatility 100 Index,Dividend Low Volatility100,11685.46,11810.05,11682.82,11704.91,14.56,0.12,7053497090.0,629.2,100.0,7.79,2024-12-23,7.79,629.2
20241224,930955,中证红利低波动100指数,红利低波100,CSI Dividend Low Volatility 100 Index,Dividend Low Volatility100,11697.2,11837.86,11697.2,11835.34,130.42,1.11,5681482740.0,552.42,100.0,7.88,2024-12-24,7.88,552.42
20241225,930955,中证红利低波动100指数,红利低波100,CSI Dividend Low Volatility 100 Index,Dividend Low Volatility100,11841.99,11905.25,11801.85,11902.78,67.44,0.57,6140607551.0,554.45,100.0,7.97,2024-12-25,7.97,554.45
20241226,930955,中证红利低波动100指数,红利低波100,CSI Dividend Low Volatility 100 Index,Dividend Low Volatility100,11890.33,11897.49,11812.74,11828.28,-74.5,-0.63,4954356423.0,456.54,100.0,7.94,2024-12-26,7.94,456.54
20241227,930955,中证红利低波动100指数,红利低波100,CSI Dividend Low Volatility 100 Index,Dividend Low Volatility100,11821.36,11898.1,11760.87,11893.88,65.6,0.55,5740294983.0,527.67,100.0,7.94,2024-12-27,7.94,527.67
20241230,930955,中证红利低波动100指数,红利低波100,CSI Dividend Low Volatility 100 Index,Dividend Low Volatility100,11879.1,11964.51,11879.1,11949.86,55.98,0.47,5895030726.0,560.07,100.0,8.02,2024-12-30,8.02,560.07
20241231,930955,中证红利低波动100指数,红利低波100,CSI Dividend Low Volatility 100 Index,Dividend Low Volatility100,11943.52,12019.82,11871.74,11875.24,-74.62,-0.62,6504534009.0,616.23,100.0,7.97,2024-12-31,7.97,616.23
20250102,930955,中证红利低波动100指数,红利低波100,CSI Dividend Low Volatility 100 Index,Dividend Low Volatility100,11874.42,11941.02,11559.11,11614.7,-260.54,-2.19,7610642112.0,722.19,100.0,7.8,2025-01-02,7.8,722.19
20250103,930955,中证红利低波动100指数,红利低波100,CSI Dividend Low Volatility 100 Index,Dividend Low Volatility100,11628.41,11712.21,11500.7,11521.56,-93.14,-0.8,6132173043.0,557.23,100.0,7.74,2025-01-03,7.74,557.23
20250106,930955,中证红利低波动100指数,红利低波100,CSI Dividend Low Volatility 100 Index,Dividend Low Volatility100,11512.41,11589.65,11462.39,11576.48,54.91,0.48,5725596890.0,519.92,100.0,7.77,2025-01-06,7.77,519.92
20250107,930955,中证红利低波动100指数,红利低波100,CSI Dividend Low Volatility 100 Index,Dividend Low Volatility100,11558.97,11587.52,11440.17,11525.06,-51.42,-0.44,4761152556.0,431.39,100.0,7.77,2025-01-07,7.77,431.39
20250108,930955,中证红利低波动100指数,红利低波100,CSI Dividend Low Volatility 100 Index,Dividend Low Volatility100,11499.53,11571.02,11380.86,11534.97,9.91,0.09,5688700672.0,546.26,100.0,7.8,2025-01-08,7.8,546.26
20250109,930955,中证红利低波动100指数,红利低波100,CSI Dividend Low Volatility 100 Index,Dividend Low Volatility100,11499.1,11499.1,11374.06,11374.06,-160.91,-1.39,4483970174.0,428.75,100.0,7.72,2025-01-09,7.72,428.75
20250110,930955,中证红利低波动100指数,红利低波100,CSI Dividend Low Volatility 100 Index,Dividend Low Volatility100,11377.69,11406.36,11234.09,11234.09,-139.97,-1.23,4367132708.0,410.3,100.0,7.65,2025-01-10,7.65,410.3
20250113,930955,中证红利低波动100指数,红利低波100,CSI Dividend Low Volatility 100 Index,Dividend Low Volatility100,11181.94,11235.79,11080.63,11139.04,-95.05,-0.85,4736050731.0,430.51,100.0,7.55,2025-01-13,7.55,430.51
20250114,930955,中证红利低波动100指数,红利低波100,CSI Dividend Low Volatility 100 Index,Dividend Low Volatility100,11141.97,11331.36,11136.76,11307.6,168.56,1.51,5039328890.0,471.14,100.0,7.63,2025-01-14,7.63,471.14
20250115,930955,中证红利低波动100指数,红利低波100,CSI Dividend Low Volatility 100 Index,Dividend Low Volatility100,11287.35,11405.47,11267.1,11307.83,0.23,0.0,4820283568.0,447.08,100.0,7.65,2025-01-15,7.65,447.08
20250116,930955,中证红利低波动100指数,红利低波100,CSI Dividend Low Volatility 100 Index,Dividend Low Volatility100,11347.63,11430.34,11327.35,11379.49,71.66,0.63,4567157495.0,422.26,100.0,7.7,2025-01-16,7.7,422.26
20250117,930955,中证红利低波动100指数,红利低波100,CSI Dividend Low Volatility 100 Index,Dividend Low Volatility100,11357.6,11410.45,11291.95,11377.15,-2.34,-0.02,4091679397.0,368.48,100.0,7.66,2025-01-17,7.66,368.48
20250120,930955,中证红利低波动100指数,红利低波100,CSI Dividend Low Volatility 100 Index,Dividend Low Volatility100,11405.28,11436.58,11331.34,11345.73,-31.42,-0.28,4290731620.0,418.06,100.0,7.62,2025-01-20,7.62,418.06
20250121,930955,中证红利低波动100指数,红利低波100,CSI Dividend Low Volatility 100 Index,Dividend Low Volatility100,11381.03,11382.12,11251.91,11272.89,-72.84,-0.64,4016928579.0,365.42,100.0,7.59,2025-01-21,7.59,365.42
20250122,930955,中证红利低波动100指数,红利低波100,CSI Dividend Low Volatility 100 Index,Dividend Low Volatility100,11247.31,11247.31,11128.44,11171.23,-101.66,-0.9,4544978647.0,423.45,100.0,7.48,2025-01-22,7.48,423.45
20250123,930955,中证红利低波动100指数,红利低波100,CSI Dividend Low Volatility 100 Index,Dividend Low Volatility100,11235.05,11349.63,11235.05,11272.49,101.25,0.91,6278536299.0,546.89,100.0,7.61,2025-01-23,7.61,546.89
20250124,930955,中证红利低波动100指数,红利低波100,CSI Dividend Low Volatility 100 Index,Dividend Low Volatility100,11249.66,11367.29,11225.46,11331.88,59.4,0.53,4852270567.0,450.02,100.0,7.63,2025-01-24,7.63,450.02
20250127,930955,中证红利低波动100指数,红利低波100,CSI Dividend Low Volatility 100 Index,Dividend Low Volatility100,11343.97,11510.3,11343.84,11470.99,139.1,1.23,5260131373.0,476.5,100.0,7.76,2025-01-27,7.76,476.5
20250205,930955,中证红利低波动100指数,红利低波100,CSI Dividend Low Volatility 100 Index,Dividend Low Volatility100,11496.76,11496.76,11240.88,11260.25,-210.74,-1.84,5008399664.0,467.49,100.0,7.6,2025-02-05,7.6,467.49
20250206,930955,中证红利低波动100指数,红利低波100,CSI Dividend Low Volatility 100 Index,Dividend Low Volatility100,11253.64,11292.18,11198.66,11272.25,12.0,0.11,4341335022.0,397.46,100.0,7.61,2025-02-06,7.61,397.46
20250207,930955,中证红利低波动100指数,红利低波100,CSI Dividend Low Volatility 100 Index,Dividend Low Volatility100,11261.36,11380.6,11218.69,11343.9,71.65,0.63,5696179076.0,535.66,100.0,7.63,2025-02-07,7.63,535.66
20250210,930955,中证红利低波动100指数,红利低波100,CSI Dividend Low Volatility 100 Index,Dividend Low Volatility100,11350.34,11383.37,11330.26,11339.83,-4.07,-0.03,5177316577.0,502.76,100.0,7.64,2025-02-10,7.64,502.76
20250211,930955,中证红利低波动100指数,红利低波100,CSI Dividend Low Volatility 100 Index,Dividend Low Volatility100,11351.09,11415.6,11341.88,11412.66,72.83,0.64,5759799455.0,518.85,100.0,7.72,2025-02-11,7.72,518.85
20250212,930955,中证红利低波动100指数,红利低波100,CSI Dividend Low Volatility 100 Index,Dividend Low Volatility100,11395.82,11414.19,11342.55,11409.66,-3.0,-0.03,4958660769.0,461.71,100.0,7.75,2025-02-12,7.75,461.71
20250213,930955,中证红利低波动100指数,红利低波100,CSI Dividend Low Volatility 100 Index,Dividend Low Volatility100,11402.0,11459.71,11400.93,11410.56,0.9,0.01,5314688099.0,508.58,100.0,7.76,2025-02-13,7.76,508.58
20250214,930955,中证红利低波动100指数,红利低波100,CSI Dividend Low Volatility 100 Index,Dividend Low Volatility100,11404.41,11427.57,11352.36,11421.2,10.65,0.09,5072601759.0,478.84,100.0,7.8,2025-02-14,7.8,478.84
20250217,930955,中证红利低波动100指数,红利低波100,CSI Dividend Low Volatility 100 Index,Dividend Low Volatility100,11422.63,11425.98,11348.08,11420.83,-0.38,0.0,5915005547.0,581.68,100.0,7.8,2025-02-17,7.8,581.68
20250218,930955,中证红利低波动100指数,红利低波100,CSI Dividend Low Volatility 100 Index,Dividend Low Volatility100,11406.55,11502.96,11377.77,11407.31,-13.51,-0.12,6566433167.0,597.16,100.0,7.84,2025-02-18,7.84,597.16
20250219,930955,中证红利低波动100指数,红利低波100,CSI Dividend Low Volatility 100 Index,Dividend Low Volatility100,11397.13,11413.99,11360.55,11400.07,-7.24,-0.06,5322215283.0,510.02,100.0,7.81,2025-02-19,7.81,510.02
20250220,930955,中证红利低波动100指数,红利低波100,CSI Dividend Low Volatility 100 Index,Dividend Low Volatility100,11384.8,11384.8,11336.05,11344.31,-55.76,-0.49,4252085058.0,417.96,100.0,7.79,2025-02-20,7.79,417.96
20250221,930955,中证红利低波动100指数,红利低波100,CSI Dividend Low Volatility 100 Index,Dividend Low Volatility100,11355.76,11360.49,11284.91,11302.45,-41.87,-0.37,6756089400.0,669.52,100.0,7.73,2025-02-21,7.73,669.52
20250224,930955,中证红利低波动100指数,红利低波100,CSI Dividend Low Volatility 100 Index,Dividend Low Volatility100,11319.22,11374.38,11299.04,11322.24,19.8,0.18,6356350911.0,624.06,100.0,7.7,2025-02-24,7.7,624.06
20250225,930955,中证红利低波动100指数,红利低波100,CSI Dividend Low Volatility 100 Index,Dividend Low Volatility100,11288.43,11304.27,11207.57,11222.53,-99.72,-0.88,5334189507.0,534.43,100.0,7.63,2025-02-25,7.63,534.43
20250226,930955,中证红利低波动100指数,红利低波100,CSI Dividend Low Volatility 100 Index,Dividend Low Volatility100,11229.51,11328.05,11229.51,11326.74,104.21,0.93,5387390928.0,502.83,100.0,7.67,2025-02-26,7.67,502.83
20250227,930955,中证红利低波动100指数,红利低波100,CSI Dividend Low Volatility 100 Index,Dividend Low Volatility100,11333.07,11411.78,11317.5,11411.78,85.04,0.75,5697648207.0,573.6,100.0,7.73,2025-02-27,7.73,573.6
20250228,930955,中证红利低波动100指数,红利低波100,CSI Dividend Low Volatility 100 Index,Dividend Low Volatility100,11399.72,11444.39,11334.09,11340.39,-71.39,-0.63,5740770957.0,572.34,100.0,7.68,2025-02-28,7.68,572.34
20250303,930955,中证红利低波动100指数,红利低波100,CSI Dividend Low Volatility 100 Index,Dividend Low Volatility100,11357.06,11402.9,11306.05,11329.91,-10.48,-0.09,5209674259.0,482.01,100.0,7.67,2025-03-03,7.67,482.01
20250304,930955,中证红利低波动100指数,红利低波100,CSI Dividend Low Volatility 100 Index,Dividend Low Volatility100,11307.22,11365.35,11289.22,11347.22,17.31,0.15,4253027850.0,409.64,100.0,7.64,2025-03-04,7.64,409.64
20250305,930955,中证红利低波动100指数,红利低波100,CSI Dividend Low Volatility 100 Index,Dividend Low Volatility100,11355.22,11390.23,11311.85,11390.23,43.01,0.38,5682022206.0,511.88,100.0,7.74,2025-03-05,7.74,511.88
20250306,930955,中证红利低波动100指数,红利低波100,CSI Dividend Low Volatility 100 Index,Dividend Low Volatility100,11399.7,11400.02,11315.38,11373.01,-17.21,-0.15,5640559212.0,542.78,100.0,7.72,2025-03-06,7.72,542.78
20250307,930955,中证红利低波动100指数,红利低波100,CSI Dividend Low Volatility 100 Index,Dividend Low Volatility100,11358.54,11419.72,11350.78,11381.58,8.57,0.08,4563044630.0,454.56,100.0,7.72,2025-03-07,7.72,454.56
20250310,930955,中证红利低波动100指数,红利低波100,CSI Dividend Low Volatility 100 Index,Dividend Low Volatility100,11395.19,11406.19,11325.13,11361.18,-20.41,-0.18,4549600892.0,437.4,100.0,7.66,2025-03-10,7.66,437.4
20250311,930955,中证红利低波动100指数,红利低波100,CSI Dividend Low Volatility 100 Index,Dividend Low Volatility100,11320.65,11446.41,11308.85,11446.41,85.24,0.75,4362600955.0,450.61,100.0,7.71,2025-03-11,7.71,450.61
20250312,930955,中证红利低波动100指数,红利低波100,CSI Dividend Low Volatility 100 Index,Dividend Low Volatility100,11456.41,11456.44,11372.3,11376.56,-69.85,-0.61,4348138106.0,442.65,100.0,7.65,2025-03-12,7.65,442.65
20250313,930955,中证红利低波动100指数,红利低波100,CSI Dividend Low Volatility 100 Index,Dividend Low Volatility100,11377.93,11431.5,11353.24,11405.09,28.53,0.25,4931712354.0,500.39,100.0,7.69,2025-03-13,7.69,500.39
20250314,930955,中证红利低波动100指数,红利低波100,CSI Dividend Low Volatility 100 Index,Dividend Low Volatility100,11411.38,11513.47,11411.38,11508.94,103.85,0.91,6975285152.0,738.89,100.0,7.78,2025-03-14,7.78,738.89
20250317,930955,中证红利低波动100指数,红利低波100,CSI Dividend Low Volatility 100 Index,Dividend Low Volatility100,11531.23,11586.45,11528.85,11554.33,45.38,0.39,5570888213.0,552.15,100.0,7.67,2025-03-17,7.67,552.15
20250318,930955,中证红利低波动100指数,红利低波100,CSI Dividend Low Volatility 100 Index,Dividend Low Volatility100,11571.77,11573.81,11510.02,11536.3,-18.03,-0.16,3957087434.0,400.67,100.0,7.66,2025-03-18,7.66,400.67
20250319,930955,中证红利低波动100指数,红利低波100,CSI Dividend Low Volatility 100 Index,Dividend Low Volatility100,11535.08,11571.92,11502.23,11556.72,20.42,0.18,4516797266.0,433.3,100.0,7.7,2025-03-19,7.7,433.3
20250320,930955,中证红利低波动100指数,红利低波100,CSI Dividend Low Volatility 100 Index,Dividend Low Volatility100,11557.23,11580.86,11501.11,11512.53,-44.19,-0.38,4222229456.0,451.43,100.0,7.66,2025-03-20,7.66,451.43
20250321,930955,中证红利低波动100指数,红利低波100,CSI Dividend Low Volatility 100 Index,Dividend Low Volatility100,11509.76,11598.45,11465.54,11504.85,-7.68,-0.07,5288116822.0,543.51,100.0,7.61,2025-03-21,7.61,543.51
20250324,930955,中证红利低波动100指数,红利低波100,CSI Dividend Low Volatility 100 Index,Dividend Low Volatility100,11511.37,11566.42,11483.42,11558.61,53.77,0.47,5176271360.0,495.69,100.0,7.67,2025-03-24,7.67,495.69
20250325,930955,中证红利低波动100指数,红利低波100,CSI Dividend Low Volatility 100 Index,Dividend Low Volatility100,11559.08,11649.58,11545.01,11647.3,88.68,0.77,4468474617.0,410.5,100.0,7.71,2025-03-25,7.71,410.5
20250326,930955,中证红利低波动100指数,红利低波100,CSI Dividend Low Volatility 100 Index,Dividend Low Volatility100,11632.1,11652.33,11599.18,11640.23,-7.07,-0.06,4309428388.0,431.07,100.0,7.67,2025-03-26,7.67,431.07
20250327,930955,中证红利低波动100指数,红利低波100,CSI Dividend Low Volatility 100 Index,Dividend Low Volatility100,11633.25,11673.45,11608.42,11636.98,-3.25,-0.03,3887224458.0,365.89,100.0,7.7,2025-03-27,7.7,365.89
20250328,930955,中证红利低波动100指数,红利低波100,CSI Dividend Low Volatility 100 Index,Dividend Low Volatility100,11630.37,11638.09,11545.55,11577.24,-59.74,-0.51,4224869411.0,356.52,100.0,7.67,2025-03-28,7.67,356.52
20250331,930955,中证红利低波动100指数,红利低波100,CSI Dividend Low Volatility 100 Index,Dividend Low Volatility100,11563.11,11654.94,11517.58,11543.44,-33.8,-0.29,6375804561.0,530.48,100.0,7.7,2025-03-31,7.7,530.48
20250401,930955,中证红利低波动100指数,红利低波100,CSI Dividend Low Volatility 100 Index,Dividend Low Volatility100,11550.18,11643.81,11538.54,11637.2,93.76,0.81,5253206068.0,432.24,100.0,7.68,2025-04-01,7.68,432.24
20250402,930955,中证红利低波动100指数,红利低波100,CSI Dividend Low Volatility 100 Index,Dividend Low Volatility100,11629.55,11684.49,11629.38,11652.95,15.75,0.14,4490317425.0,370.86,100.0,7.71,2025-04-02,7.71,370.86
20250403,930955,中证红利低波动100指数,红利低波100,CSI Dividend Low Volatility 100 Index,Dividend Low Volatility100,11588.58,11718.43,11587.53,11702.1,49.14,0.42,4564802515.0,407.68,100.0,7.75,2025-04-03,7.75,407.68
20250407,930955,中证红利低波动100指数,红利低波100,CSI Dividend Low Volatility 100 Index,Dividend Low Volatility100,11362.03,11445.66,10778.44,10973.18,-728.91,-6.23,11930686015.0,1077.56,100.0,7.39,2025-04-07,7.39,1077.56
20250408,930955,中证红利低波动100指数,红利低波100,CSI Dividend Low Volatility 100 Index,Dividend Low Volatility100,10986.33,11284.78,10986.33,11284.78,311.6,2.84,9468008911.0,877.27,100.0,7.56,2025-04-08,7.56,877.27
20250409,930955,中证红利低波动100指数,红利低波100,CSI Dividend Low Volatility 100 Index,Dividend Low Volatility100,11212.08,11306.63,11020.94,11305.61,20.82,0.18,7808804821.0,704.28,100.0,7.52,2025-04-09,7.52,704.28
20250410,930955,中证红利低波动100指数,红利低波100,CSI Dividend Low Volatility 100 Index,Dividend Low Volatility100,11383.54,11406.87,11294.64,11371.53,65.93,0.58,6519103238.0,588.04,100.0,7.53,2025-04-10,7.53,588.04
20250411,930955,中证红利低波动100指数,红利低波100,CSI Dividend Low Volatility 100 Index,Dividend Low Volatility100,11348.15,11348.16,11272.66,11309.05,-62.48,-0.55,5064700601.0,442.65,100.0,7.52,2025-04-11,7.52,442.65
20250414,930955,中证红利低波动100指数,红利低波100,CSI Dividend Low Volatility 100 Index,Dividend Low Volatility100,11330.96,11369.79,11301.75,11359.03,49.98,0.44,5033017806.0,450.15,100.0,7.58,2025-04-14,7.58,450.15
20250415,930955,中证红利低波动100指数,红利低波100,CSI Dividend Low Volatility 100 Index,Dividend Low Volatility100,11358.77,11424.81,11333.64,11422.29,63.26,0.56,5086431059.0,447.33,100.0,7.67,2025-04-15,7.67,447.33
20250416,930955,中证红利低波动100指数,红利低波100,CSI Dividend Low Volatility 100 Index,Dividend Low Volatility100,11405.56,11490.31,11370.05,11490.05,67.75,0.59,5701645119.0,502.79,100.0,7.77,2025-04-16,7.77,502.79
20250417,930955,中证红利低波动100指数,红利低波100,CSI Dividend Low Volatility 100 Index,Dividend Low Volatility100,11455.56,11504.51,11418.79,11487.97,-2.08,-0.02,4114262239.0,358.12,100.0,7.77,2025-04-17,7.77,358.12
20250418,930955,中证红利低波动100指数,红利低波100,CSI Dividend Low Volatility 100 Index,Dividend Low Volatility100,11466.93,11514.32,11447.23,11497.4,9.43,0.08,3776452375.0,337.3,100.0,7.8,2025-04-18,7.8,337.3
20250421,930955,中证红利低波动100指数,红利低波100,CSI Dividend Low Volatility 100 Index,Dividend Low Volatility100,11481.52,11533.59,11448.42,11451.22,-46.18,-0.4,4488704645.0,379.41,100.0,7.73,2025-04-21,7.73,379.41
20250422,930955,中证红利低波动100指数,红利低波100,CSI Dividend Low Volatility 100 Index,Dividend Low Volatility100,11457.24,11562.23,11457.24,11544.0,92.79,0.81,4513682476.0,378.99,100.0,7.79,2025-04-22,7.79,378.99
20250423,930955,中证红利低波动100指数,红利低波100,CSI Dividend Low Volatility 100 Index,Dividend Low Volatility100,11551.52,11557.95,11473.7,11474.94,-69.06,-0.6,3873022431.0,343.12,100.0,7.75,2025-04-23,7.75,343.12
20250424,930955,中证红利低波动100指数,红利低波100,CSI Dividend Low Volatility 100 Index,Dividend Low Volatility100,11488.65,11593.52,11488.26,11568.53,93.6,0.81,4215181136.0,362.61,100.0,7.84,2025-04-24,7.84,362.61
20250425,930955,中证红利低波动100指数,红利低波100,CSI Dividend Low Volatility 100 Index,Dividend Low Volatility100,11570.13,11590.03,11531.94,11557.21,-11.32,-0.1,4019122498.0,344.73,100.0,7.79,2025-04-25,7.79,344.73
20250428,930955,中证红利低波动100指数,红利低波100,CSI Dividend Low Volatility 100 Index,Dividend Low Volatility100,11572.39,11602.02,11519.88,11563.87,6.66,0.06,4883920816.0,455.32,100.0,7.84,2025-04-28,7.84,455.32
20250429,930955,中证红利低波动100指数,红利低波100,CSI Dividend Low Volatility 100 Index,Dividend Low Volatility100,11521.84,11569.65,11492.05,11506.16,-57.71,-0.5,4313056921.0,386.49,100.0,7.81,2025-04-29,7.81,386.49
20250430,930955,中证红利低波动100指数,红利低波100,CSI Dividend Low Volatility 100 Index,Dividend Low Volatility100,11481.04,11485.8,11404.01,11407.27,-98.89,-0.86,6497192512.0,569.41,100.0,7.68,2025-04-30,7.68,569.41
20250506,930955,中证红利低波动100指数,红利低波100,CSI Dividend Low Volatility 100 Index,Dividend Low Volatility100,11438.26,11441.04,11373.82,11431.19,23.92,0.21,5477103635.0,476.65,100.0,7.66,2025-05-06,7.66,476.65
20250507,930955,中证红利低波动100指数,红利低波100,CSI Dividend Low Volatility 100 Index,Dividend Low Volatility100,11509.99,11530.68,11467.44,11525.55,94.36,0.83,5605520833.0,488.46,100.0,7.77,2025-05-07,7.77,488.46
20250508,930955,中证红利低波动100指数,红利低波100,CSI Dividend Low Volatility 100 Index,Dividend Low Volatility100,11502.37,11553.31,11477.75,11541.91,16.36,0.14,4449975982.0,418.67,100.0,7.78,2025-05-08,7.78,418.67
20250509,930955,中证红利低波动100指数,红利低波100,CSI Dividend Low Volatility 100 Index,Dividend Low Volatility100,11539.81,11616.1,11539.35,11600.4,58.49,0.51,4758534241.0,431.14,100.0,7.85,2025-05-09,7.85,431.14
20250512,930955,中证红利低波动100指数,红利低波100,CSI Dividend Low Volatility 100 Index,Dividend Low Volatility100,11616.07,11636.55,11573.79,11624.27,23.86,0.21,4680067073.0,450.23,100.0,7.86,2025-05-12,7.86,450.23
20250513,930955,中证红利低波动100指数,红利低波100,CSI Dividend Low Volatility 100 Index,Dividend Low Volatility100,11663.76,11704.01,11620.24,11702.06,77.79,0.67,5147260160.0,470.81,100.0,7.94,2025-05-13,7.94,470.81
20250514,930955,中证红利低波动100指数,红利低波100,CSI Dividend Low Volatility 100 Index,Dividend Low Volatility100,11694.2,11770.53,11642.82,11765.96,63.9,0.55,5646609058.0,563.69,100.0,8.0,2025-05-14,8.0,563.69
20250515,930955,中证红利低波动100指数,红利低波100,CSI Dividend Low Volatility 100 Index,Dividend Low Volatility100,11752.87,11800.28,11732.32,11732.98,-32.98,-0.28,4491252843.0,430.38,100.0,8.0,2025-05-15,8.0,430.38
20250516,930955,中证红利低波动100指数,红利低波100,CSI Dividend Low Volatility 100 Index,Dividend Low Volatility100,11722.55,11737.27,11616.98,11651.9,-81.07,-0.69,4631115107.0,423.0,100.0,7.91,2025-05-16,7.91,423.0
20250519,930955,中证红利低波动100指数,红利低波100,CSI Dividend Low Volatility 100 Index,Dividend Low Volatility100,11653.13,11712.26,11653.13,11695.1,43.2,0.37,3629457013.0,334.0,100.0,7.89,2025-05-19,7.89,334.0
20250520,930955,中证红利低波动100指数,红利低波100,CSI Dividend Low Volatility 100 Index,Dividend Low Volatility100,11710.04,11745.31,11694.02,11717.63,22.53,0.19,3543958366.0,351.53,100.0,7.91,2025-05-20,7.91,351.53
20250521,930955,中证红利低波动100指数,红利低波100,CSI Dividend Low Volatility 100 Index,Dividend Low Volatility100,11726.1,11807.06,11726.1,11787.07,69.44,0.59,3805534832.0,364.92,100.0,7.96,2025-05-21,7.96,364.92
20250522,930955,中证红利低波动100指数,红利低波100,CSI Dividend Low Volatility 100 Index,Dividend Low Volatility100,11777.65,11799.52,11744.59,11779.63,-7.44,-0.06,4053333521.0,368.2,100.0,8.0,2025-05-22,8.0,368.2
20250523,930955,中证红利低波动100指数,红利低波100,CSI Dividend Low Volatility 100 Index,Dividend Low Volatility100,11777.81,11835.18,11685.32,11685.32,-94.31,-0.8,4581233156.0,414.95,100.0,7.92,2025-05-23,7.92,414.95
20250526,930955,中证红利低波动100指数,红利低波100,CSI Dividend Low Volatility 100 Index,Dividend Low Volatility100,11661.02,11686.72,11591.8,11609.9,-75.42,-0.65,3972707004.0,363.83,100.0,7.88,2025-05-26,7.88,363.83
20250527,930955,中证红利低波动100指数,红利低波100,CSI Dividend Low Volatility 100 Index,Dividend Low Volatility100,11608.3,11639.88,11581.62,11626.92,17.02,0.15,3705001460.0,334.81,100.0,7.9,2025-05-27,7.9,334.81
20250528,930955,中证红利低波动100指数,红利低波100,CSI Dividend Low Volatility 100 Index,Dividend Low Volatility100,11628.1,11679.65,11614.59,11663.35,36.43,0.31,3769287785.0,341.59,100.0,7.91,2025-05-28,7.91,341.59
20250529,930955,中证红利低波动100指数,红利低波100,CSI Dividend Low Volatility 100 Index,Dividend Low Volatility100,11655.46,11681.24,11628.34,11659.92,-3.44,-0.03,3907590961.0,365.2,100.0,7.9,2025-05-29,7.9,365.2
20250530,930955,中证红利低波动100指数,红利低波100,CSI Dividend Low Volatility 100 Index,Dividend Low Volatility100,11653.32,11707.05,11640.25,11679.35,19.44,0.17,4774687857.0,426.75,100.0,7.93,2025-05-30,7.93,426.75
20250603,930955,中证红利低波动100指数,红利低波100,CSI Dividend Low Volatility 100 Index,Dividend Low Volatility100,11659.53,11720.9,11612.91,11716.25,36.89,0.32,6048712124.0,563.82,100.0,7.98,2025-06-03,7.98,563.82
20250604,930955,中证红利低波动100指数,红利低波100,CSI Dividend Low Volatility 100 Index,Dividend Low Volatility100,11717.94,11760.01,11699.81,11756.1,39.85,0.34,4400331472.0,403.61,100.0,7.99,2025-06-04,7.99,403.61
20250605,930955,中证红利低波动100指数,红利低波100,CSI Dividend Low Volatility 100 Index,Dividend Low Volatility100,11759.91,11784.1,11669.59,11691.77,-64.33,-0.55,4452219828.0,404.74,100.0,7.96,2025-06-05,7.96,404.74
20250606,930955,中证红利低波动100指数,红利低波100,CSI Dividend Low Volatility 100 Index,Dividend Low Volatility100,11676.34,11711.22,11671.53,11686.99,-4.79,-0.04,3861933582.0,353.29,100.0,7.98,2025-06-06,7.98,353.29
20250609,930955,中证红利低波动100指数,红利低波100,CSI Dividend Low Volatility 100 Index,Dividend Low Volatility100,11698.28,11720.28,11666.38,11714.79,27.8,0.24,4611349025.0,414.06,100.0,7.99,2025-06-09,7.99,414.06
20250610,930955,中证红利低波动100指数,红利低波100,CSI Dividend Low Volatility 100 Index,Dividend Low Volatility100,11720.85,11788.97,11673.48,11727.28,12.49,0.11,5687545900.0,505.23,100.0,8.01,2025-06-10,8.01,505.23
20250611,930955,中证红利低波动100指数,红利低波100,CSI Dividend Low Volatility 100 Index,Dividend Low Volatility100,11731.26,11776.12,11721.05,11758.05,30.77,0.26,4380604055.0,420.31,100.0,8.04,2025-06-11,8.04,420.31
20250612,930955,中证红利低波动100指数,红利低波100,CSI Dividend Low Volatility 100 Index,Dividend Low Volatility100,11753.85,11758.04,11708.48,11750.41,-7.64,-0.06,4709276718.0,446.01,100.0,8.04,2025-06-12,8.04,446.01
20250613,930955,中证红利低波动100指数,红利低波100,CSI Dividend Low Volatility 100 Index,Dividend Low Volatility100,11698.28,11704.35,11599.98,11611.28,-139.13,-1.18,6850036444.0,612.84,100.0,8.0,2025-06-13,8.0,612.84
20250616,930955,中证红利低波动100指数,红利低波100,CSI Dividend Low Volatility 100 Index,Dividend Low Volatility100,11602.0,11620.52,11574.34,11610.67,-0.61,-0.01,5330836396.0,461.01,100.0,7.85,2025-06-16,7.85,461.01
20250617,930955,中证红利低波动100指数,红利低波100,CSI Dividend Low Volatility 100 Index,Dividend Low Volatility100,11616.76,11637.36,11583.22,11620.38,9.72,0.08,4139094103.0,379.37,100.0,7.87,2025-06-17,7.87,379.37
20250618,930955,中证红利低波动100指数,红利低波100,CSI Dividend Low Volatility 100 Index,Dividend Low Volatility100,11610.39,11620.36,11543.93,11597.39,-22.99,-0.2,4668226037.0,405.01,100.0,7.91,2025-06-18,7.91,405.01
20250619,930955,中证红利低波动100指数,红利低波100,CSI Dividend Low Volatility 100 Index,Dividend Low Volatility100,11589.94,11595.05,11484.93,11524.63,-72.77,-0.63,4666081929.0,412.16,100.0,7.92,2025-06-19,7.92,412.16
20250620,930955,中证红利低波动100指数,红利低波100,CSI Dividend Low Volatility 100 Index,Dividend Low Volatility100,11524.05,11583.34,11517.97,11565.28,40.65,0.35,5039793083.0,468.74,100.0,7.95,2025-06-20,7.95,468.74
20250623,930955,中证红利低波动100指数,红利低波100,CSI Dividend Low Volatility 100 Index,Dividend Low Volatility100,11549.18,11588.8,11471.51,11565.39,0.11,0.0,5765161369.0,514.46,100.0,8.02,2025-06-23,8.02,514.46
20250624,930955,中证红利低波动100指数,红利低波100,CSI Dividend Low Volatility 100 Index,Dividend Low Volatility100,11556.83,11617.03,11545.62,11613.82,48.42,0.42,6116675368.0,571.46,100.0,8.03,2025-06-24,8.03,571.46
20250625,930955,中证红利低波动100指数,红利低波100,CSI Dividend Low Volatility 100 Index,Dividend Low Volatility100,11608.7,11682.88,11569.55,11675.3,61.48,0.53,5675946263.0,536.71,100.0,8.07,2025-06-25,8.07,536.71
20250626,930955,中证红利低波动100指数,红利低波100,CSI Dividend Low Volatility 100 Index,Dividend Low Volatility100,11658.92,11693.83,11631.74,11677.49,2.19,0.02,5299400706.0,495.04,100.0,8.1,2025-06-26,8.1,495.04
20250627,930955,中证红利低波动100指数,红利低波100,CSI Dividend Low Volatility 100 Index,Dividend Low Volatility100,11665.06,11725.75,11574.63,11593.18,-84.31,-0.72,7571298360.0,673.38,100.0,7.92,2025-06-27,7.92,673.38
20250630,930955,中证红利低波动100指数,红利低波100,CSI Dividend Low Volatility 100 Index,Dividend Low Volatility100,11575.87,11590.46,11524.07,11554.79,-38.39,-0.33,4950823763.0,455.39,100.0,7.91,2025-06-30,7.91,455.39
20250701,930955,中证红利低波动100指数,红利低波100,CSI Dividend Low Volatility 100 Index,Dividend Low Volatility100,11568.87,11637.37,11565.96,11633.26,78.47,0.68,4517539462.0,398.77,100.0,7.98,2025-07-01,7.98,398.77
20250702,930955,中证红利低波动100指数,红利低波100,CSI Dividend Low Volatility 100 Index,Dividend Low Volatility100,11637.31,11717.64,11637.31,11715.11,81.84,0.7,4832703176.0,445.62,100.0,8.02,2025-07-02,8.02,445.62
20250703,930955,中证红利低波动100指数,红利低波100,CSI Dividend Low Volatility 100 Index,Dividend Low Volatility100,11715.64,11731.63,11671.81,11715.07,-0.03,0.0,4029243230.0,376.39,100.0,7.99,2025-07-03,7.99,376.39
20250704,930955,中证红利低波动100指数,红利低波100,CSI Dividend Low Volatility 100 Index,Dividend Low Volatility100,11720.14,11831.47,11716.72,11788.57,73.49,0.63,5598003744.0,508.17,100.0,8.1,2025-07-04,8.1,508.17
20250707,930955,中证红利低波动100指数,红利低波100,CSI Dividend Low Volatility 100 Index,Dividend Low Volatility100,11779.97,11838.84,11752.77,11835.77,47.2,0.4,4649841405.0,422.71,100.0,8.09,2025-07-07,8.09,422.71
20250708,930955,中证红利低波动100指数,红利低波100,CSI Dividend Low Volatility 100 Index,Dividend Low Volatility100,11831.95,11861.37,11792.09,11849.05,13.28,0.11,4622103812.0,428.76,100.0,8.1,2025-07-08,8.1,428.76
20250709,930955,中证红利低波动100指数,红利低波100,CSI Dividend Low Volatility 100 Index,Dividend Low Volatility100,11856.8,11934.21,11854.5,11907.92,58.87,0.5,5325849640.0,485.01,100.0,8.14,2025-07-09,8.14,485.01
20250710,930955,中证红利低波动100指数,红利低波100,CSI Dividend Low Volatility 100 Index,Dividend Low Volatility100,11902.98,12028.2,11902.98,11994.13,86.2,0.72,6975194247.0,652.81,100.0,8.23,2025-07-10,8.23,652.81
20250711,930955,中证红利低波动100指数,红利低波100,CSI Dividend Low Volatility 100 Index,Dividend Low Volatility100,11984.57,12024.72,11913.46,11913.46,-80.67,-0.67,8869170830.0,828.84,100.0,8.12,2025-07-11,8.12,828.84
20250714,930955,中证红利低波动100指数,红利低波100,CSI Dividend Low Volatility 100 Index,Dividend Low Volatility100,11911.08,12022.83,11911.08,11979.3,65.84,0.55,6355189529.0,580.53,100.0,8.17,2025-07-14,8.17,580.53
20250715,930955,中证红利低波动100指数,红利低波100,CSI Dividend Low Volatility 100 Index,Dividend Low Volatility100,11973.64,11979.91,11824.18,11854.53,-124.77,-1.04,5247683252.0,489.15,100.0,8.12,2025-07-15,8.12,489.15
20250716,930955,中证红利低波动100指数,红利低波100,CSI Dividend Low Volatility 100 Index,Dividend Low Volatility100,11856.1,11869.3,11805.12,11852.46,-2.07,-0.02,4949793682.0,467.65,100.0,8.1,2025-07-16,8.1,467.65
20250717,930955,中证红利低波动100指数,红利低波100,CSI Dividend Low Volatility 100 Index,Dividend Low Volatility100,11845.74,11882.04,11806.63,11835.46,-17.0,-0.14,4184492812.0,393.95,100.0,8.05,2025-07-17,8.05,393.95
20250718,930955,中证红利低波动100指数,红利低波100,CSI Dividend Low Volatility 100 Index,Dividend Low Volatility100,11861.22,11905.57,11841.13,11898.3,62.84,0.53,4443545391.0,419.64,100.0,8.09,2025-07-18,8.09,419.64
20250721,930955,中证红利低波动100指数,红利低波100,CSI Dividend Low Volatility 100 Index,Dividend Low Volatility100,11946.87,12025.44,11944.69,12018.47,120.18,1.01,6134664069.0,573.54,100.0,8.08,2025-07-21,8.08,573.54
20250722,930955,中证红利低波动100指数,红利低波100,CSI Dividend Low Volatility 100 Index,Dividend Low Volatility100,12051.96,12192.49,11975.06,12192.49,174.01,1.45,8837262955.0,861.36,100.0,8.07,2025-07-22,8.07,861.36
20250723,930955,中证红利低波动100指数,红利低波100,CSI Dividend Low Volatility 100 Index,Dividend Low Volatility100,12250.18,12250.18,12113.6,12120.65,-71.84,-0.59,8337027908.0,817.35,100.0,8.1,2025-07-23,8.1,817.35
20250724,930955,中证红利低波动100指数,红利低波100,CSI Dividend Low Volatility 100 Index,Dividend Low Volatility100,12098.47,12141.53,12043.73,12139.34,18.69,0.15,7529442853.0,720.58,100.0,8.03,2025-07-24,8.03,720.58
20250725,930955,中证红利低波动100指数,红利低波100,CSI Dividend Low Volatility 100 Index,Dividend Low Volatility100,12124.06,12160.69,12025.85,12032.84,-106.5,-0.88,6117276179.0,593.36,100.0,7.97,2025-07-25,7.97,593.36
20250728,930955,中证红利低波动100指数,红利低波100,CSI Dividend Low Volatility 100 Index,Dividend Low Volatility100,11998.26,12020.24,11929.76,11942.03,-90.81,-0.75,5594448877.0,565.77,100.0,7.95,2025-07-28,7.95,565.77
20250729,930955,中证红利低波动100指数,红利低波100,CSI Dividend Low Volatility 100 Index,Dividend Low Volatility100,11945.31,11957.49,11855.91,11911.36,-30.67,-0.26,5680796674.0,559.27,100.0,7.92,2025-07-29,7.92,559.27
20250730,930955,中证红利低波动100指数,红利低波100,CSI Dividend Low Volatility 100 Index,Dividend Low Volatility100,11916.81,12023.54,11913.07,11955.05,43.69,0.37,6118320340.0,607.86,100.0,8.0,2025-07-30,8.0,607.86
20250731,930955,中证红利低波动100指数,红利低波100,CSI Dividend Low Volatility 100 Index,Dividend Low Volatility100,11934.45,11934.71,11731.94,11756.7,-198.34,-1.66,6778612559.0,638.0,100.0,7.97,2025-07-31,7.97,638.0
20250801,930955,中证红利低波动100指数,红利低波100,CSI Dividend Low Volatility 100 Index,Dividend Low Volatility100,11751.18,11810.22,11736.49,11761.64,4.93,0.04,5698522352.0,511.61,100.0,7.93,2025-08-01,7.93,511.61
20250804,930955,中证红利低波动100指数,红利低波100,CSI Dividend Low Volatility 100 Index,Dividend Low Volatility100,11727.46,11806.04,11723.71,11801.4,39.76,0.34,5230753218.0,456.76,100.0,7.97,2025-08-04,7.97,456.76
20250805,930955,中证红利低波动100指数,红利低波100,CSI Dividend Low Volatility 100 Index,Dividend Low Volatility100,11803.76,11891.36,11795.56,11889.91,88.5,0.75,5250659564.0,468.01,100.0,8.07,2025-08-05,8.07,468.01
20250806,930955,中证红利低波动100指数,红利低波100,CSI Dividend Low Volatility 100 Index,Dividend Low Volatility100,11891.69,11900.1,11843.36,11887.08,-2.82,-0.02,4426980285.0,397.55,100.0,8.08,2025-08-06,8.08,397.55
20250807,930955,中证红利低波动100指数,红利低波100,CSI Dividend Low Volatility 100 Index,Dividend Low Volatility100,11892.86,11912.28,11850.09,11901.55,14.47,0.12,4431309518.0,408.75,100.0,8.13,2025-08-07,8.13,408.75
20250808,930955,中证红利低波动100指数,红利低波100,CSI Dividend Low Volatility 100 Index,Dividend Low Volatility100,11900.2,11942.54,11891.05,11930.65,29.1,0.24,4211768562.0,402.37,100.0,8.12,2025-08-08,8.12,402.37
20250811,930955,中证红利低波动100指数,红利低波100,CSI Dividend Low Volatility 100 Index,Dividend Low Volatility100,11945.64,11958.75,11869.98,11900.71,-29.94,-0.25,5228808824.0,482.09,100.0,8.06,2025-08-11,8.06,482.09
20250812,930955,中证红利低波动100指数,红利低波100,CSI Dividend Low Volatility 100 Index,Dividend Low Volatility100,11906.69,11969.08,11905.97,11935.15,34.44,0.29,4838874431.0,450.11,100.0,8.12,2025-08-12,8.12,450.11
20250813,930955,中证红利低波动100指数,红利低波100,CSI Dividend Low Volatility 100 Index,Dividend Low Volatility100,11937.48,11946.35,11880.86,11893.97,-41.18,-0.34,5849336533.0,557.02,100.0,8.05,2025-08-13,8.05,557.02
20250814,930955,中证红利低波动100指数,红利低波100,CSI Dividend Low Volatility 100 Index,Dividend Low Volatility100,11901.18,11950.77,11831.63,11833.08,-60.89,-0.51,5204593764.0,522.24,100.0,8.07,2025-08-14,8.07,522.24
20250815,930955,中证红利低波动100指数,红利低波100,CSI Dividend Low Volatility 100 Index,Dividend Low Volatility100,11832.25,11873.6,11789.58,11862.32,29.24,0.25,7678479016.0,705.52,100.0,7.99,2025-08-15,7.99,705.52
20250818,930955,中证红利低波动100指数,红利低波100,CSI Dividend Low Volatility 100 Index,Dividend Low Volatility100,11901.06,11951.92,11871.95,11896.81,34.49,0.29,6864652482.0,705.42,100.0,8.01,2025-08-18,8.01,705.42
20250819,930955,中证红利低波动100指数,红利低波100,CSI Dividend Low Volatility 100 Index,Dividend Low Volatility100,11915.72,11932.71,11879.71,11907.04,10.23,0.08,5767491593.0,639.93,100.0,8.03,2025-08-19,8.03,639.93
20250820,930955,中证红利低波动100指数,红利低波100,CSI Dividend Low Volatility 100 Index,Dividend Low Volatility100,11899.58,12004.63,11873.46,12000.21,93.18,0.78,5967673906.0,599.56,100.0,8.08,2025-08-20,8.08,599.56
20250821,930955,中证红利低波动100指数,红利低波100,CSI Dividend Low Volatility 100 Index,Dividend Low Volatility100,12013.88,12096.04,11999.32,12082.3,82.09,0.68,6470984921.0,636.66,100.0,8.15,2025-08-21,8.15,636.66
20250822,930955,中证红利低波动100指数,红利低波100,CSI Dividend Low Volatility 100 Index,Dividend Low Volatility100,12074.06,12074.06,11964.36,12060.39,-21.91,-0.18,6582101444.0,654.86,100.0,8.16,2025-08-22,8.16,654.86
20250825,930955,中证红利低波动100指数,红利低波100,CSI Dividend Low Volatility 100 Index,Dividend Low Volatility100,12083.88,12182.64,12062.49,12180.22,119.84,0.99,7723165754.0,771.63,100.0,8.2,2025-08-25,8.2,771.63
20250826,930955,中证红利低波动100指数,红利低波100,CSI Dividend Low Volatility 100 Index,Dividend Low Volatility100,12174.26,12201.5,12137.28,12169.8,-10.43,-0.08,6033970033.0,598.62,100.0,8.17,2025-08-26,8.17,598.62
20250827,930955,中证红利低波动100指数,红利低波100,CSI Dividend Low Volatility 100 Index,Dividend Low Volatility100,12162.66,12176.11,11950.48,11950.48,-219.31,-1.8,7843481247.0,766.95,100.0,8.01,2025-08-27,8.01,766.95
20250828,930955,中证红利低波动100指数,红利低波100,CSI Dividend Low Volatility 100 Index,Dividend Low Volatility100,11956.26,11984.25,11797.41,11951.66,1.18,0.01,7147819948.0,684.86,100.0,8.0,2025-08-28,8.0,684.86
20250829,930955,中证红利低波动100指数,红利低波100,CSI Dividend Low Volatility 100 Index,Dividend Low Volatility100,11940.81,12057.32,11918.13,11928.23,-23.43,-0.2,9940412534.0,1008.48,100.0,7.98,2025-08-29,7.98,1008.48
20250901,930955,中证红利低波动100指数,红利低波100,CSI Dividend Low Volatility 100 Index,Dividend Low Volatility100,11934.24,11982.05,11866.86,11926.5,-1.73,-0.01,9344196784.0,903.23,100.0,8.27,2025-09-01,8.27,903.23
20250902,930955,中证红利低波动100指数,红利低波100,CSI Dividend Low Volatility 100 Index,Dividend Low Volatility100,11936.33,11959.58,11858.3,11943.47,16.97,0.14,8729574055.0,832.98,100.0,8.42,2025-09-02,8.42,832.98
20250903,930955,中证红利低波动100指数,红利低波100,CSI Dividend Low Volatility 100 Index,Dividend Low Volatility100,11964.04,11974.69,11806.05,11835.45,-108.02,-0.9,6485906625.0,626.84,100.0,8.34,2025-09-03,8.34,626.84
20250904,930955,中证红利低波动100指数,红利低波100,CSI Dividend Low Volatility 100 Index,Dividend Low Volatility100,11832.11,11847.11,11745.92,11841.89,6.45,0.05,8972964907.0,814.93,100.0,8.43,2025-09-04,8.43,814.93
20250905,930955,中证红利低波动100指数,红利低波100,CSI Dividend Low Volatility 100 Index,Dividend Low Volatility100,11832.35,11888.37,11773.23,11884.8,42.9,0.36,6449968416.0,594.06,100.0,8.34,2025-09-05,8.34,594.06
20250908,930955,中证红利低波动100指数,红利低波100,CSI Dividend Low Volatility 100 Index,Dividend Low Volatility100,11885.72,11955.42,11869.77,11944.8,60.0,0.5,6738565938.0,635.07,100.0,8.31,2025-09-08,8.31,635.07
20250909,930955,中证红利低波动100指数,红利低波100,CSI Dividend Low Volatility 100 Index,Dividend Low Volatility100,11941.28,11985.95,11906.97,11972.23,27.43,0.23,5227439891.0,513.66,100.0,8.34,2025-09-09,8.34,513.66
20250910,930955,中证红利低波动100指数,红利低波100,CSI Dividend Low Volatility 100 Index,Dividend Low Volatility100,11954.08,11956.16,11889.74,11915.28,-56.95,-0.47,5073007787.0,466.31,100.0,8.33,2025-09-10,8.33,466.31
20250911,930955,中证红利低波动100指数,红利低波100,CSI Dividend Low Volatility 100 Index,Dividend Low Volatility100,11905.93,11971.74,11839.99,11971.33,56.05,0.47,6329555389.0,584.9,100.0,8.36,2025-09-11,8.36,584.9
20250912,930955,中证红利低波动100指数,红利低波100,CSI Dividend Low Volatility 100 Index,Dividend Low Volatility100,11962.43,11985.04,11903.88,11916.26,-55.07,-0.46,6663022638.0,627.2,100.0,8.29,2025-09-12,8.29,627.2
20250915,930955,中证红利低波动100指数,红利低波100,CSI Dividend Low Volatility 100 Index,Dividend Low Volatility100,11912.83,11916.64,11841.67,11862.8,-53.45,-0.45,6427353763.0,627.53,100.0,9.11,2025-09-15,9.11,627.53
20250916,930955,中证红利低波动100指数,红利低波100,CSI Dividend Low Volatility 100 Index,Dividend Low Volatility100,11871.71,11888.75,11802.71,11832.32,-30.48,-0.26,7227897069.0,677.94,100.0,9.04,2025-09-16,9.04,677.94
20250917,930955,中证红利低波动100指数,红利低波100,CSI Dividend Low Volatility 100 Index,Dividend Low Volatility100,11824.93,11873.88,11788.63,11868.67,36.35,0.31,6071757448.0,634.29,100.0,9.02,2025-09-17,9.02,634.29
20250918,930955,中证红利低波动100指数,红利低波100,CSI Dividend Low Volatility 100 Index,Dividend Low Volatility100,11864.47,11864.47,11635.34,11674.74,-193.93,-1.63,7896075497.0,842.33,100.0,8.84,2025-09-18,8.84,842.33
20250919,930955,中证红利低波动100指数,红利低波100,CSI Dividend Low Volatility 100 Index,Dividend Low Volatility100,11669.04,11725.04,11635.33,11710.67,35.93,0.31,6429798253.0,636.1,100.0,8.81,2025-09-19,8.81,636.1
20250922,930955,中证红利低波动100指数,红利低波100,CSI Dividend Low Volatility 100 Index,Dividend Low Volatility100,11718.6,11718.6,11608.08,11644.48,-66.19,-0.56,4796317045.0,534.69,100.0,8.73,2025-09-22,8.73,534.69
20250923,930955,中证红利低波动100指数,红利低波100,CSI Dividend Low Volatility 100 Index,Dividend Low Volatility100,11633.36,11679.0,11563.6,11668.18,23.7,0.2,7667590886.0,745.96,100.0,8.83,2025-09-23,8.83,745.96
20250924,930955,中证红利低波动100指数,红利低波100,CSI Dividend Low Volatility 100 Index,Dividend Low Volatility100,11645.48,11726.29,11645.14,11718.33,50.15,0.43,5786123881.0,576.01,100.0,8.82,2025-09-24,8.82,576.01
20250925,930955,中证红利低波动100指数,红利低波100,CSI Dividend Low Volatility 100 Index,Dividend Low Volatility100,11720.53,11732.59,11636.74,11666.51,-51.82,-0.44,5147611427.0,549.19,100.0,8.78,2025-09-25,8.78,549.19
20250926,930955,中证红利低波动100指数,红利低波100,CSI Dividend Low Volatility 100 Index,Dividend Low Volatility100,11675.05,11719.73,11635.87,11695.16,28.65,0.24,4874209611.0,556.98,100.0,8.8,2025-09-26,8.8,556.98
20250929,930955,中证红利低波动100指数,红利低波100,CSI Dividend Low Volatility 100 Index,Dividend Low Volatility100,11711.32,11762.87,11635.23,11723.92,28.76,0.24,6566553161.0,701.64,100.0,8.78,2025-09-29,8.78,701.64
20250930,930955,中证红利低波动100指数,红利低波100,CSI Dividend Low Volatility 100 Index,Dividend Low Volatility100,11706.82,11706.82,11665.46,11677.91,-46.0,-0.39,5599070200.0,608.09,100.0,8.73,2025-09-30,8.73,608.09
20251009,930955,中证红利低波动100指数,红利低波100,CSI Dividend Low Volatility 100 Index,Dividend Low Volatility100,11697.24,11819.43,11679.5,11817.07,139.16,1.19,7236948048.0,794.81,100.0,8.79,2025-10-09,8.79,794.81
20251010,930955,中证红利低波动100指数,红利低波100,CSI Dividend Low Volatility 100 Index,Dividend Low Volatility100,11786.74,11941.53,11777.51,11926.09,109.02,0.92,8292737466.0,827.19,100.0,8.82,2025-10-10,8.82,827.19
20251013,930955,中证红利低波动100指数,红利低波100,CSI Dividend Low Volatility 100 Index,Dividend Low Volatility100,11745.73,11883.36,11714.83,11859.96,-66.13,-0.55,8002137615.0,832.25,100.0,8.81,2025-10-13,8.81,832.25
20251014,930955,中证红利低波动100指数,红利低波100,CSI Dividend Low Volatility 100 Index,Dividend Low Volatility100,11876.35,11994.67,11849.75,11978.57,118.61,1.0,9509528534.0,1024.27,100.0,8.99,2025-10-14,8.99,1024.27
20251015,930955,中证红利低波动100指数,红利低波100,CSI Dividend Low Volatility 100 Index,Dividend Low Volatility100,11963.41,12014.31,11941.68,11995.9,17.33,0.14,6849085195.0,728.56,100.0,9.02,2025-10-15,9.02,728.56
20251016,930955,中证红利低波动100指数,红利低波100,CSI Dividend Low Volatility 100 Index,Dividend Low Volatility100,11989.57,12033.25,11969.36,12014.27,18.36,0.15,7102276869.0,748.44,100.0,9.16,2025-10-16,9.16,748.44
20251017,930955,中证红利低波动100指数,红利低波100,CSI Dividend Low Volatility 100 Index,Dividend Low Volatility100,12009.5,12060.71,11924.47,11937.78,-76.48,-0.64,6954540400.0,718.22,100.0,9.12,2025-10-17,9.12,718.22
20251020,930955,中证红利低波动100指数,红利低波100,CSI Dividend Low Volatility 100 Index,Dividend Low Volatility100,11953.4,11978.78,11847.46,11969.8,32.01,0.27,6578272234.0,639.73,100.0,9.16,2025-10-20,9.16,639.73
20251021,930955,中证红利低波动100指数,红利低波100,CSI Dividend Low Volatility 100 Index,Dividend Low Volatility100,11972.3,12048.94,11961.15,12029.4,59.6,0.5,6515162574.0,659.19,100.0,9.21,2025-10-21,9.21,659.19
20251022,930955,中证红利低波动100指数,红利低波100,CSI Dividend Low Volatility 100 Index,Dividend Low Volatility100,12015.77,12107.17,12014.03,12068.95,39.55,0.33,6684387961.0,627.42,100.0,9.31,2025-10-22,9.31,627.42
20251023,930955,中证红利低波动100指数,红利低波100,CSI Dividend Low Volatility 100 Index,Dividend Low Volatility100,12062.13,12161.06,12037.66,12145.33,76.38,0.63,7791186970.0,710.97,100.0,9.38,2025-10-23,9.38,710.97
20251024,930955,中证红利低波动100指数,红利低波100,CSI Dividend Low Volatility 100 Index,Dividend Low Volatility100,12128.78,12142.11,12046.87,12057.58,-87.75,-0.72,6856930912.0,646.78,100.0,9.34,2025-10-24,9.34,646.78
20251027,930955,中证红利低波动100指数,红利低波100,CSI Dividend Low Volatility 100 Index,Dividend Low Volatility100,12060.32,12131.34,12010.2,12094.07,36.48,0.3,7350163823.0,743.34,100.0,9.4,2025-10-27,9.4,743.34
20251028,930955,中证红利低波动100指数,红利低波100,CSI Dividend Low Volatility 100 Index,Dividend Low Volatility100,12088.08,12102.18,12021.99,12035.36,-58.71,-0.49,6212027091.0,585.55,100.0,9.42,2025-10-28,9.42,585.55
20251029,930955,中证红利低波动100指数,红利低波100,CSI Dividend Low Volatility 100 Index,Dividend Low Volatility100,12031.78,12031.78,11946.65,12026.13,-9.23,-0.08,6963237354.0,722.3,100.0,9.32,2025-10-29,9.32,722.3
20251030,930955,中证红利低波动100指数,红利低波100,CSI Dividend Low Volatility 100 Index,Dividend Low Volatility100,12012.84,12082.71,11991.45,12023.73,-2.4,-0.02,6636035268.0,743.56,100.0,9.33,2025-10-30,9.33,743.56
20251031,930955,中证红利低波动100指数,红利低波100,CSI Dividend Low Volatility 100 Index,Dividend Low Volatility100,12023.68,12046.53,11980.68,12022.31,-1.42,-0.01,8288657564.0,823.63,100.0,9.28,2025-10-31,9.28,823.63
20251103,930955,中证红利低波动100指数,红利低波100,CSI Dividend Low Volatility 100 Index,Dividend Low Volatility100,12033.79,12137.96,12028.16,12135.3,112.99,0.94,7061983950.0,748.06,100.0,9.4,2025-11-03,9.4,748.06
20251104,930955,中证红利低波动100指数,红利低波100,CSI Dividend Low Volatility 100 Index,Dividend Low Volatility100,12133.16,12224.42,12116.54,12170.56,35.26,0.29,7789970484.0,826.28,100.0,9.51,2025-11-04,9.51,826.28
20251105,930955,中证红利低波动100指数,红利低波100,CSI Dividend Low Volatility 100 Index,Dividend Low Volatility100,12132.44,12220.63,12090.2,12193.23,22.66,0.19,6053427701.0,668.3,100.0,9.5,2025-11-05,9.5,668.3
20251106,930955,中证红利低波动100指数,红利低波100,CSI Dividend Low Volatility 100 Index,Dividend Low Volatility100,12198.47,12283.45,12186.39,12258.49,65.26,0.53,6083584029.0,790.61,100.0,9.51,2025-11-06,9.51,790.61
20251107,930955,中证红利低波动100指数,红利低波100,CSI Dividend Low Volatility 100 Index,Dividend Low Volatility100,12257.15,12343.74,12257.15,12314.13,55.64,0.45,5909541279.0,708.31,100.0,9.5,2025-11-07,9.5,708.31
20251110,930955,中证红利低波动100指数,红利低波100,CSI Dividend Low Volatility 100 Index,Dividend Low Volatility100,12338.44,12433.6,12311.41,12422.94,108.81,0.88,6290676464.0,839.49,100.0,9.59,2025-11-10,9.59,839.49
20251111,930955,中证红利低波动100指数,红利低波100,CSI Dividend Low Volatility 100 Index,Dividend Low Volatility100,12424.33,12449.03,12385.84,12433.12,10.18,0.08,5248124978.0,650.43,100.0,9.61,2025-11-11,9.61,650.43
20251112,930955,中证红利低波动100指数,红利低波100,CSI Dividend Low Volatility 100 Index,Dividend Low Volatility100,12447.37,12532.0,12446.47,12475.21,42.09,0.34,6808594357.0,804.26,100.0,9.7,2025-11-12,9.7,804.26
20251113,930955,中证红利低波动100指数,红利低波100,CSI Dividend Low Volatility 100 Index,Dividend Low Volatility100,12477.48,12497.22,12414.96,12483.91,8.7,0.07,6350946747.0,745.06,100.0,9.69,2025-11-13,9.69,745.06
20251114,930955,中证红利低波动100指数,红利低波100,CSI Dividend Low Volatility 100 Index,Dividend Low Volatility100,12459.08,12539.61,12417.45,12417.45,-66.45,-0.53,6242964594.0,673.71,100.0,9.67,2025-11-14,9.67,673.71
20251117,930955,中证红利低波动100指数,红利低波100,CSI Dividend Low Volatility 100 Index,Dividend Low Volatility100,12412.0,12419.16,12288.29,12335.18,-82.28,-0.66,6241214321.0,653.6,100.0,9.6,2025-11-17,9.6,653.6
20251118,930955,中证红利低波动100指数,红利低波100,CSI Dividend Low Volatility 100 Index,Dividend Low Volatility100,12317.65,12334.63,12182.98,12222.45,-112.73,-0.91,5169168632.0,575.47,100.0,9.57,2025-11-18,9.57,575.47
20251119,930955,中证红利低波动100指数,红利低波100,CSI Dividend Low Volatility 100 Index,Dividend Low Volatility100,12222.78,12267.91,12197.83,12242.18,19.73,0.16,5767327255.0,576.64,100.0,9.68,2025-11-19,9.68,576.64
20251120,930955,中证红利低波动100指数,红利低波100,CSI Dividend Low Volatility 100 Index,Dividend Low Volatility100,12245.47,12344.64,12238.99,12251.15,8.97,0.07,7715535392.0,715.98,100.0,9.71,2025-11-20,9.71,715.98
20251121,930955,中证红利低波动100指数,红利低波100,CSI Dividend Low Volatility 100 Index,Dividend Low Volatility100,12215.87,12253.96,12036.38,12038.31,-212.84,-1.74,7920793510.0,825.32,100.0,9.64,2025-11-21,9.64,825.32
20251124,930955,中证红利低波动100指数,红利低波100,CSI Dividend Low Volatility 100 Index,Dividend Low Volatility100,12068.07,12095.65,11986.75,11991.3,-47.02,-0.39,6550455273.0,672.51,100.0,9.54,2025-11-24,9.54,672.51
20251125,930955,中证红利低波动100指数,红利低波100,CSI Dividend Low Volatility 100 Index,Dividend Low Volatility100,12019.58,12081.75,11981.03,12050.93,59.63,0.5,5703289750.0,592.94,100.0,9.61,2025-11-25,9.61,592.94
20251126,930955,中证红利低波动100指数,红利低波100,CSI Dividend Low Volatility 100 Index,Dividend Low Volatility100,12063.27,12104.94,12015.77,12021.31,-29.62,-0.24,5212679942.0,522.27,100.0,9.53,2025-11-26,9.53,522.27
20251127,930955,中证红利低波动100指数,红利低波100,CSI Dividend Low Volatility 100 Index,Dividend Low Volatility100,12016.3,12079.89,11978.61,12031.65,10.35,0.09,4662089808.0,501.9,100.0,9.58,2025-11-27,9.58,501.9
20251128,930955,中证红利低波动100指数,红利低波100,CSI Dividend Low Volatility 100 Index,Dividend Low Volatility100,12032.76,12051.04,11987.07,12043.48,11.82,0.1,4747725470.0,474.92,100.0,9.53,2025-11-28,9.53,474.92
20251201,930955,中证红利低波动100指数,红利低波100,CSI Dividend Low Volatility 100 Index,Dividend Low Volatility100,12075.16,12138.66,12071.3,12135.23,91.76,0.76,6279754709.0,650.3,100.0,9.56,2025-12-01,9.56,650.3
20251202,930955,中证红利低波动100指数,红利低波100,CSI Dividend Low Volatility 100 Index,Dividend Low Volatility100,12128.05,12173.42,12117.16,12173.42,38.18,0.31,4762924201.0,506.79,100.0,9.58,2025-12-02,9.58,506.79
20251203,930955,中证红利低波动100指数,红利低波100,CSI Dividend Low Volatility 100 Index,Dividend Low Volatility100,12169.33,12231.89,12142.2,12187.55,14.14,0.12,5222601398.0,516.09,100.0,9.53,2025-12-03,9.53,516.09
20251204,930955,中证红利低波动100指数,红利低波100,CSI Dividend Low Volatility 100 Index,Dividend Low Volatility100,12183.34,12210.5,12127.21,12141.65,-45.9,-0.38,4277462331.0,440.9,100.0,9.5,2025-12-04,9.5,440.9
20251205,930955,中证红利低波动100指数,红利低波100,CSI Dividend Low Volatility 100 Index,Dividend Low Volatility100,12135.54,12146.5,12069.26,12138.08,-3.57,-0.03,5031659167.0,509.48,100.0,9.46,2025-12-05,9.46,509.48
20251208,930955,中证红利低波动100指数,红利低波100,CSI Dividend Low Volatility 100 Index,Dividend Low Volatility100,12144.37,12148.68,12056.13,12091.11,-46.97,-0.39,4980407588.0,539.07,100.0,9.43,2025-12-08,9.43,539.07
20251209,930955,中证红利低波动100指数,红利低波100,CSI Dividend Low Volatility 100 Index,Dividend Low Volatility100,12073.5,12083.94,12017.55,12025.42,-65.68,-0.54,4926995112.0,534.15,100.0,9.43,2025-12-09,9.43,534.15
20251210,930955,中证红利低波动100指数,红利低波100,CSI Dividend Low Volatility 100 Index,Dividend Low Volatility100,12008.62,12037.9,11936.41,11991.4,-34.02,-0.28,5429671491.0,554.94,100.0,9.31,2025-12-10,9.31,554.94
20251211,930955,中证红利低波动100指数,红利低波100,CSI Dividend Low Volatility 100 Index,Dividend Low Volatility100,11995.39,12012.8,11880.34,11902.92,-88.48,-0.74,5353670275.0,572.73,100.0,9.34,2025-12-11,9.34,572.73
20251212,930955,中证红利低波动100指数,红利低波100,CSI Dividend Low Volatility 100 Index,Dividend Low Volatility100,11901.05,11905.39,11831.14,11877.9,-25.02,-0.21,7842103431.0,833.33,100.0,9.28,2025-12-12,9.28,833.33
20251215,930955,中证红利低波动100指数,红利低波100,CSI Dividend Low Volatility 100 Index,Dividend Low Volatility100,11860.68,11939.93,11832.37,11899.04,21.15,0.18,4751579192.0,606.86,100.0,9.31,2025-12-15,9.31,606.86
20251216,930955,中证红利低波动100指数,红利低波100,CSI Dividend Low Volatility 100 Index,Dividend Low Volatility100,11887.22,11910.68,11827.28,11842.38,-56.67,-0.48,4358859875.0,504.63,100.0,9.29,2025-12-16,9.29,504.63
20251217,930955,中证红利低波动100指数,红利低波100,CSI Dividend Low Volatility 100 Index,Dividend Low Volatility100,11829.06,11893.32,11785.41,11854.19,11.81,0.1,4304806737.0,520.36,100.0,9.31,2025-12-17,9.31,520.36
20251218,930955,中证红利低波动100指数,红利低波100,CSI Dividend Low Volatility 100 Index,Dividend Low Volatility100,11838.42,11936.56,11831.56,11919.92,65.73,0.55,4249929157.0,463.73,100.0,9.36,2025-12-18,9.36,463.73
20251219,930955,中证红利低波动100指数,红利低波100,CSI Dividend Low Volatility 100 Index,Dividend Low Volatility100,11913.6,11949.45,11875.95,11915.5,-4.42,-0.04,4381031649.0,503.34,100.0,9.3,2025-12-19,9.3,503.34
20251222,930955,中证红利低波动100指数,红利低波100,CSI Dividend Low Volatility 100 Index,Dividend Low Volatility100,11918.79,11919.63,11858.14,11858.86,-56.64,-0.47,4240547859.0,505.95,100.0,9.28,2025-12-22,9.28,505.95
20251223,930955,中证红利低波动100指数,红利低波100,CSI Dividend Low Volatility 100 Index,Dividend Low Volatility100,11863.9,11898.75,11835.93,11851.04,-7.82,-0.06,4170365668.0,484.73,100.0,9.32,2025-12-23,9.32,484.73
20251224,930955,中证红利低波动100指数,红利低波100,CSI Dividend Low Volatility 100 Index,Dividend Low Volatility100,11845.23,11885.94,11818.37,11877.02,25.98,0.22,3904526770.0,442.56,100.0,9.29,2025-12-24,9.29,442.56
20251225,930955,中证红利低波动100指数,红利低波100,CSI Dividend Low Volatility 100 Index,Dividend Low Volatility100,11893.05,11930.69,11888.51,11920.76,43.75,0.37,3630321891.0,438.65,100.0,9.3,2025-12-25,9.3,438.65
20251226,930955,中证红利低波动100指数,红利低波100,CSI Dividend Low Volatility 100 Index,Dividend Low Volatility100,11910.33,11943.78,11885.89,11932.25,11.48,0.1,3676604293.0,431.12,100.0,9.28,2025-12-26,9.28,431.12
20251229,930955,中证红利低波动100指数,红利低波100,CSI Dividend Low Volatility 100 Index,Dividend Low Volatility100,11913.36,11920.2,11850.79,11853.99,-78.26,-0.66,5326733392.0,594.21,100.0,9.31,2025-12-29,9.31,594.21
20251230,930955,中证红利低波动100指数,红利低波100,CSI Dividend Low Volatility 100 Index,Dividend Low Volatility100,11831.07,11834.21,11778.39,11808.26,-45.73,-0.39,4966743457.0,583.92,100.0,9.3,2025-12-30,9.3,583.92
20251231,930955,中证红利低波动100指数,红利低波100,CSI Dividend Low Volatility 100 Index,Dividend Low Volatility100,11806.56,11831.86,11787.56,11791.31,-16.94,-0.14,4188258570.0,497.33,100.0,9.31,2025-12-31,9.31,497.33
20260105,930955,中证红利低波动100指数,红利低波100,CSI Dividend Low Volatility 100 Index,Dividend Low Volatility100,11808.23,11823.13,11766.41,11813.31,21.99,0.19,5780352573.0,777.86,100.0,9.32,2026-01-05,9.32,777.86
20260106,930955,中证红利低波动100指数,红利低波100,CSI Dividend Low Volatility 100 Index,Dividend Low Volatility100,11817.25,11887.56,11790.9,11887.38,74.07,0.63,6253186644.0,772.01,100.0,9.37,2026-01-06,9.37,772.01
20260107,930955,中证红利低波动100指数,红利低波100,CSI Dividend Low Volatility 100 Index,Dividend Low Volatility100,11876.04,11889.33,11826.86,11844.83,-42.55,-0.36,5736136668.0,690.61,100.0,9.29,2026-01-07,9.29,690.61
20260108,930955,中证红利低波动100指数,红利低波100,CSI Dividend Low Volatility 100 Index,Dividend Low Volatility100,11837.25,11837.25,11776.69,11793.73,-51.1,-0.43,4907227931.0,670.3,100.0,9.22,2026-01-08,9.22,670.3
20260109,930955,中证红利低波动100指数,红利低波100,CSI Dividend Low Volatility 100 Index,Dividend Low Volatility100,11814.15,11832.93,11781.56,11829.78,36.06,0.31,5432396739.0,720.55,100.0,9.23,2026-01-09,9.23,720.55
20260112,930955,中证红利低波动100指数,红利低波100,CSI Dividend Low Volatility 100 Index,Dividend Low Volatility100,11816.02,11868.52,11806.25,11864.95,35.17,0.3,5813576144.0,759.3,100.0,9.23,2026-01-12,9.23,759.3
20260113,930955,中证红利低波动100指数,红利低波100,CSI Dividend Low Volatility 100 Index,Dividend Low Volatility100,11872.68,11917.12,11829.03,11848.82,-16.13,-0.14,6303110388.0,812.49,100.0,9.25,2026-01-13,9.25,812.49
20260114,930955,中证红利低波动100指数,红利低波100,CSI Dividend Low Volatility 100 Index,Dividend Low Volatility100,11845.68,11885.16,11732.52,11754.71,-94.11,-0.79,8610469071.0,1018.8,100.0,9.13,2026-01-14,9.13,1018.8
20260115,930955,中证红利低波动100指数,红利低波100,CSI Dividend Low Volatility 100 Index,Dividend Low Volatility100,11748.13,11792.48,11721.21,11734.69,-20.02,-0.17,5474852970.0,685.2,100.0,9.11,2026-01-15,9.11,685.2
20260116,930955,中证红利低波动100指数,红利低波100,CSI Dividend Low Volatility 100 Index,Dividend Low Volatility100,11748.46,11761.25,11614.56,11633.38,-101.31,-0.86,7426579630.0,882.72,100.0,9.01,2026-01-16,9.01,882.72
20260119,930955,中证红利低波动100指数,红利低波100,CSI Dividend Low Volatility 100 Index,Dividend Low Volatility100,11618.97,11701.6,11612.6,11688.78,55.4,0.48,5166260038.0,614.81,100.0,9.0,2026-01-19,9.0,614.81
20260120,930955,中证红利低波动100指数,红利低波100,CSI Dividend Low Volatility 100 Index,Dividend Low Volatility100,11692.54,11844.76,11683.75,11841.71,152.93,1.31,6421784083.0,731.39,100.0,9.07,2026-01-20,9.07,731.39
20260121,930955,中证红利低波动100指数,红利低波100,CSI Dividend Low Volatility 100 Index,Dividend Low Volatility100,11830.31,11843.98,11749.82,11765.6,-76.1,-0.64,6314118597.0,783.91,100.0,8.95,2026-01-21,8.95,783.91
20260122,930955,中证红利低波动100指数,红利低波100,CSI Dividend Low Volatility 100 Index,Dividend Low Volatility100,11772.96,11849.16,11767.7,11808.86,43.26,0.37,6561221778.0,822.26,100.0,8.95,2026-01-22,8.95,822.26
20260123,930955,中证红利低波动100指数,红利低波100,CSI Dividend Low Volatility 100 Index,Dividend Low Volatility100,11824.72,11845.11,11783.98,11805.78,-3.08,-0.03,7751383187.0,924.78,100.0,8.86,2026-01-23,8.86,924.78
20260126,930955,中证红利低波动100指数,红利低波100,CSI Dividend Low Volatility 100 Index,Dividend Low Volatility100,11814.95,11885.3,11758.33,11864.82,59.04,0.5,10033720439.0,1211.36,100.0,8.96,2026-01-26,8.96,1211.36
20260127,930955,中证红利低波动100指数,红利低波100,CSI Dividend Low Volatility 100 Index,Dividend Low Volatility100,11867.8,11867.8,11773.54,11785.19,-79.63,-0.67,7801711417.0,905.69,100.0,8.93,2026-01-27,8.93,905.69
20260128,930955,中证红利低波动100指数,红利低波100,CSI Dividend Low Volatility 100 Index,Dividend Low Volatility100,11806.51,11913.21,11783.08,11853.88,68.68,0.58,10701769832.0,1248.74,100.0,8.94,2026-01-28,8.94,1248.74
20260129,930955,中证红利低波动100指数,红利低波100,CSI Dividend Low Volatility 100 Index,Dividend Low Volatility100,11888.44,12061.98,11857.37,12060.4,206.52,1.74,11402288193.0,1633.91,100.0,9.15,2026-01-29,9.15,1633.91
20260130,930955,中证红利低波动100指数,红利低波100,CSI Dividend Low Volatility 100 Index,Dividend Low Volatility100,12037.57,12099.49,11922.99,11972.76,-87.63,-0.73,9134973363.0,1220.41,100.0,9.1,2026-01-30,9.1,1220.41
20260202,930955,中证红利低波动100指数,红利低波100,CSI Dividend Low Volatility 100 Index,Dividend Low Volatility100,11922.24,11996.93,11789.8,11796.96,-175.81,-1.47,8880501373.0,1082.31,100.0,9.06,2026-02-02,9.06,1082.31
20260203,930955,中证红利低波动100指数,红利低波100,CSI Dividend Low Volatility 100 Index,Dividend Low Volatility100,11813.66,11865.14,11741.78,11832.87,35.91,0.3,6828662833.0,848.78,100.0,9.03,2026-02-03,9.03,848.78
20260204,930955,中证红利低波动100指数,红利低波100,CSI Dividend Low Volatility 100 Index,Dividend Low Volatility100,11836.54,12021.43,11836.02,12012.52,179.65,1.52,7208796083.0,931.12,100.0,9.19,2026-02-04,9.19,931.12
20260205,930955,中证红利低波动100指数,红利低波100,CSI Dividend Low Volatility 100 Index,Dividend Low Volatility100,11994.77,12073.6,11960.88,12041.67,29.15,0.24,7026179370.0,898.72,100.0,9.26,2026-02-05,9.26,898.72
20260206,930955,中证红利低波动100指数,红利低波100,CSI Dividend Low Volatility 100 Index,Dividend Low Volatility100,12001.22,12075.6,11961.5,12009.02,-32.64,-0.27,6168350522.0,761.7,100.0,9.22,2026-02-06,9.22,761.7
20260209,930955,中证红利低波动100指数,红利低波100,CSI Dividend Low Volatility 100 Index,Dividend Low Volatility100,12035.89,12084.11,12016.16,12071.87,62.85,0.52,5130138212.0,655.98,100.0,9.25,2026-02-09,9.25,655.98
20260210,930955,中证红利低波动100指数,红利低波100,CSI Dividend Low Volatility 100 Index,Dividend Low Volatility100,12075.7,12095.06,12031.7,12079.96,8.09,0.07,4615777756.0,545.64,100.0,9.25,2026-02-10,9.25,545.64
20260211,930955,中证红利低波动100指数,红利低波100,CSI Dividend Low Volatility 100 Index,Dividend Low Volatility100,12080.15,12112.33,12039.47,12093.39,13.42,0.11,4161322747.0,472.93,100.0,9.27,2026-02-11,9.27,472.93
20260212,930955,中证红利低波动100指数,红利低波100,CSI Dividend Low Volatility 100 Index,Dividend Low Volatility100,12095.32,12095.32,12012.7,12022.86,-70.52,-0.58,5373964385.0,601.1,100.0,9.2,2026-02-12,9.2,601.1
20260213,930955,中证红利低波动100指数,红利低波100,CSI Dividend Low Volatility 100 Index,Dividend Low Volatility100,12009.0,12014.42,11886.04,11893.53,-129.33,-1.07,4946161684.0,580.04,100.0,9.08,2026-02-13,9.08,580.04
20260224,930955,中证红利低波动100指数,红利低波100,CSI Dividend Low Volatility 100 Index,Dividend Low Volatility100,11981.95,12038.87,11967.68,12018.49,124.95,1.05,6021317025.0,684.63,100.0,9.15,2026-02-24,9.15,684.63
20260225,930955,中证红利低波动100指数,红利低波100,CSI Dividend Low Volatility 100 Index,Dividend Low Volatility100,12032.52,12128.24,12001.42,12021.95,3.46,0.03,8169358068.0,779.88,100.0,9.14,2026-02-25,9.14,779.88
20260226,930955,中证红利低波动100指数,红利低波100,CSI Dividend Low Volatility 100 Index,Dividend Low Volatility100,12026.45,12069.42,11967.12,12005.1,-16.85,-0.14,5426640375.0,624.62,100.0,9.08,2026-02-26,9.08,624.62
20260227,930955,中证红利低波动100指数,红利低波100,CSI Dividend Low Volatility 100 Index,Dividend Low Volatility100,11999.52,12084.09,11995.01,12068.81,63.72,0.53,5658370644.0,582.59,100.0,9.07,2026-02-27,9.07,582.59
20260302,930955,中证红利低波动100指数,红利低波100,CSI Dividend Low Volatility 100 Index,Dividend Low Volatility100,12082.33,12176.64,12020.66,12169.5,100.69,0.83,9721255349.0,1055.06,100.0,9.23,2026-03-02,9.23,1055.06
20260303,930955,中证红利低波动100指数,红利低波100,CSI Dividend Low Volatility 100 Index,Dividend Low Volatility100,12186.87,12305.05,12136.4,12185.68,16.17,0.13,11660701068.0,1299.04,100.0,9.43,2026-03-03,9.43,1299.04
20260304,930955,中证红利低波动100指数,红利低波100,CSI Dividend Low Volatility 100 Index,Dividend Low Volatility100,12136.89,12136.89,11949.73,12017.64,-168.04,-1.38,10413609455.0,1166.14,100.0,9.33,2026-03-04,9.33,1166.14
20260305,930955,中证红利低波动100指数,红利低波100,CSI Dividend Low Volatility 100 Index,Dividend Low Volatility100,12039.04,12071.8,11962.11,12020.29,2.66,0.02,7184351183.0,783.41,100.0,9.3,2026-03-05,9.3,783.41
20260306,930955,中证红利低波动100指数,红利低波100,CSI Dividend Low Volatility 100 Index,Dividend Low Volatility100,11980.87,12122.75,11974.57,12110.99,90.69,0.75,5988184296.0,651.18,100.0,9.28,2026-03-06,9.28,651.18
20260309,930955,中证红利低波动100指数,红利低波100,CSI Dividend Low Volatility 100 Index,Dividend Low Volatility100,12162.69,12186.1,12086.78,12107.17,-3.82,-0.03,8715966083.0,1014.49,100.0,9.32,2026-03-09,9.32,1014.49
20260310,930955,中证红利低波动100指数,红利低波100,CSI Dividend Low Volatility 100 Index,Dividend Low Volatility100,12048.47,12108.47,12022.9,12104.21,-2.96,-0.02,7076761226.0,720.57,100.0,9.22,2026-03-10,9.22,720.57
20260311,930955,中证红利低波动100指数,红利低波100,CSI Dividend Low Volatility 100 Index,Dividend Low Volatility100,12094.1,12242.85,12022.77,12231.67,127.46,1.05,7543536708.0,739.97,100.0,9.3,2026-03-11,9.3,739.97
20260312,930955,中证红利低波动100指数,红利低波100,CSI Dividend Low Volatility 100 Index,Dividend Low Volatility100,12249.2,12323.04,12207.75,12297.77,66.09,0.54,8131650873.0,800.54,100.0,9.34,2026-03-12,9.34,800.54
20260313,930955,中证红利低波动100指数,红利低波100,CSI Dividend Low Volatility 100 Index,Dividend Low Volatility100,12300.44,12353.19,12247.88,12274.68,-23.09,-0.19,8860512820.0,847.86,100.0,9.34,2026-03-13,9.34,847.86
20260316,930955,中证红利低波动100指数,红利低波100,CSI Dividend Low Volatility 100 Index,Dividend Low Volatility100,12278.57,12317.8,12209.94,12267.2,-7.48,-0.06,7314443765.0,713.48,100.0,8.84,2026-03-16,8.84,713.48
20260317,930955,中证红利低波动100指数,红利低波100,CSI Dividend Low Volatility 100 Index,Dividend Low Volatility100,12255.42,12346.57,12249.49,12270.09,2.89,0.02,7581813361.0,710.33,100.0,8.92,2026-03-17,8.92,710.33
20260318,930955,中证红利低波动100指数,红利低波100,CSI Dividend Low Volatility 100 Index,Dividend Low Volatility100,12264.99,12278.4,12137.92,12215.52,-54.57,-0.44,7152940740.0,633.67,100.0,8.88,2026-03-18,8.88,633.67
20260319,930955,中证红利低波动100指数,红利低波100,CSI Dividend Low Volatility 100 Index,Dividend Low Volatility100,12191.56,12283.99,12165.33,12189.73,-25.79,-0.21,7498981876.0,680.38,100.0,8.91,2026-03-19,8.91,680.38
20260320,930955,中证红利低波动100指数,红利低波100,CSI Dividend Low Volatility 100 Index,Dividend Low Volatility100,12168.27,12274.94,12136.19,12142.24,-47.49,-0.39,7114649747.0,656.7,100.0,8.86,2026-03-20,8.86,656.7
20260323,930955,中证红利低波动100指数,红利低波100,CSI Dividend Low Volatility 100 Index,Dividend Low Volatility100,12065.88,12065.88,11690.27,11731.3,-410.94,-3.38,10400645960.0,960.42,100.0,8.63,2026-03-23,8.63,960.42
20260324,930955,中证红利低波动100指数,红利低波100,CSI Dividend Low Volatility 100 Index,Dividend Low Volatility100,11810.13,11945.9,11752.81,11945.76,214.47,1.83,7617959965.0,663.69,100.0,8.72,2026-03-24,8.72,663.69
20260325,930955,中证红利低波动100指数,红利低波100,CSI Dividend Low Volatility 100 Index,Dividend Low Volatility100,11932.89,12066.37,11869.09,12058.22,112.46,0.94,7320503363.0,635.9,100.0,8.76,2026-03-25,8.76,635.9
20260326,930955,中证红利低波动100指数,红利低波100,CSI Dividend Low Volatility 100 Index,Dividend Low Volatility100,12050.84,12104.41,12034.33,12055.92,-2.3,-0.02,7155666452.0,600.93,100.0,8.77,2026-03-26,8.77,600.93
20260327,930955,中证红利低波动100指数,红利低波100,CSI Dividend Low Volatility 100 Index,Dividend Low Volatility100,11983.16,12070.7,11945.34,12015.68,-40.24,-0.33,6091870598.0,539.8,100.0,8.76,2026-03-27,8.76,539.8
20260330,930955,中证红利低波动100指数,红利低波100,CSI Dividend Low Volatility 100 Index,Dividend Low Volatility100,11975.43,12081.48,11951.37,12067.63,51.95,0.43,6396565409.0,584.81,100.0,8.8,2026-03-30,8.8,584.81
20260331,930955,中证红利低波动100指数,红利低波100,CSI Dividend Low Volatility 100 Index,Dividend Low Volatility100,12087.35,12180.62,12034.02,12034.02,-33.61,-0.28,7947212137.0,749.99,100.0,8.89,2026-03-31,8.89,749.99
20260401,930955,中证红利低波动100指数,红利低波100,CSI Dividend Low Volatility 100 Index,Dividend Low Volatility100,12098.89,12111.87,12027.44,12043.22,9.2,0.08,6487217417.0,590.66,100.0,8.89,2026-04-01,8.89,590.66
20260402,930955,中证红利低波动100指数,红利低波100,CSI Dividend Low Volatility 100 Index,Dividend Low Volatility100,12035.37,12092.64,12028.17,12078.18,34.96,0.29,6027304193.0,545.5,100.0,8.97,2026-04-02,8.97,545.5
20260403,930955,中证红利低波动100指数,红利低波100,CSI Dividend Low Volatility 100 Index,Dividend Low Volatility100,12068.5,12069.84,11873.96,11890.68,-187.5,-1.55,5283162018.0,454.04,100.0,8.87,2026-04-03,8.87,454.04
20260407,930955,中证红利低波动100指数,红利低波100,CSI Dividend Low Volatility 100 Index,Dividend Low Volatility100,11887.17,11901.14,11829.3,11872.49,-18.19,-0.15,5031747208.0,449.1,100.0,8.8,2026-04-07,8.8,449.1
20260408,930955,中证红利低波动100指数,红利低波100,CSI Dividend Low Volatility 100 Index,Dividend Low Volatility100,11893.09,11974.45,11865.47,11974.45,101.96,0.86,6515648710.0,611.42,100.0,8.81,2026-04-08,8.81,611.42
20260409,930955,中证红利低波动100指数,红利低波100,CSI Dividend Low Volatility 100 Index,Dividend Low Volatility100,11942.95,11976.06,11859.2,11873.03,-101.42,-0.85,4529094187.0,436.94,100.0,8.76,2026-04-09,8.76,436.94
20260410,930955,中证红利低波动100指数,红利低波100,CSI Dividend Low Volatility 100 Index,Dividend Low Volatility100,11895.77,11914.36,11860.08,11867.85,-5.18,-0.04,4168109429.0,428.47,100.0,8.73,2026-04-10,8.73,428.47
20260413,930955,中证红利低波动100指数,红利低波100,CSI Dividend Low Volatility 100 Index,Dividend Low Volatility100,11858.55,11858.55,11775.44,11818.35,-49.5,-0.42,4377674006.0,421.47,100.0,8.73,2026-04-13,8.73,421.47
20260414,930955,中证红利低波动100指数,红利低波100,CSI Dividend Low Volatility 100 Index,Dividend Low Volatility100,11829.9,11851.88,11783.66,11851.63,33.29,0.28,4430042797.0,423.15,100.0,8.78,2026-04-14,8.78,423.15
20260415,930955,中证红利低波动100指数,红利低波100,CSI Dividend Low Volatility 100 Index,Dividend Low Volatility100,11852.18,11938.08,11830.08,11927.38,75.74,0.64,5179373773.0,533.94,100.0,8.87,2026-04-15,8.87,533.94
20260416,930955,中证红利低波动100指数,红利低波100,CSI Dividend Low Volatility 100 Index,Dividend Low Volatility100,11926.63,11951.59,11892.97,11927.71,0.34,0.0,4830237272.0,464.63,100.0,8.86,2026-04-16,8.86,464.63
20260417,930955,中证红利低波动100指数,红利低波100,CSI Dividend Low Volatility 100 Index,Dividend Low Volatility100,11903.36,11905.59,11855.48,11865.13,-62.58,-0.52,4608217035.0,564.5,100.0,8.8,2026-04-17,8.8,564.5
20260420,930955,中证红利低波动100指数,红利低波100,CSI Dividend Low Volatility 100 Index,Dividend Low Volatility100,11866.9,11886.62,11844.39,11877.68,12.55,0.1,4929878777.0,500.52,100.0,8.88,2026-04-20,8.88,500.52
20260421,930955,中证红利低波动100指数,红利低波100,CSI Dividend Low Volatility 100 Index,Dividend Low Volatility100,11874.24,11983.38,11873.67,11968.0,90.31,0.76,5492670947.0,525.57,100.0,8.92,2026-04-21,8.92,525.57
20260422,930955,中证红利低波动100指数,红利低波100,CSI Dividend Low Volatility 100 Index,Dividend Low Volatility100,11944.09,11976.24,11919.75,11934.28,-33.72,-0.28,4895032525.0,485.92,100.0,8.85,2026-04-22,8.85,485.92
20260423,930955,中证红利低波动100指数,红利低波100,CSI Dividend Low Volatility 100 Index,Dividend Low Volatility100,11921.0,12030.49,11907.45,12023.84,89.56,0.75,6592973402.0,618.65,100.0,8.88,2026-04-23,8.88,618.65
20260424,930955,中证红利低波动100指数,红利低波100,CSI Dividend Low Volatility 100 Index,Dividend Low Volatility100,11982.71,12015.06,11938.32,11975.39,-48.45,-0.4,5869756214.0,578.38,100.0,8.89,2026-04-24,8.89,578.38
20260427,930955,中证红利低波动100指数,红利低波100,CSI Dividend Low Volatility 100 Index,Dividend Low Volatility100,11948.13,11973.41,11899.25,11901.58,-73.8,-0.62,6017676978.0,658.57,100.0,8.8,2026-04-27,8.8,658.57
20260428,930955,中证红利低波动100指数,红利低波100,CSI Dividend Low Volatility 100 Index,Dividend Low Volatility100,11881.16,11983.03,11881.16,11983.03,81.45,0.68,6263058909.0,624.24,100.0,8.86,2026-04-28,8.86,624.24
20260429,930955,中证红利低波动100指数,红利低波100,CSI Dividend Low Volatility 100 Index,Dividend Low Volatility100,11972.11,12061.78,11965.38,12023.71,40.68,0.34,6970225580.0,806.77,100.0,8.84,2026-04-29,8.84,806.77
20260430,930955,中证红利低波动100指数,红利低波100,CSI Dividend Low Volatility 100 Index,Dividend Low Volatility100,12008.84,12033.72,11931.8,11962.71,-61.01,-0.51,7387894686.0,815.83,100.0,8.8,2026-04-30,8.8,815.83
20260506,930955,中证红利低波动100指数,红利低波100,CSI Dividend Low Volatility 100 Index,Dividend Low Volatility100,11943.8,11959.05,11878.37,11953.24,-9.47,-0.08,7261903505.0,830.21,100.0,8.89,2026-05-06,8.89,830.21
20260507,930955,中证红利低波动100指数,红利低波100,CSI Dividend Low Volatility 100 Index,Dividend Low Volatility100,11944.1,11970.85,11902.22,11913.28,-39.96,-0.33,6458346412.0,678.0,100.0,8.85,2026-05-07,8.85,678.0
20260508,930955,中证红利低波动100指数,红利低波100,CSI Dividend Low Volatility 100 Index,Dividend Low Volatility100,11915.42,11978.34,11892.65,11922.56,9.28,0.08,5486731624.0,558.2,100.0,8.86,2026-05-08,8.86,558.2
20260511,930955,中证红利低波动100指数,红利低波100,CSI Dividend Low Volatility 100 Index,Dividend Low Volatility100,11920.59,11980.5,11877.96,11970.31,47.76,0.4,6928518098.0,726.82,100.0,8.85,2026-05-11,8.85,726.82
20260512,930955,中证红利低波动100指数,红利低波100,CSI Dividend Low Volatility 100 Index,Dividend Low Volatility100,11962.03,12000.78,11933.35,11951.16,-19.15,-0.16,6384271317.0,676.71,100.0,8.84,2026-05-12,8.84,676.71
20260513,930955,中证红利低波动100指数,红利低波100,CSI Dividend Low Volatility 100 Index,Dividend Low Volatility100,11947.79,11984.28,11906.7,11938.52,-12.64,-0.1,5976921155.0,651.77,100.0,8.77,2026-05-13,8.77,651.77
20260514,930955,中证红利低波动100指数,红利低波100,CSI Dividend Low Volatility 100 Index,Dividend Low Volatility100,11945.25,11948.68,11873.51,11873.51,-65.0,-0.54,7135765212.0,739.02,100.0,8.79,2026-05-14,8.79,739.02
20260515,930955,中证红利低波动100指数,红利低波100,CSI Dividend Low Volatility 100 Index,Dividend Low Volatility100,11859.95,11873.67,11773.39,11809.5,-64.02,-0.54,6540689447.0,689.14,100.0,8.75,2026-05-15,8.75,689.14
20260518,930955,中证红利低波动100指数,红利低波100,CSI Dividend Low Volatility 100 Index,Dividend Low Volatility100,11797.33,11814.04,11696.99,11741.66,-67.84,-0.57,5536439458.0,610.0,100.0,8.7,2026-05-18,8.7,610.0
20260519,930955,中证红利低波动100指数,红利低波100,CSI Dividend Low Volatility 100 Index,Dividend Low Volatility100,11728.42,11855.33,11726.97,11851.12,109.47,0.93,5861595052.0,623.57,100.0,8.74,2026-05-19,8.74,623.57
20260520,930955,中证红利低波动100指数,红利低波100,CSI Dividend Low Volatility 100 Index,Dividend Low Volatility100,11839.95,11839.95,11754.04,11769.09,-82.04,-0.69,5990077794.0,604.58,100.0,8.64,2026-05-20,8.64,604.58
20260521,930955,中证红利低波动100指数,红利低波100,CSI Dividend Low Volatility 100 Index,Dividend Low Volatility100,11748.51,11818.59,11680.29,11681.59,-87.5,-0.74,5913958033.0,605.43,100.0,8.64,2026-05-21,8.64,605.43
20260522,930955,中证红利低波动100指数,红利低波100,CSI Dividend Low Volatility 100 Index,Dividend Low Volatility100,11687.46,11690.76,11600.68,11632.51,-49.08,-0.42,5398968683.0,566.4,100.0,8.6,2026-05-22,8.6,566.4
20260525,930955,中证红利低波动100指数,红利低波100,CSI Dividend Low Volatility 100 Index,Dividend Low Volatility100,11643.58,11695.67,11606.36,11668.59,36.08,0.31,4951526437.0,534.23,100.0,8.6,2026-05-25,8.6,534.23
20260526,930955,中证红利低波动100指数,红利低波100,CSI Dividend Low Volatility 100 Index,Dividend Low Volatility100,11633.09,11682.19,11608.75,11672.0,3.41,0.03,5546058120.0,585.29,100.0,8.59,2026-05-26,8.59,585.29
20260527,930955,中证红利低波动100指数,红利低波100,CSI Dividend Low Volatility 100 Index,Dividend Low Volatility100,11634.54,11666.68,11545.08,11636.9,-35.11,-0.3,6279812622.0,702.6,100.0,8.59,2026-05-27,8.59,702.6
20260528,930955,中证红利低波动100指数,红利低波100,CSI Dividend Low Volatility 100 Index,Dividend Low Volatility100,11592.97,11658.96,11536.01,11538.22,-98.68,-0.85,6274637021.0,634.7,100.0,8.5,2026-05-28,8.5,634.7
20260529,930955,中证红利低波动100指数,红利低波100,CSI Dividend Low Volatility 100 Index,Dividend Low Volatility100,11523.2,11787.05,11518.21,11755.68,217.46,1.88,8651440863.0,951.09,100.0,8.68,2026-05-29,8.68,951.09
20260601,930955,中证红利低波动100指数,红利低波100,CSI Dividend Low Volatility 100 Index,Dividend Low Volatility100,11756.73,11950.79,11693.93,11948.11,192.43,1.64,8778752382.0,852.47,100.0,8.78,2026-06-01,8.78,852.47
20260602,930955,中证红利低波动100指数,红利低波100,CSI Dividend Low Volatility 100 Index,Dividend Low Volatility100,11910.84,12003.58,11872.45,11893.73,-54.39,-0.46,7548781304.0,739.35,100.0,8.79,2026-06-02,8.79,739.35
20260603,930955,中证红利低波动100指数,红利低波100,CSI Dividend Low Volatility 100 Index,Dividend Low Volatility100,11859.06,11859.23,11692.67,11793.22,-100.51,-0.84,7137265274.0,686.96,100.0,8.72,2026-06-03,8.72,686.96
20260604,930955,中证红利低波动100指数,红利低波100,CSI Dividend Low Volatility 100 Index,Dividend Low Volatility100,11756.47,11817.9,11631.46,11658.94,-134.28,-1.14,5867657288.0,564.19,100.0,8.63,2026-06-04,8.63,564.19
20260605,930955,中证红利低波动100指数,红利低波100,CSI Dividend Low Volatility 100 Index,Dividend Low Volatility100,11650.08,11792.22,11648.57,11668.6,9.66,0.08,6545929089.0,622.15,100.0,8.69,2026-06-05,8.69,622.15
20260608,930955,中证红利低波动100指数,红利低波100,CSI Dividend Low Volatility 100 Index,Dividend Low Volatility100,11595.71,11663.75,11514.18,11576.87,-91.73,-0.79,7003744139.0,672.36,100.0,8.77,2026-06-08,8.77,672.36
20260609,930955,中证红利低波动100指数,红利低波100,CSI Dividend Low Volatility 100 Index,Dividend Low Volatility100,11540.77,11595.18,11498.47,11544.0,-32.86,-0.28,6370217327.0,592.54,100.0,8.75,2026-06-09,8.75,592.54
20260610,930955,中证红利低波动100指数,红利低波100,CSI Dividend Low Volatility 100 Index,Dividend Low Volatility100,11506.56,11573.15,11478.22,11565.0,21.0,0.18,6530658358.0,652.77,100.0,8.83,2026-06-10,8.83,652.77
20260611,930955,中证红利低波动100指数,红利低波100,CSI Dividend Low Volatility 100 Index,Dividend Low Volatility100,11544.16,11559.41,11441.17,11484.43,-80.57,-0.7,5743436659.0,584.61,100.0,8.82,2026-06-11,8.82,584.61
20260612,930955,中证红利低波动100指数,红利低波100,CSI Dividend Low Volatility 100 Index,Dividend Low Volatility100,11455.46,11598.73,11411.96,11598.73,114.3,1.0,8196348214.0,848.17,100.0,8.9,2026-06-12,8.9,848.17
20260615,930955,中证红利低波动100指数,红利低波100,CSI Dividend Low Volatility 100 Index,Dividend Low Volatility100,11577.48,11608.58,11489.08,11536.2,-62.53,-0.54,6983666341.0,724.96,100.0,8.63,2026-06-15,8.63,724.96
20260616,930955,中证红利低波动100指数,红利低波100,CSI Dividend Low Volatility 100 Index,Dividend Low Volatility100,11502.54,11502.54,11350.55,11358.61,-177.59,-1.54,5219129367.0,547.33,100.0,8.51,2026-06-16,8.51,547.33
20260617,930955,中证红利低波动100指数,红利低波100,CSI Dividend Low Volatility 100 Index,Dividend Low Volatility100,11349.33,11349.33,11229.67,11275.57,-83.04,-0.73,5430523830.0,532.0,100.0,8.43,2026-06-17,8.43,532.0
20260618,930955,中证红利低波动100指数,红利低波100,CSI Dividend Low Volatility 100 Index,Dividend Low Volatility100,11246.19,11246.19,11042.6,11046.66,-228.9,-2.03,6969041773.0,677.98,100.0,8.23,2026-06-18,8.23,677.98
20260622,930955,中证红利低波动100指数,红利低波100,CSI Dividend Low Volatility 100 Index,Dividend Low Volatility100,11021.06,11092.43,10881.1,11074.3,27.63,0.25,6827536987.0,677.64,100.0,8.31,2026-06-22,8.31,677.64
20260623,930955,中证红利低波动100指数,红利低波100,CSI Dividend Low Volatility 100 Index,Dividend Low Volatility100,11047.31,11221.96,11041.38,11081.97,7.67,0.07,7152567261.0,692.47,100.0,8.38,2026-06-23,8.38,692.47
20260624,930955,中证红利低波动100指数,红利低波100,CSI Dividend Low Volatility 100 Index,Dividend Low Volatility100,11087.53,11098.22,10854.2,10854.2,-227.77,-2.05,6614838614.0,626.31,100.0,8.19,2026-06-24,8.19,626.31
20260625,930955,中证红利低波动100指数,红利低波100,CSI Dividend Low Volatility 100 Index,Dividend Low Volatility100,10817.62,10870.07,10732.56,10758.49,-95.71,-0.88,5942163753.0,622.33,100.0,8.12,2026-06-25,8.12,622.33
20260626,930955,中证红利低波动100指数,红利低波100,CSI Dividend Low Volatility 100 Index,Dividend Low Volatility100,10740.12,10758.62,10597.37,10608.87,-149.63,-1.39,5729635941.0,571.98,100.0,8.04,2026-06-26,8.04,571.98
20260629,930955,中证红利低波动100指数,红利低波100,CSI Dividend Low Volatility 100 Index,Dividend Low Volatility100,10596.19,10767.67,10412.7,10753.17,144.31,1.36,6571866969.0,694.13,100.0,8.11,2026-06-29,8.11,694.13
20260630,930955,中证红利低波动100指数,红利低波100,CSI Dividend Low Volatility 100 Index,Dividend Low Volatility100,10708.89,10714.83,10520.68,10558.92,-194.25,-1.81,5958275374.0,584.39,100.0,7.96,2026-06-30,7.96,584.39
20260701,930955,中证红利低波动100指数,红利低波100,CSI Dividend Low Volatility 100 Index,Dividend Low Volatility100,10553.02,10737.47,10521.65,10716.04,157.12,1.49,5374114039.0,543.44,100.0,8.0,2026-07-01,8.0,543.44
20260702,930955,中证红利低波动100指数,红利低波100,CSI Dividend Low Volatility 100 Index,Dividend Low Volatility100,10730.52,10893.74,10705.49,10839.01,122.97,1.15,6198488186.0,631.69,100.0,8.04,2026-07-02,8.04,631.69
20260703,930955,中证红利低波动100指数,红利低波100,CSI Dividend Low Volatility 100 Index,Dividend Low Volatility100,10839.32,10956.29,10815.81,10892.44,53.43,0.49,5322048252.0,533.01,100.0,8.03,2026-07-03,8.03,533.01
20260706,930955,中证红利低波动100指数,红利低波100,CSI Dividend Low Volatility 100 Index,Dividend Low Volatility100,10876.93,11072.06,10820.17,11057.57,165.14,1.52,5947564130.0,588.05,100.0,8.15,2026-07-06,8.15,588.05
20260707,930955,中证红利低波动100指数,红利低波100,CSI Dividend Low Volatility 100 Index,Dividend Low Volatility100,11048.8,11048.8,10877.79,10916.81,-140.76,-1.27,5120214376.0,488.11,100.0,8.15,2026-07-07,8.15,488.11
20260708,930955,中证红利低波动100指数,红利低波100,CSI Dividend Low Volatility 100 Index,Dividend Low Volatility100,10900.59,11048.86,10846.15,11016.95,100.14,0.92,5119812550.0,488.0,100.0,8.25,2026-07-08,8.25,488.0
20260709,930955,中证红利低波动100指数,红利低波100,CSI Dividend Low Volatility 100 Index,Dividend Low Volatility100,10969.91,10989.59,10870.56,10905.92,-111.04,-1.01,5128730633.0,486.44,100.0,8.17,2026-07-09,8.17,486.44
20260710,930955,中证红利低波动100指数,红利低波100,CSI Dividend Low Volatility 100 Index,Dividend Low Volatility100,10859.97,10970.42,10781.94,10929.97,24.06,0.22,5784194605.0,591.59,100.0,8.22,2026-07-10,8.22,591.59
20260713,930955,中证红利低波动100指数,红利低波100,CSI Dividend Low Volatility 100 Index,Dividend Low Volatility100,10898.05,11037.07,10892.52,11025.22,95.25,0.87,6754777665.0,674.09,100.0,8.33,2026-07-13,8.33,674.09
20260714,930955,中证红利低波动100指数,红利低波100,CSI Dividend Low Volatility 100 Index,Dividend Low Volatility100,10990.85,11142.97,10978.91,11122.67,97.45,0.88,6387609378.0,636.5,100.0,8.36,2026-07-14,8.36,636.5
20260715,930955,中证红利低波动100指数,红利低波100,CSI Dividend Low Volatility 100 Index,Dividend Low Volatility100,11069.22,11302.45,11050.72,11297.34,174.67,1.57,6474369058.0,716.62,100.0,8.45,2026-07-15,8.45,716.62
20260716,930955,中证红利低波动100指数,红利低波100,CSI Dividend Low Volatility 100 Index,Dividend Low Volatility100,11245.78,11330.85,11194.0,11280.3,-17.04,-0.15,5740004302.0,614.97,100.0,8.38,2026-07-16,8.38,614.97
20260717,930955,中证红利低波动100指数,红利低波100,CSI Dividend Low Volatility 100 Index,Dividend Low Volatility100,11288.33,11411.79,11233.71,11245.35,-34.95,-0.31,8251800400.0,834.61,100.0,8.45,2026-07-17,8.45,834.61
20260720,930955,中证红利低波动100指数,红利低波100,CSI Dividend Low Volatility 100 Index,Dividend Low Volatility100,11235.58,11504.38,11234.93,11504.38,259.03,2.3,9929471710.0,1064.17,100.0,8.7,2026-07-20,8.7,1064.17
20260721,930955,中证红利低波动100指数,红利低波100,CSI Dividend Low Volatility 100 Index,Dividend Low Volatility100,11476.13,11659.75,11374.25,11393.91,-110.47,-0.96,9756181026.0,1037.94,100.0,8.54,2026-07-21,8.54,1037.94
20260722,930955,中证红利低波动100指数,红利低波100,CSI Dividend Low Volatility 100 Index,Dividend Low Volatility100,11354.75,11425.51,11238.7,11423.95,30.03,0.26,7000546638.0,736.61,100.0,8.61,2026-07-22,8.61,736.61
20260723,930955,中证红利低波动100指数,红利低波100,CSI Dividend Low Volatility 100 Index,Dividend Low Volatility100,11369.14,11469.46,11354.36,11458.15,34.21,0.3,5515509104.0,542.63,100.0,8.64,2026-07-23,8.64,542.63
20260724,930955,中证红利低波动100指数,红利低波100,CSI Dividend Low Volatility 100 Index,Dividend Low Volatility100,11456.16,11494.52,11333.72,11337.73,-120.42,-1.05,5395636743.0,548.67,100.0,8.65,2026-07-24,8.65,548.67
20260727,930955,中证红利低波动100指数,红利低波100,CSI Dividend Low Volatility 100 Index,Dividend Low Volatility100,11332.77,11420.95,11304.4,11383.13,45.4,0.4,5670371222.0,551.36,100.0,8.65,2026-07-27,8.65,551.36
