tradeDate,indexCode,indexNameCnAll,indexNameCn,indexNameEnAll,indexNameEn,open,high,low,close,change,changePct,tradingVol,tradingValue,consNumber,peg,date,rolling_pe,trading_value
20150101,000300,沪深300指数,沪深300,CSI 300 Index,CSI 300,3566.09,3669.04,3551.51,3641.54,107.84,3.05,45119809800.0,5198.5,300.0,14.28,2015-01-01,14.28,5198.5
20150105,000300,沪深300指数,沪深300,CSI 300 Index,CSI 300,3566.09,3669.04,3551.51,3641.54,107.84,3.05,45119809800.0,5198.5,300.0,14.28,2015-01-05,14.28,5198.5
20150106,000300,沪深300指数,沪深300,CSI 300 Index,CSI 300,3608.43,3683.23,3587.23,3641.06,-0.48,-0.01,42096218500.0,4985.3,300.0,14.29,2015-01-06,14.29,4985.3
20150107,000300,沪深300指数,沪深300,CSI 300 Index,CSI 300,3620.92,3671.19,3601.7,3643.79,2.73,0.08,32019123200.0,3987.32,300.0,14.37,2015-01-07,14.37,3987.32
20150108,000300,沪深300指数,沪深300,CSI 300 Index,CSI 300,3650.07,3659.95,3552.1,3559.26,-84.53,-2.32,29500304500.0,3558.32,300.0,14.01,2015-01-08,14.01,3558.32
20150109,000300,沪深300指数,沪深300,CSI 300 Index,CSI 300,3547.57,3689.75,3536.4,3546.72,-12.54,-0.35,34998267200.0,4302.11,300.0,13.99,2015-01-09,13.99,4302.11
20150112,000300,沪深300指数,沪深300,CSI 300 Index,CSI 300,3531.52,3560.53,3461.32,3513.58,-33.15,-0.93,26656717500.0,3342.57,300.0,13.8,2015-01-12,13.8,3342.57
20150113,000300,沪深300指数,沪深300,CSI 300 Index,CSI 300,3506.45,3550.16,3494.77,3514.04,0.46,0.01,18715396500.0,2507.97,300.0,13.81,2015-01-13,13.81,2507.97
20150114,000300,沪深300指数,沪深300,CSI 300 Index,CSI 300,3522.91,3547.24,3471.56,3502.42,-11.62,-0.33,19601251000.0,2412.86,300.0,13.82,2015-01-14,13.82,2412.86
20150115,000300,沪深300指数,沪深300,CSI 300 Index,CSI 300,3501.72,3604.12,3482.27,3604.12,101.7,2.9,23781233800.0,3034.45,300.0,14.33,2015-01-15,14.33,3034.45
20150116,000300,沪深300指数,沪深300,CSI 300 Index,CSI 300,3616.25,3662.16,3601.26,3635.15,31.03,0.86,28268161400.0,3555.69,300.0,14.5,2015-01-16,14.5,3555.69
20150119,000300,沪深300指数,沪深300,CSI 300 Index,CSI 300,3414.01,3497.25,3330.98,3355.16,-279.99,-7.7,32950527500.0,3660.18,300.0,13.32,2015-01-19,13.32,3660.18
20150120,000300,沪深300指数,沪深300,CSI 300 Index,CSI 300,3336.79,3419.2,3325.68,3396.22,41.07,1.22,29784323200.0,3819.18,300.0,13.52,2015-01-20,13.52,3819.18
20150121,000300,沪深300指数,沪深300,CSI 300 Index,CSI 300,3420.49,3557.79,3409.43,3548.89,152.66,4.5,33792821000.0,4254.34,300.0,14.2,2015-01-21,14.2,4254.34
20150122,000300,沪深300指数,沪深300,CSI 300 Index,CSI 300,3551.05,3576.76,3520.05,3567.61,18.73,0.53,26885359900.0,3450.26,300.0,14.25,2015-01-22,14.25,3450.26
20150123,000300,沪深300指数,沪深300,CSI 300 Index,CSI 300,3582.09,3627.81,3548.63,3571.73,4.12,0.12,28017217200.0,3618.36,300.0,14.3,2015-01-23,14.3,3618.36
20150126,000300,沪深300指数,沪深300,CSI 300 Index,CSI 300,3580.12,3611.62,3559.38,3607.99,36.25,1.01,23976620300.0,3095.86,300.0,14.5,2015-01-26,14.5,3095.86
20150127,000300,沪深300指数,沪深300,CSI 300 Index,CSI 300,3614.04,3616.26,3510.02,3574.93,-33.05,-0.92,28766917900.0,3575.48,300.0,14.32,2015-01-27,14.32,3575.48
20150128,000300,沪深300指数,沪深300,CSI 300 Index,CSI 300,3547.24,3583.31,3512.39,3525.32,-49.61,-1.39,21622021400.0,2787.49,300.0,14.08,2015-01-28,14.08,2787.49
20150129,000300,沪深300指数,沪深300,CSI 300 Index,CSI 300,3474.92,3505.58,3453.9,3481.8,-43.53,-1.23,21161886000.0,2518.98,300.0,13.88,2015-01-29,13.88,2518.98
20150130,000300,沪深300指数,沪深300,CSI 300 Index,CSI 300,3496.89,3514.22,3431.94,3434.39,-47.41,-1.36,19647915700.0,2374.21,300.0,13.65,2015-01-30,13.65,2374.21
20150202,000300,沪深300指数,沪深300,CSI 300 Index,CSI 300,3360.19,3407.26,3347.09,3353.96,-80.43,-2.34,19518369900.0,2248.38,300.0,13.26,2015-02-02,13.26,2248.38
20150203,000300,沪深300指数,沪深300,CSI 300 Index,CSI 300,3388.6,3441.71,3360.72,3437.45,83.49,2.49,19284609600.0,2411.0,300.0,13.62,2015-02-03,13.62,2411.0
20150204,000300,沪深300指数,沪深300,CSI 300 Index,CSI 300,3446.14,3476.82,3399.57,3401.77,-35.68,-1.04,19130434900.0,2440.34,300.0,13.46,2015-02-04,13.46,2440.34
20150205,000300,沪深300指数,沪深300,CSI 300 Index,CSI 300,3487.95,3487.95,3366.86,3366.95,-34.82,-1.02,25043060900.0,3115.24,300.0,13.3,2015-02-05,13.3,3115.24
20150206,000300,沪深300指数,沪深300,CSI 300 Index,CSI 300,3352.33,3374.05,3285.94,3312.42,-54.53,-1.62,19266418600.0,2214.33,300.0,13.04,2015-02-06,13.04,2214.33
20150209,000300,沪深300指数,沪深300,CSI 300 Index,CSI 300,3305.73,3376.53,3298.6,3345.92,33.5,1.01,17235382000.0,2207.67,300.0,13.17,2015-02-09,13.17,2207.67
20150210,000300,沪深300指数,沪深300,CSI 300 Index,CSI 300,3345.08,3407.18,3339.55,3406.94,61.02,1.82,15930908800.0,1991.21,300.0,13.4,2015-02-10,13.4,1991.21
20150211,000300,沪深300指数,沪深300,CSI 300 Index,CSI 300,3415.98,3445.66,3412.14,3434.12,27.18,0.8,14461377200.0,1859.79,300.0,13.47,2015-02-11,13.47,1859.79
20150212,000300,沪深300指数,沪深300,CSI 300 Index,CSI 300,3435.36,3453.58,3405.63,3442.87,8.75,0.25,15608169100.0,1912.86,300.0,13.54,2015-02-12,13.54,1912.86
20150213,000300,沪深300指数,沪深300,CSI 300 Index,CSI 300,3458.83,3509.51,3452.08,3469.83,26.95,0.78,20108997100.0,2470.76,300.0,13.64,2015-02-13,13.64,2470.76
20150216,000300,沪深300指数,沪深300,CSI 300 Index,CSI 300,3473.29,3504.48,3466.61,3499.48,29.66,0.85,16564134300.0,2228.0,300.0,13.72,2015-02-16,13.72,2228.0
20150217,000300,沪深300指数,沪深300,CSI 300 Index,CSI 300,3511.54,3536.82,3511.09,3522.32,22.84,0.65,16532831300.0,2144.57,300.0,13.82,2015-02-17,13.82,2144.57
20150225,000300,沪深300指数,沪深300,CSI 300 Index,CSI 300,3529.55,3529.55,3463.96,3478.73,-43.59,-1.24,16553935100.0,2117.39,300.0,13.72,2015-02-25,13.72,2117.39
20150226,000300,沪深300指数,沪深300,CSI 300 Index,CSI 300,3473.71,3569.33,3456.87,3566.3,87.57,2.52,22932843800.0,2798.09,300.0,14.06,2015-02-26,14.06,2798.09
20150227,000300,沪深300指数,沪深300,CSI 300 Index,CSI 300,3565.23,3594.81,3560.46,3572.84,6.55,0.18,22278643800.0,2718.62,300.0,14.09,2015-02-27,14.09,2718.62
20150302,000300,沪深300指数,沪深300,CSI 300 Index,CSI 300,3603.45,3608.69,3566.53,3601.27,28.42,0.8,24817612500.0,3251.65,300.0,14.17,2015-03-02,14.17,3251.65
20150303,000300,沪深300指数,沪深300,CSI 300 Index,CSI 300,3579.32,3579.32,3504.2,3507.9,-93.37,-2.59,26186648900.0,3357.0,300.0,13.78,2015-03-03,13.78,3357.0
20150304,000300,沪深300指数,沪深300,CSI 300 Index,CSI 300,3514.67,3540.91,3497.17,3530.82,22.92,0.65,19966398100.0,2574.69,300.0,13.84,2015-03-04,13.84,2574.69
20150305,000300,沪深300指数,沪深300,CSI 300 Index,CSI 300,3513.25,3517.08,3467.68,3496.34,-34.48,-0.98,21750880500.0,2790.31,300.0,13.67,2015-03-05,13.67,2790.31
20150306,000300,沪深300指数,沪深300,CSI 300 Index,CSI 300,3501.18,3516.24,3472.39,3478.52,-17.82,-0.51,18151805400.0,2334.68,300.0,13.63,2015-03-06,13.63,2334.68
20150309,000300,沪深300指数,沪深300,CSI 300 Index,CSI 300,3449.7,3546.71,3417.49,3537.75,59.23,1.7,23394041100.0,2778.6,300.0,13.9,2015-03-09,13.9,2778.6
20150310,000300,沪深300指数,沪深300,CSI 300 Index,CSI 300,3523.64,3551.21,3511.99,3520.61,-17.14,-0.48,19426765700.0,2453.67,300.0,13.79,2015-03-10,13.79,2453.67
20150311,000300,沪深300指数,沪深300,CSI 300 Index,CSI 300,3524.58,3568.92,3512.22,3524.65,4.04,0.11,18894782500.0,2357.73,300.0,13.78,2015-03-11,13.78,2357.73
20150312,000300,沪深300指数,沪深300,CSI 300 Index,CSI 300,3557.69,3603.34,3536.53,3592.84,68.19,1.93,26566462500.0,3221.41,300.0,14.07,2015-03-12,14.07,3221.41
20150313,000300,沪深300指数,沪深300,CSI 300 Index,CSI 300,3604.67,3641.39,3594.74,3617.66,24.81,0.69,24686476800.0,2972.99,300.0,14.15,2015-03-13,14.15,2972.99
20150316,000300,沪深300指数,沪深300,CSI 300 Index,CSI 300,3641.77,3705.74,3621.12,3705.67,88.01,2.43,27543830700.0,3584.98,300.0,14.44,2015-03-16,14.44,3584.98
20150317,000300,沪深300指数,沪深300,CSI 300 Index,CSI 300,3733.96,3762.58,3716.81,3757.12,51.45,1.39,37162566600.0,4550.04,300.0,14.65,2015-03-17,14.65,4550.04
20150318,000300,沪深300指数,沪深300,CSI 300 Index,CSI 300,3769.09,3846.06,3763.85,3846.06,88.93,2.37,41519001100.0,4844.66,300.0,14.99,2015-03-18,14.99,4844.66
20150319,000300,沪深300指数,沪深300,CSI 300 Index,CSI 300,3851.25,3859.13,3809.71,3839.74,-6.32,-0.16,39154763000.0,4632.13,300.0,14.97,2015-03-19,14.97,4632.13
20150320,000300,沪深300指数,沪深300,CSI 300 Index,CSI 300,3852.49,3916.86,3832.42,3892.57,52.84,1.38,40181755200.0,5444.68,300.0,15.13,2015-03-20,15.13,5444.68
20150323,000300,沪深300指数,沪深300,CSI 300 Index,CSI 300,3923.08,3972.3,3922.21,3972.06,79.49,2.04,39111992200.0,5197.6,300.0,15.42,2015-03-23,15.42,5197.6
20150324,000300,沪深300指数,沪深300,CSI 300 Index,CSI 300,3980.07,3989.86,3883.78,3973.05,0.99,0.02,46858131200.0,5910.67,300.0,15.44,2015-03-24,15.44,5910.67
20150325,000300,沪深300指数,沪深300,CSI 300 Index,CSI 300,3961.58,3980.72,3913.99,3940.41,-32.63,-0.82,37996885100.0,5017.34,300.0,15.26,2015-03-25,15.26,5017.34
20150326,000300,沪深300指数,沪深300,CSI 300 Index,CSI 300,3921.75,3992.0,3892.88,3950.0,9.59,0.24,34675631500.0,4685.38,300.0,15.37,2015-03-26,15.37,4685.38
20150327,000300,沪深300指数,沪深300,CSI 300 Index,CSI 300,3957.54,3993.03,3932.87,3971.7,21.7,0.55,29875606400.0,3931.32,300.0,15.4,2015-03-27,15.4,3931.32
20150330,000300,沪深300指数,沪深300,CSI 300 Index,CSI 300,3999.02,4101.65,3999.02,4088.18,116.48,2.93,42829702000.0,5462.11,300.0,15.85,2015-03-30,15.85,5462.11
20150331,000300,沪深300指数,沪深300,CSI 300 Index,CSI 300,4138.89,4166.02,4037.77,4051.2,-36.97,-0.9,43606563500.0,5981.22,300.0,15.69,2015-03-31,15.69,5981.22
20150401,000300,沪深300指数,沪深300,CSI 300 Index,CSI 300,4057.5,4139.5,4046.94,4123.9,72.69,1.79,32951285300.0,4665.97,300.0,15.94,2015-04-01,15.94,4665.97
20150402,000300,沪深300指数,沪深300,CSI 300 Index,CSI 300,4149.95,4156.84,4068.65,4124.78,0.88,0.02,33907048700.0,4766.18,300.0,15.94,2015-04-02,15.94,4766.18
20150403,000300,沪深300指数,沪深300,CSI 300 Index,CSI 300,4104.67,4170.56,4092.38,4170.54,45.76,1.11,32130376600.0,4669.66,300.0,16.06,2015-04-03,16.06,4669.66
20150407,000300,沪深300指数,沪深300,CSI 300 Index,CSI 300,4213.89,4260.47,4197.02,4260.04,89.51,2.15,41536265400.0,5646.46,300.0,16.45,2015-04-07,16.45,5646.46
20150408,000300,沪深300指数,沪深300,CSI 300 Index,CSI 300,4277.45,4304.78,4204.83,4295.8,35.76,0.84,45867671500.0,6583.08,300.0,16.62,2015-04-08,16.62,6583.08
20150409,000300,沪深300指数,沪深300,CSI 300 Index,CSI 300,4316.96,4332.17,4212.61,4262.14,-33.67,-0.78,43969990200.0,6504.19,300.0,16.47,2015-04-09,16.47,6504.19
20150410,000300,沪深300指数,沪深300,CSI 300 Index,CSI 300,4249.38,4351.69,4231.2,4344.42,82.28,1.93,34819017000.0,5093.54,300.0,16.76,2015-04-10,16.76,5093.54
20150413,000300,沪深300指数,沪深300,CSI 300 Index,CSI 300,4394.05,4432.02,4361.59,4421.07,76.66,1.76,43415303600.0,5985.18,300.0,17.11,2015-04-13,17.11,5985.18
20150414,000300,沪深300指数,沪深300,CSI 300 Index,CSI 300,4432.13,4474.35,4385.91,4438.18,17.11,0.39,43443212600.0,6021.27,300.0,17.14,2015-04-14,17.14,6021.27
20150415,000300,沪深300指数,沪深300,CSI 300 Index,CSI 300,4439.31,4476.0,4379.61,4380.51,-57.67,-1.3,47215413100.0,5968.23,300.0,16.99,2015-04-15,16.99,5968.23
20150416,000300,沪深300指数,沪深300,CSI 300 Index,CSI 300,4355.49,4513.77,4335.63,4513.55,133.03,3.04,42260374800.0,5647.23,300.0,17.49,2015-04-16,17.49,5647.23
20150417,000300,沪深300指数,沪深300,CSI 300 Index,CSI 300,4578.68,4630.27,4553.9,4596.14,82.59,1.83,55280266300.0,7339.54,300.0,17.87,2015-04-17,17.87,7339.54
20150420,000300,沪深300指数,沪深300,CSI 300 Index,CSI 300,4615.03,4671.17,4492.6,4521.92,-74.22,-1.61,68643907500.0,9392.65,300.0,17.57,2015-04-20,17.57,9392.65
20150421,000300,沪深300指数,沪深300,CSI 300 Index,CSI 300,4520.46,4620.06,4504.56,4619.16,97.25,2.15,49031499100.0,6853.65,300.0,17.86,2015-04-21,17.86,6853.65
20150422,000300,沪深300指数,沪深300,CSI 300 Index,CSI 300,4637.06,4740.93,4632.59,4739.81,120.65,2.61,51621379200.0,7699.25,300.0,18.3,2015-04-22,18.3,7699.25
20150423,000300,沪深300指数,沪深300,CSI 300 Index,CSI 300,4764.48,4782.04,4693.97,4740.89,1.08,0.02,49743095400.0,7522.58,300.0,18.33,2015-04-23,18.33,7522.58
20150424,000300,沪深300指数,沪深300,CSI 300 Index,CSI 300,4682.63,4730.43,4618.32,4702.64,-38.25,-0.81,48015293600.0,7212.73,300.0,18.21,2015-04-24,18.21,7212.73
20150427,000300,沪深300指数,沪深300,CSI 300 Index,CSI 300,4753.87,4810.49,4735.31,4807.59,104.95,2.23,51307654800.0,7659.1,300.0,18.78,2015-04-27,18.78,7659.1
20150428,000300,沪深300指数,沪深300,CSI 300 Index,CSI 300,4811.32,4839.08,4703.57,4741.86,-65.73,-1.37,60863854500.0,8603.5,300.0,18.6,2015-04-28,18.6,8603.5
20150429,000300,沪深300指数,沪深300,CSI 300 Index,CSI 300,4722.9,4797.93,4695.79,4774.33,32.47,0.68,39505698000.0,6016.76,300.0,18.54,2015-04-29,18.54,6016.76
20150430,000300,沪深300指数,沪深300,CSI 300 Index,CSI 300,4788.41,4818.73,4749.49,4749.89,-24.44,-0.51,39972744400.0,6125.11,300.0,18.37,2015-04-30,18.37,6125.11
20150504,000300,沪深300指数,沪深300,CSI 300 Index,CSI 300,4757.64,4795.92,4699.4,4787.74,37.86,0.8,37784385300.0,5654.53,300.0,18.57,2015-05-04,18.57,5654.53
20150505,000300,沪深300指数,沪深300,CSI 300 Index,CSI 300,4785.19,4785.19,4572.98,4596.84,-190.9,-3.99,46041962600.0,6600.2,300.0,17.71,2015-05-05,17.71,6600.2
20150506,000300,沪深300指数,沪深300,CSI 300 Index,CSI 300,4626.23,4700.91,4511.76,4553.33,-43.51,-0.95,37607370200.0,5860.34,300.0,17.47,2015-05-06,17.47,5860.34
20150507,000300,沪深300指数,沪深300,CSI 300 Index,CSI 300,4520.82,4546.34,4467.46,4470.09,-83.24,-1.83,29775920300.0,4271.9,300.0,17.07,2015-05-07,17.07,4271.9
20150508,000300,沪深300指数,沪深300,CSI 300 Index,CSI 300,4515.55,4559.06,4445.59,4558.4,88.32,1.98,30240796700.0,4520.91,300.0,17.42,2015-05-08,17.42,4520.91
20150511,000300,沪深300指数,沪深300,CSI 300 Index,CSI 300,4582.09,4690.95,4535.15,4690.53,132.13,2.9,37383842000.0,5832.6,300.0,17.88,2015-05-11,17.88,5832.6
20150512,000300,沪深300指数,沪深300,CSI 300 Index,CSI 300,4692.12,4748.0,4660.02,4747.42,56.89,1.21,37705389100.0,6071.23,300.0,18.08,2015-05-12,18.08,6071.23
20150513,000300,沪深300指数,沪深300,CSI 300 Index,CSI 300,4746.71,4758.0,4678.85,4718.44,-28.99,-0.61,37073042400.0,5904.8,300.0,17.99,2015-05-13,17.99,5904.8
20150514,000300,沪深300指数,沪深300,CSI 300 Index,CSI 300,4717.96,4735.28,4670.17,4700.78,-17.66,-0.37,33772515200.0,5132.2,300.0,17.93,2015-05-14,17.93,5132.2
20150515,000300,沪深300指数,沪深300,CSI 300 Index,CSI 300,4690.76,4690.76,4592.05,4617.47,-83.31,-1.77,32843116600.0,5066.95,300.0,17.6,2015-05-15,17.6,5066.95
20150518,000300,沪深300指数,沪深300,CSI 300 Index,CSI 300,4582.06,4623.38,4565.06,4575.14,-42.33,-0.92,26918048900.0,4340.83,300.0,17.4,2015-05-18,17.4,4340.83
20150519,000300,沪深300指数,沪深300,CSI 300 Index,CSI 300,4577.64,4740.01,4577.64,4731.22,156.08,3.41,31478595200.0,5242.32,300.0,17.97,2015-05-19,17.97,5242.32
20150520,000300,沪深300指数,沪深300,CSI 300 Index,CSI 300,4751.57,4843.1,4745.21,4754.92,23.7,0.5,36318074800.0,5899.56,300.0,17.99,2015-05-20,17.99,5899.56
20150521,000300,沪深300指数,沪深300,CSI 300 Index,CSI 300,4768.69,4841.62,4746.03,4840.98,86.06,1.81,30505453700.0,5053.46,300.0,18.41,2015-05-21,18.41,5053.46
20150522,000300,沪深300指数,沪深300,CSI 300 Index,CSI 300,4895.93,4951.99,4870.6,4951.34,110.36,2.28,45584671800.0,7191.3,300.0,18.86,2015-05-22,18.86,7191.3
20150525,000300,沪深300指数,沪深300,CSI 300 Index,CSI 300,4949.11,5099.84,4949.11,5099.5,148.16,2.99,46573659000.0,7570.86,300.0,19.44,2015-05-25,19.44,7570.86
20150526,000300,沪深300指数,沪深300,CSI 300 Index,CSI 300,5140.8,5199.3,5063.15,5198.92,99.42,1.95,48794935900.0,8022.96,300.0,19.74,2015-05-26,19.74,8022.96
20150527,000300,沪深300指数,沪深300,CSI 300 Index,CSI 300,5216.17,5226.84,5126.86,5181.43,-17.48,-0.34,47079873000.0,7778.26,300.0,19.72,2015-05-27,19.72,7778.26
20150528,000300,沪深300指数,沪深300,CSI 300 Index,CSI 300,5174.1,5213.18,4831.33,4834.01,-347.43,-6.71,57182904700.0,8732.07,300.0,18.35,2015-05-28,18.35,8732.07
20150529,000300,沪深300指数,沪深300,CSI 300 Index,CSI 300,4839.53,4924.3,4665.52,4840.83,6.82,0.14,42787885900.0,6360.08,300.0,18.36,2015-05-29,18.36,6360.08
20150601,000300,沪深300指数,沪深300,CSI 300 Index,CSI 300,4862.76,5079.32,4835.77,5076.18,235.35,4.86,41750374100.0,6378.44,300.0,19.24,2015-06-01,19.24,6378.44
20150602,000300,沪深300指数,沪深300,CSI 300 Index,CSI 300,5091.27,5162.56,5047.08,5161.87,85.69,1.69,41297319600.0,6584.53,300.0,19.49,2015-06-02,19.49,6584.53
20150603,000300,沪深300指数,沪深300,CSI 300 Index,CSI 300,5176.6,5186.97,5059.5,5143.59,-18.28,-0.35,41425827000.0,6720.57,300.0,19.42,2015-06-03,19.42,6720.57
20150604,000300,沪深300指数,沪深300,CSI 300 Index,CSI 300,5156.01,5194.23,4863.47,5181.42,37.83,0.74,48276726800.0,7351.71,300.0,19.6,2015-06-04,19.6,7351.71
20150605,000300,沪深300指数,沪深300,CSI 300 Index,CSI 300,5254.91,5288.34,5104.18,5230.55,49.14,0.95,54596119600.0,8552.24,300.0,19.81,2015-06-05,19.81,8552.24
20150608,000300,沪深300指数,沪深300,CSI 300 Index,CSI 300,5259.41,5370.61,5202.59,5353.75,123.2,2.36,63731323700.0,9494.98,300.0,20.38,2015-06-08,20.38,9494.98
20150609,000300,沪深300指数,沪深300,CSI 300 Index,CSI 300,5379.47,5380.43,5251.21,5317.46,-36.29,-0.68,57042726300.0,8714.32,300.0,20.25,2015-06-09,20.25,8714.32
20150610,000300,沪深300指数,沪深300,CSI 300 Index,CSI 300,5254.3,5374.83,5209.68,5309.11,-8.35,-0.16,44216567600.0,7115.09,300.0,20.06,2015-06-10,20.06,7115.09
20150611,000300,沪深300指数,沪深300,CSI 300 Index,CSI 300,5305.14,5329.3,5248.16,5306.59,-2.52,-0.05,39233875500.0,6605.85,300.0,20.0,2015-06-11,20.0,6605.85
20150612,000300,沪深300指数,沪深300,CSI 300 Index,CSI 300,5329.28,5351.65,5283.09,5335.12,28.53,0.54,43013138600.0,6942.13,300.0,20.1,2015-06-12,20.1,6942.13
20150615,000300,沪深300指数,沪深300,CSI 300 Index,CSI 300,5354.01,5362.45,5207.31,5221.17,-113.95,-2.14,47574570300.0,7662.38,300.0,20.14,2015-06-15,20.14,7662.38
20150616,000300,沪深300指数,沪深300,CSI 300 Index,CSI 300,5165.02,5204.3,5015.26,5064.82,-156.35,-2.99,41167563800.0,6515.23,300.0,19.49,2015-06-16,19.49,6515.23
20150617,000300,沪深300指数,沪深300,CSI 300 Index,CSI 300,5072.31,5158.37,4949.29,5138.83,74.01,1.46,39712418700.0,5898.68,300.0,19.79,2015-06-17,19.79,5898.68
20150618,000300,沪深300指数,沪深300,CSI 300 Index,CSI 300,5107.69,5121.22,4926.43,4930.55,-208.28,-4.05,36439581400.0,5556.47,300.0,18.97,2015-06-18,18.97,5556.47
20150619,000300,沪深300指数,沪深300,CSI 300 Index,CSI 300,4847.06,4910.45,4634.69,4637.05,-293.5,-5.95,35810474400.0,5196.1,300.0,17.85,2015-06-19,17.85,5196.1
20150623,000300,沪深300指数,沪深300,CSI 300 Index,CSI 300,4641.42,4786.96,4455.33,4786.09,149.04,3.21,36508794400.0,5369.84,300.0,18.42,2015-06-23,18.42,5369.84
20150624,000300,沪深300指数,沪深300,CSI 300 Index,CSI 300,4811.59,4883.73,4744.31,4880.13,94.04,1.96,43463872300.0,6153.74,300.0,18.81,2015-06-24,18.81,6153.74
20150625,000300,沪深300指数,沪深300,CSI 300 Index,CSI 300,4906.24,4919.26,4667.22,4706.52,-173.61,-3.56,44613598200.0,6402.46,300.0,18.14,2015-06-25,18.14,6402.46
20150626,000300,沪深300指数,沪深300,CSI 300 Index,CSI 300,4573.87,4650.19,4278.68,4336.19,-370.32,-7.87,44663979000.0,6129.59,300.0,16.77,2015-06-26,16.77,6129.59
20150629,000300,沪深300指数,沪深300,CSI 300 Index,CSI 300,4446.84,4451.17,4000.93,4191.55,-144.65,-3.34,52566248200.0,7040.15,300.0,16.35,2015-06-29,16.35,7040.15
20150630,000300,沪深300指数,沪深300,CSI 300 Index,CSI 300,4161.07,4475.77,4016.01,4473.0,281.45,6.71,52704528000.0,7160.46,300.0,17.37,2015-06-30,17.37,7160.46
20150701,000300,沪深300指数,沪深300,CSI 300 Index,CSI 300,4408.98,4526.13,4235.7,4253.02,-219.98,-4.92,43172141100.0,6233.31,300.0,16.53,2015-07-01,16.53,6233.31
20150702,000300,沪深300指数,沪深300,CSI 300 Index,CSI 300,4287.73,4312.19,4000.06,4108.0,-145.02,-3.41,45706219400.0,5935.07,300.0,16.18,2015-07-02,16.18,5935.07
20150703,000300,沪深300指数,沪深300,CSI 300 Index,CSI 300,4017.2,4164.63,3785.9,3885.92,-222.08,-5.41,42930085000.0,5382.17,300.0,15.23,2015-07-03,15.23,5382.17
20150706,000300,沪深300指数,沪深300,CSI 300 Index,CSI 300,4218.27,4218.27,3832.47,3998.54,112.62,2.9,64809453000.0,7795.58,300.0,15.88,2015-07-06,15.88,7795.58
20150707,000300,沪深300指数,沪深300,CSI 300 Index,CSI 300,3877.85,3960.64,3743.62,3928.0,-70.53,-1.76,67938500700.0,7959.63,300.0,15.88,2015-07-07,15.88,7959.63
20150708,000300,沪深300指数,沪深300,CSI 300 Index,CSI 300,3651.06,3762.62,3612.25,3663.04,-264.97,-6.75,58146709700.0,6401.22,300.0,14.91,2015-07-08,14.91,6401.22
20150709,000300,沪深300指数,沪深300,CSI 300 Index,CSI 300,3621.68,3930.26,3537.83,3897.63,234.59,6.4,50387061000.0,5647.44,300.0,15.79,2015-07-09,15.79,5647.44
20150710,000300,沪深300指数,沪深300,CSI 300 Index,CSI 300,3916.27,4179.11,3887.55,4106.56,208.93,5.36,50070180200.0,6290.8,300.0,16.48,2015-07-10,16.48,6290.8
20150713,000300,沪深300指数,沪深300,CSI 300 Index,CSI 300,4132.23,4278.16,4072.43,4211.81,105.26,2.56,50209218600.0,6592.52,300.0,16.66,2015-07-13,16.66,6592.52
20150714,000300,沪深300指数,沪深300,CSI 300 Index,CSI 300,4178.63,4258.51,4062.5,4112.15,-99.66,-2.37,45442200900.0,5975.21,300.0,16.25,2015-07-14,16.25,5975.21
20150715,000300,沪深300指数,沪深300,CSI 300 Index,CSI 300,4068.88,4114.24,3899.51,3966.76,-145.39,-3.54,42195636700.0,5140.65,300.0,15.9,2015-07-15,15.9,5140.65
20150716,000300,沪深300指数,沪深300,CSI 300 Index,CSI 300,3949.64,4067.02,3856.32,3997.36,30.6,0.77,33053134500.0,4100.51,300.0,15.91,2015-07-16,15.91,4100.51
20150717,000300,沪深300指数,沪深300,CSI 300 Index,CSI 300,4023.76,4190.19,4000.23,4151.5,154.14,3.86,33110713100.0,4355.97,300.0,16.33,2015-07-17,16.33,4355.97
20150720,000300,沪深300指数,沪深300,CSI 300 Index,CSI 300,4157.06,4221.69,4106.39,4160.61,9.12,0.22,35267347200.0,4834.94,300.0,16.41,2015-07-20,16.41,4834.94
20150721,000300,沪深300指数,沪深300,CSI 300 Index,CSI 300,4109.76,4201.48,4081.7,4166.01,5.39,0.13,31837494500.0,4316.96,300.0,16.41,2015-07-21,16.41,4316.96
20150722,000300,沪深300指数,沪深300,CSI 300 Index,CSI 300,4148.56,4187.43,4094.71,4157.16,-8.85,-0.21,31894599700.0,4418.33,300.0,16.35,2015-07-22,16.35,4418.33
20150723,000300,沪深300指数,沪深300,CSI 300 Index,CSI 300,4158.93,4262.06,4148.82,4250.81,93.64,2.25,35447175900.0,4839.72,300.0,16.66,2015-07-23,16.66,4839.72
20150724,000300,沪深300指数,沪深300,CSI 300 Index,CSI 300,4255.2,4299.65,4154.62,4176.28,-74.53,-1.75,39204537300.0,5359.02,300.0,16.4,2015-07-24,16.4,5359.02
20150727,000300,沪深300指数,沪深300,CSI 300 Index,CSI 300,4097.8,4156.31,3817.17,3818.73,-357.55,-8.56,36505451100.0,4779.52,300.0,14.8,2015-07-27,14.8,4779.52
20150728,000300,沪深300指数,沪深300,CSI 300 Index,CSI 300,3690.97,3883.45,3627.42,3811.09,-7.64,-0.2,38352721600.0,4826.55,300.0,14.7,2015-07-28,14.7,4826.55
20150729,000300,沪深300指数,沪深300,CSI 300 Index,CSI 300,3839.96,3934.0,3769.19,3930.38,119.29,3.13,27697284500.0,3722.88,300.0,15.1,2015-07-29,15.1,3722.88
20150730,000300,沪深300指数,沪深300,CSI 300 Index,CSI 300,3915.78,3968.53,3802.88,3815.41,-114.97,-2.93,27154866500.0,3763.51,300.0,14.71,2015-07-30,14.71,3763.51
20150731,000300,沪深300指数,沪深300,CSI 300 Index,CSI 300,3777.15,3863.62,3757.99,3816.7,1.29,0.03,22237676700.0,2993.13,300.0,14.66,2015-07-31,14.66,2993.13
20150803,000300,沪深300指数,沪深300,CSI 300 Index,CSI 300,3766.07,3829.24,3742.58,3829.24,12.54,0.33,24580503000.0,3096.31,300.0,14.68,2015-08-03,14.68,3096.31
20150804,000300,沪深300指数,沪深300,CSI 300 Index,CSI 300,3827.37,3948.45,3801.03,3948.16,118.92,3.11,22023655600.0,2887.57,300.0,15.09,2015-08-04,15.09,2887.57
20150805,000300,沪深300指数,沪深300,CSI 300 Index,CSI 300,3937.62,3962.28,3858.66,3866.9,-81.26,-2.06,20048426900.0,2726.94,300.0,14.77,2015-08-05,14.77,2726.94
20150806,000300,沪深300指数,沪深300,CSI 300 Index,CSI 300,3802.93,3888.69,3793.24,3831.85,-35.05,-0.91,14727869400.0,1955.32,300.0,14.63,2015-08-06,14.63,1955.32
20150807,000300,沪深300指数,沪深300,CSI 300 Index,CSI 300,3866.43,3926.65,3857.91,3906.94,75.09,1.96,18334915300.0,2465.46,300.0,14.89,2015-08-07,14.89,2465.46
20150810,000300,沪深300指数,沪深300,CSI 300 Index,CSI 300,3947.47,4101.73,3932.84,4084.36,177.42,4.54,30678054000.0,4017.02,300.0,15.55,2015-08-10,15.55,4017.02
20150811,000300,沪深300指数,沪深300,CSI 300 Index,CSI 300,4083.59,4110.13,4042.0,4066.67,-17.7,-0.43,32203419100.0,4169.97,300.0,15.49,2015-08-11,15.49,4169.97
20150812,000300,沪深300指数,沪深300,CSI 300 Index,CSI 300,4025.67,4078.03,4015.35,4016.13,-50.54,-1.24,25514619600.0,3397.99,300.0,15.31,2015-08-12,15.31,3397.99
20150813,000300,沪深300指数,沪深300,CSI 300 Index,CSI 300,4010.01,4075.7,3967.82,4075.46,59.34,1.48,24283697900.0,3198.88,300.0,15.51,2015-08-13,15.51,3198.88
20150814,000300,沪深300指数,沪深300,CSI 300 Index,CSI 300,4097.92,4113.16,4056.73,4073.54,-1.92,-0.05,25339299600.0,3400.77,300.0,15.49,2015-08-14,15.49,3400.77
20150817,000300,沪深300指数,沪深300,CSI 300 Index,CSI 300,4058.11,4081.77,4009.99,4077.87,4.33,0.11,25693963800.0,3368.31,300.0,15.46,2015-08-17,15.46,3368.31
20150818,000300,沪深300指数,沪深300,CSI 300 Index,CSI 300,4084.31,4103.05,3816.55,3825.41,-252.46,-6.19,31988107000.0,4249.24,300.0,14.64,2015-08-18,14.64,4249.24
20150819,000300,沪深300指数,沪深300,CSI 300 Index,CSI 300,3748.27,3898.74,3668.19,3886.14,60.72,1.59,26904983900.0,3409.23,300.0,14.77,2015-08-19,14.77,3409.23
20150820,000300,沪深300指数,沪深300,CSI 300 Index,CSI 300,3848.4,3880.82,3761.45,3761.45,-124.68,-3.21,21216796500.0,2705.77,300.0,14.28,2015-08-20,14.28,2705.77
20150821,000300,沪深300指数,沪深300,CSI 300 Index,CSI 300,3714.29,3757.78,3578.17,3589.54,-171.92,-4.57,21798640300.0,2674.98,300.0,13.7,2015-08-21,13.7,2674.98
20150824,000300,沪深300指数,沪深300,CSI 300 Index,CSI 300,3454.6,3468.15,3266.55,3275.53,-314.0,-8.75,25543665200.0,2731.24,300.0,12.54,2015-08-24,12.54,2731.24
20150825,000300,沪深300指数,沪深300,CSI 300 Index,CSI 300,3070.01,3200.11,3019.56,3042.93,-232.61,-7.1,27608130600.0,2811.6,300.0,11.62,2015-08-25,11.62,2811.6
20150826,000300,沪深300指数,沪深300,CSI 300 Index,CSI 300,3062.57,3192.93,2952.01,3025.69,-17.23,-0.57,30827062300.0,3121.88,300.0,11.58,2015-08-26,11.58,3121.88
20150827,000300,沪深300指数,沪深300,CSI 300 Index,CSI 300,3092.81,3206.72,3028.4,3205.64,179.95,5.95,26729493000.0,2787.7,300.0,12.23,2015-08-27,12.23,2787.7
20150828,000300,沪深300指数,沪深300,CSI 300 Index,CSI 300,3246.24,3353.24,3223.62,3342.29,136.65,4.26,29949842600.0,3187.63,300.0,12.73,2015-08-28,12.73,3187.63
20150831,000300,沪深300指数,沪深300,CSI 300 Index,CSI 300,3307.4,3368.28,3205.54,3366.54,24.25,0.73,28025040300.0,3066.11,300.0,12.79,2015-08-31,12.79,3066.11
20150901,000300,沪深300指数,沪深300,CSI 300 Index,CSI 300,3296.53,3370.5,3190.58,3362.08,-4.45,-0.13,35245852800.0,3513.88,300.0,12.96,2015-09-01,12.96,3513.88
20150902,000300,沪深300指数,沪深300,CSI 300 Index,CSI 300,3220.85,3387.02,3213.64,3365.83,3.75,0.11,34778941200.0,3489.86,300.0,13.09,2015-09-02,13.09,3489.86
20150907,000300,沪深300指数,沪深300,CSI 300 Index,CSI 300,3347.29,3422.22,3240.24,3250.49,-115.35,-3.43,20422443100.0,2217.57,300.0,12.56,2015-09-07,12.56,2217.57
20150908,000300,沪深300指数,沪深300,CSI 300 Index,CSI 300,3221.79,3340.22,3170.81,3334.02,83.54,2.57,15459963100.0,1682.95,300.0,12.83,2015-09-08,12.83,1682.95
20150909,000300,沪深300指数,沪深300,CSI 300 Index,CSI 300,3344.82,3426.65,3330.29,3399.31,65.28,1.96,22046742100.0,2588.16,300.0,13.07,2015-09-09,13.07,2588.16
20150910,000300,沪深300指数,沪深300,CSI 300 Index,CSI 300,3349.28,3398.32,3337.31,3357.56,-41.74,-1.23,14488297100.0,1681.08,300.0,12.9,2015-09-10,12.9,1681.08
20150911,000300,沪深300指数,沪深300,CSI 300 Index,CSI 300,3349.88,3383.13,3315.48,3347.19,-10.37,-0.31,10854750800.0,1302.62,300.0,12.83,2015-09-11,12.83,1302.62
20150914,000300,沪深300指数,沪深300,CSI 300 Index,CSI 300,3367.64,3373.92,3187.57,3281.13,-66.06,-1.97,20545725100.0,2261.69,300.0,12.61,2015-09-14,12.61,2261.69
20150915,000300,沪深300指数,沪深300,CSI 300 Index,CSI 300,3208.74,3240.08,3131.98,3152.23,-128.9,-3.93,14355564100.0,1459.89,300.0,12.21,2015-09-15,12.21,1459.89
20150916,000300,沪深300指数,沪深300,CSI 300 Index,CSI 300,3149.16,3345.92,3131.37,3309.25,157.02,4.98,15970999400.0,1682.7,300.0,12.72,2015-09-16,12.72,1682.7
20150917,000300,沪深300指数,沪深300,CSI 300 Index,CSI 300,3287.66,3354.91,3237.0,3237.0,-72.25,-2.18,16940188100.0,1902.7,300.0,12.45,2015-09-17,12.45,1902.7
20150918,000300,沪深300指数,沪深300,CSI 300 Index,CSI 300,3254.44,3280.88,3227.83,3251.27,14.27,0.44,10690348100.0,1217.53,300.0,12.46,2015-09-18,12.46,1217.53
20150921,000300,沪深300指数,沪深300,CSI 300 Index,CSI 300,3222.6,3312.55,3211.93,3308.25,56.97,1.75,12278866800.0,1453.23,300.0,12.64,2015-09-21,12.64,1453.23
20150922,000300,沪深300指数,沪深300,CSI 300 Index,CSI 300,3312.37,3371.41,3303.18,3339.03,30.78,0.93,14622198500.0,1724.93,300.0,12.75,2015-09-22,12.75,1724.93
20150923,000300,沪深300指数,沪深300,CSI 300 Index,CSI 300,3290.07,3315.94,3253.33,3263.03,-76.0,-2.28,12317143900.0,1368.86,300.0,12.46,2015-09-23,12.46,1368.86
20150924,000300,沪深300指数,沪深300,CSI 300 Index,CSI 300,3278.9,3300.86,3255.9,3285.0,21.97,0.67,10201123800.0,1208.21,300.0,12.53,2015-09-24,12.53,1208.21
20150925,000300,沪深300指数,沪深300,CSI 300 Index,CSI 300,3272.67,3290.86,3201.91,3231.95,-53.05,-1.61,12141927800.0,1376.02,300.0,12.38,2015-09-25,12.38,1376.02
20150928,000300,沪深300指数,沪深300,CSI 300 Index,CSI 300,3226.61,3246.55,3186.51,3242.75,10.8,0.33,7421946800.0,880.07,300.0,12.39,2015-09-28,12.39,880.07
20150929,000300,沪深300指数,沪深300,CSI 300 Index,CSI 300,3197.22,3208.42,3159.04,3178.85,-63.9,-1.97,8715063300.0,966.92,300.0,12.12,2015-09-29,12.12,966.92
20150930,000300,沪深300指数,沪深300,CSI 300 Index,CSI 300,3195.9,3223.91,3186.77,3202.95,24.09,0.76,7855934900.0,958.82,300.0,12.19,2015-09-30,12.19,958.82
20151008,000300,沪深300指数,沪深300,CSI 300 Index,CSI 300,3324.98,3337.33,3294.6,3296.48,93.53,2.92,13208176800.0,1641.21,300.0,12.53,2015-10-08,12.53,1641.21
20151009,000300,沪深300指数,沪深300,CSI 300 Index,CSI 300,3302.36,3352.38,3293.97,3340.12,43.63,1.32,12435250000.0,1447.31,300.0,12.67,2015-10-09,12.67,1447.31
20151012,000300,沪深300指数,沪深300,CSI 300 Index,CSI 300,3351.14,3486.63,3347.25,3447.69,107.58,3.22,22140046800.0,2637.06,300.0,13.06,2015-10-12,13.06,2637.06
20151013,000300,沪深300指数,沪深300,CSI 300 Index,CSI 300,3422.48,3452.05,3413.97,3445.04,-2.65,-0.08,14543378600.0,1749.79,300.0,12.94,2015-10-13,12.94,1749.79
20151014,000300,沪深300指数,沪深300,CSI 300 Index,CSI 300,3431.14,3458.7,3403.23,3406.11,-38.93,-1.13,15217393800.0,1745.99,300.0,12.81,2015-10-14,12.81,1745.99
20151015,000300,沪深300指数,沪深300,CSI 300 Index,CSI 300,3403.39,3486.82,3402.32,3486.82,80.7,2.37,17115829900.0,2018.82,300.0,13.08,2015-10-15,13.08,2018.82
20151016,000300,沪深300指数,沪深300,CSI 300 Index,CSI 300,3508.52,3537.54,3487.1,3534.07,47.25,1.36,20896470900.0,2522.11,300.0,13.26,2015-10-16,13.26,2522.11
20151019,000300,沪深300指数,沪深300,CSI 300 Index,CSI 300,3548.95,3572.99,3502.5,3534.18,0.12,0.0,20760674400.0,2548.91,300.0,13.25,2015-10-19,13.25,2548.91
20151020,000300,沪深300指数,沪深300,CSI 300 Index,CSI 300,3527.88,3577.8,3510.44,3577.7,43.52,1.23,17902510800.0,2265.26,300.0,13.41,2015-10-20,13.41,2265.26
20151021,000300,沪深300指数,沪深300,CSI 300 Index,CSI 300,3580.84,3601.24,3417.41,3473.25,-104.45,-2.92,28207605000.0,3268.87,300.0,13.12,2015-10-21,13.12,3268.87
20151022,000300,沪深300指数,沪深300,CSI 300 Index,CSI 300,3453.2,3530.77,3442.31,3524.53,51.28,1.48,18430558000.0,2235.84,300.0,13.24,2015-10-22,13.24,2235.84
20151023,000300,沪深300指数,沪深300,CSI 300 Index,CSI 300,3536.84,3581.84,3515.82,3571.24,46.71,1.33,19829447800.0,2470.6,300.0,13.37,2015-10-23,13.37,2470.6
20151026,000300,沪深300指数,沪深300,CSI 300 Index,CSI 300,3614.7,3620.76,3561.19,3589.26,18.02,0.5,20424886300.0,2704.9,300.0,13.43,2015-10-26,13.43,2704.9
20151027,000300,沪深300指数,沪深300,CSI 300 Index,CSI 300,3569.45,3601.05,3486.1,3592.88,3.62,0.1,19205614000.0,2390.43,300.0,13.41,2015-10-27,13.41,2390.43
20151028,000300,沪深300指数,沪深300,CSI 300 Index,CSI 300,3575.8,3598.17,3517.21,3524.92,-67.96,-1.89,17097709800.0,2133.03,300.0,13.2,2015-10-28,13.2,2133.03
20151029,000300,沪深300指数,沪深300,CSI 300 Index,CSI 300,3539.98,3561.81,3507.97,3533.31,8.39,0.24,12701044600.0,1610.52,300.0,13.22,2015-10-29,13.22,1610.52
20151030,000300,沪深300指数,沪深300,CSI 300 Index,CSI 300,3530.22,3574.47,3497.57,3534.08,0.77,0.02,13914191400.0,1833.17,300.0,13.21,2015-10-30,13.21,1833.17
20151102,000300,沪深300指数,沪深300,CSI 300 Index,CSI 300,3489.23,3543.45,3474.71,3475.96,-58.12,-1.64,13000256800.0,1674.55,300.0,13.26,2015-11-02,13.26,1674.55
20151103,000300,沪深300指数,沪深300,CSI 300 Index,CSI 300,3484.72,3501.7,3452.62,3465.49,-10.47,-0.3,10140187600.0,1322.32,300.0,13.21,2015-11-03,13.21,1322.32
20151104,000300,沪深300指数,沪深300,CSI 300 Index,CSI 300,3477.16,3628.54,3477.16,3628.54,163.05,4.7,20542386500.0,2669.56,300.0,13.79,2015-11-04,13.79,2669.56
20151105,000300,沪深300指数,沪深300,CSI 300 Index,CSI 300,3630.78,3781.41,3627.3,3705.97,77.43,2.13,39804656800.0,4951.38,300.0,14.1,2015-11-05,14.1,4951.38
20151106,000300,沪深300指数,沪深300,CSI 300 Index,CSI 300,3698.34,3801.71,3694.66,3793.37,87.4,2.36,29875307600.0,3897.79,300.0,14.39,2015-11-06,14.39,3897.79
20151109,000300,沪深300指数,沪深300,CSI 300 Index,CSI 300,3796.38,3891.77,3796.38,3840.35,46.98,1.24,35680482300.0,4631.62,300.0,14.61,2015-11-09,14.61,4631.62
20151110,000300,沪深300指数,沪深300,CSI 300 Index,CSI 300,3806.67,3876.49,3798.82,3833.24,-7.12,-0.19,28651960300.0,3809.11,300.0,14.57,2015-11-10,14.57,3809.11
20151111,000300,沪深300指数,沪深300,CSI 300 Index,CSI 300,3828.45,3843.11,3781.41,3833.65,0.41,0.01,23223429600.0,3070.08,300.0,14.55,2015-11-11,14.55,3070.08
20151112,000300,沪深300指数,沪深300,CSI 300 Index,CSI 300,3841.74,3843.9,3771.27,3795.32,-38.32,-1.0,21753764700.0,3024.47,300.0,14.41,2015-11-12,14.41,3024.47
20151113,000300,沪深300指数,沪深300,CSI 300 Index,CSI 300,3756.2,3793.71,3727.58,3746.24,-49.08,-1.29,20348989100.0,2819.61,300.0,14.22,2015-11-13,14.22,2819.61
20151116,000300,沪深300指数,沪深300,CSI 300 Index,CSI 300,3682.73,3764.41,3680.07,3764.13,17.88,0.48,16169090100.0,2274.84,300.0,14.28,2015-11-16,14.28,2274.84
20151117,000300,沪深300指数,沪深300,CSI 300 Index,CSI 300,3790.43,3852.77,3750.16,3758.39,-5.74,-0.15,24853307100.0,3651.39,300.0,14.29,2015-11-17,14.29,3651.39
20151118,000300,沪深300指数,沪深300,CSI 300 Index,CSI 300,3760.46,3771.85,3706.31,3715.58,-42.81,-1.14,18568949500.0,2541.38,300.0,14.16,2015-11-18,14.16,2541.38
20151119,000300,沪深300指数,沪深300,CSI 300 Index,CSI 300,3725.62,3775.23,3714.67,3774.97,59.39,1.6,15463198900.0,2045.58,300.0,14.34,2015-11-19,14.34,2045.58
20151120,000300,沪深300指数,沪深300,CSI 300 Index,CSI 300,3778.88,3793.54,3757.03,3774.38,-0.59,-0.02,18695168900.0,2422.95,300.0,14.32,2015-11-20,14.32,2422.95
20151123,000300,沪深300指数,沪深300,CSI 300 Index,CSI 300,3774.44,3802.85,3743.41,3753.34,-21.05,-0.56,17562681200.0,2346.41,300.0,14.26,2015-11-23,14.26,2346.41
20151124,000300,沪深300指数,沪深300,CSI 300 Index,CSI 300,3745.76,3754.17,3702.74,3753.89,0.55,0.01,14338328300.0,1924.95,300.0,14.25,2015-11-24,14.25,1924.95
20151125,000300,沪深300指数,沪深300,CSI 300 Index,CSI 300,3747.76,3781.86,3735.72,3781.61,27.72,0.74,15194494100.0,2151.25,300.0,14.35,2015-11-25,14.35,2151.25
20151126,000300,沪深300指数,沪深300,CSI 300 Index,CSI 300,3795.25,3805.84,3756.82,3759.43,-22.18,-0.59,17352546800.0,2397.97,300.0,14.27,2015-11-26,14.27,2397.97
20151127,000300,沪深300指数,沪深300,CSI 300 Index,CSI 300,3739.1,3742.74,3534.39,3556.99,-202.44,-5.38,20893935800.0,2697.58,300.0,13.52,2015-11-27,13.52,2697.58
20151130,000300,沪深300指数,沪深300,CSI 300 Index,CSI 300,3554.89,3587.97,3455.07,3566.41,9.42,0.26,17320116300.0,2200.98,300.0,13.57,2015-11-30,13.57,2200.98
20151201,000300,沪深300指数,沪深300,CSI 300 Index,CSI 300,3562.32,3617.31,3536.12,3591.7,25.28,0.71,13653655400.0,1765.99,300.0,13.62,2015-12-01,13.62,1765.99
20151202,000300,沪深300指数,沪深300,CSI 300 Index,CSI 300,3587.76,3725.85,3573.4,3721.95,130.26,3.63,21353886500.0,2609.39,300.0,14.1,2015-12-02,14.1,2609.39
20151203,000300,沪深300指数,沪深300,CSI 300 Index,CSI 300,3709.55,3758.45,3693.14,3749.3,27.34,0.73,19776212600.0,2366.99,300.0,14.26,2015-12-03,14.26,2366.99
20151204,000300,沪深300指数,沪深300,CSI 300 Index,CSI 300,3719.73,3726.12,3667.29,3677.59,-71.71,-1.91,15119952200.0,1964.56,300.0,13.97,2015-12-04,13.97,1964.56
20151207,000300,沪深300指数,沪深300,CSI 300 Index,CSI 300,3681.58,3699.34,3658.58,3687.61,10.02,0.27,11388315000.0,1612.2,300.0,13.98,2015-12-07,13.98,1612.2
20151208,000300,沪深300指数,沪深300,CSI 300 Index,CSI 300,3668.84,3668.84,3619.44,3623.02,-64.59,-1.75,12578108300.0,1633.17,300.0,13.74,2015-12-08,13.74,1633.17
20151209,000300,沪深300指数,沪深300,CSI 300 Index,CSI 300,3613.42,3655.16,3611.49,3635.94,12.92,0.36,11332542200.0,1543.2,300.0,13.78,2015-12-09,13.78,1543.2
20151210,000300,沪深300指数,沪深300,CSI 300 Index,CSI 300,3634.37,3678.32,3615.99,3623.08,-12.85,-0.35,12021562500.0,1686.22,300.0,13.72,2015-12-10,13.72,1686.22
20151211,000300,沪深300指数,沪深300,CSI 300 Index,CSI 300,3605.37,3630.74,3578.15,3608.06,-15.03,-0.41,11032248100.0,1452.49,300.0,13.66,2015-12-11,13.66,1452.49
20151214,000300,沪深300指数,沪深300,CSI 300 Index,CSI 300,3573.88,3712.5,3571.0,3711.32,103.26,2.86,15176911900.0,2032.92,300.0,14.28,2015-12-14,14.28,2032.92
20151215,000300,沪深300指数,沪深300,CSI 300 Index,CSI 300,3707.73,3717.36,3679.23,3694.39,-16.93,-0.46,12648171000.0,1867.95,300.0,14.2,2015-12-15,14.2,1867.95
20151216,000300,沪深300指数,沪深300,CSI 300 Index,CSI 300,3703.95,3713.09,3677.45,3685.44,-8.95,-0.24,11134272300.0,1601.18,300.0,14.19,2015-12-16,14.19,1601.18
20151217,000300,沪深300指数,沪深300,CSI 300 Index,CSI 300,3712.78,3768.84,3709.85,3755.89,70.45,1.91,17792407500.0,2425.44,300.0,14.42,2015-12-17,14.42,2425.44
20151218,000300,沪深300指数,沪深300,CSI 300 Index,CSI 300,3754.96,3810.22,3750.93,3767.91,12.02,0.32,17346598000.0,2322.81,300.0,14.45,2015-12-18,14.45,2322.81
20151221,000300,沪深300指数,沪深300,CSI 300 Index,CSI 300,3762.1,3877.82,3759.99,3865.96,98.05,2.6,21743527500.0,2899.05,300.0,14.75,2015-12-21,14.75,2899.05
20151222,000300,沪深300指数,沪深300,CSI 300 Index,CSI 300,3872.1,3880.47,3841.59,3876.73,10.77,0.28,18030366100.0,2437.97,300.0,14.77,2015-12-22,14.77,2437.97
20151223,000300,沪深300指数,沪深300,CSI 300 Index,CSI 300,3877.87,3926.69,3862.96,3866.38,-10.35,-0.27,20701714700.0,2947.11,300.0,14.74,2015-12-23,14.74,2947.11
20151224,000300,沪深300指数,沪深300,CSI 300 Index,CSI 300,3858.13,3867.68,3787.08,3829.4,-36.98,-0.96,14718139700.0,2036.84,300.0,14.61,2015-12-24,14.61,2036.84
20151225,000300,沪深300指数,沪深300,CSI 300 Index,CSI 300,3832.08,3848.02,3813.2,3838.2,8.8,0.23,11962401300.0,1633.15,300.0,14.63,2015-12-25,14.63,1633.15
20151228,000300,沪深300指数,沪深300,CSI 300 Index,CSI 300,3847.53,3853.39,3727.63,3727.63,-110.57,-2.88,15398844000.0,2100.26,300.0,14.25,2015-12-28,14.25,2100.26
20151229,000300,沪深300指数,沪深300,CSI 300 Index,CSI 300,3723.05,3762.05,3710.48,3761.87,34.24,0.92,10188555500.0,1404.05,300.0,14.37,2015-12-29,14.37,1404.05
20151230,000300,沪深300指数,沪深300,CSI 300 Index,CSI 300,3762.91,3765.66,3726.28,3765.18,3.3,0.09,10562995500.0,1557.44,300.0,14.36,2015-12-30,14.36,1557.44
20151231,000300,沪深300指数,沪深300,CSI 300 Index,CSI 300,3760.9,3772.62,3727.32,3731.0,-34.17,-0.91,10187355600.0,1450.44,300.0,14.24,2015-12-31,14.24,1450.44
20160104,000300,沪深300指数,沪深300,CSI 300 Index,CSI 300,3725.86,3726.24,3468.95,3469.07,-261.94,-7.02,11537067400.0,1459.68,300.0,13.32,2016-01-04,13.32,1459.68
20160105,000300,沪深300指数,沪深300,CSI 300 Index,CSI 300,3382.18,3518.22,3377.28,3478.78,9.71,0.28,16211698400.0,1960.17,300.0,13.34,2016-01-05,13.34,1960.17
20160106,000300,沪深300指数,沪深300,CSI 300 Index,CSI 300,3482.41,3543.74,3468.47,3539.81,61.03,1.75,14596614400.0,1609.47,300.0,13.59,2016-01-06,13.59,1609.47
20160107,000300,沪深300指数,沪深300,CSI 300 Index,CSI 300,3481.15,3481.15,3284.74,3294.38,-245.42,-6.93,4410264100.0,471.31,300.0,12.7,2016-01-07,12.7,471.31
20160108,000300,沪深300指数,沪深300,CSI 300 Index,CSI 300,3371.87,3418.85,3237.93,3361.56,67.18,2.04,18595945100.0,2034.99,300.0,12.97,2016-01-08,12.97,2034.99
20160111,000300,沪深300指数,沪深300,CSI 300 Index,CSI 300,3303.12,3342.48,3192.45,3192.45,-169.11,-5.03,17463838700.0,1844.64,300.0,12.37,2016-01-11,12.37,1844.64
20160112,000300,沪深300指数,沪深300,CSI 300 Index,CSI 300,3214.82,3242.25,3174.55,3215.71,23.26,0.73,12822579600.0,1420.49,300.0,12.46,2016-01-12,12.46,1420.49
20160113,000300,沪深300指数,沪深300,CSI 300 Index,CSI 300,3240.48,3257.3,3155.88,3155.88,-59.83,-1.86,12066649400.0,1308.86,300.0,12.22,2016-01-13,12.22,1308.86
20160114,000300,沪深300指数,沪深300,CSI 300 Index,CSI 300,3076.64,3226.66,3072.04,3221.57,65.69,2.08,13453767100.0,1447.72,300.0,12.44,2016-01-14,12.44,1447.72
20160115,000300,沪深300指数,沪深300,CSI 300 Index,CSI 300,3200.89,3216.8,3101.05,3118.73,-102.84,-3.19,12460177900.0,1318.83,300.0,12.04,2016-01-15,12.04,1318.83
20160118,000300,沪深300指数,沪深300,CSI 300 Index,CSI 300,3068.23,3165.62,3066.73,3130.73,12.0,0.38,10112838600.0,1094.58,300.0,12.06,2016-01-18,12.06,1094.58
20160119,000300,沪深300指数,沪深300,CSI 300 Index,CSI 300,3132.7,3227.91,3119.22,3223.13,92.4,2.95,12765389300.0,1429.08,300.0,12.41,2016-01-19,12.41,1429.08
20160120,000300,沪深300指数,沪深300,CSI 300 Index,CSI 300,3204.22,3225.95,3154.43,3174.38,-48.75,-1.51,13065050400.0,1433.13,300.0,12.26,2016-01-20,12.26,1433.13
20160121,000300,沪深300指数,沪深300,CSI 300 Index,CSI 300,3136.38,3202.54,3081.35,3081.35,-93.03,-2.93,11118973300.0,1218.56,300.0,11.91,2016-01-21,11.91,1218.56
20160122,000300,沪深300指数,沪深300,CSI 300 Index,CSI 300,3114.9,3132.17,3053.96,3113.46,32.12,1.04,8995108700.0,968.86,300.0,12.03,2016-01-22,12.03,968.86
20160125,000300,沪深300指数,沪深300,CSI 300 Index,CSI 300,3129.03,3149.33,3105.1,3128.89,15.42,0.5,8154006100.0,857.78,300.0,12.08,2016-01-25,12.08,857.78
20160126,000300,沪深300指数,沪深300,CSI 300 Index,CSI 300,3099.6,3106.53,2934.65,2940.51,-188.38,-6.02,12693392100.0,1272.51,300.0,11.36,2016-01-26,11.36,1272.51
20160127,000300,沪深300指数,沪深300,CSI 300 Index,CSI 300,2953.18,2963.54,2839.29,2930.35,-10.16,-0.35,13222936600.0,1269.98,300.0,11.34,2016-01-27,11.34,1269.98
20160128,000300,沪深300指数,沪深300,CSI 300 Index,CSI 300,2909.33,2941.89,2841.84,2853.76,-76.6,-2.61,9922275600.0,956.64,300.0,11.09,2016-01-28,11.09,956.64
20160129,000300,沪深300指数,沪深300,CSI 300 Index,CSI 300,2855.6,2965.31,2854.37,2946.09,92.33,3.24,11330425900.0,1094.62,300.0,11.42,2016-01-29,11.42,1094.62
20160201,000300,沪深300指数,沪深300,CSI 300 Index,CSI 300,2939.04,2944.52,2869.56,2901.05,-45.04,-1.53,8679534200.0,829.31,300.0,11.24,2016-02-01,11.24,829.31
20160202,000300,沪深300指数,沪深300,CSI 300 Index,CSI 300,2901.53,2972.43,2901.51,2961.33,60.29,2.08,8860196300.0,887.4,300.0,11.44,2016-02-02,11.44,887.4
20160203,000300,沪深300指数,沪深300,CSI 300 Index,CSI 300,2931.29,2954.71,2909.9,2948.64,-12.7,-0.43,7738900000.0,748.17,300.0,11.37,2016-02-03,11.37,748.17
20160204,000300,沪深300指数,沪深300,CSI 300 Index,CSI 300,2960.33,2999.21,2960.21,2984.76,36.12,1.23,9177972400.0,915.5,300.0,11.51,2016-02-04,11.51,915.5
20160205,000300,沪深300指数,沪深300,CSI 300 Index,CSI 300,2982.06,2988.36,2962.85,2963.79,-20.97,-0.7,7685080800.0,774.43,300.0,11.44,2016-02-05,11.44,774.43
20160215,000300,沪深300指数,沪深300,CSI 300 Index,CSI 300,2888.43,2961.49,2886.02,2946.71,-17.08,-0.58,7291943400.0,712.85,300.0,11.35,2016-02-15,11.35,712.85
20160216,000300,沪深300指数,沪深300,CSI 300 Index,CSI 300,2962.19,3042.09,2962.19,3037.04,90.33,3.07,11257964300.0,1123.0,300.0,11.69,2016-02-16,11.69,1123.0
20160217,000300,沪深300指数,沪深300,CSI 300 Index,CSI 300,3034.09,3065.78,3027.05,3063.32,26.28,0.87,12829160700.0,1222.79,300.0,11.79,2016-02-17,11.79,1222.79
20160218,000300,沪深300指数,沪深300,CSI 300 Index,CSI 300,3079.53,3093.51,3049.84,3053.7,-9.62,-0.31,12440146400.0,1226.19,300.0,11.75,2016-02-18,11.75,1226.19
20160219,000300,沪深300指数,沪深300,CSI 300 Index,CSI 300,3047.94,3065.97,3032.63,3051.59,-2.11,-0.07,8733801200.0,908.49,300.0,11.73,2016-02-19,11.73,908.49
20160222,000300,沪深300指数,沪深300,CSI 300 Index,CSI 300,3083.93,3128.21,3071.33,3118.87,67.28,2.2,14094696800.0,1416.84,300.0,12.0,2016-02-22,12.0,1416.84
20160223,000300,沪深300指数,沪深300,CSI 300 Index,CSI 300,3117.2,3119.22,3061.43,3089.36,-29.5,-0.95,11256739100.0,1174.76,300.0,11.88,2016-02-23,11.88,1174.76
20160224,000300,沪深300指数,沪深300,CSI 300 Index,CSI 300,3077.61,3109.55,3055.25,3109.55,20.18,0.65,11178265000.0,1129.19,300.0,11.96,2016-02-24,11.96,1129.19
20160225,000300,沪深300指数,沪深300,CSI 300 Index,CSI 300,3104.41,3104.44,2905.46,2918.75,-190.8,-6.14,15782975200.0,1534.93,300.0,11.27,2016-02-25,11.27,1534.93
20160226,000300,沪深300指数,沪深300,CSI 300 Index,CSI 300,2942.1,2964.39,2902.95,2948.03,29.28,1.0,10694972900.0,1025.32,300.0,11.39,2016-02-26,11.39,1025.32
20160229,000300,沪深300指数,沪深300,CSI 300 Index,CSI 300,2939.58,2939.87,2821.21,2877.47,-70.56,-2.39,12934102000.0,1184.41,300.0,11.16,2016-02-29,11.16,1184.41
20160301,000300,沪深300指数,沪深300,CSI 300 Index,CSI 300,2881.34,2950.44,2863.32,2930.69,53.23,1.85,11604591800.0,1104.91,300.0,11.34,2016-03-01,11.34,1104.91
20160302,000300,沪深300指数,沪深300,CSI 300 Index,CSI 300,2933.92,3054.72,2933.12,3051.33,120.64,4.12,17597234700.0,1640.25,300.0,11.78,2016-03-02,11.78,1640.25
20160303,000300,沪深300指数,沪深300,CSI 300 Index,CSI 300,3050.39,3078.44,3040.25,3058.42,7.09,0.23,17310574400.0,1655.09,300.0,11.81,2016-03-03,11.81,1655.09
20160304,000300,沪深300指数,沪深300,CSI 300 Index,CSI 300,3047.54,3101.66,3032.42,3093.89,35.47,1.16,21917253400.0,2055.2,300.0,11.99,2016-03-04,11.99,2055.2
20160307,000300,沪深300指数,沪深300,CSI 300 Index,CSI 300,3109.0,3130.9,3083.58,3104.84,10.95,0.35,13246203700.0,1277.9,300.0,12.02,2016-03-07,12.02,1277.9
20160308,000300,沪深300指数,沪深300,CSI 300 Index,CSI 300,3100.15,3109.25,3001.83,3107.67,2.83,0.09,13623574200.0,1287.58,300.0,12.03,2016-03-08,12.03,1287.58
20160309,000300,沪深300指数,沪深300,CSI 300 Index,CSI 300,3045.92,3072.92,3020.13,3071.91,-35.77,-1.15,11146624500.0,1062.99,300.0,11.93,2016-03-09,11.93,1062.99
20160310,000300,沪深300指数,沪深300,CSI 300 Index,CSI 300,3056.21,3074.16,3012.69,3013.15,-58.76,-1.91,7607219700.0,781.8,300.0,11.7,2016-03-10,11.7,781.8
20160311,000300,沪深300指数,沪深300,CSI 300 Index,CSI 300,2990.21,3026.44,2982.17,3018.28,5.14,0.17,7333356400.0,743.67,300.0,11.74,2016-03-11,11.74,743.67
20160314,000300,沪深300指数,沪深300,CSI 300 Index,CSI 300,3039.57,3106.8,3034.0,3065.69,47.41,1.57,11710865500.0,1235.39,300.0,11.9,2016-03-14,11.9,1235.39
20160315,000300,沪深300指数,沪深300,CSI 300 Index,CSI 300,3061.34,3077.08,3028.58,3074.78,9.09,0.3,9831194100.0,1013.03,300.0,11.94,2016-03-15,11.94,1013.03
20160316,000300,沪深300指数,沪深300,CSI 300 Index,CSI 300,3068.87,3100.35,3064.52,3090.03,15.25,0.5,12473644800.0,1261.29,300.0,12.01,2016-03-16,12.01,1261.29
20160317,000300,沪深300指数,沪深300,CSI 300 Index,CSI 300,3096.81,3147.84,3077.57,3124.2,34.17,1.11,12166177700.0,1366.04,300.0,12.11,2016-03-17,12.11,1366.04
20160318,000300,沪深300指数,沪深300,CSI 300 Index,CSI 300,3136.22,3197.67,3130.1,3171.96,47.76,1.53,19730256400.0,2100.18,300.0,12.26,2016-03-18,12.26,2100.18
20160321,000300,沪深300指数,沪深300,CSI 300 Index,CSI 300,3203.29,3267.78,3198.36,3249.44,77.47,2.44,23326946400.0,2568.37,300.0,12.51,2016-03-21,12.51,2568.37
20160322,000300,沪深300指数,沪深300,CSI 300 Index,CSI 300,3231.61,3249.68,3218.73,3225.79,-23.65,-0.73,16102089700.0,1942.12,300.0,12.41,2016-03-22,12.41,1942.12
20160323,000300,沪深300指数,沪深300,CSI 300 Index,CSI 300,3217.73,3242.25,3202.98,3236.09,10.3,0.32,12567928600.0,1555.67,300.0,12.46,2016-03-23,12.46,1555.67
20160324,000300,沪深300指数,沪深300,CSI 300 Index,CSI 300,3211.5,3221.91,3181.81,3181.85,-54.24,-1.68,13313112200.0,1624.36,300.0,12.25,2016-03-24,12.25,1624.36
20160325,000300,沪深300指数,沪深300,CSI 300 Index,CSI 300,3176.81,3204.44,3174.32,3197.82,15.97,0.5,9739533000.0,1151.96,300.0,12.31,2016-03-25,12.31,1151.96
20160328,000300,沪深300指数,沪深300,CSI 300 Index,CSI 300,3206.95,3229.62,3161.88,3169.73,-28.09,-0.88,10344193300.0,1238.44,300.0,12.22,2016-03-28,12.22,1238.44
20160329,000300,沪深300指数,沪深300,CSI 300 Index,CSI 300,3171.31,3178.07,3122.76,3135.41,-34.32,-1.08,9729474700.0,1138.44,300.0,12.1,2016-03-29,12.1,1138.44
20160330,000300,沪深300指数,沪深300,CSI 300 Index,CSI 300,3161.29,3216.68,3161.29,3216.28,80.87,2.58,11780251200.0,1407.22,300.0,12.4,2016-03-30,12.4,1407.22
20160331,000300,沪深300指数,沪深300,CSI 300 Index,CSI 300,3229.2,3241.93,3208.66,3218.09,1.81,0.06,12155207400.0,1472.68,300.0,12.41,2016-03-31,12.41,1472.68
20160401,000300,沪深300指数,沪深300,CSI 300 Index,CSI 300,3213.67,3222.61,3165.86,3221.89,3.81,0.12,11812213900.0,1270.5,300.0,12.43,2016-04-01,12.43,1270.5
20160405,000300,沪深300指数,沪深300,CSI 300 Index,CSI 300,3211.3,3271.93,3205.21,3264.49,42.59,1.32,14604777200.0,1592.97,300.0,12.57,2016-04-05,12.57,1592.97
20160406,000300,沪深300指数,沪深300,CSI 300 Index,CSI 300,3250.52,3267.64,3236.2,3257.53,-6.96,-0.21,12019630500.0,1372.06,300.0,12.54,2016-04-06,12.54,1372.06
20160407,000300,沪深300指数,沪深300,CSI 300 Index,CSI 300,3266.29,3270.82,3208.64,3209.29,-48.24,-1.48,11240946700.0,1282.73,300.0,12.36,2016-04-07,12.36,1282.73
20160408,000300,沪深300指数,沪深300,CSI 300 Index,CSI 300,3189.85,3197.77,3163.31,3185.73,-23.56,-0.73,10100562500.0,1139.21,300.0,12.27,2016-04-08,12.27,1139.21
20160411,000300,沪深300指数,沪深300,CSI 300 Index,CSI 300,3213.51,3251.57,3213.51,3230.1,44.37,1.39,12521270900.0,1427.59,300.0,12.43,2016-04-11,12.43,1427.59
20160412,000300,沪深300指数,沪深300,CSI 300 Index,CSI 300,3227.37,3232.26,3198.9,3218.45,-11.65,-0.36,9286943700.0,990.87,300.0,12.39,2016-04-12,12.39,990.87
20160413,000300,沪深300指数,沪深300,CSI 300 Index,CSI 300,3237.86,3296.52,3237.86,3261.38,42.93,1.33,19561386600.0,2001.6,300.0,12.56,2016-04-13,12.56,2001.6
20160414,000300,沪深300指数,沪深300,CSI 300 Index,CSI 300,3277.1,3286.07,3252.05,3275.83,14.45,0.44,11315732700.0,1179.89,300.0,12.6,2016-04-14,12.6,1179.89
20160415,000300,沪深300指数,沪深300,CSI 300 Index,CSI 300,3279.86,3282.98,3261.73,3272.21,-3.63,-0.11,9980752900.0,1079.64,300.0,12.57,2016-04-15,12.57,1079.64
20160418,000300,沪深300指数,沪深300,CSI 300 Index,CSI 300,3252.67,3252.67,3221.66,3228.45,-43.75,-1.34,9709006900.0,1039.56,300.0,12.43,2016-04-18,12.43,1039.56
20160419,000300,沪深300指数,沪深300,CSI 300 Index,CSI 300,3243.97,3250.73,3221.58,3238.3,9.85,0.31,8087144000.0,909.76,300.0,12.46,2016-04-19,12.46,909.76
20160420,000300,沪深300指数,沪深300,CSI 300 Index,CSI 300,3244.14,3248.42,3107.37,3181.03,-57.28,-1.77,16220785800.0,1723.25,300.0,12.26,2016-04-20,12.26,1723.25
20160421,000300,沪深300指数,沪深300,CSI 300 Index,CSI 300,3160.8,3198.56,3150.94,3160.6,-20.42,-0.64,10475265100.0,1103.24,300.0,12.18,2016-04-21,12.18,1103.24
20160422,000300,沪深300指数,沪深300,CSI 300 Index,CSI 300,3142.56,3175.38,3137.99,3174.9,14.3,0.45,7707849200.0,824.43,300.0,12.23,2016-04-22,12.23,824.43
20160425,000300,沪深300指数,沪深300,CSI 300 Index,CSI 300,3164.74,3172.27,3137.11,3162.03,-12.87,-0.41,6751935100.0,747.35,300.0,12.18,2016-04-25,12.18,747.35
20160426,000300,沪深300指数,沪深300,CSI 300 Index,CSI 300,3159.77,3181.1,3150.4,3179.16,17.13,0.54,5902073400.0,688.72,300.0,12.24,2016-04-26,12.24,688.72
20160427,000300,沪深300指数,沪深300,CSI 300 Index,CSI 300,3181.93,3188.83,3162.69,3165.92,-13.24,-0.42,6000414700.0,706.2,300.0,12.18,2016-04-27,12.18,706.2
20160428,000300,沪深300指数,沪深300,CSI 300 Index,CSI 300,3169.33,3174.77,3135.64,3160.58,-5.33,-0.17,6987066000.0,788.77,300.0,12.16,2016-04-28,12.16,788.77
20160429,000300,沪深300指数,沪深300,CSI 300 Index,CSI 300,3153.54,3171.29,3149.4,3156.75,-3.84,-0.12,5802977600.0,708.08,300.0,12.13,2016-04-29,12.13,708.08
20160503,000300,沪深300指数,沪深300,CSI 300 Index,CSI 300,3159.82,3218.49,3151.4,3213.54,56.79,1.8,9816483500.0,1157.34,300.0,12.59,2016-05-03,12.59,1157.34
20160504,000300,沪深300指数,沪深300,CSI 300 Index,CSI 300,3203.47,3222.88,3198.29,3209.46,-4.08,-0.13,9086240800.0,977.97,300.0,12.57,2016-05-04,12.57,977.97
20160505,000300,沪深300指数,沪深300,CSI 300 Index,CSI 300,3204.17,3217.28,3196.57,3213.92,4.46,0.14,7473368100.0,839.46,300.0,12.59,2016-05-05,12.59,839.46
20160506,000300,沪深300指数,沪深300,CSI 300 Index,CSI 300,3213.14,3216.89,3130.15,3130.35,-83.57,-2.6,10868024000.0,1192.65,300.0,12.23,2016-05-06,12.23,1192.65
20160509,000300,沪深300指数,沪深300,CSI 300 Index,CSI 300,3115.43,3115.43,3055.01,3065.62,-64.74,-2.07,9923047700.0,1004.09,300.0,11.98,2016-05-09,11.98,1004.09
20160510,000300,沪深300指数,沪深300,CSI 300 Index,CSI 300,3055.21,3084.72,3055.18,3069.11,3.5,0.11,6884993500.0,706.51,300.0,11.99,2016-05-10,11.99,706.51
20160511,000300,沪深300指数,沪深300,CSI 300 Index,CSI 300,3080.64,3102.88,3063.09,3082.81,13.7,0.45,8179425800.0,873.23,300.0,12.04,2016-05-11,12.04,873.23
20160512,000300,沪深300指数,沪深300,CSI 300 Index,CSI 300,3059.38,3095.35,3035.02,3090.14,7.33,0.24,7876572600.0,814.19,300.0,12.05,2016-05-12,12.05,814.19
20160513,000300,沪深300指数,沪深300,CSI 300 Index,CSI 300,3081.68,3103.1,3064.69,3074.94,-15.2,-0.49,6262975500.0,658.51,300.0,12.0,2016-05-13,12.0,658.51
20160516,000300,沪深300指数,沪深300,CSI 300 Index,CSI 300,3064.53,3095.56,3053.66,3095.31,20.37,0.66,5946185600.0,644.05,300.0,12.05,2016-05-16,12.05,644.05
20160517,000300,沪深300指数,沪深300,CSI 300 Index,CSI 300,3095.52,3105.2,3073.46,3086.02,-9.28,-0.3,6527812500.0,753.89,300.0,12.03,2016-05-17,12.03,753.89
20160518,000300,沪深300指数,沪深300,CSI 300 Index,CSI 300,3071.53,3072.61,3039.46,3068.04,-17.99,-0.58,8271536900.0,884.59,300.0,11.94,2016-05-18,11.94,884.59
20160519,000300,沪深300指数,沪深300,CSI 300 Index,CSI 300,3060.34,3086.98,3058.15,3062.5,-5.54,-0.18,6044416600.0,686.79,300.0,11.91,2016-05-19,11.91,686.79
20160520,000300,沪深300指数,沪深300,CSI 300 Index,CSI 300,3047.78,3078.53,3041.52,3078.22,15.72,0.51,5608084200.0,651.24,300.0,11.97,2016-05-20,11.97,651.24
20160523,000300,沪深300指数,沪深300,CSI 300 Index,CSI 300,3078.52,3098.48,3076.5,3087.22,9.0,0.29,5969721600.0,703.38,300.0,12.0,2016-05-23,12.0,703.38
20160524,000300,沪深300指数,沪深300,CSI 300 Index,CSI 300,3083.24,3083.26,3052.59,3063.56,-23.67,-0.77,5873438500.0,611.06,300.0,11.92,2016-05-24,11.92,611.06
20160525,000300,沪深300指数,沪深300,CSI 300 Index,CSI 300,3079.75,3089.1,3054.87,3059.23,-4.33,-0.14,5665280300.0,633.17,300.0,11.9,2016-05-25,11.9,633.17
20160526,000300,沪深300指数,沪深300,CSI 300 Index,CSI 300,3056.6,3072.52,3027.44,3064.21,4.99,0.16,6039298100.0,659.85,300.0,11.92,2016-05-26,11.92,659.85
20160527,000300,沪深300指数,沪深300,CSI 300 Index,CSI 300,3059.73,3073.76,3052.18,3062.5,-1.71,-0.06,6046875000.0,593.72,300.0,11.91,2016-05-27,11.91,593.72
20160530,000300,沪深300指数,沪深300,CSI 300 Index,CSI 300,3056.31,3075.26,3037.66,3066.71,4.21,0.14,6309857900.0,634.97,300.0,11.94,2016-05-30,11.94,634.97
20160531,000300,沪深300指数,沪深300,CSI 300 Index,CSI 300,3068.6,3170.93,3068.6,3169.56,102.85,3.35,13886311100.0,1513.98,300.0,12.29,2016-05-31,12.29,1513.98
20160601,000300,沪深300指数,沪深300,CSI 300 Index,CSI 300,3172.96,3181.79,3159.82,3160.55,-9.01,-0.28,11314848200.0,1317.01,300.0,12.25,2016-06-01,12.25,1317.01
20160602,000300,沪深300指数,沪深300,CSI 300 Index,CSI 300,3158.03,3168.82,3151.07,3167.1,6.55,0.21,8600342700.0,970.94,300.0,12.26,2016-06-02,12.26,970.94
20160603,000300,沪深300指数,沪深300,CSI 300 Index,CSI 300,3172.95,3201.75,3162.09,3189.33,22.23,0.7,10149178300.0,1363.32,300.0,12.33,2016-06-03,12.33,1363.32
20160606,000300,沪深300指数,沪深300,CSI 300 Index,CSI 300,3192.78,3197.22,3168.55,3178.79,-10.54,-0.33,7669375100.0,1011.76,300.0,12.31,2016-06-06,12.31,1011.76
20160607,000300,沪深300指数,沪深300,CSI 300 Index,CSI 300,3182.44,3186.62,3168.18,3177.05,-1.73,-0.05,6892831400.0,887.12,300.0,12.26,2016-06-07,12.26,887.12
20160608,000300,沪深300指数,沪深300,CSI 300 Index,CSI 300,3171.81,3174.97,3148.35,3163.99,-13.07,-0.41,7629177500.0,976.83,300.0,12.22,2016-06-08,12.22,976.83
20160613,000300,沪深300指数,沪深300,CSI 300 Index,CSI 300,3134.05,3145.61,3065.77,3066.34,-97.65,-3.09,9297594700.0,1140.91,300.0,11.99,2016-06-13,11.99,1140.91
20160614,000300,沪深300指数,沪深300,CSI 300 Index,CSI 300,3058.44,3078.75,3055.66,3075.98,9.64,0.31,6627945700.0,786.22,300.0,12.03,2016-06-14,12.03,786.22
20160615,000300,沪深300指数,沪深300,CSI 300 Index,CSI 300,3043.96,3128.67,3042.23,3116.37,40.38,1.31,8739325700.0,1061.7,300.0,12.15,2016-06-15,12.15,1061.7
20160616,000300,沪深300指数,沪深300,CSI 300 Index,CSI 300,3104.36,3112.48,3089.48,3094.67,-21.69,-0.7,8297470300.0,934.96,300.0,12.03,2016-06-16,12.03,934.96
20160617,000300,沪深300指数,沪深300,CSI 300 Index,CSI 300,3096.09,3131.05,3096.09,3110.36,15.68,0.51,8540298500.0,979.53,300.0,12.08,2016-06-17,12.08,979.53
20160620,000300,沪深300指数,沪深300,CSI 300 Index,CSI 300,3114.91,3118.73,3089.71,3112.67,2.32,0.07,6358714100.0,746.48,300.0,12.09,2016-06-20,12.09,746.48
20160621,000300,沪深300指数,沪深300,CSI 300 Index,CSI 300,3124.9,3155.49,3097.94,3106.32,-6.36,-0.2,8796534500.0,1072.34,300.0,12.07,2016-06-21,12.07,1072.34
20160622,000300,沪深300指数,沪深300,CSI 300 Index,CSI 300,3100.45,3134.06,3096.99,3133.96,27.64,0.89,6648711300.0,813.49,300.0,12.17,2016-06-22,12.17,813.49
20160623,000300,沪深300指数,沪深300,CSI 300 Index,CSI 300,3129.72,3129.72,3102.48,3117.32,-16.64,-0.53,6775173800.0,817.33,300.0,12.06,2016-06-23,12.06,817.33
20160624,000300,沪深300指数,沪深300,CSI 300 Index,CSI 300,3110.65,3130.54,3033.97,3077.16,-40.16,-1.29,10479220800.0,1189.67,300.0,11.9,2016-06-24,11.9,1189.67
20160627,000300,沪深300指数,沪深300,CSI 300 Index,CSI 300,3065.13,3120.64,3064.97,3120.54,43.39,1.41,8326725900.0,1040.66,300.0,12.04,2016-06-27,12.04,1040.66
20160628,000300,沪深300指数,沪深300,CSI 300 Index,CSI 300,3107.4,3139.43,3099.7,3136.4,15.86,0.51,9202463700.0,1171.98,300.0,12.09,2016-06-28,12.09,1171.98
20160629,000300,沪深300指数,沪深300,CSI 300 Index,CSI 300,3142.48,3158.08,3139.13,3151.39,14.99,0.48,10372366800.0,1179.59,300.0,12.14,2016-06-29,12.14,1179.59
20160630,000300,沪深300指数,沪深300,CSI 300 Index,CSI 300,3152.83,3163.72,3148.2,3153.92,2.53,0.08,7969261700.0,1006.28,300.0,12.13,2016-06-30,12.13,1006.28
20160701,000300,沪深300指数,沪深300,CSI 300 Index,CSI 300,3156.93,3170.26,3148.29,3154.2,0.28,0.01,7174628300.0,912.15,300.0,12.14,2016-07-01,12.14,912.15
20160704,000300,沪深300指数,沪深300,CSI 300 Index,CSI 300,3136.39,3210.6,3134.02,3204.7,50.5,1.6,13331052900.0,1498.95,300.0,12.34,2016-07-04,12.34,1498.95
20160705,000300,沪深300指数,沪深300,CSI 300 Index,CSI 300,3199.16,3216.7,3198.0,3207.38,2.69,0.08,13022689500.0,1438.99,300.0,12.36,2016-07-05,12.36,1438.99
20160706,000300,沪深300指数,沪深300,CSI 300 Index,CSI 300,3197.62,3217.52,3183.45,3216.8,9.42,0.29,12489745800.0,1472.32,300.0,12.36,2016-07-06,12.36,1472.32
20160707,000300,沪深300指数,沪深300,CSI 300 Index,CSI 300,3206.55,3220.54,3190.12,3209.95,-6.85,-0.21,11859520200.0,1404.89,300.0,12.32,2016-07-07,12.32,1404.89
20160708,000300,沪深300指数,沪深300,CSI 300 Index,CSI 300,3199.75,3204.93,3183.96,3192.28,-17.67,-0.55,8973485500.0,1110.63,300.0,12.21,2016-07-08,12.21,1110.63
20160711,000300,沪深300指数,沪深300,CSI 300 Index,CSI 300,3199.04,3235.96,3197.63,3203.33,11.05,0.35,13852951100.0,1552.88,300.0,12.22,2016-07-11,12.22,1552.88
20160712,000300,沪深300指数,沪深300,CSI 300 Index,CSI 300,3201.91,3273.47,3200.3,3273.18,69.85,2.18,17253421700.0,1908.54,300.0,12.48,2016-07-12,12.48,1908.54
20160713,000300,沪深300指数,沪深300,CSI 300 Index,CSI 300,3274.02,3300.99,3271.78,3282.87,9.69,0.3,17519609000.0,1965.92,300.0,12.52,2016-07-13,12.52,1965.92
20160714,000300,沪深300指数,沪深300,CSI 300 Index,CSI 300,3277.48,3281.95,3259.07,3276.76,-6.1,-0.19,10752579800.0,1280.9,300.0,12.48,2016-07-14,12.48,1280.9
20160715,000300,沪深300指数,沪深300,CSI 300 Index,CSI 300,3278.84,3285.03,3265.29,3276.28,-0.49,-0.01,10266502600.0,1251.8,300.0,12.49,2016-07-15,12.49,1251.8
20160718,000300,沪深300指数,沪深300,CSI 300 Index,CSI 300,3269.71,3281.64,3251.77,3262.02,-14.26,-0.44,11031251800.0,1297.86,300.0,12.45,2016-07-18,12.45,1297.86
20160719,000300,沪深300指数,沪深300,CSI 300 Index,CSI 300,3260.43,3264.73,3226.2,3248.23,-13.79,-0.42,8888686100.0,1071.09,300.0,12.39,2016-07-19,12.39,1071.09
20160720,000300,沪深300指数,沪深300,CSI 300 Index,CSI 300,3246.86,3254.51,3232.26,3237.61,-10.63,-0.33,7270125500.0,913.67,300.0,12.35,2016-07-20,12.35,913.67
20160721,000300,沪深300指数,沪深300,CSI 300 Index,CSI 300,3238.34,3271.37,3238.3,3252.52,14.92,0.46,8600482500.0,1074.64,300.0,12.39,2016-07-21,12.39,1074.64
20160722,000300,沪深300指数,沪深300,CSI 300 Index,CSI 300,3251.24,3253.77,3220.89,3225.16,-27.36,-0.84,8602912800.0,1074.17,300.0,12.3,2016-07-22,12.3,1074.17
20160725,000300,沪深300指数,沪深300,CSI 300 Index,CSI 300,3220.17,3243.79,3218.14,3230.89,5.72,0.18,7020318500.0,920.16,300.0,12.31,2016-07-25,12.31,920.16
20160726,000300,沪深300指数,沪深300,CSI 300 Index,CSI 300,3228.23,3269.75,3228.01,3269.59,38.7,1.2,8105108900.0,1037.46,300.0,12.45,2016-07-26,12.45,1037.46
20160727,000300,沪深300指数,沪深300,CSI 300 Index,CSI 300,3270.08,3276.51,3157.41,3218.24,-51.35,-1.57,16018866500.0,1869.28,300.0,12.28,2016-07-27,12.28,1869.28
20160728,000300,沪深300指数,沪深300,CSI 300 Index,CSI 300,3204.46,3235.78,3195.27,3221.14,2.89,0.09,11277996400.0,1372.96,300.0,12.29,2016-07-28,12.29,1372.96
20160729,000300,沪深300指数,沪深300,CSI 300 Index,CSI 300,3217.19,3225.42,3198.68,3203.93,-17.21,-0.53,8804483700.0,1037.87,300.0,12.24,2016-07-29,12.24,1037.87
20160801,000300,沪深300指数,沪深300,CSI 300 Index,CSI 300,3196.43,3199.98,3156.75,3176.81,-27.12,-0.85,8700349700.0,988.19,300.0,12.16,2016-08-01,12.16,988.19
20160802,000300,沪深300指数,沪深300,CSI 300 Index,CSI 300,3173.76,3189.05,3165.54,3189.05,12.24,0.39,6216763900.0,706.41,300.0,12.2,2016-08-02,12.2,706.41
20160803,000300,沪深300指数,沪深300,CSI 300 Index,CSI 300,3179.68,3197.16,3173.54,3193.51,4.45,0.14,7286410200.0,797.54,300.0,12.21,2016-08-03,12.21,797.54
20160804,000300,沪深300指数,沪深300,CSI 300 Index,CSI 300,3190.55,3201.55,3170.42,3201.29,7.78,0.24,7350437300.0,869.2,300.0,12.23,2016-08-04,12.23,869.2
20160805,000300,沪深300指数,沪深300,CSI 300 Index,CSI 300,3201.35,3224.87,3192.86,3205.11,3.82,0.12,7719636600.0,944.3,300.0,12.23,2016-08-05,12.23,944.3
20160808,000300,沪深300指数,沪深300,CSI 300 Index,CSI 300,3199.57,3234.48,3187.25,3234.18,29.07,0.91,8667605100.0,1026.38,300.0,12.33,2016-08-08,12.33,1026.38
20160809,000300,沪深300指数,沪深300,CSI 300 Index,CSI 300,3232.6,3257.33,3229.17,3256.98,22.8,0.7,9106525900.0,1059.24,300.0,12.41,2016-08-09,12.41,1059.24
20160810,000300,沪深300指数,沪深300,CSI 300 Index,CSI 300,3255.18,3261.86,3242.75,3243.34,-13.64,-0.42,9043037200.0,1061.57,300.0,12.36,2016-08-10,12.36,1061.57
20160811,000300,沪深300指数,沪深300,CSI 300 Index,CSI 300,3239.56,3274.03,3232.61,3233.36,-9.98,-0.31,10104121300.0,1169.96,300.0,12.35,2016-08-11,12.35,1169.96
20160812,000300,沪深300指数,沪深300,CSI 300 Index,CSI 300,3231.81,3294.23,3231.14,3294.23,60.87,1.88,11625404400.0,1293.55,300.0,12.58,2016-08-12,12.58,1293.55
20160815,000300,沪深300指数,沪深300,CSI 300 Index,CSI 300,3303.47,3417.91,3302.38,3393.42,99.19,3.01,22054342100.0,2588.97,300.0,12.93,2016-08-15,12.93,2588.97
20160816,000300,沪深300指数,沪深300,CSI 300 Index,CSI 300,3403.38,3418.69,3372.02,3378.25,-15.18,-0.45,19638974000.0,2267.85,300.0,12.83,2016-08-16,12.83,2267.85
20160817,000300,沪深300指数,沪深300,CSI 300 Index,CSI 300,3377.77,3394.39,3356.92,3373.05,-5.2,-0.15,13884768800.0,1679.18,300.0,12.81,2016-08-17,12.81,1679.18
20160818,000300,沪深300指数,沪深300,CSI 300 Index,CSI 300,3369.95,3394.79,3349.69,3364.49,-8.56,-0.25,14238016900.0,1722.57,300.0,12.78,2016-08-18,12.78,1722.57
20160819,000300,沪深300指数,沪深300,CSI 300 Index,CSI 300,3358.56,3374.05,3341.19,3365.02,0.53,0.02,11996150800.0,1353.83,300.0,12.8,2016-08-19,12.8,1353.83
20160822,000300,沪深300指数,沪深300,CSI 300 Index,CSI 300,3364.68,3372.83,3335.47,3336.79,-28.22,-0.84,10795100800.0,1282.02,300.0,12.71,2016-08-22,12.71,1282.02
20160823,000300,沪深300指数,沪深300,CSI 300 Index,CSI 300,3332.62,3359.65,3324.96,3341.83,5.03,0.15,9292451600.0,1085.04,300.0,12.73,2016-08-23,12.73,1085.04
20160824,000300,沪深300指数,沪深300,CSI 300 Index,CSI 300,3341.93,3348.13,3323.73,3329.86,-11.97,-0.36,8119142900.0,940.13,300.0,12.7,2016-08-24,12.7,940.13
20160825,000300,沪深300指数,沪深300,CSI 300 Index,CSI 300,3314.08,3315.08,3279.81,3308.97,-20.89,-0.63,10058915300.0,1125.78,300.0,12.62,2016-08-25,12.62,1125.78
20160826,000300,沪深300指数,沪深300,CSI 300 Index,CSI 300,3312.5,3328.95,3301.74,3307.09,-1.88,-0.06,8153069100.0,932.13,300.0,12.62,2016-08-26,12.62,932.13
20160829,000300,沪深300指数,沪深300,CSI 300 Index,CSI 300,3306.57,3315.08,3297.07,3307.78,0.69,0.02,7703633300.0,880.12,300.0,12.62,2016-08-29,12.62,880.12
20160830,000300,沪深300指数,沪深300,CSI 300 Index,CSI 300,3310.32,3325.12,3304.6,3311.99,4.21,0.13,7572598700.0,895.13,300.0,12.65,2016-08-30,12.65,895.13
20160831,000300,沪深300指数,沪深300,CSI 300 Index,CSI 300,3310.57,3333.97,3304.66,3327.79,15.81,0.48,7957080500.0,992.15,300.0,12.7,2016-08-31,12.7,992.15
20160901,000300,沪深300指数,沪深300,CSI 300 Index,CSI 300,3326.74,3329.35,3301.21,3301.58,-26.22,-0.79,8494721900.0,1009.11,300.0,13.02,2016-09-01,13.02,1009.11
20160902,000300,沪深300指数,沪深300,CSI 300 Index,CSI 300,3298.72,3320.43,3295.76,3314.11,12.54,0.38,8279180300.0,993.96,300.0,13.62,2016-09-02,13.62,993.96
20160905,000300,沪深300指数,沪深300,CSI 300 Index,CSI 300,3321.01,3338.42,3314.63,3319.68,5.57,0.17,7829247700.0,875.31,300.0,13.63,2016-09-05,13.63,875.31
20160906,000300,沪深300指数,沪深300,CSI 300 Index,CSI 300,3322.02,3347.95,3300.13,3342.63,22.95,0.69,9828399800.0,1183.67,300.0,13.69,2016-09-06,13.69,1183.67
20160907,000300,沪深300指数,沪深300,CSI 300 Index,CSI 300,3344.07,3357.36,3337.75,3340.82,-1.81,-0.05,10294010600.0,1151.2,300.0,13.69,2016-09-07,13.69,1151.2
20160908,000300,沪深300指数,沪深300,CSI 300 Index,CSI 300,3338.01,3343.4,3328.23,3339.56,-1.25,-0.04,7191615800.0,837.42,300.0,13.68,2016-09-08,13.68,837.42
20160909,000300,沪深300指数,沪深300,CSI 300 Index,CSI 300,3339.37,3344.95,3318.04,3318.04,-21.52,-0.64,8265703600.0,954.71,300.0,13.6,2016-09-09,13.6,954.71
20160912,000300,沪深300指数,沪深300,CSI 300 Index,CSI 300,3271.87,3276.72,3234.57,3262.6,-55.44,-1.67,12291768200.0,1344.57,300.0,13.39,2016-09-12,13.39,1344.57
20160913,000300,沪深300指数,沪深300,CSI 300 Index,CSI 300,3265.34,3269.22,3246.39,3260.33,-2.27,-0.07,6718028800.0,768.63,300.0,13.37,2016-09-13,13.37,768.63
20160914,000300,沪深300指数,沪深300,CSI 300 Index,CSI 300,3245.74,3255.0,3231.34,3238.73,-21.6,-0.66,7043269700.0,797.81,300.0,13.28,2016-09-14,13.28,797.81
20160919,000300,沪深300指数,沪深300,CSI 300 Index,CSI 300,3242.74,3264.9,3242.74,3263.12,24.39,0.75,5883108200.0,676.78,300.0,13.36,2016-09-19,13.36,676.78
20160920,000300,沪深300指数,沪深300,CSI 300 Index,CSI 300,3264.66,3265.04,3252.39,3257.4,-5.72,-0.18,5278420600.0,616.26,300.0,13.34,2016-09-20,13.34,616.26
20160921,000300,沪深300指数,沪深300,CSI 300 Index,CSI 300,3257.71,3270.9,3254.32,3266.64,9.23,0.28,5914297900.0,689.58,300.0,13.37,2016-09-21,13.37,689.58
20160922,000300,沪深300指数,沪深300,CSI 300 Index,CSI 300,3281.47,3303.2,3277.98,3291.12,24.48,0.75,7575354200.0,899.92,300.0,13.46,2016-09-22,13.46,899.92
20160923,000300,沪深300指数,沪深300,CSI 300 Index,CSI 300,3292.28,3293.92,3275.03,3275.67,-15.45,-0.47,5799398600.0,680.46,300.0,13.41,2016-09-23,13.41,680.46
20160926,000300,沪深300指数,沪深300,CSI 300 Index,CSI 300,3267.69,3267.69,3220.28,3220.28,-55.38,-1.69,7045218600.0,787.01,300.0,13.2,2016-09-26,13.2,787.01
20160927,000300,沪深300指数,沪深300,CSI 300 Index,CSI 300,3214.87,3240.78,3214.44,3240.75,20.47,0.64,5846055000.0,666.51,300.0,13.28,2016-09-27,13.28,666.51
20160928,000300,沪深300指数,沪深300,CSI 300 Index,CSI 300,3243.65,3243.65,3228.0,3230.89,-9.86,-0.3,4472749800.0,519.96,300.0,13.23,2016-09-28,13.23,519.96
20160929,000300,沪深300指数,沪深300,CSI 300 Index,CSI 300,3234.86,3257.77,3234.8,3244.39,13.5,0.42,5545255600.0,622.2,300.0,13.28,2016-09-29,13.28,622.2
20160930,000300,沪深300指数,沪深300,CSI 300 Index,CSI 300,3240.18,3260.94,3239.04,3253.28,8.9,0.27,4497802200.0,526.56,300.0,13.31,2016-09-30,13.31,526.56
20161010,000300,沪深300指数,沪深300,CSI 300 Index,CSI 300,3265.36,3294.64,3258.96,3293.87,40.58,1.25,8051926000.0,896.08,300.0,13.47,2016-10-10,13.47,896.08
20161011,000300,沪深300指数,沪深300,CSI 300 Index,CSI 300,3296.87,3308.0,3292.88,3306.56,12.69,0.39,8771316300.0,882.13,300.0,13.51,2016-10-11,13.51,882.13
20161012,000300,沪深300指数,沪深300,CSI 300 Index,CSI 300,3299.14,3302.56,3289.75,3300.01,-6.55,-0.2,6866978100.0,723.87,300.0,13.49,2016-10-12,13.49,723.87
20161013,000300,沪深300指数,沪深300,CSI 300 Index,CSI 300,3299.16,3307.41,3292.4,3302.65,2.64,0.08,8122419800.0,799.24,300.0,13.49,2016-10-13,13.49,799.24
20161014,000300,沪深300指数,沪深300,CSI 300 Index,CSI 300,3298.73,3306.69,3285.73,3305.85,3.2,0.1,8231627100.0,814.86,300.0,13.51,2016-10-14,13.51,814.86
20161017,000300,沪深300指数,沪深300,CSI 300 Index,CSI 300,3305.96,3309.01,3271.54,3277.88,-27.97,-0.85,8611350900.0,881.99,300.0,13.41,2016-10-17,13.41,881.99
20161018,000300,沪深300指数,沪深300,CSI 300 Index,CSI 300,3272.68,3321.33,3272.68,3321.33,43.45,1.33,10286071400.0,1046.25,300.0,13.58,2016-10-18,13.58,1046.25
20161019,000300,沪深300指数,沪深300,CSI 300 Index,CSI 300,3323.3,3332.52,3309.83,3316.24,-5.09,-0.15,10116772500.0,963.54,300.0,13.57,2016-10-19,13.57,963.54
20161020,000300,沪深300指数,沪深300,CSI 300 Index,CSI 300,3317.18,3324.9,3312.17,3318.6,2.36,0.07,7923887100.0,824.81,300.0,13.58,2016-10-20,13.58,824.81
20161021,000300,沪深300指数,沪深300,CSI 300 Index,CSI 300,3315.72,3341.56,3309.18,3327.74,9.14,0.28,10978517600.0,1071.15,300.0,13.63,2016-10-21,13.63,1071.15
20161024,000300,沪深300指数,沪深300,CSI 300 Index,CSI 300,3332.51,3382.83,3330.97,3367.58,39.84,1.2,15301434500.0,1500.63,300.0,13.79,2016-10-24,13.79,1500.63
20161025,000300,沪深300指数,沪深300,CSI 300 Index,CSI 300,3367.48,3373.91,3356.59,3367.45,-0.12,0.0,11119169300.0,1105.77,300.0,13.78,2016-10-25,13.78,1105.77
20161026,000300,沪深300指数,沪深300,CSI 300 Index,CSI 300,3365.2,3367.83,3349.57,3354.8,-12.65,-0.38,9802478600.0,1047.19,300.0,13.72,2016-10-26,13.72,1047.19
20161027,000300,沪深300指数,沪深300,CSI 300 Index,CSI 300,3351.46,3352.35,3335.13,3345.7,-9.11,-0.27,7762985100.0,852.41,300.0,13.69,2016-10-27,13.69,852.41
20161028,000300,沪深300指数,沪深300,CSI 300 Index,CSI 300,3347.14,3370.75,3337.29,3340.13,-5.57,-0.17,9313330900.0,1047.98,300.0,13.68,2016-10-28,13.68,1047.98
20161031,000300,沪深300指数,沪深300,CSI 300 Index,CSI 300,3332.41,3340.47,3317.33,3336.28,-3.85,-0.12,7135286300.0,807.02,300.0,13.66,2016-10-31,13.66,807.02
20161101,000300,沪深300指数,沪深300,CSI 300 Index,CSI 300,3338.71,3359.39,3334.46,3359.05,22.77,0.68,7493819900.0,847.18,300.0,13.45,2016-11-01,13.45,847.18
20161102,000300,沪深300指数,沪深300,CSI 300 Index,CSI 300,3350.71,3356.4,3331.38,3333.35,-25.7,-0.77,9119710400.0,1003.49,300.0,13.35,2016-11-02,13.35,1003.49
20161103,000300,沪深300指数,沪深300,CSI 300 Index,CSI 300,3326.9,3379.99,3324.84,3365.09,31.73,0.95,12622350400.0,1373.86,300.0,13.47,2016-11-03,13.47,1373.86
20161104,000300,沪深300指数,沪深300,CSI 300 Index,CSI 300,3362.21,3377.64,3348.43,3354.17,-10.91,-0.32,10406965500.0,1108.14,300.0,13.43,2016-11-04,13.43,1108.14
20161107,000300,沪深300指数,沪深300,CSI 300 Index,CSI 300,3353.44,3362.74,3342.31,3356.59,2.42,0.07,9987798800.0,943.71,300.0,13.44,2016-11-07,13.44,943.71
20161108,000300,沪深300指数,沪深300,CSI 300 Index,CSI 300,3367.7,3383.92,3361.13,3371.12,14.53,0.43,10314828200.0,1051.38,300.0,13.5,2016-11-08,13.5,1051.38
20161109,000300,沪深300指数,沪深300,CSI 300 Index,CSI 300,3370.6,3373.1,3322.08,3353.05,-18.06,-0.54,13911005900.0,1451.87,300.0,13.42,2016-11-09,13.42,1451.87
20161110,000300,沪深300指数,沪深300,CSI 300 Index,CSI 300,3374.91,3403.02,3374.91,3390.61,37.56,1.12,13470553500.0,1332.77,300.0,13.56,2016-11-10,13.56,1332.77
20161111,000300,沪深300指数,沪深300,CSI 300 Index,CSI 300,3387.95,3422.67,3382.89,3417.22,26.61,0.78,19878149600.0,1906.47,300.0,13.66,2016-11-11,13.66,1906.47
20161114,000300,沪深300指数,沪深300,CSI 300 Index,CSI 300,3409.22,3452.62,3408.14,3430.25,13.03,0.38,21324710500.0,2083.53,300.0,13.72,2016-11-14,13.72,2083.53
20161115,000300,沪深300指数,沪深300,CSI 300 Index,CSI 300,3428.87,3434.92,3415.99,3429.87,-0.38,-0.01,13456632000.0,1352.07,300.0,13.71,2016-11-15,13.71,1352.07
20161116,000300,沪深300指数,沪深300,CSI 300 Index,CSI 300,3432.43,3435.64,3419.24,3429.59,-0.28,-0.01,12980851100.0,1289.45,300.0,13.71,2016-11-16,13.71,1289.45
20161117,000300,沪深300指数,沪深300,CSI 300 Index,CSI 300,3423.47,3437.67,3412.88,3436.54,6.94,0.2,12156173100.0,1215.77,300.0,13.72,2016-11-17,13.72,1215.77
20161118,000300,沪深300指数,沪深300,CSI 300 Index,CSI 300,3437.49,3443.12,3413.27,3417.46,-19.08,-0.56,11595120500.0,1173.46,300.0,13.65,2016-11-18,13.65,1173.46
20161121,000300,沪深300指数,沪深300,CSI 300 Index,CSI 300,3412.65,3463.14,3412.08,3441.11,23.66,0.69,14643452900.0,1475.43,300.0,13.76,2016-11-21,13.76,1475.43
20161122,000300,沪深300指数,沪深300,CSI 300 Index,CSI 300,3443.22,3469.22,3443.22,3468.36,27.25,0.79,16852344600.0,1672.51,300.0,13.89,2016-11-22,13.89,1672.51
20161123,000300,沪深300指数,沪深300,CSI 300 Index,CSI 300,3473.89,3492.96,3465.76,3474.73,6.37,0.18,16238850400.0,1712.47,300.0,13.91,2016-11-23,13.91,1712.47
20161124,000300,沪深300指数,沪深300,CSI 300 Index,CSI 300,3468.81,3508.16,3467.01,3488.74,14.01,0.4,14574630100.0,1650.71,300.0,13.94,2016-11-24,13.94,1650.71
20161125,000300,沪深300指数,沪深300,CSI 300 Index,CSI 300,3490.04,3521.3,3463.95,3521.3,32.56,0.93,15362150600.0,1668.32,300.0,14.06,2016-11-25,14.06,1668.32
20161128,000300,沪深300指数,沪深300,CSI 300 Index,CSI 300,3538.68,3553.36,3528.32,3535.08,13.78,0.39,20737548300.0,2198.6,300.0,14.14,2016-11-28,14.14,2198.6
20161129,000300,沪深300指数,沪深300,CSI 300 Index,CSI 300,3525.9,3583.72,3521.38,3564.04,28.96,0.82,23691835600.0,2483.23,300.0,14.26,2016-11-29,14.26,2483.23
20161130,000300,沪深300指数,沪深300,CSI 300 Index,CSI 300,3557.64,3567.07,3527.02,3538.0,-26.04,-0.73,17856017800.0,1906.81,300.0,14.12,2016-11-30,14.12,1906.81
20161201,000300,沪深300指数,沪深300,CSI 300 Index,CSI 300,3543.96,3575.97,3543.25,3565.04,27.04,0.76,18017076100.0,1996.38,300.0,14.22,2016-12-01,14.22,1996.38
20161202,000300,沪深300指数,沪深300,CSI 300 Index,CSI 300,3559.77,3562.55,3516.79,3528.95,-36.08,-1.01,19635548000.0,2037.42,300.0,14.12,2016-12-02,14.12,2037.42
20161205,000300,沪深300指数,沪深300,CSI 300 Index,CSI 300,3473.69,3496.88,3457.34,3469.41,-59.55,-1.69,18085235500.0,1901.75,300.0,13.9,2016-12-05,13.9,1901.75
20161206,000300,沪深300指数,沪深300,CSI 300 Index,CSI 300,3466.24,3477.59,3456.81,3459.15,-10.25,-0.3,11552909000.0,1257.28,300.0,13.85,2016-12-06,13.85,1257.28
20161207,000300,沪深300指数,沪深300,CSI 300 Index,CSI 300,3458.37,3475.75,3445.76,3475.75,16.59,0.48,11434510300.0,1152.82,300.0,13.91,2016-12-07,13.91,1152.82
20161208,000300,沪深300指数,沪深300,CSI 300 Index,CSI 300,3481.81,3484.34,3466.51,3470.14,-5.6,-0.16,11738392200.0,1191.89,300.0,13.88,2016-12-08,13.88,1191.89
20161209,000300,沪深300指数,沪深300,CSI 300 Index,CSI 300,3464.87,3507.93,3461.76,3493.7,23.56,0.68,15030330800.0,1526.75,300.0,14.0,2016-12-09,14.0,1526.75
20161212,000300,沪深300指数,沪深300,CSI 300 Index,CSI 300,3489.27,3495.8,3400.79,3409.18,-84.52,-2.42,18746775100.0,1991.64,300.0,13.97,2016-12-12,13.97,1991.64
20161213,000300,沪深300指数,沪深300,CSI 300 Index,CSI 300,3394.21,3416.21,3370.6,3405.04,-4.14,-0.12,12110509700.0,1244.54,300.0,13.95,2016-12-13,13.95,1244.54
20161214,000300,沪深300指数,沪深300,CSI 300 Index,CSI 300,3399.41,3412.28,3378.27,3378.95,-26.09,-0.77,12400774400.0,1261.83,300.0,13.86,2016-12-14,13.86,1261.83
20161215,000300,沪深300指数,沪深300,CSI 300 Index,CSI 300,3363.86,3378.04,3327.14,3340.43,-38.51,-1.14,11496066000.0,1215.08,300.0,13.68,2016-12-15,13.68,1215.08
20161216,000300,沪深300指数,沪深300,CSI 300 Index,CSI 300,3335.36,3356.29,3330.49,3346.03,5.6,0.17,9077542200.0,981.12,300.0,13.69,2016-12-16,13.69,981.12
20161219,000300,沪深300指数,沪深300,CSI 300 Index,CSI 300,3342.34,3344.86,3325.0,3328.98,-17.05,-0.51,8164067800.0,860.96,300.0,13.64,2016-12-19,13.64,860.96
20161220,000300,沪深300指数,沪深300,CSI 300 Index,CSI 300,3328.3,3329.1,3289.27,3309.06,-19.92,-0.6,8756959200.0,885.27,300.0,13.57,2016-12-20,13.57,885.27
20161221,000300,沪深300指数,沪深300,CSI 300 Index,CSI 300,3313.75,3342.48,3313.75,3338.54,29.47,0.89,10825499500.0,1062.05,300.0,13.71,2016-12-21,13.71,1062.05
20161222,000300,沪深300指数,沪深300,CSI 300 Index,CSI 300,3335.12,3340.36,3322.72,3335.67,-2.86,-0.09,9227724900.0,925.65,300.0,13.73,2016-12-22,13.73,925.65
20161223,000300,沪深300指数,沪深300,CSI 300 Index,CSI 300,3333.4,3334.89,3300.88,3307.6,-28.07,-0.84,9744471300.0,995.75,300.0,13.63,2016-12-23,13.63,995.75
20161226,000300,沪深300指数,沪深300,CSI 300 Index,CSI 300,3293.22,3322.42,3267.05,3322.4,14.8,0.45,8979398200.0,954.93,300.0,13.68,2016-12-26,13.68,954.93
20161227,000300,沪深300指数,沪深300,CSI 300 Index,CSI 300,3319.21,3330.23,3315.83,3316.39,-6.02,-0.18,7548635900.0,796.17,300.0,13.63,2016-12-27,13.63,796.17
20161228,000300,沪深300指数,沪深300,CSI 300 Index,CSI 300,3315.75,3320.55,3293.17,3301.89,-14.5,-0.44,6900043700.0,717.6,300.0,13.58,2016-12-28,13.58,717.6
20161229,000300,沪深300指数,沪深300,CSI 300 Index,CSI 300,3297.04,3312.11,3288.1,3297.76,-4.12,-0.12,7008792300.0,759.73,300.0,13.55,2016-12-29,13.55,759.73
20161230,000300,沪深300指数,沪深300,CSI 300 Index,CSI 300,3302.6,3313.55,3295.75,3310.08,12.32,0.37,7174411600.0,769.21,300.0,13.6,2016-12-30,13.6,769.21
20170103,000300,沪深300指数,沪深300,CSI 300 Index,CSI 300,3313.95,3345.26,3313.95,3342.23,32.15,0.97,8656789600.0,876.13,300.0,13.74,2017-01-03,13.74,876.13
20170104,000300,沪深300指数,沪深300,CSI 300 Index,CSI 300,3340.56,3369.57,3338.15,3368.31,26.08,0.78,9005082700.0,980.14,300.0,13.84,2017-01-04,13.84,980.14
20170105,000300,沪深300指数,沪深300,CSI 300 Index,CSI 300,3368.34,3373.41,3361.46,3367.79,-0.52,-0.02,8833635700.0,911.89,300.0,13.86,2017-01-05,13.86,911.89
20170106,000300,沪深300指数,沪深300,CSI 300 Index,CSI 300,3366.85,3368.87,3346.89,3347.67,-20.12,-0.6,8745911400.0,910.72,300.0,13.82,2017-01-06,13.82,910.72
20170109,000300,沪深300指数,沪深300,CSI 300 Index,CSI 300,3345.75,3366.22,3344.35,3363.9,16.23,0.48,8370794200.0,879.16,300.0,13.88,2017-01-09,13.88,879.16
20170110,000300,沪深300指数,沪深300,CSI 300 Index,CSI 300,3361.64,3370.51,3354.09,3358.27,-5.63,-0.17,8381916000.0,825.34,300.0,13.85,2017-01-10,13.85,825.34
20170111,000300,沪深300指数,沪深300,CSI 300 Index,CSI 300,3355.8,3366.63,3334.3,3334.5,-23.78,-0.71,9107143800.0,867.5,300.0,13.76,2017-01-11,13.76,867.5
20170112,000300,沪深300指数,沪深300,CSI 300 Index,CSI 300,3332.69,3343.13,3315.96,3317.62,-16.87,-0.51,8123913500.0,750.32,300.0,13.7,2017-01-12,13.7,750.32
20170113,000300,沪深300指数,沪深300,CSI 300 Index,CSI 300,3317.96,3338.17,3309.37,3319.91,2.29,0.07,8418058900.0,845.56,300.0,13.73,2017-01-13,13.73,845.56
20170116,000300,沪深300指数,沪深300,CSI 300 Index,CSI 300,3314.15,3322.78,3264.21,3319.45,-0.47,-0.01,15777913500.0,1532.63,300.0,13.77,2017-01-16,13.77,1532.63
20170117,000300,沪深300指数,沪深300,CSI 300 Index,CSI 300,3305.6,3327.38,3292.2,3326.36,6.91,0.21,6945332800.0,747.55,300.0,13.79,2017-01-17,13.79,747.55
20170118,000300,沪深300指数,沪深300,CSI 300 Index,CSI 300,3323.34,3350.96,3320.41,3339.37,13.01,0.39,7062322700.0,756.81,300.0,13.84,2017-01-18,13.84,756.81
20170119,000300,沪深300指数,沪深300,CSI 300 Index,CSI 300,3330.95,3346.5,3324.68,3329.29,-10.08,-0.3,6615980800.0,638.7,300.0,13.79,2017-01-19,13.79,638.7
20170120,000300,沪深300指数,沪深300,CSI 300 Index,CSI 300,3326.98,3358.41,3326.37,3354.89,25.6,0.77,6530046200.0,708.31,300.0,13.87,2017-01-20,13.87,708.31
20170123,000300,沪深300指数,沪深300,CSI 300 Index,CSI 300,3359.05,3378.74,3355.85,3364.08,9.19,0.27,7555749800.0,764.93,300.0,13.9,2017-01-23,13.9,764.93
20170124,000300,沪深300指数,沪深300,CSI 300 Index,CSI 300,3363.14,3371.32,3355.9,3364.45,0.37,0.01,6619422600.0,660.5,300.0,13.94,2017-01-24,13.94,660.5
20170125,000300,沪深300指数,沪深300,CSI 300 Index,CSI 300,3361.66,3376.44,3357.22,3375.9,11.45,0.34,5837693100.0,624.83,300.0,13.98,2017-01-25,13.98,624.83
20170126,000300,沪深300指数,沪深300,CSI 300 Index,CSI 300,3378.26,3395.88,3378.26,3387.96,12.06,0.36,6531664700.0,664.89,300.0,14.01,2017-01-26,14.01,664.89
20170203,000300,沪深300指数,沪深300,CSI 300 Index,CSI 300,3390.93,3392.48,3362.57,3364.49,-23.47,-0.69,5518886100.0,571.14,300.0,13.92,2017-02-03,13.92,571.14
20170206,000300,沪深300指数,沪深300,CSI 300 Index,CSI 300,3368.11,3381.33,3358.75,3373.21,8.71,0.26,6852136000.0,734.08,300.0,13.95,2017-02-06,13.95,734.08
20170207,000300,沪深300指数,沪深300,CSI 300 Index,CSI 300,3371.77,3376.71,3354.63,3365.68,-7.52,-0.22,6375446200.0,697.58,300.0,13.92,2017-02-07,13.92,697.58
20170208,000300,沪深300指数,沪深300,CSI 300 Index,CSI 300,3361.78,3383.69,3347.43,3383.29,17.6,0.52,7540287900.0,828.7,300.0,13.97,2017-02-08,13.97,828.7
20170209,000300,沪深300指数,沪深300,CSI 300 Index,CSI 300,3381.9,3406.59,3379.79,3396.29,13.0,0.38,9755851500.0,1021.34,300.0,14.03,2017-02-09,14.03,1021.34
20170210,000300,沪深300指数,沪深300,CSI 300 Index,CSI 300,3398.32,3422.33,3398.03,3413.49,17.19,0.51,12376872000.0,1219.09,300.0,14.1,2017-02-10,14.1,1219.09
20170213,000300,沪深300指数,沪深300,CSI 300 Index,CSI 300,3416.92,3439.54,3416.87,3436.28,22.79,0.67,12014453800.0,1253.33,300.0,14.18,2017-02-13,14.18,1253.33
20170214,000300,沪深300指数,沪深300,CSI 300 Index,CSI 300,3438.51,3440.67,3424.4,3435.8,-0.47,-0.01,9480946500.0,985.37,300.0,14.18,2017-02-14,14.18,985.37
20170215,000300,沪深300指数,沪深300,CSI 300 Index,CSI 300,3435.39,3448.03,3417.08,3421.71,-14.09,-0.41,12764333800.0,1246.53,300.0,14.16,2017-02-15,14.16,1246.53
20170216,000300,沪深300指数,沪深300,CSI 300 Index,CSI 300,3421.83,3440.93,3418.35,3440.93,19.22,0.56,10827696200.0,1018.1,300.0,14.21,2017-02-16,14.21,1018.1
20170217,000300,沪深300指数,沪深300,CSI 300 Index,CSI 300,3443.62,3457.56,3419.61,3421.44,-19.49,-0.57,11460003600.0,1180.33,300.0,14.12,2017-02-17,14.12,1180.33
20170220,000300,沪深300指数,沪深300,CSI 300 Index,CSI 300,3421.64,3472.6,3421.64,3471.39,49.95,1.46,13262886200.0,1346.82,300.0,14.31,2017-02-20,14.31,1346.82
20170221,000300,沪深300指数,沪深300,CSI 300 Index,CSI 300,3475.06,3490.09,3472.02,3482.82,11.43,0.33,11484200900.0,1206.75,300.0,14.35,2017-02-21,14.35,1206.75
20170222,000300,沪深300指数,沪深300,CSI 300 Index,CSI 300,3483.2,3489.95,3473.52,3489.76,6.93,0.2,10281599400.0,1092.32,300.0,14.38,2017-02-22,14.38,1092.32
20170223,000300,沪深300指数,沪深300,CSI 300 Index,CSI 300,3487.57,3492.96,3460.12,3473.32,-16.43,-0.47,9953633000.0,1065.56,300.0,14.31,2017-02-23,14.31,1065.56
20170224,000300,沪深300指数,沪深300,CSI 300 Index,CSI 300,3468.96,3473.85,3455.25,3473.85,0.53,0.02,9553513300.0,998.75,300.0,14.31,2017-02-24,14.31,998.75
20170227,000300,沪深300指数,沪深300,CSI 300 Index,CSI 300,3471.13,3472.84,3441.39,3446.22,-27.63,-0.8,9867216000.0,1068.31,300.0,14.21,2017-02-27,14.21,1068.31
20170228,000300,沪深300指数,沪深300,CSI 300 Index,CSI 300,3445.03,3460.91,3441.36,3452.81,6.59,0.19,7521526000.0,819.79,300.0,14.24,2017-02-28,14.24,819.79
20170301,000300,沪深300指数,沪深300,CSI 300 Index,CSI 300,3452.21,3472.7,3449.11,3458.44,5.63,0.16,10326035400.0,1093.18,300.0,14.26,2017-03-01,14.26,1093.18
20170302,000300,沪深300指数,沪深300,CSI 300 Index,CSI 300,3463.48,3468.47,3434.0,3435.1,-23.34,-0.67,8989807700.0,978.76,300.0,14.17,2017-03-02,14.17,978.76
20170303,000300,沪深300指数,沪深300,CSI 300 Index,CSI 300,3424.66,3428.88,3412.83,3427.86,-7.23,-0.21,8099465200.0,900.1,300.0,14.12,2017-03-03,14.12,900.1
20170306,000300,沪深300指数,沪深300,CSI 300 Index,CSI 300,3427.25,3449.03,3425.9,3446.48,18.62,0.54,8307088200.0,951.79,300.0,14.14,2017-03-06,14.14,951.79
20170307,000300,沪深300指数,沪深300,CSI 300 Index,CSI 300,3446.16,3454.04,3440.06,3453.96,7.47,0.22,8033472000.0,944.84,300.0,14.18,2017-03-07,14.18,944.84
20170308,000300,沪深300指数,沪深300,CSI 300 Index,CSI 300,3452.2,3457.04,3441.26,3448.73,-5.23,-0.15,7958769000.0,891.25,300.0,14.16,2017-03-08,14.16,891.25
20170309,000300,沪深300指数,沪深300,CSI 300 Index,CSI 300,3442.9,3443.05,3414.68,3426.94,-21.79,-0.63,8457038100.0,900.9,300.0,14.07,2017-03-09,14.07,900.9
20170310,000300,沪深300指数,沪深300,CSI 300 Index,CSI 300,3423.98,3436.24,3423.94,3427.89,0.95,0.03,7001619900.0,821.62,300.0,14.06,2017-03-10,14.06,821.62
20170313,000300,沪深300指数,沪深300,CSI 300 Index,CSI 300,3425.67,3458.1,3412.69,3458.1,30.21,0.88,9168412400.0,1084.89,300.0,14.18,2017-03-13,14.18,1084.89
20170314,000300,沪深300指数,沪深300,CSI 300 Index,CSI 300,3456.66,3465.39,3448.9,3456.69,-1.4,-0.04,7707796300.0,953.18,300.0,14.18,2017-03-14,14.18,953.18
20170315,000300,沪深300指数,沪深300,CSI 300 Index,CSI 300,3452.21,3463.92,3445.27,3463.64,6.95,0.2,7910495400.0,940.56,300.0,14.2,2017-03-15,14.2,940.56
20170316,000300,沪深300指数,沪深300,CSI 300 Index,CSI 300,3472.27,3492.13,3472.27,3481.51,17.86,0.52,10633391300.0,1246.96,300.0,14.27,2017-03-16,14.27,1246.96
20170317,000300,沪深300指数,沪深300,CSI 300 Index,CSI 300,3485.31,3488.5,3441.47,3445.81,-35.7,-1.03,10375556000.0,1223.69,300.0,14.13,2017-03-17,14.13,1223.69
20170320,000300,沪深300指数,沪深300,CSI 300 Index,CSI 300,3449.05,3454.06,3429.83,3449.61,3.81,0.11,8873432200.0,1037.69,300.0,14.18,2017-03-20,14.18,1037.69
20170321,000300,沪深300指数,沪深300,CSI 300 Index,CSI 300,3449.77,3466.7,3445.64,3466.35,16.73,0.49,8770785500.0,1135.28,300.0,14.24,2017-03-21,14.24,1135.28
20170322,000300,沪深300指数,沪深300,CSI 300 Index,CSI 300,3450.75,3464.33,3433.5,3450.05,-16.3,-0.47,10493589400.0,1238.66,300.0,14.16,2017-03-22,14.16,1238.66
20170323,000300,沪深300指数,沪深300,CSI 300 Index,CSI 300,3452.41,3470.82,3435.69,3461.98,11.93,0.35,9431806200.0,1158.14,300.0,14.19,2017-03-23,14.19,1158.14
20170324,000300,沪深300指数,沪深300,CSI 300 Index,CSI 300,3464.2,3499.32,3461.11,3489.6,27.62,0.8,12564583300.0,1417.53,300.0,14.3,2017-03-24,14.3,1417.53
20170327,000300,沪深300指数,沪深300,CSI 300 Index,CSI 300,3488.76,3505.98,3474.52,3478.04,-11.56,-0.33,10701537700.0,1243.88,300.0,14.27,2017-03-27,14.27,1243.88
20170328,000300,沪深300指数,沪深300,CSI 300 Index,CSI 300,3480.25,3482.29,3461.47,3469.81,-8.23,-0.24,8419482000.0,974.96,300.0,14.23,2017-03-28,14.23,974.96
20170329,000300,沪深300指数,沪深300,CSI 300 Index,CSI 300,3472.97,3483.06,3455.55,3465.19,-4.62,-0.13,10485170600.0,1146.63,300.0,14.22,2017-03-29,14.22,1146.63
20170330,000300,沪深300指数,沪深300,CSI 300 Index,CSI 300,3461.62,3467.3,3422.37,3436.76,-28.44,-0.82,11637692200.0,1220.88,300.0,14.14,2017-03-30,14.14,1220.88
20170331,000300,沪深300指数,沪深300,CSI 300 Index,CSI 300,3434.82,3456.31,3430.82,3456.05,19.29,0.56,9157749100.0,1009.85,300.0,14.22,2017-03-31,14.22,1009.85
20170405,000300,沪深300指数,沪深300,CSI 300 Index,CSI 300,3476.42,3504.54,3475.15,3503.89,47.85,1.38,14339901700.0,1607.43,300.0,14.41,2017-04-05,14.41,1607.43
20170406,000300,沪深300指数,沪深300,CSI 300 Index,CSI 300,3507.99,3517.78,3495.72,3514.05,10.15,0.29,13676700400.0,1452.22,300.0,14.45,2017-04-06,14.45,1452.22
20170407,000300,沪深300指数,沪深300,CSI 300 Index,CSI 300,3514.45,3526.82,3506.39,3517.46,3.42,0.1,14029320400.0,1445.6,300.0,14.48,2017-04-07,14.48,1445.6
20170410,000300,沪深300指数,沪深300,CSI 300 Index,CSI 300,3519.46,3522.8,3502.08,3505.14,-12.32,-0.35,14188738000.0,1557.48,300.0,14.44,2017-04-10,14.44,1557.48
20170411,000300,沪深300指数,沪深300,CSI 300 Index,CSI 300,3503.83,3520.13,3466.14,3517.33,12.19,0.35,16594583200.0,1894.57,300.0,14.49,2017-04-11,14.49,1894.57
20170412,000300,沪深300指数,沪深300,CSI 300 Index,CSI 300,3514.57,3523.1,3498.0,3509.44,-7.89,-0.22,18182453700.0,2021.55,300.0,14.44,2017-04-12,14.44,2021.55
20170413,000300,沪深300指数,沪深300,CSI 300 Index,CSI 300,3500.28,3518.44,3496.57,3514.57,5.13,0.15,12998181300.0,1333.46,300.0,14.45,2017-04-13,14.45,1333.46
20170414,000300,沪深300指数,沪深300,CSI 300 Index,CSI 300,3516.81,3517.47,3476.95,3486.5,-28.06,-0.8,13547407800.0,1304.25,300.0,14.34,2017-04-14,14.34,1304.25
20170417,000300,沪深300指数,沪深300,CSI 300 Index,CSI 300,3475.74,3480.57,3453.68,3479.94,-6.56,-0.19,11716496100.0,1238.84,300.0,14.31,2017-04-17,14.31,1238.84
20170418,000300,沪深300指数,沪深300,CSI 300 Index,CSI 300,3474.89,3489.08,3462.63,3462.74,-17.2,-0.49,11092782300.0,1267.91,300.0,14.23,2017-04-18,14.23,1267.91
20170419,000300,沪深300指数,沪深300,CSI 300 Index,CSI 300,3452.99,3459.35,3418.51,3445.88,-16.87,-0.49,12134926400.0,1270.5,300.0,14.13,2017-04-19,14.13,1270.5
20170420,000300,沪深300指数,沪深300,CSI 300 Index,CSI 300,3444.52,3465.61,3440.72,3461.55,15.67,0.45,11418420800.0,1339.77,300.0,14.18,2017-04-20,14.18,1339.77
20170421,000300,沪深300指数,沪深300,CSI 300 Index,CSI 300,3461.39,3475.56,3449.54,3466.79,5.24,0.15,10441911000.0,1152.09,300.0,14.22,2017-04-21,14.22,1152.09
20170424,000300,沪深300指数,沪深300,CSI 300 Index,CSI 300,3458.23,3458.23,3403.98,3431.26,-35.53,-1.02,11466079100.0,1227.78,300.0,14.12,2017-04-24,14.12,1227.78
20170425,000300,沪深300指数,沪深300,CSI 300 Index,CSI 300,3427.73,3449.67,3422.65,3440.97,9.72,0.28,9407214800.0,1075.99,300.0,14.12,2017-04-25,14.12,1075.99
20170426,000300,沪深300指数,沪深300,CSI 300 Index,CSI 300,3440.25,3466.57,3439.15,3445.18,4.21,0.12,11194002900.0,1313.17,300.0,14.14,2017-04-26,14.14,1313.17
20170427,000300,沪深300指数,沪深300,CSI 300 Index,CSI 300,3435.1,3449.27,3399.54,3446.72,1.54,0.04,12329842500.0,1346.11,300.0,14.17,2017-04-27,14.17,1346.11
20170428,000300,沪深300指数,沪深300,CSI 300 Index,CSI 300,3439.57,3439.9,3417.24,3439.75,-6.97,-0.2,10163235100.0,1137.61,300.0,14.13,2017-04-28,14.13,1137.61
20170502,000300,沪深300指数,沪深300,CSI 300 Index,CSI 300,3427.92,3436.31,3418.67,3426.58,-13.18,-0.38,9279746200.0,1016.36,300.0,13.64,2017-05-02,13.64,1016.36
20170503,000300,沪深300指数,沪深300,CSI 300 Index,CSI 300,3421.76,3432.22,3403.08,3413.13,-13.45,-0.39,9166962400.0,978.54,300.0,13.58,2017-05-03,13.58,978.54
20170504,000300,沪深300指数,沪深300,CSI 300 Index,CSI 300,3404.94,3421.4,3391.28,3404.39,-8.74,-0.26,10348207500.0,1069.86,300.0,13.56,2017-05-04,13.56,1069.86
20170505,000300,沪深300指数,沪深300,CSI 300 Index,CSI 300,3393.48,3395.45,3366.56,3382.55,-21.84,-0.64,10989533300.0,1174.65,300.0,13.5,2017-05-05,13.5,1174.65
20170508,000300,沪深300指数,沪深300,CSI 300 Index,CSI 300,3369.11,3374.16,3339.57,3358.81,-23.74,-0.7,12374928700.0,1268.85,300.0,13.44,2017-05-08,13.44,1268.85
20170509,000300,沪深300指数,沪深300,CSI 300 Index,CSI 300,3342.6,3358.05,3327.59,3352.53,-6.28,-0.19,7677166800.0,855.29,300.0,13.41,2017-05-09,13.41,855.29
20170510,000300,沪深300指数,沪深300,CSI 300 Index,CSI 300,3350.65,3369.43,3336.0,3337.7,-14.83,-0.44,9208262800.0,1021.95,300.0,13.36,2017-05-10,13.36,1021.95
20170511,000300,沪深300指数,沪深300,CSI 300 Index,CSI 300,3322.95,3359.6,3312.89,3356.65,18.95,0.57,10925289000.0,1115.76,300.0,13.44,2017-05-11,13.44,1115.76
20170512,000300,沪深300指数,沪深300,CSI 300 Index,CSI 300,3350.94,3387.27,3349.17,3385.38,28.73,0.86,9338646600.0,975.22,300.0,13.56,2017-05-12,13.56,975.22
20170515,000300,沪深300指数,沪深300,CSI 300 Index,CSI 300,3391.59,3406.58,3391.59,3399.19,13.82,0.41,8297761100.0,921.83,300.0,13.61,2017-05-15,13.61,921.83
20170516,000300,沪深300指数,沪深300,CSI 300 Index,CSI 300,3390.93,3428.85,3373.55,3428.65,29.46,0.87,10524241600.0,1128.14,300.0,13.64,2017-05-16,13.64,1128.14
20170517,000300,沪深300指数,沪深300,CSI 300 Index,CSI 300,3423.19,3433.97,3408.15,3409.97,-18.68,-0.54,9973683700.0,1105.53,300.0,13.56,2017-05-17,13.56,1105.53
20170518,000300,沪深300指数,沪深300,CSI 300 Index,CSI 300,3387.67,3409.93,3383.94,3398.11,-11.85,-0.35,8575958900.0,880.91,300.0,13.52,2017-05-18,13.52,880.91
20170519,000300,沪深300指数,沪深300,CSI 300 Index,CSI 300,3395.23,3405.94,3392.38,3403.85,5.74,0.17,7147352500.0,783.97,300.0,13.53,2017-05-19,13.53,783.97
20170522,000300,沪深300指数,沪深300,CSI 300 Index,CSI 300,3400.59,3424.18,3391.17,3411.24,7.39,0.22,9253955900.0,990.21,300.0,13.57,2017-05-22,13.57,990.21
20170523,000300,沪深300指数,沪深300,CSI 300 Index,CSI 300,3405.03,3434.77,3401.53,3424.19,12.96,0.38,11691103300.0,1267.68,300.0,13.66,2017-05-23,13.66,1267.68
20170524,000300,沪深300指数,沪深300,CSI 300 Index,CSI 300,3409.72,3424.17,3383.89,3424.17,-0.03,0.0,8355316100.0,926.2,300.0,13.63,2017-05-24,13.63,926.2
20170525,000300,沪深300指数,沪深300,CSI 300 Index,CSI 300,3414.4,3490.42,3413.22,3485.66,61.49,1.8,13072163100.0,1366.34,300.0,13.72,2017-05-25,13.72,1366.34
20170526,000300,沪深300指数,沪深300,CSI 300 Index,CSI 300,3479.62,3498.31,3473.04,3480.43,-5.22,-0.15,10324115300.0,1125.86,300.0,13.72,2017-05-26,13.72,1125.86
20170531,000300,沪深300指数,沪深300,CSI 300 Index,CSI 300,3495.07,3515.08,3474.92,3492.88,12.45,0.36,10482974400.0,1159.69,300.0,13.77,2017-05-31,13.77,1159.69
20170601,000300,沪深300指数,沪深300,CSI 300 Index,CSI 300,3485.22,3499.81,3476.43,3497.74,4.85,0.14,10312772400.0,1160.89,300.0,13.82,2017-06-01,13.82,1160.89
20170602,000300,沪深300指数,沪深300,CSI 300 Index,CSI 300,3491.59,3498.12,3470.2,3486.51,-11.23,-0.32,8266801000.0,928.51,300.0,13.77,2017-06-02,13.77,928.51
20170605,000300,沪深300指数,沪深300,CSI 300 Index,CSI 300,3480.17,3484.12,3462.31,3468.75,-17.75,-0.51,7973815200.0,856.09,300.0,13.65,2017-06-05,13.65,856.09
20170606,000300,沪深300指数,沪深300,CSI 300 Index,CSI 300,3464.38,3492.88,3460.45,3492.88,24.13,0.7,6408938800.0,778.69,300.0,13.72,2017-06-06,13.72,778.69
20170607,000300,沪深300指数,沪深300,CSI 300 Index,CSI 300,3493.88,3537.09,3491.13,3533.87,40.99,1.17,10441996800.0,1241.89,300.0,13.86,2017-06-07,13.86,1241.89
20170608,000300,沪深300指数,沪深300,CSI 300 Index,CSI 300,3531.24,3562.27,3528.18,3560.98,27.11,0.77,9022490500.0,1120.36,300.0,13.92,2017-06-08,13.92,1120.36
20170609,000300,沪深300指数,沪深300,CSI 300 Index,CSI 300,3561.24,3590.89,3560.63,3576.17,15.19,0.43,10118826500.0,1217.01,300.0,13.97,2017-06-09,13.97,1217.01
20170612,000300,沪深300指数,沪深300,CSI 300 Index,CSI 300,3570.22,3603.69,3565.9,3574.39,-1.78,-0.05,9038116700.0,1176.91,300.0,14.12,2017-06-12,14.12,1176.91
20170613,000300,沪深300指数,沪深300,CSI 300 Index,CSI 300,3569.16,3584.41,3559.21,3582.27,7.88,0.22,7517713800.0,942.23,300.0,14.14,2017-06-13,14.14,942.23
20170614,000300,沪深300指数,沪深300,CSI 300 Index,CSI 300,3571.25,3571.25,3530.27,3535.3,-46.97,-1.31,8381078300.0,1061.05,300.0,13.98,2017-06-14,13.98,1061.05
20170615,000300,沪深300指数,沪深300,CSI 300 Index,CSI 300,3530.75,3542.28,3508.95,3528.79,-6.51,-0.18,8263253500.0,1060.54,300.0,13.94,2017-06-15,13.94,1060.54
20170616,000300,沪深300指数,沪深300,CSI 300 Index,CSI 300,3522.97,3536.14,3514.39,3518.76,-10.03,-0.28,7645270700.0,914.62,300.0,13.88,2017-06-16,13.88,914.62
20170619,000300,沪深300指数,沪深300,CSI 300 Index,CSI 300,3520.06,3554.91,3520.06,3553.67,34.9,0.99,7979714100.0,985.72,300.0,13.96,2017-06-19,13.96,985.72
20170620,000300,沪深300指数,沪深300,CSI 300 Index,CSI 300,3560.79,3563.7,3539.51,3546.49,-7.17,-0.2,8050955900.0,981.88,300.0,13.94,2017-06-20,13.94,981.88
20170621,000300,沪深300指数,沪深300,CSI 300 Index,CSI 300,3567.13,3587.99,3545.57,3587.96,41.46,1.17,8785982400.0,1171.48,300.0,14.07,2017-06-21,14.07,1171.48
20170622,000300,沪深300指数,沪深300,CSI 300 Index,CSI 300,3583.56,3635.53,3581.34,3590.34,2.39,0.07,13552698700.0,1694.19,300.0,14.1,2017-06-22,14.1,1694.19
20170623,000300,沪深300指数,沪深300,CSI 300 Index,CSI 300,3583.44,3623.24,3569.32,3622.88,32.54,0.91,10512913400.0,1339.75,300.0,14.19,2017-06-23,14.19,1339.75
20170626,000300,沪深300指数,沪深300,CSI 300 Index,CSI 300,3627.02,3671.94,3627.02,3668.09,45.21,1.25,13463799500.0,1707.37,300.0,14.32,2017-06-26,14.32,1707.37
20170627,000300,沪深300指数,沪深300,CSI 300 Index,CSI 300,3665.58,3676.53,3648.76,3674.72,6.62,0.18,9755870200.0,1230.57,300.0,14.34,2017-06-27,14.34,1230.57
20170628,000300,沪深300指数,沪深300,CSI 300 Index,CSI 300,3664.16,3672.19,3644.03,3646.17,-28.55,-0.78,9792085800.0,1244.66,300.0,14.25,2017-06-28,14.25,1244.66
20170629,000300,沪深300指数,沪深300,CSI 300 Index,CSI 300,3649.25,3669.13,3644.73,3668.83,22.66,0.62,8558949800.0,1118.47,300.0,14.29,2017-06-29,14.29,1118.47
20170630,000300,沪深300指数,沪深300,CSI 300 Index,CSI 300,3654.73,3669.76,3646.23,3666.8,-2.03,-0.06,8151002800.0,1024.6,300.0,14.31,2017-06-30,14.31,1024.6
20170703,000300,沪深300指数,沪深300,CSI 300 Index,CSI 300,3667.23,3667.6,3633.78,3650.85,-15.95,-0.44,8882086000.0,1152.15,300.0,14.27,2017-07-03,14.27,1152.15
20170704,000300,沪深300指数,沪深300,CSI 300 Index,CSI 300,3646.83,3646.85,3611.69,3619.98,-30.86,-0.85,9507141300.0,1253.5,300.0,14.19,2017-07-04,14.19,1253.5
20170705,000300,沪深300指数,沪深300,CSI 300 Index,CSI 300,3611.9,3660.73,3610.46,3659.68,39.7,1.1,8823242500.0,1203.52,300.0,14.3,2017-07-05,14.3,1203.52
20170706,000300,沪深300指数,沪深300,CSI 300 Index,CSI 300,3654.56,3666.77,3629.56,3660.1,0.42,0.01,10237924500.0,1328.37,300.0,14.29,2017-07-06,14.29,1328.37
20170707,000300,沪深300指数,沪深300,CSI 300 Index,CSI 300,3647.64,3657.11,3631.87,3655.93,-4.17,-0.11,10373549700.0,1234.65,300.0,14.28,2017-07-07,14.28,1234.65
20170710,000300,沪深300指数,沪深300,CSI 300 Index,CSI 300,3647.94,3667.85,3641.53,3653.69,-2.24,-0.06,12059191000.0,1410.35,300.0,14.26,2017-07-10,14.26,1410.35
20170711,000300,沪深300指数,沪深300,CSI 300 Index,CSI 300,3646.88,3701.21,3645.99,3670.81,17.12,0.47,11876082600.0,1450.84,300.0,14.28,2017-07-11,14.28,1450.84
20170712,000300,沪深300指数,沪深300,CSI 300 Index,CSI 300,3672.63,3691.58,3640.59,3658.82,-11.99,-0.33,12228779200.0,1434.95,300.0,14.22,2017-07-12,14.22,1434.95
20170713,000300,沪深300指数,沪深300,CSI 300 Index,CSI 300,3656.35,3690.48,3652.57,3686.92,28.1,0.77,12566954900.0,1463.89,300.0,14.32,2017-07-13,14.32,1463.89
20170714,000300,沪深300指数,沪深300,CSI 300 Index,CSI 300,3682.62,3703.09,3672.74,3703.09,16.17,0.44,10551400500.0,1210.21,300.0,14.36,2017-07-14,14.36,1210.21
20170717,000300,沪深300指数,沪深300,CSI 300 Index,CSI 300,3700.62,3716.47,3621.37,3663.56,-39.54,-1.07,17882160000.0,1962.17,300.0,14.3,2017-07-17,14.3,1962.17
20170718,000300,沪深300指数,沪深300,CSI 300 Index,CSI 300,3648.49,3667.54,3622.04,3667.18,3.62,0.1,12462205600.0,1414.72,300.0,14.26,2017-07-18,14.26,1414.72
20170719,000300,沪深300指数,沪深300,CSI 300 Index,CSI 300,3660.87,3731.05,3658.2,3729.75,62.57,1.71,18247778700.0,1983.92,300.0,14.45,2017-07-19,14.45,1983.92
20170720,000300,沪深300指数,沪深300,CSI 300 Index,CSI 300,3725.14,3750.19,3723.07,3747.88,18.14,0.49,14241003900.0,1692.67,300.0,14.47,2017-07-20,14.47,1692.67
20170721,000300,沪深300指数,沪深300,CSI 300 Index,CSI 300,3738.18,3751.69,3722.07,3728.6,-19.29,-0.51,11794122600.0,1414.33,300.0,14.4,2017-07-21,14.4,1414.33
20170724,000300,沪深300指数,沪深300,CSI 300 Index,CSI 300,3724.38,3755.19,3719.85,3743.47,14.87,0.4,13486872200.0,1547.02,300.0,14.43,2017-07-24,14.43,1547.02
20170725,000300,沪深300指数,沪深300,CSI 300 Index,CSI 300,3742.64,3752.16,3713.28,3719.56,-23.91,-0.64,12167205900.0,1335.32,300.0,14.39,2017-07-25,14.39,1335.32
20170726,000300,沪深300指数,沪深300,CSI 300 Index,CSI 300,3722.88,3738.53,3684.18,3705.39,-14.17,-0.38,13632521000.0,1465.18,300.0,14.38,2017-07-26,14.38,1465.18
20170727,000300,沪深300指数,沪深300,CSI 300 Index,CSI 300,3700.86,3716.69,3672.5,3712.19,6.81,0.18,14500290400.0,1616.31,300.0,14.4,2017-07-27,14.4,1616.31
20170728,000300,沪深300指数,沪深300,CSI 300 Index,CSI 300,3703.49,3725.54,3696.78,3721.89,9.7,0.26,11141139200.0,1258.18,300.0,14.43,2017-07-28,14.43,1258.18
20170731,000300,沪深300指数,沪深300,CSI 300 Index,CSI 300,3722.43,3746.52,3713.66,3737.87,15.98,0.43,14842903900.0,1608.9,300.0,14.47,2017-07-31,14.47,1608.9
20170801,000300,沪深300指数,沪深300,CSI 300 Index,CSI 300,3738.74,3770.4,3737.1,3770.38,32.51,0.87,15254653900.0,1731.28,300.0,14.59,2017-08-01,14.59,1731.28
20170802,000300,沪深300指数,沪深300,CSI 300 Index,CSI 300,3768.19,3784.35,3759.28,3760.85,-9.53,-0.25,17229338300.0,1893.37,300.0,14.57,2017-08-02,14.57,1893.37
20170803,000300,沪深300指数,沪深300,CSI 300 Index,CSI 300,3755.11,3766.35,3718.44,3727.83,-33.03,-0.88,14615394400.0,1647.1,300.0,14.46,2017-08-03,14.46,1647.1
20170804,000300,沪深300指数,沪深300,CSI 300 Index,CSI 300,3724.72,3738.73,3707.0,3707.58,-20.25,-0.54,15747006000.0,1682.93,300.0,14.4,2017-08-04,14.4,1682.93
20170807,000300,沪深300指数,沪深300,CSI 300 Index,CSI 300,3701.22,3730.78,3689.96,3726.79,19.22,0.52,12423153000.0,1343.49,300.0,14.45,2017-08-07,14.45,1343.49
20170808,000300,沪深300指数,沪深300,CSI 300 Index,CSI 300,3724.33,3737.33,3718.81,3732.21,5.42,0.15,13724192800.0,1464.82,300.0,14.47,2017-08-08,14.47,1464.82
20170809,000300,沪深300指数,沪深300,CSI 300 Index,CSI 300,3728.03,3739.0,3713.57,3731.04,-1.17,-0.03,12467998900.0,1372.24,300.0,14.42,2017-08-09,14.42,1372.24
20170810,000300,沪深300指数,沪深300,CSI 300 Index,CSI 300,3724.96,3746.86,3688.18,3715.92,-15.12,-0.41,13008512800.0,1480.05,300.0,14.39,2017-08-10,14.39,1480.05
20170811,000300,沪深300指数,沪深300,CSI 300 Index,CSI 300,3687.93,3700.49,3645.09,3647.35,-68.57,-1.85,15038742100.0,1610.83,300.0,14.17,2017-08-11,14.17,1610.83
20170814,000300,沪深300指数,沪深300,CSI 300 Index,CSI 300,3651.38,3698.37,3651.38,3694.68,47.33,1.3,11530845100.0,1402.34,300.0,14.29,2017-08-14,14.29,1402.34
20170815,000300,沪深300指数,沪深300,CSI 300 Index,CSI 300,3695.78,3719.29,3692.28,3706.06,11.37,0.31,10644485700.0,1247.91,300.0,14.36,2017-08-15,14.36,1247.91
20170816,000300,沪深300指数,沪深300,CSI 300 Index,CSI 300,3701.13,3707.14,3679.73,3701.42,-4.64,-0.13,10413414100.0,1272.82,300.0,14.33,2017-08-16,14.33,1272.82
20170817,000300,沪深300指数,沪深300,CSI 300 Index,CSI 300,3707.07,3722.62,3704.41,3721.28,19.86,0.54,10865625100.0,1370.2,300.0,14.41,2017-08-17,14.41,1370.2
20170818,000300,沪深300指数,沪深300,CSI 300 Index,CSI 300,3707.19,3733.49,3700.41,3724.67,3.4,0.09,9656170500.0,1230.78,300.0,14.41,2017-08-18,14.41,1230.78
20170821,000300,沪深300指数,沪深300,CSI 300 Index,CSI 300,3731.84,3744.26,3728.62,3740.99,16.32,0.44,10031307300.0,1239.12,300.0,14.47,2017-08-21,14.47,1239.12
20170822,000300,沪深300指数,沪深300,CSI 300 Index,CSI 300,3745.75,3758.29,3734.56,3752.3,11.3,0.3,10029285600.0,1311.31,300.0,14.5,2017-08-22,14.5,1311.31
20170823,000300,沪深300指数,沪深300,CSI 300 Index,CSI 300,3747.61,3772.46,3741.72,3756.09,3.79,0.1,10496157300.0,1240.81,300.0,14.54,2017-08-23,14.54,1240.81
20170824,000300,沪深300指数,沪深300,CSI 300 Index,CSI 300,3755.89,3765.71,3729.09,3734.65,-21.44,-0.57,8994737200.0,1077.36,300.0,14.47,2017-08-24,14.47,1077.36
20170825,000300,沪深300指数,沪深300,CSI 300 Index,CSI 300,3736.29,3795.97,3736.29,3795.75,61.11,1.64,12994090000.0,1506.97,300.0,14.73,2017-08-25,14.73,1506.97
20170828,000300,沪深300指数,沪深300,CSI 300 Index,CSI 300,3805.66,3866.94,3805.66,3842.71,46.96,1.24,18557632500.0,2364.46,300.0,14.88,2017-08-28,14.88,2364.46
20170829,000300,沪深300指数,沪深300,CSI 300 Index,CSI 300,3839.18,3847.93,3825.76,3834.54,-8.17,-0.21,12822707000.0,1589.79,300.0,14.86,2017-08-29,14.86,1589.79
20170830,000300,沪深300指数,沪深300,CSI 300 Index,CSI 300,3834.27,3854.71,3827.86,3834.3,-0.24,-0.01,14135285700.0,1662.35,300.0,14.84,2017-08-30,14.84,1662.35
20170831,000300,沪深300指数,沪深300,CSI 300 Index,CSI 300,3835.84,3840.2,3800.89,3822.09,-12.21,-0.32,13294493500.0,1570.79,300.0,14.78,2017-08-31,14.78,1570.79
20170901,000300,沪深300指数,沪深300,CSI 300 Index,CSI 300,3825.34,3843.62,3818.16,3830.54,8.45,0.22,15864551100.0,1827.7,300.0,14.97,2017-09-01,14.97,1827.7
20170904,000300,沪深300指数,沪深300,CSI 300 Index,CSI 300,3828.54,3847.09,3813.55,3845.62,15.08,0.39,14956632000.0,1755.51,300.0,15.05,2017-09-04,15.05,1755.51
20170905,000300,沪深300指数,沪深300,CSI 300 Index,CSI 300,3845.55,3865.29,3841.95,3857.05,11.43,0.3,12496415500.0,1457.8,300.0,15.09,2017-09-05,15.09,1457.8
20170906,000300,沪深300指数,沪深300,CSI 300 Index,CSI 300,3846.75,3858.25,3831.38,3849.45,-7.6,-0.2,13139872300.0,1558.83,300.0,15.07,2017-09-06,15.07,1558.83
20170907,000300,沪深300指数,沪深300,CSI 300 Index,CSI 300,3851.69,3858.16,3828.84,3829.87,-19.58,-0.51,12388418100.0,1561.13,300.0,14.99,2017-09-07,14.99,1561.13
20170908,000300,沪深300指数,沪深300,CSI 300 Index,CSI 300,3830.07,3843.02,3813.98,3825.99,-3.88,-0.1,10603650400.0,1349.59,300.0,14.97,2017-09-08,14.97,1349.59
20170911,000300,沪深300指数,沪深300,CSI 300 Index,CSI 300,3828.34,3850.74,3817.51,3825.65,-0.34,-0.01,12388399700.0,1547.94,300.0,14.98,2017-09-11,14.98,1547.94
20170912,000300,沪深300指数,沪深300,CSI 300 Index,CSI 300,3832.24,3849.39,3822.0,3837.93,12.29,0.32,14419024200.0,1876.05,300.0,15.01,2017-09-12,15.01,1876.05
20170913,000300,沪深300指数,沪深300,CSI 300 Index,CSI 300,3835.55,3847.78,3822.94,3842.61,4.67,0.12,9541078500.0,1262.54,300.0,15.02,2017-09-13,15.02,1262.54
20170914,000300,沪深300指数,沪深300,CSI 300 Index,CSI 300,3843.57,3854.49,3820.09,3829.96,-12.65,-0.33,11535858300.0,1431.12,300.0,14.97,2017-09-14,14.97,1431.12
20170915,000300,沪深300指数,沪深300,CSI 300 Index,CSI 300,3826.14,3843.3,3818.52,3831.3,1.34,0.04,12242700600.0,1534.77,300.0,14.93,2017-09-15,14.93,1534.77
20170918,000300,沪深300指数,沪深300,CSI 300 Index,CSI 300,3832.96,3862.36,3832.96,3843.14,11.85,0.31,11793440500.0,1528.41,300.0,14.97,2017-09-18,14.97,1528.41
20170919,000300,沪深300指数,沪深300,CSI 300 Index,CSI 300,3849.88,3857.3,3820.29,3832.12,-11.03,-0.29,11243298700.0,1455.28,300.0,14.95,2017-09-19,14.95,1455.28
20170920,000300,沪深300指数,沪深300,CSI 300 Index,CSI 300,3830.15,3850.94,3827.89,3842.44,10.32,0.27,10112954200.0,1350.42,300.0,14.98,2017-09-20,14.98,1350.42
20170921,000300,沪深300指数,沪深300,CSI 300 Index,CSI 300,3843.26,3860.8,3837.38,3837.82,-4.62,-0.12,11109819200.0,1441.33,300.0,14.99,2017-09-21,14.99,1441.33
20170922,000300,沪深300指数,沪深300,CSI 300 Index,CSI 300,3826.46,3842.25,3816.82,3837.73,-0.09,0.0,10061980200.0,1283.61,300.0,14.99,2017-09-22,14.99,1283.61
20170925,000300,沪深300指数,沪深300,CSI 300 Index,CSI 300,3829.22,3835.39,3811.12,3817.79,-19.94,-0.52,10394897600.0,1359.8,300.0,14.96,2017-09-25,14.96,1359.8
20170926,000300,沪深300指数,沪深300,CSI 300 Index,CSI 300,3810.33,3821.69,3808.38,3820.78,2.99,0.08,8186940700.0,1010.36,300.0,14.96,2017-09-26,14.96,1010.36
20170927,000300,沪深300指数,沪深300,CSI 300 Index,CSI 300,3818.96,3832.57,3818.81,3821.2,0.42,0.01,8565581100.0,1092.99,300.0,14.95,2017-09-27,14.95,1092.99
20170928,000300,沪深300指数,沪深300,CSI 300 Index,CSI 300,3821.59,3827.33,3813.75,3822.54,1.34,0.04,9354406900.0,1156.46,300.0,14.95,2017-09-28,14.95,1156.46
20170929,000300,沪深300指数,沪深300,CSI 300 Index,CSI 300,3825.2,3852.22,3825.2,3836.5,13.96,0.37,9330602800.0,1160.57,300.0,14.98,2017-09-29,14.98,1160.57
20171009,000300,沪深300指数,沪深300,CSI 300 Index,CSI 300,3910.11,3918.84,3876.03,3882.21,45.71,1.19,13553585100.0,1719.41,300.0,15.12,2017-10-09,15.12,1719.41
20171010,000300,沪深300指数,沪深300,CSI 300 Index,CSI 300,3883.0,3900.74,3855.47,3889.86,7.66,0.2,11253258600.0,1579.8,300.0,15.15,2017-10-10,15.15,1579.8
20171011,000300,沪深300指数,沪深300,CSI 300 Index,CSI 300,3886.82,3913.07,3885.5,3902.69,12.82,0.33,10441815100.0,1441.53,300.0,15.21,2017-10-11,15.21,1441.53
20171012,000300,沪深300指数,沪深300,CSI 300 Index,CSI 300,3902.02,3917.44,3897.55,3912.95,10.27,0.26,9434092100.0,1231.47,300.0,15.22,2017-10-12,15.22,1231.47
20171013,000300,沪深300指数,沪深300,CSI 300 Index,CSI 300,3912.98,3927.17,3908.89,3921.0,8.05,0.21,9014206800.0,1143.15,300.0,15.23,2017-10-13,15.23,1143.15
20171016,000300,沪深300指数,沪深300,CSI 300 Index,CSI 300,3926.28,3947.42,3913.32,3913.45,-7.56,-0.19,12135503300.0,1508.24,300.0,15.23,2017-10-16,15.23,1508.24
20171017,000300,沪深300指数,沪深300,CSI 300 Index,CSI 300,3910.79,3924.61,3900.48,3913.07,-0.38,-0.01,8224122700.0,1067.08,300.0,15.21,2017-10-17,15.21,1067.08
20171018,000300,沪深300指数,沪深300,CSI 300 Index,CSI 300,3914.82,3944.41,3914.82,3944.16,31.09,0.79,10096984100.0,1264.2,300.0,15.34,2017-10-18,15.34,1264.2
20171019,000300,沪深300指数,沪深300,CSI 300 Index,CSI 300,3940.58,3944.03,3923.65,3931.25,-12.91,-0.33,10652725200.0,1331.9,300.0,15.33,2017-10-19,15.33,1331.9
20171020,000300,沪深300指数,沪深300,CSI 300 Index,CSI 300,3918.53,3928.96,3910.2,3926.85,-4.4,-0.11,7298018000.0,945.3,300.0,15.3,2017-10-20,15.3,945.3
20171023,000300,沪深300指数,沪深300,CSI 300 Index,CSI 300,3930.89,3936.27,3920.66,3930.8,3.95,0.1,8148498000.0,1002.81,300.0,15.3,2017-10-23,15.3,1002.81
20171024,000300,沪深300指数,沪深300,CSI 300 Index,CSI 300,3926.23,3959.5,3922.03,3959.4,28.6,0.73,9305815400.0,1201.92,300.0,15.4,2017-10-24,15.4,1201.92
20171025,000300,沪深300指数,沪深300,CSI 300 Index,CSI 300,3958.17,3978.09,3954.0,3976.95,17.55,0.44,8820545800.0,1068.2,300.0,15.43,2017-10-25,15.43,1068.2
20171026,000300,沪深300指数,沪深300,CSI 300 Index,CSI 300,3980.05,4013.6,3973.55,3993.58,16.63,0.42,12989546500.0,1704.89,300.0,15.46,2017-10-26,15.46,1704.89
20171027,000300,沪深300指数,沪深300,CSI 300 Index,CSI 300,3992.55,4024.46,3991.35,4021.97,28.39,0.71,12667284600.0,1529.75,300.0,15.55,2017-10-27,15.55,1529.75
20171030,000300,沪深300指数,沪深300,CSI 300 Index,CSI 300,4022.16,4033.34,3960.27,4009.72,-12.25,-0.3,15738760300.0,1934.9,300.0,15.53,2017-10-30,15.53,1934.9
20171031,000300,沪深300指数,沪深300,CSI 300 Index,CSI 300,3995.39,4009.28,3983.26,4006.72,-3.0,-0.07,10917877900.0,1428.97,300.0,15.51,2017-10-31,15.51,1428.97
20171101,000300,沪深300指数,沪深300,CSI 300 Index,CSI 300,4007.91,4032.46,3991.32,3996.62,-10.1,-0.25,13041738000.0,1664.77,300.0,14.99,2017-11-01,14.99,1664.77
20171102,000300,沪深300指数,沪深300,CSI 300 Index,CSI 300,3994.09,3999.23,3971.38,3997.13,0.51,0.01,12610057900.0,1519.81,300.0,14.99,2017-11-02,14.99,1519.81
20171103,000300,沪深300指数,沪深300,CSI 300 Index,CSI 300,3992.35,3999.34,3963.03,3992.7,-4.44,-0.11,12940443900.0,1581.42,300.0,14.99,2017-11-03,14.99,1581.42
20171106,000300,沪深300指数,沪深300,CSI 300 Index,CSI 300,3989.18,4021.64,3975.41,4020.89,28.19,0.71,12208115900.0,1589.12,300.0,15.06,2017-11-06,15.06,1589.12
20171107,000300,沪深300指数,沪深300,CSI 300 Index,CSI 300,4022.4,4064.22,4021.36,4054.25,33.36,0.83,15211666300.0,1939.91,300.0,15.18,2017-11-07,15.18,1939.91
20171108,000300,沪深300指数,沪深300,CSI 300 Index,CSI 300,4051.49,4089.15,4040.58,4048.01,-6.24,-0.15,15082771900.0,2009.5,300.0,15.16,2017-11-08,15.16,2009.5
20171109,000300,沪深300指数,沪深300,CSI 300 Index,CSI 300,4043.07,4076.61,4038.4,4075.9,27.89,0.69,12105633500.0,1592.47,300.0,15.22,2017-11-09,15.22,1592.47
20171110,000300,沪深300指数,沪深300,CSI 300 Index,CSI 300,4070.28,4116.71,4067.66,4111.91,36.01,0.88,14181716500.0,1988.7,300.0,15.27,2017-11-10,15.27,1988.7
20171113,000300,沪深300指数,沪深300,CSI 300 Index,CSI 300,4115.55,4137.65,4115.55,4128.07,16.16,0.39,15144630900.0,2059.31,300.0,15.34,2017-11-13,15.34,2059.31
20171114,000300,沪深300指数,沪深300,CSI 300 Index,CSI 300,4129.27,4133.55,4086.89,4099.35,-28.72,-0.7,14323693600.0,1996.05,300.0,15.24,2017-11-14,15.24,1996.05
20171115,000300,沪深300指数,沪深300,CSI 300 Index,CSI 300,4084.21,4102.81,4055.72,4073.67,-25.68,-0.63,12063569600.0,1777.53,300.0,15.13,2017-11-15,15.13,1777.53
20171116,000300,沪深300指数,沪深300,CSI 300 Index,CSI 300,4063.49,4107.62,4062.27,4105.01,31.34,0.77,12138441400.0,1729.04,300.0,15.17,2017-11-16,15.17,1729.04
20171117,000300,沪深300指数,沪深300,CSI 300 Index,CSI 300,4094.08,4122.38,4081.37,4120.85,15.84,0.39,19178411900.0,2530.79,300.0,15.25,2017-11-17,15.25,2530.79
20171120,000300,沪深300指数,沪深300,CSI 300 Index,CSI 300,4093.73,4144.51,4060.96,4143.83,22.98,0.56,13744725800.0,1915.9,300.0,15.33,2017-11-20,15.33,1915.9
20171121,000300,沪深300指数,沪深300,CSI 300 Index,CSI 300,4131.85,4220.26,4129.98,4217.7,73.87,1.78,18035082100.0,2533.02,300.0,15.52,2017-11-21,15.52,2533.02
20171122,000300,沪深300指数,沪深300,CSI 300 Index,CSI 300,4228.37,4260.64,4191.15,4227.57,9.87,0.23,18647700300.0,2542.98,300.0,15.62,2017-11-22,15.62,2542.98
20171123,000300,沪深300指数,沪深300,CSI 300 Index,CSI 300,4213.38,4214.19,4086.9,4102.4,-125.17,-2.96,17814722800.0,2375.37,300.0,15.21,2017-11-23,15.21,2375.37
20171124,000300,沪深300指数,沪深300,CSI 300 Index,CSI 300,4089.47,4116.59,4057.49,4104.2,1.81,0.04,13085804000.0,1829.12,300.0,15.21,2017-11-24,15.21,1829.12
20171127,000300,沪深300指数,沪深300,CSI 300 Index,CSI 300,4088.93,4088.93,4037.15,4049.95,-54.26,-1.32,14345526800.0,1830.05,300.0,15.03,2017-11-27,15.03,1830.05
20171128,000300,沪深300指数,沪深300,CSI 300 Index,CSI 300,4034.21,4056.48,4010.3,4055.82,5.88,0.15,10205809500.0,1355.4,300.0,15.03,2017-11-28,15.03,1355.4
20171129,000300,沪深300指数,沪深300,CSI 300 Index,CSI 300,4061.35,4069.24,4004.69,4053.75,-2.07,-0.05,12455364200.0,1657.43,300.0,15.03,2017-11-29,15.03,1657.43
20171130,000300,沪深300指数,沪深300,CSI 300 Index,CSI 300,4034.01,4052.8,3988.0,4006.1,-47.65,-1.18,10798334500.0,1458.3,300.0,14.9,2017-11-30,14.9,1458.3
20171201,000300,沪深300指数,沪深300,CSI 300 Index,CSI 300,4003.56,4027.11,3984.38,3998.14,-7.96,-0.2,9738691300.0,1360.11,300.0,14.88,2017-12-01,14.88,1360.11
20171204,000300,沪深300指数,沪深300,CSI 300 Index,CSI 300,3989.05,4032.99,3982.32,4018.86,20.72,0.52,10264721900.0,1382.23,300.0,14.93,2017-12-04,14.93,1382.23
20171205,000300,沪深300指数,沪深300,CSI 300 Index,CSI 300,4007.94,4045.93,4006.54,4040.17,21.31,0.53,15408707600.0,1963.38,300.0,15.02,2017-12-05,15.02,1963.38
20171206,000300,沪深300指数,沪深300,CSI 300 Index,CSI 300,4027.12,4031.75,3964.81,4015.82,-24.35,-0.6,10928620500.0,1441.15,300.0,14.93,2017-12-06,14.93,1441.15
20171207,000300,沪深300指数,沪深300,CSI 300 Index,CSI 300,4003.58,4017.95,3955.99,3971.06,-44.76,-1.11,9025404500.0,1196.51,300.0,14.78,2017-12-07,14.78,1196.51
20171208,000300,沪深300指数,沪深300,CSI 300 Index,CSI 300,3962.83,4014.14,3955.44,4003.38,32.32,0.81,8928286100.0,1243.71,300.0,14.85,2017-12-08,14.85,1243.71
20171211,000300,沪深300指数,沪深300,CSI 300 Index,CSI 300,4006.88,4069.5,4005.27,4069.5,66.12,1.65,9714894600.0,1484.77,300.0,15.22,2017-12-11,15.22,1484.77
20171212,000300,沪深300指数,沪深300,CSI 300 Index,CSI 300,4068.51,4070.15,4015.45,4016.02,-53.48,-1.31,8433871800.0,1235.15,300.0,15.03,2017-12-12,15.03,1235.15
20171213,000300,沪深300指数,沪深300,CSI 300 Index,CSI 300,4013.83,4052.69,4004.74,4050.09,34.08,0.85,7754613100.0,1150.06,300.0,15.14,2017-12-13,15.14,1150.06
20171214,000300,沪深300指数,沪深300,CSI 300 Index,CSI 300,4050.9,4057.62,4013.85,4026.15,-23.94,-0.59,8076886200.0,1150.87,300.0,15.06,2017-12-14,15.06,1150.87
20171215,000300,沪深300指数,沪深300,CSI 300 Index,CSI 300,4018.73,4020.27,3974.93,3980.86,-45.3,-1.13,8904438900.0,1184.74,300.0,14.91,2017-12-15,14.91,1184.74
20171218,000300,沪深300指数,沪深300,CSI 300 Index,CSI 300,3983.3,4008.07,3967.93,3985.29,4.44,0.11,7785337500.0,1117.24,300.0,14.93,2017-12-18,14.93,1117.24
20171219,000300,沪深300指数,沪深300,CSI 300 Index,CSI 300,3985.82,4035.63,3985.82,4035.33,50.04,1.26,7752898500.0,1159.98,300.0,15.09,2017-12-19,15.09,1159.98
20171220,000300,沪深300指数,沪深300,CSI 300 Index,CSI 300,4036.02,4044.85,4015.63,4030.49,-4.84,-0.12,9060450300.0,1268.13,300.0,15.08,2017-12-20,15.08,1268.13
20171221,000300,沪深300指数,沪深300,CSI 300 Index,CSI 300,4023.08,4080.78,4014.65,4067.85,37.36,0.93,9683608900.0,1378.2,300.0,15.18,2017-12-21,15.18,1378.2
20171222,000300,沪深300指数,沪深300,CSI 300 Index,CSI 300,4064.91,4076.8,4048.49,4054.6,-13.25,-0.33,7347368400.0,1044.26,300.0,15.15,2017-12-22,15.15,1044.26
20171225,000300,沪深300指数,沪深300,CSI 300 Index,CSI 300,4057.42,4086.93,4026.45,4041.54,-13.06,-0.32,9192696200.0,1299.39,300.0,15.1,2017-12-25,15.1,1299.39
20171226,000300,沪深300指数,沪深300,CSI 300 Index,CSI 300,4040.62,4056.86,4015.3,4053.62,12.08,0.3,9111879000.0,1197.25,300.0,15.18,2017-12-26,15.18,1197.25
20171227,000300,沪深300指数,沪深300,CSI 300 Index,CSI 300,4045.28,4047.74,3986.74,3991.21,-62.41,-1.54,10515357700.0,1405.17,300.0,15.0,2017-12-27,15.0,1405.17
20171228,000300,沪深300指数,沪深300,CSI 300 Index,CSI 300,3993.0,4036.7,3980.24,4018.9,27.69,0.69,11854288600.0,1536.37,300.0,15.11,2017-12-28,15.11,1536.37
20171229,000300,沪深300指数,沪深300,CSI 300 Index,CSI 300,4022.88,4043.14,4012.87,4030.85,11.96,0.3,9048668300.0,1212.57,300.0,15.18,2017-12-29,15.18,1212.57
20180102,000300,沪深300指数,沪深300,CSI 300 Index,CSI 300,4045.21,4087.78,4045.21,4087.4,56.55,1.4,14693543500.0,1784.02,300.0,15.37,2018-01-02,15.37,1784.02
20180103,000300,沪深300指数,沪深300,CSI 300 Index,CSI 300,4091.46,4140.05,4088.73,4111.39,23.99,0.59,15185221800.0,2057.27,300.0,15.45,2018-01-03,15.45,2057.27
20180104,000300,沪深300指数,沪深300,CSI 300 Index,CSI 300,4114.12,4137.64,4105.89,4128.81,17.42,0.42,13454379400.0,1745.24,300.0,15.54,2018-01-04,15.54,1745.24
20180105,000300,沪深300指数,沪深300,CSI 300 Index,CSI 300,4133.34,4151.28,4123.28,4138.75,9.94,0.24,14900987200.0,1852.06,300.0,15.58,2018-01-05,15.58,1852.06
20180108,000300,沪深300指数,沪深300,CSI 300 Index,CSI 300,4140.85,4166.32,4127.31,4160.16,21.41,0.52,17387766600.0,2264.04,300.0,15.66,2018-01-08,15.66,2264.04
20180109,000300,沪深300指数,沪深300,CSI 300 Index,CSI 300,4157.54,4191.28,4153.5,4189.3,29.14,0.7,13903429400.0,1819.75,300.0,15.72,2018-01-09,15.72,1819.75
20180110,000300,沪深300指数,沪深300,CSI 300 Index,CSI 300,4187.2,4211.05,4175.14,4207.81,18.52,0.44,15112166600.0,1948.5,300.0,15.82,2018-01-10,15.82,1948.5
20180111,000300,沪深300指数,沪深300,CSI 300 Index,CSI 300,4197.11,4211.8,4181.96,4205.59,-2.23,-0.05,12157853900.0,1704.07,300.0,15.83,2018-01-11,15.83,1704.07
20180112,000300,沪深300指数,沪深300,CSI 300 Index,CSI 300,4205.14,4227.39,4199.03,4225.0,19.41,0.46,11135479400.0,1576.06,300.0,15.88,2018-01-12,15.88,1576.06
20180115,000300,沪深300指数,沪深300,CSI 300 Index,CSI 300,4229.84,4262.93,4216.36,4225.24,0.24,0.01,17090789700.0,2349.87,300.0,15.9,2018-01-15,15.9,2349.87
20180116,000300,沪深300指数,沪深300,CSI 300 Index,CSI 300,4215.62,4260.21,4213.13,4258.47,33.23,0.79,16149496300.0,2282.71,300.0,16.01,2018-01-16,16.01,2282.71
20180117,000300,沪深300指数,沪深300,CSI 300 Index,CSI 300,4261.78,4283.34,4230.54,4248.12,-10.36,-0.24,21431103200.0,2845.54,300.0,16.04,2018-01-17,16.04,2845.54
20180118,000300,沪深300指数,沪深300,CSI 300 Index,CSI 300,4259.38,4292.64,4246.68,4271.42,23.3,0.55,17203284600.0,2252.9,300.0,16.18,2018-01-18,16.18,2252.9
20180119,000300,沪深300指数,沪深300,CSI 300 Index,CSI 300,4281.94,4316.57,4269.62,4285.4,13.98,0.33,20949057000.0,2585.55,300.0,16.26,2018-01-19,16.26,2585.55
20180122,000300,沪深300指数,沪深300,CSI 300 Index,CSI 300,4276.48,4338.48,4275.9,4336.6,51.2,1.19,17464319500.0,2339.6,300.0,16.39,2018-01-22,16.39,2339.6
20180123,000300,沪深300指数,沪深300,CSI 300 Index,CSI 300,4346.89,4383.57,4346.79,4382.61,46.02,1.06,20186758500.0,2571.13,300.0,16.64,2018-01-23,16.64,2571.13
20180124,000300,沪深300指数,沪深300,CSI 300 Index,CSI 300,4389.45,4397.82,4349.09,4389.89,7.27,0.17,21981888900.0,2844.71,300.0,16.68,2018-01-24,16.68,2844.71
20180125,000300,沪深300指数,沪深300,CSI 300 Index,CSI 300,4381.98,4392.2,4336.24,4365.08,-24.81,-0.57,19537495000.0,2503.08,300.0,16.61,2018-01-25,16.61,2503.08
20180126,000300,沪深300指数,沪深300,CSI 300 Index,CSI 300,4352.22,4403.34,4351.49,4381.3,16.22,0.37,17722723700.0,2233.31,300.0,16.67,2018-01-26,16.67,2233.31
20180129,000300,沪深300指数,沪深300,CSI 300 Index,CSI 300,4387.06,4395.91,4287.11,4302.02,-79.28,-1.81,19110035400.0,2561.76,300.0,16.47,2018-01-29,16.47,2561.76
20180130,000300,沪深300指数,沪深300,CSI 300 Index,CSI 300,4286.68,4308.51,4251.57,4256.1,-45.92,-1.07,13903473000.0,1866.51,300.0,16.25,2018-01-30,16.25,1866.51
20180131,000300,沪深300指数,沪深300,CSI 300 Index,CSI 300,4234.11,4287.86,4232.77,4275.9,19.8,0.47,14521016400.0,1944.02,300.0,16.32,2018-01-31,16.32,1944.02
20180201,000300,沪深300指数,沪深300,CSI 300 Index,CSI 300,4276.34,4287.39,4214.29,4245.9,-30.0,-0.7,19000293400.0,2392.3,300.0,16.29,2018-02-01,16.29,2392.3
20180202,000300,沪深300指数,沪深300,CSI 300 Index,CSI 300,4213.94,4271.76,4181.78,4271.23,25.33,0.6,14606682700.0,1911.7,300.0,16.42,2018-02-02,16.42,1911.7
20180205,000300,沪深300指数,沪深300,CSI 300 Index,CSI 300,4204.46,4274.15,4200.14,4274.15,2.91,0.07,16134779900.0,2173.6,300.0,16.52,2018-02-05,16.52,2173.6
20180206,000300,沪深300指数,沪深300,CSI 300 Index,CSI 300,4182.33,4211.52,4131.56,4148.89,-125.26,-2.93,21491045000.0,2794.15,300.0,16.05,2018-02-06,16.05,2794.15
20180207,000300,沪深300指数,沪深300,CSI 300 Index,CSI 300,4205.74,4212.57,4048.42,4050.5,-98.39,-2.37,20312749300.0,2615.07,300.0,15.63,2018-02-07,15.63,2615.07
20180208,000300,沪深300指数,沪深300,CSI 300 Index,CSI 300,4022.88,4071.67,3974.68,4012.05,-38.45,-0.95,15926998500.0,1990.62,300.0,15.37,2018-02-08,15.37,1990.62
20180209,000300,沪深300指数,沪深300,CSI 300 Index,CSI 300,3896.17,3911.29,3759.15,3840.65,-171.39,-4.27,20634982800.0,2467.75,300.0,14.73,2018-02-09,14.73,2467.75
20180212,000300,沪深300指数,沪深300,CSI 300 Index,CSI 300,3846.27,3907.84,3828.07,3890.1,49.45,1.29,11618263700.0,1498.58,300.0,14.84,2018-02-12,14.84,1498.58
20180213,000300,沪深300指数,沪深300,CSI 300 Index,CSI 300,3925.6,3986.98,3925.6,3935.63,45.53,1.17,11256588500.0,1444.79,300.0,15.01,2018-02-13,15.01,1444.79
20180214,000300,沪深300指数,沪深300,CSI 300 Index,CSI 300,3945.09,3971.4,3923.13,3966.96,31.33,0.8,7108133800.0,931.1,300.0,15.1,2018-02-14,15.1,931.1
20180222,000300,沪深300指数,沪深300,CSI 300 Index,CSI 300,4020.97,4058.79,4009.92,4052.73,85.77,2.16,10581157100.0,1383.34,300.0,15.44,2018-02-22,15.44,1383.34
20180223,000300,沪深300指数,沪深300,CSI 300 Index,CSI 300,4061.75,4085.2,4035.23,4071.09,18.36,0.45,9945874600.0,1281.96,300.0,15.52,2018-02-23,15.52,1281.96
20180226,000300,沪深300指数,沪深300,CSI 300 Index,CSI 300,4093.4,4128.74,4048.98,4118.42,47.33,1.16,13788100100.0,1790.13,300.0,15.69,2018-02-26,15.69,1790.13
20180227,000300,沪深300指数,沪深300,CSI 300 Index,CSI 300,4120.87,4120.87,4051.81,4058.98,-59.44,-1.44,12593447000.0,1696.85,300.0,15.45,2018-02-27,15.45,1696.85
20180228,000300,沪深300指数,沪深300,CSI 300 Index,CSI 300,4016.79,4051.71,3991.71,4023.64,-35.34,-0.87,10934359300.0,1524.94,300.0,15.3,2018-02-28,15.3,1524.94
20180301,000300,沪深300指数,沪深300,CSI 300 Index,CSI 300,3994.87,4061.03,3986.89,4049.09,25.44,0.63,11019985200.0,1460.03,300.0,15.37,2018-03-01,15.37,1460.03
20180302,000300,沪深300指数,沪深300,CSI 300 Index,CSI 300,4014.95,4044.42,4006.94,4016.46,-32.63,-0.81,9616500000.0,1309.31,300.0,15.26,2018-03-02,15.26,1309.31
20180305,000300,沪深300指数,沪深300,CSI 300 Index,CSI 300,4021.66,4042.83,3995.87,4018.1,1.64,0.04,8795254800.0,1181.98,300.0,15.26,2018-03-05,15.26,1181.98
20180306,000300,沪深300指数,沪深300,CSI 300 Index,CSI 300,4034.99,4067.55,3998.93,4066.56,48.47,1.21,13876244400.0,1713.71,300.0,15.42,2018-03-06,15.42,1713.71
20180307,000300,沪深300指数,沪深300,CSI 300 Index,CSI 300,4063.5,4089.7,4027.94,4036.65,-29.91,-0.74,10695242600.0,1365.72,300.0,15.33,2018-03-07,15.33,1365.72
20180308,000300,沪深300指数,沪深300,CSI 300 Index,CSI 300,4038.95,4078.23,4029.71,4077.6,40.95,1.01,9115581000.0,1236.35,300.0,15.43,2018-03-08,15.43,1236.35
20180309,000300,沪深300指数,沪深300,CSI 300 Index,CSI 300,4088.07,4110.67,4076.45,4108.87,31.27,0.77,11370180800.0,1500.24,300.0,15.52,2018-03-09,15.52,1500.24
20180312,000300,沪深300指数,沪深300,CSI 300 Index,CSI 300,4130.71,4139.53,4112.77,4127.67,18.8,0.46,14090673900.0,1903.68,300.0,15.57,2018-03-12,15.57,1903.68
20180313,000300,沪深300指数,沪深300,CSI 300 Index,CSI 300,4124.33,4130.28,4087.56,4091.25,-36.41,-0.88,11176643000.0,1411.74,300.0,15.47,2018-03-13,15.47,1411.74
20180314,000300,沪深300指数,沪深300,CSI 300 Index,CSI 300,4076.06,4089.09,4066.49,4073.34,-17.91,-0.44,9901340900.0,1315.38,300.0,15.4,2018-03-14,15.4,1315.38
20180315,000300,沪深300指数,沪深300,CSI 300 Index,CSI 300,4058.71,4098.99,4058.71,4096.16,22.82,0.56,8816115600.0,1268.82,300.0,15.46,2018-03-15,15.46,1268.82
20180316,000300,沪深300指数,沪深300,CSI 300 Index,CSI 300,4096.89,4110.05,4055.82,4056.42,-39.74,-0.97,8489618800.0,1221.25,300.0,15.31,2018-03-16,15.31,1221.25
20180319,000300,沪深300指数,沪深300,CSI 300 Index,CSI 300,4054.62,4074.52,4033.52,4074.25,17.83,0.44,8150288200.0,1181.84,300.0,15.36,2018-03-19,15.36,1181.84
20180320,000300,沪深300指数,沪深300,CSI 300 Index,CSI 300,4045.74,4080.19,4040.31,4077.7,3.46,0.08,8060528000.0,1119.8,300.0,15.41,2018-03-20,15.41,1119.8
20180321,000300,沪深300指数,沪深300,CSI 300 Index,CSI 300,4097.02,4110.12,4046.24,4061.05,-16.65,-0.41,9760948800.0,1393.3,300.0,15.35,2018-03-21,15.35,1393.3
20180322,000300,沪深300指数,沪深300,CSI 300 Index,CSI 300,4062.07,4072.38,4003.72,4020.35,-40.7,-1.0,8909525900.0,1276.64,300.0,15.23,2018-03-22,15.23,1276.64
20180323,000300,沪深300指数,沪深300,CSI 300 Index,CSI 300,3896.74,3928.51,3834.94,3904.94,-115.41,-2.87,18008044900.0,2189.05,300.0,14.84,2018-03-23,14.84,2189.05
20180326,000300,沪深300指数,沪深300,CSI 300 Index,CSI 300,3862.69,3883.9,3829.92,3879.89,-25.04,-0.64,11513912800.0,1566.05,300.0,14.68,2018-03-26,14.68,1566.05
20180327,000300,沪深300指数,沪深300,CSI 300 Index,CSI 300,3927.49,3936.78,3881.87,3913.27,33.38,0.86,11370071100.0,1622.92,300.0,14.78,2018-03-27,14.78,1622.92
20180328,000300,沪深300指数,沪深300,CSI 300 Index,CSI 300,3865.05,3907.28,3835.88,3842.72,-70.55,-1.8,10149490800.0,1558.49,300.0,14.55,2018-03-28,14.55,1558.49
20180329,000300,沪深300指数,沪深300,CSI 300 Index,CSI 300,3854.59,3913.96,3794.26,3894.05,51.33,1.34,11662906600.0,1649.97,300.0,14.75,2018-03-29,14.75,1649.97
20180330,000300,沪深300指数,沪深300,CSI 300 Index,CSI 300,3893.75,3915.35,3879.21,3898.5,4.45,0.11,9751227000.0,1379.59,300.0,14.75,2018-03-30,14.75,1379.59
20180402,000300,沪深300指数,沪深300,CSI 300 Index,CSI 300,3897.01,3937.02,3882.89,3886.92,-11.58,-0.3,11124266600.0,1593.56,300.0,14.68,2018-04-02,14.68,1593.56
20180403,000300,沪深300指数,沪深300,CSI 300 Index,CSI 300,3850.15,3878.15,3839.93,3862.48,-24.44,-0.63,9513736900.0,1320.5,300.0,14.57,2018-04-03,14.57,1320.5
20180404,000300,沪深300指数,沪深300,CSI 300 Index,CSI 300,3873.63,3898.61,3852.5,3854.86,-7.62,-0.2,8873060900.0,1315.93,300.0,14.54,2018-04-04,14.54,1315.93
20180409,000300,沪深300指数,沪深300,CSI 300 Index,CSI 300,3851.95,3870.67,3827.41,3852.93,-1.93,-0.05,8410546200.0,1181.67,300.0,14.54,2018-04-09,14.54,1181.67
20180410,000300,沪深300指数,沪深300,CSI 300 Index,CSI 300,3860.72,3927.42,3851.8,3927.17,74.24,1.93,10617372200.0,1379.41,300.0,14.83,2018-04-10,14.83,1379.41
20180411,000300,沪深300指数,沪深300,CSI 300 Index,CSI 300,3934.17,3958.71,3924.96,3938.34,11.17,0.28,11193302100.0,1399.89,300.0,14.9,2018-04-11,14.9,1399.89
20180412,000300,沪深300指数,沪深300,CSI 300 Index,CSI 300,3935.67,3937.78,3896.18,3898.64,-39.71,-1.01,8269949000.0,1080.76,300.0,14.75,2018-04-12,14.75,1080.76
20180413,000300,沪深300指数,沪深300,CSI 300 Index,CSI 300,3920.74,3929.95,3866.19,3871.14,-27.49,-0.71,7154420300.0,989.22,300.0,14.65,2018-04-13,14.65,989.22
20180416,000300,沪深300指数,沪深300,CSI 300 Index,CSI 300,3862.47,3869.16,3789.61,3808.86,-62.28,-1.61,9921777000.0,1315.67,300.0,14.39,2018-04-16,14.39,1315.67
20180417,000300,沪深300指数,沪深300,CSI 300 Index,CSI 300,3812.87,3822.63,3745.44,3748.64,-60.22,-1.58,9061079000.0,1265.19,300.0,14.19,2018-04-17,14.19,1265.19
20180418,000300,沪深300指数,沪深300,CSI 300 Index,CSI 300,3785.31,3789.66,3708.11,3766.28,17.64,0.47,10667670600.0,1430.78,300.0,14.28,2018-04-18,14.28,1430.78
20180419,000300,沪深300指数,沪深300,CSI 300 Index,CSI 300,3774.78,3824.03,3767.8,3811.84,45.56,1.21,9905406000.0,1275.2,300.0,14.44,2018-04-19,14.44,1275.2
20180420,000300,沪深300指数,沪深300,CSI 300 Index,CSI 300,3801.21,3815.44,3750.1,3760.85,-50.99,-1.34,9928292500.0,1235.51,300.0,14.26,2018-04-20,14.26,1235.51
20180423,000300,沪深300指数,沪深300,CSI 300 Index,CSI 300,3754.69,3787.4,3735.18,3766.33,5.47,0.15,9035629100.0,1117.63,300.0,14.28,2018-04-23,14.28,1117.63
20180424,000300,沪深300指数,沪深300,CSI 300 Index,CSI 300,3769.88,3854.43,3769.88,3843.49,77.16,2.05,11421952500.0,1457.01,300.0,14.56,2018-04-24,14.56,1457.01
20180425,000300,沪深300指数,沪深300,CSI 300 Index,CSI 300,3824.59,3838.69,3817.03,3828.7,-14.79,-0.38,7817261200.0,1057.5,300.0,14.48,2018-04-25,14.48,1057.5
20180426,000300,沪深300指数,沪深300,CSI 300 Index,CSI 300,3823.39,3828.71,3744.89,3755.49,-73.21,-1.91,8715064100.0,1257.72,300.0,14.27,2018-04-26,14.27,1257.72
20180427,000300,沪深300指数,沪深300,CSI 300 Index,CSI 300,3771.04,3776.98,3714.64,3756.88,1.38,0.04,8953172600.0,1421.14,300.0,14.32,2018-04-27,14.32,1421.14
20180502,000300,沪深300指数,沪深300,CSI 300 Index,CSI 300,3769.93,3787.3,3744.55,3763.65,6.77,0.18,8330103500.0,1200.83,300.0,13.37,2018-05-02,13.37,1200.83
20180503,000300,沪深300指数,沪深300,CSI 300 Index,CSI 300,3756.17,3797.53,3732.37,3793.0,29.35,0.78,9396111800.0,1227.4,300.0,13.46,2018-05-03,13.46,1227.4
20180504,000300,沪深300指数,沪深300,CSI 300 Index,CSI 300,3784.32,3801.52,3770.94,3774.6,-18.4,-0.49,7155428800.0,983.15,300.0,13.4,2018-05-04,13.4,983.15
20180507,000300,沪深300指数,沪深300,CSI 300 Index,CSI 300,3782.54,3834.59,3776.03,3834.19,59.59,1.58,8728619500.0,1263.55,300.0,13.6,2018-05-07,13.6,1263.55
20180508,000300,沪深300指数,沪深300,CSI 300 Index,CSI 300,3834.61,3892.07,3833.73,3878.68,44.49,1.16,9421515700.0,1354.46,300.0,13.73,2018-05-08,13.73,1354.46
20180509,000300,沪深300指数,沪深300,CSI 300 Index,CSI 300,3876.13,3878.94,3855.74,3871.62,-7.06,-0.18,6671296600.0,923.23,300.0,13.71,2018-05-09,13.71,923.23
20180510,000300,沪深300指数,沪深300,CSI 300 Index,CSI 300,3882.84,3894.49,3867.31,3893.06,21.44,0.55,7066780900.0,1032.55,300.0,13.79,2018-05-10,13.79,1032.55
20180511,000300,沪深300指数,沪深300,CSI 300 Index,CSI 300,3902.15,3903.34,3871.95,3872.84,-20.22,-0.52,7335660400.0,1077.15,300.0,13.74,2018-05-11,13.74,1077.15
20180514,000300,沪深300指数,沪深300,CSI 300 Index,CSI 300,3886.87,3919.3,3886.87,3909.29,36.46,0.94,8197599900.0,1225.2,300.0,13.84,2018-05-14,13.84,1225.2
20180515,000300,沪深300指数,沪深300,CSI 300 Index,CSI 300,3920.14,3924.34,3892.92,3924.1,14.8,0.38,7604955500.0,1060.92,300.0,13.89,2018-05-15,13.89,1060.92
20180516,000300,沪深300指数,沪深300,CSI 300 Index,CSI 300,3909.82,3923.34,3889.19,3892.84,-31.25,-0.8,7191364600.0,1065.34,300.0,13.76,2018-05-16,13.76,1065.34
20180517,000300,沪深300指数,沪深300,CSI 300 Index,CSI 300,3895.49,3899.51,3858.85,3864.05,-28.79,-0.74,5903012300.0,871.04,300.0,13.68,2018-05-17,13.68,871.04
20180518,000300,沪深300指数,沪深300,CSI 300 Index,CSI 300,3860.16,3903.06,3841.9,3903.06,39.01,1.01,7261395600.0,968.24,300.0,13.87,2018-05-18,13.87,968.24
20180521,000300,沪深300指数,沪深300,CSI 300 Index,CSI 300,3925.54,3937.46,3913.6,3921.24,18.18,0.47,9264173700.0,1205.29,300.0,13.91,2018-05-21,13.91,1205.29
20180522,000300,沪深300指数,沪深300,CSI 300 Index,CSI 300,3918.82,3918.82,3881.17,3906.21,-15.03,-0.38,7536877800.0,1028.83,300.0,13.86,2018-05-22,13.86,1028.83
20180523,000300,沪深300指数,沪深300,CSI 300 Index,CSI 300,3898.27,3898.27,3854.58,3854.58,-51.63,-1.32,8372231900.0,1106.85,300.0,13.65,2018-05-23,13.65,1106.85
20180524,000300,沪深300指数,沪深300,CSI 300 Index,CSI 300,3853.29,3859.1,3823.92,3827.22,-27.37,-0.71,6834502200.0,934.08,300.0,13.56,2018-05-24,13.56,934.08
20180525,000300,沪深300指数,沪深300,CSI 300 Index,CSI 300,3823.74,3841.12,3804.13,3816.5,-10.72,-0.28,7083638600.0,956.68,300.0,13.5,2018-05-25,13.5,956.68
20180528,000300,沪深300指数,沪深300,CSI 300 Index,CSI 300,3816.26,3846.55,3799.32,3833.26,16.76,0.44,7152113200.0,1000.02,300.0,13.53,2018-05-28,13.53,1000.02
20180529,000300,沪深300指数,沪深300,CSI 300 Index,CSI 300,3824.19,3841.78,3800.67,3804.01,-29.25,-0.76,8155266200.0,1172.89,300.0,13.43,2018-05-29,13.43,1172.89
20180530,000300,沪深300指数,沪深300,CSI 300 Index,CSI 300,3755.18,3767.89,3722.07,3723.37,-80.64,-2.12,8791328500.0,1158.59,300.0,13.13,2018-05-30,13.13,1158.59
20180531,000300,沪深300指数,沪深300,CSI 300 Index,CSI 300,3749.3,3804.79,3742.53,3802.38,79.0,2.12,9266689400.0,1305.45,300.0,13.38,2018-05-31,13.38,1305.45
20180601,000300,沪深300指数,沪深300,CSI 300 Index,CSI 300,3789.67,3802.54,3753.84,3770.59,-31.79,-0.84,7782181300.0,1059.35,300.0,13.29,2018-06-01,13.29,1059.35
20180604,000300,沪深300指数,沪深300,CSI 300 Index,CSI 300,3785.19,3813.41,3776.62,3807.58,36.99,0.98,7662434100.0,1151.46,300.0,13.4,2018-06-04,13.4,1151.46
20180605,000300,沪深300指数,沪深300,CSI 300 Index,CSI 300,3811.29,3845.56,3800.93,3845.32,37.74,0.99,7868736000.0,1212.61,300.0,13.48,2018-06-05,13.48,1212.61
20180606,000300,沪深300指数,沪深300,CSI 300 Index,CSI 300,3839.68,3848.33,3830.9,3837.35,-7.97,-0.21,7311723700.0,1071.42,300.0,13.46,2018-06-06,13.46,1071.42
20180607,000300,沪深300指数,沪深300,CSI 300 Index,CSI 300,3846.94,3859.85,3827.69,3831.01,-6.34,-0.17,8025614700.0,1123.66,300.0,13.45,2018-06-07,13.45,1123.66
20180608,000300,沪深300指数,沪深300,CSI 300 Index,CSI 300,3819.45,3819.46,3759.27,3779.62,-51.4,-1.34,8333733500.0,1078.19,300.0,13.27,2018-06-08,13.27,1078.19
20180611,000300,沪深300指数,沪深300,CSI 300 Index,CSI 300,3770.21,3792.55,3756.51,3779.98,0.37,0.01,6870983400.0,1055.98,300.0,13.51,2018-06-11,13.51,1055.98
20180612,000300,沪深300指数,沪深300,CSI 300 Index,CSI 300,3783.19,3830.47,3765.26,3825.95,45.97,1.22,7320624400.0,1162.17,300.0,13.63,2018-06-12,13.63,1162.17
20180613,000300,沪深300指数,沪深300,CSI 300 Index,CSI 300,3814.62,3817.45,3782.07,3788.34,-37.61,-0.98,6637797000.0,971.85,300.0,13.5,2018-06-13,13.5,971.85
20180614,000300,沪深300指数,沪深300,CSI 300 Index,CSI 300,3774.64,3808.16,3759.25,3773.37,-14.97,-0.4,6847132200.0,992.34,300.0,13.47,2018-06-14,13.47,992.34
20180615,000300,沪深300指数,沪深300,CSI 300 Index,CSI 300,3763.04,3780.34,3737.43,3753.43,-19.93,-0.53,8548889300.0,1095.35,300.0,13.42,2018-06-15,13.42,1095.35
20180619,000300,沪深300指数,沪深300,CSI 300 Index,CSI 300,3702.67,3712.82,3583.02,3621.12,-132.32,-3.53,16070654200.0,1938.49,300.0,13.01,2018-06-19,13.01,1938.49
20180620,000300,沪深300指数,沪深300,CSI 300 Index,CSI 300,3602.55,3649.34,3578.17,3635.44,14.33,0.4,8671809800.0,1128.05,300.0,13.04,2018-06-20,13.04,1128.05
20180621,000300,沪深300指数,沪深300,CSI 300 Index,CSI 300,3633.56,3673.56,3589.49,3592.97,-42.48,-1.17,9390855200.0,1155.84,300.0,12.89,2018-06-21,12.89,1155.84
20180622,000300,沪深300指数,沪深300,CSI 300 Index,CSI 300,3567.89,3609.08,3542.46,3608.9,15.94,0.44,7511786400.0,896.87,300.0,12.93,2018-06-22,12.93,896.87
20180625,000300,沪深300指数,沪深300,CSI 300 Index,CSI 300,3625.8,3631.03,3559.03,3560.48,-48.43,-1.34,7987707800.0,1066.9,300.0,12.76,2018-06-25,12.76,1066.9
20180626,000300,沪深300指数,沪深300,CSI 300 Index,CSI 300,3521.59,3541.78,3478.21,3531.11,-29.37,-0.82,8498526900.0,1081.32,300.0,12.65,2018-06-26,12.65,1081.32
20180627,000300,沪深300指数,沪深300,CSI 300 Index,CSI 300,3525.13,3537.66,3441.79,3459.26,-71.85,-2.03,8149181700.0,1076.29,300.0,12.45,2018-06-27,12.45,1076.29
20180628,000300,沪深300指数,沪深300,CSI 300 Index,CSI 300,3434.94,3477.06,3416.95,3423.53,-35.74,-1.03,7591805100.0,985.71,300.0,12.34,2018-06-28,12.34,985.71
20180629,000300,沪深300指数,沪深300,CSI 300 Index,CSI 300,3431.96,3512.38,3425.22,3510.98,87.46,2.55,7725703100.0,976.16,300.0,12.53,2018-06-29,12.53,976.16
20180702,000300,沪深300指数,沪深300,CSI 300 Index,CSI 300,3504.46,3506.9,3383.5,3407.96,-103.02,-2.93,8435144900.0,1076.02,300.0,12.16,2018-07-02,12.16,1076.02
20180703,000300,沪深300指数,沪深300,CSI 300 Index,CSI 300,3410.48,3422.04,3319.29,3409.28,1.32,0.04,9527869300.0,1298.98,300.0,12.15,2018-07-03,12.15,1298.98
20180704,000300,沪深300指数,沪深300,CSI 300 Index,CSI 300,3398.78,3418.33,3359.09,3363.75,-45.53,-1.34,7515799700.0,936.49,300.0,12.02,2018-07-04,12.02,936.49
20180705,000300,沪深300指数,沪深300,CSI 300 Index,CSI 300,3365.55,3398.49,3330.71,3342.44,-21.31,-0.63,8158798100.0,975.45,300.0,11.88,2018-07-05,11.88,975.45
20180706,000300,沪深300指数,沪深300,CSI 300 Index,CSI 300,3347.06,3396.25,3295.73,3365.12,22.68,0.68,8609757900.0,1094.82,300.0,11.94,2018-07-06,11.94,1094.82
20180709,000300,沪深300指数,沪深300,CSI 300 Index,CSI 300,3378.91,3459.32,3378.91,3459.18,94.06,2.8,7660154500.0,1009.19,300.0,12.27,2018-07-09,12.27,1009.19
20180710,000300,沪深300指数,沪深300,CSI 300 Index,CSI 300,3464.91,3474.14,3437.27,3467.52,8.33,0.24,6954882300.0,901.27,300.0,12.3,2018-07-10,12.3,901.27
20180711,000300,沪深300指数,沪深300,CSI 300 Index,CSI 300,3398.93,3427.57,3375.14,3407.53,-59.99,-1.73,7204095000.0,896.62,300.0,12.09,2018-07-11,12.09,896.62
20180712,000300,沪深300指数,沪深300,CSI 300 Index,CSI 300,3403.33,3499.1,3403.33,3481.06,73.53,2.16,9635356400.0,1178.06,300.0,12.34,2018-07-12,12.34,1178.06
20180713,000300,沪深300指数,沪深300,CSI 300 Index,CSI 300,3488.5,3499.76,3474.91,3492.69,11.63,0.33,7295589700.0,998.0,300.0,12.31,2018-07-13,12.31,998.0
20180716,000300,沪深300指数,沪深300,CSI 300 Index,CSI 300,3488.97,3506.24,3459.73,3472.09,-20.6,-0.59,6828199900.0,907.54,300.0,12.23,2018-07-16,12.23,907.54
20180717,000300,沪深300指数,沪深300,CSI 300 Index,CSI 300,3466.42,3467.19,3420.97,3449.38,-22.71,-0.65,6198307600.0,857.21,300.0,12.09,2018-07-17,12.09,857.21
20180718,000300,沪深300指数,沪深300,CSI 300 Index,CSI 300,3456.61,3479.26,3430.16,3431.32,-18.05,-0.52,6653033000.0,885.57,300.0,12.04,2018-07-18,12.04,885.57
20180719,000300,沪深300指数,沪深300,CSI 300 Index,CSI 300,3444.8,3466.51,3417.96,3428.34,-2.98,-0.09,6847771600.0,888.05,300.0,12.02,2018-07-19,12.02,888.05
20180720,000300,沪深300指数,沪深300,CSI 300 Index,CSI 300,3426.46,3505.93,3398.95,3492.89,64.55,1.88,10198472700.0,1221.97,300.0,12.27,2018-07-20,12.27,1221.97
20180723,000300,沪深300指数,沪深300,CSI 300 Index,CSI 300,3471.86,3527.53,3464.65,3525.75,32.86,0.94,11903662700.0,1439.61,300.0,12.41,2018-07-23,12.41,1439.61
20180724,000300,沪深300指数,沪深300,CSI 300 Index,CSI 300,3530.66,3596.51,3530.66,3581.71,55.96,1.59,15691243500.0,1774.49,300.0,12.6,2018-07-24,12.6,1774.49
20180725,000300,沪深300指数,沪深300,CSI 300 Index,CSI 300,3589.51,3589.98,3566.31,3577.75,-3.95,-0.11,9675850100.0,1121.77,300.0,12.58,2018-07-25,12.58,1121.77
20180726,000300,沪深300指数,沪深300,CSI 300 Index,CSI 300,3583.32,3593.92,3528.64,3536.25,-41.51,-1.16,9034964100.0,1055.77,300.0,12.46,2018-07-26,12.46,1055.77
20180727,000300,沪深300指数,沪深300,CSI 300 Index,CSI 300,3533.77,3545.41,3512.7,3521.23,-15.02,-0.42,7017810400.0,811.92,300.0,12.42,2018-07-27,12.42,811.92
20180730,000300,沪深300指数,沪深300,CSI 300 Index,CSI 300,3520.85,3550.9,3489.55,3515.08,-6.15,-0.17,8211699500.0,961.83,300.0,12.41,2018-07-30,12.41,961.83
20180731,000300,沪深300指数,沪深300,CSI 300 Index,CSI 300,3510.47,3528.15,3493.15,3517.66,2.58,0.07,6798081700.0,800.22,300.0,12.44,2018-07-31,12.44,800.22
20180801,000300,沪深300指数,沪深300,CSI 300 Index,CSI 300,3530.03,3543.61,3446.78,3447.39,-70.27,-2.0,9034861700.0,1074.77,300.0,12.2,2018-08-01,12.2,1074.77
20180802,000300,沪深300指数,沪深300,CSI 300 Index,CSI 300,3434.35,3434.35,3322.1,3370.96,-76.43,-2.22,10130872700.0,1224.01,300.0,11.96,2018-08-02,11.96,1224.01
20180803,000300,沪深300指数,沪深300,CSI 300 Index,CSI 300,3366.66,3381.34,3315.2,3315.28,-55.67,-1.65,7079691000.0,913.96,300.0,11.81,2018-08-03,11.81,913.96
20180806,000300,沪深300指数,沪深300,CSI 300 Index,CSI 300,3312.82,3344.25,3257.69,3273.27,-42.01,-1.27,7797508300.0,975.18,300.0,11.68,2018-08-06,11.68,975.18
20180807,000300,沪深300指数,沪深300,CSI 300 Index,CSI 300,3284.98,3368.96,3263.5,3368.87,95.6,2.92,9178391600.0,1075.12,300.0,12.01,2018-08-07,12.01,1075.12
20180808,000300,沪深300指数,沪深300,CSI 300 Index,CSI 300,3362.15,3368.16,3311.77,3314.51,-54.36,-1.61,7928486500.0,909.59,300.0,11.84,2018-08-08,11.84,909.59
20180809,000300,沪深300指数,沪深300,CSI 300 Index,CSI 300,3303.48,3408.39,3299.62,3397.53,83.02,2.5,9195757200.0,1088.02,300.0,12.09,2018-08-09,12.09,1088.02
20180810,000300,沪深300指数,沪深300,CSI 300 Index,CSI 300,3398.41,3424.04,3380.57,3405.02,7.49,0.22,6896729900.0,856.35,300.0,12.09,2018-08-10,12.09,856.35
20180813,000300,沪深300指数,沪深300,CSI 300 Index,CSI 300,3369.98,3396.19,3336.7,3390.34,-14.68,-0.43,7619153200.0,908.69,300.0,12.02,2018-08-13,12.02,908.69
20180814,000300,沪深300指数,沪深300,CSI 300 Index,CSI 300,3386.48,3391.73,3356.61,3372.91,-17.43,-0.51,6065144600.0,721.22,300.0,11.99,2018-08-14,11.99,721.22
20180815,000300,沪深300指数,沪深300,CSI 300 Index,CSI 300,3371.96,3372.14,3288.71,3291.98,-80.94,-2.4,6817405500.0,834.02,300.0,11.73,2018-08-15,11.73,834.02
20180816,000300,沪深300指数,沪深300,CSI 300 Index,CSI 300,3251.86,3315.2,3231.56,3276.73,-15.25,-0.46,7654736600.0,892.69,300.0,11.66,2018-08-16,11.66,892.69
20180817,000300,沪深300指数,沪深300,CSI 300 Index,CSI 300,3305.9,3311.57,3224.1,3229.62,-47.11,-1.44,6739541300.0,844.52,300.0,11.52,2018-08-17,11.52,844.52
20180820,000300,沪深300指数,沪深300,CSI 300 Index,CSI 300,3238.22,3267.25,3209.01,3267.25,37.63,1.17,7090422800.0,889.63,300.0,11.67,2018-08-20,11.67,889.63
20180821,000300,沪深300指数,沪深300,CSI 300 Index,CSI 300,3271.84,3331.71,3270.03,3326.65,59.4,1.82,7520558300.0,979.26,300.0,11.84,2018-08-21,11.84,979.26
20180822,000300,沪深300指数,沪深300,CSI 300 Index,CSI 300,3328.97,3328.97,3299.39,3307.95,-18.69,-0.56,5078705700.0,665.49,300.0,11.77,2018-08-22,11.77,665.49
20180823,000300,沪深300指数,沪深300,CSI 300 Index,CSI 300,3308.46,3336.11,3285.81,3320.03,12.07,0.36,6111233400.0,802.13,300.0,11.8,2018-08-23,11.8,802.13
20180824,000300,沪深300指数,沪深300,CSI 300 Index,CSI 300,3308.48,3353.04,3291.87,3325.33,5.31,0.16,6376589700.0,771.98,300.0,11.83,2018-08-24,11.83,771.98
20180827,000300,沪深300指数,沪深300,CSI 300 Index,CSI 300,3339.39,3406.57,3339.26,3406.57,81.24,2.44,9427008200.0,1149.61,300.0,12.09,2018-08-27,12.09,1149.61
20180828,000300,沪深300指数,沪深300,CSI 300 Index,CSI 300,3408.15,3416.59,3388.81,3400.17,-6.4,-0.19,7544536300.0,949.46,300.0,12.06,2018-08-28,12.06,949.46
20180829,000300,沪深300指数,沪深300,CSI 300 Index,CSI 300,3393.05,3398.71,3377.12,3386.57,-13.6,-0.4,6702040400.0,790.72,300.0,12.03,2018-08-29,12.03,790.72
20180830,000300,沪深300指数,沪深300,CSI 300 Index,CSI 300,3385.81,3402.56,3349.47,3351.09,-35.48,-1.05,6838529000.0,802.26,300.0,11.9,2018-08-30,11.9,802.26
20180831,000300,沪深300指数,沪深300,CSI 300 Index,CSI 300,3333.38,3356.58,3310.87,3334.5,-16.59,-0.5,7620563000.0,960.92,300.0,11.87,2018-08-31,11.87,960.92
20180903,000300,沪深300指数,沪深300,CSI 300 Index,CSI 300,3320.69,3325.61,3291.78,3321.82,-12.68,-0.38,6642985500.0,813.06,300.0,11.74,2018-09-03,11.74,813.06
20180904,000300,沪深300指数,沪深300,CSI 300 Index,CSI 300,3324.19,3370.96,3307.96,3363.9,42.07,1.27,6708880700.0,858.92,300.0,11.88,2018-09-04,11.88,858.92
20180905,000300,沪深300指数,沪深300,CSI 300 Index,CSI 300,3349.7,3354.2,3298.14,3298.14,-65.76,-1.95,6430188800.0,806.57,300.0,11.66,2018-09-05,11.66,806.57
20180906,000300,沪深300指数,沪深300,CSI 300 Index,CSI 300,3286.66,3311.5,3253.76,3262.88,-35.26,-1.07,6230028800.0,793.73,300.0,11.58,2018-09-06,11.58,793.73
20180907,000300,沪深300指数,沪深300,CSI 300 Index,CSI 300,3273.89,3316.61,3253.73,3277.64,14.76,0.45,6394740800.0,812.63,300.0,11.62,2018-09-07,11.62,812.63
20180910,000300,沪深300指数,沪深300,CSI 300 Index,CSI 300,3271.38,3277.88,3227.85,3230.07,-47.58,-1.45,6381705100.0,761.76,300.0,11.48,2018-09-10,11.48,761.76
20180911,000300,沪深300指数,沪深300,CSI 300 Index,CSI 300,3229.71,3245.62,3209.11,3224.21,-5.86,-0.18,5849130500.0,677.22,300.0,11.46,2018-09-11,11.46,677.22
20180912,000300,沪深300指数,沪深300,CSI 300 Index,CSI 300,3216.99,3225.6,3194.98,3202.02,-22.19,-0.69,5462789900.0,688.87,300.0,11.4,2018-09-12,11.4,688.87
20180913,000300,沪深300指数,沪深300,CSI 300 Index,CSI 300,3239.69,3249.59,3191.4,3236.57,34.54,1.08,6729032700.0,858.88,300.0,11.53,2018-09-13,11.53,858.88
20180914,000300,沪深300指数,沪深300,CSI 300 Index,CSI 300,3242.83,3254.1,3227.94,3242.09,5.52,0.17,6013064000.0,764.81,300.0,11.55,2018-09-14,11.55,764.81
20180917,000300,沪深300指数,沪深300,CSI 300 Index,CSI 300,3224.93,3230.79,3200.51,3204.92,-37.17,-1.15,5225954700.0,606.51,300.0,11.43,2018-09-17,11.43,606.51
20180918,000300,沪深300指数,沪深300,CSI 300 Index,CSI 300,3193.64,3270.11,3193.64,3269.43,64.51,2.01,7042503500.0,838.99,300.0,11.64,2018-09-18,11.64,838.99
20180919,000300,沪深300指数,沪深300,CSI 300 Index,CSI 300,3262.0,3335.99,3258.31,3312.48,43.05,1.32,8917066600.0,1093.95,300.0,11.79,2018-09-19,11.79,1093.95
20180920,000300,沪深300指数,沪深300,CSI 300 Index,CSI 300,3314.88,3332.31,3303.07,3310.13,-2.36,-0.07,6456105700.0,766.61,300.0,11.79,2018-09-20,11.79,766.61
20180921,000300,沪深300指数,沪深300,CSI 300 Index,CSI 300,3320.7,3410.49,3307.77,3410.49,100.36,3.03,10841600500.0,1235.73,300.0,12.14,2018-09-21,12.14,1235.73
20180925,000300,沪深300指数,沪深300,CSI 300 Index,CSI 300,3375.97,3394.38,3367.03,3379.8,-30.68,-0.9,6905469300.0,828.7,300.0,12.04,2018-09-25,12.04,828.7
20180926,000300,沪深300指数,沪深300,CSI 300 Index,CSI 300,3388.56,3448.26,3383.24,3417.24,37.44,1.11,9317334300.0,1191.13,300.0,12.17,2018-09-26,12.17,1191.13
20180927,000300,沪深300指数,沪深300,CSI 300 Index,CSI 300,3415.95,3423.71,3394.73,3403.59,-13.65,-0.4,6976524100.0,875.73,300.0,12.14,2018-09-27,12.14,875.73
20180928,000300,沪深300指数,沪深300,CSI 300 Index,CSI 300,3409.96,3444.99,3404.7,3438.86,35.27,1.04,8437775600.0,948.8,300.0,12.26,2018-09-28,12.26,948.8
20181008,000300,沪深300指数,沪深300,CSI 300 Index,CSI 300,3361.56,3364.46,3285.25,3290.9,-147.97,-4.3,9788898900.0,1141.64,300.0,11.75,2018-10-08,11.75,1141.64
20181009,000300,沪深300指数,沪深300,CSI 300 Index,CSI 300,3290.17,3309.8,3276.13,3288.69,-2.21,-0.07,6672327400.0,783.73,300.0,11.76,2018-10-09,11.76,783.73
20181010,000300,沪深300指数,沪深300,CSI 300 Index,CSI 300,3295.43,3315.73,3256.58,3281.6,-7.09,-0.22,6449282800.0,791.67,300.0,11.76,2018-10-10,11.76,791.67
20181011,000300,沪深300指数,沪深300,CSI 300 Index,CSI 300,3179.54,3209.52,3099.04,3124.11,-157.48,-4.8,12094134200.0,1257.23,300.0,11.22,2018-10-11,11.22,1257.23
20181012,000300,沪深300指数,沪深300,CSI 300 Index,CSI 300,3123.37,3184.12,3094.97,3170.73,46.61,1.49,9861115100.0,1044.23,300.0,11.39,2018-10-12,11.39,1044.23
20181015,000300,沪深300指数,沪深300,CSI 300 Index,CSI 300,3173.85,3183.13,3120.23,3126.45,-44.27,-1.4,6960502300.0,771.38,300.0,11.22,2018-10-15,11.22,771.38
20181016,000300,沪深300指数,沪深300,CSI 300 Index,CSI 300,3128.58,3166.09,3089.37,3100.97,-25.48,-0.81,6888772100.0,752.06,300.0,11.16,2018-10-16,11.16,752.06
20181017,000300,沪深300指数,沪深300,CSI 300 Index,CSI 300,3140.68,3149.13,3062.55,3118.25,17.27,0.56,7683713800.0,861.33,300.0,11.23,2018-10-17,11.23,861.33
20181018,000300,沪深300指数,沪深300,CSI 300 Index,CSI 300,3097.79,3097.79,3043.38,3044.39,-73.85,-2.37,7377196800.0,797.04,300.0,10.92,2018-10-18,10.92,797.04
20181019,000300,沪深300指数,沪深300,CSI 300 Index,CSI 300,3017.75,3137.75,3009.5,3134.95,90.55,2.97,9883968800.0,1109.51,300.0,11.22,2018-10-19,11.22,1109.51
20181022,000300,沪深300指数,沪深300,CSI 300 Index,CSI 300,3159.56,3297.38,3159.56,3270.27,135.33,4.32,14586204500.0,1706.51,300.0,11.67,2018-10-22,11.67,1706.51
20181023,000300,沪深300指数,沪深300,CSI 300 Index,CSI 300,3273.13,3276.02,3163.57,3183.43,-86.85,-2.66,12101324100.0,1425.89,300.0,11.37,2018-10-23,11.37,1425.89
20181024,000300,沪深300指数,沪深300,CSI 300 Index,CSI 300,3169.46,3245.4,3164.29,3188.2,4.78,0.15,11090974400.0,1209.54,300.0,11.39,2018-10-24,11.39,1209.54
20181025,000300,沪深300指数,沪深300,CSI 300 Index,CSI 300,3107.84,3197.32,3099.89,3194.31,6.11,0.19,10695181700.0,1132.92,300.0,11.41,2018-10-25,11.41,1132.92
20181026,000300,沪深300指数,沪深300,CSI 300 Index,CSI 300,3204.28,3218.1,3151.92,3173.64,-20.67,-0.65,10129935400.0,1060.7,300.0,11.37,2018-10-26,11.37,1060.7
20181029,000300,沪深300指数,沪深300,CSI 300 Index,CSI 300,3157.49,3158.81,3062.58,3076.89,-96.75,-3.05,9183978900.0,1084.79,300.0,11.07,2018-10-29,11.07,1084.79
20181030,000300,沪深300指数,沪深300,CSI 300 Index,CSI 300,3061.93,3146.63,3050.77,3110.26,33.37,1.08,11607010100.0,1317.67,300.0,11.17,2018-10-30,11.17,1317.67
20181031,000300,沪深300指数,沪深300,CSI 300 Index,CSI 300,3116.66,3168.92,3106.03,3153.82,43.56,1.4,11120745500.0,1171.0,300.0,11.31,2018-10-31,11.31,1171.0
20181101,000300,沪深300指数,沪深300,CSI 300 Index,CSI 300,3185.2,3217.8,3173.1,3177.03,23.21,0.74,13265337900.0,1459.19,300.0,11.17,2018-11-01,11.17,1459.19
20181102,000300,沪深300指数,沪深300,CSI 300 Index,CSI 300,3258.61,3290.25,3222.44,3290.25,113.21,3.56,15346610400.0,1783.41,300.0,11.51,2018-11-02,11.51,1783.41
20181105,000300,沪深300指数,沪深300,CSI 300 Index,CSI 300,3269.47,3279.88,3230.36,3262.84,-27.41,-0.83,10970668300.0,1236.31,300.0,11.41,2018-11-05,11.41,1236.31
20181106,000300,沪深300指数,沪深300,CSI 300 Index,CSI 300,3254.98,3254.98,3213.9,3243.15,-19.68,-0.6,8386913800.0,917.04,300.0,11.36,2018-11-06,11.36,917.04
20181107,000300,沪深300指数,沪深300,CSI 300 Index,CSI 300,3243.88,3270.5,3218.42,3221.91,-21.24,-0.65,9161552800.0,1018.15,300.0,11.28,2018-11-07,11.28,1018.15
20181108,000300,沪深300指数,沪深300,CSI 300 Index,CSI 300,3251.73,3253.57,3207.71,3212.77,-9.14,-0.28,7641454000.0,852.22,300.0,11.26,2018-11-08,11.26,852.22
20181109,000300,沪深300指数,沪深300,CSI 300 Index,CSI 300,3193.3,3193.3,3166.31,3167.44,-45.33,-1.41,8428276200.0,881.94,300.0,11.07,2018-11-09,11.07,881.94
20181112,000300,沪深300指数,沪深300,CSI 300 Index,CSI 300,3160.25,3206.51,3152.44,3205.14,37.7,1.19,8806239100.0,973.63,300.0,11.18,2018-11-12,11.18,973.63
20181113,000300,沪深300指数,沪深300,CSI 300 Index,CSI 300,3164.92,3254.77,3161.1,3237.38,32.24,1.01,12649346400.0,1256.03,300.0,11.27,2018-11-13,11.27,1256.03
20181114,000300,沪深300指数,沪深300,CSI 300 Index,CSI 300,3233.64,3239.24,3200.23,3204.94,-32.44,-1.0,11380865900.0,1053.87,300.0,11.14,2018-11-14,11.14,1053.87
20181115,000300,沪深300指数,沪深300,CSI 300 Index,CSI 300,3201.28,3242.38,3198.78,3242.37,37.43,1.17,9855881000.0,1001.19,300.0,11.27,2018-11-15,11.27,1001.19
20181116,000300,沪深300指数,沪深300,CSI 300 Index,CSI 300,3242.88,3282.39,3223.72,3257.67,15.3,0.47,12687683500.0,1353.8,300.0,11.3,2018-11-16,11.3,1353.8
20181119,000300,沪深300指数,沪深300,CSI 300 Index,CSI 300,3258.79,3294.6,3251.07,3294.6,36.93,1.13,11595659500.0,1231.89,300.0,11.43,2018-11-19,11.43,1231.89
20181120,000300,沪深300指数,沪深300,CSI 300 Index,CSI 300,3268.08,3278.78,3213.68,3218.41,-76.2,-2.31,10936115400.0,1141.55,300.0,11.19,2018-11-20,11.19,1141.55
20181121,000300,沪深300指数,沪深300,CSI 300 Index,CSI 300,3187.1,3230.26,3185.24,3226.49,8.08,0.25,8411972600.0,878.13,300.0,11.2,2018-11-21,11.2,878.13
20181122,000300,沪深300指数,沪深300,CSI 300 Index,CSI 300,3232.97,3235.45,3199.7,3214.43,-12.06,-0.37,6509829100.0,700.83,300.0,11.17,2018-11-22,11.17,700.83
20181123,000300,沪深300指数,沪深300,CSI 300 Index,CSI 300,3208.59,3212.2,3139.39,3143.48,-70.95,-2.21,8463825500.0,868.65,300.0,10.94,2018-11-23,10.94,868.65
20181126,000300,沪深300指数,沪深300,CSI 300 Index,CSI 300,3148.67,3169.44,3131.64,3141.24,-2.23,-0.07,5937914000.0,618.99,300.0,10.92,2018-11-26,10.92,618.99
20181127,000300,沪深300指数,沪深300,CSI 300 Index,CSI 300,3152.77,3162.01,3126.29,3137.24,-4.0,-0.13,5540783200.0,619.46,300.0,10.9,2018-11-27,10.9,619.46
20181128,000300,沪深300指数,沪深300,CSI 300 Index,CSI 300,3137.75,3179.41,3126.62,3178.93,41.69,1.33,7488195500.0,776.21,300.0,11.03,2018-11-28,11.03,776.21
20181129,000300,沪深300指数,沪深300,CSI 300 Index,CSI 300,3198.83,3204.86,3137.65,3137.65,-41.28,-1.3,8049846600.0,869.28,300.0,10.9,2018-11-29,10.9,869.28
20181130,000300,沪深300指数,沪深300,CSI 300 Index,CSI 300,3136.2,3175.15,3132.42,3172.69,35.04,1.12,7092104400.0,772.98,300.0,11.01,2018-11-30,11.01,772.98
20181203,000300,沪深300指数,沪深300,CSI 300 Index,CSI 300,3260.69,3273.64,3228.36,3260.95,88.26,2.78,12148715700.0,1458.28,300.0,11.3,2018-12-03,11.3,1458.28
20181204,000300,沪深300指数,沪深300,CSI 300 Index,CSI 300,3256.23,3267.94,3243.7,3267.71,6.76,0.21,7941503900.0,905.44,300.0,11.32,2018-12-04,11.32,905.44
20181205,000300,沪深300指数,沪深300,CSI 300 Index,CSI 300,3224.26,3266.9,3219.98,3252.0,-15.71,-0.48,7615305200.0,909.09,300.0,11.27,2018-12-05,11.27,909.09
20181206,000300,沪深300指数,沪深300,CSI 300 Index,CSI 300,3218.11,3223.52,3179.89,3181.67,-70.33,-2.16,7632877100.0,956.79,300.0,11.05,2018-12-06,11.05,956.79
20181207,000300,沪深300指数,沪深300,CSI 300 Index,CSI 300,3187.49,3193.82,3176.71,3181.56,-0.11,0.0,5336192400.0,663.24,300.0,11.06,2018-12-07,11.06,663.24
20181210,000300,沪深300指数,沪深300,CSI 300 Index,CSI 300,3153.52,3170.15,3134.38,3144.76,-36.8,-1.16,6343727300.0,737.17,300.0,10.96,2018-12-10,10.96,737.17
20181211,000300,沪深300指数,沪深300,CSI 300 Index,CSI 300,3148.23,3161.96,3143.61,3159.82,15.05,0.48,5322387700.0,600.15,300.0,11.0,2018-12-11,11.0,600.15
20181212,000300,沪深300指数,沪深300,CSI 300 Index,CSI 300,3181.57,3182.21,3160.28,3170.61,10.79,0.34,5330991400.0,605.36,300.0,11.05,2018-12-12,11.05,605.36
20181213,000300,沪深300指数,沪深300,CSI 300 Index,CSI 300,3178.89,3234.08,3169.42,3219.69,49.08,1.55,9044275500.0,1033.75,300.0,11.2,2018-12-13,11.2,1033.75
20181214,000300,沪深300指数,沪深300,CSI 300 Index,CSI 300,3207.35,3210.72,3165.91,3165.91,-53.78,-1.67,8430125000.0,915.77,300.0,11.05,2018-12-14,11.05,915.77
20181217,000300,沪深300指数,沪深300,CSI 300 Index,CSI 300,3158.28,3167.51,3134.37,3161.2,-4.71,-0.15,6649700700.0,771.51,300.0,11.19,2018-12-17,11.19,771.51
20181218,000300,沪深300指数,沪深300,CSI 300 Index,CSI 300,3139.95,3165.0,3114.47,3128.43,-32.77,-1.04,6382031900.0,720.35,300.0,11.08,2018-12-18,11.08,720.35
20181219,000300,沪深300指数,沪深300,CSI 300 Index,CSI 300,3133.74,3137.01,3086.76,3091.13,-37.3,-1.19,5552229900.0,678.73,300.0,10.96,2018-12-19,10.96,678.73
20181220,000300,沪深300指数,沪深300,CSI 300 Index,CSI 300,3083.54,3097.72,3044.29,3067.42,-23.71,-0.77,6974946300.0,781.81,300.0,10.88,2018-12-20,10.88,781.81
20181221,000300,沪深300指数,沪深300,CSI 300 Index,CSI 300,3055.33,3057.4,3007.61,3029.4,-38.02,-1.24,7675810100.0,848.24,300.0,10.77,2018-12-21,10.77,848.24
20181224,000300,沪深300指数,沪深300,CSI 300 Index,CSI 300,3015.5,3040.35,3007.33,3038.2,8.8,0.29,5729961500.0,638.81,300.0,10.81,2018-12-24,10.81,638.81
20181225,000300,沪深300指数,沪深300,CSI 300 Index,CSI 300,3006.88,3030.14,2964.88,3017.28,-20.92,-0.69,7868942500.0,804.14,300.0,10.72,2018-12-25,10.72,804.14
20181226,000300,沪深300指数,沪深300,CSI 300 Index,CSI 300,3012.87,3029.06,2996.48,3002.03,-15.25,-0.51,5564703200.0,585.75,300.0,10.69,2018-12-26,10.69,585.75
20181227,000300,沪深300指数,沪深300,CSI 300 Index,CSI 300,3042.95,3047.23,2990.51,2990.51,-11.53,-0.38,8054178500.0,811.59,300.0,10.64,2018-12-27,10.64,811.59
20181228,000300,沪深300指数,沪深300,CSI 300 Index,CSI 300,2994.8,3024.35,2984.82,3010.65,20.15,0.67,7105377900.0,781.45,300.0,10.71,2018-12-28,10.71,781.45
20190102,000300,沪深300指数,沪深300,CSI 300 Index,CSI 300,3017.07,3018.78,2958.49,2969.54,-41.12,-1.37,6866302100.0,761.06,300.0,10.56,2019-01-02,10.56,761.06
20190103,000300,沪深300指数,沪深300,CSI 300 Index,CSI 300,2963.02,3000.44,2953.25,2964.84,-4.69,-0.16,7086710300.0,766.65,300.0,10.55,2019-01-03,10.55,766.65
20190104,000300,沪深300指数,沪深300,CSI 300 Index,CSI 300,2940.19,3036.81,2935.83,3035.87,71.03,2.4,10331897200.0,1071.41,300.0,10.78,2019-01-04,10.78,1071.41
20190107,000300,沪深300指数,沪深300,CSI 300 Index,CSI 300,3055.15,3061.75,3035.91,3054.3,18.43,0.61,10116435900.0,1057.04,300.0,10.83,2019-01-07,10.83,1057.04
20190108,000300,沪深300指数,沪深300,CSI 300 Index,CSI 300,3049.87,3055.51,3038.53,3047.7,-6.6,-0.22,8617058500.0,796.29,300.0,10.81,2019-01-08,10.81,796.29
20190109,000300,沪深300指数,沪深300,CSI 300 Index,CSI 300,3065.23,3117.96,3062.85,3078.48,30.77,1.01,10736435000.0,1171.3,300.0,10.91,2019-01-09,10.91,1171.3
20190110,000300,沪深300指数,沪深300,CSI 300 Index,CSI 300,3077.48,3092.54,3062.57,3072.69,-5.79,-0.19,8527175600.0,902.07,300.0,10.86,2019-01-10,10.86,902.07
20190111,000300,沪深300指数,沪深300,CSI 300 Index,CSI 300,3082.26,3102.83,3071.03,3094.78,22.09,0.72,7178642400.0,774.2,300.0,10.93,2019-01-11,10.93,774.2
20190114,000300,沪深300指数,沪深300,CSI 300 Index,CSI 300,3092.5,3097.41,3064.38,3067.78,-26.99,-0.87,6612170200.0,681.16,300.0,10.84,2019-01-14,10.84,681.16
20190115,000300,沪深300指数,沪深300,CSI 300 Index,CSI 300,3071.52,3129.37,3064.67,3127.99,60.21,1.96,8877296200.0,999.77,300.0,11.01,2019-01-15,11.01,999.77
20190116,000300,沪深300指数,沪深300,CSI 300 Index,CSI 300,3126.13,3135.01,3117.29,3128.65,0.66,0.02,8021434100.0,857.82,300.0,11.02,2019-01-16,11.02,857.82
20190117,000300,沪深300指数,沪深300,CSI 300 Index,CSI 300,3132.63,3141.71,3110.06,3111.42,-17.23,-0.55,8017487100.0,828.88,300.0,10.97,2019-01-17,10.97,828.88
20190118,000300,沪深300指数,沪深300,CSI 300 Index,CSI 300,3124.5,3171.69,3120.35,3168.17,56.76,1.82,10396383400.0,1067.81,300.0,11.16,2019-01-18,11.16,1067.81
20190121,000300,沪深300指数,沪深300,CSI 300 Index,CSI 300,3170.88,3199.21,3170.88,3185.64,17.46,0.55,9391502200.0,1055.37,300.0,11.23,2019-01-21,11.23,1055.37
20190122,000300,沪深300指数,沪深300,CSI 300 Index,CSI 300,3181.95,3181.95,3135.34,3143.32,-42.32,-1.33,7299052800.0,781.51,300.0,11.08,2019-01-22,11.08,781.51
20190123,000300,沪深300指数,沪深300,CSI 300 Index,CSI 300,3136.1,3157.63,3131.87,3141.05,-2.26,-0.07,5987047800.0,626.7,300.0,11.08,2019-01-23,11.08,626.7
20190124,000300,沪深300指数,沪深300,CSI 300 Index,CSI 300,3146.6,3165.63,3125.3,3158.78,17.73,0.56,7293463600.0,809.64,300.0,11.13,2019-01-24,11.13,809.64
20190125,000300,沪深300指数,沪深300,CSI 300 Index,CSI 300,3165.18,3203.17,3164.41,3184.47,25.69,0.81,8396772900.0,932.08,300.0,11.22,2019-01-25,11.22,932.08
20190128,000300,沪深300指数,沪深300,CSI 300 Index,CSI 300,3203.12,3228.87,3174.72,3183.78,-0.69,-0.02,8262243100.0,973.71,300.0,11.22,2019-01-28,11.22,973.71
20190129,000300,沪深300指数,沪深300,CSI 300 Index,CSI 300,3177.26,3200.99,3148.23,3193.97,10.19,0.32,7765833400.0,859.44,300.0,11.26,2019-01-29,11.26,859.44
20190130,000300,沪深300指数,沪深300,CSI 300 Index,CSI 300,3181.66,3202.9,3167.89,3168.48,-25.49,-0.8,6374651700.0,730.05,300.0,11.18,2019-01-30,11.18,730.05
20190131,000300,沪深300指数,沪深300,CSI 300 Index,CSI 300,3182.7,3216.07,3178.01,3201.63,33.15,1.05,8624783900.0,975.1,300.0,11.3,2019-01-31,11.3,975.1
20190201,000300,沪深300指数,沪深300,CSI 300 Index,CSI 300,3225.73,3247.5,3207.72,3247.4,45.76,1.43,8201964100.0,947.66,300.0,11.43,2019-02-01,11.43,947.66
20190211,000300,沪深300指数,沪深300,CSI 300 Index,CSI 300,3239.81,3307.06,3239.81,3306.47,59.08,1.82,9881843400.0,1147.52,300.0,11.59,2019-02-11,11.59,1147.52
20190212,000300,沪深300指数,沪深300,CSI 300 Index,CSI 300,3306.35,3335.36,3298.63,3330.34,23.86,0.72,12223246200.0,1228.34,300.0,11.67,2019-02-12,11.67,1228.34
20190213,000300,沪深300指数,沪深300,CSI 300 Index,CSI 300,3337.78,3405.58,3329.14,3397.03,66.69,2.0,16382833200.0,1688.66,300.0,11.89,2019-02-13,11.89,1688.66
20190214,000300,沪深300指数,沪深300,CSI 300 Index,CSI 300,3392.85,3415.4,3381.98,3402.14,5.11,0.15,15112729000.0,1386.49,300.0,11.89,2019-02-14,11.89,1386.49
20190215,000300,沪深300指数,沪深300,CSI 300 Index,CSI 300,3391.24,3395.03,3335.87,3338.7,-63.44,-1.86,14366860300.0,1415.55,300.0,11.68,2019-02-15,11.68,1415.55
20190218,000300,沪深300指数,沪深300,CSI 300 Index,CSI 300,3366.42,3445.74,3366.42,3445.74,107.04,3.21,18288608900.0,1804.5,300.0,12.02,2019-02-18,12.02,1804.5
20190219,000300,沪深300指数,沪深300,CSI 300 Index,CSI 300,3454.72,3480.79,3419.07,3439.61,-6.14,-0.18,17908378500.0,1857.63,300.0,12.0,2019-02-19,12.0,1857.63
20190220,000300,沪深300指数,沪深300,CSI 300 Index,CSI 300,3449.93,3463.77,3421.51,3451.93,12.32,0.36,14739031100.0,1455.7,300.0,12.05,2019-02-20,12.05,1455.7
20190221,000300,沪深300指数,沪深300,CSI 300 Index,CSI 300,3450.14,3500.25,3431.63,3442.71,-9.22,-0.27,18014328700.0,1851.97,300.0,12.0,2019-02-21,12.0,1851.97
20190222,000300,沪深300指数,沪深300,CSI 300 Index,CSI 300,3439.38,3520.12,3417.98,3520.12,77.41,2.25,18723797400.0,2028.69,300.0,12.22,2019-02-22,12.22,2028.69
20190225,000300,沪深300指数,沪深300,CSI 300 Index,CSI 300,3575.85,3729.48,3574.69,3729.48,209.36,5.95,34255712200.0,3763.82,300.0,12.91,2019-02-25,12.91,3763.82
20190226,000300,沪深300指数,沪深300,CSI 300 Index,CSI 300,3734.71,3762.11,3679.27,3684.69,-44.79,-1.2,35803869800.0,3876.33,300.0,12.78,2019-02-26,12.78,3876.33
20190227,000300,沪深300指数,沪深300,CSI 300 Index,CSI 300,3682.81,3737.63,3638.33,3678.39,-6.3,-0.17,28623600700.0,3073.06,300.0,12.8,2019-02-27,12.8,3073.06
20190228,000300,沪深300指数,沪深300,CSI 300 Index,CSI 300,3675.26,3695.46,3650.05,3669.37,-9.02,-0.25,18481022000.0,2060.11,300.0,12.74,2019-02-28,12.74,2060.11
20190301,000300,沪深300指数,沪深300,CSI 300 Index,CSI 300,3699.22,3749.71,3668.77,3749.71,80.34,2.19,20471100400.0,2356.21,300.0,13.01,2019-03-01,13.01,2356.21
20190304,000300,沪深300指数,沪深300,CSI 300 Index,CSI 300,3783.04,3886.58,3764.78,3794.1,44.39,1.18,32349012600.0,3763.97,300.0,13.15,2019-03-04,13.15,3763.97
20190305,000300,沪深300指数,沪深300,CSI 300 Index,CSI 300,3785.38,3816.16,3770.79,3816.01,21.91,0.58,23085316600.0,2614.64,300.0,13.21,2019-03-05,13.21,2614.64
20190306,000300,沪深300指数,沪深300,CSI 300 Index,CSI 300,3822.86,3855.16,3787.52,3848.09,32.08,0.84,31807737100.0,3311.56,300.0,13.34,2019-03-06,13.34,3311.56
20190307,000300,沪深300指数,沪深300,CSI 300 Index,CSI 300,3841.15,3845.18,3778.8,3808.85,-39.24,-1.02,32984654800.0,3593.39,300.0,13.22,2019-03-07,13.22,3593.39
20190308,000300,沪深300指数,沪深300,CSI 300 Index,CSI 300,3721.4,3774.54,3656.19,3657.58,-151.27,-3.97,31799007700.0,3492.97,300.0,12.69,2019-03-08,12.69,3492.97
20190311,000300,沪深300指数,沪深300,CSI 300 Index,CSI 300,3663.98,3731.91,3650.81,3729.95,72.38,1.98,23091286500.0,2687.18,300.0,12.92,2019-03-11,12.92,2687.18
20190312,000300,沪深300指数,沪深300,CSI 300 Index,CSI 300,3758.32,3804.72,3723.68,3755.35,25.4,0.68,27492638200.0,3251.81,300.0,13.01,2019-03-12,13.01,3251.81
20190313,000300,沪深300指数,沪深300,CSI 300 Index,CSI 300,3758.71,3763.09,3708.81,3724.19,-31.16,-0.83,23368224800.0,2861.71,300.0,12.88,2019-03-13,12.88,2861.71
20190314,000300,沪深300指数,沪深300,CSI 300 Index,CSI 300,3710.29,3747.82,3673.85,3698.49,-25.71,-0.69,19081723700.0,2318.2,300.0,12.79,2019-03-14,12.79,2318.2
20190315,000300,沪深300指数,沪深300,CSI 300 Index,CSI 300,3713.94,3782.24,3713.94,3745.01,46.52,1.26,17517454400.0,2241.94,300.0,12.92,2019-03-15,12.92,2241.94
20190318,000300,沪深300指数,沪深300,CSI 300 Index,CSI 300,3753.64,3851.75,3733.68,3851.75,106.74,2.85,21692806000.0,2764.73,300.0,13.26,2019-03-18,13.26,2764.73
20190319,000300,沪深300指数,沪深300,CSI 300 Index,CSI 300,3856.59,3868.34,3815.22,3833.96,-17.79,-0.46,18172711000.0,2240.97,300.0,13.21,2019-03-19,13.21,2240.97
20190320,000300,沪深300指数,沪深300,CSI 300 Index,CSI 300,3825.34,3855.15,3790.51,3835.44,1.48,0.04,17563209000.0,2154.07,300.0,13.19,2019-03-20,13.19,2154.07
20190321,000300,沪深300指数,沪深300,CSI 300 Index,CSI 300,3840.28,3864.07,3823.47,3836.89,1.45,0.04,19631031000.0,2319.93,300.0,13.19,2019-03-21,13.19,2319.93
20190322,000300,沪深300指数,沪深300,CSI 300 Index,CSI 300,3838.13,3845.58,3786.59,3833.8,-3.09,-0.08,17135699300.0,1985.18,300.0,13.18,2019-03-22,13.18,1985.18
20190325,000300,沪深300指数,沪深300,CSI 300 Index,CSI 300,3776.44,3807.18,3741.61,3742.83,-90.98,-2.37,19858632900.0,2233.97,300.0,12.87,2019-03-25,12.87,2233.97
20190326,000300,沪深300指数,沪深300,CSI 300 Index,CSI 300,3766.53,3770.84,3687.55,3700.44,-42.39,-1.13,17304657900.0,1965.48,300.0,12.74,2019-03-26,12.74,1965.48
20190327,000300,沪深300指数,沪深300,CSI 300 Index,CSI 300,3724.41,3750.26,3703.45,3743.39,42.95,1.16,13875845400.0,1775.08,300.0,12.86,2019-03-27,12.86,1775.08
20190328,000300,沪深300指数,沪深300,CSI 300 Index,CSI 300,3731.06,3755.72,3710.08,3728.4,-14.99,-0.4,13327212900.0,1726.04,300.0,12.79,2019-03-28,12.79,1726.04
20190329,000300,沪深300指数,沪深300,CSI 300 Index,CSI 300,3739.77,3876.38,3739.77,3872.34,143.95,3.86,21563910300.0,2830.22,300.0,13.25,2019-03-29,13.25,2830.22
20190401,000300,沪深300指数,沪深300,CSI 300 Index,CSI 300,3901.17,3982.91,3901.17,3973.93,101.59,2.62,27138270400.0,3407.99,300.0,13.57,2019-04-01,13.57,3407.99
20190402,000300,沪深300指数,沪深300,CSI 300 Index,CSI 300,3986.34,3988.1,3956.51,3971.29,-2.64,-0.07,22600034100.0,2818.92,300.0,13.55,2019-04-02,13.55,2818.92
20190403,000300,沪深300指数,沪深300,CSI 300 Index,CSI 300,3947.87,4026.5,3939.78,4022.16,50.87,1.28,23191736800.0,2848.26,300.0,13.71,2019-04-03,13.71,2848.26
20190404,000300,沪深300指数,沪深300,CSI 300 Index,CSI 300,4039.74,4072.11,4021.71,4062.23,40.07,1.0,26041093900.0,3135.39,300.0,13.85,2019-04-04,13.85,3135.39
20190408,000300,沪深300指数,沪深300,CSI 300 Index,CSI 300,4097.1,4122.6,4017.49,4057.23,-5.0,-0.12,26750557600.0,3246.7,300.0,13.84,2019-04-08,13.84,3246.7
20190409,000300,沪深300指数,沪深300,CSI 300 Index,CSI 300,4063.81,4084.24,4038.28,4075.43,18.2,0.45,18295680800.0,2431.88,300.0,13.86,2019-04-09,13.86,2431.88
20190410,000300,沪深300指数,沪深300,CSI 300 Index,CSI 300,4062.44,4115.38,4035.47,4085.85,10.42,0.26,19468761300.0,2782.82,300.0,13.86,2019-04-10,13.86,2782.82
20190411,000300,沪深300指数,沪深300,CSI 300 Index,CSI 300,4083.46,4097.12,3990.24,3997.58,-88.27,-2.16,16904964100.0,2362.59,300.0,13.61,2019-04-11,13.61,2362.59
20190412,000300,沪深300指数,沪深300,CSI 300 Index,CSI 300,3986.78,4006.93,3961.46,3988.62,-8.96,-0.22,13586211800.0,1787.96,300.0,13.6,2019-04-12,13.6,1787.96
20190415,000300,沪深300指数,沪深300,CSI 300 Index,CSI 300,4056.49,4085.39,3974.23,3975.52,-13.09,-0.33,18264557100.0,2362.99,300.0,13.56,2019-04-15,13.56,2362.99
20190416,000300,沪深300指数,沪深300,CSI 300 Index,CSI 300,3958.1,4085.79,3943.49,4085.79,110.26,2.77,20204196600.0,2505.69,300.0,13.91,2019-04-16,13.91,2505.69
20190417,000300,沪深300指数,沪深300,CSI 300 Index,CSI 300,4080.72,4106.62,4057.5,4087.24,1.45,0.04,18036711700.0,2288.24,300.0,13.93,2019-04-17,13.93,2288.24
20190418,000300,沪深300指数,沪深300,CSI 300 Index,CSI 300,4085.11,4094.05,4056.24,4072.08,-15.16,-0.37,14656212300.0,1878.13,300.0,13.88,2019-04-18,13.88,1878.13
20190419,000300,沪深300指数,沪深300,CSI 300 Index,CSI 300,4076.3,4120.64,4046.2,4120.61,48.53,1.19,15079491000.0,1947.02,300.0,13.99,2019-04-19,13.99,1947.02
20190422,000300,沪深300指数,沪深300,CSI 300 Index,CSI 300,4125.97,4126.09,4015.47,4025.61,-95.0,-2.31,18935374500.0,2443.81,300.0,13.71,2019-04-22,13.71,2443.81
20190423,000300,沪深300指数,沪深300,CSI 300 Index,CSI 300,4021.63,4061.09,4005.28,4019.01,-6.61,-0.16,15561165000.0,2041.22,300.0,13.68,2019-04-23,13.68,2041.22
20190424,000300,沪深300指数,沪深300,CSI 300 Index,CSI 300,4033.63,4044.34,3967.81,4030.09,11.08,0.28,14549869500.0,1864.98,300.0,13.7,2019-04-24,13.7,1864.98
20190425,000300,沪深300指数,沪深300,CSI 300 Index,CSI 300,4013.6,4022.56,3938.33,3941.82,-88.27,-2.19,15972207100.0,1975.31,300.0,13.43,2019-04-25,13.43,1975.31
20190426,000300,沪深300指数,沪深300,CSI 300 Index,CSI 300,3921.89,3943.83,3887.25,3889.27,-52.54,-1.33,14200806800.0,1865.72,300.0,13.26,2019-04-26,13.26,1865.72
20190429,000300,沪深300指数,沪深300,CSI 300 Index,CSI 300,3896.58,3953.23,3875.45,3900.33,11.06,0.28,15387092700.0,2039.47,300.0,13.28,2019-04-29,13.28,2039.47
20190430,000300,沪深300指数,沪深300,CSI 300 Index,CSI 300,3887.18,3923.11,3885.15,3913.21,12.88,0.33,11623337600.0,1616.66,300.0,13.32,2019-04-30,13.32,1616.66
20190506,000300,沪深300指数,沪深300,CSI 300 Index,CSI 300,3775.08,3791.61,3647.14,3684.62,-228.59,-5.84,19747288200.0,2541.15,300.0,13.17,2019-05-06,13.17,2541.15
20190507,000300,沪深300指数,沪深300,CSI 300 Index,CSI 300,3702.27,3738.18,3671.83,3720.67,36.05,0.98,13284765400.0,1836.59,300.0,13.27,2019-05-07,13.27,1836.59
20190508,000300,沪深300指数,沪深300,CSI 300 Index,CSI 300,3648.55,3722.93,3642.5,3667.46,-53.21,-1.43,11286735500.0,1450.58,300.0,13.09,2019-05-08,13.09,1450.58
20190509,000300,沪深300指数,沪深300,CSI 300 Index,CSI 300,3637.35,3656.9,3584.82,3599.7,-67.76,-1.85,10103739400.0,1418.29,300.0,12.86,2019-05-09,12.86,1418.29
20190510,000300,沪深300指数,沪深300,CSI 300 Index,CSI 300,3643.06,3732.92,3589.29,3730.45,130.75,3.63,14800384700.0,1950.67,300.0,13.26,2019-05-10,13.26,1950.67
20190513,000300,沪深300指数,沪深300,CSI 300 Index,CSI 300,3675.76,3702.9,3658.0,3668.73,-61.73,-1.65,10339186000.0,1350.54,300.0,13.07,2019-05-13,13.07,1350.54
20190514,000300,沪深300指数,沪深300,CSI 300 Index,CSI 300,3630.44,3683.26,3630.44,3645.15,-23.58,-0.64,10231346000.0,1352.63,300.0,12.99,2019-05-14,12.99,1352.63
20190515,000300,沪深300指数,沪深300,CSI 300 Index,CSI 300,3674.99,3741.04,3674.99,3727.09,81.94,2.25,11016176900.0,1525.35,300.0,13.25,2019-05-15,13.25,1525.35
20190516,000300,沪深300指数,沪深300,CSI 300 Index,CSI 300,3720.04,3745.14,3707.9,3743.96,16.87,0.45,11625827400.0,1398.52,300.0,13.31,2019-05-16,13.31,1398.52
20190517,000300,沪深300指数,沪深300,CSI 300 Index,CSI 300,3744.88,3745.36,3637.58,3648.76,-95.2,-2.54,12845324500.0,1540.92,300.0,13.01,2019-05-17,13.01,1540.92
20190520,000300,沪深300指数,沪深300,CSI 300 Index,CSI 300,3635.74,3644.5,3583.83,3617.79,-30.97,-0.85,10896347700.0,1341.94,300.0,12.95,2019-05-20,12.95,1341.94
20190521,000300,沪深300指数,沪深300,CSI 300 Index,CSI 300,3619.44,3690.09,3610.68,3666.78,48.98,1.35,11102292000.0,1330.71,300.0,13.09,2019-05-21,13.09,1330.71
20190522,000300,沪深300指数,沪深300,CSI 300 Index,CSI 300,3663.15,3679.27,3634.75,3649.38,-17.4,-0.47,9834612800.0,1217.75,300.0,13.04,2019-05-22,13.04,1217.75
20190523,000300,沪深300指数,沪深300,CSI 300 Index,CSI 300,3629.53,3631.47,3578.11,3583.96,-65.42,-1.79,9989778100.0,1256.12,300.0,12.85,2019-05-23,12.85,1256.12
20190524,000300,沪深300指数,沪深300,CSI 300 Index,CSI 300,3584.9,3623.39,3580.79,3593.91,9.95,0.28,8093404800.0,1013.37,300.0,12.87,2019-05-24,12.87,1013.37
20190527,000300,沪深300指数,沪深300,CSI 300 Index,CSI 300,3592.6,3648.03,3556.26,3637.2,43.28,1.2,10883087100.0,1333.99,300.0,13.0,2019-05-27,13.0,1333.99
20190528,000300,沪深300指数,沪深300,CSI 300 Index,CSI 300,3633.02,3683.23,3627.79,3672.26,35.06,0.96,11788624000.0,1489.66,300.0,13.12,2019-05-28,13.12,1489.66
20190529,000300,沪深300指数,沪深300,CSI 300 Index,CSI 300,3642.54,3693.23,3637.35,3663.91,-8.35,-0.23,9335544100.0,1200.02,300.0,13.1,2019-05-29,13.1,1200.02
20190530,000300,沪深300指数,沪深300,CSI 300 Index,CSI 300,3648.85,3650.97,3612.62,3641.18,-22.73,-0.62,9420256100.0,1128.64,300.0,13.04,2019-05-30,13.04,1128.64
20190531,000300,沪深300指数,沪深300,CSI 300 Index,CSI 300,3641.0,3668.18,3627.54,3629.79,-11.39,-0.31,8922226700.0,1082.64,300.0,12.99,2019-05-31,12.99,1082.64
20190603,000300,沪深300指数,沪深300,CSI 300 Index,CSI 300,3640.61,3672.81,3613.13,3632.01,2.22,0.06,10072318000.0,1239.02,300.0,12.99,2019-06-03,12.99,1239.02
20190604,000300,沪深300指数,沪深300,CSI 300 Index,CSI 300,3632.56,3636.13,3584.46,3598.47,-33.55,-0.92,8709709400.0,1094.67,300.0,12.89,2019-06-04,12.89,1094.67
20190605,000300,沪深300指数,沪深300,CSI 300 Index,CSI 300,3627.79,3634.45,3593.95,3597.11,-1.36,-0.04,8864202000.0,1146.34,300.0,12.89,2019-06-05,12.89,1146.34
20190606,000300,沪深300指数,沪深300,CSI 300 Index,CSI 300,3601.04,3601.04,3557.02,3564.68,-32.43,-0.9,8553440300.0,1043.67,300.0,12.78,2019-06-06,12.78,1043.67
20190610,000300,沪深300指数,沪深300,CSI 300 Index,CSI 300,3578.01,3623.73,3568.28,3610.74,46.07,1.29,9237506100.0,1173.47,300.0,12.91,2019-06-10,12.91,1173.47
20190611,000300,沪深300指数,沪深300,CSI 300 Index,CSI 300,3617.52,3723.14,3617.52,3719.28,108.53,3.01,14348280600.0,1808.99,300.0,13.23,2019-06-11,13.23,1808.99
20190612,000300,沪深300指数,沪深300,CSI 300 Index,CSI 300,3706.86,3711.88,3683.94,3691.1,-28.18,-0.76,11917885300.0,1322.96,300.0,13.13,2019-06-12,13.13,1322.96
20190613,000300,沪深300指数,沪深300,CSI 300 Index,CSI 300,3689.58,3697.59,3654.27,3685.39,-5.7,-0.15,9633171800.0,1104.6,300.0,13.11,2019-06-13,13.11,1104.6
20190614,000300,沪深300指数,沪深300,CSI 300 Index,CSI 300,3690.48,3709.65,3650.91,3654.88,-30.51,-0.83,10181700400.0,1165.84,300.0,13.02,2019-06-14,13.02,1165.84
20190617,000300,沪深300指数,沪深300,CSI 300 Index,CSI 300,3654.44,3683.77,3645.5,3654.82,-0.06,0.0,7297667800.0,930.93,300.0,13.25,2019-06-17,13.25,930.93
20190618,000300,沪深300指数,沪深300,CSI 300 Index,CSI 300,3661.13,3675.65,3638.78,3667.62,12.79,0.35,7069226600.0,894.73,300.0,13.27,2019-06-18,13.27,894.73
20190619,000300,沪深300指数,沪深300,CSI 300 Index,CSI 300,3761.34,3771.35,3715.13,3715.94,48.32,1.32,12559571500.0,1725.74,300.0,13.4,2019-06-19,13.4,1725.74
20190620,000300,沪深300指数,沪深300,CSI 300 Index,CSI 300,3718.94,3845.79,3717.19,3828.52,112.58,3.03,16887207300.0,2277.27,300.0,13.76,2019-06-20,13.76,2277.27
20190621,000300,沪深300指数,沪深300,CSI 300 Index,CSI 300,3832.73,3856.09,3817.31,3833.94,5.42,0.14,15363515500.0,1999.62,300.0,13.8,2019-06-21,13.8,1999.62
20190624,000300,沪深300指数,沪深300,CSI 300 Index,CSI 300,3836.31,3853.55,3819.77,3841.27,7.33,0.19,10008462100.0,1436.45,300.0,13.83,2019-06-24,13.83,1436.45
20190625,000300,沪深300指数,沪深300,CSI 300 Index,CSI 300,3837.43,3838.06,3755.01,3801.31,-39.96,-1.04,12407591200.0,1693.59,300.0,13.71,2019-06-25,13.71,1693.59
20190626,000300,沪深300指数,沪深300,CSI 300 Index,CSI 300,3779.51,3809.76,3771.72,3794.33,-6.98,-0.18,8182028300.0,1121.07,300.0,13.68,2019-06-26,13.68,1121.07
20190627,000300,沪深300指数,沪深300,CSI 300 Index,CSI 300,3807.54,3854.08,3805.83,3834.82,40.49,1.07,10531635800.0,1564.83,300.0,13.79,2019-06-27,13.79,1564.83
20190628,000300,沪深300指数,沪深300,CSI 300 Index,CSI 300,3832.06,3835.23,3803.05,3825.59,-9.23,-0.24,8476613900.0,1165.12,300.0,13.72,2019-06-28,13.72,1165.12
20190701,000300,沪深300指数,沪深300,CSI 300 Index,CSI 300,3899.33,3936.67,3886.91,3935.81,110.22,2.88,15837034000.0,2174.7,300.0,14.06,2019-07-01,14.06,2174.7
20190702,000300,沪深300指数,沪深300,CSI 300 Index,CSI 300,3931.05,3942.43,3918.94,3937.17,1.36,0.03,13186349600.0,1739.97,300.0,14.06,2019-07-02,14.06,1739.97
20190703,000300,沪深300指数,沪深300,CSI 300 Index,CSI 300,3927.44,3927.44,3878.84,3893.53,-43.64,-1.11,11199260300.0,1631.46,300.0,13.9,2019-07-03,13.9,1631.46
20190704,000300,沪深300指数,沪深300,CSI 300 Index,CSI 300,3895.2,3906.89,3854.69,3873.1,-20.43,-0.52,9934225600.0,1426.69,300.0,13.84,2019-07-04,13.84,1426.69
20190705,000300,沪深300指数,沪深300,CSI 300 Index,CSI 300,3875.37,3900.31,3857.93,3893.2,20.1,0.52,7400652700.0,1162.37,300.0,13.88,2019-07-05,13.88,1162.37
20190708,000300,沪深300指数,沪深300,CSI 300 Index,CSI 300,3875.75,3875.75,3775.03,3802.79,-90.41,-2.32,10953908600.0,1471.98,300.0,13.57,2019-07-08,13.57,1471.98
20190709,000300,沪深300指数,沪深300,CSI 300 Index,CSI 300,3798.1,3811.1,3774.76,3793.13,-9.66,-0.25,7484273200.0,1131.48,300.0,13.53,2019-07-09,13.53,1131.48
20190710,000300,沪深300指数,沪深300,CSI 300 Index,CSI 300,3807.95,3810.4,3774.23,3786.74,-6.39,-0.17,7283394800.0,1013.55,300.0,13.49,2019-07-10,13.49,1013.55
20190711,000300,沪深300指数,沪深300,CSI 300 Index,CSI 300,3806.19,3830.74,3774.41,3785.22,-1.52,-0.04,7531196500.0,1136.75,300.0,13.49,2019-07-11,13.49,1136.75
20190712,000300,沪深300指数,沪深300,CSI 300 Index,CSI 300,3783.07,3820.24,3774.52,3808.73,23.51,0.62,7546596700.0,1070.08,300.0,13.57,2019-07-12,13.57,1070.08
20190715,000300,沪深300指数,沪深300,CSI 300 Index,CSI 300,3792.64,3844.87,3745.85,3824.19,15.46,0.41,10120522200.0,1424.93,300.0,13.61,2019-07-15,13.61,1424.93
20190716,000300,沪深300指数,沪深300,CSI 300 Index,CSI 300,3819.25,3828.33,3799.87,3806.84,-17.34,-0.45,8073095200.0,1084.5,300.0,13.56,2019-07-16,13.56,1084.5
20190717,000300,沪深300指数,沪深300,CSI 300 Index,CSI 300,3800.11,3820.27,3787.9,3804.64,-2.21,-0.06,9518388500.0,1167.67,300.0,13.55,2019-07-17,13.55,1167.67
20190718,000300,沪深300指数,沪深300,CSI 300 Index,CSI 300,3793.19,3793.39,3768.0,3768.4,-36.24,-0.95,8749644500.0,1116.69,300.0,13.43,2019-07-18,13.43,1116.69
20190719,000300,沪深300指数,沪深300,CSI 300 Index,CSI 300,3787.51,3828.15,3787.51,3807.96,39.55,1.05,8808614900.0,1177.98,300.0,13.56,2019-07-19,13.56,1177.98
20190722,000300,沪深300指数,沪深300,CSI 300 Index,CSI 300,3813.5,3816.54,3765.44,3781.68,-26.27,-0.69,9210137700.0,1178.1,300.0,13.47,2019-07-22,13.47,1178.1
20190723,000300,沪深300指数,沪深300,CSI 300 Index,CSI 300,3783.54,3792.96,3768.76,3789.91,8.23,0.22,7131334600.0,1038.67,300.0,13.5,2019-07-23,13.5,1038.67
20190724,000300,沪深300指数,沪深300,CSI 300 Index,CSI 300,3803.59,3840.06,3803.57,3819.83,29.92,0.79,9094068400.0,1299.41,300.0,13.6,2019-07-24,13.6,1299.41
20190725,000300,沪深300指数,沪深300,CSI 300 Index,CSI 300,3821.39,3851.07,3812.95,3851.07,31.23,0.82,9374041700.0,1259.0,300.0,13.69,2019-07-25,13.69,1259.0
20190726,000300,沪深300指数,沪深300,CSI 300 Index,CSI 300,3835.23,3863.59,3832.52,3858.57,7.5,0.19,8325930000.0,1109.3,300.0,13.72,2019-07-26,13.72,1109.3
20190729,000300,沪深300指数,沪深300,CSI 300 Index,CSI 300,3857.94,3862.75,3842.43,3854.27,-4.3,-0.11,8481437000.0,1116.79,300.0,13.7,2019-07-29,13.7,1116.79
20190730,000300,沪深300指数,沪深300,CSI 300 Index,CSI 300,3861.57,3890.73,3861.57,3870.32,16.05,0.42,9412395500.0,1204.8,300.0,13.75,2019-07-30,13.75,1204.8
20190731,000300,沪深300指数,沪深300,CSI 300 Index,CSI 300,3856.75,3856.75,3830.09,3835.36,-34.96,-0.9,8215115500.0,1110.84,300.0,13.65,2019-07-31,13.65,1110.84
20190801,000300,沪深300指数,沪深300,CSI 300 Index,CSI 300,3819.32,3831.26,3791.55,3803.47,-31.89,-0.83,8411418000.0,1176.49,300.0,13.53,2019-08-01,13.53,1176.49
20190802,000300,沪深300指数,沪深300,CSI 300 Index,CSI 300,3729.13,3754.53,3720.06,3747.44,-56.03,-1.47,10833589700.0,1418.75,300.0,13.34,2019-08-02,13.34,1418.75
20190805,000300,沪深300指数,沪深300,CSI 300 Index,CSI 300,3724.41,3739.5,3675.69,3675.69,-71.75,-1.91,10132598100.0,1330.61,300.0,13.09,2019-08-05,13.09,1330.61
20190806,000300,沪深300指数,沪深300,CSI 300 Index,CSI 300,3609.11,3649.9,3575.86,3636.33,-39.36,-1.07,12983387100.0,1672.67,300.0,12.95,2019-08-06,12.95,1672.67
20190807,000300,沪深300指数,沪深300,CSI 300 Index,CSI 300,3654.63,3659.08,3621.43,3621.43,-14.9,-0.41,8423871600.0,1086.68,300.0,12.89,2019-08-07,12.89,1086.68
20190808,000300,沪深300指数,沪深300,CSI 300 Index,CSI 300,3651.36,3675.46,3646.94,3669.29,47.86,1.32,8845770700.0,1149.82,300.0,13.05,2019-08-08,13.05,1149.82
20190809,000300,沪深300指数,沪深300,CSI 300 Index,CSI 300,3686.75,3689.18,3628.12,3633.53,-35.76,-0.97,8529558000.0,1163.56,300.0,12.95,2019-08-09,12.95,1163.56
20190812,000300,沪深300指数,沪深300,CSI 300 Index,CSI 300,3647.87,3699.1,3643.32,3699.1,65.58,1.8,8208305600.0,1211.29,300.0,13.16,2019-08-12,13.16,1211.29
20190813,000300,沪深300指数,沪深300,CSI 300 Index,CSI 300,3675.59,3686.43,3658.01,3665.75,-33.35,-0.9,7650030200.0,1037.64,300.0,13.06,2019-08-13,13.06,1037.64
20190814,000300,沪深300指数,沪深300,CSI 300 Index,CSI 300,3712.07,3717.56,3680.61,3682.4,16.65,0.45,9120259000.0,1283.02,300.0,13.12,2019-08-14,13.12,1283.02
20190815,000300,沪深300指数,沪深300,CSI 300 Index,CSI 300,3618.01,3694.3,3612.11,3694.0,11.6,0.31,8859883200.0,1192.41,300.0,13.16,2019-08-15,13.16,1192.41
20190816,000300,沪深300指数,沪深300,CSI 300 Index,CSI 300,3697.94,3738.1,3687.08,3710.54,16.54,0.45,8831916900.0,1326.97,300.0,13.19,2019-08-16,13.19,1326.97
20190819,000300,沪深300指数,沪深300,CSI 300 Index,CSI 300,3736.03,3791.09,3720.69,3791.09,80.56,2.17,13932701300.0,1954.49,300.0,13.46,2019-08-19,13.46,1954.49
20190820,000300,沪深300指数,沪深300,CSI 300 Index,CSI 300,3786.03,3799.9,3778.73,3787.73,-3.36,-0.09,10860208800.0,1491.15,300.0,13.44,2019-08-20,13.44,1491.15
20190821,000300,沪深300指数,沪深300,CSI 300 Index,CSI 300,3778.31,3792.6,3775.45,3781.76,-5.97,-0.16,8229988000.0,1216.89,300.0,13.43,2019-08-21,13.43,1216.89
20190822,000300,沪深300指数,沪深300,CSI 300 Index,CSI 300,3793.86,3797.33,3771.2,3793.51,11.75,0.31,8580779200.0,1207.08,300.0,13.45,2019-08-22,13.45,1207.08
20190823,000300,沪深300指数,沪深300,CSI 300 Index,CSI 300,3796.88,3829.36,3788.03,3820.86,27.36,0.72,8795458300.0,1378.02,300.0,13.53,2019-08-23,13.53,1378.02
20190826,000300,沪深300指数,沪深300,CSI 300 Index,CSI 300,3756.36,3778.87,3753.16,3765.91,-54.95,-1.44,9385926900.0,1423.51,300.0,13.35,2019-08-26,13.35,1423.51
20190827,000300,沪深300指数,沪深300,CSI 300 Index,CSI 300,3791.46,3848.24,3790.87,3816.95,51.04,1.36,12473147800.0,1817.49,300.0,13.53,2019-08-27,13.53,1817.49
20190828,000300,沪深300指数,沪深300,CSI 300 Index,CSI 300,3818.81,3822.59,3790.14,3802.58,-14.36,-0.38,8875081200.0,1376.67,300.0,13.48,2019-08-28,13.48,1376.67
20190829,000300,沪深300指数,沪深300,CSI 300 Index,CSI 300,3805.49,3808.6,3774.4,3790.19,-12.4,-0.33,8408338700.0,1264.76,300.0,13.45,2019-08-29,13.45,1264.76
20190830,000300,沪深300指数,沪深300,CSI 300 Index,CSI 300,3816.68,3828.97,3778.92,3799.59,9.4,0.25,9669515000.0,1524.09,300.0,13.47,2019-08-30,13.47,1524.09
20190902,000300,沪深300指数,沪深300,CSI 300 Index,CSI 300,3803.69,3855.78,3799.82,3848.32,48.73,1.28,11028934900.0,1649.94,300.0,12.75,2019-09-02,12.75,1649.94
20190903,000300,沪深300指数,沪深300,CSI 300 Index,CSI 300,3852.58,3856.68,3833.76,3853.61,5.29,0.14,9771463100.0,1462.71,300.0,12.78,2019-09-03,12.78,1462.71
20190904,000300,沪深300指数,沪深300,CSI 300 Index,CSI 300,3848.65,3886.0,3846.42,3886.0,32.39,0.84,12662861500.0,1768.4,300.0,12.89,2019-09-04,12.89,1768.4
20190905,000300,沪深300指数,沪深300,CSI 300 Index,CSI 300,3909.21,3970.0,3909.21,3925.32,39.32,1.01,18165623100.0,2446.81,300.0,13.01,2019-09-05,13.01,2446.81
20190906,000300,沪深300指数,沪深300,CSI 300 Index,CSI 300,3946.69,3948.54,3922.34,3948.51,23.18,0.59,12188237600.0,1817.18,300.0,13.08,2019-09-06,13.08,1817.18
20190909,000300,沪深300指数,沪深300,CSI 300 Index,CSI 300,3980.96,3985.24,3954.88,3972.95,24.44,0.62,14680975400.0,2095.45,300.0,13.15,2019-09-09,13.15,2095.45
20190910,000300,沪深300指数,沪深300,CSI 300 Index,CSI 300,3976.87,3976.92,3938.74,3959.27,-13.68,-0.34,13088938600.0,1844.94,300.0,13.12,2019-09-10,13.12,1844.94
20190911,000300,沪深300指数,沪深300,CSI 300 Index,CSI 300,3969.68,3971.22,3922.95,3930.1,-29.17,-0.74,13159487500.0,1901.65,300.0,13.04,2019-09-11,13.04,1901.65
20190912,000300,沪深300指数,沪深300,CSI 300 Index,CSI 300,3944.69,3975.93,3933.44,3972.38,42.28,1.08,11024127300.0,1567.51,300.0,13.16,2019-09-12,13.16,1567.51
20190916,000300,沪深300指数,沪深300,CSI 300 Index,CSI 300,3981.36,3982.2,3943.37,3957.72,-14.66,-0.37,11025980500.0,1547.37,300.0,13.13,2019-09-16,13.13,1547.37
20190917,000300,沪深300指数,沪深300,CSI 300 Index,CSI 300,3947.16,3947.16,3879.49,3891.22,-66.49,-1.68,11369431700.0,1548.99,300.0,12.92,2019-09-17,12.92,1548.99
20190918,000300,沪深300指数,沪深300,CSI 300 Index,CSI 300,3902.99,3923.15,3902.51,3910.08,18.86,0.48,8205615200.0,1301.6,300.0,12.96,2019-09-18,12.96,1301.6
20190919,000300,沪深300指数,沪深300,CSI 300 Index,CSI 300,3923.96,3924.38,3897.07,3924.38,14.3,0.37,8598423800.0,1274.22,300.0,13.01,2019-09-19,13.01,1274.22
20190920,000300,沪深300指数,沪深300,CSI 300 Index,CSI 300,3933.46,3942.22,3921.41,3935.65,11.27,0.29,10345595500.0,1531.63,300.0,13.05,2019-09-20,13.05,1531.63
20190923,000300,沪深300指数,沪深300,CSI 300 Index,CSI 300,3925.19,3925.19,3868.21,3890.66,-44.99,-1.14,9403622500.0,1392.24,300.0,12.91,2019-09-23,12.91,1392.24
20190924,000300,沪深300指数,沪深300,CSI 300 Index,CSI 300,3895.87,3927.01,3886.14,3901.08,10.41,0.27,8778323000.0,1423.41,300.0,12.94,2019-09-24,12.94,1423.41
20190925,000300,沪深300指数,沪深300,CSI 300 Index,CSI 300,3887.55,3889.84,3867.23,3870.98,-30.09,-0.77,8952083500.0,1332.24,300.0,12.83,2019-09-25,12.83,1332.24
20190926,000300,沪深300指数,沪深300,CSI 300 Index,CSI 300,3884.7,3890.75,3840.25,3841.14,-29.84,-0.77,10269830100.0,1508.07,300.0,12.75,2019-09-26,12.75,1508.07
20190927,000300,沪深300指数,沪深300,CSI 300 Index,CSI 300,3843.46,3859.5,3832.25,3852.65,11.51,0.3,7400394700.0,1091.3,300.0,12.77,2019-09-27,12.77,1091.3
20190930,000300,沪深300指数,沪深300,CSI 300 Index,CSI 300,3842.07,3857.23,3813.55,3814.53,-38.13,-0.99,6593131300.0,1004.87,300.0,12.66,2019-09-30,12.66,1004.87
20191008,000300,沪深300指数,沪深300,CSI 300 Index,CSI 300,3818.59,3861.64,3818.59,3837.68,23.15,0.61,7665786000.0,1183.66,300.0,12.71,2019-10-08,12.71,1183.66
20191009,000300,沪深300指数,沪深300,CSI 300 Index,CSI 300,3822.61,3845.34,3805.07,3843.24,5.56,0.14,7585451200.0,1124.06,300.0,12.74,2019-10-09,12.74,1124.06
20191010,000300,沪深300指数,沪深300,CSI 300 Index,CSI 300,3838.49,3877.14,3829.43,3874.64,31.4,0.82,7922269400.0,1274.74,300.0,12.83,2019-10-10,12.83,1274.74
20191011,000300,沪深300指数,沪深300,CSI 300 Index,CSI 300,3885.52,3922.37,3868.84,3911.73,37.09,0.96,9341257700.0,1398.17,300.0,12.96,2019-10-11,12.96,1398.17
20191014,000300,沪深300指数,沪深300,CSI 300 Index,CSI 300,3944.86,3983.81,3934.73,3953.24,41.52,1.06,12239361100.0,1678.57,300.0,13.1,2019-10-14,13.1,1678.57
20191015,000300,沪深300指数,沪深300,CSI 300 Index,CSI 300,3953.16,3953.16,3928.15,3936.25,-16.99,-0.43,8527394900.0,1251.17,300.0,13.05,2019-10-15,13.05,1251.17
20191016,000300,沪深300指数,沪深300,CSI 300 Index,CSI 300,3939.28,3964.05,3919.02,3922.69,-13.56,-0.34,8322970700.0,1285.59,300.0,13.0,2019-10-16,13.0,1285.59
20191017,000300,沪深300指数,沪深300,CSI 300 Index,CSI 300,3929.39,3935.81,3913.92,3925.22,2.54,0.06,6486374500.0,999.92,300.0,13.01,2019-10-17,13.01,999.92
20191018,000300,沪深300指数,沪深300,CSI 300 Index,CSI 300,3935.42,3940.54,3864.97,3869.38,-55.84,-1.42,8232114000.0,1221.87,300.0,12.85,2019-10-18,12.85,1221.87
20191021,000300,沪深300指数,沪深300,CSI 300 Index,CSI 300,3865.34,3884.74,3856.04,3880.84,11.46,0.3,7418291800.0,1108.58,300.0,12.9,2019-10-21,12.9,1108.58
20191022,000300,沪深300指数,沪深300,CSI 300 Index,CSI 300,3896.31,3897.44,3870.55,3895.88,15.04,0.39,6891856600.0,1028.43,300.0,12.95,2019-10-22,12.95,1028.43
20191023,000300,沪深300指数,沪深300,CSI 300 Index,CSI 300,3892.68,3901.42,3862.2,3871.08,-24.8,-0.64,7019862500.0,997.34,300.0,12.89,2019-10-23,12.89,997.34
20191024,000300,沪深300指数,沪深300,CSI 300 Index,CSI 300,3877.92,3890.2,3852.58,3870.67,-0.42,-0.01,7133457500.0,1050.97,300.0,12.89,2019-10-24,12.89,1050.97
20191025,000300,沪深300指数,沪深300,CSI 300 Index,CSI 300,3871.77,3899.72,3849.03,3896.79,26.12,0.67,7745362000.0,1266.77,300.0,12.97,2019-10-25,12.97,1266.77
20191028,000300,沪深300指数,沪深300,CSI 300 Index,CSI 300,3904.98,3927.8,3897.82,3926.59,29.79,0.76,9740602000.0,1507.62,300.0,13.06,2019-10-28,13.06,1507.62
20191029,000300,沪深300指数,沪深300,CSI 300 Index,CSI 300,3929.71,3932.37,3910.23,3910.23,-16.36,-0.42,8225707500.0,1396.11,300.0,12.99,2019-10-29,12.99,1396.11
20191030,000300,沪深300指数,沪深300,CSI 300 Index,CSI 300,3904.72,3908.1,3883.45,3891.23,-19.0,-0.49,7787292300.0,1226.11,300.0,12.95,2019-10-30,12.95,1226.11
20191031,000300,沪深300指数,沪深300,CSI 300 Index,CSI 300,3906.86,3907.15,3878.88,3886.75,-4.47,-0.11,8671453900.0,1350.12,300.0,12.92,2019-10-31,12.92,1350.12
20191101,000300,沪深300指数,沪深300,CSI 300 Index,CSI 300,3883.81,3956.08,3876.42,3952.39,65.64,1.69,10068961200.0,1514.71,300.0,12.8,2019-11-01,12.8,1514.71
20191104,000300,沪深300指数,沪深300,CSI 300 Index,CSI 300,3964.01,3985.36,3964.01,3978.12,25.73,0.65,10419385500.0,1544.85,300.0,12.88,2019-11-04,12.88,1544.85
20191105,000300,沪深300指数,沪深300,CSI 300 Index,CSI 300,3982.12,4030.64,3970.87,4002.81,24.69,0.62,11291188000.0,1633.18,300.0,12.96,2019-11-05,12.96,1633.18
20191106,000300,沪深300指数,沪深300,CSI 300 Index,CSI 300,4006.33,4007.5,3973.78,3984.88,-17.93,-0.45,9731295200.0,1398.6,300.0,12.91,2019-11-06,12.91,1398.6
20191107,000300,沪深300指数,沪深300,CSI 300 Index,CSI 300,3984.55,4005.38,3975.55,3991.87,6.99,0.18,8725489800.0,1177.52,300.0,12.91,2019-11-07,12.91,1177.52
20191108,000300,沪深300指数,沪深300,CSI 300 Index,CSI 300,4017.67,4022.04,3971.57,3973.01,-18.86,-0.47,9710694800.0,1390.27,300.0,12.85,2019-11-08,12.85,1390.27
20191111,000300,沪深300指数,沪深300,CSI 300 Index,CSI 300,3948.62,3948.62,3897.55,3902.98,-70.03,-1.76,9415562100.0,1303.3,300.0,12.63,2019-11-11,12.63,1303.3
20191112,000300,沪深300指数,沪深300,CSI 300 Index,CSI 300,3905.96,3914.88,3877.74,3903.69,0.71,0.02,7654306900.0,1088.28,300.0,12.64,2019-11-12,12.64,1088.28
20191113,000300,沪深300指数,沪深300,CSI 300 Index,CSI 300,3905.28,3908.42,3882.43,3899.98,-3.71,-0.09,7674907800.0,1120.57,300.0,12.61,2019-11-13,12.61,1120.57
20191114,000300,沪深300指数,沪深300,CSI 300 Index,CSI 300,3905.93,3916.95,3895.14,3905.86,5.88,0.15,8700844600.0,1197.92,300.0,12.62,2019-11-14,12.62,1197.92
20191115,000300,沪深300指数,沪深300,CSI 300 Index,CSI 300,3908.49,3915.1,3877.09,3877.09,-28.77,-0.74,8373091700.0,1154.23,300.0,12.54,2019-11-15,12.54,1154.23
20191118,000300,沪深300指数,沪深300,CSI 300 Index,CSI 300,3874.44,3913.1,3868.32,3907.93,30.84,0.8,7664599300.0,1070.86,300.0,12.62,2019-11-18,12.62,1070.86
20191119,000300,沪深300指数,沪深300,CSI 300 Index,CSI 300,3904.1,3947.04,3902.38,3947.04,39.11,1.0,8216102500.0,1232.27,300.0,12.73,2019-11-19,12.73,1232.27
20191120,000300,沪深300指数,沪深300,CSI 300 Index,CSI 300,3940.13,3943.23,3901.99,3907.86,-39.18,-0.99,7681533300.0,1180.03,300.0,12.62,2019-11-20,12.62,1180.03
20191121,000300,沪深300指数,沪深300,CSI 300 Index,CSI 300,3894.54,3901.83,3875.97,3889.6,-18.27,-0.47,6913053800.0,1041.48,300.0,12.57,2019-11-21,12.57,1041.48
20191122,000300,沪深300指数,沪深300,CSI 300 Index,CSI 300,3894.17,3918.84,3833.5,3849.99,-39.6,-1.02,9104263900.0,1469.81,300.0,12.46,2019-11-22,12.46,1469.81
20191125,000300,沪深300指数,沪深300,CSI 300 Index,CSI 300,3850.97,3878.25,3839.42,3878.21,28.21,0.73,10606628900.0,1408.51,300.0,12.56,2019-11-25,12.56,1408.51
20191126,000300,沪深300指数,沪深300,CSI 300 Index,CSI 300,3893.43,3899.11,3869.59,3891.65,13.45,0.35,11151353700.0,1402.14,300.0,12.61,2019-11-26,12.61,1402.14
20191127,000300,沪深300指数,沪深300,CSI 300 Index,CSI 300,3883.43,3889.98,3862.7,3875.62,-16.03,-0.41,7643730500.0,1072.39,300.0,12.56,2019-11-27,12.56,1072.39
20191128,000300,沪深300指数,沪深300,CSI 300 Index,CSI 300,3877.9,3887.69,3852.01,3862.3,-13.32,-0.34,6523011900.0,870.82,300.0,12.51,2019-11-28,12.51,870.82
20191129,000300,沪深300指数,沪深300,CSI 300 Index,CSI 300,3857.19,3861.66,3804.83,3828.67,-33.63,-0.87,7414433100.0,1162.01,300.0,12.4,2019-11-29,12.4,1162.01
20191202,000300,沪深300指数,沪深300,CSI 300 Index,CSI 300,3835.51,3854.75,3829.31,3836.06,7.39,0.19,7741217300.0,1099.93,300.0,12.42,2019-12-02,12.42,1099.93
20191203,000300,沪深300指数,沪深300,CSI 300 Index,CSI 300,3829.21,3851.12,3811.63,3851.09,15.03,0.39,7361124000.0,1087.04,300.0,12.46,2019-12-03,12.46,1087.04
20191204,000300,沪深300指数,沪深300,CSI 300 Index,CSI 300,3841.66,3852.99,3831.07,3849.82,-1.27,-0.03,7968338500.0,1096.46,300.0,12.43,2019-12-04,12.43,1096.46
20191205,000300,沪深300指数,沪深300,CSI 300 Index,CSI 300,3863.61,3883.4,3859.82,3879.36,29.54,0.77,8905119300.0,1293.58,300.0,12.53,2019-12-05,12.53,1293.58
20191206,000300,沪深300指数,沪深300,CSI 300 Index,CSI 300,3885.06,3902.39,3878.7,3902.39,23.02,0.59,7864888700.0,1164.25,300.0,12.59,2019-12-06,12.59,1164.25
20191209,000300,沪深300指数,沪深300,CSI 300 Index,CSI 300,3909.53,3911.97,3885.25,3895.45,-6.94,-0.18,9535380600.0,1308.73,300.0,12.58,2019-12-09,12.58,1308.73
20191210,000300,沪深300指数,沪深300,CSI 300 Index,CSI 300,3886.44,3900.96,3882.09,3900.38,4.94,0.13,8626292800.0,1211.18,300.0,12.58,2019-12-10,12.58,1211.18
20191211,000300,沪深300指数,沪深300,CSI 300 Index,CSI 300,3907.16,3909.39,3890.34,3902.75,2.36,0.06,9976548000.0,1276.9,300.0,12.6,2019-12-11,12.6,1276.9
20191212,000300,沪深300指数,沪深300,CSI 300 Index,CSI 300,3908.45,3908.45,3886.12,3891.02,-11.73,-0.3,8470833000.0,1178.74,300.0,12.57,2019-12-12,12.57,1178.74
20191213,000300,沪深300指数,沪深300,CSI 300 Index,CSI 300,3928.0,3969.46,3925.28,3968.22,77.2,1.98,14857134900.0,2010.19,300.0,12.82,2019-12-13,12.82,2010.19
20191216,000300,沪深300指数,沪深300,CSI 300 Index,CSI 300,3970.71,3987.59,3953.51,3987.55,19.33,0.49,14848667000.0,2021.55,300.0,13.07,2019-12-16,13.07,2021.55
20191217,000300,沪深300指数,沪深300,CSI 300 Index,CSI 300,3987.74,4067.14,3984.52,4041.8,54.25,1.36,20116293700.0,2516.38,300.0,13.24,2019-12-17,13.24,2516.38
20191218,000300,沪深300指数,沪深300,CSI 300 Index,CSI 300,4039.72,4057.64,4025.34,4032.78,-9.02,-0.22,15135176400.0,1976.2,300.0,13.22,2019-12-18,13.22,1976.2
20191219,000300,沪深300指数,沪深300,CSI 300 Index,CSI 300,4034.62,4038.54,4014.9,4027.15,-5.63,-0.14,11790055800.0,1525.54,300.0,13.2,2019-12-19,13.2,1525.54
20191220,000300,沪深300指数,沪深300,CSI 300 Index,CSI 300,4032.15,4046.73,4014.93,4017.25,-9.9,-0.25,12126766200.0,1584.6,300.0,13.17,2019-12-20,13.17,1584.6
20191223,000300,沪深300指数,沪深300,CSI 300 Index,CSI 300,4014.69,4032.17,3964.38,3967.1,-50.16,-1.25,12281624600.0,1620.48,300.0,13.0,2019-12-23,13.0,1620.48
20191224,000300,沪深300指数,沪深300,CSI 300 Index,CSI 300,3971.56,3994.51,3963.67,3992.96,25.86,0.65,9598904500.0,1224.99,300.0,13.07,2019-12-24,13.07,1224.99
20191225,000300,沪深300指数,沪深300,CSI 300 Index,CSI 300,3988.66,4000.56,3976.36,3990.87,-2.09,-0.05,9493889000.0,1318.96,300.0,13.06,2019-12-25,13.06,1318.96
20191226,000300,沪深300指数,沪深300,CSI 300 Index,CSI 300,3993.67,4025.99,3993.54,4025.99,35.12,0.88,10886064000.0,1408.15,300.0,13.18,2019-12-26,13.18,1408.15
20191227,000300,沪深300指数,沪深300,CSI 300 Index,CSI 300,4029.25,4066.8,4019.72,4022.03,-3.96,-0.1,15092641100.0,1950.9,300.0,13.17,2019-12-27,13.17,1950.9
20191230,000300,沪深300指数,沪深300,CSI 300 Index,CSI 300,4015.52,4083.69,4001.5,4081.63,59.61,1.48,15597148800.0,2168.15,300.0,13.35,2019-12-30,13.35,2168.15
20191231,000300,沪深300指数,沪深300,CSI 300 Index,CSI 300,4077.75,4098.14,4069.01,4096.58,14.95,0.37,12326425800.0,1731.19,300.0,13.39,2019-12-31,13.39,1731.19
20200102,000300,沪深300指数,沪深300,CSI 300 Index,CSI 300,4121.35,4172.66,4121.35,4152.24,55.66,1.36,18211677200.0,2701.06,300.0,13.55,2020-01-02,13.55,2701.06
20200103,000300,沪深300指数,沪深300,CSI 300 Index,CSI 300,4161.22,4164.3,4131.86,4144.96,-7.28,-0.18,14282624400.0,2152.16,300.0,13.53,2020-01-03,13.53,2152.16
20200106,000300,沪深300指数,沪深300,CSI 300 Index,CSI 300,4120.52,4170.64,4102.38,4129.3,-15.67,-0.38,17530995300.0,2501.82,300.0,13.5,2020-01-06,13.5,2501.82
20200107,000300,沪深300指数,沪深300,CSI 300 Index,CSI 300,4137.4,4161.25,4135.1,4160.23,30.93,0.75,13948903100.0,1963.89,300.0,13.59,2020-01-07,13.59,1963.89
20200108,000300,沪深300指数,沪深300,CSI 300 Index,CSI 300,4139.63,4149.81,4101.98,4112.32,-47.91,-1.15,16758585000.0,2124.06,300.0,13.43,2020-01-08,13.43,2124.06
20200109,000300,沪深300指数,沪深300,CSI 300 Index,CSI 300,4145.53,4165.66,4143.59,4164.37,52.05,1.27,13688632400.0,2001.5,300.0,13.57,2020-01-09,13.57,2001.5
20200110,000300,沪深300指数,沪深300,CSI 300 Index,CSI 300,4177.58,4180.98,4148.48,4163.18,-1.18,-0.03,11303171900.0,1778.27,300.0,13.57,2020-01-10,13.57,1778.27
20200113,000300,沪深300指数,沪深300,CSI 300 Index,CSI 300,4166.93,4203.99,4148.6,4203.99,40.8,0.98,11969198200.0,1997.95,300.0,13.68,2020-01-13,13.68,1997.95
20200114,000300,沪深300指数,沪深300,CSI 300 Index,CSI 300,4215.16,4223.51,4188.08,4189.89,-14.1,-0.34,12932078300.0,1962.21,300.0,13.64,2020-01-14,13.64,1962.21
20200115,000300,沪深300指数,沪深300,CSI 300 Index,CSI 300,4186.88,4193.87,4150.88,4166.73,-23.15,-0.55,10463313600.0,1630.82,300.0,13.56,2020-01-15,13.56,1630.82
20200116,000300,沪深300指数,沪深300,CSI 300 Index,CSI 300,4174.82,4175.29,4142.18,4149.04,-17.69,-0.42,10026764200.0,1562.43,300.0,13.49,2020-01-16,13.49,1562.43
20200117,000300,沪深300指数,沪深300,CSI 300 Index,CSI 300,4162.19,4177.03,4141.64,4154.85,5.81,0.14,9872568200.0,1665.92,300.0,13.5,2020-01-17,13.5,1665.92
20200120,000300,沪深300指数,沪深300,CSI 300 Index,CSI 300,4170.74,4185.96,4149.49,4185.83,30.98,0.75,12240914700.0,2026.92,300.0,13.59,2020-01-20,13.59,2026.92
20200121,000300,沪深300指数,沪深300,CSI 300 Index,CSI 300,4165.02,4165.02,4113.33,4114.31,-71.52,-1.71,13052750700.0,2045.87,300.0,13.38,2020-01-21,13.38,2045.87
20200122,000300,沪深300指数,沪深300,CSI 300 Index,CSI 300,4093.8,4141.18,4046.49,4131.93,17.62,0.43,12675876300.0,2081.36,300.0,13.44,2020-01-22,13.44,2081.36
20200123,000300,沪深300指数,沪深300,CSI 300 Index,CSI 300,4093.32,4103.52,3972.39,4003.9,-128.03,-3.1,16035760300.0,2504.09,300.0,13.07,2020-01-23,13.07,2504.09
20200203,000300,沪深300指数,沪深300,CSI 300 Index,CSI 300,3639.91,3732.16,3639.91,3688.36,-315.54,-7.88,15755964700.0,2433.03,300.0,12.06,2020-02-03,12.06,2433.03
20200204,000300,沪深300指数,沪深300,CSI 300 Index,CSI 300,3652.0,3786.86,3652.0,3785.64,97.28,2.64,21393332800.0,2981.66,300.0,12.34,2020-02-04,12.34,2981.66
20200205,000300,沪深300指数,沪深300,CSI 300 Index,CSI 300,3801.1,3866.01,3781.61,3828.53,42.89,1.13,17492552400.0,2640.43,300.0,12.48,2020-02-05,12.48,2640.43
20200206,000300,沪深300指数,沪深300,CSI 300 Index,CSI 300,3841.75,3914.92,3806.96,3899.78,71.25,1.86,17646223500.0,2628.2,300.0,12.69,2020-02-06,12.69,2628.2
20200207,000300,沪深300指数,沪深300,CSI 300 Index,CSI 300,3879.55,3899.88,3849.71,3899.87,0.09,0.0,15173175900.0,2375.09,300.0,12.69,2020-02-07,12.69,2375.09
20200210,000300,沪深300指数,沪深300,CSI 300 Index,CSI 300,3872.37,3920.17,3861.01,3916.01,16.14,0.41,14840696900.0,2296.25,300.0,12.73,2020-02-10,12.73,2296.25
20200211,000300,沪深300指数,沪深300,CSI 300 Index,CSI 300,3926.42,3970.52,3915.71,3952.46,36.46,0.93,14344167400.0,2193.07,300.0,12.84,2020-02-11,12.84,2193.07
20200212,000300,沪深300指数,沪深300,CSI 300 Index,CSI 300,3945.67,3984.43,3940.67,3984.43,31.97,0.81,12671032100.0,2007.77,300.0,12.93,2020-02-12,12.93,2007.77
20200213,000300,沪深300指数,沪深300,CSI 300 Index,CSI 300,3985.88,3999.55,3950.14,3959.92,-24.51,-0.62,14500184300.0,2286.06,300.0,12.86,2020-02-13,12.86,2286.06
20200214,000300,沪深300指数,沪深300,CSI 300 Index,CSI 300,3954.23,4001.56,3954.02,3987.73,27.82,0.7,14323980300.0,2228.95,300.0,12.93,2020-02-14,12.93,2228.95
20200217,000300,沪深300指数,沪深300,CSI 300 Index,CSI 300,3999.65,4077.45,3999.65,4077.42,89.69,2.25,18277896900.0,2730.68,300.0,13.22,2020-02-17,13.22,2730.68
20200218,000300,沪深300指数,沪深300,CSI 300 Index,CSI 300,4069.83,4076.39,4027.79,4057.51,-19.91,-0.49,16323622000.0,2425.53,300.0,13.15,2020-02-18,13.15,2425.53
20200219,000300,沪深300指数,沪深300,CSI 300 Index,CSI 300,4049.59,4085.17,4042.85,4051.31,-6.2,-0.15,16904644100.0,2575.55,300.0,13.14,2020-02-19,13.14,2575.55
20200220,000300,沪深300指数,沪深300,CSI 300 Index,CSI 300,4062.9,4148.53,4055.81,4144.66,93.35,2.3,21223262400.0,3108.36,300.0,13.41,2020-02-20,13.41,3108.36
20200221,000300,沪深300指数,沪深300,CSI 300 Index,CSI 300,4134.87,4184.44,4130.17,4149.49,4.83,0.12,21721360400.0,3265.64,300.0,13.43,2020-02-21,13.43,3265.64
20200224,000300,沪深300指数,沪深300,CSI 300 Index,CSI 300,4131.84,4149.01,4097.18,4132.84,-16.65,-0.4,21286930300.0,3263.88,300.0,13.38,2020-02-24,13.38,3263.88
20200225,000300,沪深300指数,沪深300,CSI 300 Index,CSI 300,4066.3,4126.71,4020.91,4123.85,-8.98,-0.22,24416783100.0,3722.14,300.0,13.32,2020-02-25,13.32,3722.14
20200226,000300,沪深300指数,沪深300,CSI 300 Index,CSI 300,4070.1,4132.78,4061.13,4073.02,-50.84,-1.23,26109406100.0,3660.22,300.0,13.19,2020-02-26,13.19,3660.22
20200227,000300,沪深300指数,沪深300,CSI 300 Index,CSI 300,4084.08,4110.53,4067.44,4084.88,11.86,0.29,18129098100.0,2820.5,300.0,13.21,2020-02-27,13.21,2820.5
20200228,000300,沪深300指数,沪深300,CSI 300 Index,CSI 300,3988.73,4031.15,3928.07,3940.05,-144.83,-3.55,23027509300.0,3303.59,300.0,12.76,2020-02-28,12.76,3303.59
20200302,000300,沪深300指数,沪深300,CSI 300 Index,CSI 300,3968.84,4092.54,3968.84,4069.67,129.62,3.29,21931355900.0,3174.26,300.0,13.15,2020-03-02,13.15,3174.26
20200303,000300,沪深300指数,沪深300,CSI 300 Index,CSI 300,4125.14,4147.65,4067.91,4091.36,21.7,0.53,21936977700.0,3308.03,300.0,13.22,2020-03-03,13.22,3308.03
20200304,000300,沪深300指数,沪深300,CSI 300 Index,CSI 300,4078.5,4115.26,4060.73,4115.05,23.69,0.58,18242473000.0,2817.85,300.0,13.29,2020-03-04,13.29,2817.85
20200305,000300,沪深300指数,沪深300,CSI 300 Index,CSI 300,4150.21,4215.85,4127.04,4206.73,91.67,2.23,23182311500.0,3628.39,300.0,13.57,2020-03-05,13.57,3628.39
20200306,000300,沪深300指数,沪深300,CSI 300 Index,CSI 300,4158.2,4181.31,4135.39,4138.51,-68.22,-1.62,17247571700.0,2531.69,300.0,13.37,2020-03-06,13.37,2531.69
20200309,000300,沪深300指数,沪深300,CSI 300 Index,CSI 300,4063.08,4063.08,3995.13,3997.13,-141.37,-3.42,20810203500.0,3054.29,300.0,12.95,2020-03-09,12.95,3054.29
20200310,000300,沪深300指数,沪深300,CSI 300 Index,CSI 300,3975.23,4093.0,3954.75,4082.73,85.6,2.14,19741640200.0,2961.84,300.0,13.2,2020-03-10,13.2,2961.84
20200311,000300,沪深300指数,沪深300,CSI 300 Index,CSI 300,4090.93,4091.27,4028.4,4028.43,-54.3,-1.33,16165611100.0,2449.91,300.0,13.05,2020-03-11,13.05,2449.91
20200312,000300,沪深300指数,沪深300,CSI 300 Index,CSI 300,3976.11,3987.43,3926.27,3950.91,-77.52,-1.92,15706045800.0,2331.53,300.0,12.82,2020-03-12,12.82,2331.53
20200313,000300,沪深300指数,沪深300,CSI 300 Index,CSI 300,3771.01,3937.18,3765.15,3895.31,-55.6,-1.41,18829672200.0,2802.13,300.0,12.65,2020-03-13,12.65,2802.13
20200316,000300,沪深300指数,沪深300,CSI 300 Index,CSI 300,3899.86,3899.86,3720.51,3727.84,-167.47,-4.3,18596826000.0,2828.36,300.0,12.19,2020-03-16,12.19,2828.36
20200317,000300,沪深300指数,沪深300,CSI 300 Index,CSI 300,3739.78,3786.89,3618.31,3709.68,-18.16,-0.49,16624612900.0,2508.24,300.0,12.12,2020-03-17,12.12,2508.24
20200318,000300,沪深300指数,沪深300,CSI 300 Index,CSI 300,3729.69,3775.85,3636.26,3636.26,-73.43,-1.98,15503754700.0,2441.27,300.0,11.89,2020-03-18,11.89,2441.27
20200319,000300,沪深300指数,沪深300,CSI 300 Index,CSI 300,3623.79,3647.99,3503.19,3589.09,-47.16,-1.3,18080740700.0,2718.27,300.0,11.74,2020-03-19,11.74,2718.27
20200320,000300,沪深300指数,沪深300,CSI 300 Index,CSI 300,3629.51,3663.95,3588.78,3653.22,64.13,1.79,13960300000.0,2112.23,300.0,11.94,2020-03-20,11.94,2112.23
20200323,000300,沪深300指数,沪深300,CSI 300 Index,CSI 300,3542.68,3585.8,3523.79,3530.31,-122.92,-3.36,13710879000.0,1976.7,300.0,11.56,2020-03-23,11.56,1976.7
20200324,000300,沪深300指数,沪深300,CSI 300 Index,CSI 300,3598.65,3627.76,3545.45,3625.11,94.81,2.69,14310302100.0,2085.54,300.0,11.86,2020-03-24,11.86,2085.54
20200325,000300,沪深300指数,沪深300,CSI 300 Index,CSI 300,3711.48,3732.65,3685.99,3722.52,97.4,2.69,15349595800.0,2315.62,300.0,12.15,2020-03-25,12.15,2315.62
20200326,000300,沪深300指数,沪深300,CSI 300 Index,CSI 300,3692.61,3736.25,3681.27,3698.05,-24.47,-0.66,11231066500.0,1693.36,300.0,12.08,2020-03-26,12.08,1693.36
20200327,000300,沪深300指数,沪深300,CSI 300 Index,CSI 300,3746.39,3758.78,3709.92,3710.06,12.01,0.32,12406099500.0,1861.03,300.0,12.12,2020-03-27,12.12,1861.03
20200330,000300,沪深300指数,沪深300,CSI 300 Index,CSI 300,3657.46,3690.64,3637.59,3674.11,-35.95,-0.97,12687667300.0,1806.41,300.0,12.02,2020-03-30,12.02,1806.41
20200331,000300,沪深300指数,沪深300,CSI 300 Index,CSI 300,3708.14,3716.07,3676.2,3686.16,12.04,0.33,11145302500.0,1615.96,300.0,12.06,2020-03-31,12.06,1615.96
20200401,000300,沪深300指数,沪深300,CSI 300 Index,CSI 300,3682.3,3731.78,3670.97,3675.08,-11.08,-0.3,11935262000.0,1704.23,300.0,12.0,2020-04-01,12.0,1704.23
20200402,000300,沪深300指数,沪深300,CSI 300 Index,CSI 300,3656.32,3734.53,3652.32,3734.53,59.45,1.62,11516820900.0,1688.93,300.0,12.2,2020-04-02,12.2,1688.93
20200403,000300,沪深300指数,沪深300,CSI 300 Index,CSI 300,3721.48,3738.83,3698.98,3713.22,-21.31,-0.57,9982508300.0,1501.33,300.0,12.13,2020-04-03,12.13,1501.33
20200407,000300,沪深300指数,沪深300,CSI 300 Index,CSI 300,3779.91,3803.63,3772.21,3798.02,84.8,2.28,14277803000.0,2076.43,300.0,12.38,2020-04-07,12.38,2076.43
20200408,000300,沪深300指数,沪深300,CSI 300 Index,CSI 300,3776.42,3793.0,3767.29,3780.34,-17.68,-0.47,11138951300.0,1615.77,300.0,12.32,2020-04-08,12.32,1615.77
20200409,000300,沪深300指数,沪深300,CSI 300 Index,CSI 300,3798.49,3801.72,3785.31,3792.81,12.47,0.33,10048503200.0,1545.95,300.0,12.36,2020-04-09,12.36,1545.95
20200410,000300,沪深300指数,沪深300,CSI 300 Index,CSI 300,3794.84,3824.74,3758.96,3769.18,-23.63,-0.62,10244495600.0,1622.51,300.0,12.27,2020-04-10,12.27,1622.51
20200413,000300,沪深300指数,沪深300,CSI 300 Index,CSI 300,3751.71,3769.88,3740.19,3753.26,-15.92,-0.42,7905334300.0,1198.74,300.0,12.23,2020-04-13,12.23,1198.74
20200414,000300,沪深300指数,沪深300,CSI 300 Index,CSI 300,3777.83,3825.76,3764.98,3825.7,72.44,1.93,11063758500.0,1706.13,300.0,12.44,2020-04-14,12.44,1706.13
20200415,000300,沪深300指数,沪深300,CSI 300 Index,CSI 300,3820.85,3829.8,3793.44,3797.36,-28.34,-0.74,10846198400.0,1697.0,300.0,12.36,2020-04-15,12.36,1697.0
20200416,000300,沪深300指数,沪深300,CSI 300 Index,CSI 300,3777.8,3807.36,3774.56,3802.38,5.02,0.13,9594796500.0,1471.64,300.0,12.38,2020-04-16,12.38,1471.64
20200417,000300,沪深300指数,沪深300,CSI 300 Index,CSI 300,3831.92,3863.45,3821.42,3839.49,37.11,0.98,13200430100.0,2035.95,300.0,12.5,2020-04-17,12.5,2035.95
20200420,000300,沪深300指数,沪深300,CSI 300 Index,CSI 300,3845.46,3853.8,3831.55,3853.46,13.97,0.36,10001311500.0,1519.24,300.0,12.53,2020-04-20,12.53,1519.24
20200421,000300,沪深300指数,沪深300,CSI 300 Index,CSI 300,3838.23,3838.23,3780.0,3808.05,-45.41,-1.18,10292188800.0,1550.77,300.0,12.4,2020-04-21,12.4,1550.77
20200422,000300,沪深300指数,沪深300,CSI 300 Index,CSI 300,3789.13,3839.38,3782.21,3839.38,31.34,0.82,8589946400.0,1355.47,300.0,12.48,2020-04-22,12.48,1355.47
20200423,000300,沪深300指数,沪深300,CSI 300 Index,CSI 300,3851.91,3857.47,3826.56,3829.75,-9.63,-0.25,9550845000.0,1421.23,300.0,12.46,2020-04-23,12.46,1421.23
20200424,000300,沪深300指数,沪深300,CSI 300 Index,CSI 300,3826.31,3827.21,3787.07,3796.97,-32.78,-0.86,9484413500.0,1389.61,300.0,12.35,2020-04-24,12.35,1389.61
20200427,000300,沪深300指数,沪深300,CSI 300 Index,CSI 300,3808.02,3842.87,3793.77,3822.77,25.8,0.68,9546273500.0,1453.01,300.0,12.42,2020-04-27,12.42,1453.01
20200428,000300,沪深300指数,沪深300,CSI 300 Index,CSI 300,3835.35,3859.68,3768.2,3849.15,26.38,0.69,12209347600.0,1841.8,300.0,12.48,2020-04-28,12.48,1841.8
20200429,000300,沪深300指数,沪深300,CSI 300 Index,CSI 300,3837.51,3880.74,3833.72,3867.03,17.89,0.46,9585459000.0,1512.82,300.0,12.53,2020-04-29,12.53,1512.82
20200430,000300,沪深300指数,沪深300,CSI 300 Index,CSI 300,3880.41,3921.7,3880.41,3912.58,45.55,1.18,13291712500.0,2022.68,300.0,12.68,2020-04-30,12.68,2022.68
20200506,000300,沪深300指数,沪深300,CSI 300 Index,CSI 300,3867.26,3937.69,3865.99,3936.25,23.68,0.61,13985567500.0,2149.36,300.0,12.95,2020-05-06,12.95,2149.36
20200507,000300,沪深300指数,沪深300,CSI 300 Index,CSI 300,3937.59,3941.48,3915.9,3924.89,-11.36,-0.29,10551464600.0,1672.08,300.0,12.9,2020-05-07,12.9,1672.08
20200508,000300,沪深300指数,沪深300,CSI 300 Index,CSI 300,3943.0,3979.66,3935.98,3963.62,38.73,0.99,11694334100.0,1903.0,300.0,13.02,2020-05-08,13.02,1903.0
20200511,000300,沪深300指数,沪深300,CSI 300 Index,CSI 300,3974.76,3998.1,3944.5,3960.18,-3.44,-0.09,12267380300.0,1937.58,300.0,13.01,2020-05-11,13.01,1937.58
20200512,000300,沪深300指数,沪深300,CSI 300 Index,CSI 300,3961.34,3970.11,3930.21,3960.24,0.06,0.0,9825055400.0,1574.66,300.0,13.0,2020-05-12,13.0,1574.66
20200513,000300,沪深300指数,沪深300,CSI 300 Index,CSI 300,3946.64,3972.53,3932.57,3968.25,8.02,0.2,8819066900.0,1455.63,300.0,13.02,2020-05-13,13.02,1455.63
20200514,000300,沪深300指数,沪深300,CSI 300 Index,CSI 300,3952.2,3952.2,3924.05,3925.22,-43.04,-1.08,8853000400.0,1434.99,300.0,12.89,2020-05-14,12.89,1434.99
20200515,000300,沪深300指数,沪深300,CSI 300 Index,CSI 300,3941.13,3945.2,3907.4,3912.82,-12.4,-0.32,9261838200.0,1533.02,300.0,12.85,2020-05-15,12.85,1533.02
20200518,000300,沪深300指数,沪深300,CSI 300 Index,CSI 300,3914.66,3946.43,3898.4,3922.91,10.1,0.26,11280176200.0,1885.28,300.0,12.88,2020-05-18,12.88,1885.28
20200519,000300,沪深300指数,沪深300,CSI 300 Index,CSI 300,3963.78,3966.85,3944.07,3956.25,33.34,0.85,9401529100.0,1598.86,300.0,12.99,2020-05-19,12.99,1598.86
20200520,000300,沪深300指数,沪深300,CSI 300 Index,CSI 300,3955.71,3955.71,3923.92,3935.22,-21.03,-0.53,10079115000.0,1571.03,300.0,12.92,2020-05-20,12.92,1571.03
20200521,000300,沪深300指数,沪深300,CSI 300 Index,CSI 300,3950.6,3951.74,3907.58,3913.79,-21.43,-0.54,9486103300.0,1491.54,300.0,12.85,2020-05-21,12.85,1491.54
20200522,000300,沪深300指数,沪深300,CSI 300 Index,CSI 300,3907.58,3907.58,3818.15,3824.06,-89.73,-2.29,10337836000.0,1572.87,300.0,12.58,2020-05-22,12.58,1572.87
20200525,000300,沪深300指数,沪深300,CSI 300 Index,CSI 300,3828.32,3835.63,3800.18,3829.32,5.26,0.14,7903332600.0,1270.12,300.0,12.59,2020-05-25,12.59,1270.12
20200526,000300,沪深300指数,沪深300,CSI 300 Index,CSI 300,3850.0,3874.75,3844.48,3872.77,43.45,1.13,7744807600.0,1254.46,300.0,12.71,2020-05-26,12.71,1254.46
20200527,000300,沪深300指数,沪深300,CSI 300 Index,CSI 300,3873.7,3873.7,3838.42,3845.61,-27.16,-0.7,8371183100.0,1237.38,300.0,12.64,2020-05-27,12.64,1237.38
20200528,000300,沪深300指数,沪深300,CSI 300 Index,CSI 300,3848.49,3885.42,3818.43,3856.63,11.02,0.29,9306405400.0,1391.08,300.0,12.68,2020-05-28,12.68,1391.08
20200529,000300,沪深300指数,沪深300,CSI 300 Index,CSI 300,3838.38,3872.3,3830.42,3867.02,10.39,0.27,9381383200.0,1356.58,300.0,12.69,2020-05-29,12.69,1356.58
20200601,000300,沪深300指数,沪深300,CSI 300 Index,CSI 300,3901.73,3976.32,3901.73,3971.34,104.32,2.7,13645665166.0,2084.37,300.0,13.01,2020-06-01,13.01,2084.37
20200602,000300,沪深300指数,沪深300,CSI 300 Index,CSI 300,3969.95,3991.78,3958.98,3983.57,12.23,0.31,14430306000.0,1955.63,300.0,13.04,2020-06-02,13.04,1955.63
20200603,000300,沪深300指数,沪深300,CSI 300 Index,CSI 300,4001.17,4018.68,3982.93,3983.65,0.08,0.0,13659748300.0,2008.83,300.0,13.05,2020-06-03,13.05,2008.83
20200604,000300,沪深300指数,沪深300,CSI 300 Index,CSI 300,3998.16,3999.81,3968.57,3982.19,-1.46,-0.04,10427773700.0,1490.58,300.0,12.98,2020-06-04,12.98,1490.58
20200605,000300,沪深300指数,沪深300,CSI 300 Index,CSI 300,3988.22,4001.25,3967.93,4001.25,19.07,0.48,10244394200.0,1543.11,300.0,13.04,2020-06-05,13.04,1543.11
20200608,000300,沪深300指数,沪深300,CSI 300 Index,CSI 300,4023.61,4050.22,4016.1,4021.95,20.7,0.52,13792581300.0,1930.48,300.0,13.09,2020-06-08,13.09,1930.48
20200609,000300,沪深300指数,沪深300,CSI 300 Index,CSI 300,4027.56,4052.16,4016.34,4047.03,25.07,0.62,11530447900.0,1665.34,300.0,13.17,2020-06-09,13.17,1665.34
20200610,000300,沪深300指数,沪深300,CSI 300 Index,CSI 300,4046.23,4046.23,4024.42,4039.71,-7.32,-0.18,11226572800.0,1667.79,300.0,13.14,2020-06-10,13.14,1667.79
20200611,000300,沪深300指数,沪深300,CSI 300 Index,CSI 300,4031.74,4043.01,3979.75,3995.88,-43.82,-1.08,12730894100.0,1970.79,300.0,12.99,2020-06-11,12.99,1970.79
20200612,000300,沪深300指数,沪深300,CSI 300 Index,CSI 300,3931.62,4011.06,3927.25,4003.08,7.2,0.18,13416664900.0,1935.04,300.0,13.0,2020-06-12,13.0,1935.04
20200615,000300,沪深300指数,沪深300,CSI 300 Index,CSI 300,3982.97,4007.14,3954.99,3954.99,-48.09,-1.2,13129786000.0,2111.25,300.0,13.01,2020-06-15,13.01,2111.25
20200616,000300,沪深300指数,沪深300,CSI 300 Index,CSI 300,3995.58,4014.57,3987.86,4014.57,59.58,1.51,11105153900.0,1851.04,300.0,13.19,2020-06-16,13.19,1851.04
20200617,000300,沪深300指数,沪深300,CSI 300 Index,CSI 300,4018.61,4018.61,3992.13,4017.59,3.02,0.08,10560579900.0,1769.78,300.0,13.19,2020-06-17,13.19,1769.78
20200618,000300,沪深300指数,沪深300,CSI 300 Index,CSI 300,4009.78,4047.56,4000.9,4044.38,26.79,0.67,13814876100.0,2101.93,300.0,13.26,2020-06-18,13.26,2101.93
20200619,000300,沪深300指数,沪深300,CSI 300 Index,CSI 300,4047.05,4109.36,4043.49,4098.71,54.33,1.34,15294699000.0,2555.5,300.0,13.42,2020-06-19,13.42,2555.5
20200622,000300,沪深300指数,沪深300,CSI 300 Index,CSI 300,4097.51,4126.94,4088.78,4102.05,3.34,0.08,15582946500.0,2592.01,300.0,13.42,2020-06-22,13.42,2592.01
20200623,000300,沪深300指数,沪深300,CSI 300 Index,CSI 300,4098.04,4124.73,4080.75,4121.79,19.75,0.48,12922951000.0,2348.07,300.0,13.47,2020-06-23,13.47,2348.07
20200624,000300,沪深300指数,沪深300,CSI 300 Index,CSI 300,4128.1,4144.68,4123.36,4138.99,17.2,0.42,12171246500.0,2245.51,300.0,13.53,2020-06-24,13.53,2245.51
20200629,000300,沪深300指数,沪深300,CSI 300 Index,CSI 300,4127.93,4137.37,4092.54,4109.72,-29.27,-0.71,13086585400.0,2265.22,300.0,13.45,2020-06-29,13.45,2265.22
20200630,000300,沪深300指数,沪深300,CSI 300 Index,CSI 300,4130.0,4174.42,4129.78,4163.96,54.25,1.32,12593352100.0,2279.36,300.0,13.57,2020-06-30,13.57,2279.36
20200701,000300,沪深300指数,沪深300,CSI 300 Index,CSI 300,4172.64,4247.78,4163.5,4247.78,83.82,2.01,16999045600.0,3057.12,300.0,13.82,2020-07-01,13.82,3057.12
20200702,000300,沪深300指数,沪深300,CSI 300 Index,CSI 300,4239.41,4340.1,4238.12,4335.84,88.06,2.07,25293936800.0,3995.72,300.0,14.12,2020-07-02,14.12,3995.72
20200703,000300,沪深300指数,沪深300,CSI 300 Index,CSI 300,4353.19,4419.6,4348.45,4419.6,83.75,1.93,29048553900.0,4423.35,300.0,14.42,2020-07-03,14.42,4423.35
20200706,000300,沪深300指数,沪深300,CSI 300 Index,CSI 300,4465.81,4678.11,4465.81,4670.09,250.5,5.67,40582102500.0,5974.38,300.0,15.26,2020-07-06,15.26,5974.38
20200707,000300,沪深300指数,沪深300,CSI 300 Index,CSI 300,4739.61,4796.32,4688.06,4698.13,28.03,0.6,40600855300.0,6352.55,300.0,15.34,2020-07-07,15.34,6352.55
20200708,000300,沪深300指数,沪深300,CSI 300 Index,CSI 300,4692.86,4803.36,4670.65,4774.0,75.88,1.62,34807484700.0,5328.5,300.0,15.56,2020-07-08,15.56,5328.5
20200709,000300,沪深300指数,沪深300,CSI 300 Index,CSI 300,4770.08,4854.12,4757.29,4840.77,66.77,1.4,35104689300.0,5567.19,300.0,15.76,2020-07-09,15.76,5567.19
20200710,000300,沪深300指数,沪深300,CSI 300 Index,CSI 300,4796.09,4821.37,4734.47,4753.13,-87.64,-1.81,31694965100.0,5104.72,300.0,15.41,2020-07-10,15.41,5104.72
20200713,000300,沪深300指数,沪深300,CSI 300 Index,CSI 300,4742.37,4878.08,4741.87,4852.96,99.83,2.1,32164544600.0,5411.05,300.0,15.69,2020-07-13,15.69,5411.05
20200714,000300,沪深300指数,沪深300,CSI 300 Index,CSI 300,4836.17,4860.44,4729.93,4806.69,-46.27,-0.95,29724198500.0,5112.11,300.0,15.55,2020-07-14,15.55,5112.11
20200715,000300,沪深300指数,沪深300,CSI 300 Index,CSI 300,4821.52,4837.48,4723.36,4744.47,-62.22,-1.29,27238900600.0,4867.48,300.0,15.33,2020-07-15,15.33,4867.48
20200716,000300,沪深300指数,沪深300,CSI 300 Index,CSI 300,4741.53,4772.56,4513.65,4516.25,-228.22,-4.81,28465713300.0,5112.38,300.0,14.62,2020-07-16,14.62,5112.38
20200717,000300,沪深300指数,沪深300,CSI 300 Index,CSI 300,4524.77,4601.37,4485.82,4544.7,28.45,0.63,20737556300.0,3729.74,300.0,14.7,2020-07-17,14.7,3729.74
20200720,000300,沪深300指数,沪深300,CSI 300 Index,CSI 300,4597.2,4681.94,4534.23,4680.3,135.6,2.98,24606891400.0,4167.14,300.0,15.12,2020-07-20,15.12,4167.14
20200721,000300,沪深300指数,沪深300,CSI 300 Index,CSI 300,4697.5,4714.29,4661.44,4691.04,10.74,0.23,20041565900.0,3560.7,300.0,15.14,2020-07-21,15.14,3560.7
20200722,000300,沪深300指数,沪深300,CSI 300 Index,CSI 300,4682.66,4790.45,4675.35,4714.45,23.4,0.5,22419921100.0,3864.71,300.0,15.21,2020-07-22,15.21,3864.71
20200723,000300,沪深300指数,沪深300,CSI 300 Index,CSI 300,4668.74,4731.4,4607.66,4712.44,-2.01,-0.04,23431456900.0,4051.75,300.0,15.17,2020-07-23,15.17,4051.75
20200724,000300,沪深300指数,沪深300,CSI 300 Index,CSI 300,4679.03,4691.7,4479.39,4505.59,-206.85,-4.39,24390520300.0,4377.27,300.0,14.56,2020-07-24,14.56,4377.27
20200727,000300,沪深300指数,沪深300,CSI 300 Index,CSI 300,4535.01,4558.12,4482.44,4528.45,22.86,0.51,17142055100.0,3018.93,300.0,14.64,2020-07-27,14.64,3018.93
20200728,000300,沪深300指数,沪深300,CSI 300 Index,CSI 300,4567.67,4590.25,4537.68,4568.26,39.81,0.88,16276849800.0,2928.36,300.0,14.76,2020-07-28,14.76,2928.36
20200729,000300,沪深300指数,沪深300,CSI 300 Index,CSI 300,4559.16,4680.56,4548.85,4679.01,110.75,2.42,18669530500.0,3504.33,300.0,15.09,2020-07-29,15.09,3504.33
20200730,000300,沪深300指数,沪深300,CSI 300 Index,CSI 300,4689.76,4704.63,4649.77,4656.15,-22.86,-0.49,16696756600.0,3240.09,300.0,15.02,2020-07-30,15.02,3240.09
20200731,000300,沪深300指数,沪深300,CSI 300 Index,CSI 300,4652.18,4741.81,4621.96,4695.05,38.9,0.84,18483902600.0,3511.19,300.0,15.12,2020-07-31,15.12,3511.19
20200803,000300,沪深300指数,沪深300,CSI 300 Index,CSI 300,4735.9,4771.37,4720.03,4771.31,76.26,1.62,21477623900.0,4019.15,300.0,15.35,2020-08-03,15.35,4019.15
20200804,000300,沪深300指数,沪深300,CSI 300 Index,CSI 300,4778.49,4807.08,4747.77,4775.8,4.49,0.09,23997498500.0,4264.11,300.0,15.38,2020-08-04,15.38,4264.11
20200805,000300,沪深300指数,沪深300,CSI 300 Index,CSI 300,4761.76,4786.7,4711.27,4777.11,1.31,0.03,19670054800.0,3474.08,300.0,15.37,2020-08-05,15.37,3474.08
20200806,000300,沪深300指数,沪深300,CSI 300 Index,CSI 300,4779.24,4791.86,4691.16,4762.76,-14.34,-0.3,22785440600.0,4043.23,300.0,15.34,2020-08-06,15.34,4043.23
20200807,000300,沪深300指数,沪深300,CSI 300 Index,CSI 300,4742.29,4749.02,4637.84,4707.93,-54.84,-1.15,21351821600.0,3970.41,300.0,15.18,2020-08-07,15.18,3970.41
20200810,000300,沪深300指数,沪深300,CSI 300 Index,CSI 300,4681.76,4757.66,4646.29,4724.87,16.94,0.36,20378883200.0,3712.98,300.0,15.27,2020-08-10,15.27,3712.98
20200811,000300,沪深300指数,沪深300,CSI 300 Index,CSI 300,4730.37,4791.53,4674.86,4681.78,-43.09,-0.91,20554651100.0,3508.29,300.0,15.14,2020-08-11,15.14,3508.29
20200812,000300,沪深300指数,沪深300,CSI 300 Index,CSI 300,4668.89,4681.62,4566.27,4647.64,-34.14,-0.73,20288723900.0,3472.99,300.0,15.05,2020-08-12,15.05,3472.99
20200813,000300,沪深300指数,沪深300,CSI 300 Index,CSI 300,4666.49,4671.77,4626.1,4635.71,-11.93,-0.26,15255009200.0,2509.46,300.0,15.01,2020-08-13,15.01,2509.46
20200814,000300,沪深300指数,沪深300,CSI 300 Index,CSI 300,4627.61,4708.07,4617.63,4704.63,68.92,1.49,14729292100.0,2543.44,300.0,15.24,2020-08-14,15.24,2543.44
20200817,000300,沪深300指数,沪深300,CSI 300 Index,CSI 300,4727.12,4838.09,4721.36,4815.23,110.6,2.35,26800155600.0,4164.69,300.0,15.61,2020-08-17,15.61,4164.69
20200818,000300,沪深300指数,沪深300,CSI 300 Index,CSI 300,4816.57,4825.39,4788.83,4812.76,-2.47,-0.05,18913985400.0,3143.96,300.0,15.61,2020-08-18,15.61,3143.96
20200819,000300,沪深300指数,沪深300,CSI 300 Index,CSI 300,4804.67,4809.05,4738.01,4740.68,-72.08,-1.5,19244294800.0,3194.03,300.0,15.4,2020-08-19,15.4,3194.03
20200820,000300,沪深300指数,沪深300,CSI 300 Index,CSI 300,4708.13,4721.44,4662.8,4679.15,-61.52,-1.3,15836863900.0,2604.87,300.0,15.19,2020-08-20,15.19,2604.87
20200821,000300,沪深300指数,沪深300,CSI 300 Index,CSI 300,4717.79,4739.48,4684.81,4718.84,39.69,0.85,14265786400.0,2517.75,300.0,15.31,2020-08-21,15.31,2517.75
20200824,000300,沪深300指数,沪深300,CSI 300 Index,CSI 300,4746.4,4769.47,4716.61,4755.85,37.01,0.78,15114351200.0,2724.29,300.0,15.39,2020-08-24,15.39,2724.29
20200825,000300,沪深300指数,沪深300,CSI 300 Index,CSI 300,4769.21,4802.41,4746.31,4761.95,6.1,0.13,14170135100.0,2623.09,300.0,15.39,2020-08-25,15.39,2623.09
20200826,000300,沪深300指数,沪深300,CSI 300 Index,CSI 300,4761.72,4786.42,4689.88,4706.13,-55.82,-1.17,15130518000.0,2774.56,300.0,15.23,2020-08-26,15.23,2774.56
20200827,000300,沪深300指数,沪深300,CSI 300 Index,CSI 300,4718.06,4731.94,4679.36,4731.35,25.21,0.54,11904285000.0,2236.32,300.0,15.31,2020-08-27,15.31,2236.32
20200828,000300,沪深300指数,沪深300,CSI 300 Index,CSI 300,4727.29,4850.49,4719.35,4844.27,112.92,2.39,15939976500.0,3050.48,300.0,15.64,2020-08-28,15.64,3050.48
20200831,000300,沪深300指数,沪深300,CSI 300 Index,CSI 300,4870.93,4901.21,4816.21,4816.22,-28.05,-0.58,20256702900.0,3570.05,300.0,15.54,2020-08-31,15.54,3570.05
20200901,000300,沪深300指数,沪深300,CSI 300 Index,CSI 300,4803.39,4842.14,4791.78,4842.12,25.91,0.54,13839540200.0,2620.18,300.0,16.08,2020-09-01,16.08,2620.18
20200902,000300,沪深300指数,沪深300,CSI 300 Index,CSI 300,4859.08,4863.55,4797.52,4843.89,1.76,0.04,15798952400.0,2807.79,300.0,16.09,2020-09-02,16.09,2807.79
20200903,000300,沪深300指数,沪深300,CSI 300 Index,CSI 300,4841.5,4877.01,4800.06,4817.1,-26.79,-0.55,14567120100.0,2794.12,300.0,16.01,2020-09-03,16.01,2794.12
20200904,000300,沪深300指数,沪深300,CSI 300 Index,CSI 300,4737.24,4778.2,4726.56,4770.22,-46.88,-0.97,12003279600.0,2384.63,300.0,15.85,2020-09-04,15.85,2384.63
20200907,000300,沪深300指数,沪深300,CSI 300 Index,CSI 300,4759.52,4789.3,4655.56,4669.37,-100.85,-2.11,14860779100.0,2823.16,300.0,15.52,2020-09-07,15.52,2823.16
20200908,000300,沪深300指数,沪深300,CSI 300 Index,CSI 300,4683.83,4707.9,4639.05,4694.39,25.02,0.54,13919922700.0,2491.98,300.0,15.61,2020-09-08,15.61,2491.98
20200909,000300,沪深300指数,沪深300,CSI 300 Index,CSI 300,4634.25,4645.2,4558.03,4584.59,-109.8,-2.34,16227710700.0,2449.05,300.0,15.28,2020-09-09,15.28,2449.05
20200910,000300,沪深300指数,沪深300,CSI 300 Index,CSI 300,4632.1,4647.75,4572.21,4581.98,-2.61,-0.06,15065287800.0,2261.46,300.0,15.29,2020-09-10,15.29,2261.46
20200911,000300,沪深300指数,沪深300,CSI 300 Index,CSI 300,4572.26,4630.88,4563.11,4627.28,45.31,0.99,11530242400.0,1982.41,300.0,15.43,2020-09-11,15.43,1982.41
20200914,000300,沪深300指数,沪深300,CSI 300 Index,CSI 300,4652.05,4666.99,4625.99,4651.05,23.77,0.51,10723517900.0,2116.53,300.0,15.49,2020-09-14,15.49,2116.53
20200915,000300,沪深300指数,沪深300,CSI 300 Index,CSI 300,4649.45,4691.5,4630.54,4688.48,37.43,0.8,10191592500.0,1945.74,300.0,15.59,2020-09-15,15.59,1945.74
20200916,000300,沪深300指数,沪深300,CSI 300 Index,CSI 300,4683.01,4690.68,4638.46,4657.36,-31.12,-0.66,10875364100.0,1961.2,300.0,15.5,2020-09-16,15.5,1961.2
20200917,000300,沪深300指数,沪深300,CSI 300 Index,CSI 300,4642.05,4664.95,4601.64,4632.71,-24.64,-0.53,10598363100.0,2141.47,300.0,15.41,2020-09-17,15.41,2141.47
20200918,000300,沪深300指数,沪深300,CSI 300 Index,CSI 300,4636.64,4737.8,4631.7,4737.09,104.37,2.25,16042647500.0,2818.86,300.0,15.75,2020-09-18,15.75,2818.86
20200921,000300,沪深300指数,沪深300,CSI 300 Index,CSI 300,4750.75,4752.98,4688.72,4691.43,-45.66,-0.96,12453582700.0,2241.38,300.0,15.6,2020-09-21,15.6,2241.38
20200922,000300,沪深300指数,沪深300,CSI 300 Index,CSI 300,4654.22,4706.21,4622.11,4635.76,-55.67,-1.19,11967294700.0,2029.09,300.0,15.44,2020-09-22,15.44,2029.09
20200923,000300,沪深300指数,沪深300,CSI 300 Index,CSI 300,4639.66,4665.96,4623.55,4652.33,16.57,0.36,9582652800.0,1903.93,300.0,15.48,2020-09-23,15.48,1903.93
20200924,000300,沪深300指数,沪深300,CSI 300 Index,CSI 300,4623.95,4631.95,4562.21,4563.07,-89.26,-1.92,11259368300.0,1935.16,300.0,15.22,2020-09-24,15.22,1935.16
20200925,000300,沪深300指数,沪深300,CSI 300 Index,CSI 300,4582.48,4599.54,4554.72,4570.02,6.96,0.15,9301515500.0,1674.57,300.0,15.23,2020-09-25,15.23,1674.57
20200928,000300,沪深300指数,沪深300,CSI 300 Index,CSI 300,4582.65,4613.63,4571.15,4581.91,11.89,0.26,8504838900.0,1593.15,300.0,15.28,2020-09-28,15.28,1593.15
20200929,000300,沪深300指数,沪深300,CSI 300 Index,CSI 300,4608.29,4616.68,4586.35,4591.8,9.89,0.22,8599385800.0,1599.38,300.0,15.3,2020-09-29,15.3,1599.38
20200930,000300,沪深300指数,沪深300,CSI 300 Index,CSI 300,4607.58,4634.72,4563.41,4587.4,-4.4,-0.1,8908120000.0,1655.32,300.0,15.29,2020-09-30,15.29,1655.32
20201009,000300,沪深300指数,沪深300,CSI 300 Index,CSI 300,4663.61,4695.4,4655.09,4681.14,93.75,2.04,11133751200.0,2299.27,300.0,15.56,2020-10-09,15.56,2299.27
20201012,000300,沪深300指数,沪深300,CSI 300 Index,CSI 300,4705.19,4823.27,4704.16,4823.16,142.02,3.03,15578455800.0,3078.49,300.0,16.01,2020-10-12,16.01,3078.49
20201013,000300,沪深300指数,沪深300,CSI 300 Index,CSI 300,4812.9,4845.92,4795.37,4839.2,16.04,0.33,11651633800.0,2421.73,300.0,16.05,2020-10-13,16.05,2421.73
20201014,000300,沪深300指数,沪深300,CSI 300 Index,CSI 300,4830.46,4830.46,4795.91,4807.1,-32.1,-0.66,11190692300.0,2298.36,300.0,15.96,2020-10-14,15.96,2298.36
20201015,000300,沪深300指数,沪深300,CSI 300 Index,CSI 300,4810.78,4833.89,4796.26,4798.74,-8.37,-0.17,10996496200.0,2138.78,300.0,15.94,2020-10-15,15.94,2138.78
20201016,000300,沪深300指数,沪深300,CSI 300 Index,CSI 300,4798.92,4825.55,4765.97,4791.68,-7.06,-0.15,11671610200.0,2041.75,300.0,15.95,2020-10-16,15.95,2041.75
20201019,000300,沪深300指数,沪深300,CSI 300 Index,CSI 300,4823.49,4849.61,4747.34,4755.49,-36.19,-0.76,12924636100.0,2253.92,300.0,15.85,2020-10-19,15.85,2253.92
20201020,000300,沪深300指数,沪深300,CSI 300 Index,CSI 300,4751.37,4793.47,4739.46,4793.47,37.98,0.8,9804815600.0,1858.49,300.0,15.95,2020-10-20,15.95,1858.49
20201021,000300,沪深300指数,沪深300,CSI 300 Index,CSI 300,4801.63,4801.63,4758.86,4792.83,-0.64,-0.01,10380570300.0,1899.79,300.0,15.97,2020-10-21,15.97,1899.79
20201022,000300,沪深300指数,沪深300,CSI 300 Index,CSI 300,4780.6,4791.81,4725.5,4777.98,-14.84,-0.31,10135089100.0,1946.15,300.0,15.91,2020-10-22,15.91,1946.15
20201023,000300,沪深300指数,沪深300,CSI 300 Index,CSI 300,4775.47,4802.46,4717.1,4718.49,-59.5,-1.25,10682518400.0,2009.86,300.0,15.72,2020-10-23,15.72,2009.86
20201026,000300,沪深300指数,沪深300,CSI 300 Index,CSI 300,4684.05,4713.39,4639.3,4691.24,-27.25,-0.58,10834327500.0,2055.19,300.0,15.62,2020-10-26,15.62,2055.19
20201027,000300,沪深300指数,沪深300,CSI 300 Index,CSI 300,4680.14,4708.46,4671.85,4699.28,8.04,0.17,9265630400.0,1866.76,300.0,15.66,2020-10-27,15.66,1866.76
20201028,000300,沪深300指数,沪深300,CSI 300 Index,CSI 300,4703.0,4753.31,4685.6,4737.27,37.99,0.81,10846340200.0,2267.54,300.0,15.77,2020-10-28,15.77,2267.54
20201029,000300,沪深300指数,沪深300,CSI 300 Index,CSI 300,4683.61,4803.03,4679.25,4772.92,35.65,0.75,11711725000.0,2523.04,300.0,15.85,2020-10-29,15.85,2523.04
20201030,000300,沪深300指数,沪深300,CSI 300 Index,CSI 300,4776.47,4778.51,4683.47,4695.33,-77.59,-1.63,13980230300.0,2807.83,300.0,15.61,2020-10-30,15.61,2807.83
20201102,000300,沪深300指数,沪深300,CSI 300 Index,CSI 300,4702.75,4738.02,4695.44,4720.83,25.5,0.54,14286769300.0,2790.28,300.0,15.31,2020-11-02,15.31,2790.28
20201103,000300,沪深300指数,沪深300,CSI 300 Index,CSI 300,4743.17,4793.4,4734.17,4777.56,56.73,1.2,13605540800.0,2523.91,300.0,15.49,2020-11-03,15.49,2523.91
20201104,000300,沪深300指数,沪深300,CSI 300 Index,CSI 300,4781.45,4825.46,4770.56,4813.66,36.1,0.76,11466180600.0,2305.14,300.0,15.57,2020-11-04,15.57,2305.14
20201105,000300,沪深300指数,沪深300,CSI 300 Index,CSI 300,4861.34,4885.11,4838.0,4885.11,71.46,1.48,13924459400.0,2819.52,300.0,15.78,2020-11-05,15.78,2819.52
20201106,000300,沪深300指数,沪深300,CSI 300 Index,CSI 300,4897.63,4897.63,4845.43,4885.72,0.61,0.01,15363903400.0,3053.65,300.0,15.76,2020-11-06,15.76,3053.65
20201109,000300,沪深300指数,沪深300,CSI 300 Index,CSI 300,4918.86,4997.8,4918.86,4981.35,95.63,1.96,19713198400.0,3719.23,300.0,16.06,2020-11-09,16.06,3719.23
20201110,000300,沪深300指数,沪深300,CSI 300 Index,CSI 300,4995.41,4995.41,4928.93,4953.88,-27.47,-0.55,17626721400.0,3342.71,300.0,15.98,2020-11-10,15.98,3342.71
20201111,000300,沪深300指数,沪深300,CSI 300 Index,CSI 300,4937.76,4957.58,4901.71,4904.9,-48.98,-0.99,16447051500.0,3038.59,300.0,15.86,2020-11-11,15.86,3038.59
20201112,000300,沪深300指数,沪深300,CSI 300 Index,CSI 300,4916.77,4926.34,4891.51,4908.46,3.56,0.07,11811461900.0,2276.46,300.0,15.85,2020-11-12,15.85,2276.46
20201113,000300,沪深300指数,沪深300,CSI 300 Index,CSI 300,4886.98,4886.98,4825.76,4856.85,-51.61,-1.05,13369307900.0,2553.53,300.0,15.68,2020-11-13,15.68,2553.53
20201116,000300,沪深300指数,沪深300,CSI 300 Index,CSI 300,4880.96,4904.17,4848.62,4904.17,47.32,0.97,14877098000.0,2667.05,300.0,15.83,2020-11-16,15.83,2667.05
20201117,000300,沪深300指数,沪深300,CSI 300 Index,CSI 300,4903.12,4909.29,4865.39,4894.79,-9.39,-0.19,15148746400.0,2889.11,300.0,15.8,2020-11-17,15.8,2889.11
20201118,000300,沪深300指数,沪深300,CSI 300 Index,CSI 300,4889.67,4911.09,4870.72,4891.67,-3.11,-0.06,16421661600.0,2907.27,300.0,15.8,2020-11-18,15.8,2907.27
20201119,000300,沪深300指数,沪深300,CSI 300 Index,CSI 300,4880.92,4939.79,4870.2,4927.99,36.32,0.74,13368137800.0,2477.27,300.0,15.91,2020-11-19,15.91,2477.27
20201120,000300,沪深300指数,沪深300,CSI 300 Index,CSI 300,4928.22,4947.43,4922.59,4943.29,15.3,0.31,12940034100.0,2290.54,300.0,15.95,2020-11-20,15.95,2290.54
20201123,000300,沪深300指数,沪深300,CSI 300 Index,CSI 300,4954.6,5029.65,4940.45,5005.03,61.74,1.25,20591518700.0,3336.34,300.0,16.14,2020-11-23,16.14,3336.34
20201124,000300,沪深300指数,沪深300,CSI 300 Index,CSI 300,4997.05,5001.06,4960.98,4974.29,-30.74,-0.61,15663791100.0,2648.04,300.0,16.05,2020-11-24,16.05,2648.04
20201125,000300,沪深300指数,沪深300,CSI 300 Index,CSI 300,4992.75,5004.77,4910.7,4910.7,-63.59,-1.28,17034052700.0,2770.71,300.0,15.86,2020-11-25,15.86,2770.71
20201126,000300,沪深300指数,沪深300,CSI 300 Index,CSI 300,4908.32,4925.29,4867.82,4919.59,8.89,0.18,13720233800.0,2397.48,300.0,15.89,2020-11-26,15.89,2397.48
20201127,000300,沪深300指数,沪深300,CSI 300 Index,CSI 300,4930.59,4980.77,4917.35,4980.77,61.17,1.24,16295292200.0,2531.79,300.0,16.12,2020-11-27,16.12,2531.79
20201130,000300,沪深300指数,沪深300,CSI 300 Index,CSI 300,4994.11,5055.19,4960.25,4960.25,-20.51,-0.41,26263895000.0,3964.96,300.0,16.04,2020-11-30,16.04,3964.96
20201201,000300,沪深300指数,沪深300,CSI 300 Index,CSI 300,4963.13,5072.55,4963.13,5067.1,106.85,2.15,20406563800.0,3284.51,300.0,16.35,2020-12-01,16.35,3284.51
20201202,000300,沪深300指数,沪深300,CSI 300 Index,CSI 300,5072.98,5090.61,5043.31,5067.14,0.05,0.0,19543547600.0,3106.1,300.0,16.33,2020-12-02,16.33,3106.1
20201203,000300,沪深300指数,沪深300,CSI 300 Index,CSI 300,5065.45,5072.3,5033.79,5057.06,-10.08,-0.2,17786574800.0,2753.35,300.0,16.3,2020-12-03,16.3,2753.35
20201204,000300,沪深300指数,沪深300,CSI 300 Index,CSI 300,5049.52,5072.39,5017.85,5065.92,8.86,0.18,14434716700.0,2577.99,300.0,16.33,2020-12-04,16.33,2577.99
20201207,000300,沪深300指数,沪深300,CSI 300 Index,CSI 300,5065.73,5067.87,5014.61,5022.24,-43.68,-0.86,13989621700.0,2646.58,300.0,16.18,2020-12-07,16.18,2646.58
20201208,000300,沪深300指数,沪深300,CSI 300 Index,CSI 300,5029.11,5043.06,4998.92,5009.88,-12.36,-0.25,12307302900.0,2348.81,300.0,16.15,2020-12-08,16.15,2348.81
20201209,000300,沪深300指数,沪深300,CSI 300 Index,CSI 300,5022.38,5033.64,4942.52,4942.7,-67.18,-1.34,13891696500.0,2607.73,300.0,15.96,2020-12-09,15.96,2607.73
20201210,000300,沪深300指数,沪深300,CSI 300 Index,CSI 300,4931.29,4962.74,4919.77,4940.52,-2.17,-0.04,12591427000.0,2296.51,300.0,15.95,2020-12-10,15.95,2296.51
20201211,000300,沪深300指数,沪深300,CSI 300 Index,CSI 300,4957.82,4957.82,4849.35,4889.63,-50.9,-1.03,15935769700.0,2752.13,300.0,15.83,2020-12-11,15.83,2752.13
20201214,000300,沪深300指数,沪深300,CSI 300 Index,CSI 300,4903.63,4937.26,4887.66,4934.84,45.21,0.92,12080155200.0,2478.78,300.0,16.5,2020-12-14,16.5,2478.78
20201215,000300,沪深300指数,沪深300,CSI 300 Index,CSI 300,4931.6,4954.19,4904.79,4945.1,10.26,0.21,11834263300.0,2480.93,300.0,16.51,2020-12-15,16.51,2480.93
20201216,000300,沪深300指数,沪深300,CSI 300 Index,CSI 300,4957.3,4968.86,4938.19,4953.87,8.77,0.18,10677896800.0,2296.96,300.0,16.54,2020-12-16,16.54,2296.96
20201217,000300,沪深300指数,沪深300,CSI 300 Index,CSI 300,4960.73,5021.62,4950.37,5017.48,63.61,1.28,13338547900.0,2701.8,300.0,16.71,2020-12-17,16.71,2701.8
20201218,000300,沪深300指数,沪深300,CSI 300 Index,CSI 300,5014.32,5027.44,4979.01,4999.97,-17.51,-0.35,12804961800.0,2589.39,300.0,16.65,2020-12-18,16.65,2589.39
20201221,000300,沪深300指数,沪深300,CSI 300 Index,CSI 300,4995.76,5048.51,4970.0,5046.84,46.87,0.94,14081178200.0,2982.04,300.0,16.79,2020-12-21,16.79,2982.04
20201222,000300,沪深300指数,沪深300,CSI 300 Index,CSI 300,5034.98,5055.13,4960.95,4964.77,-82.07,-1.63,16234497000.0,3267.59,300.0,16.52,2020-12-22,16.52,3267.59
20201223,000300,沪深300指数,沪深300,CSI 300 Index,CSI 300,4977.3,5028.45,4968.15,5007.12,42.35,0.85,14029281900.0,3087.29,300.0,16.64,2020-12-23,16.64,3087.29
20201224,000300,沪深300指数,沪深300,CSI 300 Index,CSI 300,5006.01,5033.04,4979.24,5000.02,-7.11,-0.14,11441866700.0,2466.74,300.0,16.62,2020-12-24,16.62,2466.74
20201225,000300,沪深300指数,沪深300,CSI 300 Index,CSI 300,4985.77,5042.1,4973.68,5042.01,42.0,0.84,12100697900.0,2439.92,300.0,16.76,2020-12-25,16.76,2439.92
20201228,000300,沪深300指数,沪深300,CSI 300 Index,CSI 300,5042.94,5089.34,5037.86,5064.41,22.4,0.44,13691440700.0,2810.19,300.0,16.82,2020-12-28,16.82,2810.19
20201229,000300,沪深300指数,沪深300,CSI 300 Index,CSI 300,5071.45,5077.42,5034.31,5042.94,-21.48,-0.42,14119866200.0,2790.35,300.0,16.74,2020-12-29,16.74,2790.35
20201230,000300,沪深300指数,沪深300,CSI 300 Index,CSI 300,5037.98,5113.71,5036.63,5113.71,70.77,1.4,14862644800.0,2965.78,300.0,16.94,2020-12-30,16.94,2965.78
20201231,000300,沪深300指数,沪深300,CSI 300 Index,CSI 300,5122.48,5215.62,5122.48,5211.29,97.58,1.91,17160250900.0,3587.31,300.0,17.25,2020-12-31,17.25,3587.31
20210104,000300,沪深300指数,沪深300,CSI 300 Index,CSI 300,5212.93,5284.43,5190.94,5267.72,56.43,1.08,21171138200.0,4527.96,300.0,17.41,2021-01-04,17.41,4527.96
20210105,000300,沪深300指数,沪深300,CSI 300 Index,CSI 300,5245.84,5368.5,5234.38,5368.5,100.79,1.91,22493115900.0,4980.42,300.0,17.7,2021-01-05,17.7,4980.42
20210106,000300,沪深300指数,沪深300,CSI 300 Index,CSI 300,5386.51,5433.47,5341.43,5417.67,49.16,0.92,19377344400.0,4444.34,300.0,17.88,2021-01-06,17.88,4444.34
20210107,000300,沪深300指数,沪深300,CSI 300 Index,CSI 300,5428.39,5513.66,5413.35,5513.66,95.99,1.77,21987208000.0,4733.85,300.0,18.17,2021-01-07,18.17,4733.85
20210108,000300,沪深300指数,沪深300,CSI 300 Index,CSI 300,5526.29,5547.47,5442.69,5495.43,-18.23,-0.33,20432495600.0,4735.68,300.0,18.12,2021-01-08,18.12,4735.68
20210111,000300,沪深300指数,沪深300,CSI 300 Index,CSI 300,5504.24,5555.69,5412.5,5441.16,-54.27,-0.99,23183598300.0,5222.98,300.0,17.95,2021-01-11,17.95,5222.98
20210112,000300,沪深300指数,沪深300,CSI 300 Index,CSI 300,5419.5,5596.35,5417.63,5596.35,155.19,2.85,22422018600.0,4862.34,300.0,18.41,2021-01-12,18.41,4862.34
20210113,000300,沪深300指数,沪深300,CSI 300 Index,CSI 300,5609.26,5644.72,5535.14,5577.97,-18.38,-0.33,26156988600.0,5469.6,300.0,18.38,2021-01-13,18.38,5469.6
20210114,000300,沪深300指数,沪深300,CSI 300 Index,CSI 300,5556.21,5568.02,5458.68,5470.46,-107.51,-1.93,24368338000.0,5018.9,300.0,18.08,2021-01-14,18.08,5018.9
20210115,000300,沪深300指数,沪深300,CSI 300 Index,CSI 300,5471.39,5500.63,5390.27,5458.08,-12.38,-0.23,23863743500.0,4757.1,300.0,18.04,2021-01-15,18.04,4757.1
20210118,000300,沪深300指数,沪深300,CSI 300 Index,CSI 300,5438.16,5541.46,5410.78,5518.52,60.44,1.11,20705186900.0,4227.17,300.0,18.18,2021-01-18,18.18,4227.17
20210119,000300,沪深300指数,沪深300,CSI 300 Index,CSI 300,5525.97,5532.48,5415.72,5437.52,-81.0,-1.47,21104342500.0,4332.05,300.0,17.95,2021-01-19,17.95,4332.05
20210120,000300,沪深300指数,沪深300,CSI 300 Index,CSI 300,5439.91,5496.05,5426.54,5476.43,38.91,0.72,17091326000.0,3737.7,300.0,18.06,2021-01-20,18.06,3737.7
20210121,000300,沪深300指数,沪深300,CSI 300 Index,CSI 300,5492.96,5593.11,5490.56,5564.97,88.54,1.62,20995019700.0,4531.84,300.0,18.33,2021-01-21,18.33,4531.84
20210122,000300,沪深300指数,沪深300,CSI 300 Index,CSI 300,5562.38,5573.66,5513.88,5569.78,4.81,0.09,19930002000.0,4566.22,300.0,18.31,2021-01-22,18.31,4566.22
20210125,000300,沪深300指数,沪深300,CSI 300 Index,CSI 300,5564.12,5655.48,5543.27,5625.92,56.15,1.01,19704701900.0,5081.67,300.0,18.5,2021-01-25,18.5,5081.67
20210126,000300,沪深300指数,沪深300,CSI 300 Index,CSI 300,5600.9,5600.9,5506.0,5512.97,-112.96,-2.01,17190459000.0,4150.08,300.0,18.17,2021-01-26,18.17,4150.08
20210127,000300,沪深300指数,沪深300,CSI 300 Index,CSI 300,5505.77,5534.99,5449.64,5528.0,15.04,0.27,16019084100.0,3768.93,300.0,18.21,2021-01-27,18.21,3768.93
20210128,000300,沪深300指数,沪深300,CSI 300 Index,CSI 300,5450.37,5462.24,5360.38,5377.14,-150.86,-2.73,17048558500.0,3761.67,300.0,17.77,2021-01-28,17.77,3761.67
20210129,000300,沪深300指数,沪深300,CSI 300 Index,CSI 300,5413.97,5430.2,5288.1,5351.96,-25.18,-0.47,18217878400.0,3902.88,300.0,17.72,2021-01-29,17.72,3902.88
20210201,000300,沪深300指数,沪深300,CSI 300 Index,CSI 300,5356.85,5422.3,5342.05,5417.65,65.68,1.23,16631370600.0,3468.59,300.0,17.9,2021-02-01,17.9,3468.59
20210202,000300,沪深300指数,沪深300,CSI 300 Index,CSI 300,5429.7,5503.21,5411.52,5501.09,83.44,1.54,16521056500.0,3800.17,300.0,18.14,2021-02-02,18.14,3800.17
20210203,000300,沪深300指数,沪深300,CSI 300 Index,CSI 300,5499.3,5532.89,5473.12,5485.2,-15.89,-0.29,18805431700.0,4043.44,300.0,18.08,2021-02-03,18.08,4043.44
20210204,000300,沪深300指数,沪深300,CSI 300 Index,CSI 300,5453.98,5510.05,5411.57,5473.95,-11.25,-0.21,18057565400.0,3979.95,300.0,18.05,2021-02-04,18.05,3979.95
20210205,000300,沪深300指数,沪深300,CSI 300 Index,CSI 300,5494.7,5550.77,5477.65,5483.41,9.47,0.17,18969959800.0,3954.0,300.0,18.09,2021-02-05,18.09,3954.0
20210208,000300,沪深300指数,沪深300,CSI 300 Index,CSI 300,5506.14,5576.49,5479.85,5564.56,81.15,1.48,16403377500.0,3675.83,300.0,18.32,2021-02-08,18.32,3675.83
20210209,000300,沪深300指数,沪深300,CSI 300 Index,CSI 300,5584.17,5686.25,5555.05,5686.25,121.69,2.19,16488726000.0,3787.69,300.0,18.7,2021-02-09,18.7,3787.69
20210210,000300,沪深300指数,沪深300,CSI 300 Index,CSI 300,5709.68,5823.42,5707.33,5807.72,121.47,2.14,17016978600.0,4170.56,300.0,19.09,2021-02-10,19.09,4170.56
20210218,000300,沪深300指数,沪深300,CSI 300 Index,CSI 300,5922.07,5930.91,5747.66,5768.38,-39.34,-0.68,21884868600.0,5074.81,300.0,18.97,2021-02-18,18.97,5074.81
20210219,000300,沪深300指数,沪深300,CSI 300 Index,CSI 300,5734.02,5787.89,5667.32,5778.84,10.46,0.18,21447578000.0,4564.34,300.0,19.0,2021-02-19,19.0,4564.34
20210222,000300,沪深300指数,沪深300,CSI 300 Index,CSI 300,5785.51,5785.51,5597.33,5597.33,-181.51,-3.14,28212438200.0,5436.33,300.0,18.48,2021-02-22,18.48,5436.33
20210223,000300,沪深300指数,沪深300,CSI 300 Index,CSI 300,5542.68,5644.76,5541.11,5579.67,-17.66,-0.32,23380772700.0,4249.04,300.0,18.4,2021-02-23,18.4,4249.04
20210224,000300,沪深300指数,沪深300,CSI 300 Index,CSI 300,5591.48,5598.83,5379.73,5437.57,-142.1,-2.55,22542861000.0,4723.69,300.0,17.94,2021-02-24,17.94,4723.69
20210225,000300,沪深300指数,沪深300,CSI 300 Index,CSI 300,5494.47,5527.63,5444.16,5469.56,31.99,0.59,23073602800.0,4122.06,300.0,18.06,2021-02-25,18.06,4122.06
20210226,000300,沪深300指数,沪深300,CSI 300 Index,CSI 300,5343.9,5416.32,5318.86,5336.76,-132.8,-2.43,21226454300.0,4057.18,300.0,17.63,2021-02-26,17.63,4057.18
20210301,000300,沪深300指数,沪深300,CSI 300 Index,CSI 300,5389.25,5421.56,5345.94,5418.78,82.02,1.54,17746352268.0,3581.47,300.0,17.86,2021-03-01,17.86,3581.47
20210302,000300,沪深300指数,沪深300,CSI 300 Index,CSI 300,5453.28,5454.97,5305.05,5349.63,-69.15,-1.28,19651111500.0,3764.45,300.0,17.62,2021-03-02,17.62,3764.45
20210303,000300,沪深300指数,沪深300,CSI 300 Index,CSI 300,5327.35,5452.4,5316.48,5452.21,102.58,1.92,19470905400.0,3376.1,300.0,17.95,2021-03-03,17.95,3376.1
20210304,000300,沪深300指数,沪深300,CSI 300 Index,CSI 300,5388.48,5392.37,5254.78,5280.71,-171.51,-3.15,21277521100.0,3843.82,300.0,17.45,2021-03-04,17.45,3843.82
20210305,000300,沪深300指数,沪深300,CSI 300 Index,CSI 300,5191.97,5307.82,5174.25,5262.8,-17.91,-0.34,20262795600.0,3525.4,300.0,17.44,2021-03-05,17.44,3525.4
20210308,000300,沪深300指数,沪深300,CSI 300 Index,CSI 300,5299.79,5326.26,5079.8,5080.02,-182.77,-3.47,23023163500.0,4071.34,300.0,16.89,2021-03-08,16.89,4071.34
20210309,000300,沪深300指数,沪深300,CSI 300 Index,CSI 300,5066.15,5094.31,4917.91,4971.0,-109.03,-2.15,23071100400.0,4144.15,300.0,16.55,2021-03-09,16.55,4144.15
20210310,000300,沪深300指数,沪深300,CSI 300 Index,CSI 300,5047.06,5055.28,4981.62,5003.61,32.61,0.66,16992849000.0,3095.77,300.0,16.62,2021-03-10,16.62,3095.77
20210311,000300,沪深300指数,沪深300,CSI 300 Index,CSI 300,5024.56,5138.41,5020.58,5128.22,124.6,2.49,18960076600.0,3338.59,300.0,17.01,2021-03-11,17.01,3338.59
20210312,000300,沪深300指数,沪深300,CSI 300 Index,CSI 300,5153.67,5153.67,5086.82,5146.38,18.16,0.35,20102058900.0,3232.38,300.0,17.08,2021-03-12,17.08,3232.38
20210315,000300,沪深300指数,沪深300,CSI 300 Index,CSI 300,5116.12,5120.88,4992.4,5035.54,-110.83,-2.15,20415308400.0,3307.41,300.0,16.76,2021-03-15,16.76,3307.41
20210316,000300,沪深300指数,沪深300,CSI 300 Index,CSI 300,5054.41,5084.31,5009.95,5079.36,43.82,0.87,16139005400.0,2717.55,300.0,16.91,2021-03-16,16.91,2717.55
20210317,000300,沪深300指数,沪深300,CSI 300 Index,CSI 300,5062.77,5123.55,5020.13,5100.86,21.5,0.42,14916237600.0,2634.92,300.0,16.95,2021-03-17,16.95,2634.92
20210318,000300,沪深300指数,沪深300,CSI 300 Index,CSI 300,5114.59,5160.46,5111.13,5141.77,40.91,0.8,14290151800.0,2609.3,300.0,17.08,2021-03-18,17.08,2609.3
20210319,000300,沪深300指数,沪深300,CSI 300 Index,CSI 300,5068.53,5089.92,4980.76,5007.09,-134.68,-2.62,16417484900.0,2829.74,300.0,16.65,2021-03-19,16.65,2829.74
20210322,000300,沪深300指数,沪深300,CSI 300 Index,CSI 300,5008.4,5071.34,4996.54,5057.15,50.06,1.0,16740263200.0,2642.09,300.0,16.8,2021-03-22,16.8,2642.09
20210323,000300,沪深300指数,沪深300,CSI 300 Index,CSI 300,5057.06,5064.02,4966.53,5009.25,-47.91,-0.95,15801396700.0,2557.55,300.0,16.66,2021-03-23,16.66,2557.55
20210324,000300,沪深300指数,沪深300,CSI 300 Index,CSI 300,4985.4,5024.33,4919.89,4928.69,-80.56,-1.61,15938598200.0,2659.7,300.0,16.42,2021-03-24,16.42,2659.7
20210325,000300,沪深300指数,沪深300,CSI 300 Index,CSI 300,4904.07,4950.76,4883.66,4926.35,-2.34,-0.05,13294518900.0,2197.82,300.0,16.41,2021-03-25,16.41,2197.82
20210326,000300,沪深300指数,沪深300,CSI 300 Index,CSI 300,4953.95,5050.83,4953.95,5037.99,111.64,2.27,14592669700.0,2739.02,300.0,16.73,2021-03-26,16.73,2739.02
20210329,000300,沪深300指数,沪深300,CSI 300 Index,CSI 300,5052.26,5086.65,5010.39,5046.88,8.89,0.18,14338821500.0,2661.77,300.0,16.79,2021-03-29,16.79,2661.77
20210330,000300,沪深300指数,沪深300,CSI 300 Index,CSI 300,5043.1,5106.04,5032.8,5094.73,47.85,0.95,13861856000.0,2549.28,300.0,16.94,2021-03-30,16.94,2549.28
20210331,000300,沪深300指数,沪深300,CSI 300 Index,CSI 300,5085.95,5085.95,5015.61,5048.36,-46.37,-0.91,14133574300.0,2410.58,300.0,16.82,2021-03-31,16.82,2410.58
20210401,000300,沪深300指数,沪深300,CSI 300 Index,CSI 300,5059.94,5115.43,5056.87,5110.78,62.42,1.24,12032489000.0,2114.93,300.0,16.98,2021-04-01,16.98,2114.93
20210402,000300,沪深300指数,沪深300,CSI 300 Index,CSI 300,5129.85,5169.83,5116.35,5161.56,50.78,0.99,12700225400.0,2480.6,300.0,17.13,2021-04-02,17.13,2480.6
20210406,000300,沪深300指数,沪深300,CSI 300 Index,CSI 300,5178.64,5181.15,5125.33,5140.34,-21.22,-0.41,10983421000.0,2138.52,300.0,17.07,2021-04-06,17.07,2138.52
20210407,000300,沪深300指数,沪深300,CSI 300 Index,CSI 300,5141.66,5141.66,5065.19,5103.74,-36.6,-0.71,14576374800.0,2462.71,300.0,16.97,2021-04-07,16.97,2462.71
20210408,000300,沪深300指数,沪深300,CSI 300 Index,CSI 300,5078.26,5129.13,5062.07,5112.21,8.47,0.17,14177104700.0,2284.22,300.0,17.0,2021-04-08,17.0,2284.22
20210409,000300,沪深300指数,沪深300,CSI 300 Index,CSI 300,5100.04,5100.04,5022.09,5035.34,-76.87,-1.5,12841650900.0,2215.2,300.0,16.76,2021-04-09,16.76,2215.2
20210412,000300,沪深300指数,沪深300,CSI 300 Index,CSI 300,5026.98,5045.6,4933.01,4947.75,-87.59,-1.74,15264431400.0,2672.18,300.0,16.52,2021-04-12,16.52,2672.18
20210413,000300,沪深300指数,沪深300,CSI 300 Index,CSI 300,4949.81,4994.54,4924.2,4939.64,-8.1,-0.16,13291935800.0,2257.53,300.0,16.49,2021-04-13,16.49,2257.53
20210414,000300,沪深300指数,沪深300,CSI 300 Index,CSI 300,4945.69,4987.12,4940.27,4980.63,40.98,0.83,12086083800.0,2210.36,300.0,16.6,2021-04-14,16.6,2210.36
20210415,000300,沪深300指数,沪深300,CSI 300 Index,CSI 300,4969.91,4969.91,4900.3,4948.97,-31.65,-0.64,10882938400.0,2138.21,300.0,16.5,2021-04-15,16.5,2138.21
20210416,000300,沪深300指数,沪深300,CSI 300 Index,CSI 300,4966.9,4979.17,4917.96,4966.18,17.21,0.35,11123992400.0,2133.89,300.0,16.57,2021-04-16,16.57,2133.89
20210419,000300,沪深300指数,沪深300,CSI 300 Index,CSI 300,4966.41,5088.21,4940.75,5087.02,120.84,2.43,15476982400.0,3079.0,300.0,16.92,2021-04-19,16.92,3079.0
20210420,000300,沪深300指数,沪深300,CSI 300 Index,CSI 300,5065.78,5119.86,5058.92,5083.37,-3.65,-0.07,13654170000.0,2766.41,300.0,16.9,2021-04-20,16.9,2766.41
20210421,000300,沪深300指数,沪深300,CSI 300 Index,CSI 300,5055.24,5110.56,5047.99,5098.74,15.38,0.3,12463727700.0,2425.75,300.0,16.93,2021-04-21,16.93,2425.75
20210422,000300,沪深300指数,沪深300,CSI 300 Index,CSI 300,5114.28,5119.22,5067.14,5089.24,-9.5,-0.19,12116764500.0,2414.89,300.0,16.9,2021-04-22,16.9,2414.89
20210423,000300,沪深300指数,沪深300,CSI 300 Index,CSI 300,5088.83,5149.98,5086.49,5135.45,46.21,0.91,12205699100.0,2643.45,300.0,17.02,2021-04-23,17.02,2643.45
20210426,000300,沪深300指数,沪深300,CSI 300 Index,CSI 300,5156.59,5181.11,5072.96,5077.24,-58.22,-1.13,15138196700.0,3257.6,300.0,16.83,2021-04-26,16.83,3257.6
20210427,000300,沪深300指数,沪深300,CSI 300 Index,CSI 300,5076.64,5095.98,5042.61,5090.52,13.28,0.26,12396183700.0,2547.38,300.0,16.87,2021-04-27,16.87,2547.38
20210428,000300,沪深300指数,沪深300,CSI 300 Index,CSI 300,5073.97,5119.45,5059.26,5119.24,28.72,0.56,12062031800.0,2721.83,300.0,16.96,2021-04-28,16.96,2721.83
20210429,000300,沪深300指数,沪深300,CSI 300 Index,CSI 300,5128.28,5170.59,5113.65,5164.17,44.93,0.88,14009248000.0,2941.12,300.0,17.09,2021-04-29,17.09,2941.12
20210430,000300,沪深300指数,沪深300,CSI 300 Index,CSI 300,5156.36,5163.25,5094.93,5123.49,-40.68,-0.79,16012162100.0,3150.75,300.0,16.93,2021-04-30,16.93,3150.75
20210506,000300,沪深300指数,沪深300,CSI 300 Index,CSI 300,5098.8,5132.9,5037.41,5061.12,-62.36,-1.22,15882263000.0,3232.58,300.0,14.74,2021-05-06,14.74,3232.58
20210507,000300,沪深300指数,沪深300,CSI 300 Index,CSI 300,5073.46,5093.75,4996.04,4996.05,-65.07,-1.29,17225832100.0,3046.38,300.0,14.59,2021-05-07,14.59,3046.38
20210510,000300,沪深300指数,沪深300,CSI 300 Index,CSI 300,5001.44,5019.39,4953.7,4992.42,-3.63,-0.07,17082058500.0,2826.57,300.0,14.6,2021-05-10,14.6,2826.57
20210511,000300,沪深300指数,沪深300,CSI 300 Index,CSI 300,4956.08,5033.49,4925.92,5023.06,30.64,0.61,15152649700.0,2709.32,300.0,14.69,2021-05-11,14.69,2709.32
20210512,000300,沪深300指数,沪深300,CSI 300 Index,CSI 300,5003.82,5051.17,4995.4,5044.55,21.49,0.43,12661908600.0,2283.44,300.0,14.76,2021-05-12,14.76,2283.44
20210513,000300,沪深300指数,沪深300,CSI 300 Index,CSI 300,4992.35,5022.08,4975.45,4992.97,-51.57,-1.02,13227940600.0,2378.21,300.0,14.62,2021-05-13,14.62,2378.21
20210514,000300,沪深300指数,沪深300,CSI 300 Index,CSI 300,5007.63,5112.98,4981.29,5110.59,117.62,2.36,15942618000.0,3188.03,300.0,14.94,2021-05-14,14.94,3188.03
20210517,000300,沪深300指数,沪深300,CSI 300 Index,CSI 300,5115.31,5206.69,5115.31,5184.99,74.4,1.46,15388963400.0,3354.4,300.0,15.12,2021-05-17,15.12,3354.4
20210518,000300,沪深300指数,沪深300,CSI 300 Index,CSI 300,5190.93,5201.67,5156.79,5187.6,2.62,0.05,11840426100.0,2381.82,300.0,15.14,2021-05-18,15.14,2381.82
20210519,000300,沪深300指数,沪深300,CSI 300 Index,CSI 300,5173.17,5193.56,5151.64,5172.27,-15.33,-0.3,11872998300.0,2507.36,300.0,15.08,2021-05-19,15.08,2507.36
20210520,000300,沪深300指数,沪深300,CSI 300 Index,CSI 300,5167.05,5201.59,5152.04,5186.41,14.14,0.27,13845477500.0,2770.88,300.0,15.11,2021-05-20,15.11,2770.88
20210521,000300,沪深300指数,沪深300,CSI 300 Index,CSI 300,5199.13,5216.16,5123.12,5134.15,-52.26,-1.01,12476848500.0,2680.54,300.0,14.96,2021-05-21,14.96,2680.54
20210524,000300,沪深300指数,沪深300,CSI 300 Index,CSI 300,5138.81,5155.59,5092.39,5155.59,21.44,0.42,12674233600.0,2785.13,300.0,15.02,2021-05-24,15.02,2785.13
20210525,000300,沪深300指数,沪深300,CSI 300 Index,CSI 300,5165.04,5324.36,5161.52,5318.48,162.89,3.16,18299683900.0,4046.83,300.0,15.47,2021-05-25,15.47,4046.83
20210526,000300,沪深300指数,沪深300,CSI 300 Index,CSI 300,5326.12,5344.28,5308.74,5320.59,2.11,0.04,16960709600.0,3464.45,300.0,15.48,2021-05-26,15.48,3464.45
20210527,000300,沪深300指数,沪深300,CSI 300 Index,CSI 300,5311.37,5378.48,5286.05,5338.23,17.64,0.33,14846285500.0,3118.94,300.0,15.52,2021-05-27,15.52,3118.94
20210528,000300,沪深300指数,沪深300,CSI 300 Index,CSI 300,5338.73,5360.28,5288.65,5321.09,-17.14,-0.32,16460580600.0,3307.12,300.0,15.48,2021-05-28,15.48,3307.12
20210531,000300,沪深300指数,沪深300,CSI 300 Index,CSI 300,5318.08,5331.63,5281.69,5331.57,10.48,0.2,14460326900.0,3214.51,300.0,15.49,2021-05-31,15.49,3214.51
20210601,000300,沪深300指数,沪深300,CSI 300 Index,CSI 300,5320.47,5343.75,5269.26,5341.68,10.11,0.19,14383147400.0,3218.46,300.0,15.5,2021-06-01,15.5,3218.46
20210602,000300,沪深300指数,沪深300,CSI 300 Index,CSI 300,5348.34,5352.64,5266.79,5289.97,-51.71,-0.97,13775431900.0,2961.76,300.0,15.37,2021-06-02,15.37,2961.76
20210603,000300,沪深300指数,沪深300,CSI 300 Index,CSI 300,5285.71,5314.37,5255.07,5255.29,-34.69,-0.66,14196887800.0,2854.49,300.0,15.22,2021-06-03,15.22,2854.49
20210604,000300,沪深300指数,沪深300,CSI 300 Index,CSI 300,5228.28,5334.49,5221.23,5282.28,26.99,0.51,14473208700.0,2923.26,300.0,15.28,2021-06-04,15.28,2923.26
20210607,000300,沪深300指数,沪深300,CSI 300 Index,CSI 300,5284.89,5286.84,5242.95,5277.63,-4.65,-0.09,12770497100.0,2804.63,300.0,15.28,2021-06-07,15.28,2804.63
20210608,000300,沪深300指数,沪深300,CSI 300 Index,CSI 300,5276.97,5319.04,5201.14,5232.12,-45.51,-0.86,13055953200.0,3040.42,300.0,15.15,2021-06-08,15.15,3040.42
20210609,000300,沪深300指数,沪深300,CSI 300 Index,CSI 300,5224.95,5253.36,5215.35,5236.45,4.33,0.08,12182032100.0,2550.75,300.0,15.18,2021-06-09,15.18,2550.75
20210610,000300,沪深300指数,沪深300,CSI 300 Index,CSI 300,5236.47,5299.53,5229.52,5271.47,35.02,0.67,13899196700.0,3014.54,300.0,15.26,2021-06-10,15.26,3014.54
20210611,000300,沪深300指数,沪深300,CSI 300 Index,CSI 300,5275.75,5276.1,5213.6,5224.7,-46.76,-0.89,18080717300.0,3653.63,300.0,15.14,2021-06-11,15.14,3653.63
20210615,000300,沪深300指数,沪深300,CSI 300 Index,CSI 300,5218.56,5225.5,5137.41,5166.56,-58.14,-1.11,14288005800.0,3306.17,300.0,15.55,2021-06-15,15.55,3306.17
20210616,000300,沪深300指数,沪深300,CSI 300 Index,CSI 300,5163.25,5164.52,5076.02,5080.49,-86.07,-1.67,12514798500.0,2982.87,300.0,15.33,2021-06-16,15.33,2982.87
20210617,000300,沪深300指数,沪深300,CSI 300 Index,CSI 300,5074.38,5123.37,5073.82,5101.89,21.4,0.42,12045251800.0,2819.27,300.0,15.36,2021-06-17,15.36,2819.27
20210618,000300,沪深300指数,沪深300,CSI 300 Index,CSI 300,5104.93,5128.03,5064.92,5102.47,0.57,0.01,14858580500.0,3566.97,300.0,15.33,2021-06-18,15.33,3566.97
20210621,000300,沪深300指数,沪深300,CSI 300 Index,CSI 300,5088.09,5123.78,5058.57,5090.39,-12.08,-0.24,13218451600.0,3315.27,300.0,15.3,2021-06-21,15.3,3315.27
20210622,000300,沪深300指数,沪深300,CSI 300 Index,CSI 300,5106.07,5125.82,5086.28,5122.16,31.77,0.62,13041675300.0,3136.9,300.0,15.4,2021-06-22,15.4,3136.9
20210623,000300,沪深300指数,沪深300,CSI 300 Index,CSI 300,5127.19,5171.03,5109.76,5147.39,25.24,0.49,13635605800.0,3587.66,300.0,15.42,2021-06-23,15.42,3587.66
20210624,000300,沪深300指数,沪深300,CSI 300 Index,CSI 300,5156.56,5160.43,5120.58,5155.97,8.58,0.17,12668562500.0,3126.07,300.0,15.45,2021-06-24,15.45,3126.07
20210625,000300,沪深300指数,沪深300,CSI 300 Index,CSI 300,5159.8,5251.61,5157.48,5239.97,83.99,1.63,15493106100.0,3682.66,300.0,15.69,2021-06-25,15.69,3682.66
20210628,000300,沪深300指数,沪深300,CSI 300 Index,CSI 300,5253.61,5260.64,5226.22,5251.76,11.79,0.23,13319378300.0,3374.53,300.0,15.71,2021-06-28,15.71,3374.53
20210629,000300,沪深300指数,沪深300,CSI 300 Index,CSI 300,5248.52,5248.52,5182.68,5190.54,-61.22,-1.17,12516299700.0,3148.97,300.0,15.53,2021-06-29,15.53,3148.97
20210630,000300,沪深300指数,沪深300,CSI 300 Index,CSI 300,5189.38,5231.43,5186.63,5224.04,33.5,0.65,10375267100.0,2810.16,300.0,15.62,2021-06-30,15.62,2810.16
20210701,000300,沪深300指数,沪深300,CSI 300 Index,CSI 300,5241.2,5252.26,5190.88,5229.66,5.62,0.11,12724062000.0,3240.97,300.0,15.63,2021-07-01,15.63,3240.97
20210702,000300,沪深300指数,沪深300,CSI 300 Index,CSI 300,5186.66,5186.66,5074.36,5081.12,-148.55,-2.84,13042642400.0,3425.79,300.0,15.22,2021-07-02,15.22,3425.79
20210705,000300,沪深300指数,沪深300,CSI 300 Index,CSI 300,5073.78,5098.23,5048.0,5085.79,4.68,0.09,13121158900.0,3351.98,300.0,15.24,2021-07-05,15.24,3351.98
20210706,000300,沪深300指数,沪深300,CSI 300 Index,CSI 300,5089.78,5092.21,5028.51,5083.1,-2.69,-0.05,14065522000.0,3628.29,300.0,15.23,2021-07-06,15.23,3628.29
20210707,000300,沪深300指数,沪深300,CSI 300 Index,CSI 300,5052.42,5152.77,5045.41,5140.49,57.39,1.13,14854906000.0,3367.31,300.0,15.36,2021-07-07,15.36,3367.31
20210708,000300,沪深300指数,沪深300,CSI 300 Index,CSI 300,5149.31,5151.22,5078.93,5088.26,-52.23,-1.02,17390100800.0,3978.8,300.0,15.21,2021-07-08,15.21,3978.8
20210709,000300,沪深300指数,沪深300,CSI 300 Index,CSI 300,5063.15,5081.41,5006.41,5069.44,-18.82,-0.37,16065322600.0,3528.46,300.0,15.15,2021-07-09,15.15,3528.46
20210712,000300,沪深300指数,沪深300,CSI 300 Index,CSI 300,5108.38,5159.41,5070.32,5132.71,63.27,1.25,20621203900.0,4372.03,300.0,15.29,2021-07-12,15.29,4372.03
20210713,000300,沪深300指数,沪深300,CSI 300 Index,CSI 300,5128.61,5154.05,5114.94,5142.1,9.39,0.18,16648220900.0,3613.28,300.0,15.32,2021-07-13,15.32,3613.28
20210714,000300,沪深300指数,沪深300,CSI 300 Index,CSI 300,5130.75,5130.75,5075.13,5083.08,-59.01,-1.15,18835272000.0,3725.68,300.0,15.12,2021-07-14,15.12,3725.68
20210715,000300,沪深300指数,沪深300,CSI 300 Index,CSI 300,5073.26,5153.81,5067.68,5151.46,68.38,1.35,18107710300.0,3724.84,300.0,15.3,2021-07-15,15.3,3724.84
20210716,000300,沪深300指数,沪深300,CSI 300 Index,CSI 300,5140.9,5140.9,5090.63,5094.77,-56.69,-1.1,16995598200.0,3625.94,300.0,15.14,2021-07-16,15.14,3625.94
20210719,000300,沪深300指数,沪深300,CSI 300 Index,CSI 300,5083.73,5120.82,5047.62,5113.49,18.72,0.37,15319958900.0,3403.23,300.0,15.17,2021-07-19,15.17,3403.23
20210720,000300,沪深300指数,沪深300,CSI 300 Index,CSI 300,5080.22,5114.0,5067.86,5108.99,-4.5,-0.09,12930004400.0,2835.43,300.0,15.15,2021-07-20,15.15,2835.43
20210721,000300,沪深300指数,沪深300,CSI 300 Index,CSI 300,5122.78,5160.54,5122.3,5144.04,35.05,0.69,16797646900.0,3902.76,300.0,15.24,2021-07-21,15.24,3902.76
20210722,000300,沪深300指数,沪深300,CSI 300 Index,CSI 300,5150.39,5171.21,5137.88,5151.75,7.71,0.15,18555686400.0,4182.22,300.0,15.28,2021-07-22,15.28,4182.22
20210723,000300,沪深300指数,沪深300,CSI 300 Index,CSI 300,5145.43,5145.43,5080.0,5089.23,-62.52,-1.21,21653684700.0,4355.21,300.0,15.13,2021-07-23,15.13,4355.21
20210726,000300,沪深300指数,沪深300,CSI 300 Index,CSI 300,5067.31,5067.31,4859.6,4925.3,-163.93,-3.22,22811171000.0,4951.54,300.0,14.67,2021-07-26,14.67,4951.54
20210727,000300,沪深300指数,沪深300,CSI 300 Index,CSI 300,4924.28,4940.86,4749.03,4751.31,-173.99,-3.53,23663122500.0,5211.46,300.0,14.2,2021-07-27,14.2,5211.46
20210728,000300,沪深300指数,沪深300,CSI 300 Index,CSI 300,4714.29,4785.66,4663.9,4760.48,9.17,0.19,19263439300.0,4197.06,300.0,14.21,2021-07-28,14.21,4197.06
20210729,000300,沪深300指数,沪深300,CSI 300 Index,CSI 300,4845.76,4857.97,4800.01,4850.27,89.79,1.89,17332205400.0,4156.76,300.0,14.43,2021-07-29,14.43,4156.76
20210730,000300,沪深300指数,沪深300,CSI 300 Index,CSI 300,4825.7,4825.7,4761.04,4811.17,-39.11,-0.81,18234977600.0,4209.44,300.0,14.32,2021-07-30,14.32,4209.44
20210802,000300,沪深300指数,沪深300,CSI 300 Index,CSI 300,4794.82,4938.82,4761.46,4933.74,122.57,2.55,22719491800.0,5246.59,300.0,14.67,2021-08-02,14.67,5246.59
20210803,000300,沪深300指数,沪深300,CSI 300 Index,CSI 300,4909.23,4957.03,4890.85,4934.46,0.72,0.01,20353336000.0,4711.94,300.0,14.65,2021-08-03,14.65,4711.94
20210804,000300,沪深300指数,沪深300,CSI 300 Index,CSI 300,4927.74,4979.29,4919.66,4978.85,44.39,0.9,17546646100.0,4258.01,300.0,14.76,2021-08-04,14.76,4258.01
20210805,000300,沪深300指数,沪深300,CSI 300 Index,CSI 300,4946.17,4997.14,4921.94,4948.67,-30.18,-0.61,16738182900.0,3987.72,300.0,14.67,2021-08-05,14.67,3987.72
20210806,000300,沪深300指数,沪深300,CSI 300 Index,CSI 300,4943.04,4944.35,4891.8,4921.56,-27.11,-0.55,15417968800.0,3717.74,300.0,14.6,2021-08-06,14.6,3717.74
20210809,000300,沪深300指数,沪深300,CSI 300 Index,CSI 300,4890.26,5002.89,4884.04,4985.56,64.0,1.3,18243687100.0,4088.97,300.0,14.78,2021-08-09,14.78,4088.97
20210810,000300,沪深300指数,沪深300,CSI 300 Index,CSI 300,4977.82,5043.76,4941.24,5043.15,57.59,1.16,16705190200.0,4100.99,300.0,14.95,2021-08-10,14.95,4100.99
20210811,000300,沪深300指数,沪深300,CSI 300 Index,CSI 300,5037.08,5059.79,5009.98,5015.34,-27.81,-0.55,18226607400.0,3733.86,300.0,14.89,2021-08-11,14.89,3733.86
20210812,000300,沪深300指数,沪深300,CSI 300 Index,CSI 300,4998.07,5016.26,4962.99,4973.35,-41.99,-0.84,16822373300.0,3618.28,300.0,14.78,2021-08-12,14.78,3618.28
20210813,000300,沪深300指数,沪深300,CSI 300 Index,CSI 300,4958.76,4993.74,4921.28,4945.98,-27.37,-0.55,15831432100.0,3524.59,300.0,14.71,2021-08-13,14.71,3524.59
20210816,000300,沪深300指数,沪深300,CSI 300 Index,CSI 300,4935.92,4973.38,4931.37,4941.07,-4.92,-0.1,16195337300.0,3407.35,300.0,14.72,2021-08-16,14.72,3407.35
20210817,000300,沪深300指数,沪深300,CSI 300 Index,CSI 300,4935.0,4967.56,4823.39,4837.4,-103.66,-2.1,18757347200.0,3884.57,300.0,14.42,2021-08-17,14.42,3884.57
20210818,000300,沪深300指数,沪深300,CSI 300 Index,CSI 300,4838.47,4909.54,4818.9,4894.24,56.84,1.17,19747437800.0,3957.92,300.0,14.59,2021-08-18,14.59,3957.92
20210819,000300,沪深300指数,沪深300,CSI 300 Index,CSI 300,4886.56,4893.47,4839.57,4862.14,-32.1,-0.66,20171171900.0,3974.25,300.0,14.48,2021-08-19,14.48,3974.25
20210820,000300,沪深300指数,沪深300,CSI 300 Index,CSI 300,4817.49,4835.15,4720.83,4769.27,-92.87,-1.91,17763581000.0,4049.38,300.0,14.23,2021-08-20,14.23,4049.38
20210823,000300,沪深300指数,沪深300,CSI 300 Index,CSI 300,4777.73,4843.82,4764.01,4835.88,66.61,1.4,16757909300.0,3895.99,300.0,14.42,2021-08-23,14.42,3895.99
20210824,000300,沪深300指数,沪深300,CSI 300 Index,CSI 300,4844.59,4906.2,4842.75,4888.39,52.51,1.09,19788316300.0,4174.81,300.0,14.57,2021-08-24,14.57,4174.81
20210825,000300,沪深300指数,沪深300,CSI 300 Index,CSI 300,4890.52,4899.77,4865.76,4898.16,9.77,0.2,18944801600.0,3718.68,300.0,14.6,2021-08-25,14.6,3718.68
20210826,000300,沪深300指数,沪深300,CSI 300 Index,CSI 300,4892.2,4892.2,4798.7,4801.61,-96.55,-1.97,19761738700.0,3689.88,300.0,14.34,2021-08-26,14.34,3689.88
20210827,000300,沪深300指数,沪深300,CSI 300 Index,CSI 300,4794.97,4863.47,4793.59,4827.04,25.43,0.53,18331021100.0,3684.21,300.0,14.41,2021-08-27,14.41,3684.21
20210830,000300,沪深300指数,沪深300,CSI 300 Index,CSI 300,4847.03,4849.16,4787.2,4813.27,-13.77,-0.29,21963575700.0,4771.82,300.0,14.38,2021-08-30,14.38,4771.82
20210831,000300,沪深300指数,沪深300,CSI 300 Index,CSI 300,4803.09,4821.76,4740.75,4805.61,-7.66,-0.16,23511865800.0,4608.06,300.0,14.39,2021-08-31,14.39,4608.06
20210901,000300,沪深300指数,沪深300,CSI 300 Index,CSI 300,4804.69,4906.4,4763.3,4869.46,63.85,1.33,32672108000.0,5688.2,300.0,13.85,2021-09-01,13.85,5688.2
20210902,000300,沪深300指数,沪深300,CSI 300 Index,CSI 300,4865.82,4892.7,4845.62,4869.41,-0.05,0.0,26785801300.0,4659.54,300.0,13.85,2021-09-02,13.85,4659.54
20210903,000300,沪深300指数,沪深300,CSI 300 Index,CSI 300,4875.07,4886.55,4828.7,4843.06,-26.35,-0.54,26809189600.0,4664.3,300.0,13.79,2021-09-03,13.79,4664.3
20210906,000300,沪深300指数,沪深300,CSI 300 Index,CSI 300,4841.06,4944.45,4837.79,4933.73,90.66,1.87,24050724500.0,4527.56,300.0,14.03,2021-09-06,14.03,4527.56
20210907,000300,沪深300指数,沪深300,CSI 300 Index,CSI 300,4932.98,5005.96,4915.61,4992.83,59.1,1.2,24417851900.0,4177.6,300.0,14.19,2021-09-07,14.19,4177.6
20210908,000300,沪深300指数,沪深300,CSI 300 Index,CSI 300,4986.8,5013.98,4955.89,4972.13,-20.7,-0.41,26461531500.0,4285.91,300.0,14.15,2021-09-08,14.15,4285.91
20210909,000300,沪深300指数,沪深300,CSI 300 Index,CSI 300,4952.49,4970.15,4929.95,4970.01,-2.12,-0.04,25653021700.0,4016.76,300.0,14.17,2021-09-09,14.17,4016.76
20210910,000300,沪深300指数,沪深300,CSI 300 Index,CSI 300,4967.98,5042.8,4962.37,5013.52,43.51,0.88,28830435200.0,4727.63,300.0,14.26,2021-09-10,14.26,4727.63
20210913,000300,沪深300指数,沪深300,CSI 300 Index,CSI 300,5006.77,5029.72,4964.96,4991.66,-21.86,-0.44,24991529800.0,4333.3,300.0,14.25,2021-09-13,14.25,4333.3
20210914,000300,沪深300指数,沪深300,CSI 300 Index,CSI 300,4989.83,5000.98,4907.32,4917.16,-74.5,-1.49,24559040200.0,4172.46,300.0,14.06,2021-09-14,14.06,4172.46
20210915,000300,沪深300指数,沪深300,CSI 300 Index,CSI 300,4903.85,4903.85,4843.12,4867.32,-49.84,-1.01,18798473000.0,3632.57,300.0,13.93,2021-09-15,13.93,3632.57
20210916,000300,沪深300指数,沪深300,CSI 300 Index,CSI 300,4866.79,4879.53,4806.14,4807.7,-59.62,-1.22,21675209900.0,3935.17,300.0,13.78,2021-09-16,13.78,3935.17
20210917,000300,沪深300指数,沪深300,CSI 300 Index,CSI 300,4797.11,4857.96,4786.09,4855.94,48.24,1.0,20195812700.0,3603.97,300.0,13.88,2021-09-17,13.88,3603.97
20210922,000300,沪深300指数,沪深300,CSI 300 Index,CSI 300,4770.73,4830.85,4765.23,4821.77,-34.17,-0.7,19122037600.0,3119.53,300.0,13.83,2021-09-22,13.83,3119.53
20210923,000300,沪深300指数,沪深300,CSI 300 Index,CSI 300,4848.22,4877.34,4837.56,4853.2,31.43,0.65,22815106400.0,3621.41,300.0,13.9,2021-09-23,13.9,3621.41
20210924,000300,沪深300指数,沪深300,CSI 300 Index,CSI 300,4845.64,4897.06,4838.54,4849.43,-3.77,-0.08,20769329000.0,3618.49,300.0,13.87,2021-09-24,13.87,3618.49
20210927,000300,沪深300指数,沪深300,CSI 300 Index,CSI 300,4870.85,4922.56,4852.2,4877.37,27.94,0.58,21596703000.0,4260.83,300.0,13.95,2021-09-27,13.95,4260.83
20210928,000300,沪深300指数,沪深300,CSI 300 Index,CSI 300,4869.08,4901.31,4846.63,4883.83,6.46,0.13,17689088000.0,3212.72,300.0,14.0,2021-09-28,14.0,3212.72
20210929,000300,沪深300指数,沪深300,CSI 300 Index,CSI 300,4846.02,4868.07,4799.88,4833.93,-49.9,-1.02,18817136600.0,3318.42,300.0,13.84,2021-09-29,13.84,3318.42
20210930,000300,沪深300指数,沪深300,CSI 300 Index,CSI 300,4843.95,4876.07,4843.95,4866.38,32.45,0.67,14611389600.0,2832.55,300.0,13.89,2021-09-30,13.89,2832.55
20211008,000300,沪深300指数,沪深300,CSI 300 Index,CSI 300,4915.73,4937.09,4891.62,4929.94,63.56,1.31,16896807700.0,3436.36,300.0,14.06,2021-10-08,14.06,3436.36
20211011,000300,沪深300指数,沪深300,CSI 300 Index,CSI 300,4941.29,4983.73,4930.71,4936.19,6.25,0.13,16351162400.0,3151.86,300.0,14.08,2021-10-11,14.08,3151.86
20211012,000300,沪深300指数,沪深300,CSI 300 Index,CSI 300,4920.66,4925.49,4840.77,4883.84,-52.35,-1.06,16807933700.0,2994.24,300.0,13.93,2021-10-12,13.93,2994.24
20211013,000300,沪深300指数,沪深300,CSI 300 Index,CSI 300,4880.14,4953.37,4869.83,4940.11,56.27,1.15,13114281300.0,2800.45,300.0,14.05,2021-10-13,14.05,2800.45
20211014,000300,沪深300指数,沪深300,CSI 300 Index,CSI 300,4934.26,4953.92,4903.25,4913.61,-26.5,-0.54,11955701300.0,2491.52,300.0,13.97,2021-10-14,13.97,2491.52
20211015,000300,沪深300指数,沪深300,CSI 300 Index,CSI 300,4896.56,4939.82,4881.01,4932.11,18.5,0.38,14282200100.0,3007.28,300.0,14.04,2021-10-15,14.04,3007.28
20211018,000300,沪深300指数,沪深300,CSI 300 Index,CSI 300,4922.51,4922.51,4844.94,4874.78,-57.33,-1.16,14124519900.0,3025.39,300.0,13.9,2021-10-18,13.9,3025.39
20211019,000300,沪深300指数,沪深300,CSI 300 Index,CSI 300,4869.39,4928.14,4868.81,4922.72,47.95,0.98,13526649300.0,2829.28,300.0,14.02,2021-10-19,14.02,2829.28
20211020,000300,沪深300指数,沪深300,CSI 300 Index,CSI 300,4926.77,4944.02,4898.37,4910.18,-12.54,-0.25,14153318300.0,2797.48,300.0,13.98,2021-10-20,13.98,2797.48
20211021,000300,沪深300指数,沪深300,CSI 300 Index,CSI 300,4914.74,4946.18,4893.85,4928.02,17.83,0.36,14889815400.0,2748.03,300.0,14.04,2021-10-21,14.04,2748.03
20211022,000300,沪深300指数,沪深300,CSI 300 Index,CSI 300,4934.87,4989.89,4934.87,4959.73,31.71,0.64,14392622800.0,2892.53,300.0,14.09,2021-10-22,14.09,2892.53
20211025,000300,沪深300指数,沪深300,CSI 300 Index,CSI 300,4940.9,4981.65,4930.11,4979.52,19.8,0.4,14186149000.0,2994.08,300.0,14.16,2021-10-25,14.16,2994.08
20211026,000300,沪深300指数,沪深300,CSI 300 Index,CSI 300,4983.24,5002.57,4953.48,4963.1,-16.43,-0.33,14088894300.0,3017.86,300.0,14.11,2021-10-26,14.11,3017.86
20211027,000300,沪深300指数,沪深300,CSI 300 Index,CSI 300,4949.23,4949.23,4884.94,4898.16,-64.93,-1.31,14711159300.0,2994.6,300.0,13.94,2021-10-27,13.94,2994.6
20211028,000300,沪深300指数,沪深300,CSI 300 Index,CSI 300,4882.59,4898.66,4846.28,4864.14,-34.03,-0.69,15664947200.0,3166.32,300.0,13.81,2021-10-28,13.81,3166.32
20211029,000300,沪深300指数,沪深300,CSI 300 Index,CSI 300,4861.27,4908.77,4855.76,4908.77,44.63,0.92,15988735300.0,3687.32,300.0,13.91,2021-10-29,13.91,3687.32
20211101,000300,沪深300指数,沪深300,CSI 300 Index,CSI 300,4878.13,4908.21,4858.25,4890.69,-18.09,-0.37,17158397400.0,3797.31,300.0,13.72,2021-11-01,13.72,3797.31
20211102,000300,沪深300指数,沪深300,CSI 300 Index,CSI 300,4886.18,4911.23,4797.9,4839.85,-50.84,-1.04,18543768800.0,3857.32,300.0,13.57,2021-11-02,13.57,3857.32
20211103,000300,沪深300指数,沪深300,CSI 300 Index,CSI 300,4835.81,4858.71,4804.37,4821.11,-18.73,-0.39,14276382000.0,3022.7,300.0,13.52,2021-11-03,13.52,3022.7
20211104,000300,沪深300指数,沪深300,CSI 300 Index,CSI 300,4841.09,4873.94,4834.74,4868.74,47.63,0.99,13259297000.0,3086.88,300.0,13.64,2021-11-04,13.64,3086.88
20211105,000300,沪深300指数,沪深300,CSI 300 Index,CSI 300,4858.9,4889.68,4841.74,4842.35,-26.4,-0.54,14778935900.0,3120.71,300.0,13.55,2021-11-05,13.55,3120.71
20211108,000300,沪深300指数,沪深300,CSI 300 Index,CSI 300,4841.15,4866.08,4827.69,4848.18,5.83,0.12,13739826400.0,2958.94,300.0,13.56,2021-11-08,13.56,2958.94
20211109,000300,沪深300指数,沪深300,CSI 300 Index,CSI 300,4858.25,4870.79,4818.54,4846.74,-1.44,-0.03,11837552600.0,2616.45,300.0,13.56,2021-11-09,13.56,2616.45
20211110,000300,沪深300指数,沪深300,CSI 300 Index,CSI 300,4832.8,4832.8,4754.0,4821.19,-25.55,-0.53,13511817900.0,3010.59,300.0,13.48,2021-11-10,13.48,3010.59
20211111,000300,沪深300指数,沪深300,CSI 300 Index,CSI 300,4814.77,4898.65,4809.11,4898.65,77.46,1.61,16048486300.0,3236.25,300.0,13.68,2021-11-11,13.68,3236.25
20211112,000300,沪深300指数,沪深300,CSI 300 Index,CSI 300,4902.93,4909.08,4875.35,4888.37,-10.28,-0.21,13266296900.0,2717.73,300.0,13.64,2021-11-12,13.64,2717.73
20211115,000300,沪深300指数,沪深300,CSI 300 Index,CSI 300,4894.41,4906.33,4863.4,4882.38,-6.0,-0.12,12182314900.0,2729.98,300.0,13.63,2021-11-15,13.63,2729.98
20211116,000300,沪深300指数,沪深300,CSI 300 Index,CSI 300,4880.9,4915.37,4876.5,4883.32,0.94,0.02,12725440600.0,2840.95,300.0,13.64,2021-11-16,13.64,2840.95
20211117,000300,沪深300指数,沪深300,CSI 300 Index,CSI 300,4883.25,4891.52,4864.52,4885.75,2.43,0.05,10845922300.0,2461.78,300.0,13.65,2021-11-17,13.65,2461.78
20211118,000300,沪深300指数,沪深300,CSI 300 Index,CSI 300,4871.42,4871.42,4830.41,4837.62,-48.14,-0.99,11448056500.0,2444.85,300.0,13.54,2021-11-18,13.54,2444.85
20211119,000300,沪深300指数,沪深300,CSI 300 Index,CSI 300,4832.06,4892.81,4829.57,4890.06,52.44,1.08,12719831200.0,2662.81,300.0,13.69,2021-11-19,13.69,2662.81
20211122,000300,沪深300指数,沪深300,CSI 300 Index,CSI 300,4895.39,4919.0,4893.27,4912.4,22.34,0.46,13809283600.0,3161.49,300.0,13.74,2021-11-22,13.74,3161.49
20211123,000300,沪深300指数,沪深300,CSI 300 Index,CSI 300,4905.76,4927.52,4896.88,4913.35,0.95,0.02,15430441100.0,3010.22,300.0,13.76,2021-11-23,13.76,3010.22
20211124,000300,沪深300指数,沪深300,CSI 300 Index,CSI 300,4914.03,4935.49,4899.61,4916.66,3.31,0.07,13715067300.0,2897.07,300.0,13.78,2021-11-24,13.78,2897.07
20211125,000300,沪深300指数,沪深300,CSI 300 Index,CSI 300,4917.61,4921.33,4891.73,4896.44,-20.22,-0.41,11598403100.0,2554.51,300.0,13.72,2021-11-25,13.72,2554.51
20211126,000300,沪深300指数,沪深300,CSI 300 Index,CSI 300,4886.95,4886.95,4850.81,4860.13,-36.32,-0.74,12036897400.0,2430.41,300.0,13.62,2021-11-26,13.62,2430.41
20211129,000300,沪深300指数,沪深300,CSI 300 Index,CSI 300,4820.01,4858.53,4818.71,4851.42,-8.7,-0.18,13362686200.0,2859.95,300.0,13.59,2021-11-29,13.59,2859.95
20211130,000300,沪深300指数,沪深300,CSI 300 Index,CSI 300,4857.18,4871.25,4810.22,4832.03,-19.4,-0.4,12963059600.0,2792.68,300.0,13.55,2021-11-30,13.55,2792.68
20211201,000300,沪深300指数,沪深300,CSI 300 Index,CSI 300,4831.89,4844.52,4823.93,4843.85,11.83,0.24,12308678900.0,2559.69,300.0,13.59,2021-12-01,13.59,2559.69
20211202,000300,沪深300指数,沪深300,CSI 300 Index,CSI 300,4839.91,4866.85,4830.32,4856.16,12.31,0.25,14808852100.0,2780.52,300.0,13.63,2021-12-02,13.63,2780.52
20211203,000300,沪深300指数,沪深300,CSI 300 Index,CSI 300,4856.98,4901.02,4853.35,4901.02,44.85,0.92,14405962600.0,3000.53,300.0,13.75,2021-12-03,13.75,3000.53
20211206,000300,沪深300指数,沪深300,CSI 300 Index,CSI 300,4909.43,4943.9,4888.69,4892.62,-8.4,-0.17,17361568300.0,3334.06,300.0,13.73,2021-12-06,13.73,3334.06
20211207,000300,沪深300指数,沪深300,CSI 300 Index,CSI 300,4930.83,4934.1,4895.22,4922.1,29.48,0.6,17905346000.0,3406.18,300.0,13.8,2021-12-07,13.8,3406.18
20211208,000300,沪深300指数,沪深300,CSI 300 Index,CSI 300,4934.41,4995.93,4915.79,4995.93,73.83,1.5,15749055900.0,3290.65,300.0,13.99,2021-12-08,13.99,3290.65
20211209,000300,沪深300指数,沪深300,CSI 300 Index,CSI 300,5000.69,5114.5,4999.41,5078.69,82.76,1.66,22056877600.0,4256.81,300.0,14.21,2021-12-09,14.21,4256.81
20211210,000300,沪深300指数,沪深300,CSI 300 Index,CSI 300,5046.27,5060.06,5035.81,5055.12,-23.57,-0.46,19369515400.0,3569.18,300.0,14.14,2021-12-10,14.14,3569.18
20211213,000300,沪深300指数,沪深300,CSI 300 Index,CSI 300,5090.02,5143.84,5079.73,5083.8,28.68,0.57,21180159600.0,4263.77,300.0,15.22,2021-12-13,15.22,4263.77
20211214,000300,沪深300指数,沪深300,CSI 300 Index,CSI 300,5066.35,5075.21,5038.86,5049.7,-34.11,-0.67,15910779000.0,3186.86,300.0,15.11,2021-12-14,15.11,3186.86
20211215,000300,沪深300指数,沪深300,CSI 300 Index,CSI 300,5036.28,5060.37,5003.78,5005.9,-43.8,-0.87,15052975200.0,2910.73,300.0,14.99,2021-12-15,14.99,2910.73
20211216,000300,沪深300指数,沪深300,CSI 300 Index,CSI 300,5006.61,5034.73,4987.22,5034.73,28.83,0.58,14405386700.0,2914.75,300.0,15.09,2021-12-16,15.09,2914.75
20211217,000300,沪深300指数,沪深300,CSI 300 Index,CSI 300,5021.34,5022.11,4954.76,4954.76,-79.97,-1.59,14900539900.0,2979.43,300.0,14.87,2021-12-17,14.87,2979.43
20211220,000300,沪深300指数,沪深300,CSI 300 Index,CSI 300,4934.97,4971.67,4872.68,4880.42,-74.34,-1.5,16967569000.0,3175.37,300.0,14.67,2021-12-20,14.67,3175.37
20211221,000300,沪深300指数,沪深300,CSI 300 Index,CSI 300,4876.51,4917.8,4872.95,4913.49,33.07,0.68,14333989800.0,2590.23,300.0,14.78,2021-12-21,14.78,2590.23
20211222,000300,沪深300指数,沪深300,CSI 300 Index,CSI 300,4924.58,4936.67,4903.17,4914.45,0.97,0.02,13325674000.0,2446.42,300.0,14.77,2021-12-22,14.77,2446.42
20211223,000300,沪深300指数,沪深300,CSI 300 Index,CSI 300,4924.29,4948.74,4906.75,4948.74,34.28,0.7,13955540600.0,2633.6,300.0,14.88,2021-12-23,14.88,2633.6
20211224,000300,沪深300指数,沪深300,CSI 300 Index,CSI 300,4953.06,4964.91,4905.98,4921.34,-27.39,-0.55,14267332300.0,2904.84,300.0,14.81,2021-12-24,14.81,2904.84
20211227,000300,沪深300指数,沪深300,CSI 300 Index,CSI 300,4918.15,4939.69,4894.16,4919.32,-2.02,-0.04,12410095200.0,2544.22,300.0,14.8,2021-12-27,14.8,2544.22
20211228,000300,沪深300指数,沪深300,CSI 300 Index,CSI 300,4923.69,4959.14,4913.6,4955.96,36.64,0.74,13045775700.0,2763.17,300.0,14.88,2021-12-28,14.88,2763.17
20211229,000300,沪深300指数,沪深300,CSI 300 Index,CSI 300,4958.65,4958.65,4883.48,4883.48,-72.48,-1.46,11358700200.0,2732.25,300.0,14.67,2021-12-29,14.67,2732.25
20211230,000300,沪深300指数,沪深300,CSI 300 Index,CSI 300,4882.16,4940.18,4878.65,4921.51,38.03,0.78,12161717800.0,2680.22,300.0,14.77,2021-12-30,14.77,2680.22
20211231,000300,沪深300指数,沪深300,CSI 300 Index,CSI 300,4937.46,4950.36,4923.14,4940.37,18.86,0.38,12131373700.0,2669.75,300.0,14.82,2021-12-31,14.82,2669.75
20220104,000300,沪深300指数,沪深300,CSI 300 Index,CSI 300,4957.98,4961.45,4874.53,4917.77,-22.61,-0.46,15153477600.0,3365.17,300.0,14.76,2022-01-04,14.76,3365.17
20220105,000300,沪深300指数,沪深300,CSI 300 Index,CSI 300,4907.93,4916.28,4851.98,4868.12,-49.65,-1.01,17881610000.0,3639.45,300.0,14.64,2022-01-05,14.64,3639.45
20220106,000300,沪深300指数,沪深300,CSI 300 Index,CSI 300,4842.16,4857.56,4786.43,4818.23,-49.89,-1.02,15766582600.0,3217.5,300.0,14.5,2022-01-06,14.5,3217.5
20220107,000300,沪深300指数,沪深300,CSI 300 Index,CSI 300,4824.32,4856.65,4818.19,4822.37,4.14,0.09,18713941300.0,3322.19,300.0,14.54,2022-01-07,14.54,3322.19
20220110,000300,沪深300指数,沪深300,CSI 300 Index,CSI 300,4812.23,4844.39,4780.82,4844.05,21.68,0.45,15621169600.0,3050.34,300.0,14.59,2022-01-10,14.59,3050.34
20220111,000300,沪深300指数,沪深300,CSI 300 Index,CSI 300,4840.01,4850.88,4791.89,4797.77,-46.27,-0.96,14692800400.0,2864.46,300.0,14.45,2022-01-11,14.45,2864.46
20220112,000300,沪深300指数,沪深300,CSI 300 Index,CSI 300,4818.89,4852.73,4810.92,4845.58,47.81,1.0,14320020400.0,2931.53,300.0,14.59,2022-01-12,14.59,2931.53
20220113,000300,沪深300指数,沪深300,CSI 300 Index,CSI 300,4853.03,4853.06,4765.24,4765.92,-79.66,-1.64,14251965300.0,2887.99,300.0,14.39,2022-01-13,14.39,2887.99
20220114,000300,沪深300指数,沪深300,CSI 300 Index,CSI 300,4743.91,4764.05,4723.94,4726.73,-39.19,-0.82,14686312600.0,2818.28,300.0,14.25,2022-01-14,14.25,2818.28
20220117,000300,沪深300指数,沪深300,CSI 300 Index,CSI 300,4728.76,4775.24,4726.71,4767.28,40.54,0.86,11529569100.0,2637.88,300.0,14.35,2022-01-17,14.35,2637.88
20220118,000300,沪深300指数,沪深300,CSI 300 Index,CSI 300,4766.78,4826.3,4747.92,4813.35,46.07,0.97,15087080200.0,2827.49,300.0,14.5,2022-01-18,14.5,2827.49
20220119,000300,沪深300指数,沪深300,CSI 300 Index,CSI 300,4815.81,4828.75,4755.93,4780.38,-32.97,-0.68,13392736000.0,2755.35,300.0,14.42,2022-01-19,14.42,2755.35
20220120,000300,沪深300指数,沪深300,CSI 300 Index,CSI 300,4778.26,4845.0,4777.57,4823.51,43.13,0.9,16497131500.0,3043.44,300.0,14.53,2022-01-20,14.53,3043.44
20220121,000300,沪深300指数,沪深300,CSI 300 Index,CSI 300,4808.77,4818.31,4762.56,4779.31,-44.19,-0.92,13895258500.0,2746.99,300.0,14.39,2022-01-21,14.39,2746.99
20220124,000300,沪深300指数,沪深300,CSI 300 Index,CSI 300,4753.94,4801.1,4746.45,4786.74,7.42,0.16,11446388000.0,2462.62,300.0,14.41,2022-01-24,14.41,2462.62
20220125,000300,沪深300指数,沪深300,CSI 300 Index,CSI 300,4761.95,4781.39,4678.25,4678.45,-108.29,-2.26,13366758600.0,2505.56,300.0,14.09,2022-01-25,14.09,2505.56
20220126,000300,沪深300指数,沪深300,CSI 300 Index,CSI 300,4697.1,4718.99,4648.13,4712.31,33.86,0.72,10707084200.0,2265.53,300.0,14.19,2022-01-26,14.19,2265.53
20220127,000300,沪深300指数,沪深300,CSI 300 Index,CSI 300,4708.1,4708.44,4616.03,4619.88,-92.43,-1.96,12126380400.0,2505.36,300.0,13.94,2022-01-27,13.94,2505.36
20220128,000300,沪深300指数,沪深300,CSI 300 Index,CSI 300,4641.81,4660.52,4559.83,4563.77,-56.1,-1.21,12648011200.0,2639.68,300.0,13.76,2022-01-28,13.76,2639.68
20220207,000300,沪深300指数,沪深300,CSI 300 Index,CSI 300,4638.58,4672.65,4615.01,4634.09,70.32,1.54,14484972000.0,2660.32,300.0,14.0,2022-02-07,14.0,2660.32
20220208,000300,沪深300指数,沪深300,CSI 300 Index,CSI 300,4626.44,4626.44,4522.47,4608.77,-25.32,-0.55,15583070800.0,2813.65,300.0,13.97,2022-02-08,13.97,2813.65
20220209,000300,沪深300指数,沪深300,CSI 300 Index,CSI 300,4608.15,4659.46,4595.28,4652.06,43.29,0.94,14833554700.0,2737.72,300.0,14.08,2022-02-09,14.08,2737.72
20220210,000300,沪深300指数,沪深300,CSI 300 Index,CSI 300,4657.21,4657.21,4608.09,4639.86,-12.2,-0.26,15157666600.0,2872.24,300.0,14.06,2022-02-10,14.06,2872.24
20220211,000300,沪深300指数,沪深300,CSI 300 Index,CSI 300,4617.87,4662.6,4595.88,4601.4,-38.47,-0.83,15597458400.0,3079.38,300.0,13.99,2022-02-11,13.99,3079.38
20220214,000300,沪深300指数,沪深300,CSI 300 Index,CSI 300,4579.42,4593.63,4530.06,4551.69,-49.71,-1.08,14367389400.0,2757.38,300.0,13.84,2022-02-14,13.84,2757.38
20220215,000300,沪深300指数,沪深300,CSI 300 Index,CSI 300,4553.81,4601.45,4550.54,4600.1,48.41,1.06,11502560000.0,2499.77,300.0,13.95,2022-02-15,13.95,2499.77
20220216,000300,沪深300指数,沪深300,CSI 300 Index,CSI 300,4619.85,4643.1,4607.22,4617.99,17.89,0.39,10725895500.0,2101.91,300.0,14.01,2022-02-16,14.01,2101.91
20220217,000300,沪深300指数,沪深300,CSI 300 Index,CSI 300,4616.9,4650.16,4606.95,4629.16,11.18,0.24,11001464300.0,2279.46,300.0,14.03,2022-02-17,14.03,2279.46
20220218,000300,沪深300指数,沪深300,CSI 300 Index,CSI 300,4604.57,4651.34,4598.1,4651.24,22.07,0.48,10455022800.0,1958.26,300.0,14.1,2022-02-18,14.1,1958.26
20220221,000300,沪深300指数,沪深300,CSI 300 Index,CSI 300,4646.05,4646.67,4613.3,4634.31,-16.92,-0.36,11251651200.0,2150.39,300.0,14.05,2022-02-21,14.05,2150.39
20220222,000300,沪深300指数,沪深300,CSI 300 Index,CSI 300,4601.92,4602.07,4550.8,4574.15,-60.16,-1.3,12331723700.0,2468.73,300.0,13.89,2022-02-22,13.89,2468.73
20220223,000300,沪深300指数,沪深300,CSI 300 Index,CSI 300,4582.01,4625.3,4579.29,4623.05,48.89,1.07,12295291600.0,2590.5,300.0,14.01,2022-02-23,14.01,2590.5
20220224,000300,沪深300指数,沪深300,CSI 300 Index,CSI 300,4592.07,4610.88,4488.48,4529.32,-93.73,-2.03,18440305800.0,3423.47,300.0,13.75,2022-02-24,13.75,3423.47
20220225,000300,沪深300指数,沪深300,CSI 300 Index,CSI 300,4564.63,4611.86,4561.9,4573.42,44.11,0.97,14972258300.0,2717.28,300.0,13.85,2022-02-25,13.85,2717.28
20220228,000300,沪深300指数,沪深300,CSI 300 Index,CSI 300,4563.74,4581.65,4530.68,4581.65,8.22,0.18,13540697800.0,2483.64,300.0,13.88,2022-02-28,13.88,2483.64
20220301,000300,沪深300指数,沪深300,CSI 300 Index,CSI 300,4597.86,4623.43,4583.92,4619.69,38.04,0.83,12313922000.0,2604.31,300.0,13.99,2022-03-01,13.99,2604.31
20220302,000300,沪深300指数,沪深300,CSI 300 Index,CSI 300,4594.02,4594.02,4558.44,4578.6,-41.09,-0.89,11329832500.0,2153.0,300.0,13.89,2022-03-02,13.89,2153.0
20220303,000300,沪深300指数,沪深300,CSI 300 Index,CSI 300,4595.02,4599.4,4544.43,4551.63,-26.97,-0.59,13828587700.0,2427.02,300.0,13.83,2022-03-03,13.83,2427.02
20220304,000300,沪深300指数,沪深300,CSI 300 Index,CSI 300,4513.36,4539.39,4481.49,4496.43,-55.2,-1.21,12726680600.0,2499.7,300.0,13.67,2022-03-04,13.67,2499.7
20220307,000300,沪深300指数,沪深300,CSI 300 Index,CSI 300,4462.52,4462.52,4338.3,4352.78,-143.65,-3.19,16219770600.0,3068.99,300.0,13.28,2022-03-07,13.28,3068.99
20220308,000300,沪深300指数,沪深300,CSI 300 Index,CSI 300,4361.64,4383.65,4252.54,4265.39,-87.39,-2.01,16786327700.0,3151.77,300.0,13.03,2022-03-08,13.03,3151.77
20220309,000300,沪深300指数,沪深300,CSI 300 Index,CSI 300,4280.98,4304.48,4068.19,4226.35,-39.04,-0.92,19423290000.0,3410.09,300.0,12.9,2022-03-09,12.9,3410.09
20220310,000300,沪深300指数,沪深300,CSI 300 Index,CSI 300,4326.2,4335.67,4288.51,4292.84,66.49,1.57,14526638300.0,3016.36,300.0,13.08,2022-03-10,13.08,3016.36
20220311,000300,沪深300指数,沪深300,CSI 300 Index,CSI 300,4231.2,4316.04,4176.45,4306.52,13.68,0.32,15239992100.0,2950.09,300.0,13.12,2022-03-11,13.12,2950.09
20220314,000300,沪深300指数,沪深300,CSI 300 Index,CSI 300,4248.15,4280.36,4174.76,4174.76,-131.76,-3.06,13018723600.0,2606.92,300.0,12.75,2022-03-14,12.75,2606.92
20220315,000300,沪深300指数,沪深300,CSI 300 Index,CSI 300,4125.49,4163.42,3983.81,3983.81,-190.95,-4.57,20252469900.0,3469.89,300.0,12.18,2022-03-15,12.18,3469.89
20220316,000300,沪深300指数,沪深300,CSI 300 Index,CSI 300,4053.1,4168.59,3942.86,4156.08,172.27,4.32,19602198200.0,3788.84,300.0,12.64,2022-03-16,12.64,3788.84
20220317,000300,沪深300指数,沪深300,CSI 300 Index,CSI 300,4237.67,4302.74,4217.8,4237.7,81.61,1.96,17940734400.0,3850.39,300.0,12.86,2022-03-17,12.86,3850.39
20220318,000300,沪深300指数,沪深300,CSI 300 Index,CSI 300,4218.47,4283.37,4194.94,4265.9,28.21,0.67,14945830500.0,2757.91,300.0,12.95,2022-03-18,12.95,2757.91
20220321,000300,沪深300指数,沪深300,CSI 300 Index,CSI 300,4280.14,4287.82,4223.02,4258.75,-7.16,-0.17,12703636000.0,2512.15,300.0,12.92,2022-03-21,12.92,2512.15
20220322,000300,沪深300指数,沪深300,CSI 300 Index,CSI 300,4252.57,4283.33,4236.69,4255.3,-3.45,-0.08,12638247000.0,2262.14,300.0,12.93,2022-03-22,12.93,2262.14
20220323,000300,沪深300指数,沪深300,CSI 300 Index,CSI 300,4269.61,4287.58,4241.96,4276.52,21.22,0.5,11708907800.0,2263.91,300.0,12.98,2022-03-23,12.98,2263.91
20220324,000300,沪深300指数,沪深300,CSI 300 Index,CSI 300,4249.53,4273.96,4216.85,4251.31,-25.21,-0.59,10891827200.0,2195.94,300.0,12.91,2022-03-24,12.91,2195.94
20220325,000300,沪深300指数,沪深300,CSI 300 Index,CSI 300,4249.07,4254.84,4173.93,4174.57,-76.73,-1.8,10880804600.0,2170.13,300.0,12.71,2022-03-25,12.71,2170.13
20220328,000300,沪深300指数,沪深300,CSI 300 Index,CSI 300,4128.84,4174.12,4091.3,4148.47,-26.11,-0.63,11844902100.0,2134.69,300.0,12.67,2022-03-28,12.67,2134.69
20220329,000300,沪深300指数,沪深300,CSI 300 Index,CSI 300,4155.42,4177.21,4124.72,4134.14,-14.32,-0.35,10026697200.0,1994.64,300.0,12.64,2022-03-29,12.64,1994.64
20220330,000300,沪深300指数,沪深300,CSI 300 Index,CSI 300,4162.17,4254.1,4160.74,4254.1,119.95,2.9,13834602400.0,2688.69,300.0,12.96,2022-03-30,12.96,2688.69
20220331,000300,沪深300指数,沪深300,CSI 300 Index,CSI 300,4234.72,4247.36,4214.54,4222.6,-31.5,-0.74,13402918500.0,2388.77,300.0,12.9,2022-03-31,12.9,2388.77
20220401,000300,沪深300指数,沪深300,CSI 300 Index,CSI 300,4198.82,4290.67,4190.08,4276.16,53.56,1.27,13380305300.0,2447.59,300.0,13.05,2022-04-01,13.05,2447.59
20220406,000300,沪深300指数,沪深300,CSI 300 Index,CSI 300,4258.83,4277.52,4236.73,4263.84,-12.32,-0.29,15906219500.0,2536.91,300.0,13.04,2022-04-06,13.04,2536.91
20220407,000300,沪深300指数,沪深300,CSI 300 Index,CSI 300,4240.02,4278.11,4205.74,4209.1,-54.74,-1.28,13488035300.0,2169.96,300.0,12.89,2022-04-07,12.89,2169.96
20220408,000300,沪深300指数,沪深300,CSI 300 Index,CSI 300,4213.21,4237.81,4175.53,4230.77,21.67,0.51,14284379300.0,2290.82,300.0,12.96,2022-04-08,12.96,2290.82
20220411,000300,沪深300指数,沪深300,CSI 300 Index,CSI 300,4203.79,4203.79,4089.09,4100.07,-130.7,-3.09,14819707100.0,2652.25,300.0,12.61,2022-04-11,12.61,2652.25
20220412,000300,沪深300指数,沪深300,CSI 300 Index,CSI 300,4102.97,4179.97,4075.8,4179.97,79.9,1.95,14428568400.0,2528.3,300.0,12.82,2022-04-12,12.82,2528.3
20220413,000300,沪深300指数,沪深300,CSI 300 Index,CSI 300,4154.41,4194.04,4139.74,4139.74,-40.24,-0.96,12509748900.0,2212.81,300.0,12.73,2022-04-13,12.73,2212.81
20220414,000300,沪深300指数,沪深300,CSI 300 Index,CSI 300,4172.64,4217.06,4155.55,4191.57,51.83,1.25,12479131600.0,2459.94,300.0,12.88,2022-04-14,12.88,2459.94
20220415,000300,沪深300指数,沪深300,CSI 300 Index,CSI 300,4162.37,4211.32,4152.97,4188.75,-2.82,-0.07,12476226300.0,2262.3,300.0,12.87,2022-04-15,12.87,2262.3
20220418,000300,沪深300指数,沪深300,CSI 300 Index,CSI 300,4152.93,4171.74,4119.99,4166.38,-22.36,-0.53,11750461000.0,2128.55,300.0,12.78,2022-04-18,12.78,2128.55
20220419,000300,沪深300指数,沪深300,CSI 300 Index,CSI 300,4161.93,4186.94,4115.42,4134.9,-31.48,-0.76,11021747100.0,2085.71,300.0,12.72,2022-04-19,12.72,2085.71
20220420,000300,沪深300指数,沪深300,CSI 300 Index,CSI 300,4130.54,4136.17,4060.5,4070.79,-64.11,-1.55,11733165800.0,2165.37,300.0,12.53,2022-04-20,12.53,2165.37
20220421,000300,沪深300指数,沪深300,CSI 300 Index,CSI 300,4048.73,4086.44,3978.37,3995.83,-74.96,-1.84,13278382800.0,2270.27,300.0,12.32,2022-04-21,12.32,2270.27
20220422,000300,沪深300指数,沪深300,CSI 300 Index,CSI 300,3967.2,4037.08,3953.72,4013.25,17.42,0.44,12210181100.0,2063.72,300.0,12.38,2022-04-22,12.38,2063.72
20220425,000300,沪深300指数,沪深300,CSI 300 Index,CSI 300,3933.45,3958.21,3814.91,3814.91,-198.34,-4.94,16836450200.0,2728.89,300.0,11.83,2022-04-25,11.83,2728.89
20220426,000300,沪深300指数,沪深300,CSI 300 Index,CSI 300,3822.49,3871.85,3773.9,3784.12,-30.79,-0.81,15757761100.0,2596.26,300.0,11.75,2022-04-26,11.75,2596.26
20220427,000300,沪深300指数,沪深300,CSI 300 Index,CSI 300,3758.08,3895.73,3757.09,3895.54,111.42,2.94,17273404600.0,2969.24,300.0,12.03,2022-04-27,12.03,2969.24
20220428,000300,沪深300指数,沪深300,CSI 300 Index,CSI 300,3883.42,3943.43,3873.58,3921.11,25.57,0.66,15305658600.0,2685.02,300.0,12.13,2022-04-28,12.13,2685.02
20220429,000300,沪深300指数,沪深300,CSI 300 Index,CSI 300,3939.62,4017.43,3898.57,4016.24,95.13,2.43,17945837700.0,3214.15,300.0,12.39,2022-04-29,12.39,3214.15
20220505,000300,沪深300指数,沪深300,CSI 300 Index,CSI 300,3995.35,4039.7,3988.93,4010.21,-6.03,-0.15,15417071600.0,2905.38,300.0,12.16,2022-05-05,12.16,2905.38
20220506,000300,沪深300指数,沪深300,CSI 300 Index,CSI 300,3928.85,3947.24,3902.05,3908.82,-101.4,-2.53,12300555100.0,2148.25,300.0,11.88,2022-05-06,11.88,2148.25
20220509,000300,沪深300指数,沪深300,CSI 300 Index,CSI 300,3883.95,3914.11,3854.94,3877.44,-31.38,-0.8,9293669400.0,1717.57,300.0,11.8,2022-05-09,11.8,1717.57
20220510,000300,沪深300指数,沪深300,CSI 300 Index,CSI 300,3820.63,3932.68,3808.57,3919.87,42.43,1.09,13641691800.0,2390.6,300.0,11.9,2022-05-10,11.9,2390.6
20220511,000300,沪深300指数,沪深300,CSI 300 Index,CSI 300,3917.93,4033.3,3916.52,3976.42,56.55,1.44,16563225600.0,3092.95,300.0,12.04,2022-05-11,12.04,3092.95
20220512,000300,沪深300指数,沪深300,CSI 300 Index,CSI 300,3949.95,3985.93,3935.59,3958.74,-17.68,-0.44,11337606600.0,2020.29,300.0,12.0,2022-05-12,12.0,2020.29
20220513,000300,沪深300指数,沪深300,CSI 300 Index,CSI 300,3983.82,4003.85,3957.14,3988.6,29.86,0.75,10996835700.0,1957.27,300.0,12.1,2022-05-13,12.1,1957.27
20220516,000300,沪深300指数,沪深300,CSI 300 Index,CSI 300,4015.0,4018.03,3947.75,3956.54,-32.06,-0.8,11242529400.0,1997.18,300.0,12.0,2022-05-16,12.0,1997.18
20220517,000300,沪深300指数,沪深300,CSI 300 Index,CSI 300,3961.76,4005.89,3955.1,4005.89,49.36,1.25,10966145400.0,2101.18,300.0,12.13,2022-05-17,12.13,2101.18
20220518,000300,沪深300指数,沪深300,CSI 300 Index,CSI 300,4015.01,4017.34,3964.75,3991.91,-13.99,-0.35,10807423300.0,2018.01,300.0,12.08,2022-05-18,12.08,2018.01
20220519,000300,沪深300指数,沪深300,CSI 300 Index,CSI 300,3938.3,3999.6,3933.75,3999.6,7.69,0.19,11629342000.0,2102.07,300.0,12.1,2022-05-19,12.1,2102.07
20220520,000300,沪深300指数,沪深300,CSI 300 Index,CSI 300,4020.82,4077.6,4020.82,4077.6,78.0,1.95,14706917300.0,2656.09,300.0,12.32,2022-05-20,12.32,2656.09
20220523,000300,沪深300指数,沪深300,CSI 300 Index,CSI 300,4080.97,4080.97,4029.08,4053.98,-23.62,-0.58,13047781000.0,2259.82,300.0,12.26,2022-05-23,12.26,2259.82
20220524,000300,沪深300指数,沪深300,CSI 300 Index,CSI 300,4052.87,4055.78,3959.15,3959.15,-94.83,-2.34,14555433600.0,2477.13,300.0,12.01,2022-05-24,12.01,2477.13
20220525,000300,沪深300指数,沪深300,CSI 300 Index,CSI 300,3959.77,3983.62,3946.81,3983.18,24.02,0.61,10773401500.0,1887.01,300.0,12.08,2022-05-25,12.08,1887.01
20220526,000300,沪深300指数,沪深300,CSI 300 Index,CSI 300,3987.68,4015.75,3938.24,3993.04,9.87,0.25,12626368900.0,2169.87,300.0,12.11,2022-05-26,12.11,2169.87
20220527,000300,沪深300指数,沪深300,CSI 300 Index,CSI 300,4022.71,4051.14,3983.38,4001.3,8.25,0.21,11276933700.0,2069.44,300.0,12.14,2022-05-27,12.14,2069.44
20220530,000300,沪深300指数,沪深300,CSI 300 Index,CSI 300,4020.86,4040.82,4003.38,4029.02,27.72,0.69,11115224100.0,2111.45,300.0,12.21,2022-05-30,12.21,2111.45
20220531,000300,沪深300指数,沪深300,CSI 300 Index,CSI 300,4031.76,4096.2,4020.38,4091.52,62.5,1.55,13541551300.0,2677.7,300.0,12.39,2022-05-31,12.39,2677.7
20220601,000300,沪深300指数,沪深300,CSI 300 Index,CSI 300,4086.62,4094.9,4058.85,4083.18,-8.34,-0.2,11485087900.0,2254.16,300.0,12.35,2022-06-01,12.35,2254.16
20220602,000300,沪深300指数,沪深300,CSI 300 Index,CSI 300,4064.0,4091.15,4057.91,4089.57,6.39,0.16,11389363800.0,2226.58,300.0,12.36,2022-06-02,12.36,2226.58
20220606,000300,沪深300指数,沪深300,CSI 300 Index,CSI 300,4090.53,4166.62,4063.91,4166.09,76.52,1.87,16787101100.0,3240.76,300.0,12.54,2022-06-06,12.54,3240.76
20220607,000300,沪深300指数,沪深300,CSI 300 Index,CSI 300,4165.69,4198.09,4155.17,4179.13,13.04,0.31,14299288100.0,2857.34,300.0,12.58,2022-06-07,12.58,2857.34
20220608,000300,沪深300指数,沪深300,CSI 300 Index,CSI 300,4187.15,4224.81,4158.03,4219.81,40.68,0.97,15737405700.0,3194.8,300.0,12.69,2022-06-08,12.69,3194.8
20220609,000300,沪深300指数,沪深300,CSI 300 Index,CSI 300,4211.72,4227.45,4160.88,4175.67,-44.14,-1.05,16844915400.0,2851.73,300.0,12.59,2022-06-09,12.59,2851.73
20220610,000300,沪深300指数,沪深300,CSI 300 Index,CSI 300,4145.65,4241.35,4140.22,4238.99,63.32,1.52,18479621400.0,3240.91,300.0,12.77,2022-06-10,12.77,3240.91
20220613,000300,沪深300指数,沪深300,CSI 300 Index,CSI 300,4194.46,4218.23,4156.71,4189.35,-49.64,-1.17,16847562200.0,3365.86,300.0,12.75,2022-06-13,12.75,3365.86
20220614,000300,沪深300指数,沪深300,CSI 300 Index,CSI 300,4143.22,4224.09,4102.93,4222.31,32.96,0.79,17138590400.0,3354.19,300.0,12.88,2022-06-14,12.88,3354.19
20220615,000300,沪深300指数,沪深300,CSI 300 Index,CSI 300,4228.29,4348.42,4228.29,4278.22,55.91,1.32,25704659000.0,4597.67,300.0,13.03,2022-06-15,13.03,4597.67
20220616,000300,沪深300指数,沪深300,CSI 300 Index,CSI 300,4282.08,4302.92,4241.08,4250.06,-28.16,-0.66,18407441600.0,3372.36,300.0,12.92,2022-06-16,12.92,3372.36
20220617,000300,沪深300指数,沪深300,CSI 300 Index,CSI 300,4219.23,4318.77,4218.68,4309.04,58.98,1.39,15864909800.0,3466.76,300.0,13.07,2022-06-17,13.07,3466.76
20220620,000300,沪深300指数,沪深300,CSI 300 Index,CSI 300,4322.83,4368.36,4297.89,4330.43,21.39,0.5,16566638200.0,3595.69,300.0,13.1,2022-06-20,13.1,3595.69
20220621,000300,沪深300指数,沪深300,CSI 300 Index,CSI 300,4327.92,4357.34,4287.14,4325.57,-4.87,-0.11,16466761500.0,3171.63,300.0,13.09,2022-06-21,13.09,3171.63
20220622,000300,沪深300指数,沪深300,CSI 300 Index,CSI 300,4331.9,4333.18,4269.25,4270.62,-54.94,-1.27,15856585400.0,2986.56,300.0,12.92,2022-06-22,12.92,2986.56
20220623,000300,沪深300指数,沪深300,CSI 300 Index,CSI 300,4277.96,4343.88,4260.9,4343.88,73.26,1.72,17088236000.0,3271.45,300.0,13.13,2022-06-23,13.13,3271.45
20220624,000300,沪深300指数,沪深300,CSI 300 Index,CSI 300,4354.55,4400.69,4346.12,4394.77,50.89,1.17,16897219900.0,3560.55,300.0,13.26,2022-06-24,13.26,3560.55
20220627,000300,沪深300指数,沪深300,CSI 300 Index,CSI 300,4414.33,4472.69,4414.33,4444.26,49.49,1.13,17738567600.0,3814.33,300.0,13.39,2022-06-27,13.39,3814.33
20220628,000300,沪深300指数,沪深300,CSI 300 Index,CSI 300,4442.58,4497.89,4407.35,4490.52,46.25,1.04,17475648900.0,3616.86,300.0,13.5,2022-06-28,13.5,3616.86
20220629,000300,沪深300指数,沪深300,CSI 300 Index,CSI 300,4472.73,4503.13,4414.0,4421.36,-69.16,-1.54,18727668800.0,3959.26,300.0,13.33,2022-06-29,13.33,3959.26
20220630,000300,沪深300指数,沪深300,CSI 300 Index,CSI 300,4418.07,4515.0,4418.07,4485.01,63.65,1.44,15666628900.0,3543.44,300.0,13.49,2022-06-30,13.49,3543.44
20220701,000300,沪深300指数,沪深300,CSI 300 Index,CSI 300,4489.52,4500.99,4449.29,4466.72,-18.29,-0.41,14477959900.0,3184.92,300.0,13.44,2022-07-01,13.44,3184.92
20220704,000300,沪深300指数,沪深300,CSI 300 Index,CSI 300,4447.22,4496.03,4427.82,4496.03,29.31,0.66,14634565100.0,3569.69,300.0,13.49,2022-07-04,13.49,3569.69
20220705,000300,沪深300指数,沪深300,CSI 300 Index,CSI 300,4505.46,4530.32,4439.45,4489.54,-6.49,-0.14,15496241500.0,3618.92,300.0,13.48,2022-07-05,13.48,3618.92
20220706,000300,沪深300指数,沪深300,CSI 300 Index,CSI 300,4475.48,4484.36,4393.42,4423.97,-65.57,-1.46,14980023500.0,3446.73,300.0,13.28,2022-07-06,13.28,3446.73
20220707,000300,沪深300指数,沪深300,CSI 300 Index,CSI 300,4425.28,4457.34,4391.19,4443.47,19.5,0.44,13266090600.0,3281.33,300.0,13.32,2022-07-07,13.32,3281.33
20220708,000300,沪深300指数,沪深300,CSI 300 Index,CSI 300,4468.06,4479.49,4426.89,4428.78,-14.69,-0.33,12319573900.0,3040.31,300.0,13.29,2022-07-08,13.29,3040.31
20220711,000300,沪深300指数,沪深300,CSI 300 Index,CSI 300,4406.15,4406.15,4330.58,4354.62,-74.16,-1.67,13444857800.0,2991.95,300.0,13.07,2022-07-11,13.07,2991.95
20220712,000300,沪深300指数,沪深300,CSI 300 Index,CSI 300,4352.65,4370.34,4296.62,4313.62,-41.0,-0.94,13018783800.0,2910.72,300.0,12.95,2022-07-12,12.95,2910.72
20220713,000300,沪深300指数,沪深300,CSI 300 Index,CSI 300,4313.36,4341.47,4284.94,4321.46,7.84,0.18,13111317900.0,2860.76,300.0,12.95,2022-07-13,12.95,2860.76
20220714,000300,沪深300指数,沪深300,CSI 300 Index,CSI 300,4308.82,4352.1,4292.76,4322.07,0.61,0.01,14525092600.0,3015.7,300.0,12.93,2022-07-14,12.93,3015.7
20220715,000300,沪深300指数,沪深300,CSI 300 Index,CSI 300,4299.47,4344.86,4248.53,4248.53,-73.55,-1.7,15021445300.0,3167.93,300.0,12.71,2022-07-15,12.71,3167.93
20220718,000300,沪深300指数,沪深300,CSI 300 Index,CSI 300,4262.15,4300.78,4217.51,4292.59,44.06,1.04,12260119200.0,2810.55,300.0,12.85,2022-07-18,12.85,2810.55
20220719,000300,沪深300指数,沪深300,CSI 300 Index,CSI 300,4288.44,4288.44,4238.82,4269.34,-23.25,-0.54,10380573000.0,2311.18,300.0,12.8,2022-07-19,12.8,2311.18
20220720,000300,沪深300指数,沪深300,CSI 300 Index,CSI 300,4291.28,4303.37,4269.97,4283.8,14.46,0.34,9449014400.0,2123.02,300.0,12.86,2022-07-20,12.86,2123.02
20220721,000300,沪深300指数,沪深300,CSI 300 Index,CSI 300,4270.36,4283.15,4236.05,4236.06,-47.74,-1.11,11715634400.0,2392.28,300.0,12.71,2022-07-21,12.71,2392.28
20220722,000300,沪深300指数,沪深300,CSI 300 Index,CSI 300,4251.79,4275.47,4207.31,4238.23,2.18,0.05,10384062400.0,2242.95,300.0,12.71,2022-07-22,12.71,2242.95
20220725,000300,沪深300指数,沪深300,CSI 300 Index,CSI 300,4233.93,4234.84,4201.92,4212.64,-25.59,-0.6,8363666400.0,1881.36,300.0,12.65,2022-07-25,12.65,1881.36
20220726,000300,沪深300指数,沪深300,CSI 300 Index,CSI 300,4220.09,4259.99,4214.53,4245.98,33.33,0.79,8582327400.0,1976.01,300.0,12.75,2022-07-26,12.75,1976.01
20220727,000300,沪深300指数,沪深300,CSI 300 Index,CSI 300,4236.15,4242.1,4217.28,4225.04,-20.94,-0.49,7890494000.0,1942.45,300.0,12.68,2022-07-27,12.68,1942.45
20220728,000300,沪深300指数,沪深300,CSI 300 Index,CSI 300,4242.27,4267.92,4223.03,4225.67,0.64,0.02,10753193000.0,2438.71,300.0,12.68,2022-07-28,12.68,2438.71
20220729,000300,沪深300指数,沪深300,CSI 300 Index,CSI 300,4226.42,4243.51,4160.87,4170.1,-55.57,-1.32,11417928600.0,2531.99,300.0,12.51,2022-07-29,12.51,2531.99
20220801,000300,沪深300指数,沪深300,CSI 300 Index,CSI 300,4160.65,4196.57,4129.45,4188.68,18.58,0.45,10774902900.0,2511.25,300.0,12.56,2022-08-01,12.56,2511.25
20220802,000300,沪深300指数,沪深300,CSI 300 Index,CSI 300,4144.38,4144.38,4071.43,4107.02,-81.65,-1.95,14222442500.0,2810.14,300.0,12.33,2022-08-02,12.33,2810.14
20220803,000300,沪深300指数,沪深300,CSI 300 Index,CSI 300,4114.83,4150.98,4058.18,4066.98,-40.05,-0.98,11666612400.0,2686.96,300.0,12.22,2022-08-03,12.22,2686.96
20220804,000300,沪深300指数,沪深300,CSI 300 Index,CSI 300,4089.44,4108.16,4064.66,4101.54,34.56,0.85,8953264400.0,2168.99,300.0,12.32,2022-08-04,12.32,2168.99
20220805,000300,沪深300指数,沪深300,CSI 300 Index,CSI 300,4109.63,4159.49,4097.86,4156.91,55.37,1.35,10257100400.0,2473.26,300.0,12.46,2022-08-05,12.46,2473.26
20220808,000300,沪深300指数,沪深300,CSI 300 Index,CSI 300,4142.11,4155.73,4135.08,4148.07,-8.84,-0.21,9020813800.0,2240.81,300.0,12.45,2022-08-08,12.45,2240.81
20220809,000300,沪深300指数,沪深300,CSI 300 Index,CSI 300,4143.67,4161.81,4131.43,4156.29,8.22,0.2,8413695900.0,2142.24,300.0,12.47,2022-08-09,12.47,2142.24
20220810,000300,沪深300指数,沪深300,CSI 300 Index,CSI 300,4149.21,4160.79,4092.55,4109.74,-46.55,-1.12,8556583900.0,2174.47,300.0,12.35,2022-08-10,12.35,2174.47
20220811,000300,沪深300指数,沪深300,CSI 300 Index,CSI 300,4130.74,4193.81,4116.06,4193.54,83.81,2.04,12138505100.0,2696.31,300.0,12.59,2022-08-11,12.59,2696.31
20220812,000300,沪深300指数,沪深300,CSI 300 Index,CSI 300,4185.42,4202.47,4175.05,4191.15,-2.39,-0.06,10680829500.0,2192.08,300.0,12.59,2022-08-12,12.59,2192.08
20220815,000300,沪深300指数,沪深300,CSI 300 Index,CSI 300,4180.0,4219.92,4174.3,4185.68,-5.47,-0.13,10589849500.0,2455.4,300.0,12.57,2022-08-15,12.57,2455.4
20220816,000300,沪深300指数,沪深300,CSI 300 Index,CSI 300,4190.53,4208.8,4170.52,4177.84,-7.84,-0.19,9390613900.0,2338.19,300.0,12.53,2022-08-16,12.53,2338.19
20220817,000300,沪深300指数,沪深300,CSI 300 Index,CSI 300,4182.57,4222.79,4155.17,4216.96,39.12,0.94,11286465900.0,2520.44,300.0,12.64,2022-08-17,12.64,2520.44
20220818,000300,沪深300指数,沪深300,CSI 300 Index,CSI 300,4205.79,4211.91,4173.54,4180.1,-36.86,-0.87,10105265000.0,2331.15,300.0,12.53,2022-08-18,12.53,2331.15
20220819,000300,沪深300指数,沪深300,CSI 300 Index,CSI 300,4174.55,4185.66,4151.07,4151.07,-29.03,-0.69,11740297800.0,2624.94,300.0,12.46,2022-08-19,12.46,2624.94
20220822,000300,沪深300指数,沪深300,CSI 300 Index,CSI 300,4135.16,4183.65,4134.2,4181.4,30.32,0.73,11244272000.0,2597.47,300.0,12.55,2022-08-22,12.55,2597.47
20220823,000300,沪深300指数,沪深300,CSI 300 Index,CSI 300,4175.53,4187.39,4147.41,4161.08,-20.31,-0.49,10315351200.0,2391.01,300.0,12.49,2022-08-23,12.49,2391.01
20220824,000300,沪深300指数,沪深300,CSI 300 Index,CSI 300,4168.58,4174.16,4079.09,4082.42,-78.66,-1.89,11906967900.0,2628.44,300.0,12.29,2022-08-24,12.29,2628.44
20220825,000300,沪深300指数,沪深300,CSI 300 Index,CSI 300,4093.29,4119.62,4058.75,4116.24,33.82,0.83,11132074500.0,2421.5,300.0,12.4,2022-08-25,12.4,2421.5
20220826,000300,沪深300指数,沪深300,CSI 300 Index,CSI 300,4127.81,4139.79,4102.68,4107.55,-8.69,-0.21,9900049300.0,2255.19,300.0,12.37,2022-08-26,12.37,2255.19
20220829,000300,沪深300指数,沪深300,CSI 300 Index,CSI 300,4063.88,4092.95,4059.6,4089.52,-18.03,-0.44,9435443200.0,2030.86,300.0,12.33,2022-08-29,12.33,2030.86
20220830,000300,沪深300指数,沪深300,CSI 300 Index,CSI 300,4088.53,4093.14,4048.52,4075.79,-13.73,-0.34,9330166200.0,1926.49,300.0,12.3,2022-08-30,12.3,1926.49
20220831,000300,沪深300指数,沪深300,CSI 300 Index,CSI 300,4057.14,4112.85,4046.62,4078.84,3.05,0.07,13244976500.0,2929.75,300.0,12.31,2022-08-31,12.31,2929.75
20220901,000300,沪深300指数,沪深300,CSI 300 Index,CSI 300,4066.19,4090.89,4041.13,4043.74,-35.1,-0.86,9738707100.0,2108.99,300.0,12.02,2022-09-01,12.02,2108.99
20220902,000300,沪深300指数,沪深300,CSI 300 Index,CSI 300,4054.84,4056.18,4004.91,4023.61,-20.13,-0.5,8678927800.0,1844.68,300.0,11.96,2022-09-02,11.96,1844.68
20220905,000300,沪深300指数,沪深300,CSI 300 Index,CSI 300,4010.41,4017.0,3982.74,4015.43,-8.19,-0.2,9376710900.0,2011.19,300.0,11.96,2022-09-05,11.96,2011.19
20220906,000300,沪深300指数,沪深300,CSI 300 Index,CSI 300,4024.47,4054.0,4009.58,4052.28,36.85,0.92,11350626500.0,2359.22,300.0,12.06,2022-09-06,12.06,2359.22
20220907,000300,沪深300指数,沪深300,CSI 300 Index,CSI 300,4032.72,4067.54,4028.37,4054.98,2.7,0.07,10767805900.0,2151.47,300.0,12.06,2022-09-07,12.06,2151.47
20220908,000300,沪深300指数,沪深300,CSI 300 Index,CSI 300,4059.17,4067.76,4036.02,4037.68,-17.3,-0.43,10088604900.0,1868.89,300.0,12.02,2022-09-08,12.02,1868.89
20220909,000300,沪深300指数,沪深300,CSI 300 Index,CSI 300,4050.59,4099.01,4042.25,4093.79,56.1,1.39,11842711400.0,2214.43,300.0,12.18,2022-09-09,12.18,2214.43
20220913,000300,沪深300指数,沪深300,CSI 300 Index,CSI 300,4112.01,4128.11,4097.14,4111.11,17.33,0.42,11178973700.0,2185.21,300.0,12.22,2022-09-13,12.22,2185.21
20220914,000300,沪深300指数,沪深300,CSI 300 Index,CSI 300,4058.04,4089.06,4047.92,4065.36,-45.76,-1.11,9079368100.0,1854.85,300.0,12.1,2022-09-14,12.1,1854.85
20220915,000300,沪深300指数,沪深300,CSI 300 Index,CSI 300,4078.65,4088.81,3998.86,4027.12,-38.24,-0.94,12395119600.0,2543.67,300.0,12.01,2022-09-15,12.01,2543.67
20220916,000300,沪深300指数,沪深300,CSI 300 Index,CSI 300,4013.58,4019.41,3932.68,3932.68,-94.44,-2.35,13719365500.0,2412.52,300.0,11.73,2022-09-16,11.73,2412.52
20220919,000300,沪深300指数,沪深300,CSI 300 Index,CSI 300,3928.42,3953.65,3910.31,3928.0,-4.68,-0.12,9771957500.0,1835.74,300.0,11.72,2022-09-19,11.72,1835.74
20220920,000300,沪深300指数,沪深300,CSI 300 Index,CSI 300,3945.65,3957.55,3921.69,3932.84,4.84,0.12,8482413400.0,1792.48,300.0,11.72,2022-09-20,11.72,1792.48
20220921,000300,沪深300指数,沪深300,CSI 300 Index,CSI 300,3921.32,3924.39,3884.23,3903.73,-29.1,-0.74,8645839100.0,1689.39,300.0,11.66,2022-09-21,11.66,1689.39
20220922,000300,沪深300指数,沪深300,CSI 300 Index,CSI 300,3875.18,3900.27,3860.23,3869.34,-34.39,-0.88,8094691900.0,1611.34,300.0,11.58,2022-09-22,11.58,1611.34
20220923,000300,沪深300指数,沪深300,CSI 300 Index,CSI 300,3865.1,3888.4,3829.69,3856.02,-13.32,-0.34,9434246200.0,1729.05,300.0,11.56,2022-09-23,11.56,1729.05
20220926,000300,沪深300指数,沪深300,CSI 300 Index,CSI 300,3829.6,3893.32,3827.95,3836.68,-19.34,-0.5,10452603100.0,1929.06,300.0,11.49,2022-09-26,11.49,1929.06
20220927,000300,沪深300指数,沪深300,CSI 300 Index,CSI 300,3844.07,3893.03,3827.93,3892.3,55.62,1.45,8886016000.0,1859.55,300.0,11.63,2022-09-27,11.63,1859.55
20220928,000300,沪深300指数,沪深300,CSI 300 Index,CSI 300,3879.44,3879.44,3828.05,3828.71,-63.59,-1.63,8659221300.0,1724.38,300.0,11.48,2022-09-28,11.48,1724.38
20220929,000300,沪深300指数,沪深300,CSI 300 Index,CSI 300,3864.32,3873.18,3808.65,3827.14,-1.57,-0.04,8565414200.0,1716.36,300.0,11.48,2022-09-29,11.48,1716.36
20220930,000300,沪深300指数,沪深300,CSI 300 Index,CSI 300,3833.35,3848.6,3801.28,3804.89,-22.26,-0.58,7855996600.0,1586.93,300.0,11.43,2022-09-30,11.43,1586.93
20221010,000300,沪深300指数,沪深300,CSI 300 Index,CSI 300,3806.56,3807.46,3715.71,3720.94,-83.95,-2.21,10264759500.0,1946.36,300.0,11.2,2022-10-10,11.2,1946.36
20221011,000300,沪深300指数,沪深300,CSI 300 Index,CSI 300,3732.02,3739.81,3706.06,3727.69,6.75,0.18,8394462500.0,1668.0,300.0,11.21,2022-10-11,11.21,1668.0
20221012,000300,沪深300指数,沪深300,CSI 300 Index,CSI 300,3722.87,3784.31,3661.53,3784.31,56.62,1.52,10808931900.0,2109.31,300.0,11.35,2022-10-12,11.35,2109.31
20221013,000300,沪深300指数,沪深300,CSI 300 Index,CSI 300,3756.42,3783.6,3749.64,3752.67,-31.63,-0.84,9901891500.0,1983.69,300.0,11.25,2022-10-13,11.25,1983.69
20221014,000300,沪深300指数,沪深300,CSI 300 Index,CSI 300,3783.32,3863.23,3780.84,3842.47,89.8,2.39,11624229300.0,2565.51,300.0,11.48,2022-10-14,11.48,2565.51
20221017,000300,沪深300指数,沪深300,CSI 300 Index,CSI 300,3822.24,3849.62,3809.12,3846.41,3.94,0.1,10419201900.0,2204.89,300.0,11.48,2022-10-17,11.48,2204.89
20221018,000300,沪深300指数,沪深300,CSI 300 Index,CSI 300,3865.83,3870.22,3831.17,3838.27,-8.15,-0.21,8834690700.0,1865.56,300.0,11.45,2022-10-18,11.45,1865.56
20221019,000300,沪深300指数,沪深300,CSI 300 Index,CSI 300,3827.47,3840.49,3776.53,3776.53,-61.73,-1.61,8157484400.0,1867.36,300.0,11.28,2022-10-19,11.28,1867.36
20221020,000300,沪深300指数,沪深300,CSI 300 Index,CSI 300,3746.58,3804.25,3726.79,3754.93,-21.61,-0.57,9029089500.0,2037.82,300.0,11.24,2022-10-20,11.24,2037.82
20221021,000300,沪深300指数,沪深300,CSI 300 Index,CSI 300,3753.89,3768.69,3724.69,3742.89,-12.03,-0.32,9875003800.0,1806.86,300.0,11.21,2022-10-21,11.21,1806.86
20221024,000300,沪深300指数,沪深300,CSI 300 Index,CSI 300,3727.92,3762.16,3619.99,3633.37,-109.52,-2.93,13005686400.0,2594.51,300.0,10.91,2022-10-24,10.91,2594.51
20221025,000300,沪深300指数,沪深300,CSI 300 Index,CSI 300,3621.94,3670.73,3594.7,3627.45,-5.92,-0.16,11095388200.0,2193.03,300.0,10.88,2022-10-25,10.88,2193.03
20221026,000300,沪深300指数,沪深300,CSI 300 Index,CSI 300,3633.31,3700.88,3633.31,3656.9,29.45,0.81,12130154800.0,2424.54,300.0,10.95,2022-10-26,10.95,2424.54
20221027,000300,沪深300指数,沪深300,CSI 300 Index,CSI 300,3667.66,3685.08,3631.06,3631.14,-25.76,-0.7,11799867500.0,2574.73,300.0,10.88,2022-10-27,10.88,2574.73
20221028,000300,沪深300指数,沪深300,CSI 300 Index,CSI 300,3605.16,3618.86,3533.5,3541.33,-89.82,-2.47,11877216200.0,2458.16,300.0,10.65,2022-10-28,10.65,2458.16
20221031,000300,沪深300指数,沪深300,CSI 300 Index,CSI 300,3504.51,3553.39,3495.95,3508.7,-32.63,-0.92,13846565500.0,2565.75,300.0,10.52,2022-10-31,10.52,2565.75
20221101,000300,沪深300指数,沪深300,CSI 300 Index,CSI 300,3519.82,3634.17,3517.62,3634.17,125.47,3.58,14928669800.0,2950.9,300.0,10.8,2022-11-01,10.8,2950.9
20221102,000300,沪深300指数,沪深300,CSI 300 Index,CSI 300,3620.37,3703.47,3610.8,3677.81,43.63,1.2,14159291900.0,2916.48,300.0,10.92,2022-11-02,10.92,2916.48
20221103,000300,沪深300指数,沪深300,CSI 300 Index,CSI 300,3645.06,3670.16,3628.5,3647.9,-29.91,-0.81,11056603500.0,2153.79,300.0,10.84,2022-11-03,10.84,2153.79
20221104,000300,沪深300指数,沪深300,CSI 300 Index,CSI 300,3646.77,3782.88,3646.77,3767.17,119.28,3.27,14973494900.0,3111.45,300.0,11.17,2022-11-04,11.17,3111.45
20221107,000300,沪深300指数,沪深300,CSI 300 Index,CSI 300,3754.52,3792.79,3746.37,3775.3,8.12,0.22,12982637100.0,2511.96,300.0,11.2,2022-11-07,11.2,2511.96
20221108,000300,沪深300指数,沪深300,CSI 300 Index,CSI 300,3773.66,3779.12,3723.34,3749.33,-25.97,-0.69,9901645100.0,1933.51,300.0,11.13,2022-11-08,11.13,1933.51
20221109,000300,沪深300指数,沪深300,CSI 300 Index,CSI 300,3750.78,3760.41,3711.27,3714.27,-35.05,-0.93,8943452500.0,1720.3,300.0,11.04,2022-11-09,11.04,1720.3
20221110,000300,沪深300指数,沪深300,CSI 300 Index,CSI 300,3685.83,3701.53,3665.06,3685.69,-28.58,-0.77,10350930200.0,1831.55,300.0,10.97,2022-11-10,10.97,1831.55
20221111,000300,沪深300指数,沪深300,CSI 300 Index,CSI 300,3787.76,3828.9,3747.09,3788.44,102.75,2.79,18968558600.0,3444.71,300.0,11.26,2022-11-11,11.26,3444.71
20221114,000300,沪深300指数,沪深300,CSI 300 Index,CSI 300,3818.14,3848.41,3781.78,3794.02,5.58,0.15,16966504800.0,3155.37,300.0,11.27,2022-11-14,11.27,3155.37
20221115,000300,沪深300指数,沪深300,CSI 300 Index,CSI 300,3788.93,3871.64,3775.5,3865.97,71.96,1.9,15151565000.0,2962.68,300.0,11.46,2022-11-15,11.46,2962.68
20221116,000300,沪深300指数,沪深300,CSI 300 Index,CSI 300,3860.81,3877.68,3829.31,3834.39,-31.58,-0.82,12061096400.0,2358.45,300.0,11.38,2022-11-16,11.38,2358.45
20221117,000300,沪深300指数,沪深300,CSI 300 Index,CSI 300,3821.27,3821.74,3776.57,3818.66,-15.73,-0.41,10594063200.0,2195.41,300.0,11.33,2022-11-17,11.33,2195.41
20221118,000300,沪深300指数,沪深300,CSI 300 Index,CSI 300,3823.82,3840.3,3801.57,3801.57,-17.1,-0.45,11507877700.0,2242.76,300.0,11.29,2022-11-18,11.29,2242.76
20221121,000300,沪深300指数,沪深300,CSI 300 Index,CSI 300,3769.63,3769.87,3734.0,3769.13,-32.44,-0.85,9586696600.0,1882.3,300.0,11.2,2022-11-21,11.2,1882.3
20221122,000300,沪深300指数,沪深300,CSI 300 Index,CSI 300,3766.08,3809.86,3751.04,3769.57,0.45,0.01,14448633400.0,2034.91,300.0,11.23,2022-11-22,11.23,2034.91
20221123,000300,沪深300指数,沪深300,CSI 300 Index,CSI 300,3760.22,3791.18,3753.21,3773.53,3.96,0.1,14452791100.0,2010.71,300.0,11.26,2022-11-23,11.26,2010.71
20221124,000300,沪深300指数,沪深300,CSI 300 Index,CSI 300,3791.54,3804.9,3751.38,3756.81,-16.72,-0.44,10107344700.0,1606.99,300.0,11.22,2022-11-24,11.22,1606.99
20221125,000300,沪深300指数,沪深300,CSI 300 Index,CSI 300,3751.28,3790.57,3743.41,3775.78,18.97,0.5,14292971100.0,1917.11,300.0,11.3,2022-11-25,11.3,1917.11
20221128,000300,沪深300指数,沪深300,CSI 300 Index,CSI 300,3701.9,3736.08,3672.13,3733.24,-42.53,-1.13,12782574800.0,1963.06,300.0,11.18,2022-11-28,11.18,1963.06
20221129,000300,沪深300指数,沪深300,CSI 300 Index,CSI 300,3766.57,3854.77,3766.57,3848.42,115.18,3.09,17870139200.0,2890.62,300.0,11.5,2022-11-29,11.5,2890.62
20221130,000300,沪深300指数,沪深300,CSI 300 Index,CSI 300,3836.56,3867.66,3833.83,3853.04,4.61,0.12,15751140000.0,2500.51,300.0,11.51,2022-11-30,11.51,2500.51
20221201,000300,沪深300指数,沪深300,CSI 300 Index,CSI 300,3921.3,3944.56,3893.87,3894.77,41.73,1.08,16996458500.0,3066.78,300.0,11.61,2022-12-01,11.61,3066.78
20221202,000300,沪深300指数,沪深300,CSI 300 Index,CSI 300,3886.4,3898.11,3865.88,3870.95,-23.82,-0.61,11678635000.0,2012.53,300.0,11.54,2022-12-02,11.54,2012.53
20221205,000300,沪深300指数,沪深300,CSI 300 Index,CSI 300,3907.64,3947.48,3900.67,3946.88,75.93,1.96,20174722100.0,2966.16,300.0,11.78,2022-12-05,11.78,2966.16
20221206,000300,沪深300指数,沪深300,CSI 300 Index,CSI 300,3929.01,3988.9,3923.0,3968.2,21.32,0.54,15510832300.0,2755.83,300.0,11.84,2022-12-06,11.84,2755.83
20221207,000300,沪深300指数,沪深300,CSI 300 Index,CSI 300,3956.67,3999.59,3944.18,3958.44,-9.76,-0.25,14300135600.0,2554.91,300.0,11.79,2022-12-07,11.79,2554.91
20221208,000300,沪深300指数,沪深300,CSI 300 Index,CSI 300,3953.2,3971.49,3941.3,3959.18,0.74,0.02,11519998600.0,1980.38,300.0,11.8,2022-12-08,11.8,1980.38
20221209,000300,沪深300指数,沪深300,CSI 300 Index,CSI 300,3961.99,4003.32,3944.44,3998.24,39.06,0.99,15377495400.0,2681.67,300.0,11.9,2022-12-09,11.9,2681.67
20221212,000300,沪深300指数,沪深300,CSI 300 Index,CSI 300,3976.17,3983.43,3950.32,3953.44,-44.8,-1.12,12593536800.0,2276.06,300.0,11.79,2022-12-12,11.79,2276.06
20221213,000300,沪深300指数,沪深300,CSI 300 Index,CSI 300,3953.55,3964.4,3939.98,3945.68,-7.76,-0.2,10099410000.0,1840.21,300.0,11.78,2022-12-13,11.78,1840.21
20221214,000300,沪深300指数,沪深300,CSI 300 Index,CSI 300,3952.79,3972.74,3935.77,3954.89,9.2,0.23,9852800600.0,1961.75,300.0,11.81,2022-12-14,11.81,1961.75
20221215,000300,沪深300指数,沪深300,CSI 300 Index,CSI 300,3954.67,3963.5,3926.5,3951.99,-2.9,-0.07,8886472500.0,1819.95,300.0,11.79,2022-12-15,11.79,1819.95
20221216,000300,沪深300指数,沪深300,CSI 300 Index,CSI 300,3931.23,3960.47,3929.49,3954.23,2.24,0.06,9317856700.0,1674.88,300.0,11.81,2022-12-16,11.81,1674.88
20221219,000300,沪深300指数,沪深300,CSI 300 Index,CSI 300,3952.77,3966.57,3878.44,3893.22,-61.01,-1.54,10691907500.0,1808.01,300.0,11.62,2022-12-19,11.62,1808.01
20221220,000300,沪深300指数,沪深300,CSI 300 Index,CSI 300,3881.23,3881.27,3811.48,3829.02,-64.2,-1.65,8309682200.0,1640.46,300.0,11.45,2022-12-20,11.45,1640.46
20221221,000300,沪深300指数,沪深300,CSI 300 Index,CSI 300,3839.0,3853.73,3821.4,3830.54,1.52,0.04,6483921500.0,1234.5,300.0,11.45,2022-12-21,11.45,1234.5
20221222,000300,沪深300指数,沪深300,CSI 300 Index,CSI 300,3859.2,3882.13,3821.34,3836.03,5.49,0.14,8370517300.0,1639.7,300.0,11.47,2022-12-22,11.47,1639.7
20221223,000300,沪深300指数,沪深300,CSI 300 Index,CSI 300,3811.62,3848.34,3805.95,3828.22,-7.81,-0.2,6527814800.0,1305.59,300.0,11.45,2022-12-23,11.45,1305.59
20221226,000300,沪深300指数,沪深300,CSI 300 Index,CSI 300,3830.57,3856.81,3827.52,3843.49,15.27,0.4,7300571200.0,1486.93,300.0,11.48,2022-12-26,11.48,1486.93
20221227,000300,沪深300指数,沪深300,CSI 300 Index,CSI 300,3860.91,3891.85,3856.58,3887.85,44.37,1.15,7751535000.0,1520.32,300.0,11.62,2022-12-27,11.62,1520.32
20221228,000300,沪深300指数,沪深300,CSI 300 Index,CSI 300,3874.91,3884.72,3854.94,3871.26,-16.59,-0.43,8442465600.0,1606.71,300.0,11.59,2022-12-28,11.59,1606.71
20221229,000300,沪深300指数,沪深300,CSI 300 Index,CSI 300,3854.24,3868.29,3838.48,3856.7,-14.56,-0.38,7939481500.0,1490.11,300.0,11.53,2022-12-29,11.53,1490.11
20221230,000300,沪深300指数,沪深300,CSI 300 Index,CSI 300,3873.94,3887.55,3868.76,3871.63,14.93,0.39,7877327200.0,1482.95,300.0,11.58,2022-12-30,11.58,1482.95
20230103,000300,沪深300指数,沪深300,CSI 300 Index,CSI 300,3864.84,3893.99,3831.25,3887.9,16.27,0.42,11505187500.0,2075.4,300.0,11.62,2023-01-03,11.62,2075.4
20230104,000300,沪深300指数,沪深300,CSI 300 Index,CSI 300,3886.25,3905.9,3873.65,3892.95,5.05,0.13,11066074300.0,1989.98,300.0,11.64,2023-01-04,11.64,1989.98
20230105,000300,沪深300指数,沪深300,CSI 300 Index,CSI 300,3913.49,3974.88,3912.26,3968.58,75.63,1.94,11650239500.0,2563.13,300.0,11.84,2023-01-05,11.84,2563.13
20230106,000300,沪深300指数,沪深300,CSI 300 Index,CSI 300,3969.55,4000.41,3966.47,3980.89,12.31,0.31,11095303800.0,2357.44,300.0,11.87,2023-01-06,11.87,2357.44
20230109,000300,沪深300指数,沪深300,CSI 300 Index,CSI 300,3998.53,4023.09,3990.71,4013.12,32.23,0.81,11705442500.0,2332.12,300.0,11.95,2023-01-09,11.95,2332.12
20230110,000300,沪深300指数,沪深300,CSI 300 Index,CSI 300,4014.71,4030.46,4002.23,4017.47,4.35,0.11,10175114100.0,2148.71,300.0,11.96,2023-01-10,11.96,2148.71
20230111,000300,沪深300指数,沪深300,CSI 300 Index,CSI 300,4019.88,4043.4,4008.02,4010.03,-7.44,-0.19,9999788900.0,2030.0,300.0,11.95,2023-01-11,11.95,2030.0
20230112,000300,沪深300指数,沪深300,CSI 300 Index,CSI 300,4021.75,4030.29,4003.51,4017.87,7.84,0.2,9055262700.0,1836.86,300.0,11.97,2023-01-12,11.97,1836.86
20230113,000300,沪深300指数,沪深300,CSI 300 Index,CSI 300,4032.29,4074.38,4027.89,4074.38,56.51,1.41,9587189600.0,2121.74,300.0,12.13,2023-01-13,12.13,2121.74
20230116,000300,沪深300指数,沪深300,CSI 300 Index,CSI 300,4077.88,4177.1,4076.64,4137.96,63.59,1.56,15139545500.0,3190.08,300.0,12.28,2023-01-16,12.28,3190.08
20230117,000300,沪深300指数,沪深300,CSI 300 Index,CSI 300,4138.84,4148.58,4118.16,4137.24,-0.72,-0.02,9547904000.0,2043.82,300.0,12.27,2023-01-17,12.27,2043.82
20230118,000300,沪深300指数,沪深300,CSI 300 Index,CSI 300,4140.1,4151.46,4125.77,4130.31,-6.93,-0.17,8420064500.0,1721.26,300.0,12.25,2023-01-18,12.25,1721.26
20230119,000300,沪深300指数,沪深300,CSI 300 Index,CSI 300,4125.58,4156.01,4105.98,4156.01,25.69,0.62,9460839800.0,1927.0,300.0,12.31,2023-01-19,12.31,1927.0
20230120,000300,沪深300指数,沪深300,CSI 300 Index,CSI 300,4166.84,4189.83,4161.67,4181.53,25.52,0.61,12355380900.0,2223.42,300.0,12.38,2023-01-20,12.38,2223.42
20230130,000300,沪深300指数,沪深300,CSI 300 Index,CSI 300,4267.62,4268.15,4197.86,4201.35,19.82,0.47,16460706400.0,3301.93,300.0,12.43,2023-01-30,12.43,3301.93
20230131,000300,沪深300指数,沪深300,CSI 300 Index,CSI 300,4200.58,4212.73,4153.05,4156.86,-44.49,-1.06,12455083500.0,2493.65,300.0,12.3,2023-01-31,12.3,2493.65
20230201,000300,沪深300指数,沪深300,CSI 300 Index,CSI 300,4170.13,4195.93,4137.77,4195.93,39.08,0.94,14100895400.0,2655.54,300.0,12.41,2023-02-01,12.41,2655.54
20230202,000300,沪深300指数,沪深300,CSI 300 Index,CSI 300,4207.41,4207.41,4170.56,4181.15,-14.78,-0.35,13382373600.0,2624.97,300.0,12.37,2023-02-02,12.37,2624.97
20230203,000300,沪深300指数,沪深300,CSI 300 Index,CSI 300,4162.03,4162.03,4103.17,4141.63,-39.52,-0.95,11704122100.0,2269.15,300.0,12.26,2023-02-03,12.26,2269.15
20230206,000300,沪深300指数,沪深300,CSI 300 Index,CSI 300,4103.83,4105.94,4065.22,4086.88,-54.75,-1.32,11019271700.0,2263.45,300.0,12.12,2023-02-06,12.12,2263.45
20230207,000300,沪深300指数,沪深300,CSI 300 Index,CSI 300,4098.31,4107.34,4077.96,4094.23,7.36,0.18,9136007200.0,1835.37,300.0,12.14,2023-02-07,12.14,1835.37
20230208,000300,沪深300指数,沪深300,CSI 300 Index,CSI 300,4099.86,4111.47,4072.65,4076.14,-18.09,-0.44,8478609900.0,1705.92,300.0,12.08,2023-02-08,12.08,1705.92
20230209,000300,沪深300指数,沪深300,CSI 300 Index,CSI 300,4067.56,4130.86,4064.75,4130.86,54.72,1.34,10228996100.0,2117.23,300.0,12.23,2023-02-09,12.23,2117.23
20230210,000300,沪深300指数,沪深300,CSI 300 Index,CSI 300,4124.1,4125.29,4092.35,4106.31,-24.55,-0.59,9671673300.0,1953.48,300.0,12.18,2023-02-10,12.18,1953.48
20230213,000300,沪深300指数,沪深300,CSI 300 Index,CSI 300,4098.88,4146.45,4092.27,4143.57,37.26,0.91,12889257700.0,2519.9,300.0,12.28,2023-02-13,12.28,2519.9
20230214,000300,沪深300指数,沪深300,CSI 300 Index,CSI 300,4151.25,4152.05,4125.26,4145.29,1.72,0.04,10249989000.0,2049.15,300.0,12.29,2023-02-14,12.29,2049.15
20230215,000300,沪深300指数,沪深300,CSI 300 Index,CSI 300,4146.85,4153.72,4115.97,4123.69,-21.6,-0.52,12166450800.0,2198.56,300.0,12.23,2023-02-15,12.23,2198.56
20230216,000300,沪深300指数,沪深300,CSI 300 Index,CSI 300,4125.41,4167.9,4068.86,4093.49,-30.2,-0.73,15931058500.0,2813.16,300.0,12.16,2023-02-16,12.16,2813.16
20230217,000300,沪深300指数,沪深300,CSI 300 Index,CSI 300,4086.22,4104.64,4032.93,4034.51,-58.98,-1.44,11614258900.0,2257.38,300.0,12.01,2023-02-17,12.01,2257.38
20230220,000300,沪深300指数,沪深300,CSI 300 Index,CSI 300,4039.96,4134.86,4035.48,4133.49,98.98,2.45,16179448100.0,2801.23,300.0,12.3,2023-02-20,12.3,2801.23
20230221,000300,沪深300指数,沪深300,CSI 300 Index,CSI 300,4130.06,4151.8,4116.27,4144.35,10.86,0.26,14577617300.0,2496.74,300.0,12.33,2023-02-21,12.33,2496.74
20230222,000300,沪深300指数,沪深300,CSI 300 Index,CSI 300,4118.97,4134.88,4101.86,4106.95,-37.4,-0.9,10429029500.0,1915.86,300.0,12.23,2023-02-22,12.23,1915.86
20230223,000300,沪深300指数,沪深300,CSI 300 Index,CSI 300,4106.21,4132.39,4088.21,4103.65,-3.3,-0.08,10356490600.0,1971.94,300.0,12.22,2023-02-23,12.22,1971.94
20230224,000300,沪深300指数,沪深300,CSI 300 Index,CSI 300,4100.99,4102.61,4048.24,4061.05,-42.6,-1.04,10098942500.0,1912.1,300.0,12.1,2023-02-24,12.1,1912.1
20230227,000300,沪深300指数,沪深300,CSI 300 Index,CSI 300,4040.46,4067.03,4034.52,4043.84,-17.2,-0.42,9378763000.0,1879.59,300.0,12.06,2023-02-27,12.06,1879.59
20230228,000300,沪深300指数,沪深300,CSI 300 Index,CSI 300,4058.13,4074.26,4026.45,4069.46,25.61,0.63,11032359100.0,1988.0,300.0,12.14,2023-02-28,12.14,1988.0
20230301,000300,沪深300指数,沪深300,CSI 300 Index,CSI 300,4068.73,4135.48,4061.22,4126.94,57.48,1.41,15601579400.0,2553.75,300.0,12.31,2023-03-01,12.31,2553.75
20230302,000300,沪深300指数,沪深300,CSI 300 Index,CSI 300,4119.99,4137.25,4113.83,4117.74,-9.2,-0.22,14821763700.0,2359.54,300.0,12.29,2023-03-02,12.29,2359.54
20230303,000300,沪深300指数,沪深300,CSI 300 Index,CSI 300,4126.02,4135.21,4100.38,4130.55,12.81,0.31,16033174100.0,2269.15,300.0,12.36,2023-03-03,12.36,2269.15
20230306,000300,沪深300指数,沪深300,CSI 300 Index,CSI 300,4131.15,4132.84,4088.45,4109.01,-21.54,-0.52,16297180700.0,2830.8,300.0,12.3,2023-03-06,12.3,2830.8
20230307,000300,沪深300指数,沪深300,CSI 300 Index,CSI 300,4103.64,4124.96,4046.57,4048.85,-60.16,-1.46,19591206800.0,2724.92,300.0,12.16,2023-03-07,12.16,2724.92
20230308,000300,沪深300指数,沪深300,CSI 300 Index,CSI 300,4030.74,4037.29,4011.52,4034.11,-14.74,-0.36,11793649300.0,1916.6,300.0,12.12,2023-03-08,12.12,1916.6
20230309,000300,沪深300指数,沪深300,CSI 300 Index,CSI 300,4035.84,4043.85,4000.89,4019.85,-14.26,-0.35,11653962900.0,2017.38,300.0,12.09,2023-03-09,12.09,2017.38
20230310,000300,沪深300指数,沪深300,CSI 300 Index,CSI 300,3991.8,4004.36,3966.43,3967.14,-52.72,-1.31,12385540900.0,2182.87,300.0,11.93,2023-03-10,11.93,2182.87
20230313,000300,沪深300指数,沪深300,CSI 300 Index,CSI 300,3962.64,4008.69,3962.64,4008.69,41.55,1.05,14356137000.0,2428.66,300.0,12.08,2023-03-13,12.08,2428.66
20230314,000300,沪深300指数,沪深300,CSI 300 Index,CSI 300,3999.88,4001.94,3946.94,3984.7,-23.99,-0.6,15054417400.0,2672.25,300.0,11.99,2023-03-14,11.99,2672.25
20230315,000300,沪深300指数,沪深300,CSI 300 Index,CSI 300,4011.84,4018.75,3986.9,3986.9,2.21,0.06,14202600700.0,2321.01,300.0,12.02,2023-03-15,12.02,2321.01
20230316,000300,沪深300指数,沪深300,CSI 300 Index,CSI 300,3958.2,3981.32,3936.48,3939.15,-47.75,-1.2,15251564400.0,2462.64,300.0,11.9,2023-03-16,11.9,2462.64
20230317,000300,沪深300指数,沪深300,CSI 300 Index,CSI 300,3971.16,4004.22,3945.25,3958.82,19.67,0.5,17743381800.0,3055.41,300.0,11.98,2023-03-17,11.98,3055.41
20230320,000300,沪深300指数,沪深300,CSI 300 Index,CSI 300,3962.66,3979.55,3935.02,3939.08,-19.74,-0.5,20526497000.0,3197.6,300.0,11.92,2023-03-20,11.92,3197.6
20230321,000300,沪深300指数,沪深300,CSI 300 Index,CSI 300,3948.16,3982.7,3948.16,3982.38,43.3,1.1,14509067900.0,2516.32,300.0,12.01,2023-03-21,12.01,2516.32
20230322,000300,沪深300指数,沪深300,CSI 300 Index,CSI 300,3993.78,4016.45,3986.71,3999.44,17.06,0.43,14922897000.0,2651.81,300.0,12.07,2023-03-22,12.07,2651.81
20230323,000300,沪深300指数,沪深300,CSI 300 Index,CSI 300,3985.99,4039.09,3984.0,4039.09,39.65,0.99,15888742100.0,2964.8,300.0,12.18,2023-03-23,12.18,2964.8
20230324,000300,沪深300指数,沪深300,CSI 300 Index,CSI 300,4035.16,4037.84,4017.0,4027.05,-12.04,-0.3,15944233000.0,2957.86,300.0,12.11,2023-03-24,12.11,2957.86
20230327,000300,沪深300指数,沪深300,CSI 300 Index,CSI 300,4023.3,4023.3,3987.03,4012.48,-14.57,-0.36,16848227900.0,3154.75,300.0,12.04,2023-03-27,12.04,3154.75
20230328,000300,沪深300指数,沪深300,CSI 300 Index,CSI 300,4015.7,4023.78,3994.6,3999.51,-12.96,-0.32,13189511700.0,2487.37,300.0,12.03,2023-03-28,12.03,2487.37
20230329,000300,沪深300指数,沪深300,CSI 300 Index,CSI 300,4013.59,4017.76,3992.67,4006.14,6.63,0.17,13374351000.0,2638.67,300.0,12.05,2023-03-29,12.05,2638.67
20230330,000300,沪深300指数,沪深300,CSI 300 Index,CSI 300,4009.56,4040.5,3983.9,4038.53,32.38,0.81,14990103700.0,2800.05,300.0,12.15,2023-03-30,12.15,2800.05
20230331,000300,沪深300指数,沪深300,CSI 300 Index,CSI 300,4045.45,4063.57,4039.96,4050.93,12.4,0.31,13884254600.0,2798.64,300.0,12.17,2023-03-31,12.17,2798.64
20230403,000300,沪深300指数,沪深300,CSI 300 Index,CSI 300,4059.62,4094.94,4059.06,4090.57,39.64,0.98,18212431300.0,3828.96,300.0,12.26,2023-04-03,12.26,3828.96
20230404,000300,沪深300指数,沪深300,CSI 300 Index,CSI 300,4089.29,4103.16,4080.07,4103.11,12.54,0.31,19714663100.0,3944.43,300.0,12.31,2023-04-04,12.31,3944.43
20230406,000300,沪深300指数,沪深300,CSI 300 Index,CSI 300,4084.13,4098.83,4078.4,4096.64,-6.47,-0.16,15070337400.0,3289.82,300.0,12.29,2023-04-06,12.29,3289.82
20230407,000300,沪深300指数,沪深300,CSI 300 Index,CSI 300,4096.9,4131.31,4092.18,4123.28,26.64,0.65,12867673800.0,2865.68,300.0,12.34,2023-04-07,12.34,2865.68
20230410,000300,沪深300指数,沪深300,CSI 300 Index,CSI 300,4132.01,4132.3,4099.05,4104.81,-18.47,-0.45,15245300200.0,3408.23,300.0,12.31,2023-04-10,12.31,3408.23
20230411,000300,沪深300指数,沪深300,CSI 300 Index,CSI 300,4108.51,4116.12,4083.49,4100.15,-4.66,-0.11,15390133300.0,3241.93,300.0,12.31,2023-04-11,12.31,3241.93
20230412,000300,沪深300指数,沪深300,CSI 300 Index,CSI 300,4102.4,4108.25,4090.28,4097.29,-2.86,-0.07,16596527800.0,3254.25,300.0,12.33,2023-04-12,12.33,3254.25
20230413,000300,沪深300指数,沪深300,CSI 300 Index,CSI 300,4081.39,4088.88,4059.57,4068.98,-28.31,-0.69,15644429500.0,3002.91,300.0,12.27,2023-04-13,12.27,3002.91
20230414,000300,沪深300指数,沪深300,CSI 300 Index,CSI 300,4078.97,4098.22,4075.2,4092.0,23.02,0.57,15069568200.0,3062.02,300.0,12.34,2023-04-14,12.34,3062.02
20230417,000300,沪深300指数,沪深300,CSI 300 Index,CSI 300,4090.07,4149.38,4089.51,4149.38,57.38,1.4,18877309500.0,3418.31,300.0,12.54,2023-04-17,12.54,3418.31
20230418,000300,沪深300指数,沪深300,CSI 300 Index,CSI 300,4139.31,4169.67,4138.46,4162.03,12.65,0.3,17018413000.0,3315.46,300.0,12.6,2023-04-18,12.6,3315.46
20230419,000300,沪深300指数,沪深300,CSI 300 Index,CSI 300,4159.39,4159.39,4118.63,4124.56,-37.47,-0.9,16255459200.0,3122.2,300.0,12.49,2023-04-19,12.49,3122.2
20230420,000300,沪深300指数,沪深300,CSI 300 Index,CSI 300,4122.95,4125.82,4094.0,4113.02,-11.54,-0.28,16270667700.0,3321.72,300.0,12.46,2023-04-20,12.46,3321.72
20230421,000300,沪深300指数,沪深300,CSI 300 Index,CSI 300,4114.26,4114.26,4031.91,4032.57,-80.45,-1.96,18080243500.0,3478.52,300.0,12.24,2023-04-21,12.24,3478.52
20230424,000300,沪深300指数,沪深300,CSI 300 Index,CSI 300,4031.3,4033.64,3967.91,3982.64,-49.92,-1.24,17009921700.0,3283.76,300.0,12.12,2023-04-24,12.12,3283.76
20230425,000300,沪深300指数,沪深300,CSI 300 Index,CSI 300,3985.11,3991.69,3925.44,3962.67,-19.98,-0.5,17255540900.0,3311.11,300.0,12.1,2023-04-25,12.1,3311.11
20230426,000300,沪深300指数,沪深300,CSI 300 Index,CSI 300,3950.26,3975.66,3934.66,3959.23,-3.43,-0.09,16270200600.0,3220.63,300.0,12.0,2023-04-26,12.0,3220.63
20230427,000300,沪深300指数,沪深300,CSI 300 Index,CSI 300,3948.03,3999.13,3942.82,3988.42,29.19,0.74,15382819500.0,3048.04,300.0,12.09,2023-04-27,12.09,3048.04
20230428,000300,沪深300指数,沪深300,CSI 300 Index,CSI 300,3993.26,4030.45,3993.26,4029.09,40.67,1.02,17950848800.0,3289.36,300.0,12.22,2023-04-28,12.22,3289.36
20230504,000300,沪深300指数,沪深300,CSI 300 Index,CSI 300,4013.47,4035.78,4001.13,4030.25,1.16,0.03,22758284600.0,3454.93,300.0,12.4,2023-05-04,12.4,3454.93
20230505,000300,沪深300指数,沪深300,CSI 300 Index,CSI 300,4031.09,4047.6,3998.39,4016.88,-13.37,-0.33,20662692400.0,3076.94,300.0,12.37,2023-05-05,12.37,3076.94
20230508,000300,沪深300指数,沪深300,CSI 300 Index,CSI 300,4028.11,4070.77,4018.96,4062.66,45.79,1.14,25558308500.0,3595.4,300.0,12.61,2023-05-08,12.61,3595.4
20230509,000300,沪深300指数,沪深300,CSI 300 Index,CSI 300,4065.44,4092.85,4026.39,4027.88,-34.79,-0.86,27930604800.0,3964.22,300.0,12.49,2023-05-09,12.49,3964.22
20230510,000300,沪深300指数,沪深300,CSI 300 Index,CSI 300,4017.94,4019.06,3984.63,3996.87,-31.01,-0.77,20755270900.0,3094.85,300.0,12.33,2023-05-10,12.33,3094.85
20230511,000300,沪深300指数,沪深300,CSI 300 Index,CSI 300,4005.78,4018.06,3988.48,3990.66,-6.21,-0.16,14480461900.0,2410.52,300.0,12.3,2023-05-11,12.3,2410.52
20230512,000300,沪深300指数,沪深300,CSI 300 Index,CSI 300,3987.77,3999.38,3937.53,3937.76,-52.9,-1.33,14442172800.0,2289.93,300.0,12.15,2023-05-12,12.15,2289.93
20230515,000300,沪深300指数,沪深300,CSI 300 Index,CSI 300,3938.83,3998.89,3923.03,3998.89,61.13,1.55,17625736200.0,2795.31,300.0,12.32,2023-05-15,12.32,2795.31
20230516,000300,沪深300指数,沪深300,CSI 300 Index,CSI 300,4002.52,4005.02,3966.99,3978.21,-20.68,-0.52,13683327100.0,2348.41,300.0,12.25,2023-05-16,12.25,2348.41
20230517,000300,沪深300指数,沪深300,CSI 300 Index,CSI 300,3971.7,3982.6,3945.71,3960.17,-18.04,-0.45,11844818500.0,2051.96,300.0,12.19,2023-05-17,12.19,2051.96
20230518,000300,沪深300指数,沪深300,CSI 300 Index,CSI 300,3965.52,3982.72,3939.55,3956.07,-4.09,-0.1,13653394700.0,2291.34,300.0,12.23,2023-05-18,12.23,2291.34
20230519,000300,沪深300指数,沪深300,CSI 300 Index,CSI 300,3946.22,3967.28,3928.32,3944.54,-11.53,-0.29,12021247900.0,2070.95,300.0,12.17,2023-05-19,12.17,2070.95
20230522,000300,沪深300指数,沪深300,CSI 300 Index,CSI 300,3941.0,3985.4,3935.8,3969.33,24.79,0.63,10911660500.0,2021.86,300.0,12.24,2023-05-22,12.24,2021.86
20230523,000300,沪深300指数,沪深300,CSI 300 Index,CSI 300,3968.23,3971.94,3913.19,3913.19,-56.14,-1.41,11868507700.0,1899.56,300.0,12.04,2023-05-23,12.04,1899.56
20230524,000300,沪深300指数,沪深300,CSI 300 Index,CSI 300,3903.78,3903.78,3859.09,3859.09,-54.09,-1.38,13725826500.0,2117.68,300.0,11.85,2023-05-24,11.85,2117.68
20230525,000300,沪深300指数,沪深300,CSI 300 Index,CSI 300,3851.41,3861.38,3817.84,3850.5,-8.59,-0.22,12415077000.0,2133.14,300.0,11.82,2023-05-25,11.82,2133.14
20230526,000300,沪深300指数,沪深300,CSI 300 Index,CSI 300,3848.42,3859.63,3815.57,3850.95,0.45,0.01,10032643900.0,1915.38,300.0,11.83,2023-05-26,11.83,1915.38
20230529,000300,沪深300指数,沪深300,CSI 300 Index,CSI 300,3862.08,3866.72,3819.18,3833.94,-17.01,-0.44,13185996700.0,2300.96,300.0,11.83,2023-05-29,11.83,2300.96
20230530,000300,沪深300指数,沪深300,CSI 300 Index,CSI 300,3827.79,3844.01,3789.27,3837.75,3.81,0.1,13761962900.0,2445.66,300.0,11.83,2023-05-30,11.83,2445.66
20230531,000300,沪深300指数,沪深300,CSI 300 Index,CSI 300,3827.16,3827.16,3781.4,3798.54,-39.21,-1.02,12638736800.0,2356.06,300.0,11.71,2023-05-31,11.71,2356.06
20230601,000300,沪深300指数,沪深300,CSI 300 Index,CSI 300,3788.59,3832.21,3786.73,3806.87,8.32,0.22,13456188100.0,2418.3,300.0,11.74,2023-06-01,11.74,2418.3
20230602,000300,沪深300指数,沪深300,CSI 300 Index,CSI 300,3821.62,3865.28,3821.62,3861.83,54.97,1.44,12501511000.0,2326.97,300.0,11.87,2023-06-02,11.87,2326.97
20230605,000300,沪深300指数,沪深300,CSI 300 Index,CSI 300,3860.56,3860.56,3832.46,3844.25,-17.58,-0.46,11616398900.0,2111.44,300.0,11.85,2023-06-05,11.85,2111.44
20230606,000300,沪深300指数,沪深300,CSI 300 Index,CSI 300,3840.46,3867.85,3802.84,3808.16,-36.09,-0.94,12578125800.0,2220.92,300.0,11.75,2023-06-06,11.75,2220.92
20230607,000300,沪深300指数,沪深300,CSI 300 Index,CSI 300,3815.48,3823.11,3780.1,3789.34,-18.82,-0.49,9886243200.0,1898.8,300.0,11.71,2023-06-07,11.71,1898.8
20230608,000300,沪深300指数,沪深300,CSI 300 Index,CSI 300,3791.08,3834.39,3777.78,3820.19,30.84,0.81,11870093400.0,1991.19,300.0,11.82,2023-06-08,11.82,1991.19
20230609,000300,沪深300指数,沪深300,CSI 300 Index,CSI 300,3822.41,3836.7,3811.22,3836.7,16.52,0.43,13431986300.0,2472.96,300.0,11.87,2023-06-09,11.87,2472.96
20230612,000300,沪深300指数,沪深300,CSI 300 Index,CSI 300,3827.33,3859.72,3813.86,3844.43,7.73,0.2,12675854300.0,2407.91,300.0,11.83,2023-06-12,11.83,2407.91
20230613,000300,沪深300指数,沪深300,CSI 300 Index,CSI 300,3838.13,3867.3,3833.46,3864.91,20.48,0.53,11092494600.0,2254.35,300.0,11.87,2023-06-13,11.87,2254.35
20230614,000300,沪深300指数,沪深300,CSI 300 Index,CSI 300,3872.72,3891.67,3862.06,3864.02,-0.88,-0.02,12495575900.0,2439.33,300.0,11.85,2023-06-14,11.85,2439.33
20230615,000300,沪深300指数,沪深300,CSI 300 Index,CSI 300,3871.77,3925.5,3871.77,3925.5,61.47,1.59,12836993800.0,2826.36,300.0,11.99,2023-06-15,11.99,2826.36
20230616,000300,沪深300指数,沪深300,CSI 300 Index,CSI 300,3932.21,3968.01,3928.54,3963.35,37.85,0.96,13976007600.0,2803.75,300.0,12.07,2023-06-16,12.07,2803.75
20230619,000300,沪深300指数,沪深300,CSI 300 Index,CSI 300,3957.03,3957.03,3922.47,3930.91,-32.44,-0.82,13490584800.0,2682.13,300.0,11.97,2023-06-19,11.97,2682.13
20230620,000300,沪深300指数,沪深300,CSI 300 Index,CSI 300,3926.09,3937.49,3918.47,3924.24,-6.67,-0.17,12252031800.0,2662.74,300.0,11.92,2023-06-20,11.92,2662.74
20230621,000300,沪深300指数,沪深300,CSI 300 Index,CSI 300,3909.1,3920.13,3864.03,3864.03,-60.21,-1.53,11834657500.0,2436.31,300.0,11.76,2023-06-21,11.76,2436.31
20230626,000300,沪深300指数,沪深300,CSI 300 Index,CSI 300,3833.44,3841.29,3801.05,3809.7,-54.34,-1.41,13399041900.0,2477.14,300.0,11.6,2023-06-26,11.6,2477.14
20230627,000300,沪深300指数,沪深300,CSI 300 Index,CSI 300,3811.69,3851.9,3806.32,3845.43,35.74,0.94,11699268100.0,2100.98,300.0,11.72,2023-06-27,11.72,2100.98
20230628,000300,沪深300指数,沪深300,CSI 300 Index,CSI 300,3836.61,3846.85,3808.16,3840.8,-4.63,-0.12,10702154100.0,2061.88,300.0,11.71,2023-06-28,11.71,2061.88
20230629,000300,沪深300指数,沪深300,CSI 300 Index,CSI 300,3836.73,3840.71,3817.38,3821.84,-18.96,-0.49,9828927400.0,2041.1,300.0,11.65,2023-06-29,11.65,2041.1
20230630,000300,沪深300指数,沪深300,CSI 300 Index,CSI 300,3816.33,3860.03,3813.55,3842.45,20.61,0.54,10126842900.0,2081.46,300.0,11.71,2023-06-30,11.71,2081.46
20230703,000300,沪深300指数,沪深300,CSI 300 Index,CSI 300,3853.29,3897.33,3853.29,3892.88,50.43,1.31,13315805100.0,2568.77,300.0,11.88,2023-07-03,11.88,2568.77
20230704,000300,沪深300指数,沪深300,CSI 300 Index,CSI 300,3888.03,3899.98,3878.4,3899.01,6.13,0.16,10949452700.0,2163.36,300.0,11.88,2023-07-04,11.88,2163.36
20230705,000300,沪深300指数,沪深300,CSI 300 Index,CSI 300,3895.19,3899.52,3864.13,3868.81,-30.21,-0.77,9763638400.0,1884.0,300.0,11.79,2023-07-05,11.79,1884.0
20230706,000300,沪深300指数,沪深300,CSI 300 Index,CSI 300,3857.03,3876.89,3836.46,3842.75,-26.05,-0.67,10012184200.0,1847.42,300.0,11.71,2023-07-06,11.71,1847.42
20230707,000300,沪深300指数,沪深300,CSI 300 Index,CSI 300,3831.6,3844.84,3819.08,3825.7,-17.06,-0.44,10090692000.0,1739.19,300.0,11.66,2023-07-07,11.66,1739.19
20230710,000300,沪深300指数,沪深300,CSI 300 Index,CSI 300,3841.56,3865.46,3831.92,3844.33,18.63,0.49,9203344100.0,1853.61,300.0,11.7,2023-07-10,11.7,1853.61
20230711,000300,沪深300指数,沪深300,CSI 300 Index,CSI 300,3853.8,3870.65,3844.52,3869.49,25.16,0.65,8651071600.0,1775.86,300.0,11.77,2023-07-11,11.77,1775.86
20230712,000300,沪深300指数,沪深300,CSI 300 Index,CSI 300,3864.6,3874.04,3838.56,3843.44,-26.05,-0.67,11152202400.0,2140.47,300.0,11.7,2023-07-12,11.7,2140.47
20230713,000300,沪深300指数,沪深300,CSI 300 Index,CSI 300,3855.66,3901.1,3855.66,3898.42,54.99,1.43,12030023200.0,2352.79,300.0,11.88,2023-07-13,11.88,2352.79
20230714,000300,沪深300指数,沪深300,CSI 300 Index,CSI 300,3904.6,3908.49,3893.79,3899.1,0.68,0.02,12236484600.0,2202.3,300.0,11.89,2023-07-14,11.89,2202.3
20230717,000300,沪深300指数,沪深300,CSI 300 Index,CSI 300,3881.62,3881.62,3852.26,3867.17,-31.93,-0.82,9834014400.0,1746.24,300.0,11.73,2023-07-17,11.73,1746.24
20230718,000300,沪深300指数,沪深300,CSI 300 Index,CSI 300,3871.04,3871.04,3844.51,3854.94,-12.24,-0.32,9143861500.0,1671.04,300.0,11.65,2023-07-18,11.65,1671.04
20230719,000300,沪深300指数,沪深300,CSI 300 Index,CSI 300,3848.48,3860.01,3830.41,3850.87,-4.07,-0.11,7958570000.0,1513.11,300.0,11.65,2023-07-19,11.65,1513.11
20230720,000300,沪深300指数,沪深300,CSI 300 Index,CSI 300,3857.77,3875.62,3818.71,3823.69,-27.17,-0.71,9204207600.0,1743.21,300.0,11.56,2023-07-20,11.56,1743.21
20230721,000300,沪深300指数,沪深300,CSI 300 Index,CSI 300,3816.98,3849.51,3808.8,3821.91,-1.78,-0.05,7950756300.0,1571.44,300.0,11.55,2023-07-21,11.55,1571.44
20230724,000300,沪深300指数,沪深300,CSI 300 Index,CSI 300,3803.35,3828.79,3798.8,3805.22,-16.69,-0.44,7548354500.0,1514.48,300.0,11.51,2023-07-24,11.51,1514.48
20230725,000300,沪深300指数,沪深300,CSI 300 Index,CSI 300,3866.64,3915.81,3866.64,3915.12,109.89,2.89,16306632000.0,2998.54,300.0,11.83,2023-07-25,11.83,2998.54
20230726,000300,沪深300指数,沪深300,CSI 300 Index,CSI 300,3908.17,3912.98,3893.4,3907.01,-8.1,-0.21,10788171700.0,1929.13,300.0,11.8,2023-07-26,11.8,1929.13
20230727,000300,沪深300指数,沪深300,CSI 300 Index,CSI 300,3914.23,3935.36,3894.69,3902.35,-4.67,-0.12,11066710900.0,1968.45,300.0,11.8,2023-07-27,11.8,1968.45
20230728,000300,沪深300指数,沪深300,CSI 300 Index,CSI 300,3889.79,4000.92,3886.55,3992.74,90.39,2.32,17973548100.0,3100.92,300.0,12.07,2023-07-28,12.07,3100.92
20230731,000300,沪深300指数,沪深300,CSI 300 Index,CSI 300,4018.89,4064.36,4002.08,4014.63,21.89,0.55,19960683000.0,3665.44,300.0,12.11,2023-07-31,12.11,3665.44
20230801,000300,沪深300指数,沪深300,CSI 300 Index,CSI 300,4009.18,4031.7,3983.03,3998.0,-16.63,-0.41,14228685900.0,2556.21,300.0,12.08,2023-08-01,12.08,2556.21
20230802,000300,沪深300指数,沪深300,CSI 300 Index,CSI 300,3985.7,4008.33,3958.51,3969.9,-28.11,-0.7,12585569000.0,2048.76,300.0,11.96,2023-08-02,11.96,2048.76
20230803,000300,沪深300指数,沪深300,CSI 300 Index,CSI 300,3962.13,4005.0,3962.13,4004.98,35.09,0.88,12900664000.0,2248.1,300.0,12.06,2023-08-03,12.06,2248.1
20230804,000300,沪深300指数,沪深300,CSI 300 Index,CSI 300,4033.72,4058.24,4011.62,4020.58,15.6,0.39,17826718900.0,3165.3,300.0,12.11,2023-08-04,12.11,3165.3
20230807,000300,沪深300指数,沪深300,CSI 300 Index,CSI 300,4002.97,4002.97,3977.02,3990.15,-30.43,-0.76,12131066200.0,2270.91,300.0,12.03,2023-08-07,12.03,2270.91
20230808,000300,沪深300指数,沪深300,CSI 300 Index,CSI 300,3980.04,4002.29,3963.46,3979.73,-10.42,-0.26,10987169900.0,2026.11,300.0,12.01,2023-08-08,12.01,2026.11
20230809,000300,沪深300指数,沪深300,CSI 300 Index,CSI 300,3967.36,3982.11,3961.84,3967.57,-12.17,-0.31,9464026900.0,1743.94,300.0,11.97,2023-08-09,11.97,1743.94
20230810,000300,沪深300指数,沪深300,CSI 300 Index,CSI 300,3962.86,3976.46,3945.39,3975.72,8.15,0.21,9717684900.0,1756.47,300.0,11.99,2023-08-10,11.99,1756.47
20230811,000300,沪深300指数,沪深300,CSI 300 Index,CSI 300,3977.98,3977.98,3884.25,3884.25,-91.46,-2.3,12608293100.0,2035.46,300.0,11.73,2023-08-11,11.73,2035.46
20230814,000300,沪深300指数,沪深300,CSI 300 Index,CSI 300,3840.89,3859.47,3814.07,3855.91,-28.35,-0.73,11596633600.0,1976.24,300.0,11.64,2023-08-14,11.64,1976.24
20230815,000300,沪深300指数,沪深300,CSI 300 Index,CSI 300,3858.37,3865.28,3811.68,3846.54,-9.37,-0.24,10309711100.0,1774.37,300.0,11.64,2023-08-15,11.64,1774.37
20230816,000300,沪深300指数,沪深300,CSI 300 Index,CSI 300,3830.83,3852.42,3817.63,3818.33,-28.2,-0.73,9461694600.0,1693.24,300.0,11.55,2023-08-16,11.55,1693.24
20230817,000300,沪深300指数,沪深300,CSI 300 Index,CSI 300,3801.2,3836.15,3782.5,3831.1,12.77,0.33,9841549300.0,1740.94,300.0,11.58,2023-08-17,11.58,1740.94
20230818,000300,沪深300指数,沪深300,CSI 300 Index,CSI 300,3832.46,3844.2,3784.0,3784.0,-47.1,-1.23,9554963800.0,1684.46,300.0,11.47,2023-08-18,11.47,1684.46
20230821,000300,沪深300指数,沪深300,CSI 300 Index,CSI 300,3773.23,3782.11,3729.56,3729.56,-54.45,-1.44,9870836900.0,1733.8,300.0,11.31,2023-08-21,11.31,1733.8
20230822,000300,沪深300指数,沪深300,CSI 300 Index,CSI 300,3748.07,3770.06,3704.68,3758.23,28.67,0.77,12031832700.0,2034.64,300.0,11.42,2023-08-22,11.42,2034.64
20230823,000300,沪深300指数,沪深300,CSI 300 Index,CSI 300,3751.77,3756.17,3695.03,3696.63,-61.59,-1.64,9708163800.0,1604.76,300.0,11.27,2023-08-23,11.27,1604.76
20230824,000300,沪深300指数,沪深300,CSI 300 Index,CSI 300,3711.54,3748.86,3701.57,3723.43,26.8,0.72,11961452100.0,1962.57,300.0,11.31,2023-08-24,11.31,1962.57
20230825,000300,沪深300指数,沪深300,CSI 300 Index,CSI 300,3703.51,3734.22,3695.84,3709.15,-14.28,-0.38,10518261000.0,1756.01,300.0,11.28,2023-08-25,11.28,1756.01
20230828,000300,沪深300指数,沪深300,CSI 300 Index,CSI 300,3911.55,3911.55,3740.53,3752.62,43.47,1.17,19799037900.0,3350.48,300.0,11.42,2023-08-28,11.42,3350.48
20230829,000300,沪深300指数,沪深300,CSI 300 Index,CSI 300,3743.05,3810.38,3742.08,3790.11,37.49,1.0,15248614600.0,2621.35,300.0,11.5,2023-08-29,11.5,2621.35
20230830,000300,沪深300指数,沪深300,CSI 300 Index,CSI 300,3803.12,3813.7,3780.24,3788.51,-1.6,-0.04,12967166100.0,2267.27,300.0,11.48,2023-08-30,11.48,2267.27
20230831,000300,沪深300指数,沪深300,CSI 300 Index,CSI 300,3786.93,3794.0,3762.0,3765.27,-23.24,-0.61,11896164600.0,1935.77,300.0,11.42,2023-08-31,11.42,1935.77
20230901,000300,沪深300指数,沪深300,CSI 300 Index,CSI 300,3778.91,3808.53,3778.91,3791.49,26.22,0.7,10531904500.0,1722.19,300.0,11.49,2023-09-01,11.49,1722.19
20230904,000300,沪深300指数,沪深300,CSI 300 Index,CSI 300,3812.99,3854.26,3804.59,3848.95,57.46,1.52,14238520100.0,2379.35,300.0,11.67,2023-09-04,11.67,2379.35
20230905,000300,沪深300指数,沪深300,CSI 300 Index,CSI 300,3839.58,3839.58,3814.33,3820.32,-28.63,-0.74,10405233300.0,1813.78,300.0,11.58,2023-09-05,11.58,1813.78
20230906,000300,沪深300指数,沪深300,CSI 300 Index,CSI 300,3808.1,3817.52,3790.89,3812.03,-8.29,-0.22,9344239300.0,1660.82,300.0,11.57,2023-09-06,11.57,1660.82
20230907,000300,沪深300指数,沪深300,CSI 300 Index,CSI 300,3802.23,3802.23,3756.85,3758.47,-53.55,-1.4,9510390300.0,1644.06,300.0,11.44,2023-09-07,11.44,1644.06
20230908,000300,沪深300指数,沪深300,CSI 300 Index,CSI 300,3747.65,3753.26,3724.99,3739.99,-18.48,-0.49,7163816600.0,1291.98,300.0,11.38,2023-09-08,11.38,1291.98
20230911,000300,沪深300指数,沪深300,CSI 300 Index,CSI 300,3740.58,3788.32,3734.72,3767.54,27.54,0.74,10535801600.0,1868.72,300.0,11.45,2023-09-11,11.45,1868.72
20230912,000300,沪深300指数,沪深300,CSI 300 Index,CSI 300,3764.33,3775.09,3755.42,3760.6,-6.93,-0.18,7938537800.0,1401.18,300.0,11.43,2023-09-12,11.43,1401.18
20230913,000300,沪深300指数,沪深300,CSI 300 Index,CSI 300,3759.61,3768.82,3719.11,3736.65,-23.95,-0.64,8157690100.0,1382.38,300.0,11.38,2023-09-13,11.38,1382.38
20230914,000300,沪深300指数,沪深300,CSI 300 Index,CSI 300,3736.94,3748.82,3717.31,3733.51,-3.14,-0.08,10038607500.0,1515.78,300.0,11.4,2023-09-14,11.4,1515.78
20230915,000300,沪深300指数,沪深300,CSI 300 Index,CSI 300,3740.79,3749.02,3699.38,3708.78,-24.73,-0.66,10939568900.0,1803.99,300.0,11.31,2023-09-15,11.31,1803.99
20230918,000300,沪深300指数,沪深300,CSI 300 Index,CSI 300,3698.93,3737.53,3691.11,3727.71,18.93,0.51,8672774100.0,1569.67,300.0,11.36,2023-09-18,11.36,1569.67
20230919,000300,沪深300指数,沪深300,CSI 300 Index,CSI 300,3723.42,3724.07,3702.69,3720.5,-7.21,-0.19,8319903800.0,1352.17,300.0,11.37,2023-09-19,11.37,1352.17
20230920,000300,沪深300指数,沪深300,CSI 300 Index,CSI 300,3715.96,3718.52,3705.13,3705.69,-14.81,-0.4,7544820900.0,1176.92,300.0,11.33,2023-09-20,11.33,1176.92
20230921,000300,沪深300指数,沪深300,CSI 300 Index,CSI 300,3698.31,3708.46,3672.44,3672.44,-33.25,-0.9,8303100500.0,1350.12,300.0,11.23,2023-09-21,11.23,1350.12
20230922,000300,沪深300指数,沪深300,CSI 300 Index,CSI 300,3672.64,3740.42,3664.77,3738.93,66.49,1.81,11023116600.0,1922.36,300.0,11.42,2023-09-22,11.42,1922.36
20230925,000300,沪深300指数,沪深300,CSI 300 Index,CSI 300,3738.06,3738.06,3711.2,3714.6,-24.33,-0.65,9259647900.0,1557.94,300.0,11.35,2023-09-25,11.35,1557.94
20230926,000300,沪深300指数,沪深300,CSI 300 Index,CSI 300,3711.71,3723.85,3692.62,3692.89,-21.71,-0.58,7804452500.0,1378.08,300.0,11.29,2023-09-26,11.29,1378.08
20230927,000300,沪深300指数,沪深300,CSI 300 Index,CSI 300,3694.96,3731.14,3694.39,3700.5,7.6,0.21,9162921000.0,1647.9,300.0,11.29,2023-09-27,11.29,1647.9
20230928,000300,沪深300指数,沪深300,CSI 300 Index,CSI 300,3711.21,3716.06,3685.3,3689.52,-10.98,-0.3,8522171900.0,1535.0,300.0,11.27,2023-09-28,11.27,1535.0
20231009,000300,沪深300指数,沪深300,CSI 300 Index,CSI 300,3678.93,3694.17,3642.0,3684.73,-4.79,-0.13,10214805800.0,1780.72,300.0,11.25,2023-10-09,11.25,1780.72
20231010,000300,沪深300指数,沪深300,CSI 300 Index,CSI 300,3696.25,3701.26,3655.59,3657.13,-27.6,-0.75,9916373000.0,1619.39,300.0,11.16,2023-10-10,11.16,1619.39
20231011,000300,沪深300指数,沪深300,CSI 300 Index,CSI 300,3674.75,3689.53,3658.36,3667.55,10.42,0.28,10209158700.0,1876.68,300.0,11.18,2023-10-11,11.18,1876.68
20231012,000300,沪深300指数,沪深300,CSI 300 Index,CSI 300,3697.93,3711.5,3682.84,3702.38,34.83,0.95,11436322500.0,1945.98,300.0,11.3,2023-10-12,11.3,1945.98
20231013,000300,沪深300指数,沪深300,CSI 300 Index,CSI 300,3677.96,3678.19,3652.31,3663.41,-38.97,-1.05,9828798700.0,1701.52,300.0,11.21,2023-10-13,11.21,1701.52
20231016,000300,沪深300指数,沪深300,CSI 300 Index,CSI 300,3664.04,3664.04,3615.77,3626.6,-36.81,-1.0,9185311800.0,1595.38,300.0,11.13,2023-10-16,11.13,1595.38
20231017,000300,沪深300指数,沪深300,CSI 300 Index,CSI 300,3635.3,3645.57,3619.13,3639.4,12.8,0.35,9074518800.0,1470.56,300.0,11.18,2023-10-17,11.18,1470.56
20231018,000300,沪深300指数,沪深300,CSI 300 Index,CSI 300,3631.07,3632.06,3608.98,3610.58,-28.83,-0.79,9454587900.0,1589.82,300.0,11.1,2023-10-18,11.1,1589.82
20231019,000300,沪深300指数,沪深300,CSI 300 Index,CSI 300,3588.52,3588.52,3532.31,3533.54,-77.03,-2.13,11173752000.0,1891.95,300.0,10.86,2023-10-19,10.86,1891.95
20231020,000300,沪深300指数,沪深300,CSI 300 Index,CSI 300,3518.35,3535.66,3501.73,3510.59,-22.96,-0.65,9851860500.0,1695.91,300.0,10.78,2023-10-20,10.78,1695.91
20231023,000300,沪深300指数,沪深300,CSI 300 Index,CSI 300,3500.2,3505.35,3450.65,3474.24,-36.35,-1.04,9656165200.0,1520.55,300.0,10.68,2023-10-23,10.68,1520.55
20231024,000300,沪深300指数,沪深300,CSI 300 Index,CSI 300,3481.76,3495.0,3453.1,3487.13,12.89,0.37,11554728900.0,1865.29,300.0,10.7,2023-10-24,10.7,1865.29
20231025,000300,沪深300指数,沪深300,CSI 300 Index,CSI 300,3524.3,3531.83,3500.92,3504.46,17.33,0.5,12800961700.0,2036.92,300.0,10.72,2023-10-25,10.72,2036.92
20231026,000300,沪深300指数,沪深300,CSI 300 Index,CSI 300,3484.78,3515.57,3478.05,3514.14,9.69,0.28,10514356600.0,1760.88,300.0,10.76,2023-10-26,10.76,1760.88
20231027,000300,沪深300指数,沪深300,CSI 300 Index,CSI 300,3501.17,3576.59,3494.55,3562.39,48.24,1.37,12022510800.0,2243.02,300.0,10.88,2023-10-27,10.88,2243.02
20231030,000300,沪深300指数,沪深300,CSI 300 Index,CSI 300,3554.11,3592.72,3554.02,3583.77,21.39,0.6,14401042600.0,2429.73,300.0,10.88,2023-10-30,10.88,2429.73
20231031,000300,沪深300指数,沪深300,CSI 300 Index,CSI 300,3581.68,3581.68,3554.58,3572.51,-11.27,-0.31,11258726700.0,1963.18,300.0,10.87,2023-10-31,10.87,1963.18
20231101,000300,沪深300指数,沪深300,CSI 300 Index,CSI 300,3605.76,3606.41,3564.64,3571.03,-1.48,-0.04,9764553800.0,1829.44,300.0,10.88,2023-11-01,10.88,1829.44
20231102,000300,沪深300指数,沪深300,CSI 300 Index,CSI 300,3580.07,3597.17,3553.74,3554.19,-16.84,-0.47,9035964300.0,1494.65,300.0,10.85,2023-11-02,10.85,1494.65
20231103,000300,沪深300指数,沪深300,CSI 300 Index,CSI 300,3558.53,3596.1,3558.53,3584.14,29.95,0.84,9754210100.0,1658.66,300.0,10.92,2023-11-03,10.92,1658.66
20231106,000300,沪深300指数,沪深300,CSI 300 Index,CSI 300,3608.32,3635.79,3600.63,3632.61,48.47,1.35,15298246300.0,2544.66,300.0,11.01,2023-11-06,11.01,2544.66
20231107,000300,沪深300指数,沪深300,CSI 300 Index,CSI 300,3623.78,3628.46,3606.3,3619.76,-12.85,-0.35,11028859100.0,1904.34,300.0,10.98,2023-11-07,10.98,1904.34
20231108,000300,沪深300指数,沪深300,CSI 300 Index,CSI 300,3610.64,3627.05,3591.82,3611.07,-8.69,-0.24,11059423000.0,1925.94,300.0,10.95,2023-11-08,10.95,1925.94
20231109,000300,沪深300指数,沪深300,CSI 300 Index,CSI 300,3603.11,3624.41,3601.37,3612.83,1.75,0.05,11187205700.0,1893.55,300.0,10.98,2023-11-09,10.98,1893.55
20231110,000300,沪深300指数,沪深300,CSI 300 Index,CSI 300,3596.07,3599.45,3576.1,3586.49,-26.34,-0.73,10210703400.0,1669.25,300.0,10.91,2023-11-10,10.91,1669.25
20231113,000300,沪深300指数,沪深300,CSI 300 Index,CSI 300,3593.91,3599.39,3562.77,3579.41,-7.08,-0.2,9670764900.0,1648.21,300.0,10.9,2023-11-13,10.9,1648.21
20231114,000300,沪深300指数,沪深300,CSI 300 Index,CSI 300,3581.1,3600.15,3568.88,3582.06,2.64,0.07,10088415800.0,1659.35,300.0,10.91,2023-11-14,10.91,1659.35
20231115,000300,沪深300指数,沪深300,CSI 300 Index,CSI 300,3616.88,3620.6,3596.92,3607.25,25.19,0.7,10492921800.0,1889.32,300.0,10.98,2023-11-15,10.98,1889.32
20231116,000300,沪深300指数,沪深300,CSI 300 Index,CSI 300,3600.98,3605.29,3572.36,3572.36,-34.88,-0.97,8746478000.0,1466.29,300.0,10.89,2023-11-16,10.89,1466.29
20231117,000300,沪深300指数,沪深300,CSI 300 Index,CSI 300,3561.31,3573.68,3547.03,3568.07,-4.3,-0.12,8731920700.0,1396.22,300.0,10.87,2023-11-17,10.87,1396.22
20231120,000300,沪深300指数,沪深300,CSI 300 Index,CSI 300,3569.73,3586.97,3545.1,3576.32,8.25,0.23,9108044500.0,1574.5,300.0,10.89,2023-11-20,10.89,1574.5
20231121,000300,沪深300指数,沪深300,CSI 300 Index,CSI 300,3587.88,3615.06,3575.68,3581.07,4.74,0.13,10859431400.0,1759.22,300.0,10.91,2023-11-21,10.91,1759.22
20231122,000300,沪深300指数,沪深300,CSI 300 Index,CSI 300,3569.44,3574.38,3544.42,3544.42,-36.65,-1.02,8478438100.0,1360.41,300.0,10.82,2023-11-22,10.82,1360.41
20231123,000300,沪深300指数,沪深300,CSI 300 Index,CSI 300,3541.44,3562.07,3529.94,3561.52,17.1,0.48,8480016700.0,1415.0,300.0,10.87,2023-11-23,10.87,1415.0
20231124,000300,沪深300指数,沪深300,CSI 300 Index,CSI 300,3560.65,3560.65,3534.0,3538.01,-23.51,-0.66,8501840300.0,1401.02,300.0,10.81,2023-11-24,10.81,1401.02
20231127,000300,沪深300指数,沪深300,CSI 300 Index,CSI 300,3534.44,3534.44,3492.86,3511.94,-26.07,-0.74,9910231400.0,1559.75,300.0,10.73,2023-11-27,10.73,1559.75
20231128,000300,沪深300指数,沪深300,CSI 300 Index,CSI 300,3510.66,3521.05,3501.11,3518.52,6.58,0.19,8933578900.0,1477.41,300.0,10.74,2023-11-28,10.74,1477.41
20231129,000300,沪深300指数,沪深300,CSI 300 Index,CSI 300,3518.88,3519.2,3482.24,3488.31,-30.22,-0.86,9884141200.0,1559.48,300.0,10.66,2023-11-29,10.66,1559.48
20231130,000300,沪深300指数,沪深300,CSI 300 Index,CSI 300,3485.52,3505.13,3481.45,3496.2,7.9,0.23,10135082000.0,1537.9,300.0,10.7,2023-11-30,10.7,1537.9
20231201,000300,沪深300指数,沪深300,CSI 300 Index,CSI 300,3494.22,3494.22,3452.17,3482.88,-13.32,-0.38,10853094100.0,1760.78,300.0,10.67,2023-12-01,10.67,1760.78
20231204,000300,沪深300指数,沪深300,CSI 300 Index,CSI 300,3481.04,3488.13,3459.61,3460.14,-22.74,-0.65,9715682600.0,1646.64,300.0,10.61,2023-12-04,10.61,1646.64
20231205,000300,沪深300指数,沪深300,CSI 300 Index,CSI 300,3450.09,3450.09,3393.81,3394.26,-65.88,-1.9,10047200700.0,1648.41,300.0,10.42,2023-12-05,10.42,1648.41
20231206,000300,沪深300指数,沪深300,CSI 300 Index,CSI 300,3387.88,3420.28,3382.95,3399.6,5.34,0.16,10580551900.0,1721.43,300.0,10.4,2023-12-06,10.4,1721.43
20231207,000300,沪深300指数,沪深300,CSI 300 Index,CSI 300,3394.31,3404.41,3369.77,3391.28,-8.32,-0.24,9771324800.0,1609.5,300.0,10.39,2023-12-07,10.39,1609.5
20231208,000300,沪深300指数,沪深300,CSI 300 Index,CSI 300,3391.86,3409.38,3383.45,3399.46,8.18,0.24,12952205400.0,2030.34,300.0,10.42,2023-12-08,10.42,2030.34
20231211,000300,沪深300指数,沪深300,CSI 300 Index,CSI 300,3378.05,3426.61,3346.89,3419.45,19.99,0.59,13962624900.0,2197.61,300.0,10.61,2023-12-11,10.61,2197.61
20231212,000300,沪深300指数,沪深300,CSI 300 Index,CSI 300,3410.0,3427.55,3406.1,3426.8,7.35,0.21,10559001300.0,1669.8,300.0,10.65,2023-12-12,10.65,1669.8
20231213,000300,沪深300指数,沪深300,CSI 300 Index,CSI 300,3418.64,3418.64,3369.61,3369.61,-57.2,-1.67,9528536700.0,1654.56,300.0,10.49,2023-12-13,10.49,1654.56
20231214,000300,沪深300指数,沪深300,CSI 300 Index,CSI 300,3387.38,3399.14,3350.76,3351.96,-17.64,-0.52,8365513500.0,1502.46,300.0,10.43,2023-12-14,10.43,1502.46
20231215,000300,沪深300指数,沪深300,CSI 300 Index,CSI 300,3365.94,3388.5,3339.52,3341.55,-10.41,-0.31,9778778300.0,1649.07,300.0,10.39,2023-12-15,10.39,1649.07
20231218,000300,沪深300指数,沪深300,CSI 300 Index,CSI 300,3329.19,3352.35,3314.91,3329.37,-12.19,-0.36,9052682600.0,1423.03,300.0,10.38,2023-12-18,10.38,1423.03
20231219,000300,沪深300指数,沪深300,CSI 300 Index,CSI 300,3325.66,3345.78,3313.19,3334.04,4.68,0.14,8380811800.0,1352.94,300.0,10.39,2023-12-19,10.39,1352.94
20231220,000300,沪深300指数,沪深300,CSI 300 Index,CSI 300,3334.33,3338.54,3297.37,3297.5,-36.54,-1.1,9241286800.0,1412.91,300.0,10.29,2023-12-20,10.29,1412.91
20231221,000300,沪深300指数,沪深300,CSI 300 Index,CSI 300,3285.6,3339.36,3283.99,3330.87,33.37,1.01,10254619800.0,1711.21,300.0,10.38,2023-12-21,10.38,1711.21
20231222,000300,沪深300指数,沪深300,CSI 300 Index,CSI 300,3329.47,3359.06,3315.9,3337.23,6.36,0.19,10522013300.0,1673.36,300.0,10.4,2023-12-22,10.4,1673.36
20231225,000300,沪深300指数,沪深300,CSI 300 Index,CSI 300,3330.33,3348.88,3330.33,3347.45,10.22,0.31,7454269300.0,1218.38,300.0,10.44,2023-12-25,10.44,1218.38
20231226,000300,沪深300指数,沪深300,CSI 300 Index,CSI 300,3345.4,3345.42,3315.94,3324.79,-22.66,-0.68,7473293500.0,1216.9,300.0,10.39,2023-12-26,10.39,1216.9
20231227,000300,沪深300指数,沪深300,CSI 300 Index,CSI 300,3326.93,3341.27,3309.67,3336.36,11.57,0.35,9440392800.0,1409.25,300.0,10.43,2023-12-27,10.43,1409.25
20231228,000300,沪深300指数,沪深300,CSI 300 Index,CSI 300,3335.56,3423.4,3331.21,3414.54,78.18,2.34,14806485100.0,2458.56,300.0,10.63,2023-12-28,10.63,2458.56
20231229,000300,沪深300指数,沪深300,CSI 300 Index,CSI 300,3411.11,3432.54,3409.58,3431.11,16.57,0.49,11492893200.0,1935.73,300.0,10.67,2023-12-29,10.67,1935.73
20240102,000300,沪深300指数,沪深300,CSI 300 Index,CSI 300,3426.27,3426.27,3386.35,3386.35,-44.76,-1.3,11618072600.0,1840.96,300.0,10.57,2024-01-02,10.57,1840.96
20240103,000300,沪深300指数,沪深300,CSI 300 Index,CSI 300,3379.75,3392.85,3362.66,3378.3,-8.06,-0.24,10561385100.0,1650.99,300.0,10.57,2024-01-03,10.57,1650.99
20240104,000300,沪深300指数,沪深300,CSI 300 Index,CSI 300,3375.02,3375.02,3323.86,3347.05,-31.25,-0.92,10672101300.0,1655.12,300.0,10.5,2024-01-04,10.5,1655.12
20240105,000300,沪深300指数,沪深300,CSI 300 Index,CSI 300,3341.31,3372.54,3313.55,3329.11,-17.94,-0.54,12640057400.0,1822.52,300.0,10.45,2024-01-05,10.45,1822.52
20240108,000300,沪深300指数,沪深300,CSI 300 Index,CSI 300,3322.61,3333.52,3283.34,3286.06,-43.06,-1.29,11742948500.0,1707.62,300.0,10.33,2024-01-08,10.33,1707.62
20240109,000300,沪深300指数,沪深300,CSI 300 Index,CSI 300,3286.71,3304.6,3273.84,3292.5,6.44,0.2,10933046500.0,1722.76,300.0,10.34,2024-01-09,10.34,1722.76
20240110,000300,沪深300指数,沪深300,CSI 300 Index,CSI 300,3281.67,3312.92,3268.25,3277.13,-15.37,-0.47,9419936600.0,1597.78,300.0,10.29,2024-01-10,10.29,1597.78
20240111,000300,沪深300指数,沪深300,CSI 300 Index,CSI 300,3275.31,3311.11,3266.79,3295.67,18.54,0.57,10878973500.0,1809.79,300.0,10.31,2024-01-11,10.31,1809.79
20240112,000300,沪深300指数,沪深300,CSI 300 Index,CSI 300,3284.36,3310.47,3279.7,3284.17,-11.51,-0.35,9685355500.0,1565.36,300.0,10.29,2024-01-12,10.29,1565.36
20240115,000300,沪深300指数,沪深300,CSI 300 Index,CSI 300,3270.1,3306.92,3261.27,3280.92,-3.25,-0.1,8885153000.0,1443.32,300.0,10.29,2024-01-15,10.29,1443.32
20240116,000300,沪深300指数,沪深300,CSI 300 Index,CSI 300,3272.57,3300.88,3260.44,3300.88,19.96,0.61,11327666500.0,1756.51,300.0,10.35,2024-01-16,10.35,1756.51
20240117,000300,沪深300指数,沪深300,CSI 300 Index,CSI 300,3291.14,3291.14,3229.08,3229.08,-71.79,-2.18,10876972800.0,1735.16,300.0,10.15,2024-01-17,10.15,1735.16
20240118,000300,沪深300指数,沪深300,CSI 300 Index,CSI 300,3214.28,3279.25,3171.63,3274.73,45.65,1.41,17490916800.0,2567.85,300.0,10.26,2024-01-18,10.26,2567.85
20240119,000300,沪深300指数,沪深300,CSI 300 Index,CSI 300,3261.24,3286.94,3251.81,3269.78,-4.95,-0.15,11850140800.0,1912.62,300.0,10.24,2024-01-19,10.24,1912.62
20240122,000300,沪深300指数,沪深300,CSI 300 Index,CSI 300,3262.47,3281.42,3193.18,3218.9,-50.87,-1.56,14870562800.0,2255.1,300.0,10.1,2024-01-22,10.1,2255.1
20240123,000300,沪深300指数,沪深300,CSI 300 Index,CSI 300,3208.43,3249.53,3188.13,3231.93,13.03,0.4,12201200000.0,1937.91,300.0,10.14,2024-01-23,10.14,1937.91
20240124,000300,沪深300指数,沪深300,CSI 300 Index,CSI 300,3245.96,3281.49,3190.47,3277.11,45.18,1.4,15437195400.0,2190.36,300.0,10.31,2024-01-24,10.31,2190.36
20240125,000300,沪深300指数,沪深300,CSI 300 Index,CSI 300,3274.34,3344.24,3269.79,3342.92,65.81,2.01,19683361400.0,2655.21,300.0,10.56,2024-01-25,10.56,2655.21
20240126,000300,沪深300指数,沪深300,CSI 300 Index,CSI 300,3326.65,3351.97,3315.13,3333.82,-9.1,-0.27,18066400500.0,2381.45,300.0,10.57,2024-01-26,10.57,2381.45
20240129,000300,沪深300指数,沪深300,CSI 300 Index,CSI 300,3335.39,3351.37,3303.96,3303.96,-29.86,-0.9,18416479500.0,2446.98,300.0,10.51,2024-01-29,10.51,2446.98
20240130,000300,沪深300指数,沪深300,CSI 300 Index,CSI 300,3283.9,3300.2,3244.97,3245.04,-58.92,-1.78,14364935000.0,1995.93,300.0,10.35,2024-01-30,10.35,1995.93
20240131,000300,沪深300指数,沪深300,CSI 300 Index,CSI 300,3231.54,3252.15,3201.93,3215.35,-29.69,-0.91,15314346900.0,2153.33,300.0,10.29,2024-01-31,10.29,2153.33
20240201,000300,沪深300指数,沪深300,CSI 300 Index,CSI 300,3202.26,3251.76,3191.9,3217.71,2.36,0.07,14551679200.0,2038.15,300.0,10.27,2024-02-01,10.27,2038.15
20240202,000300,沪深300指数,沪深300,CSI 300 Index,CSI 300,3219.87,3235.41,3108.35,3179.63,-38.08,-1.18,17375808900.0,2344.95,300.0,10.18,2024-02-02,10.18,2344.95
20240205,000300,沪深300指数,沪深300,CSI 300 Index,CSI 300,3164.25,3233.85,3111.52,3200.42,20.79,0.65,20304297000.0,2797.13,300.0,10.29,2024-02-05,10.29,2797.13
20240206,000300,沪深300指数,沪深300,CSI 300 Index,CSI 300,3185.25,3314.51,3182.82,3311.69,111.27,3.48,20271309900.0,2850.42,300.0,10.59,2024-02-06,10.59,2850.42
20240207,000300,沪深300指数,沪深300,CSI 300 Index,CSI 300,3314.03,3343.63,3289.67,3343.63,31.94,0.96,21664793300.0,2979.98,300.0,10.66,2024-02-07,10.66,2979.98
20240208,000300,沪深300指数,沪深300,CSI 300 Index,CSI 300,3351.41,3367.21,3336.98,3364.93,21.3,0.64,18997757800.0,2702.4,300.0,10.7,2024-02-08,10.7,2702.4
20240219,000300,沪深300指数,沪深300,CSI 300 Index,CSI 300,3393.19,3403.81,3364.14,3403.81,38.88,1.16,18331980000.0,2676.74,300.0,10.87,2024-02-19,10.87,2676.74
20240220,000300,沪深300指数,沪深300,CSI 300 Index,CSI 300,3395.19,3415.89,3380.1,3410.85,7.05,0.21,14073458100.0,2184.59,300.0,10.9,2024-02-20,10.9,2184.59
20240221,000300,沪深300指数,沪深300,CSI 300 Index,CSI 300,3390.36,3500.13,3383.69,3456.87,46.02,1.35,18887936200.0,2918.24,300.0,11.03,2024-02-21,11.03,2918.24
20240222,000300,沪深300指数,沪深300,CSI 300 Index,CSI 300,3450.35,3486.68,3448.41,3486.67,29.8,0.86,14102078400.0,2250.98,300.0,11.15,2024-02-22,11.15,2250.98
20240223,000300,沪深300指数,沪深300,CSI 300 Index,CSI 300,3491.34,3507.56,3472.97,3489.74,3.07,0.09,14482127300.0,2329.26,300.0,11.16,2024-02-23,11.16,2329.26
20240226,000300,沪深300指数,沪深300,CSI 300 Index,CSI 300,3485.54,3492.61,3445.39,3453.36,-36.38,-1.04,15124833100.0,2389.52,300.0,11.0,2024-02-26,11.0,2389.52
20240227,000300,沪深300指数,沪深300,CSI 300 Index,CSI 300,3440.05,3494.79,3437.44,3494.79,41.43,1.2,13952824600.0,2444.89,300.0,11.11,2024-02-27,11.11,2444.89
20240228,000300,沪深300指数,沪深300,CSI 300 Index,CSI 300,3499.83,3521.66,3450.26,3450.26,-44.53,-1.27,18983754800.0,3283.01,300.0,10.99,2024-02-28,10.99,3283.01
20240229,000300,沪深300指数,沪深300,CSI 300 Index,CSI 300,3437.9,3516.08,3437.9,3516.08,65.82,1.91,15594453200.0,2819.72,300.0,11.17,2024-02-29,11.17,2819.72
20240301,000300,沪深300指数,沪深300,CSI 300 Index,CSI 300,3515.06,3544.36,3503.46,3537.8,21.72,0.62,16270957000.0,2885.76,300.0,11.22,2024-03-01,11.22,2885.76
20240304,000300,沪深300指数,沪深300,CSI 300 Index,CSI 300,3538.37,3548.69,3519.76,3540.87,3.06,0.09,16324461300.0,2977.2,300.0,11.25,2024-03-04,11.25,2977.2
20240305,000300,沪深300指数,沪深300,CSI 300 Index,CSI 300,3524.96,3570.69,3519.08,3565.51,24.65,0.7,16642238900.0,2998.96,300.0,11.34,2024-03-05,11.34,2998.96
20240306,000300,沪深300指数,沪深300,CSI 300 Index,CSI 300,3556.53,3577.39,3545.1,3551.05,-14.47,-0.41,14307661300.0,2482.94,300.0,11.28,2024-03-06,11.28,2482.94
20240307,000300,沪深300指数,沪深300,CSI 300 Index,CSI 300,3548.1,3569.92,3522.9,3529.72,-21.33,-0.6,14811051000.0,2518.4,300.0,11.24,2024-03-07,11.24,2518.4
20240308,000300,沪深300指数,沪深300,CSI 300 Index,CSI 300,3529.55,3548.51,3511.58,3544.91,15.19,0.43,12579266400.0,2253.79,300.0,11.28,2024-03-08,11.28,2253.79
20240311,000300,沪深300指数,沪深300,CSI 300 Index,CSI 300,3545.94,3589.26,3542.28,3589.26,44.35,1.25,14820282500.0,2864.19,300.0,11.38,2024-03-11,11.38,2864.19
20240312,000300,沪深300指数,沪深300,CSI 300 Index,CSI 300,3592.58,3605.7,3574.21,3597.49,8.23,0.23,18068556000.0,3399.97,300.0,11.35,2024-03-12,11.35,3399.97
20240313,000300,沪深300指数,沪深300,CSI 300 Index,CSI 300,3594.42,3594.42,3563.37,3572.36,-25.13,-0.7,14459059000.0,2668.99,300.0,11.27,2024-03-13,11.27,2668.99
20240314,000300,沪深300指数,沪深300,CSI 300 Index,CSI 300,3571.79,3597.46,3545.61,3562.22,-10.14,-0.28,14096272200.0,2638.04,300.0,11.25,2024-03-14,11.25,2638.04
20240315,000300,沪深300指数,沪深300,CSI 300 Index,CSI 300,3554.91,3572.81,3533.68,3569.99,7.77,0.22,13831604400.0,2439.92,300.0,11.27,2024-03-15,11.27,2439.92
20240318,000300,沪深300指数,沪深300,CSI 300 Index,CSI 300,3577.06,3604.05,3573.4,3603.53,33.54,0.94,16037943800.0,2953.15,300.0,11.36,2024-03-18,11.36,2953.15
20240319,000300,沪深300指数,沪深300,CSI 300 Index,CSI 300,3593.34,3610.74,3577.19,3577.63,-25.9,-0.72,14557178600.0,2595.53,300.0,11.29,2024-03-19,11.29,2595.53
20240320,000300,沪深300指数,沪深300,CSI 300 Index,CSI 300,3568.72,3589.55,3568.43,3585.38,7.75,0.22,12952896600.0,2237.52,300.0,11.34,2024-03-20,11.34,2237.52
20240321,000300,沪深300指数,沪深300,CSI 300 Index,CSI 300,3593.07,3601.11,3575.03,3581.09,-4.29,-0.12,13074337700.0,2331.62,300.0,11.33,2024-03-21,11.33,2331.62
20240322,000300,沪深300指数,沪深300,CSI 300 Index,CSI 300,3571.27,3575.72,3522.84,3545.0,-36.09,-1.01,13922735800.0,2488.51,300.0,11.23,2024-03-22,11.23,2488.51
20240325,000300,沪深300指数,沪深300,CSI 300 Index,CSI 300,3536.71,3564.96,3525.76,3525.76,-19.24,-0.54,13701572400.0,2337.47,300.0,11.2,2024-03-25,11.2,2337.47
20240326,000300,沪深300指数,沪深300,CSI 300 Index,CSI 300,3526.68,3547.65,3518.6,3543.75,17.98,0.51,12620953500.0,2267.31,300.0,11.25,2024-03-26,11.25,2267.31
20240327,000300,沪深300指数,沪深300,CSI 300 Index,CSI 300,3538.72,3542.96,3502.79,3502.79,-40.96,-1.16,12862676300.0,2164.05,300.0,11.15,2024-03-27,11.15,2164.05
20240328,000300,沪深300指数,沪深300,CSI 300 Index,CSI 300,3498.48,3551.21,3489.39,3520.96,18.18,0.52,14333471700.0,2325.31,300.0,11.18,2024-03-28,11.18,2325.31
20240329,000300,沪深300指数,沪深300,CSI 300 Index,CSI 300,3516.88,3538.24,3516.88,3537.48,16.52,0.47,12864329000.0,2017.49,300.0,11.26,2024-03-29,11.26,2017.49
20240401,000300,沪深300指数,沪深300,CSI 300 Index,CSI 300,3551.58,3600.92,3551.58,3595.65,58.16,1.64,16277656100.0,2516.37,300.0,11.4,2024-04-01,11.4,2516.37
20240402,000300,沪深300指数,沪深300,CSI 300 Index,CSI 300,3593.22,3596.19,3568.75,3580.68,-14.97,-0.42,14127297200.0,2202.08,300.0,11.38,2024-04-02,11.38,2202.08
20240403,000300,沪深300指数,沪深300,CSI 300 Index,CSI 300,3578.68,3582.43,3558.87,3567.8,-12.87,-0.36,13559233100.0,2142.23,300.0,11.36,2024-04-03,11.36,2142.23
20240408,000300,沪深300指数,沪深300,CSI 300 Index,CSI 300,3553.56,3567.82,3535.77,3536.41,-31.4,-0.88,15530428300.0,2432.49,300.0,11.29,2024-04-08,11.29,2432.49
20240409,000300,沪深300指数,沪深300,CSI 300 Index,CSI 300,3533.38,3543.71,3518.86,3533.49,-2.92,-0.08,12967094200.0,1958.94,300.0,11.26,2024-04-09,11.26,1958.94
20240410,000300,沪深300指数,沪深300,CSI 300 Index,CSI 300,3528.97,3531.23,3490.05,3504.71,-28.78,-0.81,12879027400.0,1997.55,300.0,11.2,2024-04-10,11.2,1997.55
20240411,000300,沪深300指数,沪深300,CSI 300 Index,CSI 300,3485.03,3520.59,3484.93,3504.24,-0.46,-0.01,12653439500.0,2002.93,300.0,11.19,2024-04-11,11.19,2002.93
20240412,000300,沪深300指数,沪深300,CSI 300 Index,CSI 300,3505.75,3516.7,3470.06,3475.84,-28.41,-0.81,12892111600.0,2085.66,300.0,11.12,2024-04-12,11.12,2085.66
20240415,000300,沪深300指数,沪深300,CSI 300 Index,CSI 300,3473.5,3552.41,3473.5,3549.08,73.24,2.11,18394125000.0,2674.72,300.0,11.38,2024-04-15,11.38,2674.72
20240416,000300,沪深300指数,沪深300,CSI 300 Index,CSI 300,3533.36,3545.5,3503.62,3511.11,-37.96,-1.07,17615306500.0,2533.16,300.0,11.31,2024-04-16,11.31,2533.16
20240417,000300,沪深300指数,沪深300,CSI 300 Index,CSI 300,3509.13,3565.94,3498.03,3565.4,54.29,1.55,16846639800.0,2449.88,300.0,11.45,2024-04-17,11.45,2449.88
20240418,000300,沪深300指数,沪深300,CSI 300 Index,CSI 300,3550.56,3602.79,3547.6,3569.8,4.4,0.12,17857410500.0,2613.3,300.0,11.46,2024-04-18,11.46,2613.3
20240419,000300,沪深300指数,沪深300,CSI 300 Index,CSI 300,3550.61,3560.95,3529.32,3541.66,-28.14,-0.79,14728150500.0,2262.3,300.0,11.4,2024-04-19,11.4,2262.3
20240422,000300,沪深300指数,沪深300,CSI 300 Index,CSI 300,3536.18,3558.16,3528.02,3530.9,-10.76,-0.3,15057904200.0,2295.11,300.0,11.34,2024-04-22,11.34,2295.11
20240423,000300,沪深300指数,沪深300,CSI 300 Index,CSI 300,3525.67,3533.76,3499.98,3506.22,-24.68,-0.7,14311350400.0,2132.57,300.0,11.26,2024-04-23,11.26,2132.57
20240424,000300,沪深300指数,沪深300,CSI 300 Index,CSI 300,3514.01,3524.54,3495.65,3521.62,15.4,0.44,12173985100.0,1953.0,300.0,11.3,2024-04-24,11.3,1953.0
20240425,000300,沪深300指数,沪深300,CSI 300 Index,CSI 300,3510.64,3543.97,3505.2,3530.28,8.66,0.25,11518772200.0,1845.25,300.0,11.34,2024-04-25,11.34,1845.25
20240426,000300,沪深300指数,沪深300,CSI 300 Index,CSI 300,3531.96,3588.4,3531.96,3584.27,53.99,1.53,19721613300.0,3080.45,300.0,11.47,2024-04-26,11.47,3080.45
20240429,000300,沪深300指数,沪深300,CSI 300 Index,CSI 300,3584.54,3645.82,3578.76,3623.91,39.64,1.11,22272138100.0,3587.1,300.0,11.54,2024-04-29,11.54,3587.1
20240430,000300,沪深300指数,沪深300,CSI 300 Index,CSI 300,3619.26,3630.71,3604.39,3604.39,-19.52,-0.54,19129689900.0,2866.74,300.0,11.5,2024-04-30,11.5,2866.74
20240506,000300,沪深300指数,沪深300,CSI 300 Index,CSI 300,3654.05,3668.26,3645.74,3657.88,53.48,1.48,20801800700.0,3332.7,300.0,12.59,2024-05-06,12.59,3332.7
20240507,000300,沪深300指数,沪深300,CSI 300 Index,CSI 300,3657.0,3665.68,3648.38,3659.01,1.13,0.03,16483428600.0,2473.68,300.0,12.61,2024-05-07,12.61,2473.68
20240508,000300,沪深300指数,沪深300,CSI 300 Index,CSI 300,3650.75,3650.94,3628.7,3630.22,-28.78,-0.79,13003533600.0,1999.23,300.0,12.53,2024-05-08,12.53,1999.23
20240509,000300,沪深300指数,沪深300,CSI 300 Index,CSI 300,3630.41,3669.76,3630.41,3664.56,34.34,0.95,14655901700.0,2326.95,300.0,12.61,2024-05-09,12.61,2326.95
20240510,000300,沪深300指数,沪深300,CSI 300 Index,CSI 300,3669.09,3674.61,3641.76,3666.28,1.72,0.05,15072053600.0,2337.31,300.0,12.62,2024-05-10,12.62,2337.31
20240513,000300,沪深300指数,沪深300,CSI 300 Index,CSI 300,3646.35,3673.62,3634.6,3664.69,-1.59,-0.04,15726745500.0,2496.88,300.0,12.61,2024-05-13,12.61,2496.88
20240514,000300,沪深300指数,沪深300,CSI 300 Index,CSI 300,3668.23,3675.78,3646.71,3657.05,-7.65,-0.21,13340649000.0,2146.44,300.0,12.58,2024-05-14,12.58,2146.44
20240515,000300,沪深300指数,沪深300,CSI 300 Index,CSI 300,3651.05,3656.53,3624.0,3626.06,-30.99,-0.85,12352276400.0,1914.81,300.0,12.49,2024-05-15,12.49,1914.81
20240516,000300,沪深300指数,沪深300,CSI 300 Index,CSI 300,3636.6,3657.48,3626.33,3640.36,14.3,0.39,15463050300.0,2402.89,300.0,12.53,2024-05-16,12.53,2402.89
20240517,000300,沪深300指数,沪深300,CSI 300 Index,CSI 300,3638.56,3677.97,3627.45,3677.97,37.61,1.03,16457041700.0,2477.3,300.0,12.65,2024-05-17,12.65,2477.3
20240520,000300,沪深300指数,沪深300,CSI 300 Index,CSI 300,3682.06,3703.03,3677.44,3690.96,12.99,0.35,18460942300.0,2799.71,300.0,12.7,2024-05-20,12.7,2799.71
20240521,000300,沪深300指数,沪深300,CSI 300 Index,CSI 300,3682.29,3684.61,3665.15,3676.16,-14.8,-0.4,13067828300.0,1965.75,300.0,12.67,2024-05-21,12.67,1965.75
20240522,000300,沪深300指数,沪深300,CSI 300 Index,CSI 300,3675.65,3691.88,3667.09,3684.45,8.29,0.23,15191460500.0,2308.39,300.0,12.68,2024-05-22,12.68,2308.39
20240523,000300,沪深300指数,沪深300,CSI 300 Index,CSI 300,3672.84,3674.37,3633.51,3641.79,-42.66,-1.16,14257299000.0,2142.05,300.0,12.55,2024-05-23,12.55,2142.05
20240524,000300,沪深300指数,沪深300,CSI 300 Index,CSI 300,3630.83,3650.87,3599.67,3601.48,-40.32,-1.11,12479117700.0,1953.45,300.0,12.43,2024-05-24,12.43,1953.45
20240527,000300,沪深300指数,沪深300,CSI 300 Index,CSI 300,3606.65,3638.15,3603.71,3635.71,34.23,0.95,13127264400.0,2061.44,300.0,12.56,2024-05-27,12.56,2061.44
20240528,000300,沪深300指数,沪深300,CSI 300 Index,CSI 300,3633.25,3638.97,3605.92,3609.17,-26.54,-0.73,12353223800.0,1843.81,300.0,12.5,2024-05-28,12.5,1843.81
20240529,000300,沪深300指数,沪深300,CSI 300 Index,CSI 300,3609.07,3633.2,3602.82,3613.52,4.35,0.12,11590632100.0,1790.73,300.0,12.5,2024-05-29,12.5,1790.73
20240530,000300,沪深300指数,沪深300,CSI 300 Index,CSI 300,3607.05,3624.04,3586.75,3594.31,-19.21,-0.53,12260299500.0,1930.7,300.0,12.42,2024-05-30,12.42,1930.7
20240531,000300,沪深300指数,沪深300,CSI 300 Index,CSI 300,3599.82,3614.64,3579.92,3579.92,-14.39,-0.4,11246201900.0,1807.08,300.0,12.37,2024-05-31,12.37,1807.08
20240603,000300,沪深300指数,沪深300,CSI 300 Index,CSI 300,3577.38,3600.6,3567.87,3588.75,8.82,0.25,14105459100.0,2227.57,300.0,12.41,2024-06-03,12.41,2227.57
20240604,000300,沪深300指数,沪深300,CSI 300 Index,CSI 300,3583.81,3622.5,3580.28,3615.67,26.92,0.75,12454509600.0,1957.91,300.0,12.48,2024-06-04,12.48,1957.91
20240605,000300,沪深300指数,沪深300,CSI 300 Index,CSI 300,3610.36,3623.32,3594.11,3594.79,-20.88,-0.58,11090676600.0,1826.4,300.0,12.42,2024-06-05,12.42,1826.4
20240606,000300,沪深300指数,沪深300,CSI 300 Index,CSI 300,3602.16,3625.01,3584.17,3592.25,-2.55,-0.07,13789351700.0,2267.64,300.0,12.42,2024-06-06,12.42,2267.64
20240607,000300,沪深300指数,沪深300,CSI 300 Index,CSI 300,3594.63,3603.07,3552.09,3574.11,-18.13,-0.5,13110302600.0,2130.02,300.0,12.35,2024-06-07,12.35,2130.02
20240611,000300,沪深300指数,沪深300,CSI 300 Index,CSI 300,3555.82,3565.31,3525.89,3542.88,-31.24,-0.87,13452230600.0,2192.82,300.0,12.22,2024-06-11,12.22,2192.82
20240612,000300,沪深300指数,沪深300,CSI 300 Index,CSI 300,3539.09,3551.17,3531.57,3544.12,1.25,0.04,12281372900.0,2007.23,300.0,12.23,2024-06-12,12.23,2007.23
20240613,000300,沪深300指数,沪深300,CSI 300 Index,CSI 300,3548.22,3551.08,3520.18,3526.13,-17.99,-0.51,12324546200.0,2147.92,300.0,12.18,2024-06-13,12.18,2147.92
20240614,000300,沪深300指数,沪深300,CSI 300 Index,CSI 300,3514.8,3547.15,3503.52,3541.53,15.4,0.44,17151694200.0,2837.69,300.0,12.22,2024-06-14,12.22,2837.69
20240617,000300,沪深300指数,沪深300,CSI 300 Index,CSI 300,3521.44,3540.79,3520.74,3536.2,-5.33,-0.15,13743343800.0,2322.94,300.0,12.18,2024-06-17,12.18,2322.94
20240618,000300,沪深300指数,沪深300,CSI 300 Index,CSI 300,3533.49,3551.71,3532.78,3545.59,9.39,0.27,12367183800.0,2088.24,300.0,12.22,2024-06-18,12.22,2088.24
20240619,000300,沪深300指数,沪深300,CSI 300 Index,CSI 300,3543.36,3543.36,3524.84,3528.75,-16.84,-0.47,10664279700.0,1847.9,300.0,12.19,2024-06-19,12.19,1847.9
20240620,000300,沪深300指数,沪深300,CSI 300 Index,CSI 300,3525.17,3533.99,3500.13,3503.28,-25.47,-0.72,11161739600.0,1865.16,300.0,12.14,2024-06-20,12.14,1865.16
20240621,000300,沪深300指数,沪深300,CSI 300 Index,CSI 300,3496.34,3505.51,3473.83,3495.62,-7.66,-0.22,10918661500.0,1827.37,300.0,12.1,2024-06-21,12.1,1827.37
20240624,000300,沪深300指数,沪深300,CSI 300 Index,CSI 300,3473.64,3505.78,3471.22,3476.81,-18.81,-0.54,11799018400.0,1957.88,300.0,12.06,2024-06-24,12.06,1957.88
20240625,000300,沪深300指数,沪深300,CSI 300 Index,CSI 300,3475.16,3483.22,3440.65,3457.9,-18.91,-0.54,11844811800.0,1908.86,300.0,12.01,2024-06-25,12.01,1908.86
20240626,000300,沪深300指数,沪深300,CSI 300 Index,CSI 300,3451.54,3487.4,3442.3,3480.26,22.36,0.65,10589886100.0,1715.38,300.0,12.06,2024-06-26,12.06,1715.38
20240627,000300,沪深300指数,沪深300,CSI 300 Index,CSI 300,3467.29,3471.14,3452.58,3454.12,-26.15,-0.75,11491810100.0,1741.13,300.0,11.99,2024-06-27,11.99,1741.13
20240628,000300,沪深300指数,沪深300,CSI 300 Index,CSI 300,3443.67,3484.68,3443.67,3461.66,7.54,0.22,13540915300.0,2051.19,300.0,12.06,2024-06-28,12.06,2051.19
20240701,000300,沪深300指数,沪深300,CSI 300 Index,CSI 300,3458.26,3479.95,3443.81,3478.18,16.53,0.48,12182977000.0,1880.18,300.0,12.14,2024-07-01,12.14,1880.18
20240702,000300,沪深300指数,沪深300,CSI 300 Index,CSI 300,3472.45,3488.32,3464.52,3471.79,-6.4,-0.18,12165012100.0,1861.05,300.0,12.17,2024-07-02,12.17,1861.05
20240703,000300,沪深300指数,沪深300,CSI 300 Index,CSI 300,3471.56,3478.7,3454.99,3463.41,-8.37,-0.24,10385710800.0,1630.35,300.0,12.12,2024-07-03,12.12,1630.35
20240704,000300,沪深300指数,沪深300,CSI 300 Index,CSI 300,3468.3,3483.31,3444.93,3445.81,-17.6,-0.51,10442990900.0,1594.77,300.0,12.09,2024-07-04,12.09,1594.77
20240705,000300,沪深300指数,沪深300,CSI 300 Index,CSI 300,3443.36,3451.04,3399.67,3431.06,-14.75,-0.43,11660965900.0,1814.17,300.0,12.0,2024-07-05,12.0,1814.17
20240708,000300,沪深300指数,沪深300,CSI 300 Index,CSI 300,3420.8,3428.04,3395.91,3401.76,-29.3,-0.85,11552821800.0,1775.6,300.0,11.92,2024-07-08,11.92,1775.6
20240709,000300,沪深300指数,沪深300,CSI 300 Index,CSI 300,3396.8,3448.93,3384.81,3439.81,38.05,1.12,13162944300.0,2150.49,300.0,12.05,2024-07-09,12.05,2150.49
20240710,000300,沪深300指数,沪深300,CSI 300 Index,CSI 300,3425.88,3447.51,3423.65,3428.97,-10.85,-0.32,12720345600.0,1981.49,300.0,11.99,2024-07-10,11.99,1981.49
20240711,000300,沪深300指数,沪深300,CSI 300 Index,CSI 300,3451.04,3473.98,3438.12,3468.17,39.2,1.14,14589246600.0,2375.51,300.0,12.09,2024-07-11,12.09,2375.51
20240712,000300,沪深300指数,沪深300,CSI 300 Index,CSI 300,3459.96,3479.1,3457.36,3472.4,4.23,0.12,13087458900.0,2050.56,300.0,12.11,2024-07-12,12.11,2050.56
20240715,000300,沪深300指数,沪深300,CSI 300 Index,CSI 300,3462.61,3481.46,3460.79,3476.25,3.85,0.11,11851708300.0,1715.85,300.0,12.16,2024-07-15,12.16,1715.85
20240716,000300,沪深300指数,沪深300,CSI 300 Index,CSI 300,3466.85,3500.29,3464.37,3498.28,22.04,0.63,12065901700.0,2004.56,300.0,12.2,2024-07-16,12.2,2004.56
20240717,000300,沪深300指数,沪深300,CSI 300 Index,CSI 300,3494.21,3514.48,3486.22,3501.58,3.3,0.09,13180206200.0,2228.31,300.0,12.18,2024-07-17,12.18,2228.31
20240718,000300,沪深300指数,沪深300,CSI 300 Index,CSI 300,3483.3,3522.8,3475.72,3520.93,19.35,0.55,12376819900.0,2157.84,300.0,12.24,2024-07-18,12.24,2157.84
20240719,000300,沪深300指数,沪深300,CSI 300 Index,CSI 300,3500.81,3545.34,3493.07,3539.02,18.08,0.51,13244797500.0,2280.65,300.0,12.27,2024-07-19,12.27,2280.65
20240722,000300,沪深300指数,沪深300,CSI 300 Index,CSI 300,3538.4,3540.19,3494.01,3514.92,-24.09,-0.68,13212633700.0,2174.57,300.0,12.16,2024-07-22,12.16,2174.57
20240723,000300,沪深300指数,沪深300,CSI 300 Index,CSI 300,3509.79,3509.79,3439.88,3439.88,-75.05,-2.14,12889766000.0,2028.58,300.0,11.97,2024-07-23,11.97,2028.58
20240724,000300,沪深300指数,沪深300,CSI 300 Index,CSI 300,3432.35,3451.42,3408.41,3418.17,-21.71,-0.63,12703626300.0,1848.84,300.0,11.93,2024-07-24,11.93,1848.84
20240725,000300,沪深300指数,沪深300,CSI 300 Index,CSI 300,3404.61,3415.86,3383.8,3399.27,-18.89,-0.55,13102224200.0,1901.31,300.0,11.84,2024-07-25,11.84,1901.31
20240726,000300,沪深300指数,沪深300,CSI 300 Index,CSI 300,3403.71,3420.82,3388.66,3409.29,10.02,0.29,12419555800.0,1878.53,300.0,11.83,2024-07-26,11.83,1878.53
20240729,000300,沪深300指数,沪深300,CSI 300 Index,CSI 300,3404.37,3408.5,3388.84,3390.74,-18.55,-0.54,10978778600.0,1666.97,300.0,11.81,2024-07-29,11.81,1666.97
20240730,000300,沪深300指数,沪深300,CSI 300 Index,CSI 300,3380.69,3380.69,3352.8,3369.38,-21.36,-0.63,10495216400.0,1654.43,300.0,11.72,2024-07-30,11.72,1654.43
20240731,000300,沪深300指数,沪深300,CSI 300 Index,CSI 300,3364.03,3445.0,3364.03,3442.08,72.7,2.16,17195917700.0,2582.49,300.0,11.91,2024-07-31,11.91,2582.49
20240801,000300,沪深300指数,沪深300,CSI 300 Index,CSI 300,3443.14,3448.34,3419.19,3419.27,-22.82,-0.66,13632346400.0,2060.38,300.0,11.85,2024-08-01,11.85,2060.38
20240802,000300,沪深300指数,沪深300,CSI 300 Index,CSI 300,3393.92,3419.1,3380.96,3384.39,-34.87,-1.02,11661525500.0,1796.71,300.0,11.75,2024-08-02,11.75,1796.71
20240805,000300,沪深300指数,沪深300,CSI 300 Index,CSI 300,3362.11,3409.03,3343.32,3343.32,-41.07,-1.21,14281251600.0,2236.31,300.0,11.6,2024-08-05,11.6,2236.31
20240806,000300,沪深300指数,沪深300,CSI 300 Index,CSI 300,3367.35,3376.8,3318.63,3342.98,-0.34,-0.01,11934027900.0,1817.25,300.0,11.58,2024-08-06,11.58,1817.25
20240807,000300,沪深300指数,沪深300,CSI 300 Index,CSI 300,3338.59,3362.38,3329.97,3341.49,-1.49,-0.04,9508437700.0,1450.79,300.0,11.59,2024-08-07,11.59,1450.79
20240808,000300,沪深300指数,沪深300,CSI 300 Index,CSI 300,3332.43,3364.79,3320.84,3342.94,1.45,0.04,9249569500.0,1494.83,300.0,11.6,2024-08-08,11.6,1494.83
20240809,000300,沪深300指数,沪深300,CSI 300 Index,CSI 300,3358.13,3366.67,3331.63,3331.63,-11.31,-0.34,9151162600.0,1428.52,300.0,11.58,2024-08-09,11.58,1428.52
20240812,000300,沪深300指数,沪深300,CSI 300 Index,CSI 300,3327.56,3338.08,3319.89,3325.86,-5.76,-0.17,7993875400.0,1175.45,300.0,11.57,2024-08-12,11.57,1175.45
20240813,000300,沪深300指数,沪深300,CSI 300 Index,CSI 300,3328.01,3335.01,3310.19,3334.39,8.53,0.26,8448967900.0,1252.59,300.0,11.61,2024-08-13,11.61,1252.59
20240814,000300,沪深300指数,沪深300,CSI 300 Index,CSI 300,3332.79,3332.79,3309.1,3309.24,-25.15,-0.75,7874240700.0,1181.82,300.0,11.54,2024-08-14,11.54,1181.82
20240815,000300,沪深300指数,沪深300,CSI 300 Index,CSI 300,3301.45,3356.76,3297.97,3341.95,32.71,0.99,10476639900.0,1492.49,300.0,11.65,2024-08-15,11.65,1492.49
20240816,000300,沪深300指数,沪深300,CSI 300 Index,CSI 300,3342.03,3356.91,3335.62,3345.63,3.68,0.11,9651908300.0,1358.85,300.0,11.7,2024-08-16,11.7,1358.85
20240819,000300,沪深300指数,沪深300,CSI 300 Index,CSI 300,3344.26,3375.96,3343.71,3356.97,11.33,0.34,10557111000.0,1434.22,300.0,11.76,2024-08-19,11.76,1434.22
20240820,000300,沪深300指数,沪深300,CSI 300 Index,CSI 300,3361.64,3362.33,3321.64,3332.7,-24.26,-0.72,10166833100.0,1379.11,300.0,11.69,2024-08-20,11.69,1379.11
20240821,000300,沪深300指数,沪深300,CSI 300 Index,CSI 300,3322.91,3339.44,3307.99,3321.64,-11.07,-0.33,8995475100.0,1300.06,300.0,11.66,2024-08-21,11.66,1300.06
20240822,000300,沪深300指数,沪深300,CSI 300 Index,CSI 300,3322.87,3327.7,3305.25,3313.14,-8.5,-0.26,10036650400.0,1477.03,300.0,11.67,2024-08-22,11.67,1477.03
20240823,000300,沪深300指数,沪深300,CSI 300 Index,CSI 300,3305.93,3336.24,3305.64,3327.19,14.05,0.42,8952577400.0,1326.81,300.0,11.71,2024-08-23,11.71,1326.81
20240826,000300,沪深300指数,沪深300,CSI 300 Index,CSI 300,3330.72,3336.53,3311.57,3324.22,-2.97,-0.09,9399077200.0,1390.71,300.0,11.7,2024-08-26,11.7,1390.71
20240827,000300,沪深300指数,沪深300,CSI 300 Index,CSI 300,3315.69,3320.57,3299.56,3305.33,-18.89,-0.57,9580815700.0,1297.56,300.0,11.7,2024-08-27,11.7,1297.56
20240828,000300,沪深300指数,沪深300,CSI 300 Index,CSI 300,3298.91,3305.35,3274.59,3286.5,-18.84,-0.57,9269665000.0,1359.82,300.0,11.62,2024-08-28,11.62,1359.82
20240829,000300,沪深300指数,沪深300,CSI 300 Index,CSI 300,3273.54,3290.79,3269.53,3277.68,-8.81,-0.27,13070233300.0,1743.4,300.0,11.51,2024-08-29,11.51,1743.4
20240830,000300,沪深300指数,沪深300,CSI 300 Index,CSI 300,3273.75,3351.63,3273.65,3321.43,43.75,1.33,18869544300.0,2683.76,300.0,11.6,2024-08-30,11.6,2683.76
20240902,000300,沪深300指数,沪深300,CSI 300 Index,CSI 300,3307.54,3307.76,3264.76,3265.01,-56.42,-1.7,14761235300.0,1944.1,300.0,11.35,2024-09-02,11.35,1944.1
20240903,000300,沪深300指数,沪深300,CSI 300 Index,CSI 300,3261.74,3281.59,3261.19,3273.43,8.42,0.26,12289730600.0,1550.89,300.0,11.3,2024-09-03,11.3,1550.89
20240904,000300,沪深300指数,沪深300,CSI 300 Index,CSI 300,3253.9,3272.99,3249.98,3252.16,-21.26,-0.65,10483248200.0,1400.7,300.0,11.21,2024-09-04,11.21,1400.7
20240905,000300,沪深300指数,沪深300,CSI 300 Index,CSI 300,3252.96,3266.88,3247.17,3257.76,5.59,0.17,9710945000.0,1346.18,300.0,11.21,2024-09-05,11.21,1346.18
20240906,000300,沪深300指数,沪深300,CSI 300 Index,CSI 300,3261.15,3274.81,3231.07,3231.35,-26.41,-0.81,8840041700.0,1215.42,300.0,11.13,2024-09-06,11.13,1215.42
20240909,000300,沪深300指数,沪深300,CSI 300 Index,CSI 300,3214.8,3222.93,3180.93,3192.95,-38.39,-1.19,10867306900.0,1465.16,300.0,11.0,2024-09-09,11.0,1465.16
20240910,000300,沪深300指数,沪深300,CSI 300 Index,CSI 300,3193.46,3205.1,3171.79,3195.76,2.8,0.09,9729007800.0,1336.1,300.0,11.03,2024-09-10,11.03,1336.1
20240911,000300,沪深300指数,沪深300,CSI 300 Index,CSI 300,3187.05,3197.34,3174.03,3186.13,-9.63,-0.3,10248211000.0,1415.14,300.0,10.94,2024-09-11,10.94,1415.14
20240912,000300,沪深300指数,沪深300,CSI 300 Index,CSI 300,3189.43,3201.55,3171.88,3172.47,-13.66,-0.43,9286865700.0,1363.87,300.0,10.91,2024-09-12,10.91,1363.87
20240913,000300,沪深300指数,沪深300,CSI 300 Index,CSI 300,3174.03,3188.91,3159.25,3159.25,-13.23,-0.42,8833667700.0,1374.49,300.0,10.88,2024-09-13,10.88,1374.49
20240918,000300,沪深300指数,沪深300,CSI 300 Index,CSI 300,3158.82,3179.9,3145.79,3171.01,11.76,0.37,8472281400.0,1234.52,300.0,10.95,2024-09-18,10.95,1234.52
20240919,000300,沪深300指数,沪深300,CSI 300 Index,CSI 300,3178.4,3213.84,3149.79,3196.04,25.03,0.79,12543927200.0,1817.85,300.0,11.0,2024-09-19,11.0,1817.85
20240920,000300,沪深300指数,沪深300,CSI 300 Index,CSI 300,3192.43,3207.99,3173.22,3201.05,5.01,0.16,11806409800.0,1639.85,300.0,11.03,2024-09-20,11.03,1639.85
20240923,000300,沪深300指数,沪深300,CSI 300 Index,CSI 300,3200.87,3230.16,3198.02,3212.76,11.71,0.37,9534485500.0,1438.76,300.0,11.09,2024-09-23,11.09,1438.76
20240924,000300,沪深300指数,沪深300,CSI 300 Index,CSI 300,3244.65,3351.97,3222.49,3351.91,139.15,4.33,20407221700.0,3078.8,300.0,11.57,2024-09-24,11.57,3078.8
20240925,000300,沪深300指数,沪深300,CSI 300 Index,CSI 300,3403.7,3465.49,3393.44,3401.53,49.62,1.48,24156425500.0,3568.63,300.0,11.73,2024-09-25,11.73,3568.63
20240926,000300,沪深300指数,沪深300,CSI 300 Index,CSI 300,3399.32,3545.32,3391.68,3545.32,143.79,4.23,24313401000.0,3739.84,300.0,12.17,2024-09-26,12.17,3739.84
20240927,000300,沪深300指数,沪深300,CSI 300 Index,CSI 300,3617.92,3708.5,3596.58,3703.68,158.36,4.47,26548777400.0,4666.93,300.0,12.56,2024-09-27,12.56,4666.93
20240930,000300,沪深300指数,沪深300,CSI 300 Index,CSI 300,3846.65,4038.7,3796.5,4017.85,314.17,8.48,51021770700.0,8625.29,300.0,13.54,2024-09-30,13.54,8625.29
20241008,000300,沪深300指数,沪深300,CSI 300 Index,CSI 300,4450.37,4450.37,4094.35,4256.1,238.24,5.93,58986789400.0,11303.87,300.0,14.21,2024-10-08,14.21,11303.87
20241009,000300,沪深300指数,沪深300,CSI 300 Index,CSI 300,4168.84,4197.6,3942.51,3955.98,-300.11,-7.05,48226929500.0,10290.32,300.0,13.21,2024-10-09,13.21,10290.32
20241010,000300,沪深300指数,沪深300,CSI 300 Index,CSI 300,3979.61,4098.5,3912.77,3997.79,41.8,1.06,39505309900.0,7179.52,300.0,13.43,2024-10-10,13.43,7179.52
20241011,000300,沪深300指数,沪深300,CSI 300 Index,CSI 300,3969.76,3978.24,3847.12,3887.17,-110.62,-2.77,27409650500.0,4849.98,300.0,13.11,2024-10-11,13.11,4849.98
20241014,000300,沪深300指数,沪深300,CSI 300 Index,CSI 300,3915.22,3979.54,3868.78,3961.34,74.18,1.91,30757899300.0,5340.77,300.0,13.36,2024-10-14,13.36,5340.77
20241015,000300,沪深300指数,沪深300,CSI 300 Index,CSI 300,3942.53,3967.87,3855.99,3855.99,-105.35,-2.66,24248644800.0,4344.11,300.0,12.99,2024-10-15,12.99,4344.11
20241016,000300,沪深300指数,沪深300,CSI 300 Index,CSI 300,3806.14,3877.75,3805.09,3831.59,-24.41,-0.63,21886640700.0,3773.01,300.0,12.94,2024-10-16,12.94,3773.01
20241017,000300,沪深300指数,沪深300,CSI 300 Index,CSI 300,3853.84,3882.07,3787.75,3788.22,-43.37,-1.13,21231382000.0,3691.71,300.0,12.79,2024-10-17,12.79,3691.71
20241018,000300,沪深300指数,沪深300,CSI 300 Index,CSI 300,3780.31,3998.21,3765.16,3925.23,137.01,3.62,31295883400.0,6206.74,300.0,13.17,2024-10-18,13.17,6206.74
20241021,000300,沪深300指数,沪深300,CSI 300 Index,CSI 300,3946.9,3979.26,3896.17,3935.2,9.96,0.25,29118563400.0,6001.1,300.0,13.16,2024-10-21,13.16,6001.1
20241022,000300,沪深300指数,沪深300,CSI 300 Index,CSI 300,3923.74,3965.91,3917.52,3957.78,22.58,0.57,22343339600.0,4428.82,300.0,13.23,2024-10-22,13.23,4428.82
20241023,000300,沪深300指数,沪深300,CSI 300 Index,CSI 300,3955.32,4012.18,3939.1,3973.21,15.43,0.39,24587394900.0,4691.21,300.0,13.27,2024-10-23,13.27,4691.21
20241024,000300,沪深300指数,沪深300,CSI 300 Index,CSI 300,3950.9,3957.98,3914.09,3928.83,-44.38,-1.12,17472406200.0,3404.87,300.0,13.14,2024-10-24,13.14,3404.87
20241025,000300,沪深300指数,沪深300,CSI 300 Index,CSI 300,3931.32,3992.89,3921.94,3956.42,27.59,0.7,21069488500.0,4122.31,300.0,13.19,2024-10-25,13.19,4122.31
20241028,000300,沪深300指数,沪深300,CSI 300 Index,CSI 300,3953.11,3964.16,3917.2,3964.16,7.74,0.2,21616041500.0,3904.5,300.0,13.2,2024-10-28,13.2,3904.5
20241029,000300,沪深300指数,沪深300,CSI 300 Index,CSI 300,3970.01,3991.31,3921.58,3924.65,-39.51,-1.0,21729398400.0,4296.25,300.0,13.07,2024-10-29,13.07,4296.25
20241030,000300,沪深300指数,沪深300,CSI 300 Index,CSI 300,3904.16,3926.06,3864.31,3889.45,-35.2,-0.9,21943662600.0,3850.11,300.0,12.93,2024-10-30,12.93,3850.11
20241031,000300,沪深300指数,沪深300,CSI 300 Index,CSI 300,3888.42,3923.9,3859.11,3891.04,1.59,0.04,30063671800.0,5155.34,300.0,12.91,2024-10-31,12.91,5155.34
20241101,000300,沪深300指数,沪深300,CSI 300 Index,CSI 300,3882.46,3933.22,3879.96,3890.02,-1.02,-0.03,30798648100.0,4764.73,300.0,12.64,2024-11-01,12.64,4764.73
20241104,000300,沪深300指数,沪深300,CSI 300 Index,CSI 300,3897.71,3944.76,3891.21,3944.76,54.74,1.41,22923906000.0,3810.49,300.0,12.78,2024-11-04,12.78,3810.49
20241105,000300,沪深300指数,沪深300,CSI 300 Index,CSI 300,3937.62,4046.7,3925.41,4044.57,99.81,2.53,31686279400.0,5809.72,300.0,13.06,2024-11-05,13.06,5809.72
20241106,000300,沪深300指数,沪深300,CSI 300 Index,CSI 300,4051.29,4091.7,4002.5,4024.28,-20.29,-0.5,33580793800.0,6391.24,300.0,12.98,2024-11-06,12.98,6391.24
20241107,000300,沪深300指数,沪深300,CSI 300 Index,CSI 300,3987.27,4146.15,3984.67,4145.7,121.41,3.02,34143641400.0,6581.46,300.0,13.37,2024-11-07,13.37,6581.46
20241108,000300,沪深300指数,沪深300,CSI 300 Index,CSI 300,4192.08,4200.91,4094.16,4104.05,-41.65,-1.0,33235038500.0,6884.47,300.0,13.24,2024-11-08,13.24,6884.47
20241111,000300,沪深300指数,沪深300,CSI 300 Index,CSI 300,4066.93,4132.51,4048.04,4131.13,27.08,0.66,28959422700.0,6256.06,300.0,13.26,2024-11-11,13.26,6256.06
20241112,000300,沪深300指数,沪深300,CSI 300 Index,CSI 300,4133.35,4181.71,4060.79,4085.74,-45.39,-1.1,29777808600.0,6603.81,300.0,13.11,2024-11-12,13.11,6603.81
20241113,000300,沪深300指数,沪深300,CSI 300 Index,CSI 300,4059.59,4121.07,4059.59,4110.89,25.15,0.62,24048409900.0,5127.34,300.0,13.19,2024-11-13,13.19,5127.34
20241114,000300,沪深300指数,沪深300,CSI 300 Index,CSI 300,4101.22,4118.17,4034.94,4039.62,-71.27,-1.73,23015278400.0,4641.58,300.0,13.02,2024-11-14,13.02,4641.58
20241115,000300,沪深300指数,沪深300,CSI 300 Index,CSI 300,4025.65,4049.07,3968.83,3968.83,-70.79,-1.75,24739946300.0,4740.8,300.0,12.84,2024-11-15,12.84,4740.8
20241118,000300,沪深300指数,沪深300,CSI 300 Index,CSI 300,3982.1,4034.06,3931.19,3950.38,-18.45,-0.46,30677794600.0,4724.08,300.0,12.84,2024-11-18,12.84,4724.08
20241119,000300,沪深300指数,沪深300,CSI 300 Index,CSI 300,3954.6,3979.15,3896.75,3976.89,26.51,0.67,24294646500.0,4026.11,300.0,12.88,2024-11-19,12.88,4026.11
20241120,000300,沪深300指数,沪深300,CSI 300 Index,CSI 300,3966.12,4001.08,3958.34,3985.77,8.88,0.22,18459937200.0,3475.78,300.0,12.9,2024-11-20,12.9,3475.78
20241121,000300,沪深300指数,沪深300,CSI 300 Index,CSI 300,3979.46,3999.57,3966.07,3989.3,3.53,0.09,16612592700.0,3242.35,300.0,12.9,2024-11-21,12.9,3242.35
20241122,000300,沪深300指数,沪深300,CSI 300 Index,CSI 300,3984.24,3990.26,3865.7,3865.7,-123.6,-3.1,21628580900.0,3975.67,300.0,12.53,2024-11-22,12.53,3975.67
20241125,000300,沪深300指数,沪深300,CSI 300 Index,CSI 300,3875.61,3889.71,3812.32,3848.09,-17.61,-0.46,19070295300.0,3490.07,300.0,12.48,2024-11-25,12.48,3490.07
20241126,000300,沪深300指数,沪深300,CSI 300 Index,CSI 300,3836.26,3875.23,3833.28,3840.18,-7.91,-0.21,14989244100.0,2644.03,300.0,12.48,2024-11-26,12.48,2644.03
20241127,000300,沪深300指数,沪深300,CSI 300 Index,CSI 300,3829.34,3907.16,3817.91,3907.04,66.86,1.74,17413609600.0,3206.32,300.0,12.67,2024-11-27,12.67,3206.32
20241128,000300,沪深300指数,沪深300,CSI 300 Index,CSI 300,3904.25,3908.39,3866.01,3872.55,-34.49,-0.88,15011729100.0,2864.33,300.0,12.57,2024-11-28,12.57,2864.33
20241129,000300,沪深300指数,沪深300,CSI 300 Index,CSI 300,3869.89,3962.7,3869.89,3916.58,44.03,1.14,18765671300.0,3752.62,300.0,12.68,2024-11-29,12.68,3752.62
20241202,000300,沪深300指数,沪深300,CSI 300 Index,CSI 300,3909.7,3955.13,3902.17,3947.63,31.05,0.79,19728978400.0,3685.91,300.0,12.78,2024-12-02,12.78,3685.91
20241203,000300,沪深300指数,沪深300,CSI 300 Index,CSI 300,3946.7,3963.95,3922.84,3951.89,4.26,0.11,18249686700.0,3272.95,300.0,12.82,2024-12-03,12.82,3272.95
20241204,000300,沪深300指数,沪深300,CSI 300 Index,CSI 300,3948.13,3957.37,3917.75,3930.56,-21.33,-0.54,17462631800.0,3120.4,300.0,12.81,2024-12-04,12.81,3120.4
20241205,000300,沪深300指数,沪深300,CSI 300 Index,CSI 300,3916.56,3936.34,3910.08,3921.59,-8.97,-0.23,13853403800.0,2577.16,300.0,12.76,2024-12-05,12.76,2577.16
20241206,000300,沪深300指数,沪深300,CSI 300 Index,CSI 300,3923.9,3995.12,3923.9,3973.14,51.55,1.31,19205790700.0,3517.52,300.0,12.92,2024-12-06,12.92,3517.52
20241209,000300,沪深300指数,沪深300,CSI 300 Index,CSI 300,3970.66,3995.51,3948.42,3966.57,-6.57,-0.17,17595995800.0,3082.27,300.0,12.93,2024-12-09,12.93,3082.27
20241210,000300,沪深300指数,沪深300,CSI 300 Index,CSI 300,4094.05,4098.38,3988.97,3995.64,29.07,0.73,25346379500.0,4872.78,300.0,13.01,2024-12-10,13.01,4872.78
20241211,000300,沪深300指数,沪深300,CSI 300 Index,CSI 300,3988.02,4005.33,3977.35,3988.83,-6.81,-0.17,17725284600.0,3107.13,300.0,12.98,2024-12-11,12.98,3107.13
20241212,000300,沪深300指数,沪深300,CSI 300 Index,CSI 300,3987.15,4031.74,3981.35,4028.5,39.67,0.99,18162177700.0,3336.68,300.0,13.11,2024-12-12,13.11,3336.68
20241213,000300,沪深300指数,沪深300,CSI 300 Index,CSI 300,4000.99,4000.99,3931.74,3933.18,-95.32,-2.37,23035307900.0,4214.79,300.0,12.83,2024-12-13,12.83,4214.79
20241216,000300,沪深300指数,沪深300,CSI 300 Index,CSI 300,3930.78,3938.76,3901.65,3911.84,-21.34,-0.54,17851125100.0,3276.19,300.0,12.9,2024-12-16,12.9,3276.19
20241217,000300,沪深300指数,沪深300,CSI 300 Index,CSI 300,3908.13,3955.95,3908.13,3922.03,10.19,0.26,16093909000.0,3060.37,300.0,12.93,2024-12-17,12.93,3060.37
20241218,000300,沪深300指数,沪深300,CSI 300 Index,CSI 300,3934.54,3956.14,3933.97,3941.89,19.86,0.51,15773832100.0,2768.25,300.0,12.99,2024-12-18,12.99,2768.25
20241219,000300,沪深300指数,沪深300,CSI 300 Index,CSI 300,3911.89,3954.35,3899.75,3945.46,3.57,0.09,16108104000.0,3217.72,300.0,12.97,2024-12-19,12.97,3217.72
20241220,000300,沪深300指数,沪深300,CSI 300 Index,CSI 300,3937.47,3958.63,3923.26,3927.74,-17.72,-0.45,15498649600.0,3321.43,300.0,12.9,2024-12-20,12.9,3321.43
20241223,000300,沪深300指数,沪深300,CSI 300 Index,CSI 300,3928.15,3965.85,3928.15,3933.57,5.83,0.15,19006736200.0,3540.63,300.0,12.97,2024-12-23,12.97,3540.63
20241224,000300,沪深300指数,沪深300,CSI 300 Index,CSI 300,3934.94,3985.86,3934.73,3983.69,50.12,1.27,16149458900.0,3103.85,300.0,13.14,2024-12-24,13.14,3103.85
20241225,000300,沪深300指数,沪深300,CSI 300 Index,CSI 300,3987.96,4007.76,3969.48,3985.63,1.94,0.05,15939074700.0,2992.95,300.0,13.19,2024-12-25,13.19,2992.95
20241226,000300,沪深300指数,沪深300,CSI 300 Index,CSI 300,3981.73,3991.53,3965.55,3987.48,1.85,0.05,14342528600.0,3057.7,300.0,13.18,2024-12-26,13.18,3057.7
20241227,000300,沪深300指数,沪深300,CSI 300 Index,CSI 300,3987.02,4007.13,3970.94,3981.03,-6.45,-0.16,16926866600.0,3450.11,300.0,13.17,2024-12-27,13.17,3450.11
20241230,000300,沪深300指数,沪深300,CSI 300 Index,CSI 300,3976.7,4005.78,3976.7,3999.05,18.02,0.45,16461248500.0,3226.99,300.0,13.23,2024-12-30,13.23,3226.99
20241231,000300,沪深300指数,沪深300,CSI 300 Index,CSI 300,3995.87,4004.35,3934.91,3934.91,-64.14,-1.6,18392839700.0,3478.8,300.0,13.06,2024-12-31,13.06,3478.8
20250102,000300,沪深300指数,沪深300,CSI 300 Index,CSI 300,3931.82,3934.2,3796.34,3820.4,-114.52,-2.91,21789872400.0,3886.37,300.0,12.68,2025-01-02,12.68,3886.37
20250103,000300,沪深300指数,沪深300,CSI 300 Index,CSI 300,3825.24,3835.94,3767.67,3775.16,-45.23,-1.18,17534267600.0,3043.23,300.0,12.55,2025-01-03,12.55,3043.23
20250106,000300,沪深300指数,沪深300,CSI 300 Index,CSI 300,3775.99,3788.85,3743.07,3768.97,-6.2,-0.16,15094667000.0,2628.04,300.0,12.53,2025-01-06,12.53,2628.04
20250107,000300,沪深300指数,沪深300,CSI 300 Index,CSI 300,3760.87,3797.6,3749.06,3796.11,27.14,0.72,14645577900.0,2668.56,300.0,12.59,2025-01-07,12.59,2668.56
20250108,000300,沪深300指数,沪深300,CSI 300 Index,CSI 300,3781.26,3810.74,3731.19,3789.22,-6.89,-0.18,16916696800.0,3009.66,300.0,12.58,2025-01-08,12.58,3009.66
20250109,000300,沪深300指数,沪深300,CSI 300 Index,CSI 300,3780.73,3795.26,3768.68,3779.88,-9.34,-0.25,12979400200.0,2514.86,300.0,12.51,2025-01-09,12.51,2514.86
20250110,000300,沪深300指数,沪深300,CSI 300 Index,CSI 300,3778.89,3786.81,3732.48,3732.48,-47.4,-1.25,13752317100.0,2753.54,300.0,12.37,2025-01-10,12.37,2753.54
20250113,000300,沪深300指数,沪深300,CSI 300 Index,CSI 300,3704.44,3737.89,3704.11,3722.51,-9.97,-0.27,13644619900.0,2478.62,300.0,12.32,2025-01-13,12.32,2478.62
20250114,000300,沪深300指数,沪深300,CSI 300 Index,CSI 300,3728.56,3826.64,3718.88,3820.54,98.03,2.63,17066465700.0,3454.61,300.0,12.6,2025-01-14,12.6,3454.61
20250115,000300,沪深300指数,沪深300,CSI 300 Index,CSI 300,3810.04,3816.83,3790.17,3796.03,-24.51,-0.64,14147552000.0,2788.51,300.0,12.54,2025-01-15,12.54,2788.51
20250116,000300,沪深300指数,沪深300,CSI 300 Index,CSI 300,3812.19,3842.95,3776.29,3800.38,4.36,0.11,14450587100.0,3057.35,300.0,12.57,2025-01-16,12.57,3057.35
20250117,000300,沪深300指数,沪深300,CSI 300 Index,CSI 300,3788.37,3831.64,3780.21,3812.34,11.96,0.31,12662196100.0,2654.37,300.0,12.59,2025-01-17,12.59,2654.37
20250120,000300,沪深300指数,沪深300,CSI 300 Index,CSI 300,3835.3,3858.67,3821.98,3829.68,17.33,0.45,13958127700.0,2921.75,300.0,12.61,2025-01-20,12.61,2921.75
20250121,000300,沪深300指数,沪深300,CSI 300 Index,CSI 300,3850.36,3850.91,3817.12,3832.61,2.94,0.08,14121840600.0,2850.73,300.0,12.6,2025-01-21,12.6,2850.73
20250122,000300,沪深300指数,沪深300,CSI 300 Index,CSI 300,3823.94,3823.94,3783.14,3797.02,-35.6,-0.93,13725506200.0,2987.46,300.0,12.48,2025-01-22,12.48,2987.46
20250123,000300,沪深300指数,沪深300,CSI 300 Index,CSI 300,3829.05,3864.26,3801.85,3803.74,6.73,0.18,18056955100.0,3451.98,300.0,12.55,2025-01-23,12.55,3451.98
20250124,000300,沪深300指数,沪深300,CSI 300 Index,CSI 300,3793.85,3847.6,3793.48,3832.86,29.12,0.77,14897172200.0,2964.74,300.0,12.62,2025-01-24,12.62,2964.74
20250127,000300,沪深300指数,沪深300,CSI 300 Index,CSI 300,3836.96,3852.0,3817.08,3817.08,-15.78,-0.41,14667077200.0,2829.4,300.0,12.63,2025-01-27,12.63,2829.4
20250205,000300,沪深300指数,沪深300,CSI 300 Index,CSI 300,3844.7,3844.7,3785.16,3795.08,-22.0,-0.58,15716830800.0,3460.16,300.0,12.5,2025-02-05,12.5,3460.16
20250206,000300,沪深300指数,沪深300,CSI 300 Index,CSI 300,3789.61,3843.49,3788.32,3842.83,47.75,1.26,16728817600.0,3718.92,300.0,12.64,2025-02-06,12.64,3718.92
20250207,000300,沪深300指数,沪深300,CSI 300 Index,CSI 300,3844.06,3919.35,3833.87,3892.7,49.87,1.3,22185770700.0,4873.82,300.0,12.77,2025-02-07,12.77,4873.82
20250210,000300,沪深300指数,沪深300,CSI 300 Index,CSI 300,3898.1,3906.37,3878.83,3901.06,8.36,0.21,18890304000.0,3849.68,300.0,12.78,2025-02-10,12.78,3849.68
20250211,000300,沪深300指数,沪深300,CSI 300 Index,CSI 300,3905.16,3905.16,3872.91,3883.14,-17.93,-0.46,16657490900.0,3378.66,300.0,12.77,2025-02-11,12.77,3378.66
20250212,000300,沪深300指数,沪深300,CSI 300 Index,CSI 300,3875.96,3920.72,3867.35,3919.86,36.73,0.95,16422854000.0,3548.31,300.0,12.86,2025-02-12,12.86,3548.31
20250213,000300,沪深300指数,沪深300,CSI 300 Index,CSI 300,3913.9,3939.2,3904.98,3905.14,-14.72,-0.38,17248587400.0,3764.73,300.0,12.84,2025-02-13,12.84,3764.73
20250214,000300,沪深300指数,沪深300,CSI 300 Index,CSI 300,3900.83,3942.04,3900.83,3939.01,33.87,0.87,17297645200.0,3609.74,300.0,12.93,2025-02-14,12.93,3609.74
20250217,000300,沪深300指数,沪深300,CSI 300 Index,CSI 300,3954.41,3955.9,3921.7,3947.4,8.39,0.21,21358824600.0,4309.3,300.0,12.96,2025-02-17,12.96,4309.3
20250218,000300,沪深300指数,沪深300,CSI 300 Index,CSI 300,3942.58,3965.42,3901.87,3912.78,-34.62,-0.88,20942510100.0,4001.86,300.0,12.89,2025-02-18,12.89,4001.86
20250219,000300,沪深300指数,沪深300,CSI 300 Index,CSI 300,3906.22,3943.67,3904.15,3940.16,27.38,0.7,18282951700.0,3636.8,300.0,12.94,2025-02-19,12.94,3636.8
20250220,000300,沪深300指数,沪深300,CSI 300 Index,CSI 300,3934.65,3940.68,3916.18,3928.9,-11.26,-0.29,16389523600.0,3259.72,300.0,12.91,2025-02-20,12.91,3259.72
20250221,000300,沪深300指数,沪深300,CSI 300 Index,CSI 300,3938.05,3981.05,3927.79,3978.44,49.55,1.26,22740033000.0,5046.45,300.0,13.02,2025-02-21,13.02,5046.45
20250224,000300,沪深300指数,沪深300,CSI 300 Index,CSI 300,3972.48,3995.95,3949.23,3969.72,-8.73,-0.22,22081061800.0,4550.89,300.0,12.98,2025-02-24,12.98,4550.89
20250225,000300,沪深300指数,沪深300,CSI 300 Index,CSI 300,3933.64,3955.43,3915.65,3925.65,-44.07,-1.11,17810858000.0,3779.81,300.0,12.83,2025-02-25,12.83,3779.81
20250226,000300,沪深300指数,沪深300,CSI 300 Index,CSI 300,3931.84,3960.33,3925.37,3959.94,34.29,0.87,19106250100.0,3864.58,300.0,12.93,2025-02-26,12.93,3864.58
20250227,000300,沪深300指数,沪深300,CSI 300 Index,CSI 300,3961.06,3973.93,3933.46,3968.12,8.17,0.21,20288796300.0,4282.73,300.0,12.97,2025-02-27,12.97,4282.73
20250228,000300,沪深300指数,沪深300,CSI 300 Index,CSI 300,3950.19,3972.48,3886.4,3890.05,-78.07,-1.97,19810414700.0,4203.08,300.0,12.76,2025-02-28,12.76,4203.08
20250303,000300,沪深300指数,沪深300,CSI 300 Index,CSI 300,3899.7,3930.0,3872.59,3888.47,-1.57,-0.04,17762316600.0,3560.58,300.0,12.74,2025-03-03,12.74,3560.58
20250304,000300,沪深300指数,沪深300,CSI 300 Index,CSI 300,3865.99,3890.42,3855.73,3885.22,-3.25,-0.08,14985096700.0,2977.39,300.0,12.7,2025-03-04,12.7,2977.39
20250305,000300,沪深300指数,沪深300,CSI 300 Index,CSI 300,3887.8,3906.42,3877.02,3902.57,17.35,0.45,15865275100.0,2908.6,300.0,12.78,2025-03-05,12.78,2908.6
20250306,000300,沪深300指数,沪深300,CSI 300 Index,CSI 300,3923.38,3964.49,3917.08,3956.24,53.67,1.38,19396091500.0,3974.19,300.0,12.92,2025-03-06,12.92,3974.19
20250307,000300,沪深300指数,沪深300,CSI 300 Index,CSI 300,3944.91,3967.07,3935.05,3944.01,-12.22,-0.31,16673237500.0,3406.27,300.0,12.88,2025-03-07,12.88,3406.27
20250310,000300,沪深300指数,沪深300,CSI 300 Index,CSI 300,3945.58,3949.14,3905.13,3928.8,-15.21,-0.39,15276523200.0,2925.75,300.0,12.82,2025-03-10,12.82,2925.75
20250311,000300,沪深300指数,沪深300,CSI 300 Index,CSI 300,3890.43,3941.42,3889.43,3941.42,12.61,0.32,14475440200.0,2874.8,300.0,12.87,2025-03-11,12.87,2874.8
20250312,000300,沪深300指数,沪深300,CSI 300 Index,CSI 300,3946.86,3953.61,3921.47,3927.23,-14.18,-0.36,15673219000.0,3096.27,300.0,12.82,2025-03-12,12.82,3096.27
20250313,000300,沪深300指数,沪深300,CSI 300 Index,CSI 300,3925.74,3939.29,3897.38,3911.58,-15.65,-0.4,15653644300.0,2951.73,300.0,12.8,2025-03-13,12.8,2951.73
20250314,000300,沪深300指数,沪深300,CSI 300 Index,CSI 300,3919.62,4014.16,3919.62,4006.56,94.98,2.43,21613900300.0,4508.95,300.0,13.08,2025-03-14,13.08,4508.95
20250317,000300,沪深300指数,沪深300,CSI 300 Index,CSI 300,4020.64,4021.73,3992.26,3996.79,-9.77,-0.24,16220291100.0,3189.04,300.0,13.07,2025-03-17,13.07,3189.04
20250318,000300,沪深300指数,沪深300,CSI 300 Index,CSI 300,4011.78,4016.87,3995.96,4007.72,10.94,0.27,14020849600.0,2927.39,300.0,13.08,2025-03-18,13.08,2927.39
20250319,000300,沪深300指数,沪深300,CSI 300 Index,CSI 300,4004.83,4025.3,3989.51,4010.17,2.45,0.06,14441942800.0,2860.75,300.0,13.1,2025-03-19,13.1,2860.75
20250320,000300,沪深300指数,沪深300,CSI 300 Index,CSI 300,4011.06,4012.04,3969.93,3974.99,-35.18,-0.88,13375467000.0,2600.21,300.0,13.0,2025-03-20,13.0,2600.21
20250321,000300,沪深300指数,沪深300,CSI 300 Index,CSI 300,3966.51,3983.15,3904.77,3914.7,-60.3,-1.52,16590529400.0,3093.49,300.0,12.83,2025-03-21,12.83,3093.49
20250324,000300,沪深300指数,沪深300,CSI 300 Index,CSI 300,3916.11,3938.18,3907.2,3934.85,20.15,0.51,15223467400.0,2660.51,300.0,12.9,2025-03-24,12.9,2660.51
20250325,000300,沪深300指数,沪深300,CSI 300 Index,CSI 300,3937.9,3946.36,3921.53,3932.3,-2.55,-0.06,14047539900.0,2392.46,300.0,12.91,2025-03-25,12.91,2392.46
20250326,000300,沪深300指数,沪深300,CSI 300 Index,CSI 300,3930.21,3942.03,3916.86,3919.36,-12.94,-0.33,13116418700.0,2209.43,300.0,12.87,2025-03-26,12.87,2209.43
20250327,000300,沪深300指数,沪深300,CSI 300 Index,CSI 300,3911.38,3952.99,3903.65,3932.41,13.06,0.33,12679373800.0,2321.74,300.0,12.92,2025-03-27,12.92,2321.74
20250328,000300,沪深300指数,沪深300,CSI 300 Index,CSI 300,3930.78,3934.23,3907.38,3915.17,-17.25,-0.44,12635621400.0,2133.79,300.0,12.86,2025-03-28,12.86,2133.79
20250331,000300,沪深300指数,沪深300,CSI 300 Index,CSI 300,3905.98,3928.45,3872.4,3887.31,-27.86,-0.71,16679852300.0,2684.8,300.0,12.81,2025-03-31,12.81,2684.8
20250401,000300,沪深300指数,沪深300,CSI 300 Index,CSI 300,3892.78,3905.26,3882.4,3887.68,0.38,0.01,14038027400.0,2460.42,300.0,12.81,2025-04-01,12.81,2460.42
20250402,000300,沪深300指数,沪深300,CSI 300 Index,CSI 300,3884.42,3900.49,3877.16,3884.39,-3.3,-0.08,11304317500.0,1982.68,300.0,12.8,2025-04-02,12.8,1982.68
20250403,000300,沪深300指数,沪深300,CSI 300 Index,CSI 300,3843.42,3883.7,3843.42,3861.5,-22.88,-0.59,14259978900.0,2636.85,300.0,12.76,2025-04-03,12.76,2636.85
20250407,000300,沪深300指数,沪深300,CSI 300 Index,CSI 300,3675.2,3707.78,3514.12,3589.44,-272.06,-7.05,31257858600.0,5129.72,300.0,11.95,2025-04-07,11.95,5129.72
20250408,000300,沪深300指数,沪深300,CSI 300 Index,CSI 300,3597.99,3650.76,3583.87,3650.76,61.32,1.71,28019731200.0,4640.21,300.0,12.18,2025-04-08,12.18,4640.21
20250409,000300,沪深300指数,沪深300,CSI 300 Index,CSI 300,3606.1,3686.79,3587.34,3686.79,36.04,0.99,26230570800.0,4550.31,300.0,12.26,2025-04-09,12.26,4550.31
20250410,000300,沪深300指数,沪深300,CSI 300 Index,CSI 300,3749.13,3756.14,3708.82,3735.12,48.32,1.31,22725222700.0,4038.43,300.0,12.38,2025-04-10,12.38,4038.43
20250411,000300,沪深300指数,沪深300,CSI 300 Index,CSI 300,3730.31,3762.37,3708.46,3750.52,15.4,0.41,16875969100.0,3185.35,300.0,12.42,2025-04-11,12.42,3185.35
20250414,000300,沪深300指数,沪深300,CSI 300 Index,CSI 300,3772.04,3776.63,3754.03,3759.14,8.63,0.23,16446240300.0,2925.71,300.0,12.47,2025-04-14,12.47,2925.71
20250415,000300,沪深300指数,沪深300,CSI 300 Index,CSI 300,3756.48,3764.49,3737.85,3761.23,2.09,0.06,13400604000.0,2286.05,300.0,12.51,2025-04-15,12.51,2286.05
20250416,000300,沪深300指数,沪深300,CSI 300 Index,CSI 300,3757.88,3775.17,3721.6,3772.82,11.59,0.31,15635900600.0,2617.11,300.0,12.57,2025-04-16,12.57,2617.11
20250417,000300,沪深300指数,沪深300,CSI 300 Index,CSI 300,3755.09,3779.13,3749.5,3772.22,-0.6,-0.02,12237100200.0,2090.12,300.0,12.56,2025-04-17,12.56,2090.12
20250418,000300,沪深300指数,沪深300,CSI 300 Index,CSI 300,3760.04,3782.04,3754.41,3772.52,0.3,0.01,10294850900.0,1731.09,300.0,12.57,2025-04-18,12.57,1731.09
20250421,000300,沪深300指数,沪深300,CSI 300 Index,CSI 300,3768.14,3790.18,3763.14,3784.88,12.36,0.33,12135573000.0,2080.86,300.0,12.58,2025-04-21,12.58,2080.86
20250422,000300,沪深300指数,沪深300,CSI 300 Index,CSI 300,3780.11,3799.23,3778.08,3783.95,-0.93,-0.02,12568825700.0,2102.01,300.0,12.61,2025-04-22,12.61,2102.01
20250423,000300,沪深300指数,沪深300,CSI 300 Index,CSI 300,3803.43,3807.95,3780.52,3786.88,2.93,0.08,13198687000.0,2471.17,300.0,12.6,2025-04-23,12.6,2471.17
20250424,000300,沪深300指数,沪深300,CSI 300 Index,CSI 300,3787.46,3807.26,3775.21,3784.36,-2.53,-0.07,11716456000.0,2054.83,300.0,12.63,2025-04-24,12.63,2054.83
20250425,000300,沪深300指数,沪深300,CSI 300 Index,CSI 300,3792.08,3801.58,3780.78,3786.99,2.64,0.07,12459113300.0,2205.35,300.0,12.61,2025-04-25,12.61,2205.35
20250428,000300,沪深300指数,沪深300,CSI 300 Index,CSI 300,3786.39,3792.01,3772.8,3781.62,-5.37,-0.14,12514509100.0,2106.35,300.0,12.61,2025-04-28,12.61,2106.35
20250429,000300,沪深300指数,沪深300,CSI 300 Index,CSI 300,3776.0,3785.32,3768.03,3775.08,-6.54,-0.17,11151469400.0,1974.63,300.0,12.56,2025-04-29,12.56,1974.63
20250430,000300,沪深300指数,沪深300,CSI 300 Index,CSI 300,3775.83,3787.56,3768.76,3770.57,-4.51,-0.12,14368165800.0,2448.2,300.0,12.51,2025-04-30,12.51,2448.2
20250506,000300,沪深300指数,沪深300,CSI 300 Index,CSI 300,3794.38,3809.09,3782.78,3808.54,37.97,1.01,15852045900.0,2679.37,300.0,12.16,2025-05-06,12.16,2679.37
20250507,000300,沪深300指数,沪深300,CSI 300 Index,CSI 300,3861.58,3863.68,3814.99,3831.63,23.08,0.61,16117229900.0,2860.11,300.0,12.26,2025-05-07,12.26,2860.11
20250508,000300,沪深300指数,沪深300,CSI 300 Index,CSI 300,3820.55,3867.33,3816.26,3852.9,21.27,0.56,12495983300.0,2469.87,300.0,12.31,2025-05-08,12.31,2469.87
20250509,000300,沪深300指数,沪深300,CSI 300 Index,CSI 300,3848.62,3853.66,3836.53,3846.16,-6.74,-0.17,11938952600.0,2166.98,300.0,12.31,2025-05-09,12.31,2166.98
20250512,000300,沪深300指数,沪深300,CSI 300 Index,CSI 300,3866.53,3890.73,3859.03,3890.61,44.45,1.16,15333246000.0,2961.23,300.0,12.42,2025-05-12,12.42,2961.23
20250513,000300,沪深300指数,沪深300,CSI 300 Index,CSI 300,3915.59,3915.59,3890.69,3896.26,5.65,0.15,14732029900.0,2675.86,300.0,12.45,2025-05-13,12.45,2675.86
20250514,000300,沪深300指数,沪深300,CSI 300 Index,CSI 300,3894.84,3960.52,3890.65,3943.21,46.95,1.21,17203377900.0,3194.65,300.0,12.61,2025-05-14,12.61,3194.65
20250515,000300,沪深300指数,沪深300,CSI 300 Index,CSI 300,3934.03,3936.47,3904.91,3907.2,-36.01,-0.91,13808174900.0,2414.65,300.0,12.53,2025-05-15,12.53,2414.65
20250516,000300,沪深300指数,沪深300,CSI 300 Index,CSI 300,3898.67,3903.85,3874.86,3889.09,-18.11,-0.46,11840534500.0,2088.36,300.0,12.45,2025-05-16,12.45,2088.36
20250519,000300,沪深300指数,沪深300,CSI 300 Index,CSI 300,3882.57,3885.59,3866.57,3877.15,-11.94,-0.31,9864341400.0,1848.88,300.0,12.4,2025-05-19,12.4,1848.88
20250520,000300,沪深300指数,沪深300,CSI 300 Index,CSI 300,3883.1,3911.47,3881.74,3898.17,21.03,0.54,10488523400.0,2016.37,300.0,12.46,2025-05-20,12.46,2016.37
20250521,000300,沪深300指数,沪深300,CSI 300 Index,CSI 300,3899.44,3928.63,3899.44,3916.38,18.21,0.47,10979134300.0,2170.38,300.0,12.52,2025-05-21,12.52,2170.38
20250522,000300,沪深300指数,沪深300,CSI 300 Index,CSI 300,3912.6,3923.02,3903.09,3913.87,-2.52,-0.06,10759705200.0,1975.11,300.0,12.52,2025-05-22,12.52,1975.11
20250523,000300,沪深300指数,沪深300,CSI 300 Index,CSI 300,3910.37,3931.55,3882.27,3882.27,-31.59,-0.81,12027741900.0,2329.45,300.0,12.41,2025-05-23,12.41,2329.45
20250526,000300,沪深300指数,沪深300,CSI 300 Index,CSI 300,3875.79,3884.54,3849.04,3860.11,-22.17,-0.57,10960120700.0,2088.77,300.0,12.34,2025-05-26,12.34,2088.77
20250527,000300,沪深300指数,沪深300,CSI 300 Index,CSI 300,3857.63,3865.43,3834.85,3839.4,-20.71,-0.54,9857242500.0,1784.67,300.0,12.29,2025-05-27,12.29,1784.67
20250528,000300,沪深300指数,沪深300,CSI 300 Index,CSI 300,3843.07,3849.74,3833.96,3836.24,-3.16,-0.08,8903102600.0,1624.96,300.0,12.29,2025-05-28,12.29,1624.96
20250529,000300,沪深300指数,沪深300,CSI 300 Index,CSI 300,3838.01,3869.79,3831.46,3858.7,22.46,0.59,10847188600.0,2094.6,300.0,12.34,2025-05-29,12.34,2094.6
20250530,000300,沪深300指数,沪深300,CSI 300 Index,CSI 300,3850.49,3858.61,3829.25,3840.23,-18.47,-0.48,11167222800.0,1993.9,300.0,12.3,2025-05-30,12.3,1993.9
20250603,000300,沪深300指数,沪深300,CSI 300 Index,CSI 300,3833.46,3863.3,3832.72,3852.01,11.78,0.31,13140309000.0,2267.83,300.0,12.33,2025-06-03,12.33,2267.83
20250604,000300,沪深300指数,沪深300,CSI 300 Index,CSI 300,3855.49,3875.86,3855.49,3868.74,16.73,0.43,11680387300.0,2117.36,300.0,12.37,2025-06-04,12.37,2117.36
20250605,000300,沪深300指数,沪深300,CSI 300 Index,CSI 300,3872.64,3883.13,3861.27,3877.56,8.81,0.23,12287818400.0,2317.49,300.0,12.4,2025-06-05,12.4,2317.49
20250606,000300,沪深300指数,沪深300,CSI 300 Index,CSI 300,3878.1,3889.46,3869.39,3873.98,-3.57,-0.09,11098797100.0,2020.35,300.0,12.4,2025-06-06,12.4,2020.35
20250609,000300,沪深300指数,沪深300,CSI 300 Index,CSI 300,3877.8,3894.65,3871.99,3885.25,11.26,0.29,13630629300.0,2620.24,300.0,12.41,2025-06-09,12.41,2620.24
20250610,000300,沪深300指数,沪深300,CSI 300 Index,CSI 300,3887.55,3897.46,3850.47,3865.47,-19.78,-0.51,14556385900.0,2636.48,300.0,12.37,2025-06-10,12.37,2636.48
20250611,000300,沪深300指数,沪深300,CSI 300 Index,CSI 300,3870.67,3911.61,3870.67,3894.63,29.16,0.75,14241477200.0,2572.18,300.0,12.45,2025-06-11,12.45,2572.18
20250612,000300,沪深300指数,沪深300,CSI 300 Index,CSI 300,3885.52,3900.04,3870.38,3892.2,-2.43,-0.06,13399869700.0,2602.4,300.0,12.44,2025-06-12,12.44,2602.4
20250613,000300,沪深300指数,沪深300,CSI 300 Index,CSI 300,3881.49,3889.16,3853.82,3864.18,-28.02,-0.72,17253953600.0,3091.72,300.0,12.37,2025-06-13,12.37,3091.72
20250616,000300,沪深300指数,沪深300,CSI 300 Index,CSI 300,3853.62,3876.17,3853.62,3873.8,9.61,0.25,13734183500.0,2468.61,300.0,12.37,2025-06-16,12.37,2468.61
20250617,000300,沪深300指数,沪深300,CSI 300 Index,CSI 300,3875.18,3880.42,3860.41,3870.38,-3.42,-0.09,12234252600.0,2204.0,300.0,12.38,2025-06-17,12.38,2204.0
20250618,000300,沪深300指数,沪深300,CSI 300 Index,CSI 300,3871.65,3881.35,3854.66,3874.97,4.59,0.12,12752862100.0,2305.54,300.0,12.41,2025-06-18,12.41,2305.54
20250619,000300,沪深300指数,沪深300,CSI 300 Index,CSI 300,3870.05,3872.94,3834.95,3843.09,-31.88,-0.82,13028065800.0,2348.4,300.0,12.33,2025-06-19,12.33,2348.4
20250620,000300,沪深300指数,沪深300,CSI 300 Index,CSI 300,3839.78,3856.48,3839.78,3846.64,3.55,0.09,11815102000.0,2135.23,300.0,12.34,2025-06-20,12.34,2135.23
20250623,000300,沪深300指数,沪深300,CSI 300 Index,CSI 300,3831.17,3867.59,3827.08,3857.9,11.26,0.29,13380089200.0,2324.82,300.0,12.39,2025-06-23,12.39,2324.82
20250624,000300,沪深300指数,沪深300,CSI 300 Index,CSI 300,3862.39,3914.16,3862.39,3904.03,46.13,1.2,16365618800.0,2942.29,300.0,12.45,2025-06-24,12.45,2942.29
20250625,000300,沪深300指数,沪深300,CSI 300 Index,CSI 300,3907.07,3963.04,3902.18,3960.07,56.03,1.44,18721367100.0,3617.27,300.0,12.6,2025-06-25,12.6,3617.27
20250626,000300,沪深300指数,沪深300,CSI 300 Index,CSI 300,3953.16,3964.48,3945.26,3946.02,-14.05,-0.35,16531626300.0,3281.03,300.0,12.54,2025-06-26,12.54,3281.03
20250627,000300,沪深300指数,沪深300,CSI 300 Index,CSI 300,3949.79,3969.26,3918.2,3921.76,-24.26,-0.61,19455791300.0,3434.68,300.0,12.41,2025-06-27,12.41,3434.68
20250630,000300,沪深300指数,沪深300,CSI 300 Index,CSI 300,3920.31,3940.36,3911.6,3936.08,14.32,0.37,14517023600.0,2888.21,300.0,12.45,2025-06-30,12.45,2888.21
20250701,000300,沪深300指数,沪深300,CSI 300 Index,CSI 300,3935.91,3946.25,3924.72,3942.76,6.68,0.17,12895936200.0,2360.7,300.0,12.46,2025-07-01,12.46,2360.7
20250702,000300,沪深300指数,沪深300,CSI 300 Index,CSI 300,3943.32,3952.14,3929.7,3943.68,0.92,0.02,14706306200.0,2466.38,300.0,12.46,2025-07-02,12.46,2466.38
20250703,000300,沪深300指数,沪深300,CSI 300 Index,CSI 300,3949.4,3971.62,3945.14,3968.07,24.38,0.62,14100400600.0,2696.1,300.0,12.51,2025-07-03,12.51,2696.1
20250704,000300,沪深300指数,沪深300,CSI 300 Index,CSI 300,3967.46,4013.85,3958.38,3982.2,14.14,0.36,15719713300.0,2905.13,300.0,12.58,2025-07-04,12.58,2905.13
20250707,000300,沪深300指数,沪深300,CSI 300 Index,CSI 300,3977.29,3979.75,3956.57,3965.17,-17.03,-0.43,13113527300.0,2251.07,300.0,12.54,2025-07-07,12.54,2251.07
20250708,000300,沪深300指数,沪深300,CSI 300 Index,CSI 300,3965.43,4002.27,3965.43,3998.45,33.28,0.84,15640289500.0,2920.9,300.0,12.62,2025-07-08,12.62,2920.9
20250709,000300,沪深300指数,沪深300,CSI 300 Index,CSI 300,3997.5,4016.74,3987.43,3991.4,-7.05,-0.18,17329379600.0,3053.99,300.0,12.61,2025-07-09,12.61,3053.99
20250710,000300,沪深300指数,沪深300,CSI 300 Index,CSI 300,3993.42,4032.98,3992.52,4010.02,18.62,0.47,20977890400.0,3478.37,300.0,12.68,2025-07-10,12.68,3478.37
20250711,000300,沪深300指数,沪深300,CSI 300 Index,CSI 300,4011.47,4065.94,4010.11,4014.81,4.78,0.12,26205277300.0,4437.81,300.0,12.66,2025-07-11,12.66,4437.81
20250714,000300,沪深300指数,沪深300,CSI 300 Index,CSI 300,4021.21,4034.92,4017.67,4017.67,2.86,0.07,20791717500.0,3214.16,300.0,12.69,2025-07-14,12.69,3214.16
20250715,000300,沪深300指数,沪深300,CSI 300 Index,CSI 300,4023.99,4042.66,3994.26,4019.06,1.4,0.03,19104293100.0,3535.25,300.0,12.67,2025-07-15,12.67,3535.25
20250716,000300,沪深300指数,沪深300,CSI 300 Index,CSI 300,4019.39,4027.86,3993.92,4007.2,-11.86,-0.3,15102730800.0,3006.57,300.0,12.64,2025-07-16,12.64,3006.57
20250717,000300,沪深300指数,沪深300,CSI 300 Index,CSI 300,4005.07,4034.59,4005.07,4034.49,27.29,0.68,16124904100.0,3255.17,300.0,12.68,2025-07-17,12.68,3255.17
20250718,000300,沪深300指数,沪深300,CSI 300 Index,CSI 300,4039.87,4064.64,4039.32,4058.55,24.06,0.6,18621106300.0,3542.44,300.0,12.75,2025-07-18,12.75,3542.44
20250721,000300,沪深300指数,沪深300,CSI 300 Index,CSI 300,4069.77,4086.12,4063.44,4085.61,27.06,0.67,22326847600.0,3779.39,300.0,12.83,2025-07-21,12.83,3779.39
20250722,000300,沪深300指数,沪深300,CSI 300 Index,CSI 300,4087.34,4119.2,4068.34,4118.96,33.35,0.82,25759698500.0,4508.74,300.0,12.91,2025-07-22,12.91,4508.74
20250723,000300,沪深300指数,沪深300,CSI 300 Index,CSI 300,4129.15,4155.68,4113.91,4119.77,0.81,0.02,30050615400.0,4703.31,300.0,12.93,2025-07-23,12.93,4703.31
20250724,000300,沪深300指数,沪深300,CSI 300 Index,CSI 300,4116.83,4152.43,4111.88,4149.04,29.27,0.71,31963239200.0,4870.0,300.0,12.98,2025-07-24,12.98,4870.0
20250725,000300,沪深300指数,沪深300,CSI 300 Index,CSI 300,4145.32,4150.5,4117.8,4127.16,-21.87,-0.53,27359496300.0,4304.46,300.0,12.9,2025-07-25,12.9,4304.46
20250728,000300,沪深300指数,沪深300,CSI 300 Index,CSI 300,4128.2,4146.12,4112.97,4135.82,8.66,0.21,22275981500.0,4067.93,300.0,12.92,2025-07-28,12.92,4067.93
20250729,000300,沪深300指数,沪深300,CSI 300 Index,CSI 300,4132.68,4153.33,4117.58,4152.02,16.2,0.39,23080788000.0,4287.64,300.0,12.76,2025-07-29,12.76,4287.64
20250730,000300,沪深300指数,沪深300,CSI 300 Index,CSI 300,4148.94,4185.21,4127.43,4151.24,-0.79,-0.02,24985304800.0,4451.68,300.0,12.79,2025-07-30,12.79,4451.68
20250731,000300,沪深300指数,沪深300,CSI 300 Index,CSI 300,4141.56,4141.82,4063.67,4075.59,-75.65,-1.82,26708740600.0,4921.43,300.0,12.61,2025-07-31,12.61,4921.43
20250801,000300,沪深300指数,沪深300,CSI 300 Index,CSI 300,4069.93,4085.35,4040.46,4054.93,-20.66,-0.51,19622182600.0,3596.85,300.0,12.53,2025-08-01,12.53,3596.85
20250804,000300,沪深300指数,沪深300,CSI 300 Index,CSI 300,4037.94,4070.7,4037.94,4070.7,15.77,0.39,16227590200.0,2959.77,300.0,12.59,2025-08-04,12.59,2959.77
20250805,000300,沪深300指数,沪深300,CSI 300 Index,CSI 300,4080.39,4106.3,4075.58,4103.45,32.75,0.8,17885199900.0,3069.34,300.0,12.71,2025-08-05,12.71,3069.34
20250806,000300,沪深300指数,沪深300,CSI 300 Index,CSI 300,4100.43,4116.71,4098.35,4113.49,10.04,0.24,17667615500.0,3076.75,300.0,12.74,2025-08-06,12.74,3076.75
20250807,000300,沪深300指数,沪深300,CSI 300 Index,CSI 300,4120.28,4129.74,4094.82,4114.67,1.18,0.03,19864190200.0,3581.08,300.0,12.77,2025-08-07,12.77,3581.08
20250808,000300,沪深300指数,沪深300,CSI 300 Index,CSI 300,4109.27,4122.21,4097.42,4104.97,-9.7,-0.24,17317120100.0,3085.08,300.0,12.75,2025-08-08,12.75,3085.08
20250811,000300,沪深300指数,沪深300,CSI 300 Index,CSI 300,4110.29,4134.25,4103.61,4122.51,17.54,0.43,19044371600.0,3606.86,300.0,12.76,2025-08-11,12.76,3606.86
20250812,000300,沪深300指数,沪深300,CSI 300 Index,CSI 300,4123.58,4153.29,4121.22,4143.83,21.31,0.52,17728782300.0,3830.88,300.0,12.85,2025-08-12,12.85,3830.88
20250813,000300,沪深300指数,沪深300,CSI 300 Index,CSI 300,4150.5,4186.75,4147.2,4176.58,32.75,0.79,21393499900.0,4627.77,300.0,12.92,2025-08-13,12.92,4627.77
20250814,000300,沪深300指数,沪深300,CSI 300 Index,CSI 300,4179.97,4220.31,4165.94,4173.31,-3.26,-0.08,22110359500.0,4850.76,300.0,12.92,2025-08-14,12.92,4850.76
20250815,000300,沪深300指数,沪深300,CSI 300 Index,CSI 300,4162.42,4214.73,4157.5,4202.35,29.04,0.7,26132756600.0,5186.87,300.0,12.97,2025-08-15,12.97,5186.87
20250818,000300,沪深300指数,沪深300,CSI 300 Index,CSI 300,4218.25,4272.96,4203.42,4239.41,37.06,0.88,30147910200.0,6353.66,300.0,13.07,2025-08-18,13.07,6353.66
20250819,000300,沪深300指数,沪深300,CSI 300 Index,CSI 300,4241.77,4264.23,4215.21,4223.37,-16.04,-0.38,25081877100.0,5535.36,300.0,13.06,2025-08-19,13.06,5535.36
20250820,000300,沪深300指数,沪深300,CSI 300 Index,CSI 300,4208.4,4272.15,4190.56,4271.4,48.02,1.14,24648177300.0,5388.15,300.0,13.2,2025-08-20,13.2,5388.15
20250821,000300,沪深300指数,沪深300,CSI 300 Index,CSI 300,4284.37,4308.45,4273.65,4288.07,16.67,0.39,25903001400.0,5585.21,300.0,13.26,2025-08-21,13.26,5585.21
20250822,000300,沪深300指数,沪深300,CSI 300 Index,CSI 300,4287.36,4378.39,4287.36,4378.0,89.93,2.1,29043489700.0,6759.35,300.0,13.48,2025-08-22,13.48,6759.35
20250825,000300,沪深300指数,沪深300,CSI 300 Index,CSI 300,4416.29,4472.65,4404.78,4469.22,91.22,2.08,35809000600.0,8236.82,300.0,13.71,2025-08-25,13.71,8236.82
20250826,000300,沪深300指数,沪深300,CSI 300 Index,CSI 300,4453.35,4476.8,4435.53,4452.59,-16.63,-0.37,27062139500.0,6279.5,300.0,13.66,2025-08-26,13.66,6279.5
20250827,000300,沪深300指数,沪深300,CSI 300 Index,CSI 300,4458.84,4494.91,4386.13,4386.13,-66.46,-1.49,33313389800.0,7850.98,300.0,13.43,2025-08-27,13.43,7850.98
20250828,000300,沪深300指数,沪深300,CSI 300 Index,CSI 300,4378.04,4464.8,4364.17,4463.78,77.66,1.77,29683453600.0,7394.24,300.0,13.61,2025-08-28,13.61,7394.24
20250829,000300,沪深300指数,沪深300,CSI 300 Index,CSI 300,4455.8,4516.84,4452.36,4496.76,32.98,0.74,35193894700.0,8311.94,300.0,13.71,2025-08-29,13.71,8311.94
20250901,000300,沪深300指数,沪深300,CSI 300 Index,CSI 300,4516.88,4528.13,4487.53,4523.71,26.95,0.6,32036670800.0,7703.78,300.0,14.31,2025-09-01,14.31,7703.78
20250902,000300,沪深300指数,沪深300,CSI 300 Index,CSI 300,4521.98,4548.89,4454.42,4490.45,-33.26,-0.74,30393256600.0,7779.99,300.0,14.28,2025-09-02,14.28,7779.99
20250903,000300,沪深300指数,沪深300,CSI 300 Index,CSI 300,4501.34,4510.73,4427.52,4459.83,-30.62,-0.68,25432021700.0,6556.97,300.0,14.15,2025-09-03,14.15,6556.97
20250904,000300,沪深300指数,沪深300,CSI 300 Index,CSI 300,4461.25,4465.5,4327.51,4365.21,-94.62,-2.12,30793460900.0,7731.25,300.0,13.97,2025-09-04,13.97,7731.25
20250905,000300,沪深300指数,沪深300,CSI 300 Index,CSI 300,4365.61,4466.56,4350.3,4460.32,95.12,2.18,24962565700.0,6641.67,300.0,14.14,2025-09-05,14.14,6641.67
20250908,000300,沪深300指数,沪深300,CSI 300 Index,CSI 300,4467.17,4482.76,4438.07,4467.57,7.25,0.16,26763838200.0,6836.31,300.0,14.14,2025-09-08,14.14,6836.31
20250909,000300,沪深300指数,沪深300,CSI 300 Index,CSI 300,4448.74,4472.09,4412.69,4436.26,-31.31,-0.7,22137546000.0,5628.61,300.0,14.07,2025-09-09,14.07,5628.61
20250910,000300,沪深300指数,沪深300,CSI 300 Index,CSI 300,4438.3,4466.63,4414.59,4445.36,9.11,0.21,20359764600.0,5355.39,300.0,14.11,2025-09-10,14.11,5355.39
20250911,000300,沪深300指数,沪深300,CSI 300 Index,CSI 300,4438.84,4548.03,4427.92,4548.03,102.67,2.31,25326405100.0,6931.57,300.0,14.38,2025-09-11,14.38,6931.57
20250912,000300,沪深300指数,沪深300,CSI 300 Index,CSI 300,4544.59,4564.67,4517.79,4522.0,-26.04,-0.57,26644200300.0,6895.76,300.0,14.31,2025-09-12,14.31,6895.76
20250915,000300,沪深300指数,沪深300,CSI 300 Index,CSI 300,4534.89,4566.91,4522.5,4533.06,11.06,0.24,23188567800.0,6133.15,300.0,14.32,2025-09-15,14.32,6133.15
20250916,000300,沪深300指数,沪深300,CSI 300 Index,CSI 300,4539.92,4552.42,4494.79,4523.34,-9.72,-0.21,24926920600.0,6137.28,300.0,14.27,2025-09-16,14.27,6137.28
20250917,000300,沪深300指数,沪深300,CSI 300 Index,CSI 300,4517.29,4556.03,4503.8,4551.02,27.69,0.61,23571647200.0,6084.54,300.0,14.33,2025-09-17,14.33,6084.54
20250918,000300,沪深300指数,沪深300,CSI 300 Index,CSI 300,4546.03,4573.83,4454.99,4498.11,-52.91,-1.16,30985982600.0,8399.87,300.0,14.15,2025-09-18,14.15,8399.87
20250919,000300,沪深300指数,沪深300,CSI 300 Index,CSI 300,4499.09,4533.09,4491.84,4501.92,3.81,0.08,22504400000.0,6038.87,300.0,14.14,2025-09-19,14.14,6038.87
20250922,000300,沪深300指数,沪深300,CSI 300 Index,CSI 300,4512.03,4523.87,4487.13,4522.61,20.69,0.46,19645995600.0,5631.49,300.0,14.17,2025-09-22,14.17,5631.49
20250923,000300,沪深300指数,沪深300,CSI 300 Index,CSI 300,4536.76,4560.73,4459.73,4519.78,-2.83,-0.06,25282706200.0,6805.14,300.0,14.2,2025-09-23,14.2,6805.14
20250924,000300,沪深300指数,沪深300,CSI 300 Index,CSI 300,4495.27,4567.49,4494.11,4566.07,46.29,1.02,22048260800.0,6291.61,300.0,14.28,2025-09-24,14.28,6291.61
20250925,000300,沪深300指数,沪深300,CSI 300 Index,CSI 300,4563.98,4613.95,4558.84,4593.49,27.42,0.6,22982333300.0,6698.67,300.0,14.32,2025-09-25,14.32,6698.67
20250926,000300,沪深300指数,沪深300,CSI 300 Index,CSI 300,4576.91,4597.85,4550.05,4550.05,-43.44,-0.95,20848211400.0,5987.24,300.0,14.22,2025-09-26,14.22,5987.24
20250929,000300,沪深300指数,沪深300,CSI 300 Index,CSI 300,4555.03,4647.57,4541.43,4620.05,70.0,1.54,27435887700.0,6933.95,300.0,14.39,2025-09-29,14.39,6933.95
20250930,000300,沪深300指数,沪深300,CSI 300 Index,CSI 300,4629.9,4647.5,4616.22,4640.69,20.64,0.45,24798035900.0,6646.24,300.0,14.42,2025-09-30,14.42,6646.24
20251009,000300,沪深300指数,沪深300,CSI 300 Index,CSI 300,4662.11,4726.34,4651.99,4709.48,68.79,1.48,34767869600.0,8622.08,300.0,14.62,2025-10-09,14.62,8622.08
20251010,000300,沪深300指数,沪深300,CSI 300 Index,CSI 300,4679.5,4692.59,4600.96,4616.83,-92.65,-1.97,31902089900.0,7927.43,300.0,14.42,2025-10-10,14.42,7927.43
20251013,000300,沪深300指数,沪深300,CSI 300 Index,CSI 300,4490.87,4601.81,4490.87,4593.98,-22.86,-0.5,31501035400.0,7140.02,300.0,14.35,2025-10-13,14.35,7140.02
20251014,000300,沪深300指数,沪深300,CSI 300 Index,CSI 300,4634.05,4641.45,4520.93,4539.06,-54.91,-1.2,37295403000.0,8089.59,300.0,14.27,2025-10-14,14.27,8089.59
20251015,000300,沪深300指数,沪深300,CSI 300 Index,CSI 300,4544.24,4608.82,4526.83,4606.29,67.22,1.48,28477185500.0,6073.26,300.0,14.45,2025-10-15,14.45,6073.26
20251016,000300,沪深300指数,沪深300,CSI 300 Index,CSI 300,4588.92,4645.1,4586.28,4618.42,12.13,0.26,24823551800.0,5605.67,300.0,14.54,2025-10-16,14.54,5605.67
20251017,000300,沪深300指数,沪深300,CSI 300 Index,CSI 300,4610.7,4618.56,4509.33,4514.23,-104.19,-2.26,25690561700.0,5590.86,300.0,14.27,2025-10-17,14.27,5590.86
20251020,000300,沪深300指数,沪深300,CSI 300 Index,CSI 300,4558.24,4570.44,4520.5,4538.22,23.99,0.53,21842040500.0,5057.99,300.0,14.36,2025-10-20,14.36,5057.99
20251021,000300,沪深300指数,沪深300,CSI 300 Index,CSI 300,4556.12,4615.46,4547.93,4607.87,69.65,1.53,21571117500.0,5513.9,300.0,14.57,2025-10-21,14.57,5513.9
20251022,000300,沪深300指数,沪深300,CSI 300 Index,CSI 300,4576.03,4603.49,4567.24,4592.57,-15.3,-0.33,18533396000.0,4409.35,300.0,14.57,2025-10-22,14.57,4409.35
20251023,000300,沪深300指数,沪深300,CSI 300 Index,CSI 300,4578.7,4611.34,4541.69,4606.34,13.77,0.3,20046391700.0,4208.0,300.0,14.62,2025-10-23,14.62,4208.0
20251024,000300,沪深300指数,沪深300,CSI 300 Index,CSI 300,4622.79,4660.68,4622.79,4660.68,54.34,1.18,20881448300.0,5519.87,300.0,14.75,2025-10-24,14.75,5519.87
20251027,000300,沪深300指数,沪深300,CSI 300 Index,CSI 300,4699.38,4720.43,4687.69,4716.02,55.34,1.19,26220067400.0,6726.7,300.0,14.93,2025-10-27,14.93,6726.7
20251028,000300,沪深300指数,沪深300,CSI 300 Index,CSI 300,4697.73,4734.32,4679.23,4691.97,-24.05,-0.51,22090664500.0,5715.63,300.0,14.88,2025-10-28,14.88,5715.63
20251029,000300,沪深300指数,沪深300,CSI 300 Index,CSI 300,4701.04,4747.84,4697.27,4747.84,55.86,1.19,24621132400.0,6458.99,300.0,15.01,2025-10-29,15.01,6458.99
20251030,000300,沪深300指数,沪深300,CSI 300 Index,CSI 300,4735.98,4761.83,4706.45,4709.91,-37.93,-0.8,27328911800.0,7199.56,300.0,14.9,2025-10-30,14.9,7199.56
20251031,000300,沪深300指数,沪深300,CSI 300 Index,CSI 300,4702.49,4706.14,4640.67,4640.67,-69.24,-1.47,28146474000.0,6807.12,300.0,14.68,2025-10-31,14.68,6807.12
20251103,000300,沪深300指数,沪深300,CSI 300 Index,CSI 300,4636.73,4653.4,4595.73,4653.4,12.74,0.27,23986980900.0,5576.03,300.0,14.75,2025-11-03,14.75,5576.03
20251104,000300,沪深300指数,沪深300,CSI 300 Index,CSI 300,4649.35,4665.32,4595.07,4618.7,-34.7,-0.75,23322403200.0,5051.78,300.0,14.69,2025-11-04,14.69,5051.78
20251105,000300,沪深300指数,沪深300,CSI 300 Index,CSI 300,4562.11,4642.61,4558.76,4627.26,8.56,0.19,20304587100.0,4683.61,300.0,14.71,2025-11-05,14.71,4683.61
20251106,000300,沪深300指数,沪深300,CSI 300 Index,CSI 300,4642.01,4698.09,4642.01,4693.4,66.15,1.43,22424100800.0,5536.42,300.0,14.88,2025-11-06,14.88,5536.42
20251107,000300,沪深300指数,沪深300,CSI 300 Index,CSI 300,4673.76,4701.37,4666.04,4678.79,-14.61,-0.31,21249737700.0,5075.74,300.0,14.83,2025-11-07,14.83,5075.74
20251110,000300,沪深300指数,沪深300,CSI 300 Index,CSI 300,4688.12,4695.18,4654.21,4695.05,16.26,0.35,23602676400.0,5939.77,300.0,14.89,2025-11-10,14.89,5939.77
20251111,000300,沪深300指数,沪深300,CSI 300 Index,CSI 300,4706.34,4707.13,4648.49,4652.17,-42.89,-0.91,18663885800.0,4776.29,300.0,14.79,2025-11-11,14.79,4776.29
20251112,000300,沪深300指数,沪深300,CSI 300 Index,CSI 300,4643.56,4669.61,4620.99,4645.91,-6.26,-0.13,20946059200.0,4923.09,300.0,14.82,2025-11-12,14.82,4923.09
20251113,000300,沪深300指数,沪深300,CSI 300 Index,CSI 300,4643.79,4703.49,4643.79,4702.07,56.17,1.21,20736747400.0,5100.61,300.0,14.94,2025-11-13,14.94,5100.61
20251114,000300,沪深300指数,沪深300,CSI 300 Index,CSI 300,4663.32,4684.26,4628.02,4628.14,-73.93,-1.57,19209267600.0,4447.2,300.0,14.74,2025-11-14,14.74,4447.2
20251117,000300,沪深300指数,沪深300,CSI 300 Index,CSI 300,4616.81,4624.9,4580.26,4598.05,-30.09,-0.65,18895546600.0,4389.4,300.0,14.62,2025-11-17,14.62,4389.4
20251118,000300,沪深300指数,沪深300,CSI 300 Index,CSI 300,4584.79,4606.62,4552.8,4568.19,-29.86,-0.65,17771318500.0,4201.5,300.0,14.53,2025-11-18,14.53,4201.5
20251119,000300,沪深300指数,沪深300,CSI 300 Index,CSI 300,4568.04,4607.86,4568.04,4588.29,20.1,0.44,17292497400.0,3852.3,300.0,14.63,2025-11-19,14.63,3852.3
20251120,000300,沪深300指数,沪深300,CSI 300 Index,CSI 300,4619.54,4620.65,4560.18,4564.95,-23.34,-0.51,19456259300.0,4150.65,300.0,14.59,2025-11-20,14.59,4150.65
20251121,000300,沪深300指数,沪深300,CSI 300 Index,CSI 300,4513.39,4527.04,4453.18,4453.61,-111.34,-2.44,22285101300.0,4812.96,300.0,14.3,2025-11-21,14.3,4812.96
20251124,000300,沪深300指数,沪深300,CSI 300 Index,CSI 300,4473.16,4478.81,4421.81,4448.05,-5.56,-0.12,18583372900.0,4258.07,300.0,14.24,2025-11-24,14.24,4258.07
20251125,000300,沪深300指数,沪深300,CSI 300 Index,CSI 300,4475.84,4510.77,4467.35,4490.4,42.36,0.95,16957192900.0,4115.24,300.0,14.35,2025-11-25,14.35,4115.24
20251126,000300,沪深300指数,沪深300,CSI 300 Index,CSI 300,4490.2,4538.14,4485.7,4517.63,27.22,0.61,15620036800.0,4273.61,300.0,14.38,2025-11-26,14.38,4273.61
20251127,000300,沪深300指数,沪深300,CSI 300 Index,CSI 300,4520.01,4559.22,4509.86,4515.4,-2.22,-0.05,15031177200.0,4177.9,300.0,14.41,2025-11-27,14.41,4177.9
20251128,000300,沪深300指数,沪深300,CSI 300 Index,CSI 300,4511.5,4531.72,4492.43,4526.66,11.26,0.25,14290209600.0,3418.32,300.0,14.42,2025-11-28,14.42,3418.32
20251201,000300,沪深300指数,沪深300,CSI 300 Index,CSI 300,4539.19,4576.97,4531.29,4576.49,49.82,1.1,20038231700.0,4638.62,300.0,14.54,2025-12-01,14.54,4638.62
20251202,000300,沪深300指数,沪深300,CSI 300 Index,CSI 300,4571.91,4575.49,4539.43,4554.33,-22.15,-0.48,14849313200.0,3643.66,300.0,14.5,2025-12-02,14.5,3643.66
20251203,000300,沪深300指数,沪深300,CSI 300 Index,CSI 300,4554.59,4569.82,4523.5,4531.05,-23.29,-0.51,16976279000.0,3744.86,300.0,14.44,2025-12-03,14.44,3744.86
20251204,000300,沪深300指数,沪深300,CSI 300 Index,CSI 300,4533.6,4557.42,4514.19,4546.57,15.52,0.34,14719811000.0,3487.67,300.0,14.46,2025-12-04,14.46,3487.67
20251205,000300,沪深300指数,沪深300,CSI 300 Index,CSI 300,4547.91,4593.83,4535.02,4584.54,37.97,0.84,19679996800.0,4121.47,300.0,14.54,2025-12-05,14.54,4121.47
20251208,000300,沪深300指数,沪深300,CSI 300 Index,CSI 300,4593.14,4640.63,4592.74,4621.75,37.22,0.81,19962099000.0,4967.16,300.0,14.62,2025-12-08,14.62,4967.16
20251209,000300,沪深300指数,沪深300,CSI 300 Index,CSI 300,4611.38,4628.7,4584.25,4598.22,-23.53,-0.51,18416034400.0,4521.14,300.0,14.57,2025-12-09,14.57,4521.14
20251210,000300,沪深300指数,沪深300,CSI 300 Index,CSI 300,4586.25,4598.54,4549.08,4591.83,-6.4,-0.14,16911110600.0,4014.53,300.0,14.51,2025-12-10,14.51,4014.53
20251211,000300,沪深300指数,沪深300,CSI 300 Index,CSI 300,4597.19,4610.28,4547.14,4552.18,-39.64,-0.86,16841940500.0,4324.31,300.0,14.42,2025-12-11,14.42,4324.31
20251212,000300,沪深300指数,沪深300,CSI 300 Index,CSI 300,4558.74,4583.68,4530.78,4580.95,28.77,0.63,21282652000.0,5238.63,300.0,14.45,2025-12-12,14.45,5238.63
20251215,000300,沪深300指数,沪深300,CSI 300 Index,CSI 300,4550.0,4595.05,4548.44,4552.06,-28.89,-0.63,16758996700.0,4243.83,300.0,14.56,2025-12-15,14.56,4243.83
20251216,000300,沪深300指数,沪深300,CSI 300 Index,CSI 300,4542.42,4553.08,4484.27,4497.55,-54.51,-1.2,16516520100.0,3905.0,300.0,14.42,2025-12-16,14.42,3905.0
20251217,000300,沪深300指数,沪深300,CSI 300 Index,CSI 300,4499.77,4594.66,4498.93,4579.88,82.32,1.83,17842483000.0,4525.05,300.0,14.64,2025-12-17,14.64,4525.05
20251218,000300,沪深300指数,沪深300,CSI 300 Index,CSI 300,4553.98,4571.97,4544.14,4552.79,-27.08,-0.59,15168132800.0,3821.02,300.0,14.1,2025-12-18,14.1,3821.02
20251219,000300,沪深300指数,沪深300,CSI 300 Index,CSI 300,4561.37,4591.09,4546.85,4568.18,15.39,0.34,15487622000.0,3715.77,300.0,14.11,2025-12-19,14.11,3715.77
20251222,000300,沪深300指数,沪深300,CSI 300 Index,CSI 300,4587.67,4615.87,4587.67,4611.62,43.45,0.95,16525285600.0,4482.41,300.0,14.21,2025-12-22,14.21,4482.41
20251223,000300,沪深300指数,沪深300,CSI 300 Index,CSI 300,4616.03,4644.53,4607.8,4620.73,9.11,0.2,16925641200.0,4331.41,300.0,14.26,2025-12-23,14.26,4331.41
20251224,000300,沪深300指数,沪深300,CSI 300 Index,CSI 300,4623.68,4639.43,4602.14,4634.06,13.32,0.29,15371124100.0,4063.76,300.0,14.28,2025-12-24,14.28,4063.76
20251225,000300,沪深300指数,沪深300,CSI 300 Index,CSI 300,4629.32,4651.15,4621.92,4642.54,8.48,0.18,13943418600.0,3853.56,300.0,14.31,2025-12-25,14.31,3853.56
20251226,000300,沪深300指数,沪深300,CSI 300 Index,CSI 300,4639.79,4676.13,4635.11,4657.24,14.7,0.32,17539656500.0,4604.27,300.0,14.31,2025-12-26,14.31,4604.27
20251229,000300,沪深300指数,沪深300,CSI 300 Index,CSI 300,4658.27,4672.04,4629.06,4639.37,-17.87,-0.38,20039713300.0,4826.14,300.0,14.31,2025-12-29,14.31,4826.14
20251230,000300,沪深300指数,沪深300,CSI 300 Index,CSI 300,4617.32,4664.33,4616.63,4651.28,11.91,0.26,18037497400.0,4571.85,300.0,14.34,2025-12-30,14.34,4571.85
20251231,000300,沪深300指数,沪深300,CSI 300 Index,CSI 300,4656.48,4667.05,4622.1,4629.94,-21.34,-0.46,17076022400.0,4444.92,300.0,14.31,2025-12-31,14.31,4444.92
20260105,000300,沪深300指数,沪深300,CSI 300 Index,CSI 300,4661.62,4721.64,4661.62,4717.75,87.81,1.9,23414483900.0,6305.77,300.0,14.49,2026-01-05,14.49,6305.77
20260106,000300,沪深300指数,沪深300,CSI 300 Index,CSI 300,4719.21,4790.69,4718.01,4790.69,72.95,1.55,29697068600.0,7254.15,300.0,14.69,2026-01-06,14.69,7254.15
20260107,000300,沪深300指数,沪深300,CSI 300 Index,CSI 300,4796.93,4802.6,4751.07,4776.67,-14.03,-0.29,25909556400.0,6648.98,300.0,14.62,2026-01-07,14.62,6648.98
20260108,000300,沪深300指数,沪深300,CSI 300 Index,CSI 300,4761.01,4765.49,4717.01,4737.65,-39.01,-0.82,23880495700.0,6306.56,300.0,14.52,2026-01-08,14.52,6306.56
20260109,000300,沪深300指数,沪深300,CSI 300 Index,CSI 300,4725.96,4771.43,4719.13,4758.92,21.27,0.45,25468803800.0,6687.89,300.0,14.59,2026-01-09,14.59,6687.89
20260112,000300,沪深300指数,沪深300,CSI 300 Index,CSI 300,4769.65,4795.93,4737.57,4789.92,30.99,0.65,29483316500.0,7999.54,300.0,14.67,2026-01-12,14.67,7999.54
20260113,000300,沪深300指数,沪深300,CSI 300 Index,CSI 300,4798.05,4836.95,4745.52,4761.03,-28.88,-0.6,30144949700.0,8010.55,300.0,14.62,2026-01-13,14.62,8010.55
20260114,000300,沪深300指数,沪深300,CSI 300 Index,CSI 300,4767.7,4818.1,4720.25,4741.93,-19.1,-0.4,36495102300.0,8913.34,300.0,14.52,2026-01-14,14.52,8913.34
20260115,000300,沪深300指数,沪深300,CSI 300 Index,CSI 300,4721.8,4769.55,4720.94,4751.43,9.5,0.2,25400363600.0,6740.59,300.0,14.51,2026-01-15,14.51,6740.59
20260116,000300,沪深300指数,沪深300,CSI 300 Index,CSI 300,4778.43,4792.55,4715.36,4731.87,-19.56,-0.41,32527892900.0,7856.24,300.0,14.43,2026-01-16,14.43,7856.24
20260119,000300,沪深300指数,沪深300,CSI 300 Index,CSI 300,4720.19,4761.63,4715.09,4734.46,2.58,0.05,26761249200.0,6551.49,300.0,14.43,2026-01-19,14.43,6551.49
20260120,000300,沪深300指数,沪深300,CSI 300 Index,CSI 300,4736.91,4748.23,4684.97,4718.88,-15.58,-0.33,28271957900.0,6719.61,300.0,14.43,2026-01-20,14.43,6719.61
20260121,000300,沪深300指数,沪深300,CSI 300 Index,CSI 300,4714.55,4758.28,4714.24,4723.07,4.19,0.09,26635333200.0,6653.31,300.0,14.39,2026-01-21,14.39,6653.31
20260122,000300,沪深300指数,沪深300,CSI 300 Index,CSI 300,4741.75,4757.76,4700.45,4723.71,0.64,0.01,27419993200.0,6902.35,300.0,14.38,2026-01-22,14.38,6902.35
20260123,000300,沪深300指数,沪深300,CSI 300 Index,CSI 300,4729.59,4734.79,4684.62,4702.5,-21.21,-0.45,31463544500.0,7556.18,300.0,14.28,2026-01-23,14.28,7556.18
20260126,000300,沪深300指数,沪深300,CSI 300 Index,CSI 300,4715.38,4754.18,4693.16,4706.96,4.47,0.1,36300448100.0,7968.33,300.0,14.34,2026-01-26,14.34,7968.33
20260127,000300,沪深300指数,沪深300,CSI 300 Index,CSI 300,4705.17,4736.99,4675.64,4705.69,-1.27,-0.03,30147569700.0,7152.68,300.0,14.33,2026-01-27,14.33,7152.68
20260128,000300,沪深300指数,沪深300,CSI 300 Index,CSI 300,4725.6,4739.63,4697.91,4717.99,12.3,0.26,38225560200.0,8294.14,300.0,14.36,2026-01-28,14.36,8294.14
20260129,000300,沪深300指数,沪深300,CSI 300 Index,CSI 300,4733.09,4770.96,4696.05,4753.87,35.88,0.76,41551305500.0,9179.66,300.0,14.48,2026-01-29,14.48,9179.66
20260130,000300,沪深300指数,沪深300,CSI 300 Index,CSI 300,4723.08,4738.87,4645.47,4706.34,-47.53,-1.0,31978653100.0,7505.65,300.0,14.35,2026-01-30,14.35,7505.65
20260202,000300,沪深300指数,沪深300,CSI 300 Index,CSI 300,4674.28,4716.61,4601.76,4605.98,-100.36,-2.13,30477350000.0,7259.2,300.0,14.1,2026-02-02,14.1,7259.2
20260203,000300,沪深300指数,沪深300,CSI 300 Index,CSI 300,4648.36,4662.13,4578.21,4660.11,54.13,1.18,26554940500.0,6666.27,300.0,14.18,2026-02-03,14.18,6666.27
20260204,000300,沪深300指数,沪深300,CSI 300 Index,CSI 300,4647.97,4701.48,4641.84,4698.68,38.58,0.83,26488103200.0,6360.19,300.0,14.32,2026-02-04,14.32,6360.19
20260205,000300,沪深300指数,沪深300,CSI 300 Index,CSI 300,4664.75,4687.02,4639.43,4670.42,-28.26,-0.6,23785635100.0,5504.33,300.0,14.27,2026-02-05,14.27,5504.33
20260206,000300,沪深300指数,沪深300,CSI 300 Index,CSI 300,4622.97,4678.26,4606.64,4643.6,-26.82,-0.57,20271647700.0,5057.6,300.0,14.21,2026-02-06,14.21,5057.6
20260209,000300,沪深300指数,沪深300,CSI 300 Index,CSI 300,4693.67,4719.96,4679.9,4719.06,75.46,1.63,20725193800.0,5227.57,300.0,14.39,2026-02-09,14.39,5227.57
20260210,000300,沪深300指数,沪深300,CSI 300 Index,CSI 300,4718.26,4732.09,4713.87,4724.3,5.24,0.11,18700095800.0,4503.4,300.0,14.41,2026-02-10,14.41,4503.4
20260211,000300,沪深300指数,沪深300,CSI 300 Index,CSI 300,4715.67,4723.7,4703.69,4713.82,-10.48,-0.22,17339168100.0,4334.29,300.0,14.41,2026-02-11,14.41,4334.29
20260212,000300,沪深300指数,沪深300,CSI 300 Index,CSI 300,4720.01,4726.04,4707.74,4719.58,5.76,0.12,19784143900.0,4904.74,300.0,14.39,2026-02-12,14.39,4904.74
20260213,000300,沪深300指数,沪深300,CSI 300 Index,CSI 300,4693.41,4703.63,4658.4,4660.41,-59.17,-1.25,18916775600.0,4528.79,300.0,14.2,2026-02-13,14.2,4528.79
20260224,000300,沪深300指数,沪深300,CSI 300 Index,CSI 300,4727.3,4727.37,4698.35,4707.54,47.14,1.01,21848889000.0,5260.84,300.0,14.32,2026-02-24,14.32,5260.84
20260225,000300,沪深300指数,沪深300,CSI 300 Index,CSI 300,4713.58,4766.56,4713.34,4735.89,28.34,0.6,28426835400.0,5969.04,300.0,14.38,2026-02-25,14.38,5969.04
20260226,000300,沪深300指数,沪深300,CSI 300 Index,CSI 300,4741.39,4742.15,4706.69,4726.87,-9.01,-0.19,23484764400.0,5998.49,300.0,14.35,2026-02-26,14.35,5998.49
20260227,000300,沪深300指数,沪深300,CSI 300 Index,CSI 300,4698.3,4721.01,4692.89,4710.65,-16.23,-0.34,26142086500.0,5788.21,300.0,14.32,2026-02-27,14.32,5788.21
20260302,000300,沪深300指数,沪深300,CSI 300 Index,CSI 300,4681.01,4735.41,4667.28,4728.67,18.02,0.38,34926075200.0,7526.82,300.0,14.45,2026-03-02,14.45,7526.82
20260303,000300,沪深300指数,沪深300,CSI 300 Index,CSI 300,4737.32,4744.6,4651.4,4655.9,-72.77,-1.54,37062427200.0,8016.59,300.0,14.4,2026-03-03,14.4,8016.59
20260304,000300,沪深300指数,沪深300,CSI 300 Index,CSI 300,4609.19,4639.42,4575.82,4602.62,-53.27,-1.14,30303566600.0,6089.23,300.0,14.23,2026-03-04,14.23,6089.23
20260305,000300,沪深300指数,沪深300,CSI 300 Index,CSI 300,4651.94,4671.53,4630.3,4647.69,45.07,0.98,25931782500.0,5704.44,300.0,14.32,2026-03-05,14.32,5704.44
20260306,000300,沪深300指数,沪深300,CSI 300 Index,CSI 300,4621.49,4671.71,4612.79,4660.44,12.75,0.27,23852792600.0,4878.07,300.0,14.34,2026-03-06,14.34,4878.07
20260309,000300,沪深300指数,沪深300,CSI 300 Index,CSI 300,4600.25,4625.98,4548.97,4615.46,-44.98,-0.97,32278761700.0,6658.22,300.0,14.26,2026-03-09,14.26,6658.22
20260310,000300,沪深300指数,沪深300,CSI 300 Index,CSI 300,4648.79,4677.6,4648.79,4674.76,59.3,1.28,26390374800.0,5576.08,300.0,14.33,2026-03-10,14.33,5576.08
20260311,000300,沪深300指数,沪深300,CSI 300 Index,CSI 300,4681.03,4711.87,4674.71,4704.5,29.74,0.64,27017544300.0,5795.64,300.0,14.44,2026-03-11,14.44,5795.64
20260312,000300,沪深300指数,沪深300,CSI 300 Index,CSI 300,4700.72,4704.38,4654.31,4687.56,-16.94,-0.36,30298681600.0,5721.05,300.0,14.42,2026-03-12,14.42,5721.05
20260313,000300,沪深300指数,沪深300,CSI 300 Index,CSI 300,4669.06,4707.42,4659.5,4669.14,-18.42,-0.39,31077200900.0,5803.06,300.0,14.37,2026-03-13,14.37,5803.06
20260316,000300,沪深300指数,沪深300,CSI 300 Index,CSI 300,4669.22,4673.69,4621.81,4671.56,2.42,0.05,29621507000.0,5987.99,300.0,14.37,2026-03-16,14.37,5987.99
20260317,000300,沪深300指数,沪深300,CSI 300 Index,CSI 300,4685.57,4720.86,4637.37,4637.44,-34.12,-0.73,26302191300.0,5785.02,300.0,14.32,2026-03-17,14.32,5785.02
20260318,000300,沪深300指数,沪深300,CSI 300 Index,CSI 300,4648.75,4662.29,4604.52,4658.33,20.89,0.45,23469070500.0,5241.74,300.0,14.35,2026-03-18,14.35,5241.74
20260319,000300,沪深300指数,沪深300,CSI 300 Index,CSI 300,4611.44,4634.55,4570.39,4583.25,-75.08,-1.61,25413044900.0,5478.5,300.0,14.21,2026-03-19,14.21,5478.5
20260320,000300,沪深300指数,沪深300,CSI 300 Index,CSI 300,4602.82,4628.71,4563.07,4567.02,-16.23,-0.35,25787370300.0,6154.63,300.0,14.12,2026-03-20,14.12,6154.63
20260323,000300,沪深300指数,沪深300,CSI 300 Index,CSI 300,4499.1,4514.72,4397.57,4418.0,-149.02,-3.26,32808194500.0,6717.2,300.0,13.7,2026-03-23,13.7,6717.2
20260324,000300,沪深300指数,沪深300,CSI 300 Index,CSI 300,4458.91,4474.83,4394.29,4474.72,56.73,1.28,25553251700.0,5301.49,300.0,13.84,2026-03-24,13.84,5301.49
20260325,000300,沪深300指数,沪深300,CSI 300 Index,CSI 300,4506.62,4542.18,4502.03,4537.47,62.74,1.4,26263927900.0,5504.28,300.0,13.99,2026-03-25,13.99,5504.28
20260326,000300,沪深300指数,沪深300,CSI 300 Index,CSI 300,4525.33,4541.05,4468.96,4477.53,-59.93,-1.32,21373678800.0,4711.27,300.0,13.85,2026-03-26,13.85,4711.27
20260327,000300,沪深300指数,沪深300,CSI 300 Index,CSI 300,4431.5,4519.89,4431.42,4502.57,25.04,0.56,19240038800.0,4405.18,300.0,13.9,2026-03-27,13.9,4405.18
20260330,000300,沪深300指数,沪深300,CSI 300 Index,CSI 300,4461.74,4496.41,4447.14,4491.95,-10.62,-0.24,20929309200.0,4446.3,300.0,13.91,2026-03-30,13.91,4446.3
20260331,000300,沪深300指数,沪深300,CSI 300 Index,CSI 300,4491.92,4523.17,4450.05,4450.05,-41.9,-0.93,22454158500.0,4845.58,300.0,13.84,2026-03-31,13.84,4845.58
20260401,000300,沪深300指数,沪深300,CSI 300 Index,CSI 300,4517.27,4532.11,4492.05,4526.07,76.02,1.71,21648319600.0,5037.44,300.0,14.0,2026-04-01,14.0,5037.44
20260402,000300,沪深300指数,沪深300,CSI 300 Index,CSI 300,4514.44,4519.69,4459.61,4478.91,-47.15,-1.04,19099216100.0,4299.49,300.0,13.94,2026-04-02,13.94,4299.49
20260403,000300,沪深300指数,沪深300,CSI 300 Index,CSI 300,4492.85,4494.46,4437.6,4440.79,-38.13,-0.85,16832170500.0,3732.35,300.0,13.81,2026-04-03,13.81,3732.35
20260407,000300,沪深300指数,沪深300,CSI 300 Index,CSI 300,4445.86,4458.93,4420.69,4440.62,-0.17,0.0,16263878700.0,3782.62,300.0,13.8,2026-04-07,13.8,3782.62
20260408,000300,沪深300指数,沪深300,CSI 300 Index,CSI 300,4517.34,4595.56,4513.77,4595.56,154.94,3.49,25333921300.0,6417.79,300.0,14.13,2026-04-08,14.13,6417.79
20260409,000300,沪深300指数,沪深300,CSI 300 Index,CSI 300,4562.67,4579.2,4552.42,4566.22,-29.33,-0.64,18493978300.0,5004.46,300.0,14.04,2026-04-09,14.04,5004.46
20260410,000300,沪深300指数,沪深300,CSI 300 Index,CSI 300,4594.95,4655.1,4590.11,4636.57,70.34,1.54,20867860500.0,6257.18,300.0,14.18,2026-04-10,14.18,6257.18
20260413,000300,沪深300指数,沪深300,CSI 300 Index,CSI 300,4615.13,4653.4,4615.13,4646.15,9.59,0.21,19671227700.0,5566.21,300.0,14.22,2026-04-13,14.22,5566.21
20260414,000300,沪深300指数,沪深300,CSI 300 Index,CSI 300,4676.12,4701.28,4654.85,4701.28,55.13,1.19,20470033200.0,6057.18,300.0,14.36,2026-04-14,14.36,6057.18
20260415,000300,沪深300指数,沪深300,CSI 300 Index,CSI 300,4726.64,4731.27,4672.56,4685.25,-16.04,-0.34,20168850000.0,6045.51,300.0,14.34,2026-04-15,14.34,6045.51
20260416,000300,沪深300指数,沪深300,CSI 300 Index,CSI 300,4694.43,4739.22,4689.41,4736.61,51.36,1.1,19205760000.0,5676.11,300.0,14.45,2026-04-16,14.45,5676.11
20260417,000300,沪深300指数,沪深300,CSI 300 Index,CSI 300,4729.0,4738.32,4714.47,4728.67,-7.94,-0.17,18291533600.0,5876.23,300.0,14.4,2026-04-17,14.4,5876.23
20260420,000300,沪深300指数,沪深300,CSI 300 Index,CSI 300,4727.17,4763.04,4720.69,4757.44,28.77,0.61,22163349400.0,6265.68,300.0,14.49,2026-04-20,14.49,6265.68
20260421,000300,沪深300指数,沪深300,CSI 300 Index,CSI 300,4750.51,4776.83,4722.01,4768.0,10.56,0.22,20561405800.0,5804.08,300.0,14.53,2026-04-21,14.53,5804.08
20260422,000300,沪深300指数,沪深300,CSI 300 Index,CSI 300,4751.28,4801.45,4750.35,4799.63,31.63,0.66,20448183000.0,6195.06,300.0,14.57,2026-04-22,14.57,6195.06
20260423,000300,沪深300指数,沪深300,CSI 300 Index,CSI 300,4816.03,4823.47,4759.86,4786.33,-13.3,-0.28,23286573600.0,6938.54,300.0,14.58,2026-04-23,14.58,6938.54
20260424,000300,沪深300指数,沪深300,CSI 300 Index,CSI 300,4771.73,4786.44,4735.61,4769.37,-16.96,-0.35,19379831400.0,6800.98,300.0,14.54,2026-04-24,14.54,6800.98
20260427,000300,沪深300指数,沪深300,CSI 300 Index,CSI 300,4776.34,4795.17,4762.64,4770.95,1.58,0.03,19279655000.0,6489.05,300.0,14.53,2026-04-27,14.53,6489.05
20260428,000300,沪深300指数,沪深300,CSI 300 Index,CSI 300,4757.08,4778.19,4743.44,4758.21,-12.74,-0.27,21672423300.0,6315.22,300.0,14.54,2026-04-28,14.54,6315.22
20260429,000300,沪深300指数,沪深300,CSI 300 Index,CSI 300,4737.58,4813.61,4737.11,4810.35,52.14,1.1,23329811000.0,6810.21,300.0,14.64,2026-04-29,14.64,6810.21
20260430,000300,沪深300指数,沪深300,CSI 300 Index,CSI 300,4820.97,4829.27,4797.54,4807.31,-3.04,-0.06,25063337000.0,7266.65,300.0,14.61,2026-04-30,14.61,7266.65
20260506,000300,沪深300指数,沪深300,CSI 300 Index,CSI 300,4857.65,4892.8,4834.28,4877.09,69.79,1.45,27444388000.0,8817.44,300.0,14.82,2026-05-06,14.82,8817.44
20260507,000300,沪深300指数,沪深300,CSI 300 Index,CSI 300,4895.8,4901.86,4866.87,4900.51,23.42,0.48,25783397200.0,7872.36,300.0,14.82,2026-05-07,14.82,7872.36
20260508,000300,沪深300指数,沪深300,CSI 300 Index,CSI 300,4871.12,4887.21,4849.99,4871.91,-28.6,-0.58,25172099600.0,7165.46,300.0,14.75,2026-05-08,14.75,7165.46
20260511,000300,沪深300指数,沪深300,CSI 300 Index,CSI 300,4902.28,4960.4,4889.57,4951.84,79.92,1.64,30573480100.0,9044.79,300.0,14.92,2026-05-11,14.92,9044.79
20260512,000300,沪深300指数,沪深300,CSI 300 Index,CSI 300,4965.02,4971.3,4926.79,4948.05,-3.79,-0.08,27381200100.0,8193.51,300.0,14.9,2026-05-12,14.9,8193.51
20260513,000300,沪深300指数,沪深300,CSI 300 Index,CSI 300,4919.42,5001.12,4919.42,4998.34,50.3,1.02,26845453700.0,8231.73,300.0,15.0,2026-05-13,15.0,8231.73
20260514,000300,沪深300指数,沪深300,CSI 300 Index,CSI 300,5027.64,5030.52,4913.6,4914.6,-83.74,-1.68,28069537900.0,8574.46,300.0,14.8,2026-05-14,14.8,8574.46
20260515,000300,沪深300指数,沪深300,CSI 300 Index,CSI 300,4911.62,4935.62,4832.69,4859.59,-55.0,-1.12,27696776900.0,8876.87,300.0,14.66,2026-05-15,14.66,8876.87
20260518,000300,沪深300指数,沪深300,CSI 300 Index,CSI 300,4836.33,4868.6,4806.15,4833.52,-26.07,-0.54,23907758700.0,7334.53,300.0,14.6,2026-05-18,14.6,7334.53
20260519,000300,沪深300指数,沪深300,CSI 300 Index,CSI 300,4818.71,4854.52,4773.53,4852.88,19.36,0.4,23228085200.0,7124.01,300.0,14.67,2026-05-19,14.67,7124.01
20260520,000300,沪深300指数,沪深300,CSI 300 Index,CSI 300,4829.61,4866.21,4825.64,4850.7,-2.18,-0.04,22002320600.0,7296.53,300.0,14.6,2026-05-20,14.6,7296.53
20260521,000300,沪深300指数,沪深300,CSI 300 Index,CSI 300,4886.24,4937.93,4780.71,4783.1,-67.6,-1.39,28734250700.0,8919.36,300.0,14.42,2026-05-21,14.42,8919.36
20260522,000300,沪深300指数,沪深300,CSI 300 Index,CSI 300,4818.84,4851.35,4785.35,4845.1,62.0,1.3,28694043500.0,7718.23,300.0,14.52,2026-05-22,14.52,7718.23
20260525,000300,沪深300指数,沪深300,CSI 300 Index,CSI 300,4873.2,4922.44,4857.13,4921.6,76.5,1.58,26474323600.0,8611.79,300.0,14.68,2026-05-25,14.68,8611.79
20260526,000300,沪深300指数,沪深300,CSI 300 Index,CSI 300,4900.12,4952.74,4892.68,4947.85,26.25,0.53,30279947600.0,8990.94,300.0,14.75,2026-05-26,14.75,8990.94
20260527,000300,沪深300指数,沪深300,CSI 300 Index,CSI 300,4940.95,4974.21,4891.34,4908.17,-39.68,-0.8,30170917500.0,9090.12,300.0,14.63,2026-05-27,14.63,9090.12
20260528,000300,沪深300指数,沪深300,CSI 300 Index,CSI 300,4889.27,4922.33,4843.23,4914.21,6.04,0.12,26743273100.0,8198.98,300.0,14.62,2026-05-28,14.62,8198.98
20260529,000300,沪深300指数,沪深300,CSI 300 Index,CSI 300,4937.51,4954.07,4878.79,4892.12,-22.09,-0.45,33251861000.0,9422.36,300.0,14.62,2026-05-29,14.62,9422.36
20260601,000300,沪深300指数,沪深300,CSI 300 Index,CSI 300,4897.9,4918.79,4836.69,4844.26,-47.87,-0.98,29613405100.0,8239.85,300.0,14.56,2026-06-01,14.56,8239.85
20260602,000300,沪深300指数,沪深300,CSI 300 Index,CSI 300,4860.61,4930.28,4832.0,4914.56,70.3,1.45,28173166200.0,8067.51,300.0,14.73,2026-06-02,14.73,8067.51
20260603,000300,沪深300指数,沪深300,CSI 300 Index,CSI 300,4921.34,4991.85,4904.9,4938.81,24.25,0.49,30403594700.0,9060.48,300.0,14.75,2026-06-03,14.75,9060.48
20260604,000300,沪深300指数,沪深300,CSI 300 Index,CSI 300,4897.32,4938.78,4889.75,4904.75,-34.06,-0.69,26480891000.0,7361.43,300.0,14.6,2026-06-04,14.6,7361.43
20260605,000300,沪深300指数,沪深300,CSI 300 Index,CSI 300,4886.96,4924.34,4798.91,4816.92,-87.83,-1.79,30192933600.0,8398.64,300.0,14.43,2026-06-05,14.43,8398.64
20260608,000300,沪深300指数,沪深300,CSI 300 Index,CSI 300,4703.77,4779.86,4677.57,4713.64,-103.28,-2.14,29964756500.0,7610.46,300.0,14.24,2026-06-08,14.24,7610.46
20260609,000300,沪深300指数,沪深300,CSI 300 Index,CSI 300,4743.45,4802.5,4715.39,4801.81,88.17,1.87,25839160100.0,7132.87,300.0,14.41,2026-06-09,14.41,7132.87
20260610,000300,沪深300指数,沪深300,CSI 300 Index,CSI 300,4753.12,4786.52,4718.99,4748.59,-53.22,-1.11,25929710900.0,6946.28,300.0,14.31,2026-06-10,14.31,6946.28
20260611,000300,沪深300指数,沪深300,CSI 300 Index,CSI 300,4730.07,4766.17,4685.5,4722.41,-26.18,-0.55,24717705900.0,6539.32,300.0,14.24,2026-06-11,14.24,6539.32
20260612,000300,沪深300指数,沪深300,CSI 300 Index,CSI 300,4784.64,4809.86,4757.56,4777.32,54.91,1.16,33592206300.0,8714.77,300.0,14.42,2026-06-12,14.42,8714.77
20260615,000300,沪深300指数,沪深300,CSI 300 Index,CSI 300,4829.29,4892.55,4803.18,4891.71,114.39,2.39,33131607600.0,9141.46,300.0,14.92,2026-06-15,14.92,9141.46
20260616,000300,沪深300指数,沪深300,CSI 300 Index,CSI 300,4894.88,4908.28,4866.06,4884.23,-7.48,-0.15,28258474300.0,8572.03,300.0,14.84,2026-06-16,14.84,8572.03
20260617,000300,沪深300指数,沪深300,CSI 300 Index,CSI 300,4859.7,4933.93,4859.7,4931.39,47.15,0.97,27605395000.0,8503.68,300.0,14.9,2026-06-17,14.9,8503.68
20260618,000300,沪深300指数,沪深300,CSI 300 Index,CSI 300,4916.04,4976.89,4916.04,4941.6,10.21,0.21,33445990200.0,10217.11,300.0,14.84,2026-06-18,14.84,10217.11
20260622,000300,沪深300指数,沪深300,CSI 300 Index,CSI 300,4949.35,5061.51,4928.46,5059.66,118.06,2.39,37510012400.0,11459.0,300.0,15.15,2026-06-22,15.15,11459.0
20260623,000300,沪深300指数,沪深300,CSI 300 Index,CSI 300,5048.03,5064.27,4892.09,4919.39,-140.27,-2.77,34271933600.0,10470.53,300.0,14.84,2026-06-23,14.84,10470.53
20260624,000300,沪深300指数,沪深300,CSI 300 Index,CSI 300,4900.38,4953.23,4892.27,4943.02,23.63,0.48,31224902500.0,9649.46,300.0,14.84,2026-06-24,14.84,9649.46
20260625,000300,沪深300指数,沪深300,CSI 300 Index,CSI 300,4950.98,5032.0,4944.88,5020.1,77.08,1.56,34666428900.0,11100.41,300.0,14.95,2026-06-25,14.95,11100.41
20260626,000300,沪深300指数,沪深300,CSI 300 Index,CSI 300,4981.83,4981.98,4845.19,4868.22,-151.88,-3.03,34117923800.0,10680.83,300.0,14.54,2026-06-26,14.54,10680.83
20260629,000300,沪深300指数,沪深300,CSI 300 Index,CSI 300,4866.04,4928.6,4827.15,4926.92,58.7,1.21,32321613400.0,10537.24,300.0,14.69,2026-06-29,14.69,10537.24
20260630,000300,沪深300指数,沪深300,CSI 300 Index,CSI 300,4914.49,4987.56,4914.49,4979.43,52.51,1.07,30615022600.0,9857.95,300.0,14.76,2026-06-30,14.76,9857.95
20260701,000300,沪深300指数,沪深300,CSI 300 Index,CSI 300,4972.69,5017.38,4925.63,4958.98,-20.46,-0.41,34293474700.0,11017.18,300.0,14.75,2026-07-01,14.75,11017.18
20260702,000300,沪深300指数,沪深300,CSI 300 Index,CSI 300,4865.17,4896.99,4800.48,4812.3,-146.68,-2.96,34324375800.0,10277.97,300.0,14.42,2026-07-02,14.42,10277.97
20260703,000300,沪深300指数,沪深300,CSI 300 Index,CSI 300,4809.5,4890.97,4809.5,4842.17,29.88,0.62,30106756800.0,9425.7,300.0,14.53,2026-07-03,14.53,9425.7
20260706,000300,沪深300指数,沪深300,CSI 300 Index,CSI 300,4868.54,4878.32,4789.8,4842.0,-0.18,0.0,29405054300.0,9079.46,300.0,14.58,2026-07-06,14.58,9079.46
20260707,000300,沪深300指数,沪深300,CSI 300 Index,CSI 300,4813.87,4839.51,4756.73,4792.26,-49.74,-1.03,24630599900.0,7626.18,300.0,14.45,2026-07-07,14.45,7626.18
20260708,000300,沪深300指数,沪深300,CSI 300 Index,CSI 300,4804.48,4830.05,4751.4,4755.53,-36.73,-0.77,24392874900.0,7832.49,300.0,14.41,2026-07-08,14.41,7832.49
20260709,000300,沪深300指数,沪深300,CSI 300 Index,CSI 300,4774.4,4882.85,4734.87,4876.31,120.78,2.54,28162770500.0,9471.19,300.0,14.66,2026-07-09,14.66,9471.19
20260710,000300,沪深300指数,沪深300,CSI 300 Index,CSI 300,4887.54,4906.49,4780.75,4780.79,-95.53,-1.96,30413028600.0,10839.13,300.0,14.46,2026-07-10,14.46,10839.13
20260713,000300,沪深300指数,沪深300,CSI 300 Index,CSI 300,4745.44,4775.24,4670.25,4695.38,-85.4,-1.79,27863485300.0,9079.45,300.0,14.31,2026-07-13,14.31,9079.45
20260714,000300,沪深300指数,沪深300,CSI 300 Index,CSI 300,4691.12,4796.5,4649.04,4796.5,101.12,2.15,28325098600.0,9240.97,300.0,14.55,2026-07-14,14.55,9240.97
20260715,000300,沪深300指数,沪深300,CSI 300 Index,CSI 300,4797.94,4826.86,4772.04,4786.78,-9.72,-0.2,27869266900.0,8583.15,300.0,14.57,2026-07-15,14.57,8583.15
20260716,000300,沪深300指数,沪深300,CSI 300 Index,CSI 300,4711.53,4771.06,4673.35,4698.43,-88.35,-1.85,25156097700.0,7988.3,300.0,14.34,2026-07-16,14.34,7988.3
20260717,000300,沪深300指数,沪深300,CSI 300 Index,CSI 300,4661.62,4663.53,4492.09,4529.1,-169.34,-3.6,30262988600.0,9208.22,300.0,14.0,2026-07-17,14.0,9208.22
20260720,000300,沪深300指数,沪深300,CSI 300 Index,CSI 300,4575.67,4628.8,4521.18,4598.32,69.23,1.53,33311605800.0,9334.03,300.0,14.29,2026-07-20,14.29,9334.03
20260721,000300,沪深300指数,沪深300,CSI 300 Index,CSI 300,4630.85,4739.23,4566.28,4739.23,140.91,3.06,34540359000.0,10167.27,300.0,14.53,2026-07-21,14.53,10167.27
20260722,000300,沪深300指数,沪深300,CSI 300 Index,CSI 300,4710.66,4772.08,4692.83,4717.24,-21.98,-0.46,28555635700.0,9215.19,300.0,14.53,2026-07-22,14.53,9215.19
20260723,000300,沪深300指数,沪深300,CSI 300 Index,CSI 300,4735.17,4737.51,4698.87,4728.0,10.76,0.23,24733167500.0,7418.19,300.0,14.59,2026-07-23,14.59,7418.19
20260724,000300,沪深300指数,沪深300,CSI 300 Index,CSI 300,4685.41,4704.08,4642.94,4649.19,-78.81,-1.67,22126121200.0,6263.79,300.0,14.39,2026-07-24,14.39,6263.79
20260727,000300,沪深300指数,沪深300,CSI 300 Index,CSI 300,4656.03,4702.52,4615.53,4702.43,53.24,1.15,20478694100.0,6045.52,300.0,14.52,2026-07-27,14.52,6045.52
