tradeDate,indexCode,indexNameCnAll,indexNameCn,indexNameEnAll,indexNameEn,open,high,low,close,change,changePct,tradingVol,tradingValue,consNumber,peg,date,rolling_pe,trading_value
20150101,000688,上证科创板50成份指数,科创50,SSE Science and Technology Innovation Board 50 Index,STAR 50,,,,1000.0,,0.0,102090116.0,43.2,,,2015-01-01,,43.2
20191231,000688,上证科创板50成份指数,科创50,SSE Science and Technology Innovation Board 50 Index,STAR 50,,,,1000.0,,0.0,102090116.0,43.2,,,2019-12-31,,43.2
20200102,000688,上证科创板50成份指数,科创50,SSE Science and Technology Innovation Board 50 Index,STAR 50,1005.62,1019.91,1005.62,1019.72,,1.97,165906987.0,66.28,,,2020-01-02,,66.28
20200103,000688,上证科创板50成份指数,科创50,SSE Science and Technology Innovation Board 50 Index,STAR 50,1021.67,1029.07,1018.68,1024.48,,0.47,166149031.0,72.16,,,2020-01-03,,72.16
20200106,000688,上证科创板50成份指数,科创50,SSE Science and Technology Innovation Board 50 Index,STAR 50,1020.0,1040.14,1020.0,1027.28,,0.27,184335092.0,77.85,,,2020-01-06,,77.85
20200107,000688,上证科创板50成份指数,科创50,SSE Science and Technology Innovation Board 50 Index,STAR 50,1025.66,1043.08,1019.86,1043.08,,1.54,187496602.0,78.24,,,2020-01-07,,78.24
20200108,000688,上证科创板50成份指数,科创50,SSE Science and Technology Innovation Board 50 Index,STAR 50,1035.84,1059.44,1034.51,1051.16,,0.77,237912351.0,92.84,,,2020-01-08,,92.84
20200109,000688,上证科创板50成份指数,科创50,SSE Science and Technology Innovation Board 50 Index,STAR 50,1060.58,1081.4,1060.58,1078.31,,2.58,211330302.0,90.48,,,2020-01-09,,90.48
20200110,000688,上证科创板50成份指数,科创50,SSE Science and Technology Innovation Board 50 Index,STAR 50,1082.31,1088.54,1076.44,1076.44,,-0.17,190319403.0,77.87,,,2020-01-10,,77.87
20200113,000688,上证科创板50成份指数,科创50,SSE Science and Technology Innovation Board 50 Index,STAR 50,1076.76,1105.85,1069.78,1105.85,,2.73,185966316.0,84.49,,,2020-01-13,,84.49
20200114,000688,上证科创板50成份指数,科创50,SSE Science and Technology Innovation Board 50 Index,STAR 50,1107.78,1133.9,1107.78,1118.31,,1.13,245350228.0,110.6,,,2020-01-14,,110.6
20200115,000688,上证科创板50成份指数,科创50,SSE Science and Technology Innovation Board 50 Index,STAR 50,1113.25,1120.35,1105.58,1114.77,,-0.32,179932386.0,82.66,,,2020-01-15,,82.66
20200116,000688,上证科创板50成份指数,科创50,SSE Science and Technology Innovation Board 50 Index,STAR 50,1116.51,1161.48,1116.51,1154.3,,3.55,224341670.0,113.88,,,2020-01-16,,113.88
20200117,000688,上证科创板50成份指数,科创50,SSE Science and Technology Innovation Board 50 Index,STAR 50,1159.37,1252.56,1159.37,1238.66,,7.31,440888969.0,187.26,,,2020-01-17,,187.26
20200120,000688,上证科创板50成份指数,科创50,SSE Science and Technology Innovation Board 50 Index,STAR 50,1239.44,1270.36,1208.69,1240.51,,0.15,368152283.0,173.77,,,2020-01-20,,173.77
20200121,000688,上证科创板50成份指数,科创50,SSE Science and Technology Innovation Board 50 Index,STAR 50,1233.65,1247.84,1194.8,1195.01,,-3.67,274756549.0,129.83,,,2020-01-21,,129.83
20200122,000688,上证科创板50成份指数,科创50,SSE Science and Technology Innovation Board 50 Index,STAR 50,1178.78,1247.61,1157.29,1244.52,,4.14,342102813.0,155.28,,,2020-01-22,,155.28
20200123,000688,上证科创板50成份指数,科创50,SSE Science and Technology Innovation Board 50 Index,STAR 50,1219.23,1262.44,1177.09,1202.1,,-3.41,273515940.0,139.36,,,2020-01-23,,139.36
20200203,000688,上证科创板50成份指数,科创50,SSE Science and Technology Innovation Board 50 Index,STAR 50,1018.28,1082.79,1015.6,1030.55,,-14.27,386047260.0,138.32,,,2020-02-03,,138.32
20200204,000688,上证科创板50成份指数,科创50,SSE Science and Technology Innovation Board 50 Index,STAR 50,1049.96,1153.23,1049.96,1153.23,,11.9,347965965.0,145.21,,,2020-02-04,,145.21
20200205,000688,上证科创板50成份指数,科创50,SSE Science and Technology Innovation Board 50 Index,STAR 50,1166.97,1240.37,1166.97,1203.61,,4.37,392035999.0,184.02,,,2020-02-05,,184.02
20200206,000688,上证科创板50成份指数,科创50,SSE Science and Technology Innovation Board 50 Index,STAR 50,1191.73,1251.84,1191.73,1238.76,,2.92,368434113.0,164.91,,,2020-02-06,,164.91
20200207,000688,上证科创板50成份指数,科创50,SSE Science and Technology Innovation Board 50 Index,STAR 50,1240.04,1307.76,1234.23,1307.76,,5.57,374551341.0,192.19,,,2020-02-07,,192.19
20200210,000688,上证科创板50成份指数,科创50,SSE Science and Technology Innovation Board 50 Index,STAR 50,1310.53,1336.53,1293.43,1322.25,,1.11,439487378.0,195.23,,,2020-02-10,,195.23
20200211,000688,上证科创板50成份指数,科创50,SSE Science and Technology Innovation Board 50 Index,STAR 50,1318.42,1318.42,1266.21,1283.57,,-2.93,330464613.0,154.93,,,2020-02-11,,154.93
20200212,000688,上证科创板50成份指数,科创50,SSE Science and Technology Innovation Board 50 Index,STAR 50,1274.8,1360.55,1274.8,1348.7,,5.07,311360771.0,159.57,,,2020-02-12,,159.57
20200213,000688,上证科创板50成份指数,科创50,SSE Science and Technology Innovation Board 50 Index,STAR 50,1360.13,1409.68,1353.04,1360.71,,0.89,399888022.0,199.9,,,2020-02-13,,199.9
20200214,000688,上证科创板50成份指数,科创50,SSE Science and Technology Innovation Board 50 Index,STAR 50,1359.37,1382.96,1305.97,1327.22,,-2.46,353707254.0,183.96,,,2020-02-14,,183.96
20200217,000688,上证科创板50成份指数,科创50,SSE Science and Technology Innovation Board 50 Index,STAR 50,1332.97,1381.55,1332.97,1381.55,,4.09,327901095.0,164.82,,,2020-02-17,,164.82
20200218,000688,上证科创板50成份指数,科创50,SSE Science and Technology Innovation Board 50 Index,STAR 50,1381.58,1404.71,1372.53,1399.38,,1.29,323524083.0,170.09,,,2020-02-18,,170.09
20200219,000688,上证科创板50成份指数,科创50,SSE Science and Technology Innovation Board 50 Index,STAR 50,1398.78,1412.17,1373.44,1373.44,,-1.85,320905108.0,170.52,,,2020-02-19,,170.52
20200220,000688,上证科创板50成份指数,科创50,SSE Science and Technology Innovation Board 50 Index,STAR 50,1377.76,1390.02,1321.73,1348.34,,-1.83,282919053.0,154.84,,,2020-02-20,,154.84
20200221,000688,上证科创板50成份指数,科创50,SSE Science and Technology Innovation Board 50 Index,STAR 50,1337.56,1373.67,1337.56,1346.86,,-0.11,241927963.0,132.08,,,2020-02-21,,132.08
20200224,000688,上证科创板50成份指数,科创50,SSE Science and Technology Innovation Board 50 Index,STAR 50,1341.99,1359.23,1328.75,1351.71,,0.36,251136226.0,131.49,,,2020-02-24,,131.49
20200225,000688,上证科创板50成份指数,科创50,SSE Science and Technology Innovation Board 50 Index,STAR 50,1312.48,1371.58,1312.48,1367.37,,1.16,292358949.0,155.02,,,2020-02-25,,155.02
20200226,000688,上证科创板50成份指数,科创50,SSE Science and Technology Innovation Board 50 Index,STAR 50,1348.08,1361.01,1286.35,1288.24,,-5.79,315549537.0,145.15,,,2020-02-26,,145.15
20200227,000688,上证科创板50成份指数,科创50,SSE Science and Technology Innovation Board 50 Index,STAR 50,1293.19,1293.19,1251.45,1264.94,,-1.81,218239827.0,116.68,,,2020-02-27,,116.68
20200228,000688,上证科创板50成份指数,科创50,SSE Science and Technology Innovation Board 50 Index,STAR 50,1206.86,1231.09,1187.1,1191.05,,-5.84,260673872.0,121.81,,,2020-02-28,,121.81
20200302,000688,上证科创板50成份指数,科创50,SSE Science and Technology Innovation Board 50 Index,STAR 50,1202.96,1259.08,1194.94,1252.62,,5.17,292826072.0,110.22,,,2020-03-02,,110.22
20200303,000688,上证科创板50成份指数,科创50,SSE Science and Technology Innovation Board 50 Index,STAR 50,1278.27,1332.84,1272.06,1285.03,,2.59,296796136.0,129.41,,,2020-03-03,,129.41
20200304,000688,上证科创板50成份指数,科创50,SSE Science and Technology Innovation Board 50 Index,STAR 50,1268.83,1277.69,1226.8,1255.72,,-2.28,193242042.0,94.43,,,2020-03-04,,94.43
20200305,000688,上证科创板50成份指数,科创50,SSE Science and Technology Innovation Board 50 Index,STAR 50,1277.71,1277.71,1246.71,1264.79,,0.72,262145959.0,98.06,,,2020-03-05,,98.06
20200306,000688,上证科创板50成份指数,科创50,SSE Science and Technology Innovation Board 50 Index,STAR 50,1246.1,1255.07,1237.62,1243.37,,-1.69,182990820.0,72.87,,,2020-03-06,,72.87
20200309,000688,上证科创板50成份指数,科创50,SSE Science and Technology Innovation Board 50 Index,STAR 50,1216.04,1223.25,1171.86,1171.86,,-5.75,234517251.0,89.87,,,2020-03-09,,89.87
20200310,000688,上证科创板50成份指数,科创50,SSE Science and Technology Innovation Board 50 Index,STAR 50,1148.4,1216.33,1135.21,1216.33,,3.8,243077326.0,103.98,,,2020-03-10,,103.98
20200311,000688,上证科创板50成份指数,科创50,SSE Science and Technology Innovation Board 50 Index,STAR 50,1218.52,1233.43,1184.71,1184.71,,-2.6,284299305.0,93.09,,,2020-03-11,,93.09
20200312,000688,上证科创板50成份指数,科创50,SSE Science and Technology Innovation Board 50 Index,STAR 50,1161.92,1177.36,1151.79,1167.06,,-1.49,175273209.0,66.47,,,2020-03-12,,66.47
20200313,000688,上证科创板50成份指数,科创50,SSE Science and Technology Innovation Board 50 Index,STAR 50,1103.96,1187.7,1103.96,1175.28,,0.7,201067415.0,94.59,,,2020-03-13,,94.59
20200316,000688,上证科创板50成份指数,科创50,SSE Science and Technology Innovation Board 50 Index,STAR 50,1188.08,1200.46,1115.08,1115.08,,-5.12,192052179.0,89.93,,,2020-03-16,,89.93
20200317,000688,上证科创板50成份指数,科创50,SSE Science and Technology Innovation Board 50 Index,STAR 50,1132.95,1141.39,1079.84,1131.55,,1.48,171222118.0,76.91,,,2020-03-17,,76.91
20200318,000688,上证科创板50成份指数,科创50,SSE Science and Technology Innovation Board 50 Index,STAR 50,1145.3,1173.23,1115.02,1115.02,,-1.46,177120122.0,83.02,,,2020-03-18,,83.02
20200319,000688,上证科创板50成份指数,科创50,SSE Science and Technology Innovation Board 50 Index,STAR 50,1116.26,1133.69,1091.24,1128.97,,1.25,162440873.0,72.73,,,2020-03-19,,72.73
20200320,000688,上证科创板50成份指数,科创50,SSE Science and Technology Innovation Board 50 Index,STAR 50,1140.09,1148.09,1114.29,1127.37,,-0.14,123823848.0,55.55,,,2020-03-20,,55.55
20200323,000688,上证科创板50成份指数,科创50,SSE Science and Technology Innovation Board 50 Index,STAR 50,1092.5,1096.4,1037.53,1039.88,,-7.76,160985605.0,68.87,,,2020-03-23,,68.87
20200324,000688,上证科创板50成份指数,科创50,SSE Science and Technology Innovation Board 50 Index,STAR 50,1067.01,1071.34,1020.25,1060.84,,2.02,128689586.0,58.03,,,2020-03-24,,58.03
20200325,000688,上证科创板50成份指数,科创50,SSE Science and Technology Innovation Board 50 Index,STAR 50,1097.31,1110.1,1094.16,1101.32,,3.82,148927443.0,62.6,,,2020-03-25,,62.6
20200326,000688,上证科创板50成份指数,科创50,SSE Science and Technology Innovation Board 50 Index,STAR 50,1093.33,1111.48,1091.0,1095.34,,-0.54,106191661.0,46.76,,,2020-03-26,,46.76
20200327,000688,上证科创板50成份指数,科创50,SSE Science and Technology Innovation Board 50 Index,STAR 50,1109.54,1110.54,1082.93,1084.51,,-0.99,131457605.0,45.36,,,2020-03-27,,45.36
20200330,000688,上证科创板50成份指数,科创50,SSE Science and Technology Innovation Board 50 Index,STAR 50,1062.9,1062.9,1021.5,1035.83,,-4.49,122368363.0,51.52,,,2020-03-30,,51.52
20200331,000688,上证科创板50成份指数,科创50,SSE Science and Technology Innovation Board 50 Index,STAR 50,1048.74,1055.27,1027.22,1029.75,,-0.59,90623043.0,41.34,,,2020-03-31,,41.34
20200401,000688,上证科创板50成份指数,科创50,SSE Science and Technology Innovation Board 50 Index,STAR 50,1026.58,1060.71,1026.58,1037.93,,0.79,98042280.0,45.32,,,2020-04-01,,45.32
20200402,000688,上证科创板50成份指数,科创50,SSE Science and Technology Innovation Board 50 Index,STAR 50,1033.56,1094.83,1033.56,1094.83,,5.48,110178325.0,54.52,,,2020-04-02,,54.52
20200403,000688,上证科创板50成份指数,科创50,SSE Science and Technology Innovation Board 50 Index,STAR 50,1089.24,1095.31,1074.19,1080.53,,-1.31,94951658.0,43.69,,,2020-04-03,,43.69
20200407,000688,上证科创板50成份指数,科创50,SSE Science and Technology Innovation Board 50 Index,STAR 50,1109.61,1117.79,1108.78,1111.65,,2.88,111452591.0,47.53,,,2020-04-07,,47.53
20200408,000688,上证科创板50成份指数,科创50,SSE Science and Technology Innovation Board 50 Index,STAR 50,1104.96,1117.81,1100.31,1104.14,,-0.68,89813540.0,39.25,,,2020-04-08,,39.25
20200409,000688,上证科创板50成份指数,科创50,SSE Science and Technology Innovation Board 50 Index,STAR 50,1107.47,1110.06,1094.92,1101.28,,-0.26,82133870.0,37.51,,,2020-04-09,,37.51
20200410,000688,上证科创板50成份指数,科创50,SSE Science and Technology Innovation Board 50 Index,STAR 50,1100.37,1100.37,1054.35,1058.44,,-3.89,100964372.0,46.41,,,2020-04-10,,46.41
20200413,000688,上证科创板50成份指数,科创50,SSE Science and Technology Innovation Board 50 Index,STAR 50,1048.21,1052.01,1038.82,1042.15,,-1.54,67618853.0,29.83,,,2020-04-13,,29.83
20200414,000688,上证科创板50成份指数,科创50,SSE Science and Technology Innovation Board 50 Index,STAR 50,1049.21,1073.22,1049.21,1073.22,,2.98,70567612.0,32.63,,,2020-04-14,,32.63
20200415,000688,上证科创板50成份指数,科创50,SSE Science and Technology Innovation Board 50 Index,STAR 50,1076.94,1101.67,1076.94,1088.2,,1.4,81856129.0,44.31,,,2020-04-15,,44.31
20200416,000688,上证科创板50成份指数,科创50,SSE Science and Technology Innovation Board 50 Index,STAR 50,1080.87,1097.2,1080.87,1091.93,,0.34,73003011.0,34.39,,,2020-04-16,,34.39
20200417,000688,上证科创板50成份指数,科创50,SSE Science and Technology Innovation Board 50 Index,STAR 50,1102.66,1129.12,1102.66,1117.07,,2.3,144351118.0,62.34,,,2020-04-17,,62.34
20200420,000688,上证科创板50成份指数,科创50,SSE Science and Technology Innovation Board 50 Index,STAR 50,1119.26,1133.36,1115.72,1133.36,,1.46,93872771.0,41.49,,,2020-04-20,,41.49
20200421,000688,上证科创板50成份指数,科创50,SSE Science and Technology Innovation Board 50 Index,STAR 50,1127.66,1127.66,1108.48,1119.23,,-1.25,88406560.0,39.1,,,2020-04-21,,39.1
20200422,000688,上证科创板50成份指数,科创50,SSE Science and Technology Innovation Board 50 Index,STAR 50,1108.68,1135.85,1108.68,1135.85,,1.49,85565078.0,44.29,,,2020-04-22,,44.29
20200423,000688,上证科创板50成份指数,科创50,SSE Science and Technology Innovation Board 50 Index,STAR 50,1140.8,1157.87,1140.55,1149.72,,1.22,118832048.0,55.8,,,2020-04-23,,55.8
20200424,000688,上证科创板50成份指数,科创50,SSE Science and Technology Innovation Board 50 Index,STAR 50,1148.59,1155.54,1139.31,1144.15,,-0.48,129037593.0,55.71,,,2020-04-24,,55.71
20200427,000688,上证科创板50成份指数,科创50,SSE Science and Technology Innovation Board 50 Index,STAR 50,1140.19,1145.75,1136.23,1138.1,,-0.53,88370033.0,44.7,,,2020-04-27,,44.7
20200428,000688,上证科创板50成份指数,科创50,SSE Science and Technology Innovation Board 50 Index,STAR 50,1130.61,1130.61,1037.26,1113.51,,-2.16,158296596.0,76.48,,,2020-04-28,,76.48
20200429,000688,上证科创板50成份指数,科创50,SSE Science and Technology Innovation Board 50 Index,STAR 50,1105.6,1125.19,1102.57,1102.7,,-0.97,89978997.0,47.45,,,2020-04-29,,47.45
20200430,000688,上证科创板50成份指数,科创50,SSE Science and Technology Innovation Board 50 Index,STAR 50,1107.43,1171.8,1107.43,1166.35,,5.77,138747171.0,68.9,,,2020-04-30,,68.9
20200506,000688,上证科创板50成份指数,科创50,SSE Science and Technology Innovation Board 50 Index,STAR 50,1155.12,1252.75,1155.12,1247.51,,6.96,217181485.0,98.94,,,2020-05-06,,98.94
20200507,000688,上证科创板50成份指数,科创50,SSE Science and Technology Innovation Board 50 Index,STAR 50,1249.64,1249.64,1218.24,1224.1,,-1.88,161951936.0,81.2,,,2020-05-07,,81.2
20200508,000688,上证科创板50成份指数,科创50,SSE Science and Technology Innovation Board 50 Index,STAR 50,1230.91,1272.62,1230.91,1240.25,,1.32,144063840.0,77.57,,,2020-05-08,,77.57
20200511,000688,上证科创板50成份指数,科创50,SSE Science and Technology Innovation Board 50 Index,STAR 50,1244.3,1268.08,1215.97,1226.06,,-1.14,116680749.0,69.08,,,2020-05-11,,69.08
20200512,000688,上证科创板50成份指数,科创50,SSE Science and Technology Innovation Board 50 Index,STAR 50,1222.39,1233.64,1203.15,1233.59,,0.61,108314234.0,59.83,,,2020-05-12,,59.83
20200513,000688,上证科创板50成份指数,科创50,SSE Science and Technology Innovation Board 50 Index,STAR 50,1227.72,1252.58,1227.72,1247.03,,1.09,109820020.0,61.32,,,2020-05-13,,61.32
20200514,000688,上证科创板50成份指数,科创50,SSE Science and Technology Innovation Board 50 Index,STAR 50,1241.84,1258.25,1238.23,1242.17,,-0.39,127744198.0,65.09,,,2020-05-14,,65.09
20200515,000688,上证科创板50成份指数,科创50,SSE Science and Technology Innovation Board 50 Index,STAR 50,1244.74,1280.05,1244.74,1270.48,,2.28,128687238.0,78.67,,,2020-05-15,,78.67
20200518,000688,上证科创板50成份指数,科创50,SSE Science and Technology Innovation Board 50 Index,STAR 50,1279.29,1279.29,1253.33,1254.3,,-1.27,151773963.0,95.66,,,2020-05-18,,95.66
20200519,000688,上证科创板50成份指数,科创50,SSE Science and Technology Innovation Board 50 Index,STAR 50,1260.22,1324.42,1260.22,1324.42,,5.59,148417094.0,96.56,,,2020-05-19,,96.56
20200520,000688,上证科创板50成份指数,科创50,SSE Science and Technology Innovation Board 50 Index,STAR 50,1317.4,1348.58,1297.67,1307.0,,-1.32,201616810.0,105.1,,,2020-05-20,,105.1
20200521,000688,上证科创板50成份指数,科创50,SSE Science and Technology Innovation Board 50 Index,STAR 50,1305.91,1309.5,1251.52,1251.93,,-4.21,152917671.0,84.72,,,2020-05-21,,84.72
20200522,000688,上证科创板50成份指数,科创50,SSE Science and Technology Innovation Board 50 Index,STAR 50,1247.6,1258.31,1208.82,1230.66,,-1.7,133437360.0,71.32,,,2020-05-22,,71.32
20200525,000688,上证科创板50成份指数,科创50,SSE Science and Technology Innovation Board 50 Index,STAR 50,1223.87,1227.56,1205.73,1212.09,,-1.51,99724588.0,57.28,,,2020-05-25,,57.28
20200526,000688,上证科创板50成份指数,科创50,SSE Science and Technology Innovation Board 50 Index,STAR 50,1217.62,1272.92,1217.62,1272.66,,5.0,143623033.0,76.3,,,2020-05-26,,76.3
20200527,000688,上证科创板50成份指数,科创50,SSE Science and Technology Innovation Board 50 Index,STAR 50,1271.46,1281.21,1251.08,1253.27,,-1.52,147229634.0,73.07,,,2020-05-27,,73.07
20200528,000688,上证科创板50成份指数,科创50,SSE Science and Technology Innovation Board 50 Index,STAR 50,1251.06,1256.22,1206.62,1232.22,,-1.68,127009914.0,68.18,,,2020-05-28,,68.18
20200529,000688,上证科创板50成份指数,科创50,SSE Science and Technology Innovation Board 50 Index,STAR 50,1227.2,1267.43,1227.2,1246.11,,1.13,125881880.0,64.0,,,2020-05-29,,64.0
20200601,000688,上证科创板50成份指数,科创50,SSE Science and Technology Innovation Board 50 Index,STAR 50,1257.97,1309.96,1257.97,1300.74,,4.38,168550636.0,81.32,,,2020-06-01,,81.32
20200602,000688,上证科创板50成份指数,科创50,SSE Science and Technology Innovation Board 50 Index,STAR 50,1305.8,1312.52,1294.22,1305.64,,0.38,160370741.0,78.68,,,2020-06-02,,78.68
20200603,000688,上证科创板50成份指数,科创50,SSE Science and Technology Innovation Board 50 Index,STAR 50,1305.73,1314.14,1293.6,1294.28,,-0.87,157891795.0,80.59,,,2020-06-03,,80.59
20200604,000688,上证科创板50成份指数,科创50,SSE Science and Technology Innovation Board 50 Index,STAR 50,1295.16,1306.07,1291.21,1299.8,,0.43,186573206.0,88.39,,,2020-06-04,,88.39
20200605,000688,上证科创板50成份指数,科创50,SSE Science and Technology Innovation Board 50 Index,STAR 50,1300.25,1307.89,1292.05,1297.31,,-0.19,159726228.0,79.42,,,2020-06-05,,79.42
20200608,000688,上证科创板50成份指数,科创50,SSE Science and Technology Innovation Board 50 Index,STAR 50,1306.5,1311.68,1277.29,1280.05,,-1.33,149418346.0,74.95,,,2020-06-08,,74.95
20200609,000688,上证科创板50成份指数,科创50,SSE Science and Technology Innovation Board 50 Index,STAR 50,1277.45,1278.85,1269.11,1278.51,,-0.12,120208771.0,62.03,,,2020-06-09,,62.03
20200610,000688,上证科创板50成份指数,科创50,SSE Science and Technology Innovation Board 50 Index,STAR 50,1278.07,1278.07,1265.11,1269.98,,-0.67,107419496.0,56.31,,,2020-06-10,,56.31
20200611,000688,上证科创板50成份指数,科创50,SSE Science and Technology Innovation Board 50 Index,STAR 50,1270.72,1294.34,1265.38,1273.59,,0.28,130943837.0,74.51,,,2020-06-11,,74.51
20200612,000688,上证科创板50成份指数,科创50,SSE Science and Technology Innovation Board 50 Index,STAR 50,1246.8,1268.46,1246.8,1262.29,,-0.89,104428796.0,55.78,,,2020-06-12,,55.78
20200615,000688,上证科创板50成份指数,科创50,SSE Science and Technology Innovation Board 50 Index,STAR 50,1262.48,1271.91,1249.58,1249.91,,-0.98,122567360.0,64.69,,,2020-06-15,,64.69
20200616,000688,上证科创板50成份指数,科创50,SSE Science and Technology Innovation Board 50 Index,STAR 50,1259.09,1289.13,1259.09,1289.13,,3.14,133849768.0,69.93,,,2020-06-16,,69.93
20200617,000688,上证科创板50成份指数,科创50,SSE Science and Technology Innovation Board 50 Index,STAR 50,1291.04,1299.78,1280.52,1291.12,,0.15,151391484.0,74.55,,,2020-06-17,,74.55
20200618,000688,上证科创板50成份指数,科创50,SSE Science and Technology Innovation Board 50 Index,STAR 50,1289.77,1304.49,1286.47,1302.37,,0.87,139344674.0,72.19,,,2020-06-18,,72.19
20200619,000688,上证科创板50成份指数,科创50,SSE Science and Technology Innovation Board 50 Index,STAR 50,1301.02,1329.2,1301.02,1325.15,,1.75,122962822.0,67.88,,,2020-06-19,,67.88
20200622,000688,上证科创板50成份指数,科创50,SSE Science and Technology Innovation Board 50 Index,STAR 50,1347.94,1380.37,1347.94,1371.21,,3.48,203494454.0,98.66,,,2020-06-22,,98.66
20200623,000688,上证科创板50成份指数,科创50,SSE Science and Technology Innovation Board 50 Index,STAR 50,1365.33,1407.19,1365.33,1407.19,,2.62,141352499.0,83.24,,,2020-06-23,,83.24
20200624,000688,上证科创板50成份指数,科创50,SSE Science and Technology Innovation Board 50 Index,STAR 50,1408.55,1432.99,1406.87,1424.28,,1.21,189403495.0,96.31,,,2020-06-24,,96.31
20200629,000688,上证科创板50成份指数,科创50,SSE Science and Technology Innovation Board 50 Index,STAR 50,1415.91,1415.91,1393.71,1401.64,,-1.59,157755877.0,78.28,,,2020-06-29,,78.28
20200630,000688,上证科创板50成份指数,科创50,SSE Science and Technology Innovation Board 50 Index,STAR 50,1410.58,1454.31,1410.58,1447.89,,3.3,155924789.0,86.41,,,2020-06-30,,86.41
20200701,000688,上证科创板50成份指数,科创50,SSE Science and Technology Innovation Board 50 Index,STAR 50,1453.25,1459.77,1417.6,1439.88,,-0.55,167100256.0,97.53,,,2020-07-01,,97.53
20200702,000688,上证科创板50成份指数,科创50,SSE Science and Technology Innovation Board 50 Index,STAR 50,1439.01,1452.75,1424.15,1437.05,,-0.2,177661687.0,95.47,,,2020-07-02,,95.47
20200703,000688,上证科创板50成份指数,科创50,SSE Science and Technology Innovation Board 50 Index,STAR 50,1435.08,1441.09,1408.08,1438.59,,0.11,181236089.0,93.72,,,2020-07-03,,93.72
20200706,000688,上证科创板50成份指数,科创50,SSE Science and Technology Innovation Board 50 Index,STAR 50,1445.61,1547.14,1444.69,1538.4,,6.94,351757706.0,148.61,,93.95,2020-07-06,93.95,148.61
20200707,000688,上证科创板50成份指数,科创50,SSE Science and Technology Innovation Board 50 Index,STAR 50,,,,1572.19,33.79,2.2,357665743.0,177.42,50.0,95.64,2020-07-07,95.64,177.42
20200708,000688,上证科创板50成份指数,科创50,SSE Science and Technology Innovation Board 50 Index,STAR 50,,,,1599.91,27.72,1.76,252891996.0,129.48,50.0,97.23,2020-07-08,97.23,129.48
20200709,000688,上证科创板50成份指数,科创50,SSE Science and Technology Innovation Board 50 Index,STAR 50,,,,1666.85,66.94,4.18,348758204.0,167.35,50.0,101.25,2020-07-09,101.25,167.35
20200710,000688,上证科创板50成份指数,科创50,SSE Science and Technology Innovation Board 50 Index,STAR 50,,,,1654.83,-12.02,-0.72,274890521.0,147.54,50.0,100.77,2020-07-10,100.77,147.54
20200713,000688,上证科创板50成份指数,科创50,SSE Science and Technology Innovation Board 50 Index,STAR 50,,,,1721.98,67.15,4.06,304811979.0,162.86,50.0,105.42,2020-07-13,105.42,162.86
20200714,000688,上证科创板50成份指数,科创50,SSE Science and Technology Innovation Board 50 Index,STAR 50,,,,1701.58,-20.39,-1.18,348267763.0,182.64,50.0,104.42,2020-07-14,104.42,182.64
20200715,000688,上证科创板50成份指数,科创50,SSE Science and Technology Innovation Board 50 Index,STAR 50,,,,1612.03,-89.55,-5.26,292698954.0,155.09,50.0,99.23,2020-07-15,99.23,155.09
20200716,000688,上证科创板50成份指数,科创50,SSE Science and Technology Innovation Board 50 Index,STAR 50,,,,1469.8,-142.24,-8.82,256912329.0,135.74,50.0,90.05,2020-07-16,90.05,135.74
20200717,000688,上证科创板50成份指数,科创50,SSE Science and Technology Innovation Board 50 Index,STAR 50,,,,1443.4,-26.4,-1.8,154635054.0,90.96,50.0,88.2,2020-07-17,88.2,90.96
20200720,000688,上证科创板50成份指数,科创50,SSE Science and Technology Innovation Board 50 Index,STAR 50,,,,1459.03,15.64,1.08,173256166.0,93.22,50.0,88.93,2020-07-20,88.93,93.22
20200721,000688,上证科创板50成份指数,科创50,SSE Science and Technology Innovation Board 50 Index,STAR 50,,,,1490.17,31.14,2.13,164225676.0,84.09,50.0,91.07,2020-07-21,91.07,84.09
20200722,000688,上证科创板50成份指数,科创50,SSE Science and Technology Innovation Board 50 Index,STAR 50,,,,1497.23,7.06,0.47,301260784.0,142.16,50.0,91.02,2020-07-22,91.02,142.16
20200723,000688,上证科创板50成份指数,科创50,SSE Science and Technology Innovation Board 50 Index,STAR 50,1487.2,1512.47,1459.73,1494.14,-3.09,-0.21,232446583.0,122.61,50.0,90.7,2020-07-23,90.7,122.61
20200724,000688,上证科创板50成份指数,科创50,SSE Science and Technology Innovation Board 50 Index,STAR 50,1467.1,1474.46,1389.31,1389.31,-104.83,-7.02,317758682.0,136.43,50.0,84.88,2020-07-24,84.88,136.43
20200727,000688,上证科创板50成份指数,科创50,SSE Science and Technology Innovation Board 50 Index,STAR 50,1396.49,1403.11,1361.98,1374.52,-14.79,-1.06,157965656.0,92.62,50.0,83.75,2020-07-27,83.75,92.62
20200728,000688,上证科创板50成份指数,科创50,SSE Science and Technology Innovation Board 50 Index,STAR 50,1385.79,1404.9,1383.28,1400.54,26.02,1.89,144273762.0,82.95,50.0,85.22,2020-07-28,85.22,82.95
20200729,000688,上证科创板50成份指数,科创50,SSE Science and Technology Innovation Board 50 Index,STAR 50,1400.92,1476.92,1395.97,1476.92,76.39,5.45,195015729.0,117.84,50.0,89.6,2020-07-29,89.6,117.84
20200730,000688,上证科创板50成份指数,科创50,SSE Science and Technology Innovation Board 50 Index,STAR 50,1484.43,1496.27,1467.8,1472.79,-4.13,-0.28,170630839.0,103.57,50.0,89.33,2020-07-30,89.33,103.57
20200731,000688,上证科创板50成份指数,科创50,SSE Science and Technology Innovation Board 50 Index,STAR 50,1469.1,1513.76,1467.78,1512.98,40.19,2.73,171835590.0,112.14,50.0,91.44,2020-07-31,91.44,112.14
20200803,000688,上证科创板50成份指数,科创50,SSE Science and Technology Innovation Board 50 Index,STAR 50,1533.23,1622.81,1533.23,1622.81,109.84,7.26,262740474.0,163.28,50.0,97.76,2020-08-03,97.76,163.28
20200804,000688,上证科创板50成份指数,科创50,SSE Science and Technology Innovation Board 50 Index,STAR 50,1620.79,1628.14,1555.9,1566.06,-56.76,-3.5,203627556.0,135.2,50.0,94.37,2020-08-04,94.37,135.2
20200805,000688,上证科创板50成份指数,科创50,SSE Science and Technology Innovation Board 50 Index,STAR 50,1592.39,1597.47,1556.68,1588.62,22.57,1.44,173097126.0,118.07,50.0,96.03,2020-08-05,96.03,118.07
20200806,000688,上证科创板50成份指数,科创50,SSE Science and Technology Innovation Board 50 Index,STAR 50,1582.47,1589.75,1552.54,1573.87,-14.75,-0.93,175444878.0,110.76,50.0,95.06,2020-08-06,95.06,110.76
20200807,000688,上证科创板50成份指数,科创50,SSE Science and Technology Innovation Board 50 Index,STAR 50,1561.86,1568.56,1492.25,1526.8,-47.07,-2.99,192596809.0,115.54,50.0,91.86,2020-08-07,91.86,115.54
20200810,000688,上证科创板50成份指数,科创50,SSE Science and Technology Innovation Board 50 Index,STAR 50,1520.1,1555.68,1507.27,1535.6,8.79,0.58,177399138.0,109.13,50.0,92.54,2020-08-10,92.54,109.13
20200811,000688,上证科创板50成份指数,科创50,SSE Science and Technology Innovation Board 50 Index,STAR 50,1531.6,1539.84,1490.83,1491.84,-43.76,-2.85,161333338.0,92.43,50.0,89.92,2020-08-11,89.92,92.43
20200812,000688,上证科创板50成份指数,科创50,SSE Science and Technology Innovation Board 50 Index,STAR 50,1485.56,1488.88,1422.73,1458.64,-33.2,-2.23,172448546.0,102.46,50.0,87.87,2020-08-12,87.87,102.46
20200813,000688,上证科创板50成份指数,科创50,SSE Science and Technology Innovation Board 50 Index,STAR 50,1465.6,1482.63,1453.38,1468.23,9.59,0.66,134856142.0,75.62,50.0,88.16,2020-08-13,88.16,75.62
20200814,000688,上证科创板50成份指数,科创50,SSE Science and Technology Innovation Board 50 Index,STAR 50,1466.8,1486.4,1453.74,1484.04,15.81,1.08,125329896.0,70.95,50.0,88.83,2020-08-14,88.83,70.95
20200817,000688,上证科创板50成份指数,科创50,SSE Science and Technology Innovation Board 50 Index,STAR 50,1486.81,1501.25,1471.92,1496.4,12.36,0.83,165296771.0,88.64,50.0,89.38,2020-08-17,89.38,88.64
20200818,000688,上证科创板50成份指数,科创50,SSE Science and Technology Innovation Board 50 Index,STAR 50,1496.42,1512.76,1492.96,1512.51,16.11,1.08,155087509.0,88.25,50.0,90.41,2020-08-18,90.41,88.25
20200819,000688,上证科创板50成份指数,科创50,SSE Science and Technology Innovation Board 50 Index,STAR 50,1516.98,1517.89,1470.34,1472.02,-40.49,-2.68,168359812.0,89.6,50.0,88.19,2020-08-19,88.19,89.6
20200820,000688,上证科创板50成份指数,科创50,SSE Science and Technology Innovation Board 50 Index,STAR 50,1460.03,1473.05,1438.46,1442.58,-29.44,-2.0,117335150.0,65.2,50.0,86.46,2020-08-20,86.46,65.2
20200821,000688,上证科创板50成份指数,科创50,SSE Science and Technology Innovation Board 50 Index,STAR 50,1447.8,1467.98,1443.52,1447.71,5.13,0.36,120853904.0,66.55,50.0,87.02,2020-08-21,87.02,66.55
20200824,000688,上证科创板50成份指数,科创50,SSE Science and Technology Innovation Board 50 Index,STAR 50,1453.49,1457.58,1421.89,1450.67,2.95,0.2,119742053.0,72.08,50.0,87.11,2020-08-24,87.11,72.08
20200825,000688,上证科创板50成份指数,科创50,SSE Science and Technology Innovation Board 50 Index,STAR 50,1449.54,1462.9,1424.42,1427.7,-22.96,-1.58,117761881.0,68.92,50.0,85.72,2020-08-25,85.72,68.92
20200826,000688,上证科创板50成份指数,科创50,SSE Science and Technology Innovation Board 50 Index,STAR 50,1422.0,1430.79,1377.21,1383.31,-44.4,-3.11,154325711.0,85.64,50.0,83.25,2020-08-26,83.25,85.64
20200827,000688,上证科创板50成份指数,科创50,SSE Science and Technology Innovation Board 50 Index,STAR 50,1389.94,1429.96,1380.13,1417.56,34.25,2.48,133196518.0,79.47,50.0,85.39,2020-08-27,85.39,79.47
20200828,000688,上证科创板50成份指数,科创50,SSE Science and Technology Innovation Board 50 Index,STAR 50,1415.65,1416.82,1393.85,1413.64,-3.92,-0.28,130178102.0,79.33,50.0,85.24,2020-08-28,85.24,79.33
20200831,000688,上证科创板50成份指数,科创50,SSE Science and Technology Innovation Board 50 Index,STAR 50,1417.66,1441.46,1417.66,1423.24,9.6,0.68,146419252.0,85.18,50.0,86.1,2020-08-31,86.1,85.18
20200901,000688,上证科创板50成份指数,科创50,SSE Science and Technology Innovation Board 50 Index,STAR 50,1424.43,1435.65,1419.6,1426.65,3.42,0.24,114998590.0,69.17,50.0,81.87,2020-09-01,81.87,69.17
20200902,000688,上证科创板50成份指数,科创50,SSE Science and Technology Innovation Board 50 Index,STAR 50,1430.87,1434.92,1411.84,1422.95,-3.7,-0.26,112765141.0,67.93,50.0,81.59,2020-09-02,81.59,67.93
20200903,000688,上证科创板50成份指数,科创50,SSE Science and Technology Innovation Board 50 Index,STAR 50,1422.42,1423.89,1396.11,1402.14,-20.81,-1.46,106983109.0,66.01,50.0,80.25,2020-09-03,80.25,66.01
20200904,000688,上证科创板50成份指数,科创50,SSE Science and Technology Innovation Board 50 Index,STAR 50,1377.39,1396.0,1371.16,1390.28,-11.86,-0.85,102549565.0,67.89,50.0,79.85,2020-09-04,79.85,67.89
20200907,000688,上证科创板50成份指数,科创50,SSE Science and Technology Innovation Board 50 Index,STAR 50,1387.49,1394.9,1349.77,1356.7,-33.58,-2.42,127136542.0,81.72,50.0,77.78,2020-09-07,77.78,81.72
20200908,000688,上证科创板50成份指数,科创50,SSE Science and Technology Innovation Board 50 Index,STAR 50,1356.82,1363.28,1328.92,1344.61,-12.09,-0.89,107862948.0,58.8,50.0,77.17,2020-09-08,77.17,58.8
20200909,000688,上证科创板50成份指数,科创50,SSE Science and Technology Innovation Board 50 Index,STAR 50,1331.43,1332.07,1289.35,1298.08,-46.53,-3.46,200377732.0,67.05,50.0,74.53,2020-09-09,74.53,67.05
20200910,000688,上证科创板50成份指数,科创50,SSE Science and Technology Innovation Board 50 Index,STAR 50,1309.32,1321.06,1276.5,1280.19,-17.89,-1.38,131759767.0,59.4,50.0,73.86,2020-09-10,73.86,59.4
20200911,000688,上证科创板50成份指数,科创50,SSE Science and Technology Innovation Board 50 Index,STAR 50,1279.84,1313.85,1272.84,1312.51,32.32,2.52,88360899.0,45.36,50.0,75.59,2020-09-11,75.59,45.36
20200914,000688,上证科创板50成份指数,科创50,SSE Science and Technology Innovation Board 50 Index,STAR 50,1334.98,1372.83,1334.98,1348.07,35.56,2.71,135884252.0,74.66,50.0,78.08,2020-09-14,78.08,74.66
20200915,000688,上证科创板50成份指数,科创50,SSE Science and Technology Innovation Board 50 Index,STAR 50,1348.79,1372.44,1334.82,1364.6,16.53,1.23,110397444.0,61.41,50.0,79.26,2020-09-15,79.26,61.41
20200916,000688,上证科创板50成份指数,科创50,SSE Science and Technology Innovation Board 50 Index,STAR 50,1363.32,1364.42,1341.68,1349.67,-14.93,-1.09,85150685.0,48.54,50.0,78.07,2020-09-16,78.07,48.54
20200917,000688,上证科创板50成份指数,科创50,SSE Science and Technology Innovation Board 50 Index,STAR 50,1347.45,1393.85,1335.03,1383.59,33.92,2.51,211738987.0,83.89,50.0,79.84,2020-09-17,79.84,83.89
20200918,000688,上证科创板50成份指数,科创50,SSE Science and Technology Innovation Board 50 Index,STAR 50,1386.38,1403.92,1379.92,1403.9,20.31,1.47,159985461.0,71.04,50.0,81.08,2020-09-18,81.08,71.04
20200921,000688,上证科创板50成份指数,科创50,SSE Science and Technology Innovation Board 50 Index,STAR 50,1407.07,1411.5,1390.9,1397.75,-6.15,-0.44,124980477.0,63.41,50.0,80.7,2020-09-21,80.7,63.41
20200922,000688,上证科创板50成份指数,科创50,SSE Science and Technology Innovation Board 50 Index,STAR 50,1389.78,1403.26,1379.01,1390.09,-7.66,-0.55,120443015.0,63.5,50.0,80.22,2020-09-22,80.22,63.5
20200923,000688,上证科创板50成份指数,科创50,SSE Science and Technology Innovation Board 50 Index,STAR 50,1401.37,1440.64,1400.28,1423.9,33.82,2.43,205041936.0,91.57,50.0,81.91,2020-09-23,81.91,91.57
20200924,000688,上证科创板50成份指数,科创50,SSE Science and Technology Innovation Board 50 Index,STAR 50,1412.16,1416.38,1392.01,1394.93,-28.98,-2.04,151423923.0,70.76,50.0,80.05,2020-09-24,80.05,70.76
20200925,000688,上证科创板50成份指数,科创50,SSE Science and Technology Innovation Board 50 Index,STAR 50,1399.39,1402.68,1360.55,1364.02,-30.9,-2.22,108522827.0,53.72,50.0,78.18,2020-09-25,78.18,53.72
20200928,000688,上证科创板50成份指数,科创50,SSE Science and Technology Innovation Board 50 Index,STAR 50,1367.46,1369.04,1335.99,1338.95,-25.07,-1.84,91111509.0,50.25,50.0,76.82,2020-09-28,76.82,50.25
20200929,000688,上证科创板50成份指数,科创50,SSE Science and Technology Innovation Board 50 Index,STAR 50,1345.99,1403.43,1345.99,1389.96,51.01,3.81,110307599.0,67.19,50.0,79.78,2020-09-29,79.78,67.19
20200930,000688,上证科创板50成份指数,科创50,SSE Science and Technology Innovation Board 50 Index,STAR 50,1394.86,1431.88,1393.91,1418.8,28.83,2.07,114064705.0,70.35,50.0,81.34,2020-09-30,81.34,70.35
20201009,000688,上证科创板50成份指数,科创50,SSE Science and Technology Innovation Board 50 Index,STAR 50,1446.52,1467.98,1446.52,1465.96,47.16,3.32,154500333.0,86.88,50.0,84.15,2020-10-09,84.15,86.88
20201012,000688,上证科创板50成份指数,科创50,SSE Science and Technology Innovation Board 50 Index,STAR 50,1475.26,1491.61,1469.65,1490.58,24.62,1.68,191896323.0,106.57,50.0,85.67,2020-10-12,85.67,106.57
20201013,000688,上证科创板50成份指数,科创50,SSE Science and Technology Innovation Board 50 Index,STAR 50,1491.85,1498.83,1485.13,1497.6,7.02,0.47,138784833.0,81.97,50.0,85.82,2020-10-13,85.82,81.97
20201014,000688,上证科创板50成份指数,科创50,SSE Science and Technology Innovation Board 50 Index,STAR 50,1495.34,1498.0,1481.12,1488.67,-8.93,-0.6,138650712.0,79.86,50.0,85.01,2020-10-14,85.01,79.86
20201015,000688,上证科创板50成份指数,科创50,SSE Science and Technology Innovation Board 50 Index,STAR 50,1489.38,1493.0,1451.88,1453.79,-34.88,-2.34,104785457.0,64.67,50.0,83.09,2020-10-15,83.09,64.67
20201016,000688,上证科创板50成份指数,科创50,SSE Science and Technology Innovation Board 50 Index,STAR 50,1457.15,1461.83,1429.08,1438.53,-15.26,-1.05,104263073.0,62.79,50.0,82.18,2020-10-16,82.18,62.79
20201019,000688,上证科创板50成份指数,科创50,SSE Science and Technology Innovation Board 50 Index,STAR 50,1444.84,1446.49,1411.27,1412.15,-26.38,-1.83,100507057.0,59.74,50.0,80.89,2020-10-19,80.89,59.74
20201020,000688,上证科创板50成份指数,科创50,SSE Science and Technology Innovation Board 50 Index,STAR 50,1413.87,1428.08,1402.71,1426.18,14.03,0.99,89125995.0,52.89,50.0,81.81,2020-10-20,81.81,52.89
20201021,000688,上证科创板50成份指数,科创50,SSE Science and Technology Innovation Board 50 Index,STAR 50,1427.24,1429.45,1396.12,1396.98,-29.2,-2.05,107782528.0,61.32,50.0,79.91,2020-10-21,79.91,61.32
20201022,000688,上证科创板50成份指数,科创50,SSE Science and Technology Innovation Board 50 Index,STAR 50,1395.13,1395.13,1373.51,1376.58,-20.4,-1.46,85625278.0,46.1,50.0,78.77,2020-10-22,78.77,46.1
20201023,000688,上证科创板50成份指数,科创50,SSE Science and Technology Innovation Board 50 Index,STAR 50,1380.37,1389.52,1336.37,1336.53,-40.05,-2.91,99389555.0,62.48,50.0,76.19,2020-10-23,76.19,62.48
20201026,000688,上证科创板50成份指数,科创50,SSE Science and Technology Innovation Board 50 Index,STAR 50,1332.68,1364.97,1313.45,1356.11,19.58,1.47,83751167.0,49.93,50.0,77.29,2020-10-26,77.29,49.93
20201027,000688,上证科创板50成份指数,科创50,SSE Science and Technology Innovation Board 50 Index,STAR 50,1359.18,1386.8,1354.81,1385.75,29.64,2.19,83326248.0,57.01,50.0,78.92,2020-10-27,78.92,57.01
20201028,000688,上证科创板50成份指数,科创50,SSE Science and Technology Innovation Board 50 Index,STAR 50,1396.56,1413.66,1392.07,1406.07,20.33,1.47,103059419.0,71.33,50.0,80.51,2020-10-28,80.51,71.33
20201029,000688,上证科创板50成份指数,科创50,SSE Science and Technology Innovation Board 50 Index,STAR 50,1394.28,1418.41,1387.38,1412.06,5.98,0.43,109925795.0,70.33,50.0,81.18,2020-10-29,81.18,70.33
20201030,000688,上证科创板50成份指数,科创50,SSE Science and Technology Innovation Board 50 Index,STAR 50,1413.51,1430.12,1393.91,1393.91,-18.15,-1.29,143577796.0,87.05,50.0,80.17,2020-10-30,80.17,87.05
20201102,000688,上证科创板50成份指数,科创50,SSE Science and Technology Innovation Board 50 Index,STAR 50,1402.08,1406.94,1370.9,1400.91,7.0,0.5,123017638.0,75.1,50.0,74.68,2020-11-02,74.68,75.1
20201103,000688,上证科创板50成份指数,科创50,SSE Science and Technology Innovation Board 50 Index,STAR 50,1403.64,1451.63,1402.26,1449.01,48.09,3.43,113125270.0,77.58,50.0,77.31,2020-11-03,77.31,77.58
20201104,000688,上证科创板50成份指数,科创50,SSE Science and Technology Innovation Board 50 Index,STAR 50,1454.73,1462.67,1443.42,1458.9,9.89,0.68,93621116.0,64.54,50.0,77.63,2020-11-04,77.63,64.54
20201105,000688,上证科创板50成份指数,科创50,SSE Science and Technology Innovation Board 50 Index,STAR 50,1477.61,1479.47,1453.72,1475.38,16.48,1.13,120175634.0,79.47,50.0,78.33,2020-11-05,78.33,79.47
20201106,000688,上证科创板50成份指数,科创50,SSE Science and Technology Innovation Board 50 Index,STAR 50,1477.53,1477.53,1429.12,1441.47,-33.9,-2.3,116655418.0,79.54,50.0,76.53,2020-11-06,76.53,79.54
20201109,000688,上证科创板50成份指数,科创50,SSE Science and Technology Innovation Board 50 Index,STAR 50,1446.47,1491.52,1442.62,1485.15,43.67,3.03,182499932.0,122.55,50.0,78.97,2020-11-09,78.97,122.55
20201110,000688,上证科创板50成份指数,科创50,SSE Science and Technology Innovation Board 50 Index,STAR 50,1483.66,1483.66,1438.59,1441.97,-43.18,-2.91,117214932.0,81.64,50.0,76.63,2020-11-10,76.63,81.64
20201111,000688,上证科创板50成份指数,科创50,SSE Science and Technology Innovation Board 50 Index,STAR 50,1440.78,1441.0,1393.73,1395.51,-46.46,-3.22,103010340.0,71.4,50.0,74.03,2020-11-11,74.03,71.4
20201112,000688,上证科创板50成份指数,科创50,SSE Science and Technology Innovation Board 50 Index,STAR 50,1404.81,1421.74,1404.57,1413.29,17.78,1.27,82633413.0,55.61,50.0,75.07,2020-11-12,75.07,55.61
20201113,000688,上证科创板50成份指数,科创50,SSE Science and Technology Innovation Board 50 Index,STAR 50,1406.68,1441.01,1401.46,1436.89,23.59,1.67,95438149.0,59.7,50.0,76.44,2020-11-13,76.44,59.7
20201116,000688,上证科创板50成份指数,科创50,SSE Science and Technology Innovation Board 50 Index,STAR 50,1520.27,1520.27,1444.39,1446.95,10.06,0.7,151922126.0,95.26,50.0,76.92,2020-11-16,76.92,95.26
20201117,000688,上证科创板50成份指数,科创50,SSE Science and Technology Innovation Board 50 Index,STAR 50,1455.23,1455.23,1425.26,1430.81,-16.14,-1.12,116400219.0,70.92,50.0,76.09,2020-11-17,76.09,70.92
20201118,000688,上证科创板50成份指数,科创50,SSE Science and Technology Innovation Board 50 Index,STAR 50,1431.66,1441.22,1418.36,1419.23,-11.58,-0.81,103015893.0,62.44,50.0,75.47,2020-11-18,75.47,62.44
20201119,000688,上证科创板50成份指数,科创50,SSE Science and Technology Innovation Board 50 Index,STAR 50,1415.64,1436.49,1408.22,1435.92,16.7,1.18,87772978.0,56.4,50.0,76.66,2020-11-19,76.66,56.4
20201120,000688,上证科创板50成份指数,科创50,SSE Science and Technology Innovation Board 50 Index,STAR 50,1433.95,1442.31,1427.31,1430.72,-5.2,-0.36,92145365.0,57.52,50.0,76.11,2020-11-20,76.11,57.52
20201123,000688,上证科创板50成份指数,科创50,SSE Science and Technology Innovation Board 50 Index,STAR 50,1429.39,1429.39,1412.02,1418.1,-12.62,-0.88,110188903.0,69.9,50.0,75.3,2020-11-23,75.3,69.9
20201124,000688,上证科创板50成份指数,科创50,SSE Science and Technology Innovation Board 50 Index,STAR 50,1412.02,1420.34,1409.4,1412.75,-5.35,-0.38,95910818.0,59.34,50.0,75.01,2020-11-24,75.01,59.34
20201125,000688,上证科创板50成份指数,科创50,SSE Science and Technology Innovation Board 50 Index,STAR 50,1414.19,1414.51,1387.56,1388.36,-24.38,-1.73,100504926.0,62.22,50.0,73.87,2020-11-25,73.87,62.22
20201126,000688,上证科创板50成份指数,科创50,SSE Science and Technology Innovation Board 50 Index,STAR 50,1386.21,1398.57,1380.13,1385.31,-3.05,-0.22,85831194.0,54.04,50.0,73.88,2020-11-26,73.88,54.04
20201127,000688,上证科创板50成份指数,科创50,SSE Science and Technology Innovation Board 50 Index,STAR 50,1386.65,1398.14,1380.64,1387.77,2.46,0.18,83507687.0,53.17,50.0,74.18,2020-11-27,74.18,53.17
20201130,000688,上证科创板50成份指数,科创50,SSE Science and Technology Innovation Board 50 Index,STAR 50,1392.95,1397.01,1380.22,1385.48,-2.29,-0.16,115761791.0,69.38,50.0,74.56,2020-11-30,74.56,69.38
20201201,000688,上证科创板50成份指数,科创50,SSE Science and Technology Innovation Board 50 Index,STAR 50,1386.58,1408.04,1381.96,1404.24,18.75,1.35,89651649.0,58.97,50.0,75.87,2020-12-01,75.87,58.97
20201202,000688,上证科创板50成份指数,科创50,SSE Science and Technology Innovation Board 50 Index,STAR 50,1408.67,1419.11,1403.73,1408.49,4.25,0.3,112340253.0,71.48,50.0,76.32,2020-12-02,76.32,71.48
20201203,000688,上证科创板50成份指数,科创50,SSE Science and Technology Innovation Board 50 Index,STAR 50,1410.44,1418.12,1398.1,1410.83,2.34,0.17,91608767.0,59.82,50.0,76.64,2020-12-03,76.64,59.82
20201204,000688,上证科创板50成份指数,科创50,SSE Science and Technology Innovation Board 50 Index,STAR 50,1409.59,1410.93,1401.53,1404.87,-5.96,-0.42,81279478.0,53.7,50.0,76.21,2020-12-04,76.21,53.7
20201207,000688,上证科创板50成份指数,科创50,SSE Science and Technology Innovation Board 50 Index,STAR 50,1410.5,1417.78,1403.42,1406.19,1.33,0.09,114011790.0,76.19,50.0,76.45,2020-12-07,76.45,76.19
20201208,000688,上证科创板50成份指数,科创50,SSE Science and Technology Innovation Board 50 Index,STAR 50,1405.72,1408.79,1397.55,1398.73,-7.46,-0.53,126364749.0,74.73,50.0,76.3,2020-12-08,76.3,74.73
20201209,000688,上证科创板50成份指数,科创50,SSE Science and Technology Innovation Board 50 Index,STAR 50,1400.57,1404.23,1364.2,1365.04,-33.69,-2.41,151853414.0,89.99,50.0,74.76,2020-12-09,74.76,89.99
20201210,000688,上证科创板50成份指数,科创50,SSE Science and Technology Innovation Board 50 Index,STAR 50,1363.0,1370.83,1355.88,1360.18,-4.85,-0.36,168930335.0,106.78,50.0,75.27,2020-12-10,75.27,106.78
20201211,000688,上证科创板50成份指数,科创50,SSE Science and Technology Innovation Board 50 Index,STAR 50,1362.34,1365.43,1345.32,1362.96,2.78,0.2,249308884.0,153.87,50.0,76.33,2020-12-11,76.33,153.87
20201214,000688,上证科创板50成份指数,科创50,SSE Science and Technology Innovation Board 50 Index,STAR 50,1361.61,1380.05,1353.9,1375.06,12.1,0.89,192992196.0,132.11,50.0,81.99,2020-12-14,81.99,132.11
20201215,000688,上证科创板50成份指数,科创50,SSE Science and Technology Innovation Board 50 Index,STAR 50,1373.96,1379.77,1357.36,1363.18,-11.88,-0.86,202310335.0,138.89,50.0,81.53,2020-12-15,81.53,138.89
20201216,000688,上证科创板50成份指数,科创50,SSE Science and Technology Innovation Board 50 Index,STAR 50,1357.22,1357.22,1339.96,1345.13,-18.05,-1.32,219678934.0,129.83,50.0,80.63,2020-12-16,80.63,129.83
20201217,000688,上证科创板50成份指数,科创50,SSE Science and Technology Innovation Board 50 Index,STAR 50,1343.28,1364.88,1339.9,1363.36,18.23,1.36,175518337.0,109.27,50.0,81.66,2020-12-17,81.66,109.27
20201218,000688,上证科创板50成份指数,科创50,SSE Science and Technology Innovation Board 50 Index,STAR 50,1381.48,1381.48,1357.77,1361.11,-2.25,-0.17,164691583.0,108.09,50.0,81.41,2020-12-18,81.41,108.09
20201221,000688,上证科创板50成份指数,科创50,SSE Science and Technology Innovation Board 50 Index,STAR 50,1359.69,1390.59,1355.93,1388.67,27.56,2.02,198381484.0,132.81,50.0,83.11,2020-12-21,83.11,132.81
20201222,000688,上证科创板50成份指数,科创50,SSE Science and Technology Innovation Board 50 Index,STAR 50,1383.29,1390.99,1355.97,1358.62,-30.05,-2.16,185044245.0,119.04,50.0,81.66,2020-12-22,81.66,119.04
20201223,000688,上证科创板50成份指数,科创50,SSE Science and Technology Innovation Board 50 Index,STAR 50,1359.73,1378.61,1355.25,1376.6,17.98,1.32,176575270.0,116.11,50.0,82.75,2020-12-23,82.75,116.11
20201224,000688,上证科创板50成份指数,科创50,SSE Science and Technology Innovation Board 50 Index,STAR 50,1378.38,1384.31,1347.8,1348.01,-28.58,-2.08,158088501.0,101.05,50.0,80.92,2020-12-24,80.92,101.05
20201225,000688,上证科创板50成份指数,科创50,SSE Science and Technology Innovation Board 50 Index,STAR 50,1348.47,1357.65,1340.79,1349.79,1.78,0.13,151953708.0,99.49,50.0,81.31,2020-12-25,81.31,99.49
20201228,000688,上证科创板50成份指数,科创50,SSE Science and Technology Innovation Board 50 Index,STAR 50,1345.3,1349.35,1335.25,1339.01,-10.79,-0.8,164114355.0,106.38,50.0,80.62,2020-12-28,80.62,106.38
20201229,000688,上证科创板50成份指数,科创50,SSE Science and Technology Innovation Board 50 Index,STAR 50,1338.24,1353.06,1336.09,1337.47,-1.54,-0.11,140743720.0,92.99,50.0,80.48,2020-12-29,80.48,92.99
20201230,000688,上证科创板50成份指数,科创50,SSE Science and Technology Innovation Board 50 Index,STAR 50,1336.72,1367.76,1335.21,1362.91,25.44,1.9,198135748.0,124.8,50.0,81.72,2020-12-30,81.72,124.8
20201231,000688,上证科创板50成份指数,科创50,SSE Science and Technology Innovation Board 50 Index,STAR 50,1370.44,1394.74,1368.47,1393.03,30.12,2.21,226877386.0,154.13,50.0,83.99,2020-12-31,83.99,154.13
20210104,000688,上证科创板50成份指数,科创50,SSE Science and Technology Innovation Board 50 Index,STAR 50,1398.96,1425.7,1389.59,1422.12,29.1,2.09,226209084.0,160.85,50.0,85.71,2021-01-04,85.71,160.85
20210105,000688,上证科创板50成份指数,科创50,SSE Science and Technology Innovation Board 50 Index,STAR 50,1413.18,1427.12,1409.54,1425.16,3.04,0.21,243516740.0,163.59,50.0,85.59,2021-01-05,85.59,163.59
20210106,000688,上证科创板50成份指数,科创50,SSE Science and Technology Innovation Board 50 Index,STAR 50,1430.07,1434.19,1408.06,1415.02,-10.14,-0.71,255938745.0,155.33,50.0,85.04,2021-01-06,85.04,155.33
20210107,000688,上证科创板50成份指数,科创50,SSE Science and Technology Innovation Board 50 Index,STAR 50,1414.9,1417.43,1370.19,1381.94,-33.08,-2.34,241362208.0,160.18,50.0,82.89,2021-01-07,82.89,160.18
20210108,000688,上证科创板50成份指数,科创50,SSE Science and Technology Innovation Board 50 Index,STAR 50,1382.15,1385.12,1366.18,1378.74,-3.2,-0.23,233493730.0,162.81,50.0,82.69,2021-01-08,82.69,162.81
20210111,000688,上证科创板50成份指数,科创50,SSE Science and Technology Innovation Board 50 Index,STAR 50,1385.35,1407.91,1378.12,1390.66,11.92,0.86,261926466.0,184.11,50.0,83.8,2021-01-11,83.8,184.11
20210112,000688,上证科创板50成份指数,科创50,SSE Science and Technology Innovation Board 50 Index,STAR 50,1389.47,1408.42,1379.8,1405.22,14.57,1.05,187406871.0,132.46,50.0,84.56,2021-01-12,84.56,132.46
20210113,000688,上证科创板50成份指数,科创50,SSE Science and Technology Innovation Board 50 Index,STAR 50,1412.07,1416.66,1389.77,1407.41,2.19,0.16,241864870.0,158.42,50.0,84.92,2021-01-13,84.92,158.42
20210114,000688,上证科创板50成份指数,科创50,SSE Science and Technology Innovation Board 50 Index,STAR 50,1406.05,1478.75,1399.56,1447.27,39.85,2.83,421889309.0,223.06,50.0,87.02,2021-01-14,87.02,223.06
20210115,000688,上证科创板50成份指数,科创50,SSE Science and Technology Innovation Board 50 Index,STAR 50,1450.86,1465.69,1431.45,1447.58,0.32,0.02,311857185.0,192.53,50.0,87.35,2021-01-15,87.35,192.53
20210118,000688,上证科创板50成份指数,科创50,SSE Science and Technology Innovation Board 50 Index,STAR 50,1443.82,1496.37,1437.02,1481.25,33.67,2.33,269640619.0,181.52,50.0,89.58,2021-01-18,89.58,181.52
20210119,000688,上证科创板50成份指数,科创50,SSE Science and Technology Innovation Board 50 Index,STAR 50,1485.46,1489.22,1441.62,1443.92,-37.33,-2.52,248880002.0,165.47,50.0,87.02,2021-01-19,87.02,165.47
20210120,000688,上证科创板50成份指数,科创50,SSE Science and Technology Innovation Board 50 Index,STAR 50,1450.72,1482.11,1444.74,1481.45,37.53,2.6,219018690.0,147.41,50.0,90.05,2021-01-20,90.05,147.41
20210121,000688,上证科创板50成份指数,科创50,SSE Science and Technology Innovation Board 50 Index,STAR 50,1485.65,1492.95,1465.89,1482.28,0.83,0.06,219482534.0,146.11,50.0,90.74,2021-01-21,90.74,146.11
20210122,000688,上证科创板50成份指数,科创50,SSE Science and Technology Innovation Board 50 Index,STAR 50,1482.65,1487.61,1456.02,1486.31,4.02,0.27,227471669.0,158.84,50.0,91.84,2021-01-22,91.84,158.84
20210125,000688,上证科创板50成份指数,科创50,SSE Science and Technology Innovation Board 50 Index,STAR 50,1481.74,1513.73,1471.18,1498.6,12.29,0.83,215620488.0,158.88,50.0,92.69,2021-01-25,92.69,158.88
20210126,000688,上证科创板50成份指数,科创50,SSE Science and Technology Innovation Board 50 Index,STAR 50,1498.0,1509.41,1471.31,1478.45,-20.14,-1.34,194746465.0,146.34,50.0,90.82,2021-01-26,90.82,146.34
20210127,000688,上证科创板50成份指数,科创50,SSE Science and Technology Innovation Board 50 Index,STAR 50,1481.49,1489.76,1441.18,1458.37,-20.08,-1.36,163643532.0,125.26,50.0,89.14,2021-01-27,89.14,125.26
20210128,000688,上证科创板50成份指数,科创50,SSE Science and Technology Innovation Board 50 Index,STAR 50,1441.4,1461.84,1418.94,1421.59,-36.79,-2.52,149344743.0,114.38,50.0,86.76,2021-01-28,86.76,114.38
20210129,000688,上证科创板50成份指数,科创50,SSE Science and Technology Innovation Board 50 Index,STAR 50,1435.28,1440.25,1400.67,1421.96,0.37,0.03,172904465.0,121.44,50.0,87.62,2021-01-29,87.62,121.44
20210201,000688,上证科创板50成份指数,科创50,SSE Science and Technology Innovation Board 50 Index,STAR 50,1419.18,1439.04,1412.16,1421.48,-0.48,-0.03,140889623.0,105.26,50.0,87.26,2021-02-01,87.26,105.26
20210202,000688,上证科创板50成份指数,科创50,SSE Science and Technology Innovation Board 50 Index,STAR 50,1419.71,1438.09,1414.36,1438.06,16.58,1.17,143798605.0,104.2,50.0,88.27,2021-02-02,88.27,104.2
20210203,000688,上证科创板50成份指数,科创50,SSE Science and Technology Innovation Board 50 Index,STAR 50,1436.0,1443.98,1410.15,1410.15,-27.91,-1.94,197920135.0,134.16,50.0,87.2,2021-02-03,87.2,134.16
20210204,000688,上证科创板50成份指数,科创50,SSE Science and Technology Innovation Board 50 Index,STAR 50,1402.09,1412.71,1367.71,1394.1,-16.05,-1.14,186370510.0,122.86,50.0,86.26,2021-02-04,86.26,122.86
20210205,000688,上证科创板50成份指数,科创50,SSE Science and Technology Innovation Board 50 Index,STAR 50,1396.12,1407.32,1368.65,1368.8,-25.3,-1.81,169214376.0,122.28,50.0,85.54,2021-02-05,85.54,122.28
20210208,000688,上证科创板50成份指数,科创50,SSE Science and Technology Innovation Board 50 Index,STAR 50,1371.75,1395.14,1367.33,1382.48,13.68,1.0,130526410.0,97.26,50.0,85.91,2021-02-08,85.91,97.26
20210209,000688,上证科创板50成份指数,科创50,SSE Science and Technology Innovation Board 50 Index,STAR 50,1389.07,1434.87,1383.86,1427.68,45.2,3.27,142835400.0,118.41,50.0,89.53,2021-02-09,89.53,118.41
20210210,000688,上证科创板50成份指数,科创50,SSE Science and Technology Innovation Board 50 Index,STAR 50,1424.77,1440.21,1407.64,1437.02,9.34,0.65,152693835.0,119.78,50.0,90.3,2021-02-10,90.3,119.78
20210218,000688,上证科创板50成份指数,科创50,SSE Science and Technology Innovation Board 50 Index,STAR 50,1457.8,1465.68,1429.09,1429.74,-7.28,-0.51,213531602.0,149.76,50.0,89.16,2021-02-18,89.16,149.76
20210219,000688,上证科创板50成份指数,科创50,SSE Science and Technology Innovation Board 50 Index,STAR 50,1426.1,1430.72,1404.15,1427.91,-1.83,-0.13,170331564.0,121.59,50.0,88.62,2021-02-19,88.62,121.59
20210222,000688,上证科创板50成份指数,科创50,SSE Science and Technology Innovation Board 50 Index,STAR 50,1431.56,1436.8,1388.52,1389.92,-37.99,-2.66,229679704.0,151.6,50.0,85.42,2021-02-22,85.42,151.6
20210223,000688,上证科创板50成份指数,科创50,SSE Science and Technology Innovation Board 50 Index,STAR 50,1371.63,1401.51,1370.91,1390.53,0.61,0.04,169855255.0,117.15,50.0,86.03,2021-02-23,86.03,117.15
20210224,000688,上证科创板50成份指数,科创50,SSE Science and Technology Innovation Board 50 Index,STAR 50,1393.72,1398.33,1358.41,1365.64,-24.89,-1.79,179892505.0,130.07,50.0,83.78,2021-02-24,83.78,130.07
20210225,000688,上证科创板50成份指数,科创50,SSE Science and Technology Innovation Board 50 Index,STAR 50,1373.84,1375.61,1349.71,1349.71,-15.93,-1.17,160949955.0,102.96,50.0,83.34,2021-02-25,83.34,102.96
20210226,000688,上证科创板50成份指数,科创50,SSE Science and Technology Innovation Board 50 Index,STAR 50,1319.89,1344.15,1319.65,1325.59,-24.12,-1.79,158902325.0,112.39,50.0,81.6,2021-02-26,81.6,112.39
20210301,000688,上证科创板50成份指数,科创50,SSE Science and Technology Innovation Board 50 Index,STAR 50,1339.99,1359.72,1337.19,1358.14,32.55,2.46,177828561.0,116.36,50.0,83.15,2021-03-01,83.15,116.36
20210302,000688,上证科创板50成份指数,科创50,SSE Science and Technology Innovation Board 50 Index,STAR 50,1373.03,1373.66,1342.9,1352.04,-6.1,-0.45,177372764.0,121.36,50.0,82.74,2021-03-02,82.74,121.36
20210303,000688,上证科创板50成份指数,科创50,SSE Science and Technology Innovation Board 50 Index,STAR 50,1350.01,1359.79,1340.32,1359.4,7.35,0.54,133152105.0,92.53,50.0,83.15,2021-03-03,83.15,92.53
20210304,000688,上证科创板50成份指数,科创50,SSE Science and Technology Innovation Board 50 Index,STAR 50,1358.28,1362.99,1322.34,1324.16,-35.24,-2.59,204439708.0,131.45,50.0,80.62,2021-03-04,80.62,131.45
20210305,000688,上证科创板50成份指数,科创50,SSE Science and Technology Innovation Board 50 Index,STAR 50,1307.06,1338.83,1305.92,1329.84,5.68,0.43,137937518.0,93.19,50.0,81.27,2021-03-05,81.27,93.19
20210308,000688,上证科创板50成份指数,科创50,SSE Science and Technology Innovation Board 50 Index,STAR 50,1337.02,1340.42,1275.46,1275.46,-54.38,-4.09,194655799.0,122.55,50.0,77.89,2021-03-08,77.89,122.55
20210309,000688,上证科创板50成份指数,科创50,SSE Science and Technology Innovation Board 50 Index,STAR 50,1275.32,1278.32,1227.18,1230.14,-45.32,-3.55,181049436.0,108.02,50.0,75.27,2021-03-09,75.27,108.02
20210310,000688,上证科创板50成份指数,科创50,SSE Science and Technology Innovation Board 50 Index,STAR 50,1251.18,1258.88,1227.42,1232.74,2.6,0.21,133160301.0,80.58,50.0,75.97,2021-03-10,75.97,80.58
20210311,000688,上证科创板50成份指数,科创50,SSE Science and Technology Innovation Board 50 Index,STAR 50,1241.1,1273.96,1227.33,1267.3,34.57,2.8,157883547.0,100.01,50.0,77.92,2021-03-11,77.92,100.01
20210312,000688,上证科创板50成份指数,科创50,SSE Science and Technology Innovation Board 50 Index,STAR 50,1268.44,1269.21,1251.2,1261.32,-5.98,-0.47,125499249.0,79.6,50.0,77.65,2021-03-12,77.65,79.6
20210315,000688,上证科创板50成份指数,科创50,SSE Science and Technology Innovation Board 50 Index,STAR 50,1254.68,1254.68,1213.43,1223.39,-37.93,-3.01,142602796.0,89.87,50.0,73.79,2021-03-15,73.79,89.87
20210316,000688,上证科创板50成份指数,科创50,SSE Science and Technology Innovation Board 50 Index,STAR 50,1223.8,1231.99,1212.34,1220.37,-3.02,-0.25,134289405.0,75.13,50.0,73.86,2021-03-16,73.86,75.13
20210317,000688,上证科创板50成份指数,科创50,SSE Science and Technology Innovation Board 50 Index,STAR 50,1220.45,1237.91,1213.35,1236.54,16.17,1.33,114863713.0,70.29,50.0,74.96,2021-03-17,74.96,70.29
20210318,000688,上证科创板50成份指数,科创50,SSE Science and Technology Innovation Board 50 Index,STAR 50,1241.56,1251.56,1237.62,1241.31,4.77,0.39,120712690.0,69.66,50.0,75.63,2021-03-18,75.63,69.66
20210319,000688,上证科创板50成份指数,科创50,SSE Science and Technology Innovation Board 50 Index,STAR 50,1226.41,1242.13,1221.42,1231.29,-10.02,-0.81,146246481.0,81.43,50.0,74.86,2021-03-19,74.86,81.43
20210322,000688,上证科创板50成份指数,科创50,SSE Science and Technology Innovation Board 50 Index,STAR 50,1229.47,1247.49,1227.84,1242.76,11.46,0.93,112874685.0,65.61,50.0,75.73,2021-03-22,75.73,65.61
20210323,000688,上证科创板50成份指数,科创50,SSE Science and Technology Innovation Board 50 Index,STAR 50,1246.36,1257.38,1232.26,1236.47,-6.28,-0.51,126709555.0,75.81,50.0,75.15,2021-03-23,75.15,75.81
20210324,000688,上证科创板50成份指数,科创50,SSE Science and Technology Innovation Board 50 Index,STAR 50,1228.61,1244.45,1219.51,1221.45,-15.03,-1.22,125498547.0,75.03,50.0,74.88,2021-03-24,74.88,75.03
20210325,000688,上证科创板50成份指数,科创50,SSE Science and Technology Innovation Board 50 Index,STAR 50,1212.83,1231.96,1212.38,1219.71,-1.74,-0.14,113586503.0,69.3,50.0,75.06,2021-03-25,75.06,69.3
20210326,000688,上证科创板50成份指数,科创50,SSE Science and Technology Innovation Board 50 Index,STAR 50,1224.64,1258.16,1224.64,1256.66,36.95,3.03,132586857.0,82.21,50.0,77.46,2021-03-26,77.46,82.21
20210329,000688,上证科创板50成份指数,科创50,SSE Science and Technology Innovation Board 50 Index,STAR 50,1262.29,1263.44,1248.33,1250.77,-5.89,-0.47,116066800.0,77.79,50.0,77.14,2021-03-29,77.14,77.79
20210330,000688,上证科创板50成份指数,科创50,SSE Science and Technology Innovation Board 50 Index,STAR 50,1250.28,1259.28,1245.01,1248.34,-2.43,-0.19,112539510.0,69.4,50.0,77.14,2021-03-30,77.14,69.4
20210331,000688,上证科创板50成份指数,科创50,SSE Science and Technology Innovation Board 50 Index,STAR 50,1248.16,1253.79,1236.26,1248.33,-0.01,0.0,111212530.0,70.94,50.0,77.26,2021-03-31,77.26,70.94
20210401,000688,上证科创板50成份指数,科创50,SSE Science and Technology Innovation Board 50 Index,STAR 50,1251.0,1269.88,1248.96,1266.75,18.41,1.48,152857963.0,95.3,50.0,78.24,2021-04-01,78.24,95.3
20210402,000688,上证科创板50成份指数,科创50,SSE Science and Technology Innovation Board 50 Index,STAR 50,1276.03,1302.62,1274.38,1299.92,33.17,2.62,218527502.0,134.92,50.0,80.12,2021-04-02,80.12,134.92
20210406,000688,上证科创板50成份指数,科创50,SSE Science and Technology Innovation Board 50 Index,STAR 50,1304.64,1309.95,1291.92,1296.62,-3.3,-0.25,123530507.0,76.26,50.0,80.02,2021-04-06,80.02,76.26
20210407,000688,上证科创板50成份指数,科创50,SSE Science and Technology Innovation Board 50 Index,STAR 50,1296.82,1300.77,1283.16,1298.78,2.17,0.17,133724519.0,85.52,50.0,79.92,2021-04-07,79.92,85.52
20210408,000688,上证科创板50成份指数,科创50,SSE Science and Technology Innovation Board 50 Index,STAR 50,1293.64,1305.43,1287.01,1291.86,-6.93,-0.53,139954481.0,93.91,50.0,79.72,2021-04-08,79.72,93.91
20210409,000688,上证科创板50成份指数,科创50,SSE Science and Technology Innovation Board 50 Index,STAR 50,1290.31,1296.86,1269.92,1271.44,-20.41,-1.58,122499461.0,88.17,50.0,78.13,2021-04-09,78.13,88.17
20210412,000688,上证科创板50成份指数,科创50,SSE Science and Technology Innovation Board 50 Index,STAR 50,1269.02,1280.08,1240.44,1243.5,-27.95,-2.2,132630179.0,90.56,50.0,76.4,2021-04-12,76.4,90.56
20210413,000688,上证科创板50成份指数,科创50,SSE Science and Technology Innovation Board 50 Index,STAR 50,1242.76,1259.04,1239.46,1241.4,-2.1,-0.17,102168387.0,68.61,50.0,76.47,2021-04-13,76.47,68.61
20210414,000688,上证科创板50成份指数,科创50,SSE Science and Technology Innovation Board 50 Index,STAR 50,1243.24,1258.17,1243.24,1254.71,13.31,1.07,113884036.0,69.12,50.0,77.32,2021-04-14,77.32,69.12
20210415,000688,上证科创板50成份指数,科创50,SSE Science and Technology Innovation Board 50 Index,STAR 50,1250.36,1266.58,1245.18,1264.16,9.45,0.75,119895438.0,71.79,50.0,77.7,2021-04-15,77.7,71.79
20210416,000688,上证科创板50成份指数,科创50,SSE Science and Technology Innovation Board 50 Index,STAR 50,1265.15,1279.29,1255.84,1274.7,10.54,0.83,133554536.0,76.44,50.0,78.22,2021-04-16,78.22,76.44
20210419,000688,上证科创板50成份指数,科创50,SSE Science and Technology Innovation Board 50 Index,STAR 50,1273.08,1300.54,1268.99,1299.01,24.3,1.91,167305204.0,97.63,50.0,79.72,2021-04-19,79.72,97.63
20210420,000688,上证科创板50成份指数,科创50,SSE Science and Technology Innovation Board 50 Index,STAR 50,1295.61,1304.76,1290.02,1290.5,-8.5,-0.65,161773329.0,92.56,50.0,79.45,2021-04-20,79.45,92.56
20210421,000688,上证科创板50成份指数,科创50,SSE Science and Technology Innovation Board 50 Index,STAR 50,1285.31,1291.53,1275.61,1286.86,-3.65,-0.28,135453296.0,94.82,50.0,79.36,2021-04-21,79.36,94.82
20210422,000688,上证科创板50成份指数,科创50,SSE Science and Technology Innovation Board 50 Index,STAR 50,1288.58,1308.34,1288.58,1305.18,18.33,1.42,132543057.0,91.51,50.0,80.53,2021-04-22,80.53,91.51
20210423,000688,上证科创板50成份指数,科创50,SSE Science and Technology Innovation Board 50 Index,STAR 50,1303.29,1318.3,1300.1,1311.83,6.65,0.51,117294509.0,75.48,50.0,80.89,2021-04-23,80.89,75.48
20210426,000688,上证科创板50成份指数,科创50,SSE Science and Technology Innovation Board 50 Index,STAR 50,1315.51,1335.47,1313.06,1314.91,3.08,0.23,201584198.0,126.04,50.0,81.02,2021-04-26,81.02,126.04
20210427,000688,上证科创板50成份指数,科创50,SSE Science and Technology Innovation Board 50 Index,STAR 50,1310.66,1316.2,1297.27,1311.91,-2.99,-0.23,143302285.0,92.52,50.0,81.26,2021-04-27,81.26,92.52
20210428,000688,上证科创板50成份指数,科创50,SSE Science and Technology Innovation Board 50 Index,STAR 50,1318.55,1326.01,1304.33,1324.24,12.32,0.94,126962982.0,91.71,50.0,81.98,2021-04-28,81.98,91.71
20210429,000688,上证科创板50成份指数,科创50,SSE Science and Technology Innovation Board 50 Index,STAR 50,1320.89,1337.85,1312.94,1324.05,-0.18,-0.01,149430540.0,106.75,50.0,82.09,2021-04-29,82.09,106.75
20210430,000688,上证科创板50成份指数,科创50,SSE Science and Technology Innovation Board 50 Index,STAR 50,1319.01,1327.37,1313.83,1322.24,-1.82,-0.14,181221344.0,136.15,50.0,82.47,2021-04-30,82.47,136.15
20210506,000688,上证科创板50成份指数,科创50,SSE Science and Technology Innovation Board 50 Index,STAR 50,1321.21,1322.68,1298.91,1310.13,-12.11,-0.92,143573640.0,102.68,50.0,66.69,2021-05-06,66.69,102.68
20210507,000688,上证科创板50成份指数,科创50,SSE Science and Technology Innovation Board 50 Index,STAR 50,1311.66,1315.75,1263.69,1263.9,-46.23,-3.53,160294135.0,101.52,50.0,64.02,2021-05-07,64.02,101.52
20210510,000688,上证科创板50成份指数,科创50,SSE Science and Technology Innovation Board 50 Index,STAR 50,1262.48,1265.8,1249.49,1254.49,-9.41,-0.74,148820371.0,94.23,50.0,63.55,2021-05-10,63.55,94.23
20210511,000688,上证科创板50成份指数,科创50,SSE Science and Technology Innovation Board 50 Index,STAR 50,1243.81,1260.82,1240.2,1258.11,3.62,0.29,119237004.0,77.15,50.0,63.81,2021-05-11,63.81,77.15
20210512,000688,上证科创板50成份指数,科创50,SSE Science and Technology Innovation Board 50 Index,STAR 50,1254.74,1273.69,1251.81,1270.91,12.8,1.02,131270629.0,83.68,50.0,64.77,2021-05-12,64.77,83.68
20210513,000688,上证科创板50成份指数,科创50,SSE Science and Technology Innovation Board 50 Index,STAR 50,1257.87,1287.92,1257.87,1275.48,4.57,0.36,142064685.0,91.6,50.0,64.84,2021-05-13,64.84,91.6
20210514,000688,上证科创板50成份指数,科创50,SSE Science and Technology Innovation Board 50 Index,STAR 50,1277.97,1301.37,1273.96,1300.54,25.06,1.96,149662441.0,97.9,50.0,66.1,2021-05-14,66.1,97.9
20210517,000688,上证科创板50成份指数,科创50,SSE Science and Technology Innovation Board 50 Index,STAR 50,1303.08,1338.29,1301.06,1328.92,28.38,2.18,174721019.0,121.47,50.0,67.85,2021-05-17,67.85,121.47
20210518,000688,上证科创板50成份指数,科创50,SSE Science and Technology Innovation Board 50 Index,STAR 50,1330.47,1332.32,1316.38,1321.64,-7.28,-0.55,129009841.0,87.08,50.0,67.43,2021-05-18,67.43,87.08
20210519,000688,上证科创板50成份指数,科创50,SSE Science and Technology Innovation Board 50 Index,STAR 50,1320.68,1335.25,1318.16,1326.14,4.5,0.34,125694935.0,84.6,50.0,67.6,2021-05-19,67.6,84.6
20210520,000688,上证科创板50成份指数,科创50,SSE Science and Technology Innovation Board 50 Index,STAR 50,1322.05,1339.97,1321.04,1329.79,3.65,0.28,129974824.0,85.95,50.0,67.87,2021-05-20,67.87,85.95
20210521,000688,上证科创板50成份指数,科创50,SSE Science and Technology Innovation Board 50 Index,STAR 50,1334.6,1341.28,1314.4,1315.21,-14.58,-1.1,150574136.0,90.91,50.0,67.01,2021-05-21,67.01,90.91
20210524,000688,上证科创板50成份指数,科创50,SSE Science and Technology Innovation Board 50 Index,STAR 50,1314.79,1333.42,1304.64,1330.87,15.67,1.19,160986998.0,96.61,50.0,67.74,2021-05-24,67.74,96.61
20210525,000688,上证科创板50成份指数,科创50,SSE Science and Technology Innovation Board 50 Index,STAR 50,1329.68,1371.59,1329.68,1370.12,39.25,2.95,180323696.0,120.29,50.0,70.09,2021-05-25,70.09,120.29
20210526,000688,上证科创板50成份指数,科创50,SSE Science and Technology Innovation Board 50 Index,STAR 50,1371.78,1375.81,1360.59,1364.04,-6.08,-0.44,167695031.0,108.58,50.0,69.66,2021-05-26,69.66,108.58
20210527,000688,上证科创板50成份指数,科创50,SSE Science and Technology Innovation Board 50 Index,STAR 50,1362.95,1400.38,1361.01,1397.77,33.73,2.47,288585962.0,160.56,50.0,71.4,2021-05-27,71.4,160.56
20210528,000688,上证科创板50成份指数,科创50,SSE Science and Technology Innovation Board 50 Index,STAR 50,1395.43,1414.61,1381.45,1386.04,-11.73,-0.84,216464152.0,138.36,50.0,70.37,2021-05-28,70.37,138.36
20210531,000688,上证科创板50成份指数,科创50,SSE Science and Technology Innovation Board 50 Index,STAR 50,1398.19,1442.67,1398.19,1442.67,56.63,4.09,238863707.0,161.29,50.0,73.4,2021-05-31,73.4,161.29
20210601,000688,上证科创板50成份指数,科创50,SSE Science and Technology Innovation Board 50 Index,STAR 50,1437.32,1467.94,1432.97,1460.54,17.88,1.24,315974251.0,194.98,50.0,74.4,2021-06-01,74.4,194.98
20210602,000688,上证科创板50成份指数,科创50,SSE Science and Technology Innovation Board 50 Index,STAR 50,1461.74,1465.16,1423.45,1426.85,-33.7,-2.31,270787979.0,164.39,50.0,72.17,2021-06-02,72.17,164.39
20210603,000688,上证科创板50成份指数,科创50,SSE Science and Technology Innovation Board 50 Index,STAR 50,1425.8,1438.64,1410.12,1414.53,-12.31,-0.86,204524452.0,134.7,50.0,71.44,2021-06-03,71.44,134.7
20210604,000688,上证科创板50成份指数,科创50,SSE Science and Technology Innovation Board 50 Index,STAR 50,1406.31,1445.14,1405.51,1431.52,16.99,1.2,218602804.0,145.31,50.0,72.14,2021-06-04,72.14,145.31
20210607,000688,上证科创板50成份指数,科创50,SSE Science and Technology Innovation Board 50 Index,STAR 50,1443.86,1451.39,1425.11,1433.57,2.04,0.14,263324119.0,172.32,50.0,72.18,2021-06-07,72.18,172.32
20210608,000688,上证科创板50成份指数,科创50,SSE Science and Technology Innovation Board 50 Index,STAR 50,1443.74,1446.38,1411.23,1419.08,-14.49,-1.01,236310214.0,157.43,50.0,71.77,2021-06-08,71.77,157.43
20210609,000688,上证科创板50成份指数,科创50,SSE Science and Technology Innovation Board 50 Index,STAR 50,1420.31,1442.16,1417.77,1427.32,8.25,0.58,206788776.0,144.91,50.0,72.49,2021-06-09,72.49,144.91
20210610,000688,上证科创板50成份指数,科创50,SSE Science and Technology Innovation Board 50 Index,STAR 50,1427.87,1455.83,1426.49,1450.4,23.08,1.62,277999522.0,172.63,50.0,73.66,2021-06-10,73.66,172.63
20210611,000688,上证科创板50成份指数,科创50,SSE Science and Technology Innovation Board 50 Index,STAR 50,1453.6,1455.66,1433.06,1436.28,-14.13,-0.97,313937866.0,209.36,50.0,73.56,2021-06-11,73.56,209.36
20210615,000688,上证科创板50成份指数,科创50,SSE Science and Technology Innovation Board 50 Index,STAR 50,1442.09,1467.47,1435.05,1448.2,11.93,0.83,246890253.0,195.52,50.0,68.2,2021-06-15,68.2,195.52
20210616,000688,上证科创板50成份指数,科创50,SSE Science and Technology Innovation Board 50 Index,STAR 50,1452.95,1454.92,1404.69,1406.47,-41.73,-2.88,226982853.0,173.63,50.0,66.05,2021-06-16,66.05,173.63
20210617,000688,上证科创板50成份指数,科创50,SSE Science and Technology Innovation Board 50 Index,STAR 50,1409.05,1477.05,1409.05,1473.51,67.04,4.77,378399556.0,266.61,50.0,69.34,2021-06-17,69.34,266.61
20210618,000688,上证科创板50成份指数,科创50,SSE Science and Technology Innovation Board 50 Index,STAR 50,1475.21,1499.82,1474.68,1494.7,21.19,1.44,320243323.0,245.19,50.0,70.47,2021-06-18,70.47,245.19
20210621,000688,上证科创板50成份指数,科创50,SSE Science and Technology Innovation Board 50 Index,STAR 50,1485.66,1529.28,1482.49,1528.13,33.43,2.24,291619777.0,219.17,50.0,72.47,2021-06-21,72.47,219.17
20210622,000688,上证科创板50成份指数,科创50,SSE Science and Technology Innovation Board 50 Index,STAR 50,1531.52,1534.43,1506.31,1523.36,-4.76,-0.31,263688235.0,191.31,50.0,72.44,2021-06-22,72.44,191.31
20210623,000688,上证科创板50成份指数,科创50,SSE Science and Technology Innovation Board 50 Index,STAR 50,1530.64,1551.92,1516.69,1534.3,10.94,0.72,311191299.0,252.78,50.0,72.69,2021-06-23,72.69,252.78
20210624,000688,上证科创板50成份指数,科创50,SSE Science and Technology Innovation Board 50 Index,STAR 50,1531.24,1537.58,1496.94,1504.81,-29.49,-1.92,250563079.0,203.22,50.0,71.4,2021-06-24,71.4,203.22
20210625,000688,上证科创板50成份指数,科创50,SSE Science and Technology Innovation Board 50 Index,STAR 50,1505.29,1536.5,1502.89,1534.85,30.04,2.0,280765454.0,209.54,50.0,72.97,2021-06-25,72.97,209.54
20210628,000688,上证科创板50成份指数,科创50,SSE Science and Technology Innovation Board 50 Index,STAR 50,1538.02,1579.22,1536.71,1562.98,28.13,1.83,282858584.0,222.14,50.0,74.28,2021-06-28,74.28,222.14
20210629,000688,上证科创板50成份指数,科创50,SSE Science and Technology Innovation Board 50 Index,STAR 50,1567.88,1576.87,1546.68,1562.08,-0.9,-0.06,239672454.0,199.39,50.0,74.21,2021-06-29,74.21,199.39
20210630,000688,上证科创板50成份指数,科创50,SSE Science and Technology Innovation Board 50 Index,STAR 50,1564.32,1603.35,1558.96,1588.22,26.14,1.67,315445910.0,250.61,50.0,75.38,2021-06-30,75.38,250.61
20210701,000688,上证科创板50成份指数,科创50,SSE Science and Technology Innovation Board 50 Index,STAR 50,1587.53,1594.11,1569.9,1579.8,-8.41,-0.53,278840791.0,229.56,50.0,75.44,2021-07-01,75.44,229.56
20210702,000688,上证科创板50成份指数,科创50,SSE Science and Technology Innovation Board 50 Index,STAR 50,1563.83,1564.88,1527.2,1538.16,-41.65,-2.64,263768707.0,221.96,50.0,73.23,2021-07-02,73.23,221.96
20210705,000688,上证科创板50成份指数,科创50,SSE Science and Technology Innovation Board 50 Index,STAR 50,1545.68,1581.07,1545.68,1575.89,37.74,2.45,280180405.0,249.96,50.0,75.38,2021-07-05,75.38,249.96
20210706,000688,上证科创板50成份指数,科创50,SSE Science and Technology Innovation Board 50 Index,STAR 50,1580.28,1584.69,1510.71,1532.79,-43.1,-2.74,305357989.0,266.45,50.0,73.44,2021-07-06,73.44,266.45
20210707,000688,上证科创板50成份指数,科创50,SSE Science and Technology Innovation Board 50 Index,STAR 50,1523.83,1573.15,1519.41,1570.03,37.24,2.43,275969223.0,224.37,50.0,75.24,2021-07-07,75.24,224.37
20210708,000688,上证科创板50成份指数,科创50,SSE Science and Technology Innovation Board 50 Index,STAR 50,1577.5,1616.7,1577.41,1610.77,40.75,2.6,327994560.0,284.38,50.0,77.19,2021-07-08,77.19,284.38
20210709,000688,上证科创板50成份指数,科创50,SSE Science and Technology Innovation Board 50 Index,STAR 50,1598.28,1602.0,1556.58,1583.71,-27.06,-1.68,255328274.0,221.75,50.0,75.75,2021-07-09,75.75,221.75
20210712,000688,上证科创板50成份指数,科创50,SSE Science and Technology Innovation Board 50 Index,STAR 50,1593.57,1611.6,1576.72,1601.61,17.89,1.13,272676470.0,250.78,50.0,76.02,2021-07-12,76.02,250.78
20210713,000688,上证科创板50成份指数,科创50,SSE Science and Technology Innovation Board 50 Index,STAR 50,1602.12,1621.71,1573.78,1590.98,-10.63,-0.66,260157689.0,230.61,50.0,75.5,2021-07-13,75.5,230.61
20210714,000688,上证科创板50成份指数,科创50,SSE Science and Technology Innovation Board 50 Index,STAR 50,1579.03,1585.6,1556.69,1556.72,-34.26,-2.15,220585786.0,206.79,50.0,74.33,2021-07-14,74.33,206.79
20210715,000688,上证科创板50成份指数,科创50,SSE Science and Technology Innovation Board 50 Index,STAR 50,1549.28,1567.27,1536.9,1560.7,3.98,0.26,240138812.0,204.87,50.0,74.96,2021-07-15,74.96,204.87
20210716,000688,上证科创板50成份指数,科创50,SSE Science and Technology Innovation Board 50 Index,STAR 50,1568.17,1569.25,1523.64,1525.23,-35.47,-2.27,277500121.0,229.23,50.0,73.5,2021-07-16,73.5,229.23
20210719,000688,上证科创板50成份指数,科创50,SSE Science and Technology Innovation Board 50 Index,STAR 50,1514.83,1530.59,1503.11,1514.18,-11.05,-0.72,265043807.0,212.73,50.0,73.12,2021-07-19,73.12,212.73
20210720,000688,上证科创板50成份指数,科创50,SSE Science and Technology Innovation Board 50 Index,STAR 50,1505.08,1529.27,1501.92,1522.63,8.45,0.56,204191868.0,168.36,50.0,73.4,2021-07-20,73.4,168.36
20210721,000688,上证科创板50成份指数,科创50,SSE Science and Technology Innovation Board 50 Index,STAR 50,1528.6,1576.77,1527.6,1565.64,43.01,2.82,269188382.0,223.32,50.0,75.66,2021-07-21,75.66,223.32
20210722,000688,上证科创板50成份指数,科创50,SSE Science and Technology Innovation Board 50 Index,STAR 50,1570.49,1584.32,1549.45,1582.13,16.49,1.05,338358985.0,280.54,50.0,76.71,2021-07-22,76.71,280.54
20210723,000688,上证科创板50成份指数,科创50,SSE Science and Technology Innovation Board 50 Index,STAR 50,1593.31,1593.7,1548.39,1563.49,-18.64,-1.18,305248746.0,264.4,50.0,75.83,2021-07-23,75.83,264.4
20210726,000688,上证科创板50成份指数,科创50,SSE Science and Technology Innovation Board 50 Index,STAR 50,1559.84,1566.68,1496.65,1556.98,-6.51,-0.42,425819723.0,335.22,50.0,75.11,2021-07-26,75.11,335.22
20210727,000688,上证科创板50成份指数,科创50,SSE Science and Technology Innovation Board 50 Index,STAR 50,1556.93,1627.85,1541.36,1545.29,-11.69,-0.75,737410955.0,552.58,50.0,74.15,2021-07-27,74.15,552.58
20210728,000688,上证科创板50成份指数,科创50,SSE Science and Technology Innovation Board 50 Index,STAR 50,1532.42,1555.25,1476.59,1518.7,-26.59,-1.72,497866197.0,355.92,50.0,73.0,2021-07-28,73.0,355.92
20210729,000688,上证科创板50成份指数,科创50,SSE Science and Technology Innovation Board 50 Index,STAR 50,1554.13,1598.34,1545.11,1588.47,69.76,4.59,457562000.0,361.51,50.0,76.64,2021-07-29,76.64,361.51
20210730,000688,上证科创板50成份指数,科创50,SSE Science and Technology Innovation Board 50 Index,STAR 50,1582.58,1608.96,1570.45,1591.22,2.75,0.17,453933135.0,365.12,50.0,77.06,2021-07-30,77.06,365.12
20210802,000688,上证科创板50成份指数,科创50,SSE Science and Technology Innovation Board 50 Index,STAR 50,1594.03,1619.36,1572.11,1599.47,8.26,0.52,470318283.0,376.17,50.0,76.86,2021-08-02,76.86,376.17
20210803,000688,上证科创板50成份指数,科创50,SSE Science and Technology Innovation Board 50 Index,STAR 50,1586.35,1593.03,1558.1,1564.19,-35.28,-2.21,422913810.0,345.3,50.0,74.83,2021-08-03,74.83,345.3
20210804,000688,上证科创板50成份指数,科创50,SSE Science and Technology Innovation Board 50 Index,STAR 50,1566.45,1608.5,1564.46,1605.89,41.7,2.67,349625744.0,286.42,50.0,76.64,2021-08-04,76.64,286.42
20210805,000688,上证科创板50成份指数,科创50,SSE Science and Technology Innovation Board 50 Index,STAR 50,1606.65,1616.05,1584.31,1604.81,-1.09,-0.07,368328953.0,293.01,50.0,76.49,2021-08-05,76.49,293.01
20210806,000688,上证科创板50成份指数,科创50,SSE Science and Technology Innovation Board 50 Index,STAR 50,1630.3,1639.19,1575.42,1586.67,-18.13,-1.13,421638253.0,330.33,50.0,75.74,2021-08-06,75.74,330.33
20210809,000688,上证科创板50成份指数,科创50,SSE Science and Technology Innovation Board 50 Index,STAR 50,1567.44,1582.92,1548.69,1574.44,-12.24,-0.77,317835221.0,254.59,50.0,75.61,2021-08-09,75.61,254.59
20210810,000688,上证科创板50成份指数,科创50,SSE Science and Technology Innovation Board 50 Index,STAR 50,1574.01,1592.83,1569.28,1588.19,13.76,0.87,343564527.0,273.85,50.0,76.39,2021-08-10,76.39,273.85
20210811,000688,上证科创板50成份指数,科创50,SSE Science and Technology Innovation Board 50 Index,STAR 50,1589.43,1593.15,1564.97,1578.79,-9.41,-0.59,294845043.0,229.21,50.0,75.65,2021-08-11,75.65,229.21
20210812,000688,上证科创板50成份指数,科创50,SSE Science and Technology Innovation Board 50 Index,STAR 50,1572.15,1604.73,1570.35,1586.5,7.71,0.49,279700188.0,219.89,50.0,75.98,2021-08-12,75.98,219.89
20210813,000688,上证科创板50成份指数,科创50,SSE Science and Technology Innovation Board 50 Index,STAR 50,1580.12,1588.23,1549.68,1552.78,-33.72,-2.13,333221047.0,260.02,50.0,74.57,2021-08-13,74.57,260.02
20210816,000688,上证科创板50成份指数,科创50,SSE Science and Technology Innovation Board 50 Index,STAR 50,1547.39,1566.0,1535.35,1547.93,-4.85,-0.31,256716333.0,213.1,50.0,74.98,2021-08-16,74.98,213.1
20210817,000688,上证科创板50成份指数,科创50,SSE Science and Technology Innovation Board 50 Index,STAR 50,1544.4,1555.45,1506.72,1509.25,-38.68,-2.5,243998399.0,193.58,50.0,72.82,2021-08-17,72.82,193.58
20210818,000688,上证科创板50成份指数,科创50,SSE Science and Technology Innovation Board 50 Index,STAR 50,1514.46,1530.24,1501.18,1507.99,-1.26,-0.08,220534349.0,176.24,50.0,72.75,2021-08-18,72.75,176.24
20210819,000688,上证科创板50成份指数,科创50,SSE Science and Technology Innovation Board 50 Index,STAR 50,1509.72,1553.16,1508.17,1546.11,38.12,2.53,256623298.0,208.61,50.0,74.55,2021-08-19,74.55,208.61
20210820,000688,上证科创板50成份指数,科创50,SSE Science and Technology Innovation Board 50 Index,STAR 50,1537.91,1557.11,1514.07,1529.09,-17.02,-1.1,254958544.0,207.85,50.0,73.49,2021-08-20,73.49,207.85
20210823,000688,上证科创板50成份指数,科创50,SSE Science and Technology Innovation Board 50 Index,STAR 50,1534.39,1568.84,1524.2,1564.11,35.02,2.29,240320201.0,213.49,50.0,75.35,2021-08-23,75.35,213.49
20210824,000688,上证科创板50成份指数,科创50,SSE Science and Technology Innovation Board 50 Index,STAR 50,1567.7,1586.52,1550.88,1578.03,13.92,0.89,265186819.0,220.24,50.0,75.9,2021-08-24,75.9,220.24
20210825,000688,上证科创板50成份指数,科创50,SSE Science and Technology Innovation Board 50 Index,STAR 50,1573.74,1574.4,1535.09,1542.78,-35.26,-2.23,267002850.0,234.41,50.0,74.23,2021-08-25,74.23,234.41
20210826,000688,上证科创板50成份指数,科创50,SSE Science and Technology Innovation Board 50 Index,STAR 50,1546.32,1555.04,1494.89,1497.34,-45.44,-2.95,288152459.0,234.49,50.0,72.06,2021-08-26,72.06,234.49
20210827,000688,上证科创板50成份指数,科创50,SSE Science and Technology Innovation Board 50 Index,STAR 50,1491.34,1506.65,1476.56,1480.31,-17.02,-1.14,266048899.0,196.23,50.0,71.31,2021-08-27,71.31,196.23
20210830,000688,上证科创板50成份指数,科创50,SSE Science and Technology Innovation Board 50 Index,STAR 50,1487.9,1508.78,1463.4,1471.45,-8.86,-0.6,321327833.0,261.34,50.0,71.09,2021-08-30,71.09,261.34
20210831,000688,上证科创板50成份指数,科创50,SSE Science and Technology Innovation Board 50 Index,STAR 50,1463.13,1463.56,1423.51,1441.17,-30.28,-2.06,307539656.0,246.14,50.0,69.64,2021-08-31,69.64,246.14
20210901,000688,上证科创板50成份指数,科创50,SSE Science and Technology Innovation Board 50 Index,STAR 50,1437.26,1438.38,1400.16,1424.66,-16.51,-1.15,296849208.0,217.17,50.0,63.3,2021-09-01,63.3,217.17
20210902,000688,上证科创板50成份指数,科创50,SSE Science and Technology Innovation Board 50 Index,STAR 50,1416.16,1424.17,1395.51,1399.48,-25.18,-1.77,251372279.0,196.71,50.0,62.15,2021-09-02,62.15,196.71
20210903,000688,上证科创板50成份指数,科创50,SSE Science and Technology Innovation Board 50 Index,STAR 50,1399.47,1415.24,1382.64,1400.89,1.41,0.1,275473792.0,199.31,50.0,62.2,2021-09-03,62.2,199.31
20210906,000688,上证科创板50成份指数,科创50,SSE Science and Technology Innovation Board 50 Index,STAR 50,1398.24,1441.71,1393.54,1439.0,38.11,2.72,222839568.0,178.46,50.0,63.89,2021-09-06,63.89,178.46
20210907,000688,上证科创板50成份指数,科创50,SSE Science and Technology Innovation Board 50 Index,STAR 50,1435.73,1443.34,1426.03,1438.57,-0.43,-0.03,196125079.0,159.7,50.0,63.85,2021-09-07,63.85,159.7
20210908,000688,上证科创板50成份指数,科创50,SSE Science and Technology Innovation Board 50 Index,STAR 50,1439.66,1439.66,1408.72,1412.72,-25.85,-1.8,206186098.0,154.47,50.0,62.64,2021-09-08,62.64,154.47
20210909,000688,上证科创板50成份指数,科创50,SSE Science and Technology Innovation Board 50 Index,STAR 50,1414.07,1425.28,1393.61,1402.19,-10.53,-0.75,227779802.0,164.47,50.0,51.03,2021-09-09,51.03,164.47
20210910,000688,上证科创板50成份指数,科创50,SSE Science and Technology Innovation Board 50 Index,STAR 50,1398.33,1431.71,1392.21,1426.81,24.62,1.76,275340499.0,197.92,50.0,51.86,2021-09-10,51.86,197.92
20210913,000688,上证科创板50成份指数,科创50,SSE Science and Technology Innovation Board 50 Index,STAR 50,1426.54,1426.76,1384.02,1384.43,-42.38,-2.97,231170377.0,186.7,50.0,50.73,2021-09-13,50.73,186.7
20210914,000688,上证科创板50成份指数,科创50,SSE Science and Technology Innovation Board 50 Index,STAR 50,1384.28,1414.09,1383.41,1396.67,12.23,0.88,226155979.0,180.72,50.0,50.96,2021-09-14,50.96,180.72
20210915,000688,上证科创板50成份指数,科创50,SSE Science and Technology Innovation Board 50 Index,STAR 50,1395.61,1395.99,1378.95,1384.52,-12.15,-0.87,176849681.0,153.84,50.0,50.61,2021-09-15,50.61,153.84
20210916,000688,上证科创板50成份指数,科创50,SSE Science and Technology Innovation Board 50 Index,STAR 50,1378.18,1380.16,1347.9,1351.43,-33.1,-2.39,207148245.0,172.23,50.0,49.47,2021-09-16,49.47,172.23
20210917,000688,上证科创板50成份指数,科创50,SSE Science and Technology Innovation Board 50 Index,STAR 50,1349.34,1360.91,1332.1,1349.68,-1.74,-0.13,196021056.0,162.33,50.0,49.32,2021-09-17,49.32,162.33
20210922,000688,上证科创板50成份指数,科创50,SSE Science and Technology Innovation Board 50 Index,STAR 50,1338.01,1361.21,1335.5,1355.28,5.6,0.41,181848123.0,158.29,50.0,49.51,2021-09-22,49.51,158.29
20210923,000688,上证科创板50成份指数,科创50,SSE Science and Technology Innovation Board 50 Index,STAR 50,1359.67,1376.57,1354.21,1363.79,8.51,0.63,167229208.0,147.77,50.0,49.88,2021-09-23,49.88,147.77
20210924,000688,上证科创板50成份指数,科创50,SSE Science and Technology Innovation Board 50 Index,STAR 50,1362.98,1390.5,1359.85,1375.0,11.21,0.82,186947014.0,168.38,50.0,50.47,2021-09-24,50.47,168.38
20210927,000688,上证科创板50成份指数,科创50,SSE Science and Technology Innovation Board 50 Index,STAR 50,1386.52,1397.18,1354.2,1368.69,-6.31,-0.46,194475887.0,175.13,50.0,50.32,2021-09-27,50.32,175.13
20210928,000688,上证科创板50成份指数,科创50,SSE Science and Technology Innovation Board 50 Index,STAR 50,1362.33,1379.59,1350.79,1354.1,-14.59,-1.07,159709337.0,133.3,50.0,49.8,2021-09-28,49.8,133.3
20210929,000688,上证科创板50成份指数,科创50,SSE Science and Technology Innovation Board 50 Index,STAR 50,1344.89,1356.64,1336.51,1345.77,-8.33,-0.61,192441749.0,149.93,50.0,49.63,2021-09-29,49.63,149.93
20210930,000688,上证科创板50成份指数,科创50,SSE Science and Technology Innovation Board 50 Index,STAR 50,1348.65,1371.49,1348.65,1368.72,22.95,1.71,144857923.0,131.89,50.0,50.33,2021-09-30,50.33,131.89
20211008,000688,上证科创板50成份指数,科创50,SSE Science and Technology Innovation Board 50 Index,STAR 50,1378.53,1388.02,1361.04,1364.46,-4.26,-0.31,154123136.0,142.58,50.0,50.14,2021-10-08,50.14,142.58
20211011,000688,上证科创板50成份指数,科创50,SSE Science and Technology Innovation Board 50 Index,STAR 50,1367.21,1377.31,1348.05,1349.77,-14.69,-1.08,151301476.0,139.12,50.0,49.58,2021-10-11,49.58,139.12
20211012,000688,上证科创板50成份指数,科创50,SSE Science and Technology Innovation Board 50 Index,STAR 50,1348.22,1355.92,1312.44,1319.39,-30.38,-2.25,162464585.0,135.74,50.0,48.67,2021-10-12,48.67,135.74
20211013,000688,上证科创板50成份指数,科创50,SSE Science and Technology Innovation Board 50 Index,STAR 50,1322.89,1349.17,1322.89,1344.76,25.37,1.92,156553836.0,132.65,50.0,49.75,2021-10-13,49.75,132.65
20211014,000688,上证科创板50成份指数,科创50,SSE Science and Technology Innovation Board 50 Index,STAR 50,1346.99,1356.21,1339.56,1347.27,2.51,0.19,130076115.0,115.31,50.0,49.78,2021-10-14,49.78,115.31
20211015,000688,上证科创板50成份指数,科创50,SSE Science and Technology Innovation Board 50 Index,STAR 50,1349.4,1367.23,1341.75,1363.16,15.9,1.18,158086673.0,137.9,50.0,50.27,2021-10-15,50.27,137.9
20211018,000688,上证科创板50成份指数,科创50,SSE Science and Technology Innovation Board 50 Index,STAR 50,1366.55,1366.55,1338.89,1352.57,-10.59,-0.78,159394784.0,144.47,50.0,49.88,2021-10-18,49.88,144.47
20211019,000688,上证科创板50成份指数,科创50,SSE Science and Technology Innovation Board 50 Index,STAR 50,1355.07,1369.16,1352.01,1366.79,14.22,1.05,136385619.0,123.03,50.0,50.3,2021-10-19,50.3,123.03
20211020,000688,上证科创板50成份指数,科创50,SSE Science and Technology Innovation Board 50 Index,STAR 50,1370.21,1381.06,1363.65,1373.59,6.8,0.5,157171492.0,146.25,50.0,50.59,2021-10-20,50.59,146.25
20211021,000688,上证科创板50成份指数,科创50,SSE Science and Technology Innovation Board 50 Index,STAR 50,1374.65,1379.19,1355.93,1362.4,-11.19,-0.81,153376783.0,130.3,50.0,50.0,2021-10-21,50.0,130.3
20211022,000688,上证科创板50成份指数,科创50,SSE Science and Technology Innovation Board 50 Index,STAR 50,1367.06,1379.19,1359.27,1368.14,5.73,0.42,204436722.0,159.34,50.0,50.28,2021-10-22,50.28,159.34
20211025,000688,上证科创板50成份指数,科创50,SSE Science and Technology Innovation Board 50 Index,STAR 50,1366.21,1381.24,1359.63,1380.31,12.17,0.89,173563875.0,153.79,50.0,50.78,2021-10-25,50.78,153.79
20211026,000688,上证科创板50成份指数,科创50,SSE Science and Technology Innovation Board 50 Index,STAR 50,1379.79,1389.48,1372.66,1376.13,-4.18,-0.3,177427293.0,168.54,50.0,50.73,2021-10-26,50.73,168.54
20211027,000688,上证科创板50成份指数,科创50,SSE Science and Technology Innovation Board 50 Index,STAR 50,1371.79,1374.36,1354.3,1361.82,-14.31,-1.04,218498684.0,177.87,50.0,50.03,2021-10-27,50.03,177.87
20211028,000688,上证科创板50成份指数,科创50,SSE Science and Technology Innovation Board 50 Index,STAR 50,1359.07,1371.17,1354.72,1356.37,-5.44,-0.4,195651554.0,164.14,50.0,49.67,2021-10-28,49.67,164.14
20211029,000688,上证科创板50成份指数,科创50,SSE Science and Technology Innovation Board 50 Index,STAR 50,1363.25,1398.42,1355.37,1396.2,39.82,2.94,240981770.0,224.9,50.0,51.42,2021-10-29,51.42,224.9
20211101,000688,上证科创板50成份指数,科创50,SSE Science and Technology Innovation Board 50 Index,STAR 50,1398.59,1415.58,1392.4,1404.21,8.01,0.57,234933012.0,211.33,50.0,59.81,2021-11-01,59.81,211.33
20211102,000688,上证科创板50成份指数,科创50,SSE Science and Technology Innovation Board 50 Index,STAR 50,1405.87,1423.93,1395.7,1405.64,1.43,0.1,281933844.0,227.11,50.0,59.91,2021-11-02,59.91,227.11
20211103,000688,上证科创板50成份指数,科创50,SSE Science and Technology Innovation Board 50 Index,STAR 50,1408.2,1416.47,1386.4,1399.55,-6.09,-0.43,209888787.0,175.61,50.0,59.59,2021-11-03,59.59,175.61
20211104,000688,上证科创板50成份指数,科创50,SSE Science and Technology Innovation Board 50 Index,STAR 50,1404.66,1420.33,1404.66,1410.74,11.19,0.8,203834796.0,181.23,50.0,60.27,2021-11-04,60.27,181.23
20211105,000688,上证科创板50成份指数,科创50,SSE Science and Technology Innovation Board 50 Index,STAR 50,1416.24,1418.88,1396.03,1396.74,-14.0,-0.99,217288495.0,187.02,50.0,59.65,2021-11-05,59.65,187.02
20211108,000688,上证科创板50成份指数,科创50,SSE Science and Technology Innovation Board 50 Index,STAR 50,1398.57,1401.05,1381.62,1400.8,4.06,0.29,200543416.0,175.91,50.0,59.69,2021-11-08,59.69,175.91
20211109,000688,上证科创板50成份指数,科创50,SSE Science and Technology Innovation Board 50 Index,STAR 50,1404.89,1422.9,1397.82,1420.51,19.71,1.41,250274327.0,197.31,50.0,60.43,2021-11-09,60.43,197.31
20211110,000688,上证科创板50成份指数,科创50,SSE Science and Technology Innovation Board 50 Index,STAR 50,1417.66,1423.31,1398.88,1420.45,-0.06,0.0,238631568.0,206.6,50.0,60.33,2021-11-10,60.33,206.6
20211111,000688,上证科创板50成份指数,科创50,SSE Science and Technology Innovation Board 50 Index,STAR 50,1418.48,1443.6,1416.18,1437.15,16.7,1.18,298636369.0,240.83,50.0,61.08,2021-11-11,61.08,240.83
20211112,000688,上证科创板50成份指数,科创50,SSE Science and Technology Innovation Board 50 Index,STAR 50,1432.71,1444.41,1425.58,1440.16,3.01,0.21,291361006.0,225.06,50.0,61.46,2021-11-12,61.46,225.06
20211115,000688,上证科创板50成份指数,科创50,SSE Science and Technology Innovation Board 50 Index,STAR 50,1441.41,1448.03,1429.32,1432.6,-7.56,-0.52,229638331.0,191.8,50.0,61.14,2021-11-15,61.14,191.8
20211116,000688,上证科创板50成份指数,科创50,SSE Science and Technology Innovation Board 50 Index,STAR 50,1428.48,1438.61,1418.2,1421.27,-11.32,-0.79,205511845.0,177.9,50.0,60.66,2021-11-16,60.66,177.9
20211117,000688,上证科创板50成份指数,科创50,SSE Science and Technology Innovation Board 50 Index,STAR 50,1420.99,1438.8,1414.12,1436.16,14.88,1.05,181223200.0,158.99,50.0,61.5,2021-11-17,61.5,158.99
20211118,000688,上证科创板50成份指数,科创50,SSE Science and Technology Innovation Board 50 Index,STAR 50,1433.51,1433.64,1417.17,1423.97,-12.19,-0.85,185473296.0,157.65,50.0,60.97,2021-11-18,60.97,157.65
20211119,000688,上证科创板50成份指数,科创50,SSE Science and Technology Innovation Board 50 Index,STAR 50,1424.76,1447.19,1424.76,1444.78,20.81,1.46,194082186.0,164.81,50.0,62.07,2021-11-19,62.07,164.81
20211122,000688,上证科创板50成份指数,科创50,SSE Science and Technology Innovation Board 50 Index,STAR 50,1449.45,1483.48,1449.38,1479.99,35.2,2.44,272206812.0,240.4,50.0,63.54,2021-11-22,63.54,240.4
20211123,000688,上证科创板50成份指数,科创50,SSE Science and Technology Innovation Board 50 Index,STAR 50,1477.67,1485.8,1473.55,1476.25,-3.73,-0.25,242050334.0,201.16,50.0,63.53,2021-11-23,63.53,201.16
20211124,000688,上证科创板50成份指数,科创50,SSE Science and Technology Innovation Board 50 Index,STAR 50,1477.96,1489.71,1471.62,1472.22,-4.03,-0.27,227451537.0,196.2,50.0,63.17,2021-11-24,63.17,196.2
20211125,000688,上证科创板50成份指数,科创50,SSE Science and Technology Innovation Board 50 Index,STAR 50,1472.64,1477.74,1465.64,1468.07,-4.15,-0.28,207379813.0,175.35,50.0,62.83,2021-11-25,62.83,175.35
20211126,000688,上证科创板50成份指数,科创50,SSE Science and Technology Innovation Board 50 Index,STAR 50,1466.36,1470.53,1450.93,1459.93,-8.14,-0.55,200244194.0,165.94,50.0,62.57,2021-11-26,62.57,165.94
20211129,000688,上证科创板50成份指数,科创50,SSE Science and Technology Innovation Board 50 Index,STAR 50,1448.5,1474.44,1444.3,1471.23,11.3,0.77,241695664.0,230.18,50.0,62.84,2021-11-29,62.84,230.18
20211130,000688,上证科创板50成份指数,科创50,SSE Science and Technology Innovation Board 50 Index,STAR 50,1477.8,1479.93,1463.15,1475.71,4.48,0.3,215029388.0,200.68,50.0,63.2,2021-11-30,63.2,200.68
20211201,000688,上证科创板50成份指数,科创50,SSE Science and Technology Innovation Board 50 Index,STAR 50,1473.52,1479.09,1452.75,1456.48,-19.23,-1.3,191538959.0,171.78,50.0,62.27,2021-12-01,62.27,171.78
20211202,000688,上证科创板50成份指数,科创50,SSE Science and Technology Innovation Board 50 Index,STAR 50,1454.74,1458.08,1427.98,1429.5,-26.98,-1.85,188216945.0,160.9,50.0,60.93,2021-12-02,60.93,160.9
20211203,000688,上证科创板50成份指数,科创50,SSE Science and Technology Innovation Board 50 Index,STAR 50,1432.23,1444.99,1431.59,1444.83,15.33,1.07,207018094.0,168.17,50.0,61.71,2021-12-03,61.71,168.17
20211206,000688,上证科创板50成份指数,科创50,SSE Science and Technology Innovation Board 50 Index,STAR 50,1444.93,1445.16,1405.51,1405.77,-39.06,-2.7,214315065.0,169.03,50.0,60.05,2021-12-06,60.05,169.03
20211207,000688,上证科创板50成份指数,科创50,SSE Science and Technology Innovation Board 50 Index,STAR 50,1413.0,1415.05,1380.51,1389.44,-16.33,-1.16,193176791.0,160.07,50.0,59.44,2021-12-07,59.44,160.07
20211208,000688,上证科创板50成份指数,科创50,SSE Science and Technology Innovation Board 50 Index,STAR 50,1394.99,1416.69,1394.99,1415.37,25.94,1.87,190068127.0,162.74,50.0,60.64,2021-12-08,60.64,162.74
20211209,000688,上证科创板50成份指数,科创50,SSE Science and Technology Innovation Board 50 Index,STAR 50,1417.34,1438.49,1410.15,1434.52,19.15,1.35,259260743.0,227.12,50.0,61.7,2021-12-09,61.7,227.12
20211210,000688,上证科创板50成份指数,科创50,SSE Science and Technology Innovation Board 50 Index,STAR 50,1431.85,1442.62,1425.0,1435.7,1.18,0.08,387400312.0,311.93,50.0,61.81,2021-12-10,61.81,311.93
20211213,000688,上证科创板50成份指数,科创50,SSE Science and Technology Innovation Board 50 Index,STAR 50,1439.19,1450.83,1434.15,1445.71,10.0,0.7,256189286.0,231.22,50.0,58.56,2021-12-13,58.56,231.22
20211214,000688,上证科创板50成份指数,科创50,SSE Science and Technology Innovation Board 50 Index,STAR 50,1445.05,1451.68,1435.89,1439.47,-6.24,-0.43,192637874.0,175.45,50.0,58.43,2021-12-14,58.43,175.45
20211215,000688,上证科创板50成份指数,科创50,SSE Science and Technology Innovation Board 50 Index,STAR 50,1439.12,1443.55,1424.77,1424.9,-14.57,-1.01,192602785.0,184.02,50.0,57.86,2021-12-15,57.86,184.02
20211216,000688,上证科创板50成份指数,科创50,SSE Science and Technology Innovation Board 50 Index,STAR 50,1425.53,1436.06,1419.7,1425.93,1.03,0.07,177554110.0,162.14,50.0,58.08,2021-12-16,58.08,162.14
20211217,000688,上证科创板50成份指数,科创50,SSE Science and Technology Innovation Board 50 Index,STAR 50,1426.79,1430.39,1395.64,1399.06,-26.87,-1.88,194268068.0,176.53,50.0,56.91,2021-12-17,56.91,176.53
20211220,000688,上证科创板50成份指数,科创50,SSE Science and Technology Innovation Board 50 Index,STAR 50,1389.18,1401.34,1363.11,1363.96,-35.1,-2.51,205223551.0,182.96,50.0,55.41,2021-12-20,55.41,182.96
20211221,000688,上证科创板50成份指数,科创50,SSE Science and Technology Innovation Board 50 Index,STAR 50,1366.27,1378.49,1363.97,1374.65,10.69,0.78,166127765.0,148.01,50.0,55.97,2021-12-21,55.97,148.01
20211222,000688,上证科创板50成份指数,科创50,SSE Science and Technology Innovation Board 50 Index,STAR 50,1378.31,1386.24,1373.53,1375.03,0.38,0.03,151565388.0,132.25,50.0,55.98,2021-12-22,55.98,132.25
20211223,000688,上证科创板50成份指数,科创50,SSE Science and Technology Innovation Board 50 Index,STAR 50,1375.83,1380.15,1366.99,1375.97,0.94,0.07,145166516.0,133.25,50.0,56.01,2021-12-23,56.01,133.25
20211224,000688,上证科创板50成份指数,科创50,SSE Science and Technology Innovation Board 50 Index,STAR 50,1375.18,1378.3,1353.65,1358.73,-17.24,-1.25,163021852.0,140.76,50.0,55.21,2021-12-24,55.21,140.76
20211227,000688,上证科创板50成份指数,科创50,SSE Science and Technology Innovation Board 50 Index,STAR 50,1356.41,1369.21,1349.11,1355.64,-3.09,-0.23,134278329.0,120.59,50.0,54.95,2021-12-27,54.95,120.59
20211228,000688,上证科创板50成份指数,科创50,SSE Science and Technology Innovation Board 50 Index,STAR 50,1355.65,1370.31,1355.65,1369.62,13.98,1.03,132369609.0,119.8,50.0,55.56,2021-12-28,55.56,119.8
20211229,000688,上证科创板50成份指数,科创50,SSE Science and Technology Innovation Board 50 Index,STAR 50,1370.49,1370.49,1352.0,1356.21,-13.41,-0.98,128804294.0,117.5,50.0,55.01,2021-12-29,55.01,117.5
20211230,000688,上证科创板50成份指数,科创50,SSE Science and Technology Innovation Board 50 Index,STAR 50,1355.97,1381.44,1355.41,1375.56,19.35,1.43,146167649.0,134.76,50.0,55.87,2021-12-30,55.87,134.76
20211231,000688,上证科创板50成份指数,科创50,SSE Science and Technology Innovation Board 50 Index,STAR 50,1384.28,1399.75,1383.84,1398.19,22.63,1.65,174665238.0,160.46,50.0,56.53,2021-12-31,56.53,160.46
20220104,000688,上证科创板50成份指数,科创50,SSE Science and Technology Innovation Board 50 Index,STAR 50,1403.39,1405.51,1361.43,1364.99,-33.2,-2.37,230536084.0,206.44,50.0,55.23,2022-01-04,55.23,206.44
20220105,000688,上证科创板50成份指数,科创50,SSE Science and Technology Innovation Board 50 Index,STAR 50,1364.01,1365.77,1328.29,1333.33,-31.65,-2.32,205415451.0,177.37,50.0,53.95,2022-01-05,53.95,177.37
20220106,000688,上证科创板50成份指数,科创50,SSE Science and Technology Innovation Board 50 Index,STAR 50,1327.7,1331.43,1309.9,1320.94,-12.4,-0.93,175566233.0,162.87,50.0,53.43,2022-01-06,53.43,162.87
20220107,000688,上证科创板50成份指数,科创50,SSE Science and Technology Innovation Board 50 Index,STAR 50,1322.89,1331.91,1305.14,1305.49,-15.44,-1.17,178315803.0,150.82,50.0,52.82,2022-01-07,52.82,150.82
20220110,000688,上证科创板50成份指数,科创50,SSE Science and Technology Innovation Board 50 Index,STAR 50,1306.6,1323.15,1291.41,1318.27,12.77,0.98,178200075.0,164.25,50.0,53.2,2022-01-10,53.2,164.25
20220111,000688,上证科创板50成份指数,科创50,SSE Science and Technology Innovation Board 50 Index,STAR 50,1317.92,1317.93,1291.51,1294.4,-23.86,-1.81,169586344.0,157.65,50.0,52.1,2022-01-11,52.1,157.65
20220112,000688,上证科创板50成份指数,科创50,SSE Science and Technology Innovation Board 50 Index,STAR 50,1298.62,1317.52,1298.62,1316.35,21.95,1.7,174301261.0,159.15,50.0,52.9,2022-01-12,52.9,159.15
20220113,000688,上证科创板50成份指数,科创50,SSE Science and Technology Innovation Board 50 Index,STAR 50,1319.19,1319.19,1294.65,1294.65,-21.7,-1.65,170052789.0,149.16,50.0,51.88,2022-01-13,51.88,149.16
20220114,000688,上证科创板50成份指数,科创50,SSE Science and Technology Innovation Board 50 Index,STAR 50,1289.38,1316.33,1288.85,1312.29,17.64,1.36,221518746.0,184.4,50.0,52.45,2022-01-14,52.45,184.4
20220117,000688,上证科创板50成份指数,科创50,SSE Science and Technology Innovation Board 50 Index,STAR 50,1317.39,1341.17,1313.62,1338.32,26.02,1.98,219986114.0,203.33,50.0,53.28,2022-01-17,53.28,203.33
20220118,000688,上证科创板50成份指数,科创50,SSE Science and Technology Innovation Board 50 Index,STAR 50,1340.41,1362.48,1328.4,1342.36,4.04,0.3,227390295.0,202.56,50.0,53.43,2022-01-18,53.43,202.56
20220119,000688,上证科创板50成份指数,科创50,SSE Science and Technology Innovation Board 50 Index,STAR 50,1340.71,1343.3,1318.31,1324.09,-18.27,-1.36,166227899.0,146.19,50.0,52.7,2022-01-19,52.7,146.19
20220120,000688,上证科创板50成份指数,科创50,SSE Science and Technology Innovation Board 50 Index,STAR 50,1326.64,1329.81,1304.69,1306.02,-18.07,-1.36,170296426.0,143.5,50.0,51.85,2022-01-20,51.85,143.5
20220121,000688,上证科创板50成份指数,科创50,SSE Science and Technology Innovation Board 50 Index,STAR 50,1304.16,1308.44,1288.78,1290.41,-15.62,-1.2,186900192.0,146.1,50.0,51.25,2022-01-21,51.25,146.1
20220124,000688,上证科创板50成份指数,科创50,SSE Science and Technology Innovation Board 50 Index,STAR 50,1286.14,1311.51,1285.04,1307.74,17.34,1.34,181901937.0,152.66,50.0,52.02,2022-01-24,52.02,152.66
20220125,000688,上证科创板50成份指数,科创50,SSE Science and Technology Innovation Board 50 Index,STAR 50,1303.93,1311.73,1276.2,1277.0,-30.74,-2.35,190715900.0,142.63,50.0,50.78,2022-01-25,50.78,142.63
20220126,000688,上证科创板50成份指数,科创50,SSE Science and Technology Innovation Board 50 Index,STAR 50,1281.51,1289.41,1261.95,1276.36,-0.64,-0.05,163092784.0,132.89,50.0,51.07,2022-01-26,51.07,132.89
20220127,000688,上证科创板50成份指数,科创50,SSE Science and Technology Innovation Board 50 Index,STAR 50,1274.63,1280.25,1239.49,1240.55,-35.81,-2.81,175362414.0,138.09,50.0,49.66,2022-01-27,49.66,138.09
20220128,000688,上证科创板50成份指数,科创50,SSE Science and Technology Innovation Board 50 Index,STAR 50,1253.94,1255.19,1229.22,1229.22,-11.33,-0.91,155173315.0,128.64,50.0,49.23,2022-01-28,49.23,128.64
20220207,000688,上证科创板50成份指数,科创50,SSE Science and Technology Innovation Board 50 Index,STAR 50,1247.58,1263.97,1230.7,1233.62,4.39,0.36,142171529.0,113.66,50.0,49.45,2022-02-07,49.45,113.66
20220208,000688,上证科创板50成份指数,科创50,SSE Science and Technology Innovation Board 50 Index,STAR 50,1233.66,1233.66,1191.49,1204.05,-29.56,-2.4,156328591.0,121.74,50.0,48.2,2022-02-08,48.2,121.74
20220209,000688,上证科创板50成份指数,科创50,SSE Science and Technology Innovation Board 50 Index,STAR 50,1204.24,1212.45,1195.09,1210.29,6.23,0.52,149908335.0,119.84,50.0,48.45,2022-02-09,48.45,119.84
20220210,000688,上证科创板50成份指数,科创50,SSE Science and Technology Innovation Board 50 Index,STAR 50,1214.98,1215.28,1182.4,1188.2,-22.09,-1.83,181296530.0,140.49,50.0,47.65,2022-02-10,47.65,140.49
20220211,000688,上证科创板50成份指数,科创50,SSE Science and Technology Innovation Board 50 Index,STAR 50,1182.87,1188.52,1168.9,1169.59,-18.61,-1.57,168730011.0,125.93,50.0,46.88,2022-02-11,46.88,125.93
20220214,000688,上证科创板50成份指数,科创50,SSE Science and Technology Innovation Board 50 Index,STAR 50,1161.84,1179.89,1148.7,1169.44,-0.15,-0.01,133853977.0,100.95,50.0,46.74,2022-02-14,46.74,100.95
20220215,000688,上证科创板50成份指数,科创50,SSE Science and Technology Innovation Board 50 Index,STAR 50,1172.77,1204.34,1171.68,1203.12,33.68,2.88,164738386.0,130.99,50.0,48.14,2022-02-15,48.14,130.99
20220216,000688,上证科创板50成份指数,科创50,SSE Science and Technology Innovation Board 50 Index,STAR 50,1210.42,1211.55,1195.97,1197.56,-5.56,-0.46,118141106.0,95.43,50.0,47.91,2022-02-16,47.91,95.43
20220217,000688,上证科创板50成份指数,科创50,SSE Science and Technology Innovation Board 50 Index,STAR 50,1196.6,1217.47,1191.45,1207.82,10.26,0.86,143403765.0,114.37,50.0,48.38,2022-02-17,48.38,114.37
20220218,000688,上证科创板50成份指数,科创50,SSE Science and Technology Innovation Board 50 Index,STAR 50,1200.34,1206.01,1195.24,1204.37,-3.45,-0.29,133142138.0,98.1,50.0,48.03,2022-02-18,48.03,98.1
20220221,000688,上证科创板50成份指数,科创50,SSE Science and Technology Innovation Board 50 Index,STAR 50,1207.15,1212.49,1191.84,1193.6,-10.77,-0.89,145611352.0,115.58,50.0,47.35,2022-02-21,47.35,115.58
20220222,000688,上证科创板50成份指数,科创50,SSE Science and Technology Innovation Board 50 Index,STAR 50,1184.84,1186.78,1168.57,1183.98,-9.62,-0.81,163386346.0,123.74,50.0,47.16,2022-02-22,47.16,123.74
20220223,000688,上证科创板50成份指数,科创50,SSE Science and Technology Innovation Board 50 Index,STAR 50,1182.42,1233.44,1181.4,1231.08,47.1,3.98,232276130.0,173.71,50.0,49.2,2022-02-23,49.2,173.71
20220224,000688,上证科创板50成份指数,科创50,SSE Science and Technology Innovation Board 50 Index,STAR 50,1226.95,1240.35,1199.07,1214.99,-16.09,-1.31,243331593.0,183.48,50.0,48.55,2022-02-24,48.55,183.48
20220225,000688,上证科创板50成份指数,科创50,SSE Science and Technology Innovation Board 50 Index,STAR 50,1231.54,1253.46,1230.61,1240.88,25.89,2.13,197566671.0,168.59,50.0,49.58,2022-02-25,49.58,168.59
20220228,000688,上证科创板50成份指数,科创50,SSE Science and Technology Innovation Board 50 Index,STAR 50,1243.98,1249.59,1230.65,1249.59,8.71,0.7,215608779.0,174.6,50.0,50.06,2022-02-28,50.06,174.6
20220301,000688,上证科创板50成份指数,科创50,SSE Science and Technology Innovation Board 50 Index,STAR 50,1254.57,1259.68,1232.09,1239.02,-10.57,-0.85,176291441.0,144.79,50.0,49.69,2022-03-01,49.69,144.79
20220302,000688,上证科创板50成份指数,科创50,SSE Science and Technology Innovation Board 50 Index,STAR 50,1233.1,1233.92,1216.47,1230.28,-8.74,-0.71,149062214.0,118.89,50.0,49.39,2022-03-02,49.39,118.89
20220303,000688,上证科创板50成份指数,科创50,SSE Science and Technology Innovation Board 50 Index,STAR 50,1235.96,1237.2,1208.82,1209.82,-20.46,-1.66,172679964.0,143.0,50.0,48.38,2022-03-03,48.38,143.0
20220304,000688,上证科创板50成份指数,科创50,SSE Science and Technology Innovation Board 50 Index,STAR 50,1201.12,1228.19,1197.83,1203.09,-6.73,-0.56,175840239.0,144.64,50.0,48.12,2022-03-04,48.12,144.64
20220307,000688,上证科创板50成份指数,科创50,SSE Science and Technology Innovation Board 50 Index,STAR 50,1198.01,1198.01,1164.98,1169.98,-33.11,-2.75,190107008.0,146.09,50.0,46.77,2022-03-07,46.77,146.09
20220308,000688,上证科创板50成份指数,科创50,SSE Science and Technology Innovation Board 50 Index,STAR 50,1167.59,1179.2,1135.52,1137.07,-32.91,-2.81,241442232.0,185.65,50.0,45.77,2022-03-08,45.77,185.65
20220309,000688,上证科创板50成份指数,科创50,SSE Science and Technology Innovation Board 50 Index,STAR 50,1148.18,1156.4,1097.07,1129.65,-7.43,-0.65,275392906.0,186.95,50.0,45.4,2022-03-09,45.4,186.95
20220310,000688,上证科创板50成份指数,科创50,SSE Science and Technology Innovation Board 50 Index,STAR 50,1161.99,1168.14,1149.42,1153.36,23.71,2.1,246565850.0,181.78,50.0,46.46,2022-03-10,46.46,181.78
20220311,000688,上证科创板50成份指数,科创50,SSE Science and Technology Innovation Board 50 Index,STAR 50,1137.61,1162.6,1125.34,1161.21,7.85,0.68,262160979.0,183.59,50.0,46.64,2022-03-11,46.64,183.59
20220314,000688,上证科创板50成份指数,科创50,SSE Science and Technology Innovation Board 50 Index,STAR 50,1151.97,1154.7,1126.26,1126.28,-34.93,-3.01,224769457.0,149.54,50.0,46.08,2022-03-14,46.08,149.54
20220315,000688,上证科创板50成份指数,科创50,SSE Science and Technology Innovation Board 50 Index,STAR 50,1115.19,1142.81,1093.43,1093.43,-32.85,-2.92,283671567.0,178.59,50.0,44.78,2022-03-15,44.78,178.59
20220316,000688,上证科创板50成份指数,科创50,SSE Science and Technology Innovation Board 50 Index,STAR 50,1115.84,1128.12,1070.77,1125.48,32.05,2.93,288887385.0,197.77,50.0,46.16,2022-03-16,46.16,197.77
20220317,000688,上证科创板50成份指数,科创50,SSE Science and Technology Innovation Board 50 Index,STAR 50,1144.98,1163.51,1138.01,1142.71,17.23,1.53,299623724.0,219.36,50.0,46.75,2022-03-17,46.75,219.36
20220318,000688,上证科创板50成份指数,科创50,SSE Science and Technology Innovation Board 50 Index,STAR 50,1136.98,1144.32,1124.85,1144.32,1.61,0.14,196170010.0,151.32,50.0,46.67,2022-03-18,46.67,151.32
20220321,000688,上证科创板50成份指数,科创50,SSE Science and Technology Innovation Board 50 Index,STAR 50,1143.55,1160.71,1137.81,1152.33,8.0,0.7,208238377.0,167.36,50.0,46.96,2022-03-21,46.96,167.36
20220322,000688,上证科创板50成份指数,科创50,SSE Science and Technology Innovation Board 50 Index,STAR 50,1145.08,1149.47,1131.88,1134.32,-18.01,-1.56,183939777.0,131.65,50.0,46.3,2022-03-22,46.3,131.65
20220323,000688,上证科创板50成份指数,科创50,SSE Science and Technology Innovation Board 50 Index,STAR 50,1138.73,1150.2,1130.22,1144.09,9.77,0.86,163412199.0,126.71,50.0,46.67,2022-03-23,46.67,126.71
20220324,000688,上证科创板50成份指数,科创50,SSE Science and Technology Innovation Board 50 Index,STAR 50,1135.85,1141.76,1121.64,1134.57,-9.52,-0.83,157407425.0,123.94,50.0,46.26,2022-03-24,46.26,123.94
20220325,000688,上证科创板50成份指数,科创50,SSE Science and Technology Innovation Board 50 Index,STAR 50,1137.8,1140.92,1106.36,1106.86,-27.71,-2.44,160270955.0,120.86,50.0,45.03,2022-03-25,45.03,120.86
20220328,000688,上证科创板50成份指数,科创50,SSE Science and Technology Innovation Board 50 Index,STAR 50,1097.87,1101.33,1085.27,1090.73,-16.13,-1.46,145097472.0,106.99,50.0,44.42,2022-03-28,44.42,106.99
20220329,000688,上证科创板50成份指数,科创50,SSE Science and Technology Innovation Board 50 Index,STAR 50,1097.36,1099.24,1078.34,1079.93,-10.8,-0.99,139862753.0,102.04,50.0,43.95,2022-03-29,43.95,102.04
20220330,000688,上证科创板50成份指数,科创50,SSE Science and Technology Innovation Board 50 Index,STAR 50,1084.76,1112.63,1084.76,1112.52,32.59,3.02,161827287.0,121.27,50.0,45.33,2022-03-30,45.33,121.27
20220331,000688,上证科创板50成份指数,科创50,SSE Science and Technology Innovation Board 50 Index,STAR 50,1109.55,1109.55,1086.99,1091.06,-21.46,-1.93,160640949.0,116.32,50.0,44.41,2022-03-31,44.41,116.32
20220401,000688,上证科创板50成份指数,科创50,SSE Science and Technology Innovation Board 50 Index,STAR 50,1085.31,1095.46,1074.79,1089.19,-1.86,-0.17,144834446.0,107.17,50.0,44.43,2022-04-01,44.43,107.17
20220406,000688,上证科创板50成份指数,科创50,SSE Science and Technology Innovation Board 50 Index,STAR 50,1087.76,1087.76,1054.7,1058.49,-30.7,-2.82,188124946.0,132.48,50.0,43.19,2022-04-06,43.19,132.48
20220407,000688,上证科创板50成份指数,科创50,SSE Science and Technology Innovation Board 50 Index,STAR 50,1050.43,1059.36,1036.07,1036.07,-22.42,-2.12,167889090.0,115.05,50.0,42.28,2022-04-07,42.28,115.05
20220408,000688,上证科创板50成份指数,科创50,SSE Science and Technology Innovation Board 50 Index,STAR 50,1032.84,1039.1,1017.18,1027.24,-8.83,-0.85,165074455.0,114.64,50.0,41.95,2022-04-08,41.95,114.64
20220411,000688,上证科创板50成份指数,科创50,SSE Science and Technology Innovation Board 50 Index,STAR 50,1022.91,1022.91,985.59,988.76,-38.48,-3.75,190267504.0,117.36,50.0,40.23,2022-04-11,40.23,117.36
20220412,000688,上证科创板50成份指数,科创50,SSE Science and Technology Innovation Board 50 Index,STAR 50,987.45,994.83,970.05,994.44,5.68,0.57,165116661.0,106.03,50.0,40.53,2022-04-12,40.53,106.03
20220413,000688,上证科创板50成份指数,科创50,SSE Science and Technology Innovation Board 50 Index,STAR 50,989.66,989.66,964.83,964.83,-29.61,-2.98,135049440.0,91.5,50.0,39.34,2022-04-13,39.34,91.5
20220414,000688,上证科创板50成份指数,科创50,SSE Science and Technology Innovation Board 50 Index,STAR 50,972.24,982.7,961.54,975.57,10.74,1.11,171462859.0,115.94,50.0,39.97,2022-04-14,39.97,115.94
20220415,000688,上证科创板50成份指数,科创50,SSE Science and Technology Innovation Board 50 Index,STAR 50,968.91,980.15,955.77,973.36,-2.21,-0.23,154125524.0,107.28,50.0,39.78,2022-04-15,39.78,107.28
20220418,000688,上证科创板50成份指数,科创50,SSE Science and Technology Innovation Board 50 Index,STAR 50,969.06,1005.89,964.49,1004.61,31.24,3.21,169407967.0,115.56,50.0,41.03,2022-04-18,41.03,115.56
20220419,000688,上证科创板50成份指数,科创50,SSE Science and Technology Innovation Board 50 Index,STAR 50,1002.98,1010.58,987.77,989.93,-14.67,-1.46,138296993.0,98.75,50.0,40.41,2022-04-19,40.41,98.75
20220420,000688,上证科创板50成份指数,科创50,SSE Science and Technology Innovation Board 50 Index,STAR 50,988.75,992.47,973.05,973.51,-16.42,-1.66,128057298.0,89.26,50.0,39.94,2022-04-20,39.94,89.26
20220421,000688,上证科创板50成份指数,科创50,SSE Science and Technology Innovation Board 50 Index,STAR 50,968.48,989.25,954.84,957.72,-15.79,-1.62,168514753.0,108.26,50.0,39.22,2022-04-21,39.22,108.26
20220422,000688,上证科创板50成份指数,科创50,SSE Science and Technology Innovation Board 50 Index,STAR 50,953.64,959.73,940.26,942.07,-15.65,-1.63,150289082.0,96.12,50.0,38.77,2022-04-22,38.77,96.12
20220425,000688,上证科创板50成份指数,科创50,SSE Science and Technology Innovation Board 50 Index,STAR 50,924.96,924.96,884.3,884.3,-57.76,-6.13,232935386.0,121.42,50.0,36.54,2022-04-25,36.54,121.42
20220426,000688,上证科创板50成份指数,科创50,SSE Science and Technology Innovation Board 50 Index,STAR 50,884.18,901.76,865.65,868.07,-16.24,-1.84,209207991.0,119.83,50.0,36.05,2022-04-26,36.05,119.83
20220427,000688,上证科创板50成份指数,科创50,SSE Science and Technology Innovation Board 50 Index,STAR 50,857.38,910.07,853.21,906.43,38.37,4.42,237227868.0,139.38,50.0,37.78,2022-04-27,37.78,139.38
20220428,000688,上证科创板50成份指数,科创50,SSE Science and Technology Innovation Board 50 Index,STAR 50,899.66,908.45,885.25,903.06,-3.37,-0.37,214713691.0,127.4,50.0,37.32,2022-04-28,37.32,127.4
20220429,000688,上证科创板50成份指数,科创50,SSE Science and Technology Innovation Board 50 Index,STAR 50,910.14,949.06,902.58,947.15,44.09,4.88,241893900.0,153.73,50.0,39.08,2022-04-29,39.08,153.73
20220505,000688,上证科创板50成份指数,科创50,SSE Science and Technology Innovation Board 50 Index,STAR 50,944.55,967.25,944.06,956.13,8.98,0.95,230643953.0,149.05,50.0,33.59,2022-05-05,33.59,149.05
20220506,000688,上证科创板50成份指数,科创50,SSE Science and Technology Innovation Board 50 Index,STAR 50,933.01,960.04,929.82,942.23,-13.9,-1.45,175590133.0,115.21,50.0,33.05,2022-05-06,33.05,115.21
20220509,000688,上证科创板50成份指数,科创50,SSE Science and Technology Innovation Board 50 Index,STAR 50,938.39,953.6,937.43,946.72,4.5,0.48,160395069.0,110.87,50.0,32.98,2022-05-09,32.98,110.87
20220510,000688,上证科创板50成份指数,科创50,SSE Science and Technology Innovation Board 50 Index,STAR 50,935.06,983.68,931.58,972.14,25.42,2.68,217871441.0,151.04,50.0,33.95,2022-05-10,33.95,151.04
20220511,000688,上证科创板50成份指数,科创50,SSE Science and Technology Innovation Board 50 Index,STAR 50,974.54,1026.49,972.86,1002.46,30.31,3.12,275443902.0,182.02,50.0,34.87,2022-05-11,34.87,182.02
20220512,000688,上证科创板50成份指数,科创50,SSE Science and Technology Innovation Board 50 Index,STAR 50,999.54,1021.96,996.47,1013.06,10.61,1.06,201107608.0,146.39,50.0,35.04,2022-05-12,35.04,146.39
20220513,000688,上证科创板50成份指数,科创50,SSE Science and Technology Innovation Board 50 Index,STAR 50,1020.39,1021.37,1002.27,1010.8,-2.26,-0.22,169787341.0,122.52,50.0,34.89,2022-05-13,34.89,122.52
20220516,000688,上证科创板50成份指数,科创50,SSE Science and Technology Innovation Board 50 Index,STAR 50,1016.94,1025.6,995.25,996.51,-14.3,-1.41,177390039.0,126.59,50.0,34.46,2022-05-16,34.46,126.59
20220517,000688,上证科创板50成份指数,科创50,SSE Science and Technology Innovation Board 50 Index,STAR 50,995.97,1013.95,993.38,1010.37,13.86,1.39,188623118.0,137.35,50.0,35.22,2022-05-17,35.22,137.35
20220518,000688,上证科创板50成份指数,科创50,SSE Science and Technology Innovation Board 50 Index,STAR 50,1011.53,1023.93,1007.57,1014.0,3.63,0.36,173487619.0,123.61,50.0,35.48,2022-05-18,35.48,123.61
20220519,000688,上证科创板50成份指数,科创50,SSE Science and Technology Innovation Board 50 Index,STAR 50,1002.66,1036.67,999.4,1036.34,22.34,2.2,217072300.0,149.26,50.0,36.3,2022-05-19,36.3,149.26
20220520,000688,上证科创板50成份指数,科创50,SSE Science and Technology Innovation Board 50 Index,STAR 50,1045.69,1049.04,1028.95,1045.38,9.04,0.87,220760981.0,166.06,50.0,36.85,2022-05-20,36.85,166.06
20220523,000688,上证科创板50成份指数,科创50,SSE Science and Technology Innovation Board 50 Index,STAR 50,1044.18,1050.06,1033.79,1046.15,0.77,0.07,200230771.0,139.88,50.0,37.02,2022-05-23,37.02,139.88
20220524,000688,上证科创板50成份指数,科创50,SSE Science and Technology Innovation Board 50 Index,STAR 50,1045.01,1045.03,996.65,996.65,-49.5,-4.73,258762500.0,163.9,50.0,35.54,2022-05-24,35.54,163.9
20220525,000688,上证科创板50成份指数,科创50,SSE Science and Technology Innovation Board 50 Index,STAR 50,996.75,1008.58,991.97,1006.52,9.88,0.99,172144301.0,114.1,50.0,35.87,2022-05-25,35.87,114.1
20220526,000688,上证科创板50成份指数,科创50,SSE Science and Technology Innovation Board 50 Index,STAR 50,1006.1,1014.85,986.42,1004.26,-2.27,-0.23,168920432.0,116.34,50.0,35.42,2022-05-26,35.42,116.34
20220527,000688,上证科创板50成份指数,科创50,SSE Science and Technology Innovation Board 50 Index,STAR 50,1008.06,1015.46,988.21,993.7,-10.56,-1.05,169840794.0,116.23,50.0,35.09,2022-05-27,35.09,116.23
20220530,000688,上证科创板50成份指数,科创50,SSE Science and Technology Innovation Board 50 Index,STAR 50,995.96,1007.12,984.28,1001.54,7.84,0.79,191587366.0,132.06,50.0,35.54,2022-05-30,35.54,132.06
20220531,000688,上证科创板50成份指数,科创50,SSE Science and Technology Innovation Board 50 Index,STAR 50,1004.08,1035.32,991.75,1035.32,33.78,3.37,317239246.0,170.52,50.0,36.82,2022-05-31,36.82,170.52
20220601,000688,上证科创板50成份指数,科创50,SSE Science and Technology Innovation Board 50 Index,STAR 50,1029.09,1038.7,1024.76,1031.58,-3.73,-0.36,280336501.0,169.15,50.0,36.11,2022-06-01,36.11,169.15
20220602,000688,上证科创板50成份指数,科创50,SSE Science and Technology Innovation Board 50 Index,STAR 50,1028.69,1081.92,1023.99,1079.85,48.27,4.68,433362644.0,229.17,50.0,37.67,2022-06-02,37.67,229.17
20220606,000688,上证科创板50成份指数,科创50,SSE Science and Technology Innovation Board 50 Index,STAR 50,1084.66,1130.76,1081.45,1121.54,41.68,3.86,464000416.0,286.93,50.0,39.17,2022-06-06,39.17,286.93
20220607,000688,上证科创板50成份指数,科创50,SSE Science and Technology Innovation Board 50 Index,STAR 50,1124.16,1124.52,1104.43,1111.4,-10.14,-0.9,336730349.0,215.89,50.0,38.78,2022-06-07,38.78,215.89
20220608,000688,上证科创板50成份指数,科创50,SSE Science and Technology Innovation Board 50 Index,STAR 50,1108.59,1126.46,1091.68,1111.67,0.28,0.03,289285142.0,200.17,50.0,38.77,2022-06-08,38.77,200.17
20220609,000688,上证科创板50成份指数,科创50,SSE Science and Technology Innovation Board 50 Index,STAR 50,1108.93,1109.73,1073.66,1081.17,-30.5,-2.74,259779669.0,173.3,50.0,37.77,2022-06-09,37.77,173.3
20220610,000688,上证科创板50成份指数,科创50,SSE Science and Technology Innovation Board 50 Index,STAR 50,1074.07,1103.15,1072.18,1102.85,21.68,2.0,416652370.0,263.73,50.0,38.32,2022-06-10,38.32,263.73
20220613,000688,上证科创板50成份指数,科创50,SSE Science and Technology Innovation Board 50 Index,STAR 50,1088.76,1094.79,1080.39,1088.38,-14.47,-1.31,353799978.0,197.46,50.0,40.39,2022-06-13,40.39,197.46
20220614,000688,上证科创板50成份指数,科创50,SSE Science and Technology Innovation Board 50 Index,STAR 50,1073.75,1076.82,1039.0,1070.54,-17.84,-1.64,374094663.0,197.45,50.0,39.69,2022-06-14,39.69,197.45
20220615,000688,上证科创板50成份指数,科创50,SSE Science and Technology Innovation Board 50 Index,STAR 50,1069.94,1085.88,1061.46,1062.71,-7.82,-0.73,360020795.0,178.0,50.0,39.27,2022-06-15,39.27,178.0
20220616,000688,上证科创板50成份指数,科创50,SSE Science and Technology Innovation Board 50 Index,STAR 50,1065.69,1094.7,1065.44,1078.95,16.23,1.53,301119944.0,165.22,50.0,39.97,2022-06-16,39.97,165.22
20220617,000688,上证科创板50成份指数,科创50,SSE Science and Technology Innovation Board 50 Index,STAR 50,1070.62,1094.27,1066.17,1092.09,13.14,1.22,329986800.0,194.68,50.0,40.4,2022-06-17,40.4,194.68
20220620,000688,上证科创板50成份指数,科创50,SSE Science and Technology Innovation Board 50 Index,STAR 50,1099.46,1109.74,1086.75,1095.33,3.24,0.3,349074314.0,211.38,50.0,40.47,2022-06-20,40.47,211.38
20220621,000688,上证科创板50成份指数,科创50,SSE Science and Technology Innovation Board 50 Index,STAR 50,1094.33,1098.9,1073.5,1083.02,-12.31,-1.12,341328955.0,193.76,50.0,39.9,2022-06-21,39.9,193.76
20220622,000688,上证科创板50成份指数,科创50,SSE Science and Technology Innovation Board 50 Index,STAR 50,1084.71,1090.02,1063.59,1063.69,-19.33,-1.78,311046735.0,180.25,50.0,39.34,2022-06-22,39.34,180.25
20220623,000688,上证科创板50成份指数,科创50,SSE Science and Technology Innovation Board 50 Index,STAR 50,1064.73,1083.1,1054.91,1081.84,18.15,1.71,305119082.0,178.07,50.0,40.03,2022-06-23,40.03,178.07
20220624,000688,上证科创板50成份指数,科创50,SSE Science and Technology Innovation Board 50 Index,STAR 50,1084.61,1107.33,1084.61,1101.48,19.63,1.81,337457099.0,212.92,50.0,40.61,2022-06-24,40.61,212.92
20220627,000688,上证科创板50成份指数,科创50,SSE Science and Technology Innovation Board 50 Index,STAR 50,1113.22,1121.45,1101.32,1103.4,1.92,0.17,367578767.0,215.93,50.0,40.56,2022-06-27,40.56,215.93
20220628,000688,上证科创板50成份指数,科创50,SSE Science and Technology Innovation Board 50 Index,STAR 50,1105.11,1119.18,1084.59,1117.28,13.88,1.26,360809883.0,202.26,50.0,41.14,2022-06-28,41.14,202.26
20220629,000688,上证科创板50成份指数,科创50,SSE Science and Technology Innovation Board 50 Index,STAR 50,1112.59,1121.24,1089.25,1090.68,-26.6,-2.38,356184174.0,210.88,50.0,40.18,2022-06-29,40.18,210.88
20220630,000688,上证科创板50成份指数,科创50,SSE Science and Technology Innovation Board 50 Index,STAR 50,1092.46,1116.95,1090.5,1105.67,14.98,1.37,336576638.0,205.3,50.0,40.92,2022-06-30,40.92,205.3
20220701,000688,上证科创板50成份指数,科创50,SSE Science and Technology Innovation Board 50 Index,STAR 50,1105.97,1107.86,1086.25,1089.03,-16.64,-1.5,367407685.0,188.01,50.0,40.34,2022-07-01,40.34,188.01
20220704,000688,上证科创板50成份指数,科创50,SSE Science and Technology Innovation Board 50 Index,STAR 50,1087.34,1098.64,1073.04,1095.09,6.06,0.56,395075954.0,227.07,50.0,40.71,2022-07-04,40.71,227.07
20220705,000688,上证科创板50成份指数,科创50,SSE Science and Technology Innovation Board 50 Index,STAR 50,1100.18,1106.99,1077.35,1090.93,-4.16,-0.38,332118076.0,199.9,50.0,40.61,2022-07-05,40.61,199.9
20220706,000688,上证科创板50成份指数,科创50,SSE Science and Technology Innovation Board 50 Index,STAR 50,1092.7,1116.14,1091.41,1101.75,10.82,0.99,328410126.0,213.66,50.0,40.82,2022-07-06,40.82,213.66
20220707,000688,上证科创板50成份指数,科创50,SSE Science and Technology Innovation Board 50 Index,STAR 50,1103.78,1113.73,1087.59,1111.67,9.92,0.9,313991385.0,212.53,50.0,41.16,2022-07-07,41.16,212.53
20220708,000688,上证科创板50成份指数,科创50,SSE Science and Technology Innovation Board 50 Index,STAR 50,1117.18,1120.87,1100.55,1104.02,-7.65,-0.69,286354073.0,192.14,50.0,40.43,2022-07-08,40.43,192.14
20220711,000688,上证科创板50成份指数,科创50,SSE Science and Technology Innovation Board 50 Index,STAR 50,1098.67,1098.67,1070.66,1081.16,-22.86,-2.07,281716812.0,178.86,50.0,39.66,2022-07-11,39.66,178.86
20220712,000688,上证科创板50成份指数,科创50,SSE Science and Technology Innovation Board 50 Index,STAR 50,1081.9,1084.94,1049.21,1049.24,-31.92,-2.95,260214242.0,175.27,50.0,38.49,2022-07-12,38.49,175.27
20220713,000688,上证科创板50成份指数,科创50,SSE Science and Technology Innovation Board 50 Index,STAR 50,1051.78,1061.41,1041.65,1052.79,3.55,0.34,252552667.0,172.66,50.0,38.62,2022-07-13,38.62,172.66
20220714,000688,上证科创板50成份指数,科创50,SSE Science and Technology Innovation Board 50 Index,STAR 50,1052.43,1086.33,1049.65,1076.81,24.02,2.28,289886982.0,186.19,50.0,39.53,2022-07-14,39.53,186.19
20220715,000688,上证科创板50成份指数,科创50,SSE Science and Technology Innovation Board 50 Index,STAR 50,1072.99,1093.82,1071.97,1072.26,-4.54,-0.42,252750657.0,164.12,50.0,39.27,2022-07-15,39.27,164.12
20220718,000688,上证科创板50成份指数,科创50,SSE Science and Technology Innovation Board 50 Index,STAR 50,1075.71,1078.3,1053.35,1069.33,-2.93,-0.27,309464413.0,200.48,50.0,39.2,2022-07-18,39.2,200.48
20220719,000688,上证科创板50成份指数,科创50,SSE Science and Technology Innovation Board 50 Index,STAR 50,1068.69,1073.06,1052.95,1061.85,-7.48,-0.7,285035359.0,176.85,50.0,38.82,2022-07-19,38.82,176.85
20220720,000688,上证科创板50成份指数,科创50,SSE Science and Technology Innovation Board 50 Index,STAR 50,1066.2,1082.62,1066.2,1079.53,17.67,1.66,262283351.0,168.13,50.0,39.42,2022-07-20,39.42,168.13
20220721,000688,上证科创板50成份指数,科创50,SSE Science and Technology Innovation Board 50 Index,STAR 50,1080.65,1109.54,1075.67,1091.41,11.88,1.1,362416135.0,226.42,50.0,39.8,2022-07-21,39.8,226.42
20220722,000688,上证科创板50成份指数,科创50,SSE Science and Technology Innovation Board 50 Index,STAR 50,1099.62,1101.37,1076.35,1084.97,-6.43,-0.59,278286658.0,166.19,50.0,39.6,2022-07-22,39.6,166.19
20220725,000688,上证科创板50成份指数,科创50,SSE Science and Technology Innovation Board 50 Index,STAR 50,1082.62,1095.69,1070.81,1073.76,-11.21,-1.03,246030225.0,160.29,50.0,38.97,2022-07-25,38.97,160.29
20220726,000688,上证科创板50成份指数,科创50,SSE Science and Technology Innovation Board 50 Index,STAR 50,1072.54,1087.86,1066.13,1084.66,10.9,1.01,266726445.0,143.72,50.0,39.44,2022-07-26,39.44,143.72
20220727,000688,上证科创板50成份指数,科创50,SSE Science and Technology Innovation Board 50 Index,STAR 50,1083.67,1098.37,1083.32,1095.7,11.04,1.02,272563647.0,168.84,50.0,39.63,2022-07-27,39.63,168.84
20220728,000688,上证科创板50成份指数,科创50,SSE Science and Technology Innovation Board 50 Index,STAR 50,1102.44,1116.16,1094.66,1108.79,13.09,1.19,328204970.0,185.55,50.0,40.16,2022-07-28,40.16,185.55
20220729,000688,上证科创板50成份指数,科创50,SSE Science and Technology Innovation Board 50 Index,STAR 50,1113.08,1113.32,1086.71,1088.91,-19.88,-1.79,253829667.0,165.11,50.0,39.53,2022-07-29,39.53,165.11
20220801,000688,上证科创板50成份指数,科创50,SSE Science and Technology Innovation Board 50 Index,STAR 50,1081.62,1100.96,1068.19,1100.18,11.27,1.03,277021472.0,177.14,50.0,39.92,2022-08-01,39.92,177.14
20220802,000688,上证科创板50成份指数,科创50,SSE Science and Technology Innovation Board 50 Index,STAR 50,1084.98,1107.24,1074.97,1094.91,-5.27,-0.48,357300965.0,210.02,50.0,39.71,2022-08-02,39.71,210.02
20220803,000688,上证科创板50成份指数,科创50,SSE Science and Technology Innovation Board 50 Index,STAR 50,1099.44,1127.0,1090.61,1100.35,5.43,0.5,433272427.0,252.51,50.0,39.69,2022-08-03,39.69,252.51
20220804,000688,上证科创板50成份指数,科创50,SSE Science and Technology Innovation Board 50 Index,STAR 50,1106.15,1119.5,1099.1,1110.92,10.57,0.96,308998352.0,190.9,50.0,39.97,2022-08-04,39.97,190.9
20220805,000688,上证科创板50成份指数,科创50,SSE Science and Technology Innovation Board 50 Index,STAR 50,1115.02,1158.51,1112.92,1157.33,46.42,4.18,461820458.0,276.44,50.0,41.54,2022-08-05,41.54,276.44
20220808,000688,上证科创板50成份指数,科创50,SSE Science and Technology Innovation Board 50 Index,STAR 50,1161.04,1161.04,1144.32,1152.58,-4.76,-0.41,423598615.0,259.71,50.0,41.44,2022-08-08,41.44,259.71
20220809,000688,上证科创板50成份指数,科创50,SSE Science and Technology Innovation Board 50 Index,STAR 50,1152.91,1163.7,1141.34,1162.32,9.74,0.85,389855089.0,234.2,50.0,41.97,2022-08-09,41.97,234.2
20220810,000688,上证科创板50成份指数,科创50,SSE Science and Technology Innovation Board 50 Index,STAR 50,1154.17,1170.52,1152.97,1156.16,-6.16,-0.53,370696229.0,220.05,50.0,41.83,2022-08-10,41.83,220.05
20220811,000688,上证科创板50成份指数,科创50,SSE Science and Technology Innovation Board 50 Index,STAR 50,1163.54,1176.06,1150.98,1173.14,16.99,1.47,356301038.0,218.71,50.0,42.49,2022-08-11,42.49,218.71
20220812,000688,上证科创板50成份指数,科创50,SSE Science and Technology Innovation Board 50 Index,STAR 50,1169.66,1174.4,1146.02,1146.19,-26.95,-2.3,295096216.0,182.49,50.0,41.44,2022-08-12,41.44,182.49
20220815,000688,上证科创板50成份指数,科创50,SSE Science and Technology Innovation Board 50 Index,STAR 50,1145.02,1155.45,1138.06,1143.75,-2.44,-0.21,288307884.0,181.51,50.0,41.58,2022-08-15,41.58,181.51
20220816,000688,上证科创板50成份指数,科创50,SSE Science and Technology Innovation Board 50 Index,STAR 50,1143.7,1154.43,1134.21,1137.3,-6.45,-0.56,297609093.0,191.04,50.0,41.49,2022-08-16,41.49,191.04
20220817,000688,上证科创板50成份指数,科创50,SSE Science and Technology Innovation Board 50 Index,STAR 50,1136.8,1140.66,1127.89,1132.31,-4.99,-0.44,296371852.0,189.97,50.0,41.31,2022-08-17,41.31,189.97
20220818,000688,上证科创板50成份指数,科创50,SSE Science and Technology Innovation Board 50 Index,STAR 50,1132.6,1148.38,1129.32,1146.63,14.32,1.26,352830833.0,226.56,50.0,41.81,2022-08-18,41.81,226.56
20220819,000688,上证科创板50成份指数,科创50,SSE Science and Technology Innovation Board 50 Index,STAR 50,1146.33,1155.78,1108.16,1108.45,-38.18,-3.33,440968552.0,255.09,50.0,40.43,2022-08-19,40.43,255.09
20220822,000688,上证科创板50成份指数,科创50,SSE Science and Technology Innovation Board 50 Index,STAR 50,1103.15,1111.4,1096.99,1107.28,-1.17,-0.11,352006674.0,217.93,50.0,40.31,2022-08-22,40.31,217.93
20220823,000688,上证科创板50成份指数,科创50,SSE Science and Technology Innovation Board 50 Index,STAR 50,1109.25,1117.71,1105.68,1107.3,0.02,0.0,277731446.0,185.69,50.0,40.38,2022-08-23,40.38,185.69
20220824,000688,上证科创板50成份指数,科创50,SSE Science and Technology Innovation Board 50 Index,STAR 50,1110.01,1112.75,1068.98,1068.98,-38.32,-3.46,316247408.0,186.93,50.0,39.04,2022-08-24,39.04,186.93
20220825,000688,上证科创板50成份指数,科创50,SSE Science and Technology Innovation Board 50 Index,STAR 50,1071.98,1077.66,1044.77,1055.89,-13.09,-1.22,272984926.0,160.87,50.0,38.41,2022-08-25,38.41,160.87
20220826,000688,上证科创板50成份指数,科创50,SSE Science and Technology Innovation Board 50 Index,STAR 50,1064.71,1069.26,1044.4,1045.99,-9.9,-0.94,227983755.0,149.79,50.0,38.05,2022-08-26,38.05,149.79
20220829,000688,上证科创板50成份指数,科创50,SSE Science and Technology Innovation Board 50 Index,STAR 50,1032.04,1058.72,1029.89,1054.28,8.29,0.79,287861957.0,162.21,50.0,38.62,2022-08-29,38.62,162.21
20220830,000688,上证科创板50成份指数,科创50,SSE Science and Technology Innovation Board 50 Index,STAR 50,1054.26,1064.76,1047.73,1050.28,-4.0,-0.38,239200442.0,143.51,50.0,38.48,2022-08-30,38.48,143.51
20220831,000688,上证科创板50成份指数,科创50,SSE Science and Technology Innovation Board 50 Index,STAR 50,1048.4,1057.84,1023.47,1029.66,-20.63,-1.96,271098021.0,182.08,50.0,37.58,2022-08-31,37.58,182.08
20220901,000688,上证科创板50成份指数,科创50,SSE Science and Technology Innovation Board 50 Index,STAR 50,1032.78,1041.92,1023.54,1025.66,-4.0,-0.39,261395818.0,164.09,50.0,36.83,2022-09-01,36.83,164.09
20220902,000688,上证科创板50成份指数,科创50,SSE Science and Technology Innovation Board 50 Index,STAR 50,1027.47,1040.46,1022.58,1030.12,4.46,0.43,247502493.0,153.17,50.0,36.83,2022-09-02,36.83,153.17
20220905,000688,上证科创板50成份指数,科创50,SSE Science and Technology Innovation Board 50 Index,STAR 50,1030.6,1034.95,1018.56,1024.39,-5.73,-0.56,263422060.0,158.9,50.0,36.65,2022-09-05,36.65,158.9
20220906,000688,上证科创板50成份指数,科创50,SSE Science and Technology Innovation Board 50 Index,STAR 50,1025.86,1038.97,1016.65,1035.78,11.39,1.11,272298332.0,159.74,50.0,37.31,2022-09-06,37.31,159.74
20220907,000688,上证科创板50成份指数,科创50,SSE Science and Technology Innovation Board 50 Index,STAR 50,1032.02,1065.17,1031.9,1049.58,13.8,1.33,287002430.0,173.8,50.0,37.72,2022-09-07,37.72,173.8
20220908,000688,上证科创板50成份指数,科创50,SSE Science and Technology Innovation Board 50 Index,STAR 50,1050.32,1054.74,1040.05,1040.77,-8.81,-0.84,229862155.0,136.41,50.0,37.38,2022-09-08,37.38,136.41
20220909,000688,上证科创板50成份指数,科创50,SSE Science and Technology Innovation Board 50 Index,STAR 50,1039.59,1042.11,1022.68,1033.78,-6.99,-0.67,216185500.0,145.19,50.0,37.12,2022-09-09,37.12,145.19
20220913,000688,上证科创板50成份指数,科创50,SSE Science and Technology Innovation Board 50 Index,STAR 50,1034.5,1046.18,1028.77,1031.17,-2.61,-0.25,200110159.0,128.7,50.0,39.69,2022-09-13,39.69,128.7
20220914,000688,上证科创板50成份指数,科创50,SSE Science and Technology Innovation Board 50 Index,STAR 50,1018.07,1033.45,1016.87,1031.3,0.13,0.01,192793680.0,127.8,50.0,39.65,2022-09-14,39.65,127.8
20220915,000688,上证科创板50成份指数,科创50,SSE Science and Technology Innovation Board 50 Index,STAR 50,1035.76,1037.63,990.85,1000.08,-31.22,-3.03,288889467.0,180.37,50.0,38.37,2022-09-15,38.37,180.37
20220916,000688,上证科创板50成份指数,科创50,SSE Science and Technology Innovation Board 50 Index,STAR 50,997.36,1018.72,997.36,998.52,-1.56,-0.16,249745853.0,148.83,50.0,38.21,2022-09-16,38.21,148.83
20220919,000688,上证科创板50成份指数,科创50,SSE Science and Technology Innovation Board 50 Index,STAR 50,997.53,1003.15,970.87,975.55,-22.97,-2.3,225157121.0,136.33,50.0,37.38,2022-09-19,37.38,136.33
20220920,000688,上证科创板50成份指数,科创50,SSE Science and Technology Innovation Board 50 Index,STAR 50,982.37,997.22,977.27,985.15,9.6,0.98,206172473.0,126.27,50.0,37.73,2022-09-20,37.73,126.27
20220921,000688,上证科创板50成份指数,科创50,SSE Science and Technology Innovation Board 50 Index,STAR 50,980.62,983.8,968.71,970.39,-14.76,-1.5,197071893.0,106.44,50.0,37.19,2022-09-21,37.19,106.44
20220922,000688,上证科创板50成份指数,科创50,SSE Science and Technology Innovation Board 50 Index,STAR 50,964.96,986.43,963.89,975.87,5.48,0.56,176369745.0,104.75,50.0,37.41,2022-09-22,37.41,104.75
20220923,000688,上证科创板50成份指数,科创50,SSE Science and Technology Innovation Board 50 Index,STAR 50,975.58,984.11,956.11,960.94,-14.93,-1.53,216590352.0,124.88,50.0,36.89,2022-09-23,36.89,124.88
20220926,000688,上证科创板50成份指数,科创50,SSE Science and Technology Innovation Board 50 Index,STAR 50,955.04,978.49,952.18,961.83,0.89,0.09,207889684.0,127.47,50.0,36.91,2022-09-26,36.91,127.47
20220927,000688,上证科创板50成份指数,科创50,SSE Science and Technology Innovation Board 50 Index,STAR 50,963.49,976.45,959.2,976.45,14.62,1.52,211659073.0,120.77,50.0,37.43,2022-09-27,37.43,120.77
20220928,000688,上证科创板50成份指数,科创50,SSE Science and Technology Innovation Board 50 Index,STAR 50,973.47,977.66,955.32,956.19,-20.26,-2.07,179106269.0,104.66,50.0,36.68,2022-09-28,36.68,104.66
20220929,000688,上证科创板50成份指数,科创50,SSE Science and Technology Innovation Board 50 Index,STAR 50,962.45,970.11,955.61,961.47,5.29,0.55,184981327.0,111.98,50.0,36.94,2022-09-29,36.94,111.98
20220930,000688,上证科创板50成份指数,科创50,SSE Science and Technology Innovation Board 50 Index,STAR 50,956.4,961.89,937.86,939.38,-22.1,-2.3,178643651.0,102.0,50.0,35.98,2022-09-30,35.98,102.0
20221010,000688,上证科创板50成份指数,科创50,SSE Science and Technology Innovation Board 50 Index,STAR 50,933.02,934.96,895.2,897.34,-42.04,-4.48,227813861.0,130.18,50.0,34.34,2022-10-10,34.34,130.18
20221011,000688,上证科创板50成份指数,科创50,SSE Science and Technology Innovation Board 50 Index,STAR 50,898.37,904.47,889.45,892.74,-4.6,-0.51,209280842.0,120.87,50.0,34.19,2022-10-11,34.19,120.87
20221012,000688,上证科创板50成份指数,科创50,SSE Science and Technology Innovation Board 50 Index,STAR 50,890.29,926.19,871.45,924.91,32.17,3.6,271847321.0,156.6,50.0,35.38,2022-10-12,35.38,156.6
20221013,000688,上证科创板50成份指数,科创50,SSE Science and Technology Innovation Board 50 Index,STAR 50,917.4,942.87,916.37,926.52,1.61,0.17,247187324.0,147.75,50.0,35.42,2022-10-13,35.42,147.75
20221014,000688,上证科创板50成份指数,科创50,SSE Science and Technology Innovation Board 50 Index,STAR 50,936.42,961.5,925.93,954.92,28.4,3.07,345691952.0,201.22,50.0,36.74,2022-10-14,36.74,201.22
20221017,000688,上证科创板50成份指数,科创50,SSE Science and Technology Innovation Board 50 Index,STAR 50,948.64,964.95,946.94,963.22,8.3,0.87,310837719.0,189.56,50.0,36.78,2022-10-17,36.78,189.56
20221018,000688,上证科创板50成份指数,科创50,SSE Science and Technology Innovation Board 50 Index,STAR 50,964.97,968.13,952.99,960.0,-3.22,-0.33,247381597.0,147.97,50.0,36.73,2022-10-18,36.73,147.97
20221019,000688,上证科创板50成份指数,科创50,SSE Science and Technology Innovation Board 50 Index,STAR 50,957.73,963.11,949.5,949.5,-10.5,-1.09,242282183.0,146.77,50.0,36.31,2022-10-19,36.31,146.77
20221020,000688,上证科创板50成份指数,科创50,SSE Science and Technology Innovation Board 50 Index,STAR 50,944.16,976.71,938.33,963.95,14.45,1.52,329668426.0,203.46,50.0,36.66,2022-10-20,36.66,203.46
20221021,000688,上证科创板50成份指数,科创50,SSE Science and Technology Innovation Board 50 Index,STAR 50,961.48,972.81,951.67,967.98,4.03,0.42,302432256.0,182.66,50.0,36.85,2022-10-21,36.85,182.66
20221024,000688,上证科创板50成份指数,科创50,SSE Science and Technology Innovation Board 50 Index,STAR 50,967.56,989.65,960.62,969.49,1.51,0.16,307116860.0,186.58,50.0,36.77,2022-10-24,36.77,186.58
20221025,000688,上证科创板50成份指数,科创50,SSE Science and Technology Innovation Board 50 Index,STAR 50,962.97,984.48,955.57,971.33,1.84,0.19,293099320.0,188.66,50.0,36.76,2022-10-25,36.76,188.66
20221026,000688,上证科创板50成份指数,科创50,SSE Science and Technology Innovation Board 50 Index,STAR 50,972.45,1010.98,963.36,1003.25,31.92,3.29,374308301.0,231.56,50.0,37.92,2022-10-26,37.92,231.56
20221027,000688,上证科创板50成份指数,科创50,SSE Science and Technology Innovation Board 50 Index,STAR 50,1008.71,1021.56,995.55,1004.91,1.65,0.16,413865902.0,254.41,50.0,37.63,2022-10-27,37.63,254.41
20221028,000688,上证科创板50成份指数,科创50,SSE Science and Technology Innovation Board 50 Index,STAR 50,996.61,1015.42,989.23,993.72,-11.19,-1.11,389578774.0,240.11,50.0,37.2,2022-10-28,37.2,240.11
20221031,000688,上证科创板50成份指数,科创50,SSE Science and Technology Innovation Board 50 Index,STAR 50,991.89,1022.23,991.89,1010.33,16.61,1.67,442804080.0,246.31,50.0,37.57,2022-10-31,37.57,246.31
20221101,000688,上证科创板50成份指数,科创50,SSE Science and Technology Innovation Board 50 Index,STAR 50,1011.96,1029.64,1000.97,1024.52,14.2,1.41,402896098.0,234.8,50.0,35.2,2022-11-01,35.2,234.8
20221102,000688,上证科创板50成份指数,科创50,SSE Science and Technology Innovation Board 50 Index,STAR 50,1020.07,1046.82,1017.99,1037.18,12.66,1.24,419021474.0,266.85,50.0,35.87,2022-11-02,35.87,266.85
20221103,000688,上证科创板50成份指数,科创50,SSE Science and Technology Innovation Board 50 Index,STAR 50,1028.43,1055.12,1027.04,1048.07,10.89,1.05,375997941.0,266.81,50.0,36.35,2022-11-03,36.35,266.81
20221104,000688,上证科创板50成份指数,科创50,SSE Science and Technology Innovation Board 50 Index,STAR 50,1048.89,1077.49,1048.89,1072.87,24.8,2.37,395661615.0,268.89,50.0,37.16,2022-11-04,37.16,268.89
20221107,000688,上证科创板50成份指数,科创50,SSE Science and Technology Innovation Board 50 Index,STAR 50,1070.14,1080.79,1058.13,1061.35,-11.52,-1.07,356250265.0,241.06,50.0,36.89,2022-11-07,36.89,241.06
20221108,000688,上证科创板50成份指数,科创50,SSE Science and Technology Innovation Board 50 Index,STAR 50,1061.71,1062.72,1040.87,1051.71,-9.64,-0.91,270041987.0,193.14,50.0,36.57,2022-11-08,36.57,193.14
20221109,000688,上证科创板50成份指数,科创50,SSE Science and Technology Innovation Board 50 Index,STAR 50,1049.72,1053.14,1036.95,1037.53,-14.18,-1.35,234389044.0,162.49,50.0,35.98,2022-11-09,35.98,162.49
20221110,000688,上证科创板50成份指数,科创50,SSE Science and Technology Innovation Board 50 Index,STAR 50,1033.13,1044.72,1021.11,1023.06,-14.46,-1.39,258542545.0,171.46,50.0,35.45,2022-11-10,35.45,171.46
20221111,000688,上证科创板50成份指数,科创50,SSE Science and Technology Innovation Board 50 Index,STAR 50,1053.86,1059.76,1023.26,1023.26,0.2,0.02,342474719.0,253.5,50.0,35.58,2022-11-11,35.58,253.5
20221114,000688,上证科创板50成份指数,科创50,SSE Science and Technology Innovation Board 50 Index,STAR 50,1021.41,1031.71,1012.67,1022.91,-0.35,-0.03,314527208.0,219.6,50.0,35.39,2022-11-14,35.39,219.6
20221115,000688,上证科创板50成份指数,科创50,SSE Science and Technology Innovation Board 50 Index,STAR 50,1022.04,1054.36,1021.14,1052.04,29.13,2.85,394641735.0,251.42,50.0,36.44,2022-11-15,36.44,251.42
20221116,000688,上证科创板50成份指数,科创50,SSE Science and Technology Innovation Board 50 Index,STAR 50,1052.41,1054.34,1034.2,1036.49,-15.55,-1.48,273488184.0,178.47,50.0,35.92,2022-11-16,35.92,178.47
20221117,000688,上证科创板50成份指数,科创50,SSE Science and Technology Innovation Board 50 Index,STAR 50,1029.31,1041.75,1015.05,1041.67,5.18,0.5,306642639.0,198.85,50.0,36.03,2022-11-17,36.03,198.85
20221118,000688,上证科创板50成份指数,科创50,SSE Science and Technology Innovation Board 50 Index,STAR 50,1039.85,1045.95,1030.74,1031.99,-9.68,-0.93,323567488.0,198.58,50.0,35.69,2022-11-18,35.69,198.58
20221121,000688,上证科创板50成份指数,科创50,SSE Science and Technology Innovation Board 50 Index,STAR 50,1023.9,1032.95,1020.06,1032.47,0.48,0.05,251682516.0,157.4,50.0,35.73,2022-11-21,35.73,157.4
20221122,000688,上证科创板50成份指数,科创50,SSE Science and Technology Innovation Board 50 Index,STAR 50,1029.5,1030.37,1015.14,1017.82,-14.65,-1.42,343200348.0,162.99,50.0,35.24,2022-11-22,35.24,162.99
20221123,000688,上证科创板50成份指数,科创50,SSE Science and Technology Innovation Board 50 Index,STAR 50,1014.74,1021.91,994.5,1017.02,-0.81,-0.08,327303585.0,181.6,50.0,35.37,2022-11-23,35.37,181.6
20221124,000688,上证科创板50成份指数,科创50,SSE Science and Technology Innovation Board 50 Index,STAR 50,1019.18,1024.24,1013.48,1015.36,-1.66,-0.16,287946393.0,155.49,50.0,35.31,2022-11-24,35.31,155.49
20221125,000688,上证科创板50成份指数,科创50,SSE Science and Technology Innovation Board 50 Index,STAR 50,1012.8,1012.8,999.84,999.99,-15.37,-1.51,294782854.0,141.36,50.0,34.66,2022-11-25,34.66,141.36
20221128,000688,上证科创板50成份指数,科创50,SSE Science and Technology Innovation Board 50 Index,STAR 50,983.59,997.9,980.76,992.81,-7.18,-0.72,298337209.0,143.64,50.0,34.48,2022-11-28,34.48,143.64
20221129,000688,上证科创板50成份指数,科创50,SSE Science and Technology Innovation Board 50 Index,STAR 50,995.34,1003.61,988.07,1002.45,9.64,0.97,316863620.0,174.7,50.0,34.81,2022-11-29,34.81,174.7
20221130,000688,上证科创板50成份指数,科创50,SSE Science and Technology Innovation Board 50 Index,STAR 50,999.61,1003.73,991.49,1000.26,-2.18,-0.22,307788927.0,165.04,50.0,34.64,2022-11-30,34.64,165.04
20221201,000688,上证科创板50成份指数,科创50,SSE Science and Technology Innovation Board 50 Index,STAR 50,1008.71,1017.01,1004.32,1009.33,9.07,0.91,308451841.0,188.98,50.0,34.99,2022-12-01,34.99,188.98
20221202,000688,上证科创板50成份指数,科创50,SSE Science and Technology Innovation Board 50 Index,STAR 50,1005.63,1021.4,1005.16,1008.14,-1.19,-0.12,294841200.0,154.87,50.0,35.04,2022-12-02,35.04,154.87
20221205,000688,上证科创板50成份指数,科创50,SSE Science and Technology Innovation Board 50 Index,STAR 50,1011.28,1011.29,999.49,1003.6,-4.54,-0.45,392553765.0,190.19,50.0,34.98,2022-12-05,34.98,190.19
20221206,000688,上证科创板50成份指数,科创50,SSE Science and Technology Innovation Board 50 Index,STAR 50,1003.31,1014.33,999.52,1003.14,-0.46,-0.05,384228146.0,203.04,50.0,34.95,2022-12-06,34.95,203.04
20221207,000688,上证科创板50成份指数,科创50,SSE Science and Technology Innovation Board 50 Index,STAR 50,999.28,1008.85,996.94,1000.47,-2.66,-0.27,328763014.0,168.23,50.0,34.77,2022-12-07,34.77,168.23
20221208,000688,上证科创板50成份指数,科创50,SSE Science and Technology Innovation Board 50 Index,STAR 50,999.75,1005.88,995.88,997.31,-3.16,-0.32,365958409.0,169.83,50.0,34.77,2022-12-08,34.77,169.83
20221209,000688,上证科创板50成份指数,科创50,SSE Science and Technology Innovation Board 50 Index,STAR 50,998.74,1004.36,992.63,1001.69,4.37,0.44,608898039.0,263.66,50.0,34.75,2022-12-09,34.75,263.66
20221212,000688,上证科创板50成份指数,科创50,SSE Science and Technology Innovation Board 50 Index,STAR 50,1000.29,1011.76,996.23,1004.62,2.94,0.29,390317637.0,186.5,50.0,37.85,2022-12-12,37.85,186.5
20221213,000688,上证科创板50成份指数,科创50,SSE Science and Technology Innovation Board 50 Index,STAR 50,1002.54,1004.21,989.18,989.31,-15.31,-1.52,302227831.0,157.87,50.0,37.19,2022-12-13,37.19,157.87
20221214,000688,上证科创板50成份指数,科创50,SSE Science and Technology Innovation Board 50 Index,STAR 50,1003.57,1004.74,983.09,984.22,-5.09,-0.51,326689856.0,188.78,50.0,36.93,2022-12-14,36.93,188.78
20221215,000688,上证科创板50成份指数,科创50,SSE Science and Technology Innovation Board 50 Index,STAR 50,985.15,992.97,979.53,989.2,4.98,0.51,242003540.0,135.01,50.0,37.13,2022-12-15,37.13,135.01
20221216,000688,上证科创板50成份指数,科创50,SSE Science and Technology Innovation Board 50 Index,STAR 50,984.25,985.87,973.7,978.36,-10.84,-1.1,268062984.0,134.96,50.0,36.68,2022-12-16,36.68,134.96
20221219,000688,上证科创板50成份指数,科创50,SSE Science and Technology Innovation Board 50 Index,STAR 50,973.6,980.47,954.02,956.19,-22.17,-2.27,254341926.0,127.87,50.0,36.09,2022-12-19,36.09,127.87
20221220,000688,上证科创板50成份指数,科创50,SSE Science and Technology Innovation Board 50 Index,STAR 50,955.08,959.96,950.47,952.77,-3.42,-0.36,225086848.0,105.24,50.0,36.01,2022-12-20,36.01,105.24
20221221,000688,上证科创板50成份指数,科创50,SSE Science and Technology Innovation Board 50 Index,STAR 50,950.56,954.62,937.52,940.84,-11.93,-1.25,181095166.0,91.19,50.0,35.55,2022-12-21,35.55,91.19
20221222,000688,上证科创板50成份指数,科创50,SSE Science and Technology Innovation Board 50 Index,STAR 50,944.57,946.04,928.91,930.8,-10.03,-1.07,212105891.0,106.49,50.0,35.07,2022-12-22,35.07,106.49
20221223,000688,上证科创板50成份指数,科创50,SSE Science and Technology Innovation Board 50 Index,STAR 50,925.14,930.06,915.35,920.35,-10.45,-1.12,204023247.0,99.13,50.0,34.74,2022-12-23,34.74,99.13
20221226,000688,上证科创板50成份指数,科创50,SSE Science and Technology Innovation Board 50 Index,STAR 50,920.74,951.66,920.56,951.11,30.76,3.34,255354702.0,120.45,50.0,36.05,2022-12-26,36.05,120.45
20221227,000688,上证科创板50成份指数,科创50,SSE Science and Technology Innovation Board 50 Index,STAR 50,951.86,965.49,947.17,963.14,12.03,1.26,236837243.0,123.36,50.0,36.54,2022-12-27,36.54,123.36
20221228,000688,上证科创板50成份指数,科创50,SSE Science and Technology Innovation Board 50 Index,STAR 50,960.39,963.36,955.49,957.27,-5.86,-0.61,200710700.0,111.47,50.0,36.29,2022-12-28,36.29,111.47
20221229,000688,上证科创板50成份指数,科创50,SSE Science and Technology Innovation Board 50 Index,STAR 50,956.1,970.57,954.74,962.25,4.98,0.52,197523002.0,114.9,50.0,36.39,2022-12-29,36.39,114.9
20221230,000688,上证科创板50成份指数,科创50,SSE Science and Technology Innovation Board 50 Index,STAR 50,963.29,971.04,958.99,959.9,-2.35,-0.24,179590004.0,107.33,50.0,36.31,2022-12-30,36.31,107.33
20230103,000688,上证科创板50成份指数,科创50,SSE Science and Technology Innovation Board 50 Index,STAR 50,960.51,982.24,956.7,979.91,20.01,2.08,252245377.0,146.6,50.0,37.08,2023-01-03,37.08,146.6
20230104,000688,上证科创板50成份指数,科创50,SSE Science and Technology Innovation Board 50 Index,STAR 50,982.03,983.84,966.29,972.38,-7.53,-0.77,232161941.0,133.98,50.0,36.79,2023-01-04,36.79,133.98
20230105,000688,上证科创板50成份指数,科创50,SSE Science and Technology Innovation Board 50 Index,STAR 50,972.61,985.82,969.32,983.52,11.14,1.15,259813494.0,151.82,50.0,37.19,2023-01-05,37.19,151.82
20230106,000688,上证科创板50成份指数,科创50,SSE Science and Technology Innovation Board 50 Index,STAR 50,985.99,1003.05,984.02,991.1,7.58,0.77,343837531.0,179.5,50.0,37.58,2023-01-06,37.58,179.5
20230109,000688,上证科创板50成份指数,科创50,SSE Science and Technology Innovation Board 50 Index,STAR 50,994.74,1000.07,986.17,988.67,-2.43,-0.24,253088059.0,148.75,50.0,37.55,2023-01-09,37.55,148.75
20230110,000688,上证科创板50成份指数,科创50,SSE Science and Technology Innovation Board 50 Index,STAR 50,989.85,998.16,985.22,990.32,1.65,0.17,212406446.0,129.76,50.0,37.6,2023-01-10,37.6,129.76
20230111,000688,上证科创板50成份指数,科创50,SSE Science and Technology Innovation Board 50 Index,STAR 50,990.15,993.47,973.56,973.96,-16.35,-1.65,218461819.0,131.92,50.0,36.92,2023-01-11,36.92,131.92
20230112,000688,上证科创板50成份指数,科创50,SSE Science and Technology Innovation Board 50 Index,STAR 50,978.36,979.36,971.5,974.19,0.23,0.02,222952948.0,138.4,50.0,36.81,2023-01-12,36.81,138.4
20230113,000688,上证科创板50成份指数,科创50,SSE Science and Technology Innovation Board 50 Index,STAR 50,976.58,977.06,967.11,974.31,0.12,0.01,203777239.0,134.98,50.0,36.87,2023-01-13,36.87,134.98
20230116,000688,上证科创板50成份指数,科创50,SSE Science and Technology Innovation Board 50 Index,STAR 50,972.7,1000.27,971.9,992.61,18.3,1.88,358093741.0,202.7,50.0,37.72,2023-01-16,37.72,202.7
20230117,000688,上证科创板50成份指数,科创50,SSE Science and Technology Innovation Board 50 Index,STAR 50,994.64,1006.59,993.45,1003.68,11.06,1.11,242356138.0,148.56,50.0,38.12,2023-01-17,38.12,148.56
20230118,000688,上证科创板50成份指数,科创50,SSE Science and Technology Innovation Board 50 Index,STAR 50,1006.69,1009.87,1001.75,1006.75,3.07,0.31,197321023.0,116.9,50.0,38.13,2023-01-18,38.13,116.9
20230119,000688,上证科创板50成份指数,科创50,SSE Science and Technology Innovation Board 50 Index,STAR 50,1004.79,1023.71,1004.08,1023.65,16.91,1.68,224389273.0,138.92,50.0,38.79,2023-01-19,38.79,138.92
20230120,000688,上证科创板50成份指数,科创50,SSE Science and Technology Innovation Board 50 Index,STAR 50,1025.0,1034.59,1024.16,1029.14,5.48,0.54,221179006.0,133.97,50.0,38.95,2023-01-20,38.95,133.97
20230130,000688,上证科创板50成份指数,科创50,SSE Science and Technology Innovation Board 50 Index,STAR 50,1046.44,1051.67,1031.36,1031.61,2.47,0.24,422914268.0,230.86,50.0,38.96,2023-01-30,38.96,230.86
20230131,000688,上证科创板50成份指数,科创50,SSE Science and Technology Innovation Board 50 Index,STAR 50,1027.82,1029.62,1014.13,1014.36,-17.25,-1.67,301869921.0,174.13,50.0,38.42,2023-01-31,38.42,174.13
20230201,000688,上证科创板50成份指数,科创50,SSE Science and Technology Innovation Board 50 Index,STAR 50,1016.31,1026.87,1010.4,1026.4,12.04,1.19,318856769.0,183.24,50.0,38.87,2023-02-01,38.87,183.24
20230202,000688,上证科创板50成份指数,科创50,SSE Science and Technology Innovation Board 50 Index,STAR 50,1030.33,1041.24,1028.37,1031.68,5.28,0.51,358709299.0,200.2,50.0,39.02,2023-02-02,39.02,200.2
20230203,000688,上证科创板50成份指数,科创50,SSE Science and Technology Innovation Board 50 Index,STAR 50,1029.12,1034.26,1016.91,1033.87,2.19,0.21,260581432.0,157.08,50.0,39.18,2023-02-03,39.18,157.08
20230206,000688,上证科创板50成份指数,科创50,SSE Science and Technology Innovation Board 50 Index,STAR 50,1031.92,1038.27,1020.81,1024.43,-9.44,-0.91,271323763.0,173.65,50.0,38.86,2023-02-06,38.86,173.65
20230207,000688,上证科创板50成份指数,科创50,SSE Science and Technology Innovation Board 50 Index,STAR 50,1024.24,1027.76,1014.48,1020.17,-4.26,-0.42,248806345.0,157.84,50.0,38.57,2023-02-07,38.57,157.84
20230208,000688,上证科创板50成份指数,科创50,SSE Science and Technology Innovation Board 50 Index,STAR 50,1021.16,1026.22,1010.69,1010.69,-9.47,-0.93,229414383.0,137.45,50.0,38.18,2023-02-08,38.18,137.45
20230209,000688,上证科创板50成份指数,科创50,SSE Science and Technology Innovation Board 50 Index,STAR 50,1007.84,1037.7,1004.67,1036.86,26.17,2.59,332865899.0,191.95,50.0,39.24,2023-02-09,39.24,191.95
20230210,000688,上证科创板50成份指数,科创50,SSE Science and Technology Innovation Board 50 Index,STAR 50,1034.22,1038.6,1018.76,1024.54,-12.32,-1.19,314944280.0,174.26,50.0,38.77,2023-02-10,38.77,174.26
20230213,000688,上证科创板50成份指数,科创50,SSE Science and Technology Innovation Board 50 Index,STAR 50,1020.55,1031.47,1017.59,1024.04,-0.5,-0.05,301104883.0,182.92,50.0,38.75,2023-02-13,38.75,182.92
20230214,000688,上证科创板50成份指数,科创50,SSE Science and Technology Innovation Board 50 Index,STAR 50,1026.45,1032.59,1016.93,1022.67,-1.37,-0.13,265546706.0,162.92,50.0,38.76,2023-02-14,38.76,162.92
20230215,000688,上证科创板50成份指数,科创50,SSE Science and Technology Innovation Board 50 Index,STAR 50,1022.79,1026.2,1016.25,1024.22,1.55,0.15,342396388.0,180.72,50.0,38.85,2023-02-15,38.85,180.72
20230216,000688,上证科创板50成份指数,科创50,SSE Science and Technology Innovation Board 50 Index,STAR 50,1024.12,1030.43,998.96,1005.18,-19.04,-1.86,380585769.0,195.86,50.0,38.12,2023-02-16,38.12,195.86
20230217,000688,上证科创板50成份指数,科创50,SSE Science and Technology Innovation Board 50 Index,STAR 50,1002.08,1005.38,986.33,986.33,-18.85,-1.87,285835035.0,163.42,50.0,37.28,2023-02-17,37.28,163.42
20230220,000688,上证科创板50成份指数,科创50,SSE Science and Technology Innovation Board 50 Index,STAR 50,985.11,999.98,979.83,998.83,12.5,1.27,274188708.0,152.49,50.0,37.71,2023-02-20,37.71,152.49
20230221,000688,上证科创板50成份指数,科创50,SSE Science and Technology Innovation Board 50 Index,STAR 50,997.55,1003.18,989.98,995.73,-3.11,-0.31,257621765.0,145.81,50.0,37.51,2023-02-21,37.51,145.81
20230222,000688,上证科创板50成份指数,科创50,SSE Science and Technology Innovation Board 50 Index,STAR 50,988.79,993.52,987.28,989.65,-6.07,-0.61,193071438.0,113.98,50.0,37.31,2023-02-22,37.31,113.98
20230223,000688,上证科创板50成份指数,科创50,SSE Science and Technology Innovation Board 50 Index,STAR 50,988.2,997.76,988.2,992.46,2.81,0.28,255840885.0,127.03,50.0,37.48,2023-02-23,37.48,127.03
20230224,000688,上证科创板50成份指数,科创50,SSE Science and Technology Innovation Board 50 Index,STAR 50,996.03,999.8,988.33,990.63,-1.83,-0.18,243714818.0,132.48,50.0,37.41,2023-02-24,37.41,132.48
20230227,000688,上证科创板50成份指数,科创50,SSE Science and Technology Innovation Board 50 Index,STAR 50,988.11,996.12,983.92,986.28,-4.35,-0.44,278120428.0,151.1,50.0,37.27,2023-02-27,37.27,151.1
20230228,000688,上证科创板50成份指数,科创50,SSE Science and Technology Innovation Board 50 Index,STAR 50,991.44,994.73,980.1,990.47,4.18,0.42,298112961.0,152.97,50.0,37.47,2023-02-28,37.47,152.97
20230301,000688,上证科创板50成份指数,科创50,SSE Science and Technology Innovation Board 50 Index,STAR 50,989.11,998.06,984.59,994.63,4.17,0.42,371550526.0,166.26,50.0,37.49,2023-03-01,37.49,166.26
20230302,000688,上证科创板50成份指数,科创50,SSE Science and Technology Innovation Board 50 Index,STAR 50,994.54,997.46,987.91,988.89,-5.74,-0.58,294984095.0,161.66,50.0,37.17,2023-03-02,37.17,161.66
20230303,000688,上证科创板50成份指数,科创50,SSE Science and Technology Innovation Board 50 Index,STAR 50,996.1,1002.48,990.27,998.9,10.01,1.01,357453518.0,187.9,50.0,37.52,2023-03-03,37.52,187.9
20230306,000688,上证科创板50成份指数,科创50,SSE Science and Technology Innovation Board 50 Index,STAR 50,999.72,1011.03,991.66,1007.63,8.73,0.87,389609464.0,207.51,50.0,38.01,2023-03-06,38.01,207.51
20230307,000688,上证科创板50成份指数,科创50,SSE Science and Technology Innovation Board 50 Index,STAR 50,1005.62,1008.08,990.21,990.58,-17.06,-1.69,359445178.0,178.35,50.0,37.24,2023-03-07,37.24,178.35
20230308,000688,上证科创板50成份指数,科创50,SSE Science and Technology Innovation Board 50 Index,STAR 50,989.71,996.81,987.97,994.89,4.31,0.44,267468185.0,154.18,50.0,37.44,2023-03-08,37.44,154.18
20230309,000688,上证科创板50成份指数,科创50,SSE Science and Technology Innovation Board 50 Index,STAR 50,996.56,1003.2,992.21,998.3,3.42,0.34,291613944.0,173.73,50.0,37.53,2023-03-09,37.53,173.73
20230310,000688,上证科创板50成份指数,科创50,SSE Science and Technology Innovation Board 50 Index,STAR 50,990.9,1003.89,987.5,993.55,-4.75,-0.48,399946691.0,182.59,50.0,37.32,2023-03-10,37.32,182.59
20230313,000688,上证科创板50成份指数,科创50,SSE Science and Technology Innovation Board 50 Index,STAR 50,992.94,1000.02,991.16,998.91,5.35,0.54,350858205.0,184.77,50.0,38.13,2023-03-13,38.13,184.77
20230314,000688,上证科创板50成份指数,科创50,SSE Science and Technology Innovation Board 50 Index,STAR 50,997.77,1017.69,989.33,1013.39,14.48,1.45,556303288.0,287.6,50.0,38.49,2023-03-14,38.49,287.6
20230315,000688,上证科创板50成份指数,科创50,SSE Science and Technology Innovation Board 50 Index,STAR 50,1016.18,1027.17,1007.18,1007.3,-6.09,-0.6,469241649.0,260.33,50.0,38.29,2023-03-15,38.29,260.33
20230316,000688,上证科创板50成份指数,科创50,SSE Science and Technology Innovation Board 50 Index,STAR 50,1001.52,1010.28,990.16,992.44,-14.87,-1.48,487586352.0,241.65,50.0,37.55,2023-03-16,37.55,241.65
20230317,000688,上证科创板50成份指数,科创50,SSE Science and Technology Innovation Board 50 Index,STAR 50,1002.37,1021.83,995.08,1015.76,23.32,2.35,615227386.0,341.47,50.0,38.14,2023-03-17,38.14,341.47
20230320,000688,上证科创板50成份指数,科创50,SSE Science and Technology Innovation Board 50 Index,STAR 50,1016.23,1035.28,1012.45,1025.32,9.56,0.94,585638108.0,344.42,50.0,38.47,2023-03-20,38.47,344.42
20230321,000688,上证科创板50成份指数,科创50,SSE Science and Technology Innovation Board 50 Index,STAR 50,1024.53,1030.19,1020.52,1030.19,4.86,0.47,415727039.0,246.09,50.0,38.82,2023-03-21,38.82,246.09
20230322,000688,上证科创板50成份指数,科创50,SSE Science and Technology Innovation Board 50 Index,STAR 50,1031.61,1039.16,1028.31,1034.05,3.86,0.38,435278600.0,285.03,50.0,38.86,2023-03-22,38.86,285.03
20230323,000688,上证科创板50成份指数,科创50,SSE Science and Technology Innovation Board 50 Index,STAR 50,1030.47,1058.99,1030.47,1058.99,24.94,2.41,569829372.0,387.39,50.0,39.56,2023-03-23,39.56,387.39
20230324,000688,上证科创板50成份指数,科创50,SSE Science and Technology Innovation Board 50 Index,STAR 50,1058.12,1064.12,1051.05,1060.99,2.0,0.19,496546404.0,360.47,50.0,39.52,2023-03-24,39.52,360.47
20230327,000688,上证科创板50成份指数,科创50,SSE Science and Technology Innovation Board 50 Index,STAR 50,1057.17,1070.18,1044.7,1057.49,-3.5,-0.33,532019058.0,350.45,50.0,39.34,2023-03-27,39.34,350.45
20230328,000688,上证科创板50成份指数,科创50,SSE Science and Technology Innovation Board 50 Index,STAR 50,1059.67,1065.95,1037.01,1038.63,-18.86,-1.78,427864489.0,289.52,50.0,38.76,2023-03-28,38.76,289.52
20230329,000688,上证科创板50成份指数,科创50,SSE Science and Technology Innovation Board 50 Index,STAR 50,1039.79,1076.06,1035.68,1062.14,23.51,2.26,510839760.0,358.36,50.0,39.83,2023-03-29,39.83,358.36
20230330,000688,上证科创板50成份指数,科创50,SSE Science and Technology Innovation Board 50 Index,STAR 50,1065.39,1070.11,1053.53,1065.69,3.55,0.33,451236010.0,314.99,50.0,39.98,2023-03-30,39.98,314.99
20230331,000688,上证科创板50成份指数,科创50,SSE Science and Technology Innovation Board 50 Index,STAR 50,1063.29,1083.16,1059.36,1081.54,15.85,1.49,448629840.0,320.39,50.0,40.4,2023-03-31,40.4,320.39
20230403,000688,上证科创板50成份指数,科创50,SSE Science and Technology Innovation Board 50 Index,STAR 50,1093.08,1128.23,1090.75,1126.49,44.95,4.16,687767404.0,480.13,50.0,41.81,2023-04-03,41.81,480.13
20230404,000688,上证科创板50成份指数,科创50,SSE Science and Technology Innovation Board 50 Index,STAR 50,1122.38,1147.73,1115.74,1129.08,2.6,0.23,816347182.0,543.95,50.0,41.68,2023-04-04,41.68,543.95
20230406,000688,上证科创板50成份指数,科创50,SSE Science and Technology Innovation Board 50 Index,STAR 50,1127.03,1165.34,1127.03,1146.96,17.88,1.58,803889966.0,554.58,50.0,42.11,2023-04-06,42.11,554.58
20230407,000688,上证科创板50成份指数,科创50,SSE Science and Technology Innovation Board 50 Index,STAR 50,1149.54,1162.57,1141.83,1161.02,14.06,1.23,588450425.0,403.92,50.0,42.45,2023-04-07,42.45,403.92
20230410,000688,上证科创板50成份指数,科创50,SSE Science and Technology Innovation Board 50 Index,STAR 50,1164.98,1171.3,1126.05,1129.17,-31.85,-2.74,670119891.0,494.09,50.0,41.32,2023-04-10,41.32,494.09
20230411,000688,上证科创板50成份指数,科创50,SSE Science and Technology Innovation Board 50 Index,STAR 50,1132.22,1138.62,1109.22,1121.74,-7.43,-0.66,581264851.0,432.38,50.0,41.21,2023-04-11,41.21,432.38
20230412,000688,上证科创板50成份指数,科创50,SSE Science and Technology Innovation Board 50 Index,STAR 50,1118.13,1139.09,1112.45,1129.41,7.67,0.68,576207175.0,402.64,50.0,41.57,2023-04-12,41.57,402.64
20230413,000688,上证科创板50成份指数,科创50,SSE Science and Technology Innovation Board 50 Index,STAR 50,1122.37,1124.71,1098.12,1100.13,-29.28,-2.59,498549641.0,359.79,50.0,40.55,2023-04-13,40.55,359.79
20230414,000688,上证科创板50成份指数,科创50,SSE Science and Technology Innovation Board 50 Index,STAR 50,1107.62,1137.95,1095.96,1136.21,36.09,3.28,633546953.0,433.69,50.0,41.53,2023-04-14,41.53,433.69
20230417,000688,上证科创板50成份指数,科创50,SSE Science and Technology Innovation Board 50 Index,STAR 50,1134.05,1151.4,1134.05,1140.13,3.92,0.34,557730383.0,367.31,50.0,41.83,2023-04-17,41.83,367.31
20230418,000688,上证科创板50成份指数,科创50,SSE Science and Technology Innovation Board 50 Index,STAR 50,1130.81,1137.83,1114.83,1129.82,-10.31,-0.9,513796111.0,371.09,50.0,41.71,2023-04-18,41.71,371.09
20230419,000688,上证科创板50成份指数,科创50,SSE Science and Technology Innovation Board 50 Index,STAR 50,1131.74,1151.68,1127.71,1134.4,4.59,0.41,590754690.0,422.1,50.0,41.83,2023-04-19,41.83,422.1
20230420,000688,上证科创板50成份指数,科创50,SSE Science and Technology Innovation Board 50 Index,STAR 50,1134.94,1165.68,1134.94,1164.95,30.54,2.69,845716798.0,520.99,50.0,42.5,2023-04-20,42.5,520.99
20230421,000688,上证科创板50成份指数,科创50,SSE Science and Technology Innovation Board 50 Index,STAR 50,1162.94,1167.54,1116.83,1116.83,-48.12,-4.13,796004725.0,447.93,50.0,40.87,2023-04-21,40.87,447.93
20230424,000688,上证科创板50成份指数,科创50,SSE Science and Technology Innovation Board 50 Index,STAR 50,1116.67,1118.77,1089.96,1096.38,-20.45,-1.83,689418675.0,389.33,50.0,39.89,2023-04-24,39.89,389.33
20230425,000688,上证科创板50成份指数,科创50,SSE Science and Technology Innovation Board 50 Index,STAR 50,1095.95,1102.39,1068.72,1076.86,-19.51,-1.78,669734035.0,408.41,50.0,39.6,2023-04-25,39.6,408.41
20230426,000688,上证科创板50成份指数,科创50,SSE Science and Technology Innovation Board 50 Index,STAR 50,1072.7,1085.97,1060.13,1069.01,-7.86,-0.73,716155437.0,419.18,50.0,39.36,2023-04-26,39.36,419.18
20230427,000688,上证科创板50成份指数,科创50,SSE Science and Technology Innovation Board 50 Index,STAR 50,1063.53,1082.03,1059.95,1068.01,-0.99,-0.09,531203420.0,372.99,50.0,39.17,2023-04-27,39.17,372.99
20230428,000688,上证科创板50成份指数,科创50,SSE Science and Technology Innovation Board 50 Index,STAR 50,1060.71,1089.74,1060.71,1087.87,19.86,1.86,577992439.0,372.69,50.0,39.75,2023-04-28,39.75,372.69
20230504,000688,上证科创板50成份指数,科创50,SSE Science and Technology Innovation Board 50 Index,STAR 50,1077.85,1082.84,1060.3,1064.2,-23.66,-2.18,547659381.0,309.7,50.0,35.79,2023-05-04,35.79,309.7
20230505,000688,上证科创板50成份指数,科创50,SSE Science and Technology Innovation Board 50 Index,STAR 50,1062.66,1067.41,1047.09,1049.09,-15.12,-1.42,431187763.0,272.35,50.0,35.41,2023-05-05,35.41,272.35
20230508,000688,上证科创板50成份指数,科创50,SSE Science and Technology Innovation Board 50 Index,STAR 50,1050.1,1063.89,1046.26,1057.21,8.13,0.77,405624114.0,242.01,50.0,35.52,2023-05-08,35.52,242.01
20230509,000688,上证科创板50成份指数,科创50,SSE Science and Technology Innovation Board 50 Index,STAR 50,1058.37,1063.02,1034.19,1034.21,-23.0,-2.18,538421450.0,309.45,50.0,35.0,2023-05-09,35.0,309.45
20230510,000688,上证科创板50成份指数,科创50,SSE Science and Technology Innovation Board 50 Index,STAR 50,1031.13,1038.11,1018.08,1025.71,-8.51,-0.82,487600090.0,260.85,50.0,34.5,2023-05-10,34.5,260.85
20230511,000688,上证科创板50成份指数,科创50,SSE Science and Technology Innovation Board 50 Index,STAR 50,1035.18,1042.32,1025.57,1025.97,0.27,0.03,331728950.0,194.55,50.0,34.45,2023-05-11,34.45,194.55
20230512,000688,上证科创板50成份指数,科创50,SSE Science and Technology Innovation Board 50 Index,STAR 50,1028.36,1036.88,1014.02,1014.11,-11.87,-1.16,380719600.0,206.8,50.0,33.94,2023-05-12,33.94,206.8
20230515,000688,上证科创板50成份指数,科创50,SSE Science and Technology Innovation Board 50 Index,STAR 50,1013.53,1025.91,1006.3,1025.79,11.68,1.15,409359926.0,246.21,50.0,34.6,2023-05-15,34.6,246.21
20230516,000688,上证科创板50成份指数,科创50,SSE Science and Technology Innovation Board 50 Index,STAR 50,1029.33,1033.82,1022.34,1025.87,0.08,0.01,333612358.0,197.74,50.0,34.52,2023-05-16,34.52,197.74
20230517,000688,上证科创板50成份指数,科创50,SSE Science and Technology Innovation Board 50 Index,STAR 50,1025.45,1035.15,1024.18,1029.65,3.78,0.37,297781428.0,186.19,50.0,34.71,2023-05-17,34.71,186.19
20230518,000688,上证科创板50成份指数,科创50,SSE Science and Technology Innovation Board 50 Index,STAR 50,1031.4,1038.52,1027.76,1034.82,5.17,0.5,336449700.0,214.97,50.0,34.84,2023-05-18,34.84,214.97
20230519,000688,上证科创板50成份指数,科创50,SSE Science and Technology Innovation Board 50 Index,STAR 50,1040.35,1048.9,1036.97,1040.16,5.34,0.52,327482796.0,219.28,50.0,34.96,2023-05-19,34.96,219.28
20230522,000688,上证科创板50成份指数,科创50,SSE Science and Technology Innovation Board 50 Index,STAR 50,1040.83,1048.47,1027.44,1032.11,-8.05,-0.77,272546546.0,172.38,50.0,34.72,2023-05-22,34.72,172.38
20230523,000688,上证科创板50成份指数,科创50,SSE Science and Technology Innovation Board 50 Index,STAR 50,1029.14,1029.33,1016.11,1016.11,-16.01,-1.55,275031801.0,153.53,50.0,34.33,2023-05-23,34.33,153.53
20230524,000688,上证科创板50成份指数,科创50,SSE Science and Technology Innovation Board 50 Index,STAR 50,1011.12,1024.07,1006.71,1011.77,-4.33,-0.43,423524911.0,220.41,50.0,34.34,2023-05-24,34.34,220.41
20230525,000688,上证科创板50成份指数,科创50,SSE Science and Technology Innovation Board 50 Index,STAR 50,1016.92,1023.42,1006.79,1021.72,9.95,0.98,392516583.0,227.18,50.0,34.67,2023-05-25,34.67,227.18
20230526,000688,上证科创板50成份指数,科创50,SSE Science and Technology Innovation Board 50 Index,STAR 50,1023.86,1040.67,1022.11,1038.66,16.94,1.66,342135482.0,230.79,50.0,34.99,2023-05-26,34.99,230.79
20230529,000688,上证科创板50成份指数,科创50,SSE Science and Technology Innovation Board 50 Index,STAR 50,1041.27,1047.36,1026.83,1028.38,-10.28,-0.99,503242007.0,284.81,50.0,34.57,2023-05-29,34.57,284.81
20230530,000688,上证科创板50成份指数,科创50,SSE Science and Technology Innovation Board 50 Index,STAR 50,1025.83,1047.47,1022.15,1044.43,16.05,1.56,391313643.0,225.1,50.0,35.09,2023-05-30,35.09,225.1
20230531,000688,上证科创板50成份指数,科创50,SSE Science and Technology Innovation Board 50 Index,STAR 50,1040.34,1053.91,1037.63,1053.91,9.48,0.91,482928511.0,260.28,50.0,35.31,2023-05-31,35.31,260.28
20230601,000688,上证科创板50成份指数,科创50,SSE Science and Technology Innovation Board 50 Index,STAR 50,1048.95,1067.23,1044.98,1053.55,-0.36,-0.03,393400168.0,244.06,50.0,35.26,2023-06-01,35.26,244.06
20230602,000688,上证科创板50成份指数,科创50,SSE Science and Technology Innovation Board 50 Index,STAR 50,1055.95,1059.25,1047.37,1053.29,-0.26,-0.02,375879273.0,220.03,50.0,35.32,2023-06-02,35.32,220.03
20230605,000688,上证科创板50成份指数,科创50,SSE Science and Technology Innovation Board 50 Index,STAR 50,1063.15,1068.3,1049.45,1051.73,-1.56,-0.15,373523439.0,235.41,50.0,35.22,2023-06-05,35.22,235.41
20230606,000688,上证科创板50成份指数,科创50,SSE Science and Technology Innovation Board 50 Index,STAR 50,1047.92,1048.3,1021.0,1022.98,-28.75,-2.73,368138988.0,214.03,50.0,34.06,2023-06-06,34.06,214.03
20230607,000688,上证科创板50成份指数,科创50,SSE Science and Technology Innovation Board 50 Index,STAR 50,1023.95,1026.46,1015.34,1019.05,-3.93,-0.38,325014241.0,189.28,50.0,33.89,2023-06-07,33.89,189.28
20230608,000688,上证科创板50成份指数,科创50,SSE Science and Technology Innovation Board 50 Index,STAR 50,1012.66,1014.57,1001.75,1007.12,-11.93,-1.17,410022789.0,208.66,50.0,33.53,2023-06-08,33.53,208.66
20230609,000688,上证科创板50成份指数,科创50,SSE Science and Technology Innovation Board 50 Index,STAR 50,1008.9,1032.55,1003.32,1032.55,25.43,2.53,687191158.0,338.19,50.0,34.58,2023-06-09,34.58,338.19
20230612,000688,上证科创板50成份指数,科创50,SSE Science and Technology Innovation Board 50 Index,STAR 50,1030.26,1032.09,1022.4,1026.64,-5.91,-0.57,437757823.0,266.68,50.0,34.4,2023-06-12,34.4,266.68
20230613,000688,上证科创板50成份指数,科创50,SSE Science and Technology Innovation Board 50 Index,STAR 50,1025.21,1043.96,1021.27,1039.46,12.82,1.25,398824069.0,254.09,50.0,34.42,2023-06-13,34.42,254.09
20230614,000688,上证科创板50成份指数,科创50,SSE Science and Technology Innovation Board 50 Index,STAR 50,1038.89,1040.33,1031.07,1035.31,-4.15,-0.4,329444779.0,226.96,50.0,34.33,2023-06-14,34.33,226.96
20230615,000688,上证科创板50成份指数,科创50,SSE Science and Technology Innovation Board 50 Index,STAR 50,1036.31,1038.72,1029.74,1033.85,-1.46,-0.14,403135011.0,237.28,50.0,34.39,2023-06-15,34.39,237.28
20230616,000688,上证科创板50成份指数,科创50,SSE Science and Technology Innovation Board 50 Index,STAR 50,1034.42,1055.08,1032.31,1052.88,19.03,1.84,422904937.0,261.32,50.0,35.07,2023-06-16,35.07,261.32
20230619,000688,上证科创板50成份指数,科创50,SSE Science and Technology Innovation Board 50 Index,STAR 50,1053.34,1059.98,1044.98,1055.45,2.57,0.24,373642700.0,258.7,50.0,35.15,2023-06-19,35.15,258.7
20230620,000688,上证科创板50成份指数,科创50,SSE Science and Technology Innovation Board 50 Index,STAR 50,1054.51,1058.6,1043.5,1055.41,-0.04,0.0,414960336.0,289.02,50.0,35.2,2023-06-20,35.2,289.02
20230621,000688,上证科创板50成份指数,科创50,SSE Science and Technology Innovation Board 50 Index,STAR 50,1050.12,1051.02,1020.14,1020.22,-35.19,-3.33,335338225.0,225.43,50.0,34.08,2023-06-21,34.08,225.43
20230626,000688,上证科创板50成份指数,科创50,SSE Science and Technology Innovation Board 50 Index,STAR 50,1011.15,1029.94,1006.35,1010.31,-9.91,-0.97,393941436.0,230.18,50.0,33.4,2023-06-26,33.4,230.18
20230627,000688,上证科创板50成份指数,科创50,SSE Science and Technology Innovation Board 50 Index,STAR 50,1011.08,1018.9,1006.79,1011.35,1.04,0.1,343199276.0,190.52,50.0,33.58,2023-06-27,33.58,190.52
20230628,000688,上证科创板50成份指数,科创50,SSE Science and Technology Innovation Board 50 Index,STAR 50,1017.08,1019.67,996.14,1008.22,-3.13,-0.31,344432903.0,222.89,50.0,33.42,2023-06-28,33.42,222.89
20230629,000688,上证科创板50成份指数,科创50,SSE Science and Technology Innovation Board 50 Index,STAR 50,1004.54,1012.06,1001.46,1001.46,-6.76,-0.67,312190977.0,192.35,50.0,33.3,2023-06-29,33.3,192.35
20230630,000688,上证科创板50成份指数,科创50,SSE Science and Technology Innovation Board 50 Index,STAR 50,999.18,1009.1,997.54,1005.15,3.69,0.37,309419801.0,190.82,50.0,33.46,2023-06-30,33.46,190.82
20230703,000688,上证科创板50成份指数,科创50,SSE Science and Technology Innovation Board 50 Index,STAR 50,1006.58,1013.19,999.16,1008.4,3.25,0.32,421868111.0,263.13,50.0,33.54,2023-07-03,33.54,263.13
20230704,000688,上证科创板50成份指数,科创50,SSE Science and Technology Innovation Board 50 Index,STAR 50,1008.43,1022.46,1004.12,1015.4,7.0,0.69,352508594.0,211.3,50.0,33.72,2023-07-04,33.72,211.3
20230705,000688,上证科创板50成份指数,科创50,SSE Science and Technology Innovation Board 50 Index,STAR 50,1013.38,1016.81,1004.54,1005.73,-9.66,-0.95,285157717.0,159.66,50.0,33.37,2023-07-05,33.37,159.66
20230706,000688,上证科创板50成份指数,科创50,SSE Science and Technology Innovation Board 50 Index,STAR 50,1004.67,1012.85,1001.37,1002.11,-3.62,-0.36,285142475.0,180.75,50.0,33.21,2023-07-06,33.21,180.75
20230707,000688,上证科创板50成份指数,科创50,SSE Science and Technology Innovation Board 50 Index,STAR 50,1001.02,1002.45,989.66,991.85,-10.26,-1.02,287710462.0,168.92,50.0,32.92,2023-07-07,32.92,168.92
20230710,000688,上证科创板50成份指数,科创50,SSE Science and Technology Innovation Board 50 Index,STAR 50,992.74,1001.03,990.25,993.73,1.88,0.19,275074599.0,155.59,50.0,33.12,2023-07-10,33.12,155.59
20230711,000688,上证科创板50成份指数,科创50,SSE Science and Technology Innovation Board 50 Index,STAR 50,996.56,1003.22,994.26,1001.41,7.68,0.77,297128031.0,194.75,50.0,33.37,2023-07-11,33.37,194.75
20230712,000688,上证科创板50成份指数,科创50,SSE Science and Technology Innovation Board 50 Index,STAR 50,999.24,1000.01,984.03,984.98,-16.43,-1.64,349246013.0,208.67,50.0,32.89,2023-07-12,32.89,208.67
20230713,000688,上证科创板50成份指数,科创50,SSE Science and Technology Innovation Board 50 Index,STAR 50,988.7,997.7,988.59,995.97,10.99,1.12,293353425.0,181.91,50.0,33.23,2023-07-13,33.23,181.91
20230714,000688,上证科创板50成份指数,科创50,SSE Science and Technology Innovation Board 50 Index,STAR 50,999.79,1002.82,990.62,991.56,-4.41,-0.44,320273114.0,193.27,50.0,33.04,2023-07-14,33.04,193.27
20230717,000688,上证科创板50成份指数,科创50,SSE Science and Technology Innovation Board 50 Index,STAR 50,988.88,988.88,982.05,984.82,-6.74,-0.68,274577057.0,149.53,50.0,32.79,2023-07-17,32.79,149.53
20230718,000688,上证科创板50成份指数,科创50,SSE Science and Technology Innovation Board 50 Index,STAR 50,985.24,987.71,980.02,980.02,-4.8,-0.49,259320015.0,145.83,50.0,32.64,2023-07-18,32.64,145.83
20230719,000688,上证科创板50成份指数,科创50,SSE Science and Technology Innovation Board 50 Index,STAR 50,987.0,988.55,973.34,975.11,-4.9,-0.5,222785443.0,148.09,50.0,32.48,2023-07-19,32.48,148.09
20230720,000688,上证科创板50成份指数,科创50,SSE Science and Technology Innovation Board 50 Index,STAR 50,978.38,978.63,960.29,961.13,-13.99,-1.43,222958921.0,132.71,50.0,31.82,2023-07-20,31.82,132.71
20230721,000688,上证科创板50成份指数,科创50,SSE Science and Technology Innovation Board 50 Index,STAR 50,958.89,963.97,953.93,955.55,-5.58,-0.58,231398993.0,130.65,50.0,31.51,2023-07-21,31.51,130.65
20230724,000688,上证科创板50成份指数,科创50,SSE Science and Technology Innovation Board 50 Index,STAR 50,953.96,961.4,949.64,950.55,-5.0,-0.52,194577555.0,121.95,50.0,31.36,2023-07-24,31.36,121.95
20230725,000688,上证科创板50成份指数,科创50,SSE Science and Technology Innovation Board 50 Index,STAR 50,961.52,965.69,956.37,964.4,13.84,1.46,236336450.0,135.97,50.0,31.8,2023-07-25,31.8,135.97
20230726,000688,上证科创板50成份指数,科创50,SSE Science and Technology Innovation Board 50 Index,STAR 50,963.55,967.67,959.32,961.6,-2.8,-0.29,211861421.0,126.93,50.0,31.66,2023-07-26,31.66,126.93
20230727,000688,上证科创板50成份指数,科创50,SSE Science and Technology Innovation Board 50 Index,STAR 50,962.61,964.62,950.81,952.3,-9.3,-0.97,236110818.0,124.29,50.0,31.38,2023-07-27,31.38,124.29
20230728,000688,上证科创板50成份指数,科创50,SSE Science and Technology Innovation Board 50 Index,STAR 50,950.51,963.01,948.2,962.64,10.35,1.09,259766765.0,142.82,50.0,31.68,2023-07-28,31.68,142.82
20230731,000688,上证科创板50成份指数,科创50,SSE Science and Technology Innovation Board 50 Index,STAR 50,961.69,973.9,961.69,968.99,6.35,0.66,321841846.0,171.33,50.0,31.8,2023-07-31,31.8,171.33
20230801,000688,上证科创板50成份指数,科创50,SSE Science and Technology Innovation Board 50 Index,STAR 50,969.41,971.52,966.13,969.68,0.69,0.07,286751520.0,152.85,50.0,31.81,2023-08-01,31.81,152.85
20230802,000688,上证科创板50成份指数,科创50,SSE Science and Technology Innovation Board 50 Index,STAR 50,967.69,973.39,965.99,968.44,-1.24,-0.13,260184767.0,148.14,50.0,31.77,2023-08-02,31.77,148.14
20230803,000688,上证科创板50成份指数,科创50,SSE Science and Technology Innovation Board 50 Index,STAR 50,962.55,972.16,962.05,970.37,1.93,0.2,274695190.0,138.34,50.0,31.93,2023-08-03,31.93,138.34
20230804,000688,上证科创板50成份指数,科创50,SSE Science and Technology Innovation Board 50 Index,STAR 50,972.48,976.98,968.82,975.78,5.4,0.56,285033218.0,152.8,50.0,32.07,2023-08-04,32.07,152.8
20230807,000688,上证科创板50成份指数,科创50,SSE Science and Technology Innovation Board 50 Index,STAR 50,973.29,977.41,967.16,968.9,-6.88,-0.71,238645530.0,131.0,50.0,31.95,2023-08-07,31.95,131.0
20230808,000688,上证科创板50成份指数,科创50,SSE Science and Technology Innovation Board 50 Index,STAR 50,967.43,971.72,965.04,965.53,-3.37,-0.35,211711915.0,123.82,50.0,31.85,2023-08-08,31.85,123.82
20230809,000688,上证科创板50成份指数,科创50,SSE Science and Technology Innovation Board 50 Index,STAR 50,961.5,966.7,956.4,957.37,-8.16,-0.85,187017109.0,110.71,50.0,31.58,2023-08-09,31.58,110.71
20230810,000688,上证科创板50成份指数,科创50,SSE Science and Technology Innovation Board 50 Index,STAR 50,957.22,961.86,954.42,959.17,1.8,0.19,187908388.0,118.18,50.0,31.59,2023-08-10,31.59,118.18
20230811,000688,上证科创板50成份指数,科创50,SSE Science and Technology Innovation Board 50 Index,STAR 50,960.1,960.65,938.77,938.77,-20.4,-2.13,246244524.0,118.72,50.0,30.94,2023-08-11,30.94,118.72
20230814,000688,上证科创板50成份指数,科创50,SSE Science and Technology Innovation Board 50 Index,STAR 50,932.09,934.25,919.94,930.5,-8.27,-0.88,271907642.0,125.94,50.0,30.63,2023-08-14,30.63,125.94
20230815,000688,上证科创板50成份指数,科创50,SSE Science and Technology Innovation Board 50 Index,STAR 50,933.06,935.01,911.59,917.45,-13.05,-1.4,352614753.0,131.11,50.0,30.17,2023-08-15,30.17,131.11
20230816,000688,上证科创板50成份指数,科创50,SSE Science and Technology Innovation Board 50 Index,STAR 50,916.59,920.35,901.68,901.79,-15.66,-1.71,269476847.0,137.74,50.0,29.67,2023-08-16,29.67,137.74
20230817,000688,上证科创板50成份指数,科创50,SSE Science and Technology Innovation Board 50 Index,STAR 50,899.8,913.85,896.44,910.38,8.59,0.95,265412742.0,134.28,50.0,29.92,2023-08-17,29.92,134.28
20230818,000688,上证科创板50成份指数,科创50,SSE Science and Technology Innovation Board 50 Index,STAR 50,924.3,924.3,904.25,904.25,-6.13,-0.67,261578108.0,127.51,50.0,29.73,2023-08-18,29.73,127.51
20230821,000688,上证科创板50成份指数,科创50,SSE Science and Technology Innovation Board 50 Index,STAR 50,900.22,907.6,891.74,892.09,-12.16,-1.34,246779469.0,111.55,50.0,29.32,2023-08-21,29.32,111.55
20230822,000688,上证科创板50成份指数,科创50,SSE Science and Technology Innovation Board 50 Index,STAR 50,896.74,903.78,877.62,901.13,9.04,1.01,319495889.0,159.93,50.0,29.37,2023-08-22,29.37,159.93
20230823,000688,上证科创板50成份指数,科创50,SSE Science and Technology Innovation Board 50 Index,STAR 50,899.96,899.96,879.46,879.46,-21.67,-2.4,235049677.0,118.57,50.0,28.67,2023-08-23,28.67,118.57
20230824,000688,上证科创板50成份指数,科创50,SSE Science and Technology Innovation Board 50 Index,STAR 50,883.8,895.91,880.03,885.48,6.02,0.68,313887101.0,138.92,50.0,28.81,2023-08-24,28.81,138.92
20230825,000688,上证科创板50成份指数,科创50,SSE Science and Technology Innovation Board 50 Index,STAR 50,880.17,882.44,865.09,870.4,-15.08,-1.7,282751949.0,127.98,50.0,28.4,2023-08-25,28.4,127.98
20230828,000688,上证科创板50成份指数,科创50,SSE Science and Technology Innovation Board 50 Index,STAR 50,926.0,927.63,878.26,880.19,9.79,1.13,424009670.0,185.28,50.0,28.75,2023-08-28,28.75,185.28
20230829,000688,上证科创板50成份指数,科创50,SSE Science and Technology Innovation Board 50 Index,STAR 50,878.78,920.54,878.78,916.46,36.26,4.12,470447222.0,199.36,50.0,29.93,2023-08-29,29.93,199.36
20230830,000688,上证科创板50成份指数,科创50,SSE Science and Technology Innovation Board 50 Index,STAR 50,935.82,950.7,928.42,939.65,23.19,2.53,551898343.0,239.2,50.0,30.6,2023-08-30,30.6,239.2
20230831,000688,上证科创板50成份指数,科创50,SSE Science and Technology Innovation Board 50 Index,STAR 50,936.19,949.46,932.34,942.61,2.96,0.32,491387592.0,221.99,50.0,30.67,2023-08-31,30.67,221.99
20230901,000688,上证科创板50成份指数,科创50,SSE Science and Technology Innovation Board 50 Index,STAR 50,944.25,945.72,927.21,934.79,-7.83,-0.83,313685975.0,152.79,50.0,30.51,2023-09-01,30.51,152.79
20230904,000688,上证科创板50成份指数,科创50,SSE Science and Technology Innovation Board 50 Index,STAR 50,935.82,942.45,927.58,942.43,7.64,0.82,374720849.0,179.13,50.0,30.74,2023-09-04,30.74,179.13
20230905,000688,上证科创板50成份指数,科创50,SSE Science and Technology Innovation Board 50 Index,STAR 50,942.56,947.95,929.25,930.63,-11.8,-1.25,379857636.0,198.3,50.0,30.37,2023-09-05,30.37,198.3
20230906,000688,上证科创板50成份指数,科创50,SSE Science and Technology Innovation Board 50 Index,STAR 50,926.25,936.88,920.25,934.6,3.98,0.43,366371587.0,194.65,50.0,30.34,2023-09-06,30.34,194.65
20230907,000688,上证科创板50成份指数,科创50,SSE Science and Technology Innovation Board 50 Index,STAR 50,929.36,929.36,899.3,899.83,-34.78,-3.72,422681592.0,202.17,50.0,29.45,2023-09-07,29.45,202.17
20230908,000688,上证科创板50成份指数,科创50,SSE Science and Technology Innovation Board 50 Index,STAR 50,895.5,906.34,894.4,901.51,1.68,0.19,284540618.0,139.66,50.0,29.41,2023-09-08,29.41,139.66
20230911,000688,上证科创板50成份指数,科创50,SSE Science and Technology Innovation Board 50 Index,STAR 50,901.54,915.99,895.62,907.51,6.0,0.67,330897115.0,163.92,50.0,30.06,2023-09-11,30.06,163.92
20230912,000688,上证科创板50成份指数,科创50,SSE Science and Technology Innovation Board 50 Index,STAR 50,905.92,909.84,901.38,901.62,-5.88,-0.65,227315937.0,116.17,50.0,29.84,2023-09-12,29.84,116.17
20230913,000688,上证科创板50成份指数,科创50,SSE Science and Technology Innovation Board 50 Index,STAR 50,900.0,902.52,882.91,889.13,-12.49,-1.39,243037852.0,116.72,50.0,29.46,2023-09-13,29.46,116.72
20230914,000688,上证科创板50成份指数,科创50,SSE Science and Technology Innovation Board 50 Index,STAR 50,888.26,892.79,877.82,880.8,-8.33,-0.94,220830000.0,105.76,50.0,29.17,2023-09-14,29.17,105.76
20230915,000688,上证科创板50成份指数,科创50,SSE Science and Technology Innovation Board 50 Index,STAR 50,883.07,893.91,876.62,887.01,6.21,0.71,326667826.0,149.65,50.0,29.3,2023-09-15,29.3,149.65
20230918,000688,上证科创板50成份指数,科创50,SSE Science and Technology Innovation Board 50 Index,STAR 50,881.38,888.68,876.91,879.53,-7.48,-0.84,278597650.0,134.48,50.0,29.17,2023-09-18,29.17,134.48
20230919,000688,上证科创板50成份指数,科创50,SSE Science and Technology Innovation Board 50 Index,STAR 50,879.35,880.26,870.66,873.62,-5.92,-0.67,200076405.0,103.2,50.0,28.96,2023-09-19,28.96,103.2
20230920,000688,上证科创板50成份指数,科创50,SSE Science and Technology Innovation Board 50 Index,STAR 50,870.03,876.9,865.79,866.02,-7.6,-0.87,173903668.0,87.33,50.0,28.72,2023-09-20,28.72,87.33
20230921,000688,上证科创板50成份指数,科创50,SSE Science and Technology Innovation Board 50 Index,STAR 50,862.64,869.86,860.31,860.39,-5.63,-0.65,180235972.0,89.64,50.0,28.55,2023-09-21,28.55,89.64
20230922,000688,上证科创板50成份指数,科创50,SSE Science and Technology Innovation Board 50 Index,STAR 50,860.73,883.26,859.09,882.88,22.48,2.61,282757395.0,150.41,50.0,29.3,2023-09-22,29.3,150.41
20230925,000688,上证科创板50成份指数,科创50,SSE Science and Technology Innovation Board 50 Index,STAR 50,880.32,881.7,874.21,874.55,-8.32,-0.94,234069741.0,114.63,50.0,29.01,2023-09-25,29.01,114.63
20230926,000688,上证科创板50成份指数,科创50,SSE Science and Technology Innovation Board 50 Index,STAR 50,876.26,884.02,873.98,876.05,1.5,0.17,223099059.0,130.16,50.0,29.08,2023-09-26,29.08,130.16
20230927,000688,上证科创板50成份指数,科创50,SSE Science and Technology Innovation Board 50 Index,STAR 50,875.43,886.67,875.43,880.17,4.12,0.47,275342610.0,132.79,50.0,29.32,2023-09-27,29.32,132.79
20230928,000688,上证科创板50成份指数,科创50,SSE Science and Technology Innovation Board 50 Index,STAR 50,880.39,890.07,878.59,887.8,7.63,0.87,243733479.0,134.45,50.0,29.47,2023-09-28,29.47,134.45
20231009,000688,上证科创板50成份指数,科创50,SSE Science and Technology Innovation Board 50 Index,STAR 50,884.2,890.95,880.34,887.21,-0.59,-0.07,247684226.0,120.2,50.0,29.4,2023-10-09,29.4,120.2
20231010,000688,上证科创板50成份指数,科创50,SSE Science and Technology Innovation Board 50 Index,STAR 50,888.15,892.48,881.84,882.04,-5.17,-0.58,305081127.0,131.03,50.0,29.23,2023-10-10,29.23,131.03
20231011,000688,上证科创板50成份指数,科创50,SSE Science and Technology Innovation Board 50 Index,STAR 50,885.63,895.16,883.66,893.45,11.4,1.29,347104613.0,162.71,50.0,29.53,2023-10-11,29.53,162.71
20231012,000688,上证科创板50成份指数,科创50,SSE Science and Technology Innovation Board 50 Index,STAR 50,896.0,901.47,891.17,899.98,6.54,0.73,322927936.0,164.43,50.0,29.81,2023-10-12,29.81,164.43
20231013,000688,上证科创板50成份指数,科创50,SSE Science and Technology Innovation Board 50 Index,STAR 50,895.47,897.15,888.54,891.72,-8.26,-0.92,272726514.0,139.95,50.0,29.42,2023-10-13,29.42,139.95
20231016,000688,上证科创板50成份指数,科创50,SSE Science and Technology Innovation Board 50 Index,STAR 50,890.48,890.94,870.61,874.03,-17.69,-1.98,272130272.0,136.07,50.0,28.85,2023-10-16,28.85,136.07
20231017,000688,上证科创板50成份指数,科创50,SSE Science and Technology Innovation Board 50 Index,STAR 50,874.28,884.91,871.79,882.19,8.17,0.93,239802135.0,120.14,50.0,29.1,2023-10-17,29.1,120.14
20231018,000688,上证科创板50成份指数,科创50,SSE Science and Technology Innovation Board 50 Index,STAR 50,884.71,884.93,869.45,869.76,-12.43,-1.41,291251270.0,169.92,50.0,28.73,2023-10-18,28.73,169.92
20231019,000688,上证科创板50成份指数,科创50,SSE Science and Technology Innovation Board 50 Index,STAR 50,864.46,879.55,864.06,870.1,0.34,0.04,413030014.0,221.38,50.0,28.6,2023-10-19,28.6,221.38
20231020,000688,上证科创板50成份指数,科创50,SSE Science and Technology Innovation Board 50 Index,STAR 50,865.78,872.8,861.08,861.81,-8.29,-0.95,392139160.0,214.89,50.0,28.46,2023-10-20,28.46,214.89
20231023,000688,上证科创板50成份指数,科创50,SSE Science and Technology Innovation Board 50 Index,STAR 50,857.48,859.99,836.64,840.14,-21.67,-2.51,335959329.0,175.23,50.0,28.01,2023-10-23,28.01,175.23
20231024,000688,上证科创板50成份指数,科创50,SSE Science and Technology Innovation Board 50 Index,STAR 50,844.09,858.29,839.08,850.61,10.47,1.25,334372630.0,176.01,50.0,28.38,2023-10-24,28.38,176.01
20231025,000688,上证科创板50成份指数,科创50,SSE Science and Technology Innovation Board 50 Index,STAR 50,859.77,862.2,848.65,848.65,-1.97,-0.23,293169809.0,162.37,50.0,28.36,2023-10-25,28.36,162.37
20231026,000688,上证科创板50成份指数,科创50,SSE Science and Technology Innovation Board 50 Index,STAR 50,841.99,850.99,837.47,849.31,0.66,0.08,282096329.0,147.7,50.0,28.43,2023-10-26,28.43,147.7
20231027,000688,上证科创板50成份指数,科创50,SSE Science and Technology Innovation Board 50 Index,STAR 50,843.88,866.54,842.6,861.85,12.54,1.48,362648605.0,189.06,50.0,28.68,2023-10-27,28.68,189.06
20231030,000688,上证科创板50成份指数,科创50,SSE Science and Technology Innovation Board 50 Index,STAR 50,862.12,881.88,860.4,878.13,16.28,1.89,493875051.0,250.89,50.0,29.15,2023-10-30,29.15,250.89
20231031,000688,上证科创板50成份指数,科创50,SSE Science and Technology Innovation Board 50 Index,STAR 50,882.43,882.56,869.02,874.41,-3.72,-0.42,378010833.0,174.0,50.0,29.05,2023-10-31,29.05,174.0
20231101,000688,上证科创板50成份指数,科创50,SSE Science and Technology Innovation Board 50 Index,STAR 50,874.04,878.33,868.45,869.92,-4.49,-0.51,355063435.0,169.99,50.0,28.9,2023-11-01,28.9,169.99
20231102,000688,上证科创板50成份指数,科创50,SSE Science and Technology Innovation Board 50 Index,STAR 50,871.55,875.26,859.89,859.93,-9.99,-1.15,307492343.0,144.84,50.0,28.6,2023-11-02,28.6,144.84
20231103,000688,上证科创板50成份指数,科创50,SSE Science and Technology Innovation Board 50 Index,STAR 50,861.54,877.09,861.54,875.37,15.44,1.8,362971628.0,174.71,50.0,29.1,2023-11-03,29.1,174.71
20231106,000688,上证科创板50成份指数,科创50,SSE Science and Technology Innovation Board 50 Index,STAR 50,880.6,891.56,880.6,890.21,14.83,1.69,502630438.0,230.75,50.0,29.61,2023-11-06,29.61,230.75
20231107,000688,上证科创板50成份指数,科创50,SSE Science and Technology Innovation Board 50 Index,STAR 50,887.2,892.99,883.75,891.46,1.25,0.14,410405904.0,198.11,50.0,29.62,2023-11-07,29.62,198.11
20231108,000688,上证科创板50成份指数,科创50,SSE Science and Technology Innovation Board 50 Index,STAR 50,890.87,905.94,889.89,899.63,8.17,0.92,546978324.0,252.22,50.0,29.8,2023-11-08,29.8,252.22
20231109,000688,上证科创板50成份指数,科创50,SSE Science and Technology Innovation Board 50 Index,STAR 50,897.93,904.59,891.49,893.8,-5.83,-0.65,522680978.0,198.95,50.0,29.61,2023-11-09,29.61,198.95
20231110,000688,上证科创板50成份指数,科创50,SSE Science and Technology Innovation Board 50 Index,STAR 50,888.99,894.63,885.3,889.75,-4.05,-0.45,360725944.0,173.28,50.0,29.49,2023-11-10,29.49,173.28
20231113,000688,上证科创板50成份指数,科创50,SSE Science and Technology Innovation Board 50 Index,STAR 50,893.5,897.11,888.55,896.55,6.8,0.76,323684982.0,151.47,50.0,29.72,2023-11-13,29.72,151.47
20231114,000688,上证科创板50成份指数,科创50,SSE Science and Technology Innovation Board 50 Index,STAR 50,895.81,904.71,893.28,904.34,7.79,0.87,411850032.0,186.74,50.0,29.95,2023-11-14,29.95,186.74
20231115,000688,上证科创板50成份指数,科创50,SSE Science and Technology Innovation Board 50 Index,STAR 50,912.63,913.2,900.62,902.18,-2.16,-0.24,404540539.0,198.33,50.0,29.86,2023-11-15,29.86,198.33
20231116,000688,上证科创板50成份指数,科创50,SSE Science and Technology Innovation Board 50 Index,STAR 50,898.74,900.15,886.77,887.11,-15.07,-1.67,310948267.0,142.38,50.0,29.36,2023-11-16,29.36,142.38
20231117,000688,上证科创板50成份指数,科创50,SSE Science and Technology Innovation Board 50 Index,STAR 50,886.67,891.95,884.51,891.38,4.27,0.48,241032768.0,120.96,50.0,29.5,2023-11-17,29.5,120.96
20231120,000688,上证科创板50成份指数,科创50,SSE Science and Technology Innovation Board 50 Index,STAR 50,890.9,896.07,883.03,892.63,1.25,0.14,339377606.0,173.99,50.0,29.55,2023-11-20,29.55,173.99
20231121,000688,上证科创板50成份指数,科创50,SSE Science and Technology Innovation Board 50 Index,STAR 50,892.92,896.96,884.6,884.89,-7.74,-0.87,305616940.0,148.71,50.0,29.38,2023-11-21,29.38,148.71
20231122,000688,上证科创板50成份指数,科创50,SSE Science and Technology Innovation Board 50 Index,STAR 50,881.96,884.71,870.76,870.76,-14.13,-1.6,266414351.0,128.92,50.0,28.97,2023-11-22,28.97,128.92
20231123,000688,上证科创板50成份指数,科创50,SSE Science and Technology Innovation Board 50 Index,STAR 50,869.85,878.45,866.63,877.77,7.01,0.81,270553977.0,118.35,50.0,29.2,2023-11-23,29.2,118.35
20231124,000688,上证科创板50成份指数,科创50,SSE Science and Technology Innovation Board 50 Index,STAR 50,875.58,876.26,863.85,864.77,-13.0,-1.48,254649325.0,132.9,50.0,28.74,2023-11-24,28.74,132.9
20231127,000688,上证科创板50成份指数,科创50,SSE Science and Technology Innovation Board 50 Index,STAR 50,864.27,869.87,861.38,868.03,3.26,0.38,384963673.0,179.82,50.0,28.9,2023-11-27,28.9,179.82
20231128,000688,上证科创板50成份指数,科创50,SSE Science and Technology Innovation Board 50 Index,STAR 50,868.81,873.66,863.81,871.91,3.88,0.45,361416131.0,169.62,50.0,29.12,2023-11-28,29.12,169.62
20231129,000688,上证科创板50成份指数,科创50,SSE Science and Technology Innovation Board 50 Index,STAR 50,870.4,872.9,862.04,862.04,-9.87,-1.13,364485254.0,180.52,50.0,28.85,2023-11-29,28.85,180.52
20231130,000688,上证科创板50成份指数,科创50,SSE Science and Technology Innovation Board 50 Index,STAR 50,861.51,865.68,857.63,865.68,3.65,0.42,446915632.0,190.59,50.0,28.93,2023-11-30,28.93,190.59
20231201,000688,上证科创板50成份指数,科创50,SSE Science and Technology Innovation Board 50 Index,STAR 50,863.33,869.82,856.44,867.54,1.85,0.21,364111615.0,176.47,50.0,28.96,2023-12-01,28.96,176.47
20231204,000688,上证科创板50成份指数,科创50,SSE Science and Technology Innovation Board 50 Index,STAR 50,867.83,873.51,861.92,861.92,-5.62,-0.65,332188482.0,185.94,50.0,28.85,2023-12-04,28.85,185.94
20231205,000688,上证科创板50成份指数,科创50,SSE Science and Technology Innovation Board 50 Index,STAR 50,859.49,859.49,845.6,845.8,-16.12,-1.87,335116371.0,173.12,50.0,28.37,2023-12-05,28.37,173.12
20231206,000688,上证科创板50成份指数,科创50,SSE Science and Technology Innovation Board 50 Index,STAR 50,843.82,852.31,842.59,848.79,2.99,0.35,392712097.0,195.67,50.0,28.6,2023-12-06,28.6,195.67
20231207,000688,上证科创板50成份指数,科创50,SSE Science and Technology Innovation Board 50 Index,STAR 50,847.1,850.08,839.03,847.48,-1.31,-0.15,457866952.0,245.72,50.0,28.48,2023-12-07,28.48,245.72
20231208,000688,上证科创板50成份指数,科创50,SSE Science and Technology Innovation Board 50 Index,STAR 50,849.16,868.23,847.93,868.23,20.76,2.45,765772528.0,416.72,50.0,29.23,2023-12-08,29.23,416.72
20231211,000688,上证科创板50成份指数,科创50,SSE Science and Technology Innovation Board 50 Index,STAR 50,859.97,880.03,854.81,878.52,10.28,1.18,473102803.0,243.05,50.0,29.38,2023-12-11,29.38,243.05
20231212,000688,上证科创板50成份指数,科创50,SSE Science and Technology Innovation Board 50 Index,STAR 50,876.69,877.83,866.84,869.97,-8.55,-0.97,334807187.0,187.49,50.0,29.12,2023-12-12,29.12,187.49
20231213,000688,上证科创板50成份指数,科创50,SSE Science and Technology Innovation Board 50 Index,STAR 50,868.87,875.19,861.03,861.25,-8.72,-1.0,328983164.0,177.81,50.0,28.78,2023-12-13,28.78,177.81
20231214,000688,上证科创板50成份指数,科创50,SSE Science and Technology Innovation Board 50 Index,STAR 50,865.09,869.29,855.43,855.9,-5.35,-0.62,263643073.0,148.86,50.0,28.58,2023-12-14,28.58,148.86
20231215,000688,上证科创板50成份指数,科创50,SSE Science and Technology Innovation Board 50 Index,STAR 50,857.01,859.25,846.82,847.51,-8.39,-0.98,275203635.0,139.19,50.0,28.35,2023-12-15,28.35,139.19
20231218,000688,上证科创板50成份指数,科创50,SSE Science and Technology Innovation Board 50 Index,STAR 50,845.54,847.59,838.32,840.68,-6.83,-0.81,257439894.0,125.05,50.0,28.1,2023-12-18,28.1,125.05
20231219,000688,上证科创板50成份指数,科创50,SSE Science and Technology Innovation Board 50 Index,STAR 50,839.64,850.41,838.21,845.86,5.18,0.62,249453026.0,123.2,50.0,28.23,2023-12-19,28.23,123.2
20231220,000688,上证科创板50成份指数,科创50,SSE Science and Technology Innovation Board 50 Index,STAR 50,847.27,847.59,835.31,835.71,-10.15,-1.2,230243719.0,111.04,50.0,27.93,2023-12-20,27.93,111.04
20231221,000688,上证科创板50成份指数,科创50,SSE Science and Technology Innovation Board 50 Index,STAR 50,832.37,850.99,831.93,847.82,12.1,1.45,316790510.0,149.75,50.0,28.38,2023-12-21,28.38,149.75
20231222,000688,上证科创板50成份指数,科创50,SSE Science and Technology Innovation Board 50 Index,STAR 50,846.67,851.48,839.79,843.32,-4.5,-0.53,329647859.0,155.49,50.0,28.26,2023-12-22,28.26,155.49
20231225,000688,上证科创板50成份指数,科创50,SSE Science and Technology Innovation Board 50 Index,STAR 50,840.38,845.56,834.43,837.22,-6.1,-0.72,275584635.0,145.11,50.0,28.18,2023-12-25,28.18,145.11
20231226,000688,上证科创板50成份指数,科创50,SSE Science and Technology Innovation Board 50 Index,STAR 50,836.53,836.66,822.44,825.26,-11.96,-1.43,230413104.0,124.56,50.0,27.79,2023-12-26,27.79,124.56
20231227,000688,上证科创板50成份指数,科创50,SSE Science and Technology Innovation Board 50 Index,STAR 50,826.83,833.81,826.17,830.06,4.8,0.58,265536951.0,132.54,50.0,27.92,2023-12-27,27.92,132.54
20231228,000688,上证科创板50成份指数,科创50,SSE Science and Technology Innovation Board 50 Index,STAR 50,828.4,853.49,828.34,850.39,20.33,2.45,455135170.0,193.13,50.0,28.67,2023-12-28,28.67,193.13
20231229,000688,上证科创板50成份指数,科创50,SSE Science and Technology Innovation Board 50 Index,STAR 50,849.61,854.88,848.33,852.0,1.62,0.19,336622123.0,169.61,50.0,28.7,2023-12-29,28.7,169.61
20240102,000688,上证科创板50成份指数,科创50,SSE Science and Technology Innovation Board 50 Index,STAR 50,850.97,850.97,839.8,839.8,-12.2,-1.43,275595747.0,145.71,50.0,28.33,2024-01-02,28.33,145.71
20240103,000688,上证科创板50成份指数,科创50,SSE Science and Technology Innovation Board 50 Index,STAR 50,838.3,842.2,827.18,829.77,-10.03,-1.19,257018226.0,146.9,50.0,28.05,2024-01-03,28.05,146.9
20240104,000688,上证科创板50成份指数,科创50,SSE Science and Technology Innovation Board 50 Index,STAR 50,831.23,831.55,817.75,823.85,-5.92,-0.71,262662520.0,139.01,50.0,27.89,2024-01-04,27.89,139.01
20240105,000688,上证科创板50成份指数,科创50,SSE Science and Technology Innovation Board 50 Index,STAR 50,820.4,825.94,803.4,807.73,-16.12,-1.96,276040375.0,138.08,50.0,27.36,2024-01-05,27.36,138.08
20240108,000688,上证科创板50成份指数,科创50,SSE Science and Technology Innovation Board 50 Index,STAR 50,802.9,804.6,783.74,784.43,-23.3,-2.88,295239608.0,138.5,50.0,26.6,2024-01-08,26.6,138.5
20240109,000688,上证科创板50成份指数,科创50,SSE Science and Technology Innovation Board 50 Index,STAR 50,786.48,793.6,777.56,782.93,-1.51,-0.19,297549041.0,144.18,50.0,26.59,2024-01-09,26.59,144.18
20240110,000688,上证科创板50成份指数,科创50,SSE Science and Technology Innovation Board 50 Index,STAR 50,779.08,790.36,771.58,777.15,-5.77,-0.74,281445810.0,131.45,50.0,26.43,2024-01-10,26.43,131.45
20240111,000688,上证科创板50成份指数,科创50,SSE Science and Technology Innovation Board 50 Index,STAR 50,775.37,793.14,775.18,789.86,12.71,1.64,283362427.0,140.46,50.0,26.88,2024-01-11,26.88,140.46
20240112,000688,上证科创板50成份指数,科创50,SSE Science and Technology Innovation Board 50 Index,STAR 50,788.03,790.38,778.11,778.36,-11.51,-1.46,299829400.0,131.9,50.0,26.59,2024-01-12,26.59,131.9
20240115,000688,上证科创板50成份指数,科创50,SSE Science and Technology Innovation Board 50 Index,STAR 50,774.96,784.19,770.98,773.41,-4.95,-0.64,260440086.0,139.19,50.0,26.39,2024-01-15,26.39,139.19
20240116,000688,上证科创板50成份指数,科创50,SSE Science and Technology Innovation Board 50 Index,STAR 50,771.84,777.53,765.43,777.4,4.0,0.52,306515034.0,136.11,50.0,26.57,2024-01-16,26.57,136.11
20240117,000688,上证科创板50成份指数,科创50,SSE Science and Technology Innovation Board 50 Index,STAR 50,775.86,776.23,757.04,757.04,-20.36,-2.62,249674807.0,119.11,50.0,25.89,2024-01-17,25.89,119.11
20240118,000688,上证科创板50成份指数,科创50,SSE Science and Technology Innovation Board 50 Index,STAR 50,752.29,769.12,741.34,768.28,11.24,1.48,410735921.0,171.67,50.0,26.27,2024-01-18,26.27,171.67
20240119,000688,上证科创板50成份指数,科创50,SSE Science and Technology Innovation Board 50 Index,STAR 50,767.24,773.15,762.26,765.47,-2.81,-0.37,316208954.0,139.75,50.0,26.16,2024-01-19,26.16,139.75
20240122,000688,上证科创板50成份指数,科创50,SSE Science and Technology Innovation Board 50 Index,STAR 50,763.6,764.62,735.41,742.23,-23.24,-3.04,358637823.0,158.07,50.0,25.38,2024-01-22,25.38,158.07
20240123,000688,上证科创板50成份指数,科创50,SSE Science and Technology Innovation Board 50 Index,STAR 50,738.38,754.65,733.48,749.74,7.52,1.01,359488249.0,155.26,50.0,25.68,2024-01-23,25.68,155.26
20240124,000688,上证科创板50成份指数,科创50,SSE Science and Technology Innovation Board 50 Index,STAR 50,753.01,754.22,728.37,750.27,0.53,0.07,359405675.0,155.92,50.0,25.74,2024-01-24,25.74,155.92
20240125,000688,上证科创板50成份指数,科创50,SSE Science and Technology Innovation Board 50 Index,STAR 50,749.13,768.02,742.93,765.79,15.52,2.07,450804912.0,163.74,50.0,26.29,2024-01-25,26.29,163.74
20240126,000688,上证科创板50成份指数,科创50,SSE Science and Technology Innovation Board 50 Index,STAR 50,759.94,762.18,742.93,746.1,-19.7,-2.57,347279173.0,141.02,50.0,25.68,2024-01-26,25.68,141.02
20240129,000688,上证科创板50成份指数,科创50,SSE Science and Technology Innovation Board 50 Index,STAR 50,748.26,754.59,725.31,725.31,-20.79,-2.79,450582709.0,157.74,50.0,24.91,2024-01-29,24.91,157.74
20240130,000688,上证科创板50成份指数,科创50,SSE Science and Technology Innovation Board 50 Index,STAR 50,720.19,722.63,696.56,697.85,-27.46,-3.79,343237741.0,135.92,50.0,24.06,2024-01-30,24.06,135.92
20240131,000688,上证科创板50成份指数,科创50,SSE Science and Technology Innovation Board 50 Index,STAR 50,693.85,699.67,681.38,684.85,-12.99,-1.86,401058280.0,146.82,50.0,23.71,2024-01-31,23.71,146.82
20240201,000688,上证科创板50成份指数,科创50,SSE Science and Technology Innovation Board 50 Index,STAR 50,680.72,704.66,678.97,690.01,5.15,0.75,353458757.0,146.64,50.0,23.84,2024-02-01,23.84,146.64
20240202,000688,上证科创板50成份指数,科创50,SSE Science and Technology Innovation Board 50 Index,STAR 50,693.02,694.75,653.62,673.41,-16.6,-2.41,421634629.0,158.75,50.0,23.38,2024-02-02,23.38,158.75
20240205,000688,上证科创板50成份指数,科创50,SSE Science and Technology Innovation Board 50 Index,STAR 50,675.4,687.62,635.74,676.79,3.39,0.5,545344075.0,189.62,50.0,23.55,2024-02-05,23.55,189.62
20240206,000688,上证科创板50成份指数,科创50,SSE Science and Technology Innovation Board 50 Index,STAR 50,675.45,721.38,665.63,720.8,44.01,6.5,519876110.0,199.51,50.0,25.08,2024-02-06,25.08,199.51
20240207,000688,上证科创板50成份指数,科创50,SSE Science and Technology Innovation Board 50 Index,STAR 50,723.31,744.34,717.7,743.42,22.62,3.14,616634535.0,237.22,50.0,25.9,2024-02-07,25.9,237.22
20240208,000688,上证科创板50成份指数,科创50,SSE Science and Technology Innovation Board 50 Index,STAR 50,749.64,767.86,745.24,751.5,8.08,1.09,554963682.0,221.23,50.0,26.08,2024-02-08,26.08,221.23
20240219,000688,上证科创板50成份指数,科创50,SSE Science and Technology Innovation Board 50 Index,STAR 50,762.64,763.36,748.29,763.32,11.81,1.57,492867690.0,212.97,50.0,26.39,2024-02-19,26.39,212.97
20240220,000688,上证科创板50成份指数,科创50,SSE Science and Technology Innovation Board 50 Index,STAR 50,756.08,758.06,748.6,754.7,-8.61,-1.13,334294127.0,146.37,50.0,26.1,2024-02-20,26.1,146.37
20240221,000688,上证科创板50成份指数,科创50,SSE Science and Technology Innovation Board 50 Index,STAR 50,747.25,769.15,744.26,755.16,0.45,0.06,404566780.0,164.4,50.0,26.13,2024-02-21,26.13,164.4
20240222,000688,上证科创板50成份指数,科创50,SSE Science and Technology Innovation Board 50 Index,STAR 50,757.26,768.66,755.9,762.38,7.23,0.96,356074332.0,154.88,50.0,26.32,2024-02-22,26.32,154.88
20240223,000688,上证科创板50成份指数,科创50,SSE Science and Technology Innovation Board 50 Index,STAR 50,768.51,769.81,754.35,764.48,2.1,0.28,370273008.0,162.36,50.0,26.38,2024-02-23,26.38,162.36
20240226,000688,上证科创板50成份指数,科创50,SSE Science and Technology Innovation Board 50 Index,STAR 50,764.03,776.98,761.22,768.49,4.01,0.52,459637345.0,179.7,50.0,26.49,2024-02-26,26.49,179.7
20240227,000688,上证科创板50成份指数,科创50,SSE Science and Technology Innovation Board 50 Index,STAR 50,763.66,797.15,761.26,796.91,28.42,3.7,480664264.0,233.73,50.0,27.29,2024-02-27,27.29,233.73
20240228,000688,上证科创板50成份指数,科创50,SSE Science and Technology Innovation Board 50 Index,STAR 50,797.83,811.65,771.59,771.59,-25.32,-3.18,602971687.0,269.76,50.0,26.52,2024-02-28,26.52,269.76
20240229,000688,上证科创板50成份指数,科创50,SSE Science and Technology Innovation Board 50 Index,STAR 50,769.56,807.71,769.56,807.71,36.11,4.68,592730507.0,274.92,50.0,27.7,2024-02-29,27.7,274.92
20240301,000688,上证科创板50成份指数,科创50,SSE Science and Technology Innovation Board 50 Index,STAR 50,809.4,818.11,803.53,815.49,7.78,0.96,525423115.0,246.66,50.0,28.01,2024-03-01,28.01,246.66
20240304,000688,上证科创板50成份指数,科创50,SSE Science and Technology Innovation Board 50 Index,STAR 50,819.96,822.65,807.39,818.51,3.03,0.37,476915423.0,223.79,50.0,28.07,2024-03-04,28.07,223.79
20240305,000688,上证科创板50成份指数,科创50,SSE Science and Technology Innovation Board 50 Index,STAR 50,812.62,824.12,810.32,817.77,-0.74,-0.09,471673908.0,242.6,50.0,28.07,2024-03-05,28.07,242.6
20240306,000688,上证科创板50成份指数,科创50,SSE Science and Technology Innovation Board 50 Index,STAR 50,816.14,822.79,803.99,811.9,-5.87,-0.72,444813163.0,200.24,50.0,27.96,2024-03-06,27.96,200.24
20240307,000688,上证科创板50成份指数,科创50,SSE Science and Technology Innovation Board 50 Index,STAR 50,814.17,817.78,793.59,794.24,-17.66,-2.18,500957504.0,204.73,50.0,27.39,2024-03-07,27.39,204.73
20240308,000688,上证科创板50成份指数,科创50,SSE Science and Technology Innovation Board 50 Index,STAR 50,795.32,805.57,791.73,803.2,8.96,1.13,481370502.0,193.48,50.0,27.66,2024-03-08,27.66,193.48
20240311,000688,上证科创板50成份指数,科创50,SSE Science and Technology Innovation Board 50 Index,STAR 50,800.9,818.71,797.26,818.44,15.24,1.9,507397588.0,219.61,50.0,28.44,2024-03-11,28.44,219.61
20240312,000688,上证科创板50成份指数,科创50,SSE Science and Technology Innovation Board 50 Index,STAR 50,818.52,827.63,813.05,817.75,-0.69,-0.08,478020550.0,215.02,50.0,28.4,2024-03-12,28.4,215.02
20240313,000688,上证科创板50成份指数,科创50,SSE Science and Technology Innovation Board 50 Index,STAR 50,821.32,824.81,813.09,814.93,-2.82,-0.34,404983911.0,181.78,50.0,28.27,2024-03-13,28.27,181.78
20240314,000688,上证科创板50成份指数,科创50,SSE Science and Technology Innovation Board 50 Index,STAR 50,811.51,815.55,797.78,804.86,-10.08,-1.24,373920910.0,168.58,50.0,27.95,2024-03-14,27.95,168.58
20240315,000688,上证科创板50成份指数,科创50,SSE Science and Technology Innovation Board 50 Index,STAR 50,802.91,809.4,794.75,808.67,3.82,0.47,367216774.0,160.73,50.0,28.13,2024-03-15,28.13,160.73
20240318,000688,上证科创板50成份指数,科创50,SSE Science and Technology Innovation Board 50 Index,STAR 50,810.39,825.9,809.83,825.4,16.73,2.07,427764869.0,217.62,50.0,28.56,2024-03-18,28.56,217.62
20240319,000688,上证科创板50成份指数,科创50,SSE Science and Technology Innovation Board 50 Index,STAR 50,822.18,823.9,811.77,811.77,-13.63,-1.65,373021611.0,187.95,50.0,28.16,2024-03-19,28.16,187.95
20240320,000688,上证科创板50成份指数,科创50,SSE Science and Technology Innovation Board 50 Index,STAR 50,810.69,815.73,806.58,814.03,2.25,0.28,317828599.0,160.87,50.0,28.25,2024-03-20,28.25,160.87
20240321,000688,上证科创板50成份指数,科创50,SSE Science and Technology Innovation Board 50 Index,STAR 50,820.14,824.18,805.55,806.14,-7.89,-0.97,378251587.0,204.37,50.0,27.97,2024-03-21,27.97,204.37
20240322,000688,上证科创板50成份指数,科创50,SSE Science and Technology Innovation Board 50 Index,STAR 50,804.02,808.71,793.1,794.2,-11.94,-1.48,393878064.0,191.71,50.0,27.6,2024-03-22,27.6,191.71
20240325,000688,上证科创板50成份指数,科创50,SSE Science and Technology Innovation Board 50 Index,STAR 50,792.85,797.66,781.62,781.65,-12.55,-1.58,350784710.0,179.96,50.0,27.2,2024-03-25,27.2,179.96
20240326,000688,上证科创板50成份指数,科创50,SSE Science and Technology Innovation Board 50 Index,STAR 50,781.73,787.6,768.68,772.09,-9.56,-1.22,332015981.0,162.81,50.0,26.95,2024-03-26,26.95,162.81
20240327,000688,上证科创板50成份指数,科创50,SSE Science and Technology Innovation Board 50 Index,STAR 50,771.54,772.47,752.72,752.82,-19.27,-2.5,338564839.0,138.57,50.0,26.34,2024-03-27,26.34,138.57
20240328,000688,上证科创板50成份指数,科创50,SSE Science and Technology Innovation Board 50 Index,STAR 50,753.9,771.48,753.23,763.27,10.45,1.39,334929522.0,157.38,50.0,26.71,2024-03-28,26.71,157.38
20240329,000688,上证科创板50成份指数,科创50,SSE Science and Technology Innovation Board 50 Index,STAR 50,761.65,763.56,751.24,762.74,-0.53,-0.07,277378701.0,123.61,50.0,26.78,2024-03-29,26.78,123.61
20240401,000688,上证科创板50成份指数,科创50,SSE Science and Technology Innovation Board 50 Index,STAR 50,765.63,776.74,765.63,775.53,12.78,1.68,336025180.0,156.5,50.0,27.24,2024-04-01,27.24,156.5
20240402,000688,上证科创板50成份指数,科创50,SSE Science and Technology Innovation Board 50 Index,STAR 50,774.73,774.73,764.32,768.79,-6.74,-0.87,294104333.0,135.12,50.0,27.03,2024-04-02,27.03,135.12
20240403,000688,上证科创板50成份指数,科创50,SSE Science and Technology Innovation Board 50 Index,STAR 50,768.21,769.23,755.21,756.76,-12.02,-1.56,325992467.0,156.06,50.0,26.52,2024-04-03,26.52,156.06
20240408,000688,上证科创板50成份指数,科创50,SSE Science and Technology Innovation Board 50 Index,STAR 50,753.83,757.13,740.67,740.67,-16.1,-2.13,338441180.0,131.33,50.0,25.99,2024-04-08,25.99,131.33
20240409,000688,上证科创板50成份指数,科创50,SSE Science and Technology Innovation Board 50 Index,STAR 50,739.39,749.86,736.89,749.63,8.96,1.21,284971886.0,115.38,50.0,26.34,2024-04-09,26.34,115.38
20240410,000688,上证科创板50成份指数,科创50,SSE Science and Technology Innovation Board 50 Index,STAR 50,749.22,749.58,732.47,735.73,-13.89,-1.85,271684842.0,117.01,50.0,25.9,2024-04-10,25.9,117.01
20240411,000688,上证科创板50成份指数,科创50,SSE Science and Technology Innovation Board 50 Index,STAR 50,735.67,746.91,735.67,738.67,2.94,0.4,348804118.0,154.03,50.0,26.01,2024-04-11,26.01,154.03
20240412,000688,上证科创板50成份指数,科创50,SSE Science and Technology Innovation Board 50 Index,STAR 50,742.93,747.5,738.33,738.43,-0.25,-0.03,377182435.0,153.92,50.0,25.98,2024-04-12,25.98,153.92
20240415,000688,上证科创板50成份指数,科创50,SSE Science and Technology Innovation Board 50 Index,STAR 50,739.2,755.18,738.54,750.9,12.47,1.69,412498049.0,167.02,50.0,26.51,2024-04-15,26.51,167.02
20240416,000688,上证科创板50成份指数,科创50,SSE Science and Technology Innovation Board 50 Index,STAR 50,746.88,749.12,732.89,733.15,-17.75,-2.36,343406335.0,144.57,50.0,25.94,2024-04-16,25.94,144.57
20240417,000688,上证科创板50成份指数,科创50,SSE Science and Technology Innovation Board 50 Index,STAR 50,737.66,751.2,735.21,750.89,17.74,2.42,363333117.0,158.29,50.0,26.55,2024-04-17,26.55,158.29
20240418,000688,上证科创板50成份指数,科创50,SSE Science and Technology Innovation Board 50 Index,STAR 50,747.13,757.75,741.2,745.69,-5.19,-0.69,338215519.0,147.84,50.0,26.4,2024-04-18,26.4,147.84
20240419,000688,上证科创板50成份指数,科创50,SSE Science and Technology Innovation Board 50 Index,STAR 50,741.29,741.92,729.57,730.56,-15.13,-2.03,338340711.0,139.94,50.0,25.93,2024-04-19,25.93,139.94
20240422,000688,上证科创板50成份指数,科创50,SSE Science and Technology Innovation Board 50 Index,STAR 50,723.41,735.97,719.12,731.81,1.25,0.17,316577882.0,128.39,50.0,25.96,2024-04-22,25.96,128.39
20240423,000688,上证科创板50成份指数,科创50,SSE Science and Technology Innovation Board 50 Index,STAR 50,732.87,736.36,724.9,727.85,-3.96,-0.54,281268745.0,111.08,50.0,25.75,2024-04-23,25.75,111.08
20240424,000688,上证科创板50成份指数,科创50,SSE Science and Technology Innovation Board 50 Index,STAR 50,731.71,739.01,728.38,738.63,10.78,1.48,305997194.0,137.0,50.0,26.05,2024-04-24,26.05,137.0
20240425,000688,上证科创板50成份指数,科创50,SSE Science and Technology Innovation Board 50 Index,STAR 50,735.56,740.47,730.61,733.34,-5.29,-0.72,293131054.0,127.65,50.0,25.81,2024-04-25,25.81,127.65
20240426,000688,上证科创板50成份指数,科创50,SSE Science and Technology Innovation Board 50 Index,STAR 50,733.02,753.15,733.02,752.25,18.91,2.58,473126801.0,199.37,50.0,26.39,2024-04-26,26.39,199.37
20240429,000688,上证科创板50成份指数,科创50,SSE Science and Technology Innovation Board 50 Index,STAR 50,752.92,780.2,752.62,776.15,23.9,3.18,615028995.0,246.56,50.0,27.01,2024-04-29,27.01,246.56
20240430,000688,上证科创板50成份指数,科创50,SSE Science and Technology Innovation Board 50 Index,STAR 50,773.84,775.92,765.6,767.46,-8.69,-1.12,439612911.0,174.91,50.0,26.66,2024-04-30,26.66,174.91
20240506,000688,上证科创板50成份指数,科创50,SSE Science and Technology Innovation Board 50 Index,STAR 50,778.99,785.07,774.04,777.66,10.2,1.33,448559684.0,192.08,50.0,32.93,2024-05-06,32.93,192.08
20240507,000688,上证科创板50成份指数,科创50,SSE Science and Technology Innovation Board 50 Index,STAR 50,776.82,779.59,768.4,769.79,-7.87,-1.01,356765880.0,164.44,50.0,32.62,2024-05-07,32.62,164.44
20240508,000688,上证科创板50成份指数,科创50,SSE Science and Technology Innovation Board 50 Index,STAR 50,769.69,769.7,760.57,761.66,-8.13,-1.06,310783341.0,138.39,50.0,32.31,2024-05-08,32.31,138.39
20240509,000688,上证科创板50成份指数,科创50,SSE Science and Technology Innovation Board 50 Index,STAR 50,762.4,779.48,762.4,778.87,17.21,2.26,473420000.0,199.38,50.0,32.91,2024-05-09,32.91,199.38
20240510,000688,上证科创板50成份指数,科创50,SSE Science and Technology Innovation Board 50 Index,STAR 50,778.15,778.56,764.44,767.17,-11.7,-1.5,363484971.0,164.7,50.0,32.54,2024-05-10,32.54,164.7
20240513,000688,上证科创板50成份指数,科创50,SSE Science and Technology Innovation Board 50 Index,STAR 50,760.1,769.21,757.96,763.69,-3.48,-0.45,350313005.0,156.64,50.0,32.42,2024-05-13,32.42,156.64
20240514,000688,上证科创板50成份指数,科创50,SSE Science and Technology Innovation Board 50 Index,STAR 50,766.65,769.42,759.43,760.3,-3.39,-0.44,265576651.0,135.24,50.0,32.21,2024-05-14,32.21,135.24
20240515,000688,上证科创板50成份指数,科创50,SSE Science and Technology Innovation Board 50 Index,STAR 50,758.8,760.08,749.22,749.47,-10.83,-1.42,263428038.0,117.81,50.0,31.79,2024-05-15,31.79,117.81
20240516,000688,上证科创板50成份指数,科创50,SSE Science and Technology Innovation Board 50 Index,STAR 50,753.45,755.17,745.02,746.47,-3.0,-0.4,288570133.0,142.18,50.0,31.56,2024-05-16,31.56,142.18
20240517,000688,上证科创板50成份指数,科创50,SSE Science and Technology Innovation Board 50 Index,STAR 50,743.79,754.56,741.86,754.42,7.95,1.06,368112976.0,138.33,50.0,31.62,2024-05-17,31.62,138.33
20240520,000688,上证科创板50成份指数,科创50,SSE Science and Technology Innovation Board 50 Index,STAR 50,752.2,761.17,749.81,753.54,-0.88,-0.12,399579788.0,178.09,50.0,31.46,2024-05-20,31.46,178.09
20240521,000688,上证科创板50成份指数,科创50,SSE Science and Technology Innovation Board 50 Index,STAR 50,752.29,755.46,747.31,748.24,-5.31,-0.7,266632843.0,131.64,50.0,31.29,2024-05-21,31.29,131.64
20240522,000688,上证科创板50成份指数,科创50,SSE Science and Technology Innovation Board 50 Index,STAR 50,749.91,756.7,743.68,754.97,6.74,0.9,529042026.0,155.25,50.0,31.65,2024-05-22,31.65,155.25
20240523,000688,上证科创板50成份指数,科创50,SSE Science and Technology Innovation Board 50 Index,STAR 50,754.4,755.4,741.41,742.4,-12.58,-1.67,385086687.0,138.74,50.0,31.15,2024-05-23,31.15,138.74
20240524,000688,上证科创板50成份指数,科创50,SSE Science and Technology Innovation Board 50 Index,STAR 50,741.68,746.4,726.87,727.21,-15.19,-2.05,382592764.0,141.85,50.0,30.57,2024-05-24,30.57,141.85
20240527,000688,上证科创板50成份指数,科创50,SSE Science and Technology Innovation Board 50 Index,STAR 50,726.37,739.45,719.54,738.65,11.45,1.57,406238273.0,185.14,50.0,30.85,2024-05-27,30.85,185.14
20240528,000688,上证科创板50成份指数,科创50,SSE Science and Technology Innovation Board 50 Index,STAR 50,736.7,746.3,734.58,734.85,-3.8,-0.52,360148314.0,152.68,50.0,30.66,2024-05-28,30.66,152.68
20240529,000688,上证科创板50成份指数,科创50,SSE Science and Technology Innovation Board 50 Index,STAR 50,734.29,741.34,731.53,734.33,-0.52,-0.07,415551455.0,134.97,50.0,30.66,2024-05-29,30.66,134.97
20240530,000688,上证科创板50成份指数,科创50,SSE Science and Technology Innovation Board 50 Index,STAR 50,733.55,746.26,730.34,742.7,8.37,1.14,410331189.0,153.68,50.0,30.92,2024-05-30,30.92,153.68
20240531,000688,上证科创板50成份指数,科创50,SSE Science and Technology Innovation Board 50 Index,STAR 50,743.18,751.4,741.35,743.23,0.52,0.07,397393872.0,148.07,50.0,31.04,2024-05-31,31.04,148.07
20240603,000688,上证科创板50成份指数,科创50,SSE Science and Technology Innovation Board 50 Index,STAR 50,743.61,754.65,742.2,750.43,7.2,0.97,625587297.0,203.09,50.0,31.23,2024-06-03,31.23,203.09
20240604,000688,上证科创板50成份指数,科创50,SSE Science and Technology Innovation Board 50 Index,STAR 50,748.3,755.25,746.53,753.64,3.21,0.43,415315093.0,142.63,50.0,31.47,2024-06-04,31.47,142.63
20240605,000688,上证科创板50成份指数,科创50,SSE Science and Technology Innovation Board 50 Index,STAR 50,752.05,762.26,751.35,752.04,-1.59,-0.21,400623451.0,154.6,50.0,31.41,2024-06-05,31.41,154.6
20240606,000688,上证科创板50成份指数,科创50,SSE Science and Technology Innovation Board 50 Index,STAR 50,756.79,759.24,741.68,743.23,-8.82,-1.17,476992033.0,175.09,50.0,31.02,2024-06-06,31.02,175.09
20240607,000688,上证科创板50成份指数,科创50,SSE Science and Technology Innovation Board 50 Index,STAR 50,744.39,749.42,731.52,737.93,-5.3,-0.71,389314242.0,153.29,50.0,29.43,2024-06-07,29.43,153.29
20240611,000688,上证科创板50成份指数,科创50,SSE Science and Technology Innovation Board 50 Index,STAR 50,735.84,756.53,734.76,755.83,17.91,2.43,512807489.0,204.29,50.0,29.75,2024-06-11,29.75,204.29
20240612,000688,上证科创板50成份指数,科创50,SSE Science and Technology Innovation Board 50 Index,STAR 50,758.38,761.6,753.61,754.93,-0.9,-0.12,482919539.0,185.01,50.0,29.62,2024-06-12,29.62,185.01
20240613,000688,上证科创板50成份指数,科创50,SSE Science and Technology Innovation Board 50 Index,STAR 50,758.61,765.95,755.61,758.98,4.05,0.54,571928362.0,208.2,50.0,29.84,2024-06-13,29.84,208.2
20240614,000688,上证科创板50成份指数,科创50,SSE Science and Technology Innovation Board 50 Index,STAR 50,756.41,756.53,750.49,754.26,-4.72,-0.62,917422537.0,284.31,50.0,29.57,2024-06-14,29.57,284.31
20240617,000688,上证科创板50成份指数,科创50,SSE Science and Technology Innovation Board 50 Index,STAR 50,749.94,759.93,748.7,757.11,2.85,0.38,643134846.0,219.14,50.0,29.33,2024-06-17,29.33,219.14
20240618,000688,上证科创板50成份指数,科创50,SSE Science and Technology Innovation Board 50 Index,STAR 50,757.85,763.82,753.55,756.9,-0.2,-0.03,499578285.0,179.8,50.0,29.29,2024-06-18,29.29,179.8
20240619,000688,上证科创板50成份指数,科创50,SSE Science and Technology Innovation Board 50 Index,STAR 50,758.41,759.14,747.74,751.69,-5.22,-0.69,488736063.0,196.65,50.0,28.95,2024-06-19,28.95,196.65
20240620,000688,上证科创板50成份指数,科创50,SSE Science and Technology Innovation Board 50 Index,STAR 50,752.15,766.12,749.82,755.15,3.46,0.46,613119884.0,219.86,50.0,29.01,2024-06-20,29.01,219.86
20240621,000688,上证科创板50成份指数,科创50,SSE Science and Technology Innovation Board 50 Index,STAR 50,749.73,758.67,744.5,758.37,3.22,0.43,448496740.0,165.74,50.0,29.11,2024-06-21,29.11,165.74
20240624,000688,上证科创板50成份指数,科创50,SSE Science and Technology Innovation Board 50 Index,STAR 50,754.41,762.15,738.21,739.14,-19.23,-2.54,603254344.0,196.63,50.0,28.35,2024-06-24,28.35,196.63
20240625,000688,上证科创板50成份指数,科创50,SSE Science and Technology Innovation Board 50 Index,STAR 50,738.32,738.8,713.42,717.75,-21.39,-2.89,539176136.0,185.48,50.0,27.64,2024-06-25,27.64,185.48
20240626,000688,上证科创板50成份指数,科创50,SSE Science and Technology Innovation Board 50 Index,STAR 50,719.84,732.13,713.0,729.64,11.89,1.66,474964559.0,154.27,50.0,28.03,2024-06-26,28.03,154.27
20240627,000688,上证科创板50成份指数,科创50,SSE Science and Technology Innovation Board 50 Index,STAR 50,725.52,727.39,715.17,715.36,-14.29,-1.96,360983011.0,123.85,50.0,27.47,2024-06-27,27.47,123.85
20240628,000688,上证科创板50成份指数,科创50,SSE Science and Technology Innovation Board 50 Index,STAR 50,713.36,724.9,710.54,712.08,-3.28,-0.46,436386570.0,158.39,50.0,27.36,2024-06-28,27.36,158.39
20240701,000688,上证科创板50成份指数,科创50,SSE Science and Technology Innovation Board 50 Index,STAR 50,711.65,714.13,699.42,709.6,-2.47,-0.35,361606095.0,144.32,50.0,27.25,2024-07-01,27.25,144.32
20240702,000688,上证科创板50成份指数,科创50,SSE Science and Technology Innovation Board 50 Index,STAR 50,709.15,709.17,697.54,699.12,-10.48,-1.48,333730508.0,134.27,50.0,26.61,2024-07-02,26.61,134.27
20240703,000688,上证科创板50成份指数,科创50,SSE Science and Technology Innovation Board 50 Index,STAR 50,698.96,707.36,692.81,701.78,2.66,0.38,365157494.0,138.16,50.0,26.6,2024-07-03,26.6,138.16
20240704,000688,上证科创板50成份指数,科创50,SSE Science and Technology Innovation Board 50 Index,STAR 50,702.09,704.78,689.92,690.38,-11.41,-1.63,321460085.0,112.87,50.0,26.17,2024-07-04,26.17,112.87
20240705,000688,上证科创板50成份指数,科创50,SSE Science and Technology Innovation Board 50 Index,STAR 50,688.53,699.97,683.4,698.85,8.47,1.23,330948143.0,129.9,50.0,26.5,2024-07-05,26.5,129.9
20240708,000688,上证科创板50成份指数,科创50,SSE Science and Technology Innovation Board 50 Index,STAR 50,700.02,703.63,689.85,692.49,-6.36,-0.91,406966969.0,146.16,50.0,26.09,2024-07-08,26.09,146.16
20240709,000688,上证科创板50成份指数,科创50,SSE Science and Technology Innovation Board 50 Index,STAR 50,689.79,712.19,689.42,709.89,17.4,2.51,516251730.0,184.57,50.0,26.61,2024-07-09,26.61,184.57
20240710,000688,上证科创板50成份指数,科创50,SSE Science and Technology Innovation Board 50 Index,STAR 50,707.19,715.71,706.79,710.37,0.48,0.07,381961272.0,148.05,50.0,26.59,2024-07-10,26.59,148.05
20240711,000688,上证科创板50成份指数,科创50,SSE Science and Technology Innovation Board 50 Index,STAR 50,722.04,725.02,712.0,718.04,7.67,1.08,462914072.0,185.98,50.0,26.93,2024-07-11,26.93,185.98
20240712,000688,上证科创板50成份指数,科创50,SSE Science and Technology Innovation Board 50 Index,STAR 50,713.31,721.46,711.16,718.37,0.33,0.05,376064941.0,144.66,50.0,26.89,2024-07-12,26.89,144.66
20240715,000688,上证科创板50成份指数,科创50,SSE Science and Technology Innovation Board 50 Index,STAR 50,716.48,720.42,712.79,715.86,-2.51,-0.35,355811573.0,156.37,50.0,26.67,2024-07-15,26.67,156.37
20240716,000688,上证科创板50成份指数,科创50,SSE Science and Technology Innovation Board 50 Index,STAR 50,712.76,732.69,711.71,732.06,16.2,2.26,450173820.0,223.89,50.0,27.03,2024-07-16,27.03,223.89
20240717,000688,上证科创板50成份指数,科创50,SSE Science and Technology Innovation Board 50 Index,STAR 50,733.07,735.71,729.0,729.0,-3.06,-0.42,448698856.0,198.71,50.0,26.94,2024-07-17,26.94,198.71
20240718,000688,上证科创板50成份指数,科创50,SSE Science and Technology Innovation Board 50 Index,STAR 50,721.76,738.73,718.52,735.41,6.41,0.88,524333046.0,217.03,50.0,27.23,2024-07-18,27.23,217.03
20240719,000688,上证科创板50成份指数,科创50,SSE Science and Technology Innovation Board 50 Index,STAR 50,731.41,751.2,731.4,749.47,14.06,1.91,579844364.0,249.48,50.0,27.66,2024-07-19,27.66,249.48
20240722,000688,上证科创板50成份指数,科创50,SSE Science and Technology Innovation Board 50 Index,STAR 50,749.32,756.68,747.38,752.0,2.53,0.34,480597561.0,209.25,50.0,27.81,2024-07-22,27.81,209.25
20240723,000688,上证科创板50成份指数,科创50,SSE Science and Technology Innovation Board 50 Index,STAR 50,750.13,750.13,720.88,721.11,-30.89,-4.11,428081633.0,192.61,50.0,26.77,2024-07-23,26.77,192.61
20240724,000688,上证科创板50成份指数,科创50,SSE Science and Technology Innovation Board 50 Index,STAR 50,720.47,726.31,712.33,713.32,-7.79,-1.08,373510287.0,162.07,50.0,26.41,2024-07-24,26.41,162.07
20240725,000688,上证科创板50成份指数,科创50,SSE Science and Technology Innovation Board 50 Index,STAR 50,708.94,722.6,708.94,713.88,0.56,0.08,382218573.0,139.51,50.0,26.53,2024-07-25,26.53,139.51
20240726,000688,上证科创板50成份指数,科创50,SSE Science and Technology Innovation Board 50 Index,STAR 50,713.89,723.49,710.33,719.87,5.99,0.84,323530900.0,130.61,50.0,26.8,2024-07-26,26.8,130.61
20240729,000688,上证科创板50成份指数,科创50,SSE Science and Technology Innovation Board 50 Index,STAR 50,719.55,721.22,707.6,707.6,-12.27,-1.7,342202855.0,130.72,50.0,26.45,2024-07-29,26.45,130.72
20240730,000688,上证科创板50成份指数,科创50,SSE Science and Technology Innovation Board 50 Index,STAR 50,706.86,712.15,699.9,710.01,2.42,0.34,324773241.0,123.48,50.0,26.41,2024-07-30,26.41,123.48
20240731,000688,上证科创板50成份指数,科创50,SSE Science and Technology Innovation Board 50 Index,STAR 50,707.66,744.0,707.2,743.37,33.36,4.7,498492235.0,201.3,50.0,27.62,2024-07-31,27.62,201.3
20240801,000688,上证科创板50成份指数,科创50,SSE Science and Technology Innovation Board 50 Index,STAR 50,745.96,748.77,735.58,738.87,-4.5,-0.61,427619129.0,176.78,50.0,27.42,2024-08-01,27.42,176.78
20240802,000688,上证科创板50成份指数,科创50,SSE Science and Technology Innovation Board 50 Index,STAR 50,730.65,742.23,723.56,725.66,-13.21,-1.79,368161876.0,159.54,50.0,27.05,2024-08-02,27.05,159.54
20240805,000688,上证科创板50成份指数,科创50,SSE Science and Technology Innovation Board 50 Index,STAR 50,719.16,730.29,704.26,704.3,-21.36,-2.94,455944896.0,183.03,50.0,26.45,2024-08-05,26.45,183.03
20240806,000688,上证科创板50成份指数,科创50,SSE Science and Technology Innovation Board 50 Index,STAR 50,714.49,717.19,705.02,713.86,9.57,1.36,380670597.0,136.86,50.0,26.83,2024-08-06,26.83,136.86
20240807,000688,上证科创板50成份指数,科创50,SSE Science and Technology Innovation Board 50 Index,STAR 50,712.74,716.26,706.83,707.59,-6.28,-0.88,272349975.0,109.94,50.0,26.65,2024-08-07,26.65,109.94
20240808,000688,上证科创板50成份指数,科创50,SSE Science and Technology Innovation Board 50 Index,STAR 50,703.06,716.6,699.7,708.92,1.34,0.19,315469287.0,118.46,50.0,26.33,2024-08-08,26.33,118.46
20240809,000688,上证科创板50成份指数,科创50,SSE Science and Technology Innovation Board 50 Index,STAR 50,717.14,719.43,705.55,705.55,-3.38,-0.48,292571529.0,126.86,50.0,26.08,2024-08-09,26.08,126.86
20240812,000688,上证科创板50成份指数,科创50,SSE Science and Technology Innovation Board 50 Index,STAR 50,704.37,709.21,702.95,707.33,1.79,0.25,268666617.0,100.72,50.0,26.2,2024-08-12,26.2,100.72
20240813,000688,上证科创板50成份指数,科创50,SSE Science and Technology Innovation Board 50 Index,STAR 50,707.7,710.89,702.91,710.75,3.42,0.48,262761072.0,94.43,50.0,26.27,2024-08-13,26.27,94.43
20240814,000688,上证科创板50成份指数,科创50,SSE Science and Technology Innovation Board 50 Index,STAR 50,711.66,711.94,700.85,700.93,-9.82,-1.38,244018595.0,100.16,50.0,25.89,2024-08-14,25.89,100.16
20240815,000688,上证科创板50成份指数,科创50,SSE Science and Technology Innovation Board 50 Index,STAR 50,699.09,714.46,697.86,707.55,6.62,0.94,343648840.0,122.03,50.0,26.15,2024-08-15,26.15,122.03
20240816,000688,上证科创板50成份指数,科创50,SSE Science and Technology Innovation Board 50 Index,STAR 50,707.39,710.99,703.58,705.22,-2.33,-0.33,270107800.0,104.05,50.0,26.06,2024-08-16,26.06,104.05
20240819,000688,上证科创板50成份指数,科创50,SSE Science and Technology Innovation Board 50 Index,STAR 50,705.04,712.01,703.0,703.32,-1.9,-0.27,273288747.0,114.21,50.0,25.95,2024-08-19,25.95,114.21
20240820,000688,上证科创板50成份指数,科创50,SSE Science and Technology Innovation Board 50 Index,STAR 50,704.12,705.01,691.65,693.52,-9.8,-1.39,251764630.0,100.89,50.0,25.65,2024-08-20,25.65,100.89
20240821,000688,上证科创板50成份指数,科创50,SSE Science and Technology Innovation Board 50 Index,STAR 50,691.13,698.52,689.38,691.64,-1.89,-0.27,227915781.0,106.96,50.0,25.53,2024-08-21,25.53,106.96
20240822,000688,上证科创板50成份指数,科创50,SSE Science and Technology Innovation Board 50 Index,STAR 50,692.19,695.48,683.88,685.53,-6.11,-0.88,281461016.0,107.55,50.0,25.39,2024-08-22,25.39,107.55
20240823,000688,上证科创板50成份指数,科创50,SSE Science and Technology Innovation Board 50 Index,STAR 50,683.59,688.33,676.23,685.76,0.23,0.03,250224373.0,116.95,50.0,25.41,2024-08-23,25.41,116.95
20240826,000688,上证科创板50成份指数,科创50,SSE Science and Technology Innovation Board 50 Index,STAR 50,684.77,688.92,679.61,682.5,-3.26,-0.48,264956970.0,102.24,50.0,25.26,2024-08-26,25.26,102.24
20240827,000688,上证科创板50成份指数,科创50,SSE Science and Technology Innovation Board 50 Index,STAR 50,679.75,679.75,672.46,674.35,-8.15,-1.19,274112198.0,92.71,50.0,24.95,2024-08-27,24.95,92.71
20240828,000688,上证科创板50成份指数,科创50,SSE Science and Technology Innovation Board 50 Index,STAR 50,672.97,675.11,669.13,671.22,-3.13,-0.46,242983203.0,88.45,50.0,24.86,2024-08-28,24.86,88.45
20240829,000688,上证科创板50成份指数,科创50,SSE Science and Technology Innovation Board 50 Index,STAR 50,667.88,683.33,666.41,679.59,8.38,1.25,296257423.0,100.95,50.0,25.2,2024-08-29,25.2,100.95
20240830,000688,上证科创板50成份指数,科创50,SSE Science and Technology Innovation Board 50 Index,STAR 50,678.61,700.03,677.54,694.16,14.57,2.14,466204547.0,172.84,50.0,25.64,2024-08-30,25.64,172.84
20240902,000688,上证科创板50成份指数,科创50,SSE Science and Technology Innovation Board 50 Index,STAR 50,693.67,694.42,670.01,670.01,-24.15,-3.48,408179847.0,142.0,50.0,31.41,2024-09-02,31.41,142.0
20240903,000688,上证科创板50成份指数,科创50,SSE Science and Technology Innovation Board 50 Index,STAR 50,670.06,681.48,670.06,674.96,4.94,0.74,306555868.0,115.17,50.0,31.69,2024-09-03,31.69,115.17
20240904,000688,上证科创板50成份指数,科创50,SSE Science and Technology Innovation Board 50 Index,STAR 50,668.93,679.17,666.9,672.28,-2.67,-0.4,241035793.0,90.81,50.0,31.6,2024-09-04,31.6,90.81
20240905,000688,上证科创板50成份指数,科创50,SSE Science and Technology Innovation Board 50 Index,STAR 50,673.0,680.79,668.46,671.26,-1.02,-0.15,242829293.0,111.49,50.0,31.77,2024-09-05,31.77,111.49
20240906,000688,上证科创板50成份指数,科创50,SSE Science and Technology Innovation Board 50 Index,STAR 50,672.62,673.97,662.34,662.34,-8.93,-1.33,246938906.0,96.05,50.0,31.3,2024-09-06,31.3,96.05
20240909,000688,上证科创板50成份指数,科创50,SSE Science and Technology Innovation Board 50 Index,STAR 50,659.5,665.67,652.93,654.94,-7.4,-1.12,249732704.0,95.61,50.0,30.94,2024-09-09,30.94,95.61
20240910,000688,上证科创板50成份指数,科创50,SSE Science and Technology Innovation Board 50 Index,STAR 50,656.04,663.83,648.62,660.01,5.08,0.77,249426507.0,93.91,50.0,31.14,2024-09-10,31.14,93.91
20240911,000688,上证科创板50成份指数,科创50,SSE Science and Technology Innovation Board 50 Index,STAR 50,657.39,665.77,656.82,664.33,4.32,0.65,292335092.0,104.75,50.0,31.46,2024-09-11,31.46,104.75
20240912,000688,上证科创板50成份指数,科创50,SSE Science and Technology Innovation Board 50 Index,STAR 50,666.22,671.87,658.67,658.85,-5.48,-0.82,300827653.0,96.91,50.0,31.21,2024-09-12,31.21,96.91
20240913,000688,上证科创板50成份指数,科创50,SSE Science and Technology Innovation Board 50 Index,STAR 50,658.98,662.89,650.7,655.05,-3.81,-0.58,346360491.0,117.87,50.0,31.08,2024-09-13,31.08,117.87
20240918,000688,上证科创板50成份指数,科创50,SSE Science and Technology Innovation Board 50 Index,STAR 50,654.51,654.51,641.91,647.41,-7.64,-1.17,299156433.0,105.72,50.0,30.84,2024-09-18,30.84,105.72
20240919,000688,上证科创板50成份指数,科创50,SSE Science and Technology Innovation Board 50 Index,STAR 50,649.73,658.36,642.79,651.47,4.06,0.63,347059592.0,111.48,50.0,31.05,2024-09-19,31.05,111.48
20240920,000688,上证科创板50成份指数,科创50,SSE Science and Technology Innovation Board 50 Index,STAR 50,651.82,654.16,642.6,648.36,-3.11,-0.48,286888778.0,98.34,50.0,30.94,2024-09-20,30.94,98.34
20240923,000688,上证科创板50成份指数,科创50,SSE Science and Technology Innovation Board 50 Index,STAR 50,649.0,654.24,643.04,643.04,-5.32,-0.82,275770620.0,102.99,50.0,30.64,2024-09-23,30.64,102.99
20240924,000688,上证科创板50成份指数,科创50,SSE Science and Technology Innovation Board 50 Index,STAR 50,648.13,667.27,640.35,667.05,24.01,3.73,511201020.0,174.92,50.0,31.71,2024-09-24,31.71,174.92
20240925,000688,上证科创板50成份指数,科创50,SSE Science and Technology Innovation Board 50 Index,STAR 50,673.18,684.43,667.07,667.34,0.29,0.04,522622288.0,190.37,50.0,31.76,2024-09-25,31.76,190.37
20240926,000688,上证科创板50成份指数,科创50,SSE Science and Technology Innovation Board 50 Index,STAR 50,667.55,693.46,663.16,693.15,25.81,3.87,536397129.0,192.6,50.0,32.98,2024-09-26,32.98,192.6
20240927,000688,上证科创板50成份指数,科创50,SSE Science and Technology Innovation Board 50 Index,STAR 50,704.52,742.96,704.29,740.02,46.87,6.76,500850183.0,175.3,50.0,35.18,2024-09-27,35.18,175.3
20240930,000688,上证科创板50成份指数,科创50,SSE Science and Technology Innovation Board 50 Index,STAR 50,782.31,872.37,776.45,872.37,132.35,17.88,1637527856.0,600.96,50.0,41.28,2024-09-30,41.28,600.96
20241008,000688,上证科创板50成份指数,科创50,SSE Science and Technology Innovation Board 50 Index,STAR 50,1045.05,1045.05,972.34,1023.97,151.6,17.38,2291390563.0,905.65,50.0,48.09,2024-10-08,48.09,905.65
20241009,000688,上证科创板50成份指数,科创50,SSE Science and Technology Innovation Board 50 Index,STAR 50,993.78,1084.68,958.46,997.85,-26.12,-2.55,2367512512.0,1290.09,50.0,45.4,2024-10-09,45.4,1290.09
20241010,000688,上证科创板50成份指数,科创50,SSE Science and Technology Innovation Board 50 Index,STAR 50,1014.36,1016.57,940.09,954.17,-43.68,-4.38,1541633947.0,781.43,50.0,44.27,2024-10-10,44.27,781.43
20241011,000688,上证科创板50成份指数,科创50,SSE Science and Technology Innovation Board 50 Index,STAR 50,939.57,946.52,889.11,898.9,-55.27,-5.79,1057682433.0,501.77,50.0,41.93,2024-10-11,41.93,501.77
20241014,000688,上证科创板50成份指数,科创50,SSE Science and Technology Innovation Board 50 Index,STAR 50,904.14,931.81,873.52,925.96,27.06,3.01,1076626678.0,516.75,50.0,42.82,2024-10-14,42.82,516.75
20241015,000688,上证科创板50成份指数,科创50,SSE Science and Technology Innovation Board 50 Index,STAR 50,920.99,942.25,898.83,898.83,-27.13,-2.93,931997092.0,473.09,50.0,41.54,2024-10-15,41.54,473.09
20241016,000688,上证科创板50成份指数,科创50,SSE Science and Technology Innovation Board 50 Index,STAR 50,874.27,896.31,872.16,875.69,-23.14,-2.57,733104696.0,336.92,50.0,40.43,2024-10-16,40.43,336.92
20241017,000688,上证科创板50成份指数,科创50,SSE Science and Technology Innovation Board 50 Index,STAR 50,897.2,901.12,878.74,879.1,3.41,0.39,746998568.0,381.81,50.0,40.35,2024-10-17,40.35,381.81
20241018,000688,上证科创板50成份指数,科创50,SSE Science and Technology Innovation Board 50 Index,STAR 50,879.95,1008.07,876.68,978.66,99.56,11.33,1526347034.0,784.41,50.0,44.06,2024-10-18,44.06,784.41
20241021,000688,上证科创板50成份指数,科创50,SSE Science and Technology Innovation Board 50 Index,STAR 50,999.54,1063.85,977.88,1000.37,21.71,2.22,1848234444.0,1037.39,50.0,44.84,2024-10-21,44.84,1037.39
20241022,000688,上证科创板50成份指数,科创50,SSE Science and Technology Innovation Board 50 Index,STAR 50,988.7,1002.96,969.86,985.83,-14.54,-1.45,1299285299.0,667.89,50.0,44.4,2024-10-22,44.4,667.89
20241023,000688,上证科创板50成份指数,科创50,SSE Science and Technology Innovation Board 50 Index,STAR 50,976.25,1003.96,971.69,979.15,-6.68,-0.68,1261816218.0,573.86,50.0,44.51,2024-10-23,44.51,573.86
20241024,000688,上证科创板50成份指数,科创50,SSE Science and Technology Innovation Board 50 Index,STAR 50,968.99,988.04,968.49,977.6,-1.55,-0.16,868664719.0,434.25,50.0,44.1,2024-10-24,44.1,434.25
20241025,000688,上证科创板50成份指数,科创50,SSE Science and Technology Innovation Board 50 Index,STAR 50,981.41,1016.08,974.48,991.22,13.62,1.39,1157389543.0,512.61,50.0,44.98,2024-10-25,44.98,512.61
20241028,000688,上证科创板50成份指数,科创50,SSE Science and Technology Innovation Board 50 Index,STAR 50,988.43,991.13,976.52,986.56,-4.66,-0.47,907848156.0,409.95,50.0,44.62,2024-10-28,44.62,409.95
20241029,000688,上证科创板50成份指数,科创50,SSE Science and Technology Innovation Board 50 Index,STAR 50,988.5,1006.86,975.03,975.37,-11.19,-1.13,1039213435.0,523.56,50.0,44.1,2024-10-29,44.1,523.56
20241030,000688,上证科创板50成份指数,科创50,SSE Science and Technology Innovation Board 50 Index,STAR 50,967.84,976.4,949.33,958.82,-16.55,-1.7,962893541.0,479.77,50.0,43.35,2024-10-30,43.35,479.77
20241031,000688,上证科创板50成份指数,科创50,SSE Science and Technology Innovation Board 50 Index,STAR 50,960.68,978.18,947.58,969.45,10.63,1.11,1080036035.0,558.35,50.0,43.86,2024-10-31,43.86,558.35
20241101,000688,上证科创板50成份指数,科创50,SSE Science and Technology Innovation Board 50 Index,STAR 50,960.21,967.84,939.76,939.76,-29.68,-3.06,867759933.0,434.09,50.0,46.5,2024-11-01,46.5,434.09
20241104,000688,上证科创板50成份指数,科创50,SSE Science and Technology Innovation Board 50 Index,STAR 50,938.19,955.9,937.97,954.67,14.9,1.59,622598493.0,321.24,50.0,47.31,2024-11-04,47.31,321.24
20241105,000688,上证科创板50成份指数,科创50,SSE Science and Technology Innovation Board 50 Index,STAR 50,954.14,997.89,950.39,996.17,41.5,4.35,1167570210.0,582.42,50.0,49.08,2024-11-05,49.08,582.42
20241106,000688,上证科创板50成份指数,科创50,SSE Science and Technology Innovation Board 50 Index,STAR 50,1002.06,1017.12,986.43,998.09,1.93,0.19,1265136478.0,612.12,50.0,49.05,2024-11-06,49.05,612.12
20241107,000688,上证科创板50成份指数,科创50,SSE Science and Technology Innovation Board 50 Index,STAR 50,986.5,1038.03,984.56,1028.44,30.34,3.04,1284113836.0,579.41,50.0,50.43,2024-11-07,50.43,579.41
20241108,000688,上证科创板50成份指数,科创50,SSE Science and Technology Innovation Board 50 Index,STAR 50,1053.45,1070.95,1025.43,1025.64,-2.8,-0.27,1697143980.0,804.87,50.0,50.67,2024-11-08,50.67,804.87
20241111,000688,上证科创板50成份指数,科创50,SSE Science and Technology Innovation Board 50 Index,STAR 50,1033.55,1074.52,1028.1,1073.84,48.2,4.7,1814167034.0,835.63,50.0,52.86,2024-11-11,52.86,835.63
20241112,000688,上证科创板50成份指数,科创50,SSE Science and Technology Innovation Board 50 Index,STAR 50,1070.64,1080.57,1040.91,1050.54,-23.3,-2.17,1514569984.0,707.94,50.0,51.65,2024-11-12,51.65,707.94
20241113,000688,上证科创板50成份指数,科创50,SSE Science and Technology Innovation Board 50 Index,STAR 50,1042.2,1062.65,1039.58,1061.37,10.83,1.03,1091457243.0,562.33,50.0,51.95,2024-11-13,51.95,562.33
20241114,000688,上证科创板50成份指数,科创50,SSE Science and Technology Innovation Board 50 Index,STAR 50,1056.21,1065.2,1024.55,1027.32,-34.05,-3.21,951590028.0,486.73,50.0,50.35,2024-11-14,50.35,486.73
20241115,000688,上证科创板50成份指数,科创50,SSE Science and Technology Innovation Board 50 Index,STAR 50,1024.6,1030.27,986.86,986.88,-40.44,-3.94,968850259.0,473.16,50.0,48.48,2024-11-15,48.48,473.16
20241118,000688,上证科创板50成份指数,科创50,SSE Science and Technology Innovation Board 50 Index,STAR 50,989.4,1001.99,962.83,968.71,-18.16,-1.84,865925760.0,412.5,50.0,47.57,2024-11-18,47.57,412.5
20241119,000688,上证科创板50成份指数,科创50,SSE Science and Technology Innovation Board 50 Index,STAR 50,974.0,999.96,960.01,998.01,29.3,3.02,758963630.0,377.74,50.0,48.96,2024-11-19,48.96,377.74
20241120,000688,上证科创板50成份指数,科创50,SSE Science and Technology Innovation Board 50 Index,STAR 50,992.67,1008.56,988.26,1002.54,4.52,0.45,681479498.0,343.99,50.0,49.21,2024-11-20,49.21,343.99
20241121,000688,上证科创板50成份指数,科创50,SSE Science and Technology Innovation Board 50 Index,STAR 50,1002.97,1020.0,999.56,1011.46,8.92,0.89,730221561.0,396.56,50.0,49.36,2024-11-21,49.36,396.56
20241122,000688,上证科创板50成份指数,科创50,SSE Science and Technology Innovation Board 50 Index,STAR 50,1011.64,1018.51,968.96,969.35,-42.11,-4.16,797046574.0,408.78,50.0,47.48,2024-11-22,47.48,408.78
20241125,000688,上证科创板50成份指数,科创50,SSE Science and Technology Innovation Board 50 Index,STAR 50,970.82,974.29,941.21,957.92,-11.43,-1.18,682298864.0,361.14,50.0,46.98,2024-11-25,46.98,361.14
20241126,000688,上证科创板50成份指数,科创50,SSE Science and Technology Innovation Board 50 Index,STAR 50,955.58,967.92,950.51,951.59,-6.33,-0.66,516596889.0,223.14,50.0,46.66,2024-11-26,46.66,223.14
20241127,000688,上证科创板50成份指数,科创50,SSE Science and Technology Innovation Board 50 Index,STAR 50,947.95,987.98,940.87,985.97,34.38,3.61,732682282.0,374.6,50.0,48.11,2024-11-27,48.11,374.6
20241128,000688,上证科创板50成份指数,科创50,SSE Science and Technology Innovation Board 50 Index,STAR 50,985.79,1003.42,981.37,983.68,-2.29,-0.23,702852183.0,349.06,50.0,47.93,2024-11-28,47.93,349.06
20241129,000688,上证科创板50成份指数,科创50,SSE Science and Technology Innovation Board 50 Index,STAR 50,980.43,1024.53,978.39,1007.39,23.71,2.41,880084499.0,426.39,50.0,48.93,2024-11-29,48.93,426.39
20241202,000688,上证科创板50成份指数,科创50,SSE Science and Technology Innovation Board 50 Index,STAR 50,1008.71,1022.59,1002.06,1015.79,8.4,0.83,882093802.0,389.8,50.0,49.5,2024-12-02,49.5,389.8
20241203,000688,上证科创板50成份指数,科创50,SSE Science and Technology Innovation Board 50 Index,STAR 50,1017.07,1021.7,997.11,1005.26,-10.52,-1.04,772046020.0,330.91,50.0,49.06,2024-12-03,49.06,330.91
20241204,000688,上证科创板50成份指数,科创50,SSE Science and Technology Innovation Board 50 Index,STAR 50,1020.08,1023.06,995.2,999.36,-5.91,-0.59,885706863.0,383.09,50.0,48.91,2024-12-04,48.91,383.09
20241205,000688,上证科创板50成份指数,科创50,SSE Science and Technology Innovation Board 50 Index,STAR 50,993.17,1006.57,992.89,1001.84,2.49,0.25,590800606.0,271.67,50.0,48.92,2024-12-05,48.92,271.67
20241206,000688,上证科创板50成份指数,科创50,SSE Science and Technology Innovation Board 50 Index,STAR 50,1004.77,1024.84,994.63,1014.45,12.6,1.26,809886055.0,332.84,50.0,49.62,2024-12-06,49.62,332.84
20241209,000688,上证科创板50成份指数,科创50,SSE Science and Technology Innovation Board 50 Index,STAR 50,1012.88,1016.94,995.41,1003.38,-11.06,-1.09,674342315.0,294.64,50.0,49.32,2024-12-09,49.32,294.64
20241210,000688,上证科创板50成份指数,科创50,SSE Science and Technology Innovation Board 50 Index,STAR 50,1051.53,1051.9,1008.5,1010.91,7.53,0.75,897720009.0,433.68,50.0,49.55,2024-12-10,49.55,433.68
20241211,000688,上证科创板50成份指数,科创50,SSE Science and Technology Innovation Board 50 Index,STAR 50,1007.55,1016.83,1004.36,1007.19,-3.72,-0.37,829932454.0,342.9,50.0,49.16,2024-12-11,49.16,342.9
20241212,000688,上证科创板50成份指数,科创50,SSE Science and Technology Innovation Board 50 Index,STAR 50,1008.14,1014.56,999.06,1010.9,3.71,0.37,795871997.0,342.75,50.0,49.14,2024-12-12,49.14,342.75
20241213,000688,上证科创板50成份指数,科创50,SSE Science and Technology Innovation Board 50 Index,STAR 50,1003.99,1009.35,988.73,989.78,-21.12,-2.09,1493424530.0,564.6,50.0,48.06,2024-12-13,48.06,564.6
20241216,000688,上证科创板50成份指数,科创50,SSE Science and Technology Innovation Board 50 Index,STAR 50,990.57,992.36,971.1,975.27,-14.51,-1.47,834927456.0,368.55,50.0,47.26,2024-12-16,47.26,368.55
20241217,000688,上证科创板50成份指数,科创50,SSE Science and Technology Innovation Board 50 Index,STAR 50,974.04,980.57,965.49,967.28,-7.99,-0.82,540282605.0,251.79,50.0,46.95,2024-12-17,46.95,251.79
20241218,000688,上证科创板50成份指数,科创50,SSE Science and Technology Innovation Board 50 Index,STAR 50,970.46,984.76,965.56,981.51,14.24,1.47,557128791.0,310.08,50.0,47.2,2024-12-18,47.2,310.08
20241219,000688,上证科创板50成份指数,科创50,SSE Science and Technology Innovation Board 50 Index,STAR 50,969.38,997.8,967.86,993.0,11.49,1.17,659808529.0,381.95,50.0,47.61,2024-12-19,47.61,381.95
20241220,000688,上证科创板50成份指数,科创50,SSE Science and Technology Innovation Board 50 Index,STAR 50,990.06,1024.72,989.41,1011.21,18.21,1.83,947624295.0,569.05,50.0,48.03,2024-12-20,48.03,569.05
20241223,000688,上证科创板50成份指数,科创50,SSE Science and Technology Innovation Board 50 Index,STAR 50,1011.19,1025.81,996.89,998.61,-12.6,-1.25,878762426.0,530.13,50.0,47.72,2024-12-23,47.72,530.13
20241224,000688,上证科创板50成份指数,科创50,SSE Science and Technology Innovation Board 50 Index,STAR 50,1002.5,1015.87,991.3,1014.02,15.41,1.54,676624072.0,385.37,50.0,48.42,2024-12-24,48.42,385.37
20241225,000688,上证科创板50成份指数,科创50,SSE Science and Technology Innovation Board 50 Index,STAR 50,1018.57,1024.95,1009.71,1017.36,3.34,0.33,696305801.0,426.8,50.0,48.82,2024-12-25,48.82,426.8
20241226,000688,上证科创板50成份指数,科创50,SSE Science and Technology Innovation Board 50 Index,STAR 50,1014.07,1030.67,1010.94,1027.02,9.67,0.95,725416393.0,451.18,50.0,49.2,2024-12-26,49.2,451.18
20241227,000688,上证科创板50成份指数,科创50,SSE Science and Technology Innovation Board 50 Index,STAR 50,1026.71,1044.15,1016.98,1018.58,-8.44,-0.82,845229294.0,506.41,50.0,48.9,2024-12-27,48.9,506.41
20241230,000688,上证科创板50成份指数,科创50,SSE Science and Technology Innovation Board 50 Index,STAR 50,1014.78,1031.46,1011.1,1020.63,2.05,0.2,687428291.0,421.39,50.0,48.84,2024-12-30,48.84,421.39
20241231,000688,上证科创板50成份指数,科创50,SSE Science and Technology Innovation Board 50 Index,STAR 50,1020.52,1021.41,988.93,988.93,-31.7,-3.11,729141242.0,387.41,50.0,47.63,2024-12-31,47.63,387.41
20250102,000688,上证科创板50成份指数,科创50,SSE Science and Technology Innovation Board 50 Index,STAR 50,986.82,986.82,945.45,955.33,-33.6,-3.4,746345556.0,407.85,50.0,45.88,2025-01-02,45.88,407.85
20250103,000688,上证科创板50成份指数,科创50,SSE Science and Technology Innovation Board 50 Index,STAR 50,955.72,963.23,941.25,941.82,-13.51,-1.41,602927367.0,307.58,50.0,45.33,2025-01-03,45.33,307.58
20250106,000688,上证科创板50成份指数,科创50,SSE Science and Technology Innovation Board 50 Index,STAR 50,943.76,949.59,931.0,938.71,-3.11,-0.33,494765389.0,264.31,50.0,44.93,2025-01-06,44.93,264.31
20250107,000688,上证科创板50成份指数,科创50,SSE Science and Technology Innovation Board 50 Index,STAR 50,938.6,966.07,936.65,965.53,26.82,2.86,560780232.0,333.74,50.0,45.82,2025-01-07,45.82,333.74
20250108,000688,上证科创板50成份指数,科创50,SSE Science and Technology Innovation Board 50 Index,STAR 50,956.71,976.62,937.82,965.12,-0.41,-0.04,617672416.0,356.5,50.0,45.8,2025-01-08,45.8,356.5
20250109,000688,上证科创板50成份指数,科创50,SSE Science and Technology Innovation Board 50 Index,STAR 50,962.23,972.47,960.54,961.44,-3.68,-0.38,545885378.0,287.4,50.0,45.7,2025-01-09,45.7,287.4
20250110,000688,上证科创板50成份指数,科创50,SSE Science and Technology Innovation Board 50 Index,STAR 50,962.22,980.75,950.59,950.59,-10.85,-1.13,653186020.0,380.11,50.0,44.89,2025-01-10,44.89,380.11
20250113,000688,上证科创板50成份指数,科创50,SSE Science and Technology Innovation Board 50 Index,STAR 50,938.38,955.08,936.78,952.19,1.59,0.17,518265363.0,297.04,50.0,45.08,2025-01-13,45.08,297.04
20250114,000688,上证科创板50成份指数,科创50,SSE Science and Technology Innovation Board 50 Index,STAR 50,958.49,984.03,946.63,981.78,29.59,3.11,717669791.0,404.5,50.0,46.73,2025-01-14,46.73,404.5
20250115,000688,上证科创板50成份指数,科创50,SSE Science and Technology Innovation Board 50 Index,STAR 50,976.13,988.86,970.82,977.66,-4.12,-0.42,657254631.0,356.51,50.0,46.47,2025-01-15,46.47,356.51
20250116,000688,上证科创板50成份指数,科创50,SSE Science and Technology Innovation Board 50 Index,STAR 50,982.09,991.9,954.15,956.4,-21.26,-2.18,747426043.0,476.32,50.0,45.97,2025-01-16,45.97,476.32
20250117,000688,上证科创板50成份指数,科创50,SSE Science and Technology Innovation Board 50 Index,STAR 50,949.84,977.81,947.84,965.9,9.51,0.99,664767047.0,395.5,50.0,46.41,2025-01-17,46.41,395.5
20250120,000688,上证科创板50成份指数,科创50,SSE Science and Technology Innovation Board 50 Index,STAR 50,969.84,978.22,962.4,968.27,2.37,0.25,565571926.0,322.31,50.0,46.5,2025-01-20,46.5,322.31
20250121,000688,上证科创板50成份指数,科创50,SSE Science and Technology Innovation Board 50 Index,STAR 50,973.91,980.15,964.86,976.3,8.02,0.83,641570762.0,375.8,50.0,46.75,2025-01-21,46.75,375.8
20250122,000688,上证科创板50成份指数,科创50,SSE Science and Technology Innovation Board 50 Index,STAR 50,972.21,980.41,967.67,975.34,-0.96,-0.1,547772168.0,321.19,50.0,46.59,2025-01-22,46.59,321.19
20250123,000688,上证科创板50成份指数,科创50,SSE Science and Technology Innovation Board 50 Index,STAR 50,987.26,994.77,966.11,966.11,-9.23,-0.95,662841822.0,369.1,50.0,46.37,2025-01-23,46.37,369.1
20250124,000688,上证科创板50成份指数,科创50,SSE Science and Technology Innovation Board 50 Index,STAR 50,966.09,980.43,966.09,974.83,8.73,0.9,545581953.0,302.04,50.0,46.9,2025-01-24,46.9,302.04
20250127,000688,上证科创板50成份指数,科创50,SSE Science and Technology Innovation Board 50 Index,STAR 50,972.19,975.96,954.9,955.09,-19.74,-2.03,534105584.0,321.68,50.0,46.34,2025-01-27,46.34,321.68
20250205,000688,上证科创板50成份指数,科创50,SSE Science and Technology Innovation Board 50 Index,STAR 50,989.12,989.53,974.99,982.83,27.74,2.9,787830014.0,528.04,50.0,47.69,2025-02-05,47.69,528.04
20250206,000688,上证科创板50成份指数,科创50,SSE Science and Technology Innovation Board 50 Index,STAR 50,977.02,1012.88,975.37,1011.22,28.39,2.89,901897926.0,536.51,50.0,48.98,2025-02-06,48.98,536.51
20250207,000688,上证科创板50成份指数,科创50,SSE Science and Technology Innovation Board 50 Index,STAR 50,1011.06,1035.17,1003.24,1018.8,7.58,0.75,1043693929.0,575.5,50.0,49.04,2025-02-07,49.04,575.5
20250210,000688,上证科创板50成份指数,科创50,SSE Science and Technology Innovation Board 50 Index,STAR 50,1023.02,1038.02,1018.37,1036.77,17.97,1.76,821804821.0,488.07,50.0,49.51,2025-02-10,49.51,488.07
20250211,000688,上证科创板50成份指数,科创50,SSE Science and Technology Innovation Board 50 Index,STAR 50,1034.95,1038.6,1018.39,1024.41,-12.35,-1.19,722229778.0,406.95,50.0,48.83,2025-02-11,48.83,406.95
20250212,000688,上证科创板50成份指数,科创50,SSE Science and Technology Innovation Board 50 Index,STAR 50,1026.87,1042.13,1021.57,1041.14,16.72,1.63,817007254.0,475.69,50.0,49.8,2025-02-12,49.8,475.69
20250213,000688,上证科创板50成份指数,科创50,SSE Science and Technology Innovation Board 50 Index,STAR 50,1040.42,1041.98,1016.23,1017.09,-24.05,-2.31,706633808.0,421.9,50.0,48.62,2025-02-13,48.62,421.9
20250214,000688,上证科创板50成份指数,科创50,SSE Science and Technology Innovation Board 50 Index,STAR 50,1012.61,1024.96,1008.28,1022.46,5.38,0.53,730172173.0,429.56,50.0,49.02,2025-02-14,49.02,429.56
20250217,000688,上证科创板50成份指数,科创50,SSE Science and Technology Innovation Board 50 Index,STAR 50,1030.86,1039.75,1026.89,1037.31,14.84,1.45,796916174.0,471.56,50.0,49.61,2025-02-17,49.61,471.56
20250218,000688,上证科创板50成份指数,科创50,SSE Science and Technology Innovation Board 50 Index,STAR 50,1034.63,1036.5,1006.94,1011.17,-26.14,-2.52,783746491.0,422.57,50.0,48.65,2025-02-18,48.65,422.57
20250219,000688,上证科创板50成份指数,科创50,SSE Science and Technology Innovation Board 50 Index,STAR 50,1010.67,1035.06,1010.37,1034.57,23.4,2.31,960904689.0,479.71,50.0,49.58,2025-02-19,49.58,479.71
20250220,000688,上证科创板50成份指数,科创50,SSE Science and Technology Innovation Board 50 Index,STAR 50,1034.79,1041.62,1025.92,1033.09,-1.49,-0.14,831691895.0,411.04,50.0,49.63,2025-02-20,49.63,411.04
20250221,000688,上证科创板50成份指数,科创50,SSE Science and Technology Innovation Board 50 Index,STAR 50,1042.4,1098.6,1038.85,1094.77,61.69,5.97,1263189168.0,812.44,50.0,52.09,2025-02-21,52.09,812.44
20250224,000688,上证科创板50成份指数,科创50,SSE Science and Technology Innovation Board 50 Index,STAR 50,1093.03,1110.06,1084.57,1100.05,5.28,0.48,1007704669.0,616.14,50.0,51.91,2025-02-24,51.91,616.14
20250225,000688,上证科创板50成份指数,科创50,SSE Science and Technology Innovation Board 50 Index,STAR 50,1083.94,1119.3,1079.49,1102.9,2.85,0.26,992674442.0,618.59,50.0,51.83,2025-02-25,51.83,618.59
20250226,000688,上证科创板50成份指数,科创50,SSE Science and Technology Innovation Board 50 Index,STAR 50,1108.58,1129.63,1093.27,1126.82,23.92,2.17,1177727772.0,657.08,50.0,52.98,2025-02-26,52.98,657.08
20250227,000688,上证科创板50成份指数,科创50,SSE Science and Technology Innovation Board 50 Index,STAR 50,1127.25,1140.37,1101.52,1126.29,-0.53,-0.05,1059824213.0,639.18,50.0,52.88,2025-02-27,52.88,639.18
20250228,000688,上证科创板50成份指数,科创50,SSE Science and Technology Innovation Board 50 Index,STAR 50,1118.52,1123.56,1076.01,1078.8,-47.49,-4.22,1100278172.0,654.04,50.0,51.02,2025-02-28,51.02,654.04
20250303,000688,上证科创板50成份指数,科创50,SSE Science and Technology Innovation Board 50 Index,STAR 50,1079.64,1087.72,1055.77,1062.35,-16.45,-1.52,896283915.0,525.1,50.0,50.5,2025-03-03,50.5,525.1
20250304,000688,上证科创板50成份指数,科创50,SSE Science and Technology Innovation Board 50 Index,STAR 50,1052.47,1088.53,1050.25,1080.66,18.31,1.72,810914621.0,480.22,50.0,50.99,2025-03-04,50.99,480.22
20250305,000688,上证科创板50成份指数,科创50,SSE Science and Technology Innovation Board 50 Index,STAR 50,1081.1,1090.47,1072.06,1083.82,3.15,0.29,715338429.0,414.75,50.0,50.97,2025-03-05,50.97,414.75
20250306,000688,上证科创板50成份指数,科创50,SSE Science and Technology Innovation Board 50 Index,STAR 50,1100.44,1125.64,1099.72,1121.58,37.77,3.48,956305494.0,623.25,50.0,52.72,2025-03-06,52.72,623.25
20250307,000688,上证科创板50成份指数,科创50,SSE Science and Technology Innovation Board 50 Index,STAR 50,1113.84,1120.98,1102.61,1107.62,-13.96,-1.24,807235865.0,459.82,50.0,52.24,2025-03-07,52.24,459.82
20250310,000688,上证科创板50成份指数,科创50,SSE Science and Technology Innovation Board 50 Index,STAR 50,1107.31,1111.74,1088.34,1105.16,-2.46,-0.22,740080048.0,428.49,50.0,52.01,2025-03-10,52.01,428.49
20250311,000688,上证科创板50成份指数,科创50,SSE Science and Technology Innovation Board 50 Index,STAR 50,1086.38,1102.91,1085.46,1100.74,-4.42,-0.4,688111474.0,379.54,50.0,51.55,2025-03-11,51.55,379.54
20250312,000688,上证科创板50成份指数,科创50,SSE Science and Technology Innovation Board 50 Index,STAR 50,1107.96,1112.16,1092.67,1092.71,-8.03,-0.73,658625820.0,397.1,50.0,51.35,2025-03-12,51.35,397.1
20250313,000688,上证科创板50成份指数,科创50,SSE Science and Technology Innovation Board 50 Index,STAR 50,1093.59,1094.89,1064.25,1069.7,-23.0,-2.11,723402721.0,383.4,50.0,50.42,2025-03-13,50.42,383.4
20250314,000688,上证科创板50成份指数,科创50,SSE Science and Technology Innovation Board 50 Index,STAR 50,1070.8,1089.26,1069.01,1088.11,18.41,1.72,730353908.0,404.88,50.0,51.2,2025-03-14,51.2,404.88
20250317,000688,上证科创板50成份指数,科创50,SSE Science and Technology Innovation Board 50 Index,STAR 50,1090.0,1090.11,1077.49,1083.21,-4.9,-0.45,640170601.0,323.64,50.0,50.53,2025-03-17,50.53,323.64
20250318,000688,上证科创板50成份指数,科创50,SSE Science and Technology Innovation Board 50 Index,STAR 50,1087.34,1103.49,1087.34,1089.83,6.61,0.61,647930605.0,332.82,50.0,50.82,2025-03-18,50.82,332.82
20250319,000688,上证科创板50成份指数,科创50,SSE Science and Technology Innovation Board 50 Index,STAR 50,1084.9,1089.63,1075.1,1076.94,-12.89,-1.18,541079408.0,303.28,50.0,50.49,2025-03-19,50.49,303.28
20250320,000688,上证科创板50成份指数,科创50,SSE Science and Technology Innovation Board 50 Index,STAR 50,1075.13,1076.37,1064.25,1064.79,-12.14,-1.13,509089878.0,287.49,50.0,49.88,2025-03-20,49.88,287.49
20250321,000688,上证科创板50成份指数,科创50,SSE Science and Technology Innovation Board 50 Index,STAR 50,1063.33,1065.41,1036.37,1042.89,-21.9,-2.06,621512087.0,356.52,50.0,48.89,2025-03-21,48.89,356.52
20250324,000688,上证科创板50成份指数,科创50,SSE Science and Technology Innovation Board 50 Index,STAR 50,1042.33,1048.17,1029.91,1045.94,3.05,0.29,595845576.0,306.77,50.0,49.04,2025-03-24,49.04,306.77
20250325,000688,上证科创板50成份指数,科创50,SSE Science and Technology Innovation Board 50 Index,STAR 50,1045.85,1049.31,1028.54,1031.7,-14.24,-1.36,503432923.0,284.14,50.0,48.57,2025-03-25,48.57,284.14
20250326,000688,上证科创板50成份指数,科创50,SSE Science and Technology Innovation Board 50 Index,STAR 50,1029.81,1040.22,1028.8,1029.05,-2.64,-0.26,422890173.0,212.36,50.0,48.37,2025-03-26,48.37,212.36
20250327,000688,上证科创板50成份指数,科创50,SSE Science and Technology Innovation Board 50 Index,STAR 50,1028.69,1053.22,1026.2,1040.57,11.52,1.12,531008510.0,311.49,50.0,48.89,2025-03-27,48.89,311.49
20250328,000688,上证科创板50成份指数,科创50,SSE Science and Technology Innovation Board 50 Index,STAR 50,1037.76,1044.92,1029.46,1029.48,-11.09,-1.07,425316968.0,243.71,50.0,48.5,2025-03-28,48.5,243.71
20250331,000688,上证科创板50成份指数,科创50,SSE Science and Technology Innovation Board 50 Index,STAR 50,1024.26,1031.34,1011.97,1022.71,-6.76,-0.66,510965440.0,266.11,50.0,48.11,2025-03-31,48.11,266.11
20250401,000688,上证科创板50成份指数,科创50,SSE Science and Technology Innovation Board 50 Index,STAR 50,1027.96,1037.32,1022.78,1024.38,1.66,0.16,508244261.0,285.42,50.0,48.37,2025-04-01,48.37,285.42
20250402,000688,上证科创板50成份指数,科创50,SSE Science and Technology Innovation Board 50 Index,STAR 50,1021.82,1030.91,1020.38,1022.75,-1.63,-0.16,354801680.0,180.36,50.0,48.34,2025-04-02,48.34,180.36
20250403,000688,上证科创板50成份指数,科创50,SSE Science and Technology Innovation Board 50 Index,STAR 50,1011.6,1030.55,1011.6,1018.07,-4.68,-0.46,463622367.0,279.17,50.0,48.1,2025-04-03,48.1,279.17
20250407,000688,上证科创板50成份指数,科创50,SSE Science and Technology Innovation Board 50 Index,STAR 50,960.49,982.77,877.71,924.17,-93.9,-9.22,1168939792.0,554.45,50.0,43.87,2025-04-07,43.87,554.45
20250408,000688,上证科创板50成份指数,科创50,SSE Science and Technology Innovation Board 50 Index,STAR 50,932.24,950.74,923.67,940.09,15.92,1.72,894676893.0,405.48,50.0,44.73,2025-04-08,44.73,405.48
20250409,000688,上证科创板50成份指数,科创50,SSE Science and Technology Innovation Board 50 Index,STAR 50,922.86,992.34,917.35,980.57,40.48,4.31,925387597.0,503.19,50.0,46.46,2025-04-09,46.46,503.19
20250410,000688,上证科创板50成份指数,科创50,SSE Science and Technology Innovation Board 50 Index,STAR 50,1003.68,1006.15,985.71,991.22,10.66,1.09,698586429.0,378.3,50.0,47.07,2025-04-10,47.07,378.3
20250411,000688,上证科创板50成份指数,科创50,SSE Science and Technology Innovation Board 50 Index,STAR 50,990.83,1027.54,987.83,1011.71,20.48,2.07,756411666.0,436.08,50.0,47.89,2025-04-11,47.89,436.08
20250414,000688,上证科创板50成份指数,科创50,SSE Science and Technology Innovation Board 50 Index,STAR 50,1018.26,1025.44,1006.17,1014.28,2.58,0.25,553808671.0,318.46,50.0,47.86,2025-04-14,47.86,318.46
20250415,000688,上证科创板50成份指数,科创50,SSE Science and Technology Innovation Board 50 Index,STAR 50,1011.67,1012.02,995.82,1006.34,-7.94,-0.78,410208546.0,224.37,50.0,47.77,2025-04-15,47.77,224.37
20250416,000688,上证科创板50成份指数,科创50,SSE Science and Technology Innovation Board 50 Index,STAR 50,1016.76,1017.14,996.4,1014.51,8.17,0.81,461582074.0,280.46,50.0,48.16,2025-04-16,48.16,280.46
20250417,000688,上证科创板50成份指数,科创50,SSE Science and Technology Innovation Board 50 Index,STAR 50,1007.63,1024.04,1006.77,1016.81,2.3,0.23,374853289.0,241.16,50.0,48.02,2025-04-17,48.02,241.16
20250418,000688,上证科创板50成份指数,科创50,SSE Science and Technology Innovation Board 50 Index,STAR 50,1011.51,1012.93,1003.43,1008.6,-8.21,-0.81,300095971.0,167.11,50.0,47.64,2025-04-18,47.64,167.11
20250421,000688,上证科创板50成份指数,科创50,SSE Science and Technology Innovation Board 50 Index,STAR 50,1012.81,1021.38,1008.56,1019.41,10.81,1.07,339410900.0,229.51,50.0,48.13,2025-04-21,48.13,229.51
20250422,000688,上证科创板50成份指数,科创50,SSE Science and Technology Innovation Board 50 Index,STAR 50,1018.42,1023.5,1012.6,1016.22,-3.19,-0.31,427546700.0,235.89,50.0,48.16,2025-04-22,48.16,235.89
20250423,000688,上证科创板50成份指数,科创50,SSE Science and Technology Innovation Board 50 Index,STAR 50,1019.02,1022.66,1010.09,1012.65,-3.57,-0.35,405506800.0,230.97,50.0,47.92,2025-04-23,47.92,230.97
20250424,000688,上证科创板50成份指数,科创50,SSE Science and Technology Innovation Board 50 Index,STAR 50,1012.33,1012.4,1000.46,1003.32,-9.33,-0.92,360620600.0,200.51,50.0,47.49,2025-04-24,47.49,200.51
20250425,000688,上证科创板50成份指数,科创50,SSE Science and Technology Innovation Board 50 Index,STAR 50,1003.87,1011.59,997.98,1004.57,1.26,0.13,388692700.0,202.74,50.0,47.54,2025-04-25,47.54,202.74
20250428,000688,上证科创板50成份指数,科创50,SSE Science and Technology Innovation Board 50 Index,STAR 50,1004.05,1008.59,997.9,1002.83,-1.74,-0.17,357234800.0,186.99,50.0,47.37,2025-04-28,47.37,186.99
20250429,000688,上证科创板50成份指数,科创50,SSE Science and Technology Innovation Board 50 Index,STAR 50,996.97,1005.71,994.22,1003.87,1.03,0.1,400422200.0,187.14,50.0,47.41,2025-04-29,47.41,187.14
20250430,000688,上证科创板50成份指数,科创50,SSE Science and Technology Innovation Board 50 Index,STAR 50,1000.65,1014.37,1000.65,1012.42,8.55,0.85,552138700.0,262.96,50.0,47.62,2025-04-30,47.62,262.96
20250506,000688,上证科创板50成份指数,科创50,SSE Science and Technology Innovation Board 50 Index,STAR 50,1016.44,1027.02,1013.58,1026.52,14.1,1.39,539684100.0,275.21,50.0,57.16,2025-05-06,57.16,275.21
20250507,000688,上证科创板50成份指数,科创50,SSE Science and Technology Innovation Board 50 Index,STAR 50,1044.17,1044.57,1021.79,1030.19,3.67,0.36,555616300.0,275.9,50.0,57.52,2025-05-07,57.52,275.9
20250508,000688,上证科创板50成份指数,科创50,SSE Science and Technology Innovation Board 50 Index,STAR 50,1024.97,1030.09,1022.49,1026.44,-3.75,-0.36,439933800.0,217.02,50.0,57.18,2025-05-08,57.18,217.02
20250509,000688,上证科创板50成份指数,科创50,SSE Science and Technology Innovation Board 50 Index,STAR 50,1020.79,1020.79,1006.32,1006.32,-20.12,-1.96,455958800.0,236.19,50.0,56.3,2025-05-09,56.3,236.19
20250512,000688,上证科创板50成份指数,科创50,SSE Science and Technology Innovation Board 50 Index,STAR 50,1008.96,1016.73,1004.49,1011.23,4.91,0.49,512787100.0,265.24,50.0,56.47,2025-05-12,56.47,265.24
20250513,000688,上证科创板50成份指数,科创50,SSE Science and Technology Innovation Board 50 Index,STAR 50,1020.34,1021.53,1009.63,1009.68,-1.55,-0.15,585073400.0,227.52,50.0,56.23,2025-05-13,56.23,227.52
20250514,000688,上证科创板50成份指数,科创50,SSE Science and Technology Innovation Board 50 Index,STAR 50,1014.1,1021.39,1006.51,1013.77,4.09,0.41,486794500.0,218.53,50.0,56.48,2025-05-14,56.48,218.53
20250515,000688,上证科创板50成份指数,科创50,SSE Science and Technology Innovation Board 50 Index,STAR 50,1011.57,1011.69,999.26,1000.97,-12.8,-1.26,380856400.0,182.53,50.0,55.82,2025-05-15,55.82,182.53
20250516,000688,上证科创板50成份指数,科创50,SSE Science and Technology Innovation Board 50 Index,STAR 50,997.45,999.41,991.42,995.24,-5.73,-0.57,363515700.0,171.84,50.0,55.42,2025-05-16,55.42,171.84
20250519,000688,上证科创板50成份指数,科创50,SSE Science and Technology Innovation Board 50 Index,STAR 50,994.28,998.62,985.98,995.25,0.02,0.0,431333100.0,176.61,50.0,55.48,2025-05-19,55.48,176.61
20250520,000688,上证科创板50成份指数,科创50,SSE Science and Technology Innovation Board 50 Index,STAR 50,995.75,1002.0,993.69,997.68,2.42,0.24,365994300.0,175.15,50.0,55.49,2025-05-20,55.49,175.15
20250521,000688,上证科创板50成份指数,科创50,SSE Science and Technology Innovation Board 50 Index,STAR 50,996.66,999.96,993.74,995.49,-2.19,-0.22,398585200.0,173.83,50.0,55.36,2025-05-21,55.36,173.83
20250522,000688,上证科创板50成份指数,科创50,SSE Science and Technology Innovation Board 50 Index,STAR 50,994.08,1000.38,989.06,990.71,-4.78,-0.48,348305900.0,164.4,50.0,55.01,2025-05-22,55.01,164.4
20250523,000688,上证科创板50成份指数,科创50,SSE Science and Technology Innovation Board 50 Index,STAR 50,989.71,997.02,980.58,980.58,-10.13,-1.02,396657000.0,186.96,50.0,54.57,2025-05-23,54.57,186.96
20250526,000688,上证科创板50成份指数,科创50,SSE Science and Technology Innovation Board 50 Index,STAR 50,982.07,985.47,978.14,982.26,1.68,0.17,332997100.0,161.84,50.0,54.69,2025-05-26,54.69,161.84
20250527,000688,上证科创板50成份指数,科创50,SSE Science and Technology Innovation Board 50 Index,STAR 50,982.02,983.43,972.67,972.92,-9.34,-0.95,346266500.0,164.2,50.0,54.04,2025-05-27,54.04,164.2
20250528,000688,上证科创板50成份指数,科创50,SSE Science and Technology Innovation Board 50 Index,STAR 50,973.9,975.86,969.68,970.64,-2.28,-0.23,299887600.0,146.36,50.0,53.97,2025-05-28,53.97,146.36
20250529,000688,上证科创板50成份指数,科创50,SSE Science and Technology Innovation Board 50 Index,STAR 50,972.26,986.45,970.69,986.3,15.66,1.61,358830400.0,178.68,50.0,54.67,2025-05-29,54.67,178.68
20250530,000688,上证科创板50成份指数,科创50,SSE Science and Technology Innovation Board 50 Index,STAR 50,981.35,981.35,974.11,977.03,-9.28,-0.94,349103400.0,176.33,50.0,54.09,2025-05-30,54.09,176.33
20250603,000688,上证科创板50成份指数,科创50,SSE Science and Technology Innovation Board 50 Index,STAR 50,977.23,987.62,976.11,981.71,4.68,0.48,588520000.0,230.97,50.0,54.25,2025-06-03,54.25,230.97
20250604,000688,上证科创板50成份指数,科创50,SSE Science and Technology Innovation Board 50 Index,STAR 50,982.36,988.16,981.62,986.11,4.4,0.45,388337900.0,182.82,50.0,54.46,2025-06-04,54.46,182.82
20250605,000688,上证科创板50成份指数,科创50,SSE Science and Technology Innovation Board 50 Index,STAR 50,987.53,997.93,982.85,996.41,10.3,1.04,416000400.0,216.3,50.0,54.97,2025-06-05,54.97,216.3
20250606,000688,上证科创板50成份指数,科创50,SSE Science and Technology Innovation Board 50 Index,STAR 50,995.31,995.7,989.15,991.64,-4.77,-0.48,369298600.0,175.34,50.0,54.66,2025-06-06,54.66,175.34
20250609,000688,上证科创板50成份指数,科创50,SSE Science and Technology Innovation Board 50 Index,STAR 50,991.31,1002.4,989.53,997.61,5.97,0.6,428859600.0,195.31,50.0,54.43,2025-06-09,54.43,195.31
20250610,000688,上证科创板50成份指数,科创50,SSE Science and Technology Innovation Board 50 Index,STAR 50,1004.55,1004.78,978.79,982.9,-14.71,-1.47,579086400.0,315.53,50.0,53.73,2025-06-10,53.73,315.53
20250611,000688,上证科创板50成份指数,科创50,SSE Science and Technology Innovation Board 50 Index,STAR 50,982.6,990.14,980.29,980.93,-1.97,-0.2,431685600.0,213.28,50.0,53.44,2025-06-11,53.44,213.28
20250612,000688,上证科创板50成份指数,科创50,SSE Science and Technology Innovation Board 50 Index,STAR 50,978.69,982.12,974.63,977.97,-2.96,-0.3,468891400.0,222.27,50.0,53.34,2025-06-12,53.34,222.27
20250613,000688,上证科创板50成份指数,科创50,SSE Science and Technology Innovation Board 50 Index,STAR 50,971.69,978.42,966.87,972.94,-5.03,-0.51,909895100.0,340.36,50.0,53.19,2025-06-13,53.19,340.36
20250616,000688,上证科创板50成份指数,科创50,SSE Science and Technology Innovation Board 50 Index,STAR 50,968.19,975.54,968.19,970.89,-2.05,-0.21,490835300.0,222.87,50.0,53.4,2025-06-16,53.4,222.87
20250617,000688,上证科创板50成份指数,科创50,SSE Science and Technology Innovation Board 50 Index,STAR 50,971.53,972.2,960.64,963.08,-7.81,-0.8,444514100.0,207.21,50.0,52.85,2025-06-17,52.85,207.21
20250618,000688,上证科创板50成份指数,科创50,SSE Science and Technology Innovation Board 50 Index,STAR 50,962.24,971.8,960.02,968.18,5.1,0.53,418841400.0,204.43,50.0,53.19,2025-06-18,53.19,204.43
20250619,000688,上证科创板50成份指数,科创50,SSE Science and Technology Innovation Board 50 Index,STAR 50,966.92,974.48,960.54,962.94,-5.24,-0.54,405625300.0,196.32,50.0,52.56,2025-06-19,52.56,196.32
20250620,000688,上证科创板50成份指数,科创50,SSE Science and Technology Innovation Board 50 Index,STAR 50,963.78,967.98,956.87,957.87,-5.07,-0.53,437414200.0,181.33,50.0,52.22,2025-06-20,52.22,181.33
20250623,000688,上证科创板50成份指数,科创50,SSE Science and Technology Innovation Board 50 Index,STAR 50,952.33,966.19,952.33,961.49,3.62,0.38,466469000.0,249.95,50.0,52.39,2025-06-23,52.39,249.95
20250624,000688,上证科创板50成份指数,科创50,SSE Science and Technology Innovation Board 50 Index,STAR 50,963.79,980.52,963.79,978.71,17.23,1.79,495520200.0,269.8,50.0,52.56,2025-06-24,52.56,269.8
20250625,000688,上证科创板50成份指数,科创50,SSE Science and Technology Innovation Board 50 Index,STAR 50,979.97,996.66,976.16,995.61,16.9,1.73,576087900.0,326.74,50.0,53.38,2025-06-25,53.38,326.74
20250626,000688,上证科创板50成份指数,科创50,SSE Science and Technology Innovation Board 50 Index,STAR 50,995.57,1005.89,989.97,989.97,-5.64,-0.57,525005600.0,307.35,50.0,53.22,2025-06-26,53.22,307.35
20250627,000688,上证科创板50成份指数,科创50,SSE Science and Technology Innovation Board 50 Index,STAR 50,996.68,998.58,987.83,988.21,-1.76,-0.18,497366800.0,279.08,50.0,52.83,2025-06-27,52.83,279.08
20250630,000688,上证科创板50成份指数,科创50,SSE Science and Technology Innovation Board 50 Index,STAR 50,992.3,1004.47,992.3,1003.41,15.2,1.54,573673900.0,295.55,50.0,53.62,2025-06-30,53.62,295.55
20250701,000688,上证科创板50成份指数,科创50,SSE Science and Technology Innovation Board 50 Index,STAR 50,1002.09,1002.09,992.55,994.8,-8.62,-0.86,488084900.0,280.4,50.0,52.94,2025-07-01,52.94,280.4
20250702,000688,上证科创板50成份指数,科创50,SSE Science and Technology Innovation Board 50 Index,STAR 50,992.38,992.47,981.22,982.64,-12.16,-1.22,595127400.0,239.92,50.0,51.86,2025-07-02,51.86,239.92
20250703,000688,上证科创板50成份指数,科创50,SSE Science and Technology Innovation Board 50 Index,STAR 50,984.34,987.09,980.81,984.95,2.31,0.24,461081000.0,197.04,50.0,51.41,2025-07-03,51.41,197.04
20250704,000688,上证科创板50成份指数,科创50,SSE Science and Technology Innovation Board 50 Index,STAR 50,984.53,997.41,976.83,984.8,-0.15,-0.01,530478700.0,245.24,50.0,51.32,2025-07-04,51.32,245.24
20250707,000688,上证科创板50成份指数,科创50,SSE Science and Technology Innovation Board 50 Index,STAR 50,983.2,987.11,976.9,978.29,-6.51,-0.66,379110700.0,175.19,50.0,51.08,2025-07-07,51.08,175.19
20250708,000688,上证科创板50成份指数,科创50,SSE Science and Technology Innovation Board 50 Index,STAR 50,978.9,993.19,977.6,991.95,13.66,1.4,615751700.0,230.88,50.0,51.68,2025-07-08,51.68,230.88
20250709,000688,上证科创板50成份指数,科创50,SSE Science and Technology Innovation Board 50 Index,STAR 50,991.34,993.61,981.5,983.11,-8.84,-0.89,470230800.0,204.14,50.0,51.3,2025-07-09,51.3,204.14
20250710,000688,上证科创板50成份指数,科创50,SSE Science and Technology Innovation Board 50 Index,STAR 50,981.74,986.31,978.89,979.99,-3.12,-0.32,543718100.0,221.68,50.0,51.08,2025-07-10,51.08,221.68
20250711,000688,上证科创板50成份指数,科创50,SSE Science and Technology Innovation Board 50 Index,STAR 50,980.38,1000.03,979.18,994.45,14.46,1.48,600255700.0,313.28,50.0,51.92,2025-07-11,51.92,313.28
20250714,000688,上证科创板50成份指数,科创50,SSE Science and Technology Innovation Board 50 Index,STAR 50,995.29,998.97,992.39,992.39,-2.06,-0.21,457645500.0,229.22,50.0,51.78,2025-07-14,51.78,229.22
20250715,000688,上证科创板50成份指数,科创50,SSE Science and Technology Innovation Board 50 Index,STAR 50,990.73,998.08,986.5,996.25,3.86,0.39,516786900.0,266.59,50.0,51.99,2025-07-15,51.99,266.59
20250716,000688,上证科创板50成份指数,科创50,SSE Science and Technology Innovation Board 50 Index,STAR 50,996.33,1008.47,994.38,997.63,1.38,0.14,426207800.0,268.93,50.0,52.07,2025-07-16,52.07,268.93
20250717,000688,上证科创板50成份指数,科创50,SSE Science and Technology Innovation Board 50 Index,STAR 50,997.71,1005.67,992.56,1005.65,8.02,0.8,535346500.0,283.44,50.0,52.44,2025-07-17,52.44,283.44
20250718,000688,上证科创板50成份指数,科创50,SSE Science and Technology Innovation Board 50 Index,STAR 50,1008.13,1013.12,1003.09,1007.53,1.88,0.19,497635100.0,269.46,50.0,52.58,2025-07-18,52.58,269.46
20250721,000688,上证科创板50成份指数,科创50,SSE Science and Technology Innovation Board 50 Index,STAR 50,1007.58,1010.34,1005.03,1007.89,0.37,0.04,580870500.0,269.07,50.0,52.66,2025-07-21,52.66,269.07
20250722,000688,上证科创板50成份指数,科创50,SSE Science and Technology Innovation Board 50 Index,STAR 50,1007.51,1019.03,1005.84,1016.27,8.37,0.83,697700700.0,315.05,50.0,53.12,2025-07-22,53.12,315.05
20250723,000688,上证科创板50成份指数,科创50,SSE Science and Technology Innovation Board 50 Index,STAR 50,1016.58,1030.54,1014.84,1020.86,4.59,0.45,705393200.0,333.86,50.0,53.47,2025-07-23,53.47,333.86
20250724,000688,上证科创板50成份指数,科创50,SSE Science and Technology Innovation Board 50 Index,STAR 50,1019.72,1032.84,1019.31,1032.84,11.98,1.17,721447800.0,326.34,50.0,54.04,2025-07-24,54.04,326.34
20250725,000688,上证科创板50成份指数,科创50,SSE Science and Technology Innovation Board 50 Index,STAR 50,1032.45,1059.73,1028.79,1054.2,21.36,2.07,743388800.0,419.37,50.0,55.3,2025-07-25,55.3,419.37
20250728,000688,上证科创板50成份指数,科创50,SSE Science and Technology Innovation Board 50 Index,STAR 50,1054.91,1059.05,1048.55,1055.11,0.91,0.09,631929800.0,350.94,50.0,55.27,2025-07-28,55.27,350.94
20250729,000688,上证科创板50成份指数,科创50,SSE Science and Technology Innovation Board 50 Index,STAR 50,1053.12,1071.44,1051.55,1070.45,15.34,1.45,691330600.0,405.17,50.0,55.98,2025-07-29,55.98,405.17
20250730,000688,上证科创板50成份指数,科创50,SSE Science and Technology Innovation Board 50 Index,STAR 50,1065.94,1073.82,1051.11,1058.57,-11.88,-1.11,683250800.0,353.23,50.0,55.37,2025-07-30,55.37,353.23
20250731,000688,上证科创板50成份指数,科创50,SSE Science and Technology Innovation Board 50 Index,STAR 50,1057.32,1070.76,1045.45,1047.87,-10.7,-1.01,836001800.0,456.84,50.0,55.04,2025-07-31,55.04,456.84
20250801,000688,上证科创板50成份指数,科创50,SSE Science and Technology Innovation Board 50 Index,STAR 50,1047.38,1056.42,1029.53,1036.77,-11.1,-1.06,626311300.0,330.49,50.0,54.56,2025-08-01,54.56,330.49
20250804,000688,上证科创板50成份指数,科创50,SSE Science and Technology Innovation Board 50 Index,STAR 50,1034.13,1049.46,1033.85,1049.41,12.63,1.22,592839200.0,332.22,50.0,55.24,2025-08-04,55.24,332.22
20250805,000688,上证科创板50成份指数,科创50,SSE Science and Technology Innovation Board 50 Index,STAR 50,1048.71,1054.11,1046.53,1053.65,4.24,0.4,548712600.0,268.02,50.0,55.42,2025-08-05,55.42,268.02
20250806,000688,上证科创板50成份指数,科创50,SSE Science and Technology Innovation Board 50 Index,STAR 50,1051.87,1060.4,1049.6,1059.76,6.12,0.58,607042900.0,347.61,50.0,55.47,2025-08-06,55.47,347.61
20250807,000688,上证科创板50成份指数,科创50,SSE Science and Technology Innovation Board 50 Index,STAR 50,1059.84,1069.04,1053.73,1058.21,-1.56,-0.15,618381800.0,384.36,50.0,55.32,2025-08-07,55.32,384.36
20250808,000688,上证科创板50成份指数,科创50,SSE Science and Technology Innovation Board 50 Index,STAR 50,1052.46,1052.74,1042.84,1043.54,-14.67,-1.39,679274200.0,333.81,50.0,54.68,2025-08-08,54.68,333.81
20250811,000688,上证科创板50成份指数,科创50,SSE Science and Technology Innovation Board 50 Index,STAR 50,1043.23,1053.7,1043.08,1049.73,6.19,0.59,634311100.0,303.4,50.0,54.95,2025-08-11,54.95,303.4
20250812,000688,上证科创板50成份指数,科创50,SSE Science and Technology Innovation Board 50 Index,STAR 50,1048.21,1077.88,1044.33,1069.81,20.08,1.91,774462600.0,531.8,50.0,56.34,2025-08-12,56.34,531.8
20250813,000688,上证科创板50成份指数,科创50,SSE Science and Technology Innovation Board 50 Index,STAR 50,1069.52,1079.14,1067.5,1077.7,7.89,0.74,749692800.0,476.87,50.0,56.66,2025-08-13,56.66,476.87
20250814,000688,上证科创板50成份指数,科创50,SSE Science and Technology Innovation Board 50 Index,STAR 50,1079.22,1109.85,1079.22,1085.74,8.04,0.75,963996000.0,656.52,50.0,57.65,2025-08-14,57.65,656.52
20250815,000688,上证科创板50成份指数,科创50,SSE Science and Technology Innovation Board 50 Index,STAR 50,1079.16,1104.5,1077.0,1101.29,15.56,1.43,952712800.0,531.57,50.0,58.26,2025-08-15,58.26,531.57
20250818,000688,上证科创板50成份指数,科创50,SSE Science and Technology Innovation Board 50 Index,STAR 50,1114.32,1138.42,1105.58,1124.82,23.53,2.14,1260547700.0,685.21,50.0,59.28,2025-08-18,59.28,685.21
20250819,000688,上证科创板50成份指数,科创50,SSE Science and Technology Innovation Board 50 Index,STAR 50,1122.64,1133.63,1111.66,1112.27,-12.56,-1.12,842576900.0,549.23,50.0,58.39,2025-08-19,58.39,549.23
20250820,000688,上证科创板50成份指数,科创50,SSE Science and Technology Innovation Board 50 Index,STAR 50,1109.7,1148.74,1105.27,1148.15,35.88,3.23,1000487200.0,654.59,50.0,60.28,2025-08-20,60.28,654.59
20250821,000688,上证科创板50成份指数,科创50,SSE Science and Technology Innovation Board 50 Index,STAR 50,1150.98,1173.28,1143.16,1149.15,1.0,0.09,981130200.0,657.18,50.0,60.47,2025-08-21,60.47,657.18
20250822,000688,上证科创板50成份指数,科创50,SSE Science and Technology Innovation Board 50 Index,STAR 50,1162.29,1248.07,1162.29,1247.86,98.71,8.59,1624784100.0,1104.3,50.0,66.29,2025-08-22,66.29,1104.3
20250825,000688,上证科创板50成份指数,科创50,SSE Science and Technology Innovation Board 50 Index,STAR 50,1282.05,1320.72,1252.84,1287.73,39.87,3.2,1883804500.0,1345.4,50.0,69.1,2025-08-25,69.1,1345.4
20250826,000688,上证科创板50成份指数,科创50,SSE Science and Technology Innovation Board 50 Index,STAR 50,1266.59,1284.07,1257.44,1270.87,-16.86,-1.31,1137635600.0,820.91,50.0,68.17,2025-08-26,68.17,820.91
20250827,000688,上证科创板50成份指数,科创50,SSE Science and Technology Innovation Board 50 Index,STAR 50,1285.44,1332.82,1272.55,1272.56,1.68,0.13,1611894800.0,1210.89,50.0,68.31,2025-08-27,68.31,1210.89
20250828,000688,上证科创板50成份指数,科创50,SSE Science and Technology Innovation Board 50 Index,STAR 50,1280.24,1365.92,1275.5,1364.6,92.05,7.23,1900940100.0,1355.15,50.0,73.23,2025-08-28,73.23,1355.15
20250829,000688,上证科创板50成份指数,科创50,SSE Science and Technology Innovation Board 50 Index,STAR 50,1335.65,1346.76,1314.74,1341.31,-23.29,-1.71,1561683000.0,1111.48,50.0,71.5,2025-08-29,71.5,1111.48
20250901,000688,上证科创板50成份指数,科创50,SSE Science and Technology Innovation Board 50 Index,STAR 50,1348.53,1366.92,1322.8,1357.15,15.84,1.18,1543817900.0,958.41,50.0,73.53,2025-09-01,73.53,958.41
20250902,000688,上证科创板50成份指数,科创50,SSE Science and Technology Innovation Board 50 Index,STAR 50,1353.94,1364.2,1314.12,1328.28,-28.87,-2.13,1339363800.0,900.62,50.0,71.95,2025-09-02,71.95,900.62
20250903,000688,上证科创板50成份指数,科创50,SSE Science and Technology Innovation Board 50 Index,STAR 50,1318.51,1325.75,1296.71,1306.48,-21.8,-1.64,1093792300.0,681.53,50.0,70.35,2025-09-03,70.35,681.53
20250904,000688,上证科创板50成份指数,科创50,SSE Science and Technology Innovation Board 50 Index,STAR 50,1301.98,1304.05,1210.87,1226.98,-79.49,-6.08,1529605300.0,904.77,50.0,65.36,2025-09-04,65.36,904.77
20250905,000688,上证科创板50成份指数,科创50,SSE Science and Technology Innovation Board 50 Index,STAR 50,1232.21,1275.1,1220.78,1268.55,41.57,3.39,1365915700.0,747.41,50.0,67.68,2025-09-05,67.68,747.41
20250908,000688,上证科创板50成份指数,科创50,SSE Science and Technology Innovation Board 50 Index,STAR 50,1266.47,1280.82,1253.73,1275.87,7.32,0.58,1295355100.0,702.66,50.0,68.1,2025-09-08,68.1,702.66
20250909,000688,上证科创板50成份指数,科创50,SSE Science and Technology Innovation Board 50 Index,STAR 50,1250.96,1271.96,1239.94,1245.53,-30.34,-2.38,1120618700.0,689.63,50.0,66.84,2025-09-09,66.84,689.63
20250910,000688,上证科创板50成份指数,科创50,SSE Science and Technology Innovation Board 50 Index,STAR 50,1253.5,1272.91,1246.26,1259.1,13.57,1.09,989643700.0,711.42,50.0,67.89,2025-09-10,67.89,711.42
20250911,000688,上证科创板50成份指数,科创50,SSE Science and Technology Innovation Board 50 Index,STAR 50,1254.19,1332.76,1244.14,1326.03,66.94,5.32,1354350400.0,1060.02,50.0,72.27,2025-09-11,72.27,1060.02
20250912,000688,上证科创板50成份指数,科创50,SSE Science and Technology Innovation Board 50 Index,STAR 50,1324.84,1360.07,1323.45,1338.02,11.99,0.9,1369601100.0,1158.08,50.0,72.57,2025-09-12,72.57,1158.08
20250915,000688,上证科创板50成份指数,科创50,SSE Science and Technology Innovation Board 50 Index,STAR 50,1362.85,1366.46,1332.43,1340.4,2.38,0.18,1424889500.0,976.45,50.0,73.31,2025-09-15,73.31,976.45
20250916,000688,上证科创板50成份指数,科创50,SSE Science and Technology Innovation Board 50 Index,STAR 50,1347.2,1370.29,1347.2,1358.05,17.65,1.32,1158610900.0,947.73,50.0,74.33,2025-09-16,74.33,947.73
20250917,000688,上证科创板50成份指数,科创50,SSE Science and Technology Innovation Board 50 Index,STAR 50,1351.64,1378.87,1338.95,1370.43,12.38,0.91,1256012000.0,922.29,50.0,74.86,2025-09-17,74.86,922.29
20250918,000688,上证科创板50成份指数,科创50,SSE Science and Technology Innovation Board 50 Index,STAR 50,1385.5,1433.57,1351.14,1380.35,9.92,0.72,1742902500.0,1396.08,50.0,75.3,2025-09-18,75.3,1396.08
20250919,000688,上证科创板50成份指数,科创50,SSE Science and Technology Innovation Board 50 Index,STAR 50,1388.86,1400.69,1359.29,1362.65,-17.7,-1.28,1213906200.0,1012.84,50.0,74.03,2025-09-19,74.03,1012.84
20250922,000688,上证科创板50成份指数,科创50,SSE Science and Technology Innovation Board 50 Index,STAR 50,1361.25,1422.74,1353.71,1408.64,46.0,3.38,1265197300.0,1142.42,50.0,76.53,2025-09-22,76.53,1142.42
20250923,000688,上证科创板50成份指数,科创50,SSE Science and Technology Innovation Board 50 Index,STAR 50,1406.61,1419.28,1364.44,1407.3,-1.34,-0.1,1518367400.0,1154.57,50.0,76.12,2025-09-23,76.12,1154.57
20250924,000688,上证科创板50成份指数,科创50,SSE Science and Technology Innovation Board 50 Index,STAR 50,1395.37,1479.7,1394.68,1456.47,49.17,3.49,1978034100.0,1268.25,50.0,78.65,2025-09-24,78.65,1268.25
20250925,000688,上证科创板50成份指数,科创50,SSE Science and Technology Innovation Board 50 Index,STAR 50,1449.65,1486.43,1448.69,1474.49,18.02,1.24,1654722000.0,1029.49,50.0,79.7,2025-09-25,79.7,1029.49
20250926,000688,上证科创板50成份指数,科创50,SSE Science and Technology Innovation Board 50 Index,STAR 50,1461.95,1485.88,1448.96,1450.82,-23.66,-1.6,1725102900.0,938.98,50.0,78.36,2025-09-26,78.36,938.98
20250929,000688,上证科创板50成份指数,科创50,SSE Science and Technology Innovation Board 50 Index,STAR 50,1448.55,1470.41,1424.84,1470.41,19.59,1.35,1541410700.0,962.97,50.0,79.12,2025-09-29,79.12,962.97
20250930,000688,上证科创板50成份指数,科创50,SSE Science and Technology Innovation Board 50 Index,STAR 50,1488.29,1505.91,1478.42,1495.29,24.87,1.69,1473150600.0,997.99,50.0,80.01,2025-09-30,80.01,997.99
20251009,000688,上证科创板50成份指数,科创50,SSE Science and Technology Innovation Board 50 Index,STAR 50,1526.92,1588.83,1522.79,1539.08,43.79,2.93,2214971600.0,1460.61,50.0,82.06,2025-10-09,82.06,1460.61
20251010,000688,上证科创板50成份指数,科创50,SSE Science and Technology Innovation Board 50 Index,STAR 50,1511.16,1512.34,1444.99,1452.68,-86.41,-5.61,1797651300.0,1194.86,50.0,77.55,2025-10-10,77.55,1194.86
20251013,000688,上证科创板50成份指数,科创50,SSE Science and Technology Innovation Board 50 Index,STAR 50,1409.68,1476.13,1409.68,1473.02,20.34,1.4,1677396600.0,1115.6,50.0,78.39,2025-10-13,78.39,1115.6
20251014,000688,上证科创板50成份指数,科创50,SSE Science and Technology Innovation Board 50 Index,STAR 50,1488.05,1489.17,1399.97,1410.3,-62.72,-4.26,1846890800.0,1170.52,50.0,74.74,2025-10-14,74.74,1170.52
20251015,000688,上证科创板50成份指数,科创50,SSE Science and Technology Innovation Board 50 Index,STAR 50,1409.53,1430.28,1390.99,1430.0,19.7,1.4,1288930800.0,797.21,50.0,76.25,2025-10-15,76.25,797.21
20251016,000688,上证科创板50成份指数,科创50,SSE Science and Technology Innovation Board 50 Index,STAR 50,1419.55,1444.23,1409.7,1416.58,-13.42,-0.94,1089813700.0,741.72,50.0,75.45,2025-10-16,75.45,741.72
20251017,000688,上证科创板50成份指数,科创50,SSE Science and Technology Innovation Board 50 Index,STAR 50,1411.74,1415.66,1360.45,1363.17,-53.41,-3.77,1167923100.0,728.42,50.0,72.9,2025-10-17,72.9,728.42
20251020,000688,上证科创板50成份指数,科创50,SSE Science and Technology Innovation Board 50 Index,STAR 50,1390.71,1397.73,1358.69,1367.9,4.73,0.35,936950300.0,689.35,50.0,73.35,2025-10-20,73.35,689.35
20251021,000688,上证科创板50成份指数,科创50,SSE Science and Technology Innovation Board 50 Index,STAR 50,1374.98,1410.07,1368.01,1406.32,38.42,2.81,951331300.0,763.0,50.0,75.56,2025-10-21,75.56,763.0
20251022,000688,上证科创板50成份指数,科创50,SSE Science and Technology Innovation Board 50 Index,STAR 50,1392.59,1424.23,1380.98,1405.41,-0.91,-0.06,816675700.0,704.73,50.0,75.89,2025-10-22,75.89,704.73
20251023,000688,上证科创板50成份指数,科创50,SSE Science and Technology Innovation Board 50 Index,STAR 50,1396.09,1403.94,1375.75,1401.26,-4.15,-0.3,777447300.0,554.02,50.0,75.55,2025-10-23,75.55,554.02
20251024,000688,上证科创板50成份指数,科创50,SSE Science and Technology Innovation Board 50 Index,STAR 50,1421.21,1466.85,1416.46,1462.22,60.97,4.35,1081786200.0,989.26,50.0,79.19,2025-10-24,79.19,989.26
20251027,000688,上证科创板50成份指数,科创50,SSE Science and Technology Innovation Board 50 Index,STAR 50,1489.66,1491.11,1457.65,1484.21,21.98,1.5,1320700300.0,1070.29,50.0,80.29,2025-10-27,80.29,1070.29
20251028,000688,上证科创板50成份指数,科创50,SSE Science and Technology Innovation Board 50 Index,STAR 50,1470.48,1496.06,1463.46,1471.73,-12.48,-0.84,1085480600.0,878.13,50.0,79.62,2025-10-28,79.62,878.13
20251029,000688,上证科创板50成份指数,科创50,SSE Science and Technology Innovation Board 50 Index,STAR 50,1466.44,1495.38,1465.31,1489.12,17.39,1.18,1266585900.0,861.54,50.0,80.4,2025-10-29,80.4,861.54
20251030,000688,上证科创板50成份指数,科创50,SSE Science and Technology Innovation Board 50 Index,STAR 50,1485.94,1494.4,1461.3,1461.3,-27.82,-1.87,1358141800.0,988.12,50.0,78.92,2025-10-30,78.92,988.12
20251031,000688,上证科创板50成份指数,科创50,SSE Science and Technology Innovation Board 50 Index,STAR 50,1451.06,1452.24,1415.53,1415.53,-45.77,-3.13,1407525200.0,949.51,50.0,76.29,2025-10-31,76.29,949.51
20251103,000688,上证科创板50成份指数,科创50,SSE Science and Technology Innovation Board 50 Index,STAR 50,1403.46,1406.01,1372.25,1400.86,-14.67,-1.04,1343344200.0,775.16,50.0,75.3,2025-11-03,75.3,775.16
20251104,000688,上证科创板50成份指数,科创50,SSE Science and Technology Innovation Board 50 Index,STAR 50,1406.86,1415.73,1378.64,1387.24,-13.62,-0.97,1078230200.0,683.82,50.0,74.84,2025-11-04,74.84,683.82
20251105,000688,上证科创板50成份指数,科创50,SSE Science and Technology Innovation Board 50 Index,STAR 50,1355.72,1398.37,1355.72,1390.39,3.16,0.23,1180566100.0,627.05,50.0,74.98,2025-11-05,74.98,627.05
20251106,000688,上证科创板50成份指数,科创50,SSE Science and Technology Innovation Board 50 Index,STAR 50,1405.15,1442.81,1403.07,1436.86,46.46,3.34,1370438500.0,909.92,50.0,78.05,2025-11-06,78.05,909.92
20251107,000688,上证科创板50成份指数,科创50,SSE Science and Technology Innovation Board 50 Index,STAR 50,1420.23,1434.39,1414.47,1415.69,-21.17,-1.47,1319918500.0,647.51,50.0,76.72,2025-11-07,76.72,647.51
20251110,000688,上证科创板50成份指数,科创50,SSE Science and Technology Innovation Board 50 Index,STAR 50,1422.32,1431.77,1389.77,1407.56,-8.13,-0.57,1344762300.0,727.73,50.0,75.94,2025-11-10,75.94,727.73
20251111,000688,上证科创板50成份指数,科创50,SSE Science and Technology Innovation Board 50 Index,STAR 50,1416.86,1423.68,1385.07,1387.53,-20.02,-1.42,1175212700.0,648.48,50.0,74.7,2025-11-11,74.7,648.48
20251112,000688,上证科创板50成份指数,科创50,SSE Science and Technology Innovation Board 50 Index,STAR 50,1377.15,1388.51,1362.38,1379.45,-8.08,-0.58,1272404100.0,618.53,50.0,74.52,2025-11-12,74.52,618.53
20251113,000688,上证科创板50成份指数,科创50,SSE Science and Technology Innovation Board 50 Index,STAR 50,1376.37,1404.63,1373.49,1399.29,19.84,1.44,1211163000.0,627.6,50.0,75.21,2025-11-13,75.21,627.6
20251114,000688,上证科创板50成份指数,科创50,SSE Science and Technology Innovation Board 50 Index,STAR 50,1379.44,1390.62,1361.23,1361.23,-38.06,-2.72,1152590000.0,612.92,50.0,73.1,2025-11-14,73.1,612.92
20251117,000688,上证科创板50成份指数,科创50,SSE Science and Technology Innovation Board 50 Index,STAR 50,1363.48,1377.55,1344.91,1354.04,-7.19,-0.53,1130595500.0,595.42,50.0,72.42,2025-11-17,72.42,595.42
20251118,000688,上证科创板50成份指数,科创50,SSE Science and Technology Innovation Board 50 Index,STAR 50,1350.51,1374.03,1348.1,1357.93,3.89,0.29,1153598500.0,612.24,50.0,72.83,2025-11-18,72.83,612.24
20251119,000688,上证科创板50成份指数,科创50,SSE Science and Technology Innovation Board 50 Index,STAR 50,1355.13,1363.86,1338.45,1344.8,-13.13,-0.97,900613000.0,455.05,50.0,72.25,2025-11-19,72.25,455.05
20251120,000688,上证科创板50成份指数,科创50,SSE Science and Technology Innovation Board 50 Index,STAR 50,1362.85,1364.48,1327.29,1328.19,-16.61,-1.24,774703900.0,437.45,50.0,71.56,2025-11-20,71.56,437.45
20251121,000688,上证科创板50成份指数,科创50,SSE Science and Technology Innovation Board 50 Index,STAR 50,1300.48,1311.32,1282.45,1285.83,-42.36,-3.19,1007064900.0,560.3,50.0,69.26,2025-11-21,69.26,560.3
20251124,000688,上证科创板50成份指数,科创50,SSE Science and Technology Innovation Board 50 Index,STAR 50,1295.88,1306.04,1273.49,1296.6,10.77,0.84,881365300.0,508.27,50.0,70.0,2025-11-24,70.0,508.27
20251125,000688,上证科创板50成份指数,科创50,SSE Science and Technology Innovation Board 50 Index,STAR 50,1309.67,1323.21,1298.85,1302.17,5.56,0.43,827302300.0,527.35,50.0,70.14,2025-11-25,70.14,527.35
20251126,000688,上证科创板50成份指数,科创50,SSE Science and Technology Innovation Board 50 Index,STAR 50,1296.46,1327.54,1293.18,1315.04,12.87,0.99,781582700.0,575.76,50.0,71.05,2025-11-26,71.05,575.76
20251127,000688,上证科创板50成份指数,科创50,SSE Science and Technology Innovation Board 50 Index,STAR 50,1325.85,1351.44,1308.85,1310.7,-4.34,-0.33,803048900.0,618.1,50.0,70.84,2025-11-27,70.84,618.1
20251128,000688,上证科创板50成份指数,科创50,SSE Science and Technology Innovation Board 50 Index,STAR 50,1307.96,1329.33,1303.2,1327.15,16.45,1.25,882469200.0,495.77,50.0,71.65,2025-11-28,71.65,495.77
20251201,000688,上证科创板50成份指数,科创50,SSE Science and Technology Innovation Board 50 Index,STAR 50,1329.42,1341.95,1310.42,1336.76,9.61,0.72,1119198600.0,654.93,50.0,72.29,2025-12-01,72.29,654.93
20251202,000688,上证科创板50成份指数,科创50,SSE Science and Technology Innovation Board 50 Index,STAR 50,1334.0,1335.75,1315.46,1320.16,-16.6,-1.24,762146400.0,470.79,50.0,71.43,2025-12-02,71.43,470.79
20251203,000688,上证科创板50成份指数,科创50,SSE Science and Technology Innovation Board 50 Index,STAR 50,1317.58,1324.71,1303.34,1308.37,-11.79,-0.89,702705800.0,432.55,50.0,70.92,2025-12-03,70.92,432.55
20251204,000688,上证科创板50成份指数,科创50,SSE Science and Technology Innovation Board 50 Index,STAR 50,1303.99,1326.23,1294.76,1326.16,17.8,1.36,677877100.0,487.48,50.0,72.06,2025-12-04,72.06,487.48
20251205,000688,上证科创板50成份指数,科创50,SSE Science and Technology Innovation Board 50 Index,STAR 50,1319.72,1330.59,1303.72,1326.1,-0.06,0.0,709168600.0,498.21,50.0,72.05,2025-12-05,72.05,498.21
20251208,000688,上证科创板50成份指数,科创50,SSE Science and Technology Innovation Board 50 Index,STAR 50,1325.97,1360.71,1325.74,1350.8,24.69,1.86,831105000.0,639.52,50.0,73.55,2025-12-08,73.55,639.52
20251209,000688,上证科创板50成份指数,科创50,SSE Science and Technology Innovation Board 50 Index,STAR 50,1338.85,1358.9,1337.32,1347.11,-3.69,-0.27,705705700.0,548.19,50.0,73.52,2025-12-09,73.52,548.19
20251210,000688,上证科创板50成份指数,科创50,SSE Science and Technology Innovation Board 50 Index,STAR 50,1337.52,1350.65,1317.71,1346.7,-0.4,-0.03,827364000.0,553.57,50.0,73.5,2025-12-10,73.5,553.57
20251211,000688,上证科创板50成份指数,科创50,SSE Science and Technology Innovation Board 50 Index,STAR 50,1349.67,1350.87,1325.83,1325.83,-20.87,-1.55,812499600.0,532.4,50.0,72.27,2025-12-11,72.27,532.4
20251212,000688,上证科创板50成份指数,科创50,SSE Science and Technology Innovation Board 50 Index,STAR 50,1324.3,1351.56,1314.01,1348.88,23.05,1.74,1218971100.0,838.66,50.0,73.26,2025-12-12,73.26,838.66
20251215,000688,上证科创板50成份指数,科创50,SSE Science and Technology Innovation Board 50 Index,STAR 50,1333.36,1343.78,1318.53,1318.91,-29.97,-2.22,847012000.0,583.46,50.0,72.03,2025-12-15,72.03,583.46
20251216,000688,上证科创板50成份指数,科创50,SSE Science and Technology Innovation Board 50 Index,STAR 50,1313.53,1317.15,1286.25,1293.38,-25.52,-1.94,733072600.0,471.52,50.0,70.59,2025-12-16,70.59,471.52
20251217,000688,上证科创板50成份指数,科创50,SSE Science and Technology Innovation Board 50 Index,STAR 50,1294.7,1327.76,1289.24,1325.33,31.95,2.47,773892100.0,501.78,50.0,72.64,2025-12-17,72.64,501.78
20251218,000688,上证科创板50成份指数,科创50,SSE Science and Technology Innovation Board 50 Index,STAR 50,1314.67,1323.68,1305.97,1305.97,-19.37,-1.46,627046500.0,387.19,50.0,68.52,2025-12-18,68.52,387.19
20251219,000688,上证科创板50成份指数,科创50,SSE Science and Technology Innovation Board 50 Index,STAR 50,1314.75,1323.86,1306.8,1308.59,2.62,0.2,643658500.0,388.85,50.0,68.57,2025-12-19,68.57,388.85
20251222,000688,上证科创板50成份指数,科创50,SSE Science and Technology Innovation Board 50 Index,STAR 50,1314.07,1338.14,1314.07,1335.25,26.66,2.04,801867000.0,551.39,50.0,70.13,2025-12-22,70.13,551.39
20251223,000688,上证科创板50成份指数,科创50,SSE Science and Technology Innovation Board 50 Index,STAR 50,1333.54,1348.54,1331.39,1340.02,4.77,0.36,762758600.0,528.24,50.0,70.67,2025-12-23,70.67,528.24
20251224,000688,上证科创板50成份指数,科创50,SSE Science and Technology Innovation Board 50 Index,STAR 50,1342.13,1352.74,1332.92,1352.13,12.11,0.9,733909000.0,510.88,50.0,71.08,2025-12-24,71.08,510.88
20251225,000688,上证科创板50成份指数,科创50,SSE Science and Technology Innovation Board 50 Index,STAR 50,1347.78,1356.6,1339.97,1349.06,-3.07,-0.23,726230500.0,448.28,50.0,71.02,2025-12-25,71.02,448.28
20251226,000688,上证科创板50成份指数,科创50,SSE Science and Technology Innovation Board 50 Index,STAR 50,1346.11,1356.11,1339.14,1345.83,-3.23,-0.24,852160100.0,451.9,50.0,70.73,2025-12-26,70.73,451.9
20251229,000688,上证科创板50成份指数,科创50,SSE Science and Technology Innovation Board 50 Index,STAR 50,1345.98,1364.27,1341.94,1346.32,0.49,0.04,1039029700.0,584.89,50.0,70.91,2025-12-29,70.91,584.89
20251230,000688,上证科创板50成份指数,科创50,SSE Science and Technology Innovation Board 50 Index,STAR 50,1346.13,1367.01,1346.03,1359.87,13.55,1.01,794150500.0,592.71,50.0,71.85,2025-12-30,71.85,592.71
20251231,000688,上证科创板50成份指数,科创50,SSE Science and Technology Innovation Board 50 Index,STAR 50,1367.17,1368.48,1342.68,1344.2,-15.67,-1.15,730691500.0,492.85,50.0,71.04,2025-12-31,71.04,492.85
20260105,000688,上证科创板50成份指数,科创50,SSE Science and Technology Innovation Board 50 Index,STAR 50,1360.9,1403.53,1360.9,1403.41,59.21,4.41,1034546600.0,811.88,50.0,73.77,2026-01-05,73.77,811.88
20260106,000688,上证科创板50成份指数,科创50,SSE Science and Technology Innovation Board 50 Index,STAR 50,1401.79,1442.1,1400.4,1429.3,25.89,1.84,1182033200.0,807.98,50.0,74.79,2026-01-06,74.79,807.98
20260107,000688,上证科创板50成份指数,科创50,SSE Science and Technology Innovation Board 50 Index,STAR 50,1442.51,1452.04,1427.98,1443.39,14.09,0.99,1233854800.0,871.28,50.0,75.45,2026-01-07,75.45,871.28
20260108,000688,上证科创板50成份指数,科创50,SSE Science and Technology Innovation Board 50 Index,STAR 50,1441.19,1483.23,1441.19,1455.17,11.78,0.82,1348228800.0,992.48,50.0,76.52,2026-01-08,76.52,992.48
20260109,000688,上证科创板50成份指数,科创50,SSE Science and Technology Innovation Board 50 Index,STAR 50,1442.22,1477.24,1437.58,1475.97,20.79,1.43,1330640500.0,910.06,50.0,77.83,2026-01-09,77.83,910.06
20260112,000688,上证科创板50成份指数,科创50,SSE Science and Technology Innovation Board 50 Index,STAR 50,1490.5,1515.11,1478.85,1511.84,35.87,2.43,1567591900.0,1066.4,50.0,79.53,2026-01-12,79.53,1066.4
20260113,000688,上证科创板50成份指数,科创50,SSE Science and Technology Innovation Board 50 Index,STAR 50,1508.18,1511.65,1460.41,1469.57,-42.27,-2.8,1523474700.0,1044.49,50.0,76.96,2026-01-13,76.96,1044.49
20260114,000688,上证科创板50成份指数,科创50,SSE Science and Technology Innovation Board 50 Index,STAR 50,1479.3,1532.58,1479.3,1500.91,31.34,2.13,1777974500.0,1238.81,50.0,78.8,2026-01-14,78.8,1238.81
20260115,000688,上证科创板50成份指数,科创50,SSE Science and Technology Innovation Board 50 Index,STAR 50,1491.23,1504.84,1468.02,1493.95,-6.97,-0.46,1408817300.0,958.46,50.0,78.27,2026-01-15,78.27,958.46
20260116,000688,上证科创板50成份指数,科创50,SSE Science and Technology Innovation Board 50 Index,STAR 50,1509.7,1528.78,1495.68,1514.07,20.12,1.35,1676577600.0,1167.9,50.0,79.08,2026-01-16,79.08,1167.9
20260119,000688,上证科创板50成份指数,科创50,SSE Science and Technology Innovation Board 50 Index,STAR 50,1513.59,1525.12,1502.72,1506.86,-7.21,-0.48,1287625700.0,933.07,50.0,79.17,2026-01-19,79.17,933.07
20260120,000688,上证科创板50成份指数,科创50,SSE Science and Technology Innovation Board 50 Index,STAR 50,1508.37,1525.81,1473.19,1482.99,-23.86,-1.58,1403065800.0,977.64,50.0,77.35,2026-01-20,77.35,977.64
20260121,000688,上证科创板50成份指数,科创50,SSE Science and Technology Innovation Board 50 Index,STAR 50,1482.66,1546.05,1482.66,1535.39,52.4,3.53,1444741400.0,1173.11,50.0,80.24,2026-01-21,80.24,1173.11
20260122,000688,上证科创板50成份指数,科创50,SSE Science and Technology Innovation Board 50 Index,STAR 50,1563.38,1574.97,1530.25,1541.64,6.24,0.41,1521219400.0,1144.72,50.0,80.28,2026-01-22,80.28,1144.72
20260123,000688,上证科创板50成份指数,科创50,SSE Science and Technology Innovation Board 50 Index,STAR 50,1530.28,1553.71,1523.5,1553.71,12.07,0.78,2124468700.0,1107.67,50.0,80.29,2026-01-23,80.29,1107.67
20260126,000688,上证科创板50成份指数,科创50,SSE Science and Technology Innovation Board 50 Index,STAR 50,1556.57,1575.45,1529.32,1532.8,-20.91,-1.35,2123161200.0,1089.17,50.0,78.88,2026-01-26,78.88,1089.17
20260127,000688,上证科创板50成份指数,科创50,SSE Science and Technology Innovation Board 50 Index,STAR 50,1530.07,1562.58,1507.41,1555.98,23.18,1.51,1978728100.0,1021.43,50.0,79.53,2026-01-27,79.53,1021.43
20260128,000688,上证科创板50成份指数,科创50,SSE Science and Technology Innovation Board 50 Index,STAR 50,1566.19,1569.44,1535.9,1554.8,-1.17,-0.08,1554361000.0,1046.13,50.0,79.53,2026-01-28,79.53,1046.13
20260129,000688,上证科创板50成份指数,科创50,SSE Science and Technology Innovation Board 50 Index,STAR 50,1550.99,1560.64,1507.3,1507.64,-47.16,-3.03,1640834400.0,985.86,50.0,77.26,2026-01-29,77.26,985.86
20260130,000688,上证科创板50成份指数,科创50,SSE Science and Technology Innovation Board 50 Index,STAR 50,1501.51,1522.33,1465.32,1509.4,1.76,0.12,1486558300.0,929.95,50.0,77.22,2026-01-30,77.22,929.95
20260202,000688,上证科创板50成份指数,科创50,SSE Science and Technology Innovation Board 50 Index,STAR 50,1492.81,1508.54,1450.1,1450.9,-58.5,-3.88,1315396700.0,865.96,50.0,74.45,2026-02-02,74.45,865.96
20260203,000688,上证科创板50成份指数,科创50,SSE Science and Technology Innovation Board 50 Index,STAR 50,1475.57,1478.05,1430.0,1471.07,20.17,1.39,1389145900.0,988.26,50.0,74.48,2026-02-03,74.48,988.26
20260204,000688,上证科创板50成份指数,科创50,SSE Science and Technology Innovation Board 50 Index,STAR 50,1452.98,1455.12,1432.6,1453.48,-17.59,-1.2,1563905000.0,765.93,50.0,73.24,2026-02-04,73.24,765.93
20260205,000688,上证科创板50成份指数,科创50,SSE Science and Technology Innovation Board 50 Index,STAR 50,1423.66,1441.16,1416.26,1432.52,-20.95,-1.44,1519927800.0,677.31,50.0,72.44,2026-02-05,72.44,677.31
20260206,000688,上证科创板50成份指数,科创50,SSE Science and Technology Innovation Board 50 Index,STAR 50,1415.05,1440.81,1405.87,1422.41,-10.12,-0.71,1303509900.0,622.58,50.0,72.05,2026-02-06,72.05,622.58
20260209,000688,上证科创板50成份指数,科创50,SSE Science and Technology Innovation Board 50 Index,STAR 50,1453.54,1458.93,1441.9,1458.16,35.76,2.51,1574783900.0,729.1,50.0,73.62,2026-02-09,73.62,729.1
20260210,000688,上证科创板50成份指数,科创50,SSE Science and Technology Innovation Board 50 Index,STAR 50,1463.35,1485.97,1463.35,1471.5,13.34,0.91,1177039100.0,684.1,50.0,74.38,2026-02-10,74.38,684.1
20260211,000688,上证科创板50成份指数,科创50,SSE Science and Technology Innovation Board 50 Index,STAR 50,1462.0,1467.28,1453.01,1455.11,-16.38,-1.11,897850900.0,486.45,50.0,73.51,2026-02-11,73.51,486.45
20260212,000688,上证科创板50成份指数,科创50,SSE Science and Technology Innovation Board 50 Index,STAR 50,1463.61,1481.98,1454.63,1480.99,25.88,1.78,1001520900.0,693.29,50.0,74.57,2026-02-12,74.57,693.29
20260213,000688,上证科创板50成份指数,科创50,SSE Science and Technology Innovation Board 50 Index,STAR 50,1470.26,1492.09,1466.71,1470.33,-10.66,-0.72,989661600.0,615.93,50.0,74.09,2026-02-13,74.09,615.93
20260224,000688,上证科创板50成份指数,科创50,SSE Science and Technology Innovation Board 50 Index,STAR 50,1493.45,1493.77,1453.55,1465.37,-4.97,-0.34,1029596900.0,689.36,50.0,73.53,2026-02-24,73.53,689.36
20260225,000688,上证科创板50成份指数,科创50,SSE Science and Technology Innovation Board 50 Index,STAR 50,1468.51,1481.29,1454.41,1473.28,7.92,0.54,1107588300.0,700.42,50.0,74.18,2026-02-25,74.18,700.42
20260226,000688,上证科创板50成份指数,科创50,SSE Science and Technology Innovation Board 50 Index,STAR 50,1478.73,1494.75,1456.03,1485.86,12.58,0.85,1115413400.0,836.24,50.0,75.41,2026-02-26,75.41,836.24
20260227,000688,上证科创板50成份指数,科创50,SSE Science and Technology Innovation Board 50 Index,STAR 50,1468.08,1493.52,1463.73,1488.02,2.16,0.15,999977200.0,783.95,50.0,75.38,2026-02-27,75.38,783.95
20260302,000688,上证科创板50成份指数,科创50,SSE Science and Technology Innovation Board 50 Index,STAR 50,1459.78,1486.55,1459.51,1464.77,-23.25,-1.56,1342734800.0,793.48,50.0,74.86,2026-03-02,74.86,793.48
20260303,000688,上证科创板50成份指数,科创50,SSE Science and Technology Innovation Board 50 Index,STAR 50,1467.76,1469.6,1385.59,1388.41,-76.36,-5.21,1430240300.0,881.82,50.0,71.16,2026-03-03,71.16,881.82
20260304,000688,上证科创板50成份指数,科创50,SSE Science and Technology Innovation Board 50 Index,STAR 50,1380.13,1407.0,1376.11,1381.56,-6.85,-0.49,1070558500.0,654.95,50.0,70.5,2026-03-04,70.5,654.95
20260305,000688,上证科创板50成份指数,科创50,SSE Science and Technology Innovation Board 50 Index,STAR 50,1418.88,1423.61,1397.76,1405.35,23.8,1.72,1100698600.0,822.9,50.0,71.64,2026-03-05,71.64,822.9
20260306,000688,上证科创板50成份指数,科创50,SSE Science and Technology Innovation Board 50 Index,STAR 50,1396.59,1422.0,1396.59,1414.39,9.04,0.64,969054900.0,601.18,50.0,71.75,2026-03-06,71.75,601.18
20260309,000688,上证科创板50成份指数,科创50,SSE Science and Technology Innovation Board 50 Index,STAR 50,1373.82,1398.25,1351.88,1390.48,-23.91,-1.69,1184009400.0,743.29,50.0,70.26,2026-03-09,70.26,743.29
20260310,000688,上证科创板50成份指数,科创50,SSE Science and Technology Innovation Board 50 Index,STAR 50,1417.26,1424.72,1402.63,1420.54,30.06,2.16,1215340300.0,651.04,50.0,71.81,2026-03-10,71.81,651.04
20260311,000688,上证科创板50成份指数,科创50,SSE Science and Technology Innovation Board 50 Index,STAR 50,1421.35,1427.1,1400.45,1401.08,-19.45,-1.37,1297367900.0,654.94,50.0,70.97,2026-03-11,70.97,654.94
20260312,000688,上证科创板50成份指数,科创50,SSE Science and Technology Innovation Board 50 Index,STAR 50,1397.78,1412.53,1372.97,1383.65,-17.43,-1.24,1175919300.0,629.59,50.0,70.32,2026-03-12,70.32,629.59
20260313,000688,上证科创板50成份指数,科创50,SSE Science and Technology Innovation Board 50 Index,STAR 50,1374.65,1392.43,1365.62,1373.64,-10.02,-0.72,1200226300.0,667.81,50.0,69.77,2026-03-13,69.77,667.81
20260316,000688,上证科创板50成份指数,科创50,SSE Science and Technology Innovation Board 50 Index,STAR 50,1370.7,1386.55,1349.27,1384.99,11.35,0.83,1095376200.0,738.16,50.0,73.62,2026-03-16,73.62,738.16
20260317,000688,上证科创板50成份指数,科创50,SSE Science and Technology Innovation Board 50 Index,STAR 50,1386.26,1390.84,1354.15,1354.15,-30.83,-2.23,918465500.0,584.19,50.0,71.89,2026-03-17,71.89,584.19
20260318,000688,上证科创板50成份指数,科创50,SSE Science and Technology Innovation Board 50 Index,STAR 50,1363.54,1373.86,1348.23,1372.58,18.42,1.36,979986600.0,636.48,50.0,72.67,2026-03-18,72.67,636.48
20260319,000688,上证科创板50成份指数,科创50,SSE Science and Technology Innovation Board 50 Index,STAR 50,1348.55,1354.72,1333.68,1339.03,-33.54,-2.44,1105292300.0,620.07,50.0,70.85,2026-03-19,70.85,620.07
20260320,000688,上证科创板50成份指数,科创50,SSE Science and Technology Innovation Board 50 Index,STAR 50,1344.93,1347.37,1317.4,1318.31,-20.73,-1.55,1409109800.0,726.36,50.0,69.63,2026-03-20,69.63,726.36
20260323,000688,上证科创板50成份指数,科创50,SSE Science and Technology Innovation Board 50 Index,STAR 50,1292.89,1305.79,1254.85,1261.44,-56.87,-4.31,1424810100.0,737.43,50.0,66.71,2026-03-23,66.71,737.43
20260324,000688,上证科创板50成份指数,科创50,SSE Science and Technology Innovation Board 50 Index,STAR 50,1281.58,1291.92,1249.01,1290.79,29.35,2.33,1171663000.0,673.32,50.0,68.33,2026-03-24,68.33,673.32
20260325,000688,上证科创板50成份指数,科创50,SSE Science and Technology Innovation Board 50 Index,STAR 50,1299.63,1326.65,1299.63,1315.41,24.62,1.91,1100570500.0,715.81,50.0,69.42,2026-03-25,69.42,715.81
20260326,000688,上证科创板50成份指数,科创50,SSE Science and Technology Innovation Board 50 Index,STAR 50,1313.97,1316.46,1285.38,1288.81,-26.6,-2.02,863177000.0,555.19,50.0,68.33,2026-03-26,68.33,555.19
20260327,000688,上证科创板50成份指数,科创50,SSE Science and Technology Innovation Board 50 Index,STAR 50,1265.53,1308.94,1265.53,1300.76,11.95,0.93,860307000.0,527.52,50.0,68.91,2026-03-27,68.91,527.52
20260330,000688,上证科创板50成份指数,科创50,SSE Science and Technology Innovation Board 50 Index,STAR 50,1278.99,1294.54,1269.32,1289.78,-10.98,-0.84,935720400.0,534.33,50.0,68.57,2026-03-30,68.57,534.33
20260331,000688,上证科创板50成份指数,科创50,SSE Science and Technology Innovation Board 50 Index,STAR 50,1283.9,1296.03,1256.33,1256.33,-33.45,-2.59,958319000.0,576.09,50.0,67.17,2026-03-31,67.17,576.09
20260401,000688,上证科创板50成份指数,科创50,SSE Science and Technology Innovation Board 50 Index,STAR 50,1290.64,1302.87,1282.31,1298.2,41.87,3.33,982646100.0,677.77,50.0,69.31,2026-04-01,69.31,677.77
20260402,000688,上证科创板50成份指数,科创50,SSE Science and Technology Innovation Board 50 Index,STAR 50,1294.63,1294.63,1254.62,1262.18,-36.02,-2.77,758811400.0,526.28,50.0,67.21,2026-04-02,67.21,526.28
20260403,000688,上证科创板50成份指数,科创50,SSE Science and Technology Innovation Board 50 Index,STAR 50,1270.94,1272.84,1254.76,1256.21,-5.97,-0.47,670642100.0,432.38,50.0,67.08,2026-04-03,67.08,432.38
20260407,000688,上证科创板50成份指数,科创50,SSE Science and Technology Innovation Board 50 Index,STAR 50,1261.71,1286.53,1261.71,1274.01,17.8,1.42,632234900.0,586.42,50.0,68.22,2026-04-07,68.22,586.42
20260408,000688,上证科创板50成份指数,科创50,SSE Science and Technology Innovation Board 50 Index,STAR 50,1317.28,1352.69,1316.63,1352.69,78.67,6.18,1142256800.0,864.13,50.0,72.45,2026-04-08,72.45,864.13
20260409,000688,上证科创板50成份指数,科创50,SSE Science and Technology Innovation Board 50 Index,STAR 50,1335.29,1362.91,1333.01,1343.95,-8.74,-0.65,784651000.0,677.19,50.0,72.26,2026-04-09,72.26,677.19
20260410,000688,上证科创板50成份指数,科创50,SSE Science and Technology Innovation Board 50 Index,STAR 50,1363.58,1382.94,1362.4,1364.49,20.55,1.53,847165900.0,755.99,50.0,73.19,2026-04-10,73.19,755.99
20260413,000688,上证科创板50成份指数,科创50,SSE Science and Technology Innovation Board 50 Index,STAR 50,1358.46,1396.0,1358.46,1375.29,10.79,0.79,901889400.0,797.38,50.0,74.04,2026-04-13,74.04,797.38
20260414,000688,上证科创板50成份指数,科创50,SSE Science and Technology Innovation Board 50 Index,STAR 50,1398.4,1409.85,1387.42,1405.07,29.79,2.17,930265900.0,913.4,50.0,75.44,2026-04-14,75.44,913.4
20260415,000688,上证科创板50成份指数,科创50,SSE Science and Technology Innovation Board 50 Index,STAR 50,1415.39,1433.35,1399.75,1406.32,1.25,0.09,954766300.0,962.68,50.0,75.43,2026-04-15,75.43,962.68
20260416,000688,上证科创板50成份指数,科创50,SSE Science and Technology Innovation Board 50 Index,STAR 50,1406.32,1424.17,1402.2,1422.23,15.91,1.13,1000577100.0,863.33,50.0,76.34,2026-04-16,76.34,863.33
20260417,000688,上证科创板50成份指数,科创50,SSE Science and Technology Innovation Board 50 Index,STAR 50,1414.87,1433.8,1413.58,1423.35,1.12,0.08,963505300.0,882.52,50.0,77.02,2026-04-17,77.02,882.52
20260420,000688,上证科创板50成份指数,科创50,SSE Science and Technology Innovation Board 50 Index,STAR 50,1426.89,1451.39,1426.03,1450.52,27.17,1.91,1127584600.0,884.29,50.0,78.24,2026-04-20,78.24,884.29
20260421,000688,上证科创板50成份指数,科创50,SSE Science and Technology Innovation Board 50 Index,STAR 50,1445.2,1445.54,1415.6,1426.68,-23.84,-1.64,965157000.0,802.19,50.0,76.95,2026-04-21,76.95,802.19
20260422,000688,上证科创板50成份指数,科创50,SSE Science and Technology Innovation Board 50 Index,STAR 50,1420.78,1451.46,1420.24,1451.14,24.46,1.71,980596100.0,834.01,50.0,78.13,2026-04-22,78.13,834.01
20260423,000688,上证科创板50成份指数,科创50,SSE Science and Technology Innovation Board 50 Index,STAR 50,1466.12,1467.7,1419.01,1432.59,-18.55,-1.28,1144654000.0,963.66,50.0,77.68,2026-04-23,77.68,963.66
20260424,000688,上证科创板50成份指数,科创50,SSE Science and Technology Innovation Board 50 Index,STAR 50,1443.04,1472.96,1417.21,1453.69,21.09,1.47,1141340600.0,1122.77,50.0,79.34,2026-04-24,79.34,1122.77
20260427,000688,上证科创板50成份指数,科创50,SSE Science and Technology Innovation Board 50 Index,STAR 50,1478.31,1515.28,1466.66,1508.38,54.7,3.76,1356053800.0,1235.36,50.0,82.3,2026-04-27,82.3,1235.36
20260428,000688,上证科创板50成份指数,科创50,SSE Science and Technology Innovation Board 50 Index,STAR 50,1497.32,1525.34,1479.67,1488.66,-19.72,-1.31,1192550800.0,1019.3,50.0,81.32,2026-04-28,81.32,1019.3
20260429,000688,上证科创板50成份指数,科创50,SSE Science and Technology Innovation Board 50 Index,STAR 50,1474.12,1495.01,1451.71,1493.5,4.84,0.33,1145722100.0,962.65,50.0,81.6,2026-04-29,81.6,962.65
20260430,000688,上证科创板50成份指数,科创50,SSE Science and Technology Innovation Board 50 Index,STAR 50,1511.39,1580.52,1511.39,1571.07,77.56,5.19,1510961200.0,1433.69,50.0,85.98,2026-04-30,85.98,1433.69
20260506,000688,上证科创板50成份指数,科创50,SSE Science and Technology Innovation Board 50 Index,STAR 50,1634.31,1715.08,1631.65,1656.95,85.88,5.47,1830104800.0,2022.64,50.0,77.56,2026-05-06,77.56,2022.64
20260507,000688,上证科创板50成份指数,科创50,SSE Science and Technology Innovation Board 50 Index,STAR 50,1663.16,1682.22,1646.94,1678.89,21.94,1.32,1393006300.0,1471.49,50.0,78.54,2026-05-07,78.54,1471.49
20260508,000688,上证科创板50成份指数,科创50,SSE Science and Technology Innovation Board 50 Index,STAR 50,1653.31,1655.57,1625.61,1640.46,-38.43,-2.29,1500507400.0,1343.85,50.0,74.49,2026-05-08,74.49,1343.85
20260511,000688,上证科创板50成份指数,科创50,SSE Science and Technology Innovation Board 50 Index,STAR 50,1687.64,1727.3,1669.73,1716.69,76.23,4.65,1829405800.0,1830.92,50.0,77.8,2026-05-11,77.8,1830.92
20260512,000688,上证科创板50成份指数,科创50,SSE Science and Technology Innovation Board 50 Index,STAR 50,1708.21,1747.17,1687.96,1723.78,7.09,0.41,1692708900.0,1631.62,50.0,78.48,2026-05-12,78.48,1631.62
20260513,000688,上证科创板50成份指数,科创50,SSE Science and Technology Innovation Board 50 Index,STAR 50,1684.37,1771.49,1677.54,1770.15,46.36,2.69,1777324700.0,1586.89,50.0,80.37,2026-05-13,80.37,1586.89
20260514,000688,上证科创板50成份指数,科创50,SSE Science and Technology Innovation Board 50 Index,STAR 50,1792.34,1800.61,1723.7,1725.09,-45.05,-2.55,2107102300.0,1709.25,50.0,77.74,2026-05-14,77.74,1709.25
20260515,000688,上证科创板50成份指数,科创50,SSE Science and Technology Innovation Board 50 Index,STAR 50,1724.36,1769.8,1669.99,1696.26,-28.83,-1.67,2160121400.0,1911.46,50.0,76.34,2026-05-15,76.34,1911.46
20260518,000688,上证科创板50成份指数,科创50,SSE Science and Technology Innovation Board 50 Index,STAR 50,1690.38,1748.1,1684.9,1709.96,13.7,0.81,1591395600.0,1524.27,50.0,77.08,2026-05-18,77.08,1524.27
20260519,000688,上证科创板50成份指数,科创50,SSE Science and Technology Innovation Board 50 Index,STAR 50,1697.4,1776.26,1670.36,1775.13,65.17,3.81,1710436800.0,1693.25,50.0,79.8,2026-05-19,79.8,1693.25
20260520,000688,上证科创板50成份指数,科创50,SSE Science and Technology Innovation Board 50 Index,STAR 50,1764.21,1835.22,1764.21,1832.02,56.89,3.2,1845254200.0,1903.87,50.0,82.39,2026-05-20,82.39,1903.87
20260521,000688,上证科创板50成份指数,科创50,SSE Science and Technology Innovation Board 50 Index,STAR 50,1866.29,1892.6,1759.94,1764.17,-67.85,-3.7,2127403800.0,2163.74,50.0,79.5,2026-05-21,79.5,2163.74
20260522,000688,上证科创板50成份指数,科创50,SSE Science and Technology Innovation Board 50 Index,STAR 50,1790.74,1797.65,1747.14,1790.77,26.6,1.51,1760391900.0,1620.25,50.0,80.58,2026-05-22,80.58,1620.25
20260525,000688,上证科创板50成份指数,科创50,SSE Science and Technology Innovation Board 50 Index,STAR 50,1791.67,1899.97,1774.19,1896.04,105.27,5.88,2149793700.0,2219.54,50.0,85.64,2026-05-25,85.64,2219.54
20260526,000688,上证科创板50成份指数,科创50,SSE Science and Technology Innovation Board 50 Index,STAR 50,1877.39,1880.65,1824.32,1867.71,-28.33,-1.49,1940888500.0,1931.53,50.0,85.46,2026-05-26,85.46,1931.53
20260527,000688,上证科创板50成份指数,科创50,SSE Science and Technology Innovation Board 50 Index,STAR 50,1875.42,1901.97,1809.7,1815.45,-52.26,-2.8,2160969900.0,1928.36,50.0,82.47,2026-05-27,82.47,1928.36
20260528,000688,上证科创板50成份指数,科创50,SSE Science and Technology Innovation Board 50 Index,STAR 50,1805.11,1854.52,1796.04,1844.25,28.8,1.59,2154008000.0,1770.51,50.0,83.57,2026-05-28,83.57,1770.51
20260529,000688,上证科创板50成份指数,科创50,SSE Science and Technology Innovation Board 50 Index,STAR 50,1850.27,1855.26,1727.62,1751.32,-92.93,-5.04,2343137400.0,1821.4,50.0,77.7,2026-05-29,77.7,1821.4
20260601,000688,上证科创板50成份指数,科创50,SSE Science and Technology Innovation Board 50 Index,STAR 50,1751.23,1753.02,1662.82,1663.69,-87.63,-5.0,1694183400.0,1499.01,50.0,73.94,2026-06-01,73.94,1499.01
20260602,000688,上证科创板50成份指数,科创50,SSE Science and Technology Innovation Board 50 Index,STAR 50,1676.31,1710.98,1641.17,1690.56,26.86,1.61,1557622000.0,1337.09,50.0,75.54,2026-06-02,75.54,1337.09
20260603,000688,上证科创板50成份指数,科创50,SSE Science and Technology Innovation Board 50 Index,STAR 50,1697.66,1776.2,1697.36,1726.18,35.62,2.11,1682555400.0,1663.11,50.0,77.32,2026-06-03,77.32,1663.11
20260604,000688,上证科创板50成份指数,科创50,SSE Science and Technology Innovation Board 50 Index,STAR 50,1700.31,1759.98,1697.22,1738.06,11.88,0.69,1496770100.0,1326.18,50.0,77.5,2026-06-04,77.5,1326.18
20260605,000688,上证科创板50成份指数,科创50,SSE Science and Technology Innovation Board 50 Index,STAR 50,1706.53,1735.08,1659.48,1668.33,-69.73,-4.01,1683570900.0,1368.54,50.0,74.42,2026-06-05,74.42,1368.54
20260608,000688,上证科创板50成份指数,科创50,SSE Science and Technology Innovation Board 50 Index,STAR 50,1587.97,1634.03,1578.18,1596.57,-71.76,-4.3,1570749900.0,1194.05,50.0,71.41,2026-06-08,71.41,1194.05
20260609,000688,上证科创板50成份指数,科创50,SSE Science and Technology Innovation Board 50 Index,STAR 50,1630.23,1666.48,1607.58,1663.11,66.54,4.17,1409895800.0,1123.66,50.0,74.01,2026-06-09,74.01,1123.66
20260610,000688,上证科创板50成份指数,科创50,SSE Science and Technology Innovation Board 50 Index,STAR 50,1662.85,1722.33,1632.33,1652.22,-10.88,-0.65,1591172500.0,1390.89,50.0,73.01,2026-06-10,73.01,1390.89
20260611,000688,上证科创板50成份指数,科创50,SSE Science and Technology Innovation Board 50 Index,STAR 50,1644.6,1676.53,1631.94,1662.44,10.21,0.62,1422069400.0,1171.56,50.0,73.69,2026-06-11,73.69,1171.56
20260612,000688,上证科创板50成份指数,科创50,SSE Science and Technology Innovation Board 50 Index,STAR 50,1726.01,1730.89,1656.85,1663.22,0.79,0.05,2101856700.0,1758.2,50.0,74.01,2026-06-12,74.01,1758.2
20260615,000688,上证科创板50成份指数,科创50,SSE Science and Technology Innovation Board 50 Index,STAR 50,1687.67,1748.51,1658.32,1748.33,85.11,5.12,1614093800.0,1584.77,50.0,84.27,2026-06-15,84.27,1584.77
20260616,000688,上证科创板50成份指数,科创50,SSE Science and Technology Innovation Board 50 Index,STAR 50,1751.71,1766.14,1729.04,1758.42,10.1,0.58,1501821800.0,1426.43,50.0,84.12,2026-06-16,84.12,1426.43
20260617,000688,上证科创板50成份指数,科创50,SSE Science and Technology Innovation Board 50 Index,STAR 50,1729.23,1841.37,1725.9,1840.82,82.4,4.69,1801831300.0,1769.22,50.0,88.09,2026-06-17,88.09,1769.22
20260618,000688,上证科创板50成份指数,科创50,SSE Science and Technology Innovation Board 50 Index,STAR 50,1837.07,1937.3,1836.04,1911.51,70.69,3.84,1771099900.0,2095.35,50.0,92.31,2026-06-18,92.31,2095.35
20260622,000688,上证科创板50成份指数,科创50,SSE Science and Technology Innovation Board 50 Index,STAR 50,1922.47,1963.33,1879.59,1948.93,37.41,1.96,1919133400.0,2008.56,50.0,93.4,2026-06-22,93.4,2008.56
20260623,000688,上证科创板50成份指数,科创50,SSE Science and Technology Innovation Board 50 Index,STAR 50,1929.27,1982.91,1890.16,1916.21,-32.72,-1.68,1813729500.0,1868.32,50.0,91.77,2026-06-23,91.77,1868.32
20260624,000688,上证科创板50成份指数,科创50,SSE Science and Technology Innovation Board 50 Index,STAR 50,1896.34,1997.9,1886.74,1989.43,73.21,3.82,1853252800.0,1945.75,50.0,95.3,2026-06-24,95.3,1945.75
20260625,000688,上证科创板50成份指数,科创50,SSE Science and Technology Innovation Board 50 Index,STAR 50,2004.77,2076.88,2000.8,2066.33,76.91,3.87,1851003200.0,2205.04,50.0,98.72,2026-06-25,98.72,2205.04
20260626,000688,上证科创板50成份指数,科创50,SSE Science and Technology Innovation Board 50 Index,STAR 50,2034.43,2076.47,1976.92,2032.28,-34.05,-1.65,1969517000.0,2017.28,50.0,96.81,2026-06-26,96.81,2017.28
20260629,000688,上证科创板50成份指数,科创50,SSE Science and Technology Innovation Board 50 Index,STAR 50,2039.67,2127.8,2013.51,2126.01,93.73,4.61,2066148400.0,2300.72,50.0,99.79,2026-06-29,99.79,2300.72
20260630,000688,上证科创板50成份指数,科创50,SSE Science and Technology Innovation Board 50 Index,STAR 50,2132.88,2214.61,2113.95,2207.86,81.85,3.85,1961786100.0,2193.5,50.0,104.75,2026-06-30,104.75,2193.5
20260701,000688,上证科创板50成份指数,科创50,SSE Science and Technology Innovation Board 50 Index,STAR 50,2205.66,2255.25,2120.36,2153.04,-54.82,-2.48,2258095400.0,2323.28,50.0,101.23,2026-07-01,101.23,2323.28
20260702,000688,上证科创板50成份指数,科创50,SSE Science and Technology Innovation Board 50 Index,STAR 50,2059.9,2105.29,1978.32,1987.29,-165.75,-7.7,2091336300.0,2149.53,50.0,93.73,2026-07-02,93.73,2149.53
20260703,000688,上证科创板50成份指数,科创50,SSE Science and Technology Innovation Board 50 Index,STAR 50,1978.75,2039.31,1948.17,1975.6,-11.69,-0.59,1758380800.0,1748.47,50.0,93.55,2026-07-03,93.55,1748.47
20260706,000688,上证科创板50成份指数,科创50,SSE Science and Technology Innovation Board 50 Index,STAR 50,2015.18,2022.91,1913.82,1996.1,20.5,1.04,1651199700.0,1735.37,50.0,94.76,2026-07-06,94.76,1735.37
20260707,000688,上证科创板50成份指数,科创50,SSE Science and Technology Innovation Board 50 Index,STAR 50,1965.8,2039.6,1950.98,2001.59,5.48,0.27,1397325000.0,1595.6,50.0,95.04,2026-07-07,95.04,1595.6
20260708,000688,上证科创板50成份指数,科创50,SSE Science and Technology Innovation Board 50 Index,STAR 50,2022.45,2078.64,1961.64,2016.23,14.65,0.73,1572058800.0,1693.5,50.0,95.85,2026-07-08,95.85,1693.5
20260709,000688,上证科创板50成份指数,科创50,SSE Science and Technology Innovation Board 50 Index,STAR 50,2047.24,2188.98,2023.54,2185.83,169.59,8.41,1858060500.0,2245.12,50.0,103.53,2026-07-09,103.53,2245.12
20260710,000688,上证科创板50成份指数,科创50,SSE Science and Technology Innovation Board 50 Index,STAR 50,2190.18,2233.54,2064.98,2064.98,-120.85,-5.53,2307342900.0,2350.96,50.0,97.85,2026-07-10,97.85,2350.96
20260713,000688,上证科创板50成份指数,科创50,SSE Science and Technology Innovation Board 50 Index,STAR 50,2038.36,2110.18,1974.05,1994.32,-70.66,-3.42,1833793700.0,2148.51,50.0,94.81,2026-07-13,94.81,2148.51
20260714,000688,上证科创板50成份指数,科创50,SSE Science and Technology Innovation Board 50 Index,STAR 50,1994.44,2026.47,1895.56,2009.73,15.41,0.77,1601395000.0,2020.6,50.0,95.49,2026-07-14,95.49,2020.6
20260715,000688,上证科创板50成份指数,科创50,SSE Science and Technology Innovation Board 50 Index,STAR 50,2021.58,2028.65,1908.18,1924.27,-85.46,-4.25,1428193300.0,1696.45,50.0,91.51,2026-07-15,91.51,1696.45
20260716,000688,上证科创板50成份指数,科创50,SSE Science and Technology Innovation Board 50 Index,STAR 50,1869.94,1947.25,1828.57,1846.88,-77.4,-4.02,1422678200.0,1748.21,50.0,87.91,2026-07-16,87.91,1748.21
20260717,000688,上证科创板50成份指数,科创50,SSE Science and Technology Innovation Board 50 Index,STAR 50,1829.98,1844.38,1698.32,1715.4,-131.47,-7.12,1662902400.0,1914.74,50.0,81.99,2026-07-17,81.99,1914.74
20260720,000688,上证科创板50成份指数,科创50,SSE Science and Technology Innovation Board 50 Index,STAR 50,1764.59,1776.07,1646.39,1718.69,3.29,0.19,1798479300.0,1837.49,50.0,82.4,2026-07-20,82.4,1837.49
20260721,000688,上证科创板50成份指数,科创50,SSE Science and Technology Innovation Board 50 Index,STAR 50,1747.49,1904.86,1663.85,1903.16,184.47,10.73,1951274500.0,2130.55,50.0,91.1,2026-07-21,91.1,2130.55
20260722,000688,上证科创板50成份指数,科创50,SSE Science and Technology Innovation Board 50 Index,STAR 50,1874.78,1934.61,1836.11,1860.08,-43.08,-2.26,1623861100.0,1929.17,50.0,88.6,2026-07-22,88.6,1929.17
20260723,000688,上证科创板50成份指数,科创50,SSE Science and Technology Innovation Board 50 Index,STAR 50,1876.61,1876.99,1770.53,1789.69,-70.39,-3.78,1192426900.0,1391.87,50.0,85.18,2026-07-23,85.18,1391.87
20260724,000688,上证科创板50成份指数,科创50,SSE Science and Technology Innovation Board 50 Index,STAR 50,1766.26,1831.28,1748.8,1787.2,-2.5,-0.14,1017752600.0,1205.45,50.0,85.02,2026-07-24,85.02,1205.45
