tradeDate,indexCode,indexNameCnAll,indexNameCn,indexNameEnAll,indexNameEn,open,high,low,close,change,changePct,tradingVol,tradingValue,consNumber,peg,date,rolling_pe,trading_value
20150101,000852,中证1000指数,中证1000,CSI 1000 Index,CSI 1000,6025.75,6052.44,5948.27,6049.79,22.27,0.37,9480519100.0,1012.88,1000.0,46.34,2015-01-01,46.34,1012.88
20150105,000852,中证1000指数,中证1000,CSI 1000 Index,CSI 1000,6025.75,6052.44,5948.27,6049.79,22.27,0.37,9480519100.0,1012.88,1000.0,46.34,2015-01-05,46.34,1012.88
20150106,000852,中证1000指数,中证1000,CSI 1000 Index,CSI 1000,6021.45,6172.64,5986.4,6172.39,122.61,2.03,9399203300.0,1100.59,1000.0,47.39,2015-01-06,47.39,1100.59
20150107,000852,中证1000指数,中证1000,CSI 1000 Index,CSI 1000,6161.48,6171.15,6118.14,6166.77,-5.62,-0.09,8062012400.0,932.45,1000.0,47.31,2015-01-07,47.31,932.45
20150108,000852,中证1000指数,中证1000,CSI 1000 Index,CSI 1000,6161.55,6211.46,6126.97,6164.11,-2.66,-0.04,8131564600.0,958.07,1000.0,47.33,2015-01-08,47.33,958.07
20150109,000852,中证1000指数,中证1000,CSI 1000 Index,CSI 1000,6148.11,6214.29,6128.01,6128.01,-36.1,-0.59,7326783900.0,907.96,1000.0,47.09,2015-01-09,47.09,907.96
20150112,000852,中证1000指数,中证1000,CSI 1000 Index,CSI 1000,6098.82,6102.44,6033.71,6062.28,-65.73,-1.07,6608878900.0,795.56,1000.0,46.66,2015-01-12,46.66,795.56
20150113,000852,中证1000指数,中证1000,CSI 1000 Index,CSI 1000,6059.38,6167.35,6058.6,6167.12,104.83,1.73,6071431300.0,803.23,1000.0,47.51,2015-01-13,47.51,803.23
20150114,000852,中证1000指数,中证1000,CSI 1000 Index,CSI 1000,6167.75,6170.91,6114.24,6139.29,-27.83,-0.45,5869060800.0,753.76,1000.0,47.34,2015-01-14,47.34,753.76
20150115,000852,中证1000指数,中证1000,CSI 1000 Index,CSI 1000,6136.56,6177.05,6136.1,6168.66,29.37,0.48,5469730500.0,700.27,1000.0,47.54,2015-01-15,47.54,700.27
20150116,000852,中证1000指数,中证1000,CSI 1000 Index,CSI 1000,6172.96,6252.14,6169.05,6252.08,83.42,1.35,6855902200.0,888.76,1000.0,48.24,2015-01-16,48.24,888.76
20150119,000852,中证1000指数,中证1000,CSI 1000 Index,CSI 1000,6133.55,6296.61,6033.88,6109.29,-142.79,-2.28,9341697600.0,1195.69,1000.0,47.24,2015-01-19,47.24,1195.69
20150120,000852,中证1000指数,中证1000,CSI 1000 Index,CSI 1000,6135.61,6336.71,6135.61,6336.63,227.35,3.72,8683554900.0,1174.45,1000.0,49.08,2015-01-20,49.08,1174.45
20150121,000852,中证1000指数,中证1000,CSI 1000 Index,CSI 1000,6358.02,6465.83,6357.68,6465.73,129.1,2.04,10380960400.0,1395.33,1000.0,50.08,2015-01-21,50.08,1395.33
20150122,000852,中证1000指数,中证1000,CSI 1000 Index,CSI 1000,6472.17,6569.9,6466.65,6568.64,102.9,1.59,10366393600.0,1357.52,1000.0,50.81,2015-01-22,50.81,1357.52
20150123,000852,中证1000指数,中证1000,CSI 1000 Index,CSI 1000,6576.98,6577.38,6481.21,6502.07,-66.57,-1.01,10447511100.0,1320.46,1000.0,50.26,2015-01-23,50.26,1320.46
20150126,000852,中证1000指数,中证1000,CSI 1000 Index,CSI 1000,6508.73,6642.72,6508.09,6642.61,140.55,2.16,9817861300.0,1255.63,1000.0,51.37,2015-01-26,51.37,1255.63
20150127,000852,中证1000指数,中证1000,CSI 1000 Index,CSI 1000,6652.21,6694.82,6582.44,6693.81,51.19,0.77,10977496600.0,1428.96,1000.0,51.77,2015-01-27,51.77,1428.96
20150128,000852,中证1000指数,中证1000,CSI 1000 Index,CSI 1000,6680.08,6725.67,6649.19,6666.26,-27.54,-0.41,9399426800.0,1256.92,1000.0,51.61,2015-01-28,51.61,1256.92
20150129,000852,中证1000指数,中证1000,CSI 1000 Index,CSI 1000,6620.23,6661.73,6594.45,6625.01,-41.26,-0.62,7668146200.0,984.16,1000.0,51.29,2015-01-29,51.29,984.16
20150130,000852,中证1000指数,中证1000,CSI 1000 Index,CSI 1000,6629.28,6655.61,6546.14,6546.6,-78.41,-1.18,8217629800.0,1021.59,1000.0,50.67,2015-01-30,50.67,1021.59
20150202,000852,中证1000指数,中证1000,CSI 1000 Index,CSI 1000,6485.16,6567.4,6449.57,6535.9,-10.69,-0.16,6826962500.0,871.87,1000.0,50.64,2015-02-02,50.64,871.87
20150203,000852,中证1000指数,中证1000,CSI 1000 Index,CSI 1000,6547.75,6661.89,6547.62,6654.55,118.65,1.82,7622086200.0,1058.05,1000.0,51.66,2015-02-03,51.66,1058.05
20150204,000852,中证1000指数,中证1000,CSI 1000 Index,CSI 1000,6665.88,6692.32,6645.19,6653.34,-1.21,-0.02,7943750400.0,1098.48,1000.0,51.67,2015-02-04,51.67,1098.48
20150205,000852,中证1000指数,中证1000,CSI 1000 Index,CSI 1000,6685.76,6729.51,6649.22,6654.08,0.74,0.01,9040683400.0,1265.48,1000.0,51.74,2015-02-05,51.74,1265.48
20150206,000852,中证1000指数,中证1000,CSI 1000 Index,CSI 1000,6637.54,6658.95,6503.59,6526.95,-127.13,-1.91,7927086000.0,1069.46,1000.0,50.8,2015-02-06,50.8,1069.46
20150209,000852,中证1000指数,中证1000,CSI 1000 Index,CSI 1000,6508.38,6541.72,6458.18,6474.82,-52.13,-0.8,5760237000.0,815.16,1000.0,50.37,2015-02-09,50.37,815.16
20150210,000852,中证1000指数,中证1000,CSI 1000 Index,CSI 1000,6468.52,6556.07,6458.43,6555.82,81.0,1.25,5110833600.0,707.77,1000.0,51.01,2015-02-10,51.01,707.77
20150211,000852,中证1000指数,中证1000,CSI 1000 Index,CSI 1000,6563.87,6645.98,6563.73,6645.51,89.69,1.37,6097063200.0,896.57,1000.0,51.75,2015-02-11,51.75,896.57
20150212,000852,中证1000指数,中证1000,CSI 1000 Index,CSI 1000,6652.56,6707.65,6652.47,6703.82,58.31,0.88,6754187300.0,988.92,1000.0,52.28,2015-02-12,52.28,988.92
20150213,000852,中证1000指数,中证1000,CSI 1000 Index,CSI 1000,6732.3,6824.59,6731.72,6815.85,112.03,1.67,8705156800.0,1251.26,1000.0,53.2,2015-02-13,53.2,1251.26
20150216,000852,中证1000指数,中证1000,CSI 1000 Index,CSI 1000,6831.26,6965.46,6831.09,6965.3,149.45,2.19,8751565400.0,1301.88,1000.0,54.44,2015-02-16,54.44,1301.88
20150217,000852,中证1000指数,中证1000,CSI 1000 Index,CSI 1000,6987.39,7020.2,6948.22,7020.05,54.75,0.79,8290924800.0,1203.62,1000.0,54.86,2015-02-17,54.86,1203.62
20150225,000852,中证1000指数,中证1000,CSI 1000 Index,CSI 1000,7037.96,7060.07,6984.17,7004.67,-15.39,-0.22,8444718800.0,1213.33,1000.0,54.72,2015-02-25,54.72,1213.33
20150226,000852,中证1000指数,中证1000,CSI 1000 Index,CSI 1000,7001.18,7045.53,6967.94,7045.27,40.6,0.58,9036486900.0,1256.78,1000.0,55.01,2015-02-26,55.01,1256.78
20150227,000852,中证1000指数,中证1000,CSI 1000 Index,CSI 1000,7045.79,7142.26,7042.14,7141.89,96.62,1.37,10004133900.0,1408.01,1000.0,55.8,2015-02-27,55.8,1408.01
20150302,000852,中证1000指数,中证1000,CSI 1000 Index,CSI 1000,7187.53,7317.87,7172.75,7317.68,175.79,2.46,13074560400.0,1906.84,1000.0,57.19,2015-03-02,57.19,1906.84
20150303,000852,中证1000指数,中证1000,CSI 1000 Index,CSI 1000,7306.44,7386.82,7272.46,7282.11,-35.57,-0.49,14115727900.0,1996.85,1000.0,56.91,2015-03-03,56.91,1996.85
20150304,000852,中证1000指数,中证1000,CSI 1000 Index,CSI 1000,7277.54,7411.27,7277.54,7411.03,128.93,1.77,12037210900.0,1722.0,1000.0,57.94,2015-03-04,57.94,1722.0
20150305,000852,中证1000指数,中证1000,CSI 1000 Index,CSI 1000,7417.53,7451.24,7375.11,7450.91,39.87,0.54,12569136400.0,1842.52,1000.0,58.21,2015-03-05,58.21,1842.52
20150306,000852,中证1000指数,中证1000,CSI 1000 Index,CSI 1000,7454.92,7467.43,7330.45,7338.4,-112.5,-1.51,11432283500.0,1630.47,1000.0,57.28,2015-03-06,57.28,1630.47
20150309,000852,中证1000指数,中证1000,CSI 1000 Index,CSI 1000,7314.93,7450.82,7284.73,7450.82,112.41,1.53,10041077300.0,1435.37,1000.0,58.21,2015-03-09,58.21,1435.37
20150310,000852,中证1000指数,中证1000,CSI 1000 Index,CSI 1000,7460.61,7577.37,7458.68,7566.48,115.67,1.55,10914911800.0,1635.35,1000.0,59.1,2015-03-10,59.1,1635.35
20150311,000852,中证1000指数,中证1000,CSI 1000 Index,CSI 1000,7573.26,7573.75,7538.49,7566.31,-0.17,0.0,10946719100.0,1633.82,1000.0,59.06,2015-03-11,59.06,1633.82
20150312,000852,中证1000指数,中证1000,CSI 1000 Index,CSI 1000,7566.49,7592.53,7455.08,7514.45,-51.87,-0.69,11002433700.0,1617.13,1000.0,58.62,2015-03-12,58.62,1617.13
20150313,000852,中证1000指数,中证1000,CSI 1000 Index,CSI 1000,7530.21,7649.76,7530.21,7649.35,134.9,1.8,9765895100.0,1484.86,1000.0,59.85,2015-03-13,59.85,1484.86
20150316,000852,中证1000指数,中证1000,CSI 1000 Index,CSI 1000,7707.4,7903.62,7706.95,7903.36,254.02,3.32,14432553100.0,2208.81,1000.0,61.9,2015-03-16,61.9,2208.81
20150317,000852,中证1000指数,中证1000,CSI 1000 Index,CSI 1000,7946.13,8031.47,7896.75,7993.24,89.88,1.14,17120048900.0,2552.92,1000.0,62.49,2015-03-17,62.49,2552.92
20150318,000852,中证1000指数,中证1000,CSI 1000 Index,CSI 1000,7992.92,8150.96,7968.12,8150.95,157.71,1.97,16470760400.0,2480.36,1000.0,63.91,2015-03-18,63.91,2480.36
20150319,000852,中证1000指数,中证1000,CSI 1000 Index,CSI 1000,8149.48,8217.38,8103.79,8216.62,65.67,0.81,16808956900.0,2477.09,1000.0,64.42,2015-03-19,64.42,2477.09
20150320,000852,中证1000指数,中证1000,CSI 1000 Index,CSI 1000,8216.3,8336.83,8213.72,8318.83,102.21,1.24,15379255000.0,2397.94,1000.0,65.38,2015-03-20,65.38,2397.94
20150323,000852,中证1000指数,中证1000,CSI 1000 Index,CSI 1000,8360.92,8560.77,8360.92,8560.44,241.61,2.9,17837585000.0,2799.96,1000.0,67.37,2015-03-23,67.37,2799.96
20150324,000852,中证1000指数,中证1000,CSI 1000 Index,CSI 1000,8593.78,8665.25,8319.36,8655.38,94.94,1.11,21137980000.0,3392.25,1000.0,68.36,2015-03-24,68.36,3392.25
20150325,000852,中证1000指数,中证1000,CSI 1000 Index,CSI 1000,8662.77,8834.25,8604.24,8784.91,129.53,1.5,18216330500.0,3086.15,1000.0,69.57,2015-03-25,69.57,3086.15
20150326,000852,中证1000指数,中证1000,CSI 1000 Index,CSI 1000,8730.36,8786.74,8523.36,8611.86,-173.05,-1.97,17218214000.0,2989.16,1000.0,68.06,2015-03-26,68.06,2989.16
20150327,000852,中证1000指数,中证1000,CSI 1000 Index,CSI 1000,8586.4,8715.29,8578.53,8710.29,98.43,1.14,13191347200.0,2215.08,1000.0,68.83,2015-03-27,68.83,2215.08
20150330,000852,中证1000指数,中证1000,CSI 1000 Index,CSI 1000,8721.21,8758.75,8663.83,8719.22,8.93,0.1,15608990300.0,2581.15,1000.0,68.8,2015-03-30,68.8,2581.15
20150331,000852,中证1000指数,中证1000,CSI 1000 Index,CSI 1000,8734.95,8859.42,8676.63,8780.74,61.52,0.71,15664822500.0,2624.56,1000.0,69.36,2015-03-31,69.36,2624.56
20150401,000852,中证1000指数,中证1000,CSI 1000 Index,CSI 1000,8785.13,9015.02,8782.13,9008.2,227.46,2.59,14979397800.0,2613.77,1000.0,71.19,2015-04-01,71.19,2613.77
20150402,000852,中证1000指数,中证1000,CSI 1000 Index,CSI 1000,9061.5,9238.35,9061.5,9238.05,229.85,2.55,17843017200.0,3057.77,1000.0,73.1,2015-04-02,73.1,3057.77
20150403,000852,中证1000指数,中证1000,CSI 1000 Index,CSI 1000,9204.84,9422.84,9159.57,9419.2,181.15,1.96,17610632900.0,3112.59,1000.0,74.56,2015-04-03,74.56,3112.59
20150407,000852,中证1000指数,中证1000,CSI 1000 Index,CSI 1000,9457.74,9600.83,9457.65,9600.72,181.52,1.93,18085603600.0,3244.08,1000.0,75.8,2015-04-07,75.8,3244.08
20150408,000852,中证1000指数,中证1000,CSI 1000 Index,CSI 1000,9625.21,9628.23,9264.54,9455.59,-145.13,-1.51,18749150400.0,3361.82,1000.0,74.2,2015-04-08,74.2,3361.82
20150409,000852,中证1000指数,中证1000,CSI 1000 Index,CSI 1000,9446.68,9446.68,8988.71,9369.66,-85.93,-0.91,17409697400.0,3057.1,1000.0,73.07,2015-04-09,73.07,3057.1
20150410,000852,中证1000指数,中证1000,CSI 1000 Index,CSI 1000,9325.42,9621.5,9276.95,9600.4,230.74,2.46,14730178300.0,2706.27,1000.0,74.85,2015-04-10,74.85,2706.27
20150413,000852,中证1000指数,中证1000,CSI 1000 Index,CSI 1000,9652.53,9838.88,9616.4,9813.6,213.2,2.22,17113799700.0,3107.34,1000.0,77.88,2015-04-13,77.88,3107.34
20150414,000852,中证1000指数,中证1000,CSI 1000 Index,CSI 1000,9830.53,9926.39,9741.7,9830.06,16.47,0.17,17541207300.0,3143.16,1000.0,77.81,2015-04-14,77.81,3143.16
20150415,000852,中证1000指数,中证1000,CSI 1000 Index,CSI 1000,9800.64,9800.64,9434.62,9441.19,-388.87,-3.96,15766754800.0,2770.35,1000.0,74.58,2015-04-15,74.58,2770.35
20150416,000852,中证1000指数,中证1000,CSI 1000 Index,CSI 1000,9319.96,9654.16,9209.41,9541.77,100.57,1.07,13521184400.0,2385.15,1000.0,75.25,2015-04-16,75.25,2385.15
20150417,000852,中证1000指数,中证1000,CSI 1000 Index,CSI 1000,9612.73,9663.94,9526.09,9567.7,25.93,0.27,16182314700.0,2805.7,1000.0,75.28,2015-04-17,75.28,2805.7
20150420,000852,中证1000指数,中证1000,CSI 1000 Index,CSI 1000,9541.26,9591.22,9317.3,9353.61,-214.08,-2.24,17543966000.0,2961.43,1000.0,73.59,2015-04-20,73.59,2961.43
20150421,000852,中证1000指数,中证1000,CSI 1000 Index,CSI 1000,9364.31,9716.61,9362.87,9716.35,362.74,3.88,15181822500.0,2631.64,1000.0,76.13,2015-04-21,76.13,2631.64
20150422,000852,中证1000指数,中证1000,CSI 1000 Index,CSI 1000,9798.16,9995.6,9798.16,9995.26,278.91,2.87,18096549200.0,3166.73,1000.0,79.38,2015-04-22,79.38,3166.73
20150423,000852,中证1000指数,中证1000,CSI 1000 Index,CSI 1000,10035.43,10157.04,9977.37,10105.27,110.01,1.1,18855727700.0,3360.26,1000.0,80.24,2015-04-23,80.24,3360.26
20150424,000852,中证1000指数,中证1000,CSI 1000 Index,CSI 1000,9990.34,10153.96,9909.48,10123.91,18.64,0.18,17419427400.0,3166.22,1000.0,80.41,2015-04-24,80.41,3166.22
20150427,000852,中证1000指数,中证1000,CSI 1000 Index,CSI 1000,10202.03,10297.1,10093.25,10174.9,50.99,0.5,17248885000.0,3188.48,1000.0,80.8,2015-04-27,80.8,3188.48
20150428,000852,中证1000指数,中证1000,CSI 1000 Index,CSI 1000,10184.26,10184.26,9744.38,9847.89,-327.01,-3.21,16926605900.0,2996.68,1000.0,78.22,2015-04-28,78.22,2996.68
20150429,000852,中证1000指数,中证1000,CSI 1000 Index,CSI 1000,9817.45,10111.91,9792.64,10107.4,259.51,2.64,13462343500.0,2460.12,1000.0,80.05,2015-04-29,80.05,2460.12
20150430,000852,中证1000指数,中证1000,CSI 1000 Index,CSI 1000,10156.36,10298.49,10155.19,10180.49,73.09,0.72,14074512200.0,2662.07,1000.0,80.98,2015-04-30,80.98,2662.07
20150504,000852,中证1000指数,中证1000,CSI 1000 Index,CSI 1000,10206.21,10281.71,10085.33,10270.13,89.64,0.88,13215675100.0,2430.15,1000.0,81.51,2015-05-04,81.51,2430.15
20150505,000852,中证1000指数,中证1000,CSI 1000 Index,CSI 1000,10273.57,10286.56,9950.57,10007.27,-262.86,-2.56,14857816500.0,2622.28,1000.0,78.01,2015-05-05,78.01,2622.28
20150506,000852,中证1000指数,中证1000,CSI 1000 Index,CSI 1000,10032.05,10264.64,9913.61,9973.99,-33.28,-0.33,13319897500.0,2501.73,1000.0,77.65,2015-05-06,77.65,2501.73
20150507,000852,中证1000指数,中证1000,CSI 1000 Index,CSI 1000,9934.94,9989.86,9789.18,9806.51,-167.48,-1.68,11342813600.0,2071.42,1000.0,76.44,2015-05-07,76.44,2071.42
20150508,000852,中证1000指数,中证1000,CSI 1000 Index,CSI 1000,9913.85,10274.58,9913.85,10274.38,467.87,4.77,12780709400.0,2474.47,1000.0,79.45,2015-05-08,79.45,2474.47
20150511,000852,中证1000指数,中证1000,CSI 1000 Index,CSI 1000,10424.97,10772.06,10386.63,10771.62,497.24,4.84,16040962300.0,3234.95,1000.0,83.29,2015-05-11,83.29,3234.95
20150512,000852,中证1000指数,中证1000,CSI 1000 Index,CSI 1000,10871.48,11051.87,10782.2,11051.43,279.81,2.6,17809291400.0,3618.73,1000.0,85.25,2015-05-12,85.25,3618.73
20150513,000852,中证1000指数,中证1000,CSI 1000 Index,CSI 1000,10969.33,11259.27,10834.98,11137.3,85.87,0.78,17698053800.0,3600.59,1000.0,88.01,2015-05-13,88.01,3600.59
20150514,000852,中证1000指数,中证1000,CSI 1000 Index,CSI 1000,11158.42,11272.84,11093.57,11211.1,73.8,0.66,16981519000.0,3423.27,1000.0,88.43,2015-05-14,88.43,3423.27
20150515,000852,中证1000指数,中证1000,CSI 1000 Index,CSI 1000,11165.97,11316.89,11000.63,11217.93,6.83,0.06,16038270500.0,3225.85,1000.0,88.46,2015-05-15,88.46,3225.85
20150518,000852,中证1000指数,中证1000,CSI 1000 Index,CSI 1000,11234.72,11557.17,11222.2,11542.28,324.35,2.89,15285585000.0,3249.18,1000.0,91.09,2015-05-18,91.09,3249.18
20150519,000852,中证1000指数,中证1000,CSI 1000 Index,CSI 1000,11624.3,11837.65,11525.34,11831.36,289.08,2.5,16296310900.0,3465.04,1000.0,93.44,2015-05-19,93.44,3465.04
20150520,000852,中证1000指数,中证1000,CSI 1000 Index,CSI 1000,11912.38,12321.41,11909.24,12132.37,301.01,2.54,19811521700.0,4183.68,1000.0,94.92,2015-05-20,94.92,4183.68
20150521,000852,中证1000指数,中证1000,CSI 1000 Index,CSI 1000,12214.48,12586.64,12213.73,12586.05,453.68,3.74,19195613500.0,4167.85,1000.0,97.89,2015-05-21,97.89,4167.85
20150522,000852,中证1000指数,中证1000,CSI 1000 Index,CSI 1000,12782.05,12848.23,12386.94,12687.29,101.24,0.8,22874699400.0,4917.34,1000.0,97.99,2015-05-22,97.99,4917.34
20150525,000852,中证1000指数,中证1000,CSI 1000 Index,CSI 1000,12513.18,12894.44,12408.1,12877.87,190.58,1.5,22281298900.0,4689.91,1000.0,98.93,2015-05-25,98.93,4689.91
20150526,000852,中证1000指数,中证1000,CSI 1000 Index,CSI 1000,12962.67,13402.18,12960.29,13401.31,523.44,4.06,22803457100.0,4913.35,1000.0,102.05,2015-05-26,102.05,4913.35
20150527,000852,中证1000指数,中证1000,CSI 1000 Index,CSI 1000,13484.77,13642.14,13174.12,13582.55,181.24,1.35,23041222300.0,5126.13,1000.0,102.83,2015-05-27,102.83,5126.13
20150528,000852,中证1000指数,中证1000,CSI 1000 Index,CSI 1000,13610.78,13806.21,12816.46,12818.99,-763.56,-5.62,25665591700.0,5607.26,1000.0,96.66,2015-05-28,96.66,5607.26
20150529,000852,中证1000指数,中证1000,CSI 1000 Index,CSI 1000,12775.09,13250.95,12237.6,13027.21,208.22,1.62,21002555800.0,4511.98,1000.0,97.86,2015-05-29,97.86,4511.98
20150601,000852,中证1000指数,中证1000,CSI 1000 Index,CSI 1000,13146.12,13691.6,13146.07,13691.17,663.96,5.1,18801437700.0,4226.13,1000.0,102.6,2015-06-01,102.6,4226.13
20150602,000852,中证1000指数,中证1000,CSI 1000 Index,CSI 1000,13805.72,14277.33,13763.64,14276.32,585.15,4.27,21223550600.0,4829.0,1000.0,106.56,2015-06-02,106.56,4829.0
20150603,000852,中证1000指数,中证1000,CSI 1000 Index,CSI 1000,14381.02,14461.29,13928.16,14356.6,80.28,0.56,21656031200.0,5035.14,1000.0,107.05,2015-06-03,107.05,5035.14
20150604,000852,中证1000指数,中证1000,CSI 1000 Index,CSI 1000,14366.78,14424.36,13459.88,14308.65,-47.95,-0.33,20307708200.0,4757.12,1000.0,106.1,2015-06-04,106.1,4757.12
20150605,000852,中证1000指数,中证1000,CSI 1000 Index,CSI 1000,14513.11,14656.25,14174.18,14465.75,157.1,1.1,22874589400.0,5329.96,1000.0,106.46,2015-06-05,106.46,5329.96
20150608,000852,中证1000指数,中证1000,CSI 1000 Index,CSI 1000,14445.11,14445.11,13967.37,14099.73,-366.02,-2.53,21378219700.0,4857.11,1000.0,103.41,2015-06-08,103.41,4857.11
20150609,000852,中证1000指数,中证1000,CSI 1000 Index,CSI 1000,14018.54,14217.84,13899.36,14106.23,6.5,0.05,16987537600.0,3884.78,1000.0,103.05,2015-06-09,103.05,3884.78
20150610,000852,中证1000指数,中证1000,CSI 1000 Index,CSI 1000,14047.11,14596.06,13918.59,14461.81,355.58,2.52,17912358700.0,4180.37,1000.0,105.04,2015-06-10,105.04,4180.37
20150611,000852,中证1000指数,中证1000,CSI 1000 Index,CSI 1000,14486.94,14769.59,14478.84,14768.88,307.07,2.12,18550515300.0,4387.87,1000.0,106.88,2015-06-11,106.88,4387.87
20150612,000852,中证1000指数,中证1000,CSI 1000 Index,CSI 1000,14844.62,15086.44,14825.28,15006.34,237.46,1.61,20535094900.0,4839.53,1000.0,107.87,2015-06-12,107.87,4839.53
20150615,000852,中证1000指数,中证1000,CSI 1000 Index,CSI 1000,15050.58,15076.49,14675.21,14707.78,-298.56,-1.99,22276396200.0,4977.74,1000.0,101.97,2015-06-15,101.97,4977.74
20150616,000852,中证1000指数,中证1000,CSI 1000 Index,CSI 1000,14514.85,14514.85,13981.68,14102.22,-605.56,-4.12,19258967200.0,4202.47,1000.0,97.55,2015-06-16,97.55,4202.47
20150617,000852,中证1000指数,中证1000,CSI 1000 Index,CSI 1000,14061.98,14446.51,13603.85,14407.31,305.09,2.16,18035931600.0,3844.51,1000.0,99.67,2015-06-17,99.67,3844.51
20150618,000852,中证1000指数,中证1000,CSI 1000 Index,CSI 1000,14392.32,14499.87,13894.26,13934.21,-473.1,-3.28,16969618800.0,3648.49,1000.0,96.24,2015-06-18,96.24,3648.49
20150619,000852,中证1000指数,中证1000,CSI 1000 Index,CSI 1000,13564.22,13688.94,12999.07,13024.72,-909.5,-6.53,15020172300.0,3048.9,1000.0,90.07,2015-06-19,90.07,3048.9
20150623,000852,中证1000指数,中证1000,CSI 1000 Index,CSI 1000,12955.75,13131.65,12168.35,13047.02,22.3,0.17,15652885400.0,3012.3,1000.0,90.56,2015-06-23,90.56,3012.3
20150624,000852,中证1000指数,中证1000,CSI 1000 Index,CSI 1000,13176.06,13382.76,12935.57,13313.79,266.78,2.04,16515631300.0,3347.29,1000.0,92.27,2015-06-24,92.27,3347.29
20150625,000852,中证1000指数,中证1000,CSI 1000 Index,CSI 1000,13357.21,13361.77,12585.36,12760.48,-553.32,-4.16,17286382800.0,3493.17,1000.0,88.25,2015-06-25,88.25,3493.17
20150626,000852,中证1000指数,中证1000,CSI 1000 Index,CSI 1000,12309.8,12311.04,11710.78,11730.75,-1029.73,-8.07,14740322000.0,2665.8,1000.0,81.03,2015-06-26,81.03,2665.8
20150629,000852,中证1000指数,中证1000,CSI 1000 Index,CSI 1000,11923.42,11933.72,10787.16,10906.04,-824.7,-7.03,18227383600.0,3015.75,1000.0,75.09,2015-06-29,75.09,3015.75
20150630,000852,中证1000指数,中证1000,CSI 1000 Index,CSI 1000,10543.23,11389.19,10110.66,11381.47,475.43,4.36,21688094700.0,3580.06,1000.0,78.34,2015-06-30,78.34,3580.06
20150701,000852,中证1000指数,中证1000,CSI 1000 Index,CSI 1000,11264.87,11641.03,10685.37,10734.01,-647.46,-5.69,19036149500.0,3416.77,1000.0,73.96,2015-07-01,73.96,3416.77
20150702,000852,中证1000指数,中证1000,CSI 1000 Index,CSI 1000,10626.73,10696.42,9959.56,10002.36,-731.65,-6.82,16921731500.0,2624.26,1000.0,69.06,2015-07-02,69.06,2624.26
20150703,000852,中证1000指数,中证1000,CSI 1000 Index,CSI 1000,9545.27,10055.57,9282.59,9358.73,-643.63,-6.43,16450766900.0,2307.8,1000.0,64.62,2015-07-03,64.62,2307.8
20150706,000852,中证1000指数,中证1000,CSI 1000 Index,CSI 1000,9943.96,9943.96,8755.03,8858.91,-499.82,-5.34,20266117700.0,2643.23,1000.0,61.11,2015-07-06,61.11,2643.23
20150707,000852,中证1000指数,中证1000,CSI 1000 Index,CSI 1000,8517.29,8528.49,8352.94,8356.13,-502.79,-5.68,7838326900.0,786.85,1000.0,57.61,2015-07-07,57.61,786.85
20150708,000852,中证1000指数,中证1000,CSI 1000 Index,CSI 1000,8057.11,8128.54,8056.46,8114.6,-241.52,-2.89,7850767900.0,938.87,1000.0,56.0,2015-07-08,56.0,938.87
20150709,000852,中证1000指数,中证1000,CSI 1000 Index,CSI 1000,7951.43,8349.73,7951.43,8348.87,234.27,2.89,13413590700.0,1299.16,1000.0,57.44,2015-07-09,57.44,1299.16
20150710,000852,中证1000指数,中证1000,CSI 1000 Index,CSI 1000,8488.35,8621.39,8478.26,8620.27,271.4,3.25,8226998700.0,920.28,1000.0,59.12,2015-07-10,59.12,920.28
20150713,000852,中证1000指数,中证1000,CSI 1000 Index,CSI 1000,8930.79,9034.35,8879.57,9032.56,412.28,4.78,13273756800.0,1699.58,1000.0,61.9,2015-07-13,61.9,1699.58
20150714,000852,中证1000指数,中证1000,CSI 1000 Index,CSI 1000,9311.51,9501.08,9236.84,9338.17,305.61,3.38,18654009500.0,2509.78,1000.0,63.98,2015-07-14,63.98,2509.78
20150715,000852,中证1000指数,中证1000,CSI 1000 Index,CSI 1000,9424.22,9424.22,8918.93,8942.91,-395.26,-4.23,21409852300.0,2893.83,1000.0,61.29,2015-07-15,61.29,2893.83
20150716,000852,中证1000指数,中证1000,CSI 1000 Index,CSI 1000,8615.93,9241.73,8470.13,9041.23,98.32,1.1,20267447800.0,2672.82,1000.0,61.91,2015-07-16,61.91,2672.82
20150717,000852,中证1000指数,中证1000,CSI 1000 Index,CSI 1000,9087.16,9588.17,9078.86,9541.26,500.03,5.53,18798279700.0,2623.21,1000.0,65.32,2015-07-17,65.32,2623.21
20150720,000852,中证1000指数,中证1000,CSI 1000 Index,CSI 1000,9657.62,9940.92,9579.16,9839.92,298.66,3.13,23039609100.0,3486.24,1000.0,67.31,2015-07-20,67.31,3486.24
20150721,000852,中证1000指数,中证1000,CSI 1000 Index,CSI 1000,9762.6,10139.15,9652.93,10062.89,222.98,2.27,20816137700.0,3209.03,1000.0,68.84,2015-07-21,68.84,3209.03
20150722,000852,中证1000指数,中证1000,CSI 1000 Index,CSI 1000,10082.96,10270.11,9923.16,10228.86,165.97,1.65,22086114400.0,3442.57,1000.0,69.94,2015-07-22,69.94,3442.57
20150723,000852,中证1000指数,中证1000,CSI 1000 Index,CSI 1000,10251.56,10585.68,10197.66,10553.22,324.36,3.17,23520744400.0,3705.15,1000.0,72.15,2015-07-23,72.15,3705.15
20150724,000852,中证1000指数,中证1000,CSI 1000 Index,CSI 1000,10579.16,10782.59,10351.93,10449.75,-103.47,-0.98,25880692100.0,4180.56,1000.0,71.54,2015-07-24,71.54,4180.56
20150727,000852,中证1000指数,中证1000,CSI 1000 Index,CSI 1000,10235.63,10556.48,9716.97,9719.55,-730.2,-6.99,22717970200.0,3649.26,1000.0,66.65,2015-07-27,66.65,3649.26
20150728,000852,中证1000指数,中证1000,CSI 1000 Index,CSI 1000,9125.96,9769.62,9036.62,9284.54,-435.01,-4.48,21978732900.0,3179.85,1000.0,63.65,2015-07-28,63.65,3179.85
20150729,000852,中证1000指数,中证1000,CSI 1000 Index,CSI 1000,9435.39,9727.53,9019.91,9727.23,442.69,4.77,18633106800.0,2833.08,1000.0,66.68,2015-07-29,66.68,2833.08
20150730,000852,中证1000指数,中证1000,CSI 1000 Index,CSI 1000,9679.1,9910.54,9422.04,9460.73,-266.5,-2.74,20116853300.0,3096.59,1000.0,64.84,2015-07-30,64.84,3096.59
20150731,000852,中证1000指数,中证1000,CSI 1000 Index,CSI 1000,9283.38,9512.49,9081.72,9223.64,-237.09,-2.51,14950542000.0,2237.57,1000.0,63.23,2015-07-31,63.23,2237.57
20150803,000852,中证1000指数,中证1000,CSI 1000 Index,CSI 1000,9076.07,9109.28,8656.51,8723.59,-500.04,-5.42,14617514600.0,2022.79,1000.0,59.93,2015-08-03,59.93,2022.79
20150804,000852,中证1000指数,中证1000,CSI 1000 Index,CSI 1000,8720.24,9265.35,8720.24,9265.22,541.63,6.21,16639467800.0,2380.95,1000.0,63.65,2015-08-04,63.65,2380.95
20150805,000852,中证1000指数,中证1000,CSI 1000 Index,CSI 1000,9285.29,9465.77,9131.8,9240.88,-24.34,-0.26,18859100600.0,2823.88,1000.0,63.42,2015-08-05,63.42,2823.88
20150806,000852,中证1000指数,中证1000,CSI 1000 Index,CSI 1000,9025.67,9331.65,8996.4,9229.35,-11.54,-0.12,14382318400.0,2096.91,1000.0,63.37,2015-08-06,63.37,2096.91
20150807,000852,中证1000指数,中证1000,CSI 1000 Index,CSI 1000,9321.98,9585.51,9319.25,9585.14,355.79,3.85,18553277100.0,2811.79,1000.0,65.85,2015-08-07,65.85,2811.79
20150810,000852,中证1000指数,中证1000,CSI 1000 Index,CSI 1000,9704.08,10133.76,9680.44,10077.94,492.81,5.14,22400708800.0,3468.08,1000.0,69.49,2015-08-10,69.49,3468.08
20150811,000852,中证1000指数,中证1000,CSI 1000 Index,CSI 1000,10093.88,10300.82,10050.24,10153.71,75.77,0.75,24234325200.0,3754.47,1000.0,69.99,2015-08-11,69.99,3754.47
20150812,000852,中证1000指数,中证1000,CSI 1000 Index,CSI 1000,10053.47,10227.34,10003.36,10005.93,-147.78,-1.46,20256043200.0,3111.09,1000.0,68.91,2015-08-12,68.91,3111.09
20150813,000852,中证1000指数,中证1000,CSI 1000 Index,CSI 1000,9946.41,10309.77,9893.16,10308.79,302.86,3.03,20465322700.0,3156.15,1000.0,70.97,2015-08-13,70.97,3156.15
20150814,000852,中证1000指数,中证1000,CSI 1000 Index,CSI 1000,10400.5,10505.92,10295.33,10377.98,69.19,0.67,23401125300.0,3683.99,1000.0,71.36,2015-08-14,71.36,3683.99
20150817,000852,中证1000指数,中证1000,CSI 1000 Index,CSI 1000,10339.26,10563.51,10267.23,10563.13,185.15,1.78,22307774600.0,3479.34,1000.0,72.5,2015-08-17,72.5,3479.34
20150818,000852,中证1000指数,中证1000,CSI 1000 Index,CSI 1000,10582.23,10603.36,9781.75,9806.7,-756.43,-7.16,25701516700.0,3968.69,1000.0,67.25,2015-08-18,67.25,3968.69
20150819,000852,中证1000指数,中证1000,CSI 1000 Index,CSI 1000,9442.91,10118.27,9224.17,10057.84,251.14,2.56,22939908000.0,3336.8,1000.0,68.97,2015-08-19,68.97,3336.8
20150820,000852,中证1000指数,中证1000,CSI 1000 Index,CSI 1000,9947.82,10149.46,9734.62,9739.92,-317.92,-3.16,19871242100.0,3027.71,1000.0,66.79,2015-08-20,66.79,3027.71
20150821,000852,中证1000指数,中证1000,CSI 1000 Index,CSI 1000,9531.92,9661.6,9159.43,9208.15,-531.76,-5.46,16887377500.0,2455.13,1000.0,63.04,2015-08-21,63.04,2455.13
20150824,000852,中证1000指数,中证1000,CSI 1000 Index,CSI 1000,8782.49,8833.71,8505.74,8506.72,-701.43,-7.62,10930497600.0,1373.61,1000.0,58.2,2015-08-24,58.2,1373.61
20150825,000852,中证1000指数,中证1000,CSI 1000 Index,CSI 1000,7889.78,8073.07,7878.49,7882.11,-624.61,-7.34,11286036800.0,1313.36,1000.0,53.88,2015-08-25,53.88,1313.36
20150826,000852,中证1000指数,中证1000,CSI 1000 Index,CSI 1000,7836.28,8103.1,7457.89,7543.78,-338.33,-4.29,20115735800.0,2325.04,1000.0,51.64,2015-08-26,51.64,2325.04
20150827,000852,中证1000指数,中证1000,CSI 1000 Index,CSI 1000,7666.51,7794.85,7370.21,7793.54,249.75,3.31,16520642700.0,1920.72,1000.0,53.42,2015-08-27,53.42,1920.72
20150828,000852,中证1000指数,中证1000,CSI 1000 Index,CSI 1000,7912.79,8271.6,7861.96,8270.96,477.42,6.13,18887257300.0,2310.81,1000.0,56.72,2015-08-28,56.72,2310.81
20150831,000852,中证1000指数,中证1000,CSI 1000 Index,CSI 1000,8222.53,8222.53,7950.1,7950.46,-320.5,-3.88,16185587200.0,2022.14,1000.0,54.26,2015-08-31,54.26,2022.14
20150901,000852,中证1000指数,中证1000,CSI 1000 Index,CSI 1000,7848.66,7848.66,7433.89,7441.34,-509.12,-6.4,13552018400.0,1516.88,1000.0,51.84,2015-09-01,51.84,1516.88
20150902,000852,中证1000指数,中证1000,CSI 1000 Index,CSI 1000,7072.79,7619.51,7057.55,7129.97,-311.37,-4.18,14211358000.0,1587.44,1000.0,49.68,2015-09-02,49.68,1587.44
20150907,000852,中证1000指数,中证1000,CSI 1000 Index,CSI 1000,7243.44,7465.77,7219.47,7291.47,161.5,2.27,13083151000.0,1519.35,1000.0,50.87,2015-09-07,50.87,1519.35
20150908,000852,中证1000指数,中证1000,CSI 1000 Index,CSI 1000,7247.57,7660.61,7204.36,7651.5,360.03,4.94,12774965400.0,1476.27,1000.0,53.47,2015-09-08,53.47,1476.27
20150909,000852,中证1000指数,中证1000,CSI 1000 Index,CSI 1000,7716.55,7980.59,7697.81,7956.73,305.23,3.99,18952344400.0,2361.02,1000.0,55.82,2015-09-09,55.82,2361.02
20150910,000852,中证1000指数,中证1000,CSI 1000 Index,CSI 1000,7831.5,7999.54,7798.75,7843.0,-113.73,-1.43,14658442000.0,1823.9,1000.0,55.06,2015-09-10,55.06,1823.9
20150911,000852,中证1000指数,中证1000,CSI 1000 Index,CSI 1000,7826.74,7975.51,7808.48,7952.14,109.14,1.39,12906175400.0,1633.78,1000.0,55.73,2015-09-11,55.73,1633.78
20150914,000852,中证1000指数,中证1000,CSI 1000 Index,CSI 1000,7997.34,8022.06,7391.9,7412.3,-539.83,-6.79,15716442300.0,1861.73,1000.0,51.58,2015-09-14,51.58,1861.73
20150915,000852,中证1000指数,中证1000,CSI 1000 Index,CSI 1000,7183.33,7352.0,7008.99,7034.9,-377.4,-5.09,12842604900.0,1409.61,1000.0,49.02,2015-09-15,49.02,1409.61
20150916,000852,中证1000指数,中证1000,CSI 1000 Index,CSI 1000,7062.84,7517.62,7049.42,7500.61,465.71,6.62,14545906200.0,1651.84,1000.0,52.31,2015-09-16,52.31,1651.84
20150917,000852,中证1000指数,中证1000,CSI 1000 Index,CSI 1000,7516.36,7771.46,7428.57,7428.64,-71.97,-0.96,17920258100.0,2200.63,1000.0,51.82,2015-09-17,51.82,2200.63
20150918,000852,中证1000指数,中证1000,CSI 1000 Index,CSI 1000,7484.28,7599.36,7386.12,7556.2,127.57,1.72,12746752700.0,1582.71,1000.0,52.38,2015-09-18,52.38,1582.71
20150921,000852,中证1000指数,中证1000,CSI 1000 Index,CSI 1000,7453.17,7850.81,7430.94,7847.88,291.68,3.86,14657248800.0,1862.98,1000.0,54.51,2015-09-21,54.51,1862.98
20150922,000852,中证1000指数,中证1000,CSI 1000 Index,CSI 1000,7868.64,7974.88,7765.78,7880.84,32.95,0.42,16812774600.0,2170.39,1000.0,54.67,2015-09-22,54.67,2170.39
20150923,000852,中证1000指数,中证1000,CSI 1000 Index,CSI 1000,7734.28,7924.52,7716.13,7824.07,-56.77,-0.72,14683714900.0,1904.17,1000.0,53.97,2015-09-23,53.97,1904.17
20150924,000852,中证1000指数,中证1000,CSI 1000 Index,CSI 1000,7856.02,7951.79,7814.34,7928.82,104.76,1.34,14369205800.0,1856.47,1000.0,54.2,2015-09-24,54.2,1856.47
20150925,000852,中证1000指数,中证1000,CSI 1000 Index,CSI 1000,7877.93,7934.52,7585.15,7640.17,-288.65,-3.64,14633482400.0,1831.58,1000.0,51.95,2015-09-25,51.95,1831.58
20150928,000852,中证1000指数,中证1000,CSI 1000 Index,CSI 1000,7643.16,7841.22,7536.82,7839.62,199.44,2.61,10864716900.0,1407.86,1000.0,53.38,2015-09-28,53.38,1407.86
20150929,000852,中证1000指数,中证1000,CSI 1000 Index,CSI 1000,7702.65,7824.23,7658.2,7720.68,-118.94,-1.52,11115331200.0,1461.37,1000.0,52.17,2015-09-29,52.17,1461.37
20150930,000852,中证1000指数,中证1000,CSI 1000 Index,CSI 1000,7753.35,7794.64,7642.7,7727.51,6.83,0.09,9567723500.0,1229.33,1000.0,52.0,2015-09-30,52.0,1229.33
20151008,000852,中证1000指数,中证1000,CSI 1000 Index,CSI 1000,7961.0,8099.15,7902.55,8056.28,328.77,4.25,14074278500.0,1799.06,1000.0,54.26,2015-10-08,54.26,1799.06
20151009,000852,中证1000指数,中证1000,CSI 1000 Index,CSI 1000,8045.77,8213.56,8028.61,8180.4,124.12,1.54,15500313100.0,2008.69,1000.0,54.86,2015-10-09,54.86,2008.69
20151012,000852,中证1000指数,中证1000,CSI 1000 Index,CSI 1000,8226.55,8590.91,8225.24,8522.63,342.23,4.18,20946190000.0,2742.67,1000.0,57.11,2015-10-12,57.11,2742.67
20151013,000852,中证1000指数,中证1000,CSI 1000 Index,CSI 1000,8447.74,8672.87,8420.64,8651.05,128.42,1.51,18967591600.0,2557.41,1000.0,58.03,2015-10-13,58.03,2557.41
20151014,000852,中证1000指数,中证1000,CSI 1000 Index,CSI 1000,8610.35,8682.82,8515.65,8534.73,-116.33,-1.34,18600267600.0,2560.32,1000.0,57.09,2015-10-14,57.09,2560.32
20151015,000852,中证1000指数,中证1000,CSI 1000 Index,CSI 1000,8476.31,8808.9,8476.31,8808.46,273.74,3.21,19466164500.0,2674.7,1000.0,58.99,2015-10-15,58.99,2674.7
20151016,000852,中证1000指数,中证1000,CSI 1000 Index,CSI 1000,8866.79,8948.62,8742.43,8943.02,134.55,1.53,22804022700.0,3167.48,1000.0,59.89,2015-10-16,59.89,3167.48
20151019,000852,中证1000指数,中证1000,CSI 1000 Index,CSI 1000,8961.66,9008.61,8806.43,8935.39,-7.63,-0.09,22127763400.0,3157.39,1000.0,59.83,2015-10-19,59.83,3157.39
20151020,000852,中证1000指数,中证1000,CSI 1000 Index,CSI 1000,8915.87,9117.31,8891.94,9116.54,181.15,2.03,20310648200.0,2948.87,1000.0,60.97,2015-10-20,60.97,2948.87
20151021,000852,中证1000指数,中证1000,CSI 1000 Index,CSI 1000,9116.48,9157.92,8515.13,8541.61,-574.93,-6.31,25880256700.0,3708.67,1000.0,56.97,2015-10-21,56.97,3708.67
20151022,000852,中证1000指数,中证1000,CSI 1000 Index,CSI 1000,8531.69,8901.22,8525.98,8894.76,353.15,4.13,20363135800.0,2978.97,1000.0,59.26,2015-10-22,59.26,2978.97
20151023,000852,中证1000指数,中证1000,CSI 1000 Index,CSI 1000,8977.88,9220.98,8942.33,9182.55,287.8,3.24,22877516900.0,3486.37,1000.0,61.08,2015-10-23,61.08,3486.37
20151026,000852,中证1000指数,中证1000,CSI 1000 Index,CSI 1000,9296.19,9347.64,9126.58,9262.89,80.34,0.87,24222181700.0,3722.51,1000.0,61.52,2015-10-26,61.52,3722.51
20151027,000852,中证1000指数,中证1000,CSI 1000 Index,CSI 1000,9183.79,9398.73,8882.22,9345.97,83.08,0.9,22213167400.0,3370.26,1000.0,61.84,2015-10-27,61.84,3370.26
20151028,000852,中证1000指数,中证1000,CSI 1000 Index,CSI 1000,9277.73,9406.35,9091.56,9131.87,-214.1,-2.29,20545649800.0,3157.07,1000.0,60.35,2015-10-28,60.35,3157.07
20151029,000852,中证1000指数,中证1000,CSI 1000 Index,CSI 1000,9197.47,9320.23,9058.94,9214.59,82.72,0.91,17635029000.0,2685.93,1000.0,60.81,2015-10-29,60.81,2685.93
20151030,000852,中证1000指数,中证1000,CSI 1000 Index,CSI 1000,9183.49,9332.91,9031.78,9188.27,-26.32,-0.29,18426279300.0,2859.03,1000.0,60.71,2015-10-30,60.71,2859.03
20151102,000852,中证1000指数,中证1000,CSI 1000 Index,CSI 1000,8946.88,9236.42,8915.77,8944.68,-243.58,-2.65,16832227700.0,2551.17,1000.0,64.07,2015-11-02,64.07,2551.17
20151103,000852,中证1000指数,中证1000,CSI 1000 Index,CSI 1000,8963.77,9033.58,8837.31,8924.42,-20.27,-0.23,14035808900.0,2145.7,1000.0,63.9,2015-11-03,63.9,2145.7
20151104,000852,中证1000指数,中证1000,CSI 1000 Index,CSI 1000,8973.16,9396.99,8973.16,9396.84,472.43,5.29,20404583800.0,3120.31,1000.0,67.38,2015-11-04,67.38,3120.31
20151105,000852,中证1000指数,中证1000,CSI 1000 Index,CSI 1000,9416.49,9525.22,9295.37,9391.45,-5.4,-0.06,24507576400.0,3675.74,1000.0,67.2,2015-11-05,67.2,3675.74
20151106,000852,中证1000指数,中证1000,CSI 1000 Index,CSI 1000,9396.1,9640.44,9395.73,9629.28,237.83,2.53,21652026200.0,3359.99,1000.0,69.04,2015-11-06,69.04,3359.99
20151109,000852,中证1000指数,中证1000,CSI 1000 Index,CSI 1000,9560.54,9861.11,9473.46,9816.03,186.75,1.94,23649632300.0,3756.62,1000.0,70.53,2015-11-09,70.53,3756.62
20151110,000852,中证1000指数,中证1000,CSI 1000 Index,CSI 1000,9770.13,9958.15,9739.17,9911.24,95.21,0.97,23582202800.0,3763.11,1000.0,71.11,2015-11-10,71.11,3763.11
20151111,000852,中证1000指数,中证1000,CSI 1000 Index,CSI 1000,9910.12,10106.02,9873.24,10100.51,189.27,1.91,22320052000.0,3654.78,1000.0,72.57,2015-11-11,72.57,3654.78
20151112,000852,中证1000指数,中证1000,CSI 1000 Index,CSI 1000,10137.46,10223.71,9990.76,10135.08,34.57,0.34,23027267300.0,3878.34,1000.0,72.76,2015-11-12,72.76,3878.34
20151113,000852,中证1000指数,中证1000,CSI 1000 Index,CSI 1000,10030.15,10102.65,9813.03,9934.77,-200.31,-1.98,22084636000.0,3667.33,1000.0,71.02,2015-11-13,71.02,3667.33
20151116,000852,中证1000指数,中证1000,CSI 1000 Index,CSI 1000,9749.11,10195.72,9736.48,10194.78,260.01,2.62,18206408200.0,3016.6,1000.0,72.95,2015-11-16,72.95,3016.6
20151117,000852,中证1000指数,中证1000,CSI 1000 Index,CSI 1000,10308.23,10361.3,10088.03,10109.4,-85.38,-0.84,23570729700.0,3988.04,1000.0,72.41,2015-11-17,72.41,3988.04
20151118,000852,中证1000指数,中证1000,CSI 1000 Index,CSI 1000,10116.71,10203.4,9902.83,9928.66,-180.74,-1.79,17833159300.0,2957.23,1000.0,71.22,2015-11-18,71.22,2957.23
20151119,000852,中证1000指数,中证1000,CSI 1000 Index,CSI 1000,9954.66,10235.83,9944.38,10235.35,306.69,3.09,17287393800.0,2937.6,1000.0,73.45,2015-11-19,73.45,2937.6
20151120,000852,中证1000指数,中证1000,CSI 1000 Index,CSI 1000,10272.35,10477.22,10265.66,10440.35,205.0,2.0,22041068900.0,3773.56,1000.0,74.57,2015-11-20,74.57,3773.56
20151123,000852,中证1000指数,中证1000,CSI 1000 Index,CSI 1000,10447.81,10546.74,10297.14,10341.45,-98.9,-0.95,22933842400.0,3731.33,1000.0,73.93,2015-11-23,73.93,3731.33
20151124,000852,中证1000指数,中证1000,CSI 1000 Index,CSI 1000,10324.04,10460.35,10204.42,10459.6,118.18,1.14,16860735400.0,2797.84,1000.0,74.85,2015-11-24,74.85,2797.84
20151125,000852,中证1000指数,中证1000,CSI 1000 Index,CSI 1000,10470.93,10707.77,10468.34,10696.31,236.71,2.26,20127148500.0,3559.74,1000.0,76.54,2015-11-25,76.54,3559.74
20151126,000852,中证1000指数,中证1000,CSI 1000 Index,CSI 1000,10745.06,10772.62,10595.1,10620.83,-75.48,-0.71,21464993900.0,3769.41,1000.0,75.99,2015-11-26,75.99,3769.41
20151127,000852,中证1000指数,中证1000,CSI 1000 Index,CSI 1000,10560.39,10619.71,9859.02,9933.5,-687.34,-6.47,22280913800.0,3720.3,1000.0,71.06,2015-11-27,71.06,3720.3
20151130,000852,中证1000指数,中证1000,CSI 1000 Index,CSI 1000,9935.4,10058.66,9406.72,10001.19,67.69,0.68,19745447100.0,3218.99,1000.0,71.51,2015-11-30,71.51,3218.99
20151201,000852,中证1000指数,中证1000,CSI 1000 Index,CSI 1000,9985.79,10101.51,9832.26,9955.2,-45.98,-0.46,16458051300.0,2713.17,1000.0,71.18,2015-12-01,71.18,2713.17
20151202,000852,中证1000指数,中证1000,CSI 1000 Index,CSI 1000,9928.27,9954.86,9506.1,9822.05,-133.15,-1.34,14894643500.0,2368.03,1000.0,70.2,2015-12-02,70.2,2368.03
20151203,000852,中证1000指数,中证1000,CSI 1000 Index,CSI 1000,9833.3,10103.48,9832.95,10102.89,280.84,2.86,14632445000.0,2409.31,1000.0,72.19,2015-12-03,72.19,2409.31
20151204,000852,中证1000指数,中证1000,CSI 1000 Index,CSI 1000,10073.67,10199.95,9996.29,10081.57,-21.32,-0.21,16144011500.0,2684.57,1000.0,72.06,2015-12-04,72.06,2684.57
20151207,000852,中证1000指数,中证1000,CSI 1000 Index,CSI 1000,10105.79,10238.79,10038.58,10238.02,156.45,1.55,15151237900.0,2586.35,1000.0,73.17,2015-12-07,73.17,2586.35
20151208,000852,中证1000指数,中证1000,CSI 1000 Index,CSI 1000,10189.87,10210.75,10022.62,10057.74,-180.28,-1.76,16377225800.0,2802.22,1000.0,71.75,2015-12-08,71.75,2802.22
20151209,000852,中证1000指数,中证1000,CSI 1000 Index,CSI 1000,10002.73,10111.56,9945.79,10034.19,-23.54,-0.23,14217327900.0,2542.79,1000.0,71.76,2015-12-09,71.76,2542.79
20151210,000852,中证1000指数,中证1000,CSI 1000 Index,CSI 1000,10024.19,10145.99,10008.74,10035.45,1.26,0.01,14075964900.0,2564.98,1000.0,71.8,2015-12-10,71.8,2564.98
20151211,000852,中证1000指数,中证1000,CSI 1000 Index,CSI 1000,10003.76,10043.54,9915.11,9946.12,-89.33,-0.89,12448637400.0,2211.44,1000.0,71.07,2015-12-11,71.07,2211.44
20151214,000852,中证1000指数,中证1000,CSI 1000 Index,CSI 1000,9845.07,10119.68,9829.34,10118.9,172.78,1.74,11808539700.0,2055.41,1000.0,71.0,2015-12-14,71.0,2055.41
20151215,000852,中证1000指数,中证1000,CSI 1000 Index,CSI 1000,10137.46,10312.42,10136.87,10278.47,159.57,1.58,13173382700.0,2372.35,1000.0,72.16,2015-12-15,72.16,2372.35
20151216,000852,中证1000指数,中证1000,CSI 1000 Index,CSI 1000,10319.56,10438.45,10314.86,10374.23,95.76,0.93,14145144400.0,2567.12,1000.0,72.89,2015-12-16,72.89,2567.12
20151217,000852,中证1000指数,中证1000,CSI 1000 Index,CSI 1000,10436.8,10680.39,10436.8,10679.96,305.73,2.95,18657213500.0,3339.4,1000.0,75.11,2015-12-17,75.11,3339.4
20151218,000852,中证1000指数,中证1000,CSI 1000 Index,CSI 1000,10678.37,10721.66,10562.68,10629.97,-49.99,-0.47,17309161000.0,3166.75,1000.0,74.56,2015-12-18,74.56,3166.75
20151221,000852,中证1000指数,中证1000,CSI 1000 Index,CSI 1000,10596.41,10712.04,10579.92,10699.61,69.64,0.66,15978536300.0,2782.92,1000.0,74.99,2015-12-21,74.99,2782.92
20151222,000852,中证1000指数,中证1000,CSI 1000 Index,CSI 1000,10724.02,10809.84,10652.01,10809.24,109.63,1.02,15399100000.0,2661.74,1000.0,75.75,2015-12-22,75.75,2661.74
20151223,000852,中证1000指数,中证1000,CSI 1000 Index,CSI 1000,10817.28,10828.97,10613.43,10638.16,-171.08,-1.58,16942334900.0,2996.0,1000.0,74.63,2015-12-23,74.63,2996.0
20151224,000852,中证1000指数,中证1000,CSI 1000 Index,CSI 1000,10600.47,10662.43,10413.92,10633.19,-4.97,-0.05,12995076500.0,2303.28,1000.0,74.63,2015-12-24,74.63,2303.28
20151225,000852,中证1000指数,中证1000,CSI 1000 Index,CSI 1000,10651.66,10760.15,10645.44,10726.99,93.8,0.88,12380066500.0,2197.58,1000.0,75.49,2015-12-25,75.49,2197.58
20151228,000852,中证1000指数,中证1000,CSI 1000 Index,CSI 1000,10765.91,10859.83,10515.36,10515.36,-211.63,-1.97,16984814000.0,2989.03,1000.0,73.88,2015-12-28,73.88,2989.03
20151229,000852,中证1000指数,中证1000,CSI 1000 Index,CSI 1000,10499.5,10654.42,10406.06,10653.71,138.35,1.32,12930432400.0,2289.54,1000.0,74.84,2015-12-29,74.84,2289.54
20151230,000852,中证1000指数,中证1000,CSI 1000 Index,CSI 1000,10678.11,10813.02,10661.28,10806.7,153.0,1.44,13909642800.0,2561.86,1000.0,75.79,2015-12-30,75.79,2561.86
20151231,000852,中证1000指数,中证1000,CSI 1000 Index,CSI 1000,10810.35,10839.04,10614.38,10614.38,-192.33,-1.78,12997947400.0,2407.33,1000.0,74.81,2015-12-31,74.81,2407.33
20160104,000852,中证1000指数,中证1000,CSI 1000 Index,CSI 1000,10598.27,10602.65,9694.63,9694.84,-919.54,-8.66,11730414400.0,1965.97,1000.0,68.29,2016-01-04,68.29,1965.97
20160105,000852,中证1000指数,中证1000,CSI 1000 Index,CSI 1000,9140.67,9680.16,9084.87,9452.04,-242.8,-2.5,16862804400.0,2657.47,1000.0,66.56,2016-01-05,66.56,2657.47
20160106,000852,中证1000指数,中证1000,CSI 1000 Index,CSI 1000,9511.73,9710.12,9404.07,9709.57,257.53,2.72,13963013900.0,2272.83,1000.0,68.34,2016-01-06,68.34,2272.83
20160107,000852,中证1000指数,中证1000,CSI 1000 Index,CSI 1000,9511.14,9511.14,8850.15,8856.49,-853.08,-8.79,4049542800.0,575.37,1000.0,62.29,2016-01-07,62.29,575.37
20160108,000852,中证1000指数,中证1000,CSI 1000 Index,CSI 1000,9049.77,9141.57,8404.5,8876.25,19.76,0.22,15692429900.0,2308.63,1000.0,62.39,2016-01-08,62.39,2308.63
20160111,000852,中证1000指数,中证1000,CSI 1000 Index,CSI 1000,8651.33,8754.36,8203.43,8205.12,-671.13,-7.56,14356881300.0,1947.12,1000.0,57.62,2016-01-11,57.62,1947.12
20160112,000852,中证1000指数,中证1000,CSI 1000 Index,CSI 1000,8164.34,8304.14,7968.75,8187.96,-17.16,-0.21,12117124200.0,1698.39,1000.0,57.55,2016-01-12,57.55,1698.39
20160113,000852,中证1000指数,中证1000,CSI 1000 Index,CSI 1000,8230.08,8311.73,7836.06,7836.12,-351.84,-4.3,11317753000.0,1584.95,1000.0,55.14,2016-01-13,55.14,1584.95
20160114,000852,中证1000指数,中证1000,CSI 1000 Index,CSI 1000,7548.03,8174.31,7534.04,8157.74,321.61,4.1,12293407700.0,1668.77,1000.0,57.48,2016-01-14,57.48,1668.77
20160115,000852,中证1000指数,中证1000,CSI 1000 Index,CSI 1000,8092.87,8202.34,7813.26,7868.17,-289.57,-3.55,11923095300.0,1710.48,1000.0,55.46,2016-01-15,55.46,1710.48
20160118,000852,中证1000指数,中证1000,CSI 1000 Index,CSI 1000,7689.66,8158.56,7685.47,8060.88,192.71,2.45,10650582700.0,1541.35,1000.0,56.82,2016-01-18,56.82,1541.35
20160119,000852,中证1000指数,中证1000,CSI 1000 Index,CSI 1000,8041.86,8400.6,8018.64,8388.38,327.5,4.06,12730422400.0,1851.08,1000.0,59.15,2016-01-19,59.15,1851.08
20160120,000852,中证1000指数,中证1000,CSI 1000 Index,CSI 1000,8328.72,8468.79,8244.73,8321.39,-66.99,-0.8,12908104800.0,1874.29,1000.0,58.67,2016-01-20,58.67,1874.29
20160121,000852,中证1000指数,中证1000,CSI 1000 Index,CSI 1000,8167.95,8410.15,7944.57,7944.57,-376.83,-4.53,12047289600.0,1755.95,1000.0,56.01,2016-01-21,56.01,1755.95
20160122,000852,中证1000指数,中证1000,CSI 1000 Index,CSI 1000,8036.32,8115.4,7787.62,8074.29,129.72,1.63,10111675900.0,1459.65,1000.0,56.95,2016-01-22,56.95,1459.65
20160125,000852,中证1000指数,中证1000,CSI 1000 Index,CSI 1000,8153.35,8256.16,8076.4,8180.5,106.22,1.32,9624817400.0,1405.99,1000.0,57.7,2016-01-25,57.7,1405.99
20160126,000852,中证1000指数,中证1000,CSI 1000 Index,CSI 1000,8071.36,8093.24,7526.59,7545.54,-634.96,-7.76,12067395100.0,1655.81,1000.0,53.26,2016-01-26,53.26,1655.81
20160127,000852,中证1000指数,中证1000,CSI 1000 Index,CSI 1000,7557.46,7585.83,7047.79,7466.75,-78.8,-1.04,12425157700.0,1594.82,1000.0,52.73,2016-01-27,52.73,1594.82
20160128,000852,中证1000指数,中证1000,CSI 1000 Index,CSI 1000,7344.03,7438.69,7067.55,7100.9,-365.84,-4.9,9636216600.0,1238.0,1000.0,50.15,2016-01-28,50.15,1238.0
20160129,000852,中证1000指数,中证1000,CSI 1000 Index,CSI 1000,7071.75,7459.37,7037.83,7385.76,284.86,4.01,10228517900.0,1313.55,1000.0,52.19,2016-01-29,52.19,1313.55
20160201,000852,中证1000指数,中证1000,CSI 1000 Index,CSI 1000,7358.75,7420.48,7163.91,7292.61,-93.15,-1.26,8684368600.0,1158.88,1000.0,51.61,2016-02-01,51.61,1158.88
20160202,000852,中证1000指数,中证1000,CSI 1000 Index,CSI 1000,7296.22,7600.08,7295.8,7576.07,283.45,3.89,9797843200.0,1329.41,1000.0,53.66,2016-02-02,53.66,1329.41
20160203,000852,中证1000指数,中证1000,CSI 1000 Index,CSI 1000,7480.3,7665.65,7428.9,7630.46,54.39,0.72,9448356400.0,1256.43,1000.0,53.95,2016-02-03,53.95,1256.43
20160204,000852,中证1000指数,中证1000,CSI 1000 Index,CSI 1000,7661.65,7839.28,7661.65,7807.4,176.94,2.32,10829571600.0,1479.61,1000.0,55.19,2016-02-04,55.19,1479.61
20160205,000852,中证1000指数,中证1000,CSI 1000 Index,CSI 1000,7828.61,7856.73,7716.21,7718.71,-88.69,-1.14,8629786200.0,1168.34,1000.0,54.55,2016-02-05,54.55,1168.34
20160215,000852,中证1000指数,中证1000,CSI 1000 Index,CSI 1000,7434.27,7772.49,7432.4,7726.37,7.66,0.1,7879468400.0,1048.73,1000.0,54.68,2016-02-15,54.68,1048.73
20160216,000852,中证1000指数,中证1000,CSI 1000 Index,CSI 1000,7767.03,8088.71,7767.03,8069.59,343.22,4.44,11556592500.0,1600.76,1000.0,57.1,2016-02-16,57.1,1600.76
20160217,000852,中证1000指数,中证1000,CSI 1000 Index,CSI 1000,8060.91,8214.94,8010.82,8202.15,132.55,1.64,12969795000.0,1863.77,1000.0,58.01,2016-02-17,58.01,1863.77
20160218,000852,中证1000指数,中证1000,CSI 1000 Index,CSI 1000,8256.95,8282.91,8155.08,8176.14,-26.01,-0.32,13406347700.0,1935.75,1000.0,57.81,2016-02-18,57.81,1935.75
20160219,000852,中证1000指数,中证1000,CSI 1000 Index,CSI 1000,8146.06,8289.21,8133.5,8239.26,63.12,0.77,11278702100.0,1687.2,1000.0,58.29,2016-02-19,58.29,1687.2
20160222,000852,中证1000指数,中证1000,CSI 1000 Index,CSI 1000,8350.28,8407.88,8303.21,8407.85,168.6,2.05,13315805100.0,1935.74,1000.0,59.43,2016-02-22,59.43,1935.74
20160223,000852,中证1000指数,中证1000,CSI 1000 Index,CSI 1000,8414.67,8437.16,8230.98,8357.36,-50.5,-0.6,13053093700.0,1923.75,1000.0,59.04,2016-02-23,59.04,1923.75
20160224,000852,中证1000指数,中证1000,CSI 1000 Index,CSI 1000,8316.83,8399.43,8161.0,8364.66,7.31,0.09,13609474500.0,1962.94,1000.0,59.02,2016-02-24,59.02,1962.94
20160225,000852,中证1000指数,中证1000,CSI 1000 Index,CSI 1000,8340.46,8340.59,7673.22,7702.59,-662.07,-7.92,15743616300.0,2142.09,1000.0,54.37,2016-02-25,54.37,2142.09
20160226,000852,中证1000指数,中证1000,CSI 1000 Index,CSI 1000,7750.73,7799.29,7487.27,7666.82,-35.77,-0.46,12157417100.0,1588.08,1000.0,54.11,2016-02-26,54.11,1588.08
20160229,000852,中证1000指数,中证1000,CSI 1000 Index,CSI 1000,7614.16,7614.16,7113.07,7183.68,-483.15,-6.3,11534440300.0,1383.85,1000.0,50.72,2016-02-29,50.72,1383.85
20160301,000852,中证1000指数,中证1000,CSI 1000 Index,CSI 1000,7183.11,7402.31,7038.61,7345.09,161.41,2.25,11556340800.0,1448.11,1000.0,51.66,2016-03-01,51.66,1448.11
20160302,000852,中证1000指数,中证1000,CSI 1000 Index,CSI 1000,7324.49,7724.3,7323.37,7711.89,366.8,4.99,14716481900.0,1833.28,1000.0,54.19,2016-03-02,54.19,1833.28
20160303,000852,中证1000指数,中证1000,CSI 1000 Index,CSI 1000,7711.3,7875.95,7693.9,7727.16,15.27,0.2,15706242300.0,2004.06,1000.0,54.23,2016-03-03,54.23,2004.06
20160304,000852,中证1000指数,中证1000,CSI 1000 Index,CSI 1000,7684.92,7735.55,7321.56,7418.8,-308.36,-3.99,14115240500.0,1767.87,1000.0,52.0,2016-03-04,52.0,1767.87
20160307,000852,中证1000指数,中证1000,CSI 1000 Index,CSI 1000,7494.04,7670.96,7494.04,7600.44,181.64,2.45,11095140800.0,1402.32,1000.0,53.28,2016-03-07,53.28,1402.32
20160308,000852,中证1000指数,中证1000,CSI 1000 Index,CSI 1000,7585.86,7670.99,7276.67,7670.69,70.25,0.92,13182252600.0,1652.3,1000.0,53.73,2016-03-08,53.73,1652.3
20160309,000852,中证1000指数,中证1000,CSI 1000 Index,CSI 1000,7486.95,7634.0,7430.43,7500.17,-170.52,-2.22,10176186500.0,1319.5,1000.0,52.61,2016-03-09,52.61,1319.5
20160310,000852,中证1000指数,中证1000,CSI 1000 Index,CSI 1000,7503.42,7568.24,7364.29,7376.7,-123.47,-1.65,8740149900.0,1160.42,1000.0,51.79,2016-03-10,51.79,1160.42
20160311,000852,中证1000指数,中证1000,CSI 1000 Index,CSI 1000,7284.95,7401.51,7239.56,7349.57,-27.13,-0.37,7524588200.0,972.43,1000.0,51.6,2016-03-11,51.6,972.43
20160314,000852,中证1000指数,中证1000,CSI 1000 Index,CSI 1000,7441.09,7715.64,7441.04,7640.13,290.56,3.95,12033572900.0,1621.35,1000.0,53.7,2016-03-14,53.7,1621.35
20160315,000852,中证1000指数,中证1000,CSI 1000 Index,CSI 1000,7612.97,7668.85,7537.79,7571.82,-68.31,-0.89,9963609400.0,1389.37,1000.0,53.2,2016-03-15,53.2,1389.37
20160316,000852,中证1000指数,中证1000,CSI 1000 Index,CSI 1000,7633.75,7659.05,7426.95,7484.23,-87.59,-1.16,9135938400.0,1254.39,1000.0,52.58,2016-03-16,52.58,1254.39
20160317,000852,中证1000指数,中证1000,CSI 1000 Index,CSI 1000,7514.68,7795.71,7514.58,7779.88,295.65,3.95,13355063600.0,1898.05,1000.0,54.62,2016-03-17,54.62,1898.05
20160318,000852,中证1000指数,中证1000,CSI 1000 Index,CSI 1000,7823.57,8118.71,7820.29,8097.2,317.33,4.08,18132273600.0,2593.01,1000.0,56.88,2016-03-18,56.88,2593.01
20160321,000852,中证1000指数,中证1000,CSI 1000 Index,CSI 1000,8206.53,8326.38,8172.85,8325.98,228.77,2.83,19167507000.0,2765.52,1000.0,58.38,2016-03-21,58.38,2765.52
20160322,000852,中证1000指数,中证1000,CSI 1000 Index,CSI 1000,8248.53,8387.55,8203.09,8311.21,-14.77,-0.18,16407444100.0,2416.33,1000.0,58.28,2016-03-22,58.28,2416.33
20160323,000852,中证1000指数,中证1000,CSI 1000 Index,CSI 1000,8279.88,8408.95,8262.26,8408.64,97.43,1.17,14611744800.0,2266.41,1000.0,59.01,2016-03-23,59.01,2266.41
20160324,000852,中证1000指数,中证1000,CSI 1000 Index,CSI 1000,8324.85,8453.3,8247.29,8279.65,-128.99,-1.53,16063735600.0,2518.26,1000.0,58.05,2016-03-24,58.05,2518.26
20160325,000852,中证1000指数,中证1000,CSI 1000 Index,CSI 1000,8252.42,8353.02,8211.84,8343.24,63.59,0.77,12455555200.0,1909.55,1000.0,58.35,2016-03-25,58.35,1909.55
20160328,000852,中证1000指数,中证1000,CSI 1000 Index,CSI 1000,8400.21,8482.57,8266.55,8298.78,-44.46,-0.53,14298861300.0,2159.29,1000.0,57.91,2016-03-28,57.91,2159.29
20160329,000852,中证1000指数,中证1000,CSI 1000 Index,CSI 1000,8274.09,8292.43,8040.76,8119.0,-179.78,-2.17,12465056200.0,1795.89,1000.0,56.42,2016-03-29,56.42,1795.89
20160330,000852,中证1000指数,中证1000,CSI 1000 Index,CSI 1000,8187.45,8439.09,8187.45,8438.68,319.69,3.94,13963561000.0,2113.59,1000.0,58.69,2016-03-30,58.69,2113.59
20160331,000852,中证1000指数,中证1000,CSI 1000 Index,CSI 1000,8475.43,8541.46,8414.89,8447.18,8.5,0.1,15013944500.0,2359.2,1000.0,58.77,2016-03-31,58.77,2359.2
20160401,000852,中证1000指数,中证1000,CSI 1000 Index,CSI 1000,8399.18,8426.46,8240.87,8389.29,-57.89,-0.69,12716105900.0,1893.87,1000.0,58.31,2016-04-01,58.31,1893.87
20160405,000852,中证1000指数,中证1000,CSI 1000 Index,CSI 1000,8401.34,8642.98,8380.46,8635.67,246.38,2.94,15630836300.0,2350.75,1000.0,60.04,2016-04-05,60.04,2350.75
20160406,000852,中证1000指数,中证1000,CSI 1000 Index,CSI 1000,8601.66,8699.52,8579.43,8691.23,55.56,0.64,15996893600.0,2471.56,1000.0,60.41,2016-04-06,60.41,2471.56
20160407,000852,中证1000指数,中证1000,CSI 1000 Index,CSI 1000,8715.01,8733.5,8549.51,8549.51,-141.72,-1.63,15815055600.0,2449.93,1000.0,59.4,2016-04-07,59.4,2449.93
20160408,000852,中证1000指数,中证1000,CSI 1000 Index,CSI 1000,8465.83,8511.87,8359.53,8484.17,-65.34,-0.76,13341528900.0,2044.79,1000.0,58.92,2016-04-08,58.92,2044.79
20160411,000852,中证1000指数,中证1000,CSI 1000 Index,CSI 1000,8560.09,8719.22,8560.09,8677.41,193.23,2.28,14362977900.0,2227.09,1000.0,60.24,2016-04-11,60.24,2227.09
20160412,000852,中证1000指数,中证1000,CSI 1000 Index,CSI 1000,8664.28,8688.71,8501.04,8608.37,-69.04,-0.8,13207214900.0,2072.04,1000.0,59.66,2016-04-12,59.66,2072.04
20160413,000852,中证1000指数,中证1000,CSI 1000 Index,CSI 1000,8655.19,8831.59,8655.19,8729.84,121.47,1.41,17406329600.0,2602.41,1000.0,60.46,2016-04-13,60.46,2602.41
20160414,000852,中证1000指数,中证1000,CSI 1000 Index,CSI 1000,8780.55,8837.44,8711.79,8837.02,107.18,1.23,13964832100.0,2118.29,1000.0,61.2,2016-04-14,61.2,2118.29
20160415,000852,中证1000指数,中证1000,CSI 1000 Index,CSI 1000,8840.53,8866.01,8777.97,8841.09,4.08,0.05,13120761300.0,2026.87,1000.0,61.13,2016-04-15,61.13,2026.87
20160418,000852,中证1000指数,中证1000,CSI 1000 Index,CSI 1000,8780.46,8780.46,8646.33,8715.85,-125.24,-1.42,12618498700.0,1959.85,1000.0,60.06,2016-04-18,60.06,1959.85
20160419,000852,中证1000指数,中证1000,CSI 1000 Index,CSI 1000,8755.25,8784.33,8678.97,8754.5,38.65,0.44,11283179500.0,1782.23,1000.0,60.31,2016-04-19,60.31,1782.23
20160420,000852,中证1000指数,中证1000,CSI 1000 Index,CSI 1000,8784.65,8798.78,8158.82,8312.2,-442.3,-5.05,18028650600.0,2687.24,1000.0,57.21,2016-04-20,57.21,2687.24
20160421,000852,中证1000指数,中证1000,CSI 1000 Index,CSI 1000,8268.02,8382.27,8185.37,8198.51,-113.69,-1.37,12119077200.0,1773.56,1000.0,56.35,2016-04-21,56.35,1773.56
20160422,000852,中证1000指数,中证1000,CSI 1000 Index,CSI 1000,8130.9,8282.9,8112.33,8282.42,83.91,1.02,9597953300.0,1416.05,1000.0,56.83,2016-04-22,56.83,1416.05
20160425,000852,中证1000指数,中证1000,CSI 1000 Index,CSI 1000,8246.03,8261.94,8106.07,8232.48,-49.95,-0.6,8962202400.0,1318.11,1000.0,56.39,2016-04-25,56.39,1318.11
20160426,000852,中证1000指数,中证1000,CSI 1000 Index,CSI 1000,8218.47,8343.71,8202.15,8343.42,110.94,1.35,8843055400.0,1290.02,1000.0,57.05,2016-04-26,57.05,1290.02
20160427,000852,中证1000指数,中证1000,CSI 1000 Index,CSI 1000,8357.26,8426.83,8307.39,8323.46,-19.96,-0.24,10293617700.0,1502.28,1000.0,56.77,2016-04-27,56.77,1502.28
20160428,000852,中证1000指数,中证1000,CSI 1000 Index,CSI 1000,8319.22,8336.13,8130.93,8303.56,-19.9,-0.24,10495878500.0,1528.0,1000.0,56.59,2016-04-28,56.59,1528.0
20160429,000852,中证1000指数,中证1000,CSI 1000 Index,CSI 1000,8253.48,8340.58,8239.79,8291.7,-11.86,-0.14,8148585100.0,1224.0,1000.0,56.36,2016-04-29,56.36,1224.0
20160503,000852,中证1000指数,中证1000,CSI 1000 Index,CSI 1000,8290.79,8558.58,8256.68,8558.58,266.88,3.22,11571854000.0,1762.84,1000.0,56.35,2016-05-03,56.35,1762.84
20160504,000852,中证1000指数,中证1000,CSI 1000 Index,CSI 1000,8526.31,8632.7,8514.49,8565.11,6.54,0.08,11729605200.0,1822.19,1000.0,56.17,2016-05-04,56.17,1822.19
20160505,000852,中证1000指数,中证1000,CSI 1000 Index,CSI 1000,8549.33,8631.98,8522.15,8628.74,63.63,0.74,10275992100.0,1597.25,1000.0,56.51,2016-05-05,56.51,1597.25
20160506,000852,中证1000指数,中证1000,CSI 1000 Index,CSI 1000,8632.45,8663.07,8275.97,8276.03,-352.71,-4.09,14657076300.0,2232.16,1000.0,54.22,2016-05-06,54.22,2232.16
20160509,000852,中证1000指数,中证1000,CSI 1000 Index,CSI 1000,8180.63,8180.7,7876.17,7918.15,-357.88,-4.32,11545440700.0,1628.54,1000.0,51.73,2016-05-09,51.73,1628.54
20160510,000852,中证1000指数,中证1000,CSI 1000 Index,CSI 1000,7898.65,7961.58,7855.29,7898.66,-19.49,-0.25,7381121900.0,1069.24,1000.0,51.63,2016-05-10,51.63,1069.24
20160511,000852,中证1000指数,中证1000,CSI 1000 Index,CSI 1000,7950.38,7973.6,7800.97,7823.98,-74.68,-0.95,8109225100.0,1164.25,1000.0,50.84,2016-05-11,50.84,1164.25
20160512,000852,中证1000指数,中证1000,CSI 1000 Index,CSI 1000,7706.13,7822.76,7570.92,7821.91,-2.07,-0.03,8685548400.0,1207.34,1000.0,50.62,2016-05-12,50.62,1207.34
20160513,000852,中证1000指数,中证1000,CSI 1000 Index,CSI 1000,7794.62,7902.0,7758.26,7806.96,-14.96,-0.19,7881483700.0,1154.94,1000.0,50.45,2016-05-13,50.45,1154.94
20160516,000852,中证1000指数,中证1000,CSI 1000 Index,CSI 1000,7783.3,7961.43,7744.88,7961.15,154.19,1.98,8333277600.0,1215.46,1000.0,51.26,2016-05-16,51.26,1215.46
20160517,000852,中证1000指数,中证1000,CSI 1000 Index,CSI 1000,7964.51,8040.2,7901.18,7961.5,0.36,0.0,9975967500.0,1512.56,1000.0,50.9,2016-05-17,50.9,1512.56
20160518,000852,中证1000指数,中证1000,CSI 1000 Index,CSI 1000,7886.25,7886.5,7614.2,7711.95,-249.55,-3.13,9602220200.0,1342.89,1000.0,49.22,2016-05-18,49.22,1342.89
20160519,000852,中证1000指数,中证1000,CSI 1000 Index,CSI 1000,7707.33,7868.72,7707.33,7767.32,55.36,0.72,8548560200.0,1258.79,1000.0,49.31,2016-05-19,49.31,1258.79
20160520,000852,中证1000指数,中证1000,CSI 1000 Index,CSI 1000,7699.07,7860.13,7665.86,7860.13,92.81,1.19,8548543000.0,1241.2,1000.0,49.78,2016-05-20,49.78,1241.2
20160523,000852,中证1000指数,中证1000,CSI 1000 Index,CSI 1000,7876.12,7995.99,7876.12,7995.58,135.45,1.72,9530478100.0,1423.34,1000.0,50.6,2016-05-23,50.6,1423.34
20160524,000852,中证1000指数,中证1000,CSI 1000 Index,CSI 1000,7981.01,7981.22,7852.69,7913.68,-81.91,-1.02,8683164500.0,1270.17,1000.0,49.89,2016-05-24,49.89,1270.17
20160525,000852,中证1000指数,中证1000,CSI 1000 Index,CSI 1000,7965.75,8012.16,7848.53,7889.73,-23.95,-0.3,8480690000.0,1266.8,1000.0,49.56,2016-05-25,49.56,1266.8
20160526,000852,中证1000指数,中证1000,CSI 1000 Index,CSI 1000,7864.03,7929.67,7703.52,7929.47,39.74,0.5,9357276900.0,1338.76,1000.0,49.21,2016-05-26,49.21,1338.76
20160527,000852,中证1000指数,中证1000,CSI 1000 Index,CSI 1000,7904.77,7976.51,7879.64,7912.86,-16.6,-0.21,8497382300.0,1251.33,1000.0,48.82,2016-05-27,48.82,1251.33
20160530,000852,中证1000指数,中证1000,CSI 1000 Index,CSI 1000,7863.31,7946.13,7787.46,7867.6,-45.27,-0.57,7524281300.0,1067.0,1000.0,48.43,2016-05-30,48.43,1067.0
20160531,000852,中证1000指数,中证1000,CSI 1000 Index,CSI 1000,7872.31,8197.64,7872.31,8197.56,329.96,4.19,13739233900.0,1942.39,1000.0,49.9,2016-05-31,49.9,1942.39
20160601,000852,中证1000指数,中证1000,CSI 1000 Index,CSI 1000,8207.25,8324.09,8202.72,8270.52,72.96,0.89,14426687900.0,2151.19,1000.0,50.23,2016-06-01,50.23,2151.19
20160602,000852,中证1000指数,中证1000,CSI 1000 Index,CSI 1000,8261.6,8369.67,8255.96,8369.43,98.92,1.2,13315798900.0,1944.9,1000.0,50.75,2016-06-02,50.75,1944.9
20160603,000852,中证1000指数,中证1000,CSI 1000 Index,CSI 1000,8370.79,8442.9,8336.96,8391.76,22.33,0.27,14038763500.0,2120.66,1000.0,50.85,2016-06-03,50.85,2120.66
20160606,000852,中证1000指数,中证1000,CSI 1000 Index,CSI 1000,8418.34,8443.57,8359.02,8422.47,30.71,0.37,11750127800.0,1786.24,1000.0,50.78,2016-06-06,50.78,1786.24
20160607,000852,中证1000指数,中证1000,CSI 1000 Index,CSI 1000,8421.61,8439.14,8363.41,8434.67,12.2,0.14,11074422500.0,1697.28,1000.0,50.82,2016-06-07,50.82,1697.28
20160608,000852,中证1000指数,中证1000,CSI 1000 Index,CSI 1000,8417.75,8481.65,8340.9,8431.89,-2.78,-0.03,11468648500.0,1821.33,1000.0,50.51,2016-06-08,50.51,1821.33
20160613,000852,中证1000指数,中证1000,CSI 1000 Index,CSI 1000,8307.19,8387.42,8000.65,8000.82,-431.07,-5.11,13707480700.0,2166.97,1000.0,48.28,2016-06-13,48.28,2166.97
20160614,000852,中证1000指数,中证1000,CSI 1000 Index,CSI 1000,7957.93,8053.54,7931.23,8038.59,37.77,0.47,9677523400.0,1482.21,1000.0,48.34,2016-06-14,48.34,1482.21
20160615,000852,中证1000指数,中证1000,CSI 1000 Index,CSI 1000,7948.18,8369.94,7936.62,8340.54,301.95,3.76,13546280100.0,2090.26,1000.0,49.99,2016-06-15,49.99,2090.26
20160616,000852,中证1000指数,中证1000,CSI 1000 Index,CSI 1000,8339.82,8421.33,8314.98,8358.03,17.49,0.21,14445001800.0,2295.88,1000.0,49.89,2016-06-16,49.89,2295.88
20160617,000852,中证1000指数,中证1000,CSI 1000 Index,CSI 1000,8374.07,8480.65,8338.73,8414.51,56.47,0.68,14141911800.0,2163.22,1000.0,49.79,2016-06-17,49.79,2163.22
20160620,000852,中证1000指数,中证1000,CSI 1000 Index,CSI 1000,8417.36,8476.47,8330.67,8457.93,43.42,0.52,12079272600.0,1891.92,1000.0,49.98,2016-06-20,49.98,1891.92
20160621,000852,中证1000指数,中证1000,CSI 1000 Index,CSI 1000,8510.75,8552.66,8305.55,8350.76,-107.17,-1.27,13544944200.0,2127.3,1000.0,49.18,2016-06-21,49.18,2127.3
20160622,000852,中证1000指数,中证1000,CSI 1000 Index,CSI 1000,8323.87,8513.93,8316.1,8513.54,162.78,1.95,11722045000.0,1834.98,1000.0,49.98,2016-06-22,49.98,1834.98
20160623,000852,中证1000指数,中证1000,CSI 1000 Index,CSI 1000,8510.84,8547.39,8424.91,8495.78,-17.76,-0.21,13277932700.0,2064.46,1000.0,49.46,2016-06-23,49.46,2064.46
20160624,000852,中证1000指数,中证1000,CSI 1000 Index,CSI 1000,8477.03,8547.68,8153.16,8428.82,-66.96,-0.79,16243564300.0,2444.38,1000.0,48.89,2016-06-24,48.89,2444.38
20160627,000852,中证1000指数,中证1000,CSI 1000 Index,CSI 1000,8360.52,8646.37,8358.34,8646.16,217.34,2.58,13979418300.0,2200.34,1000.0,50.09,2016-06-27,50.09,2200.34
20160628,000852,中证1000指数,中证1000,CSI 1000 Index,CSI 1000,8616.07,8737.82,8599.85,8730.2,84.04,0.97,15899867700.0,2472.43,1000.0,50.48,2016-06-28,50.48,2472.43
20160629,000852,中证1000指数,中证1000,CSI 1000 Index,CSI 1000,8758.7,8784.95,8704.35,8745.82,15.62,0.18,15312529300.0,2316.82,1000.0,50.57,2016-06-29,50.57,2316.82
20160630,000852,中证1000指数,中证1000,CSI 1000 Index,CSI 1000,8753.85,8776.24,8692.26,8741.1,-4.72,-0.05,13470987600.0,2089.04,1000.0,50.36,2016-06-30,50.36,2089.04
20160701,000852,中证1000指数,中证1000,CSI 1000 Index,CSI 1000,8747.79,8779.63,8680.08,8710.52,-30.58,-0.35,12116347300.0,1876.54,1000.0,50.34,2016-07-01,50.34,1876.54
20160704,000852,中证1000指数,中证1000,CSI 1000 Index,CSI 1000,8661.27,8882.85,8653.86,8874.07,163.55,1.88,14591971000.0,2173.11,1000.0,51.26,2016-07-04,51.26,2173.11
20160705,000852,中证1000指数,中证1000,CSI 1000 Index,CSI 1000,8886.51,8925.09,8839.94,8914.84,40.77,0.46,15807681700.0,2405.7,1000.0,51.46,2016-07-05,51.46,2405.7
20160706,000852,中证1000指数,中证1000,CSI 1000 Index,CSI 1000,8885.33,8957.58,8862.76,8947.14,32.3,0.36,14540965800.0,2188.62,1000.0,51.65,2016-07-06,51.65,2188.62
20160707,000852,中证1000指数,中证1000,CSI 1000 Index,CSI 1000,8942.99,8988.32,8851.3,8954.28,7.14,0.08,16729329100.0,2569.85,1000.0,51.67,2016-07-07,51.67,2569.85
20160708,000852,中证1000指数,中证1000,CSI 1000 Index,CSI 1000,8941.49,8996.97,8904.59,8939.26,-15.02,-0.17,13316621000.0,2094.52,1000.0,51.6,2016-07-08,51.6,2094.52
20160711,000852,中证1000指数,中证1000,CSI 1000 Index,CSI 1000,8953.87,9004.75,8865.59,8875.0,-64.26,-0.72,14565284000.0,2260.31,1000.0,51.09,2016-07-11,51.09,2260.31
20160712,000852,中证1000指数,中证1000,CSI 1000 Index,CSI 1000,8862.37,8943.15,8719.88,8943.06,68.07,0.77,15132425500.0,2243.66,1000.0,51.42,2016-07-12,51.42,2243.66
20160713,000852,中证1000指数,中证1000,CSI 1000 Index,CSI 1000,8963.44,9042.07,8926.76,9023.24,80.17,0.9,15368618100.0,2241.0,1000.0,51.9,2016-07-13,51.9,2241.0
20160714,000852,中证1000指数,中证1000,CSI 1000 Index,CSI 1000,9011.39,9044.02,8976.52,9042.76,19.53,0.22,13138119000.0,1961.95,1000.0,52.02,2016-07-14,52.02,1961.95
20160715,000852,中证1000指数,中证1000,CSI 1000 Index,CSI 1000,9039.88,9048.35,8952.61,8982.89,-59.88,-0.66,12314560600.0,1851.98,1000.0,51.68,2016-07-15,51.68,1851.98
20160718,000852,中证1000指数,中证1000,CSI 1000 Index,CSI 1000,8962.96,8990.29,8881.5,8937.86,-45.03,-0.5,11917500300.0,1775.43,1000.0,51.38,2016-07-18,51.38,1775.43
20160719,000852,中证1000指数,中证1000,CSI 1000 Index,CSI 1000,8928.64,8996.96,8883.77,8996.83,58.98,0.66,11146450600.0,1654.6,1000.0,51.7,2016-07-19,51.7,1654.6
20160720,000852,中证1000指数,中证1000,CSI 1000 Index,CSI 1000,8999.11,9044.37,8976.0,8997.89,1.06,0.01,11369176200.0,1734.24,1000.0,51.73,2016-07-20,51.73,1734.24
20160721,000852,中证1000指数,中证1000,CSI 1000 Index,CSI 1000,8991.33,9065.69,8964.62,9007.55,9.66,0.11,12386417500.0,1870.59,1000.0,51.82,2016-07-21,51.82,1870.59
20160722,000852,中证1000指数,中证1000,CSI 1000 Index,CSI 1000,9002.09,9022.06,8925.94,8931.97,-75.59,-0.84,11971964200.0,1812.49,1000.0,51.39,2016-07-22,51.39,1812.49
20160725,000852,中证1000指数,中证1000,CSI 1000 Index,CSI 1000,8911.94,8969.6,8875.78,8925.34,-6.63,-0.07,11084915100.0,1665.98,1000.0,51.35,2016-07-25,51.35,1665.98
20160726,000852,中证1000指数,中证1000,CSI 1000 Index,CSI 1000,8922.75,9035.88,8922.75,9035.56,110.22,1.23,10861797000.0,1566.92,1000.0,51.99,2016-07-26,51.99,1566.92
20160727,000852,中证1000指数,中证1000,CSI 1000 Index,CSI 1000,9037.5,9046.08,8488.95,8602.92,-432.64,-4.79,18355003400.0,2614.87,1000.0,49.34,2016-07-27,49.34,2614.87
20160728,000852,中证1000指数,中证1000,CSI 1000 Index,CSI 1000,8580.09,8636.49,8431.12,8571.56,-31.36,-0.36,12490532100.0,1765.73,1000.0,49.08,2016-07-28,49.08,1765.73
20160729,000852,中证1000指数,中证1000,CSI 1000 Index,CSI 1000,8565.25,8584.64,8457.97,8501.09,-70.47,-0.82,9373694000.0,1311.43,1000.0,48.69,2016-07-29,48.69,1311.43
20160801,000852,中证1000指数,中证1000,CSI 1000 Index,CSI 1000,8462.91,8462.91,8263.36,8363.61,-137.48,-1.62,9296339600.0,1280.67,1000.0,47.94,2016-08-01,47.94,1280.67
20160802,000852,中证1000指数,中证1000,CSI 1000 Index,CSI 1000,8353.42,8446.36,8353.14,8445.78,82.17,0.98,7403589200.0,1018.76,1000.0,48.4,2016-08-02,48.4,1018.76
20160803,000852,中证1000指数,中证1000,CSI 1000 Index,CSI 1000,8431.52,8491.26,8412.78,8482.2,36.42,0.43,9059322400.0,1208.55,1000.0,48.61,2016-08-03,48.61,1208.55
20160804,000852,中证1000指数,中证1000,CSI 1000 Index,CSI 1000,8474.26,8564.84,8447.36,8553.01,70.81,0.83,9613438600.0,1322.69,1000.0,49.08,2016-08-04,49.08,1322.69
20160805,000852,中证1000指数,中证1000,CSI 1000 Index,CSI 1000,8545.86,8571.18,8498.59,8505.36,-47.64,-0.56,9259957500.0,1242.99,1000.0,48.77,2016-08-05,48.77,1242.99
20160808,000852,中证1000指数,中证1000,CSI 1000 Index,CSI 1000,8480.79,8607.45,8426.64,8607.4,102.03,1.2,9441836500.0,1244.32,1000.0,49.14,2016-08-08,49.14,1244.32
20160809,000852,中证1000指数,中证1000,CSI 1000 Index,CSI 1000,8601.84,8699.69,8596.79,8699.39,91.99,1.07,11161697400.0,1456.33,1000.0,49.69,2016-08-09,49.69,1456.33
20160810,000852,中证1000指数,中证1000,CSI 1000 Index,CSI 1000,8694.38,8725.45,8668.06,8671.78,-27.61,-0.32,10788860500.0,1435.44,1000.0,49.51,2016-08-10,49.51,1435.44
20160811,000852,中证1000指数,中证1000,CSI 1000 Index,CSI 1000,8647.12,8667.25,8531.69,8531.69,-140.09,-1.62,10167408900.0,1324.13,1000.0,48.72,2016-08-11,48.72,1324.13
20160812,000852,中证1000指数,中证1000,CSI 1000 Index,CSI 1000,8515.52,8615.2,8507.65,8615.05,83.36,0.98,8999987400.0,1143.64,1000.0,49.18,2016-08-12,49.18,1143.64
20160815,000852,中证1000指数,中证1000,CSI 1000 Index,CSI 1000,8628.63,8821.69,8590.06,8807.83,192.78,2.24,14727798700.0,1952.77,1000.0,50.33,2016-08-15,50.33,1952.77
20160816,000852,中证1000指数,中证1000,CSI 1000 Index,CSI 1000,8813.21,8903.49,8812.6,8877.07,69.23,0.79,13969728700.0,1916.06,1000.0,50.67,2016-08-16,50.67,1916.06
20160817,000852,中证1000指数,中证1000,CSI 1000 Index,CSI 1000,8867.46,8933.03,8846.32,8911.75,34.68,0.39,12591478600.0,1780.17,1000.0,50.86,2016-08-17,50.86,1780.17
20160818,000852,中证1000指数,中证1000,CSI 1000 Index,CSI 1000,8899.19,8942.57,8880.26,8908.32,-3.42,-0.04,13585241800.0,1821.7,1000.0,50.79,2016-08-18,50.79,1821.7
20160819,000852,中证1000指数,中证1000,CSI 1000 Index,CSI 1000,8895.3,8945.17,8864.07,8923.36,15.04,0.17,11378626200.0,1569.97,1000.0,50.93,2016-08-19,50.93,1569.97
20160822,000852,中证1000指数,中证1000,CSI 1000 Index,CSI 1000,8921.91,8939.7,8809.22,8810.84,-112.52,-1.26,11651571000.0,1602.25,1000.0,50.19,2016-08-22,50.19,1602.25
20160823,000852,中证1000指数,中证1000,CSI 1000 Index,CSI 1000,8796.5,8847.65,8756.92,8820.21,9.37,0.11,10221750100.0,1380.74,1000.0,50.25,2016-08-23,50.25,1380.74
20160824,000852,中证1000指数,中证1000,CSI 1000 Index,CSI 1000,8824.72,8892.08,8815.47,8850.51,30.3,0.34,9656844900.0,1374.89,1000.0,50.45,2016-08-24,50.45,1374.89
20160825,000852,中证1000指数,中证1000,CSI 1000 Index,CSI 1000,8799.76,8799.76,8681.19,8784.58,-65.93,-0.74,10926424300.0,1511.54,1000.0,50.11,2016-08-25,50.11,1511.54
20160826,000852,中证1000指数,中证1000,CSI 1000 Index,CSI 1000,8799.49,8883.77,8794.91,8814.46,29.88,0.34,10176610600.0,1476.95,1000.0,50.29,2016-08-26,50.29,1476.95
20160829,000852,中证1000指数,中证1000,CSI 1000 Index,CSI 1000,8808.73,8860.04,8798.06,8836.99,22.53,0.26,9211954300.0,1295.88,1000.0,50.37,2016-08-29,50.37,1295.88
20160830,000852,中证1000指数,中证1000,CSI 1000 Index,CSI 1000,8842.42,8886.01,8822.25,8838.46,1.47,0.02,9181080300.0,1250.3,1000.0,50.29,2016-08-30,50.29,1250.3
20160831,000852,中证1000指数,中证1000,CSI 1000 Index,CSI 1000,8833.21,8844.47,8772.95,8838.38,-0.08,0.0,8937921700.0,1222.79,1000.0,50.24,2016-08-31,50.24,1222.79
20160901,000852,中证1000指数,中证1000,CSI 1000 Index,CSI 1000,8831.6,8851.75,8770.75,8770.75,-67.63,-0.77,9882537200.0,1323.88,1000.0,46.71,2016-09-01,46.71,1323.88
20160902,000852,中证1000指数,中证1000,CSI 1000 Index,CSI 1000,8750.94,8790.0,8675.92,8724.94,-45.81,-0.52,9245676400.0,1246.13,1000.0,50.24,2016-09-02,50.24,1246.13
20160905,000852,中证1000指数,中证1000,CSI 1000 Index,CSI 1000,8743.74,8804.77,8739.65,8761.96,37.02,0.42,8891908300.0,1177.45,1000.0,50.46,2016-09-05,50.46,1177.45
20160906,000852,中证1000指数,中证1000,CSI 1000 Index,CSI 1000,8761.42,8907.17,8689.65,8906.87,144.91,1.65,11514550800.0,1575.54,1000.0,51.26,2016-09-06,51.26,1575.54
20160907,000852,中证1000指数,中证1000,CSI 1000 Index,CSI 1000,8908.51,8959.99,8886.79,8897.8,-9.07,-0.1,12554006800.0,1717.22,1000.0,51.19,2016-09-07,51.19,1717.22
20160908,000852,中证1000指数,中证1000,CSI 1000 Index,CSI 1000,8888.01,8939.42,8880.4,8938.43,40.63,0.46,10444423300.0,1419.44,1000.0,50.84,2016-09-08,50.84,1419.44
20160909,000852,中证1000指数,中证1000,CSI 1000 Index,CSI 1000,8934.27,8958.51,8872.31,8872.31,-66.12,-0.74,10819005200.0,1449.99,1000.0,50.47,2016-09-09,50.47,1449.99
20160912,000852,中证1000指数,中证1000,CSI 1000 Index,CSI 1000,8705.75,8737.99,8585.87,8587.4,-284.91,-3.21,11736756400.0,1513.19,1000.0,48.86,2016-09-12,48.86,1513.19
20160913,000852,中证1000指数,中证1000,CSI 1000 Index,CSI 1000,8635.58,8664.91,8595.5,8656.68,69.28,0.81,8881071500.0,1156.39,1000.0,49.18,2016-09-13,49.18,1156.39
20160914,000852,中证1000指数,中证1000,CSI 1000 Index,CSI 1000,8612.7,8664.1,8579.35,8618.15,-38.53,-0.45,8506578700.0,1086.17,1000.0,48.97,2016-09-14,48.97,1086.17
20160919,000852,中证1000指数,中证1000,CSI 1000 Index,CSI 1000,8630.65,8716.98,8630.65,8716.49,98.34,1.14,7905835300.0,1030.63,1000.0,49.52,2016-09-19,49.52,1030.63
20160920,000852,中证1000指数,中证1000,CSI 1000 Index,CSI 1000,8721.38,8724.89,8685.97,8712.28,-4.2,-0.05,8060704100.0,1054.41,1000.0,49.54,2016-09-20,49.54,1054.41
20160921,000852,中证1000指数,中证1000,CSI 1000 Index,CSI 1000,8705.25,8756.13,8704.93,8732.0,19.72,0.23,7678421300.0,1004.86,1000.0,49.63,2016-09-21,49.63,1004.86
20160922,000852,中证1000指数,中证1000,CSI 1000 Index,CSI 1000,8779.89,8801.57,8760.15,8770.09,38.1,0.44,9179103700.0,1207.56,1000.0,49.86,2016-09-22,49.86,1207.56
20160923,000852,中证1000指数,中证1000,CSI 1000 Index,CSI 1000,8773.9,8781.25,8728.06,8729.61,-40.48,-0.46,8946576100.0,1187.54,1000.0,49.47,2016-09-23,49.47,1187.54
20160926,000852,中证1000指数,中证1000,CSI 1000 Index,CSI 1000,8711.88,8712.23,8544.18,8544.18,-185.43,-2.12,9634897700.0,1262.22,1000.0,45.93,2016-09-26,45.93,1262.22
20160927,000852,中证1000指数,中证1000,CSI 1000 Index,CSI 1000,8521.01,8604.55,8477.8,8604.1,59.92,0.7,8233348200.0,1045.31,1000.0,46.25,2016-09-27,46.25,1045.31
20160928,000852,中证1000指数,中证1000,CSI 1000 Index,CSI 1000,8604.24,8613.14,8575.03,8592.13,-11.97,-0.14,7572826800.0,946.9,1000.0,45.73,2016-09-28,45.73,946.9
20160929,000852,中证1000指数,中证1000,CSI 1000 Index,CSI 1000,8597.29,8651.21,8597.25,8618.61,26.48,0.31,7620328200.0,945.88,1000.0,45.87,2016-09-29,45.87,945.88
20160930,000852,中证1000指数,中证1000,CSI 1000 Index,CSI 1000,8607.97,8669.15,8606.38,8661.02,42.41,0.49,7198718600.0,895.22,1000.0,46.08,2016-09-30,46.08,895.22
20161010,000852,中证1000指数,中证1000,CSI 1000 Index,CSI 1000,8699.71,8843.03,8687.75,8842.82,181.8,2.1,10431023800.0,1356.18,1000.0,46.95,2016-10-10,46.95,1356.18
20161011,000852,中证1000指数,中证1000,CSI 1000 Index,CSI 1000,8845.23,8903.88,8834.11,8903.46,60.64,0.69,10442788300.0,1363.7,1000.0,47.21,2016-10-11,47.21,1363.7
20161012,000852,中证1000指数,中证1000,CSI 1000 Index,CSI 1000,8879.66,8915.91,8862.01,8915.44,11.98,0.13,10262658700.0,1322.39,1000.0,47.13,2016-10-12,47.13,1322.39
20161013,000852,中证1000指数,中证1000,CSI 1000 Index,CSI 1000,8914.56,8952.76,8905.26,8929.51,14.07,0.16,10648698200.0,1358.01,1000.0,47.09,2016-10-13,47.09,1358.01
20161014,000852,中证1000指数,中证1000,CSI 1000 Index,CSI 1000,8913.74,8918.77,8845.37,8913.7,-15.82,-0.18,10209982800.0,1292.99,1000.0,47.02,2016-10-14,47.02,1292.99
20161017,000852,中证1000指数,中证1000,CSI 1000 Index,CSI 1000,8922.14,8940.04,8802.8,8832.09,-81.6,-0.92,10611225800.0,1403.09,1000.0,46.63,2016-10-17,46.63,1403.09
20161018,000852,中证1000指数,中证1000,CSI 1000 Index,CSI 1000,8822.79,8966.69,8822.79,8966.69,134.6,1.52,10562259600.0,1398.08,1000.0,47.17,2016-10-18,47.17,1398.08
20161019,000852,中证1000指数,中证1000,CSI 1000 Index,CSI 1000,8976.85,8992.07,8926.89,8954.2,-12.49,-0.14,10863127500.0,1413.09,1000.0,47.05,2016-10-19,47.05,1413.09
20161020,000852,中证1000指数,中证1000,CSI 1000 Index,CSI 1000,8957.47,9006.84,8953.29,8995.41,41.21,0.46,11641295300.0,1526.0,1000.0,47.27,2016-10-20,47.27,1526.0
20161021,000852,中证1000指数,中证1000,CSI 1000 Index,CSI 1000,8987.24,8991.04,8857.1,8943.01,-52.4,-0.58,11182151200.0,1474.23,1000.0,46.95,2016-10-21,46.95,1474.23
20161024,000852,中证1000指数,中证1000,CSI 1000 Index,CSI 1000,8940.54,9010.23,8918.21,9000.7,57.69,0.65,11138265900.0,1439.44,1000.0,47.25,2016-10-24,47.25,1439.44
20161025,000852,中证1000指数,中证1000,CSI 1000 Index,CSI 1000,9003.38,9039.95,9001.11,9039.48,38.78,0.43,11421991900.0,1481.27,1000.0,47.43,2016-10-25,47.43,1481.27
20161026,000852,中证1000指数,中证1000,CSI 1000 Index,CSI 1000,9041.93,9042.36,8966.46,9000.76,-38.72,-0.43,12416231600.0,1640.77,1000.0,47.02,2016-10-26,47.02,1640.77
20161027,000852,中证1000指数,中证1000,CSI 1000 Index,CSI 1000,8989.7,8997.86,8956.64,8997.02,-3.74,-0.04,10149911800.0,1328.15,1000.0,47.01,2016-10-27,47.01,1328.15
20161028,000852,中证1000指数,中证1000,CSI 1000 Index,CSI 1000,8988.22,9006.22,8913.06,8914.62,-82.4,-0.92,11240219000.0,1465.75,1000.0,46.55,2016-10-28,46.55,1465.75
20161031,000852,中证1000指数,中证1000,CSI 1000 Index,CSI 1000,8893.29,8920.66,8841.15,8910.51,-4.11,-0.05,10115549400.0,1324.04,1000.0,46.5,2016-10-31,46.5,1324.04
20161101,000852,中证1000指数,中证1000,CSI 1000 Index,CSI 1000,8914.68,9006.79,8914.58,9006.79,96.28,1.08,10655932700.0,1460.6,1000.0,54.35,2016-11-01,54.35,1460.6
20161102,000852,中证1000指数,中证1000,CSI 1000 Index,CSI 1000,8990.47,9006.79,8939.55,8946.74,-60.05,-0.67,12137092500.0,1621.58,1000.0,53.96,2016-11-02,53.96,1621.58
20161103,000852,中证1000指数,中证1000,CSI 1000 Index,CSI 1000,8922.04,9055.51,8914.68,9004.85,58.11,0.65,13551786600.0,1816.63,1000.0,54.25,2016-11-03,54.25,1816.63
20161104,000852,中证1000指数,中证1000,CSI 1000 Index,CSI 1000,9000.49,9040.35,8960.58,8979.93,-24.93,-0.28,11965658500.0,1608.12,1000.0,54.12,2016-11-04,54.12,1608.12
20161107,000852,中证1000指数,中证1000,CSI 1000 Index,CSI 1000,8981.43,9002.58,8946.76,8975.57,-4.36,-0.05,11523430300.0,1520.06,1000.0,54.08,2016-11-07,54.08,1520.06
20161108,000852,中证1000指数,中证1000,CSI 1000 Index,CSI 1000,8996.91,9042.72,8988.38,9030.73,55.16,0.61,11203265000.0,1504.23,1000.0,54.41,2016-11-08,54.41,1504.23
20161109,000852,中证1000指数,中证1000,CSI 1000 Index,CSI 1000,9027.95,9038.98,8853.89,8967.6,-63.13,-0.7,14302103400.0,1884.54,1000.0,53.99,2016-11-09,53.99,1884.54
20161110,000852,中证1000指数,中证1000,CSI 1000 Index,CSI 1000,9028.67,9084.76,9028.67,9083.84,116.25,1.3,13975912500.0,1823.99,1000.0,54.71,2016-11-10,54.71,1823.99
20161111,000852,中证1000指数,中证1000,CSI 1000 Index,CSI 1000,9080.44,9121.61,9064.25,9121.51,37.67,0.41,14658005300.0,1918.59,1000.0,54.97,2016-11-11,54.97,1918.59
20161114,000852,中证1000指数,中证1000,CSI 1000 Index,CSI 1000,9105.93,9162.3,9093.46,9152.17,30.66,0.34,14747169000.0,1929.35,1000.0,55.16,2016-11-14,55.16,1929.35
20161115,000852,中证1000指数,中证1000,CSI 1000 Index,CSI 1000,9152.19,9198.24,9123.28,9197.86,45.7,0.5,13237289800.0,1769.02,1000.0,55.44,2016-11-15,55.44,1769.02
20161116,000852,中证1000指数,中证1000,CSI 1000 Index,CSI 1000,9208.49,9236.68,9202.18,9211.95,14.09,0.15,13822570200.0,1861.84,1000.0,55.56,2016-11-16,55.56,1861.84
20161117,000852,中证1000指数,中证1000,CSI 1000 Index,CSI 1000,9197.92,9198.09,9131.9,9174.44,-37.51,-0.41,11843246900.0,1528.17,1000.0,55.27,2016-11-17,55.27,1528.17
20161118,000852,中证1000指数,中证1000,CSI 1000 Index,CSI 1000,9176.33,9191.47,9132.73,9146.21,-28.22,-0.31,11285068300.0,1486.9,1000.0,55.15,2016-11-18,55.15,1486.9
20161121,000852,中证1000指数,中证1000,CSI 1000 Index,CSI 1000,9138.06,9181.96,9135.2,9167.49,21.28,0.23,10692156900.0,1457.09,1000.0,55.33,2016-11-21,55.33,1457.09
20161122,000852,中证1000指数,中证1000,CSI 1000 Index,CSI 1000,9176.55,9244.55,9174.56,9244.21,76.72,0.84,11704371000.0,1625.09,1000.0,55.79,2016-11-22,55.79,1625.09
20161123,000852,中证1000指数,中证1000,CSI 1000 Index,CSI 1000,9250.04,9257.17,9161.52,9180.01,-64.2,-0.69,12402560200.0,1745.95,1000.0,55.43,2016-11-23,55.43,1745.95
20161124,000852,中证1000指数,中证1000,CSI 1000 Index,CSI 1000,9166.58,9185.56,9096.0,9116.57,-63.44,-0.69,11236606100.0,1521.87,1000.0,55.06,2016-11-24,55.06,1521.87
20161125,000852,中证1000指数,中证1000,CSI 1000 Index,CSI 1000,9109.17,9134.82,8957.16,9134.82,18.25,0.2,10949827200.0,1472.89,1000.0,55.2,2016-11-25,55.2,1472.89
20161128,000852,中证1000指数,中证1000,CSI 1000 Index,CSI 1000,9148.97,9163.65,9121.59,9133.91,-0.91,-0.01,10363203900.0,1370.81,1000.0,55.15,2016-11-28,55.15,1370.81
20161129,000852,中证1000指数,中证1000,CSI 1000 Index,CSI 1000,9120.59,9132.16,9031.29,9031.29,-102.62,-1.12,11003544300.0,1437.07,1000.0,54.55,2016-11-29,54.55,1437.07
20161130,000852,中证1000指数,中证1000,CSI 1000 Index,CSI 1000,9013.15,9053.17,8983.7,9014.91,-16.38,-0.18,9397614700.0,1251.22,1000.0,54.5,2016-11-30,54.5,1251.22
20161201,000852,中证1000指数,中证1000,CSI 1000 Index,CSI 1000,9021.97,9056.24,9021.97,9055.99,41.07,0.46,8781264100.0,1164.72,1000.0,54.73,2016-12-01,54.73,1164.72
20161202,000852,中证1000指数,中证1000,CSI 1000 Index,CSI 1000,9056.01,9060.63,8900.41,8900.41,-155.57,-1.72,10057233200.0,1327.94,1000.0,53.82,2016-12-02,53.82,1327.94
20161205,000852,中证1000指数,中证1000,CSI 1000 Index,CSI 1000,8818.61,8908.11,8793.09,8851.52,-48.9,-0.55,8378221400.0,1108.39,1000.0,53.61,2016-12-05,53.61,1108.39
20161206,000852,中证1000指数,中证1000,CSI 1000 Index,CSI 1000,8865.34,8896.55,8853.91,8871.73,20.21,0.23,7375064500.0,1001.22,1000.0,53.69,2016-12-06,53.69,1001.22
20161207,000852,中证1000指数,中证1000,CSI 1000 Index,CSI 1000,8870.3,8969.34,8855.41,8969.14,97.41,1.1,8364989300.0,1089.85,1000.0,54.26,2016-12-07,54.26,1089.85
20161208,000852,中证1000指数,中证1000,CSI 1000 Index,CSI 1000,8973.1,8974.18,8908.31,8914.51,-54.62,-0.61,8552181100.0,1135.44,1000.0,53.9,2016-12-08,53.9,1135.44
20161209,000852,中证1000指数,中证1000,CSI 1000 Index,CSI 1000,8903.74,8920.31,8864.07,8881.34,-33.17,-0.37,8345973600.0,1101.86,1000.0,53.69,2016-12-09,53.69,1101.86
20161212,000852,中证1000指数,中证1000,CSI 1000 Index,CSI 1000,8875.59,8879.45,8391.03,8397.48,-483.86,-5.45,12418210100.0,1662.95,1000.0,52.25,2016-12-12,52.25,1662.95
20161213,000852,中证1000指数,中证1000,CSI 1000 Index,CSI 1000,8371.37,8458.32,8299.28,8433.59,36.1,0.43,9000416600.0,1177.66,1000.0,52.38,2016-12-13,52.38,1177.66
20161214,000852,中证1000指数,中证1000,CSI 1000 Index,CSI 1000,8416.98,8464.95,8339.6,8378.06,-55.53,-0.66,8986196700.0,1159.05,1000.0,52.02,2016-12-14,52.02,1159.05
20161215,000852,中证1000指数,中证1000,CSI 1000 Index,CSI 1000,8347.61,8516.85,8340.85,8467.71,89.65,1.07,8782564100.0,1148.97,1000.0,52.57,2016-12-15,52.57,1148.97
20161216,000852,中证1000指数,中证1000,CSI 1000 Index,CSI 1000,8470.54,8565.79,8466.35,8559.99,92.28,1.09,8782936700.0,1158.73,1000.0,53.12,2016-12-16,53.12,1158.73
20161219,000852,中证1000指数,中证1000,CSI 1000 Index,CSI 1000,8554.96,8556.44,8521.12,8551.33,-8.66,-0.1,8359021500.0,1066.5,1000.0,53.03,2016-12-19,53.03,1066.5
20161220,000852,中证1000指数,中证1000,CSI 1000 Index,CSI 1000,8543.87,8561.34,8509.59,8546.19,-5.13,-0.06,7765967900.0,1006.66,1000.0,52.99,2016-12-20,52.99,1006.66
20161221,000852,中证1000指数,中证1000,CSI 1000 Index,CSI 1000,8558.28,8609.67,8558.28,8609.41,63.21,0.74,8190383600.0,1081.86,1000.0,53.44,2016-12-21,53.44,1081.86
20161222,000852,中证1000指数,中证1000,CSI 1000 Index,CSI 1000,8602.35,8618.37,8560.97,8607.95,-1.46,-0.02,8073703600.0,1060.59,1000.0,53.43,2016-12-22,53.43,1060.59
20161223,000852,中证1000指数,中证1000,CSI 1000 Index,CSI 1000,8602.67,8609.79,8502.05,8509.36,-98.58,-1.15,7963635300.0,1056.65,1000.0,52.8,2016-12-23,52.8,1056.65
20161226,000852,中证1000指数,中证1000,CSI 1000 Index,CSI 1000,8472.45,8547.25,8380.69,8547.1,37.74,0.44,7627013600.0,999.61,1000.0,53.15,2016-12-26,53.15,999.61
20161227,000852,中证1000指数,中证1000,CSI 1000 Index,CSI 1000,8541.0,8575.38,8534.15,8555.99,8.89,0.1,7350422000.0,987.86,1000.0,53.44,2016-12-27,53.44,987.86
20161228,000852,中证1000指数,中证1000,CSI 1000 Index,CSI 1000,8551.22,8568.13,8507.89,8521.38,-34.62,-0.4,7567201800.0,959.48,1000.0,53.2,2016-12-28,53.2,959.48
20161229,000852,中证1000指数,中证1000,CSI 1000 Index,CSI 1000,8505.46,8551.19,8484.44,8488.3,-33.08,-0.39,7006922800.0,915.67,1000.0,52.99,2016-12-29,52.99,915.67
20161230,000852,中证1000指数,中证1000,CSI 1000 Index,CSI 1000,8487.15,8516.61,8466.74,8490.86,2.56,0.03,6899418000.0,884.98,1000.0,53.01,2016-12-30,53.01,884.98
20170103,000852,中证1000指数,中证1000,CSI 1000 Index,CSI 1000,8503.66,8565.34,8503.66,8565.14,74.28,0.87,7267482900.0,922.96,1000.0,53.44,2017-01-03,53.44,922.96
20170104,000852,中证1000指数,中证1000,CSI 1000 Index,CSI 1000,8567.23,8670.16,8554.13,8669.95,104.81,1.22,9410335200.0,1246.07,1000.0,54.09,2017-01-04,54.09,1246.07
20170105,000852,中证1000指数,中证1000,CSI 1000 Index,CSI 1000,8665.23,8694.44,8657.74,8670.76,0.81,0.01,9488857300.0,1272.15,1000.0,54.04,2017-01-05,54.04,1272.15
20170106,000852,中证1000指数,中证1000,CSI 1000 Index,CSI 1000,8661.69,8666.66,8603.91,8609.9,-60.86,-0.7,9765602000.0,1288.57,1000.0,53.6,2017-01-06,53.6,1288.57
20170109,000852,中证1000指数,中证1000,CSI 1000 Index,CSI 1000,8595.91,8654.13,8578.99,8653.85,43.95,0.51,8979711900.0,1201.1,1000.0,53.87,2017-01-09,53.87,1201.1
20170110,000852,中证1000指数,中证1000,CSI 1000 Index,CSI 1000,8646.08,8666.9,8604.12,8609.55,-44.29,-0.51,8911442800.0,1166.93,1000.0,53.58,2017-01-10,53.58,1166.93
20170111,000852,中证1000指数,中证1000,CSI 1000 Index,CSI 1000,8592.75,8619.64,8514.63,8519.85,-89.71,-1.04,8555321500.0,1119.44,1000.0,53.02,2017-01-11,53.02,1119.44
20170112,000852,中证1000指数,中证1000,CSI 1000 Index,CSI 1000,8509.53,8536.59,8433.78,8443.26,-76.58,-0.9,7933044800.0,1044.85,1000.0,52.55,2017-01-12,52.55,1044.85
20170113,000852,中证1000指数,中证1000,CSI 1000 Index,CSI 1000,8434.0,8444.98,8277.79,8286.24,-157.02,-1.86,7925718200.0,1047.93,1000.0,51.54,2017-01-13,51.54,1047.93
20170116,000852,中证1000指数,中证1000,CSI 1000 Index,CSI 1000,8263.2,8263.98,7715.43,7931.96,-354.29,-4.28,10620820700.0,1319.57,1000.0,49.35,2017-01-16,49.35,1319.57
20170117,000852,中证1000指数,中证1000,CSI 1000 Index,CSI 1000,7900.93,8031.99,7808.21,8028.65,96.7,1.22,7739049200.0,1000.09,1000.0,49.97,2017-01-17,49.97,1000.09
20170118,000852,中证1000指数,中证1000,CSI 1000 Index,CSI 1000,8009.51,8036.38,7972.29,7989.14,-39.51,-0.49,6407627200.0,832.43,1000.0,49.57,2017-01-18,49.57,832.43
20170119,000852,中证1000指数,中证1000,CSI 1000 Index,CSI 1000,7966.47,8000.82,7927.71,7955.39,-33.75,-0.42,6010725400.0,772.49,1000.0,49.37,2017-01-19,49.37,772.49
20170120,000852,中证1000指数,中证1000,CSI 1000 Index,CSI 1000,7945.19,8102.39,7944.39,8087.77,132.38,1.66,6519986800.0,861.41,1000.0,50.22,2017-01-20,50.22,861.41
20170123,000852,中证1000指数,中证1000,CSI 1000 Index,CSI 1000,8100.04,8185.73,8100.04,8169.11,81.34,1.01,6835373500.0,892.15,1000.0,50.75,2017-01-23,50.75,892.15
20170124,000852,中证1000指数,中证1000,CSI 1000 Index,CSI 1000,8160.78,8163.78,8115.13,8123.59,-45.52,-0.56,6291684700.0,813.34,1000.0,50.47,2017-01-24,50.47,813.34
20170125,000852,中证1000指数,中证1000,CSI 1000 Index,CSI 1000,8107.67,8160.44,8099.99,8150.6,27.01,0.33,5469716400.0,710.69,1000.0,50.7,2017-01-25,50.7,710.69
20170126,000852,中证1000指数,中证1000,CSI 1000 Index,CSI 1000,8157.02,8206.01,8157.02,8205.87,55.27,0.68,5022816500.0,649.79,1000.0,51.03,2017-01-26,51.03,649.79
20170203,000852,中证1000指数,中证1000,CSI 1000 Index,CSI 1000,8212.41,8217.69,8157.67,8182.28,-23.59,-0.29,4538879300.0,579.33,1000.0,50.86,2017-02-03,50.86,579.33
20170206,000852,中证1000指数,中证1000,CSI 1000 Index,CSI 1000,8181.91,8280.01,8175.46,8280.01,97.73,1.19,6426307700.0,833.71,1000.0,51.48,2017-02-06,51.48,833.71
20170207,000852,中证1000指数,中证1000,CSI 1000 Index,CSI 1000,8271.76,8295.99,8233.8,8282.37,2.37,0.03,7401738100.0,978.68,1000.0,51.48,2017-02-07,51.48,978.68
20170208,000852,中证1000指数,中证1000,CSI 1000 Index,CSI 1000,8267.79,8342.52,8226.58,8342.43,60.06,0.73,7823875100.0,1020.18,1000.0,51.85,2017-02-08,51.85,1020.18
20170209,000852,中证1000指数,中证1000,CSI 1000 Index,CSI 1000,8338.0,8411.14,8330.8,8410.26,67.83,0.81,9172477500.0,1186.05,1000.0,52.28,2017-02-09,52.28,1186.05
20170210,000852,中证1000指数,中证1000,CSI 1000 Index,CSI 1000,8404.51,8414.18,8374.53,8380.79,-29.47,-0.35,9808551700.0,1197.74,1000.0,52.04,2017-02-10,52.04,1197.74
20170213,000852,中证1000指数,中证1000,CSI 1000 Index,CSI 1000,8373.75,8433.32,8363.25,8432.96,52.17,0.62,8971092700.0,1118.49,1000.0,52.55,2017-02-13,52.55,1118.49
20170214,000852,中证1000指数,中证1000,CSI 1000 Index,CSI 1000,8427.7,8433.14,8399.06,8423.84,-9.12,-0.11,8440136100.0,1086.52,1000.0,52.43,2017-02-14,52.43,1086.52
20170215,000852,中证1000指数,中证1000,CSI 1000 Index,CSI 1000,8415.57,8434.52,8331.36,8344.07,-79.76,-0.95,9655830300.0,1230.56,1000.0,51.94,2017-02-15,51.94,1230.56
20170216,000852,中证1000指数,中证1000,CSI 1000 Index,CSI 1000,8333.81,8401.71,8329.71,8397.56,53.49,0.64,8965390100.0,1105.43,1000.0,52.22,2017-02-16,52.22,1105.43
20170217,000852,中证1000指数,中证1000,CSI 1000 Index,CSI 1000,8390.12,8401.07,8307.23,8324.42,-73.15,-0.87,9913700800.0,1251.09,1000.0,51.81,2017-02-17,51.81,1251.09
20170220,000852,中证1000指数,中证1000,CSI 1000 Index,CSI 1000,8318.28,8397.43,8312.56,8397.24,72.83,0.87,9364950900.0,1175.13,1000.0,52.22,2017-02-20,52.22,1175.13
20170221,000852,中证1000指数,中证1000,CSI 1000 Index,CSI 1000,8399.04,8479.61,8393.54,8479.61,82.36,0.98,10368221400.0,1317.31,1000.0,52.73,2017-02-21,52.73,1317.31
20170222,000852,中证1000指数,中证1000,CSI 1000 Index,CSI 1000,8477.75,8510.42,8457.63,8510.31,30.7,0.36,10412687000.0,1322.12,1000.0,52.93,2017-02-22,52.93,1322.12
20170223,000852,中证1000指数,中证1000,CSI 1000 Index,CSI 1000,8507.96,8515.45,8460.44,8512.7,2.4,0.03,11348493600.0,1403.61,1000.0,52.99,2017-02-23,52.99,1403.61
20170224,000852,中证1000指数,中证1000,CSI 1000 Index,CSI 1000,8500.7,8544.32,8487.5,8543.45,30.74,0.36,9476841700.0,1252.08,1000.0,53.21,2017-02-24,53.21,1252.08
20170227,000852,中证1000指数,中证1000,CSI 1000 Index,CSI 1000,8534.72,8546.62,8470.75,8476.91,-66.54,-0.78,9030475500.0,1192.49,1000.0,52.79,2017-02-27,52.79,1192.49
20170228,000852,中证1000指数,中证1000,CSI 1000 Index,CSI 1000,8470.44,8508.35,8460.48,8508.09,31.18,0.37,8138542700.0,1112.66,1000.0,52.98,2017-02-28,52.98,1112.66
20170301,000852,中证1000指数,中证1000,CSI 1000 Index,CSI 1000,8497.89,8548.82,8491.74,8526.47,18.39,0.22,9347681200.0,1246.02,1000.0,53.11,2017-03-01,53.11,1246.02
20170302,000852,中证1000指数,中证1000,CSI 1000 Index,CSI 1000,8529.58,8539.11,8467.39,8471.44,-55.03,-0.65,9044668200.0,1197.3,1000.0,52.77,2017-03-02,52.77,1197.3
20170303,000852,中证1000指数,中证1000,CSI 1000 Index,CSI 1000,8450.97,8509.88,8425.39,8505.45,34.01,0.4,8575807900.0,1194.51,1000.0,52.99,2017-03-03,52.99,1194.51
20170306,000852,中证1000指数,中证1000,CSI 1000 Index,CSI 1000,8513.21,8608.4,8513.21,8608.15,102.7,1.21,8978624300.0,1295.66,1000.0,53.66,2017-03-06,53.66,1295.66
20170307,000852,中证1000指数,中证1000,CSI 1000 Index,CSI 1000,8614.85,8625.52,8574.29,8624.47,16.31,0.19,9488463600.0,1341.65,1000.0,53.86,2017-03-07,53.86,1341.65
20170308,000852,中证1000指数,中证1000,CSI 1000 Index,CSI 1000,8622.11,8624.44,8563.97,8589.87,-34.6,-0.4,8565145200.0,1179.62,1000.0,53.62,2017-03-08,53.62,1179.62
20170309,000852,中证1000指数,中证1000,CSI 1000 Index,CSI 1000,8578.89,8579.25,8513.65,8535.56,-54.31,-0.63,8784431600.0,1174.51,1000.0,53.27,2017-03-09,53.27,1174.51
20170310,000852,中证1000指数,中证1000,CSI 1000 Index,CSI 1000,8526.54,8561.52,8519.67,8537.78,2.22,0.03,7528222000.0,1088.12,1000.0,53.32,2017-03-10,53.32,1088.12
20170313,000852,中证1000指数,中证1000,CSI 1000 Index,CSI 1000,8529.17,8598.52,8477.7,8598.52,60.74,0.71,8158481600.0,1145.62,1000.0,53.7,2017-03-13,53.7,1145.62
20170314,000852,中证1000指数,中证1000,CSI 1000 Index,CSI 1000,8604.77,8618.29,8563.61,8581.71,-16.8,-0.2,8347589800.0,1190.14,1000.0,53.57,2017-03-14,53.57,1190.14
20170315,000852,中证1000指数,中证1000,CSI 1000 Index,CSI 1000,8563.47,8582.9,8540.1,8574.03,-7.68,-0.09,8272882500.0,1165.69,1000.0,53.53,2017-03-15,53.53,1165.69
20170316,000852,中证1000指数,中证1000,CSI 1000 Index,CSI 1000,8582.96,8664.98,8582.96,8664.98,90.95,1.06,9621689600.0,1322.37,1000.0,54.09,2017-03-16,54.09,1322.37
20170317,000852,中证1000指数,中证1000,CSI 1000 Index,CSI 1000,8671.52,8704.85,8601.57,8603.87,-61.12,-0.71,10725315300.0,1530.91,1000.0,53.7,2017-03-17,53.7,1530.91
20170320,000852,中证1000指数,中证1000,CSI 1000 Index,CSI 1000,8594.71,8635.08,8569.83,8634.84,30.98,0.36,9228268300.0,1304.12,1000.0,53.95,2017-03-20,53.95,1304.12
20170321,000852,中证1000指数,中证1000,CSI 1000 Index,CSI 1000,8629.06,8640.1,8607.66,8639.57,4.72,0.05,8141693700.0,1167.22,1000.0,54.02,2017-03-21,54.02,1167.22
20170322,000852,中证1000指数,中证1000,CSI 1000 Index,CSI 1000,8604.61,8625.41,8547.05,8592.51,-47.06,-0.54,9298485500.0,1302.89,1000.0,53.73,2017-03-22,53.73,1302.89
20170323,000852,中证1000指数,中证1000,CSI 1000 Index,CSI 1000,8592.34,8624.07,8500.52,8590.96,-1.55,-0.02,10048770600.0,1424.88,1000.0,53.73,2017-03-23,53.73,1424.88
20170324,000852,中证1000指数,中证1000,CSI 1000 Index,CSI 1000,8583.95,8606.61,8552.68,8602.29,11.33,0.13,9330369500.0,1273.6,1000.0,53.86,2017-03-24,53.86,1273.6
20170327,000852,中证1000指数,中证1000,CSI 1000 Index,CSI 1000,8603.23,8611.4,8570.86,8586.91,-15.38,-0.18,9033983700.0,1266.57,1000.0,53.77,2017-03-27,53.77,1266.57
20170328,000852,中证1000指数,中证1000,CSI 1000 Index,CSI 1000,8579.05,8591.84,8546.12,8558.07,-28.84,-0.34,8321832400.0,1165.56,1000.0,53.57,2017-03-28,53.57,1165.56
20170329,000852,中证1000指数,中证1000,CSI 1000 Index,CSI 1000,8555.99,8565.86,8484.74,8488.22,-69.85,-0.82,9793119400.0,1327.9,1000.0,53.11,2017-03-29,53.11,1327.9
20170330,000852,中证1000指数,中证1000,CSI 1000 Index,CSI 1000,8471.24,8473.34,8303.0,8315.05,-173.17,-2.04,11380245600.0,1494.02,1000.0,51.98,2017-03-30,51.98,1494.02
20170331,000852,中证1000指数,中证1000,CSI 1000 Index,CSI 1000,8314.08,8351.42,8291.69,8339.15,24.1,0.29,8918546900.0,1168.54,1000.0,52.16,2017-03-31,52.16,1168.54
20170405,000852,中证1000指数,中证1000,CSI 1000 Index,CSI 1000,8369.39,8522.01,8369.39,8522.01,182.86,2.19,10423689700.0,1357.04,1000.0,53.31,2017-04-05,53.31,1357.04
20170406,000852,中证1000指数,中证1000,CSI 1000 Index,CSI 1000,8531.2,8557.52,8514.09,8543.66,21.65,0.25,10371863000.0,1362.93,1000.0,53.42,2017-04-06,53.42,1362.93
20170407,000852,中证1000指数,中证1000,CSI 1000 Index,CSI 1000,8539.14,8567.8,8523.3,8544.75,1.08,0.01,10442926800.0,1418.71,1000.0,52.99,2017-04-07,52.99,1418.71
20170410,000852,中证1000指数,中证1000,CSI 1000 Index,CSI 1000,8522.91,8523.4,8439.31,8449.16,-95.59,-1.12,11671619900.0,1602.44,1000.0,52.35,2017-04-10,52.35,1602.44
20170411,000852,中证1000指数,中证1000,CSI 1000 Index,CSI 1000,8432.47,8514.44,8373.84,8514.44,65.28,0.77,13425147500.0,1777.72,1000.0,52.71,2017-04-11,52.71,1777.72
20170412,000852,中证1000指数,中证1000,CSI 1000 Index,CSI 1000,8505.7,8505.92,8439.44,8444.39,-70.04,-0.82,12667524600.0,1613.22,1000.0,52.3,2017-04-12,52.3,1613.22
20170413,000852,中证1000指数,中证1000,CSI 1000 Index,CSI 1000,8429.73,8490.86,8423.3,8470.31,25.92,0.31,10649446500.0,1302.37,1000.0,52.45,2017-04-13,52.45,1302.37
20170414,000852,中证1000指数,中证1000,CSI 1000 Index,CSI 1000,8460.64,8463.06,8338.87,8345.65,-124.66,-1.47,10430284800.0,1323.45,1000.0,51.68,2017-04-14,51.68,1323.45
20170417,000852,中证1000指数,中证1000,CSI 1000 Index,CSI 1000,8309.78,8309.78,8183.07,8220.66,-124.99,-1.5,9237520300.0,1181.8,1000.0,50.88,2017-04-17,50.88,1181.8
20170418,000852,中证1000指数,中证1000,CSI 1000 Index,CSI 1000,8216.21,8247.05,8133.05,8136.41,-84.25,-1.02,8672841900.0,1142.96,1000.0,50.34,2017-04-18,50.34,1142.96
20170419,000852,中证1000指数,中证1000,CSI 1000 Index,CSI 1000,8101.8,8101.8,7939.29,8033.5,-102.91,-1.26,9667457800.0,1202.97,1000.0,49.6,2017-04-19,49.6,1202.97
20170420,000852,中证1000指数,中证1000,CSI 1000 Index,CSI 1000,8021.06,8059.11,7925.3,7987.65,-45.85,-0.57,8017387700.0,1023.52,1000.0,49.28,2017-04-20,49.28,1023.52
20170421,000852,中证1000指数,中证1000,CSI 1000 Index,CSI 1000,7984.47,8014.83,7938.32,7945.39,-42.26,-0.53,6860937400.0,869.97,1000.0,49.06,2017-04-21,49.06,869.97
20170424,000852,中证1000指数,中证1000,CSI 1000 Index,CSI 1000,7921.42,7921.42,7698.1,7698.28,-247.11,-3.11,7912306900.0,952.31,1000.0,47.48,2017-04-24,47.48,952.31
20170425,000852,中证1000指数,中证1000,CSI 1000 Index,CSI 1000,7699.98,7779.67,7691.32,7724.0,25.71,0.33,6981770800.0,885.21,1000.0,47.67,2017-04-25,47.67,885.21
20170426,000852,中证1000指数,中证1000,CSI 1000 Index,CSI 1000,7721.66,7763.07,7718.76,7751.94,27.94,0.36,7212468700.0,931.86,1000.0,47.77,2017-04-26,47.77,931.86
20170427,000852,中证1000指数,中证1000,CSI 1000 Index,CSI 1000,7737.07,7810.11,7593.02,7799.12,47.18,0.61,9816778100.0,1215.23,1000.0,47.92,2017-04-27,47.92,1215.23
20170428,000852,中证1000指数,中证1000,CSI 1000 Index,CSI 1000,7777.75,7842.11,7768.05,7842.08,42.96,0.55,7321627000.0,915.08,1000.0,47.9,2017-04-28,47.9,915.08
20170502,000852,中证1000指数,中证1000,CSI 1000 Index,CSI 1000,7831.44,7851.41,7811.84,7845.47,3.39,0.04,7033904200.0,915.55,1000.0,44.38,2017-05-02,44.38,915.55
20170503,000852,中证1000指数,中证1000,CSI 1000 Index,CSI 1000,7832.02,7860.3,7796.82,7830.64,-14.83,-0.19,7932525600.0,1038.12,1000.0,44.32,2017-05-03,44.32,1038.12
20170504,000852,中证1000指数,中证1000,CSI 1000 Index,CSI 1000,7804.78,7877.32,7763.84,7804.58,-26.06,-0.33,8164305400.0,1070.23,1000.0,44.16,2017-05-04,44.16,1070.23
20170505,000852,中证1000指数,中证1000,CSI 1000 Index,CSI 1000,7780.14,7787.57,7700.21,7700.26,-104.31,-1.34,7576019000.0,968.51,1000.0,43.61,2017-05-05,43.61,968.51
20170508,000852,中证1000指数,中证1000,CSI 1000 Index,CSI 1000,7679.16,7691.48,7555.06,7555.28,-144.98,-1.88,7331972900.0,920.56,1000.0,42.79,2017-05-08,42.79,920.56
20170509,000852,中证1000指数,中证1000,CSI 1000 Index,CSI 1000,7522.22,7603.36,7475.41,7602.96,47.68,0.63,6728080500.0,827.55,1000.0,43.06,2017-05-09,43.06,827.55
20170510,000852,中证1000指数,中证1000,CSI 1000 Index,CSI 1000,7597.77,7637.64,7451.36,7451.78,-151.19,-1.99,7730156500.0,921.09,1000.0,42.11,2017-05-10,42.11,921.09
20170511,000852,中证1000指数,中证1000,CSI 1000 Index,CSI 1000,7400.42,7408.11,7199.41,7387.15,-64.62,-0.87,8998668900.0,1012.01,1000.0,41.58,2017-05-11,41.58,1012.01
20170512,000852,中证1000指数,中证1000,CSI 1000 Index,CSI 1000,7368.07,7395.36,7306.38,7371.3,-15.85,-0.21,6895514800.0,834.57,1000.0,41.3,2017-05-12,41.3,834.57
20170515,000852,中证1000指数,中证1000,CSI 1000 Index,CSI 1000,7386.2,7425.32,7386.2,7391.61,20.3,0.28,6201872700.0,766.38,1000.0,41.27,2017-05-15,41.27,766.38
20170516,000852,中证1000指数,中证1000,CSI 1000 Index,CSI 1000,7377.76,7549.92,7324.14,7549.76,158.16,2.14,8795632700.0,1108.3,1000.0,42.01,2017-05-16,42.01,1108.3
20170517,000852,中证1000指数,中证1000,CSI 1000 Index,CSI 1000,7545.21,7609.53,7538.67,7570.44,20.67,0.27,8739756500.0,1113.26,1000.0,42.0,2017-05-17,42.0,1113.26
20170518,000852,中证1000指数,中证1000,CSI 1000 Index,CSI 1000,7509.41,7581.83,7490.78,7519.19,-51.25,-0.68,7657137100.0,975.72,1000.0,41.68,2017-05-18,41.68,975.72
20170519,000852,中证1000指数,中证1000,CSI 1000 Index,CSI 1000,7517.13,7540.92,7472.28,7510.11,-9.09,-0.12,7023546500.0,856.76,1000.0,41.38,2017-05-19,41.38,856.76
20170522,000852,中证1000指数,中证1000,CSI 1000 Index,CSI 1000,7500.51,7521.63,7354.07,7372.79,-137.32,-1.83,7564274800.0,893.26,1000.0,40.59,2017-05-22,40.59,893.26
20170523,000852,中证1000指数,中证1000,CSI 1000 Index,CSI 1000,7352.25,7359.78,7132.31,7138.24,-234.55,-3.18,8130014100.0,930.39,1000.0,39.16,2017-05-23,39.16,930.39
20170524,000852,中证1000指数,中证1000,CSI 1000 Index,CSI 1000,7099.27,7172.66,6996.64,7172.14,33.9,0.47,6967533800.0,775.79,1000.0,39.3,2017-05-24,39.3,775.79
20170525,000852,中证1000指数,中证1000,CSI 1000 Index,CSI 1000,7160.16,7241.23,7078.55,7232.63,60.49,0.84,7845246000.0,879.81,1000.0,39.36,2017-05-25,39.36,879.81
20170526,000852,中证1000指数,中证1000,CSI 1000 Index,CSI 1000,7224.81,7265.15,7221.08,7233.34,0.71,0.01,7338887600.0,838.7,1000.0,39.02,2017-05-26,39.02,838.7
20170531,000852,中证1000指数,中证1000,CSI 1000 Index,CSI 1000,7303.58,7327.32,7211.07,7212.7,-20.64,-0.29,6808816400.0,778.88,1000.0,38.87,2017-05-31,38.87,778.88
20170601,000852,中证1000指数,中证1000,CSI 1000 Index,CSI 1000,7191.69,7191.69,7015.87,7016.3,-196.39,-2.72,7304807400.0,807.35,1000.0,37.74,2017-06-01,37.74,807.35
20170602,000852,中证1000指数,中证1000,CSI 1000 Index,CSI 1000,6989.44,7105.03,6927.92,7094.43,78.12,1.11,7211467900.0,773.47,1000.0,38.01,2017-06-02,38.01,773.47
20170605,000852,中证1000指数,中证1000,CSI 1000 Index,CSI 1000,7102.5,7172.44,7099.62,7160.53,66.1,0.93,6318615200.0,706.93,1000.0,37.99,2017-06-05,37.99,706.93
20170606,000852,中证1000指数,中证1000,CSI 1000 Index,CSI 1000,7147.17,7198.3,7136.46,7197.62,37.09,0.52,6167829900.0,688.89,1000.0,38.01,2017-06-06,38.01,688.89
20170607,000852,中证1000指数,中证1000,CSI 1000 Index,CSI 1000,7194.69,7347.6,7192.86,7347.6,149.98,2.08,9154672400.0,1019.42,1000.0,38.75,2017-06-07,38.75,1019.42
20170608,000852,中证1000指数,中证1000,CSI 1000 Index,CSI 1000,7349.93,7374.86,7327.07,7342.48,-5.12,-0.07,8498715000.0,970.53,1000.0,38.63,2017-06-08,38.63,970.53
20170609,000852,中证1000指数,中证1000,CSI 1000 Index,CSI 1000,7331.51,7353.41,7288.32,7348.52,6.04,0.08,7671790400.0,866.09,1000.0,38.4,2017-06-09,38.4,866.09
20170612,000852,中证1000指数,中证1000,CSI 1000 Index,CSI 1000,7314.67,7322.47,7241.07,7246.71,-101.81,-1.39,7546849800.0,876.45,1000.0,36.78,2017-06-12,36.78,876.45
20170613,000852,中证1000指数,中证1000,CSI 1000 Index,CSI 1000,7234.28,7358.43,7232.69,7352.98,106.26,1.47,7360418400.0,864.31,1000.0,37.32,2017-06-13,37.32,864.31
20170614,000852,中证1000指数,中证1000,CSI 1000 Index,CSI 1000,7346.52,7382.58,7340.7,7362.86,9.88,0.13,8023626900.0,960.77,1000.0,37.27,2017-06-14,37.27,960.77
20170615,000852,中证1000指数,中证1000,CSI 1000 Index,CSI 1000,7350.01,7468.21,7348.42,7455.39,92.53,1.26,9100868600.0,1076.04,1000.0,37.72,2017-06-15,37.72,1076.04
20170616,000852,中证1000指数,中证1000,CSI 1000 Index,CSI 1000,7453.6,7463.05,7433.42,7442.95,-12.43,-0.17,7877082300.0,942.81,1000.0,37.57,2017-06-16,37.57,942.81
20170619,000852,中证1000指数,中证1000,CSI 1000 Index,CSI 1000,7435.25,7489.82,7435.24,7489.76,46.81,0.63,7434824200.0,874.91,1000.0,37.82,2017-06-19,37.82,874.91
20170620,000852,中证1000指数,中证1000,CSI 1000 Index,CSI 1000,7496.89,7542.13,7495.72,7503.8,14.04,0.19,8875375000.0,1077.45,1000.0,37.62,2017-06-20,37.62,1077.45
20170621,000852,中证1000指数,中证1000,CSI 1000 Index,CSI 1000,7510.01,7521.21,7456.56,7504.19,0.39,0.01,8202057400.0,997.23,1000.0,37.59,2017-06-21,37.59,997.23
20170622,000852,中证1000指数,中证1000,CSI 1000 Index,CSI 1000,7495.92,7506.41,7371.96,7371.96,-132.23,-1.76,9213568400.0,1080.96,1000.0,36.94,2017-06-22,36.94,1080.96
20170623,000852,中证1000指数,中证1000,CSI 1000 Index,CSI 1000,7355.76,7383.93,7262.41,7376.67,4.7,0.06,8128014100.0,928.98,1000.0,36.92,2017-06-23,36.92,928.98
20170626,000852,中证1000指数,中证1000,CSI 1000 Index,CSI 1000,7370.62,7462.25,7363.39,7462.1,85.43,1.16,7595195700.0,871.22,1000.0,37.29,2017-06-26,37.29,871.22
20170627,000852,中证1000指数,中证1000,CSI 1000 Index,CSI 1000,7461.4,7493.82,7442.85,7474.03,11.94,0.16,7565232900.0,862.03,1000.0,37.34,2017-06-27,37.34,862.03
20170628,000852,中证1000指数,中证1000,CSI 1000 Index,CSI 1000,7457.36,7457.71,7411.38,7423.47,-50.56,-0.68,7005321500.0,803.54,1000.0,37.08,2017-06-28,37.08,803.54
20170629,000852,中证1000指数,中证1000,CSI 1000 Index,CSI 1000,7424.97,7480.74,7424.97,7456.67,33.2,0.45,6729745400.0,784.75,1000.0,37.24,2017-06-29,37.24,784.75
20170630,000852,中证1000指数,中证1000,CSI 1000 Index,CSI 1000,7435.7,7473.27,7416.45,7465.76,9.09,0.12,6415020300.0,744.82,1000.0,37.2,2017-06-30,37.2,744.82
20170703,000852,中证1000指数,中证1000,CSI 1000 Index,CSI 1000,7468.15,7537.33,7460.44,7537.11,71.34,0.96,7448629300.0,860.08,1000.0,37.52,2017-07-03,37.52,860.08
20170704,000852,中证1000指数,中证1000,CSI 1000 Index,CSI 1000,7533.99,7540.94,7506.52,7523.7,-13.41,-0.18,7264817800.0,847.97,1000.0,37.43,2017-07-04,37.43,847.97
20170705,000852,中证1000指数,中证1000,CSI 1000 Index,CSI 1000,7520.86,7588.12,7510.53,7588.09,64.39,0.86,8289033400.0,958.4,1000.0,37.71,2017-07-05,37.71,958.4
20170706,000852,中证1000指数,中证1000,CSI 1000 Index,CSI 1000,7583.15,7613.26,7543.34,7601.79,13.7,0.18,10042564600.0,1163.36,1000.0,37.72,2017-07-06,37.72,1163.36
20170707,000852,中证1000指数,中证1000,CSI 1000 Index,CSI 1000,7585.33,7623.5,7576.81,7623.38,21.6,0.28,9419961400.0,1087.53,1000.0,37.82,2017-07-07,37.82,1087.53
20170710,000852,中证1000指数,中证1000,CSI 1000 Index,CSI 1000,7613.31,7626.85,7567.1,7577.82,-45.56,-0.6,9969848700.0,1131.39,1000.0,37.58,2017-07-10,37.58,1131.39
20170711,000852,中证1000指数,中证1000,CSI 1000 Index,CSI 1000,7566.41,7575.47,7484.06,7484.06,-93.76,-1.24,9099108200.0,1041.01,1000.0,37.1,2017-07-11,37.1,1041.01
20170712,000852,中证1000指数,中证1000,CSI 1000 Index,CSI 1000,7471.56,7494.95,7367.26,7474.33,-9.73,-0.13,8979219500.0,1002.02,1000.0,37.05,2017-07-12,37.05,1002.02
20170713,000852,中证1000指数,中证1000,CSI 1000 Index,CSI 1000,7463.28,7494.73,7452.13,7474.3,-0.03,0.0,8180838900.0,902.55,1000.0,36.73,2017-07-13,36.73,902.55
20170714,000852,中证1000指数,中证1000,CSI 1000 Index,CSI 1000,7460.53,7465.54,7415.58,7433.18,-41.12,-0.55,7379490900.0,849.93,1000.0,36.36,2017-07-14,36.36,849.93
20170717,000852,中证1000指数,中证1000,CSI 1000 Index,CSI 1000,7405.91,7405.91,7048.54,7048.54,-384.64,-5.17,11649610500.0,1218.89,1000.0,34.4,2017-07-17,34.4,1218.89
20170718,000852,中证1000指数,中证1000,CSI 1000 Index,CSI 1000,7013.31,7109.94,6988.52,7109.6,61.06,0.87,8260012100.0,857.83,1000.0,34.66,2017-07-18,34.66,857.83
20170719,000852,中证1000指数,中证1000,CSI 1000 Index,CSI 1000,7097.54,7202.95,7081.51,7202.81,93.21,1.31,10196642900.0,1017.8,1000.0,35.08,2017-07-19,35.08,1017.8
20170720,000852,中证1000指数,中证1000,CSI 1000 Index,CSI 1000,7199.68,7273.98,7192.07,7244.9,42.1,0.58,10617249100.0,1118.74,1000.0,35.29,2017-07-20,35.29,1118.74
20170721,000852,中证1000指数,中证1000,CSI 1000 Index,CSI 1000,7232.81,7268.24,7227.96,7252.71,7.81,0.11,10007728100.0,1045.6,1000.0,35.3,2017-07-21,35.3,1045.6
20170724,000852,中证1000指数,中证1000,CSI 1000 Index,CSI 1000,7235.01,7295.28,7228.84,7292.65,39.94,0.55,10620252100.0,1115.42,1000.0,35.51,2017-07-24,35.51,1115.42
20170725,000852,中证1000指数,中证1000,CSI 1000 Index,CSI 1000,7281.39,7297.11,7237.52,7278.84,-13.81,-0.19,9238919600.0,977.86,1000.0,35.45,2017-07-25,35.45,977.86
20170726,000852,中证1000指数,中证1000,CSI 1000 Index,CSI 1000,7275.88,7290.14,7238.27,7289.88,11.03,0.15,9634742100.0,1039.59,1000.0,35.48,2017-07-26,35.48,1039.59
20170727,000852,中证1000指数,中证1000,CSI 1000 Index,CSI 1000,7274.15,7388.29,7252.46,7383.11,93.24,1.28,12416969000.0,1358.34,1000.0,35.95,2017-07-27,35.95,1358.34
20170728,000852,中证1000指数,中证1000,CSI 1000 Index,CSI 1000,7366.55,7400.37,7361.36,7386.21,3.09,0.04,10320328000.0,1154.23,1000.0,35.95,2017-07-28,35.95,1154.23
20170731,000852,中证1000指数,中证1000,CSI 1000 Index,CSI 1000,7382.96,7445.25,7371.04,7444.96,58.75,0.8,11985068800.0,1280.73,1000.0,36.21,2017-07-31,36.21,1280.73
20170801,000852,中证1000指数,中证1000,CSI 1000 Index,CSI 1000,7444.75,7456.41,7416.97,7452.93,7.98,0.11,11632211900.0,1278.58,1000.0,36.23,2017-08-01,36.23,1278.58
20170802,000852,中证1000指数,中证1000,CSI 1000 Index,CSI 1000,7445.29,7453.2,7385.35,7389.51,-63.42,-0.85,12243632700.0,1310.44,1000.0,35.95,2017-08-02,35.95,1310.44
20170803,000852,中证1000指数,中证1000,CSI 1000 Index,CSI 1000,7374.47,7451.61,7368.53,7424.11,34.6,0.47,11416278200.0,1227.39,1000.0,36.12,2017-08-03,36.12,1227.39
20170804,000852,中证1000指数,中证1000,CSI 1000 Index,CSI 1000,7417.31,7447.36,7389.15,7389.15,-34.96,-0.47,12360072800.0,1321.79,1000.0,35.94,2017-08-04,35.94,1321.79
20170807,000852,中证1000指数,中证1000,CSI 1000 Index,CSI 1000,7379.03,7445.68,7379.03,7445.18,56.03,0.76,9965881800.0,1045.76,1000.0,36.19,2017-08-07,36.19,1045.76
20170808,000852,中证1000指数,中证1000,CSI 1000 Index,CSI 1000,7446.23,7482.25,7423.21,7470.69,25.51,0.34,12056669900.0,1261.85,1000.0,36.3,2017-08-08,36.3,1261.85
20170809,000852,中证1000指数,中证1000,CSI 1000 Index,CSI 1000,7469.29,7495.8,7455.69,7495.39,24.69,0.33,11308396400.0,1202.19,1000.0,36.43,2017-08-09,36.43,1202.19
20170810,000852,中证1000指数,中证1000,CSI 1000 Index,CSI 1000,7478.93,7499.87,7381.21,7441.24,-54.15,-0.72,11552497800.0,1241.56,1000.0,36.16,2017-08-10,36.16,1241.56
20170811,000852,中证1000指数,中证1000,CSI 1000 Index,CSI 1000,7389.74,7425.3,7318.48,7328.4,-112.84,-1.52,11710024700.0,1226.06,1000.0,35.63,2017-08-11,35.63,1226.06
20170814,000852,中证1000指数,中证1000,CSI 1000 Index,CSI 1000,7331.64,7475.2,7331.64,7474.64,146.24,2.0,10515812000.0,1142.07,1000.0,36.33,2017-08-14,36.33,1142.07
20170815,000852,中证1000指数,中证1000,CSI 1000 Index,CSI 1000,7477.27,7507.76,7462.44,7507.29,32.65,0.44,10108952400.0,1126.38,1000.0,36.48,2017-08-15,36.48,1126.38
20170816,000852,中证1000指数,中证1000,CSI 1000 Index,CSI 1000,7502.57,7553.5,7475.2,7544.39,37.1,0.49,11264994700.0,1276.28,1000.0,36.68,2017-08-16,36.68,1276.28
20170817,000852,中证1000指数,中证1000,CSI 1000 Index,CSI 1000,7547.78,7615.75,7545.63,7614.21,69.83,0.93,12577428100.0,1428.63,1000.0,37.01,2017-08-17,37.01,1428.63
20170818,000852,中证1000指数,中证1000,CSI 1000 Index,CSI 1000,7564.98,7595.27,7547.67,7576.05,-38.16,-0.5,11194850700.0,1265.66,1000.0,36.84,2017-08-18,36.84,1265.66
20170821,000852,中证1000指数,中证1000,CSI 1000 Index,CSI 1000,7583.08,7631.95,7583.05,7631.75,55.7,0.74,10104485500.0,1129.07,1000.0,37.11,2017-08-21,37.11,1129.07
20170822,000852,中证1000指数,中证1000,CSI 1000 Index,CSI 1000,7622.99,7622.99,7567.69,7585.11,-46.64,-0.61,10214402200.0,1174.95,1000.0,36.9,2017-08-22,36.9,1174.95
20170823,000852,中证1000指数,中证1000,CSI 1000 Index,CSI 1000,7572.08,7581.2,7516.69,7534.46,-50.65,-0.67,8637889900.0,982.25,1000.0,36.66,2017-08-23,36.66,982.25
20170824,000852,中证1000指数,中证1000,CSI 1000 Index,CSI 1000,7531.84,7540.77,7470.35,7486.06,-48.4,-0.64,8463669300.0,946.8,1000.0,36.4,2017-08-24,36.4,946.8
20170825,000852,中证1000指数,中证1000,CSI 1000 Index,CSI 1000,7483.85,7566.03,7483.85,7559.31,73.25,0.98,8660502400.0,953.25,1000.0,36.73,2017-08-25,36.73,953.25
20170828,000852,中证1000指数,中证1000,CSI 1000 Index,CSI 1000,7563.54,7656.79,7563.54,7642.65,83.34,1.1,10638838300.0,1233.06,1000.0,37.15,2017-08-28,37.15,1233.06
20170829,000852,中证1000指数,中证1000,CSI 1000 Index,CSI 1000,7639.01,7653.18,7607.19,7623.26,-19.39,-0.25,10414395200.0,1218.08,1000.0,37.08,2017-08-29,37.08,1218.08
20170830,000852,中证1000指数,中证1000,CSI 1000 Index,CSI 1000,7618.38,7663.33,7618.38,7654.37,31.12,0.41,10753486400.0,1227.93,1000.0,37.22,2017-08-30,37.22,1227.93
20170831,000852,中证1000指数,中证1000,CSI 1000 Index,CSI 1000,7654.34,7680.31,7639.78,7679.87,25.5,0.33,10204647900.0,1182.33,1000.0,37.35,2017-08-31,37.35,1182.33
20170901,000852,中证1000指数,中证1000,CSI 1000 Index,CSI 1000,7687.84,7740.29,7674.2,7739.91,60.03,0.78,12420419300.0,1453.44,1000.0,39.88,2017-09-01,39.88,1453.44
20170904,000852,中证1000指数,中证1000,CSI 1000 Index,CSI 1000,7739.87,7798.51,7730.11,7798.18,58.27,0.75,13303394200.0,1577.47,1000.0,40.17,2017-09-04,40.17,1577.47
20170905,000852,中证1000指数,中证1000,CSI 1000 Index,CSI 1000,7790.7,7803.9,7751.47,7800.54,2.36,0.03,11898826800.0,1443.59,1000.0,40.18,2017-09-05,40.18,1443.59
20170906,000852,中证1000指数,中证1000,CSI 1000 Index,CSI 1000,7776.99,7858.35,7766.04,7858.28,57.75,0.74,12595709200.0,1561.82,1000.0,40.46,2017-09-06,40.46,1561.82
20170907,000852,中证1000指数,中证1000,CSI 1000 Index,CSI 1000,7859.4,7886.92,7819.32,7823.4,-34.89,-0.44,13039605300.0,1652.23,1000.0,40.31,2017-09-07,40.31,1652.23
20170908,000852,中证1000指数,中证1000,CSI 1000 Index,CSI 1000,7816.21,7861.04,7789.33,7838.8,15.4,0.2,11581334100.0,1420.67,1000.0,40.39,2017-09-08,40.39,1420.67
20170911,000852,中证1000指数,中证1000,CSI 1000 Index,CSI 1000,7835.82,7920.86,7832.68,7920.69,81.89,1.04,11994868800.0,1473.34,1000.0,40.84,2017-09-11,40.84,1473.34
20170912,000852,中证1000指数,中证1000,CSI 1000 Index,CSI 1000,7926.47,7965.69,7883.66,7899.42,-21.27,-0.27,15559584100.0,1944.14,1000.0,40.7,2017-09-12,40.7,1944.14
20170913,000852,中证1000指数,中证1000,CSI 1000 Index,CSI 1000,7888.84,7928.95,7872.76,7928.75,29.33,0.37,11438944100.0,1363.63,1000.0,40.87,2017-09-13,40.87,1363.63
20170914,000852,中证1000指数,中证1000,CSI 1000 Index,CSI 1000,7930.83,7951.84,7885.68,7916.67,-12.09,-0.15,12538587100.0,1470.63,1000.0,40.79,2017-09-14,40.79,1470.63
20170915,000852,中证1000指数,中证1000,CSI 1000 Index,CSI 1000,7902.2,7904.36,7846.92,7880.57,-36.1,-0.46,11648229700.0,1360.89,1000.0,40.55,2017-09-15,40.55,1360.89
20170918,000852,中证1000指数,中证1000,CSI 1000 Index,CSI 1000,7870.64,7941.94,7870.64,7941.68,61.12,0.78,10339075500.0,1230.19,1000.0,40.87,2017-09-18,40.87,1230.19
20170919,000852,中证1000指数,中证1000,CSI 1000 Index,CSI 1000,7941.07,7948.3,7880.96,7905.71,-35.98,-0.45,10977524500.0,1288.94,1000.0,40.71,2017-09-19,40.71,1288.94
20170920,000852,中证1000指数,中证1000,CSI 1000 Index,CSI 1000,7896.82,7975.61,7883.28,7975.39,69.68,0.88,11687608900.0,1367.77,1000.0,41.02,2017-09-20,41.02,1367.77
20170921,000852,中证1000指数,中证1000,CSI 1000 Index,CSI 1000,7974.71,7981.78,7886.52,7886.52,-88.87,-1.11,11685071300.0,1395.95,1000.0,40.49,2017-09-21,40.49,1395.95
20170922,000852,中证1000指数,中证1000,CSI 1000 Index,CSI 1000,7860.86,7873.25,7807.83,7849.73,-36.79,-0.47,10213959900.0,1193.31,1000.0,40.29,2017-09-22,40.29,1193.31
20170925,000852,中证1000指数,中证1000,CSI 1000 Index,CSI 1000,7835.2,7843.28,7725.57,7731.8,-117.93,-1.5,9162351000.0,1055.85,1000.0,39.65,2017-09-25,39.65,1055.85
20170926,000852,中证1000指数,中证1000,CSI 1000 Index,CSI 1000,7723.11,7751.06,7697.11,7746.24,14.44,0.19,7784370000.0,926.0,1000.0,39.65,2017-09-26,39.65,926.0
20170927,000852,中证1000指数,中证1000,CSI 1000 Index,CSI 1000,7745.59,7812.88,7742.47,7810.23,64.0,0.83,8134662900.0,985.41,1000.0,39.97,2017-09-27,39.97,985.41
20170928,000852,中证1000指数,中证1000,CSI 1000 Index,CSI 1000,7800.13,7818.99,7766.86,7768.38,-41.86,-0.54,8669834200.0,1042.57,1000.0,39.75,2017-09-28,39.75,1042.57
20170929,000852,中证1000指数,中证1000,CSI 1000 Index,CSI 1000,7779.88,7842.96,7779.88,7842.59,74.21,0.96,8552320000.0,1027.48,1000.0,40.11,2017-09-29,40.11,1027.48
20171009,000852,中证1000指数,中证1000,CSI 1000 Index,CSI 1000,7921.73,7945.04,7894.3,7941.18,98.59,1.26,10227685300.0,1228.44,1000.0,40.58,2017-10-09,40.58,1228.44
20171010,000852,中证1000指数,中证1000,CSI 1000 Index,CSI 1000,7934.37,7994.74,7925.55,7994.46,53.28,0.67,10230567100.0,1238.65,1000.0,40.87,2017-10-10,40.87,1238.65
20171011,000852,中证1000指数,中证1000,CSI 1000 Index,CSI 1000,7991.22,7997.99,7953.95,7961.11,-33.35,-0.42,11472088400.0,1382.5,1000.0,40.72,2017-10-11,40.72,1382.5
20171012,000852,中证1000指数,中证1000,CSI 1000 Index,CSI 1000,7951.67,7962.31,7886.24,7940.14,-20.97,-0.26,10087516300.0,1217.57,1000.0,40.62,2017-10-12,40.62,1217.57
20171013,000852,中证1000指数,中证1000,CSI 1000 Index,CSI 1000,7934.43,7972.67,7926.76,7972.42,32.28,0.41,9082934300.0,1134.77,1000.0,40.81,2017-10-13,40.81,1134.77
20171016,000852,中证1000指数,中证1000,CSI 1000 Index,CSI 1000,7963.52,7964.26,7817.24,7819.59,-152.83,-1.92,10736255400.0,1304.12,1000.0,40.03,2017-10-16,40.03,1304.12
20171017,000852,中证1000指数,中证1000,CSI 1000 Index,CSI 1000,7799.78,7836.4,7772.89,7805.07,-14.52,-0.19,7095977100.0,855.12,1000.0,39.98,2017-10-17,39.98,855.12
20171018,000852,中证1000指数,中证1000,CSI 1000 Index,CSI 1000,7806.88,7829.99,7729.05,7730.27,-74.8,-0.96,8241492200.0,965.59,1000.0,39.61,2017-10-18,39.61,965.59
20171019,000852,中证1000指数,中证1000,CSI 1000 Index,CSI 1000,7718.8,7734.9,7637.61,7656.06,-74.22,-0.96,8305505800.0,943.7,1000.0,39.24,2017-10-19,39.24,943.7
20171020,000852,中证1000指数,中证1000,CSI 1000 Index,CSI 1000,7650.08,7751.43,7647.06,7751.43,95.37,1.25,6809259900.0,796.98,1000.0,39.74,2017-10-20,39.74,796.98
20171023,000852,中证1000指数,中证1000,CSI 1000 Index,CSI 1000,7753.69,7793.81,7746.89,7793.54,42.11,0.54,7175040400.0,863.94,1000.0,39.99,2017-10-23,39.99,863.94
20171024,000852,中证1000指数,中证1000,CSI 1000 Index,CSI 1000,7786.3,7786.3,7702.55,7752.92,-40.61,-0.52,7274650600.0,884.55,1000.0,39.8,2017-10-24,39.8,884.55
20171025,000852,中证1000指数,中证1000,CSI 1000 Index,CSI 1000,7745.32,7799.87,7740.49,7799.75,46.83,0.6,6935858300.0,838.03,1000.0,39.99,2017-10-25,39.99,838.03
20171026,000852,中证1000指数,中证1000,CSI 1000 Index,CSI 1000,7791.74,7836.7,7783.91,7830.11,30.36,0.39,8382636100.0,1007.53,1000.0,40.15,2017-10-26,40.15,1007.53
20171027,000852,中证1000指数,中证1000,CSI 1000 Index,CSI 1000,7821.56,7831.02,7762.64,7770.71,-59.39,-0.76,7770330300.0,917.89,1000.0,39.86,2017-10-27,39.86,917.89
20171030,000852,中证1000指数,中证1000,CSI 1000 Index,CSI 1000,7753.68,7755.66,7531.29,7574.65,-196.06,-2.52,9645048400.0,1093.79,1000.0,38.97,2017-10-30,38.97,1093.79
20171031,000852,中证1000指数,中证1000,CSI 1000 Index,CSI 1000,7563.65,7631.92,7560.9,7631.53,56.88,0.75,6938445300.0,822.84,1000.0,39.27,2017-10-31,39.27,822.84
20171101,000852,中证1000指数,中证1000,CSI 1000 Index,CSI 1000,7630.42,7659.37,7622.94,7635.44,3.9,0.05,7400935400.0,889.97,1000.0,37.28,2017-11-01,37.28,889.97
20171102,000852,中证1000指数,中证1000,CSI 1000 Index,CSI 1000,7622.84,7622.84,7540.89,7542.35,-93.08,-1.22,7661754200.0,905.32,1000.0,36.83,2017-11-02,36.83,905.32
20171103,000852,中证1000指数,中证1000,CSI 1000 Index,CSI 1000,7534.44,7549.83,7436.43,7476.98,-65.37,-0.87,8004438900.0,918.96,1000.0,36.51,2017-11-03,36.51,918.96
20171106,000852,中证1000指数,中证1000,CSI 1000 Index,CSI 1000,7476.19,7551.89,7453.2,7551.35,74.37,0.99,7338968200.0,877.37,1000.0,36.9,2017-11-06,36.9,877.37
20171107,000852,中证1000指数,中证1000,CSI 1000 Index,CSI 1000,7548.38,7596.42,7530.04,7596.17,44.81,0.59,8122616200.0,965.89,1000.0,37.11,2017-11-07,37.11,965.89
20171108,000852,中证1000指数,中证1000,CSI 1000 Index,CSI 1000,7585.91,7653.42,7578.69,7617.52,21.36,0.28,8667480200.0,1036.15,1000.0,37.22,2017-11-08,37.22,1036.15
20171109,000852,中证1000指数,中证1000,CSI 1000 Index,CSI 1000,7610.89,7657.25,7609.24,7656.67,39.14,0.51,7833248200.0,930.46,1000.0,37.42,2017-11-09,37.42,930.46
20171110,000852,中证1000指数,中证1000,CSI 1000 Index,CSI 1000,7649.47,7677.7,7634.65,7669.97,13.3,0.17,8968388900.0,1070.73,1000.0,37.5,2017-11-10,37.5,1070.73
20171113,000852,中证1000指数,中证1000,CSI 1000 Index,CSI 1000,7673.52,7682.06,7649.43,7681.63,11.66,0.15,9678732600.0,1164.83,1000.0,37.58,2017-11-13,37.58,1164.83
20171114,000852,中证1000指数,中证1000,CSI 1000 Index,CSI 1000,7676.7,7683.23,7596.8,7627.49,-54.14,-0.7,9615793300.0,1186.13,1000.0,37.3,2017-11-14,37.3,1186.13
20171115,000852,中证1000指数,中证1000,CSI 1000 Index,CSI 1000,7609.72,7618.4,7530.81,7556.42,-71.07,-0.93,7882488800.0,985.47,1000.0,36.93,2017-11-15,36.93,985.47
20171116,000852,中证1000指数,中证1000,CSI 1000 Index,CSI 1000,7543.01,7575.51,7523.89,7535.59,-20.83,-0.28,7586851900.0,916.35,1000.0,36.86,2017-11-16,36.86,916.35
20171117,000852,中证1000指数,中证1000,CSI 1000 Index,CSI 1000,7528.8,7529.21,7262.89,7272.66,-262.93,-3.49,10582451100.0,1207.25,1000.0,35.57,2017-11-17,35.57,1207.25
20171120,000852,中证1000指数,中证1000,CSI 1000 Index,CSI 1000,7234.33,7292.51,7089.63,7292.46,19.8,0.27,7926880000.0,880.52,1000.0,35.68,2017-11-20,35.68,880.52
20171121,000852,中证1000指数,中证1000,CSI 1000 Index,CSI 1000,7283.61,7332.98,7246.2,7289.31,-3.15,-0.04,7828905600.0,897.07,1000.0,35.66,2017-11-21,35.66,897.07
20171122,000852,中证1000指数,中证1000,CSI 1000 Index,CSI 1000,7290.64,7330.65,7244.99,7297.39,8.08,0.11,8372176900.0,982.85,1000.0,35.68,2017-11-22,35.68,982.85
20171123,000852,中证1000指数,中证1000,CSI 1000 Index,CSI 1000,7283.75,7283.75,7124.03,7129.05,-168.34,-2.31,8491704100.0,956.07,1000.0,34.83,2017-11-23,34.83,956.07
20171124,000852,中证1000指数,中证1000,CSI 1000 Index,CSI 1000,7102.26,7165.41,7093.73,7139.55,10.5,0.15,6877442100.0,771.99,1000.0,34.89,2017-11-24,34.89,771.99
20171127,000852,中证1000指数,中证1000,CSI 1000 Index,CSI 1000,7130.1,7148.31,7057.33,7065.84,-73.71,-1.03,6602616100.0,735.13,1000.0,34.51,2017-11-27,34.51,735.13
20171128,000852,中证1000指数,中证1000,CSI 1000 Index,CSI 1000,7057.53,7177.1,7057.36,7176.92,111.08,1.57,6484470300.0,724.0,1000.0,35.07,2017-11-28,35.07,724.0
20171129,000852,中证1000指数,中证1000,CSI 1000 Index,CSI 1000,7176.16,7194.78,7110.48,7193.12,16.2,0.23,7938698500.0,873.74,1000.0,35.18,2017-11-29,35.18,873.74
20171130,000852,中证1000指数,中证1000,CSI 1000 Index,CSI 1000,7176.15,7199.27,7133.81,7153.57,-39.55,-0.55,7125352200.0,810.46,1000.0,34.98,2017-11-30,34.98,810.46
20171201,000852,中证1000指数,中证1000,CSI 1000 Index,CSI 1000,7144.48,7221.0,7144.07,7215.78,62.2,0.87,6877342600.0,787.45,1000.0,35.28,2017-12-01,35.28,787.45
20171204,000852,中证1000指数,中证1000,CSI 1000 Index,CSI 1000,7209.78,7215.28,7135.4,7139.75,-76.03,-1.05,6849065100.0,792.11,1000.0,34.88,2017-12-04,34.88,792.11
20171205,000852,中证1000指数,中证1000,CSI 1000 Index,CSI 1000,7124.98,7139.7,6909.4,6946.56,-193.19,-2.71,8294743000.0,910.56,1000.0,33.93,2017-12-05,33.93,910.56
20171206,000852,中证1000指数,中证1000,CSI 1000 Index,CSI 1000,6925.46,7016.87,6879.24,7016.76,70.21,1.01,7407381000.0,808.67,1000.0,34.26,2017-12-06,34.26,808.67
20171207,000852,中证1000指数,中证1000,CSI 1000 Index,CSI 1000,7002.46,7052.22,6992.92,7012.71,-4.06,-0.06,6590700300.0,741.14,1000.0,34.25,2017-12-07,34.25,741.14
20171208,000852,中证1000指数,中证1000,CSI 1000 Index,CSI 1000,7004.12,7091.61,7002.64,7078.0,65.29,0.93,6967196700.0,789.99,1000.0,34.59,2017-12-08,34.59,789.99
20171211,000852,中证1000指数,中证1000,CSI 1000 Index,CSI 1000,7089.95,7160.84,7089.92,7160.43,82.42,1.16,7466899600.0,886.31,1000.0,34.3,2017-12-11,34.3,886.31
20171212,000852,中证1000指数,中证1000,CSI 1000 Index,CSI 1000,7157.73,7157.73,7095.23,7095.59,-64.83,-0.91,7557460300.0,920.36,1000.0,33.95,2017-12-12,33.95,920.36
20171213,000852,中证1000指数,中证1000,CSI 1000 Index,CSI 1000,7080.62,7140.2,7078.26,7139.72,44.12,0.62,6657978400.0,789.07,1000.0,34.17,2017-12-13,34.17,789.07
20171214,000852,中证1000指数,中证1000,CSI 1000 Index,CSI 1000,7131.27,7149.22,7103.92,7146.45,6.73,0.09,7112108700.0,833.61,1000.0,34.21,2017-12-14,34.21,833.61
20171215,000852,中证1000指数,中证1000,CSI 1000 Index,CSI 1000,7137.04,7146.71,7092.26,7122.75,-23.7,-0.33,7533755600.0,896.37,1000.0,34.09,2017-12-15,34.09,896.37
20171218,000852,中证1000指数,中证1000,CSI 1000 Index,CSI 1000,7113.78,7120.85,7049.3,7075.87,-46.88,-0.66,6768024400.0,806.47,1000.0,33.84,2017-12-18,33.84,806.47
20171219,000852,中证1000指数,中证1000,CSI 1000 Index,CSI 1000,7070.22,7116.09,7069.88,7115.85,39.99,0.57,6120247100.0,738.1,1000.0,34.05,2017-12-19,34.05,738.1
20171220,000852,中证1000指数,中证1000,CSI 1000 Index,CSI 1000,7106.66,7112.59,7029.7,7041.5,-74.35,-1.04,7043984900.0,829.56,1000.0,33.7,2017-12-20,33.7,829.56
20171221,000852,中证1000指数,中证1000,CSI 1000 Index,CSI 1000,7029.02,7064.67,6963.13,7051.34,9.84,0.14,7126026800.0,848.72,1000.0,33.76,2017-12-21,33.76,848.72
20171222,000852,中证1000指数,中证1000,CSI 1000 Index,CSI 1000,7043.39,7063.81,7027.2,7037.4,-13.94,-0.2,6629235800.0,794.76,1000.0,33.71,2017-12-22,33.71,794.76
20171225,000852,中证1000指数,中证1000,CSI 1000 Index,CSI 1000,7031.03,7034.2,6927.32,6940.51,-96.89,-1.38,7020100100.0,821.12,1000.0,33.27,2017-12-25,33.27,821.12
20171226,000852,中证1000指数,中证1000,CSI 1000 Index,CSI 1000,6935.04,6970.98,6893.62,6970.75,30.23,0.44,6335755300.0,729.55,1000.0,33.46,2017-12-26,33.46,729.55
20171227,000852,中证1000指数,中证1000,CSI 1000 Index,CSI 1000,6963.06,6985.49,6935.88,6942.54,-28.21,-0.4,7226388500.0,810.33,1000.0,33.31,2017-12-27,33.31,810.33
20171228,000852,中证1000指数,中证1000,CSI 1000 Index,CSI 1000,6929.54,6979.08,6925.07,6956.48,13.94,0.2,7527486300.0,828.54,1000.0,33.37,2017-12-28,33.37,828.54
20171229,000852,中证1000指数,中证1000,CSI 1000 Index,CSI 1000,6957.02,7018.06,6956.59,7017.35,60.87,0.87,6669009700.0,742.43,1000.0,33.69,2017-12-29,33.69,742.43
20180102,000852,中证1000指数,中证1000,CSI 1000 Index,CSI 1000,7027.63,7092.22,7022.23,7092.09,74.74,1.07,7719102700.0,837.07,1000.0,34.09,2018-01-02,34.09,837.07
20180103,000852,中证1000指数,中证1000,CSI 1000 Index,CSI 1000,7090.87,7163.86,7083.11,7159.88,67.78,0.96,9141001000.0,1025.37,1000.0,34.42,2018-01-03,34.42,1025.37
20180104,000852,中证1000指数,中证1000,CSI 1000 Index,CSI 1000,7149.68,7175.35,7141.7,7174.87,14.99,0.21,8882211800.0,1007.85,1000.0,34.49,2018-01-04,34.49,1007.85
20180105,000852,中证1000指数,中证1000,CSI 1000 Index,CSI 1000,7172.0,7194.98,7163.04,7176.87,2.0,0.03,9240143300.0,1030.63,1000.0,34.52,2018-01-05,34.52,1030.63
20180108,000852,中证1000指数,中证1000,CSI 1000 Index,CSI 1000,7172.04,7188.55,7132.94,7188.29,11.42,0.16,9759601400.0,1089.27,1000.0,34.59,2018-01-08,34.59,1089.27
20180109,000852,中证1000指数,中证1000,CSI 1000 Index,CSI 1000,7179.93,7183.28,7156.2,7176.74,-11.55,-0.16,8476207300.0,944.07,1000.0,34.54,2018-01-09,34.54,944.07
20180110,000852,中证1000指数,中证1000,CSI 1000 Index,CSI 1000,7172.73,7175.08,7089.66,7138.78,-37.96,-0.53,9208339700.0,1031.33,1000.0,34.33,2018-01-10,34.33,1031.33
20180111,000852,中证1000指数,中证1000,CSI 1000 Index,CSI 1000,7121.46,7180.33,7093.73,7175.4,36.62,0.51,8917055700.0,1009.24,1000.0,34.5,2018-01-11,34.5,1009.24
20180112,000852,中证1000指数,中证1000,CSI 1000 Index,CSI 1000,7166.75,7174.84,7125.23,7127.83,-47.57,-0.66,9288887900.0,968.16,1000.0,34.26,2018-01-12,34.26,968.16
20180115,000852,中证1000指数,中证1000,CSI 1000 Index,CSI 1000,7103.61,7103.7,6912.71,6929.31,-198.52,-2.79,10675138600.0,1123.58,1000.0,33.31,2018-01-15,33.31,1123.58
20180116,000852,中证1000指数,中证1000,CSI 1000 Index,CSI 1000,6916.16,6960.73,6915.99,6960.68,31.37,0.45,8686545400.0,930.53,1000.0,33.5,2018-01-16,33.5,930.53
20180117,000852,中证1000指数,中证1000,CSI 1000 Index,CSI 1000,6938.72,6948.32,6846.56,6942.86,-17.81,-0.26,9040445400.0,962.9,1000.0,33.42,2018-01-17,33.42,962.9
20180118,000852,中证1000指数,中证1000,CSI 1000 Index,CSI 1000,6928.09,6963.62,6926.59,6955.23,12.37,0.18,7102332500.0,765.05,1000.0,33.51,2018-01-18,33.51,765.05
20180119,000852,中证1000指数,中证1000,CSI 1000 Index,CSI 1000,6953.34,6981.81,6928.65,6938.31,-16.92,-0.24,7554427700.0,825.43,1000.0,33.43,2018-01-19,33.43,825.43
20180122,000852,中证1000指数,中证1000,CSI 1000 Index,CSI 1000,6928.8,7014.83,6902.63,7014.55,76.24,1.1,8149037100.0,914.42,1000.0,33.78,2018-01-22,33.78,914.42
20180123,000852,中证1000指数,中证1000,CSI 1000 Index,CSI 1000,7008.97,7028.57,6996.64,7019.98,5.43,0.08,7862263700.0,869.36,1000.0,33.83,2018-01-23,33.83,869.36
20180124,000852,中证1000指数,中证1000,CSI 1000 Index,CSI 1000,7008.47,7072.87,6972.69,7072.41,52.43,0.75,9127926800.0,1041.24,1000.0,34.1,2018-01-24,34.1,1041.24
20180125,000852,中证1000指数,中证1000,CSI 1000 Index,CSI 1000,7065.3,7110.15,7057.64,7062.64,-9.77,-0.14,9715572800.0,1104.2,1000.0,34.02,2018-01-25,34.02,1104.2
20180126,000852,中证1000指数,中证1000,CSI 1000 Index,CSI 1000,7043.27,7070.6,7038.0,7056.01,-6.62,-0.09,8259698500.0,924.59,1000.0,33.98,2018-01-26,33.98,924.59
20180129,000852,中证1000指数,中证1000,CSI 1000 Index,CSI 1000,7052.31,7060.12,6956.2,6972.48,-83.53,-1.18,8743823100.0,967.07,1000.0,33.56,2018-01-29,33.56,967.07
20180130,000852,中证1000指数,中证1000,CSI 1000 Index,CSI 1000,6955.68,6977.1,6944.8,6955.24,-17.24,-0.25,7330462100.0,801.9,1000.0,33.47,2018-01-30,33.47,801.9
20180131,000852,中证1000指数,中证1000,CSI 1000 Index,CSI 1000,6913.36,6913.36,6773.99,6791.01,-164.23,-2.36,9371795300.0,981.72,1000.0,32.72,2018-01-31,32.72,981.72
20180201,000852,中证1000指数,中证1000,CSI 1000 Index,CSI 1000,6775.36,6792.99,6505.76,6506.45,-284.56,-4.19,10818896900.0,1070.38,1000.0,31.41,2018-02-01,31.41,1070.38
20180202,000852,中证1000指数,中证1000,CSI 1000 Index,CSI 1000,6454.45,6493.22,6322.58,6487.87,-18.59,-0.29,8589562400.0,857.79,1000.0,31.34,2018-02-02,31.34,857.79
20180205,000852,中证1000指数,中证1000,CSI 1000 Index,CSI 1000,6403.08,6485.75,6379.83,6461.81,-26.05,-0.4,7066574500.0,721.24,1000.0,31.22,2018-02-05,31.22,721.24
20180206,000852,中证1000指数,中证1000,CSI 1000 Index,CSI 1000,6353.2,6383.18,6142.4,6142.67,-319.14,-4.94,9107837500.0,891.22,1000.0,29.65,2018-02-06,29.65,891.22
20180207,000852,中证1000指数,中证1000,CSI 1000 Index,CSI 1000,6236.46,6270.57,6042.63,6158.26,15.59,0.25,8468120000.0,846.7,1000.0,29.7,2018-02-07,29.7,846.7
20180208,000852,中证1000指数,中证1000,CSI 1000 Index,CSI 1000,6141.78,6243.74,6138.17,6238.22,79.96,1.3,6331098900.0,641.35,1000.0,30.1,2018-02-08,30.1,641.35
20180209,000852,中证1000指数,中证1000,CSI 1000 Index,CSI 1000,6100.35,6142.31,5983.77,6053.02,-185.2,-2.97,8124400700.0,775.7,1000.0,29.21,2018-02-09,29.21,775.7
20180212,000852,中证1000指数,中证1000,CSI 1000 Index,CSI 1000,6074.46,6216.52,6074.46,6203.75,150.73,2.49,6214402200.0,636.09,1000.0,29.93,2018-02-12,29.93,636.09
20180213,000852,中证1000指数,中证1000,CSI 1000 Index,CSI 1000,6229.38,6268.78,6211.63,6216.51,12.76,0.21,6140257600.0,633.59,1000.0,30.13,2018-02-13,30.13,633.59
20180214,000852,中证1000指数,中证1000,CSI 1000 Index,CSI 1000,6216.38,6230.73,6182.89,6230.66,14.15,0.23,4307827500.0,438.31,1000.0,30.21,2018-02-14,30.21,438.31
20180222,000852,中证1000指数,中证1000,CSI 1000 Index,CSI 1000,6269.37,6347.15,6269.37,6347.08,116.42,1.87,5693553300.0,596.97,1000.0,30.8,2018-02-22,30.8,596.97
20180223,000852,中证1000指数,中证1000,CSI 1000 Index,CSI 1000,6346.82,6367.06,6316.54,6365.92,18.83,0.3,6421282000.0,653.56,1000.0,30.89,2018-02-23,30.89,653.56
20180226,000852,中证1000指数,中证1000,CSI 1000 Index,CSI 1000,6396.51,6509.62,6382.15,6507.13,141.21,2.22,8953016700.0,929.03,1000.0,31.58,2018-02-26,31.58,929.03
20180227,000852,中证1000指数,中证1000,CSI 1000 Index,CSI 1000,6506.4,6540.75,6491.53,6529.38,22.25,0.34,9236127600.0,975.06,1000.0,31.69,2018-02-27,31.69,975.06
20180228,000852,中证1000指数,中证1000,CSI 1000 Index,CSI 1000,6488.25,6581.08,6461.37,6563.81,34.43,0.53,8803159000.0,967.05,1000.0,31.83,2018-02-28,31.83,967.05
20180301,000852,中证1000指数,中证1000,CSI 1000 Index,CSI 1000,6530.22,6658.94,6517.59,6658.58,94.77,1.44,9108139800.0,998.25,1000.0,32.29,2018-03-01,32.29,998.25
20180302,000852,中证1000指数,中证1000,CSI 1000 Index,CSI 1000,6621.53,6672.96,6612.46,6632.37,-26.21,-0.39,8912044600.0,972.03,1000.0,32.15,2018-03-02,32.15,972.03
20180305,000852,中证1000指数,中证1000,CSI 1000 Index,CSI 1000,6648.26,6674.41,6626.42,6674.28,41.91,0.63,7931678300.0,879.91,1000.0,32.37,2018-03-05,32.37,879.91
20180306,000852,中证1000指数,中证1000,CSI 1000 Index,CSI 1000,6679.27,6735.96,6679.05,6735.86,61.58,0.92,9646599500.0,1060.46,1000.0,32.71,2018-03-06,32.71,1060.46
20180307,000852,中证1000指数,中证1000,CSI 1000 Index,CSI 1000,6726.8,6740.08,6682.64,6688.55,-47.31,-0.7,8571776500.0,908.15,1000.0,32.47,2018-03-07,32.47,908.15
20180308,000852,中证1000指数,中证1000,CSI 1000 Index,CSI 1000,6679.04,6725.42,6678.68,6725.18,36.64,0.55,7901547700.0,856.63,1000.0,32.66,2018-03-08,32.66,856.63
20180309,000852,中证1000指数,中证1000,CSI 1000 Index,CSI 1000,6725.43,6839.72,6722.68,6837.13,111.94,1.66,10663891200.0,1175.53,1000.0,33.19,2018-03-09,33.19,1175.53
20180312,000852,中证1000指数,中证1000,CSI 1000 Index,CSI 1000,6865.44,6947.65,6865.44,6947.46,110.33,1.61,12337832400.0,1410.2,1000.0,33.75,2018-03-12,33.75,1410.2
20180313,000852,中证1000指数,中证1000,CSI 1000 Index,CSI 1000,6937.12,6963.85,6906.65,6911.67,-35.79,-0.52,11115292900.0,1245.25,1000.0,33.55,2018-03-13,33.55,1245.25
20180314,000852,中证1000指数,中证1000,CSI 1000 Index,CSI 1000,6886.02,6908.11,6831.75,6834.84,-76.83,-1.11,9418943000.0,1055.72,1000.0,33.2,2018-03-14,33.2,1055.72
20180315,000852,中证1000指数,中证1000,CSI 1000 Index,CSI 1000,6809.85,6838.89,6743.4,6824.05,-10.78,-0.16,9122405800.0,1013.7,1000.0,33.12,2018-03-15,33.12,1013.7
20180316,000852,中证1000指数,中证1000,CSI 1000 Index,CSI 1000,6821.23,6861.68,6805.93,6805.93,-18.13,-0.27,8745533900.0,969.45,1000.0,33.0,2018-03-16,33.0,969.45
20180319,000852,中证1000指数,中证1000,CSI 1000 Index,CSI 1000,6796.35,6856.09,6773.55,6820.5,14.58,0.21,8417340000.0,953.64,1000.0,33.08,2018-03-19,33.08,953.64
20180320,000852,中证1000指数,中证1000,CSI 1000 Index,CSI 1000,6768.71,6826.78,6749.81,6822.25,1.75,0.03,8134030600.0,914.23,1000.0,33.1,2018-03-20,33.1,914.23
20180321,000852,中证1000指数,中证1000,CSI 1000 Index,CSI 1000,6826.22,6875.52,6766.94,6771.06,-51.2,-0.75,9589589500.0,1081.71,1000.0,32.86,2018-03-21,32.86,1081.71
20180322,000852,中证1000指数,中证1000,CSI 1000 Index,CSI 1000,6767.26,6804.24,6729.16,6764.69,-6.37,-0.09,8580898800.0,950.36,1000.0,32.82,2018-03-22,32.82,950.36
20180323,000852,中证1000指数,中证1000,CSI 1000 Index,CSI 1000,6565.98,6625.1,6336.25,6402.89,-361.8,-5.35,13237325700.0,1340.74,1000.0,31.04,2018-03-23,31.04,1340.74
20180326,000852,中证1000指数,中证1000,CSI 1000 Index,CSI 1000,6313.9,6515.33,6257.96,6515.25,112.36,1.75,9470310700.0,1008.12,1000.0,31.58,2018-03-26,31.58,1008.12
20180327,000852,中证1000指数,中证1000,CSI 1000 Index,CSI 1000,6570.42,6692.97,6570.42,6680.84,165.59,2.54,11019570700.0,1257.65,1000.0,32.39,2018-03-27,32.39,1257.65
20180328,000852,中证1000指数,中证1000,CSI 1000 Index,CSI 1000,6602.63,6684.0,6586.97,6635.87,-44.97,-0.67,9937145600.0,1145.84,1000.0,32.14,2018-03-28,32.14,1145.84
20180329,000852,中证1000指数,中证1000,CSI 1000 Index,CSI 1000,6648.89,6686.74,6635.82,6684.28,48.4,0.73,9121421100.0,1036.28,1000.0,32.39,2018-03-29,32.39,1036.28
20180330,000852,中证1000指数,中证1000,CSI 1000 Index,CSI 1000,6699.46,6799.02,6699.46,6798.67,114.39,1.71,10209194900.0,1220.28,1000.0,32.94,2018-03-30,32.94,1220.28
20180402,000852,中证1000指数,中证1000,CSI 1000 Index,CSI 1000,6818.12,6875.64,6806.19,6835.87,37.21,0.55,11829786400.0,1447.08,1000.0,33.13,2018-04-02,33.13,1447.08
20180403,000852,中证1000指数,中证1000,CSI 1000 Index,CSI 1000,6745.21,6776.0,6712.49,6769.56,-66.32,-0.97,10135728000.0,1191.5,1000.0,32.8,2018-04-03,32.8,1191.5
20180404,000852,中证1000指数,中证1000,CSI 1000 Index,CSI 1000,6783.34,6804.04,6704.1,6708.92,-60.64,-0.9,9264576600.0,1100.84,1000.0,32.5,2018-04-04,32.5,1100.84
20180409,000852,中证1000指数,中证1000,CSI 1000 Index,CSI 1000,6680.4,6747.7,6627.68,6718.65,9.73,0.14,8753844500.0,1007.09,1000.0,32.56,2018-04-09,32.56,1007.09
20180410,000852,中证1000指数,中证1000,CSI 1000 Index,CSI 1000,6721.91,6731.55,6649.89,6720.77,2.12,0.03,9416463300.0,1080.46,1000.0,32.59,2018-04-10,32.59,1080.46
20180411,000852,中证1000指数,中证1000,CSI 1000 Index,CSI 1000,6736.22,6778.18,6731.35,6759.81,39.04,0.58,9513179200.0,1068.01,1000.0,32.8,2018-04-11,32.8,1068.01
20180412,000852,中证1000指数,中证1000,CSI 1000 Index,CSI 1000,6748.47,6772.43,6718.51,6727.64,-32.17,-0.48,8845448300.0,1002.32,1000.0,32.65,2018-04-12,32.65,1002.32
20180413,000852,中证1000指数,中证1000,CSI 1000 Index,CSI 1000,6753.35,6771.12,6710.71,6721.66,-5.98,-0.09,8455936600.0,968.32,1000.0,32.63,2018-04-13,32.63,968.32
20180416,000852,中证1000指数,中证1000,CSI 1000 Index,CSI 1000,6704.34,6750.18,6657.95,6717.93,-3.73,-0.06,9313585600.0,1065.12,1000.0,32.61,2018-04-16,32.61,1065.12
20180417,000852,中证1000指数,中证1000,CSI 1000 Index,CSI 1000,6727.42,6739.17,6559.04,6564.69,-153.24,-2.28,9725995400.0,1137.27,1000.0,31.8,2018-04-17,31.8,1137.27
20180418,000852,中证1000指数,中证1000,CSI 1000 Index,CSI 1000,6597.33,6668.39,6483.09,6661.29,96.6,1.47,10186924100.0,1154.08,1000.0,32.19,2018-04-18,32.19,1154.08
20180419,000852,中证1000指数,中证1000,CSI 1000 Index,CSI 1000,6649.05,6717.53,6642.06,6677.09,15.8,0.24,10140045800.0,1167.77,1000.0,32.23,2018-04-19,32.23,1167.77
20180420,000852,中证1000指数,中证1000,CSI 1000 Index,CSI 1000,6649.99,6670.49,6528.92,6535.96,-141.13,-2.11,9534615800.0,1066.82,1000.0,31.54,2018-04-20,31.54,1066.82
20180423,000852,中证1000指数,中证1000,CSI 1000 Index,CSI 1000,6532.72,6557.76,6394.42,6466.52,-69.44,-1.06,8717607200.0,970.61,1000.0,31.18,2018-04-23,31.18,970.61
20180424,000852,中证1000指数,中证1000,CSI 1000 Index,CSI 1000,6459.48,6606.58,6459.48,6606.58,140.07,2.17,9152838700.0,1021.04,1000.0,31.82,2018-04-24,31.82,1021.04
20180425,000852,中证1000指数,中证1000,CSI 1000 Index,CSI 1000,6571.66,6641.54,6563.66,6632.02,25.43,0.38,9013361900.0,1056.7,1000.0,31.95,2018-04-25,31.95,1056.7
20180426,000852,中证1000指数,中证1000,CSI 1000 Index,CSI 1000,6621.46,6623.95,6509.51,6510.53,-121.48,-1.83,9017435200.0,1024.41,1000.0,31.33,2018-04-26,31.33,1024.41
20180427,000852,中证1000指数,中证1000,CSI 1000 Index,CSI 1000,6528.73,6549.29,6462.7,6517.05,6.52,0.1,7573781600.0,873.67,1000.0,31.29,2018-04-27,31.29,873.67
20180502,000852,中证1000指数,中证1000,CSI 1000 Index,CSI 1000,6516.6,6551.25,6442.78,6486.81,-30.24,-0.46,7555839200.0,842.44,1000.0,27.82,2018-05-02,27.82,842.44
20180503,000852,中证1000指数,中证1000,CSI 1000 Index,CSI 1000,6471.17,6546.03,6393.12,6545.27,58.46,0.9,8059867600.0,899.69,1000.0,28.07,2018-05-03,28.07,899.69
20180504,000852,中证1000指数,中证1000,CSI 1000 Index,CSI 1000,6524.02,6565.72,6511.53,6531.29,-13.98,-0.21,7087789300.0,811.39,1000.0,27.98,2018-05-04,27.98,811.39
20180507,000852,中证1000指数,中证1000,CSI 1000 Index,CSI 1000,6538.13,6646.68,6538.13,6646.58,115.29,1.77,8149441600.0,922.15,1000.0,28.49,2018-05-07,28.49,922.15
20180508,000852,中证1000指数,中证1000,CSI 1000 Index,CSI 1000,6647.34,6678.46,6637.65,6678.14,31.56,0.47,8433144100.0,954.91,1000.0,28.59,2018-05-08,28.59,954.91
20180509,000852,中证1000指数,中证1000,CSI 1000 Index,CSI 1000,6666.77,6685.69,6642.2,6674.91,-3.24,-0.05,8101661500.0,908.06,1000.0,28.58,2018-05-09,28.58,908.06
20180510,000852,中证1000指数,中证1000,CSI 1000 Index,CSI 1000,6682.12,6703.67,6651.67,6703.21,28.3,0.42,9217653100.0,1008.37,1000.0,28.69,2018-05-10,28.69,1008.37
20180511,000852,中证1000指数,中证1000,CSI 1000 Index,CSI 1000,6705.31,6707.82,6635.55,6636.77,-66.44,-0.99,8688035300.0,980.29,1000.0,28.39,2018-05-11,28.39,980.29
20180514,000852,中证1000指数,中证1000,CSI 1000 Index,CSI 1000,6625.03,6639.84,6573.46,6591.73,-45.04,-0.68,7902454800.0,891.53,1000.0,28.19,2018-05-14,28.19,891.53
20180515,000852,中证1000指数,中证1000,CSI 1000 Index,CSI 1000,6592.65,6661.42,6568.73,6661.13,69.4,1.05,7561461100.0,842.81,1000.0,28.41,2018-05-15,28.41,842.81
20180516,000852,中证1000指数,中证1000,CSI 1000 Index,CSI 1000,6638.67,6670.65,6616.74,6622.64,-38.49,-0.58,7987825400.0,908.8,1000.0,28.23,2018-05-16,28.23,908.8
20180517,000852,中证1000指数,中证1000,CSI 1000 Index,CSI 1000,6616.44,6631.07,6576.53,6591.26,-31.39,-0.47,7323544400.0,801.62,1000.0,27.98,2018-05-17,27.98,801.62
20180518,000852,中证1000指数,中证1000,CSI 1000 Index,CSI 1000,6583.87,6621.15,6555.42,6620.77,29.52,0.45,7676169400.0,816.81,1000.0,28.05,2018-05-18,28.05,816.81
20180521,000852,中证1000指数,中证1000,CSI 1000 Index,CSI 1000,6654.05,6705.83,6653.98,6697.14,76.37,1.15,9489491200.0,1020.1,1000.0,28.37,2018-05-21,28.37,1020.1
20180522,000852,中证1000指数,中证1000,CSI 1000 Index,CSI 1000,6691.8,6724.74,6675.97,6724.4,27.25,0.41,9011142300.0,981.88,1000.0,28.49,2018-05-22,28.49,981.88
20180523,000852,中证1000指数,中证1000,CSI 1000 Index,CSI 1000,6702.49,6707.83,6652.29,6652.29,-72.11,-1.07,9294004400.0,1007.48,1000.0,28.11,2018-05-23,28.11,1007.48
20180524,000852,中证1000指数,中证1000,CSI 1000 Index,CSI 1000,6649.01,6666.73,6625.54,6628.5,-23.79,-0.36,7479996800.0,814.89,1000.0,27.91,2018-05-24,27.91,814.89
20180525,000852,中证1000指数,中证1000,CSI 1000 Index,CSI 1000,6622.51,6630.02,6536.35,6541.45,-87.05,-1.31,8455547600.0,903.78,1000.0,27.48,2018-05-25,27.48,903.78
20180528,000852,中证1000指数,中证1000,CSI 1000 Index,CSI 1000,6526.84,6543.06,6463.57,6490.4,-51.04,-0.78,7946946000.0,874.79,1000.0,27.24,2018-05-28,27.24,874.79
20180529,000852,中证1000指数,中证1000,CSI 1000 Index,CSI 1000,6481.82,6522.83,6436.31,6436.77,-53.63,-0.83,7834365100.0,865.79,1000.0,26.99,2018-05-29,26.99,865.79
20180530,000852,中证1000指数,中证1000,CSI 1000 Index,CSI 1000,6345.94,6351.51,6222.1,6232.42,-204.36,-3.17,9271053300.0,931.66,1000.0,26.06,2018-05-30,26.06,931.66
20180531,000852,中证1000指数,中证1000,CSI 1000 Index,CSI 1000,6274.76,6315.84,6231.16,6315.17,82.76,1.33,7956685500.0,831.83,1000.0,26.43,2018-05-31,26.43,831.83
20180601,000852,中证1000指数,中证1000,CSI 1000 Index,CSI 1000,6285.05,6324.89,6209.11,6243.73,-71.44,-1.13,7830382000.0,811.34,1000.0,26.09,2018-06-01,26.09,811.34
20180604,000852,中证1000指数,中证1000,CSI 1000 Index,CSI 1000,6252.26,6265.58,6192.91,6215.61,-28.12,-0.45,6721235400.0,712.61,1000.0,26.0,2018-06-04,26.0,712.61
20180605,000852,中证1000指数,中证1000,CSI 1000 Index,CSI 1000,6210.98,6316.48,6210.98,6316.42,100.81,1.62,6976182600.0,743.1,1000.0,26.43,2018-06-05,26.43,743.1
20180606,000852,中证1000指数,中证1000,CSI 1000 Index,CSI 1000,6308.79,6331.75,6295.9,6320.47,4.05,0.06,6580838300.0,713.03,1000.0,26.34,2018-06-06,26.34,713.03
20180607,000852,中证1000指数,中证1000,CSI 1000 Index,CSI 1000,6334.4,6340.68,6268.77,6274.88,-45.59,-0.72,6878681900.0,718.42,1000.0,26.05,2018-06-07,26.05,718.42
20180608,000852,中证1000指数,中证1000,CSI 1000 Index,CSI 1000,6261.68,6261.68,6159.99,6205.96,-68.93,-1.1,7220534300.0,725.64,1000.0,25.76,2018-06-08,25.76,725.64
20180611,000852,中证1000指数,中证1000,CSI 1000 Index,CSI 1000,6187.62,6197.94,6133.47,6151.94,-54.02,-0.87,6274401200.0,697.93,1000.0,26.0,2018-06-11,26.0,697.93
20180612,000852,中证1000指数,中证1000,CSI 1000 Index,CSI 1000,6152.02,6199.32,6086.6,6199.15,47.22,0.77,6426719900.0,728.29,1000.0,26.19,2018-06-12,26.19,728.29
20180613,000852,中证1000指数,中证1000,CSI 1000 Index,CSI 1000,6180.98,6180.98,6091.4,6092.34,-106.81,-1.72,6746971300.0,718.56,1000.0,25.72,2018-06-13,25.72,718.56
20180614,000852,中证1000指数,中证1000,CSI 1000 Index,CSI 1000,6069.26,6125.31,6040.09,6060.13,-32.22,-0.53,6396890000.0,671.48,1000.0,25.51,2018-06-14,25.51,671.48
20180615,000852,中证1000指数,中证1000,CSI 1000 Index,CSI 1000,6054.89,6069.75,5900.13,5928.07,-132.06,-2.18,8119767200.0,797.69,1000.0,24.94,2018-06-15,24.94,797.69
20180618,000852,中证1000指数,中证1000,CSI 1000 Index,CSI 1000,,,,5928.07,0.0,0.0,0.0,0.0,1000.0,24.94,2018-06-18,24.94,0.0
20180619,000852,中证1000指数,中证1000,CSI 1000 Index,CSI 1000,5821.04,5829.58,5463.37,5522.53,-405.54,-6.84,10283066500.0,931.1,1000.0,23.23,2018-06-19,23.23,931.1
20180620,000852,中证1000指数,中证1000,CSI 1000 Index,CSI 1000,5485.06,5612.48,5458.53,5588.27,65.74,1.19,8036770900.0,747.57,1000.0,23.52,2018-06-20,23.52,747.57
20180621,000852,中证1000指数,中证1000,CSI 1000 Index,CSI 1000,5578.24,5623.96,5454.83,5456.91,-131.36,-2.35,8410382700.0,767.93,1000.0,22.95,2018-06-21,22.95,767.93
20180622,000852,中证1000指数,中证1000,CSI 1000 Index,CSI 1000,5413.38,5545.15,5384.05,5541.37,84.46,1.55,7547507900.0,654.8,1000.0,23.25,2018-06-22,23.25,654.8
20180625,000852,中证1000指数,中证1000,CSI 1000 Index,CSI 1000,5579.44,5592.62,5508.64,5512.43,-28.94,-0.52,7003653200.0,635.45,1000.0,23.12,2018-06-25,23.12,635.45
20180626,000852,中证1000指数,中证1000,CSI 1000 Index,CSI 1000,5434.39,5563.36,5411.5,5558.71,46.28,0.84,7802938500.0,692.17,1000.0,23.3,2018-06-26,23.3,692.17
20180627,000852,中证1000指数,中证1000,CSI 1000 Index,CSI 1000,5557.59,5583.63,5489.92,5508.92,-49.8,-0.9,7609946200.0,677.85,1000.0,23.09,2018-06-27,23.09,677.85
20180628,000852,中证1000指数,中证1000,CSI 1000 Index,CSI 1000,5494.95,5547.57,5439.87,5443.85,-65.07,-1.18,6980846400.0,617.25,1000.0,22.79,2018-06-28,22.79,617.25
20180629,000852,中证1000指数,中证1000,CSI 1000 Index,CSI 1000,5441.96,5608.54,5435.49,5608.54,164.69,3.03,8374165000.0,771.45,1000.0,23.45,2018-06-29,23.45,771.45
20180702,000852,中证1000指数,中证1000,CSI 1000 Index,CSI 1000,5601.74,5625.5,5495.09,5538.09,-70.44,-1.26,8844532000.0,799.2,1000.0,23.17,2018-07-02,23.17,799.2
20180703,000852,中证1000指数,中证1000,CSI 1000 Index,CSI 1000,5531.58,5602.06,5450.21,5601.59,63.5,1.15,8542994300.0,824.08,1000.0,23.41,2018-07-03,23.41,824.08
20180704,000852,中证1000指数,中证1000,CSI 1000 Index,CSI 1000,5574.18,5580.17,5478.66,5500.67,-100.93,-1.8,7875357800.0,729.13,1000.0,22.98,2018-07-04,22.98,729.13
20180705,000852,中证1000指数,中证1000,CSI 1000 Index,CSI 1000,5484.07,5507.81,5352.66,5352.66,-148.01,-2.69,7806265400.0,701.13,1000.0,22.33,2018-07-05,22.33,701.13
20180706,000852,中证1000指数,中证1000,CSI 1000 Index,CSI 1000,5345.88,5442.08,5251.5,5374.58,21.92,0.41,8691298100.0,781.04,1000.0,22.41,2018-07-06,22.41,781.04
20180709,000852,中证1000指数,中证1000,CSI 1000 Index,CSI 1000,5378.81,5487.8,5378.81,5487.55,112.97,2.1,7782370600.0,741.85,1000.0,22.9,2018-07-09,22.9,741.85
20180710,000852,中证1000指数,中证1000,CSI 1000 Index,CSI 1000,5487.34,5525.03,5474.14,5524.8,37.25,0.68,7568918700.0,724.34,1000.0,23.04,2018-07-10,23.04,724.34
20180711,000852,中证1000指数,中证1000,CSI 1000 Index,CSI 1000,5441.24,5442.01,5317.7,5396.31,-128.49,-2.33,8338513600.0,779.36,1000.0,22.49,2018-07-11,22.49,779.36
20180712,000852,中证1000指数,中证1000,CSI 1000 Index,CSI 1000,5385.81,5552.72,5385.81,5541.36,145.05,2.69,9483435700.0,897.85,1000.0,23.07,2018-07-12,23.07,897.85
20180713,000852,中证1000指数,中证1000,CSI 1000 Index,CSI 1000,5539.14,5570.52,5533.65,5561.69,20.33,0.37,8459706700.0,824.98,1000.0,23.22,2018-07-13,23.22,824.98
20180716,000852,中证1000指数,中证1000,CSI 1000 Index,CSI 1000,5552.22,5573.88,5533.13,5566.96,5.27,0.09,7431843900.0,726.21,1000.0,23.21,2018-07-16,23.21,726.21
20180717,000852,中证1000指数,中证1000,CSI 1000 Index,CSI 1000,5557.91,5575.79,5507.15,5575.47,8.51,0.15,7586102000.0,717.49,1000.0,23.2,2018-07-17,23.2,717.49
20180718,000852,中证1000指数,中证1000,CSI 1000 Index,CSI 1000,5573.02,5612.9,5544.52,5544.52,-30.96,-0.56,8505172600.0,807.25,1000.0,23.07,2018-07-18,23.07,807.25
20180719,000852,中证1000指数,中证1000,CSI 1000 Index,CSI 1000,5533.12,5559.66,5460.47,5480.77,-63.75,-1.15,7487730600.0,709.4,1000.0,22.81,2018-07-19,22.81,709.4
20180720,000852,中证1000指数,中证1000,CSI 1000 Index,CSI 1000,5469.79,5552.16,5438.07,5541.21,60.44,1.1,7658396000.0,725.29,1000.0,23.06,2018-07-20,23.06,725.29
20180723,000852,中证1000指数,中证1000,CSI 1000 Index,CSI 1000,5509.24,5582.41,5493.77,5582.31,41.1,0.74,9431912700.0,908.79,1000.0,23.22,2018-07-23,23.22,908.79
20180724,000852,中证1000指数,中证1000,CSI 1000 Index,CSI 1000,5578.72,5674.31,5572.98,5672.22,89.91,1.61,11969016400.0,1051.67,1000.0,23.57,2018-07-24,23.57,1051.67
20180725,000852,中证1000指数,中证1000,CSI 1000 Index,CSI 1000,5669.99,5702.28,5662.85,5685.59,13.36,0.24,10923397700.0,998.54,1000.0,23.6,2018-07-25,23.6,998.54
20180726,000852,中证1000指数,中证1000,CSI 1000 Index,CSI 1000,5681.07,5695.23,5649.39,5663.18,-22.41,-0.39,11568448900.0,960.81,1000.0,23.44,2018-07-26,23.44,960.81
20180727,000852,中证1000指数,中证1000,CSI 1000 Index,CSI 1000,5655.31,5669.01,5617.91,5630.23,-32.95,-0.58,10276141000.0,821.02,1000.0,23.3,2018-07-27,23.3,821.02
20180730,000852,中证1000指数,中证1000,CSI 1000 Index,CSI 1000,5618.9,5634.45,5523.85,5549.04,-81.19,-1.44,9367935400.0,798.38,1000.0,22.98,2018-07-30,22.98,798.38
20180731,000852,中证1000指数,中证1000,CSI 1000 Index,CSI 1000,5536.71,5562.55,5513.99,5542.54,-6.49,-0.12,7212396000.0,631.64,1000.0,22.94,2018-07-31,22.94,631.64
20180801,000852,中证1000指数,中证1000,CSI 1000 Index,CSI 1000,5553.76,5578.33,5456.21,5456.21,-86.34,-1.56,8426811600.0,733.07,1000.0,22.57,2018-08-01,22.57,733.07
20180802,000852,中证1000指数,中证1000,CSI 1000 Index,CSI 1000,5431.13,5431.13,5207.48,5325.8,-130.4,-2.39,10325061600.0,866.21,1000.0,22.04,2018-08-02,22.04,866.21
20180803,000852,中证1000指数,中证1000,CSI 1000 Index,CSI 1000,5313.05,5335.6,5255.63,5255.63,-70.17,-1.32,7887993300.0,677.25,1000.0,21.74,2018-08-03,21.74,677.25
20180806,000852,中证1000指数,中证1000,CSI 1000 Index,CSI 1000,5234.67,5264.86,5113.34,5144.64,-110.99,-2.11,7911212600.0,661.66,1000.0,21.27,2018-08-06,21.27,661.66
20180807,000852,中证1000指数,中证1000,CSI 1000 Index,CSI 1000,5149.37,5279.86,5108.26,5279.64,135.0,2.62,8577729600.0,711.2,1000.0,21.82,2018-08-07,21.82,711.2
20180808,000852,中证1000指数,中证1000,CSI 1000 Index,CSI 1000,5263.17,5278.25,5187.61,5191.79,-87.86,-1.66,9057595300.0,748.84,1000.0,21.42,2018-08-08,21.42,748.84
20180809,000852,中证1000指数,中证1000,CSI 1000 Index,CSI 1000,5166.38,5329.84,5155.06,5307.97,116.18,2.24,9660996500.0,813.66,1000.0,21.91,2018-08-09,21.91,813.66
20180810,000852,中证1000指数,中证1000,CSI 1000 Index,CSI 1000,5299.49,5344.72,5296.5,5342.05,34.08,0.64,7725332800.0,667.6,1000.0,22.06,2018-08-10,22.06,667.6
20180813,000852,中证1000指数,中证1000,CSI 1000 Index,CSI 1000,5278.16,5369.6,5256.58,5369.18,27.13,0.51,7893930600.0,693.66,1000.0,22.16,2018-08-13,22.16,693.66
20180814,000852,中证1000指数,中证1000,CSI 1000 Index,CSI 1000,5357.72,5376.26,5334.93,5351.02,-18.16,-0.34,7763299000.0,655.24,1000.0,22.1,2018-08-14,22.1,655.24
20180815,000852,中证1000指数,中证1000,CSI 1000 Index,CSI 1000,5347.69,5350.61,5237.0,5242.09,-108.93,-2.04,7736085500.0,648.69,1000.0,21.66,2018-08-15,21.66,648.69
20180816,000852,中证1000指数,中证1000,CSI 1000 Index,CSI 1000,5175.42,5244.66,5127.14,5178.24,-63.85,-1.22,7204402800.0,599.25,1000.0,21.39,2018-08-16,21.39,599.25
20180817,000852,中证1000指数,中证1000,CSI 1000 Index,CSI 1000,5210.23,5233.5,5073.4,5084.21,-94.03,-1.82,7378958100.0,626.09,1000.0,21.0,2018-08-17,21.0,626.09
20180820,000852,中证1000指数,中证1000,CSI 1000 Index,CSI 1000,5071.14,5103.63,4994.32,5103.63,19.43,0.38,6933502400.0,587.24,1000.0,21.08,2018-08-20,21.08,587.24
20180821,000852,中证1000指数,中证1000,CSI 1000 Index,CSI 1000,5097.2,5171.56,5085.9,5162.03,58.39,1.14,7016217900.0,619.82,1000.0,21.33,2018-08-21,21.33,619.82
20180822,000852,中证1000指数,中证1000,CSI 1000 Index,CSI 1000,5151.44,5156.25,5098.61,5102.36,-59.67,-1.16,6496965800.0,548.77,1000.0,21.07,2018-08-22,21.07,548.77
20180823,000852,中证1000指数,中证1000,CSI 1000 Index,CSI 1000,5095.36,5151.31,5087.51,5133.33,30.97,0.61,6398448100.0,555.1,1000.0,21.2,2018-08-23,21.2,555.1
20180824,000852,中证1000指数,中证1000,CSI 1000 Index,CSI 1000,5122.68,5147.56,5100.14,5116.14,-17.19,-0.33,6123012800.0,512.4,1000.0,21.13,2018-08-24,21.13,512.4
20180827,000852,中证1000指数,中证1000,CSI 1000 Index,CSI 1000,5121.19,5229.36,5121.19,5229.36,113.22,2.21,7898601300.0,682.28,1000.0,21.6,2018-08-27,21.6,682.28
20180828,000852,中证1000指数,中证1000,CSI 1000 Index,CSI 1000,5229.62,5244.15,5212.39,5233.5,4.14,0.08,7572309200.0,642.36,1000.0,21.63,2018-08-28,21.63,642.36
20180829,000852,中证1000指数,中证1000,CSI 1000 Index,CSI 1000,5229.07,5229.11,5190.14,5203.71,-29.79,-0.57,6564927400.0,548.24,1000.0,21.49,2018-08-29,21.49,548.24
20180830,000852,中证1000指数,中证1000,CSI 1000 Index,CSI 1000,5193.69,5206.95,5112.18,5114.27,-89.45,-1.72,6781896100.0,557.78,1000.0,21.13,2018-08-30,21.13,557.78
20180831,000852,中证1000指数,中证1000,CSI 1000 Index,CSI 1000,5096.55,5107.69,5047.62,5057.98,-56.28,-1.1,5925713200.0,479.81,1000.0,20.89,2018-08-31,20.89,479.81
20180903,000852,中证1000指数,中证1000,CSI 1000 Index,CSI 1000,5049.73,5055.28,4973.74,5054.11,-3.88,-0.08,6325047500.0,513.3,1000.0,21.02,2018-09-03,21.02,513.3
20180904,000852,中证1000指数,中证1000,CSI 1000 Index,CSI 1000,5047.81,5123.26,5042.82,5113.15,59.04,1.17,7160234000.0,592.77,1000.0,21.26,2018-09-04,21.26,592.77
20180905,000852,中证1000指数,中证1000,CSI 1000 Index,CSI 1000,5100.34,5115.72,5032.5,5032.5,-80.65,-1.58,7513662000.0,593.81,1000.0,20.91,2018-09-05,20.91,593.81
20180906,000852,中证1000指数,中证1000,CSI 1000 Index,CSI 1000,5016.83,5071.11,4991.78,5012.51,-19.99,-0.4,6630553100.0,551.43,1000.0,20.81,2018-09-06,20.81,551.43
20180907,000852,中证1000指数,中证1000,CSI 1000 Index,CSI 1000,5018.23,5084.4,4989.04,5022.28,9.78,0.2,7468411400.0,621.31,1000.0,20.86,2018-09-07,20.86,621.31
20180910,000852,中证1000指数,中证1000,CSI 1000 Index,CSI 1000,5016.79,5019.47,4921.79,4923.64,-98.64,-1.96,7025928800.0,551.62,1000.0,20.46,2018-09-10,20.46,551.62
20180911,000852,中证1000指数,中证1000,CSI 1000 Index,CSI 1000,4917.07,4950.63,4884.9,4925.3,1.66,0.03,6219937800.0,482.54,1000.0,20.45,2018-09-11,20.45,482.54
20180912,000852,中证1000指数,中证1000,CSI 1000 Index,CSI 1000,4922.35,4956.46,4902.41,4919.81,-5.5,-0.11,5833636100.0,473.98,1000.0,20.42,2018-09-12,20.42,473.98
20180913,000852,中证1000指数,中证1000,CSI 1000 Index,CSI 1000,4955.79,4978.36,4888.12,4958.16,38.36,0.78,6695721800.0,549.34,1000.0,20.57,2018-09-13,20.57,549.34
20180914,000852,中证1000指数,中证1000,CSI 1000 Index,CSI 1000,4958.7,4965.66,4907.09,4907.93,-50.23,-1.01,6756904500.0,548.55,1000.0,20.37,2018-09-14,20.37,548.55
20180917,000852,中证1000指数,中证1000,CSI 1000 Index,CSI 1000,4885.23,4885.23,4812.93,4831.56,-76.37,-1.56,6047078900.0,464.79,1000.0,20.04,2018-09-17,20.04,464.79
20180918,000852,中证1000指数,中证1000,CSI 1000 Index,CSI 1000,4815.76,4917.39,4813.6,4917.35,85.79,1.78,7213461700.0,550.61,1000.0,20.41,2018-09-18,20.41,550.61
20180919,000852,中证1000指数,中证1000,CSI 1000 Index,CSI 1000,4904.24,5001.86,4895.85,4970.01,52.66,1.07,8785678900.0,691.6,1000.0,20.63,2018-09-19,20.63,691.6
20180920,000852,中证1000指数,中证1000,CSI 1000 Index,CSI 1000,4961.66,4984.75,4944.65,4951.58,-18.43,-0.37,7895421000.0,570.65,1000.0,20.55,2018-09-20,20.55,570.65
20180921,000852,中证1000指数,中证1000,CSI 1000 Index,CSI 1000,4957.27,5015.24,4931.35,5011.69,60.11,1.21,8680959100.0,648.21,1000.0,20.81,2018-09-21,20.81,648.21
20180925,000852,中证1000指数,中证1000,CSI 1000 Index,CSI 1000,4980.3,5014.02,4965.99,4995.7,-16.0,-0.32,6632506400.0,505.02,1000.0,20.73,2018-09-25,20.73,505.02
20180926,000852,中证1000指数,中证1000,CSI 1000 Index,CSI 1000,4996.35,5042.51,4987.91,5017.06,21.36,0.43,7988814900.0,613.25,1000.0,20.77,2018-09-26,20.77,613.25
20180927,000852,中证1000指数,中证1000,CSI 1000 Index,CSI 1000,5012.45,5018.4,4945.64,4945.69,-71.37,-1.42,8831452300.0,642.94,1000.0,20.45,2018-09-27,20.45,642.94
20180928,000852,中证1000指数,中证1000,CSI 1000 Index,CSI 1000,4947.72,4987.27,4935.42,4987.27,41.58,0.84,6999238300.0,529.68,1000.0,20.62,2018-09-28,20.62,529.68
20181008,000852,中证1000指数,中证1000,CSI 1000 Index,CSI 1000,4906.1,4916.87,4813.09,4817.43,-169.84,-3.41,7240327700.0,541.06,1000.0,19.91,2018-10-08,19.91,541.06
20181009,000852,中证1000指数,中证1000,CSI 1000 Index,CSI 1000,4826.32,4860.91,4790.67,4818.73,1.3,0.03,6256100500.0,471.24,1000.0,19.91,2018-10-09,19.91,471.24
20181010,000852,中证1000指数,中证1000,CSI 1000 Index,CSI 1000,4823.35,4842.98,4775.67,4812.43,-6.31,-0.13,6414090700.0,486.11,1000.0,19.9,2018-10-10,19.9,486.11
20181011,000852,中证1000指数,中证1000,CSI 1000 Index,CSI 1000,4662.96,4671.99,4428.6,4456.61,-355.82,-7.39,10792839100.0,743.48,1000.0,18.46,2018-10-11,18.46,743.48
20181012,000852,中证1000指数,中证1000,CSI 1000 Index,CSI 1000,4415.29,4446.95,4251.67,4427.68,-28.93,-0.65,9849827900.0,646.58,1000.0,18.36,2018-10-12,18.36,646.58
20181015,000852,中证1000指数,中证1000,CSI 1000 Index,CSI 1000,4435.08,4468.22,4352.27,4358.87,-68.81,-1.55,6822101100.0,480.53,1000.0,18.09,2018-10-15,18.09,480.53
20181016,000852,中证1000指数,中证1000,CSI 1000 Index,CSI 1000,4358.06,4391.39,4237.51,4261.17,-97.7,-2.24,6819949300.0,471.87,1000.0,17.69,2018-10-16,17.69,471.87
20181017,000852,中证1000指数,中证1000,CSI 1000 Index,CSI 1000,4311.05,4334.63,4192.82,4292.2,31.02,0.73,7124790700.0,513.08,1000.0,17.83,2018-10-17,17.83,513.08
20181018,000852,中证1000指数,中证1000,CSI 1000 Index,CSI 1000,4260.01,4260.01,4143.17,4149.44,-142.75,-3.33,7159153300.0,469.23,1000.0,17.26,2018-10-18,17.26,469.23
20181019,000852,中证1000指数,中证1000,CSI 1000 Index,CSI 1000,4080.12,4243.97,4066.27,4241.23,91.79,2.21,7723095300.0,524.67,1000.0,17.65,2018-10-19,17.65,524.67
20181022,000852,中证1000指数,中证1000,CSI 1000 Index,CSI 1000,4279.76,4491.31,4279.76,4452.74,211.5,4.99,11187443000.0,787.34,1000.0,18.52,2018-10-22,18.52,787.34
20181023,000852,中证1000指数,中证1000,CSI 1000 Index,CSI 1000,4448.91,4469.57,4352.66,4379.06,-73.68,-1.65,9307805200.0,649.73,1000.0,18.21,2018-10-23,18.21,649.73
20181024,000852,中证1000指数,中证1000,CSI 1000 Index,CSI 1000,4358.87,4424.91,4340.66,4377.55,-1.51,-0.03,7524089200.0,516.84,1000.0,18.21,2018-10-24,18.21,516.84
20181025,000852,中证1000指数,中证1000,CSI 1000 Index,CSI 1000,4245.3,4353.78,4223.32,4345.33,-32.22,-0.74,8096954100.0,540.96,1000.0,18.06,2018-10-25,18.06,540.96
20181026,000852,中证1000指数,中证1000,CSI 1000 Index,CSI 1000,4374.46,4412.23,4342.21,4359.47,14.15,0.33,8261754400.0,548.87,1000.0,18.13,2018-10-26,18.13,548.87
20181029,000852,中证1000指数,中证1000,CSI 1000 Index,CSI 1000,4341.91,4345.02,4275.72,4296.7,-62.78,-1.44,6621137400.0,453.34,1000.0,17.86,2018-10-29,17.86,453.34
20181030,000852,中证1000指数,中证1000,CSI 1000 Index,CSI 1000,4284.36,4358.47,4226.59,4336.65,39.95,0.93,7621092300.0,524.01,1000.0,18.01,2018-10-30,18.01,524.01
20181031,000852,中证1000指数,中证1000,CSI 1000 Index,CSI 1000,4342.11,4424.5,4337.53,4400.61,63.96,1.47,8616253000.0,585.89,1000.0,18.28,2018-10-31,18.28,585.89
20181101,000852,中证1000指数,中证1000,CSI 1000 Index,CSI 1000,4428.86,4493.6,4425.15,4428.74,28.12,0.64,10184154400.0,725.45,1000.0,17.94,2018-11-01,17.94,725.45
20181102,000852,中证1000指数,中证1000,CSI 1000 Index,CSI 1000,4490.63,4564.18,4483.98,4564.18,135.44,3.06,11582647900.0,845.01,1000.0,18.5,2018-11-02,18.5,845.01
20181105,000852,中证1000指数,中证1000,CSI 1000 Index,CSI 1000,4557.92,4620.71,4529.44,4598.2,34.02,0.75,12238285800.0,855.99,1000.0,18.63,2018-11-05,18.63,855.99
20181106,000852,中证1000指数,中证1000,CSI 1000 Index,CSI 1000,4585.58,4603.78,4543.71,4603.11,4.91,0.11,10358747000.0,702.64,1000.0,18.63,2018-11-06,18.63,702.64
20181107,000852,中证1000指数,中证1000,CSI 1000 Index,CSI 1000,4604.87,4650.36,4589.32,4592.84,-10.27,-0.22,11422887700.0,781.31,1000.0,18.58,2018-11-07,18.58,781.31
20181108,000852,中证1000指数,中证1000,CSI 1000 Index,CSI 1000,4617.91,4628.27,4568.67,4572.38,-20.46,-0.45,10245734500.0,670.42,1000.0,18.48,2018-11-08,18.48,670.42
20181109,000852,中证1000指数,中证1000,CSI 1000 Index,CSI 1000,4553.21,4596.76,4542.58,4561.21,-11.17,-0.24,8858860400.0,578.47,1000.0,18.43,2018-11-09,18.43,578.47
20181112,000852,中证1000指数,中证1000,CSI 1000 Index,CSI 1000,4560.86,4697.35,4556.3,4697.35,136.13,2.98,11854624400.0,790.59,1000.0,18.95,2018-11-12,18.95,790.59
20181113,000852,中证1000指数,中证1000,CSI 1000 Index,CSI 1000,4648.56,4816.84,4639.58,4790.45,93.1,1.98,17346364600.0,1106.76,1000.0,19.3,2018-11-13,19.3,1106.76
20181114,000852,中证1000指数,中证1000,CSI 1000 Index,CSI 1000,4784.86,4848.06,4776.79,4791.23,0.78,0.02,15864518300.0,1022.49,1000.0,19.3,2018-11-14,19.3,1022.49
20181115,000852,中证1000指数,中证1000,CSI 1000 Index,CSI 1000,4790.34,4871.09,4788.21,4871.09,79.86,1.67,14033137200.0,982.51,1000.0,19.63,2018-11-15,19.63,982.51
20181116,000852,中证1000指数,中证1000,CSI 1000 Index,CSI 1000,4880.87,4946.79,4867.08,4923.99,52.9,1.09,15718806400.0,1128.93,1000.0,19.85,2018-11-16,19.85,1128.93
20181119,000852,中证1000指数,中证1000,CSI 1000 Index,CSI 1000,4924.29,4942.49,4877.95,4942.49,18.51,0.38,14806178900.0,1045.91,1000.0,19.93,2018-11-19,19.93,1045.91
20181120,000852,中证1000指数,中证1000,CSI 1000 Index,CSI 1000,4899.32,4923.64,4808.41,4811.88,-130.61,-2.64,14640450100.0,1070.41,1000.0,19.42,2018-11-20,19.42,1070.41
20181121,000852,中证1000指数,中证1000,CSI 1000 Index,CSI 1000,4754.23,4848.73,4746.68,4847.04,35.15,0.73,12395381900.0,888.96,1000.0,19.53,2018-11-21,19.53,888.96
20181122,000852,中证1000指数,中证1000,CSI 1000 Index,CSI 1000,4858.48,4878.1,4831.09,4850.13,3.09,0.06,11654161300.0,829.18,1000.0,19.55,2018-11-22,19.55,829.18
20181123,000852,中证1000指数,中证1000,CSI 1000 Index,CSI 1000,4840.94,4841.4,4624.48,4642.12,-208.01,-4.29,13402341100.0,906.17,1000.0,18.74,2018-11-23,18.74,906.17
20181126,000852,中证1000指数,中证1000,CSI 1000 Index,CSI 1000,4631.42,4677.96,4610.58,4633.73,-8.39,-0.18,9237920300.0,650.15,1000.0,18.69,2018-11-26,18.69,650.15
20181127,000852,中证1000指数,中证1000,CSI 1000 Index,CSI 1000,4662.33,4693.83,4636.96,4671.64,37.91,0.82,9359030400.0,651.51,1000.0,18.82,2018-11-27,18.82,651.51
20181128,000852,中证1000指数,中证1000,CSI 1000 Index,CSI 1000,4669.66,4728.58,4607.61,4728.58,56.93,1.22,10861888800.0,756.37,1000.0,19.05,2018-11-28,19.05,756.37
20181129,000852,中证1000指数,中证1000,CSI 1000 Index,CSI 1000,4746.63,4758.25,4617.35,4617.35,-111.23,-2.35,11050950800.0,782.76,1000.0,18.62,2018-11-29,18.62,782.76
20181130,000852,中证1000指数,中证1000,CSI 1000 Index,CSI 1000,4604.27,4654.53,4549.44,4648.18,30.84,0.67,9593184700.0,665.52,1000.0,18.75,2018-11-30,18.75,665.52
20181203,000852,中证1000指数,中证1000,CSI 1000 Index,CSI 1000,4762.96,4820.21,4742.47,4802.29,154.11,3.32,12938589300.0,962.16,1000.0,19.36,2018-12-03,19.36,962.16
20181204,000852,中证1000指数,中证1000,CSI 1000 Index,CSI 1000,4793.32,4846.17,4782.95,4846.17,43.88,0.91,11912708700.0,858.93,1000.0,19.54,2018-12-04,19.54,858.93
20181205,000852,中证1000指数,中证1000,CSI 1000 Index,CSI 1000,4750.55,4846.75,4734.98,4816.99,-29.18,-0.6,11694757700.0,844.82,1000.0,19.43,2018-12-05,19.43,844.82
20181206,000852,中证1000指数,中证1000,CSI 1000 Index,CSI 1000,4796.41,4814.71,4724.53,4730.91,-86.08,-1.79,10849249000.0,797.54,1000.0,19.09,2018-12-06,19.09,797.54
20181207,000852,中证1000指数,中证1000,CSI 1000 Index,CSI 1000,4738.17,4755.33,4711.36,4731.9,0.99,0.02,8794634900.0,643.88,1000.0,19.09,2018-12-07,19.09,643.88
20181210,000852,中证1000指数,中证1000,CSI 1000 Index,CSI 1000,4698.55,4711.32,4660.73,4676.62,-55.29,-1.17,8148405400.0,586.91,1000.0,18.88,2018-12-10,18.88,586.91
20181211,000852,中证1000指数,中证1000,CSI 1000 Index,CSI 1000,4691.59,4720.47,4685.3,4720.47,43.85,0.94,7931538100.0,566.54,1000.0,19.05,2018-12-11,19.05,566.54
20181212,000852,中证1000指数,中证1000,CSI 1000 Index,CSI 1000,4733.07,4740.99,4706.39,4718.82,-1.65,-0.03,8086911200.0,570.94,1000.0,19.06,2018-12-12,19.06,570.94
20181213,000852,中证1000指数,中证1000,CSI 1000 Index,CSI 1000,4727.46,4791.0,4698.37,4763.72,44.9,0.95,9575691200.0,687.05,1000.0,19.25,2018-12-13,19.25,687.05
20181214,000852,中证1000指数,中证1000,CSI 1000 Index,CSI 1000,4755.02,4756.21,4638.92,4641.89,-121.83,-2.56,9900454400.0,704.42,1000.0,18.77,2018-12-14,18.77,704.42
20181217,000852,中证1000指数,中证1000,CSI 1000 Index,CSI 1000,4623.13,4634.03,4569.57,4627.23,-14.66,-0.32,7574956200.0,581.83,1000.0,20.21,2018-12-17,20.21,581.83
20181218,000852,中证1000指数,中证1000,CSI 1000 Index,CSI 1000,4602.4,4634.75,4553.36,4596.61,-30.62,-0.66,7234622300.0,548.7,1000.0,20.08,2018-12-18,20.08,548.7
20181219,000852,中证1000指数,中证1000,CSI 1000 Index,CSI 1000,4601.37,4604.94,4525.06,4533.4,-63.21,-1.38,6912025000.0,521.05,1000.0,19.82,2018-12-19,19.82,521.05
20181220,000852,中证1000指数,中证1000,CSI 1000 Index,CSI 1000,4523.97,4560.34,4509.57,4550.6,17.2,0.38,7038223800.0,532.15,1000.0,19.89,2018-12-20,19.89,532.15
20181221,000852,中证1000指数,中证1000,CSI 1000 Index,CSI 1000,4536.57,4543.87,4484.56,4517.78,-32.82,-0.72,6964065100.0,526.69,1000.0,19.75,2018-12-21,19.75,526.69
20181224,000852,中证1000指数,中证1000,CSI 1000 Index,CSI 1000,4511.22,4558.35,4501.06,4558.32,40.54,0.9,6608187000.0,520.82,1000.0,19.95,2018-12-24,19.95,520.82
20181225,000852,中证1000指数,中证1000,CSI 1000 Index,CSI 1000,4512.29,4522.88,4403.06,4514.62,-43.7,-0.96,9303586000.0,678.47,1000.0,19.76,2018-12-25,19.76,678.47
20181226,000852,中证1000指数,中证1000,CSI 1000 Index,CSI 1000,4509.32,4531.11,4487.79,4494.5,-20.12,-0.45,7671039000.0,590.87,1000.0,19.68,2018-12-26,19.68,590.87
20181227,000852,中证1000指数,中证1000,CSI 1000 Index,CSI 1000,4553.72,4561.92,4424.65,4424.65,-69.84,-1.55,8099668900.0,611.35,1000.0,19.38,2018-12-27,19.38,611.35
20181228,000852,中证1000指数,中证1000,CSI 1000 Index,CSI 1000,4429.04,4454.97,4396.37,4430.02,5.37,0.12,7152888900.0,549.11,1000.0,19.42,2018-12-28,19.42,549.11
20190102,000852,中证1000指数,中证1000,CSI 1000 Index,CSI 1000,4436.75,4444.44,4399.59,4408.53,-21.5,-0.49,6627224000.0,511.72,1000.0,19.29,2019-01-02,19.29,511.72
20190103,000852,中证1000指数,中证1000,CSI 1000 Index,CSI 1000,4404.31,4446.03,4375.86,4376.86,-31.67,-0.72,8049498000.0,599.64,1000.0,19.13,2019-01-03,19.13,599.64
20190104,000852,中证1000指数,中证1000,CSI 1000 Index,CSI 1000,4338.06,4497.91,4326.33,4497.89,121.04,2.77,10347081200.0,746.04,1000.0,19.68,2019-01-04,19.68,746.04
20190107,000852,中证1000指数,中证1000,CSI 1000 Index,CSI 1000,4523.23,4598.63,4516.0,4594.15,96.25,2.14,11455361800.0,841.42,1000.0,20.06,2019-01-07,20.06,841.42
20190108,000852,中证1000指数,中证1000,CSI 1000 Index,CSI 1000,4586.84,4596.8,4567.29,4585.03,-9.12,-0.2,10741102300.0,772.12,1000.0,20.01,2019-01-08,20.01,772.12
20190109,000852,中证1000指数,中证1000,CSI 1000 Index,CSI 1000,4588.69,4654.77,4578.45,4594.74,9.71,0.21,12317385800.0,903.23,1000.0,20.04,2019-01-09,20.04,903.23
20190110,000852,中证1000指数,中证1000,CSI 1000 Index,CSI 1000,4592.74,4619.82,4571.09,4582.48,-12.26,-0.27,10648293900.0,766.31,1000.0,19.99,2019-01-10,19.99,766.31
20190111,000852,中证1000指数,中证1000,CSI 1000 Index,CSI 1000,4585.22,4621.61,4575.64,4621.61,39.13,0.85,10412423600.0,758.18,1000.0,20.16,2019-01-11,20.16,758.18
20190114,000852,中证1000指数,中证1000,CSI 1000 Index,CSI 1000,4621.7,4625.56,4580.54,4594.19,-27.42,-0.59,10173812000.0,719.94,1000.0,20.03,2019-01-14,20.03,719.94
20190115,000852,中证1000指数,中证1000,CSI 1000 Index,CSI 1000,4583.55,4644.17,4569.14,4644.17,49.98,1.09,10156223700.0,738.76,1000.0,20.25,2019-01-15,20.25,738.76
20190116,000852,中证1000指数,中证1000,CSI 1000 Index,CSI 1000,4644.23,4669.63,4632.07,4637.2,-6.97,-0.15,10221963000.0,775.49,1000.0,20.24,2019-01-16,20.24,775.49
20190117,000852,中证1000指数,中证1000,CSI 1000 Index,CSI 1000,4632.27,4639.79,4590.31,4595.49,-41.71,-0.9,10344010500.0,746.97,1000.0,20.06,2019-01-17,20.06,746.97
20190118,000852,中证1000指数,中证1000,CSI 1000 Index,CSI 1000,4596.25,4627.66,4576.77,4626.41,30.92,0.67,10917522500.0,761.04,1000.0,20.21,2019-01-18,20.21,761.04
20190121,000852,中证1000指数,中证1000,CSI 1000 Index,CSI 1000,4629.79,4668.48,4624.65,4655.11,28.7,0.62,10007606400.0,732.22,1000.0,20.33,2019-01-21,20.33,732.22
20190122,000852,中证1000指数,中证1000,CSI 1000 Index,CSI 1000,4651.03,4651.1,4589.37,4603.2,-51.91,-1.12,9712104100.0,694.21,1000.0,20.12,2019-01-22,20.12,694.21
20190123,000852,中证1000指数,中证1000,CSI 1000 Index,CSI 1000,4590.69,4609.68,4580.63,4609.67,6.47,0.14,8517290100.0,614.99,1000.0,20.15,2019-01-23,20.15,614.99
20190124,000852,中证1000指数,中证1000,CSI 1000 Index,CSI 1000,4613.93,4651.02,4591.8,4635.75,26.08,0.57,9905679700.0,750.11,1000.0,20.25,2019-01-24,20.25,750.11
20190125,000852,中证1000指数,中证1000,CSI 1000 Index,CSI 1000,4634.06,4651.32,4606.87,4607.94,-27.8,-0.6,9992719000.0,749.05,1000.0,20.15,2019-01-25,20.15,749.05
20190128,000852,中证1000指数,中证1000,CSI 1000 Index,CSI 1000,4629.43,4640.62,4565.79,4570.4,-37.55,-0.81,9048799900.0,681.47,1000.0,20.0,2019-01-28,20.0,681.47
20190129,000852,中证1000指数,中证1000,CSI 1000 Index,CSI 1000,4557.81,4558.05,4419.4,4490.05,-80.35,-1.76,9671803600.0,682.49,1000.0,19.68,2019-01-29,19.68,682.49
20190130,000852,中证1000指数,中证1000,CSI 1000 Index,CSI 1000,4464.8,4492.66,4422.36,4423.14,-66.92,-1.49,7448897800.0,530.23,1000.0,19.41,2019-01-30,19.41,530.23
20190131,000852,中证1000指数,中证1000,CSI 1000 Index,CSI 1000,4408.11,4441.42,4328.92,4355.74,-67.4,-1.52,9457219400.0,632.04,1000.0,19.13,2019-01-31,19.13,632.04
20190201,000852,中证1000指数,中证1000,CSI 1000 Index,CSI 1000,4369.27,4482.99,4369.27,4482.99,127.25,2.92,7771265900.0,555.42,1000.0,19.68,2019-02-01,19.68,555.42
20190211,000852,中证1000指数,中证1000,CSI 1000 Index,CSI 1000,4497.53,4611.83,4497.53,4611.83,128.84,2.87,9267257700.0,702.16,1000.0,20.24,2019-02-11,20.24,702.16
20190212,000852,中证1000指数,中证1000,CSI 1000 Index,CSI 1000,4611.85,4685.13,4604.1,4675.79,63.96,1.39,11233101200.0,826.3,1000.0,20.5,2019-02-12,20.5,826.3
20190213,000852,中证1000指数,中证1000,CSI 1000 Index,CSI 1000,4679.69,4766.18,4672.78,4759.83,84.03,1.8,13630586500.0,1040.15,1000.0,20.85,2019-02-13,20.85,1040.15
20190214,000852,中证1000指数,中证1000,CSI 1000 Index,CSI 1000,4758.51,4801.09,4741.52,4780.04,20.22,0.42,12283560100.0,948.15,1000.0,20.94,2019-02-14,20.94,948.15
20190215,000852,中证1000指数,中证1000,CSI 1000 Index,CSI 1000,4772.98,4805.8,4763.76,4773.51,-6.53,-0.14,12521237100.0,950.46,1000.0,20.88,2019-02-15,20.88,950.46
20190218,000852,中证1000指数,中证1000,CSI 1000 Index,CSI 1000,4805.33,4942.88,4805.33,4942.88,169.36,3.55,16485188500.0,1266.06,1000.0,21.61,2019-02-18,21.61,1266.06
20190219,000852,中证1000指数,中证1000,CSI 1000 Index,CSI 1000,4964.22,4988.26,4897.23,4963.75,20.88,0.42,19235806500.0,1447.39,1000.0,21.67,2019-02-19,21.67,1447.39
20190220,000852,中证1000指数,中证1000,CSI 1000 Index,CSI 1000,4958.89,4971.13,4906.63,4967.04,3.29,0.07,16521607000.0,1209.95,1000.0,21.68,2019-02-20,21.68,1209.95
20190221,000852,中证1000指数,中证1000,CSI 1000 Index,CSI 1000,4957.63,5046.62,4930.97,4947.66,-19.38,-0.39,19094430000.0,1469.13,1000.0,21.59,2019-02-21,21.59,1469.13
20190222,000852,中证1000指数,中证1000,CSI 1000 Index,CSI 1000,4935.44,5059.51,4932.2,5059.51,111.85,2.26,17859898200.0,1391.77,1000.0,22.05,2019-02-22,22.05,1391.77
20190225,000852,中证1000指数,中证1000,CSI 1000 Index,CSI 1000,5129.47,5324.52,5120.47,5324.25,264.74,5.23,27981198900.0,2211.86,1000.0,23.18,2019-02-25,23.18,2211.86
20190226,000852,中证1000指数,中证1000,CSI 1000 Index,CSI 1000,5335.38,5438.88,5273.9,5323.76,-0.49,-0.01,30107973800.0,2378.11,1000.0,23.18,2019-02-26,23.18,2378.11
20190227,000852,中证1000指数,中证1000,CSI 1000 Index,CSI 1000,5312.56,5391.87,5245.41,5310.27,-13.48,-0.25,24946198900.0,1993.81,1000.0,23.1,2019-02-27,23.1,1993.81
20190228,000852,中证1000指数,中证1000,CSI 1000 Index,CSI 1000,5306.2,5370.21,5291.98,5330.34,20.06,0.38,20046640600.0,1571.72,1000.0,23.21,2019-02-28,23.21,1571.72
20190301,000852,中证1000指数,中证1000,CSI 1000 Index,CSI 1000,5344.42,5364.37,5286.0,5364.37,34.03,0.64,17893860700.0,1441.36,1000.0,23.35,2019-03-01,23.35,1441.36
20190304,000852,中证1000指数,中证1000,CSI 1000 Index,CSI 1000,5418.71,5562.2,5418.27,5482.3,117.93,2.2,27320234600.0,2296.83,1000.0,23.84,2019-03-04,23.84,2296.83
20190305,000852,中证1000指数,中证1000,CSI 1000 Index,CSI 1000,5470.7,5654.31,5451.29,5654.31,172.01,3.14,26806236700.0,2240.48,1000.0,24.51,2019-03-05,24.51,2240.48
20190306,000852,中证1000指数,中证1000,CSI 1000 Index,CSI 1000,5694.9,5776.98,5625.34,5776.97,122.67,2.17,32277141300.0,2687.39,1000.0,24.98,2019-03-06,24.98,2687.39
20190307,000852,中证1000指数,中证1000,CSI 1000 Index,CSI 1000,5775.3,5928.61,5750.05,5877.3,100.32,1.74,32926050700.0,2814.68,1000.0,25.37,2019-03-07,25.37,2814.68
20190308,000852,中证1000指数,中证1000,CSI 1000 Index,CSI 1000,5736.93,5913.03,5633.29,5633.32,-243.98,-4.15,32870379400.0,2847.91,1000.0,24.34,2019-03-08,24.34,2847.91
20190311,000852,中证1000指数,中证1000,CSI 1000 Index,CSI 1000,5682.57,5876.34,5645.18,5876.34,243.02,4.31,26426166700.0,2382.7,1000.0,25.4,2019-03-11,25.4,2382.7
20190312,000852,中证1000指数,中证1000,CSI 1000 Index,CSI 1000,5922.57,6046.62,5897.17,6006.18,129.84,2.21,31824694800.0,2886.02,1000.0,25.94,2019-03-12,25.94,2886.02
20190313,000852,中证1000指数,中证1000,CSI 1000 Index,CSI 1000,6014.51,6039.97,5822.57,5866.63,-139.54,-2.32,29314895800.0,2701.34,1000.0,25.4,2019-03-13,25.4,2701.34
20190314,000852,中证1000指数,中证1000,CSI 1000 Index,CSI 1000,5810.02,5860.93,5622.34,5688.95,-177.68,-3.03,23297385100.0,2036.59,1000.0,24.69,2019-03-14,24.69,2036.59
20190315,000852,中证1000指数,中证1000,CSI 1000 Index,CSI 1000,5723.65,5816.32,5704.27,5777.11,88.16,1.55,20034346700.0,1816.4,1000.0,25.07,2019-03-15,25.07,1816.4
20190318,000852,中证1000指数,中证1000,CSI 1000 Index,CSI 1000,5801.32,5916.34,5743.6,5916.34,139.24,2.41,21233365100.0,1948.35,1000.0,25.68,2019-03-18,25.68,1948.35
20190319,000852,中证1000指数,中证1000,CSI 1000 Index,CSI 1000,5916.17,5968.34,5895.18,5941.91,25.56,0.43,20832549200.0,1948.23,1000.0,25.76,2019-03-19,25.76,1948.23
20190320,000852,中证1000指数,中证1000,CSI 1000 Index,CSI 1000,5935.27,5948.85,5811.2,5926.17,-15.74,-0.26,21444529400.0,1934.13,1000.0,25.68,2019-03-20,25.68,1934.13
20190321,000852,中证1000指数,中证1000,CSI 1000 Index,CSI 1000,5929.75,6034.48,5914.67,5990.64,64.47,1.09,24702048800.0,2219.12,1000.0,25.93,2019-03-21,25.93,2219.12
20190322,000852,中证1000指数,中证1000,CSI 1000 Index,CSI 1000,5981.7,6022.07,5889.68,6014.55,23.91,0.4,22226488100.0,2030.33,1000.0,26.03,2019-03-22,26.03,2030.33
20190325,000852,中证1000指数,中证1000,CSI 1000 Index,CSI 1000,5914.85,6039.66,5890.4,5961.44,-53.11,-0.88,22034759100.0,2063.04,1000.0,25.79,2019-03-25,25.79,2063.04
20190326,000852,中证1000指数,中证1000,CSI 1000 Index,CSI 1000,5982.36,6006.94,5774.74,5788.36,-173.08,-2.9,20923874600.0,1929.0,1000.0,25.1,2019-03-26,25.1,1929.0
20190327,000852,中证1000指数,中证1000,CSI 1000 Index,CSI 1000,5822.69,5842.07,5696.13,5826.53,38.17,0.66,17422342500.0,1626.9,1000.0,25.31,2019-03-27,25.31,1626.9
20190328,000852,中证1000指数,中证1000,CSI 1000 Index,CSI 1000,5797.87,5872.2,5744.23,5747.86,-78.66,-1.35,17183155300.0,1603.51,1000.0,24.98,2019-03-28,24.98,1603.51
20190329,000852,中证1000指数,中证1000,CSI 1000 Index,CSI 1000,5748.92,5911.22,5699.69,5911.21,163.35,2.84,19259481000.0,1800.58,1000.0,25.67,2019-03-29,25.67,1800.58
20190401,000852,中证1000指数,中证1000,CSI 1000 Index,CSI 1000,5961.79,6137.73,5961.79,6137.73,226.52,3.83,24407525300.0,2348.52,1000.0,26.63,2019-04-01,26.63,2348.52
20190402,000852,中证1000指数,中证1000,CSI 1000 Index,CSI 1000,6181.08,6234.75,6135.8,6174.94,37.21,0.61,26150489100.0,2572.49,1000.0,26.78,2019-04-02,26.78,2572.49
20190403,000852,中证1000指数,中证1000,CSI 1000 Index,CSI 1000,6142.37,6237.16,6114.6,6237.02,62.07,1.01,23699462700.0,2245.66,1000.0,27.01,2019-04-03,27.01,2245.66
20190404,000852,中证1000指数,中证1000,CSI 1000 Index,CSI 1000,6262.69,6283.29,6198.03,6260.07,23.05,0.37,24339563500.0,2366.89,1000.0,27.11,2019-04-04,27.11,2366.89
20190408,000852,中证1000指数,中证1000,CSI 1000 Index,CSI 1000,6303.43,6322.48,6130.76,6230.21,-29.86,-0.48,26032327500.0,2514.92,1000.0,26.98,2019-04-08,26.98,2514.92
20190409,000852,中证1000指数,中证1000,CSI 1000 Index,CSI 1000,6212.73,6261.15,6164.97,6245.43,15.22,0.24,20854766000.0,2020.89,1000.0,27.03,2019-04-09,27.03,2020.89
20190410,000852,中证1000指数,中证1000,CSI 1000 Index,CSI 1000,6203.4,6289.93,6159.23,6235.71,-9.73,-0.16,23041485300.0,2129.1,1000.0,26.99,2019-04-10,26.99,2129.1
20190411,000852,中证1000指数,中证1000,CSI 1000 Index,CSI 1000,6232.89,6249.5,6106.66,6106.95,-128.76,-2.06,21696391900.0,1992.34,1000.0,26.45,2019-04-11,26.45,1992.34
20190412,000852,中证1000指数,中证1000,CSI 1000 Index,CSI 1000,6097.07,6130.38,6047.83,6101.2,-5.75,-0.09,17732097800.0,1628.1,1000.0,26.43,2019-04-12,26.43,1628.1
20190415,000852,中证1000指数,中证1000,CSI 1000 Index,CSI 1000,6178.5,6215.38,6049.24,6052.05,-49.15,-0.81,19181823900.0,1855.36,1000.0,26.22,2019-04-15,26.22,1855.36
20190416,000852,中证1000指数,中证1000,CSI 1000 Index,CSI 1000,6019.13,6179.8,5978.73,6179.8,127.75,2.11,19800145600.0,1884.69,1000.0,26.72,2019-04-16,26.72,1884.69
20190417,000852,中证1000指数,中证1000,CSI 1000 Index,CSI 1000,6181.76,6267.59,6175.58,6234.11,54.31,0.88,22208530100.0,2113.05,1000.0,26.93,2019-04-17,26.93,2113.05
20190418,000852,中证1000指数,中证1000,CSI 1000 Index,CSI 1000,6229.7,6255.79,6188.12,6202.84,-31.27,-0.5,21223045200.0,1973.22,1000.0,26.79,2019-04-18,26.79,1973.22
20190419,000852,中证1000指数,中证1000,CSI 1000 Index,CSI 1000,6198.61,6255.26,6147.16,6255.25,52.41,0.84,20712106200.0,1881.08,1000.0,26.99,2019-04-19,26.99,1881.08
20190422,000852,中证1000指数,中证1000,CSI 1000 Index,CSI 1000,6270.37,6274.46,6171.31,6192.14,-63.11,-1.01,21458795200.0,2001.2,1000.0,26.69,2019-04-22,26.69,2001.2
20190423,000852,中证1000指数,中证1000,CSI 1000 Index,CSI 1000,6175.13,6175.82,6061.75,6078.27,-113.88,-1.84,21300338600.0,1948.65,1000.0,26.23,2019-04-23,26.23,1948.65
20190424,000852,中证1000指数,中证1000,CSI 1000 Index,CSI 1000,6081.96,6153.39,6017.86,6153.39,75.12,1.24,18217636600.0,1682.78,1000.0,26.51,2019-04-24,26.51,1682.78
20190425,000852,中证1000指数,中证1000,CSI 1000 Index,CSI 1000,6130.01,6140.3,5899.65,5899.91,-253.48,-4.12,21251176100.0,1949.13,1000.0,25.42,2019-04-25,25.42,1949.13
20190426,000852,中证1000指数,中证1000,CSI 1000 Index,CSI 1000,5861.79,5926.04,5830.35,5834.38,-65.53,-1.11,17250145800.0,1569.53,1000.0,25.14,2019-04-26,25.14,1569.53
20190429,000852,中证1000指数,中证1000,CSI 1000 Index,CSI 1000,5831.24,5849.64,5613.83,5622.48,-211.89,-3.63,17982449400.0,1591.61,1000.0,24.3,2019-04-29,24.3,1591.61
20190430,000852,中证1000指数,中证1000,CSI 1000 Index,CSI 1000,5595.81,5718.32,5595.81,5682.24,59.75,1.06,13450204300.0,1215.0,1000.0,24.59,2019-04-30,24.59,1215.0
20190506,000852,中证1000指数,中证1000,CSI 1000 Index,CSI 1000,5480.13,5496.84,5212.99,5246.83,-435.41,-7.66,16781411800.0,1427.68,1000.0,24.16,2019-05-06,24.16,1427.68
20190507,000852,中证1000指数,中证1000,CSI 1000 Index,CSI 1000,5273.22,5353.61,5214.9,5312.5,65.67,1.25,14424456000.0,1227.06,1000.0,24.49,2019-05-07,24.49,1227.06
20190508,000852,中证1000指数,中证1000,CSI 1000 Index,CSI 1000,5198.84,5376.9,5166.4,5292.75,-19.75,-0.37,14563632900.0,1221.7,1000.0,24.37,2019-05-08,24.37,1221.7
20190509,000852,中证1000指数,中证1000,CSI 1000 Index,CSI 1000,5243.72,5308.02,5229.82,5237.82,-54.92,-1.04,12105840800.0,1013.39,1000.0,24.09,2019-05-09,24.09,1013.39
20190510,000852,中证1000指数,中证1000,CSI 1000 Index,CSI 1000,5292.45,5445.54,5192.7,5445.53,207.7,3.97,17248179000.0,1475.77,1000.0,25.02,2019-05-10,25.02,1475.77
20190513,000852,中证1000指数,中证1000,CSI 1000 Index,CSI 1000,5385.76,5440.91,5366.78,5405.61,-39.91,-0.73,13504594600.0,1165.14,1000.0,24.86,2019-05-13,24.86,1165.14
20190514,000852,中证1000指数,中证1000,CSI 1000 Index,CSI 1000,5333.85,5422.62,5328.01,5368.23,-37.39,-0.69,13038316400.0,1117.78,1000.0,24.67,2019-05-14,24.67,1117.78
20190515,000852,中证1000指数,中证1000,CSI 1000 Index,CSI 1000,5412.93,5491.4,5403.48,5486.39,118.16,2.2,14681752100.0,1254.59,1000.0,25.19,2019-05-15,25.19,1254.59
20190516,000852,中证1000指数,中证1000,CSI 1000 Index,CSI 1000,5488.27,5539.35,5478.07,5527.28,40.89,0.75,16571358900.0,1401.14,1000.0,25.35,2019-05-16,25.35,1401.14
20190517,000852,中证1000指数,中证1000,CSI 1000 Index,CSI 1000,5527.38,5530.9,5306.47,5330.99,-196.29,-3.55,17575493000.0,1469.44,1000.0,24.42,2019-05-17,24.42,1469.44
20190520,000852,中证1000指数,中证1000,CSI 1000 Index,CSI 1000,5326.19,5330.18,5200.68,5313.15,-17.84,-0.33,13549768200.0,1160.35,1000.0,24.29,2019-05-20,24.29,1160.35
20190521,000852,中证1000指数,中证1000,CSI 1000 Index,CSI 1000,5305.44,5425.31,5287.31,5418.05,104.9,1.97,14260288000.0,1233.13,1000.0,24.75,2019-05-21,24.75,1233.13
20190522,000852,中证1000指数,中证1000,CSI 1000 Index,CSI 1000,5418.24,5451.11,5351.7,5395.43,-22.62,-0.42,14202333000.0,1258.81,1000.0,24.62,2019-05-22,24.62,1258.81
20190523,000852,中证1000指数,中证1000,CSI 1000 Index,CSI 1000,5380.41,5380.41,5251.34,5267.83,-127.6,-2.37,14360000000.0,1267.73,1000.0,24.04,2019-05-23,24.04,1267.73
20190524,000852,中证1000指数,中证1000,CSI 1000 Index,CSI 1000,5230.9,5279.65,5186.87,5200.77,-67.05,-1.27,11814676800.0,1001.1,1000.0,23.77,2019-05-24,23.77,1001.1
20190527,000852,中证1000指数,中证1000,CSI 1000 Index,CSI 1000,5204.42,5360.0,5179.19,5354.63,153.86,2.96,12815537800.0,1123.54,1000.0,24.42,2019-05-27,24.42,1123.54
20190528,000852,中证1000指数,中证1000,CSI 1000 Index,CSI 1000,5353.85,5414.64,5332.93,5354.53,-0.11,0.0,13938944500.0,1233.86,1000.0,24.35,2019-05-28,24.35,1233.86
20190529,000852,中证1000指数,中证1000,CSI 1000 Index,CSI 1000,5336.84,5411.08,5329.91,5376.51,21.99,0.41,12272879000.0,1079.09,1000.0,24.38,2019-05-29,24.38,1079.09
20190530,000852,中证1000指数,中证1000,CSI 1000 Index,CSI 1000,5357.49,5357.49,5270.89,5341.98,-34.53,-0.64,13334217000.0,1168.72,1000.0,24.18,2019-05-30,24.18,1168.72
20190531,000852,中证1000指数,中证1000,CSI 1000 Index,CSI 1000,5336.69,5384.48,5319.21,5334.25,-7.73,-0.14,12794045700.0,1088.45,1000.0,24.13,2019-05-31,24.13,1088.45
20190603,000852,中证1000指数,中证1000,CSI 1000 Index,CSI 1000,5341.27,5354.69,5235.52,5255.07,-79.17,-1.48,14014095700.0,1201.8,1000.0,23.76,2019-06-03,23.76,1201.8
20190604,000852,中证1000指数,中证1000,CSI 1000 Index,CSI 1000,5244.73,5249.53,5131.01,5160.98,-94.1,-1.79,11911391500.0,1032.14,1000.0,23.33,2019-06-04,23.33,1032.14
20190605,000852,中证1000指数,中证1000,CSI 1000 Index,CSI 1000,5206.15,5222.87,5148.29,5158.47,-2.51,-0.05,10859705700.0,937.64,1000.0,23.3,2019-06-05,23.3,937.64
20190606,000852,中证1000指数,中证1000,CSI 1000 Index,CSI 1000,5149.38,5149.38,5011.76,5030.8,-127.66,-2.47,11269256000.0,915.61,1000.0,22.74,2019-06-06,22.74,915.61
20190610,000852,中证1000指数,中证1000,CSI 1000 Index,CSI 1000,5043.33,5112.43,5022.0,5098.94,68.14,1.35,9852406200.0,814.4,1000.0,23.03,2019-06-10,23.03,814.4
20190611,000852,中证1000指数,中证1000,CSI 1000 Index,CSI 1000,5103.85,5289.79,5096.02,5289.62,190.69,3.74,15523564900.0,1288.57,1000.0,23.84,2019-06-11,23.84,1288.57
20190612,000852,中证1000指数,中证1000,CSI 1000 Index,CSI 1000,5276.7,5315.96,5251.05,5264.89,-24.74,-0.47,15003153800.0,1267.28,1000.0,23.71,2019-06-12,23.71,1267.28
20190613,000852,中证1000指数,中证1000,CSI 1000 Index,CSI 1000,5256.91,5306.98,5237.96,5294.11,29.23,0.56,13516814700.0,1116.87,1000.0,23.8,2019-06-13,23.8,1116.87
20190614,000852,中证1000指数,中证1000,CSI 1000 Index,CSI 1000,5297.74,5307.08,5170.98,5173.07,-121.04,-2.29,13273826500.0,1077.8,1000.0,23.27,2019-06-14,23.27,1077.8
20190617,000852,中证1000指数,中证1000,CSI 1000 Index,CSI 1000,5168.35,5192.13,5140.27,5160.67,-12.4,-0.24,9576465700.0,823.81,1000.0,23.31,2019-06-17,23.31,823.81
20190618,000852,中证1000指数,中证1000,CSI 1000 Index,CSI 1000,5160.11,5183.02,5125.1,5160.88,0.21,0.0,9200804500.0,799.11,1000.0,23.25,2019-06-18,23.25,799.11
20190619,000852,中证1000指数,中证1000,CSI 1000 Index,CSI 1000,5268.94,5292.28,5231.97,5234.28,73.4,1.42,13087875800.0,1153.49,1000.0,23.58,2019-06-19,23.58,1153.49
20190620,000852,中证1000指数,中证1000,CSI 1000 Index,CSI 1000,5228.49,5329.97,5199.87,5317.31,83.03,1.59,14803715300.0,1270.96,1000.0,23.94,2019-06-20,23.94,1270.96
20190621,000852,中证1000指数,中证1000,CSI 1000 Index,CSI 1000,5350.29,5423.19,5350.29,5406.04,88.73,1.67,16747810800.0,1461.73,1000.0,24.24,2019-06-21,24.24,1461.73
20190624,000852,中证1000指数,中证1000,CSI 1000 Index,CSI 1000,5412.55,5427.67,5374.52,5403.8,-2.24,-0.04,13085816500.0,1173.98,1000.0,24.24,2019-06-24,24.24,1173.98
20190625,000852,中证1000指数,中证1000,CSI 1000 Index,CSI 1000,5397.06,5397.06,5289.84,5351.69,-52.11,-0.96,13454471800.0,1189.82,1000.0,24.0,2019-06-25,24.0,1189.82
20190626,000852,中证1000指数,中证1000,CSI 1000 Index,CSI 1000,5323.7,5384.06,5303.24,5351.39,-0.3,-0.01,10768663000.0,986.29,1000.0,23.99,2019-06-26,23.99,986.29
20190627,000852,中证1000指数,中证1000,CSI 1000 Index,CSI 1000,5361.98,5415.36,5360.49,5397.57,46.18,0.86,12140918400.0,1137.04,1000.0,24.2,2019-06-27,24.2,1137.04
20190628,000852,中证1000指数,中证1000,CSI 1000 Index,CSI 1000,5389.98,5389.98,5289.43,5321.43,-76.14,-1.41,11952729400.0,1078.59,1000.0,23.88,2019-06-28,23.88,1078.59
20190701,000852,中证1000指数,中证1000,CSI 1000 Index,CSI 1000,5418.21,5481.41,5392.45,5481.41,159.98,3.01,14921434300.0,1390.46,1000.0,24.55,2019-07-01,24.55,1390.46
20190702,000852,中证1000指数,中证1000,CSI 1000 Index,CSI 1000,5482.44,5501.12,5462.73,5483.52,2.11,0.04,13305282000.0,1265.89,1000.0,24.58,2019-07-02,24.58,1265.89
20190703,000852,中证1000指数,中证1000,CSI 1000 Index,CSI 1000,5465.95,5465.95,5408.58,5428.51,-55.0,-1.0,12129543500.0,1122.48,1000.0,24.33,2019-07-03,24.33,1122.48
20190704,000852,中证1000指数,中证1000,CSI 1000 Index,CSI 1000,5435.48,5450.29,5381.05,5404.38,-24.13,-0.44,11408144600.0,1048.0,1000.0,24.2,2019-07-04,24.2,1048.0
20190705,000852,中证1000指数,中证1000,CSI 1000 Index,CSI 1000,5404.71,5433.69,5379.89,5424.25,19.87,0.37,9690498600.0,912.52,1000.0,24.26,2019-07-05,24.26,912.52
20190708,000852,中证1000指数,中证1000,CSI 1000 Index,CSI 1000,5410.2,5410.2,5221.95,5244.27,-179.98,-3.32,12348714500.0,1103.52,1000.0,23.49,2019-07-08,23.49,1103.52
20190709,000852,中证1000指数,中证1000,CSI 1000 Index,CSI 1000,5239.86,5270.46,5203.85,5260.34,16.08,0.31,9088317300.0,856.81,1000.0,23.47,2019-07-09,23.47,856.81
20190710,000852,中证1000指数,中证1000,CSI 1000 Index,CSI 1000,5267.27,5271.24,5196.82,5214.64,-45.7,-0.87,8698666400.0,804.76,1000.0,23.2,2019-07-10,23.2,804.76
20190711,000852,中证1000指数,中证1000,CSI 1000 Index,CSI 1000,5236.66,5271.61,5180.96,5206.4,-8.25,-0.16,8882537400.0,815.22,1000.0,23.16,2019-07-11,23.16,815.22
20190712,000852,中证1000指数,中证1000,CSI 1000 Index,CSI 1000,5209.3,5229.84,5173.05,5219.19,12.79,0.25,8487735400.0,778.46,1000.0,23.23,2019-07-12,23.23,778.46
20190715,000852,中证1000指数,中证1000,CSI 1000 Index,CSI 1000,5203.58,5289.01,5140.8,5273.81,54.63,1.05,10328513600.0,964.27,1000.0,23.45,2019-07-15,23.45,964.27
20190716,000852,中证1000指数,中证1000,CSI 1000 Index,CSI 1000,5264.65,5289.01,5254.62,5285.23,11.41,0.22,8824697200.0,838.12,1000.0,23.49,2019-07-16,23.49,838.12
20190717,000852,中证1000指数,中证1000,CSI 1000 Index,CSI 1000,5282.56,5312.71,5269.24,5289.42,4.2,0.08,9870641600.0,919.37,1000.0,23.47,2019-07-17,23.47,919.37
20190718,000852,中证1000指数,中证1000,CSI 1000 Index,CSI 1000,5265.37,5265.37,5194.6,5194.6,-94.82,-1.79,9655468000.0,871.64,1000.0,23.03,2019-07-18,23.03,871.64
20190719,000852,中证1000指数,中证1000,CSI 1000 Index,CSI 1000,5205.73,5263.34,5205.7,5220.03,25.43,0.49,8770604700.0,806.05,1000.0,23.15,2019-07-19,23.15,806.05
20190722,000852,中证1000指数,中证1000,CSI 1000 Index,CSI 1000,5222.06,5222.34,5067.1,5073.33,-146.69,-2.81,9879986000.0,853.64,1000.0,22.53,2019-07-22,22.53,853.64
20190723,000852,中证1000指数,中证1000,CSI 1000 Index,CSI 1000,5072.77,5131.1,5072.77,5131.1,57.76,1.14,7424977800.0,667.87,1000.0,22.78,2019-07-23,22.78,667.87
20190724,000852,中证1000指数,中证1000,CSI 1000 Index,CSI 1000,5141.94,5219.15,5141.9,5194.83,63.73,1.24,9197206500.0,830.94,1000.0,23.06,2019-07-24,23.06,830.94
20190725,000852,中证1000指数,中证1000,CSI 1000 Index,CSI 1000,5193.65,5220.13,5181.28,5211.09,16.26,0.31,8552072800.0,808.73,1000.0,23.14,2019-07-25,23.14,808.73
20190726,000852,中证1000指数,中证1000,CSI 1000 Index,CSI 1000,5201.56,5222.33,5188.24,5216.6,5.52,0.11,7786305200.0,738.88,1000.0,23.16,2019-07-26,23.16,738.88
20190729,000852,中证1000指数,中证1000,CSI 1000 Index,CSI 1000,5217.93,5235.01,5197.02,5218.98,2.38,0.05,7641457900.0,729.1,1000.0,23.19,2019-07-29,23.19,729.1
20190730,000852,中证1000指数,中证1000,CSI 1000 Index,CSI 1000,5217.07,5269.31,5216.81,5239.72,20.74,0.4,8437062400.0,802.01,1000.0,23.29,2019-07-30,23.29,802.01
20190731,000852,中证1000指数,中证1000,CSI 1000 Index,CSI 1000,5229.14,5229.14,5193.18,5200.09,-39.62,-0.76,8230637500.0,762.2,1000.0,23.13,2019-07-31,23.13,762.2
20190801,000852,中证1000指数,中证1000,CSI 1000 Index,CSI 1000,5172.08,5201.48,5151.39,5173.23,-26.87,-0.52,8024739000.0,746.33,1000.0,23.0,2019-08-01,23.0,746.33
20190802,000852,中证1000指数,中证1000,CSI 1000 Index,CSI 1000,5074.0,5101.14,5047.39,5091.06,-82.17,-1.59,10140519900.0,904.04,1000.0,22.66,2019-08-02,22.66,904.04
20190805,000852,中证1000指数,中证1000,CSI 1000 Index,CSI 1000,5076.11,5124.38,5032.64,5032.64,-58.42,-1.15,9106650200.0,843.45,1000.0,22.4,2019-08-05,22.4,843.45
20190806,000852,中证1000指数,中证1000,CSI 1000 Index,CSI 1000,4940.87,4940.87,4781.88,4899.82,-132.83,-2.64,12661971500.0,1064.06,1000.0,21.85,2019-08-06,21.85,1064.06
20190807,000852,中证1000指数,中证1000,CSI 1000 Index,CSI 1000,4928.14,4941.96,4884.99,4885.44,-14.38,-0.29,8995194600.0,808.2,1000.0,21.8,2019-08-07,21.8,808.2
20190808,000852,中证1000指数,中证1000,CSI 1000 Index,CSI 1000,4901.82,4936.83,4901.71,4923.33,37.89,0.78,8338825800.0,774.91,1000.0,21.97,2019-08-08,21.97,774.91
20190809,000852,中证1000指数,中证1000,CSI 1000 Index,CSI 1000,4948.52,4963.0,4861.12,4869.79,-53.53,-1.09,8953496500.0,828.81,1000.0,21.75,2019-08-09,21.75,828.81
20190812,000852,中证1000指数,中证1000,CSI 1000 Index,CSI 1000,4873.89,4952.22,4859.62,4952.22,82.42,1.69,7882421700.0,729.32,1000.0,22.12,2019-08-12,22.12,729.32
20190813,000852,中证1000指数,中证1000,CSI 1000 Index,CSI 1000,4917.89,4935.94,4903.82,4928.46,-23.75,-0.48,7901831800.0,755.48,1000.0,22.02,2019-08-13,22.02,755.48
20190814,000852,中证1000指数,中证1000,CSI 1000 Index,CSI 1000,4980.39,4997.44,4953.98,4961.75,33.29,0.68,9003471600.0,877.42,1000.0,22.18,2019-08-14,22.18,877.42
20190815,000852,中证1000指数,中证1000,CSI 1000 Index,CSI 1000,4848.87,4985.54,4829.41,4985.42,23.67,0.48,9532860900.0,894.97,1000.0,22.28,2019-08-15,22.28,894.97
20190816,000852,中证1000指数,中证1000,CSI 1000 Index,CSI 1000,4981.56,5044.21,4979.93,5013.58,28.16,0.56,9622850300.0,953.65,1000.0,22.42,2019-08-16,22.42,953.65
20190819,000852,中证1000指数,中证1000,CSI 1000 Index,CSI 1000,5054.48,5173.18,5054.48,5173.18,159.59,3.18,13103217900.0,1244.95,1000.0,23.11,2019-08-19,23.11,1244.95
20190820,000852,中证1000指数,中证1000,CSI 1000 Index,CSI 1000,5183.01,5220.68,5168.94,5185.27,12.09,0.23,13273004100.0,1251.68,1000.0,23.16,2019-08-20,23.16,1251.68
20190821,000852,中证1000指数,中证1000,CSI 1000 Index,CSI 1000,5177.87,5203.65,5168.81,5186.62,1.36,0.03,11489601300.0,1102.45,1000.0,23.17,2019-08-21,23.17,1102.45
20190822,000852,中证1000指数,中证1000,CSI 1000 Index,CSI 1000,5200.06,5208.55,5165.61,5208.55,21.93,0.42,11415236900.0,1088.47,1000.0,23.26,2019-08-22,23.26,1088.47
20190823,000852,中证1000指数,中证1000,CSI 1000 Index,CSI 1000,5210.42,5224.57,5179.47,5197.55,-11.0,-0.21,12037115300.0,1131.01,1000.0,23.22,2019-08-23,23.22,1131.01
20190826,000852,中证1000指数,中证1000,CSI 1000 Index,CSI 1000,5096.1,5186.4,5087.7,5168.68,-28.87,-0.56,12237432300.0,1095.19,1000.0,23.1,2019-08-26,23.1,1095.19
20190827,000852,中证1000指数,中证1000,CSI 1000 Index,CSI 1000,5196.14,5283.06,5196.14,5266.66,97.98,1.9,14709064800.0,1314.92,1000.0,23.52,2019-08-27,23.52,1314.92
20190828,000852,中证1000指数,中证1000,CSI 1000 Index,CSI 1000,5261.62,5274.68,5236.02,5256.18,-10.48,-0.2,14054848200.0,1266.65,1000.0,23.47,2019-08-28,23.47,1266.65
20190829,000852,中证1000指数,中证1000,CSI 1000 Index,CSI 1000,5262.96,5286.11,5249.75,5260.95,4.77,0.09,13075279300.0,1191.9,1000.0,23.5,2019-08-29,23.5,1191.9
20190830,000852,中证1000指数,中证1000,CSI 1000 Index,CSI 1000,5280.51,5289.04,5160.45,5182.96,-77.99,-1.48,14630683100.0,1396.79,1000.0,23.17,2019-08-30,23.17,1396.79
20190902,000852,中证1000指数,中证1000,CSI 1000 Index,CSI 1000,5187.4,5318.4,5187.4,5317.53,134.58,2.6,14025647400.0,1340.21,1000.0,24.11,2019-09-02,24.11,1340.21
20190903,000852,中证1000指数,中证1000,CSI 1000 Index,CSI 1000,5324.69,5357.06,5310.27,5357.06,39.53,0.74,14329422400.0,1407.8,1000.0,24.28,2019-09-03,24.28,1407.8
20190904,000852,中证1000指数,中证1000,CSI 1000 Index,CSI 1000,5345.94,5394.71,5336.57,5394.71,37.65,0.7,15196444200.0,1450.64,1000.0,24.45,2019-09-04,24.45,1450.64
20190905,000852,中证1000指数,中证1000,CSI 1000 Index,CSI 1000,5423.96,5504.94,5418.92,5445.57,50.87,0.94,19291145500.0,1866.32,1000.0,24.65,2019-09-05,24.65,1866.32
20190906,000852,中证1000指数,中证1000,CSI 1000 Index,CSI 1000,5461.33,5479.12,5425.37,5468.46,22.88,0.42,15200558900.0,1530.27,1000.0,24.76,2019-09-06,24.76,1530.27
20190909,000852,中证1000指数,中证1000,CSI 1000 Index,CSI 1000,5516.53,5602.24,5495.16,5602.24,133.78,2.45,17510270000.0,1777.05,1000.0,25.33,2019-09-09,25.33,1777.05
20190910,000852,中证1000指数,中证1000,CSI 1000 Index,CSI 1000,5608.74,5625.92,5573.99,5614.58,12.33,0.22,17582553300.0,1822.14,1000.0,25.4,2019-09-10,25.4,1822.14
20190911,000852,中证1000指数,中证1000,CSI 1000 Index,CSI 1000,5630.2,5634.44,5564.94,5566.41,-48.17,-0.86,15766264700.0,1579.94,1000.0,25.18,2019-09-11,25.18,1579.94
20190912,000852,中证1000指数,中证1000,CSI 1000 Index,CSI 1000,5580.6,5601.47,5546.25,5592.92,26.51,0.48,13153981700.0,1284.6,1000.0,25.28,2019-09-12,25.28,1284.6
20190916,000852,中证1000指数,中证1000,CSI 1000 Index,CSI 1000,5613.57,5650.67,5600.8,5627.24,34.31,0.61,15123977800.0,1481.05,1000.0,25.41,2019-09-16,25.41,1481.05
20190917,000852,中证1000指数,中证1000,CSI 1000 Index,CSI 1000,5614.16,5614.16,5471.43,5492.22,-135.01,-2.4,15520818900.0,1474.44,1000.0,24.84,2019-09-17,24.84,1474.44
20190918,000852,中证1000指数,中证1000,CSI 1000 Index,CSI 1000,5501.84,5515.22,5467.91,5485.88,-6.34,-0.12,11540659900.0,1169.07,1000.0,24.84,2019-09-18,24.84,1169.07
20190919,000852,中证1000指数,中证1000,CSI 1000 Index,CSI 1000,5497.24,5550.41,5468.75,5550.41,64.53,1.18,11815086500.0,1211.51,1000.0,25.13,2019-09-19,25.13,1211.51
20190920,000852,中证1000指数,中证1000,CSI 1000 Index,CSI 1000,5560.04,5576.79,5533.28,5556.48,6.07,0.11,12646943300.0,1321.47,1000.0,25.18,2019-09-20,25.18,1321.47
20190923,000852,中证1000指数,中证1000,CSI 1000 Index,CSI 1000,5538.73,5538.73,5462.27,5501.21,-55.26,-0.99,12142715200.0,1233.5,1000.0,24.92,2019-09-23,24.92,1233.5
20190924,000852,中证1000指数,中证1000,CSI 1000 Index,CSI 1000,5504.5,5568.22,5495.46,5528.89,27.68,0.5,12689542900.0,1388.86,1000.0,25.05,2019-09-24,25.05,1388.86
20190925,000852,中证1000指数,中证1000,CSI 1000 Index,CSI 1000,5502.16,5502.16,5421.62,5421.62,-107.27,-1.94,12964395900.0,1354.25,1000.0,24.59,2019-09-25,24.59,1354.25
20190926,000852,中证1000指数,中证1000,CSI 1000 Index,CSI 1000,5428.61,5436.95,5244.08,5244.08,-177.55,-3.27,13073522100.0,1300.93,1000.0,23.82,2019-09-26,23.82,1300.93
20190927,000852,中证1000指数,中证1000,CSI 1000 Index,CSI 1000,5241.51,5313.08,5241.51,5291.44,47.36,0.9,9061738200.0,932.43,1000.0,24.02,2019-09-27,24.02,932.43
20190930,000852,中证1000指数,中证1000,CSI 1000 Index,CSI 1000,5297.02,5315.34,5232.39,5232.39,-59.05,-1.12,7753791600.0,793.81,1000.0,23.77,2019-09-30,23.77,793.81
20191008,000852,中证1000指数,中证1000,CSI 1000 Index,CSI 1000,5242.02,5280.59,5226.26,5237.18,4.8,0.09,7883037700.0,813.73,1000.0,23.79,2019-10-08,23.79,813.73
20191009,000852,中证1000指数,中证1000,CSI 1000 Index,CSI 1000,5220.2,5285.15,5191.06,5285.15,47.97,0.92,8153773200.0,830.89,1000.0,24.01,2019-10-09,24.01,830.89
20191010,000852,中证1000指数,中证1000,CSI 1000 Index,CSI 1000,5291.55,5367.1,5281.86,5366.93,81.78,1.55,9480331900.0,986.23,1000.0,24.39,2019-10-10,24.39,986.23
20191011,000852,中证1000指数,中证1000,CSI 1000 Index,CSI 1000,5371.4,5392.78,5327.79,5370.65,3.73,0.07,10650553300.0,1058.5,1000.0,24.39,2019-10-11,24.39,1058.5
20191014,000852,中证1000指数,中证1000,CSI 1000 Index,CSI 1000,5411.65,5463.54,5402.63,5455.61,84.95,1.58,12745390100.0,1220.07,1000.0,24.76,2019-10-14,24.76,1220.07
20191015,000852,中证1000指数,中证1000,CSI 1000 Index,CSI 1000,5429.94,5429.94,5367.14,5375.53,-80.08,-1.47,12013337100.0,1125.86,1000.0,24.4,2019-10-15,24.4,1125.86
20191016,000852,中证1000指数,中证1000,CSI 1000 Index,CSI 1000,5377.75,5397.07,5350.15,5353.02,-22.51,-0.42,10511124200.0,982.13,1000.0,24.32,2019-10-16,24.32,982.13
20191017,000852,中证1000指数,中证1000,CSI 1000 Index,CSI 1000,5354.41,5371.67,5331.73,5347.27,-5.75,-0.11,9205192300.0,873.63,1000.0,24.31,2019-10-17,24.31,873.63
20191018,000852,中证1000指数,中证1000,CSI 1000 Index,CSI 1000,5350.64,5374.6,5267.93,5280.53,-66.73,-1.25,10717643600.0,1001.33,1000.0,24.03,2019-10-18,24.03,1001.33
20191021,000852,中证1000指数,中证1000,CSI 1000 Index,CSI 1000,5273.64,5273.64,5200.93,5247.3,-33.23,-0.63,9111191000.0,869.43,1000.0,23.85,2019-10-21,23.85,869.43
20191022,000852,中证1000指数,中证1000,CSI 1000 Index,CSI 1000,5252.19,5312.46,5249.96,5312.46,65.16,1.24,9035044800.0,874.13,1000.0,24.15,2019-10-22,24.15,874.13
20191023,000852,中证1000指数,中证1000,CSI 1000 Index,CSI 1000,5311.76,5314.36,5257.77,5269.72,-42.74,-0.8,9446403400.0,906.66,1000.0,23.93,2019-10-23,23.93,906.66
20191024,000852,中证1000指数,中证1000,CSI 1000 Index,CSI 1000,5262.93,5274.32,5220.55,5259.45,-10.27,-0.19,9472291800.0,867.21,1000.0,23.88,2019-10-24,23.88,867.21
20191025,000852,中证1000指数,中证1000,CSI 1000 Index,CSI 1000,5254.37,5307.75,5227.89,5300.09,40.64,0.77,10122951900.0,952.0,1000.0,24.07,2019-10-25,24.07,952.0
20191028,000852,中证1000指数,中证1000,CSI 1000 Index,CSI 1000,5343.5,5425.75,5343.44,5425.75,125.66,2.37,13622488300.0,1295.15,1000.0,24.59,2019-10-28,24.59,1295.15
20191029,000852,中证1000指数,中证1000,CSI 1000 Index,CSI 1000,5434.31,5434.31,5366.75,5366.75,-59.0,-1.09,15500445600.0,1451.39,1000.0,24.35,2019-10-29,24.35,1451.39
20191030,000852,中证1000指数,中证1000,CSI 1000 Index,CSI 1000,5349.08,5351.86,5301.64,5313.42,-53.34,-0.99,13996647600.0,1303.46,1000.0,24.15,2019-10-30,24.15,1303.46
20191031,000852,中证1000指数,中证1000,CSI 1000 Index,CSI 1000,5310.66,5329.2,5252.17,5253.88,-59.54,-1.12,11997982400.0,1145.32,1000.0,23.92,2019-10-31,23.92,1145.32
20191101,000852,中证1000指数,中证1000,CSI 1000 Index,CSI 1000,5234.75,5308.93,5227.11,5303.99,50.11,0.95,10699498800.0,1020.87,1000.0,23.63,2019-11-01,23.63,1020.87
20191104,000852,中证1000指数,中证1000,CSI 1000 Index,CSI 1000,5316.6,5365.59,5316.6,5337.08,33.09,0.62,11448948800.0,1158.54,1000.0,23.81,2019-11-04,23.81,1158.54
20191105,000852,中证1000指数,中证1000,CSI 1000 Index,CSI 1000,5341.17,5362.44,5306.05,5352.06,14.98,0.28,11388564600.0,1148.47,1000.0,23.88,2019-11-05,23.88,1148.47
20191106,000852,中证1000指数,中证1000,CSI 1000 Index,CSI 1000,5348.45,5356.31,5286.44,5304.84,-47.22,-0.88,11117434900.0,1103.15,1000.0,23.69,2019-11-06,23.69,1103.15
20191107,000852,中证1000指数,中证1000,CSI 1000 Index,CSI 1000,5300.67,5347.66,5294.2,5340.17,35.33,0.67,9669546000.0,992.48,1000.0,23.84,2019-11-07,23.84,992.48
20191108,000852,中证1000指数,中证1000,CSI 1000 Index,CSI 1000,5361.27,5375.06,5318.77,5321.78,-18.39,-0.34,10409393300.0,1077.87,1000.0,23.78,2019-11-08,23.78,1077.87
20191111,000852,中证1000指数,中证1000,CSI 1000 Index,CSI 1000,5289.63,5289.63,5175.62,5183.57,-138.21,-2.6,10690729400.0,1017.89,1000.0,23.16,2019-11-11,23.16,1017.89
20191112,000852,中证1000指数,中证1000,CSI 1000 Index,CSI 1000,5183.48,5196.72,5123.3,5196.72,13.14,0.25,9395997400.0,879.82,1000.0,23.21,2019-11-12,23.21,879.82
20191113,000852,中证1000指数,中证1000,CSI 1000 Index,CSI 1000,5188.88,5200.24,5160.33,5181.49,-15.22,-0.29,8665440000.0,835.2,1000.0,23.17,2019-11-13,23.17,835.2
20191114,000852,中证1000指数,中证1000,CSI 1000 Index,CSI 1000,5180.31,5229.09,5177.11,5216.64,35.15,0.68,8958483400.0,898.62,1000.0,23.33,2019-11-14,23.33,898.62
20191115,000852,中证1000指数,中证1000,CSI 1000 Index,CSI 1000,5208.37,5220.06,5152.56,5152.56,-64.08,-1.23,9472942900.0,949.89,1000.0,23.06,2019-11-15,23.06,949.89
20191118,000852,中证1000指数,中证1000,CSI 1000 Index,CSI 1000,5147.03,5192.85,5139.96,5189.35,36.79,0.71,8567186200.0,842.79,1000.0,23.23,2019-11-18,23.23,842.79
20191119,000852,中证1000指数,中证1000,CSI 1000 Index,CSI 1000,5192.68,5286.15,5187.77,5286.15,96.8,1.87,10437416700.0,1031.79,1000.0,23.64,2019-11-19,23.64,1031.79
20191120,000852,中证1000指数,中证1000,CSI 1000 Index,CSI 1000,5281.85,5303.93,5251.08,5259.47,-26.68,-0.5,10626106900.0,1058.98,1000.0,23.54,2019-11-20,23.54,1058.98
20191121,000852,中证1000指数,中证1000,CSI 1000 Index,CSI 1000,5238.6,5274.23,5228.26,5250.67,-8.8,-0.17,9292371400.0,870.03,1000.0,23.49,2019-11-21,23.49,870.03
20191122,000852,中证1000指数,中证1000,CSI 1000 Index,CSI 1000,5255.43,5296.33,5157.55,5181.11,-69.56,-1.32,11574788800.0,1109.43,1000.0,23.14,2019-11-22,23.14,1109.43
20191125,000852,中证1000指数,中证1000,CSI 1000 Index,CSI 1000,5179.15,5185.45,5107.51,5151.37,-29.74,-0.57,10605378700.0,949.18,1000.0,23.01,2019-11-25,23.01,949.18
20191126,000852,中证1000指数,中证1000,CSI 1000 Index,CSI 1000,5154.92,5170.49,5131.54,5147.73,-3.64,-0.07,9106891000.0,817.67,1000.0,23.0,2019-11-26,23.0,817.67
20191127,000852,中证1000指数,中证1000,CSI 1000 Index,CSI 1000,5138.06,5170.6,5121.32,5145.97,-1.76,-0.03,9186449800.0,842.66,1000.0,22.99,2019-11-27,22.99,842.66
20191128,000852,中证1000指数,中证1000,CSI 1000 Index,CSI 1000,5142.38,5165.65,5120.55,5131.13,-14.84,-0.29,8509401600.0,789.14,1000.0,22.93,2019-11-28,22.93,789.14
20191129,000852,中证1000指数,中证1000,CSI 1000 Index,CSI 1000,5130.28,5137.29,5082.77,5126.61,-4.51,-0.09,8018168000.0,752.44,1000.0,22.88,2019-11-29,22.88,752.44
20191202,000852,中证1000指数,中证1000,CSI 1000 Index,CSI 1000,5131.89,5156.87,5124.55,5137.78,11.17,0.22,8177751900.0,784.67,1000.0,22.94,2019-12-02,22.94,784.67
20191203,000852,中证1000指数,中证1000,CSI 1000 Index,CSI 1000,5119.75,5171.36,5097.08,5171.36,33.57,0.65,8573855100.0,827.72,1000.0,23.07,2019-12-03,23.07,827.72
20191204,000852,中证1000指数,中证1000,CSI 1000 Index,CSI 1000,5148.41,5188.36,5140.39,5179.69,8.34,0.16,8762641800.0,850.35,1000.0,23.13,2019-12-04,23.13,850.35
20191205,000852,中证1000指数,中证1000,CSI 1000 Index,CSI 1000,5190.08,5246.03,5187.91,5238.13,58.44,1.13,9945104400.0,1000.36,1000.0,23.43,2019-12-05,23.43,1000.36
20191206,000852,中证1000指数,中证1000,CSI 1000 Index,CSI 1000,5241.09,5275.51,5226.26,5275.51,37.38,0.71,10039062000.0,992.35,1000.0,23.6,2019-12-06,23.6,992.35
20191209,000852,中证1000指数,中证1000,CSI 1000 Index,CSI 1000,5286.2,5302.29,5269.18,5294.28,18.77,0.36,11232067900.0,1097.04,1000.0,23.66,2019-12-09,23.66,1097.04
20191210,000852,中证1000指数,中证1000,CSI 1000 Index,CSI 1000,5286.04,5326.36,5272.2,5326.36,32.08,0.61,11820831300.0,1113.9,1000.0,23.78,2019-12-10,23.78,1113.9
20191211,000852,中证1000指数,中证1000,CSI 1000 Index,CSI 1000,5323.86,5333.32,5291.25,5304.88,-21.48,-0.4,12116180900.0,1138.02,1000.0,23.68,2019-12-11,23.68,1138.02
20191212,000852,中证1000指数,中证1000,CSI 1000 Index,CSI 1000,5302.72,5334.26,5292.47,5304.42,-0.46,-0.01,11940244400.0,1155.09,1000.0,23.68,2019-12-12,23.68,1155.09
20191213,000852,中证1000指数,中证1000,CSI 1000 Index,CSI 1000,5334.58,5379.29,5327.12,5375.98,71.55,1.35,12208484900.0,1231.38,1000.0,24.02,2019-12-13,24.02,1231.38
20191216,000852,中证1000指数,中证1000,CSI 1000 Index,CSI 1000,5391.47,5476.99,5387.55,5476.99,101.01,1.88,14687245900.0,1504.23,1000.0,24.6,2019-12-16,24.6,1504.23
20191217,000852,中证1000指数,中证1000,CSI 1000 Index,CSI 1000,5479.9,5555.25,5475.43,5545.62,68.63,1.25,17754242100.0,1750.06,1000.0,24.87,2019-12-17,24.87,1750.06
20191218,000852,中证1000指数,中证1000,CSI 1000 Index,CSI 1000,5546.28,5575.65,5529.82,5543.79,-1.83,-0.03,16570245300.0,1644.07,1000.0,24.88,2019-12-18,24.88,1644.07
20191219,000852,中证1000指数,中证1000,CSI 1000 Index,CSI 1000,5544.66,5579.82,5534.51,5568.11,24.33,0.44,15413649500.0,1489.46,1000.0,24.95,2019-12-19,24.95,1489.46
20191220,000852,中证1000指数,中证1000,CSI 1000 Index,CSI 1000,5571.63,5580.34,5501.16,5501.16,-66.96,-1.2,14977734500.0,1419.5,1000.0,24.67,2019-12-20,24.67,1419.5
20191223,000852,中证1000指数,中证1000,CSI 1000 Index,CSI 1000,5478.57,5485.78,5375.02,5377.09,-124.07,-2.26,13218357900.0,1271.5,1000.0,24.16,2019-12-23,24.16,1271.5
20191224,000852,中证1000指数,中证1000,CSI 1000 Index,CSI 1000,5388.21,5471.74,5386.97,5471.74,94.65,1.76,11281172700.0,1123.84,1000.0,24.55,2019-12-24,24.55,1123.84
20191225,000852,中证1000指数,中证1000,CSI 1000 Index,CSI 1000,5467.75,5517.2,5461.38,5504.42,32.68,0.6,12468163500.0,1309.34,1000.0,24.68,2019-12-25,24.68,1309.34
20191226,000852,中证1000指数,中证1000,CSI 1000 Index,CSI 1000,5503.3,5543.7,5497.9,5543.66,39.25,0.71,12444564400.0,1289.83,1000.0,24.88,2019-12-26,24.88,1289.83
20191227,000852,中证1000指数,中证1000,CSI 1000 Index,CSI 1000,5548.35,5576.26,5494.97,5498.93,-44.74,-0.81,15551573800.0,1552.4,1000.0,24.69,2019-12-27,24.69,1552.4
20191230,000852,中证1000指数,中证1000,CSI 1000 Index,CSI 1000,5478.0,5530.0,5413.87,5530.0,31.07,0.57,14341182000.0,1403.13,1000.0,24.86,2019-12-30,24.86,1403.13
20191231,000852,中证1000指数,中证1000,CSI 1000 Index,CSI 1000,5524.43,5567.86,5520.01,5567.03,37.04,0.67,13287012400.0,1324.64,1000.0,25.03,2019-12-31,25.03,1324.64
20200102,000852,中证1000指数,中证1000,CSI 1000 Index,CSI 1000,5603.93,5682.64,5586.14,5676.56,109.52,1.97,17871256300.0,1768.75,1000.0,25.53,2020-01-02,25.53,1768.75
20200103,000852,中证1000指数,中证1000,CSI 1000 Index,CSI 1000,5685.08,5717.51,5667.74,5706.04,29.49,0.52,17900681800.0,1782.95,1000.0,25.64,2020-01-03,25.64,1782.95
20200106,000852,中证1000指数,中证1000,CSI 1000 Index,CSI 1000,5686.16,5803.86,5670.34,5764.73,58.69,1.03,20848750900.0,2032.11,1000.0,25.86,2020-01-06,25.86,2032.11
20200107,000852,中证1000指数,中证1000,CSI 1000 Index,CSI 1000,5772.66,5852.36,5772.66,5852.36,87.63,1.52,20344034700.0,2015.37,1000.0,26.27,2020-01-07,26.27,2015.37
20200108,000852,中证1000指数,中证1000,CSI 1000 Index,CSI 1000,5827.38,5858.87,5759.33,5772.47,-79.89,-1.37,21897406000.0,2138.88,1000.0,25.91,2020-01-08,25.91,2138.88
20200109,000852,中证1000指数,中证1000,CSI 1000 Index,CSI 1000,5815.74,5864.18,5815.74,5864.18,91.71,1.59,18638846000.0,1873.37,1000.0,26.4,2020-01-09,26.4,1873.37
20200110,000852,中证1000指数,中证1000,CSI 1000 Index,CSI 1000,5879.21,5885.33,5824.65,5851.89,-12.29,-0.21,16918594600.0,1738.51,1000.0,26.39,2020-01-10,26.39,1738.51
20200113,000852,中证1000指数,中证1000,CSI 1000 Index,CSI 1000,5844.96,5926.72,5822.42,5926.72,74.83,1.28,16072879400.0,1723.63,1000.0,26.75,2020-01-13,26.75,1723.63
20200114,000852,中证1000指数,中证1000,CSI 1000 Index,CSI 1000,5939.9,5948.04,5911.69,5914.11,-12.61,-0.21,17682232800.0,1843.4,1000.0,26.68,2020-01-14,26.68,1843.4
20200115,000852,中证1000指数,中证1000,CSI 1000 Index,CSI 1000,5903.76,5920.08,5859.11,5913.52,-0.6,-0.01,16008473700.0,1658.78,1000.0,26.71,2020-01-15,26.71,1658.78
20200116,000852,中证1000指数,中证1000,CSI 1000 Index,CSI 1000,5917.23,5934.17,5892.73,5902.13,-11.39,-0.19,14795385900.0,1627.79,1000.0,26.68,2020-01-16,26.68,1627.79
20200117,000852,中证1000指数,中证1000,CSI 1000 Index,CSI 1000,5913.79,5927.54,5869.17,5879.41,-22.72,-0.38,14281968600.0,1571.12,1000.0,26.61,2020-01-17,26.61,1571.12
20200120,000852,中证1000指数,中证1000,CSI 1000 Index,CSI 1000,5880.13,5954.89,5862.14,5954.87,75.45,1.28,14836027900.0,1676.25,1000.0,26.96,2020-01-20,26.96,1676.25
20200121,000852,中证1000指数,中证1000,CSI 1000 Index,CSI 1000,5952.0,5952.0,5901.0,5901.86,-53.01,-0.89,15633232100.0,1726.04,1000.0,26.71,2020-01-21,26.71,1726.04
20200122,000852,中证1000指数,中证1000,CSI 1000 Index,CSI 1000,5867.22,5942.11,5784.68,5919.59,17.73,0.3,16272830300.0,1801.81,1000.0,26.79,2020-01-22,26.79,1801.81
20200123,000852,中证1000指数,中证1000,CSI 1000 Index,CSI 1000,5852.2,5897.9,5643.84,5699.01,-220.58,-3.73,18476262100.0,1995.58,1000.0,25.8,2020-01-23,25.8,1995.58
20200203,000852,中证1000指数,中证1000,CSI 1000 Index,CSI 1000,5180.59,5227.07,5179.26,5200.16,-498.85,-8.75,8441654400.0,829.67,1000.0,23.56,2020-02-03,23.56,829.67
20200204,000852,中证1000指数,中证1000,CSI 1000 Index,CSI 1000,4923.19,5234.25,4923.19,5212.1,11.94,0.23,23820114700.0,2173.91,1000.0,23.68,2020-02-04,23.68,2173.91
20200205,000852,中证1000指数,中证1000,CSI 1000 Index,CSI 1000,5242.33,5414.76,5242.33,5348.34,136.24,2.61,20794004100.0,2112.16,1000.0,24.23,2020-02-05,24.23,2112.16
20200206,000852,中证1000指数,中证1000,CSI 1000 Index,CSI 1000,5353.19,5538.94,5326.21,5515.64,167.3,3.13,21848171700.0,2218.47,1000.0,24.96,2020-02-06,24.96,2218.47
20200207,000852,中证1000指数,中证1000,CSI 1000 Index,CSI 1000,5535.13,5588.77,5472.87,5583.6,67.95,1.23,22692872800.0,2342.11,1000.0,25.27,2020-02-07,25.27,2342.11
20200210,000852,中证1000指数,中证1000,CSI 1000 Index,CSI 1000,5586.95,5662.42,5567.05,5661.56,77.97,1.4,21806813300.0,2259.35,1000.0,25.63,2020-02-10,25.63,2259.35
20200211,000852,中证1000指数,中证1000,CSI 1000 Index,CSI 1000,5656.52,5666.73,5590.89,5623.26,-38.3,-0.68,18815788000.0,1904.85,1000.0,25.52,2020-02-11,25.52,1904.85
20200212,000852,中证1000指数,中证1000,CSI 1000 Index,CSI 1000,5605.93,5754.26,5602.3,5754.26,131.0,2.33,20227908600.0,2122.21,1000.0,26.04,2020-02-12,26.04,2122.21
20200213,000852,中证1000指数,中证1000,CSI 1000 Index,CSI 1000,5758.92,5782.57,5690.01,5707.53,-46.73,-0.81,22191619700.0,2346.5,1000.0,25.82,2020-02-13,25.82,2346.5
20200214,000852,中证1000指数,中证1000,CSI 1000 Index,CSI 1000,5696.1,5783.64,5677.79,5727.83,20.3,0.36,19967995500.0,2138.76,1000.0,25.94,2020-02-14,25.94,2138.76
20200217,000852,中证1000指数,中证1000,CSI 1000 Index,CSI 1000,5766.55,5936.48,5766.55,5936.48,208.65,3.64,22891479400.0,2428.95,1000.0,26.88,2020-02-17,26.88,2428.95
20200218,000852,中证1000指数,中证1000,CSI 1000 Index,CSI 1000,5948.65,6072.19,5940.62,6072.19,135.71,2.29,25409939100.0,2758.01,1000.0,27.47,2020-02-18,27.47,2758.01
20200219,000852,中证1000指数,中证1000,CSI 1000 Index,CSI 1000,6058.69,6113.87,6018.05,6018.05,-54.14,-0.89,25932033000.0,2890.45,1000.0,27.25,2020-02-19,27.25,2890.45
20200220,000852,中证1000指数,中证1000,CSI 1000 Index,CSI 1000,6032.4,6135.35,5979.05,6134.39,116.34,1.93,24895394200.0,2717.86,1000.0,27.75,2020-02-20,27.75,2717.86
20200221,000852,中证1000指数,中证1000,CSI 1000 Index,CSI 1000,6141.79,6278.48,6136.08,6243.48,109.09,1.78,27776725800.0,3106.74,1000.0,28.2,2020-02-21,28.2,3106.74
20200224,000852,中证1000指数,中证1000,CSI 1000 Index,CSI 1000,6254.32,6399.3,6236.09,6380.41,136.94,2.19,29829951400.0,3437.73,1000.0,28.81,2020-02-24,28.81,3437.73
20200225,000852,中证1000指数,中证1000,CSI 1000 Index,CSI 1000,6233.52,6420.35,6096.15,6407.14,26.73,0.42,34823976600.0,3953.94,1000.0,28.87,2020-02-25,28.87,3953.94
20200226,000852,中证1000指数,中证1000,CSI 1000 Index,CSI 1000,6315.33,6388.06,6200.26,6221.84,-185.31,-2.89,32709303500.0,3481.2,1000.0,28.02,2020-02-26,28.02,3481.2
20200227,000852,中证1000指数,中证1000,CSI 1000 Index,CSI 1000,6254.39,6321.12,6135.95,6232.09,10.25,0.16,26802921600.0,2823.71,1000.0,28.13,2020-02-27,28.13,2823.71
20200228,000852,中证1000指数,中证1000,CSI 1000 Index,CSI 1000,5999.21,6091.69,5870.91,5870.97,-361.12,-5.79,28461592800.0,2875.63,1000.0,26.58,2020-02-28,26.58,2875.63
20200302,000852,中证1000指数,中证1000,CSI 1000 Index,CSI 1000,5946.83,6143.73,5931.04,6113.41,242.44,4.13,24586545700.0,2534.6,1000.0,27.68,2020-03-02,27.68,2534.6
20200303,000852,中证1000指数,中证1000,CSI 1000 Index,CSI 1000,6225.96,6322.27,6132.71,6195.89,82.48,1.35,29409319600.0,3075.24,1000.0,28.05,2020-03-03,28.05,3075.24
20200304,000852,中证1000指数,中证1000,CSI 1000 Index,CSI 1000,6146.77,6231.64,6101.05,6226.53,30.64,0.49,25445405400.0,2553.94,1000.0,28.3,2020-03-04,28.3,2553.94
20200305,000852,中证1000指数,中证1000,CSI 1000 Index,CSI 1000,6312.43,6327.54,6248.98,6315.83,89.3,1.43,29607977600.0,2915.49,1000.0,28.71,2020-03-05,28.71,2915.49
20200306,000852,中证1000指数,中证1000,CSI 1000 Index,CSI 1000,6236.26,6344.08,6225.7,6296.74,-19.1,-0.3,26626312800.0,2549.72,1000.0,28.63,2020-03-06,28.63,2549.72
20200309,000852,中证1000指数,中证1000,CSI 1000 Index,CSI 1000,6198.2,6239.25,6049.62,6049.62,-247.12,-3.92,28718449000.0,2825.61,1000.0,27.52,2020-03-09,27.52,2825.61
20200310,000852,中证1000指数,中证1000,CSI 1000 Index,CSI 1000,5965.36,6206.41,5902.39,6206.41,156.79,2.59,28539620000.0,2816.97,1000.0,28.17,2020-03-10,28.17,2816.97
20200311,000852,中证1000指数,中证1000,CSI 1000 Index,CSI 1000,6219.93,6268.94,6122.91,6122.91,-83.5,-1.35,26457680600.0,2635.23,1000.0,27.78,2020-03-11,27.78,2635.23
20200312,000852,中证1000指数,中证1000,CSI 1000 Index,CSI 1000,6026.06,6071.62,5938.93,5999.64,-123.27,-2.01,21964603700.0,2130.4,1000.0,27.2,2020-03-12,27.2,2130.4
20200313,000852,中证1000指数,中证1000,CSI 1000 Index,CSI 1000,5681.59,5999.77,5681.59,5945.46,-54.18,-0.9,25119164100.0,2428.86,1000.0,26.92,2020-03-13,26.92,2428.86
20200316,000852,中证1000指数,中证1000,CSI 1000 Index,CSI 1000,5999.54,6007.26,5638.39,5657.77,-287.69,-4.84,24660465200.0,2426.36,1000.0,25.64,2020-03-16,25.64,2426.36
20200317,000852,中证1000指数,中证1000,CSI 1000 Index,CSI 1000,5707.42,5756.2,5436.6,5642.92,-14.86,-0.26,20715772400.0,1968.94,1000.0,25.57,2020-03-17,25.57,1968.94
20200318,000852,中证1000指数,中证1000,CSI 1000 Index,CSI 1000,5702.17,5804.3,5556.11,5556.11,-86.81,-1.54,20511482900.0,2084.58,1000.0,25.21,2020-03-18,25.21,2084.58
20200319,000852,中证1000指数,中证1000,CSI 1000 Index,CSI 1000,5552.51,5641.04,5453.04,5617.19,61.09,1.1,19081576100.0,1883.77,1000.0,25.36,2020-03-19,25.36,1883.77
20200320,000852,中证1000指数,中证1000,CSI 1000 Index,CSI 1000,5676.97,5688.95,5574.62,5670.47,53.28,0.95,17274400000.0,1741.69,1000.0,25.62,2020-03-20,25.62,1741.69
20200323,000852,中证1000指数,中证1000,CSI 1000 Index,CSI 1000,5514.93,5575.53,5398.95,5416.57,-253.9,-4.48,17033839300.0,1644.88,1000.0,24.49,2020-03-23,24.49,1644.88
20200324,000852,中证1000指数,中证1000,CSI 1000 Index,CSI 1000,5522.18,5535.93,5344.42,5517.26,100.68,1.86,17545230600.0,1703.52,1000.0,24.96,2020-03-24,24.96,1703.52
20200325,000852,中证1000指数,中证1000,CSI 1000 Index,CSI 1000,5632.41,5652.43,5589.96,5646.63,129.37,2.34,18211481100.0,1738.26,1000.0,25.56,2020-03-25,25.56,1738.26
20200326,000852,中证1000指数,中证1000,CSI 1000 Index,CSI 1000,5606.63,5666.13,5582.93,5595.43,-51.19,-0.91,16599923400.0,1561.97,1000.0,25.39,2020-03-26,25.39,1561.97
20200327,000852,中证1000指数,中证1000,CSI 1000 Index,CSI 1000,5659.59,5665.62,5550.54,5553.61,-41.82,-0.75,15439184200.0,1487.38,1000.0,25.25,2020-03-27,25.25,1487.38
20200330,000852,中证1000指数,中证1000,CSI 1000 Index,CSI 1000,5472.15,5472.15,5362.8,5415.41,-138.2,-2.49,15955046300.0,1520.32,1000.0,24.64,2020-03-30,24.64,1520.32
20200331,000852,中证1000指数,中证1000,CSI 1000 Index,CSI 1000,5465.37,5479.02,5414.31,5427.13,11.72,0.22,14180952400.0,1345.77,1000.0,24.75,2020-03-31,24.75,1345.77
20200401,000852,中证1000指数,中证1000,CSI 1000 Index,CSI 1000,5413.55,5491.47,5391.54,5403.3,-23.83,-0.44,14726358200.0,1417.79,1000.0,24.62,2020-04-01,24.62,1417.79
20200402,000852,中证1000指数,中证1000,CSI 1000 Index,CSI 1000,5376.66,5538.6,5367.57,5538.6,135.3,2.5,14593875900.0,1457.62,1000.0,25.22,2020-04-02,25.22,1457.62
20200403,000852,中证1000指数,中证1000,CSI 1000 Index,CSI 1000,5525.77,5558.38,5482.06,5507.12,-31.49,-0.57,14057768900.0,1427.65,1000.0,25.12,2020-04-03,25.12,1427.65
20200407,000852,中证1000指数,中证1000,CSI 1000 Index,CSI 1000,5605.27,5697.76,5599.82,5695.17,188.05,3.41,17892414200.0,1766.86,1000.0,25.95,2020-04-07,25.95,1766.86
20200408,000852,中证1000指数,中证1000,CSI 1000 Index,CSI 1000,5673.34,5739.3,5661.95,5718.13,22.96,0.4,18330136700.0,1762.21,1000.0,26.0,2020-04-08,26.0,1762.21
20200409,000852,中证1000指数,中证1000,CSI 1000 Index,CSI 1000,5750.89,5802.65,5740.03,5789.26,71.14,1.24,18252476100.0,1716.23,1000.0,26.3,2020-04-09,26.3,1716.23
20200410,000852,中证1000指数,中证1000,CSI 1000 Index,CSI 1000,5787.54,5787.54,5619.7,5637.53,-151.73,-2.62,19147239800.0,1824.71,1000.0,25.64,2020-04-10,25.64,1824.71
20200413,000852,中证1000指数,中证1000,CSI 1000 Index,CSI 1000,5590.32,5613.41,5542.57,5578.86,-58.68,-1.04,13932857200.0,1317.15,1000.0,25.4,2020-04-13,25.4,1317.15
20200414,000852,中证1000指数,中证1000,CSI 1000 Index,CSI 1000,5605.91,5692.0,5599.91,5692.0,113.14,2.03,14234415900.0,1418.5,1000.0,25.92,2020-04-14,25.92,1418.5
20200415,000852,中证1000指数,中证1000,CSI 1000 Index,CSI 1000,5689.73,5720.42,5655.22,5657.95,-34.05,-0.6,16440192700.0,1631.66,1000.0,25.78,2020-04-15,25.78,1631.66
20200416,000852,中证1000指数,中证1000,CSI 1000 Index,CSI 1000,5626.84,5711.72,5617.05,5700.96,43.01,0.76,15629419700.0,1565.1,1000.0,25.98,2020-04-16,25.98,1565.1
20200417,000852,中证1000指数,中证1000,CSI 1000 Index,CSI 1000,5735.9,5764.79,5702.01,5710.05,9.09,0.16,18555204900.0,1883.55,1000.0,26.02,2020-04-17,26.02,1883.55
20200420,000852,中证1000指数,中证1000,CSI 1000 Index,CSI 1000,5722.73,5803.4,5714.32,5803.4,93.35,1.63,16367996800.0,1663.95,1000.0,26.48,2020-04-20,26.48,1663.95
20200421,000852,中证1000指数,中证1000,CSI 1000 Index,CSI 1000,5780.86,5780.86,5711.17,5773.01,-30.39,-0.52,17500151900.0,1742.78,1000.0,26.35,2020-04-21,26.35,1742.78
20200422,000852,中证1000指数,中证1000,CSI 1000 Index,CSI 1000,5721.53,5826.58,5710.81,5826.56,53.55,0.93,16843960500.0,1630.31,1000.0,26.59,2020-04-22,26.59,1630.31
20200423,000852,中证1000指数,中证1000,CSI 1000 Index,CSI 1000,5841.4,5846.38,5789.1,5789.48,-37.08,-0.64,18788635000.0,1833.78,1000.0,26.44,2020-04-23,26.44,1833.78
20200424,000852,中证1000指数,中证1000,CSI 1000 Index,CSI 1000,5782.29,5784.11,5654.22,5675.51,-113.97,-1.97,18157207700.0,1692.34,1000.0,25.98,2020-04-24,25.98,1692.34
20200427,000852,中证1000指数,中证1000,CSI 1000 Index,CSI 1000,5675.57,5699.77,5617.52,5645.66,-29.85,-0.53,14687442700.0,1385.99,1000.0,25.89,2020-04-27,25.89,1385.99
20200428,000852,中证1000指数,中证1000,CSI 1000 Index,CSI 1000,5641.29,5644.35,5395.57,5561.2,-84.46,-1.5,18395212800.0,1699.68,1000.0,25.61,2020-04-28,25.61,1699.68
20200429,000852,中证1000指数,中证1000,CSI 1000 Index,CSI 1000,5533.0,5600.76,5524.87,5547.63,-13.57,-0.24,14372431500.0,1320.54,1000.0,25.52,2020-04-29,25.52,1320.54
20200430,000852,中证1000指数,中证1000,CSI 1000 Index,CSI 1000,5572.57,5695.21,5572.57,5678.17,130.54,2.35,16018605600.0,1616.86,1000.0,25.94,2020-04-30,25.94,1616.86
20200506,000852,中证1000指数,中证1000,CSI 1000 Index,CSI 1000,5636.87,5802.46,5632.03,5802.42,124.25,2.19,16051535100.0,1685.45,1000.0,28.67,2020-05-06,28.67,1685.45
20200507,000852,中证1000指数,中证1000,CSI 1000 Index,CSI 1000,5809.54,5837.33,5787.61,5795.87,-6.55,-0.11,16231627500.0,1673.9,1000.0,28.7,2020-05-07,28.7,1673.9
20200508,000852,中证1000指数,中证1000,CSI 1000 Index,CSI 1000,5825.74,5886.0,5822.81,5862.77,66.89,1.15,16139258500.0,1659.5,1000.0,28.95,2020-05-08,28.95,1659.5
20200511,000852,中证1000指数,中证1000,CSI 1000 Index,CSI 1000,5892.57,5902.16,5813.67,5851.8,-10.96,-0.19,15806533600.0,1633.33,1000.0,28.89,2020-05-11,28.89,1633.33
20200512,000852,中证1000指数,中证1000,CSI 1000 Index,CSI 1000,5847.7,5869.59,5780.09,5869.51,17.7,0.3,14183568700.0,1471.47,1000.0,29.04,2020-05-12,29.04,1471.47
20200513,000852,中证1000指数,中证1000,CSI 1000 Index,CSI 1000,5849.46,5923.26,5835.33,5917.03,47.52,0.81,13957827800.0,1475.15,1000.0,29.32,2020-05-13,29.32,1475.15
20200514,000852,中证1000指数,中证1000,CSI 1000 Index,CSI 1000,5889.14,5915.61,5861.78,5863.24,-53.79,-0.91,15897422600.0,1608.66,1000.0,29.04,2020-05-14,29.04,1608.66
20200515,000852,中证1000指数,中证1000,CSI 1000 Index,CSI 1000,5886.78,5924.77,5859.9,5889.98,26.74,0.46,15518782700.0,1664.75,1000.0,29.15,2020-05-15,29.15,1664.75
20200518,000852,中证1000指数,中证1000,CSI 1000 Index,CSI 1000,5905.92,5916.71,5841.72,5860.04,-29.93,-0.51,17578597700.0,1897.59,1000.0,29.04,2020-05-18,29.04,1897.59
20200519,000852,中证1000指数,中证1000,CSI 1000 Index,CSI 1000,5896.15,5936.66,5886.9,5936.6,76.56,1.31,15177916900.0,1670.1,1000.0,29.43,2020-05-19,29.43,1670.1
20200520,000852,中证1000指数,中证1000,CSI 1000 Index,CSI 1000,5928.47,5928.47,5844.58,5865.84,-70.76,-1.19,16171783700.0,1802.95,1000.0,28.97,2020-05-20,28.97,1802.95
20200521,000852,中证1000指数,中证1000,CSI 1000 Index,CSI 1000,5878.72,5883.78,5780.11,5791.64,-74.2,-1.26,15229310200.0,1583.37,1000.0,28.57,2020-05-21,28.57,1583.37
20200522,000852,中证1000指数,中证1000,CSI 1000 Index,CSI 1000,5782.62,5782.66,5643.4,5684.0,-107.64,-1.86,14384488000.0,1456.12,1000.0,28.03,2020-05-22,28.03,1456.12
20200525,000852,中证1000指数,中证1000,CSI 1000 Index,CSI 1000,5674.3,5691.14,5640.28,5671.97,-12.02,-0.21,11587360800.0,1205.64,1000.0,27.99,2020-05-25,27.99,1205.64
20200526,000852,中证1000指数,中证1000,CSI 1000 Index,CSI 1000,5690.4,5808.55,5690.4,5808.55,136.58,2.41,12507948300.0,1327.65,1000.0,28.66,2020-05-26,28.66,1327.65
20200527,000852,中证1000指数,中证1000,CSI 1000 Index,CSI 1000,5813.98,5817.06,5758.18,5772.08,-36.47,-0.63,14594459900.0,1505.78,1000.0,28.41,2020-05-27,28.41,1505.78
20200528,000852,中证1000指数,中证1000,CSI 1000 Index,CSI 1000,5769.79,5790.18,5675.49,5758.93,-13.16,-0.23,14901188000.0,1491.03,1000.0,28.33,2020-05-28,28.33,1491.03
20200529,000852,中证1000指数,中证1000,CSI 1000 Index,CSI 1000,5744.23,5834.62,5732.38,5816.4,57.47,1.0,14623470200.0,1501.37,1000.0,28.58,2020-05-29,28.58,1501.37
20200601,000852,中证1000指数,中证1000,CSI 1000 Index,CSI 1000,5855.33,5996.42,5855.33,5993.79,177.38,3.05,18280449021.0,1884.52,1000.0,29.34,2020-06-01,29.34,1884.52
20200602,000852,中证1000指数,中证1000,CSI 1000 Index,CSI 1000,6012.57,6021.27,5978.77,6002.84,9.05,0.15,19495480300.0,1977.88,1000.0,29.27,2020-06-02,29.27,1977.88
20200603,000852,中证1000指数,中证1000,CSI 1000 Index,CSI 1000,6010.41,6043.1,5987.57,5994.64,-8.2,-0.14,19295477800.0,1952.44,1000.0,29.16,2020-06-03,29.16,1952.44
20200604,000852,中证1000指数,中证1000,CSI 1000 Index,CSI 1000,6004.46,6016.12,5973.2,6006.76,12.13,0.2,17202779400.0,1684.85,1000.0,29.21,2020-06-04,29.21,1684.85
20200605,000852,中证1000指数,中证1000,CSI 1000 Index,CSI 1000,6009.88,6029.0,5970.15,6015.33,8.56,0.14,16312324600.0,1615.09,1000.0,29.21,2020-06-05,29.21,1615.09
20200608,000852,中证1000指数,中证1000,CSI 1000 Index,CSI 1000,6039.25,6049.86,5993.17,6001.43,-13.9,-0.23,15746971000.0,1638.15,1000.0,29.11,2020-06-08,29.11,1638.15
20200609,000852,中证1000指数,中证1000,CSI 1000 Index,CSI 1000,6005.84,6042.36,5979.23,6042.34,40.9,0.68,14730507700.0,1520.26,1000.0,29.32,2020-06-09,29.32,1520.26
20200610,000852,中证1000指数,中证1000,CSI 1000 Index,CSI 1000,6033.49,6049.69,6007.98,6049.32,6.99,0.12,14567019900.0,1519.82,1000.0,29.37,2020-06-10,29.37,1519.82
20200611,000852,中证1000指数,中证1000,CSI 1000 Index,CSI 1000,6050.12,6107.34,5999.51,6027.41,-21.91,-0.36,16128105100.0,1721.61,1000.0,29.23,2020-06-11,29.23,1721.61
20200612,000852,中证1000指数,中证1000,CSI 1000 Index,CSI 1000,5901.07,6058.77,5888.23,6031.17,3.76,0.06,15871794200.0,1672.91,1000.0,29.29,2020-06-12,29.29,1672.91
20200615,000852,中证1000指数,中证1000,CSI 1000 Index,CSI 1000,6031.09,6106.45,6028.94,6028.96,-2.22,-0.04,16908477300.0,1896.72,1000.0,29.29,2020-06-15,29.29,1896.72
20200616,000852,中证1000指数,中证1000,CSI 1000 Index,CSI 1000,6076.6,6151.69,6064.26,6151.69,122.73,2.04,16001462000.0,1804.26,1000.0,29.87,2020-06-16,29.87,1804.26
20200617,000852,中证1000指数,中证1000,CSI 1000 Index,CSI 1000,6160.2,6178.14,6124.22,6178.14,26.46,0.43,17353970400.0,1937.44,1000.0,29.97,2020-06-17,29.97,1937.44
20200618,000852,中证1000指数,中证1000,CSI 1000 Index,CSI 1000,6168.05,6168.24,6121.07,6149.29,-28.85,-0.47,16211222500.0,1830.29,1000.0,29.8,2020-06-18,29.8,1830.29
20200619,000852,中证1000指数,中证1000,CSI 1000 Index,CSI 1000,6147.88,6198.05,6140.52,6187.11,37.82,0.62,15220599300.0,1734.62,1000.0,30.01,2020-06-19,30.01,1734.62
20200622,000852,中证1000指数,中证1000,CSI 1000 Index,CSI 1000,6204.5,6246.05,6204.5,6228.02,40.91,0.66,16094475400.0,1928.1,1000.0,30.17,2020-06-22,30.17,1928.1
20200623,000852,中证1000指数,中证1000,CSI 1000 Index,CSI 1000,6229.65,6245.15,6196.69,6238.9,10.88,0.17,15236380800.0,1816.44,1000.0,30.29,2020-06-23,30.29,1816.44
20200624,000852,中证1000指数,中证1000,CSI 1000 Index,CSI 1000,6242.56,6258.83,6210.97,6227.57,-11.33,-0.18,14454046900.0,1787.39,1000.0,30.18,2020-06-24,30.18,1787.39
20200629,000852,中证1000指数,中证1000,CSI 1000 Index,CSI 1000,6214.88,6233.27,6190.41,6211.38,-16.19,-0.26,14340756700.0,1739.6,1000.0,30.12,2020-06-29,30.12,1739.6
20200630,000852,中证1000指数,中证1000,CSI 1000 Index,CSI 1000,6239.61,6330.09,6236.64,6319.56,108.17,1.74,14458378400.0,1816.32,1000.0,30.68,2020-06-30,30.68,1816.32
20200701,000852,中证1000指数,中证1000,CSI 1000 Index,CSI 1000,6341.54,6357.1,6267.14,6339.37,19.81,0.31,17610873900.0,2132.63,1000.0,30.75,2020-07-01,30.75,2132.63
20200702,000852,中证1000指数,中证1000,CSI 1000 Index,CSI 1000,6341.95,6416.96,6316.96,6413.95,74.58,1.18,20817193800.0,2413.64,1000.0,31.08,2020-07-02,31.08,2413.64
20200703,000852,中证1000指数,中证1000,CSI 1000 Index,CSI 1000,6424.09,6479.25,6397.51,6478.35,64.4,1.0,22104809600.0,2499.4,1000.0,31.28,2020-07-03,31.28,2499.4
20200706,000852,中证1000指数,中证1000,CSI 1000 Index,CSI 1000,6516.92,6732.62,6516.92,6726.0,247.64,3.82,30489018600.0,3319.02,1000.0,32.42,2020-07-06,32.42,3319.02
20200707,000852,中证1000指数,中证1000,CSI 1000 Index,CSI 1000,6784.82,6917.54,6711.31,6817.87,91.87,1.37,33120512400.0,3746.58,1000.0,32.86,2020-07-07,32.86,3746.58
20200708,000852,中证1000指数,中证1000,CSI 1000 Index,CSI 1000,6817.83,6974.0,6769.21,6974.0,156.13,2.29,30388302500.0,3514.7,1000.0,33.58,2020-07-08,33.58,3514.7
20200709,000852,中证1000指数,中证1000,CSI 1000 Index,CSI 1000,6976.72,7187.76,6972.0,7182.18,208.18,2.99,34443886800.0,4061.43,1000.0,34.56,2020-07-09,34.56,4061.43
20200710,000852,中证1000指数,中证1000,CSI 1000 Index,CSI 1000,7161.62,7238.38,7105.76,7150.42,-31.75,-0.44,31690907900.0,3790.11,1000.0,34.44,2020-07-10,34.44,3790.11
20200713,000852,中证1000指数,中证1000,CSI 1000 Index,CSI 1000,7179.97,7403.09,7179.97,7403.09,252.66,3.53,31554426400.0,3814.4,1000.0,35.66,2020-07-13,35.66,3814.4
20200714,000852,中证1000指数,中证1000,CSI 1000 Index,CSI 1000,7412.27,7447.51,7201.49,7344.99,-58.1,-0.78,33432813100.0,4110.64,1000.0,35.38,2020-07-14,35.38,4110.64
20200715,000852,中证1000指数,中证1000,CSI 1000 Index,CSI 1000,7355.56,7368.0,7096.58,7131.46,-213.52,-2.91,30730102100.0,3666.99,1000.0,34.48,2020-07-15,34.48,3666.99
20200716,000852,中证1000指数,中证1000,CSI 1000 Index,CSI 1000,7130.04,7165.77,6748.5,6758.14,-373.32,-5.23,28075548500.0,3241.55,1000.0,32.62,2020-07-16,32.62,3241.55
20200717,000852,中证1000指数,中证1000,CSI 1000 Index,CSI 1000,6759.1,6885.85,6690.45,6772.53,14.39,0.21,20817642400.0,2405.58,1000.0,32.71,2020-07-17,32.71,2405.58
20200720,000852,中证1000指数,中证1000,CSI 1000 Index,CSI 1000,6851.32,7003.67,6789.31,7003.67,231.14,3.41,21945062200.0,2526.86,1000.0,33.76,2020-07-20,33.76,2526.86
20200721,000852,中证1000指数,中证1000,CSI 1000 Index,CSI 1000,7026.98,7067.32,6977.47,7058.79,55.12,0.79,21753656200.0,2523.81,1000.0,34.05,2020-07-21,34.05,2523.81
20200722,000852,中证1000指数,中证1000,CSI 1000 Index,CSI 1000,7050.4,7181.19,7020.55,7125.57,66.78,0.95,22849891600.0,2723.97,1000.0,34.39,2020-07-22,34.39,2723.97
20200723,000852,中证1000指数,中证1000,CSI 1000 Index,CSI 1000,7068.4,7130.45,6921.19,7119.67,-5.9,-0.08,24478342900.0,2885.64,1000.0,34.39,2020-07-23,34.39,2885.64
20200724,000852,中证1000指数,中证1000,CSI 1000 Index,CSI 1000,7098.51,7133.7,6766.51,6784.63,-335.04,-4.71,26548176700.0,3119.32,1000.0,32.75,2020-07-24,32.75,3119.32
20200727,000852,中证1000指数,中证1000,CSI 1000 Index,CSI 1000,6807.98,6839.83,6717.32,6786.53,1.89,0.03,19146445900.0,2200.49,1000.0,32.74,2020-07-27,32.74,2200.49
20200728,000852,中证1000指数,中证1000,CSI 1000 Index,CSI 1000,6835.56,6886.44,6796.82,6857.94,71.41,1.05,18486789000.0,2125.46,1000.0,33.12,2020-07-28,33.12,2125.46
20200729,000852,中证1000指数,中证1000,CSI 1000 Index,CSI 1000,6843.84,7060.53,6816.31,7060.53,202.59,2.95,20431274300.0,2380.09,1000.0,34.05,2020-07-29,34.05,2380.09
20200730,000852,中证1000指数,中证1000,CSI 1000 Index,CSI 1000,7082.72,7107.48,7029.02,7048.98,-11.55,-0.16,23419873500.0,2682.39,1000.0,33.98,2020-07-30,33.98,2682.39
20200731,000852,中证1000指数,中证1000,CSI 1000 Index,CSI 1000,7030.31,7143.59,6997.63,7141.59,92.61,1.31,23233124800.0,2700.42,1000.0,34.42,2020-07-31,34.42,2700.42
20200803,000852,中证1000指数,中证1000,CSI 1000 Index,CSI 1000,7204.17,7373.36,7193.07,7373.34,231.75,3.25,27395145500.0,3232.1,1000.0,35.49,2020-08-03,35.49,3232.1
20200804,000852,中证1000指数,中证1000,CSI 1000 Index,CSI 1000,7398.99,7406.26,7296.12,7326.19,-47.15,-0.64,27623209900.0,3314.13,1000.0,35.26,2020-08-04,35.26,3314.13
20200805,000852,中证1000指数,中证1000,CSI 1000 Index,CSI 1000,7340.55,7442.39,7284.67,7427.19,101.0,1.38,24641110500.0,3016.02,1000.0,35.73,2020-08-05,35.73,3016.02
20200806,000852,中证1000指数,中证1000,CSI 1000 Index,CSI 1000,7425.55,7457.16,7309.36,7432.77,5.58,0.08,25452674700.0,3152.15,1000.0,35.69,2020-08-06,35.69,3152.15
20200807,000852,中证1000指数,中证1000,CSI 1000 Index,CSI 1000,7407.68,7417.09,7209.94,7339.81,-92.95,-1.25,24394617000.0,3040.12,1000.0,35.24,2020-08-07,35.24,3040.12
20200810,000852,中证1000指数,中证1000,CSI 1000 Index,CSI 1000,7319.54,7414.1,7288.75,7358.86,19.05,0.26,22589291400.0,2843.9,1000.0,35.3,2020-08-10,35.3,2843.9
20200811,000852,中证1000指数,中证1000,CSI 1000 Index,CSI 1000,7358.73,7377.82,7203.79,7213.45,-145.42,-1.98,22992796400.0,2798.26,1000.0,34.63,2020-08-11,34.63,2798.26
20200812,000852,中证1000指数,中证1000,CSI 1000 Index,CSI 1000,7176.89,7196.28,6932.3,7092.36,-121.09,-1.68,21072632200.0,2507.61,1000.0,33.97,2020-08-12,33.97,2507.61
20200813,000852,中证1000指数,中证1000,CSI 1000 Index,CSI 1000,7112.34,7158.95,7076.78,7113.93,21.57,0.3,19126992600.0,2106.6,1000.0,34.06,2020-08-13,34.06,2106.6
20200814,000852,中证1000指数,中证1000,CSI 1000 Index,CSI 1000,7103.07,7183.96,7058.54,7183.96,70.03,0.98,17575777400.0,1965.19,1000.0,34.4,2020-08-14,34.4,1965.19
20200817,000852,中证1000指数,中证1000,CSI 1000 Index,CSI 1000,7206.38,7339.69,7194.12,7339.69,155.74,2.17,20719241100.0,2439.07,1000.0,35.14,2020-08-17,35.14,2439.07
20200818,000852,中证1000指数,中证1000,CSI 1000 Index,CSI 1000,7348.42,7422.14,7339.89,7410.24,70.55,0.96,21555541300.0,2600.25,1000.0,35.51,2020-08-18,35.51,2600.25
20200819,000852,中证1000指数,中证1000,CSI 1000 Index,CSI 1000,7397.88,7397.88,7248.89,7256.13,-154.11,-2.08,21678439200.0,2537.68,1000.0,34.82,2020-08-19,34.82,2537.68
20200820,000852,中证1000指数,中证1000,CSI 1000 Index,CSI 1000,7196.35,7257.01,7126.04,7151.26,-104.87,-1.45,18339677300.0,2064.35,1000.0,34.29,2020-08-20,34.29,2064.35
20200821,000852,中证1000指数,中证1000,CSI 1000 Index,CSI 1000,7182.3,7244.16,7137.05,7194.27,43.01,0.6,17377455300.0,1984.08,1000.0,34.54,2020-08-21,34.54,1984.08
20200824,000852,中证1000指数,中证1000,CSI 1000 Index,CSI 1000,7212.53,7267.09,7119.94,7253.64,59.37,0.83,16755194200.0,1984.58,1000.0,34.82,2020-08-24,34.82,1984.58
20200825,000852,中证1000指数,中证1000,CSI 1000 Index,CSI 1000,7258.01,7283.28,7188.17,7213.68,-39.96,-0.55,19511571200.0,2247.1,1000.0,34.61,2020-08-25,34.61,2247.1
20200826,000852,中证1000指数,中证1000,CSI 1000 Index,CSI 1000,7209.51,7211.3,7010.08,7037.98,-175.7,-2.44,19985957600.0,2283.42,1000.0,33.77,2020-08-26,33.77,2283.42
20200827,000852,中证1000指数,中证1000,CSI 1000 Index,CSI 1000,7041.52,7125.88,6998.03,7113.8,75.83,1.08,17155919500.0,1952.56,1000.0,34.09,2020-08-27,34.09,1952.56
20200828,000852,中证1000指数,中证1000,CSI 1000 Index,CSI 1000,7102.27,7208.41,7083.13,7204.78,90.98,1.28,17471327700.0,2054.52,1000.0,34.56,2020-08-28,34.56,2054.52
20200831,000852,中证1000指数,中证1000,CSI 1000 Index,CSI 1000,7238.66,7308.6,7221.55,7224.05,19.26,0.27,18476684100.0,2265.98,1000.0,34.67,2020-08-31,34.67,2265.98
20200901,000852,中证1000指数,中证1000,CSI 1000 Index,CSI 1000,7216.65,7258.89,7169.4,7258.89,34.84,0.48,16407265100.0,1931.43,1000.0,35.08,2020-09-01,35.08,1931.43
20200902,000852,中证1000指数,中证1000,CSI 1000 Index,CSI 1000,7270.95,7301.27,7197.21,7272.62,13.74,0.19,19925596700.0,2229.38,1000.0,35.13,2020-09-02,35.13,2229.38
20200903,000852,中证1000指数,中证1000,CSI 1000 Index,CSI 1000,7263.6,7265.9,7165.77,7189.86,-82.76,-1.14,18986375600.0,2137.57,1000.0,34.72,2020-09-03,34.72,2137.57
20200904,000852,中证1000指数,中证1000,CSI 1000 Index,CSI 1000,7064.28,7189.13,7045.55,7182.11,-7.76,-0.11,17063784900.0,1955.15,1000.0,34.57,2020-09-04,34.57,1955.15
20200907,000852,中证1000指数,中证1000,CSI 1000 Index,CSI 1000,7189.97,7240.05,7027.92,7057.19,-124.91,-1.74,21125997700.0,2403.37,1000.0,33.83,2020-09-07,33.83,2403.37
20200908,000852,中证1000指数,中证1000,CSI 1000 Index,CSI 1000,7070.68,7108.65,6981.57,7103.09,45.89,0.65,21091053700.0,2223.98,1000.0,33.94,2020-09-08,33.94,2223.98
20200909,000852,中证1000指数,中证1000,CSI 1000 Index,CSI 1000,7023.3,7034.49,6871.77,6877.6,-225.48,-3.17,25871490900.0,2631.83,1000.0,32.84,2020-09-09,32.84,2631.83
20200910,000852,中证1000指数,中证1000,CSI 1000 Index,CSI 1000,6921.46,6938.08,6615.56,6633.89,-243.71,-3.54,21505764300.0,2098.89,1000.0,31.87,2020-09-10,31.87,2098.89
20200911,000852,中证1000指数,中证1000,CSI 1000 Index,CSI 1000,6592.9,6746.17,6591.31,6742.06,108.17,1.63,15113992800.0,1530.52,1000.0,32.41,2020-09-11,32.41,1530.52
20200914,000852,中证1000指数,中证1000,CSI 1000 Index,CSI 1000,6781.7,6871.05,6762.24,6848.36,106.3,1.58,17106521100.0,1813.53,1000.0,32.85,2020-09-14,32.85,1813.53
20200915,000852,中证1000指数,中证1000,CSI 1000 Index,CSI 1000,6861.03,6883.02,6818.22,6881.59,33.23,0.49,15449797100.0,1690.21,1000.0,33.06,2020-09-15,33.06,1690.21
20200916,000852,中证1000指数,中证1000,CSI 1000 Index,CSI 1000,6871.07,6871.07,6777.43,6812.91,-68.67,-1.0,13682944900.0,1472.7,1000.0,32.74,2020-09-16,32.74,1472.7
20200917,000852,中证1000指数,中证1000,CSI 1000 Index,CSI 1000,6800.35,6876.01,6746.22,6825.15,12.24,0.18,13896366100.0,1546.03,1000.0,32.82,2020-09-17,32.82,1546.03
20200918,000852,中证1000指数,中证1000,CSI 1000 Index,CSI 1000,6822.97,6933.66,6811.9,6929.77,104.61,1.53,15199457400.0,1689.02,1000.0,33.33,2020-09-18,33.33,1689.02
20200921,000852,中证1000指数,中证1000,CSI 1000 Index,CSI 1000,6951.75,6975.13,6912.04,6927.19,-2.58,-0.04,14768931400.0,1678.31,1000.0,33.3,2020-09-21,33.3,1678.31
20200922,000852,中证1000指数,中证1000,CSI 1000 Index,CSI 1000,6862.34,6912.1,6793.68,6815.78,-111.41,-1.61,13553451700.0,1496.69,1000.0,32.8,2020-09-22,32.8,1496.69
20200923,000852,中证1000指数,中证1000,CSI 1000 Index,CSI 1000,6839.47,6881.48,6805.13,6862.97,47.19,0.69,11854065800.0,1406.15,1000.0,33.06,2020-09-23,33.06,1406.15
20200924,000852,中证1000指数,中证1000,CSI 1000 Index,CSI 1000,6814.01,6814.01,6675.06,6675.15,-187.81,-2.74,13126805100.0,1446.66,1000.0,32.18,2020-09-24,32.18,1446.66
20200925,000852,中证1000指数,中证1000,CSI 1000 Index,CSI 1000,6703.62,6717.24,6604.67,6634.39,-40.76,-0.61,10341091500.0,1201.8,1000.0,32.06,2020-09-25,32.06,1201.8
20200928,000852,中证1000指数,中证1000,CSI 1000 Index,CSI 1000,6649.18,6660.18,6550.0,6550.37,-84.02,-1.27,9626415400.0,1110.86,1000.0,31.65,2020-09-28,31.65,1110.86
20200929,000852,中证1000指数,中证1000,CSI 1000 Index,CSI 1000,6585.18,6651.74,6562.82,6621.03,70.66,1.08,9505152300.0,1147.2,1000.0,32.02,2020-09-29,32.02,1147.2
20200930,000852,中证1000指数,中证1000,CSI 1000 Index,CSI 1000,6641.38,6665.88,6584.89,6617.16,-3.87,-0.06,9501852900.0,1113.91,1000.0,32.0,2020-09-30,32.0,1113.91
20201009,000852,中证1000指数,中证1000,CSI 1000 Index,CSI 1000,6737.53,6828.98,6727.39,6822.36,205.21,3.1,12697323700.0,1504.56,1000.0,32.97,2020-10-09,32.97,1504.56
20201012,000852,中证1000指数,中证1000,CSI 1000 Index,CSI 1000,6881.63,7036.28,6875.7,7036.28,213.91,3.14,17126716100.0,2110.55,1000.0,33.99,2020-10-12,33.99,2110.55
20201013,000852,中证1000指数,中证1000,CSI 1000 Index,CSI 1000,7023.44,7059.24,6989.67,7053.87,17.6,0.25,14558491100.0,1824.26,1000.0,34.07,2020-10-13,34.07,1824.26
20201014,000852,中证1000指数,中证1000,CSI 1000 Index,CSI 1000,7036.87,7036.87,6975.19,6988.61,-65.26,-0.93,13833573300.0,1776.25,1000.0,33.78,2020-10-14,33.78,1776.25
20201015,000852,中证1000指数,中证1000,CSI 1000 Index,CSI 1000,6991.74,6992.29,6924.19,6926.85,-61.76,-0.88,12956364100.0,1605.94,1000.0,33.5,2020-10-15,33.5,1605.94
20201016,000852,中证1000指数,中证1000,CSI 1000 Index,CSI 1000,6924.81,6942.63,6846.17,6906.39,-20.46,-0.3,11639218400.0,1436.01,1000.0,33.4,2020-10-16,33.4,1436.01
20201019,000852,中证1000指数,中证1000,CSI 1000 Index,CSI 1000,6943.8,6947.95,6843.0,6858.36,-48.03,-0.7,12008458500.0,1484.09,1000.0,33.15,2020-10-19,33.15,1484.09
20201020,000852,中证1000指数,中证1000,CSI 1000 Index,CSI 1000,6846.36,6923.38,6804.84,6923.38,65.03,0.95,11372651200.0,1369.14,1000.0,33.44,2020-10-20,33.44,1369.14
20201021,000852,中证1000指数,中证1000,CSI 1000 Index,CSI 1000,6926.53,6926.69,6793.49,6815.09,-108.29,-1.56,11578726600.0,1433.22,1000.0,32.93,2020-10-21,32.93,1433.22
20201022,000852,中证1000指数,中证1000,CSI 1000 Index,CSI 1000,6788.0,6800.04,6714.15,6771.81,-43.29,-0.64,10766059600.0,1301.3,1000.0,32.68,2020-10-22,32.68,1301.3
20201023,000852,中证1000指数,中证1000,CSI 1000 Index,CSI 1000,6774.77,6811.33,6627.7,6641.33,-130.48,-1.93,11070876000.0,1370.54,1000.0,32.01,2020-10-23,32.01,1370.54
20201026,000852,中证1000指数,中证1000,CSI 1000 Index,CSI 1000,6620.19,6674.57,6545.79,6648.52,7.19,0.11,9866145200.0,1192.9,1000.0,32.05,2020-10-26,32.05,1192.9
20201027,000852,中证1000指数,中证1000,CSI 1000 Index,CSI 1000,6630.72,6689.03,6620.09,6682.54,34.02,0.51,10070702600.0,1229.05,1000.0,32.26,2020-10-27,32.26,1229.05
20201028,000852,中证1000指数,中证1000,CSI 1000 Index,CSI 1000,6680.44,6700.47,6589.77,6685.43,2.89,0.04,11534988000.0,1398.77,1000.0,32.3,2020-10-28,32.3,1398.77
20201029,000852,中证1000指数,中证1000,CSI 1000 Index,CSI 1000,6592.89,6698.72,6573.7,6674.74,-10.69,-0.16,11617539900.0,1428.06,1000.0,32.3,2020-10-29,32.3,1428.06
20201030,000852,中证1000指数,中证1000,CSI 1000 Index,CSI 1000,6685.59,6694.52,6502.12,6511.16,-163.58,-2.45,13654516100.0,1651.47,1000.0,31.51,2020-10-30,31.51,1651.47
20201102,000852,中证1000指数,中证1000,CSI 1000 Index,CSI 1000,6517.42,6537.32,6461.71,6513.79,2.63,0.04,12318731500.0,1500.19,1000.0,29.74,2020-11-02,29.74,1500.19
20201103,000852,中证1000指数,中证1000,CSI 1000 Index,CSI 1000,6538.28,6647.58,6518.66,6647.58,133.79,2.05,12533956300.0,1531.24,1000.0,30.32,2020-11-03,30.32,1531.24
20201104,000852,中证1000指数,中证1000,CSI 1000 Index,CSI 1000,6652.58,6658.58,6585.8,6632.68,-14.89,-0.22,11303355200.0,1386.84,1000.0,30.28,2020-11-04,30.28,1386.84
20201105,000852,中证1000指数,中证1000,CSI 1000 Index,CSI 1000,6685.2,6756.9,6665.81,6754.95,122.27,1.84,13653462900.0,1647.88,1000.0,30.81,2020-11-05,30.81,1647.88
20201106,000852,中证1000指数,中证1000,CSI 1000 Index,CSI 1000,6771.18,6771.18,6645.57,6688.66,-66.29,-0.98,13860816500.0,1689.34,1000.0,30.51,2020-11-06,30.51,1689.34
20201109,000852,中证1000指数,中证1000,CSI 1000 Index,CSI 1000,6723.43,6873.44,6723.43,6851.98,163.32,2.44,16767402900.0,2082.55,1000.0,31.21,2020-11-09,31.21,2082.55
20201110,000852,中证1000指数,中证1000,CSI 1000 Index,CSI 1000,6854.7,6854.77,6747.74,6779.49,-72.49,-1.06,14637042100.0,1836.39,1000.0,30.92,2020-11-10,30.92,1836.39
20201111,000852,中证1000指数,中证1000,CSI 1000 Index,CSI 1000,6761.35,6771.53,6659.28,6663.73,-115.76,-1.71,13092531400.0,1611.58,1000.0,30.42,2020-11-11,30.42,1611.58
20201112,000852,中证1000指数,中证1000,CSI 1000 Index,CSI 1000,6680.2,6702.3,6647.77,6676.42,12.69,0.19,11264188100.0,1370.48,1000.0,30.49,2020-11-12,30.49,1370.48
20201113,000852,中证1000指数,中证1000,CSI 1000 Index,CSI 1000,6663.22,6700.2,6621.5,6686.39,9.97,0.15,10934500500.0,1380.24,1000.0,30.51,2020-11-13,30.51,1380.24
20201116,000852,中证1000指数,中证1000,CSI 1000 Index,CSI 1000,6703.18,6747.81,6668.42,6747.81,61.42,0.92,13565261300.0,1598.52,1000.0,30.76,2020-11-16,30.76,1598.52
20201117,000852,中证1000指数,中证1000,CSI 1000 Index,CSI 1000,6743.87,6743.87,6637.52,6681.72,-66.09,-0.98,14332109700.0,1672.87,1000.0,30.44,2020-11-17,30.44,1672.87
20201118,000852,中证1000指数,中证1000,CSI 1000 Index,CSI 1000,6673.6,6723.61,6653.65,6682.12,0.4,0.01,13444633200.0,1511.52,1000.0,30.39,2020-11-18,30.39,1511.52
20201119,000852,中证1000指数,中证1000,CSI 1000 Index,CSI 1000,6664.83,6725.49,6625.09,6718.46,36.33,0.54,13493180500.0,1541.47,1000.0,30.57,2020-11-19,30.57,1541.47
20201120,000852,中证1000指数,中证1000,CSI 1000 Index,CSI 1000,6713.65,6770.06,6701.49,6766.06,47.6,0.71,13316745900.0,1525.2,1000.0,30.79,2020-11-20,30.79,1525.2
20201123,000852,中证1000指数,中证1000,CSI 1000 Index,CSI 1000,6776.24,6833.62,6738.65,6807.72,41.66,0.62,16603051000.0,1834.06,1000.0,30.97,2020-11-23,30.97,1834.06
20201124,000852,中证1000指数,中证1000,CSI 1000 Index,CSI 1000,6798.83,6827.47,6785.25,6808.0,0.28,0.0,14345651700.0,1678.96,1000.0,30.96,2020-11-24,30.96,1678.96
20201125,000852,中证1000指数,中证1000,CSI 1000 Index,CSI 1000,6816.23,6817.76,6691.87,6691.87,-116.12,-1.71,15166724900.0,1708.42,1000.0,30.43,2020-11-25,30.43,1708.42
20201126,000852,中证1000指数,中证1000,CSI 1000 Index,CSI 1000,6678.14,6693.87,6597.77,6643.18,-48.69,-0.73,12494830600.0,1427.39,1000.0,30.23,2020-11-26,30.23,1427.39
20201127,000852,中证1000指数,中证1000,CSI 1000 Index,CSI 1000,6639.6,6644.35,6578.72,6641.77,-1.41,-0.02,11905461800.0,1336.06,1000.0,30.25,2020-11-27,30.25,1336.06
20201130,000852,中证1000指数,中证1000,CSI 1000 Index,CSI 1000,6642.15,6674.26,6591.69,6622.36,-19.41,-0.29,13080534200.0,1495.82,1000.0,30.16,2020-11-30,30.16,1495.82
20201201,000852,中证1000指数,中证1000,CSI 1000 Index,CSI 1000,6608.62,6717.25,6600.73,6713.23,90.87,1.37,13454604200.0,1476.95,1000.0,30.58,2020-12-01,30.58,1476.95
20201202,000852,中证1000指数,中证1000,CSI 1000 Index,CSI 1000,6712.89,6741.54,6699.75,6735.71,22.48,0.33,14938445700.0,1617.56,1000.0,30.7,2020-12-02,30.7,1617.56
20201203,000852,中证1000指数,中证1000,CSI 1000 Index,CSI 1000,6726.26,6736.42,6679.52,6711.84,-23.87,-0.35,13720424700.0,1479.26,1000.0,30.62,2020-12-03,30.62,1479.26
20201204,000852,中证1000指数,中证1000,CSI 1000 Index,CSI 1000,6700.69,6755.58,6688.63,6746.63,34.79,0.52,11900514700.0,1350.66,1000.0,30.82,2020-12-04,30.82,1350.66
20201207,000852,中证1000指数,中证1000,CSI 1000 Index,CSI 1000,6760.1,6770.84,6731.68,6733.0,-13.63,-0.2,13005096600.0,1471.4,1000.0,30.8,2020-12-07,30.8,1471.4
20201208,000852,中证1000指数,中证1000,CSI 1000 Index,CSI 1000,6735.23,6753.7,6720.6,6734.37,1.37,0.02,11955885300.0,1388.09,1000.0,30.82,2020-12-08,30.82,1388.09
20201209,000852,中证1000指数,中证1000,CSI 1000 Index,CSI 1000,6734.12,6736.17,6602.52,6602.52,-131.86,-1.96,14074752900.0,1587.67,1000.0,30.25,2020-12-09,30.25,1587.67
20201210,000852,中证1000指数,中证1000,CSI 1000 Index,CSI 1000,6576.06,6647.45,6552.11,6605.19,2.67,0.04,12084997900.0,1377.79,1000.0,30.31,2020-12-10,30.31,1377.79
20201211,000852,中证1000指数,中证1000,CSI 1000 Index,CSI 1000,6610.55,6617.44,6441.29,6498.24,-106.95,-1.62,14458634500.0,1605.82,1000.0,29.86,2020-12-11,29.86,1605.82
20201214,000852,中证1000指数,中证1000,CSI 1000 Index,CSI 1000,6493.65,6578.41,6459.92,6576.82,78.58,1.21,11649276600.0,1406.96,1000.0,29.88,2020-12-14,29.88,1406.96
20201215,000852,中证1000指数,中证1000,CSI 1000 Index,CSI 1000,6565.5,6603.4,6548.79,6596.5,19.69,0.3,10713478700.0,1408.04,1000.0,29.97,2020-12-15,29.97,1408.04
20201216,000852,中证1000指数,中证1000,CSI 1000 Index,CSI 1000,6597.31,6598.93,6538.97,6543.36,-53.14,-0.81,11856162000.0,1441.89,1000.0,29.77,2020-12-16,29.77,1441.89
20201217,000852,中证1000指数,中证1000,CSI 1000 Index,CSI 1000,6530.66,6599.11,6460.63,6597.86,54.5,0.83,13578008400.0,1630.45,1000.0,29.99,2020-12-17,29.99,1630.45
20201218,000852,中证1000指数,中证1000,CSI 1000 Index,CSI 1000,6604.03,6625.97,6564.18,6573.4,-24.46,-0.37,13370417400.0,1643.04,1000.0,29.86,2020-12-18,29.86,1643.04
20201221,000852,中证1000指数,中证1000,CSI 1000 Index,CSI 1000,6576.71,6692.38,6571.59,6691.59,118.18,1.8,14360129000.0,1833.9,1000.0,30.4,2020-12-21,30.4,1833.9
20201222,000852,中证1000指数,中证1000,CSI 1000 Index,CSI 1000,6668.21,6684.7,6545.84,6549.97,-141.62,-2.12,16141145400.0,2012.78,1000.0,29.76,2020-12-22,29.76,2012.78
20201223,000852,中证1000指数,中证1000,CSI 1000 Index,CSI 1000,6552.27,6615.2,6551.07,6601.24,51.27,0.78,16301456300.0,2063.45,1000.0,30.02,2020-12-23,30.02,2063.45
20201224,000852,中证1000指数,中证1000,CSI 1000 Index,CSI 1000,6591.79,6596.59,6484.41,6496.33,-104.92,-1.59,16088658600.0,1913.48,1000.0,29.55,2020-12-24,29.55,1913.48
20201225,000852,中证1000指数,中证1000,CSI 1000 Index,CSI 1000,6466.35,6570.3,6454.28,6561.27,64.95,1.0,15456350700.0,1796.95,1000.0,29.81,2020-12-25,29.81,1796.95
20201228,000852,中证1000指数,中证1000,CSI 1000 Index,CSI 1000,6561.77,6566.65,6484.44,6519.47,-41.8,-0.64,17427383900.0,1996.62,1000.0,29.61,2020-12-28,29.61,1996.62
20201229,000852,中证1000指数,中证1000,CSI 1000 Index,CSI 1000,6514.91,6548.71,6473.4,6477.26,-42.21,-0.65,16500313900.0,1904.83,1000.0,29.36,2020-12-29,29.36,1904.83
20201230,000852,中证1000指数,中证1000,CSI 1000 Index,CSI 1000,6469.89,6549.38,6465.39,6526.88,49.62,0.77,15029913400.0,1752.74,1000.0,29.59,2020-12-30,29.59,1752.74
20201231,000852,中证1000指数,中证1000,CSI 1000 Index,CSI 1000,6536.86,6646.5,6536.86,6646.47,119.6,1.83,15630719100.0,1877.75,1000.0,30.13,2020-12-31,30.13,1877.75
20210104,000852,中证1000指数,中证1000,CSI 1000 Index,CSI 1000,6671.93,6809.43,6662.8,6798.76,152.29,2.29,18320477500.0,2276.26,1000.0,30.87,2021-01-04,30.87,2276.26
20210105,000852,中证1000指数,中证1000,CSI 1000 Index,CSI 1000,6785.52,6827.5,6726.46,6807.45,8.68,0.13,19724755600.0,2507.32,1000.0,30.98,2021-01-05,30.98,2507.32
20210106,000852,中证1000指数,中证1000,CSI 1000 Index,CSI 1000,6803.69,6816.26,6686.13,6724.95,-82.5,-1.21,17908017300.0,2340.02,1000.0,30.65,2021-01-06,30.65,2340.02
20210107,000852,中证1000指数,中证1000,CSI 1000 Index,CSI 1000,6708.72,6709.07,6557.27,6616.55,-108.4,-1.61,19368005100.0,2380.49,1000.0,30.2,2021-01-07,30.2,2380.49
20210108,000852,中证1000指数,中证1000,CSI 1000 Index,CSI 1000,6603.51,6638.86,6514.18,6585.36,-31.19,-0.47,16181595000.0,2088.04,1000.0,29.98,2021-01-08,29.98,2088.04
20210111,000852,中证1000指数,中证1000,CSI 1000 Index,CSI 1000,6579.64,6584.22,6437.03,6475.95,-109.4,-1.66,16670687200.0,2140.25,1000.0,29.5,2021-01-11,29.5,2140.25
20210112,000852,中证1000指数,中证1000,CSI 1000 Index,CSI 1000,6453.01,6566.14,6433.22,6564.74,88.78,1.37,14036527100.0,1875.62,1000.0,29.92,2021-01-12,29.92,1875.62
20210113,000852,中证1000指数,中证1000,CSI 1000 Index,CSI 1000,6567.6,6567.6,6471.78,6513.64,-51.1,-0.78,16212798100.0,2136.68,1000.0,29.69,2021-01-13,29.69,2136.68
20210114,000852,中证1000指数,中证1000,CSI 1000 Index,CSI 1000,6488.75,6557.26,6414.74,6506.83,-6.81,-0.1,14719683600.0,1990.66,1000.0,29.66,2021-01-14,29.66,1990.66
20210115,000852,中证1000指数,中证1000,CSI 1000 Index,CSI 1000,6496.91,6539.17,6435.46,6528.46,21.63,0.33,13195464200.0,1776.12,1000.0,29.77,2021-01-15,29.77,1776.12
20210118,000852,中证1000指数,中证1000,CSI 1000 Index,CSI 1000,6515.58,6655.05,6511.0,6652.1,123.64,1.89,13739315500.0,1855.4,1000.0,30.33,2021-01-18,30.33,1855.4
20210119,000852,中证1000指数,中证1000,CSI 1000 Index,CSI 1000,6647.95,6677.41,6602.78,6614.07,-38.03,-0.57,15502935800.0,1980.89,1000.0,30.12,2021-01-19,30.12,1980.89
20210120,000852,中证1000指数,中证1000,CSI 1000 Index,CSI 1000,6606.73,6671.45,6584.88,6671.45,57.38,0.87,13074877900.0,1717.34,1000.0,30.44,2021-01-20,30.44,1717.34
20210121,000852,中证1000指数,中证1000,CSI 1000 Index,CSI 1000,6670.18,6770.87,6669.41,6745.11,73.66,1.1,15936071300.0,2039.18,1000.0,30.83,2021-01-21,30.83,2039.18
20210122,000852,中证1000指数,中证1000,CSI 1000 Index,CSI 1000,6736.01,6737.55,6671.29,6721.92,-23.19,-0.34,15866799300.0,2100.19,1000.0,30.76,2021-01-22,30.76,2100.19
20210125,000852,中证1000指数,中证1000,CSI 1000 Index,CSI 1000,6710.8,6728.45,6631.69,6657.27,-64.64,-0.96,16613397800.0,2267.15,1000.0,30.5,2021-01-25,30.5,2267.15
20210126,000852,中证1000指数,中证1000,CSI 1000 Index,CSI 1000,6630.36,6645.81,6525.38,6534.1,-123.18,-1.85,14206631400.0,1952.48,1000.0,29.97,2021-01-26,29.97,1952.48
20210127,000852,中证1000指数,中证1000,CSI 1000 Index,CSI 1000,6519.45,6552.43,6449.37,6537.75,3.66,0.06,13078977800.0,1742.69,1000.0,29.99,2021-01-27,29.99,1742.69
20210128,000852,中证1000指数,中证1000,CSI 1000 Index,CSI 1000,6466.57,6545.72,6395.76,6399.13,-138.63,-2.12,13232084300.0,1661.12,1000.0,29.3,2021-01-28,29.3,1661.12
20210129,000852,中证1000指数,中证1000,CSI 1000 Index,CSI 1000,6438.61,6459.34,6221.87,6304.12,-95.01,-1.48,14554654400.0,1785.22,1000.0,28.9,2021-01-29,28.9,1785.22
20210201,000852,中证1000指数,中证1000,CSI 1000 Index,CSI 1000,6282.03,6347.17,6280.37,6345.81,41.7,0.66,13108684700.0,1550.05,1000.0,29.15,2021-02-01,29.15,1550.05
20210202,000852,中证1000指数,中证1000,CSI 1000 Index,CSI 1000,6351.66,6419.03,6307.81,6417.46,71.65,1.13,12804083200.0,1631.05,1000.0,29.51,2021-02-02,29.51,1631.05
20210203,000852,中证1000指数,中证1000,CSI 1000 Index,CSI 1000,6404.07,6404.07,6306.09,6307.39,-110.07,-1.72,13119254500.0,1689.85,1000.0,29.02,2021-02-03,29.02,1689.85
20210204,000852,中证1000指数,中证1000,CSI 1000 Index,CSI 1000,6277.97,6295.7,6077.28,6167.75,-139.64,-2.21,13959661000.0,1664.62,1000.0,28.44,2021-02-04,28.44,1664.62
20210205,000852,中证1000指数,中证1000,CSI 1000 Index,CSI 1000,6179.49,6214.28,6044.61,6045.3,-122.45,-1.99,11979821700.0,1460.99,1000.0,27.88,2021-02-05,27.88,1460.99
20210208,000852,中证1000指数,中证1000,CSI 1000 Index,CSI 1000,6056.91,6122.32,6000.96,6088.82,43.52,0.72,10357597800.0,1250.73,1000.0,28.08,2021-02-08,28.08,1250.73
20210209,000852,中证1000指数,中证1000,CSI 1000 Index,CSI 1000,6101.68,6264.18,6097.09,6254.01,165.19,2.71,11141685200.0,1365.25,1000.0,28.86,2021-02-09,28.86,1365.25
20210210,000852,中证1000指数,中证1000,CSI 1000 Index,CSI 1000,6265.41,6316.79,6236.35,6303.31,49.3,0.79,10544734800.0,1355.98,1000.0,29.07,2021-02-10,29.07,1355.98
20210218,000852,中证1000指数,中证1000,CSI 1000 Index,CSI 1000,6405.02,6441.51,6363.2,6404.59,101.29,1.61,13911877300.0,1726.38,1000.0,29.46,2021-02-18,29.46,1726.38
20210219,000852,中证1000指数,中证1000,CSI 1000 Index,CSI 1000,6395.58,6527.9,6374.58,6527.65,123.05,1.92,15549362600.0,1742.47,1000.0,29.99,2021-02-19,29.99,1742.47
20210222,000852,中证1000指数,中证1000,CSI 1000 Index,CSI 1000,6553.91,6659.41,6534.57,6534.57,6.93,0.11,20359418300.0,2292.74,1000.0,29.98,2021-02-22,29.98,2292.74
20210223,000852,中证1000指数,中证1000,CSI 1000 Index,CSI 1000,6496.75,6545.54,6447.97,6489.96,-44.61,-0.68,15848135800.0,1779.0,1000.0,29.81,2021-02-23,29.81,1779.0
20210224,000852,中证1000指数,中证1000,CSI 1000 Index,CSI 1000,6490.38,6542.28,6378.67,6437.84,-52.12,-0.8,14939168500.0,1748.99,1000.0,29.51,2021-02-24,29.51,1748.99
20210225,000852,中证1000指数,中证1000,CSI 1000 Index,CSI 1000,6480.92,6492.42,6390.41,6399.35,-38.49,-0.6,13507229300.0,1505.33,1000.0,29.35,2021-02-25,29.35,1505.33
20210226,000852,中证1000指数,中证1000,CSI 1000 Index,CSI 1000,6287.49,6381.32,6276.71,6325.4,-73.94,-1.16,12320519500.0,1389.8,1000.0,28.97,2021-02-26,28.97,1389.8
20210301,000852,中证1000指数,中证1000,CSI 1000 Index,CSI 1000,6362.94,6495.19,6362.94,6495.16,169.75,2.68,12896043991.0,1480.69,1000.0,29.75,2021-03-01,29.75,1480.69
20210302,000852,中证1000指数,中证1000,CSI 1000 Index,CSI 1000,6518.32,6518.99,6423.95,6466.63,-28.52,-0.44,13622231700.0,1603.95,1000.0,29.67,2021-03-02,29.67,1603.95
20210303,000852,中证1000指数,中证1000,CSI 1000 Index,CSI 1000,6456.71,6553.95,6446.84,6553.6,86.96,1.34,13676620200.0,1517.19,1000.0,30.06,2021-03-03,30.06,1517.19
20210304,000852,中证1000指数,中证1000,CSI 1000 Index,CSI 1000,6519.04,6534.6,6417.89,6434.89,-118.7,-1.81,15019099700.0,1678.52,1000.0,29.47,2021-03-04,29.47,1678.52
20210305,000852,中证1000指数,中证1000,CSI 1000 Index,CSI 1000,6369.23,6484.3,6366.47,6456.28,21.39,0.33,13990567300.0,1477.9,1000.0,29.55,2021-03-05,29.55,1477.9
20210308,000852,中证1000指数,中证1000,CSI 1000 Index,CSI 1000,6496.21,6529.87,6327.65,6327.65,-128.63,-1.99,15681183900.0,1647.79,1000.0,28.91,2021-03-08,28.91,1647.79
20210309,000852,中证1000指数,中证1000,CSI 1000 Index,CSI 1000,6314.35,6321.02,6035.91,6126.28,-201.37,-3.18,16175322400.0,1616.55,1000.0,27.93,2021-03-09,27.93,1616.55
20210310,000852,中证1000指数,中证1000,CSI 1000 Index,CSI 1000,6192.15,6208.77,6069.91,6078.24,-48.04,-0.78,11796339900.0,1206.72,1000.0,27.75,2021-03-10,27.75,1206.72
20210311,000852,中证1000指数,中证1000,CSI 1000 Index,CSI 1000,6086.09,6219.66,6055.4,6219.66,141.42,2.33,12496407600.0,1285.75,1000.0,28.39,2021-03-11,28.39,1285.75
20210312,000852,中证1000指数,中证1000,CSI 1000 Index,CSI 1000,6231.69,6234.34,6155.7,6220.48,0.81,0.01,13767518300.0,1363.79,1000.0,28.41,2021-03-12,28.41,1363.79
20210315,000852,中证1000指数,中证1000,CSI 1000 Index,CSI 1000,6204.82,6238.2,6130.4,6177.74,-42.74,-0.69,13359700000.0,1318.14,1000.0,28.16,2021-03-15,28.16,1318.14
20210316,000852,中证1000指数,中证1000,CSI 1000 Index,CSI 1000,6182.52,6233.46,6145.52,6233.46,55.72,0.9,13772592700.0,1342.11,1000.0,28.4,2021-03-16,28.4,1342.11
20210317,000852,中证1000指数,中证1000,CSI 1000 Index,CSI 1000,6225.52,6283.6,6184.06,6277.58,44.12,0.71,12550453200.0,1247.91,1000.0,28.58,2021-03-17,28.58,1247.91
20210318,000852,中证1000指数,中证1000,CSI 1000 Index,CSI 1000,6276.8,6322.46,6268.86,6298.89,21.3,0.34,12760111600.0,1302.72,1000.0,28.74,2021-03-18,28.74,1302.72
20210319,000852,中证1000指数,中证1000,CSI 1000 Index,CSI 1000,6230.07,6307.22,6208.76,6250.81,-48.07,-0.76,12529013800.0,1285.56,1000.0,28.55,2021-03-19,28.55,1285.56
20210322,000852,中证1000指数,中证1000,CSI 1000 Index,CSI 1000,6256.52,6359.67,6253.62,6359.6,108.79,1.74,13609673900.0,1381.3,1000.0,29.03,2021-03-22,29.03,1381.3
20210323,000852,中证1000指数,中证1000,CSI 1000 Index,CSI 1000,6364.82,6372.66,6259.8,6289.0,-70.6,-1.11,14830455300.0,1517.62,1000.0,28.71,2021-03-23,28.71,1517.62
20210324,000852,中证1000指数,中证1000,CSI 1000 Index,CSI 1000,6249.23,6286.85,6183.2,6196.27,-92.73,-1.47,13798497600.0,1384.22,1000.0,28.28,2021-03-24,28.28,1384.22
20210325,000852,中证1000指数,中证1000,CSI 1000 Index,CSI 1000,6172.4,6233.69,6130.25,6190.71,-5.56,-0.09,12539292800.0,1235.33,1000.0,28.23,2021-03-25,28.23,1235.33
20210326,000852,中证1000指数,中证1000,CSI 1000 Index,CSI 1000,6198.53,6309.59,6198.53,6301.34,110.63,1.79,12464182200.0,1311.09,1000.0,28.76,2021-03-26,28.76,1311.09
20210329,000852,中证1000指数,中证1000,CSI 1000 Index,CSI 1000,6323.94,6364.54,6309.77,6326.61,25.27,0.4,12644983900.0,1380.44,1000.0,28.89,2021-03-29,28.89,1380.44
20210330,000852,中证1000指数,中证1000,CSI 1000 Index,CSI 1000,6313.48,6316.82,6268.25,6301.58,-25.02,-0.4,12703021000.0,1357.41,1000.0,28.84,2021-03-30,28.84,1357.41
20210331,000852,中证1000指数,中证1000,CSI 1000 Index,CSI 1000,6289.6,6298.79,6252.4,6293.39,-8.19,-0.13,10981059600.0,1183.74,1000.0,28.79,2021-03-31,28.79,1183.74
20210401,000852,中证1000指数,中证1000,CSI 1000 Index,CSI 1000,6302.56,6341.24,6286.06,6335.79,42.4,0.67,11095929700.0,1163.01,1000.0,28.98,2021-04-01,28.98,1163.01
20210402,000852,中证1000指数,中证1000,CSI 1000 Index,CSI 1000,6354.71,6383.46,6337.98,6361.25,25.46,0.4,11518962400.0,1274.65,1000.0,29.09,2021-04-02,29.09,1274.65
20210406,000852,中证1000指数,中证1000,CSI 1000 Index,CSI 1000,6376.72,6425.39,6374.72,6421.49,60.24,0.95,11288252700.0,1237.53,1000.0,29.34,2021-04-06,29.34,1237.53
20210407,000852,中证1000指数,中证1000,CSI 1000 Index,CSI 1000,6419.99,6422.77,6372.25,6422.76,1.27,0.02,12513473000.0,1288.79,1000.0,29.34,2021-04-07,29.34,1288.79
20210408,000852,中证1000指数,中证1000,CSI 1000 Index,CSI 1000,6411.03,6435.36,6387.91,6404.13,-18.63,-0.29,13674180900.0,1389.81,1000.0,29.27,2021-04-08,29.27,1389.81
20210409,000852,中证1000指数,中证1000,CSI 1000 Index,CSI 1000,6399.15,6410.53,6378.27,6399.52,-4.61,-0.07,12269098100.0,1303.24,1000.0,29.21,2021-04-09,29.21,1303.24
20210412,000852,中证1000指数,中证1000,CSI 1000 Index,CSI 1000,6398.51,6402.33,6251.49,6263.4,-136.12,-2.13,13205254500.0,1397.62,1000.0,28.55,2021-04-12,28.55,1397.62
20210413,000852,中证1000指数,中证1000,CSI 1000 Index,CSI 1000,6252.71,6282.97,6216.19,6231.14,-32.26,-0.52,12286997900.0,1204.03,1000.0,28.38,2021-04-13,28.38,1204.03
20210414,000852,中证1000指数,中证1000,CSI 1000 Index,CSI 1000,6227.25,6320.57,6225.56,6320.07,88.93,1.43,11691981300.0,1186.11,1000.0,28.77,2021-04-14,28.77,1186.11
20210415,000852,中证1000指数,中证1000,CSI 1000 Index,CSI 1000,6304.74,6304.79,6258.95,6296.61,-23.46,-0.37,11874239700.0,1170.2,1000.0,28.68,2021-04-15,28.68,1170.2
20210416,000852,中证1000指数,中证1000,CSI 1000 Index,CSI 1000,6295.53,6379.97,6295.53,6368.85,72.24,1.15,13526666200.0,1347.21,1000.0,28.96,2021-04-16,28.96,1347.21
20210419,000852,中证1000指数,中证1000,CSI 1000 Index,CSI 1000,6368.86,6477.41,6357.5,6477.39,108.54,1.7,14364291300.0,1550.02,1000.0,29.44,2021-04-19,29.44,1550.02
20210420,000852,中证1000指数,中证1000,CSI 1000 Index,CSI 1000,6460.52,6506.88,6450.39,6457.63,-19.76,-0.31,13972047800.0,1587.02,1000.0,29.39,2021-04-20,29.39,1587.02
20210421,000852,中证1000指数,中证1000,CSI 1000 Index,CSI 1000,6425.34,6470.94,6408.04,6457.71,0.09,0.0,11947708400.0,1365.68,1000.0,29.43,2021-04-21,29.43,1365.68
20210422,000852,中证1000指数,中证1000,CSI 1000 Index,CSI 1000,6470.46,6496.44,6463.14,6485.21,27.5,0.43,11854616700.0,1394.71,1000.0,29.53,2021-04-22,29.53,1394.71
20210423,000852,中证1000指数,中证1000,CSI 1000 Index,CSI 1000,6478.93,6478.93,6425.66,6453.3,-31.91,-0.49,12166910700.0,1420.38,1000.0,29.4,2021-04-23,29.4,1420.38
20210426,000852,中证1000指数,中证1000,CSI 1000 Index,CSI 1000,6467.88,6527.33,6427.76,6431.09,-22.21,-0.34,13340611100.0,1618.06,1000.0,29.33,2021-04-26,29.33,1618.06
20210427,000852,中证1000指数,中证1000,CSI 1000 Index,CSI 1000,6423.79,6429.86,6338.13,6400.9,-30.18,-0.47,12131435600.0,1387.38,1000.0,29.18,2021-04-27,29.18,1387.38
20210428,000852,中证1000指数,中证1000,CSI 1000 Index,CSI 1000,6395.02,6437.27,6366.01,6437.25,36.34,0.57,12191802800.0,1456.04,1000.0,29.32,2021-04-28,29.32,1456.04
20210429,000852,中证1000指数,中证1000,CSI 1000 Index,CSI 1000,6419.04,6441.85,6394.37,6405.1,-32.14,-0.5,12092734700.0,1461.38,1000.0,29.12,2021-04-29,29.12,1461.38
20210430,000852,中证1000指数,中证1000,CSI 1000 Index,CSI 1000,6389.17,6397.27,6348.8,6382.14,-22.97,-0.36,13002767600.0,1521.75,1000.0,29.0,2021-04-30,29.0,1521.75
20210506,000852,中证1000指数,中证1000,CSI 1000 Index,CSI 1000,6385.32,6420.42,6347.99,6398.44,16.3,0.26,12928360100.0,1516.93,1000.0,24.86,2021-05-06,24.86,1516.93
20210507,000852,中证1000指数,中证1000,CSI 1000 Index,CSI 1000,6403.98,6409.35,6320.07,6320.25,-78.18,-1.22,15312525500.0,1641.29,1000.0,24.54,2021-05-07,24.54,1641.29
20210510,000852,中证1000指数,中证1000,CSI 1000 Index,CSI 1000,6330.15,6351.42,6300.86,6338.57,18.32,0.29,15051568500.0,1612.6,1000.0,24.61,2021-05-10,24.61,1612.6
20210511,000852,中证1000指数,中证1000,CSI 1000 Index,CSI 1000,6303.58,6354.24,6239.26,6343.86,5.29,0.08,14945482300.0,1575.34,1000.0,24.6,2021-05-11,24.6,1575.34
20210512,000852,中证1000指数,中证1000,CSI 1000 Index,CSI 1000,6321.98,6420.34,6311.91,6420.34,76.47,1.21,13885037300.0,1468.28,1000.0,24.87,2021-05-12,24.87,1468.28
20210513,000852,中证1000指数,中证1000,CSI 1000 Index,CSI 1000,6365.0,6432.63,6354.23,6375.01,-45.32,-0.71,15300173900.0,1601.67,1000.0,24.65,2021-05-13,24.65,1601.67
20210514,000852,中证1000指数,中证1000,CSI 1000 Index,CSI 1000,6395.51,6462.5,6374.87,6462.48,87.46,1.37,15266433600.0,1648.58,1000.0,25.0,2021-05-14,25.0,1648.58
20210517,000852,中证1000指数,中证1000,CSI 1000 Index,CSI 1000,6456.92,6496.38,6438.87,6457.28,-5.2,-0.08,14615663700.0,1667.76,1000.0,25.07,2021-05-17,25.07,1667.76
20210518,000852,中证1000指数,中证1000,CSI 1000 Index,CSI 1000,6451.07,6486.92,6431.24,6486.82,29.54,0.46,12904832600.0,1486.91,1000.0,25.14,2021-05-18,25.14,1486.91
20210519,000852,中证1000指数,中证1000,CSI 1000 Index,CSI 1000,6470.29,6500.12,6455.82,6488.95,2.13,0.03,13300842700.0,1530.01,1000.0,25.14,2021-05-19,25.14,1530.01
20210520,000852,中证1000指数,中证1000,CSI 1000 Index,CSI 1000,6455.72,6505.52,6445.97,6482.84,-6.11,-0.09,14294658000.0,1629.41,1000.0,25.12,2021-05-20,25.12,1629.41
20210521,000852,中证1000指数,中证1000,CSI 1000 Index,CSI 1000,6492.85,6509.37,6468.45,6480.37,-2.46,-0.04,13096837500.0,1479.33,1000.0,25.09,2021-05-21,25.09,1479.33
20210524,000852,中证1000指数,中证1000,CSI 1000 Index,CSI 1000,6480.55,6537.86,6471.22,6537.86,57.48,0.89,13810949800.0,1538.23,1000.0,25.28,2021-05-24,25.28,1538.23
20210525,000852,中证1000指数,中证1000,CSI 1000 Index,CSI 1000,6542.68,6617.43,6532.9,6615.71,77.86,1.19,14912761800.0,1715.76,1000.0,25.56,2021-05-25,25.56,1715.76
20210526,000852,中证1000指数,中证1000,CSI 1000 Index,CSI 1000,6618.18,6666.21,6609.91,6644.75,29.04,0.44,15571693600.0,1766.75,1000.0,25.66,2021-05-26,25.66,1766.75
20210527,000852,中证1000指数,中证1000,CSI 1000 Index,CSI 1000,6636.77,6706.38,6630.03,6705.05,60.29,0.91,15446532300.0,1837.91,1000.0,25.83,2021-05-27,25.83,1837.91
20210528,000852,中证1000指数,中证1000,CSI 1000 Index,CSI 1000,6709.89,6735.55,6669.92,6694.35,-10.7,-0.16,16867248200.0,2010.76,1000.0,25.7,2021-05-28,25.7,2010.76
20210531,000852,中证1000指数,中证1000,CSI 1000 Index,CSI 1000,6712.75,6814.36,6712.75,6814.36,120.02,1.79,16189175500.0,2028.49,1000.0,26.16,2021-05-31,26.16,2028.49
20210601,000852,中证1000指数,中证1000,CSI 1000 Index,CSI 1000,6810.47,6854.75,6782.66,6854.73,40.37,0.59,17271179400.0,2120.99,1000.0,26.31,2021-06-01,26.31,2120.99
20210602,000852,中证1000指数,中证1000,CSI 1000 Index,CSI 1000,6844.85,6852.64,6742.03,6759.46,-95.27,-1.39,17155376500.0,2087.54,1000.0,25.9,2021-06-02,25.9,2087.54
20210603,000852,中证1000指数,中证1000,CSI 1000 Index,CSI 1000,6754.78,6824.98,6729.56,6754.07,-5.39,-0.08,16304712300.0,1929.81,1000.0,25.81,2021-06-03,25.81,1929.81
20210604,000852,中证1000指数,中证1000,CSI 1000 Index,CSI 1000,6725.82,6803.78,6718.76,6785.8,31.73,0.47,15960557800.0,1929.7,1000.0,25.9,2021-06-04,25.9,1929.7
20210607,000852,中证1000指数,中证1000,CSI 1000 Index,CSI 1000,6811.04,6861.85,6807.93,6861.85,76.05,1.12,15887154900.0,2039.18,1000.0,26.13,2021-06-07,26.13,2039.18
20210608,000852,中证1000指数,中证1000,CSI 1000 Index,CSI 1000,6865.76,6886.94,6779.93,6809.86,-51.99,-0.76,16777735700.0,2109.28,1000.0,25.82,2021-06-08,25.82,2109.28
20210609,000852,中证1000指数,中证1000,CSI 1000 Index,CSI 1000,6807.48,6834.04,6783.01,6823.41,13.54,0.2,15906720200.0,1890.42,1000.0,25.84,2021-06-09,25.84,1890.42
20210610,000852,中证1000指数,中证1000,CSI 1000 Index,CSI 1000,6817.59,6903.88,6808.66,6898.21,74.8,1.1,17811669900.0,2194.25,1000.0,26.09,2021-06-10,26.09,2194.25
20210611,000852,中证1000指数,中证1000,CSI 1000 Index,CSI 1000,6907.83,6907.95,6852.97,6852.97,-45.23,-0.66,19023079900.0,2388.09,1000.0,25.9,2021-06-11,25.9,2388.09
20210615,000852,中证1000指数,中证1000,CSI 1000 Index,CSI 1000,6854.81,6866.18,6796.88,6815.12,-37.85,-0.55,16377857000.0,2149.28,1000.0,27.11,2021-06-15,27.11,2149.28
20210616,000852,中证1000指数,中证1000,CSI 1000 Index,CSI 1000,6808.63,6810.2,6668.04,6673.24,-141.87,-2.08,15608627600.0,2080.8,1000.0,26.52,2021-06-16,26.52,2080.8
20210617,000852,中证1000指数,中证1000,CSI 1000 Index,CSI 1000,6669.67,6790.71,6669.67,6787.67,114.42,1.71,14847683800.0,2067.86,1000.0,26.95,2021-06-17,26.95,2067.86
20210618,000852,中证1000指数,中证1000,CSI 1000 Index,CSI 1000,6783.99,6869.26,6765.96,6863.72,76.05,1.12,15795893900.0,2138.5,1000.0,27.18,2021-06-18,27.18,2138.5
20210621,000852,中证1000指数,中证1000,CSI 1000 Index,CSI 1000,6844.34,6970.64,6833.36,6968.3,104.58,1.52,15786900400.0,2205.49,1000.0,27.57,2021-06-21,27.57,2205.49
20210622,000852,中证1000指数,中证1000,CSI 1000 Index,CSI 1000,6987.51,7010.62,6947.87,7000.25,31.96,0.46,16833405500.0,2228.5,1000.0,27.71,2021-06-22,27.71,2228.5
20210623,000852,中证1000指数,中证1000,CSI 1000 Index,CSI 1000,6997.41,7060.4,6978.77,7046.17,45.92,0.66,16264950200.0,2226.85,1000.0,27.89,2021-06-23,27.89,2226.85
20210624,000852,中证1000指数,中证1000,CSI 1000 Index,CSI 1000,7045.05,7045.05,6969.55,6974.64,-71.53,-1.02,16206296200.0,2121.92,1000.0,27.64,2021-06-24,27.64,2121.92
20210625,000852,中证1000指数,中证1000,CSI 1000 Index,CSI 1000,6975.49,7016.08,6947.12,7000.43,25.79,0.37,16377403200.0,2162.01,1000.0,27.75,2021-06-25,27.75,2162.01
20210628,000852,中证1000指数,中证1000,CSI 1000 Index,CSI 1000,7007.43,7081.05,7005.93,7063.47,63.04,0.9,15211385000.0,2121.54,1000.0,27.98,2021-06-28,27.98,2121.54
20210629,000852,中证1000指数,中证1000,CSI 1000 Index,CSI 1000,7068.4,7082.07,6999.75,7004.3,-59.17,-0.84,15595003400.0,2219.64,1000.0,27.76,2021-06-29,27.76,2219.64
20210630,000852,中证1000指数,中证1000,CSI 1000 Index,CSI 1000,7011.18,7083.99,7004.75,7083.7,79.4,1.13,14862029400.0,2186.87,1000.0,28.02,2021-06-30,28.02,2186.87
20210701,000852,中证1000指数,中证1000,CSI 1000 Index,CSI 1000,7094.19,7099.13,6969.53,6969.53,-114.17,-1.61,15517016400.0,2238.12,1000.0,27.56,2021-07-01,27.56,2238.12
20210702,000852,中证1000指数,中证1000,CSI 1000 Index,CSI 1000,6947.45,6960.48,6891.47,6908.93,-60.6,-0.87,14422853300.0,2165.83,1000.0,27.26,2021-07-02,27.26,2165.83
20210705,000852,中证1000指数,中证1000,CSI 1000 Index,CSI 1000,6930.26,7006.72,6930.26,7006.7,97.77,1.42,15076286500.0,2234.89,1000.0,27.61,2021-07-05,27.61,2234.89
20210706,000852,中证1000指数,中证1000,CSI 1000 Index,CSI 1000,7013.99,7045.19,6885.09,6979.06,-27.64,-0.39,16213548500.0,2489.79,1000.0,27.47,2021-07-06,27.47,2489.79
20210707,000852,中证1000指数,中证1000,CSI 1000 Index,CSI 1000,6932.94,7093.05,6913.5,7089.66,110.6,1.58,15367139300.0,2339.56,1000.0,27.92,2021-07-07,27.92,2339.56
20210708,000852,中证1000指数,中证1000,CSI 1000 Index,CSI 1000,7102.67,7138.76,7082.39,7099.41,9.75,0.14,17404069600.0,2651.35,1000.0,27.91,2021-07-08,27.91,2651.35
20210709,000852,中证1000指数,中证1000,CSI 1000 Index,CSI 1000,7064.99,7165.88,7000.59,7142.9,43.49,0.61,16940141200.0,2534.01,1000.0,28.07,2021-07-09,28.07,2534.01
20210712,000852,中证1000指数,中证1000,CSI 1000 Index,CSI 1000,7184.09,7301.1,7171.04,7284.23,141.34,1.98,19246558700.0,2912.39,1000.0,28.57,2021-07-12,28.57,2912.39
20210713,000852,中证1000指数,中证1000,CSI 1000 Index,CSI 1000,7285.96,7331.73,7263.16,7331.73,47.49,0.65,19209422800.0,2893.54,1000.0,28.76,2021-07-13,28.76,2893.54
20210714,000852,中证1000指数,中证1000,CSI 1000 Index,CSI 1000,7301.61,7338.31,7240.98,7243.82,-87.91,-1.2,18869351800.0,2842.33,1000.0,28.45,2021-07-14,28.45,2842.33
20210715,000852,中证1000指数,中证1000,CSI 1000 Index,CSI 1000,7218.34,7250.03,7103.97,7241.62,-2.19,-0.03,18187351100.0,2691.36,1000.0,28.46,2021-07-15,28.46,2691.36
20210716,000852,中证1000指数,中证1000,CSI 1000 Index,CSI 1000,7230.85,7311.45,7214.04,7228.36,-13.26,-0.18,18277069600.0,2756.58,1000.0,28.35,2021-07-16,28.35,2756.58
20210719,000852,中证1000指数,中证1000,CSI 1000 Index,CSI 1000,7213.63,7259.03,7174.11,7205.27,-23.1,-0.32,17703027200.0,2638.45,1000.0,28.28,2021-07-19,28.28,2638.45
20210720,000852,中证1000指数,中证1000,CSI 1000 Index,CSI 1000,7145.54,7253.37,7137.89,7253.28,48.01,0.67,16314612100.0,2351.72,1000.0,28.44,2021-07-20,28.44,2351.72
20210721,000852,中证1000指数,中证1000,CSI 1000 Index,CSI 1000,7285.41,7416.47,7285.41,7398.81,145.53,2.01,19046887700.0,2838.91,1000.0,28.98,2021-07-21,28.98,2838.91
20210722,000852,中证1000指数,中证1000,CSI 1000 Index,CSI 1000,7405.65,7447.03,7349.13,7446.48,47.67,0.64,20372864900.0,3018.36,1000.0,29.15,2021-07-22,29.15,3018.36
20210723,000852,中证1000指数,中证1000,CSI 1000 Index,CSI 1000,7442.62,7473.14,7348.32,7379.79,-66.69,-0.9,21922125300.0,3171.2,1000.0,28.87,2021-07-23,28.87,3171.2
20210726,000852,中证1000指数,中证1000,CSI 1000 Index,CSI 1000,7368.13,7395.27,7140.73,7286.15,-93.64,-1.27,21285793600.0,3112.65,1000.0,28.49,2021-07-26,28.49,3112.65
20210727,000852,中证1000指数,中证1000,CSI 1000 Index,CSI 1000,7298.33,7373.09,7093.86,7093.87,-192.28,-2.64,22192671900.0,3409.51,1000.0,27.73,2021-07-27,27.73,3409.51
20210728,000852,中证1000指数,中证1000,CSI 1000 Index,CSI 1000,7019.05,7058.51,6750.59,6945.51,-148.36,-2.09,19727606100.0,2822.62,1000.0,27.22,2021-07-28,27.22,2822.62
20210729,000852,中证1000指数,中证1000,CSI 1000 Index,CSI 1000,7057.88,7226.5,7057.88,7207.48,261.97,3.77,18269223000.0,2845.66,1000.0,28.22,2021-07-29,28.22,2845.66
20210730,000852,中证1000指数,中证1000,CSI 1000 Index,CSI 1000,7209.04,7279.06,7155.22,7262.38,54.9,0.76,20291730600.0,3150.96,1000.0,28.42,2021-07-30,28.42,3150.96
20210802,000852,中证1000指数,中证1000,CSI 1000 Index,CSI 1000,7264.37,7402.4,7248.89,7402.35,139.97,1.93,21330014600.0,3389.13,1000.0,28.95,2021-08-02,28.95,3389.13
20210803,000852,中证1000指数,中证1000,CSI 1000 Index,CSI 1000,7375.22,7419.34,7284.18,7308.96,-93.4,-1.26,20947082600.0,3180.57,1000.0,28.6,2021-08-03,28.6,3180.57
20210804,000852,中证1000指数,中证1000,CSI 1000 Index,CSI 1000,7295.57,7478.21,7295.45,7478.21,169.25,2.32,18633411800.0,2971.92,1000.0,29.24,2021-08-04,29.24,2971.92
20210805,000852,中证1000指数,中证1000,CSI 1000 Index,CSI 1000,7454.28,7494.33,7402.38,7447.94,-30.27,-0.4,19883115300.0,3031.03,1000.0,29.14,2021-08-05,29.14,3031.03
20210806,000852,中证1000指数,中证1000,CSI 1000 Index,CSI 1000,7462.86,7490.98,7419.73,7482.17,34.23,0.46,18601512400.0,2917.06,1000.0,29.23,2021-08-06,29.23,2917.06
20210809,000852,中证1000指数,中证1000,CSI 1000 Index,CSI 1000,7459.35,7509.33,7386.31,7507.08,24.91,0.33,18110888000.0,2875.58,1000.0,29.38,2021-08-09,29.38,2875.58
20210810,000852,中证1000指数,中证1000,CSI 1000 Index,CSI 1000,7489.16,7566.73,7467.06,7549.55,42.47,0.57,18904852800.0,3031.07,1000.0,29.58,2021-08-10,29.58,3031.07
20210811,000852,中证1000指数,中证1000,CSI 1000 Index,CSI 1000,7538.82,7611.65,7498.58,7605.92,56.37,0.75,19635039200.0,2934.68,1000.0,29.76,2021-08-11,29.76,2934.68
20210812,000852,中证1000指数,中证1000,CSI 1000 Index,CSI 1000,7595.26,7677.74,7588.74,7657.53,51.61,0.68,21025048300.0,3079.92,1000.0,29.91,2021-08-12,29.91,3079.92
20210813,000852,中证1000指数,中证1000,CSI 1000 Index,CSI 1000,7635.49,7724.44,7605.86,7641.92,-15.61,-0.2,20800653000.0,3107.7,1000.0,29.84,2021-08-13,29.84,3107.7
20210816,000852,中证1000指数,中证1000,CSI 1000 Index,CSI 1000,7628.16,7633.66,7546.54,7568.14,-73.78,-0.97,20156954500.0,2924.91,1000.0,29.63,2021-08-16,29.63,2924.91
20210817,000852,中证1000指数,中证1000,CSI 1000 Index,CSI 1000,7559.3,7578.43,7338.02,7360.03,-208.1,-2.75,20742680500.0,2838.28,1000.0,28.83,2021-08-17,28.83,2838.28
20210818,000852,中证1000指数,中证1000,CSI 1000 Index,CSI 1000,7352.97,7454.03,7338.82,7405.49,45.45,0.62,17894054600.0,2486.78,1000.0,28.99,2021-08-18,28.99,2486.78
20210819,000852,中证1000指数,中证1000,CSI 1000 Index,CSI 1000,7387.44,7511.19,7330.6,7468.77,63.29,0.85,18289032200.0,2614.39,1000.0,29.23,2021-08-19,29.23,2614.39
20210820,000852,中证1000指数,中证1000,CSI 1000 Index,CSI 1000,7438.7,7505.55,7354.17,7467.36,-1.41,-0.02,17682235200.0,2609.35,1000.0,29.17,2021-08-20,29.17,2609.35
20210823,000852,中证1000指数,中证1000,CSI 1000 Index,CSI 1000,7501.41,7668.89,7501.41,7652.56,185.2,2.48,20149165700.0,3057.26,1000.0,29.9,2021-08-23,29.9,3057.26
20210824,000852,中证1000指数,中证1000,CSI 1000 Index,CSI 1000,7654.19,7737.6,7614.94,7715.07,62.51,0.82,21265851000.0,3226.86,1000.0,30.14,2021-08-24,30.14,3226.86
20210825,000852,中证1000指数,中证1000,CSI 1000 Index,CSI 1000,7707.09,7769.7,7664.29,7769.63,54.55,0.71,20639831400.0,3032.14,1000.0,30.39,2021-08-25,30.39,3032.14
20210826,000852,中证1000指数,中证1000,CSI 1000 Index,CSI 1000,7754.68,7771.85,7662.38,7669.53,-100.1,-1.29,22822141200.0,3190.66,1000.0,30.0,2021-08-26,30.0,3190.66
20210827,000852,中证1000指数,中证1000,CSI 1000 Index,CSI 1000,7634.93,7686.34,7584.28,7680.08,10.55,0.14,21289123400.0,3028.69,1000.0,30.04,2021-08-27,30.04,3028.69
20210830,000852,中证1000指数,中证1000,CSI 1000 Index,CSI 1000,7701.42,7792.52,7687.15,7727.75,47.67,0.62,23684182800.0,3504.88,1000.0,30.21,2021-08-30,30.21,3504.88
20210831,000852,中证1000指数,中证1000,CSI 1000 Index,CSI 1000,7714.17,7728.42,7636.77,7728.42,0.68,0.01,23545550100.0,3257.13,1000.0,30.18,2021-08-31,30.18,3257.13
20210901,000852,中证1000指数,中证1000,CSI 1000 Index,CSI 1000,7738.27,7743.18,7495.76,7606.87,-121.55,-1.57,26772353700.0,3723.76,1000.0,29.21,2021-09-01,29.21,3723.76
20210902,000852,中证1000指数,中证1000,CSI 1000 Index,CSI 1000,7572.05,7703.72,7568.07,7690.86,83.98,1.1,22608652600.0,3076.31,1000.0,29.52,2021-09-02,29.52,3076.31
20210903,000852,中证1000指数,中证1000,CSI 1000 Index,CSI 1000,7696.46,7766.46,7561.23,7630.84,-60.02,-0.78,26704451400.0,3579.58,1000.0,29.26,2021-09-03,29.26,3579.58
20210906,000852,中证1000指数,中证1000,CSI 1000 Index,CSI 1000,7625.74,7735.55,7552.95,7735.1,104.26,1.37,22795410000.0,3140.79,1000.0,29.66,2021-09-06,29.66,3140.79
20210907,000852,中证1000指数,中证1000,CSI 1000 Index,CSI 1000,7735.22,7881.87,7718.59,7878.35,143.25,1.85,22855960700.0,3143.05,1000.0,30.19,2021-09-07,30.19,3143.05
20210908,000852,中证1000指数,中证1000,CSI 1000 Index,CSI 1000,7886.27,7911.02,7854.89,7894.25,15.9,0.2,25432178800.0,3338.05,1000.0,30.2,2021-09-08,30.2,3338.05
20210909,000852,中证1000指数,中证1000,CSI 1000 Index,CSI 1000,7888.83,7922.41,7835.15,7900.24,5.99,0.08,23820173400.0,3185.85,1000.0,30.24,2021-09-09,30.24,3185.85
20210910,000852,中证1000指数,中证1000,CSI 1000 Index,CSI 1000,7897.33,7954.48,7832.96,7932.65,32.41,0.41,24001630100.0,3350.09,1000.0,30.35,2021-09-10,30.35,3350.09
20210913,000852,中证1000指数,中证1000,CSI 1000 Index,CSI 1000,7941.21,7955.98,7875.0,7947.48,14.83,0.19,23068519600.0,3311.65,1000.0,30.54,2021-09-13,30.54,3311.65
20210914,000852,中证1000指数,中证1000,CSI 1000 Index,CSI 1000,7927.89,8042.52,7895.18,7916.9,-30.59,-0.38,24322555400.0,3537.88,1000.0,30.4,2021-09-14,30.4,3537.88
20210915,000852,中证1000指数,中证1000,CSI 1000 Index,CSI 1000,7900.69,7988.37,7862.31,7972.23,55.34,0.7,21345391600.0,3150.48,1000.0,30.61,2021-09-15,30.61,3150.48
20210916,000852,中证1000指数,中证1000,CSI 1000 Index,CSI 1000,7974.08,7993.22,7749.66,7754.95,-217.29,-2.73,23666655100.0,3350.38,1000.0,29.81,2021-09-16,29.81,3350.38
20210917,000852,中证1000指数,中证1000,CSI 1000 Index,CSI 1000,7740.56,7786.19,7575.08,7730.22,-24.72,-0.32,21423803200.0,3028.7,1000.0,29.72,2021-09-17,29.72,3028.7
20210922,000852,中证1000指数,中证1000,CSI 1000 Index,CSI 1000,7640.47,7774.51,7633.28,7769.06,38.84,0.5,18273391500.0,2528.92,1000.0,29.92,2021-09-22,29.92,2528.92
20210923,000852,中证1000指数,中证1000,CSI 1000 Index,CSI 1000,7818.73,7850.24,7792.59,7806.8,37.74,0.49,21240013500.0,2940.21,1000.0,30.05,2021-09-23,30.05,2940.21
20210924,000852,中证1000指数,中证1000,CSI 1000 Index,CSI 1000,7799.92,7806.81,7685.11,7695.62,-111.18,-1.42,20646340900.0,2864.17,1000.0,29.66,2021-09-24,29.66,2864.17
20210927,000852,中证1000指数,中证1000,CSI 1000 Index,CSI 1000,7717.1,7733.21,7399.81,7467.82,-227.8,-2.96,21318364600.0,2919.98,1000.0,28.83,2021-09-27,28.83,2919.98
20210928,000852,中证1000指数,中证1000,CSI 1000 Index,CSI 1000,7428.41,7496.33,7409.37,7468.73,0.92,0.01,15806485000.0,2207.15,1000.0,28.86,2021-09-28,28.86,2207.15
20210929,000852,中证1000指数,中证1000,CSI 1000 Index,CSI 1000,7409.96,7413.8,7199.11,7199.18,-269.55,-3.61,17255014500.0,2279.89,1000.0,27.76,2021-09-29,27.76,2279.89
20210930,000852,中证1000指数,中证1000,CSI 1000 Index,CSI 1000,7237.54,7411.28,7237.54,7405.46,206.28,2.87,14644223300.0,1997.25,1000.0,28.55,2021-09-30,28.55,1997.25
20211008,000852,中证1000指数,中证1000,CSI 1000 Index,CSI 1000,7501.24,7514.24,7382.02,7425.67,20.21,0.27,15946033700.0,2205.28,1000.0,28.56,2021-10-08,28.56,2205.28
20211011,000852,中证1000指数,中证1000,CSI 1000 Index,CSI 1000,7441.62,7442.35,7346.86,7384.84,-40.83,-0.55,15060122100.0,2063.34,1000.0,28.45,2021-10-11,28.45,2063.34
20211012,000852,中证1000指数,中证1000,CSI 1000 Index,CSI 1000,7366.16,7376.73,7125.54,7208.47,-176.37,-2.39,15664367700.0,2101.15,1000.0,27.83,2021-10-12,27.83,2101.15
20211013,000852,中证1000指数,中证1000,CSI 1000 Index,CSI 1000,7213.01,7297.3,7147.01,7289.36,80.89,1.12,13119152300.0,1813.27,1000.0,28.12,2021-10-13,28.12,1813.27
20211014,000852,中证1000指数,中证1000,CSI 1000 Index,CSI 1000,7276.51,7362.46,7256.98,7342.25,52.89,0.73,12893072500.0,1807.75,1000.0,28.32,2021-10-14,28.32,1807.75
20211015,000852,中证1000指数,中证1000,CSI 1000 Index,CSI 1000,7321.58,7374.34,7288.28,7350.41,8.16,0.11,14533493700.0,2056.28,1000.0,28.36,2021-10-15,28.36,2056.28
20211018,000852,中证1000指数,中证1000,CSI 1000 Index,CSI 1000,7344.57,7429.63,7322.7,7429.63,79.21,1.08,14494820400.0,2107.14,1000.0,28.64,2021-10-18,28.64,2107.14
20211019,000852,中证1000指数,中证1000,CSI 1000 Index,CSI 1000,7420.48,7506.09,7408.12,7504.05,74.43,1.0,15240811700.0,2184.54,1000.0,28.93,2021-10-19,28.93,2184.54
20211020,000852,中证1000指数,中证1000,CSI 1000 Index,CSI 1000,7467.34,7560.85,7456.81,7523.56,19.51,0.26,15574373400.0,2332.43,1000.0,28.96,2021-10-20,28.96,2332.43
20211021,000852,中证1000指数,中证1000,CSI 1000 Index,CSI 1000,7520.93,7548.82,7481.44,7503.53,-20.03,-0.27,15874247800.0,2314.95,1000.0,28.88,2021-10-21,28.88,2314.95
20211022,000852,中证1000指数,中证1000,CSI 1000 Index,CSI 1000,7506.87,7530.58,7436.14,7438.48,-65.05,-0.87,16765695800.0,2349.23,1000.0,28.66,2021-10-22,28.66,2349.23
20211025,000852,中证1000指数,中证1000,CSI 1000 Index,CSI 1000,7438.43,7532.37,7417.2,7532.37,93.89,1.26,15047217500.0,2293.53,1000.0,29.04,2021-10-25,29.04,2293.53
20211026,000852,中证1000指数,中证1000,CSI 1000 Index,CSI 1000,7547.75,7583.13,7492.39,7508.69,-23.68,-0.31,16142746300.0,2471.27,1000.0,28.97,2021-10-26,28.97,2471.27
20211027,000852,中证1000指数,中证1000,CSI 1000 Index,CSI 1000,7490.69,7501.54,7408.58,7433.55,-75.14,-1.0,16208633200.0,2374.5,1000.0,28.69,2021-10-27,28.69,2374.5
20211028,000852,中证1000指数,中证1000,CSI 1000 Index,CSI 1000,7395.49,7422.1,7253.11,7267.85,-165.7,-2.23,16592507800.0,2450.17,1000.0,28.08,2021-10-28,28.08,2450.17
20211029,000852,中证1000指数,中证1000,CSI 1000 Index,CSI 1000,7276.51,7385.41,7234.5,7385.3,117.45,1.62,15853455000.0,2429.92,1000.0,28.49,2021-10-29,28.49,2429.92
20211101,000852,中证1000指数,中证1000,CSI 1000 Index,CSI 1000,7374.45,7488.48,7357.67,7455.61,70.31,0.95,17203325300.0,2615.19,1000.0,27.75,2021-11-01,27.75,2615.19
20211102,000852,中证1000指数,中证1000,CSI 1000 Index,CSI 1000,7462.13,7501.96,7301.65,7368.6,-87.01,-1.17,18751341600.0,2759.6,1000.0,27.42,2021-11-02,27.42,2759.6
20211103,000852,中证1000指数,中证1000,CSI 1000 Index,CSI 1000,7362.12,7391.05,7312.25,7385.2,16.6,0.23,14561900800.0,2175.72,1000.0,27.47,2021-11-03,27.47,2175.72
20211104,000852,中证1000指数,中证1000,CSI 1000 Index,CSI 1000,7402.66,7483.69,7402.66,7483.69,98.49,1.33,16171792700.0,2508.15,1000.0,27.84,2021-11-04,27.84,2508.15
20211105,000852,中证1000指数,中证1000,CSI 1000 Index,CSI 1000,7476.14,7488.12,7388.2,7389.59,-94.11,-1.26,18167756600.0,2639.98,1000.0,27.46,2021-11-05,27.46,2639.98
20211108,000852,中证1000指数,中证1000,CSI 1000 Index,CSI 1000,7376.71,7423.01,7351.5,7422.91,33.32,0.45,15205165100.0,2323.99,1000.0,27.53,2021-11-08,27.53,2323.99
20211109,000852,中证1000指数,中证1000,CSI 1000 Index,CSI 1000,7443.45,7532.25,7435.51,7531.96,109.05,1.47,15557024400.0,2383.68,1000.0,27.93,2021-11-09,27.93,2383.68
20211110,000852,中证1000指数,中证1000,CSI 1000 Index,CSI 1000,7516.0,7535.24,7425.23,7535.23,3.27,0.04,16680926800.0,2479.67,1000.0,27.91,2021-11-10,27.91,2479.67
20211111,000852,中证1000指数,中证1000,CSI 1000 Index,CSI 1000,7524.16,7601.2,7515.71,7593.73,58.5,0.78,17115319400.0,2519.93,1000.0,28.13,2021-11-11,28.13,2519.93
20211112,000852,中证1000指数,中证1000,CSI 1000 Index,CSI 1000,7593.45,7705.05,7593.45,7697.81,104.08,1.37,17374679000.0,2620.31,1000.0,28.5,2021-11-12,28.5,2620.31
20211115,000852,中证1000指数,中证1000,CSI 1000 Index,CSI 1000,7713.85,7727.02,7653.71,7676.48,-21.32,-0.28,18955364900.0,2826.14,1000.0,28.4,2021-11-15,28.4,2826.14
20211116,000852,中证1000指数,中证1000,CSI 1000 Index,CSI 1000,7659.02,7691.65,7579.68,7589.18,-87.3,-1.14,17701306500.0,2596.12,1000.0,28.11,2021-11-16,28.11,2596.12
20211117,000852,中证1000指数,中证1000,CSI 1000 Index,CSI 1000,7603.33,7725.09,7603.33,7725.09,135.91,1.79,17482428800.0,2522.38,1000.0,28.58,2021-11-17,28.58,2522.38
20211118,000852,中证1000指数,中证1000,CSI 1000 Index,CSI 1000,7724.03,7765.74,7686.14,7714.8,-10.3,-0.13,19850444800.0,2860.35,1000.0,28.58,2021-11-18,28.58,2860.35
20211119,000852,中证1000指数,中证1000,CSI 1000 Index,CSI 1000,7709.31,7806.03,7705.84,7803.76,88.97,1.15,18800112600.0,2762.56,1000.0,28.91,2021-11-19,28.91,2762.56
20211122,000852,中证1000指数,中证1000,CSI 1000 Index,CSI 1000,7822.96,7948.02,7822.96,7947.37,143.61,1.84,19040027000.0,3053.24,1000.0,29.44,2021-11-22,29.44,3053.24
20211123,000852,中证1000指数,中证1000,CSI 1000 Index,CSI 1000,7950.25,7974.51,7933.2,7941.56,-5.81,-0.07,19342204500.0,3035.24,1000.0,29.43,2021-11-23,29.43,3035.24
20211124,000852,中证1000指数,中证1000,CSI 1000 Index,CSI 1000,7939.59,7971.44,7917.68,7938.77,-2.79,-0.04,18860567800.0,2896.2,1000.0,29.43,2021-11-24,29.43,2896.2
20211125,000852,中证1000指数,中证1000,CSI 1000 Index,CSI 1000,7937.4,7959.84,7919.66,7925.76,-13.01,-0.16,17583815700.0,2737.18,1000.0,29.36,2021-11-25,29.36,2737.18
20211126,000852,中证1000指数,中证1000,CSI 1000 Index,CSI 1000,7912.89,7954.79,7906.35,7940.79,15.03,0.19,17391684700.0,2776.51,1000.0,29.44,2021-11-26,29.44,2776.51
20211129,000852,中证1000指数,中证1000,CSI 1000 Index,CSI 1000,7837.39,7999.94,7828.92,7999.83,59.04,0.74,17645340900.0,2894.65,1000.0,29.67,2021-11-29,29.67,2894.65
20211130,000852,中证1000指数,中证1000,CSI 1000 Index,CSI 1000,8037.26,8082.9,7991.19,8054.29,54.46,0.68,19756264300.0,3094.04,1000.0,29.86,2021-11-30,29.86,3094.04
20211201,000852,中证1000指数,中证1000,CSI 1000 Index,CSI 1000,8050.89,8068.38,8000.81,8055.82,1.53,0.02,18907493000.0,2887.48,1000.0,29.86,2021-12-01,29.86,2887.48
20211202,000852,中证1000指数,中证1000,CSI 1000 Index,CSI 1000,8045.73,8046.25,7964.74,7968.24,-87.59,-1.09,18467244800.0,2737.91,1000.0,29.56,2021-12-02,29.56,2737.91
20211203,000852,中证1000指数,中证1000,CSI 1000 Index,CSI 1000,7973.62,8034.69,7952.37,8023.96,55.73,0.7,17906301600.0,2650.04,1000.0,29.74,2021-12-03,29.74,2650.04
20211206,000852,中证1000指数,中证1000,CSI 1000 Index,CSI 1000,8018.46,8029.83,7899.91,7906.76,-117.21,-1.46,19152032800.0,2744.05,1000.0,29.32,2021-12-06,29.32,2744.05
20211207,000852,中证1000指数,中证1000,CSI 1000 Index,CSI 1000,7937.23,7948.17,7713.92,7781.44,-125.31,-1.58,18238999500.0,2728.4,1000.0,28.88,2021-12-07,28.88,2728.4
20211208,000852,中证1000指数,中证1000,CSI 1000 Index,CSI 1000,7806.38,7922.55,7803.44,7922.55,141.11,1.81,16130705000.0,2426.58,1000.0,29.39,2021-12-08,29.39,2426.58
20211209,000852,中证1000指数,中证1000,CSI 1000 Index,CSI 1000,7924.53,7948.03,7903.68,7931.76,9.2,0.12,18125222100.0,2613.71,1000.0,29.44,2021-12-09,29.44,2613.71
20211210,000852,中证1000指数,中证1000,CSI 1000 Index,CSI 1000,7898.64,7964.35,7886.13,7949.12,17.37,0.22,17346576300.0,2570.42,1000.0,29.51,2021-12-10,29.51,2570.42
20211213,000852,中证1000指数,中证1000,CSI 1000 Index,CSI 1000,7963.48,8000.11,7936.62,7984.9,35.77,0.45,18952205800.0,2745.66,1000.0,28.86,2021-12-13,28.86,2745.66
20211214,000852,中证1000指数,中证1000,CSI 1000 Index,CSI 1000,7969.6,7997.18,7952.75,7981.83,-3.07,-0.04,19321250900.0,2774.61,1000.0,28.85,2021-12-14,28.85,2774.61
20211215,000852,中证1000指数,中证1000,CSI 1000 Index,CSI 1000,7982.1,8019.3,7942.94,7955.58,-26.25,-0.33,20020703500.0,2770.26,1000.0,28.76,2021-12-15,28.76,2770.26
20211216,000852,中证1000指数,中证1000,CSI 1000 Index,CSI 1000,7966.5,8005.98,7959.18,8005.98,50.39,0.63,19486519800.0,2596.54,1000.0,28.94,2021-12-16,28.94,2596.54
20211217,000852,中证1000指数,中证1000,CSI 1000 Index,CSI 1000,7997.47,7997.47,7894.1,7894.1,-111.87,-1.4,20230367600.0,2649.34,1000.0,28.52,2021-12-17,28.52,2649.34
20211220,000852,中证1000指数,中证1000,CSI 1000 Index,CSI 1000,7873.67,7920.65,7747.36,7751.95,-142.15,-1.8,19900830200.0,2632.21,1000.0,28.04,2021-12-20,28.04,2632.21
20211221,000852,中证1000指数,中证1000,CSI 1000 Index,CSI 1000,7749.82,7849.03,7749.82,7849.03,97.08,1.25,19146057700.0,2269.89,1000.0,28.34,2021-12-21,28.34,2269.89
20211222,000852,中证1000指数,中证1000,CSI 1000 Index,CSI 1000,7868.3,7943.24,7854.36,7930.81,81.78,1.04,20594218500.0,2552.76,1000.0,28.6,2021-12-22,28.6,2552.76
20211223,000852,中证1000指数,中证1000,CSI 1000 Index,CSI 1000,7932.1,7947.13,7892.89,7932.66,1.85,0.02,20291062300.0,2677.58,1000.0,28.62,2021-12-23,28.62,2677.58
20211224,000852,中证1000指数,中证1000,CSI 1000 Index,CSI 1000,7940.38,7940.43,7771.42,7776.61,-156.06,-1.97,21213231600.0,2785.01,1000.0,28.09,2021-12-24,28.09,2785.01
20211227,000852,中证1000指数,中证1000,CSI 1000 Index,CSI 1000,7768.38,7833.58,7739.29,7776.43,-0.18,0.0,17543192800.0,2326.53,1000.0,28.1,2021-12-27,28.1,2326.53
20211228,000852,中证1000指数,中证1000,CSI 1000 Index,CSI 1000,7794.03,7863.53,7783.1,7863.53,87.1,1.12,17074459800.0,2376.38,1000.0,28.38,2021-12-28,28.38,2376.38
20211229,000852,中证1000指数,中证1000,CSI 1000 Index,CSI 1000,7858.94,7886.71,7838.28,7855.43,-8.1,-0.1,17227311100.0,2442.5,1000.0,28.35,2021-12-29,28.35,2442.5
20211230,000852,中证1000指数,中证1000,CSI 1000 Index,CSI 1000,7863.17,7949.96,7861.54,7924.53,69.1,0.88,17854590400.0,2506.73,1000.0,28.6,2021-12-30,28.6,2506.73
20211231,000852,中证1000指数,中证1000,CSI 1000 Index,CSI 1000,7946.94,8016.4,7946.94,8010.32,85.8,1.08,18960290300.0,2647.77,1000.0,28.88,2021-12-31,28.88,2647.77
20220104,000852,中证1000指数,中证1000,CSI 1000 Index,CSI 1000,8045.1,8060.99,7948.91,7983.07,-27.26,-0.34,22595770600.0,3095.13,1000.0,28.78,2022-01-04,28.78,3095.13
20220105,000852,中证1000指数,中证1000,CSI 1000 Index,CSI 1000,7968.74,7968.92,7733.51,7781.68,-201.39,-2.52,21879149500.0,2995.32,1000.0,28.07,2022-01-05,28.07,2995.32
20220106,000852,中证1000指数,中证1000,CSI 1000 Index,CSI 1000,7743.86,7863.55,7721.78,7844.52,62.84,0.81,19273502800.0,2593.63,1000.0,28.3,2022-01-06,28.3,2593.63
20220107,000852,中证1000指数,中证1000,CSI 1000 Index,CSI 1000,7841.13,7867.49,7681.13,7682.7,-161.82,-2.06,21444128100.0,2760.05,1000.0,27.77,2022-01-07,27.77,2760.05
20220110,000852,中证1000指数,中证1000,CSI 1000 Index,CSI 1000,7669.05,7756.97,7624.93,7734.19,51.49,0.67,18311847400.0,2438.26,1000.0,27.98,2022-01-10,27.98,2438.26
20220111,000852,中证1000指数,中证1000,CSI 1000 Index,CSI 1000,7734.54,7768.74,7632.07,7646.69,-87.49,-1.13,18425667700.0,2460.1,1000.0,27.66,2022-01-11,27.66,2460.1
20220112,000852,中证1000指数,中证1000,CSI 1000 Index,CSI 1000,7691.85,7779.52,7682.55,7779.52,132.83,1.74,17902877000.0,2490.94,1000.0,28.12,2022-01-12,28.12,2490.94
20220113,000852,中证1000指数,中证1000,CSI 1000 Index,CSI 1000,7781.31,7781.31,7644.79,7644.79,-134.74,-1.73,19671881300.0,2584.77,1000.0,27.64,2022-01-13,27.64,2584.77
20220114,000852,中证1000指数,中证1000,CSI 1000 Index,CSI 1000,7611.29,7714.5,7590.19,7675.37,30.58,0.4,19543728600.0,2582.56,1000.0,27.76,2022-01-14,27.76,2582.56
20220117,000852,中证1000指数,中证1000,CSI 1000 Index,CSI 1000,7687.71,7815.66,7683.38,7808.09,132.72,1.73,19904867000.0,2836.38,1000.0,28.18,2022-01-17,28.18,2836.38
20220118,000852,中证1000指数,中证1000,CSI 1000 Index,CSI 1000,7808.99,7827.19,7743.72,7758.6,-49.48,-0.63,22194515200.0,2983.02,1000.0,28.03,2022-01-18,28.03,2983.02
20220119,000852,中证1000指数,中证1000,CSI 1000 Index,CSI 1000,7728.16,7745.81,7617.06,7665.18,-93.42,-1.2,18817084400.0,2525.21,1000.0,27.71,2022-01-19,27.71,2525.21
20220120,000852,中证1000指数,中证1000,CSI 1000 Index,CSI 1000,7664.12,7672.76,7488.86,7492.61,-172.58,-2.25,19987617500.0,2624.94,1000.0,27.1,2022-01-20,27.1,2624.94
20220121,000852,中证1000指数,中证1000,CSI 1000 Index,CSI 1000,7474.76,7493.02,7384.4,7388.74,-103.87,-1.39,17662856700.0,2291.81,1000.0,26.71,2022-01-21,26.71,2291.81
20220124,000852,中证1000指数,中证1000,CSI 1000 Index,CSI 1000,7346.39,7462.53,7333.0,7425.4,36.66,0.5,15441582700.0,2084.67,1000.0,26.84,2022-01-24,26.84,2084.67
20220125,000852,中证1000指数,中证1000,CSI 1000 Index,CSI 1000,7398.76,7440.55,7133.07,7133.07,-292.34,-3.94,17857699900.0,2205.74,1000.0,25.84,2022-01-25,25.84,2205.74
20220126,000852,中证1000指数,中证1000,CSI 1000 Index,CSI 1000,7158.57,7226.64,7071.47,7171.03,37.96,0.53,14307247500.0,1772.02,1000.0,26.01,2022-01-26,26.01,1772.02
20220127,000852,中证1000指数,中证1000,CSI 1000 Index,CSI 1000,7178.54,7191.48,6959.46,6960.11,-210.92,-2.94,14678637100.0,1766.46,1000.0,25.28,2022-01-27,25.28,1766.46
20220128,000852,中证1000指数,中证1000,CSI 1000 Index,CSI 1000,6996.77,7071.32,6861.47,6973.01,12.9,0.19,13898434400.0,1706.43,1000.0,25.31,2022-01-28,25.31,1706.43
20220207,000852,中证1000指数,中证1000,CSI 1000 Index,CSI 1000,7080.61,7102.42,7037.16,7061.62,88.61,1.27,14550630500.0,1724.08,1000.0,25.65,2022-02-07,25.65,1724.08
20220208,000852,中证1000指数,中证1000,CSI 1000 Index,CSI 1000,7058.25,7080.62,6928.9,7080.62,19.0,0.27,16090040200.0,1810.7,1000.0,25.7,2022-02-08,25.7,1810.7
20220209,000852,中证1000指数,中证1000,CSI 1000 Index,CSI 1000,7083.43,7212.75,7056.62,7211.43,130.81,1.85,17239973100.0,2085.92,1000.0,26.13,2022-02-09,26.13,2085.92
20220210,000852,中证1000指数,中证1000,CSI 1000 Index,CSI 1000,7208.57,7222.19,7126.07,7175.62,-35.81,-0.5,16578145400.0,1974.55,1000.0,25.99,2022-02-10,25.99,1974.55
20220211,000852,中证1000指数,中证1000,CSI 1000 Index,CSI 1000,7140.93,7151.24,7024.79,7033.85,-141.77,-1.98,16861516500.0,2076.62,1000.0,25.48,2022-02-11,25.48,2076.62
20220214,000852,中证1000指数,中证1000,CSI 1000 Index,CSI 1000,6991.63,7096.55,6961.3,7006.08,-27.78,-0.39,14721781200.0,1771.09,1000.0,25.38,2022-02-14,25.38,1771.09
20220215,000852,中证1000指数,中证1000,CSI 1000 Index,CSI 1000,7020.13,7125.1,6990.4,7124.85,118.77,1.7,14329760100.0,1782.96,1000.0,25.81,2022-02-15,25.81,1782.96
20220216,000852,中证1000指数,中证1000,CSI 1000 Index,CSI 1000,7164.23,7201.08,7132.08,7183.11,58.26,0.82,14718897200.0,1814.53,1000.0,26.03,2022-02-16,26.03,1814.53
20220217,000852,中证1000指数,中证1000,CSI 1000 Index,CSI 1000,7169.72,7265.03,7146.59,7220.61,37.5,0.52,16594406800.0,2118.17,1000.0,26.17,2022-02-17,26.17,2118.17
20220218,000852,中证1000指数,中证1000,CSI 1000 Index,CSI 1000,7174.59,7252.06,7164.27,7251.79,31.19,0.43,15609702700.0,1878.19,1000.0,26.27,2022-02-18,26.27,1878.19
20220221,000852,中证1000指数,中证1000,CSI 1000 Index,CSI 1000,7264.44,7334.91,7259.76,7334.59,82.8,1.14,16984784800.0,2090.89,1000.0,26.52,2022-02-21,26.52,2090.89
20220222,000852,中证1000指数,中证1000,CSI 1000 Index,CSI 1000,7310.66,7310.66,7212.27,7279.24,-55.36,-0.75,17950263400.0,2283.2,1000.0,26.3,2022-02-22,26.3,2283.2
20220223,000852,中证1000指数,中证1000,CSI 1000 Index,CSI 1000,7290.7,7450.4,7289.74,7450.4,171.16,2.35,18273048500.0,2544.07,1000.0,26.89,2022-02-23,26.89,2544.07
20220224,000852,中证1000指数,中证1000,CSI 1000 Index,CSI 1000,7414.47,7481.14,7174.78,7285.12,-165.28,-2.22,25572058500.0,3305.51,1000.0,26.31,2022-02-24,26.31,3305.51
20220225,000852,中证1000指数,中证1000,CSI 1000 Index,CSI 1000,7346.85,7435.4,7344.78,7361.96,76.84,1.05,17775700400.0,2390.33,1000.0,26.6,2022-02-25,26.6,2390.33
20220228,000852,中证1000指数,中证1000,CSI 1000 Index,CSI 1000,7370.43,7419.83,7291.08,7419.83,57.87,0.79,16740203000.0,2279.96,1000.0,26.79,2022-02-28,26.79,2279.96
20220301,000852,中证1000指数,中证1000,CSI 1000 Index,CSI 1000,7433.75,7454.9,7379.82,7429.44,9.61,0.13,16618706100.0,2286.66,1000.0,26.81,2022-03-01,26.81,2286.66
20220302,000852,中证1000指数,中证1000,CSI 1000 Index,CSI 1000,7400.95,7421.64,7341.83,7414.31,-15.13,-0.2,16020992100.0,2099.0,1000.0,26.74,2022-03-02,26.74,2099.0
20220303,000852,中证1000指数,中证1000,CSI 1000 Index,CSI 1000,7440.94,7446.47,7334.28,7342.61,-71.7,-0.97,18318194700.0,2246.85,1000.0,26.5,2022-03-03,26.5,2246.85
20220304,000852,中证1000指数,中证1000,CSI 1000 Index,CSI 1000,7300.0,7360.26,7219.64,7241.56,-101.05,-1.38,17843841900.0,2196.27,1000.0,26.15,2022-03-04,26.15,2196.27
20220307,000852,中证1000指数,中证1000,CSI 1000 Index,CSI 1000,7230.81,7230.81,7050.35,7085.73,-155.83,-2.15,16605177500.0,2128.11,1000.0,25.6,2022-03-07,25.6,2128.11
20220308,000852,中证1000指数,中证1000,CSI 1000 Index,CSI 1000,7089.51,7118.51,6824.03,6871.22,-214.51,-3.03,19196062700.0,2423.0,1000.0,24.78,2022-03-08,24.78,2423.0
20220309,000852,中证1000指数,中证1000,CSI 1000 Index,CSI 1000,6889.51,6925.55,6511.91,6796.04,-75.18,-1.09,21326191400.0,2514.57,1000.0,24.49,2022-03-09,24.49,2514.57
20220310,000852,中证1000指数,中证1000,CSI 1000 Index,CSI 1000,6946.58,7017.28,6914.89,6952.52,156.48,2.3,18535447100.0,2392.13,1000.0,25.05,2022-03-10,25.05,2392.13
20220311,000852,中证1000指数,中证1000,CSI 1000 Index,CSI 1000,6856.87,7001.6,6778.59,6990.78,38.26,0.55,18099318400.0,2292.54,1000.0,25.18,2022-03-11,25.18,2292.54
20220314,000852,中证1000指数,中证1000,CSI 1000 Index,CSI 1000,6938.22,6972.91,6800.59,6800.59,-190.18,-2.72,16266211800.0,2094.27,1000.0,24.5,2022-03-14,24.5,2094.27
20220315,000852,中证1000指数,中证1000,CSI 1000 Index,CSI 1000,6745.6,6790.24,6473.48,6473.48,-327.11,-4.81,19575081400.0,2325.09,1000.0,23.29,2022-03-15,23.29,2325.09
20220316,000852,中证1000指数,中证1000,CSI 1000 Index,CSI 1000,6586.82,6704.18,6330.41,6692.97,219.49,3.39,19755896700.0,2468.43,1000.0,24.03,2022-03-16,24.03,2468.43
20220317,000852,中证1000指数,中证1000,CSI 1000 Index,CSI 1000,6777.74,6934.49,6768.61,6818.54,125.58,1.88,20505438900.0,2730.64,1000.0,24.51,2022-03-17,24.51,2730.64
20220318,000852,中证1000指数,中证1000,CSI 1000 Index,CSI 1000,6792.32,6882.66,6773.46,6879.37,60.82,0.89,17389040500.0,2096.09,1000.0,24.73,2022-03-18,24.73,2096.09
20220321,000852,中证1000指数,中证1000,CSI 1000 Index,CSI 1000,6886.03,6983.52,6867.31,6954.41,75.04,1.09,17942838800.0,2244.93,1000.0,25.0,2022-03-21,25.0,2244.93
20220322,000852,中证1000指数,中证1000,CSI 1000 Index,CSI 1000,6938.97,6976.39,6893.65,6923.44,-30.96,-0.45,17845627100.0,2142.66,1000.0,24.88,2022-03-22,24.88,2142.66
20220323,000852,中证1000指数,中证1000,CSI 1000 Index,CSI 1000,6938.51,6989.72,6910.33,6966.95,43.51,0.63,17594221200.0,2070.33,1000.0,25.05,2022-03-23,25.05,2070.33
20220324,000852,中证1000指数,中证1000,CSI 1000 Index,CSI 1000,6934.13,6950.74,6847.17,6900.81,-66.15,-0.95,17591786500.0,2089.7,1000.0,24.82,2022-03-24,24.82,2089.7
20220325,000852,中证1000指数,中证1000,CSI 1000 Index,CSI 1000,6906.68,6939.87,6819.55,6819.81,-80.99,-1.17,17381859700.0,2073.38,1000.0,24.53,2022-03-25,24.53,2073.38
20220328,000852,中证1000指数,中证1000,CSI 1000 Index,CSI 1000,6772.44,6828.4,6692.91,6767.25,-52.56,-0.77,16839860900.0,1910.47,1000.0,24.34,2022-03-28,24.34,1910.47
20220329,000852,中证1000指数,中证1000,CSI 1000 Index,CSI 1000,6785.38,6808.88,6700.41,6725.68,-41.57,-0.61,16620169600.0,1948.73,1000.0,24.21,2022-03-29,24.21,1948.73
20220330,000852,中证1000指数,中证1000,CSI 1000 Index,CSI 1000,6750.0,6864.75,6734.07,6864.75,139.07,2.07,17132580300.0,1962.84,1000.0,24.7,2022-03-30,24.7,1962.84
20220331,000852,中证1000指数,中证1000,CSI 1000 Index,CSI 1000,6846.33,6846.33,6760.05,6772.07,-92.68,-1.35,19567908400.0,2221.12,1000.0,24.39,2022-03-31,24.39,2221.12
20220401,000852,中证1000指数,中证1000,CSI 1000 Index,CSI 1000,6723.26,6790.76,6688.7,6772.6,0.54,0.01,17153058600.0,1893.79,1000.0,24.4,2022-04-01,24.4,1893.79
20220406,000852,中证1000指数,中证1000,CSI 1000 Index,CSI 1000,6769.74,6769.74,6711.3,6764.29,-8.32,-0.12,17993276300.0,1948.67,1000.0,24.38,2022-04-06,24.38,1948.67
20220407,000852,中证1000指数,中证1000,CSI 1000 Index,CSI 1000,6736.34,6768.45,6623.59,6623.59,-140.7,-2.08,18843268400.0,2008.82,1000.0,23.9,2022-04-07,23.9,2008.82
20220408,000852,中证1000指数,中证1000,CSI 1000 Index,CSI 1000,6635.69,6644.76,6496.18,6575.28,-48.3,-0.73,19157407400.0,2066.09,1000.0,23.77,2022-04-08,23.77,2066.09
20220411,000852,中证1000指数,中证1000,CSI 1000 Index,CSI 1000,6544.29,6544.29,6297.39,6328.07,-247.22,-3.76,20420829200.0,2140.0,1000.0,22.91,2022-04-11,22.91,2140.0
20220412,000852,中证1000指数,中证1000,CSI 1000 Index,CSI 1000,6314.22,6414.5,6259.05,6414.42,86.35,1.36,19367685700.0,1968.91,1000.0,23.2,2022-04-12,23.2,1968.91
20220413,000852,中证1000指数,中证1000,CSI 1000 Index,CSI 1000,6381.78,6388.7,6286.25,6286.25,-128.17,-2.0,18443405000.0,1891.88,1000.0,22.76,2022-04-13,22.76,1891.88
20220414,000852,中证1000指数,中证1000,CSI 1000 Index,CSI 1000,6313.1,6388.56,6294.37,6359.71,73.46,1.17,17575473200.0,1836.61,1000.0,23.0,2022-04-14,23.0,1836.61
20220415,000852,中证1000指数,中证1000,CSI 1000 Index,CSI 1000,6328.23,6334.48,6229.41,6275.07,-84.64,-1.33,19000752100.0,2009.02,1000.0,22.72,2022-04-15,22.72,2009.02
20220418,000852,中证1000指数,中证1000,CSI 1000 Index,CSI 1000,6233.42,6339.11,6164.44,6326.02,50.95,0.81,15896483600.0,1667.23,1000.0,22.9,2022-04-18,22.9,1667.23
20220419,000852,中证1000指数,中证1000,CSI 1000 Index,CSI 1000,6324.42,6379.43,6304.25,6345.79,19.76,0.31,15094162800.0,1668.52,1000.0,22.97,2022-04-19,22.97,1668.52
20220420,000852,中证1000指数,中证1000,CSI 1000 Index,CSI 1000,6347.8,6351.64,6208.79,6234.25,-111.53,-1.76,16535743000.0,1745.79,1000.0,22.58,2022-04-20,22.58,1745.79
20220421,000852,中证1000指数,中证1000,CSI 1000 Index,CSI 1000,6206.18,6236.55,5966.03,5981.38,-252.87,-4.06,17345490600.0,1778.65,1000.0,21.68,2022-04-21,21.68,1778.65
20220422,000852,中证1000指数,中证1000,CSI 1000 Index,CSI 1000,5937.39,5965.41,5851.23,5891.81,-89.58,-1.5,14472919500.0,1511.56,1000.0,21.4,2022-04-22,21.4,1511.56
20220425,000852,中证1000指数,中证1000,CSI 1000 Index,CSI 1000,5776.18,5776.18,5431.61,5431.61,-460.2,-7.81,18316667300.0,1745.25,1000.0,19.76,2022-04-25,19.76,1745.25
20220426,000852,中证1000指数,中证1000,CSI 1000 Index,CSI 1000,5432.61,5483.03,5251.52,5266.55,-165.06,-3.04,17832332200.0,1658.08,1000.0,19.17,2022-04-26,19.17,1658.08
20220427,000852,中证1000指数,中证1000,CSI 1000 Index,CSI 1000,5192.5,5541.11,5164.75,5540.72,274.17,5.21,19292727100.0,1842.38,1000.0,20.09,2022-04-27,20.09,1842.38
20220428,000852,中证1000指数,中证1000,CSI 1000 Index,CSI 1000,5501.52,5578.62,5425.77,5493.91,-46.81,-0.84,16971405800.0,1760.2,1000.0,19.89,2022-04-28,19.89,1760.2
20220429,000852,中证1000指数,中证1000,CSI 1000 Index,CSI 1000,5534.17,5753.08,5517.72,5734.49,240.59,4.38,18666054900.0,1943.08,1000.0,20.72,2022-04-29,20.72,1943.08
20220505,000852,中证1000指数,中证1000,CSI 1000 Index,CSI 1000,5723.18,5884.38,5712.06,5836.93,102.44,1.79,16893297500.0,1794.85,1000.0,20.83,2022-05-05,20.83,1794.85
20220506,000852,中证1000指数,中证1000,CSI 1000 Index,CSI 1000,5690.14,5812.48,5665.93,5764.69,-72.24,-1.24,15419636300.0,1536.09,1000.0,20.5,2022-05-06,20.5,1536.09
20220509,000852,中证1000指数,中证1000,CSI 1000 Index,CSI 1000,5749.9,5857.71,5749.9,5840.89,76.2,1.32,13894347400.0,1366.37,1000.0,20.77,2022-05-09,20.77,1366.37
20220510,000852,中证1000指数,中证1000,CSI 1000 Index,CSI 1000,5761.85,5952.72,5746.72,5950.67,109.78,1.88,16963005400.0,1755.38,1000.0,21.16,2022-05-10,21.16,1755.38
20220511,000852,中证1000指数,中证1000,CSI 1000 Index,CSI 1000,5959.79,6147.86,5959.79,6003.03,52.36,0.88,20631109300.0,2254.87,1000.0,21.31,2022-05-11,21.31,2254.87
20220512,000852,中证1000指数,中证1000,CSI 1000 Index,CSI 1000,5971.21,6061.18,5964.83,6034.57,31.54,0.53,16680991900.0,1716.88,1000.0,21.42,2022-05-12,21.42,1716.88
20220513,000852,中证1000指数,中证1000,CSI 1000 Index,CSI 1000,6059.0,6079.16,6001.91,6071.67,37.09,0.61,15470886300.0,1563.79,1000.0,21.56,2022-05-13,21.56,1563.79
20220516,000852,中证1000指数,中证1000,CSI 1000 Index,CSI 1000,6110.99,6154.7,6057.32,6082.88,11.21,0.18,15881493700.0,1624.66,1000.0,21.59,2022-05-16,21.59,1624.66
20220517,000852,中证1000指数,中证1000,CSI 1000 Index,CSI 1000,6079.3,6120.84,6013.7,6118.46,35.58,0.58,16098087200.0,1743.63,1000.0,21.65,2022-05-17,21.65,1743.63
20220518,000852,中证1000指数,中证1000,CSI 1000 Index,CSI 1000,6124.38,6183.46,6103.63,6127.8,9.35,0.15,15180257000.0,1647.56,1000.0,21.64,2022-05-18,21.64,1647.56
20220519,000852,中证1000指数,中证1000,CSI 1000 Index,CSI 1000,6032.73,6180.19,6020.41,6180.19,52.38,0.85,16151231400.0,1752.97,1000.0,21.81,2022-05-19,21.81,1752.97
20220520,000852,中证1000指数,中证1000,CSI 1000 Index,CSI 1000,6203.91,6263.44,6176.13,6263.44,83.26,1.35,16785941700.0,1875.76,1000.0,22.04,2022-05-20,22.04,1875.76
20220523,000852,中证1000指数,中证1000,CSI 1000 Index,CSI 1000,6284.6,6345.0,6267.83,6343.47,80.02,1.28,16486654400.0,1864.73,1000.0,22.27,2022-05-23,22.27,1864.73
20220524,000852,中证1000指数,中证1000,CSI 1000 Index,CSI 1000,6343.89,6345.12,6081.64,6081.64,-261.82,-4.13,19839760000.0,2210.27,1000.0,21.38,2022-05-24,21.38,2210.27
20220525,000852,中证1000指数,中证1000,CSI 1000 Index,CSI 1000,6079.94,6188.27,6070.96,6188.27,106.63,1.75,16135372500.0,1699.86,1000.0,21.72,2022-05-25,21.72,1699.86
20220526,000852,中证1000指数,中证1000,CSI 1000 Index,CSI 1000,6195.21,6252.56,6095.75,6227.1,38.83,0.63,16844023500.0,1759.41,1000.0,21.81,2022-05-26,21.81,1759.41
20220527,000852,中证1000指数,中证1000,CSI 1000 Index,CSI 1000,6252.36,6283.72,6157.81,6210.09,-17.01,-0.27,17056578300.0,1772.13,1000.0,21.76,2022-05-27,21.76,1772.13
20220530,000852,中证1000指数,中证1000,CSI 1000 Index,CSI 1000,6231.64,6282.36,6171.74,6282.36,72.26,1.16,15920076000.0,1699.66,1000.0,21.93,2022-05-30,21.93,1699.66
20220531,000852,中证1000指数,中证1000,CSI 1000 Index,CSI 1000,6283.16,6356.55,6224.61,6353.35,70.99,1.13,17355118000.0,1949.84,1000.0,22.14,2022-05-31,22.14,1949.84
20220601,000852,中证1000指数,中证1000,CSI 1000 Index,CSI 1000,6332.39,6398.35,6316.58,6373.32,19.97,0.31,17299185200.0,1895.85,1000.0,22.18,2022-06-01,22.18,1895.85
20220602,000852,中证1000指数,中证1000,CSI 1000 Index,CSI 1000,6349.56,6449.97,6329.07,6442.93,69.62,1.09,16494743300.0,1901.73,1000.0,22.41,2022-06-02,22.41,1901.73
20220606,000852,中证1000指数,中证1000,CSI 1000 Index,CSI 1000,6449.55,6612.8,6449.24,6604.98,162.04,2.52,18317628200.0,2367.45,1000.0,22.94,2022-06-06,22.94,2367.45
20220607,000852,中证1000指数,中证1000,CSI 1000 Index,CSI 1000,6613.17,6631.32,6539.71,6597.83,-7.14,-0.11,18767937200.0,2262.33,1000.0,22.89,2022-06-07,22.89,2262.33
20220608,000852,中证1000指数,中证1000,CSI 1000 Index,CSI 1000,6594.92,6660.09,6474.23,6608.89,11.06,0.17,19632241500.0,2355.52,1000.0,22.89,2022-06-08,22.89,2355.52
20220609,000852,中证1000指数,中证1000,CSI 1000 Index,CSI 1000,6591.92,6591.92,6453.65,6490.38,-118.52,-1.79,17804143900.0,2071.33,1000.0,22.48,2022-06-09,22.48,2071.33
20220610,000852,中证1000指数,中证1000,CSI 1000 Index,CSI 1000,6446.81,6630.26,6438.8,6627.75,137.37,2.12,17692093600.0,2164.73,1000.0,22.95,2022-06-10,22.95,2164.73
20220613,000852,中证1000指数,中证1000,CSI 1000 Index,CSI 1000,6582.69,6683.91,6573.57,6674.8,47.06,0.71,20085724100.0,2392.5,1000.0,22.43,2022-06-13,22.43,2392.5
20220614,000852,中证1000指数,中证1000,CSI 1000 Index,CSI 1000,6607.12,6665.25,6460.43,6665.25,-9.55,-0.14,20722404500.0,2371.01,1000.0,22.4,2022-06-14,22.4,2371.01
20220615,000852,中证1000指数,中证1000,CSI 1000 Index,CSI 1000,6671.05,6759.38,6653.76,6653.76,-11.49,-0.17,22859663500.0,2599.61,1000.0,22.32,2022-06-15,22.32,2599.61
20220616,000852,中证1000指数,中证1000,CSI 1000 Index,CSI 1000,6651.2,6755.63,6651.2,6696.76,43.0,0.65,20419071000.0,2332.02,1000.0,22.32,2022-06-16,22.32,2332.02
20220617,000852,中证1000指数,中证1000,CSI 1000 Index,CSI 1000,6652.54,6782.49,6643.1,6774.74,77.97,1.16,19554498400.0,2410.14,1000.0,22.55,2022-06-17,22.55,2410.14
20220620,000852,中证1000指数,中证1000,CSI 1000 Index,CSI 1000,6787.34,6874.38,6783.62,6848.75,74.02,1.09,20285537800.0,2616.23,1000.0,22.79,2022-06-20,22.79,2616.23
20220621,000852,中证1000指数,中证1000,CSI 1000 Index,CSI 1000,6849.73,6854.92,6709.36,6779.14,-69.61,-1.02,19610562200.0,2424.37,1000.0,22.51,2022-06-21,22.51,2424.37
20220622,000852,中证1000指数,中证1000,CSI 1000 Index,CSI 1000,6781.87,6811.55,6688.39,6691.81,-87.33,-1.29,17949715700.0,2195.75,1000.0,22.21,2022-06-22,22.21,2195.75
20220623,000852,中证1000指数,中证1000,CSI 1000 Index,CSI 1000,6694.25,6845.45,6649.93,6845.45,153.64,2.3,19268003200.0,2388.13,1000.0,22.69,2022-06-23,22.69,2388.13
20220624,000852,中证1000指数,中证1000,CSI 1000 Index,CSI 1000,6865.36,6954.45,6862.46,6931.65,86.2,1.26,19953205300.0,2606.1,1000.0,22.98,2022-06-24,22.98,2606.1
20220627,000852,中证1000指数,中证1000,CSI 1000 Index,CSI 1000,6968.13,7012.12,6940.52,7002.93,71.28,1.03,20925864300.0,2740.19,1000.0,23.21,2022-06-27,23.21,2740.19
20220628,000852,中证1000指数,中证1000,CSI 1000 Index,CSI 1000,7001.26,7081.28,6956.3,7079.72,76.79,1.1,21470714400.0,2729.54,1000.0,23.41,2022-06-28,23.41,2729.54
20220629,000852,中证1000指数,中证1000,CSI 1000 Index,CSI 1000,7061.79,7075.52,6900.99,6900.99,-178.73,-2.52,22928002500.0,2914.84,1000.0,22.82,2022-06-29,22.82,2914.84
20220630,000852,中证1000指数,中证1000,CSI 1000 Index,CSI 1000,6909.74,7032.67,6909.74,6995.53,94.54,1.37,19246161000.0,2506.05,1000.0,23.13,2022-06-30,23.13,2506.05
20220701,000852,中证1000指数,中证1000,CSI 1000 Index,CSI 1000,6999.68,7039.85,6967.48,6994.5,-1.03,-0.01,17805449400.0,2338.32,1000.0,23.13,2022-07-01,23.13,2338.32
20220704,000852,中证1000指数,中证1000,CSI 1000 Index,CSI 1000,6985.05,7076.32,6928.4,7076.32,81.82,1.17,18118035700.0,2523.18,1000.0,23.39,2022-07-04,23.39,2523.18
20220705,000852,中证1000指数,中证1000,CSI 1000 Index,CSI 1000,7081.9,7098.57,6950.24,7036.0,-40.32,-0.57,20439861000.0,2645.7,1000.0,23.26,2022-07-05,23.26,2645.7
20220706,000852,中证1000指数,中证1000,CSI 1000 Index,CSI 1000,7014.45,7041.87,6890.93,6953.98,-82.02,-1.17,18211458500.0,2386.28,1000.0,22.99,2022-07-06,22.99,2386.28
20220707,000852,中证1000指数,中证1000,CSI 1000 Index,CSI 1000,6955.53,7053.45,6910.09,7041.87,87.89,1.26,17030424200.0,2281.72,1000.0,23.23,2022-07-07,23.23,2281.72
20220708,000852,中证1000指数,中证1000,CSI 1000 Index,CSI 1000,7067.03,7084.9,6990.74,7000.79,-41.08,-0.58,17451569000.0,2298.23,1000.0,23.09,2022-07-08,23.09,2298.23
20220711,000852,中证1000指数,中证1000,CSI 1000 Index,CSI 1000,6976.1,6976.1,6830.47,6893.63,-107.15,-1.53,17454946200.0,2229.47,1000.0,22.75,2022-07-11,22.75,2229.47
20220712,000852,中证1000指数,中证1000,CSI 1000 Index,CSI 1000,6891.58,6911.8,6779.56,6779.56,-114.08,-1.65,16805720000.0,2108.13,1000.0,22.39,2022-07-12,22.39,2108.13
20220713,000852,中证1000指数,中证1000,CSI 1000 Index,CSI 1000,6780.61,6855.07,6737.88,6834.9,55.35,0.82,16726815300.0,2031.84,1000.0,22.56,2022-07-13,22.56,2031.84
20220714,000852,中证1000指数,中证1000,CSI 1000 Index,CSI 1000,6823.09,6954.91,6809.1,6920.87,85.97,1.26,18406491500.0,2360.0,1000.0,22.84,2022-07-14,22.84,2360.0
20220715,000852,中证1000指数,中证1000,CSI 1000 Index,CSI 1000,6889.81,6966.04,6852.82,6852.82,-68.06,-0.98,19862573500.0,2490.01,1000.0,22.63,2022-07-15,22.63,2490.01
20220718,000852,中证1000指数,中证1000,CSI 1000 Index,CSI 1000,6868.3,6953.93,6839.13,6953.93,101.12,1.48,18204798500.0,2349.53,1000.0,22.96,2022-07-18,22.96,2349.53
20220719,000852,中证1000指数,中证1000,CSI 1000 Index,CSI 1000,6956.86,7033.25,6932.74,7009.32,55.39,0.8,18224049200.0,2354.16,1000.0,23.11,2022-07-19,23.11,2354.16
20220720,000852,中证1000指数,中证1000,CSI 1000 Index,CSI 1000,7028.79,7110.1,7019.51,7110.1,100.78,1.44,18153371900.0,2415.32,1000.0,23.45,2022-07-20,23.45,2415.32
20220721,000852,中证1000指数,中证1000,CSI 1000 Index,CSI 1000,7098.27,7134.22,7067.15,7075.29,-34.81,-0.49,19676974000.0,2605.84,1000.0,23.33,2022-07-21,23.33,2605.84
20220722,000852,中证1000指数,中证1000,CSI 1000 Index,CSI 1000,7081.56,7124.3,6969.43,7034.6,-40.7,-0.58,17303097300.0,2214.89,1000.0,23.19,2022-07-22,23.19,2214.89
20220725,000852,中证1000指数,中证1000,CSI 1000 Index,CSI 1000,7037.76,7068.34,6933.82,6948.91,-85.69,-1.22,16239084400.0,2105.51,1000.0,22.94,2022-07-25,22.94,2105.51
20220726,000852,中证1000指数,中证1000,CSI 1000 Index,CSI 1000,6949.19,7031.11,6901.93,7027.42,78.51,1.13,14721844500.0,1947.99,1000.0,23.19,2022-07-26,23.19,1947.99
20220727,000852,中证1000指数,中证1000,CSI 1000 Index,CSI 1000,7018.22,7109.54,7005.07,7099.43,72.01,1.02,15226912800.0,2065.41,1000.0,23.44,2022-07-27,23.44,2065.41
20220728,000852,中证1000指数,中证1000,CSI 1000 Index,CSI 1000,7138.32,7196.73,7112.74,7150.2,50.76,0.72,18035430500.0,2410.95,1000.0,23.59,2022-07-28,23.59,2410.95
20220729,000852,中证1000指数,中证1000,CSI 1000 Index,CSI 1000,7152.33,7179.47,7105.33,7117.43,-32.76,-0.46,17684117900.0,2312.74,1000.0,23.48,2022-07-29,23.48,2312.74
20220801,000852,中证1000指数,中证1000,CSI 1000 Index,CSI 1000,7100.71,7180.45,7055.61,7180.45,63.02,0.89,16280303200.0,2281.6,1000.0,23.68,2022-08-01,23.68,2281.6
20220802,000852,中证1000指数,中证1000,CSI 1000 Index,CSI 1000,7098.18,7098.18,6872.75,6957.98,-222.47,-3.1,22308828700.0,2796.68,1000.0,22.96,2022-08-02,22.96,2796.68
20220803,000852,中证1000指数,中证1000,CSI 1000 Index,CSI 1000,6968.29,7079.85,6893.52,6916.67,-41.31,-0.59,19904630100.0,2677.08,1000.0,22.8,2022-08-03,22.8,2677.08
20220804,000852,中证1000指数,中证1000,CSI 1000 Index,CSI 1000,6953.98,6977.39,6853.7,6960.31,43.64,0.63,15789606500.0,2103.64,1000.0,22.92,2022-08-04,22.92,2103.64
20220805,000852,中证1000指数,中证1000,CSI 1000 Index,CSI 1000,6975.89,7096.43,6961.65,7090.0,129.69,1.86,17084849600.0,2398.99,1000.0,23.32,2022-08-05,23.32,2398.99
20220808,000852,中证1000指数,中证1000,CSI 1000 Index,CSI 1000,7082.54,7176.48,7062.37,7176.11,86.1,1.21,15856130500.0,2324.19,1000.0,23.6,2022-08-08,23.6,2324.19
20220809,000852,中证1000指数,中证1000,CSI 1000 Index,CSI 1000,7168.96,7207.4,7131.34,7207.4,31.29,0.44,16291287800.0,2352.99,1000.0,23.7,2022-08-09,23.7,2352.99
20220810,000852,中证1000指数,中证1000,CSI 1000 Index,CSI 1000,7183.18,7231.43,7169.88,7212.08,4.68,0.06,15963661800.0,2339.02,1000.0,23.71,2022-08-10,23.71,2339.02
20220811,000852,中证1000指数,中证1000,CSI 1000 Index,CSI 1000,7241.73,7295.89,7212.4,7294.49,82.41,1.14,17950620700.0,2484.29,1000.0,23.96,2022-08-11,23.96,2484.29
20220812,000852,中证1000指数,中证1000,CSI 1000 Index,CSI 1000,7287.65,7311.89,7228.34,7228.83,-65.65,-0.9,18128890500.0,2355.86,1000.0,23.75,2022-08-12,23.75,2355.86
20220815,000852,中证1000指数,中证1000,CSI 1000 Index,CSI 1000,7218.09,7296.34,7215.2,7283.5,54.67,0.76,16908259700.0,2243.65,1000.0,23.92,2022-08-15,23.92,2243.65
20220816,000852,中证1000指数,中证1000,CSI 1000 Index,CSI 1000,7290.24,7356.11,7280.92,7324.62,41.12,0.56,18367482000.0,2413.5,1000.0,24.07,2022-08-16,24.07,2413.5
20220817,000852,中证1000指数,中证1000,CSI 1000 Index,CSI 1000,7330.48,7342.7,7280.57,7328.67,4.05,0.06,18361214000.0,2450.95,1000.0,24.11,2022-08-17,24.11,2450.95
20220818,000852,中证1000指数,中证1000,CSI 1000 Index,CSI 1000,7315.41,7358.71,7298.93,7351.44,22.76,0.31,17637769200.0,2425.04,1000.0,24.18,2022-08-18,24.18,2425.04
20220819,000852,中证1000指数,中证1000,CSI 1000 Index,CSI 1000,7353.43,7369.73,7234.41,7234.41,-117.03,-1.59,19077446600.0,2566.14,1000.0,23.81,2022-08-19,23.81,2566.14
20220822,000852,中证1000指数,中证1000,CSI 1000 Index,CSI 1000,7214.48,7289.31,7170.2,7288.58,54.17,0.75,17266760300.0,2323.84,1000.0,23.98,2022-08-22,23.98,2323.84
20220823,000852,中证1000指数,中证1000,CSI 1000 Index,CSI 1000,7275.38,7310.13,7267.79,7306.02,17.44,0.24,17106706900.0,2288.28,1000.0,24.02,2022-08-23,24.02,2288.28
20220824,000852,中证1000指数,中证1000,CSI 1000 Index,CSI 1000,7312.55,7315.1,7029.88,7039.41,-266.61,-3.65,20752160200.0,2617.15,1000.0,23.17,2022-08-24,23.17,2617.15
20220825,000852,中证1000指数,中证1000,CSI 1000 Index,CSI 1000,7065.34,7080.73,6930.84,7016.31,-23.1,-0.33,17435131200.0,2149.27,1000.0,23.13,2022-08-25,23.13,2149.27
20220826,000852,中证1000指数,中证1000,CSI 1000 Index,CSI 1000,7032.66,7103.83,6966.07,6980.18,-36.13,-0.51,16172503600.0,2088.25,1000.0,23.0,2022-08-26,23.0,2088.25
20220829,000852,中证1000指数,中证1000,CSI 1000 Index,CSI 1000,6884.73,7022.79,6858.43,7021.31,41.13,0.59,15357144500.0,1902.5,1000.0,23.13,2022-08-29,23.13,1902.5
20220830,000852,中证1000指数,中证1000,CSI 1000 Index,CSI 1000,7018.72,7025.46,6943.14,6976.72,-44.59,-0.64,15383292500.0,1905.2,1000.0,22.96,2022-08-30,22.96,1905.2
20220831,000852,中证1000指数,中证1000,CSI 1000 Index,CSI 1000,6954.51,6966.99,6738.52,6750.74,-225.98,-3.24,16655993000.0,2081.65,1000.0,22.23,2022-08-31,22.23,2081.65
20220901,000852,中证1000指数,中证1000,CSI 1000 Index,CSI 1000,6757.01,6819.62,6698.84,6717.1,-33.64,-0.5,13682129000.0,1675.16,1000.0,22.64,2022-09-01,22.64,1675.16
20220902,000852,中证1000指数,中证1000,CSI 1000 Index,CSI 1000,6731.67,6801.35,6695.1,6776.83,59.73,0.89,12855538300.0,1623.29,1000.0,22.81,2022-09-02,22.81,1623.29
20220905,000852,中证1000指数,中证1000,CSI 1000 Index,CSI 1000,6774.19,6831.22,6739.14,6791.09,14.27,0.21,13191103900.0,1617.21,1000.0,22.89,2022-09-05,22.89,1617.21
20220906,000852,中证1000指数,中证1000,CSI 1000 Index,CSI 1000,6808.87,6919.65,6780.44,6919.65,128.55,1.89,14434432500.0,1837.61,1000.0,23.33,2022-09-06,23.33,1837.61
20220907,000852,中证1000指数,中证1000,CSI 1000 Index,CSI 1000,6894.71,6989.75,6882.59,6963.52,43.87,0.63,14299835000.0,1868.86,1000.0,23.5,2022-09-07,23.5,1868.86
20220908,000852,中证1000指数,中证1000,CSI 1000 Index,CSI 1000,6965.56,6975.13,6889.86,6897.1,-66.42,-0.95,13301460300.0,1658.24,1000.0,23.29,2022-09-08,23.29,1658.24
20220909,000852,中证1000指数,中证1000,CSI 1000 Index,CSI 1000,6908.71,6918.2,6848.27,6913.58,16.48,0.24,13094077700.0,1583.16,1000.0,23.34,2022-09-09,23.34,1583.16
20220913,000852,中证1000指数,中证1000,CSI 1000 Index,CSI 1000,6935.59,6957.35,6886.36,6904.08,-9.5,-0.14,12598258300.0,1564.96,1000.0,23.31,2022-09-13,23.31,1564.96
20220914,000852,中证1000指数,中证1000,CSI 1000 Index,CSI 1000,6800.93,6851.09,6783.19,6829.56,-74.52,-1.08,12130940700.0,1502.15,1000.0,23.06,2022-09-14,23.06,1502.15
20220915,000852,中证1000指数,中证1000,CSI 1000 Index,CSI 1000,6859.25,6866.55,6543.2,6619.19,-210.37,-3.08,16063456200.0,1960.11,1000.0,22.35,2022-09-15,22.35,1960.11
20220916,000852,中证1000指数,中证1000,CSI 1000 Index,CSI 1000,6599.27,6632.56,6480.1,6481.24,-137.94,-2.08,13570416900.0,1602.58,1000.0,21.89,2022-09-16,21.89,1602.58
20220919,000852,中证1000指数,中证1000,CSI 1000 Index,CSI 1000,6468.39,6504.75,6364.07,6399.8,-81.44,-1.26,10793418100.0,1303.49,1000.0,21.62,2022-09-19,21.62,1303.49
20220920,000852,中证1000指数,中证1000,CSI 1000 Index,CSI 1000,6441.1,6536.42,6436.76,6482.13,82.33,1.29,9989803400.0,1269.17,1000.0,21.89,2022-09-20,21.89,1269.17
20220921,000852,中证1000指数,中证1000,CSI 1000 Index,CSI 1000,6461.25,6506.06,6378.63,6480.6,-1.53,-0.02,10560009300.0,1223.47,1000.0,21.85,2022-09-21,21.85,1223.47
20220922,000852,中证1000指数,中证1000,CSI 1000 Index,CSI 1000,6438.29,6554.3,6429.5,6487.27,6.67,0.1,10514698800.0,1291.39,1000.0,21.87,2022-09-22,21.87,1291.39
20220923,000852,中证1000指数,中证1000,CSI 1000 Index,CSI 1000,6486.79,6504.03,6306.96,6363.68,-123.59,-1.91,11196568500.0,1360.14,1000.0,21.45,2022-09-23,21.45,1360.14
20220926,000852,中证1000指数,中证1000,CSI 1000 Index,CSI 1000,6318.3,6404.01,6274.34,6283.59,-80.09,-1.26,11045349300.0,1290.55,1000.0,21.21,2022-09-26,21.21,1290.55
20220927,000852,中证1000指数,中证1000,CSI 1000 Index,CSI 1000,6302.89,6409.78,6287.77,6409.78,126.18,2.01,10603349400.0,1330.35,1000.0,21.61,2022-09-27,21.61,1330.35
20220928,000852,中证1000指数,中证1000,CSI 1000 Index,CSI 1000,6397.84,6401.84,6211.11,6211.11,-198.67,-3.1,10496007700.0,1289.04,1000.0,20.96,2022-09-28,20.96,1289.04
20220929,000852,中证1000指数,中证1000,CSI 1000 Index,CSI 1000,6270.91,6307.78,6192.77,6228.78,17.67,0.28,10573074400.0,1274.46,1000.0,21.06,2022-09-29,21.06,1274.46
20220930,000852,中证1000指数,中证1000,CSI 1000 Index,CSI 1000,6221.83,6241.96,6123.99,6124.86,-103.91,-1.67,9256460000.0,1130.65,1000.0,20.69,2022-09-30,20.69,1130.65
20221010,000852,中证1000指数,中证1000,CSI 1000 Index,CSI 1000,6136.71,6154.06,5964.62,5984.5,-140.36,-2.29,10244813700.0,1228.29,1000.0,20.21,2022-10-10,20.21,1228.29
20221011,000852,中证1000指数,中证1000,CSI 1000 Index,CSI 1000,5994.76,6044.28,5939.07,6017.72,33.22,0.56,9423800100.0,1115.36,1000.0,20.31,2022-10-11,20.31,1115.36
20221012,000852,中证1000指数,中证1000,CSI 1000 Index,CSI 1000,6017.67,6192.65,5918.02,6192.65,174.93,2.91,12005305300.0,1460.42,1000.0,20.89,2022-10-12,20.89,1460.42
20221013,000852,中证1000指数,中证1000,CSI 1000 Index,CSI 1000,6162.71,6311.51,6146.4,6252.22,59.57,0.96,12870090600.0,1570.55,1000.0,21.07,2022-10-13,21.07,1570.55
20221014,000852,中证1000指数,中证1000,CSI 1000 Index,CSI 1000,6296.35,6427.47,6286.67,6406.46,154.23,2.47,14180202600.0,1814.12,1000.0,21.6,2022-10-14,21.6,1814.12
20221017,000852,中证1000指数,中证1000,CSI 1000 Index,CSI 1000,6380.21,6476.4,6370.15,6472.45,65.99,1.03,13244462800.0,1711.29,1000.0,21.8,2022-10-17,21.8,1711.29
20221018,000852,中证1000指数,中证1000,CSI 1000 Index,CSI 1000,6490.6,6551.8,6447.78,6508.5,36.05,0.56,12992094600.0,1729.18,1000.0,21.92,2022-10-18,21.92,1729.18
20221019,000852,中证1000指数,中证1000,CSI 1000 Index,CSI 1000,6492.6,6533.57,6460.7,6461.15,-47.36,-0.73,12464738100.0,1658.9,1000.0,21.77,2022-10-19,21.77,1658.9
20221020,000852,中证1000指数,中证1000,CSI 1000 Index,CSI 1000,6431.99,6525.8,6342.15,6429.7,-31.44,-0.49,13352498600.0,1760.48,1000.0,21.65,2022-10-20,21.65,1760.48
20221021,000852,中证1000指数,中证1000,CSI 1000 Index,CSI 1000,6433.33,6469.09,6387.77,6432.33,2.62,0.04,11987978100.0,1511.3,1000.0,21.67,2022-10-21,21.67,1511.3
20221024,000852,中证1000指数,中证1000,CSI 1000 Index,CSI 1000,6448.87,6554.37,6335.07,6378.43,-53.89,-0.84,14135712600.0,1800.64,1000.0,21.51,2022-10-24,21.51,1800.64
20221025,000852,中证1000指数,中证1000,CSI 1000 Index,CSI 1000,6346.15,6411.17,6248.84,6355.78,-22.65,-0.36,12932141000.0,1652.0,1000.0,21.44,2022-10-25,21.44,1652.0
20221026,000852,中证1000指数,中证1000,CSI 1000 Index,CSI 1000,6358.06,6548.62,6348.99,6491.69,135.91,2.14,15066389200.0,2002.0,1000.0,21.88,2022-10-26,21.88,2002.0
20221027,000852,中证1000指数,中证1000,CSI 1000 Index,CSI 1000,6497.52,6544.42,6459.92,6461.61,-30.08,-0.46,14677382200.0,1963.63,1000.0,21.73,2022-10-27,21.73,1963.63
20221028,000852,中证1000指数,中证1000,CSI 1000 Index,CSI 1000,6412.61,6446.6,6216.27,6239.93,-221.68,-3.43,15612049500.0,1975.15,1000.0,21.0,2022-10-28,21.0,1975.15
20221031,000852,中证1000指数,中证1000,CSI 1000 Index,CSI 1000,6201.75,6349.12,6201.28,6292.62,52.69,0.84,14587478800.0,1871.34,1000.0,21.16,2022-10-31,21.16,1871.34
20221101,000852,中证1000指数,中证1000,CSI 1000 Index,CSI 1000,6299.03,6440.92,6277.62,6439.82,147.2,2.34,15226299000.0,1995.51,1000.0,21.71,2022-11-01,21.71,1995.51
20221102,000852,中证1000指数,中证1000,CSI 1000 Index,CSI 1000,6434.95,6557.01,6424.66,6524.51,84.69,1.32,16256856300.0,2163.04,1000.0,22.02,2022-11-02,22.02,2163.04
20221103,000852,中证1000指数,中证1000,CSI 1000 Index,CSI 1000,6467.23,6576.37,6461.3,6566.84,42.33,0.65,14151370400.0,1994.23,1000.0,22.19,2022-11-03,22.19,1994.23
20221104,000852,中证1000指数,中证1000,CSI 1000 Index,CSI 1000,6569.19,6719.51,6568.78,6709.64,142.8,2.17,16506243400.0,2301.18,1000.0,22.66,2022-11-04,22.66,2301.18
20221107,000852,中证1000指数,中证1000,CSI 1000 Index,CSI 1000,6713.73,6749.76,6660.98,6713.64,3.99,0.06,16025494700.0,2202.11,1000.0,22.65,2022-11-07,22.65,2202.11
20221108,000852,中证1000指数,中证1000,CSI 1000 Index,CSI 1000,6707.01,6708.08,6647.44,6694.96,-18.68,-0.28,13547178700.0,1807.64,1000.0,22.57,2022-11-08,22.57,1807.64
20221109,000852,中证1000指数,中证1000,CSI 1000 Index,CSI 1000,6694.4,6736.67,6664.37,6676.01,-18.95,-0.28,12656456500.0,1644.05,1000.0,22.51,2022-11-09,22.51,1644.05
20221110,000852,中证1000指数,中证1000,CSI 1000 Index,CSI 1000,6638.52,6663.11,6583.86,6603.31,-72.7,-1.09,14213764500.0,1833.04,1000.0,22.24,2022-11-10,22.24,1833.04
20221111,000852,中证1000指数,中证1000,CSI 1000 Index,CSI 1000,6749.07,6776.74,6641.76,6643.48,40.17,0.61,19164896600.0,2371.41,1000.0,22.36,2022-11-11,22.36,2371.41
20221114,000852,中证1000指数,中证1000,CSI 1000 Index,CSI 1000,6639.02,6688.01,6570.49,6599.67,-43.82,-0.66,17430398500.0,2128.97,1000.0,22.18,2022-11-14,22.18,2128.97
20221115,000852,中证1000指数,中证1000,CSI 1000 Index,CSI 1000,6593.63,6752.51,6576.87,6752.51,152.85,2.32,17093916000.0,2217.16,1000.0,22.69,2022-11-15,22.69,2217.16
20221116,000852,中证1000指数,中证1000,CSI 1000 Index,CSI 1000,6749.96,6775.38,6687.32,6702.04,-50.47,-0.75,15502116300.0,1952.41,1000.0,22.51,2022-11-16,22.51,1952.41
20221117,000852,中证1000指数,中证1000,CSI 1000 Index,CSI 1000,6685.94,6714.5,6629.9,6714.5,12.46,0.19,15919125300.0,1988.47,1000.0,22.51,2022-11-17,22.51,1988.47
20221118,000852,中证1000指数,中证1000,CSI 1000 Index,CSI 1000,6711.89,6752.84,6650.74,6658.4,-56.1,-0.84,16810522100.0,2151.57,1000.0,22.35,2022-11-18,22.35,2151.57
20221121,000852,中证1000指数,中证1000,CSI 1000 Index,CSI 1000,6622.6,6689.33,6585.28,6689.33,30.92,0.46,13715526500.0,1795.68,1000.0,22.49,2022-11-21,22.49,1795.68
20221122,000852,中证1000指数,中证1000,CSI 1000 Index,CSI 1000,6682.05,6692.24,6556.34,6583.23,-106.09,-1.59,15085322600.0,1917.82,1000.0,22.14,2022-11-22,22.14,1917.82
20221123,000852,中证1000指数,中证1000,CSI 1000 Index,CSI 1000,6572.16,6592.3,6451.96,6567.99,-15.24,-0.23,14436622800.0,1795.21,1000.0,22.1,2022-11-23,22.1,1795.21
20221124,000852,中证1000指数,中证1000,CSI 1000 Index,CSI 1000,6573.47,6611.8,6553.96,6586.86,18.86,0.29,12619733200.0,1599.09,1000.0,22.18,2022-11-24,22.18,1599.09
20221125,000852,中证1000指数,中证1000,CSI 1000 Index,CSI 1000,6573.02,6573.02,6508.52,6512.16,-74.7,-1.13,12457939600.0,1490.34,1000.0,21.91,2022-11-25,21.91,1490.34
20221128,000852,中证1000指数,中证1000,CSI 1000 Index,CSI 1000,6426.93,6494.98,6412.03,6492.71,-19.45,-0.3,12988178000.0,1520.32,1000.0,21.86,2022-11-28,21.86,1520.32
20221129,000852,中证1000指数,中证1000,CSI 1000 Index,CSI 1000,6505.9,6607.46,6505.9,6594.32,101.61,1.56,15744830100.0,1800.32,1000.0,22.18,2022-11-29,22.18,1800.32
20221130,000852,中证1000指数,中证1000,CSI 1000 Index,CSI 1000,6591.68,6619.27,6561.27,6590.31,-4.02,-0.06,15540313600.0,1785.1,1000.0,22.18,2022-11-30,22.18,1785.1
20221201,000852,中证1000指数,中证1000,CSI 1000 Index,CSI 1000,6645.47,6691.51,6639.63,6658.43,68.12,1.03,16215067800.0,1997.86,1000.0,22.41,2022-12-01,22.41,1997.86
20221202,000852,中证1000指数,中证1000,CSI 1000 Index,CSI 1000,6644.44,6721.69,6637.16,6680.54,22.12,0.33,14942402800.0,1796.14,1000.0,22.47,2022-12-02,22.47,1796.14
20221205,000852,中证1000指数,中证1000,CSI 1000 Index,CSI 1000,6710.73,6723.57,6675.6,6714.37,33.83,0.51,17891502500.0,2062.26,1000.0,22.57,2022-12-05,22.57,2062.26
20221206,000852,中证1000指数,中证1000,CSI 1000 Index,CSI 1000,6690.92,6731.07,6667.0,6703.55,-10.81,-0.16,15481011400.0,1914.98,1000.0,22.55,2022-12-06,22.55,1914.98
20221207,000852,中证1000指数,中证1000,CSI 1000 Index,CSI 1000,6684.61,6732.26,6677.52,6705.29,1.73,0.03,15598928100.0,1886.75,1000.0,22.56,2022-12-07,22.56,1886.75
20221208,000852,中证1000指数,中证1000,CSI 1000 Index,CSI 1000,6694.84,6699.3,6648.35,6662.34,-42.94,-0.64,14861163200.0,1767.72,1000.0,22.42,2022-12-08,22.42,1767.72
20221209,000852,中证1000指数,中证1000,CSI 1000 Index,CSI 1000,6661.9,6684.15,6626.94,6680.38,18.03,0.27,16034916400.0,2018.14,1000.0,22.47,2022-12-09,22.47,2018.14
20221212,000852,中证1000指数,中证1000,CSI 1000 Index,CSI 1000,6669.17,6680.61,6626.87,6655.67,-24.7,-0.37,15365306800.0,1866.69,1000.0,22.38,2022-12-12,22.38,1866.69
20221213,000852,中证1000指数,中证1000,CSI 1000 Index,CSI 1000,6654.67,6654.75,6586.87,6593.67,-62.01,-0.93,14969272300.0,1768.34,1000.0,22.17,2022-12-13,22.17,1768.34
20221214,000852,中证1000指数,中证1000,CSI 1000 Index,CSI 1000,6600.41,6626.7,6556.81,6570.02,-23.65,-0.36,13966493100.0,1677.87,1000.0,22.09,2022-12-14,22.09,1677.87
20221215,000852,中证1000指数,中证1000,CSI 1000 Index,CSI 1000,6557.9,6605.7,6545.0,6597.55,27.53,0.42,12885054400.0,1602.26,1000.0,22.14,2022-12-15,22.14,1602.26
20221216,000852,中证1000指数,中证1000,CSI 1000 Index,CSI 1000,6569.06,6581.93,6504.05,6519.44,-78.11,-1.18,13443484900.0,1611.73,1000.0,21.89,2022-12-16,21.89,1611.73
20221219,000852,中证1000指数,中证1000,CSI 1000 Index,CSI 1000,6518.38,6537.14,6367.45,6390.77,-128.67,-1.97,13548597200.0,1561.8,1000.0,21.45,2022-12-19,21.45,1561.8
20221220,000852,中证1000指数,中证1000,CSI 1000 Index,CSI 1000,6380.22,6389.05,6321.14,6341.58,-49.19,-0.77,11000860600.0,1310.77,1000.0,21.31,2022-12-20,21.31,1310.77
20221221,000852,中证1000指数,中证1000,CSI 1000 Index,CSI 1000,6341.22,6344.66,6255.35,6289.14,-52.45,-0.83,10272973500.0,1229.09,1000.0,21.13,2022-12-21,21.13,1229.09
20221222,000852,中证1000指数,中证1000,CSI 1000 Index,CSI 1000,6314.55,6319.57,6171.18,6186.93,-102.21,-1.63,11324545600.0,1318.75,1000.0,20.78,2022-12-22,20.78,1318.75
20221223,000852,中证1000指数,中证1000,CSI 1000 Index,CSI 1000,6154.66,6197.24,6120.94,6160.75,-26.18,-0.42,9709472900.0,1162.83,1000.0,20.68,2022-12-23,20.68,1162.83
20221226,000852,中证1000指数,中证1000,CSI 1000 Index,CSI 1000,6161.94,6276.11,6161.94,6275.52,114.78,1.86,10003121000.0,1252.37,1000.0,21.07,2022-12-26,21.07,1252.37
20221227,000852,中证1000指数,中证1000,CSI 1000 Index,CSI 1000,6288.61,6328.36,6256.04,6325.63,50.1,0.8,10927050000.0,1367.53,1000.0,21.26,2022-12-27,21.26,1367.53
20221228,000852,中证1000指数,中证1000,CSI 1000 Index,CSI 1000,6304.59,6306.95,6251.3,6268.47,-57.16,-0.9,10526387400.0,1250.62,1000.0,21.07,2022-12-28,21.07,1250.62
20221229,000852,中证1000指数,中证1000,CSI 1000 Index,CSI 1000,6253.79,6322.25,6245.23,6261.83,-6.64,-0.11,10238221100.0,1210.84,1000.0,21.05,2022-12-29,21.05,1210.84
20221230,000852,中证1000指数,中证1000,CSI 1000 Index,CSI 1000,6283.5,6296.24,6262.6,6281.62,19.79,0.32,9714649600.0,1165.28,1000.0,21.11,2022-12-30,21.11,1165.28
20230103,000852,中证1000指数,中证1000,CSI 1000 Index,CSI 1000,6286.81,6433.79,6275.69,6423.7,142.08,2.26,13318168000.0,1607.08,1000.0,21.57,2023-01-03,21.57,1607.08
20230104,000852,中证1000指数,中证1000,CSI 1000 Index,CSI 1000,6423.43,6445.62,6385.0,6421.28,-2.42,-0.04,13104009300.0,1566.33,1000.0,21.55,2023-01-04,21.55,1566.33
20230105,000852,中证1000指数,中证1000,CSI 1000 Index,CSI 1000,6427.45,6489.99,6413.75,6485.47,64.19,1.0,12166152600.0,1558.22,1000.0,21.78,2023-01-05,21.78,1558.22
20230106,000852,中证1000指数,中证1000,CSI 1000 Index,CSI 1000,6482.88,6539.76,6478.63,6500.32,14.85,0.23,12938399700.0,1657.96,1000.0,21.85,2023-01-06,21.85,1657.96
20230109,000852,中证1000指数,中证1000,CSI 1000 Index,CSI 1000,6523.14,6559.46,6517.57,6535.75,35.43,0.55,12204787100.0,1629.44,1000.0,21.97,2023-01-09,21.97,1629.44
20230110,000852,中证1000指数,中证1000,CSI 1000 Index,CSI 1000,6541.82,6546.54,6505.1,6540.2,4.45,0.07,11162812100.0,1466.34,1000.0,21.98,2023-01-10,21.98,1466.34
20230111,000852,中证1000指数,中证1000,CSI 1000 Index,CSI 1000,6544.57,6562.35,6480.95,6486.9,-53.3,-0.81,11288294200.0,1474.73,1000.0,21.81,2023-01-11,21.81,1474.73
20230112,000852,中证1000指数,中证1000,CSI 1000 Index,CSI 1000,6495.16,6529.81,6469.48,6489.57,2.67,0.04,10493747000.0,1348.47,1000.0,21.82,2023-01-12,21.82,1348.47
20230113,000852,中证1000指数,中证1000,CSI 1000 Index,CSI 1000,6505.24,6517.51,6475.66,6517.51,27.94,0.43,11076193600.0,1389.07,1000.0,21.92,2023-01-13,21.92,1389.07
20230116,000852,中证1000指数,中证1000,CSI 1000 Index,CSI 1000,6521.45,6628.73,6521.45,6591.81,74.29,1.14,14107088800.0,1754.17,1000.0,22.17,2023-01-16,22.17,1754.17
20230117,000852,中证1000指数,中证1000,CSI 1000 Index,CSI 1000,6600.25,6622.32,6573.28,6597.49,5.69,0.09,10842111100.0,1396.61,1000.0,22.19,2023-01-17,22.19,1396.61
20230118,000852,中证1000指数,中证1000,CSI 1000 Index,CSI 1000,6613.74,6635.85,6593.37,6613.01,15.51,0.24,10583467400.0,1259.76,1000.0,22.23,2023-01-18,22.23,1259.76
20230119,000852,中证1000指数,中证1000,CSI 1000 Index,CSI 1000,6605.45,6678.18,6590.42,6676.08,63.08,0.95,10758956000.0,1356.75,1000.0,22.43,2023-01-19,22.43,1356.75
20230120,000852,中证1000指数,中证1000,CSI 1000 Index,CSI 1000,6690.14,6740.13,6690.14,6736.85,60.77,0.91,12276268200.0,1548.72,1000.0,22.63,2023-01-20,22.63,1548.72
20230130,000852,中证1000指数,中证1000,CSI 1000 Index,CSI 1000,6815.14,6839.84,6780.37,6786.45,49.6,0.74,17076933200.0,2111.4,1000.0,22.8,2023-01-30,22.8,2111.4
20230131,000852,中证1000指数,中证1000,CSI 1000 Index,CSI 1000,6763.4,6820.14,6758.9,6805.28,18.82,0.28,14771234600.0,1807.9,1000.0,22.87,2023-01-31,22.87,1807.9
20230201,000852,中证1000指数,中证1000,CSI 1000 Index,CSI 1000,6815.06,6916.73,6812.79,6916.72,111.44,1.64,16965166100.0,2088.71,1000.0,23.22,2023-02-01,23.22,2088.71
20230202,000852,中证1000指数,中证1000,CSI 1000 Index,CSI 1000,6926.58,6969.79,6908.7,6933.23,16.51,0.24,16713398600.0,2123.28,1000.0,23.28,2023-02-02,23.28,2123.28
20230203,000852,中证1000指数,中证1000,CSI 1000 Index,CSI 1000,6922.79,6934.32,6829.4,6925.08,-8.15,-0.12,15755888000.0,1941.53,1000.0,23.22,2023-02-03,23.22,1941.53
20230206,000852,中证1000指数,中证1000,CSI 1000 Index,CSI 1000,6902.49,6928.28,6853.91,6891.41,-33.66,-0.49,14605902700.0,1828.65,1000.0,23.09,2023-02-06,23.09,1828.65
20230207,000852,中证1000指数,中证1000,CSI 1000 Index,CSI 1000,6900.23,6924.42,6864.21,6924.32,32.91,0.48,15010875200.0,1870.7,1000.0,23.21,2023-02-07,23.21,1870.7
20230208,000852,中证1000指数,中证1000,CSI 1000 Index,CSI 1000,6927.33,6932.99,6873.6,6877.72,-46.6,-0.67,13851073100.0,1738.15,1000.0,23.06,2023-02-08,23.06,1738.15
20230209,000852,中证1000指数,中证1000,CSI 1000 Index,CSI 1000,6864.03,6999.18,6850.57,6999.18,121.46,1.77,14914769700.0,1949.95,1000.0,23.46,2023-02-09,23.46,1949.95
20230210,000852,中证1000指数,中证1000,CSI 1000 Index,CSI 1000,6991.23,7015.25,6926.48,6975.39,-23.79,-0.34,15243205100.0,1899.23,1000.0,23.37,2023-02-10,23.37,1899.23
20230213,000852,中证1000指数,中证1000,CSI 1000 Index,CSI 1000,6976.33,7052.6,6973.41,7052.18,76.78,1.1,16084848000.0,2077.07,1000.0,23.65,2023-02-13,23.65,2077.07
20230214,000852,中证1000指数,中证1000,CSI 1000 Index,CSI 1000,7064.53,7070.33,7028.79,7061.45,9.27,0.13,15178643800.0,1990.3,1000.0,23.7,2023-02-14,23.7,1990.3
20230215,000852,中证1000指数,中证1000,CSI 1000 Index,CSI 1000,7062.36,7076.87,7038.99,7063.6,2.16,0.03,15977932800.0,2070.38,1000.0,23.69,2023-02-15,23.69,2070.38
20230216,000852,中证1000指数,中证1000,CSI 1000 Index,CSI 1000,7063.93,7098.92,6878.35,6925.2,-138.4,-1.96,21738161700.0,2631.55,1000.0,23.2,2023-02-16,23.2,2631.55
20230217,000852,中证1000指数,中证1000,CSI 1000 Index,CSI 1000,6931.99,6954.85,6861.3,6868.55,-56.66,-0.82,17265690200.0,2038.46,1000.0,23.04,2023-02-17,23.04,2038.46
20230220,000852,中证1000指数,中证1000,CSI 1000 Index,CSI 1000,6871.86,6959.75,6825.87,6959.36,90.81,1.32,16561437900.0,1964.39,1000.0,23.34,2023-02-20,23.34,1964.39
20230221,000852,中证1000指数,中证1000,CSI 1000 Index,CSI 1000,6969.35,7008.55,6939.59,6990.48,31.11,0.45,17169094600.0,2033.86,1000.0,23.45,2023-02-21,23.45,2033.86
20230222,000852,中证1000指数,中证1000,CSI 1000 Index,CSI 1000,6961.15,7014.56,6947.12,6998.43,7.95,0.11,14460101600.0,1759.67,1000.0,23.49,2023-02-22,23.49,1759.67
20230223,000852,中证1000指数,中证1000,CSI 1000 Index,CSI 1000,6997.78,7008.68,6929.61,6966.79,-31.64,-0.45,14186246700.0,1724.39,1000.0,23.42,2023-02-23,23.42,1724.39
20230224,000852,中证1000指数,中证1000,CSI 1000 Index,CSI 1000,6971.65,6983.16,6906.69,6944.82,-21.96,-0.32,12107882600.0,1519.78,1000.0,23.34,2023-02-24,23.34,1519.78
20230227,000852,中证1000指数,中证1000,CSI 1000 Index,CSI 1000,6928.03,6950.88,6876.25,6894.3,-50.53,-0.73,12930093900.0,1623.46,1000.0,23.19,2023-02-27,23.19,1623.46
20230228,000852,中证1000指数,中证1000,CSI 1000 Index,CSI 1000,6911.36,6955.57,6874.93,6955.57,61.28,0.89,13103602500.0,1644.61,1000.0,23.38,2023-02-28,23.38,1644.61
20230301,000852,中证1000指数,中证1000,CSI 1000 Index,CSI 1000,6955.48,7002.77,6932.76,7002.77,47.2,0.68,15590855500.0,1941.63,1000.0,23.5,2023-03-01,23.5,1941.63
20230302,000852,中证1000指数,中证1000,CSI 1000 Index,CSI 1000,6999.23,7021.11,6963.06,6972.31,-30.46,-0.44,16650570800.0,2024.22,1000.0,23.39,2023-03-02,23.39,2024.22
20230303,000852,中证1000指数,中证1000,CSI 1000 Index,CSI 1000,6970.21,6997.42,6921.27,6967.94,-4.37,-0.06,15459824700.0,1848.8,1000.0,23.37,2023-03-03,23.37,1848.8
20230306,000852,中证1000指数,中证1000,CSI 1000 Index,CSI 1000,6973.52,7004.71,6933.99,6997.04,29.1,0.42,15031713400.0,1941.54,1000.0,23.48,2023-03-06,23.48,1941.54
20230307,000852,中证1000指数,中证1000,CSI 1000 Index,CSI 1000,6991.56,6993.18,6855.34,6855.34,-141.7,-2.03,15975778000.0,1894.78,1000.0,23.02,2023-03-07,23.02,1894.78
20230308,000852,中证1000指数,中证1000,CSI 1000 Index,CSI 1000,6838.63,6894.36,6832.04,6891.46,36.11,0.53,12128060000.0,1527.06,1000.0,23.11,2023-03-08,23.11,1527.06
20230309,000852,中证1000指数,中证1000,CSI 1000 Index,CSI 1000,6898.24,6911.54,6851.91,6892.86,1.4,0.02,12667126100.0,1559.09,1000.0,23.12,2023-03-09,23.12,1559.09
20230310,000852,中证1000指数,中证1000,CSI 1000 Index,CSI 1000,6854.41,6864.94,6795.22,6798.3,-94.56,-1.37,14033859100.0,1705.06,1000.0,22.8,2023-03-10,22.8,1705.06
20230313,000852,中证1000指数,中证1000,CSI 1000 Index,CSI 1000,6780.02,6832.62,6750.22,6832.62,34.32,0.5,14119118700.0,1761.71,1000.0,22.9,2023-03-13,22.9,1761.71
20230314,000852,中证1000指数,中证1000,CSI 1000 Index,CSI 1000,6824.25,6824.25,6690.09,6769.85,-62.77,-0.92,15633643500.0,1971.25,1000.0,22.7,2023-03-14,22.7,1971.25
20230315,000852,中证1000指数,中证1000,CSI 1000 Index,CSI 1000,6797.82,6844.97,6794.41,6803.47,33.62,0.5,13914701000.0,1717.49,1000.0,22.81,2023-03-15,22.81,1717.49
20230316,000852,中证1000指数,中证1000,CSI 1000 Index,CSI 1000,6769.61,6777.91,6677.68,6689.78,-113.69,-1.67,14188184500.0,1755.08,1000.0,22.43,2023-03-16,22.43,1755.08
20230317,000852,中证1000指数,中证1000,CSI 1000 Index,CSI 1000,6726.96,6781.95,6717.14,6736.37,46.58,0.7,16153534500.0,2041.56,1000.0,22.55,2023-03-17,22.55,2041.56
20230320,000852,中证1000指数,中证1000,CSI 1000 Index,CSI 1000,6745.95,6760.91,6694.52,6721.45,-14.91,-0.22,17531344100.0,2301.74,1000.0,22.51,2023-03-20,22.51,2301.74
20230321,000852,中证1000指数,中证1000,CSI 1000 Index,CSI 1000,6726.8,6810.29,6725.83,6809.39,87.94,1.31,14658493500.0,1952.53,1000.0,22.79,2023-03-21,22.79,1952.53
20230322,000852,中证1000指数,中证1000,CSI 1000 Index,CSI 1000,6830.19,6845.76,6810.76,6840.33,30.93,0.45,16031826700.0,2116.99,1000.0,22.84,2023-03-22,22.84,2116.99
20230323,000852,中证1000指数,中证1000,CSI 1000 Index,CSI 1000,6827.68,6869.18,6809.85,6868.83,28.51,0.42,16544805600.0,2249.78,1000.0,22.9,2023-03-23,22.9,2249.78
20230324,000852,中证1000指数,中证1000,CSI 1000 Index,CSI 1000,6874.54,6880.19,6840.75,6867.95,-0.88,-0.01,18168022900.0,2402.07,1000.0,22.89,2023-03-24,22.89,2402.07
20230327,000852,中证1000指数,中证1000,CSI 1000 Index,CSI 1000,6874.39,6900.63,6830.95,6886.69,18.74,0.27,19506440300.0,2706.12,1000.0,22.93,2023-03-27,22.93,2706.12
20230328,000852,中证1000指数,中证1000,CSI 1000 Index,CSI 1000,6881.11,6884.54,6816.45,6825.38,-61.31,-0.89,17046883700.0,2367.25,1000.0,22.74,2023-03-28,22.74,2367.25
20230329,000852,中证1000指数,中证1000,CSI 1000 Index,CSI 1000,6825.13,6839.9,6785.15,6806.28,-19.1,-0.28,16080659500.0,2201.66,1000.0,22.67,2023-03-29,22.67,2201.66
20230330,000852,中证1000指数,中证1000,CSI 1000 Index,CSI 1000,6802.07,6814.69,6751.69,6807.64,1.36,0.02,14617575600.0,1950.37,1000.0,22.71,2023-03-30,22.71,1950.37
20230331,000852,中证1000指数,中证1000,CSI 1000 Index,CSI 1000,6806.61,6878.32,6801.94,6875.81,68.16,1.0,15158195000.0,2026.03,1000.0,22.89,2023-03-31,22.89,2026.03
20230403,000852,中证1000指数,中证1000,CSI 1000 Index,CSI 1000,6878.09,6966.69,6878.09,6962.2,86.4,1.26,19455447700.0,2749.17,1000.0,23.11,2023-04-03,23.11,2749.17
20230404,000852,中证1000指数,中证1000,CSI 1000 Index,CSI 1000,6960.91,6966.99,6918.13,6953.36,-8.84,-0.13,21321196200.0,3061.42,1000.0,23.04,2023-04-04,23.04,3061.42
20230406,000852,中证1000指数,中证1000,CSI 1000 Index,CSI 1000,6926.19,6988.37,6921.66,6983.03,29.66,0.43,19100949400.0,2812.27,1000.0,23.14,2023-04-06,23.14,2812.27
20230407,000852,中证1000指数,中证1000,CSI 1000 Index,CSI 1000,6987.01,7043.22,6978.35,7042.89,59.86,0.86,16743732000.0,2426.08,1000.0,23.33,2023-04-07,23.33,2426.08
20230410,000852,中证1000指数,中证1000,CSI 1000 Index,CSI 1000,7050.24,7052.74,6950.77,6968.57,-74.32,-1.06,18100786800.0,2651.99,1000.0,23.14,2023-04-10,23.14,2651.99
20230411,000852,中证1000指数,中证1000,CSI 1000 Index,CSI 1000,6967.03,6986.44,6937.02,6984.14,15.57,0.22,16279396500.0,2283.57,1000.0,23.17,2023-04-11,23.17,2283.57
20230412,000852,中证1000指数,中证1000,CSI 1000 Index,CSI 1000,6989.69,7027.84,6979.28,7021.02,36.87,0.53,18030093800.0,2526.39,1000.0,23.25,2023-04-12,23.25,2526.39
20230413,000852,中证1000指数,中证1000,CSI 1000 Index,CSI 1000,7011.66,7029.1,6956.68,6966.82,-54.2,-0.77,18293674600.0,2533.31,1000.0,23.11,2023-04-13,23.11,2533.31
20230414,000852,中证1000指数,中证1000,CSI 1000 Index,CSI 1000,6978.59,7026.12,6942.57,7020.09,53.28,0.76,17475180200.0,2491.6,1000.0,23.3,2023-04-14,23.3,2491.6
20230417,000852,中证1000指数,中证1000,CSI 1000 Index,CSI 1000,7009.47,7030.24,6989.7,7012.77,-7.32,-0.1,17346310100.0,2353.38,1000.0,23.32,2023-04-17,23.32,2353.38
20230418,000852,中证1000指数,中证1000,CSI 1000 Index,CSI 1000,7002.26,7014.38,6961.51,6997.07,-15.7,-0.22,16027809500.0,2212.82,1000.0,23.28,2023-04-18,23.28,2212.82
20230419,000852,中证1000指数,中证1000,CSI 1000 Index,CSI 1000,6988.65,7011.93,6955.36,6965.58,-31.5,-0.45,16896811700.0,2376.9,1000.0,23.16,2023-04-19,23.16,2376.9
20230420,000852,中证1000指数,中证1000,CSI 1000 Index,CSI 1000,6956.37,6963.9,6911.98,6963.9,-1.68,-0.02,17424078500.0,2493.9,1000.0,23.11,2023-04-20,23.11,2493.9
20230421,000852,中证1000指数,中证1000,CSI 1000 Index,CSI 1000,6954.1,6963.08,6773.51,6773.51,-190.39,-2.73,19317732400.0,2666.72,1000.0,22.54,2023-04-21,22.54,2666.72
20230424,000852,中证1000指数,中证1000,CSI 1000 Index,CSI 1000,6766.52,6771.65,6692.22,6725.27,-48.24,-0.71,17236563900.0,2336.05,1000.0,22.35,2023-04-24,22.35,2336.05
20230425,000852,中证1000指数,中证1000,CSI 1000 Index,CSI 1000,6708.28,6711.57,6517.27,6603.24,-122.03,-1.81,19439982000.0,2474.86,1000.0,21.95,2023-04-25,21.95,2474.86
20230426,000852,中证1000指数,中证1000,CSI 1000 Index,CSI 1000,6577.36,6667.43,6573.88,6624.4,21.16,0.32,18456174500.0,2541.24,1000.0,22.07,2023-04-26,22.07,2541.24
20230427,000852,中证1000指数,中证1000,CSI 1000 Index,CSI 1000,6597.73,6672.22,6593.38,6633.49,9.09,0.14,17420209100.0,2320.48,1000.0,22.12,2023-04-27,22.12,2320.48
20230428,000852,中证1000指数,中证1000,CSI 1000 Index,CSI 1000,6617.32,6724.57,6617.32,6723.3,89.81,1.35,18902761600.0,2419.29,1000.0,22.31,2023-04-28,22.31,2419.29
20230504,000852,中证1000指数,中证1000,CSI 1000 Index,CSI 1000,6701.49,6738.44,6698.64,6733.97,10.66,0.16,20213704700.0,2527.55,1000.0,24.85,2023-05-04,24.85,2527.55
20230505,000852,中证1000指数,中证1000,CSI 1000 Index,CSI 1000,6723.16,6723.98,6612.74,6653.65,-80.32,-1.19,18587696200.0,2327.57,1000.0,24.53,2023-05-05,24.53,2327.57
20230508,000852,中证1000指数,中证1000,CSI 1000 Index,CSI 1000,6660.92,6714.39,6660.92,6702.5,48.85,0.73,20420461900.0,2397.8,1000.0,24.72,2023-05-08,24.72,2397.8
20230509,000852,中证1000指数,中证1000,CSI 1000 Index,CSI 1000,6696.67,6705.74,6610.57,6611.64,-90.86,-1.36,21751823800.0,2563.39,1000.0,24.4,2023-05-09,24.4,2563.39
20230510,000852,中证1000指数,中证1000,CSI 1000 Index,CSI 1000,6599.79,6648.04,6576.4,6627.31,15.67,0.24,17230127700.0,2122.27,1000.0,24.44,2023-05-10,24.44,2122.27
20230511,000852,中证1000指数,中证1000,CSI 1000 Index,CSI 1000,6634.16,6653.38,6618.19,6622.52,-4.79,-0.07,15580515500.0,1922.73,1000.0,24.4,2023-05-11,24.4,1922.73
20230512,000852,中证1000指数,中证1000,CSI 1000 Index,CSI 1000,6608.83,6630.56,6535.11,6535.94,-86.58,-1.31,15332911500.0,1836.08,1000.0,24.05,2023-05-12,24.05,1836.08
20230515,000852,中证1000指数,中证1000,CSI 1000 Index,CSI 1000,6537.4,6585.91,6466.45,6585.91,49.97,0.76,16112681900.0,1918.63,1000.0,24.26,2023-05-15,24.26,1918.63
20230516,000852,中证1000指数,中证1000,CSI 1000 Index,CSI 1000,6586.72,6586.72,6501.31,6516.29,-69.62,-1.06,14243410700.0,1781.99,1000.0,24.03,2023-05-16,24.03,1781.99
20230517,000852,中证1000指数,中证1000,CSI 1000 Index,CSI 1000,6500.44,6555.77,6497.38,6554.98,38.69,0.59,12577806300.0,1560.79,1000.0,24.16,2023-05-17,24.16,1560.79
20230518,000852,中证1000指数,中证1000,CSI 1000 Index,CSI 1000,6557.37,6595.49,6554.08,6583.74,28.76,0.44,14436880100.0,1863.34,1000.0,24.14,2023-05-18,24.14,1863.34
20230519,000852,中证1000指数,中证1000,CSI 1000 Index,CSI 1000,6571.09,6621.43,6545.08,6602.32,18.58,0.28,13543298900.0,1790.72,1000.0,24.13,2023-05-19,24.13,1790.72
20230522,000852,中证1000指数,中证1000,CSI 1000 Index,CSI 1000,6589.35,6608.88,6556.74,6595.98,-6.33,-0.1,13119854300.0,1632.05,1000.0,24.12,2023-05-22,24.12,1632.05
20230523,000852,中证1000指数,中证1000,CSI 1000 Index,CSI 1000,6591.56,6600.8,6528.45,6528.45,-67.53,-1.02,12859551700.0,1583.77,1000.0,23.84,2023-05-23,23.84,1583.77
20230524,000852,中证1000指数,中证1000,CSI 1000 Index,CSI 1000,6507.06,6564.51,6476.69,6513.18,-15.27,-0.23,12585509300.0,1634.77,1000.0,23.76,2023-05-24,23.76,1634.77
20230525,000852,中证1000指数,中证1000,CSI 1000 Index,CSI 1000,6502.23,6541.39,6424.45,6501.0,-12.18,-0.19,13583464300.0,1754.38,1000.0,23.74,2023-05-25,23.74,1754.38
20230526,000852,中证1000指数,中证1000,CSI 1000 Index,CSI 1000,6495.35,6558.11,6451.73,6546.41,45.41,0.7,12627561700.0,1701.65,1000.0,23.86,2023-05-26,23.86,1701.65
20230529,000852,中证1000指数,中证1000,CSI 1000 Index,CSI 1000,6560.16,6579.15,6518.03,6534.12,-12.29,-0.19,15248265700.0,2043.22,1000.0,23.79,2023-05-29,23.79,2043.22
20230530,000852,中证1000指数,中证1000,CSI 1000 Index,CSI 1000,6517.71,6565.48,6461.09,6564.47,30.35,0.46,15131765100.0,1931.52,1000.0,23.84,2023-05-30,23.84,1931.52
20230531,000852,中证1000指数,中证1000,CSI 1000 Index,CSI 1000,6556.52,6581.93,6523.27,6561.65,-2.82,-0.04,14296836400.0,1971.41,1000.0,23.77,2023-05-31,23.77,1971.41
20230601,000852,中证1000指数,中证1000,CSI 1000 Index,CSI 1000,6539.26,6616.53,6515.02,6574.76,13.11,0.2,15396233900.0,2087.76,1000.0,23.75,2023-06-01,23.75,2087.76
20230602,000852,中证1000指数,中证1000,CSI 1000 Index,CSI 1000,6585.73,6640.53,6585.73,6626.28,51.52,0.78,14926360400.0,1983.01,1000.0,23.9,2023-06-02,23.9,1983.01
20230605,000852,中证1000指数,中证1000,CSI 1000 Index,CSI 1000,6631.22,6647.2,6609.02,6632.96,6.68,0.1,13715059400.0,1866.51,1000.0,23.9,2023-06-05,23.9,1866.51
20230606,000852,中证1000指数,中证1000,CSI 1000 Index,CSI 1000,6625.09,6625.09,6475.26,6489.81,-143.14,-2.16,15175795900.0,1984.53,1000.0,23.31,2023-06-06,23.31,1984.53
20230607,000852,中证1000指数,中证1000,CSI 1000 Index,CSI 1000,6487.2,6517.32,6467.3,6488.56,-1.25,-0.02,13140470900.0,1692.39,1000.0,23.24,2023-06-07,23.24,1692.39
20230608,000852,中证1000指数,中证1000,CSI 1000 Index,CSI 1000,6477.94,6478.32,6399.78,6442.48,-46.08,-0.71,13558307000.0,1723.27,1000.0,23.07,2023-06-08,23.07,1723.27
20230609,000852,中证1000指数,中证1000,CSI 1000 Index,CSI 1000,6446.62,6500.45,6427.92,6495.56,53.08,0.82,15197757900.0,2020.23,1000.0,23.18,2023-06-09,23.18,2020.23
20230612,000852,中证1000指数,中证1000,CSI 1000 Index,CSI 1000,6488.2,6549.78,6474.86,6530.16,34.6,0.53,14515322000.0,1974.2,1000.0,24.06,2023-06-12,24.06,1974.2
20230613,000852,中证1000指数,中证1000,CSI 1000 Index,CSI 1000,6525.05,6561.02,6519.97,6554.96,24.8,0.38,14563630100.0,2060.66,1000.0,24.07,2023-06-13,24.07,2060.66
20230614,000852,中证1000指数,中证1000,CSI 1000 Index,CSI 1000,6556.03,6591.69,6547.49,6578.12,23.17,0.35,14919593100.0,2124.83,1000.0,24.15,2023-06-14,24.15,2124.83
20230615,000852,中证1000指数,中证1000,CSI 1000 Index,CSI 1000,6579.46,6618.62,6568.61,6613.95,35.83,0.54,14795542700.0,2200.51,1000.0,24.28,2023-06-15,24.28,2200.51
20230616,000852,中证1000指数,中证1000,CSI 1000 Index,CSI 1000,6613.1,6674.62,6602.04,6669.01,55.05,0.83,15570868900.0,2231.31,1000.0,24.42,2023-06-16,24.42,2231.31
20230619,000852,中证1000指数,中证1000,CSI 1000 Index,CSI 1000,6674.12,6707.23,6673.81,6693.3,24.29,0.36,16802575500.0,2468.2,1000.0,24.43,2023-06-19,24.43,2468.2
20230620,000852,中证1000指数,中证1000,CSI 1000 Index,CSI 1000,6683.92,6717.71,6671.99,6693.91,0.62,0.01,15886065300.0,2406.61,1000.0,24.39,2023-06-20,24.39,2406.61
20230621,000852,中证1000指数,中证1000,CSI 1000 Index,CSI 1000,6679.15,6681.57,6548.41,6548.41,-145.51,-2.17,15398394400.0,2262.97,1000.0,23.89,2023-06-21,23.89,2262.97
20230626,000852,中证1000指数,中证1000,CSI 1000 Index,CSI 1000,6504.97,6535.49,6404.04,6420.97,-127.43,-1.95,15473268800.0,2096.07,1000.0,23.45,2023-06-26,23.45,2096.07
20230627,000852,中证1000指数,中证1000,CSI 1000 Index,CSI 1000,6425.84,6518.98,6424.33,6507.27,86.3,1.34,13560711900.0,1788.13,1000.0,23.74,2023-06-27,23.74,1788.13
20230628,000852,中证1000指数,中证1000,CSI 1000 Index,CSI 1000,6504.5,6505.47,6367.35,6475.51,-31.77,-0.49,14580838500.0,1924.07,1000.0,23.64,2023-06-28,23.64,1924.07
20230629,000852,中证1000指数,中证1000,CSI 1000 Index,CSI 1000,6465.1,6542.28,6462.07,6520.04,44.53,0.69,13525214500.0,1865.19,1000.0,23.8,2023-06-29,23.8,1865.19
20230630,000852,中证1000指数,中证1000,CSI 1000 Index,CSI 1000,6507.5,6615.97,6500.86,6602.04,82.0,1.26,14449892400.0,2034.04,1000.0,24.03,2023-06-30,24.03,2034.04
20230703,000852,中证1000指数,中证1000,CSI 1000 Index,CSI 1000,6617.08,6640.34,6571.84,6612.88,10.85,0.16,16097735600.0,2256.25,1000.0,24.08,2023-07-03,24.08,2256.25
20230704,000852,中证1000指数,中证1000,CSI 1000 Index,CSI 1000,6610.66,6639.82,6599.6,6638.45,25.56,0.39,13974279500.0,2035.84,1000.0,24.08,2023-07-04,24.08,2035.84
20230705,000852,中证1000指数,中证1000,CSI 1000 Index,CSI 1000,6632.37,6642.55,6575.73,6584.42,-54.02,-0.81,13305228000.0,1847.79,1000.0,23.87,2023-07-05,23.87,1847.79
20230706,000852,中证1000指数,中证1000,CSI 1000 Index,CSI 1000,6573.58,6619.29,6558.89,6567.08,-17.34,-0.26,12407726800.0,1737.22,1000.0,23.78,2023-07-06,23.78,1737.22
20230707,000852,中证1000指数,中证1000,CSI 1000 Index,CSI 1000,6553.56,6558.11,6486.11,6521.43,-45.65,-0.7,12359954100.0,1649.96,1000.0,23.62,2023-07-07,23.62,1649.96
20230710,000852,中证1000指数,中证1000,CSI 1000 Index,CSI 1000,6539.08,6556.15,6501.75,6526.85,5.43,0.08,12045093600.0,1585.41,1000.0,23.56,2023-07-10,23.56,1585.41
20230711,000852,中证1000指数,中证1000,CSI 1000 Index,CSI 1000,6531.63,6579.37,6514.99,6579.37,52.52,0.8,11960364400.0,1632.73,1000.0,23.72,2023-07-11,23.72,1632.73
20230712,000852,中证1000指数,中证1000,CSI 1000 Index,CSI 1000,6576.94,6576.96,6476.85,6482.99,-96.38,-1.46,14020447100.0,1870.51,1000.0,23.38,2023-07-12,23.38,1870.51
20230713,000852,中证1000指数,中证1000,CSI 1000 Index,CSI 1000,6497.81,6553.6,6497.76,6548.31,65.33,1.01,13511775700.0,1809.15,1000.0,23.61,2023-07-13,23.61,1809.15
20230714,000852,中证1000指数,中证1000,CSI 1000 Index,CSI 1000,6554.53,6571.14,6538.65,6544.46,-3.85,-0.06,13563197100.0,1885.67,1000.0,23.58,2023-07-14,23.58,1885.67
20230717,000852,中证1000指数,中证1000,CSI 1000 Index,CSI 1000,6524.61,6525.19,6481.29,6516.56,-27.9,-0.43,12640877300.0,1691.17,1000.0,23.49,2023-07-17,23.49,1691.17
20230718,000852,中证1000指数,中证1000,CSI 1000 Index,CSI 1000,6519.76,6537.91,6490.06,6510.03,-6.53,-0.1,11996865300.0,1599.66,1000.0,23.49,2023-07-18,23.49,1599.66
20230719,000852,中证1000指数,中证1000,CSI 1000 Index,CSI 1000,6508.52,6530.54,6459.44,6492.35,-17.69,-0.27,10913633500.0,1418.53,1000.0,23.42,2023-07-19,23.42,1418.53
20230720,000852,中证1000指数,中证1000,CSI 1000 Index,CSI 1000,6497.78,6512.45,6404.12,6408.76,-83.59,-1.29,12215096200.0,1551.53,1000.0,23.12,2023-07-20,23.12,1551.53
20230721,000852,中证1000指数,中证1000,CSI 1000 Index,CSI 1000,6397.15,6447.3,6378.2,6401.42,-7.34,-0.11,11359084900.0,1387.88,1000.0,23.08,2023-07-21,23.08,1387.88
20230724,000852,中证1000指数,中证1000,CSI 1000 Index,CSI 1000,6397.43,6437.99,6370.05,6393.79,-7.62,-0.12,10904946500.0,1298.39,1000.0,23.05,2023-07-24,23.05,1298.39
20230725,000852,中证1000指数,中证1000,CSI 1000 Index,CSI 1000,6448.27,6499.42,6444.58,6498.27,104.48,1.63,14736572700.0,1733.79,1000.0,23.42,2023-07-25,23.42,1733.79
20230726,000852,中证1000指数,中证1000,CSI 1000 Index,CSI 1000,6497.59,6497.59,6441.56,6457.25,-41.02,-0.63,14958352200.0,1566.87,1000.0,23.28,2023-07-26,23.28,1566.87
20230727,000852,中证1000指数,中证1000,CSI 1000 Index,CSI 1000,6458.48,6475.83,6397.59,6407.55,-49.71,-0.77,14462435800.0,1531.83,1000.0,23.11,2023-07-27,23.11,1531.83
20230728,000852,中证1000指数,中证1000,CSI 1000 Index,CSI 1000,6389.43,6471.68,6369.37,6465.38,57.83,0.9,15726753200.0,1665.57,1000.0,23.31,2023-07-28,23.31,1665.57
20230731,000852,中证1000指数,中证1000,CSI 1000 Index,CSI 1000,6475.83,6549.75,6475.83,6515.85,50.47,0.78,18381598000.0,2005.9,1000.0,23.47,2023-07-31,23.47,2005.9
20230801,000852,中证1000指数,中证1000,CSI 1000 Index,CSI 1000,6513.14,6521.97,6482.17,6507.41,-8.44,-0.13,18432646400.0,1835.9,1000.0,23.43,2023-08-01,23.43,1835.9
20230802,000852,中证1000指数,中证1000,CSI 1000 Index,CSI 1000,6499.86,6515.07,6475.42,6496.02,-11.39,-0.18,16864628900.0,1711.11,1000.0,23.4,2023-08-02,23.4,1711.11
20230803,000852,中证1000指数,中证1000,CSI 1000 Index,CSI 1000,6472.11,6502.55,6460.28,6499.54,3.52,0.05,16347139500.0,1648.3,1000.0,23.41,2023-08-03,23.41,1648.3
20230804,000852,中证1000指数,中证1000,CSI 1000 Index,CSI 1000,6514.54,6561.74,6505.86,6535.32,35.78,0.55,19462299900.0,2054.16,1000.0,23.49,2023-08-04,23.49,2054.16
20230807,000852,中证1000指数,中证1000,CSI 1000 Index,CSI 1000,6524.3,6532.52,6485.66,6503.98,-31.34,-0.48,16891941200.0,1853.33,1000.0,23.36,2023-08-07,23.36,1853.33
20230808,000852,中证1000指数,中证1000,CSI 1000 Index,CSI 1000,6496.59,6500.9,6457.25,6471.34,-32.64,-0.5,14274341400.0,1546.47,1000.0,23.26,2023-08-08,23.26,1546.47
20230809,000852,中证1000指数,中证1000,CSI 1000 Index,CSI 1000,6452.98,6464.36,6411.23,6420.98,-50.37,-0.78,13231946700.0,1483.44,1000.0,23.09,2023-08-09,23.09,1483.44
20230810,000852,中证1000指数,中证1000,CSI 1000 Index,CSI 1000,6409.22,6438.43,6392.89,6426.81,5.84,0.09,13195769200.0,1348.73,1000.0,23.11,2023-08-10,23.11,1348.73
20230811,000852,中证1000指数,中证1000,CSI 1000 Index,CSI 1000,6428.88,6428.88,6304.64,6304.64,-122.18,-1.9,14901672900.0,1493.3,1000.0,22.69,2023-08-11,22.69,1493.3
20230814,000852,中证1000指数,中证1000,CSI 1000 Index,CSI 1000,6251.97,6320.95,6213.98,6319.41,14.77,0.23,13839222100.0,1456.26,1000.0,22.72,2023-08-14,22.72,1456.26
20230815,000852,中证1000指数,中证1000,CSI 1000 Index,CSI 1000,6318.55,6325.57,6203.44,6261.73,-57.67,-0.91,12270310700.0,1328.52,1000.0,22.53,2023-08-15,22.53,1328.52
20230816,000852,中证1000指数,中证1000,CSI 1000 Index,CSI 1000,6240.71,6255.81,6186.4,6186.4,-75.33,-1.2,12495875900.0,1323.91,1000.0,22.27,2023-08-16,22.27,1323.91
20230817,000852,中证1000指数,中证1000,CSI 1000 Index,CSI 1000,6167.65,6255.05,6128.13,6247.6,61.2,0.99,12913523800.0,1391.53,1000.0,22.5,2023-08-17,22.5,1391.53
20230818,000852,中证1000指数,中证1000,CSI 1000 Index,CSI 1000,6245.13,6259.79,6117.11,6117.11,-130.49,-2.09,13921253900.0,1399.43,1000.0,22.06,2023-08-18,22.06,1399.43
20230821,000852,中证1000指数,中证1000,CSI 1000 Index,CSI 1000,6107.92,6154.25,6057.17,6057.17,-59.94,-0.98,11709169600.0,1196.34,1000.0,21.84,2023-08-21,21.84,1196.34
20230822,000852,中证1000指数,中证1000,CSI 1000 Index,CSI 1000,6082.72,6108.21,5984.44,6099.19,42.02,0.69,14428242200.0,1538.71,1000.0,21.96,2023-08-22,21.96,1538.71
20230823,000852,中证1000指数,中证1000,CSI 1000 Index,CSI 1000,6084.15,6084.15,5973.65,5973.67,-125.52,-2.06,12842238200.0,1358.07,1000.0,21.53,2023-08-23,21.53,1358.07
20230824,000852,中证1000指数,中证1000,CSI 1000 Index,CSI 1000,5989.43,6049.55,5942.57,5987.97,14.3,0.24,13419745100.0,1467.93,1000.0,21.58,2023-08-24,21.58,1467.93
20230825,000852,中证1000指数,中证1000,CSI 1000 Index,CSI 1000,5960.59,5980.24,5855.88,5879.03,-108.94,-1.82,14011710800.0,1505.62,1000.0,21.24,2023-08-25,21.24,1505.62
20230828,000852,中证1000指数,中证1000,CSI 1000 Index,CSI 1000,6204.1,6204.1,5907.94,5922.16,43.13,0.73,21087009800.0,2131.73,1000.0,21.38,2023-08-28,21.38,2131.73
20230829,000852,中证1000指数,中证1000,CSI 1000 Index,CSI 1000,5909.46,6121.59,5907.96,6108.76,186.6,3.15,18668957600.0,2006.33,1000.0,22.05,2023-08-29,22.05,2006.33
20230830,000852,中证1000指数,中证1000,CSI 1000 Index,CSI 1000,6117.41,6185.27,6102.09,6139.63,30.87,0.51,16749956000.0,1941.28,1000.0,22.16,2023-08-30,22.16,1941.28
20230831,000852,中证1000指数,中证1000,CSI 1000 Index,CSI 1000,6130.64,6130.95,6087.33,6104.3,-35.33,-0.58,14304040900.0,1610.05,1000.0,22.04,2023-08-31,22.04,1610.05
20230901,000852,中证1000指数,中证1000,CSI 1000 Index,CSI 1000,6108.13,6136.78,6086.27,6107.2,2.9,0.05,12401705300.0,1382.21,1000.0,22.08,2023-09-01,22.08,1382.21
20230904,000852,中证1000指数,中证1000,CSI 1000 Index,CSI 1000,6129.54,6198.76,6109.1,6198.76,91.56,1.5,15550728100.0,1677.71,1000.0,22.38,2023-09-04,22.38,1677.71
20230905,000852,中证1000指数,中证1000,CSI 1000 Index,CSI 1000,6188.52,6206.35,6154.83,6167.64,-31.12,-0.5,14106799900.0,1626.37,1000.0,22.26,2023-09-05,22.26,1626.37
20230906,000852,中证1000指数,中证1000,CSI 1000 Index,CSI 1000,6146.39,6202.32,6117.81,6195.38,27.74,0.45,12971766400.0,1548.54,1000.0,22.36,2023-09-06,22.36,1548.54
20230907,000852,中证1000指数,中证1000,CSI 1000 Index,CSI 1000,6185.33,6185.33,6083.49,6083.49,-111.89,-1.81,13225411600.0,1507.15,1000.0,21.96,2023-09-07,21.96,1507.15
20230908,000852,中证1000指数,中证1000,CSI 1000 Index,CSI 1000,6063.24,6128.84,6062.9,6102.49,19.0,0.31,11891827900.0,1420.83,1000.0,22.02,2023-09-08,22.02,1420.83
20230911,000852,中证1000指数,中证1000,CSI 1000 Index,CSI 1000,6114.07,6204.43,6083.39,6182.64,80.16,1.31,14400329900.0,1725.89,1000.0,22.3,2023-09-11,22.3,1725.89
20230912,000852,中证1000指数,中证1000,CSI 1000 Index,CSI 1000,6175.63,6212.26,6169.04,6184.61,1.96,0.03,12051225300.0,1447.72,1000.0,22.31,2023-09-12,22.31,1447.72
20230913,000852,中证1000指数,中证1000,CSI 1000 Index,CSI 1000,6169.53,6177.38,6059.29,6103.14,-81.47,-1.32,12503267600.0,1374.94,1000.0,22.05,2023-09-13,22.05,1374.94
20230914,000852,中证1000指数,中证1000,CSI 1000 Index,CSI 1000,6101.77,6102.49,6037.72,6068.71,-34.42,-0.56,11444184400.0,1230.6,1000.0,21.95,2023-09-14,21.95,1230.6
20230915,000852,中证1000指数,中证1000,CSI 1000 Index,CSI 1000,6082.19,6117.82,6046.87,6079.06,10.35,0.17,12419690300.0,1377.83,1000.0,21.99,2023-09-15,21.99,1377.83
20230918,000852,中证1000指数,中证1000,CSI 1000 Index,CSI 1000,6058.3,6106.27,6029.97,6083.97,4.91,0.08,11839445700.0,1329.7,1000.0,22.01,2023-09-18,22.01,1329.7
20230919,000852,中证1000指数,中证1000,CSI 1000 Index,CSI 1000,6077.4,6077.4,6011.91,6031.04,-52.93,-0.87,11274599300.0,1210.8,1000.0,21.84,2023-09-19,21.84,1210.8
20230920,000852,中证1000指数,中证1000,CSI 1000 Index,CSI 1000,6020.91,6038.75,5982.11,5982.56,-48.48,-0.8,10572797400.0,1156.42,1000.0,21.67,2023-09-20,21.67,1156.42
20230921,000852,中证1000指数,中证1000,CSI 1000 Index,CSI 1000,5968.35,5999.4,5931.1,5939.66,-42.89,-0.72,9970952900.0,1071.67,1000.0,21.5,2023-09-21,21.5,1071.67
20230922,000852,中证1000指数,中证1000,CSI 1000 Index,CSI 1000,5934.27,6056.45,5923.24,6054.93,115.26,1.94,13355677200.0,1478.01,1000.0,21.89,2023-09-22,21.89,1478.01
20230925,000852,中证1000指数,中证1000,CSI 1000 Index,CSI 1000,6051.82,6058.47,6014.61,6027.39,-27.53,-0.45,12953261200.0,1462.83,1000.0,21.81,2023-09-25,21.81,1462.83
20230926,000852,中证1000指数,中证1000,CSI 1000 Index,CSI 1000,6017.3,6034.85,5996.05,5996.11,-31.28,-0.52,11406156300.0,1270.29,1000.0,21.7,2023-09-26,21.7,1270.29
20230927,000852,中证1000指数,中证1000,CSI 1000 Index,CSI 1000,5989.8,6063.91,5989.16,6034.06,37.95,0.63,12166233000.0,1412.79,1000.0,21.84,2023-09-27,21.84,1412.79
20230928,000852,中证1000指数,中证1000,CSI 1000 Index,CSI 1000,6048.83,6085.53,6048.68,6078.94,44.88,0.74,12775925600.0,1447.65,1000.0,21.99,2023-09-28,21.99,1447.65
20231009,000852,中证1000指数,中证1000,CSI 1000 Index,CSI 1000,6073.28,6075.46,6025.36,6059.97,-18.98,-0.31,13675596400.0,1513.74,1000.0,21.91,2023-10-09,21.91,1513.74
20231010,000852,中证1000指数,中证1000,CSI 1000 Index,CSI 1000,6069.91,6084.93,6037.47,6043.48,-16.48,-0.27,14081531200.0,1641.83,1000.0,21.8,2023-10-10,21.8,1641.83
20231011,000852,中证1000指数,中证1000,CSI 1000 Index,CSI 1000,6056.03,6105.42,6040.5,6059.4,15.92,0.26,14360113000.0,1693.49,1000.0,21.84,2023-10-11,21.84,1693.49
20231012,000852,中证1000指数,中证1000,CSI 1000 Index,CSI 1000,6088.55,6106.95,6064.82,6104.46,45.05,0.74,14545282400.0,1716.68,1000.0,21.99,2023-10-12,21.99,1716.68
20231013,000852,中证1000指数,中证1000,CSI 1000 Index,CSI 1000,6080.33,6091.54,6063.56,6081.87,-22.59,-0.37,14411508900.0,1740.75,1000.0,21.89,2023-10-13,21.89,1740.75
20231016,000852,中证1000指数,中证1000,CSI 1000 Index,CSI 1000,6089.42,6089.48,5996.79,6024.36,-57.51,-0.95,16445921700.0,1875.95,1000.0,21.69,2023-10-16,21.69,1875.95
20231017,000852,中证1000指数,中证1000,CSI 1000 Index,CSI 1000,6027.91,6028.02,5967.3,6011.37,-12.99,-0.22,13942123400.0,1585.7,1000.0,21.66,2023-10-17,21.66,1585.7
20231018,000852,中证1000指数,中证1000,CSI 1000 Index,CSI 1000,5992.51,5992.51,5905.84,5908.01,-103.36,-1.72,14506515300.0,1646.66,1000.0,21.27,2023-10-18,21.27,1646.66
20231019,000852,中证1000指数,中证1000,CSI 1000 Index,CSI 1000,5879.81,5929.58,5842.41,5842.89,-65.12,-1.1,15549780100.0,1699.77,1000.0,21.03,2023-10-19,21.03,1699.77
20231020,000852,中证1000指数,中证1000,CSI 1000 Index,CSI 1000,5816.72,5855.46,5767.02,5774.32,-68.57,-1.17,13896434900.0,1520.73,1000.0,20.82,2023-10-20,20.82,1520.73
20231023,000852,中证1000指数,中证1000,CSI 1000 Index,CSI 1000,5754.18,5754.25,5613.73,5638.14,-136.18,-2.36,14584585400.0,1564.62,1000.0,20.33,2023-10-23,20.33,1564.62
20231024,000852,中证1000指数,中证1000,CSI 1000 Index,CSI 1000,5654.93,5734.55,5625.71,5719.32,81.19,1.44,15155306600.0,1635.99,1000.0,20.64,2023-10-24,20.64,1635.99
20231025,000852,中证1000指数,中证1000,CSI 1000 Index,CSI 1000,5753.68,5811.27,5752.79,5778.9,59.58,1.04,16359732600.0,1789.46,1000.0,20.83,2023-10-25,20.83,1789.46
20231026,000852,中证1000指数,中证1000,CSI 1000 Index,CSI 1000,5745.53,5817.63,5724.0,5811.69,32.79,0.57,15727583200.0,1771.72,1000.0,20.94,2023-10-26,20.94,1771.72
20231027,000852,中证1000指数,中证1000,CSI 1000 Index,CSI 1000,5792.61,5937.54,5774.63,5916.68,104.99,1.81,17217964600.0,2015.32,1000.0,21.35,2023-10-27,21.35,2015.32
20231030,000852,中证1000指数,中证1000,CSI 1000 Index,CSI 1000,5899.38,6017.28,5898.69,6006.56,89.88,1.52,17928105200.0,2196.28,1000.0,21.61,2023-10-30,21.61,2196.28
20231031,000852,中证1000指数,中证1000,CSI 1000 Index,CSI 1000,6003.37,6013.73,5934.2,5969.34,-37.22,-0.62,16531844100.0,1960.0,1000.0,21.48,2023-10-31,21.48,1960.0
20231101,000852,中证1000指数,中证1000,CSI 1000 Index,CSI 1000,5969.81,5983.87,5943.19,5958.42,-10.92,-0.18,14745112800.0,1696.29,1000.0,21.46,2023-11-01,21.46,1696.29
20231102,000852,中证1000指数,中证1000,CSI 1000 Index,CSI 1000,5958.48,5983.22,5885.25,5885.25,-73.17,-1.23,14014441200.0,1593.52,1000.0,21.2,2023-11-02,21.2,1593.52
20231103,000852,中证1000指数,中证1000,CSI 1000 Index,CSI 1000,5895.6,5992.75,5895.6,5973.17,87.92,1.49,14612020600.0,1725.71,1000.0,21.5,2023-11-03,21.5,1725.71
20231106,000852,中证1000指数,中证1000,CSI 1000 Index,CSI 1000,6007.43,6097.04,6007.43,6096.57,123.4,2.07,18660314600.0,2155.41,1000.0,21.92,2023-11-06,21.92,2155.41
20231107,000852,中证1000指数,中证1000,CSI 1000 Index,CSI 1000,6088.51,6132.14,6068.24,6116.76,20.19,0.33,17394670700.0,2066.05,1000.0,21.96,2023-11-07,21.96,2066.05
20231108,000852,中证1000指数,中证1000,CSI 1000 Index,CSI 1000,6114.99,6160.24,6099.29,6138.94,22.18,0.36,18396408800.0,2243.19,1000.0,22.04,2023-11-08,22.04,2243.19
20231109,000852,中证1000指数,中证1000,CSI 1000 Index,CSI 1000,6135.07,6160.98,6087.73,6100.69,-38.24,-0.62,16224431900.0,1978.56,1000.0,21.92,2023-11-09,21.92,1978.56
20231110,000852,中证1000指数,中证1000,CSI 1000 Index,CSI 1000,6079.47,6097.61,6055.99,6088.56,-12.13,-0.2,14156760500.0,1696.45,1000.0,21.88,2023-11-10,21.88,1696.45
20231113,000852,中证1000指数,中证1000,CSI 1000 Index,CSI 1000,6107.27,6144.63,6095.27,6144.63,56.08,0.92,15035960600.0,1859.37,1000.0,22.07,2023-11-13,22.07,1859.37
20231114,000852,中证1000指数,中证1000,CSI 1000 Index,CSI 1000,6143.48,6189.5,6133.22,6181.98,37.35,0.61,16017236300.0,1957.7,1000.0,22.18,2023-11-14,22.18,1957.7
20231115,000852,中证1000指数,中证1000,CSI 1000 Index,CSI 1000,6226.2,6234.54,6184.9,6207.27,25.29,0.41,16761318800.0,2144.64,1000.0,22.3,2023-11-15,22.3,2144.64
20231116,000852,中证1000指数,中证1000,CSI 1000 Index,CSI 1000,6188.83,6193.64,6143.82,6145.15,-62.12,-1.0,14368211600.0,1805.48,1000.0,22.08,2023-11-16,22.08,1805.48
20231117,000852,中证1000指数,中证1000,CSI 1000 Index,CSI 1000,6135.83,6199.23,6131.67,6199.23,54.08,0.88,14598965800.0,1788.12,1000.0,22.27,2023-11-17,22.27,1788.12
20231120,000852,中证1000指数,中证1000,CSI 1000 Index,CSI 1000,6211.34,6254.14,6184.64,6253.28,54.05,0.87,16024627100.0,2002.99,1000.0,22.45,2023-11-20,22.45,2002.99
20231121,000852,中证1000指数,中证1000,CSI 1000 Index,CSI 1000,6258.74,6267.22,6200.69,6212.13,-41.15,-0.66,17615066500.0,2112.57,1000.0,22.32,2023-11-21,22.32,2112.57
20231122,000852,中证1000指数,中证1000,CSI 1000 Index,CSI 1000,6193.36,6221.87,6132.97,6132.97,-79.15,-1.27,17118316300.0,1917.94,1000.0,22.04,2023-11-22,22.04,1917.94
20231123,000852,中证1000指数,中证1000,CSI 1000 Index,CSI 1000,6123.59,6199.88,6107.0,6197.53,64.56,1.05,15210718300.0,1699.83,1000.0,22.28,2023-11-23,22.28,1699.83
20231124,000852,中证1000指数,中证1000,CSI 1000 Index,CSI 1000,6194.02,6194.02,6098.96,6115.41,-82.12,-1.33,14981599200.0,1661.55,1000.0,22.02,2023-11-24,22.02,1661.55
20231127,000852,中证1000指数,中证1000,CSI 1000 Index,CSI 1000,6107.56,6130.4,6076.71,6111.36,-4.04,-0.07,15443307700.0,1698.12,1000.0,22.02,2023-11-27,22.02,1698.12
20231128,000852,中证1000指数,中证1000,CSI 1000 Index,CSI 1000,6099.51,6143.3,6065.69,6143.3,31.94,0.52,12836813300.0,1472.77,1000.0,22.14,2023-11-28,22.14,1472.77
20231129,000852,中证1000指数,中证1000,CSI 1000 Index,CSI 1000,6138.76,6154.9,6103.98,6113.37,-29.94,-0.49,13564395200.0,1503.66,1000.0,22.05,2023-11-29,22.05,1503.66
20231130,000852,中证1000指数,中证1000,CSI 1000 Index,CSI 1000,6104.77,6110.41,6031.48,6080.55,-32.82,-0.54,13103299900.0,1486.7,1000.0,21.95,2023-11-30,21.95,1486.7
20231201,000852,中证1000指数,中证1000,CSI 1000 Index,CSI 1000,6078.64,6142.74,6059.8,6130.05,49.5,0.81,14535274400.0,1663.37,1000.0,22.08,2023-12-01,22.08,1663.37
20231204,000852,中证1000指数,中证1000,CSI 1000 Index,CSI 1000,6131.59,6147.05,6110.25,6114.39,-15.66,-0.26,15341436500.0,1770.73,1000.0,22.03,2023-12-04,22.03,1770.73
20231205,000852,中证1000指数,中证1000,CSI 1000 Index,CSI 1000,6098.12,6098.12,5992.6,5992.6,-121.79,-1.99,14277542700.0,1625.12,1000.0,21.62,2023-12-05,21.62,1625.12
20231206,000852,中证1000指数,中证1000,CSI 1000 Index,CSI 1000,5977.61,6066.42,5970.28,6023.8,31.2,0.52,14432062400.0,1538.28,1000.0,21.68,2023-12-06,21.68,1538.28
20231207,000852,中证1000指数,中证1000,CSI 1000 Index,CSI 1000,6019.96,6044.86,5983.25,6020.83,-2.97,-0.05,14853662700.0,1669.07,1000.0,21.64,2023-12-07,21.64,1669.07
20231208,000852,中证1000指数,中证1000,CSI 1000 Index,CSI 1000,6021.92,6056.06,6003.14,6003.14,-17.69,-0.29,16797128200.0,1941.32,1000.0,21.56,2023-12-08,21.56,1941.32
20231211,000852,中证1000指数,中证1000,CSI 1000 Index,CSI 1000,5984.68,6080.8,5933.74,6075.08,71.94,1.2,15984343600.0,1812.17,1000.0,21.67,2023-12-11,21.67,1812.17
20231212,000852,中证1000指数,中证1000,CSI 1000 Index,CSI 1000,6070.88,6084.28,6050.73,6078.99,3.91,0.06,12971208800.0,1527.93,1000.0,21.69,2023-12-12,21.69,1527.93
20231213,000852,中证1000指数,中证1000,CSI 1000 Index,CSI 1000,6067.78,6076.36,6019.55,6019.55,-59.44,-0.98,12254715000.0,1437.48,1000.0,21.5,2023-12-13,21.5,1437.48
20231214,000852,中证1000指数,中证1000,CSI 1000 Index,CSI 1000,6038.92,6072.61,5989.23,5991.86,-27.69,-0.46,12019938200.0,1387.56,1000.0,21.43,2023-12-14,21.43,1387.56
20231215,000852,中证1000指数,中证1000,CSI 1000 Index,CSI 1000,6000.26,6016.4,5935.32,5951.6,-40.26,-0.67,12371010000.0,1383.27,1000.0,21.25,2023-12-15,21.25,1383.27
20231218,000852,中证1000指数,中证1000,CSI 1000 Index,CSI 1000,5939.43,5941.9,5845.96,5857.01,-94.6,-1.59,12525942300.0,1309.66,1000.0,20.95,2023-12-18,20.95,1309.66
20231219,000852,中证1000指数,中证1000,CSI 1000 Index,CSI 1000,5853.19,5887.77,5820.51,5863.54,6.54,0.11,11168267500.0,1162.56,1000.0,20.95,2023-12-19,20.95,1162.56
20231220,000852,中证1000指数,中证1000,CSI 1000 Index,CSI 1000,5869.56,5873.76,5761.31,5761.31,-102.23,-1.74,11163005300.0,1206.02,1000.0,20.62,2023-12-20,20.62,1206.02
20231221,000852,中证1000指数,中证1000,CSI 1000 Index,CSI 1000,5739.02,5814.04,5685.64,5798.91,37.6,0.65,12494910000.0,1340.48,1000.0,20.73,2023-12-21,20.73,1340.48
20231222,000852,中证1000指数,中证1000,CSI 1000 Index,CSI 1000,5797.61,5819.65,5713.8,5733.91,-65.0,-1.12,14116708500.0,1477.45,1000.0,20.55,2023-12-22,20.55,1477.45
20231225,000852,中证1000指数,中证1000,CSI 1000 Index,CSI 1000,5726.56,5753.43,5698.32,5735.73,1.82,0.03,10963896300.0,1163.69,1000.0,20.57,2023-12-25,20.57,1163.69
20231226,000852,中证1000指数,中证1000,CSI 1000 Index,CSI 1000,5734.15,5734.56,5632.87,5651.59,-84.14,-1.47,10406327600.0,1122.51,1000.0,20.29,2023-12-26,20.29,1122.51
20231227,000852,中证1000指数,中证1000,CSI 1000 Index,CSI 1000,5658.19,5703.17,5636.94,5696.16,44.57,0.79,10826535400.0,1152.91,1000.0,20.44,2023-12-27,20.44,1152.91
20231228,000852,中证1000指数,中证1000,CSI 1000 Index,CSI 1000,5687.75,5824.4,5660.13,5805.53,109.37,1.92,14413438300.0,1558.33,1000.0,20.81,2023-12-28,20.81,1558.33
20231229,000852,中证1000指数,中证1000,CSI 1000 Index,CSI 1000,5797.58,5891.63,5795.76,5887.24,81.71,1.41,13469077800.0,1528.76,1000.0,21.1,2023-12-29,21.1,1528.76
20240102,000852,中证1000指数,中证1000,CSI 1000 Index,CSI 1000,5891.17,5891.23,5854.59,5854.75,-32.49,-0.55,12837767000.0,1413.52,1000.0,21.01,2024-01-02,21.01,1413.52
20240103,000852,中证1000指数,中证1000,CSI 1000 Index,CSI 1000,5838.55,5861.41,5785.25,5824.04,-30.71,-0.52,11924892500.0,1311.79,1000.0,20.91,2024-01-03,20.91,1311.79
20240104,000852,中证1000指数,中证1000,CSI 1000 Index,CSI 1000,5814.94,5814.94,5753.47,5783.02,-41.03,-0.7,10295253400.0,1126.43,1000.0,20.78,2024-01-04,20.78,1126.43
20240105,000852,中证1000指数,中证1000,CSI 1000 Index,CSI 1000,5779.76,5796.76,5652.13,5675.81,-107.21,-1.85,11920519700.0,1266.83,1000.0,20.42,2024-01-05,20.42,1266.83
20240108,000852,中证1000指数,中证1000,CSI 1000 Index,CSI 1000,5664.45,5664.45,5543.57,5543.57,-132.23,-2.33,11051272600.0,1126.34,1000.0,19.95,2024-01-08,19.95,1126.34
20240109,000852,中证1000指数,中证1000,CSI 1000 Index,CSI 1000,5553.18,5607.22,5513.13,5553.3,9.73,0.18,11022322300.0,1146.78,1000.0,19.98,2024-01-09,19.98,1146.78
20240110,000852,中证1000指数,中证1000,CSI 1000 Index,CSI 1000,5540.66,5580.42,5462.36,5512.07,-41.23,-0.74,10649944600.0,1081.58,1000.0,19.85,2024-01-10,19.85,1081.58
20240111,000852,中证1000指数,中证1000,CSI 1000 Index,CSI 1000,5507.8,5634.02,5502.29,5611.11,99.05,1.8,12471774900.0,1236.35,1000.0,20.17,2024-01-11,20.17,1236.35
20240112,000852,中证1000指数,中证1000,CSI 1000 Index,CSI 1000,5601.1,5646.27,5574.41,5574.49,-36.62,-0.65,12106688100.0,1182.9,1000.0,20.07,2024-01-12,20.07,1182.9
20240115,000852,中证1000指数,中证1000,CSI 1000 Index,CSI 1000,5558.15,5607.13,5520.36,5559.38,-15.12,-0.27,10866718400.0,1074.28,1000.0,20.02,2024-01-15,20.02,1074.28
20240116,000852,中证1000指数,中证1000,CSI 1000 Index,CSI 1000,5555.0,5566.21,5463.29,5539.47,-19.9,-0.36,11680310800.0,1136.7,1000.0,19.96,2024-01-16,19.96,1136.7
20240117,000852,中证1000指数,中证1000,CSI 1000 Index,CSI 1000,5529.89,5529.89,5389.12,5389.12,-150.35,-2.71,10403735400.0,1041.39,1000.0,19.44,2024-01-17,19.44,1041.39
20240118,000852,中证1000指数,中证1000,CSI 1000 Index,CSI 1000,5360.21,5375.23,5214.9,5373.42,-15.7,-0.29,14871103600.0,1429.66,1000.0,19.36,2024-01-18,19.36,1429.66
20240119,000852,中证1000指数,中证1000,CSI 1000 Index,CSI 1000,5364.81,5395.14,5304.96,5306.99,-66.44,-1.24,10643108600.0,1091.75,1000.0,19.13,2024-01-19,19.13,1091.75
20240122,000852,中证1000指数,中证1000,CSI 1000 Index,CSI 1000,5298.31,5298.31,4970.2,5000.83,-306.15,-5.77,14425251200.0,1396.01,1000.0,18.05,2024-01-22,18.05,1396.01
20240123,000852,中证1000指数,中证1000,CSI 1000 Index,CSI 1000,4992.79,5102.44,4939.52,5079.63,78.8,1.58,13028824100.0,1241.63,1000.0,18.33,2024-01-23,18.33,1241.63
20240124,000852,中证1000指数,中证1000,CSI 1000 Index,CSI 1000,5102.82,5151.42,4951.9,5143.41,63.78,1.26,14332644100.0,1352.22,1000.0,18.57,2024-01-24,18.57,1352.22
20240125,000852,中证1000指数,中证1000,CSI 1000 Index,CSI 1000,5143.29,5316.26,5112.54,5316.2,172.79,3.36,16314491700.0,1583.19,1000.0,19.2,2024-01-25,19.2,1583.19
20240126,000852,中证1000指数,中证1000,CSI 1000 Index,CSI 1000,5303.96,5352.85,5253.32,5269.76,-46.43,-0.87,15541566100.0,1500.31,1000.0,19.05,2024-01-26,19.05,1500.31
20240129,000852,中证1000指数,中证1000,CSI 1000 Index,CSI 1000,5282.82,5301.87,5131.25,5131.25,-138.52,-2.63,15000089200.0,1412.95,1000.0,18.58,2024-01-29,18.58,1412.95
20240130,000852,中证1000指数,中证1000,CSI 1000 Index,CSI 1000,5099.59,5144.29,4978.91,4984.66,-146.59,-2.86,12501506900.0,1175.87,1000.0,18.05,2024-01-30,18.05,1175.87
20240131,000852,中证1000指数,中证1000,CSI 1000 Index,CSI 1000,4949.19,4986.1,4775.62,4785.03,-199.63,-4.0,15823715500.0,1393.0,1000.0,17.39,2024-01-31,17.39,1393.0
20240201,000852,中证1000指数,中证1000,CSI 1000 Index,CSI 1000,4753.64,4858.72,4684.47,4750.44,-34.59,-0.72,14711551600.0,1291.0,1000.0,17.28,2024-02-01,17.28,1291.0
20240202,000852,中证1000指数,中证1000,CSI 1000 Index,CSI 1000,4753.67,4802.62,4431.82,4574.67,-175.77,-3.7,17688543500.0,1500.01,1000.0,16.65,2024-02-02,16.65,1500.01
20240205,000852,中证1000指数,中证1000,CSI 1000 Index,CSI 1000,4534.75,4534.75,4177.94,4293.07,-281.6,-6.16,21127433000.0,1662.07,1000.0,15.72,2024-02-05,15.72,1662.07
20240206,000852,中证1000指数,中证1000,CSI 1000 Index,CSI 1000,4229.79,4641.45,4192.97,4592.44,299.37,6.97,21018741000.0,1693.31,1000.0,16.81,2024-02-06,16.81,1693.31
20240207,000852,中证1000指数,中证1000,CSI 1000 Index,CSI 1000,4604.12,4848.24,4599.35,4797.85,205.4,4.47,21621331700.0,1887.13,1000.0,17.54,2024-02-07,17.54,1887.13
20240208,000852,中证1000指数,中证1000,CSI 1000 Index,CSI 1000,4826.14,5067.23,4826.14,4993.1,195.26,4.07,21762005900.0,1922.62,1000.0,18.19,2024-02-08,18.19,1922.62
20240219,000852,中证1000指数,中证1000,CSI 1000 Index,CSI 1000,5062.68,5071.2,4950.33,5029.59,36.48,0.73,20387099600.0,1858.85,1000.0,18.3,2024-02-19,18.3,1858.85
20240220,000852,中证1000指数,中证1000,CSI 1000 Index,CSI 1000,5004.42,5058.22,4950.39,5046.01,16.43,0.33,15434428500.0,1510.79,1000.0,18.36,2024-02-20,18.36,1510.79
20240221,000852,中证1000指数,中证1000,CSI 1000 Index,CSI 1000,5001.66,5208.65,4974.08,5073.48,27.47,0.54,19328052700.0,1780.53,1000.0,18.47,2024-02-21,18.47,1780.53
20240222,000852,中证1000指数,中证1000,CSI 1000 Index,CSI 1000,5075.43,5152.02,5066.0,5151.53,78.05,1.54,15306429500.0,1468.39,1000.0,18.72,2024-02-22,18.72,1468.39
20240223,000852,中证1000指数,中证1000,CSI 1000 Index,CSI 1000,5169.01,5225.67,5114.15,5225.67,74.14,1.44,17121369300.0,1675.41,1000.0,18.95,2024-02-23,18.95,1675.41
20240226,000852,中证1000指数,中证1000,CSI 1000 Index,CSI 1000,5234.81,5325.77,5201.13,5255.4,29.73,0.57,18447164300.0,1802.23,1000.0,19.05,2024-02-26,19.05,1802.23
20240227,000852,中证1000指数,中证1000,CSI 1000 Index,CSI 1000,5237.11,5394.03,5218.59,5394.03,138.64,2.64,18262237200.0,1834.76,1000.0,19.52,2024-02-27,19.52,1834.76
20240228,000852,中证1000指数,中证1000,CSI 1000 Index,CSI 1000,5403.5,5478.09,5152.05,5152.05,-241.98,-4.49,26074238200.0,2518.6,1000.0,18.7,2024-02-28,18.7,2518.6
20240229,000852,中证1000指数,中证1000,CSI 1000 Index,CSI 1000,5122.18,5344.61,5122.18,5344.61,192.55,3.74,18803623800.0,1852.2,1000.0,19.36,2024-02-29,19.36,1852.2
20240301,000852,中证1000指数,中证1000,CSI 1000 Index,CSI 1000,5354.73,5411.32,5322.09,5401.94,57.33,1.07,18443648700.0,1963.39,1000.0,19.54,2024-03-01,19.54,1963.39
20240304,000852,中证1000指数,中证1000,CSI 1000 Index,CSI 1000,5412.91,5429.8,5332.24,5428.34,26.4,0.49,17930820500.0,1997.65,1000.0,19.65,2024-03-04,19.65,1997.65
20240305,000852,中证1000指数,中证1000,CSI 1000 Index,CSI 1000,5392.88,5417.82,5337.67,5375.13,-53.2,-0.98,17416691100.0,1964.28,1000.0,19.46,2024-03-05,19.46,1964.28
20240306,000852,中证1000指数,中证1000,CSI 1000 Index,CSI 1000,5346.08,5434.4,5306.46,5381.46,6.33,0.12,15468437100.0,1649.79,1000.0,19.49,2024-03-06,19.49,1649.79
20240307,000852,中证1000指数,中证1000,CSI 1000 Index,CSI 1000,5389.99,5430.39,5303.28,5303.28,-78.18,-1.45,16102386000.0,1675.25,1000.0,19.25,2024-03-07,19.25,1675.25
20240308,000852,中证1000指数,中证1000,CSI 1000 Index,CSI 1000,5309.59,5386.18,5283.15,5370.37,67.1,1.27,13913089500.0,1475.32,1000.0,19.48,2024-03-08,19.48,1475.32
20240311,000852,中证1000指数,中证1000,CSI 1000 Index,CSI 1000,5358.84,5466.65,5350.29,5466.65,96.27,1.79,16413344200.0,1751.53,1000.0,19.8,2024-03-11,19.8,1751.53
20240312,000852,中证1000指数,中证1000,CSI 1000 Index,CSI 1000,5477.13,5524.5,5443.96,5496.36,29.71,0.54,18398414000.0,1989.09,1000.0,19.87,2024-03-12,19.87,1989.09
20240313,000852,中证1000指数,中证1000,CSI 1000 Index,CSI 1000,5501.59,5561.08,5476.79,5521.78,25.43,0.46,18127080700.0,2003.55,1000.0,19.95,2024-03-13,19.95,2003.55
20240314,000852,中证1000指数,中证1000,CSI 1000 Index,CSI 1000,5521.72,5546.1,5433.21,5486.65,-35.14,-0.64,16894817200.0,1844.1,1000.0,19.84,2024-03-14,19.84,1844.1
20240315,000852,中证1000指数,中证1000,CSI 1000 Index,CSI 1000,5472.89,5555.64,5459.32,5555.64,69.0,1.26,16109584100.0,1715.73,1000.0,20.08,2024-03-15,20.08,1715.73
20240318,000852,中证1000指数,中证1000,CSI 1000 Index,CSI 1000,5573.93,5648.01,5559.05,5648.01,92.37,1.66,19341951700.0,2120.7,1000.0,20.39,2024-03-18,20.39,2120.7
20240319,000852,中证1000指数,中证1000,CSI 1000 Index,CSI 1000,5633.5,5660.5,5607.26,5607.48,-40.54,-0.72,18111809600.0,2023.58,1000.0,20.24,2024-03-19,20.24,2023.58
20240320,000852,中证1000指数,中证1000,CSI 1000 Index,CSI 1000,5600.12,5663.74,5600.12,5659.15,51.68,0.92,17930765400.0,1998.62,1000.0,20.41,2024-03-20,20.41,1998.62
20240321,000852,中证1000指数,中证1000,CSI 1000 Index,CSI 1000,5674.5,5690.45,5623.3,5658.28,-0.87,-0.02,19433294600.0,2156.21,1000.0,20.39,2024-03-21,20.39,2156.21
20240322,000852,中证1000指数,中证1000,CSI 1000 Index,CSI 1000,5649.08,5660.15,5546.78,5595.88,-62.39,-1.1,21025432700.0,2265.06,1000.0,20.16,2024-03-22,20.16,2265.06
20240325,000852,中证1000指数,中证1000,CSI 1000 Index,CSI 1000,5581.35,5611.69,5466.06,5466.06,-129.82,-2.32,20470538200.0,2246.13,1000.0,19.74,2024-03-25,19.74,2246.13
20240326,000852,中证1000指数,中证1000,CSI 1000 Index,CSI 1000,5454.65,5495.63,5381.85,5447.75,-18.31,-0.34,18318068400.0,1972.61,1000.0,19.69,2024-03-26,19.69,1972.61
20240327,000852,中证1000指数,中证1000,CSI 1000 Index,CSI 1000,5435.97,5436.65,5266.23,5266.23,-181.52,-3.33,17917350400.0,1839.79,1000.0,19.09,2024-03-27,19.09,1839.79
20240328,000852,中证1000指数,中证1000,CSI 1000 Index,CSI 1000,5262.22,5430.77,5262.22,5382.24,116.01,2.2,17859873500.0,1875.97,1000.0,19.47,2024-03-28,19.47,1875.97
20240329,000852,中证1000指数,中证1000,CSI 1000 Index,CSI 1000,5383.74,5441.26,5345.87,5441.26,59.02,1.1,16865343100.0,1773.37,1000.0,19.7,2024-03-29,19.7,1773.37
20240401,000852,中证1000指数,中证1000,CSI 1000 Index,CSI 1000,5461.59,5559.87,5461.59,5559.06,117.8,2.16,19102570700.0,2024.13,1000.0,20.11,2024-04-01,20.11,2024.13
20240402,000852,中证1000指数,中证1000,CSI 1000 Index,CSI 1000,5556.52,5556.52,5490.82,5531.05,-28.0,-0.5,19609745900.0,2018.31,1000.0,20.04,2024-04-02,20.04,2018.31
20240403,000852,中证1000指数,中证1000,CSI 1000 Index,CSI 1000,5518.91,5525.03,5457.61,5500.93,-30.13,-0.54,18629106600.0,1917.3,1000.0,19.96,2024-04-03,19.96,1917.3
20240408,000852,中证1000指数,中证1000,CSI 1000 Index,CSI 1000,5487.63,5492.4,5399.91,5399.91,-101.01,-1.84,18657335900.0,1867.31,1000.0,19.62,2024-04-08,19.62,1867.31
20240409,000852,中证1000指数,中证1000,CSI 1000 Index,CSI 1000,5392.99,5468.91,5384.03,5468.91,69.0,1.28,15920115900.0,1602.93,1000.0,19.86,2024-04-09,19.86,1602.93
20240410,000852,中证1000指数,中证1000,CSI 1000 Index,CSI 1000,5456.97,5456.97,5325.91,5367.05,-101.86,-1.86,16745949300.0,1644.78,1000.0,19.52,2024-04-10,19.52,1644.78
20240411,000852,中证1000指数,中证1000,CSI 1000 Index,CSI 1000,5330.68,5441.5,5322.84,5379.92,12.86,0.24,16514370000.0,1627.48,1000.0,19.6,2024-04-11,19.6,1627.48
20240412,000852,中证1000指数,中证1000,CSI 1000 Index,CSI 1000,5379.17,5408.52,5330.54,5338.77,-41.15,-0.76,15717452200.0,1553.86,1000.0,19.48,2024-04-12,19.48,1553.86
20240415,000852,中证1000指数,中证1000,CSI 1000 Index,CSI 1000,5320.81,5364.59,5205.71,5287.51,-51.26,-0.96,20171102800.0,1883.83,1000.0,19.37,2024-04-15,19.37,1883.83
20240416,000852,中证1000指数,中证1000,CSI 1000 Index,CSI 1000,5255.21,5283.83,5063.94,5066.66,-220.85,-4.18,20717194000.0,1881.23,1000.0,18.64,2024-04-16,18.64,1881.23
20240417,000852,中证1000指数,中证1000,CSI 1000 Index,CSI 1000,5109.08,5287.46,5109.08,5287.46,220.8,4.36,19007939500.0,1812.06,1000.0,19.41,2024-04-17,19.41,1812.06
20240418,000852,中证1000指数,中证1000,CSI 1000 Index,CSI 1000,5276.47,5345.44,5233.9,5286.72,-0.74,-0.01,18822505800.0,1876.26,1000.0,19.41,2024-04-18,19.41,1876.26
20240419,000852,中证1000指数,中证1000,CSI 1000 Index,CSI 1000,5257.01,5312.15,5224.32,5264.39,-22.33,-0.42,17887021100.0,1765.33,1000.0,19.34,2024-04-19,19.34,1765.33
20240422,000852,中证1000指数,中证1000,CSI 1000 Index,CSI 1000,5231.56,5300.79,5187.52,5246.08,-18.31,-0.35,16776222900.0,1659.7,1000.0,19.27,2024-04-22,19.27,1659.7
20240423,000852,中证1000指数,中证1000,CSI 1000 Index,CSI 1000,5234.43,5260.29,5194.26,5218.43,-27.65,-0.53,15685139400.0,1549.49,1000.0,19.13,2024-04-23,19.13,1549.49
20240424,000852,中证1000指数,中证1000,CSI 1000 Index,CSI 1000,5219.26,5305.61,5200.6,5305.61,87.18,1.67,16266674900.0,1659.41,1000.0,19.41,2024-04-24,19.41,1659.41
20240425,000852,中证1000指数,中证1000,CSI 1000 Index,CSI 1000,5285.14,5357.44,5273.55,5313.99,8.38,0.16,15783124800.0,1640.9,1000.0,19.43,2024-04-25,19.43,1640.9
20240426,000852,中证1000指数,中证1000,CSI 1000 Index,CSI 1000,5303.15,5420.37,5303.15,5415.94,101.95,1.92,21088692700.0,2195.84,1000.0,19.74,2024-04-26,19.74,2195.84
20240429,000852,中证1000指数,中证1000,CSI 1000 Index,CSI 1000,5422.41,5550.21,5422.41,5545.23,129.3,2.39,24143974400.0,2474.12,1000.0,20.14,2024-04-29,20.14,2474.12
20240430,000852,中证1000指数,中证1000,CSI 1000 Index,CSI 1000,5530.94,5542.19,5482.99,5497.43,-47.8,-0.86,20490974300.0,2058.51,1000.0,19.99,2024-04-30,19.99,2058.51
20240506,000852,中证1000指数,中证1000,CSI 1000 Index,CSI 1000,5558.92,5611.27,5558.92,5606.84,109.41,1.99,20517402800.0,2134.62,1000.0,23.96,2024-05-06,23.96,2134.62
20240507,000852,中证1000指数,中证1000,CSI 1000 Index,CSI 1000,5604.27,5631.95,5593.01,5625.34,18.49,0.33,18562254000.0,1973.55,1000.0,24.02,2024-05-07,24.02,1973.55
20240508,000852,中证1000指数,中证1000,CSI 1000 Index,CSI 1000,5605.59,5605.59,5529.91,5536.66,-88.68,-1.58,17573098800.0,1861.81,1000.0,23.63,2024-05-08,23.63,1861.81
20240509,000852,中证1000指数,中证1000,CSI 1000 Index,CSI 1000,5533.51,5638.64,5533.51,5626.83,90.17,1.63,17267826100.0,1869.69,1000.0,24.01,2024-05-09,24.01,1869.69
20240510,000852,中证1000指数,中证1000,CSI 1000 Index,CSI 1000,5632.76,5641.92,5549.61,5574.23,-52.59,-0.93,18837704400.0,1901.62,1000.0,23.84,2024-05-10,23.84,1901.62
20240513,000852,中证1000指数,中证1000,CSI 1000 Index,CSI 1000,5537.93,5556.71,5479.95,5520.8,-53.43,-0.96,18030863900.0,1831.09,1000.0,23.81,2024-05-13,23.81,1831.09
20240514,000852,中证1000指数,中证1000,CSI 1000 Index,CSI 1000,5524.43,5574.25,5524.26,5551.68,30.87,0.56,16958506700.0,1712.73,1000.0,23.94,2024-05-14,23.94,1712.73
20240515,000852,中证1000指数,中证1000,CSI 1000 Index,CSI 1000,5541.81,5551.26,5491.52,5497.23,-54.44,-0.98,16330459800.0,1577.4,1000.0,23.68,2024-05-15,23.68,1577.4
20240516,000852,中证1000指数,中证1000,CSI 1000 Index,CSI 1000,5508.95,5539.92,5474.28,5488.95,-8.29,-0.15,16979800200.0,1637.26,1000.0,23.6,2024-05-16,23.6,1637.26
20240517,000852,中证1000指数,中证1000,CSI 1000 Index,CSI 1000,5489.42,5564.06,5478.3,5563.23,74.29,1.35,18287308100.0,1749.24,1000.0,23.82,2024-05-17,23.82,1749.24
20240520,000852,中证1000指数,中证1000,CSI 1000 Index,CSI 1000,5563.65,5612.35,5548.9,5596.78,33.55,0.6,19747644100.0,1946.5,1000.0,23.99,2024-05-20,23.99,1946.5
20240521,000852,中证1000指数,中证1000,CSI 1000 Index,CSI 1000,5586.01,5586.01,5517.39,5536.74,-60.03,-1.07,17295988000.0,1643.85,1000.0,23.75,2024-05-21,23.75,1643.85
20240522,000852,中证1000指数,中证1000,CSI 1000 Index,CSI 1000,5532.84,5553.7,5508.76,5539.66,2.92,0.05,16800299300.0,1596.18,1000.0,23.7,2024-05-22,23.7,1596.18
20240523,000852,中证1000指数,中证1000,CSI 1000 Index,CSI 1000,5521.18,5521.18,5402.0,5412.82,-126.84,-2.29,17580671000.0,1650.79,1000.0,23.17,2024-05-23,23.17,1650.79
20240524,000852,中证1000指数,中证1000,CSI 1000 Index,CSI 1000,5401.58,5436.81,5350.11,5350.11,-62.72,-1.16,15105011400.0,1445.9,1000.0,22.93,2024-05-24,22.93,1445.9
20240527,000852,中证1000指数,中证1000,CSI 1000 Index,CSI 1000,5358.08,5404.62,5295.09,5404.62,54.51,1.02,15140911400.0,1450.62,1000.0,23.18,2024-05-27,23.18,1450.62
20240528,000852,中证1000指数,中证1000,CSI 1000 Index,CSI 1000,5390.4,5414.98,5343.83,5348.03,-56.59,-1.05,14845805000.0,1422.42,1000.0,22.94,2024-05-28,22.94,1422.42
20240529,000852,中证1000指数,中证1000,CSI 1000 Index,CSI 1000,5336.7,5386.78,5324.69,5351.25,3.22,0.06,14269866300.0,1315.51,1000.0,22.97,2024-05-29,22.97,1315.51
20240530,000852,中证1000指数,中证1000,CSI 1000 Index,CSI 1000,5334.8,5371.81,5311.44,5334.3,-16.96,-0.32,14132317100.0,1335.6,1000.0,22.88,2024-05-30,22.88,1335.6
20240531,000852,中证1000指数,中证1000,CSI 1000 Index,CSI 1000,5334.1,5381.72,5334.1,5355.21,20.91,0.39,13673513700.0,1337.2,1000.0,22.91,2024-05-31,22.91,1337.2
20240603,000852,中证1000指数,中证1000,CSI 1000 Index,CSI 1000,5350.64,5351.25,5246.17,5284.62,-70.59,-1.32,16338815200.0,1568.48,1000.0,22.64,2024-06-03,22.64,1568.48
20240604,000852,中证1000指数,中证1000,CSI 1000 Index,CSI 1000,5267.36,5319.71,5229.68,5313.71,29.08,0.55,14512777700.0,1381.33,1000.0,22.82,2024-06-04,22.82,1381.33
20240605,000852,中证1000指数,中证1000,CSI 1000 Index,CSI 1000,5294.3,5330.8,5244.09,5244.09,-69.62,-1.31,13214350400.0,1290.81,1000.0,22.48,2024-06-05,22.48,1290.81
20240606,000852,中证1000指数,中证1000,CSI 1000 Index,CSI 1000,5249.95,5275.89,5113.21,5130.87,-113.22,-2.16,16979325500.0,1591.89,1000.0,22.07,2024-06-06,22.07,1591.89
20240607,000852,中证1000指数,中证1000,CSI 1000 Index,CSI 1000,5159.17,5190.0,5096.08,5153.59,22.72,0.44,13032020200.0,1271.52,1000.0,22.13,2024-06-07,22.13,1271.52
20240611,000852,中证1000指数,中证1000,CSI 1000 Index,CSI 1000,5132.22,5208.18,5086.86,5198.92,45.34,0.88,12853390400.0,1309.22,1000.0,22.25,2024-06-11,22.25,1309.22
20240612,000852,中证1000指数,中证1000,CSI 1000 Index,CSI 1000,5188.36,5231.47,5186.61,5216.46,17.54,0.34,12165075200.0,1252.94,1000.0,22.31,2024-06-12,22.31,1252.94
20240613,000852,中证1000指数,中证1000,CSI 1000 Index,CSI 1000,5214.41,5219.71,5170.17,5180.24,-36.23,-0.69,13117250700.0,1380.18,1000.0,22.16,2024-06-13,22.16,1380.18
20240614,000852,中证1000指数,中证1000,CSI 1000 Index,CSI 1000,5164.87,5190.71,5138.36,5180.65,0.42,0.01,13913297800.0,1479.39,1000.0,22.09,2024-06-14,22.09,1479.39
20240617,000852,中证1000指数,中证1000,CSI 1000 Index,CSI 1000,5158.98,5211.39,5151.28,5183.97,3.32,0.06,12461637200.0,1401.85,1000.0,22.15,2024-06-17,22.15,1401.85
20240618,000852,中证1000指数,中证1000,CSI 1000 Index,CSI 1000,5183.27,5237.82,5177.28,5227.25,43.29,0.84,13546066300.0,1398.17,1000.0,22.28,2024-06-18,22.28,1398.17
20240619,000852,中证1000指数,中证1000,CSI 1000 Index,CSI 1000,5230.49,5241.97,5159.99,5159.99,-67.26,-1.29,12580622900.0,1376.97,1000.0,21.98,2024-06-19,21.98,1376.97
20240620,000852,中证1000指数,中证1000,CSI 1000 Index,CSI 1000,5150.8,5174.87,5052.89,5056.14,-103.86,-2.01,14150084500.0,1451.62,1000.0,21.55,2024-06-20,21.55,1451.62
20240621,000852,中证1000指数,中证1000,CSI 1000 Index,CSI 1000,5040.63,5090.57,5014.48,5055.33,-0.81,-0.02,11120168900.0,1133.14,1000.0,21.56,2024-06-21,21.56,1133.14
20240624,000852,中证1000指数,中证1000,CSI 1000 Index,CSI 1000,5025.52,5029.73,4884.5,4887.78,-167.56,-3.31,12891516300.0,1336.43,1000.0,20.86,2024-06-24,20.86,1336.43
20240625,000852,中证1000指数,中证1000,CSI 1000 Index,CSI 1000,4885.89,4907.96,4814.68,4847.61,-40.17,-0.82,11259330000.0,1163.21,1000.0,20.73,2024-06-25,20.73,1163.21
20240626,000852,中证1000指数,中证1000,CSI 1000 Index,CSI 1000,4842.0,4988.31,4812.1,4986.38,138.77,2.86,13802752900.0,1257.81,1000.0,21.27,2024-06-26,21.27,1257.81
20240627,000852,中证1000指数,中证1000,CSI 1000 Index,CSI 1000,4964.66,4969.09,4862.63,4864.09,-122.3,-2.45,12164291100.0,1146.45,1000.0,20.75,2024-06-27,20.75,1146.45
20240628,000852,中证1000指数,中证1000,CSI 1000 Index,CSI 1000,4855.35,4968.27,4851.84,4895.99,31.9,0.66,13456779600.0,1299.4,1000.0,20.91,2024-06-28,20.91,1299.4
20240701,000852,中证1000指数,中证1000,CSI 1000 Index,CSI 1000,4894.56,4954.18,4839.75,4940.25,44.26,0.9,12921932500.0,1233.13,1000.0,21.11,2024-07-01,21.11,1233.13
20240702,000852,中证1000指数,中证1000,CSI 1000 Index,CSI 1000,4940.7,4951.2,4886.7,4905.65,-34.6,-0.7,11882798600.0,1169.69,1000.0,20.92,2024-07-02,20.92,1169.69
20240703,000852,中证1000指数,中证1000,CSI 1000 Index,CSI 1000,4900.67,4906.51,4857.78,4867.13,-38.52,-0.79,10230030100.0,1038.16,1000.0,20.73,2024-07-03,20.73,1038.16
20240704,000852,中证1000指数,中证1000,CSI 1000 Index,CSI 1000,4868.55,4883.74,4745.91,4761.87,-105.26,-2.16,12120225700.0,1070.67,1000.0,20.31,2024-07-04,20.31,1070.67
20240705,000852,中证1000指数,中证1000,CSI 1000 Index,CSI 1000,4753.73,4828.84,4711.87,4810.79,48.93,1.03,11060246700.0,1009.19,1000.0,20.51,2024-07-05,20.51,1009.19
20240708,000852,中证1000指数,中证1000,CSI 1000 Index,CSI 1000,4801.49,4801.49,4679.28,4693.96,-116.83,-2.43,12354877500.0,1092.18,1000.0,20.03,2024-07-08,20.03,1092.18
20240709,000852,中证1000指数,中证1000,CSI 1000 Index,CSI 1000,4689.27,4810.32,4645.2,4797.06,103.1,2.2,14851118700.0,1396.61,1000.0,20.48,2024-07-09,20.48,1396.61
20240710,000852,中证1000指数,中证1000,CSI 1000 Index,CSI 1000,4783.17,4829.21,4768.12,4777.68,-19.38,-0.4,13840154300.0,1331.74,1000.0,20.37,2024-07-10,20.37,1331.74
20240711,000852,中证1000指数,中证1000,CSI 1000 Index,CSI 1000,4846.11,4896.15,4821.41,4893.59,115.91,2.43,15319046900.0,1528.71,1000.0,20.83,2024-07-11,20.83,1528.71
20240712,000852,中证1000指数,中证1000,CSI 1000 Index,CSI 1000,4884.41,4897.17,4858.3,4878.02,-15.57,-0.32,13085417900.0,1263.58,1000.0,20.74,2024-07-12,20.74,1263.58
20240715,000852,中证1000指数,中证1000,CSI 1000 Index,CSI 1000,4869.0,4869.0,4815.41,4827.6,-50.42,-1.03,12641301700.0,1168.91,1000.0,20.52,2024-07-15,20.52,1168.91
20240716,000852,中证1000指数,中证1000,CSI 1000 Index,CSI 1000,4815.74,4845.35,4786.21,4836.72,9.12,0.19,12089150200.0,1197.09,1000.0,20.53,2024-07-16,20.53,1197.09
20240717,000852,中证1000指数,中证1000,CSI 1000 Index,CSI 1000,4834.44,4842.72,4786.35,4795.62,-41.09,-0.85,12042511600.0,1214.46,1000.0,20.35,2024-07-17,20.35,1214.46
20240718,000852,中证1000指数,中证1000,CSI 1000 Index,CSI 1000,4763.3,4822.62,4714.6,4812.43,16.8,0.35,12172778100.0,1262.88,1000.0,20.44,2024-07-18,20.44,1262.88
20240719,000852,中证1000指数,中证1000,CSI 1000 Index,CSI 1000,4788.77,4854.71,4778.71,4821.42,9.0,0.19,11264795500.0,1204.85,1000.0,20.44,2024-07-19,20.44,1204.85
20240722,000852,中证1000指数,中证1000,CSI 1000 Index,CSI 1000,4822.64,4848.31,4798.12,4826.87,5.45,0.11,11073212100.0,1176.56,1000.0,20.42,2024-07-22,20.42,1176.56
20240723,000852,中证1000指数,中证1000,CSI 1000 Index,CSI 1000,4825.75,4825.75,4694.95,4694.95,-131.92,-2.73,12049520100.0,1214.82,1000.0,19.84,2024-07-23,19.84,1214.82
20240724,000852,中证1000指数,中证1000,CSI 1000 Index,CSI 1000,4682.06,4713.07,4625.42,4631.01,-63.94,-1.36,12109198000.0,1188.6,1000.0,19.59,2024-07-24,19.59,1188.6
20240725,000852,中证1000指数,中证1000,CSI 1000 Index,CSI 1000,4602.63,4678.66,4587.71,4632.57,1.56,0.03,10853045800.0,1058.63,1000.0,19.59,2024-07-25,19.59,1058.63
20240726,000852,中证1000指数,中证1000,CSI 1000 Index,CSI 1000,4638.31,4710.57,4638.31,4702.08,69.51,1.5,11069103300.0,1084.78,1000.0,19.88,2024-07-26,19.88,1084.78
20240729,000852,中证1000指数,中证1000,CSI 1000 Index,CSI 1000,4707.28,4707.28,4670.8,4685.65,-16.43,-0.35,10931960500.0,1088.23,1000.0,19.79,2024-07-29,19.79,1088.23
20240730,000852,中证1000指数,中证1000,CSI 1000 Index,CSI 1000,4674.92,4716.21,4637.41,4702.49,16.85,0.36,11231559400.0,1121.28,1000.0,19.82,2024-07-30,19.82,1121.28
20240731,000852,中证1000指数,中证1000,CSI 1000 Index,CSI 1000,4698.73,4889.77,4690.0,4889.08,186.59,3.97,17376194200.0,1689.66,1000.0,20.61,2024-07-31,20.61,1689.66
20240801,000852,中证1000指数,中证1000,CSI 1000 Index,CSI 1000,4894.81,4933.06,4850.63,4878.29,-10.79,-0.22,14642142100.0,1502.11,1000.0,20.55,2024-08-01,20.55,1502.11
20240802,000852,中证1000指数,中证1000,CSI 1000 Index,CSI 1000,4844.78,4902.94,4802.02,4809.89,-68.4,-1.4,13798976700.0,1417.17,1000.0,20.27,2024-08-02,20.27,1417.17
20240805,000852,中证1000指数,中证1000,CSI 1000 Index,CSI 1000,4776.18,4854.59,4678.74,4678.78,-131.11,-2.73,15284748500.0,1474.9,1000.0,19.74,2024-08-05,19.74,1474.9
20240806,000852,中证1000指数,中证1000,CSI 1000 Index,CSI 1000,4731.2,4766.27,4695.64,4749.95,71.17,1.52,12709764100.0,1191.29,1000.0,20.04,2024-08-06,20.04,1191.29
20240807,000852,中证1000指数,中证1000,CSI 1000 Index,CSI 1000,4741.65,4772.21,4715.53,4743.41,-6.54,-0.14,11261928400.0,1088.24,1000.0,20.02,2024-08-07,20.02,1088.24
20240808,000852,中证1000指数,中证1000,CSI 1000 Index,CSI 1000,4728.33,4776.49,4677.43,4739.49,-3.92,-0.08,12674657200.0,1181.55,1000.0,20.02,2024-08-08,20.02,1181.55
20240809,000852,中证1000指数,中证1000,CSI 1000 Index,CSI 1000,4760.13,4789.17,4702.75,4702.75,-36.75,-0.78,11566533800.0,1019.04,1000.0,19.87,2024-08-09,19.87,1019.04
20240812,000852,中证1000指数,中证1000,CSI 1000 Index,CSI 1000,4696.36,4707.22,4657.33,4674.1,-28.64,-0.61,10766524500.0,935.8,1000.0,19.77,2024-08-12,19.77,935.8
20240813,000852,中证1000指数,中证1000,CSI 1000 Index,CSI 1000,4671.2,4698.34,4642.67,4697.59,23.48,0.5,10020724800.0,890.86,1000.0,19.86,2024-08-13,19.86,890.86
20240814,000852,中证1000指数,中证1000,CSI 1000 Index,CSI 1000,4698.0,4698.15,4649.28,4649.28,-48.31,-1.03,9991137300.0,887.73,1000.0,19.64,2024-08-14,19.64,887.73
20240815,000852,中证1000指数,中证1000,CSI 1000 Index,CSI 1000,4639.08,4743.73,4620.56,4691.85,42.57,0.92,12990065000.0,1117.83,1000.0,19.79,2024-08-15,19.79,1117.83
20240816,000852,中证1000指数,中证1000,CSI 1000 Index,CSI 1000,4696.72,4703.03,4654.46,4655.65,-36.2,-0.77,12261254100.0,1084.14,1000.0,19.65,2024-08-16,19.65,1084.14
20240819,000852,中证1000指数,中证1000,CSI 1000 Index,CSI 1000,4651.3,4714.06,4644.6,4663.61,7.96,0.17,11994224400.0,1049.05,1000.0,19.68,2024-08-19,19.68,1049.05
20240820,000852,中证1000指数,中证1000,CSI 1000 Index,CSI 1000,4663.78,4665.63,4563.86,4579.3,-84.31,-1.81,12997965500.0,1078.72,1000.0,19.32,2024-08-20,19.32,1078.72
20240821,000852,中证1000指数,中证1000,CSI 1000 Index,CSI 1000,4564.38,4590.2,4543.88,4548.26,-31.04,-0.68,10816431500.0,922.76,1000.0,19.21,2024-08-21,19.21,922.76
20240822,000852,中证1000指数,中证1000,CSI 1000 Index,CSI 1000,4549.3,4562.98,4484.56,4491.84,-56.43,-1.24,11346933000.0,979.94,1000.0,18.99,2024-08-22,18.99,979.94
20240823,000852,中证1000指数,中证1000,CSI 1000 Index,CSI 1000,4482.65,4510.6,4462.76,4495.34,3.5,0.08,11025472000.0,948.49,1000.0,18.99,2024-08-23,18.99,948.49
20240826,000852,中证1000指数,中证1000,CSI 1000 Index,CSI 1000,4492.71,4531.17,4476.24,4512.89,17.55,0.39,11227184300.0,975.19,1000.0,19.08,2024-08-26,19.08,975.19
20240827,000852,中证1000指数,中证1000,CSI 1000 Index,CSI 1000,4500.74,4501.08,4449.21,4459.68,-53.21,-1.18,11393952000.0,1001.27,1000.0,18.88,2024-08-27,18.88,1001.27
20240828,000852,中证1000指数,中证1000,CSI 1000 Index,CSI 1000,4449.71,4506.31,4437.52,4470.55,10.87,0.24,10790317700.0,923.68,1000.0,18.92,2024-08-28,18.92,923.68
20240829,000852,中证1000指数,中证1000,CSI 1000 Index,CSI 1000,4453.43,4558.95,4443.9,4542.46,71.91,1.61,12978875300.0,1181.36,1000.0,19.21,2024-08-29,19.21,1181.36
20240830,000852,中证1000指数,中证1000,CSI 1000 Index,CSI 1000,4539.93,4691.01,4534.04,4629.32,86.86,1.91,17783861600.0,1630.28,1000.0,19.54,2024-08-30,19.54,1630.28
20240902,000852,中证1000指数,中证1000,CSI 1000 Index,CSI 1000,4627.18,4635.77,4529.83,4532.51,-96.81,-2.09,15592727400.0,1399.34,1000.0,19.85,2024-09-02,19.85,1399.34
20240903,000852,中证1000指数,中证1000,CSI 1000 Index,CSI 1000,4529.94,4598.63,4529.94,4572.4,39.88,0.88,12895246200.0,1165.8,1000.0,20.01,2024-09-03,20.01,1165.8
20240904,000852,中证1000指数,中证1000,CSI 1000 Index,CSI 1000,4542.9,4594.44,4529.34,4550.77,-21.63,-0.47,12287165700.0,1134.7,1000.0,19.93,2024-09-04,19.93,1134.7
20240905,000852,中证1000指数,中证1000,CSI 1000 Index,CSI 1000,4554.52,4614.75,4554.52,4586.78,36.01,0.79,12120919400.0,1082.93,1000.0,20.07,2024-09-05,20.07,1082.93
20240906,000852,中证1000指数,中证1000,CSI 1000 Index,CSI 1000,4588.93,4595.7,4506.39,4508.23,-78.55,-1.71,12721773300.0,1155.8,1000.0,19.72,2024-09-06,19.72,1155.8
20240909,000852,中证1000指数,中证1000,CSI 1000 Index,CSI 1000,4490.99,4523.37,4459.13,4475.53,-32.7,-0.73,11328492700.0,1002.28,1000.0,19.58,2024-09-09,19.58,1002.28
20240910,000852,中证1000指数,中证1000,CSI 1000 Index,CSI 1000,4481.49,4507.15,4400.78,4487.58,12.04,0.27,13235158500.0,1145.55,1000.0,19.61,2024-09-10,19.61,1145.55
20240911,000852,中证1000指数,中证1000,CSI 1000 Index,CSI 1000,4469.01,4500.68,4453.2,4486.01,-1.57,-0.03,11395397200.0,1019.75,1000.0,19.59,2024-09-11,19.59,1019.75
20240912,000852,中证1000指数,中证1000,CSI 1000 Index,CSI 1000,4490.52,4542.28,4468.74,4468.74,-17.26,-0.38,11873118700.0,1061.36,1000.0,19.5,2024-09-12,19.5,1061.36
20240913,000852,中证1000指数,中证1000,CSI 1000 Index,CSI 1000,4471.98,4478.22,4413.19,4413.19,-55.56,-1.24,11682728700.0,1029.75,1000.0,19.27,2024-09-13,19.27,1029.75
20240918,000852,中证1000指数,中证1000,CSI 1000 Index,CSI 1000,4413.9,4425.79,4342.21,4399.13,-14.05,-0.32,11355207800.0,941.68,1000.0,19.28,2024-09-18,19.28,941.68
20240919,000852,中证1000指数,中证1000,CSI 1000 Index,CSI 1000,4418.78,4527.61,4385.49,4482.27,83.14,1.89,14574716000.0,1223.12,1000.0,19.62,2024-09-19,19.62,1223.12
20240920,000852,中证1000指数,中证1000,CSI 1000 Index,CSI 1000,4484.18,4487.08,4428.17,4463.36,-18.92,-0.42,12748017700.0,1100.5,1000.0,19.51,2024-09-20,19.51,1100.5
20240923,000852,中证1000指数,中证1000,CSI 1000 Index,CSI 1000,4462.72,4513.97,4445.99,4469.13,5.78,0.13,12494506600.0,1136.78,1000.0,19.49,2024-09-23,19.49,1136.78
20240924,000852,中证1000指数,中证1000,CSI 1000 Index,CSI 1000,4489.49,4642.56,4466.34,4642.56,173.43,3.88,21578253100.0,1861.54,1000.0,20.26,2024-09-24,20.26,1861.54
20240925,000852,中证1000指数,中证1000,CSI 1000 Index,CSI 1000,4688.39,4799.86,4681.85,4686.26,43.7,0.94,26424073100.0,2283.96,1000.0,20.41,2024-09-25,20.41,2283.96
20240926,000852,中证1000指数,中证1000,CSI 1000 Index,CSI 1000,4675.94,4874.13,4672.87,4874.13,187.87,4.01,25397782900.0,2221.59,1000.0,21.21,2024-09-26,21.21,2221.59
20240927,000852,中证1000指数,中证1000,CSI 1000 Index,CSI 1000,4950.94,5164.54,4944.84,5136.44,262.31,5.38,29068169400.0,2777.56,1000.0,22.29,2024-09-27,22.29,2777.56
20240930,000852,中证1000指数,中证1000,CSI 1000 Index,CSI 1000,5375.57,5732.57,5307.55,5708.83,572.39,11.14,47143285200.0,4845.83,1000.0,24.69,2024-09-30,24.69,4845.83
20241008,000852,中证1000指数,中证1000,CSI 1000 Index,CSI 1000,6437.11,6437.11,5861.32,6201.99,493.16,8.64,55059079200.0,6375.21,1000.0,26.65,2024-10-08,26.65,6375.21
20241009,000852,中证1000指数,中证1000,CSI 1000 Index,CSI 1000,6052.67,6105.03,5706.05,5727.38,-474.61,-7.65,45809421200.0,5611.79,1000.0,24.48,2024-10-09,24.48,5611.79
20241010,000852,中证1000指数,中证1000,CSI 1000 Index,CSI 1000,5777.9,5881.33,5593.98,5654.53,-72.85,-1.27,34962801200.0,4228.33,1000.0,24.31,2024-10-10,24.31,4228.33
20241011,000852,中证1000指数,中证1000,CSI 1000 Index,CSI 1000,5610.95,5616.81,5349.32,5416.76,-237.77,-4.2,27999264600.0,3255.14,1000.0,23.29,2024-10-11,23.29,3255.14
20241014,000852,中证1000指数,中证1000,CSI 1000 Index,CSI 1000,5451.62,5620.42,5346.42,5615.76,199.0,3.67,28114440500.0,3329.14,1000.0,24.08,2024-10-14,24.08,3329.14
20241015,000852,中证1000指数,中证1000,CSI 1000 Index,CSI 1000,5585.69,5704.56,5505.81,5507.18,-108.58,-1.93,29751709500.0,3809.74,1000.0,23.56,2024-10-15,23.56,3809.74
20241016,000852,中证1000指数,中证1000,CSI 1000 Index,CSI 1000,5425.43,5598.84,5424.39,5524.25,17.08,0.31,24852031900.0,3066.02,1000.0,23.64,2024-10-16,23.64,3066.02
20241017,000852,中证1000指数,中证1000,CSI 1000 Index,CSI 1000,5563.46,5624.79,5504.49,5505.61,-18.64,-0.34,27639748600.0,3519.14,1000.0,23.53,2024-10-17,23.53,3519.14
20241018,000852,中证1000指数,中证1000,CSI 1000 Index,CSI 1000,5495.2,5880.9,5484.24,5749.43,243.82,4.43,35971903900.0,4680.07,1000.0,24.51,2024-10-18,24.51,4680.07
20241021,000852,中证1000指数,中证1000,CSI 1000 Index,CSI 1000,5797.0,5954.44,5767.79,5860.57,111.14,1.93,35506109500.0,4961.8,1000.0,24.87,2024-10-21,24.87,4961.8
20241022,000852,中证1000指数,中证1000,CSI 1000 Index,CSI 1000,5866.79,5940.37,5814.3,5888.81,28.24,0.48,34729862800.0,4665.95,1000.0,25.03,2024-10-22,25.03,4665.95
20241023,000852,中证1000指数,中证1000,CSI 1000 Index,CSI 1000,5871.32,5991.59,5856.37,5903.58,14.76,0.25,33375377200.0,4351.03,1000.0,25.08,2024-10-23,25.08,4351.03
20241024,000852,中证1000指数,中证1000,CSI 1000 Index,CSI 1000,5871.29,5887.45,5817.93,5861.63,-41.95,-0.71,26414947600.0,3522.83,1000.0,24.89,2024-10-24,24.89,3522.83
20241025,000852,中证1000指数,中证1000,CSI 1000 Index,CSI 1000,5876.44,6014.11,5876.21,5974.91,113.28,1.93,30682066500.0,3949.49,1000.0,25.33,2024-10-25,25.33,3949.49
20241028,000852,中证1000指数,中证1000,CSI 1000 Index,CSI 1000,5988.72,6082.09,5965.0,6082.09,107.18,1.79,32672293800.0,4087.99,1000.0,25.73,2024-10-28,25.73,4087.99
20241029,000852,中证1000指数,中证1000,CSI 1000 Index,CSI 1000,6106.19,6113.64,5982.53,5983.84,-98.25,-1.62,36932529900.0,4751.14,1000.0,25.28,2024-10-29,25.28,4751.14
20241030,000852,中证1000指数,中证1000,CSI 1000 Index,CSI 1000,5960.79,6043.59,5945.68,6019.35,35.51,0.59,32438018600.0,4169.47,1000.0,25.31,2024-10-30,25.31,4169.47
20241031,000852,中证1000指数,中证1000,CSI 1000 Index,CSI 1000,6041.01,6161.56,6004.71,6116.66,97.32,1.62,38611948500.0,5075.95,1000.0,25.6,2024-10-31,25.6,5075.95
20241101,000852,中证1000指数,中证1000,CSI 1000 Index,CSI 1000,6100.79,6125.41,5912.53,5930.23,-186.43,-3.05,40933827600.0,5113.68,1000.0,24.86,2024-11-01,24.86,5113.68
20241104,000852,中证1000指数,中证1000,CSI 1000 Index,CSI 1000,5912.31,6053.11,5912.31,6053.11,122.88,2.07,29563714700.0,3782.47,1000.0,25.36,2024-11-04,25.36,3782.47
20241105,000852,中证1000指数,中证1000,CSI 1000 Index,CSI 1000,6057.21,6279.92,6051.46,6266.54,213.43,3.53,39014253100.0,5112.49,1000.0,26.18,2024-11-05,26.18,5112.49
20241106,000852,中证1000指数,中证1000,CSI 1000 Index,CSI 1000,6287.29,6368.87,6247.15,6293.19,26.65,0.43,42425010100.0,5514.1,1000.0,26.27,2024-11-06,26.27,5514.1
20241107,000852,中证1000指数,中证1000,CSI 1000 Index,CSI 1000,6238.62,6403.92,6229.49,6403.92,110.72,1.76,40857165200.0,4984.96,1000.0,26.74,2024-11-07,26.74,4984.96
20241108,000852,中证1000指数,中证1000,CSI 1000 Index,CSI 1000,6470.07,6526.65,6400.09,6423.12,19.2,0.3,45179630800.0,5707.02,1000.0,26.76,2024-11-08,26.76,5707.02
20241111,000852,中证1000指数,中证1000,CSI 1000 Index,CSI 1000,6416.17,6580.57,6412.58,6579.01,155.88,2.43,40243625500.0,5511.38,1000.0,27.35,2024-11-11,27.35,5511.38
20241112,000852,中证1000指数,中证1000,CSI 1000 Index,CSI 1000,6593.82,6616.16,6429.35,6491.97,-87.03,-1.32,40071524400.0,5473.96,1000.0,27.02,2024-11-12,27.02,5473.96
20241113,000852,中证1000指数,中证1000,CSI 1000 Index,CSI 1000,6453.86,6512.6,6357.56,6474.39,-17.58,-0.27,31748592800.0,4203.87,1000.0,27.0,2024-11-13,27.0,4203.87
20241114,000852,中证1000指数,中证1000,CSI 1000 Index,CSI 1000,6462.01,6472.95,6263.31,6272.19,-202.2,-3.12,29479471800.0,3878.68,1000.0,26.2,2024-11-14,26.2,3878.68
20241115,000852,中证1000指数,中证1000,CSI 1000 Index,CSI 1000,6246.34,6331.87,6124.66,6125.51,-146.68,-2.34,29519163400.0,3834.24,1000.0,25.64,2024-11-15,25.64,3834.24
20241118,000852,中证1000指数,中证1000,CSI 1000 Index,CSI 1000,6154.51,6180.88,5937.09,5974.56,-150.96,-2.46,32267260800.0,3740.08,1000.0,25.13,2024-11-18,25.13,3740.08
20241119,000852,中证1000指数,中证1000,CSI 1000 Index,CSI 1000,5977.84,6130.5,5945.46,6130.28,155.73,2.61,27316752600.0,3279.24,1000.0,25.74,2024-11-19,25.74,3279.24
20241120,000852,中证1000指数,中证1000,CSI 1000 Index,CSI 1000,6116.96,6262.08,6105.22,6250.8,120.52,1.97,29997582100.0,3675.21,1000.0,26.13,2024-11-20,26.13,3675.21
20241121,000852,中证1000指数,中证1000,CSI 1000 Index,CSI 1000,6241.01,6292.86,6199.71,6262.16,11.36,0.18,29965511100.0,3807.12,1000.0,26.11,2024-11-21,26.11,3807.12
20241122,000852,中证1000指数,中证1000,CSI 1000 Index,CSI 1000,6240.09,6280.6,6030.37,6030.49,-231.68,-3.7,34212911700.0,4158.75,1000.0,25.16,2024-11-22,25.16,4158.75
20241125,000852,中证1000指数,中证1000,CSI 1000 Index,CSI 1000,6047.94,6076.19,5937.91,6052.13,21.64,0.36,27764677600.0,3360.16,1000.0,25.27,2024-11-25,25.27,3360.16
20241126,000852,中证1000指数,中证1000,CSI 1000 Index,CSI 1000,6036.64,6093.37,5979.39,5981.57,-70.56,-1.17,24440411200.0,2938.11,1000.0,25.02,2024-11-26,25.02,2938.11
20241127,000852,中证1000指数,中证1000,CSI 1000 Index,CSI 1000,5942.53,6119.01,5857.0,6118.66,137.09,2.29,29094626700.0,3375.54,1000.0,25.56,2024-11-27,25.56,3375.54
20241128,000852,中证1000指数,中证1000,CSI 1000 Index,CSI 1000,6121.68,6170.13,6077.6,6086.09,-32.58,-0.53,30123556000.0,3527.32,1000.0,25.44,2024-11-28,25.44,3527.32
20241129,000852,中证1000指数,中证1000,CSI 1000 Index,CSI 1000,6066.71,6246.2,6039.83,6189.13,103.04,1.69,32476269100.0,3876.96,1000.0,25.89,2024-11-29,25.89,3876.96
20241202,000852,中证1000指数,中证1000,CSI 1000 Index,CSI 1000,6188.8,6325.86,6188.8,6313.61,124.48,2.01,35402806600.0,4086.49,1000.0,26.39,2024-12-02,26.39,4086.49
20241203,000852,中证1000指数,中证1000,CSI 1000 Index,CSI 1000,6318.97,6342.36,6239.44,6303.28,-10.33,-0.16,32665236300.0,3778.26,1000.0,26.34,2024-12-03,26.34,3778.26
20241204,000852,中证1000指数,中证1000,CSI 1000 Index,CSI 1000,6301.05,6303.5,6175.84,6204.94,-98.33,-1.56,29920209800.0,3514.17,1000.0,25.95,2024-12-04,25.95,3514.17
20241205,000852,中证1000指数,中证1000,CSI 1000 Index,CSI 1000,6186.12,6302.36,6186.12,6285.6,80.66,1.3,28853561700.0,3406.83,1000.0,26.21,2024-12-05,26.21,3406.83
20241206,000852,中证1000指数,中证1000,CSI 1000 Index,CSI 1000,6291.3,6384.66,6229.21,6349.62,64.02,1.02,34903096300.0,3928.88,1000.0,26.47,2024-12-06,26.47,3928.88
20241209,000852,中证1000指数,中证1000,CSI 1000 Index,CSI 1000,6346.59,6371.1,6257.54,6303.27,-46.35,-0.73,29377328700.0,3363.47,1000.0,26.34,2024-12-09,26.34,3363.47
20241210,000852,中证1000指数,中证1000,CSI 1000 Index,CSI 1000,6493.54,6497.89,6352.76,6362.02,58.75,0.93,37420920600.0,4537.37,1000.0,26.55,2024-12-10,26.55,4537.37
20241211,000852,中证1000指数,中证1000,CSI 1000 Index,CSI 1000,6343.78,6454.97,6343.78,6447.37,85.35,1.34,33135195600.0,3926.0,1000.0,26.93,2024-12-11,26.93,3926.0
20241212,000852,中证1000指数,中证1000,CSI 1000 Index,CSI 1000,6454.94,6493.71,6390.59,6490.15,42.77,0.66,34232605300.0,4076.3,1000.0,27.13,2024-12-12,27.13,4076.3
20241213,000852,中证1000指数,中证1000,CSI 1000 Index,CSI 1000,6447.2,6460.94,6351.3,6354.99,-135.16,-2.08,36198551300.0,4306.31,1000.0,26.58,2024-12-13,26.58,4306.31
20241216,000852,中证1000指数,中证1000,CSI 1000 Index,CSI 1000,6355.63,6367.81,6248.16,6277.52,-77.47,-1.22,31021517300.0,3793.82,1000.0,26.41,2024-12-16,26.41,3793.82
20241217,000852,中证1000指数,中证1000,CSI 1000 Index,CSI 1000,6262.49,6269.14,6133.13,6143.94,-133.57,-2.13,27479395900.0,3250.36,1000.0,25.9,2024-12-17,25.9,3250.36
20241218,000852,中证1000指数,中证1000,CSI 1000 Index,CSI 1000,6156.69,6242.52,6121.05,6195.87,51.92,0.85,24802412200.0,3104.21,1000.0,26.08,2024-12-18,26.08,3104.21
20241219,000852,中证1000指数,中证1000,CSI 1000 Index,CSI 1000,6127.22,6223.8,6108.39,6207.19,11.32,0.18,25148792400.0,3208.81,1000.0,26.14,2024-12-19,26.14,3208.81
20241220,000852,中证1000指数,中证1000,CSI 1000 Index,CSI 1000,6195.64,6320.96,6191.08,6271.75,64.57,1.04,24365908500.0,3446.56,1000.0,26.4,2024-12-20,26.4,3446.56
20241223,000852,中证1000指数,中证1000,CSI 1000 Index,CSI 1000,6271.76,6276.97,6086.91,6096.38,-175.37,-2.8,25847497500.0,3330.62,1000.0,25.75,2024-12-23,25.75,3330.62
20241224,000852,中证1000指数,中证1000,CSI 1000 Index,CSI 1000,6110.77,6165.2,6066.23,6164.36,67.98,1.12,21601091800.0,2813.11,1000.0,26.11,2024-12-24,26.11,2813.11
20241225,000852,中证1000指数,中证1000,CSI 1000 Index,CSI 1000,6158.65,6159.6,6037.74,6094.69,-69.67,-1.13,21902703200.0,2745.81,1000.0,25.86,2024-12-25,25.86,2745.81
20241226,000852,中证1000指数,中证1000,CSI 1000 Index,CSI 1000,6083.89,6185.81,6083.89,6160.45,65.77,1.08,20691673900.0,2808.13,1000.0,26.14,2024-12-26,26.14,2808.13
20241227,000852,中证1000指数,中证1000,CSI 1000 Index,CSI 1000,6164.67,6250.2,6135.48,6171.57,11.11,0.18,23784155400.0,3130.73,1000.0,26.19,2024-12-27,26.19,3130.73
20241230,000852,中证1000指数,中证1000,CSI 1000 Index,CSI 1000,6164.91,6192.58,6097.1,6145.93,-25.64,-0.42,20771244800.0,2735.73,1000.0,26.1,2024-12-30,26.1,2735.73
20241231,000852,中证1000指数,中证1000,CSI 1000 Index,CSI 1000,6151.03,6160.73,5957.72,5957.72,-188.21,-3.06,23799003200.0,2969.7,1000.0,25.37,2024-12-31,25.37,2969.7
20250102,000852,中证1000指数,中证1000,CSI 1000 Index,CSI 1000,5948.68,5982.55,5743.18,5797.09,-160.63,-2.7,24412560600.0,2937.18,1000.0,24.69,2025-01-02,24.69,2937.18
20250103,000852,中证1000指数,中证1000,CSI 1000 Index,CSI 1000,5808.54,5826.08,5609.77,5625.21,-171.88,-2.96,23709321100.0,2723.48,1000.0,24.05,2025-01-03,24.05,2723.48
20250106,000852,中证1000指数,中证1000,CSI 1000 Index,CSI 1000,5614.03,5688.92,5561.9,5608.03,-17.17,-0.31,20304767600.0,2348.77,1000.0,24.01,2025-01-06,24.01,2348.77
20250107,000852,中证1000指数,中证1000,CSI 1000 Index,CSI 1000,5610.95,5694.0,5580.89,5692.04,84.01,1.5,19391245000.0,2342.87,1000.0,24.32,2025-01-07,24.32,2342.87
20250108,000852,中证1000指数,中证1000,CSI 1000 Index,CSI 1000,5664.31,5706.66,5501.49,5661.78,-30.26,-0.53,22580083000.0,2720.84,1000.0,24.22,2025-01-08,24.22,2720.84
20250109,000852,中证1000指数,中证1000,CSI 1000 Index,CSI 1000,5629.9,5714.46,5629.82,5672.78,11.0,0.19,19332042100.0,2482.2,1000.0,24.23,2025-01-09,24.23,2482.2
20250110,000852,中证1000指数,中证1000,CSI 1000 Index,CSI 1000,5662.77,5718.21,5544.92,5544.92,-127.86,-2.25,19801487700.0,2429.89,1000.0,23.72,2025-01-10,23.72,2429.89
20250113,000852,中证1000指数,中证1000,CSI 1000 Index,CSI 1000,5487.12,5599.33,5457.51,5559.47,14.56,0.26,16930919000.0,2016.44,1000.0,23.75,2025-01-13,23.75,2016.44
20250114,000852,中证1000指数,中证1000,CSI 1000 Index,CSI 1000,5580.88,5814.71,5562.18,5811.05,251.58,4.53,23577286900.0,2910.62,1000.0,24.76,2025-01-14,24.76,2910.62
20250115,000852,中证1000指数,中证1000,CSI 1000 Index,CSI 1000,5805.9,5815.15,5755.62,5775.57,-35.48,-0.61,20429032500.0,2581.09,1000.0,24.61,2025-01-15,24.61,2581.09
20250116,000852,中证1000指数,中证1000,CSI 1000 Index,CSI 1000,5810.05,5906.47,5753.76,5801.31,25.73,0.45,21637323900.0,2680.25,1000.0,24.68,2025-01-16,24.68,2680.25
20250117,000852,中证1000指数,中证1000,CSI 1000 Index,CSI 1000,5780.61,5885.42,5755.91,5841.57,40.27,0.69,19681796700.0,2528.75,1000.0,24.89,2025-01-17,24.89,2528.75
20250120,000852,中证1000指数,中证1000,CSI 1000 Index,CSI 1000,5877.97,5925.07,5856.83,5879.15,37.58,0.64,19843078300.0,2507.32,1000.0,25.06,2025-01-20,25.06,2507.32
20250121,000852,中证1000指数,中证1000,CSI 1000 Index,CSI 1000,5911.4,5917.13,5834.96,5908.02,28.87,0.49,19912783400.0,2730.6,1000.0,25.2,2025-01-21,25.2,2730.6
20250122,000852,中证1000指数,中证1000,CSI 1000 Index,CSI 1000,5879.84,5886.74,5824.03,5855.74,-52.28,-0.88,18029676000.0,2459.48,1000.0,25.01,2025-01-22,25.01,2459.48
20250123,000852,中证1000指数,中证1000,CSI 1000 Index,CSI 1000,5911.22,5991.85,5829.03,5829.03,-26.71,-0.46,22285575300.0,2966.85,1000.0,24.92,2025-01-23,24.92,2966.85
20250124,000852,中证1000指数,中证1000,CSI 1000 Index,CSI 1000,5815.46,5943.11,5815.46,5938.13,109.1,1.87,20809044500.0,2791.48,1000.0,25.34,2025-01-24,25.34,2791.48
20250127,000852,中证1000指数,中证1000,CSI 1000 Index,CSI 1000,5946.73,5964.15,5846.07,5846.07,-92.06,-1.55,18864620000.0,2535.89,1000.0,25.03,2025-01-27,25.03,2535.89
20250205,000852,中证1000指数,中证1000,CSI 1000 Index,CSI 1000,5900.51,5928.88,5851.6,5881.44,35.37,0.6,21200531000.0,2863.06,1000.0,25.05,2025-02-05,25.05,2863.06
20250206,000852,中证1000指数,中证1000,CSI 1000 Index,CSI 1000,5869.71,6042.02,5853.75,6041.83,160.4,2.73,25599851100.0,3613.78,1000.0,25.68,2025-02-06,25.68,3613.78
20250207,000852,中证1000指数,中证1000,CSI 1000 Index,CSI 1000,6046.36,6198.75,6042.26,6134.05,92.22,1.53,32395283500.0,4470.49,1000.0,26.01,2025-02-07,26.01,4470.49
20250210,000852,中证1000指数,中证1000,CSI 1000 Index,CSI 1000,6155.05,6218.07,6126.08,6210.55,76.49,1.25,29782593200.0,4077.67,1000.0,26.24,2025-02-10,26.24,4077.67
20250211,000852,中证1000指数,中证1000,CSI 1000 Index,CSI 1000,6209.52,6220.96,6135.87,6190.17,-20.37,-0.33,28827157600.0,3931.73,1000.0,26.2,2025-02-11,26.2,3931.73
20250212,000852,中证1000指数,中证1000,CSI 1000 Index,CSI 1000,6172.39,6284.92,6171.06,6284.61,94.44,1.53,28134276500.0,3923.22,1000.0,26.54,2025-02-12,26.54,3923.22
20250213,000852,中证1000指数,中证1000,CSI 1000 Index,CSI 1000,6290.79,6290.79,6202.59,6212.5,-72.11,-1.15,31298493500.0,4379.0,1000.0,26.18,2025-02-13,26.18,4379.0
20250214,000852,中证1000指数,中证1000,CSI 1000 Index,CSI 1000,6203.48,6257.31,6182.26,6248.83,36.34,0.58,29800584900.0,4118.6,1000.0,26.29,2025-02-14,26.29,4118.6
20250217,000852,中证1000指数,中证1000,CSI 1000 Index,CSI 1000,6285.04,6308.48,6231.87,6281.57,32.73,0.52,32373433700.0,4583.04,1000.0,26.45,2025-02-17,26.45,4583.04
20250218,000852,中证1000指数,中证1000,CSI 1000 Index,CSI 1000,6264.28,6282.4,6112.59,6142.14,-139.43,-2.22,30015933000.0,4170.69,1000.0,25.93,2025-02-18,25.93,4170.69
20250219,000852,中证1000指数,中证1000,CSI 1000 Index,CSI 1000,6134.99,6290.01,6133.94,6288.53,146.39,2.38,27292011400.0,4051.4,1000.0,26.53,2025-02-19,26.53,4051.4
20250220,000852,中证1000指数,中证1000,CSI 1000 Index,CSI 1000,6289.13,6349.47,6274.03,6334.41,45.89,0.73,28811019800.0,4247.05,1000.0,26.74,2025-02-20,26.74,4247.05
20250221,000852,中证1000指数,中证1000,CSI 1000 Index,CSI 1000,6347.67,6456.92,6317.09,6449.23,114.81,1.81,32726377100.0,5035.81,1000.0,27.13,2025-02-21,27.13,5035.81
20250224,000852,中证1000指数,中证1000,CSI 1000 Index,CSI 1000,6454.56,6504.4,6411.77,6464.02,14.8,0.23,31846116100.0,4921.14,1000.0,27.19,2025-02-24,27.19,4921.14
20250225,000852,中证1000指数,中证1000,CSI 1000 Index,CSI 1000,6369.28,6503.01,6359.84,6435.43,-28.6,-0.44,29536637200.0,4643.48,1000.0,27.04,2025-02-25,27.04,4643.48
20250226,000852,中证1000指数,中证1000,CSI 1000 Index,CSI 1000,6451.4,6527.85,6423.6,6524.41,88.98,1.38,30317641300.0,4639.91,1000.0,27.39,2025-02-26,27.39,4639.91
20250227,000852,中证1000指数,中证1000,CSI 1000 Index,CSI 1000,6526.81,6550.1,6395.91,6499.53,-24.88,-0.38,31196410100.0,4753.56,1000.0,27.27,2025-02-27,27.27,4753.56
20250228,000852,中证1000指数,中证1000,CSI 1000 Index,CSI 1000,6460.9,6468.8,6252.01,6270.42,-229.11,-3.53,29555967500.0,4339.09,1000.0,26.38,2025-02-28,26.38,4339.09
20250303,000852,中证1000指数,中证1000,CSI 1000 Index,CSI 1000,6291.05,6382.05,6240.57,6273.67,3.25,0.05,26694541200.0,3888.4,1000.0,26.41,2025-03-03,26.41,3888.4
20250304,000852,中证1000指数,中证1000,CSI 1000 Index,CSI 1000,6218.83,6364.12,6217.81,6357.63,83.96,1.34,22954848600.0,3476.95,1000.0,26.74,2025-03-04,26.74,3476.95
20250305,000852,中证1000指数,中证1000,CSI 1000 Index,CSI 1000,6365.43,6401.83,6318.29,6398.24,40.61,0.64,23896184700.0,3595.67,1000.0,26.89,2025-03-05,26.89,3595.67
20250306,000852,中证1000指数,中证1000,CSI 1000 Index,CSI 1000,6438.16,6548.85,6435.54,6534.97,136.73,2.14,30055477000.0,4647.8,1000.0,27.39,2025-03-06,27.39,4647.8
20250307,000852,中证1000指数,中证1000,CSI 1000 Index,CSI 1000,6512.73,6577.95,6465.26,6507.76,-27.21,-0.42,30888880700.0,4632.27,1000.0,27.34,2025-03-07,27.34,4632.27
20250310,000852,中证1000指数,中证1000,CSI 1000 Index,CSI 1000,6519.03,6541.59,6466.9,6520.97,13.21,0.2,25652211300.0,3743.84,1000.0,27.4,2025-03-10,27.4,3743.84
20250311,000852,中证1000指数,中证1000,CSI 1000 Index,CSI 1000,6438.24,6551.73,6432.76,6551.73,30.76,0.47,25245521600.0,3662.44,1000.0,27.52,2025-03-11,27.52,3662.44
20250312,000852,中证1000指数,中证1000,CSI 1000 Index,CSI 1000,6585.6,6632.39,6564.72,6566.97,15.23,0.23,28170557600.0,4163.0,1000.0,27.59,2025-03-12,27.59,4163.0
20250313,000852,中证1000指数,中证1000,CSI 1000 Index,CSI 1000,6558.42,6570.89,6405.73,6466.85,-100.12,-1.52,26682567700.0,3846.18,1000.0,27.2,2025-03-13,27.2,3846.18
20250314,000852,中证1000指数,中证1000,CSI 1000 Index,CSI 1000,6463.92,6575.82,6428.22,6571.17,104.32,1.61,27632999400.0,3841.71,1000.0,27.64,2025-03-14,27.64,3841.71
20250317,000852,中证1000指数,中证1000,CSI 1000 Index,CSI 1000,6585.82,6609.89,6557.63,6589.57,18.39,0.28,25208084100.0,3535.6,1000.0,27.7,2025-03-17,27.7,3535.6
20250318,000852,中证1000指数,中证1000,CSI 1000 Index,CSI 1000,6605.04,6642.86,6581.96,6611.93,22.36,0.34,23472656300.0,3447.74,1000.0,27.82,2025-03-18,27.82,3447.74
20250319,000852,中证1000指数,中证1000,CSI 1000 Index,CSI 1000,6590.56,6598.51,6536.72,6564.68,-47.25,-0.71,21966299900.0,3195.56,1000.0,27.64,2025-03-19,27.64,3195.56
20250320,000852,中证1000指数,中证1000,CSI 1000 Index,CSI 1000,6551.82,6596.27,6528.86,6535.06,-29.61,-0.45,23190747700.0,3160.02,1000.0,27.52,2025-03-20,27.52,3160.02
20250321,000852,中证1000指数,中证1000,CSI 1000 Index,CSI 1000,6507.95,6531.76,6389.62,6405.61,-129.45,-1.98,25620533500.0,3301.25,1000.0,27.01,2025-03-21,27.01,3301.25
20250324,000852,中证1000指数,中证1000,CSI 1000 Index,CSI 1000,6403.57,6412.52,6244.87,6360.34,-45.27,-0.71,25768458300.0,3201.43,1000.0,26.9,2025-03-24,26.9,3201.43
20250325,000852,中证1000指数,中证1000,CSI 1000 Index,CSI 1000,6355.81,6382.19,6289.12,6310.76,-49.58,-0.78,23166378100.0,2819.94,1000.0,26.72,2025-03-25,26.72,2819.94
20250326,000852,中证1000指数,中证1000,CSI 1000 Index,CSI 1000,6297.33,6371.1,6297.33,6334.91,24.14,0.38,20667951300.0,2486.4,1000.0,26.83,2025-03-26,26.83,2486.4
20250327,000852,中证1000指数,中证1000,CSI 1000 Index,CSI 1000,6315.1,6394.21,6254.89,6328.77,-6.14,-0.1,19889470400.0,2566.1,1000.0,26.8,2025-03-27,26.8,2566.1
20250328,000852,中证1000指数,中证1000,CSI 1000 Index,CSI 1000,6326.81,6356.8,6261.69,6268.32,-60.45,-0.96,19655352800.0,2467.86,1000.0,26.55,2025-03-28,26.55,2467.86
20250331,000852,中证1000指数,中证1000,CSI 1000 Index,CSI 1000,6229.56,6259.36,6143.65,6226.65,-41.67,-0.66,20738202700.0,2677.99,1000.0,26.39,2025-03-31,26.39,2677.99
20250401,000852,中证1000指数,中证1000,CSI 1000 Index,CSI 1000,6242.07,6300.67,6240.2,6259.48,32.84,0.53,18233221700.0,2417.67,1000.0,26.56,2025-04-01,26.56,2417.67
20250402,000852,中证1000指数,中证1000,CSI 1000 Index,CSI 1000,6252.63,6316.64,6251.85,6277.25,17.77,0.28,15926642500.0,2084.28,1000.0,26.63,2025-04-02,26.63,2084.28
20250403,000852,中证1000指数,中证1000,CSI 1000 Index,CSI 1000,6208.29,6299.16,6168.54,6203.26,-74.0,-1.18,18369963000.0,2382.73,1000.0,26.28,2025-04-03,26.28,2382.73
20250407,000852,中证1000指数,中证1000,CSI 1000 Index,CSI 1000,5811.54,5905.57,5437.45,5496.44,-706.81,-11.39,27721482900.0,3114.71,1000.0,23.4,2025-04-07,23.4,3114.71
20250408,000852,中证1000指数,中证1000,CSI 1000 Index,CSI 1000,5475.56,5632.64,5426.03,5530.02,33.58,0.61,30970151600.0,3422.6,1000.0,23.56,2025-04-08,23.56,3422.6
20250409,000852,中证1000指数,中证1000,CSI 1000 Index,CSI 1000,5439.18,5688.48,5224.97,5652.33,122.31,2.21,30572403900.0,3420.55,1000.0,24.05,2025-04-09,24.05,3420.55
20250410,000852,中证1000指数,中证1000,CSI 1000 Index,CSI 1000,5766.51,5883.46,5766.41,5784.59,132.26,2.34,27416184900.0,3299.64,1000.0,24.61,2025-04-10,24.61,3299.64
20250411,000852,中证1000指数,中证1000,CSI 1000 Index,CSI 1000,5744.8,5923.14,5743.08,5862.19,77.6,1.34,22213916200.0,2882.33,1000.0,24.89,2025-04-11,24.89,2882.33
20250414,000852,中证1000指数,中证1000,CSI 1000 Index,CSI 1000,5933.99,5979.9,5914.25,5938.53,76.34,1.3,21658114100.0,2726.73,1000.0,25.18,2025-04-14,25.18,2726.73
20250415,000852,中证1000指数,中证1000,CSI 1000 Index,CSI 1000,5938.57,5949.86,5872.29,5914.03,-24.5,-0.41,18304784800.0,2257.52,1000.0,25.11,2025-04-15,25.11,2257.52
20250416,000852,中证1000指数,中证1000,CSI 1000 Index,CSI 1000,5897.2,5903.12,5758.67,5835.35,-78.68,-1.33,19042390100.0,2294.3,1000.0,24.81,2025-04-16,24.81,2294.3
20250417,000852,中证1000指数,中证1000,CSI 1000 Index,CSI 1000,5802.29,5898.18,5801.12,5839.56,4.22,0.07,17319670800.0,2129.48,1000.0,24.84,2025-04-17,24.84,2129.48
20250418,000852,中证1000指数,中证1000,CSI 1000 Index,CSI 1000,5833.11,5855.69,5793.79,5831.69,-7.88,-0.13,16444460300.0,1907.24,1000.0,24.77,2025-04-18,24.77,1907.24
20250421,000852,中证1000指数,中证1000,CSI 1000 Index,CSI 1000,5826.62,5952.72,5802.83,5952.64,120.95,2.07,19271150000.0,2288.0,1000.0,25.25,2025-04-21,25.25,2288.0
20250422,000852,中证1000指数,中证1000,CSI 1000 Index,CSI 1000,5947.15,5974.32,5923.59,5949.31,-3.33,-0.06,20645707400.0,2467.94,1000.0,25.25,2025-04-22,25.25,2467.94
20250423,000852,中证1000指数,中证1000,CSI 1000 Index,CSI 1000,5971.47,6013.28,5954.03,5984.58,35.27,0.59,21819615600.0,2743.1,1000.0,25.39,2025-04-23,25.39,2743.1
20250424,000852,中证1000指数,中证1000,CSI 1000 Index,CSI 1000,5979.41,5984.37,5897.65,5920.48,-64.11,-1.07,19979656400.0,2378.67,1000.0,25.16,2025-04-24,25.16,2378.67
20250425,000852,中证1000指数,中证1000,CSI 1000 Index,CSI 1000,5927.32,5982.71,5901.08,5939.5,19.02,0.32,19808766000.0,2347.99,1000.0,25.26,2025-04-25,25.26,2347.99
20250428,000852,中证1000指数,中证1000,CSI 1000 Index,CSI 1000,5933.42,5939.96,5868.87,5877.06,-62.45,-1.05,19495089100.0,2219.38,1000.0,24.98,2025-04-28,24.98,2219.38
20250429,000852,中证1000指数,中证1000,CSI 1000 Index,CSI 1000,5850.83,5921.56,5836.03,5903.38,26.32,0.45,18602339400.0,2194.12,1000.0,25.08,2025-04-29,25.08,2194.12
20250430,000852,中证1000指数,中证1000,CSI 1000 Index,CSI 1000,5907.19,5972.66,5907.19,5950.12,46.74,0.79,19545899800.0,2417.59,1000.0,25.23,2025-04-30,25.23,2417.59
20250506,000852,中证1000指数,中证1000,CSI 1000 Index,CSI 1000,5993.33,6102.92,5993.33,6102.92,152.81,2.57,22020962300.0,2836.58,1000.0,25.82,2025-05-06,25.82,2836.58
20250507,000852,中证1000指数,中证1000,CSI 1000 Index,CSI 1000,6171.61,6195.14,6063.64,6111.49,8.57,0.14,23392295100.0,2965.22,1000.0,25.84,2025-05-07,25.84,2965.22
20250508,000852,中证1000指数,中证1000,CSI 1000 Index,CSI 1000,6093.56,6167.15,6087.37,6158.08,46.58,0.76,20391582600.0,2627.4,1000.0,26.0,2025-05-08,26.0,2627.4
20250509,000852,中证1000指数,中证1000,CSI 1000 Index,CSI 1000,6153.53,6153.53,6054.93,6082.08,-76.0,-1.23,18922128700.0,2428.1,1000.0,25.71,2025-05-09,25.71,2428.1
20250512,000852,中证1000指数,中证1000,CSI 1000 Index,CSI 1000,6122.67,6167.46,6110.02,6167.46,85.38,1.4,19684721000.0,2643.08,1000.0,26.0,2025-05-12,26.0,2643.08
20250513,000852,中证1000指数,中证1000,CSI 1000 Index,CSI 1000,6219.45,6220.44,6141.68,6151.01,-16.45,-0.27,20327421700.0,2634.63,1000.0,25.95,2025-05-13,25.95,2634.63
20250514,000852,中证1000指数,中证1000,CSI 1000 Index,CSI 1000,6144.25,6199.3,6111.11,6160.37,9.36,0.15,21155908300.0,2525.14,1000.0,25.97,2025-05-14,25.97,2525.14
20250515,000852,中证1000指数,中证1000,CSI 1000 Index,CSI 1000,6146.0,6146.0,6055.84,6057.04,-103.33,-1.68,19052381400.0,2249.08,1000.0,25.58,2025-05-15,25.58,2249.08
20250516,000852,中证1000指数,中证1000,CSI 1000 Index,CSI 1000,6042.22,6098.88,6042.22,6068.12,11.08,0.18,17639475900.0,2061.57,1000.0,25.59,2025-05-16,25.59,2061.57
20250519,000852,中证1000指数,中证1000,CSI 1000 Index,CSI 1000,6073.2,6100.8,6009.95,6095.34,27.22,0.45,18471299000.0,2140.13,1000.0,25.72,2025-05-19,25.72,2140.13
20250520,000852,中证1000指数,中证1000,CSI 1000 Index,CSI 1000,6097.36,6154.95,6078.22,6146.02,50.68,0.83,19295729400.0,2325.87,1000.0,25.9,2025-05-20,25.9,2325.87
20250521,000852,中证1000指数,中证1000,CSI 1000 Index,CSI 1000,6137.1,6141.73,6109.92,6132.18,-13.84,-0.23,19655084200.0,2344.19,1000.0,25.85,2025-05-21,25.85,2344.19
20250522,000852,中证1000指数,中证1000,CSI 1000 Index,CSI 1000,6113.21,6146.2,6062.59,6066.1,-66.08,-1.08,18639573700.0,2208.14,1000.0,25.6,2025-05-22,25.6,2208.14
20250523,000852,中证1000指数,中证1000,CSI 1000 Index,CSI 1000,6060.52,6099.23,5989.68,5989.68,-76.43,-1.26,18492377400.0,2248.06,1000.0,25.29,2025-05-23,25.29,2248.06
20250526,000852,中证1000指数,中证1000,CSI 1000 Index,CSI 1000,5991.86,6038.81,5981.84,6028.79,39.11,0.65,15598879400.0,1919.26,1000.0,25.43,2025-05-26,25.43,1919.26
20250527,000852,中证1000指数,中证1000,CSI 1000 Index,CSI 1000,6019.54,6023.14,5971.35,6008.46,-20.33,-0.34,15794575800.0,1936.06,1000.0,25.31,2025-05-27,25.31,1936.06
20250528,000852,中证1000指数,中证1000,CSI 1000 Index,CSI 1000,6006.89,6023.82,5972.18,5984.46,-24.0,-0.4,15910549400.0,1917.33,1000.0,25.26,2025-05-28,25.26,1917.33
20250529,000852,中证1000指数,中证1000,CSI 1000 Index,CSI 1000,5980.86,6091.96,5980.86,6089.58,105.12,1.76,18937646600.0,2325.76,1000.0,25.6,2025-05-29,25.6,2325.76
20250530,000852,中证1000指数,中证1000,CSI 1000 Index,CSI 1000,6075.45,6075.45,6016.89,6026.56,-63.02,-1.03,18691867100.0,2280.39,1000.0,25.31,2025-05-30,25.31,2280.39
20250603,000852,中证1000指数,中证1000,CSI 1000 Index,CSI 1000,6009.18,6086.62,6008.54,6070.04,43.48,0.72,19176467200.0,2342.97,1000.0,25.5,2025-06-03,25.5,2342.97
20250604,000852,中证1000指数,中证1000,CSI 1000 Index,CSI 1000,6067.83,6124.7,6067.83,6123.17,53.14,0.88,18695585000.0,2320.4,1000.0,25.68,2025-06-04,25.68,2320.4
20250605,000852,中证1000指数,中证1000,CSI 1000 Index,CSI 1000,6125.89,6174.85,6101.85,6167.01,43.84,0.72,20607791900.0,2732.39,1000.0,25.82,2025-06-05,25.82,2732.39
20250606,000852,中证1000指数,中证1000,CSI 1000 Index,CSI 1000,6164.41,6169.57,6137.57,6152.84,-14.17,-0.23,17833958200.0,2403.63,1000.0,25.75,2025-06-06,25.75,2403.63
20250609,000852,中证1000指数,中证1000,CSI 1000 Index,CSI 1000,6161.14,6226.38,6158.9,6218.96,66.12,1.07,19328363200.0,2557.85,1000.0,25.98,2025-06-09,25.98,2557.85
20250610,000852,中证1000指数,中证1000,CSI 1000 Index,CSI 1000,6220.04,6220.04,6098.09,6161.69,-57.27,-0.92,22006048500.0,2772.18,1000.0,25.75,2025-06-10,25.75,2772.18
20250611,000852,中证1000指数,中证1000,CSI 1000 Index,CSI 1000,6162.16,6221.2,6162.16,6186.51,24.82,0.4,19764358000.0,2436.71,1000.0,25.87,2025-06-11,25.87,2436.71
20250612,000852,中证1000指数,中证1000,CSI 1000 Index,CSI 1000,6171.56,6202.73,6151.04,6192.22,5.71,0.09,19701874900.0,2508.24,1000.0,25.83,2025-06-12,25.83,2508.24
20250613,000852,中证1000指数,中证1000,CSI 1000 Index,CSI 1000,6174.43,6183.71,6088.57,6106.01,-86.21,-1.39,23688954700.0,2989.69,1000.0,25.5,2025-06-13,25.5,2989.69
20250616,000852,中证1000指数,中证1000,CSI 1000 Index,CSI 1000,6089.96,6151.51,6089.96,6147.46,41.45,0.68,19731093300.0,2530.88,1000.0,25.84,2025-06-16,25.84,2530.88
20250617,000852,中证1000指数,中证1000,CSI 1000 Index,CSI 1000,6153.15,6171.17,6120.57,6141.47,-5.99,-0.1,20842728000.0,2608.74,1000.0,25.78,2025-06-17,25.78,2608.74
20250618,000852,中证1000指数,中证1000,CSI 1000 Index,CSI 1000,6126.18,6143.21,6086.69,6135.39,-6.08,-0.1,20410575500.0,2564.64,1000.0,25.75,2025-06-18,25.75,2564.64
20250619,000852,中证1000指数,中证1000,CSI 1000 Index,CSI 1000,6127.94,6146.64,6028.72,6048.22,-87.16,-1.42,21221733600.0,2708.27,1000.0,25.36,2025-06-19,25.36,2708.27
20250620,000852,中证1000指数,中证1000,CSI 1000 Index,CSI 1000,6039.99,6061.84,5997.59,5999.59,-48.63,-0.8,18085734200.0,2265.32,1000.0,25.16,2025-06-20,25.16,2265.32
20250623,000852,中证1000指数,中证1000,CSI 1000 Index,CSI 1000,5966.5,6083.53,5965.66,6078.22,78.63,1.31,19355849000.0,2399.95,1000.0,25.41,2025-06-23,25.41,2399.95
20250624,000852,中证1000指数,中证1000,CSI 1000 Index,CSI 1000,6082.74,6194.67,6082.74,6194.67,116.44,1.92,23345340300.0,3036.58,1000.0,25.89,2025-06-24,25.89,3036.58
20250625,000852,中证1000指数,中证1000,CSI 1000 Index,CSI 1000,6196.15,6282.11,6194.15,6276.16,81.5,1.32,24755632500.0,3349.98,1000.0,26.18,2025-06-25,26.18,3349.98
20250626,000852,中证1000指数,中证1000,CSI 1000 Index,CSI 1000,6272.44,6310.54,6244.78,6247.79,-28.37,-0.45,25424649500.0,3437.46,1000.0,26.07,2025-06-26,26.07,3437.46
20250627,000852,中证1000指数,中证1000,CSI 1000 Index,CSI 1000,6265.92,6319.16,6257.59,6276.94,29.15,0.47,24856335200.0,3304.55,1000.0,26.2,2025-06-27,26.2,3304.55
20250630,000852,中证1000指数,中证1000,CSI 1000 Index,CSI 1000,6297.08,6358.03,6292.51,6356.18,79.24,1.26,23732297300.0,3362.21,1000.0,26.51,2025-06-30,26.51,3362.21
20250701,000852,中证1000指数,中证1000,CSI 1000 Index,CSI 1000,6358.06,6373.77,6308.06,6373.77,17.59,0.28,24353733000.0,3343.02,1000.0,26.57,2025-07-01,26.57,3343.02
20250702,000852,中证1000指数,中证1000,CSI 1000 Index,CSI 1000,6358.87,6358.87,6285.0,6309.48,-64.28,-1.01,23858090300.0,2966.44,1000.0,26.33,2025-07-02,26.33,2966.44
20250703,000852,中证1000指数,中证1000,CSI 1000 Index,CSI 1000,6306.75,6349.14,6295.23,6342.64,33.15,0.53,21398076500.0,2704.92,1000.0,26.46,2025-07-03,26.46,2704.92
20250704,000852,中证1000指数,中证1000,CSI 1000 Index,CSI 1000,6338.56,6375.07,6292.14,6312.2,-30.44,-0.48,23813321000.0,3046.77,1000.0,26.32,2025-07-04,26.32,3046.77
20250707,000852,中证1000指数,中证1000,CSI 1000 Index,CSI 1000,6305.04,6333.51,6303.86,6327.14,14.94,0.24,21047736100.0,2648.35,1000.0,26.39,2025-07-07,26.39,2648.35
20250708,000852,中证1000指数,中证1000,CSI 1000 Index,CSI 1000,6321.55,6408.11,6318.52,6407.7,80.56,1.27,23512558300.0,3068.17,1000.0,26.69,2025-07-08,26.69,3068.17
20250709,000852,中证1000指数,中证1000,CSI 1000 Index,CSI 1000,6412.14,6431.09,6375.08,6390.47,-17.23,-0.27,23617558900.0,3031.96,1000.0,26.63,2025-07-09,26.63,3031.96
20250710,000852,中证1000指数,中证1000,CSI 1000 Index,CSI 1000,6385.21,6427.74,6367.66,6406.57,16.1,0.25,24018338000.0,2967.26,1000.0,26.68,2025-07-10,26.68,2967.26
20250711,000852,中证1000指数,中证1000,CSI 1000 Index,CSI 1000,6411.31,6487.44,6388.4,6461.1,54.53,0.85,28256128300.0,3520.66,1000.0,26.87,2025-07-11,26.87,3520.66
20250714,000852,中证1000指数,中证1000,CSI 1000 Index,CSI 1000,6465.51,6474.93,6443.56,6462.31,1.21,0.02,24205780100.0,3026.37,1000.0,26.92,2025-07-14,26.92,3026.37
20250715,000852,中证1000指数,中证1000,CSI 1000 Index,CSI 1000,6452.0,6472.53,6381.56,6442.83,-19.47,-0.3,26986941100.0,3473.78,1000.0,26.83,2025-07-15,26.83,3473.78
20250716,000852,中证1000指数,中证1000,CSI 1000 Index,CSI 1000,6440.52,6487.83,6433.51,6462.06,19.23,0.3,22023002400.0,3060.83,1000.0,26.94,2025-07-16,26.94,3060.83
20250717,000852,中证1000指数,中证1000,CSI 1000 Index,CSI 1000,6458.41,6535.67,6451.15,6535.67,73.61,1.14,22783164600.0,3259.84,1000.0,27.2,2025-07-17,27.2,3259.84
20250718,000852,中证1000指数,中证1000,CSI 1000 Index,CSI 1000,6546.36,6563.82,6521.5,6552.07,16.4,0.25,23446171300.0,3302.17,1000.0,27.27,2025-07-18,27.27,3302.17
20250721,000852,中证1000指数,中证1000,CSI 1000 Index,CSI 1000,6557.25,6614.61,6555.04,6612.26,60.18,0.92,27659155200.0,3599.08,1000.0,27.56,2025-07-21,27.56,3599.08
20250722,000852,中证1000指数,中证1000,CSI 1000 Index,CSI 1000,6607.83,6642.24,6597.05,6637.1,24.84,0.38,30165999400.0,3959.15,1000.0,27.71,2025-07-22,27.71,3959.15
20250723,000852,中证1000指数,中证1000,CSI 1000 Index,CSI 1000,6634.12,6667.86,6594.48,6607.22,-29.88,-0.45,29410927500.0,3783.3,1000.0,27.58,2025-07-23,27.58,3783.3
20250724,000852,中证1000指数,中证1000,CSI 1000 Index,CSI 1000,6602.17,6701.12,6602.17,6701.12,93.9,1.42,28541821900.0,3744.06,1000.0,27.94,2025-07-24,27.94,3744.06
20250725,000852,中证1000指数,中证1000,CSI 1000 Index,CSI 1000,6708.08,6716.7,6674.54,6706.61,5.49,0.08,26400479800.0,3631.4,1000.0,27.96,2025-07-25,27.96,3631.4
20250728,000852,中证1000指数,中证1000,CSI 1000 Index,CSI 1000,6713.82,6736.08,6679.21,6729.98,23.37,0.35,25274290400.0,3595.76,1000.0,28.0,2025-07-28,28.0,3595.76
20250729,000852,中证1000指数,中证1000,CSI 1000 Index,CSI 1000,6724.32,6773.88,6684.16,6773.88,43.91,0.65,25926123600.0,3837.04,1000.0,28.15,2025-07-29,28.15,3837.04
20250730,000852,中证1000指数,中证1000,CSI 1000 Index,CSI 1000,6758.33,6770.88,6662.91,6718.48,-55.4,-0.82,26817955900.0,3926.75,1000.0,27.93,2025-07-30,27.93,3926.75
20250731,000852,中证1000指数,中证1000,CSI 1000 Index,CSI 1000,6701.16,6750.08,6639.12,6661.19,-57.3,-0.85,27013867700.0,4018.22,1000.0,27.65,2025-07-31,27.65,4018.22
20250801,000852,中证1000指数,中证1000,CSI 1000 Index,CSI 1000,6665.64,6702.68,6625.93,6670.47,9.29,0.14,23248467000.0,3490.71,1000.0,27.69,2025-08-01,27.69,3490.71
20250804,000852,中证1000指数,中证1000,CSI 1000 Index,CSI 1000,6637.84,6739.73,6631.12,6739.69,69.22,1.04,21349152500.0,3295.55,1000.0,28.0,2025-08-04,28.0,3295.55
20250805,000852,中证1000指数,中证1000,CSI 1000 Index,CSI 1000,6753.53,6787.48,6744.07,6787.48,47.79,0.71,22372467700.0,3485.78,1000.0,28.22,2025-08-05,28.22,3485.78
20250806,000852,中证1000指数,中证1000,CSI 1000 Index,CSI 1000,6784.17,6865.02,6774.03,6861.31,73.83,1.09,25813388800.0,3990.56,1000.0,28.49,2025-08-06,28.49,3990.56
20250807,000852,中证1000指数,中证1000,CSI 1000 Index,CSI 1000,6864.45,6876.5,6813.77,6862.15,0.84,0.01,26138960000.0,4114.11,1000.0,28.49,2025-08-07,28.49,4114.11
20250808,000852,中证1000指数,中证1000,CSI 1000 Index,CSI 1000,6844.44,6865.84,6816.09,6838.13,-24.02,-0.35,25146567100.0,3815.45,1000.0,28.45,2025-08-08,28.45,3815.45
20250811,000852,中证1000指数,中证1000,CSI 1000 Index,CSI 1000,6850.57,6957.4,6850.57,6943.94,105.81,1.55,26097024100.0,4011.63,1000.0,28.83,2025-08-11,28.83,4011.63
20250812,000852,中证1000指数,中证1000,CSI 1000 Index,CSI 1000,6943.67,6963.8,6894.85,6963.61,19.67,0.28,26048986900.0,4099.23,1000.0,28.93,2025-08-12,28.93,4099.23
20250813,000852,中证1000指数,中证1000,CSI 1000 Index,CSI 1000,6966.27,7070.5,6966.27,7064.33,100.72,1.45,29465387400.0,4714.79,1000.0,29.33,2025-08-13,29.33,4714.79
20250814,000852,中证1000指数,中证1000,CSI 1000 Index,CSI 1000,7072.9,7077.81,6957.4,6976.49,-87.85,-1.24,31727293600.0,5136.04,1000.0,28.95,2025-08-14,28.95,5136.04
20250815,000852,中证1000指数,中证1000,CSI 1000 Index,CSI 1000,6956.51,7117.51,6956.51,7117.5,141.01,2.02,30400522600.0,4925.09,1000.0,29.49,2025-08-15,29.49,4925.09
20250818,000852,中证1000指数,中证1000,CSI 1000 Index,CSI 1000,7158.53,7267.98,7143.07,7237.6,120.1,1.69,37983126300.0,6068.67,1000.0,29.95,2025-08-18,29.95,6068.67
20250819,000852,中证1000指数,中证1000,CSI 1000 Index,CSI 1000,7231.93,7289.03,7193.59,7242.85,5.25,0.07,34087904500.0,5587.81,1000.0,29.95,2025-08-19,29.95,5587.81
20250820,000852,中证1000指数,中证1000,CSI 1000 Index,CSI 1000,7212.97,7305.46,7166.99,7305.46,62.61,0.86,32475150300.0,5175.21,1000.0,30.25,2025-08-20,30.25,5175.21
20250821,000852,中证1000指数,中证1000,CSI 1000 Index,CSI 1000,7318.76,7343.17,7215.34,7253.34,-52.12,-0.71,32682289100.0,5165.07,1000.0,30.06,2025-08-21,30.06,5165.07
20250822,000852,中证1000指数,中证1000,CSI 1000 Index,CSI 1000,7250.19,7362.94,7250.19,7362.94,109.6,1.51,32680749200.0,5277.66,1000.0,30.45,2025-08-22,30.45,5277.66
20250825,000852,中证1000指数,中证1000,CSI 1000 Index,CSI 1000,7418.35,7504.01,7405.94,7477.73,114.79,1.56,40845765500.0,6609.11,1000.0,30.83,2025-08-25,30.83,6609.11
20250826,000852,中证1000指数,中证1000,CSI 1000 Index,CSI 1000,7457.77,7526.17,7435.3,7476.47,-1.26,-0.02,36368466100.0,5733.43,1000.0,30.83,2025-08-26,30.83,5733.43
20250827,000852,中证1000指数,中证1000,CSI 1000 Index,CSI 1000,7488.93,7565.35,7336.5,7336.5,-139.96,-1.87,41675926500.0,6727.84,1000.0,30.27,2025-08-27,30.27,6727.84
20250828,000852,中证1000指数,中证1000,CSI 1000 Index,CSI 1000,7331.19,7447.11,7216.77,7447.11,110.61,1.51,38146643500.0,6317.12,1000.0,30.68,2025-08-28,30.68,6317.12
20250829,000852,中证1000指数,中证1000,CSI 1000 Index,CSI 1000,7449.86,7477.2,7380.83,7438.68,-8.43,-0.11,32764088100.0,5650.59,1000.0,30.68,2025-08-29,30.68,5650.59
20250901,000852,中证1000指数,中证1000,CSI 1000 Index,CSI 1000,7475.0,7502.59,7424.34,7501.15,62.47,0.84,32422071200.0,5645.68,1000.0,32.0,2025-09-01,32.0,5645.68
20250902,000852,中证1000指数,中证1000,CSI 1000 Index,CSI 1000,7498.44,7499.6,7258.59,7313.88,-187.27,-2.5,35043585300.0,5985.14,1000.0,31.27,2025-09-02,31.27,5985.14
20250903,000852,中证1000指数,中证1000,CSI 1000 Index,CSI 1000,7336.39,7361.03,7182.29,7206.88,-107.01,-1.46,29028856800.0,4866.67,1000.0,30.83,2025-09-03,30.83,4866.67
20250904,000852,中证1000指数,中证1000,CSI 1000 Index,CSI 1000,7214.72,7255.0,6939.66,7041.15,-165.72,-2.3,29762275400.0,4885.95,1000.0,30.19,2025-09-04,30.19,4885.95
20250905,000852,中证1000指数,中证1000,CSI 1000 Index,CSI 1000,7046.96,7248.58,7017.95,7245.67,204.51,2.9,28276593100.0,4588.43,1000.0,31.01,2025-09-05,31.01,4588.43
20250908,000852,中证1000指数,中证1000,CSI 1000 Index,CSI 1000,7257.33,7321.16,7220.59,7311.03,65.37,0.9,30781328900.0,4955.41,1000.0,31.33,2025-09-08,31.33,4955.41
20250909,000852,中证1000指数,中证1000,CSI 1000 Index,CSI 1000,7287.4,7315.97,7198.32,7226.03,-85.01,-1.16,28244306100.0,4319.29,1000.0,31.0,2025-09-09,31.0,4319.29
20250910,000852,中证1000指数,中证1000,CSI 1000 Index,CSI 1000,7214.23,7296.0,7179.76,7230.17,4.14,0.06,25267415800.0,3961.05,1000.0,31.02,2025-09-10,31.02,3961.05
20250911,000852,中证1000指数,中证1000,CSI 1000 Index,CSI 1000,7215.93,7399.89,7161.28,7399.89,169.72,2.35,29397514200.0,4862.37,1000.0,31.68,2025-09-11,31.68,4862.37
20250912,000852,中证1000指数,中证1000,CSI 1000 Index,CSI 1000,7402.42,7472.87,7387.59,7422.88,23.0,0.31,31583879300.0,5088.28,1000.0,31.77,2025-09-12,31.77,5088.28
20250915,000852,中证1000指数,中证1000,CSI 1000 Index,CSI 1000,7445.5,7454.3,7404.5,7415.57,-7.31,-0.1,30130776100.0,4751.05,1000.0,31.72,2025-09-15,31.72,4751.05
20250916,000852,中证1000指数,中证1000,CSI 1000 Index,CSI 1000,7426.41,7487.07,7364.73,7483.63,68.06,0.92,30901059000.0,4747.34,1000.0,31.99,2025-09-16,31.99,4747.34
20250917,000852,中证1000指数,中证1000,CSI 1000 Index,CSI 1000,7478.41,7564.82,7461.41,7554.81,71.18,0.95,30170648500.0,4932.96,1000.0,32.28,2025-09-17,32.28,4932.96
20250918,000852,中证1000指数,中证1000,CSI 1000 Index,CSI 1000,7552.23,7665.97,7393.18,7476.4,-78.41,-1.04,39860010200.0,6540.23,1000.0,32.0,2025-09-18,32.0,6540.23
20250919,000852,中证1000指数,中证1000,CSI 1000 Index,CSI 1000,7473.02,7520.92,7405.29,7438.19,-38.21,-0.51,29589587000.0,4832.03,1000.0,31.88,2025-09-19,31.88,4832.03
20250922,000852,中证1000指数,中证1000,CSI 1000 Index,CSI 1000,7457.89,7489.48,7418.46,7489.48,51.29,0.69,27036260200.0,4405.15,1000.0,32.04,2025-09-22,32.04,4405.15
20250923,000852,中证1000指数,中证1000,CSI 1000 Index,CSI 1000,7500.62,7504.23,7261.67,7408.07,-81.41,-1.09,31326028000.0,5039.6,1000.0,31.77,2025-09-23,31.77,5039.6
20250924,000852,中证1000指数,中证1000,CSI 1000 Index,CSI 1000,7375.91,7534.22,7342.47,7534.22,126.15,1.7,27891276100.0,4943.98,1000.0,32.28,2025-09-24,32.28,4943.98
20250925,000852,中证1000指数,中证1000,CSI 1000 Index,CSI 1000,7521.32,7563.08,7487.12,7506.51,-27.71,-0.37,26440371200.0,4647.45,1000.0,32.16,2025-09-25,32.16,4647.45
20250926,000852,中证1000指数,中证1000,CSI 1000 Index,CSI 1000,7476.94,7516.11,7396.58,7397.59,-108.92,-1.45,25875025900.0,4368.63,1000.0,31.74,2025-09-26,31.74,4368.63
20250929,000852,中证1000指数,中证1000,CSI 1000 Index,CSI 1000,7415.13,7517.12,7376.91,7497.83,100.24,1.36,25868018400.0,4195.35,1000.0,32.12,2025-09-29,32.12,4195.35
20250930,000852,中证1000指数,中证1000,CSI 1000 Index,CSI 1000,7525.62,7592.91,7524.92,7574.96,77.13,1.03,25517378500.0,4426.4,1000.0,32.39,2025-09-30,32.39,4426.4
20251009,000852,中证1000指数,中证1000,CSI 1000 Index,CSI 1000,7623.3,7671.17,7590.47,7648.05,73.09,0.96,30349138000.0,5305.0,1000.0,32.72,2025-10-09,32.72,5305.0
20251010,000852,中证1000指数,中证1000,CSI 1000 Index,CSI 1000,7608.29,7621.98,7513.17,7533.82,-114.23,-1.49,29042992200.0,4857.04,1000.0,32.38,2025-10-10,32.38,4857.04
20251013,000852,中证1000指数,中证1000,CSI 1000 Index,CSI 1000,7250.58,7535.21,7250.58,7519.76,-14.06,-0.19,28840041100.0,4709.91,1000.0,32.28,2025-10-13,32.28,4709.91
20251014,000852,中证1000指数,中证1000,CSI 1000 Index,CSI 1000,7580.39,7611.83,7342.6,7373.15,-146.61,-1.95,30441201300.0,5066.9,1000.0,31.71,2025-10-14,31.71,5066.9
20251015,000852,中证1000指数,中证1000,CSI 1000 Index,CSI 1000,7384.01,7484.05,7315.48,7483.45,110.3,1.5,24485396500.0,4037.98,1000.0,32.16,2025-10-15,32.16,4037.98
20251016,000852,中证1000指数,中证1000,CSI 1000 Index,CSI 1000,7460.76,7472.75,7378.3,7401.84,-81.61,-1.09,23464307000.0,3742.97,1000.0,31.82,2025-10-16,31.82,3742.97
20251017,000852,中证1000指数,中证1000,CSI 1000 Index,CSI 1000,7395.87,7426.21,7176.96,7185.48,-216.36,-2.92,25432732500.0,3838.75,1000.0,30.94,2025-10-17,30.94,3838.75
20251020,000852,中证1000指数,中证1000,CSI 1000 Index,CSI 1000,7259.49,7301.99,7196.28,7239.18,53.71,0.75,21857967600.0,3284.45,1000.0,31.15,2025-10-20,31.15,3284.45
20251021,000852,中证1000指数,中证1000,CSI 1000 Index,CSI 1000,7257.11,7350.92,7236.63,7344.05,104.86,1.45,23725016500.0,3481.59,1000.0,31.6,2025-10-21,31.6,3481.59
20251022,000852,中证1000指数,中证1000,CSI 1000 Index,CSI 1000,7304.96,7349.8,7278.71,7312.21,-31.84,-0.43,22732450300.0,3321.81,1000.0,31.46,2025-10-22,31.46,3321.81
20251023,000852,中证1000指数,中证1000,CSI 1000 Index,CSI 1000,7292.39,7319.55,7192.42,7308.1,-4.11,-0.06,23156897600.0,3285.75,1000.0,31.46,2025-10-23,31.46,3285.75
20251024,000852,中证1000指数,中证1000,CSI 1000 Index,CSI 1000,7340.67,7419.41,7340.67,7419.24,111.14,1.52,24555995300.0,3974.73,1000.0,31.87,2025-10-24,31.87,3974.73
20251027,000852,中证1000指数,中证1000,CSI 1000 Index,CSI 1000,7483.3,7511.41,7430.62,7495.38,76.15,1.03,26534474900.0,4581.7,1000.0,32.21,2025-10-27,32.21,4581.7
20251028,000852,中证1000指数,中证1000,CSI 1000 Index,CSI 1000,7462.91,7534.05,7443.7,7479.22,-16.16,-0.22,25180424900.0,4310.16,1000.0,32.15,2025-10-28,32.15,4310.16
20251029,000852,中证1000指数,中证1000,CSI 1000 Index,CSI 1000,7481.24,7569.12,7469.07,7569.12,89.9,1.2,26584612900.0,4391.62,1000.0,32.55,2025-10-29,32.55,4391.62
20251030,000852,中证1000指数,中证1000,CSI 1000 Index,CSI 1000,7560.6,7569.16,7476.7,7485.08,-84.03,-1.11,29738526900.0,4785.07,1000.0,32.15,2025-10-30,32.15,4785.07
20251031,000852,中证1000指数,中证1000,CSI 1000 Index,CSI 1000,7480.66,7583.03,7480.66,7506.67,21.59,0.29,29974520600.0,4755.88,1000.0,32.18,2025-10-31,32.18,4755.88
20251103,000852,中证1000指数,中证1000,CSI 1000 Index,CSI 1000,7507.37,7539.33,7417.27,7538.12,31.44,0.42,27824170500.0,4324.23,1000.0,32.28,2025-11-03,32.28,4324.23
20251104,000852,中证1000指数,中证1000,CSI 1000 Index,CSI 1000,7523.64,7523.64,7387.38,7435.73,-102.39,-1.36,25167741300.0,3816.79,1000.0,31.86,2025-11-04,31.86,3816.79
20251105,000852,中证1000指数,中证1000,CSI 1000 Index,CSI 1000,7332.1,7490.9,7332.1,7464.86,29.13,0.39,25854817800.0,3733.52,1000.0,32.01,2025-11-05,32.01,3733.52
20251106,000852,中证1000指数,中证1000,CSI 1000 Index,CSI 1000,7482.91,7551.83,7466.75,7551.83,86.97,1.17,26361295900.0,4051.69,1000.0,32.39,2025-11-06,32.39,4051.69
20251107,000852,中证1000指数,中证1000,CSI 1000 Index,CSI 1000,7519.75,7581.56,7492.93,7541.88,-9.95,-0.13,26788866400.0,4196.11,1000.0,32.33,2025-11-07,32.33,4196.11
20251110,000852,中证1000指数,中证1000,CSI 1000 Index,CSI 1000,7568.75,7592.76,7515.68,7563.25,21.38,0.28,27436131700.0,4337.98,1000.0,32.44,2025-11-10,32.44,4337.98
20251111,000852,中证1000指数,中证1000,CSI 1000 Index,CSI 1000,7579.91,7598.99,7530.14,7540.79,-22.46,-0.3,26525073100.0,4048.67,1000.0,32.34,2025-11-11,32.34,4048.67
20251112,000852,中证1000指数,中证1000,CSI 1000 Index,CSI 1000,7520.18,7537.76,7421.46,7486.38,-54.41,-0.72,26696336300.0,3904.82,1000.0,32.11,2025-11-12,32.11,3904.82
20251113,000852,中证1000指数,中证1000,CSI 1000 Index,CSI 1000,7483.66,7604.89,7475.51,7590.58,104.2,1.39,27563607300.0,4205.96,1000.0,32.5,2025-11-13,32.5,4205.96
20251114,000852,中证1000指数,中证1000,CSI 1000 Index,CSI 1000,7527.83,7591.32,7502.76,7502.76,-87.82,-1.16,27197278300.0,4062.93,1000.0,32.14,2025-11-14,32.14,4062.93
20251117,000852,中证1000指数,中证1000,CSI 1000 Index,CSI 1000,7514.84,7544.72,7487.81,7523.08,20.32,0.27,26115611800.0,3913.18,1000.0,32.15,2025-11-17,32.15,3913.18
20251118,000852,中证1000指数,中证1000,CSI 1000 Index,CSI 1000,7508.53,7521.66,7412.28,7448.1,-74.98,-1.0,27748040900.0,4180.65,1000.0,31.81,2025-11-18,31.81,4180.65
20251119,000852,中证1000指数,中证1000,CSI 1000 Index,CSI 1000,7438.14,7471.73,7348.04,7387.21,-60.89,-0.82,23839382000.0,3671.73,1000.0,31.59,2025-11-19,31.59,3671.73
20251120,000852,中证1000指数,中证1000,CSI 1000 Index,CSI 1000,7429.7,7439.04,7332.32,7340.41,-46.8,-0.63,22753609000.0,3567.12,1000.0,31.39,2025-11-20,31.39,3567.12
20251121,000852,中证1000指数,中证1000,CSI 1000 Index,CSI 1000,7235.33,7274.33,7067.7,7067.7,-272.71,-3.72,28480069000.0,4086.72,1000.0,30.29,2025-11-21,30.29,4086.72
20251124,000852,中证1000指数,中证1000,CSI 1000 Index,CSI 1000,7105.64,7190.72,7064.6,7156.41,88.71,1.26,24065506200.0,3689.93,1000.0,30.64,2025-11-24,30.64,3689.93
20251125,000852,中证1000指数,中证1000,CSI 1000 Index,CSI 1000,7195.1,7311.73,7194.77,7249.95,93.54,1.31,24542942900.0,4041.74,1000.0,31.0,2025-11-25,31.0,4041.74
20251126,000852,中证1000指数,中证1000,CSI 1000 Index,CSI 1000,7236.66,7307.2,7225.09,7248.45,-1.5,-0.02,23177682400.0,3769.64,1000.0,30.98,2025-11-26,30.98,3769.64
20251127,000852,中证1000指数,中证1000,CSI 1000 Index,CSI 1000,7243.71,7330.6,7243.71,7257.45,9.01,0.12,21127741200.0,3656.26,1000.0,30.97,2025-11-27,30.97,3656.26
20251128,000852,中证1000指数,中证1000,CSI 1000 Index,CSI 1000,7257.17,7334.21,7239.85,7334.21,76.76,1.06,20068050800.0,3421.85,1000.0,31.32,2025-11-28,31.32,3421.85
20251201,000852,中证1000指数,中证1000,CSI 1000 Index,CSI 1000,7356.51,7388.62,7342.6,7386.68,52.47,0.72,23441158300.0,3923.2,1000.0,31.55,2025-12-01,31.55,3923.2
20251202,000852,中证1000指数,中证1000,CSI 1000 Index,CSI 1000,7364.2,7364.2,7299.27,7313.18,-73.5,-1.0,20051247700.0,3202.19,1000.0,31.24,2025-12-02,31.24,3202.19
20251203,000852,中证1000指数,中证1000,CSI 1000 Index,CSI 1000,7312.67,7324.21,7220.98,7248.27,-64.9,-0.89,21463340000.0,3350.34,1000.0,31.05,2025-12-03,31.05,3350.34
20251204,000852,中证1000指数,中证1000,CSI 1000 Index,CSI 1000,7246.86,7269.9,7185.91,7248.66,0.38,0.01,19483925400.0,3113.16,1000.0,31.03,2025-12-04,31.03,3113.16
20251205,000852,中证1000指数,中证1000,CSI 1000 Index,CSI 1000,7244.28,7347.0,7194.66,7342.49,93.84,1.29,21572766300.0,3528.06,1000.0,31.42,2025-12-05,31.42,3528.06
20251208,000852,中证1000指数,中证1000,CSI 1000 Index,CSI 1000,7359.49,7446.19,7359.49,7423.05,80.55,1.1,24091899500.0,4184.75,1000.0,31.7,2025-12-08,31.7,4184.75
20251209,000852,中证1000指数,中证1000,CSI 1000 Index,CSI 1000,7400.93,7439.55,7370.3,7380.58,-42.46,-0.57,22849142800.0,3923.13,1000.0,31.54,2025-12-09,31.54,3923.13
20251210,000852,中证1000指数,中证1000,CSI 1000 Index,CSI 1000,7367.49,7421.42,7332.05,7408.24,27.66,0.37,21561113400.0,3602.45,1000.0,31.68,2025-12-10,31.68,3602.45
20251211,000852,中证1000指数,中证1000,CSI 1000 Index,CSI 1000,7421.79,7425.44,7312.0,7312.0,-96.25,-1.3,23402087300.0,3819.34,1000.0,31.29,2025-12-11,31.29,3819.34
20251212,000852,中证1000指数,中证1000,CSI 1000 Index,CSI 1000,7312.87,7384.85,7284.56,7370.94,58.95,0.81,24352518300.0,4227.79,1000.0,31.58,2025-12-12,31.58,4227.79
20251215,000852,中证1000指数,中证1000,CSI 1000 Index,CSI 1000,7324.48,7375.61,7305.83,7309.08,-61.86,-0.84,22095769700.0,3726.59,1000.0,31.4,2025-12-15,31.4,3726.59
20251216,000852,中证1000指数,中证1000,CSI 1000 Index,CSI 1000,7302.16,7302.16,7143.61,7181.62,-127.46,-1.74,23052600700.0,3616.22,1000.0,30.88,2025-12-16,30.88,3616.22
20251217,000852,中证1000指数,中证1000,CSI 1000 Index,CSI 1000,7178.31,7303.38,7149.02,7288.74,107.12,1.49,22049877500.0,3662.64,1000.0,31.33,2025-12-17,31.33,3662.64
20251218,000852,中证1000指数,中证1000,CSI 1000 Index,CSI 1000,7244.64,7336.73,7241.86,7272.4,-16.34,-0.22,20004466200.0,3489.84,1000.0,31.31,2025-12-18,31.31,3489.84
20251219,000852,中证1000指数,中证1000,CSI 1000 Index,CSI 1000,7295.67,7357.04,7279.99,7329.81,57.4,0.79,21920554700.0,3623.45,1000.0,31.57,2025-12-19,31.57,3623.45
20251222,000852,中证1000指数,中证1000,CSI 1000 Index,CSI 1000,7363.06,7433.43,7363.06,7408.35,78.54,1.07,22160188600.0,3811.86,1000.0,31.9,2025-12-22,31.9,3811.86
20251223,000852,中证1000指数,中证1000,CSI 1000 Index,CSI 1000,7410.22,7441.41,7363.93,7392.42,-15.93,-0.22,22428856600.0,3971.82,1000.0,31.9,2025-12-23,31.9,3971.82
20251224,000852,中证1000指数,中证1000,CSI 1000 Index,CSI 1000,7391.56,7513.25,7386.49,7506.38,113.96,1.54,21796145500.0,4062.86,1000.0,32.33,2025-12-24,32.33,4062.86
20251225,000852,中证1000指数,中证1000,CSI 1000 Index,CSI 1000,7507.3,7591.78,7502.15,7579.38,73.0,0.97,22874491700.0,4344.19,1000.0,32.61,2025-12-25,32.61,4344.19
20251226,000852,中证1000指数,中证1000,CSI 1000 Index,CSI 1000,7575.93,7644.84,7550.01,7605.53,26.15,0.35,26626161100.0,4736.66,1000.0,32.66,2025-12-26,32.66,4736.66
20251229,000852,中证1000指数,中证1000,CSI 1000 Index,CSI 1000,7606.44,7637.91,7574.77,7594.16,-11.37,-0.15,26406479600.0,4668.73,1000.0,32.63,2025-12-29,32.63,4668.73
20251230,000852,中证1000指数,中证1000,CSI 1000 Index,CSI 1000,7556.54,7636.15,7552.4,7597.3,3.14,0.04,26333187400.0,4680.24,1000.0,32.64,2025-12-30,32.64,4680.24
20251231,000852,中证1000指数,中证1000,CSI 1000 Index,CSI 1000,7606.65,7619.22,7560.72,7595.28,-2.01,-0.03,24454923100.0,4406.72,1000.0,32.62,2025-12-31,32.62,4406.72
20260105,000852,中证1000指数,中证1000,CSI 1000 Index,CSI 1000,7639.54,7753.96,7623.75,7753.88,158.6,2.09,30537472600.0,5422.31,1000.0,33.21,2026-01-05,33.21,5422.31
20260106,000852,中证1000指数,中证1000,CSI 1000 Index,CSI 1000,7756.16,7864.9,7755.07,7864.9,111.02,1.43,33116203400.0,5808.15,1000.0,33.65,2026-01-06,33.65,5808.15
20260107,000852,中证1000指数,中证1000,CSI 1000 Index,CSI 1000,7881.84,7939.75,7864.14,7906.42,41.52,0.53,31873436700.0,6179.17,1000.0,33.83,2026-01-07,33.83,6179.17
20260108,000852,中证1000指数,中证1000,CSI 1000 Index,CSI 1000,7886.81,7993.63,7886.63,7971.59,65.17,0.82,32556390800.0,6053.89,1000.0,34.08,2026-01-08,34.08,6053.89
20260109,000852,中证1000指数,中证1000,CSI 1000 Index,CSI 1000,7969.19,8131.49,7969.19,8129.18,157.59,1.98,38104386900.0,7053.23,1000.0,34.68,2026-01-09,34.68,7053.23
20260112,000852,中证1000指数,中证1000,CSI 1000 Index,CSI 1000,8196.09,8371.75,8171.11,8357.01,227.83,2.8,44722895400.0,8275.65,1000.0,35.37,2026-01-12,35.37,8275.65
20260113,000852,中证1000指数,中证1000,CSI 1000 Index,CSI 1000,8381.04,8381.04,8177.63,8203.13,-153.88,-1.84,45444450300.0,8246.52,1000.0,34.78,2026-01-13,34.78,8246.52
20260114,000852,中证1000指数,中证1000,CSI 1000 Index,CSI 1000,8204.28,8415.1,8154.24,8257.17,54.04,0.66,48979835900.0,8842.81,1000.0,34.97,2026-01-14,34.97,8842.81
20260115,000852,中证1000指数,中证1000,CSI 1000 Index,CSI 1000,8197.06,8267.81,8151.11,8240.78,-16.4,-0.2,35335770800.0,6386.6,1000.0,35.04,2026-01-15,35.04,6386.6
20260116,000852,中证1000指数,中证1000,CSI 1000 Index,CSI 1000,8276.61,8304.4,8180.12,8232.73,-8.05,-0.1,35253940500.0,6334.11,1000.0,35.13,2026-01-16,35.13,6334.11
20260119,000852,中证1000指数,中证1000,CSI 1000 Index,CSI 1000,8204.63,8298.48,8187.94,8265.65,32.92,0.4,32669114900.0,5816.76,1000.0,35.38,2026-01-19,35.38,5816.76
20260120,000852,中证1000指数,中证1000,CSI 1000 Index,CSI 1000,8271.78,8300.05,8104.92,8182.75,-82.89,-1.0,33668913400.0,5790.37,1000.0,35.11,2026-01-20,35.11,5790.37
20260121,000852,中证1000指数,中证1000,CSI 1000 Index,CSI 1000,8138.68,8289.13,8136.92,8247.68,64.93,0.79,32567636800.0,5647.21,1000.0,35.45,2026-01-21,35.45,5647.21
20260122,000852,中证1000指数,中证1000,CSI 1000 Index,CSI 1000,8272.47,8314.22,8252.74,8309.35,61.67,0.75,32856328100.0,5718.06,1000.0,35.68,2026-01-22,35.68,5718.06
20260123,000852,中证1000指数,中证1000,CSI 1000 Index,CSI 1000,8331.77,8478.56,8323.35,8470.74,161.4,1.94,39304302000.0,6819.48,1000.0,36.26,2026-01-23,36.26,6819.48
20260126,000852,中证1000指数,中证1000,CSI 1000 Index,CSI 1000,8513.22,8530.42,8302.1,8365.43,-105.31,-1.24,40342837500.0,7031.82,1000.0,35.89,2026-01-26,35.89,7031.82
20260127,000852,中证1000指数,中证1000,CSI 1000 Index,CSI 1000,8325.43,8406.1,8186.24,8382.15,16.72,0.2,36565732800.0,6302.08,1000.0,35.97,2026-01-27,35.97,6302.08
20260128,000852,中证1000指数,中证1000,CSI 1000 Index,CSI 1000,8392.75,8432.62,8334.68,8399.79,17.64,0.21,34965829300.0,6273.57,1000.0,36.14,2026-01-28,36.14,6273.57
20260129,000852,中证1000指数,中证1000,CSI 1000 Index,CSI 1000,8380.61,8463.12,8308.82,8332.21,-67.59,-0.8,40198798200.0,6777.36,1000.0,35.84,2026-01-29,35.84,6777.36
20260130,000852,中证1000指数,中证1000,CSI 1000 Index,CSI 1000,8255.33,8313.23,8083.97,8254.86,-77.35,-0.93,36491645100.0,5967.49,1000.0,35.6,2026-01-30,35.6,5967.49
20260202,000852,中证1000指数,中证1000,CSI 1000 Index,CSI 1000,8166.74,8221.58,7974.6,7975.43,-279.43,-3.39,30832146700.0,4989.41,1000.0,34.43,2026-02-02,34.43,4989.41
20260203,000852,中证1000指数,中证1000,CSI 1000 Index,CSI 1000,8058.76,8210.05,8023.24,8209.1,233.67,2.93,29921845800.0,5257.6,1000.0,35.39,2026-02-03,35.39,5257.6
20260204,000852,中证1000指数,中证1000,CSI 1000 Index,CSI 1000,8184.2,8216.2,8101.2,8207.12,-1.98,-0.02,31646115000.0,5162.15,1000.0,35.38,2026-02-04,35.38,5162.15
20260205,000852,中证1000指数,中证1000,CSI 1000 Index,CSI 1000,8121.51,8154.56,8027.62,8068.08,-139.04,-1.69,27581682300.0,4409.65,1000.0,34.75,2026-02-05,34.75,4409.65
20260206,000852,中证1000指数,中证1000,CSI 1000 Index,CSI 1000,7980.47,8152.32,7950.01,8051.57,-16.5,-0.2,28108356300.0,4445.9,1000.0,34.68,2026-02-06,34.68,4445.9
20260209,000852,中证1000指数,中证1000,CSI 1000 Index,CSI 1000,8177.29,8235.15,8149.65,8233.78,182.2,2.26,28284816900.0,4825.57,1000.0,35.39,2026-02-09,35.39,4825.57
20260210,000852,中证1000指数,中证1000,CSI 1000 Index,CSI 1000,8246.22,8274.14,8199.51,8250.3,16.52,0.2,29191625000.0,4750.51,1000.0,35.45,2026-02-10,35.45,4750.51
20260211,000852,中证1000指数,中证1000,CSI 1000 Index,CSI 1000,8239.17,8304.13,8236.96,8239.51,-10.79,-0.13,27323431200.0,4380.65,1000.0,35.49,2026-02-11,35.49,4380.65
20260212,000852,中证1000指数,中证1000,CSI 1000 Index,CSI 1000,8252.19,8337.37,8227.6,8314.83,75.32,0.91,27759673600.0,4678.6,1000.0,35.84,2026-02-12,35.84,4678.6
20260213,000852,中证1000指数,中证1000,CSI 1000 Index,CSI 1000,8272.88,8323.72,8200.15,8204.83,-110.0,-1.32,26114631200.0,4389.24,1000.0,35.4,2026-02-13,35.4,4389.24
20260224,000852,中证1000指数,中证1000,CSI 1000 Index,CSI 1000,8319.69,8356.91,8236.71,8299.77,94.94,1.16,27947962000.0,4695.16,1000.0,35.91,2026-02-24,35.91,4695.16
20260225,000852,中证1000指数,中证1000,CSI 1000 Index,CSI 1000,8320.61,8449.76,8310.33,8426.33,126.56,1.52,33344734600.0,5331.41,1000.0,36.48,2026-02-25,36.48,5331.41
20260226,000852,中证1000指数,中证1000,CSI 1000 Index,CSI 1000,8447.78,8496.75,8398.07,8490.62,64.29,0.76,33314760800.0,5711.86,1000.0,36.78,2026-02-26,36.78,5711.86
20260227,000852,中证1000指数,中证1000,CSI 1000 Index,CSI 1000,8434.1,8561.3,8433.72,8560.84,70.23,0.83,31389956300.0,5495.74,1000.0,37.02,2026-02-27,37.02,5495.74
20260302,000852,中证1000指数,中证1000,CSI 1000 Index,CSI 1000,8464.27,8535.81,8393.93,8476.97,-83.88,-0.98,37890628100.0,6590.07,1000.0,36.77,2026-03-02,36.77,6590.07
20260303,000852,中证1000指数,中证1000,CSI 1000 Index,CSI 1000,8495.95,8510.85,8128.3,8142.45,-334.51,-3.95,39018957900.0,6648.64,1000.0,35.45,2026-03-03,35.45,6648.64
20260304,000852,中证1000指数,中证1000,CSI 1000 Index,CSI 1000,8039.59,8228.9,8039.59,8094.52,-47.94,-0.59,32068956100.0,5027.02,1000.0,35.2,2026-03-04,35.2,5027.02
20260305,000852,中证1000指数,中证1000,CSI 1000 Index,CSI 1000,8235.37,8243.83,8121.38,8171.12,76.6,0.95,31536018100.0,5087.29,1000.0,35.46,2026-03-05,35.46,5087.29
20260306,000852,中证1000指数,中证1000,CSI 1000 Index,CSI 1000,8120.49,8273.68,8115.48,8248.86,77.74,0.95,29463326900.0,4741.28,1000.0,35.76,2026-03-06,35.76,4741.28
20260309,000852,中证1000指数,中证1000,CSI 1000 Index,CSI 1000,8131.74,8230.66,7983.57,8203.87,-44.99,-0.55,35630788700.0,5687.61,1000.0,35.49,2026-03-09,35.49,5687.61
20260310,000852,中证1000指数,中证1000,CSI 1000 Index,CSI 1000,8272.94,8351.67,8271.49,8350.09,146.22,1.78,31168527300.0,5335.11,1000.0,36.12,2026-03-10,36.12,5335.11
20260311,000852,中证1000指数,中证1000,CSI 1000 Index,CSI 1000,8356.09,8394.12,8334.33,8363.53,13.44,0.16,32173733200.0,5492.67,1000.0,36.17,2026-03-11,36.17,5492.67
20260312,000852,中证1000指数,中证1000,CSI 1000 Index,CSI 1000,8357.35,8388.63,8267.39,8335.91,-27.62,-0.33,32821274700.0,5319.66,1000.0,36.04,2026-03-12,36.04,5319.66
20260313,000852,中证1000指数,中证1000,CSI 1000 Index,CSI 1000,8297.91,8350.92,8196.37,8214.29,-121.62,-1.46,33312302000.0,5233.0,1000.0,35.55,2026-03-13,35.55,5233.0
20260316,000852,中证1000指数,中证1000,CSI 1000 Index,CSI 1000,8212.27,8226.03,8089.49,8211.35,-2.94,-0.04,31153245800.0,4891.25,1000.0,35.48,2026-03-16,35.48,4891.25
20260317,000852,中证1000指数,中证1000,CSI 1000 Index,CSI 1000,8219.5,8223.99,8019.08,8019.86,-191.49,-2.33,29972338000.0,4527.54,1000.0,34.62,2026-03-17,34.62,4527.54
20260318,000852,中证1000指数,中证1000,CSI 1000 Index,CSI 1000,8050.71,8105.81,7970.19,8096.59,76.74,0.96,27089355400.0,4198.93,1000.0,34.91,2026-03-18,34.91,4198.93
20260319,000852,中证1000指数,中证1000,CSI 1000 Index,CSI 1000,7988.87,8008.39,7874.26,7909.23,-187.36,-2.31,28459109900.0,4438.07,1000.0,34.08,2026-03-19,34.08,4438.07
20260320,000852,中证1000指数,中证1000,CSI 1000 Index,CSI 1000,7943.41,7996.16,7781.58,7783.43,-125.8,-1.59,29902296300.0,4861.14,1000.0,33.63,2026-03-20,33.63,4861.14
20260323,000852,中证1000指数,中证1000,CSI 1000 Index,CSI 1000,7632.97,7712.04,7357.7,7409.11,-374.33,-4.81,34925621000.0,5059.38,1000.0,32.03,2026-03-23,32.03,5059.38
20260324,000852,中证1000指数,中证1000,CSI 1000 Index,CSI 1000,7538.7,7601.88,7361.79,7600.86,191.75,2.59,29385508500.0,4324.17,1000.0,32.87,2026-03-24,32.87,4324.17
20260325,000852,中证1000指数,中证1000,CSI 1000 Index,CSI 1000,7654.78,7781.2,7654.78,7751.18,150.32,1.98,30366881700.0,4710.83,1000.0,33.54,2026-03-25,33.54,4710.83
20260326,000852,中证1000指数,中证1000,CSI 1000 Index,CSI 1000,7733.7,7775.89,7614.89,7639.38,-111.8,-1.44,27345513300.0,4040.53,1000.0,33.1,2026-03-26,33.1,4040.53
20260327,000852,中证1000指数,中证1000,CSI 1000 Index,CSI 1000,7526.59,7784.55,7526.59,7746.31,106.94,1.4,25889527400.0,4038.04,1000.0,33.51,2026-03-27,33.51,4038.04
20260330,000852,中证1000指数,中证1000,CSI 1000 Index,CSI 1000,7664.64,7774.85,7618.96,7767.93,21.62,0.28,26117412900.0,4119.74,1000.0,33.63,2026-03-30,33.63,4119.74
20260331,000852,中证1000指数,中证1000,CSI 1000 Index,CSI 1000,7741.96,7789.24,7618.19,7619.85,-148.08,-1.91,25525579000.0,4046.52,1000.0,33.03,2026-03-31,33.03,4046.52
20260401,000852,中证1000指数,中证1000,CSI 1000 Index,CSI 1000,7767.88,7786.76,7692.01,7764.15,144.3,1.89,25597564400.0,4200.61,1000.0,33.63,2026-04-01,33.63,4200.61
20260402,000852,中证1000指数,中证1000,CSI 1000 Index,CSI 1000,7733.75,7764.03,7581.39,7623.42,-140.74,-1.81,24684116100.0,3886.77,1000.0,33.08,2026-04-02,33.08,3886.77
20260403,000852,中证1000指数,中证1000,CSI 1000 Index,CSI 1000,7658.82,7664.76,7521.94,7536.6,-86.82,-1.14,22368034900.0,3543.79,1000.0,32.72,2026-04-03,32.72,3543.79
20260407,000852,中证1000指数,中证1000,CSI 1000 Index,CSI 1000,7556.28,7640.51,7554.41,7606.02,69.42,0.92,21097435700.0,3437.72,1000.0,33.01,2026-04-07,33.01,3437.72
20260408,000852,中证1000指数,中证1000,CSI 1000 Index,CSI 1000,7765.55,7955.77,7765.2,7955.77,349.75,4.6,29788517200.0,5206.58,1000.0,34.44,2026-04-08,34.44,5206.58
20260409,000852,中证1000指数,中证1000,CSI 1000 Index,CSI 1000,7881.8,7959.07,7872.47,7921.45,-34.32,-0.43,26065017100.0,4663.54,1000.0,34.33,2026-04-09,34.33,4663.54
20260410,000852,中证1000指数,中证1000,CSI 1000 Index,CSI 1000,7981.62,8059.76,7981.62,7998.23,76.79,0.97,26241528500.0,4949.92,1000.0,34.62,2026-04-10,34.62,4949.92
20260413,000852,中证1000指数,中证1000,CSI 1000 Index,CSI 1000,7947.22,8040.03,7947.22,8025.57,27.34,0.34,24984977300.0,4524.32,1000.0,34.7,2026-04-13,34.7,4524.32
20260414,000852,中证1000指数,中证1000,CSI 1000 Index,CSI 1000,8088.05,8144.76,8059.38,8144.76,119.19,1.49,26630582500.0,5094.65,1000.0,35.2,2026-04-14,35.2,5094.65
20260415,000852,中证1000指数,中证1000,CSI 1000 Index,CSI 1000,8186.07,8193.3,8083.27,8106.16,-38.6,-0.47,27384184600.0,5208.49,1000.0,35.06,2026-04-15,35.06,5208.49
20260416,000852,中证1000指数,中证1000,CSI 1000 Index,CSI 1000,8120.36,8239.01,8100.49,8232.98,126.82,1.56,27958443300.0,5049.35,1000.0,35.59,2026-04-16,35.59,5049.35
20260417,000852,中证1000指数,中证1000,CSI 1000 Index,CSI 1000,8225.73,8333.22,8223.71,8307.44,74.45,0.9,28510344300.0,5304.41,1000.0,35.88,2026-04-17,35.88,5304.41
20260420,000852,中证1000指数,中证1000,CSI 1000 Index,CSI 1000,8308.06,8374.81,8308.06,8357.81,50.38,0.61,29202960400.0,5596.65,1000.0,36.13,2026-04-20,36.13,5596.65
20260421,000852,中证1000指数,中证1000,CSI 1000 Index,CSI 1000,8331.59,8358.12,8270.16,8351.16,-6.66,-0.08,27899621000.0,5219.02,1000.0,36.16,2026-04-21,36.16,5219.02
20260422,000852,中证1000指数,中证1000,CSI 1000 Index,CSI 1000,8317.28,8482.15,8317.28,8481.24,130.08,1.56,28170553900.0,5583.9,1000.0,36.64,2026-04-22,36.64,5583.9
20260423,000852,中证1000指数,中证1000,CSI 1000 Index,CSI 1000,8489.0,8500.44,8302.85,8362.74,-118.5,-1.4,31979149200.0,6236.97,1000.0,36.12,2026-04-23,36.12,6236.97
20260424,000852,中证1000指数,中证1000,CSI 1000 Index,CSI 1000,8318.6,8360.79,8254.43,8304.14,-58.6,-0.7,29374811800.0,5662.82,1000.0,35.82,2026-04-24,35.82,5662.82
20260427,000852,中证1000指数,中证1000,CSI 1000 Index,CSI 1000,8292.81,8366.31,8249.94,8338.73,34.59,0.42,27706012400.0,5447.36,1000.0,35.99,2026-04-27,35.99,5447.36
20260428,000852,中证1000指数,中证1000,CSI 1000 Index,CSI 1000,8307.69,8316.27,8187.24,8226.69,-112.03,-1.34,28497044600.0,5492.02,1000.0,35.6,2026-04-28,35.6,5492.02
20260429,000852,中证1000指数,中证1000,CSI 1000 Index,CSI 1000,8163.35,8361.49,8163.35,8343.07,116.37,1.41,28909945600.0,5571.43,1000.0,36.09,2026-04-29,36.09,5571.43
20260430,000852,中证1000指数,中证1000,CSI 1000 Index,CSI 1000,8345.25,8402.36,8324.29,8381.95,38.88,0.47,29911511000.0,5959.82,1000.0,36.23,2026-04-30,36.23,5959.82
20260506,000852,中证1000指数,中证1000,CSI 1000 Index,CSI 1000,8462.02,8610.88,8462.02,8574.56,192.61,2.3,33085337100.0,6909.61,1000.0,36.9,2026-05-06,36.9,6909.61
20260507,000852,中证1000指数,中证1000,CSI 1000 Index,CSI 1000,8602.15,8716.86,8573.3,8714.51,139.95,1.63,33247719000.0,6876.08,1000.0,37.53,2026-05-07,37.53,6876.08
20260508,000852,中证1000指数,中证1000,CSI 1000 Index,CSI 1000,8655.13,8760.19,8651.06,8741.15,26.64,0.31,32178154500.0,6567.47,1000.0,37.64,2026-05-08,37.64,6567.47
20260511,000852,中证1000指数,中证1000,CSI 1000 Index,CSI 1000,8807.91,8888.87,8760.71,8866.78,125.63,1.44,34480797200.0,7425.41,1000.0,38.21,2026-05-11,38.21,7425.41
20260512,000852,中证1000指数,中证1000,CSI 1000 Index,CSI 1000,8880.41,8881.9,8749.72,8821.89,-44.89,-0.51,32084927800.0,6834.58,1000.0,38.07,2026-05-12,38.07,6834.58
20260513,000852,中证1000指数,中证1000,CSI 1000 Index,CSI 1000,8764.02,8958.46,8764.02,8955.45,133.56,1.51,31915270600.0,6771.87,1000.0,38.66,2026-05-13,38.66,6771.87
20260514,000852,中证1000指数,中证1000,CSI 1000 Index,CSI 1000,8989.49,8991.85,8778.71,8778.71,-176.74,-1.97,35634417700.0,7309.7,1000.0,37.91,2026-05-14,37.91,7309.7
20260515,000852,中证1000指数,中证1000,CSI 1000 Index,CSI 1000,8786.38,8846.52,8616.06,8682.65,-96.06,-1.09,35570731700.0,7302.38,1000.0,37.51,2026-05-15,37.51,7302.38
20260518,000852,中证1000指数,中证1000,CSI 1000 Index,CSI 1000,8645.76,8766.31,8610.74,8720.21,37.56,0.43,30042067200.0,6284.97,1000.0,37.54,2026-05-18,37.54,6284.97
20260519,000852,中证1000指数,中证1000,CSI 1000 Index,CSI 1000,8691.38,8812.03,8602.05,8808.64,88.43,1.01,29921984500.0,6289.36,1000.0,37.89,2026-05-19,37.89,6289.36
20260520,000852,中证1000指数,中证1000,CSI 1000 Index,CSI 1000,8769.1,8823.68,8697.4,8808.91,0.27,0.0,30671918800.0,6539.46,1000.0,37.92,2026-05-20,37.92,6539.46
20260521,000852,中证1000指数,中证1000,CSI 1000 Index,CSI 1000,8852.43,8896.6,8500.92,8510.5,-298.41,-3.39,35003795100.0,7444.9,1000.0,36.63,2026-05-21,36.63,7444.9
20260522,000852,中证1000指数,中证1000,CSI 1000 Index,CSI 1000,8578.9,8719.39,8521.7,8692.67,182.17,2.14,28681240700.0,6134.91,1000.0,37.44,2026-05-22,37.44,6134.91
20260525,000852,中证1000指数,中证1000,CSI 1000 Index,CSI 1000,8756.46,8802.95,8670.72,8799.31,106.65,1.23,30289600600.0,6685.84,1000.0,37.9,2026-05-25,37.9,6685.84
20260526,000852,中证1000指数,中证1000,CSI 1000 Index,CSI 1000,8755.91,8756.46,8560.8,8687.25,-112.06,-1.27,31437355100.0,6811.54,1000.0,37.47,2026-05-26,37.47,6811.54
20260527,000852,中证1000指数,中证1000,CSI 1000 Index,CSI 1000,8679.54,8737.05,8495.72,8546.51,-140.74,-1.62,31311235400.0,6682.83,1000.0,36.9,2026-05-27,36.9,6682.83
20260528,000852,中证1000指数,中证1000,CSI 1000 Index,CSI 1000,8527.91,8659.61,8459.95,8637.74,91.23,1.07,30074765000.0,6366.06,1000.0,37.33,2026-05-28,37.33,6366.06
20260529,000852,中证1000指数,中证1000,CSI 1000 Index,CSI 1000,8673.8,8680.27,8357.8,8408.74,-229.01,-2.65,33278021700.0,7056.6,1000.0,36.45,2026-05-29,36.45,7056.6
20260601,000852,中证1000指数,中证1000,CSI 1000 Index,CSI 1000,8393.52,8504.98,8339.35,8345.13,-63.61,-0.76,30570642300.0,6076.33,1000.0,36.0,2026-06-01,36.0,6076.33
20260602,000852,中证1000指数,中证1000,CSI 1000 Index,CSI 1000,8360.81,8440.23,8219.15,8384.78,39.65,0.48,29277785300.0,5896.57,1000.0,36.24,2026-06-02,36.24,5896.57
20260603,000852,中证1000指数,中证1000,CSI 1000 Index,CSI 1000,8386.86,8549.25,8357.46,8432.68,47.9,0.57,31829116600.0,6882.33,1000.0,36.47,2026-06-03,36.47,6882.33
20260604,000852,中证1000指数,中证1000,CSI 1000 Index,CSI 1000,8338.85,8456.02,8338.85,8420.09,-12.58,-0.15,28617360900.0,5995.43,1000.0,36.42,2026-06-04,36.42,5995.43
20260605,000852,中证1000指数,中证1000,CSI 1000 Index,CSI 1000,8380.85,8500.1,8305.4,8340.96,-79.13,-0.94,31495357600.0,6647.79,1000.0,36.05,2026-06-05,36.05,6647.79
20260608,000852,中证1000指数,中证1000,CSI 1000 Index,CSI 1000,8069.48,8260.19,7987.4,8081.26,-259.7,-3.11,30353698500.0,6031.55,1000.0,35.01,2026-06-08,35.01,6031.55
20260609,000852,中证1000指数,中证1000,CSI 1000 Index,CSI 1000,8178.82,8322.11,8096.58,8318.7,237.44,2.94,29309759700.0,6027.73,1000.0,36.06,2026-06-09,36.06,6027.73
20260610,000852,中证1000指数,中证1000,CSI 1000 Index,CSI 1000,8232.02,8285.29,8103.01,8198.72,-119.97,-1.44,28684456600.0,5820.27,1000.0,35.57,2026-06-10,35.57,5820.27
20260611,000852,中证1000指数,中证1000,CSI 1000 Index,CSI 1000,8158.46,8223.53,8084.9,8159.45,-39.27,-0.48,27116395300.0,5770.81,1000.0,35.48,2026-06-11,35.48,5770.81
20260612,000852,中证1000指数,中证1000,CSI 1000 Index,CSI 1000,8294.9,8348.79,8181.42,8202.8,43.34,0.53,32859908500.0,7173.19,1000.0,35.76,2026-06-12,35.76,7173.19
20260615,000852,中证1000指数,中证1000,CSI 1000 Index,CSI 1000,8269.4,8521.23,8269.4,8521.23,318.43,3.88,29601206700.0,6401.24,1000.0,36.25,2026-06-15,36.25,6401.24
20260616,000852,中证1000指数,中证1000,CSI 1000 Index,CSI 1000,8534.27,8684.65,8508.91,8646.4,125.17,1.47,29802260700.0,6834.89,1000.0,36.74,2026-06-16,36.74,6834.89
20260617,000852,中证1000指数,中证1000,CSI 1000 Index,CSI 1000,8581.65,8705.4,8581.65,8704.47,58.06,0.67,28222793700.0,6588.67,1000.0,36.95,2026-06-17,36.95,6588.67
20260618,000852,中证1000指数,中证1000,CSI 1000 Index,CSI 1000,8666.64,8796.48,8664.28,8771.02,66.56,0.76,29006243500.0,6804.74,1000.0,37.19,2026-06-18,37.19,6804.74
20260622,000852,中证1000指数,中证1000,CSI 1000 Index,CSI 1000,8813.72,8865.81,8609.61,8865.68,94.65,1.08,33571821000.0,7865.41,1000.0,37.49,2026-06-22,37.49,7865.41
20260623,000852,中证1000指数,中证1000,CSI 1000 Index,CSI 1000,8838.76,8862.72,8626.1,8680.04,-185.64,-2.09,30395487800.0,7074.84,1000.0,36.69,2026-06-23,36.69,7074.84
20260624,000852,中证1000指数,中证1000,CSI 1000 Index,CSI 1000,8650.82,8803.5,8581.75,8793.49,113.45,1.31,28686714500.0,6803.12,1000.0,37.14,2026-06-24,37.14,6803.12
20260625,000852,中证1000指数,中证1000,CSI 1000 Index,CSI 1000,8806.07,8872.12,8743.25,8825.92,32.43,0.37,30544263800.0,7298.38,1000.0,37.24,2026-06-25,37.24,7298.38
20260626,000852,中证1000指数,中证1000,CSI 1000 Index,CSI 1000,8771.6,8797.28,8563.7,8601.41,-224.51,-2.54,32122765600.0,7554.64,1000.0,36.33,2026-06-26,36.33,7554.64
20260629,000852,中证1000指数,中证1000,CSI 1000 Index,CSI 1000,8616.42,8677.63,8413.86,8597.89,-3.51,-0.04,30987102100.0,7500.59,1000.0,36.37,2026-06-29,36.37,7500.59
20260630,000852,中证1000指数,中证1000,CSI 1000 Index,CSI 1000,8574.25,8815.11,8547.31,8809.79,211.89,2.46,27911736400.0,6853.82,1000.0,37.16,2026-06-30,37.16,6853.82
20260701,000852,中证1000指数,中证1000,CSI 1000 Index,CSI 1000,8827.47,8944.19,8806.65,8876.63,66.84,0.76,32576587100.0,7828.0,1000.0,37.47,2026-07-01,37.47,7828.0
20260702,000852,中证1000指数,中证1000,CSI 1000 Index,CSI 1000,8688.29,8865.97,8598.87,8625.33,-251.3,-2.83,31085890200.0,7178.67,1000.0,36.43,2026-07-02,36.43,7178.67
20260703,000852,中证1000指数,中证1000,CSI 1000 Index,CSI 1000,8627.38,8740.67,8559.28,8620.79,-4.55,-0.05,29024450800.0,6749.95,1000.0,36.44,2026-07-03,36.44,6749.95
20260706,000852,中证1000指数,中证1000,CSI 1000 Index,CSI 1000,8669.12,8694.8,8432.9,8472.6,-148.19,-1.72,28122420800.0,6550.13,1000.0,35.81,2026-07-06,35.81,6550.13
20260707,000852,中证1000指数,中证1000,CSI 1000 Index,CSI 1000,8436.39,8489.48,8261.4,8301.8,-170.8,-2.02,24457508200.0,5444.56,1000.0,35.07,2026-07-07,35.07,5444.56
20260708,000852,中证1000指数,中证1000,CSI 1000 Index,CSI 1000,8315.96,8328.96,8117.86,8117.86,-183.94,-2.22,23828392600.0,5276.41,1000.0,34.28,2026-07-08,34.28,5276.41
20260709,000852,中证1000指数,中证1000,CSI 1000 Index,CSI 1000,8161.86,8312.62,7978.81,8300.08,182.22,2.24,25457934400.0,5804.22,1000.0,35.01,2026-07-09,35.01,5804.22
20260710,000852,中证1000指数,中证1000,CSI 1000 Index,CSI 1000,8312.49,8438.19,8198.31,8198.31,-101.77,-1.23,30850360900.0,6918.14,1000.0,34.53,2026-07-10,34.53,6918.14
20260713,000852,中证1000指数,中证1000,CSI 1000 Index,CSI 1000,8124.36,8171.5,7769.29,7787.85,-410.45,-5.01,28528634400.0,5737.88,1000.0,32.86,2026-07-13,32.86,5737.88
20260714,000852,中证1000指数,中证1000,CSI 1000 Index,CSI 1000,7799.81,7934.1,7657.67,7925.12,137.27,1.76,25589201500.0,5192.31,1000.0,33.48,2026-07-14,33.48,5192.31
20260715,000852,中证1000指数,中证1000,CSI 1000 Index,CSI 1000,7959.37,7979.08,7783.22,7817.83,-107.29,-1.35,25843327100.0,5042.68,1000.0,33.06,2026-07-15,33.06,5042.68
20260716,000852,中证1000指数,中证1000,CSI 1000 Index,CSI 1000,7713.14,7836.39,7591.42,7631.76,-186.07,-2.38,24822687100.0,4730.91,1000.0,32.27,2026-07-16,32.27,4730.91
20260717,000852,中证1000指数,中证1000,CSI 1000 Index,CSI 1000,7599.39,7605.61,7163.31,7168.0,-463.77,-6.08,29624224500.0,5109.07,1000.0,30.41,2026-07-17,30.41,5109.07
20260720,000852,中证1000指数,中证1000,CSI 1000 Index,CSI 1000,7256.27,7298.12,6824.14,6965.38,-202.62,-2.83,30818691400.0,5181.22,1000.0,29.54,2026-07-20,29.54,5181.22
20260721,000852,中证1000指数,中证1000,CSI 1000 Index,CSI 1000,6975.89,7264.34,6714.19,7259.86,294.49,4.23,33498939900.0,5728.69,1000.0,30.71,2026-07-21,30.71,5728.69
20260722,000852,中证1000指数,中证1000,CSI 1000 Index,CSI 1000,7196.86,7302.45,7118.66,7158.76,-101.1,-1.39,29158247000.0,5183.58,1000.0,30.27,2026-07-22,30.27,5183.58
20260723,000852,中证1000指数,中证1000,CSI 1000 Index,CSI 1000,7169.54,7247.14,7113.5,7195.5,36.74,0.51,25050272700.0,4222.21,1000.0,30.45,2026-07-23,30.45,4222.21
20260724,000852,中证1000指数,中证1000,CSI 1000 Index,CSI 1000,7109.25,7174.55,6995.69,6995.69,-199.81,-2.78,22902663500.0,3798.13,1000.0,29.65,2026-07-24,29.65,3798.13
20260727,000852,中证1000指数,中证1000,CSI 1000 Index,CSI 1000,6981.16,7228.78,6972.28,7228.78,233.09,3.33,22596082500.0,3900.9,1000.0,30.64,2026-07-27,30.64,3900.9
