date,us10y
1990-12-19,0.08
1990-12-20,0.0805
1990-12-21,0.08109999999999999
1990-12-24,0.08199999999999999
1990-12-26,0.0815
1990-12-27,0.08109999999999999
1990-12-28,0.0814
1990-12-31,0.0808
1991-01-02,0.0797
1991-01-03,0.0793
1991-01-04,0.0802
1991-01-07,0.08130000000000001
1991-01-08,0.0816
1991-01-09,0.0825
1991-01-10,0.0816
1991-01-11,0.08199999999999999
1991-01-14,0.0823
1991-01-15,0.08220000000000001
1991-01-16,0.0824
1991-01-17,0.0805
1991-01-18,0.0803
1991-01-22,0.08070000000000001
1991-01-23,0.08039999999999999
1991-01-24,0.08
1991-01-25,0.0806
1991-01-28,0.0806
1991-01-29,0.0803
1991-01-30,0.0805
1991-01-31,0.0803
1991-02-01,0.0791
1991-02-04,0.0788
1991-02-05,0.0785
1991-02-06,0.0779
1991-02-07,0.0782
1991-02-08,0.07769999999999999
1991-02-11,0.07780000000000001
1991-02-12,0.07780000000000001
1991-02-13,0.07780000000000001
1991-02-14,0.078
1991-02-15,0.07780000000000001
1991-02-19,0.078
1991-02-20,0.0784
1991-02-21,0.0788
1991-02-22,0.0791
1991-02-25,0.0791
1991-02-26,0.0796
1991-02-27,0.07980000000000001
1991-02-28,0.0802
1991-03-01,0.0812
1991-03-04,0.0812
1991-03-05,0.0808
1991-03-06,0.08109999999999999
1991-03-07,0.08070000000000001
1991-03-08,0.08130000000000001
1991-03-11,0.0806
1991-03-12,0.0809
1991-03-13,0.0802
1991-03-14,0.0802
1991-03-15,0.081
1991-03-18,0.0815
1991-03-19,0.0825
1991-03-20,0.08199999999999999
1991-03-21,0.0816
1991-03-22,0.08130000000000001
1991-03-25,0.08130000000000001
1991-03-26,0.08130000000000001
1991-03-27,0.0808
1991-03-28,0.0805
1991-04-01,0.08070000000000001
1991-04-02,0.0803
1991-04-03,0.0805
1991-04-04,0.08
1991-04-05,0.0799
1991-04-08,0.07980000000000001
1991-04-09,0.0803
1991-04-10,0.081
1991-04-11,0.0809
1991-04-12,0.07980000000000001
1991-04-15,0.0795
1991-04-16,0.0797
1991-04-17,0.0795
1991-04-18,0.0802
1991-04-19,0.081
1991-04-22,0.0815
1991-04-23,0.0812
1991-04-24,0.0806
1991-04-25,0.08070000000000001
1991-04-26,0.0806
1991-04-29,0.08070000000000001
1991-04-30,0.0802
1991-05-01,0.0801
1991-05-02,0.0797
1991-05-03,0.08039999999999999
1991-05-06,0.0805
1991-05-07,0.0806
1991-05-08,0.08039999999999999
1991-05-09,0.0802
1991-05-10,0.0812
1991-05-13,0.08070000000000001
1991-05-14,0.0814
1991-05-15,0.08130000000000001
1991-05-16,0.0812
1991-05-17,0.0808
1991-05-20,0.081
1991-05-21,0.0806
1991-05-22,0.0806
1991-05-23,0.081
1991-05-24,0.081
1991-05-28,0.08070000000000001
1991-05-29,0.08070000000000001
1991-05-30,0.0802
1991-05-31,0.0806
1991-06-03,0.0814
1991-06-04,0.0814
1991-06-05,0.0819
1991-06-06,0.0823
1991-06-07,0.08289999999999999
1991-06-10,0.08289999999999999
1991-06-11,0.08289999999999999
1991-06-12,0.0836
1991-06-13,0.0834
1991-06-14,0.08289999999999999
1991-06-17,0.083
1991-06-18,0.0832
1991-06-19,0.0833
1991-06-20,0.083
1991-06-21,0.0832
1991-06-24,0.0833
1991-06-25,0.0833
1991-06-26,0.0833
1991-06-27,0.0832
1991-06-28,0.0824
1991-07-01,0.08259999999999999
1991-07-02,0.0827
1991-07-03,0.08259999999999999
1991-07-05,0.0834
1991-07-08,0.0834
1991-07-09,0.0836
1991-07-10,0.08349999999999999
1991-07-11,0.083
1991-07-12,0.08259999999999999
1991-07-15,0.08259999999999999
1991-07-16,0.0827
1991-07-17,0.083
1991-07-18,0.08310000000000001
1991-07-19,0.0828
1991-07-22,0.0828
1991-07-23,0.08310000000000001
1991-07-24,0.0824
1991-07-25,0.08199999999999999
1991-07-26,0.08199999999999999
1991-07-29,0.08199999999999999
1991-07-30,0.0821
1991-07-31,0.08199999999999999
1991-08-01,0.08199999999999999
1991-08-02,0.0806
1991-08-05,0.08039999999999999
1991-08-06,0.0797
1991-08-07,0.0793
1991-08-08,0.07980000000000001
1991-08-09,0.07980000000000001
1991-08-12,0.0795
1991-08-13,0.0791
1991-08-14,0.0782
1991-08-15,0.0784
1991-08-16,0.0784
1991-08-19,0.0783
1991-08-20,0.0781
1991-08-21,0.078
1991-08-22,0.07780000000000001
1991-08-23,0.0788
1991-08-26,0.0791
1991-08-27,0.0789
1991-08-28,0.0782
1991-08-29,0.0774
1991-08-30,0.0782
1991-09-03,0.0781
1991-09-04,0.0781
1991-09-05,0.0783
1991-09-06,0.0776
1991-09-09,0.07730000000000001
1991-09-10,0.07730000000000001
1991-09-11,0.0774
1991-09-12,0.0767
1991-09-13,0.0766
1991-09-16,0.07629999999999999
1991-09-17,0.0762
1991-09-18,0.0762
1991-09-19,0.0761
1991-09-20,0.0757
1991-09-23,0.0755
1991-09-24,0.0756
1991-09-25,0.0758
1991-09-26,0.0756
1991-09-27,0.07490000000000001
1991-09-30,0.0747
1991-10-01,0.0745
1991-10-02,0.0747
1991-10-03,0.0747
1991-10-04,0.0739
1991-10-07,0.07400000000000001
1991-10-08,0.07429999999999999
1991-10-09,0.0751
1991-10-10,0.0758
1991-10-11,0.07490000000000001
1991-10-15,0.0746
1991-10-16,0.0745
1991-10-17,0.0755
1991-10-18,0.0753
1991-10-21,0.0762
1991-10-22,0.0767
1991-10-23,0.07690000000000001
1991-10-24,0.0765
1991-10-25,0.0768
1991-10-28,0.0765
1991-10-29,0.0751
1991-10-30,0.0748
1991-10-31,0.0747
1991-11-01,0.0748
1991-11-04,0.075
1991-11-05,0.0756
1991-11-06,0.0751
1991-11-07,0.07429999999999999
1991-11-08,0.0741
1991-11-12,0.0737
1991-11-13,0.0741
1991-11-14,0.0735
1991-11-15,0.0733
1991-11-18,0.0733
1991-11-19,0.0737
1991-11-20,0.0738
1991-11-21,0.0739
1991-11-22,0.07440000000000001
1991-11-25,0.0745
1991-11-26,0.0742
1991-11-27,0.0742
1991-11-29,0.0738
1991-12-02,0.0732
1991-12-03,0.0728
1991-12-04,0.0717
1991-12-05,0.0721
1991-12-06,0.0726
1991-12-09,0.0722
1991-12-10,0.0721
1991-12-11,0.0722
1991-12-12,0.0719
1991-12-13,0.0722
1991-12-16,0.0721
1991-12-17,0.0718
1991-12-18,0.0719
1991-12-19,0.0711
1991-12-20,0.0697
1991-12-23,0.0688
1991-12-24,0.0688
1991-12-26,0.06849999999999999
1991-12-27,0.0682
1991-12-30,0.0676
1991-12-31,0.06709999999999999
1992-01-02,0.0678
1992-01-03,0.06849999999999999
1992-01-06,0.0682
1992-01-07,0.0676
1992-01-08,0.0677
1992-01-09,0.0679
1992-01-10,0.06849999999999999
1992-01-13,0.0692
1992-01-14,0.0703
1992-01-15,0.0705
1992-01-16,0.0713
1992-01-17,0.0709
1992-01-21,0.0703
1992-01-22,0.0709
1992-01-23,0.07200000000000001
1992-01-24,0.0725
1992-01-27,0.0724
1992-01-28,0.0716
1992-01-29,0.0725
1992-01-30,0.0731
1992-01-31,0.0731
1992-02-03,0.0736
1992-02-04,0.0729
1992-02-05,0.0721
1992-02-06,0.07200000000000001
1992-02-07,0.07200000000000001
1992-02-10,0.0721
1992-02-11,0.0723
1992-02-12,0.073
1992-02-13,0.07400000000000001
1992-02-14,0.0741
1992-02-18,0.0747
1992-02-19,0.0742
1992-02-20,0.0741
1992-02-21,0.0745
1992-02-24,0.0747
1992-02-25,0.07440000000000001
1992-02-26,0.0733
1992-02-27,0.0735
1992-02-28,0.0727
1992-03-02,0.0738
1992-03-03,0.07429999999999999
1992-03-04,0.07429999999999999
1992-03-05,0.0751
1992-03-06,0.0748
1992-03-09,0.0742
1992-03-10,0.07429999999999999
1992-03-11,0.0751
1992-03-12,0.0762
1992-03-13,0.0771
1992-03-16,0.07690000000000001
1992-03-17,0.0762
1992-03-18,0.0762
1992-03-19,0.0757
1992-03-20,0.0764
1992-03-23,0.0762
1992-03-24,0.0753
1992-03-25,0.0753
1992-03-26,0.0757
1992-03-27,0.0754
1992-03-30,0.0754
1992-03-31,0.0754
1992-04-01,0.0746
1992-04-02,0.0747
1992-04-03,0.0742
1992-04-06,0.0741
1992-04-07,0.0741
1992-04-08,0.07440000000000001
1992-04-09,0.0735
1992-04-10,0.0737
1992-04-13,0.0733
1992-04-14,0.0735
1992-04-15,0.0737
1992-04-16,0.0745
1992-04-20,0.0759
1992-04-21,0.0758
1992-04-22,0.0757
1992-04-23,0.0759
1992-04-24,0.0755
1992-04-27,0.076
1992-04-28,0.0757
1992-04-29,0.076
1992-04-30,0.0761
1992-05-01,0.0756
1992-05-04,0.0758
1992-05-05,0.0756
1992-05-06,0.0746
1992-05-07,0.07490000000000001
1992-05-08,0.0741
1992-05-11,0.07400000000000001
1992-05-12,0.0736
1992-05-13,0.07339999999999999
1992-05-14,0.07339999999999999
1992-05-15,0.0728
1992-05-18,0.0728
1992-05-19,0.07200000000000001
1992-05-20,0.0725
1992-05-21,0.0739
1992-05-22,0.0735
1992-05-26,0.0746
1992-05-27,0.07440000000000001
1992-05-28,0.0736
1992-05-29,0.0733
1992-06-01,0.0739
1992-06-02,0.0735
1992-06-03,0.07339999999999999
1992-06-04,0.07339999999999999
1992-06-05,0.0731
1992-06-08,0.0731
1992-06-09,0.0733
1992-06-10,0.0735
1992-06-11,0.0733
1992-06-12,0.0729
1992-06-15,0.0728
1992-06-16,0.0724
1992-06-17,0.0723
1992-06-18,0.0719
1992-06-19,0.0724
1992-06-22,0.0724
1992-06-23,0.0725
1992-06-24,0.07200000000000001
1992-06-25,0.07139999999999999
1992-06-26,0.07150000000000001
1992-06-29,0.0712
1992-06-30,0.07139999999999999
1992-07-01,0.071
1992-07-02,0.0693
1992-07-06,0.069
1992-07-07,0.0687
1992-07-08,0.0691
1992-07-09,0.0691
1992-07-10,0.0693
1992-07-13,0.0697
1992-07-14,0.0697
1992-07-15,0.069
1992-07-16,0.0687
1992-07-17,0.069
1992-07-20,0.069
1992-07-21,0.0689
1992-07-22,0.06849999999999999
1992-07-23,0.0672
1992-07-24,0.0673
1992-07-27,0.0669
1992-07-28,0.0663
1992-07-29,0.066
1992-07-30,0.0669
1992-07-31,0.0672
1992-08-03,0.0672
1992-08-04,0.0666
1992-08-05,0.0664
1992-08-06,0.0665
1992-08-07,0.06570000000000001
1992-08-10,0.0652
1992-08-11,0.065
1992-08-12,0.06480000000000001
1992-08-13,0.0655
1992-08-14,0.0653
1992-08-17,0.06559999999999999
1992-08-18,0.06480000000000001
1992-08-19,0.0647
1992-08-20,0.0646
1992-08-21,0.0653
1992-08-24,0.0668
1992-08-25,0.0673
1992-08-26,0.0668
1992-08-27,0.0664
1992-08-28,0.0663
1992-08-31,0.0662
1992-09-01,0.06559999999999999
1992-09-02,0.0654
1992-09-03,0.0654
1992-09-04,0.064
1992-09-08,0.0629
1992-09-09,0.06309999999999999
1992-09-10,0.06309999999999999
1992-09-11,0.0637
1992-09-14,0.0632
1992-09-15,0.064
1992-09-16,0.0641
1992-09-17,0.064
1992-09-18,0.0641
1992-09-21,0.0642
1992-09-22,0.065
1992-09-23,0.0654
1992-09-24,0.06480000000000001
1992-09-25,0.0641
1992-09-28,0.0637
1992-09-29,0.0637
1992-09-30,0.0637
1992-10-01,0.0623
1992-10-02,0.0626
1992-10-05,0.062400000000000004
1992-10-06,0.063
1992-10-07,0.0646
1992-10-08,0.0641
1992-10-09,0.0652
1992-10-13,0.06509999999999999
1992-10-14,0.06509999999999999
1992-10-15,0.0653
1992-10-16,0.066
1992-10-19,0.0669
1992-10-20,0.06860000000000001
1992-10-21,0.068
1992-10-22,0.0674
1992-10-23,0.0683
1992-10-26,0.0683
1992-10-27,0.0678
1992-10-28,0.0676
1992-10-29,0.06709999999999999
1992-10-30,0.068
1992-11-02,0.0688
1992-11-03,0.0687
1992-11-04,0.0689
1992-11-05,0.0687
1992-11-06,0.0697
1992-11-09,0.07
1992-11-10,0.0691
1992-11-12,0.0679
1992-11-13,0.0682
1992-11-16,0.069
1992-11-17,0.06860000000000001
1992-11-18,0.0678
1992-11-19,0.0681
1992-11-20,0.0684
1992-11-23,0.06860000000000001
1992-11-24,0.0682
1992-11-25,0.0684
1992-11-27,0.0693
1992-11-30,0.0695
1992-12-01,0.0694
1992-12-02,0.0693
1992-12-03,0.0691
1992-12-04,0.0684
1992-12-07,0.0678
1992-12-08,0.0673
1992-12-09,0.0676
1992-12-10,0.0677
1992-12-11,0.068
1992-12-14,0.0683
1992-12-15,0.0683
1992-12-16,0.0677
1992-12-17,0.0677
1992-12-18,0.0676
1992-12-21,0.06709999999999999
1992-12-22,0.0665
1992-12-23,0.0668
1992-12-24,0.0669
1992-12-28,0.0672
1992-12-29,0.0669
1992-12-30,0.0668
1992-12-31,0.067
1993-01-04,0.066
1993-01-05,0.0661
1993-01-06,0.0663
1993-01-07,0.0676
1993-01-08,0.0675
1993-01-11,0.06709999999999999
1993-01-12,0.0672
1993-01-13,0.06709999999999999
1993-01-14,0.0665
1993-01-15,0.066
1993-01-19,0.0659
1993-01-20,0.0661
1993-01-21,0.066
1993-01-22,0.06570000000000001
1993-01-25,0.06480000000000001
1993-01-26,0.065
1993-01-27,0.06480000000000001
1993-01-28,0.0644
1993-01-29,0.0639
1993-02-01,0.0638
1993-02-02,0.0646
1993-02-03,0.0645
1993-02-04,0.0639
1993-02-05,0.0632
1993-02-08,0.0637
1993-02-09,0.0641
1993-02-10,0.064
1993-02-11,0.0637
1993-02-12,0.0635
1993-02-16,0.0634
1993-02-17,0.06280000000000001
1993-02-18,0.0617
1993-02-19,0.061500000000000006
1993-02-22,0.060899999999999996
1993-02-23,0.0592
1993-02-24,0.0601
1993-02-25,0.0603
1993-02-26,0.0603
1993-03-01,0.0594
1993-03-02,0.059500000000000004
1993-03-03,0.0588
1993-03-04,0.0583
1993-03-05,0.059000000000000004
1993-03-08,0.058499999999999996
1993-03-09,0.0591
1993-03-10,0.059699999999999996
1993-03-11,0.0596
1993-03-12,0.0611
1993-03-15,0.0617
1993-03-16,0.060599999999999994
1993-03-17,0.0602
1993-03-18,0.0593
1993-03-19,0.059500000000000004
1993-03-22,0.0596
1993-03-23,0.0591
1993-03-24,0.059500000000000004
1993-03-25,0.059800000000000006
1993-03-26,0.060899999999999996
1993-03-29,0.060599999999999994
1993-03-30,0.0602
1993-03-31,0.0603
1993-04-01,0.060599999999999994
1993-04-02,0.0616
1993-04-05,0.0613
1993-04-06,0.0608
1993-04-07,0.060700000000000004
1993-04-08,0.059699999999999996
1993-04-12,0.0592
1993-04-13,0.0593
1993-04-14,0.059000000000000004
1993-04-15,0.0588
1993-04-16,0.058899999999999994
1993-04-19,0.0587
1993-04-20,0.0587
1993-04-21,0.058600000000000006
1993-04-22,0.058499999999999996
1993-04-23,0.058899999999999994
1993-04-26,0.0594
1993-04-27,0.0602
1993-04-28,0.0603
1993-04-29,0.0599
1993-04-30,0.0605
1993-05-03,0.0596
1993-05-04,0.0592
1993-05-05,0.0593
1993-05-06,0.058899999999999994
1993-05-07,0.0592
1993-05-10,0.058899999999999994
1993-05-11,0.058899999999999994
1993-05-12,0.0596
1993-05-13,0.0602
1993-05-14,0.0603
1993-05-17,0.060700000000000004
1993-05-18,0.061500000000000006
1993-05-19,0.0611
1993-05-20,0.060899999999999996
1993-05-21,0.0616
1993-05-24,0.0616
1993-05-25,0.0617
1993-05-26,0.061200000000000004
1993-05-27,0.0611
1993-05-28,0.0616
1993-06-01,0.060700000000000004
1993-06-02,0.060599999999999994
1993-06-03,0.0602
1993-06-04,0.0611
1993-06-07,0.0608
1993-06-08,0.060899999999999996
1993-06-09,0.060700000000000004
1993-06-10,0.060700000000000004
1993-06-11,0.059699999999999996
1993-06-14,0.059699999999999996
1993-06-15,0.0596
1993-06-16,0.0596
1993-06-17,0.0593
1993-06-18,0.059699999999999996
1993-06-21,0.0592
1993-06-22,0.0591
1993-06-23,0.0591
1993-06-24,0.0588
1993-06-25,0.0584
1993-06-28,0.057999999999999996
1993-06-29,0.0579
1993-06-30,0.057999999999999996
1993-07-01,0.057999999999999996
1993-07-02,0.0576
1993-07-06,0.057999999999999996
1993-07-07,0.057999999999999996
1993-07-08,0.057800000000000004
1993-07-09,0.0576
1993-07-12,0.0575
1993-07-13,0.057800000000000004
1993-07-14,0.0572
1993-07-15,0.0572
1993-07-16,0.0571
1993-07-19,0.0571
1993-07-20,0.0575
1993-07-21,0.0583
1993-07-22,0.059000000000000004
1993-07-23,0.059500000000000004
1993-07-26,0.0593
1993-07-27,0.0592
1993-07-28,0.059000000000000004
1993-07-29,0.0581
1993-07-30,0.0583
1993-08-02,0.058499999999999996
1993-08-03,0.0583
1993-08-04,0.0587
1993-08-05,0.058600000000000006
1993-08-06,0.058600000000000006
1993-08-09,0.0582
1993-08-10,0.0582
1993-08-11,0.0575
1993-08-12,0.057699999999999994
1993-08-13,0.0572
1993-08-16,0.056799999999999996
1993-08-17,0.057
1993-08-18,0.056900000000000006
1993-08-19,0.0564
1993-08-20,0.056100000000000004
1993-08-23,0.055999999999999994
1993-08-24,0.0554
1993-08-25,0.055099999999999996
1993-08-26,0.0542
1993-08-27,0.0548
1993-08-30,0.054400000000000004
1993-08-31,0.0545
1993-09-01,0.0546
1993-09-02,0.0541
1993-09-03,0.053099999999999994
1993-09-07,0.052300000000000006
1993-09-08,0.052300000000000006
1993-09-09,0.0535
1993-09-10,0.0529
1993-09-13,0.0526
1993-09-14,0.0537
1993-09-15,0.053899999999999997
1993-09-16,0.0537
1993-09-17,0.0538
1993-09-20,0.0542
1993-09-21,0.0547
1993-09-22,0.0545
1993-09-23,0.0542
1993-09-24,0.0542
1993-09-27,0.053
1993-09-28,0.0528
1993-09-29,0.0535
1993-09-30,0.054000000000000006
1993-10-01,0.053399999999999996
1993-10-04,0.053399999999999996
1993-10-05,0.0535
1993-10-06,0.0535
1993-10-07,0.0533
1993-10-08,0.0526
1993-10-12,0.0527
1993-10-13,0.0527
1993-10-14,0.052300000000000006
1993-10-15,0.0519
1993-10-18,0.0527
1993-10-19,0.0527
1993-10-20,0.0526
1993-10-21,0.0535
1993-10-22,0.0542
1993-10-25,0.0547
1993-10-26,0.054299999999999994
1993-10-27,0.054400000000000004
1993-10-28,0.0541
1993-10-29,0.054299999999999994
1993-11-01,0.0556
1993-11-02,0.056299999999999996
1993-11-03,0.0567
1993-11-04,0.0567
1993-11-05,0.0575
1993-11-08,0.057
1993-11-09,0.0564
1993-11-10,0.0572
1993-11-12,0.056600000000000004
1993-11-15,0.056900000000000006
1993-11-16,0.056600000000000004
1993-11-17,0.0565
1993-11-18,0.0572
1993-11-19,0.0584
1993-11-22,0.058899999999999994
1993-11-23,0.0582
1993-11-24,0.0584
1993-11-26,0.057800000000000004
1993-11-29,0.0576
1993-11-30,0.0583
1993-12-01,0.0582
1993-12-02,0.0581
1993-12-03,0.057999999999999996
1993-12-06,0.0572
1993-12-07,0.0571
1993-12-08,0.0571
1993-12-09,0.056799999999999996
1993-12-10,0.057300000000000004
1993-12-13,0.057800000000000004
1993-12-14,0.0582
1993-12-15,0.0583
1993-12-16,0.0584
1993-12-17,0.0581
1993-12-20,0.0583
1993-12-21,0.058499999999999996
1993-12-22,0.0574
1993-12-23,0.0572
1993-12-27,0.0572
1993-12-28,0.0572
1993-12-29,0.0574
1993-12-30,0.0582
1993-12-31,0.0583
1994-01-03,0.0592
1994-01-04,0.0588
1994-01-05,0.059000000000000004
1994-01-06,0.0584
1994-01-07,0.057
1994-01-10,0.0567
1994-01-11,0.0567
1994-01-12,0.055999999999999994
1994-01-13,0.0571
1994-01-14,0.057800000000000004
1994-01-18,0.0574
1994-01-19,0.0576
1994-01-20,0.0571
1994-01-21,0.057300000000000004
1994-01-24,0.0574
1994-01-25,0.057800000000000004
1994-01-26,0.057699999999999994
1994-01-27,0.057300000000000004
1994-01-28,0.056799999999999996
1994-01-31,0.057
1994-02-01,0.057699999999999994
1994-02-02,0.057699999999999994
1994-02-03,0.0581
1994-02-04,0.0594
1994-02-07,0.0596
1994-02-08,0.0601
1994-02-09,0.0592
1994-02-10,0.0591
1994-02-11,0.0588
1994-02-14,0.059000000000000004
1994-02-15,0.0588
1994-02-16,0.058899999999999994
1994-02-17,0.06
1994-02-18,0.060899999999999996
1994-02-22,0.0605
1994-02-23,0.0613
1994-02-24,0.0622
1994-02-25,0.0621
1994-02-28,0.061500000000000006
1994-03-01,0.06280000000000001
1994-03-02,0.063
1994-03-03,0.0635
1994-03-04,0.0638
1994-03-07,0.0632
1994-03-08,0.0638
1994-03-09,0.0638
1994-03-10,0.06480000000000001
1994-03-11,0.0646
1994-03-14,0.065
1994-03-15,0.0647
1994-03-16,0.064
1994-03-17,0.064
1994-03-18,0.0649
1994-03-21,0.0655
1994-03-22,0.0644
1994-03-23,0.0644
1994-03-24,0.0658
1994-03-25,0.0661
1994-03-28,0.0663
1994-03-29,0.06709999999999999
1994-03-30,0.0678
1994-03-31,0.0677
1994-04-04,0.0716
1994-04-05,0.0697
1994-04-06,0.0693
1994-04-07,0.06860000000000001
1994-04-08,0.0694
1994-04-11,0.0692
1994-04-12,0.0687
1994-04-13,0.0693
1994-04-14,0.0697
1994-04-15,0.0697
1994-04-18,0.07139999999999999
1994-04-19,0.071
1994-04-20,0.0705
1994-04-21,0.0691
1994-04-22,0.0693
1994-04-25,0.06860000000000001
1994-04-26,0.06860000000000001
1994-04-28,0.0704
1994-04-29,0.0706
1994-05-02,0.0709
1994-05-03,0.0713
1994-05-04,0.07139999999999999
1994-05-05,0.0711
1994-05-06,0.0735
1994-05-09,0.07490000000000001
1994-05-10,0.0733
1994-05-11,0.07400000000000001
1994-05-12,0.0736
1994-05-13,0.0729
1994-05-16,0.0724
1994-05-17,0.0703
1994-05-18,0.0703
1994-05-19,0.0696
1994-05-20,0.0702
1994-05-23,0.0719
1994-05-24,0.0717
1994-05-25,0.07139999999999999
1994-05-26,0.0709
1994-05-27,0.0712
1994-05-31,0.0717
1994-06-01,0.0712
1994-06-02,0.0707
1994-06-03,0.0698
1994-06-06,0.0691
1994-06-07,0.0695
1994-06-08,0.0696
1994-06-09,0.0698
1994-06-10,0.0703
1994-06-13,0.0707
1994-06-14,0.07
1994-06-15,0.071
1994-06-16,0.0707
1994-06-17,0.07139999999999999
1994-06-20,0.0716
1994-06-21,0.0722
1994-06-22,0.0713
1994-06-23,0.071
1994-06-24,0.0722
1994-06-27,0.0718
1994-06-28,0.0726
1994-06-29,0.0724
1994-06-30,0.07339999999999999
1994-07-01,0.07339999999999999
1994-07-05,0.0731
1994-07-06,0.0732
1994-07-07,0.073
1994-07-08,0.0742
1994-07-11,0.0747
1994-07-12,0.07429999999999999
1994-07-13,0.0741
1994-07-14,0.0725
1994-07-15,0.0725
1994-07-18,0.07200000000000001
1994-07-19,0.07150000000000001
1994-07-20,0.0725
1994-07-21,0.0727
1994-07-22,0.0729
1994-07-25,0.0727
1994-07-26,0.0728
1994-07-27,0.07339999999999999
1994-07-28,0.0729
1994-07-29,0.0712
1994-08-01,0.0713
1994-08-02,0.0711
1994-08-03,0.0709
1994-08-04,0.0712
1994-08-05,0.0728
1994-08-08,0.0728
1994-08-09,0.0733
1994-08-10,0.073
1994-08-11,0.0736
1994-08-12,0.0727
1994-08-15,0.073
1994-08-16,0.0719
1994-08-17,0.07150000000000001
1994-08-18,0.0728
1994-08-19,0.0727
1994-08-22,0.0731
1994-08-23,0.0728
1994-08-24,0.0722
1994-08-25,0.0729
1994-08-26,0.0724
1994-08-29,0.0724
1994-08-30,0.07200000000000001
1994-08-31,0.0719
1994-09-01,0.0719
1994-09-02,0.0721
1994-09-06,0.0727
1994-09-07,0.0729
1994-09-08,0.073
1994-09-09,0.07440000000000001
1994-09-12,0.0746
1994-09-13,0.07440000000000001
1994-09-14,0.0741
1994-09-15,0.0735
1994-09-16,0.07519999999999999
1994-09-19,0.07490000000000001
1994-09-20,0.0753
1994-09-21,0.0756
1994-09-22,0.0756
1994-09-23,0.0757
1994-09-26,0.0757
1994-09-27,0.0761
1994-09-28,0.0757
1994-09-29,0.0764
1994-09-30,0.0762
1994-10-03,0.0766
1994-10-04,0.077
1994-10-05,0.07769999999999999
1994-10-06,0.07780000000000001
1994-10-07,0.077
1994-10-11,0.0765
1994-10-12,0.07690000000000001
1994-10-13,0.0764
1994-10-14,0.0761
1994-10-17,0.0762
1994-10-18,0.0764
1994-10-19,0.0768
1994-10-20,0.078
1994-10-21,0.0781
1994-10-24,0.0786
1994-10-25,0.0788
1994-10-26,0.0788
1994-10-27,0.0788
1994-10-28,0.0782
1994-10-31,0.0781
1994-11-01,0.0791
1994-11-02,0.0796
1994-11-03,0.0796
1994-11-04,0.08039999999999999
1994-11-07,0.0805
1994-11-08,0.0801
1994-11-09,0.0794
1994-11-10,0.07980000000000001
1994-11-14,0.0794
1994-11-15,0.07919999999999999
1994-11-16,0.0797
1994-11-17,0.0803
1994-11-18,0.0801
1994-11-21,0.0803
1994-11-22,0.08
1994-11-23,0.0781
1994-11-25,0.078
1994-11-28,0.0788
1994-11-29,0.0795
1994-11-30,0.0791
1994-12-01,0.07919999999999999
1994-12-02,0.0781
1994-12-05,0.0783
1994-12-06,0.07730000000000001
1994-12-07,0.0781
1994-12-08,0.0779
1994-12-09,0.0779
1994-12-12,0.0785
1994-12-13,0.0783
1994-12-14,0.078
1994-12-15,0.0779
1994-12-16,0.0781
1994-12-19,0.0781
1994-12-20,0.0781
1994-12-21,0.078
1994-12-22,0.0784
1994-12-23,0.0785
1994-12-27,0.0776
1994-12-28,0.078
1994-12-29,0.0782
1994-12-30,0.0784
1995-01-03,0.0788
1995-01-04,0.0782
1995-01-05,0.0788
1995-01-06,0.0787
1995-01-09,0.0789
1995-01-10,0.0784
1995-01-11,0.0779
1995-01-12,0.078
1995-01-13,0.07690000000000001
1995-01-17,0.077
1995-01-18,0.0771
1995-01-19,0.0774
1995-01-20,0.0782
1995-01-23,0.0783
1995-01-24,0.0786
1995-01-25,0.078
1995-01-26,0.0776
1995-01-27,0.0766
1995-01-30,0.0765
1995-01-31,0.076
1995-02-01,0.0766
1995-02-02,0.0768
1995-02-03,0.07490000000000001
1995-02-06,0.0753
1995-02-07,0.07519999999999999
1995-02-08,0.0753
1995-02-09,0.0758
1995-02-10,0.0762
1995-02-13,0.0761
1995-02-14,0.0751
1995-02-15,0.0745
1995-02-16,0.07400000000000001
1995-02-17,0.07429999999999999
1995-02-21,0.07440000000000001
1995-02-22,0.07339999999999999
1995-02-23,0.07339999999999999
1995-02-24,0.0733
1995-02-27,0.0724
1995-02-28,0.0722
1995-03-01,0.0723
1995-03-02,0.073
1995-03-03,0.0736
1995-03-06,0.0741
1995-03-07,0.07440000000000001
1995-03-08,0.0736
1995-03-09,0.073
1995-03-10,0.0723
1995-03-13,0.0719
1995-03-14,0.0709
1995-03-15,0.0709
1995-03-16,0.0705
1995-03-17,0.0712
1995-03-20,0.0712
1995-03-21,0.0716
1995-03-22,0.0721
1995-03-23,0.0721
1995-03-24,0.0709
1995-03-27,0.0705
1995-03-28,0.0716
1995-03-29,0.0716
1995-03-30,0.0718
1995-03-31,0.07200000000000001
1995-04-03,0.07139999999999999
1995-04-04,0.0712
1995-04-05,0.0712
1995-04-06,0.0709
1995-04-07,0.0711
1995-04-10,0.0712
1995-04-11,0.0709
1995-04-12,0.0706
1995-04-13,0.0703
1995-04-17,0.0704
1995-04-18,0.0704
1995-04-19,0.0706
1995-04-20,0.0702
1995-04-21,0.0701
1995-04-24,0.0701
1995-04-25,0.0701
1995-04-26,0.0701
1995-04-27,0.0704
1995-04-28,0.0707
1995-05-01,0.0709
1995-05-02,0.0704
1995-05-03,0.0696
1995-05-04,0.06849999999999999
1995-05-05,0.0669
1995-05-08,0.067
1995-05-09,0.0661
1995-05-10,0.0666
1995-05-11,0.0668
1995-05-12,0.0667
1995-05-15,0.0662
1995-05-16,0.06570000000000001
1995-05-17,0.0653
1995-05-18,0.0661
1995-05-19,0.0661
1995-05-22,0.0663
1995-05-23,0.06570000000000001
1995-05-24,0.0644
1995-05-25,0.0639
1995-05-26,0.064
1995-05-30,0.063
1995-05-31,0.063
1995-06-01,0.062
1995-06-02,0.061
1995-06-05,0.0608
1995-06-06,0.0608
1995-06-07,0.062
1995-06-08,0.0622
1995-06-09,0.064
1995-06-12,0.0637
1995-06-13,0.061399999999999996
1995-06-14,0.061500000000000006
1995-06-15,0.061799999999999994
1995-06-16,0.0621
1995-06-19,0.0613
1995-06-20,0.0616
1995-06-21,0.0613
1995-06-22,0.0604
1995-06-23,0.060599999999999994
1995-06-26,0.0611
1995-06-27,0.061500000000000006
1995-06-28,0.061
1995-06-29,0.06280000000000001
1995-06-30,0.0621
1995-07-03,0.0621
1995-07-05,0.061900000000000004
1995-07-06,0.0605
1995-07-07,0.0604
1995-07-10,0.0604
1995-07-11,0.060899999999999996
1995-07-12,0.061
1995-07-13,0.060899999999999996
1995-07-14,0.061500000000000006
1995-07-17,0.0622
1995-07-18,0.0625
1995-07-19,0.0643
1995-07-20,0.0643
1995-07-21,0.0653
1995-07-24,0.0646
1995-07-25,0.0643
1995-07-26,0.06480000000000001
1995-07-27,0.0643
1995-07-28,0.0649
1995-07-31,0.0645
1995-08-01,0.065
1995-08-02,0.0644
1995-08-03,0.0653
1995-08-04,0.065
1995-08-07,0.06480000000000001
1995-08-08,0.0647
1995-08-09,0.0647
1995-08-10,0.06509999999999999
1995-08-11,0.0659
1995-08-14,0.0659
1995-08-15,0.06570000000000001
1995-08-16,0.0654
1995-08-17,0.06570000000000001
1995-08-18,0.06570000000000001
1995-08-21,0.0654
1995-08-22,0.06570000000000001
1995-08-23,0.066
1995-08-24,0.065
1995-08-25,0.0638
1995-08-28,0.0634
1995-08-29,0.0636
1995-08-30,0.0633
1995-08-31,0.06280000000000001
1995-09-01,0.0622
1995-09-05,0.061799999999999994
1995-09-06,0.0617
1995-09-07,0.0621
1995-09-08,0.062400000000000004
1995-09-11,0.062400000000000004
1995-09-12,0.0616
1995-09-13,0.061799999999999994
1995-09-14,0.0608
1995-09-15,0.0611
1995-09-18,0.0617
1995-09-19,0.061399999999999996
1995-09-20,0.061
1995-09-21,0.0621
1995-09-22,0.0625
1995-09-25,0.0626
1995-09-26,0.06280000000000001
1995-09-27,0.063
1995-09-28,0.06280000000000001
1995-09-29,0.0617
1995-10-02,0.061500000000000006
1995-10-03,0.0613
1995-10-04,0.061200000000000004
1995-10-05,0.060599999999999994
1995-10-06,0.060599999999999994
1995-10-10,0.060700000000000004
1995-10-11,0.060899999999999996
1995-10-12,0.060700000000000004
1995-10-13,0.059699999999999996
1995-10-16,0.059699999999999996
1995-10-17,0.059699999999999996
1995-10-18,0.0599
1995-10-19,0.059800000000000006
1995-10-20,0.0604
1995-10-23,0.060700000000000004
1995-10-24,0.0602
1995-10-25,0.06
1995-10-26,0.060599999999999994
1995-10-27,0.0605
1995-10-30,0.0604
1995-10-31,0.0603
1995-11-01,0.059800000000000006
1995-11-02,0.0592
1995-11-03,0.0594
1995-11-06,0.0596
1995-11-07,0.0599
1995-11-08,0.0592
1995-11-09,0.059699999999999996
1995-11-10,0.06
1995-11-13,0.059800000000000006
1995-11-14,0.059699999999999996
1995-11-15,0.06
1995-11-16,0.0593
1995-11-17,0.0592
1995-11-20,0.0593
1995-11-21,0.0592
1995-11-22,0.0593
1995-11-24,0.0591
1995-11-27,0.0588
1995-11-28,0.0588
1995-11-29,0.058499999999999996
1995-11-30,0.0576
1995-12-01,0.0571
1995-12-04,0.056299999999999996
1995-12-05,0.0565
1995-12-06,0.0567
1995-12-07,0.0572
1995-12-08,0.057300000000000004
1995-12-11,0.0571
1995-12-12,0.0572
1995-12-13,0.0574
1995-12-14,0.0574
1995-12-15,0.0575
1995-12-18,0.058499999999999996
1995-12-19,0.0581
1995-12-20,0.0576
1995-12-21,0.057699999999999994
1995-12-22,0.0571
1995-12-26,0.056900000000000006
1995-12-27,0.056600000000000004
1995-12-28,0.056299999999999996
1995-12-29,0.0558
1996-01-02,0.055999999999999994
1996-01-03,0.0558
1996-01-04,0.0565
1996-01-05,0.056900000000000006
1996-01-08,0.056799999999999996
1996-01-09,0.057
1996-01-10,0.057999999999999996
1996-01-11,0.057800000000000004
1996-01-12,0.0575
1996-01-16,0.056600000000000004
1996-01-17,0.0558
1996-01-18,0.0553
1996-01-19,0.0554
1996-01-22,0.056100000000000004
1996-01-23,0.056600000000000004
1996-01-24,0.0562
1996-01-25,0.057
1996-01-26,0.0565
1996-01-29,0.056900000000000006
1996-01-30,0.056299999999999996
1996-01-31,0.055999999999999994
1996-02-01,0.056299999999999996
1996-02-02,0.056600000000000004
1996-02-05,0.057
1996-02-06,0.056799999999999996
1996-02-07,0.056600000000000004
1996-02-08,0.056600000000000004
1996-02-09,0.056600000000000004
1996-02-12,0.056100000000000004
1996-02-13,0.0558
1996-02-14,0.0562
1996-02-15,0.057
1996-02-16,0.0576
1996-02-20,0.0601
1996-02-21,0.059800000000000006
1996-02-22,0.0592
1996-02-23,0.059699999999999996
1996-02-26,0.0601
1996-02-27,0.060599999999999994
1996-02-28,0.0611
1996-02-29,0.0613
1996-03-01,0.0599
1996-03-04,0.0592
1996-03-05,0.0596
1996-03-06,0.0605
1996-03-07,0.060700000000000004
1996-03-08,0.0641
1996-03-11,0.0633
1996-03-12,0.0636
1996-03-13,0.0635
1996-03-14,0.0636
1996-03-15,0.0646
1996-03-18,0.0643
1996-03-19,0.0641
1996-03-20,0.0634
1996-03-21,0.06280000000000001
1996-03-22,0.0632
1996-03-25,0.0626
1996-03-26,0.0625
1996-03-27,0.0634
1996-03-28,0.0641
1996-03-29,0.0634
1996-04-01,0.06309999999999999
1996-04-02,0.0625
1996-04-03,0.06269999999999999
1996-04-04,0.0633
1996-04-05,0.06570000000000001
1996-04-08,0.0663
1996-04-09,0.06559999999999999
1996-04-10,0.0663
1996-04-11,0.0668
1996-04-12,0.0652
1996-04-15,0.0647
1996-04-16,0.06480000000000001
1996-04-17,0.0652
1996-04-18,0.0658
1996-04-19,0.0653
1996-04-22,0.06480000000000001
1996-04-23,0.0652
1996-04-24,0.06570000000000001
1996-04-25,0.06559999999999999
1996-04-26,0.0654
1996-04-29,0.0659
1996-04-30,0.0666
1996-05-01,0.0668
1996-05-02,0.06849999999999999
1996-05-03,0.069
1996-05-06,0.06860000000000001
1996-05-07,0.0687
1996-05-08,0.0678
1996-05-09,0.0684
1996-05-10,0.0675
1996-05-13,0.0672
1996-05-14,0.0666
1996-05-15,0.0665
1996-05-16,0.067
1996-05-17,0.0665
1996-05-20,0.0662
1996-05-21,0.0665
1996-05-22,0.0663
1996-05-23,0.0668
1996-05-24,0.0665
1996-05-28,0.0667
1996-05-29,0.0677
1996-05-30,0.0678
1996-05-31,0.06849999999999999
1996-06-03,0.0687
1996-06-04,0.06860000000000001
1996-06-05,0.0682
1996-06-06,0.0676
1996-06-07,0.0693
1996-06-10,0.0697
1996-06-11,0.0699
1996-06-12,0.0703
1996-06-13,0.0701
1996-06-14,0.0695
1996-06-17,0.069
1996-06-18,0.0693
1996-06-19,0.0696
1996-06-20,0.0698
1996-06-21,0.0696
1996-06-24,0.0694
1996-06-25,0.0691
1996-06-26,0.0691
1996-06-27,0.0683
1996-06-28,0.0673
1996-07-01,0.0674
1996-07-02,0.068
1996-07-03,0.0678
1996-07-05,0.0706
1996-07-08,0.0705
1996-07-09,0.07
1996-07-10,0.0695
1996-07-11,0.069
1996-07-12,0.06849999999999999
1996-07-15,0.0689
1996-07-16,0.0684
1996-07-17,0.0683
1996-07-18,0.0672
1996-07-19,0.0678
1996-07-22,0.0684
1996-07-23,0.068
1996-07-24,0.0687
1996-07-25,0.0687
1996-07-26,0.06849999999999999
1996-07-29,0.0693
1996-07-30,0.0689
1996-07-31,0.068
1996-08-01,0.0665
1996-08-02,0.06509999999999999
1996-08-05,0.0653
1996-08-06,0.0654
1996-08-07,0.0655
1996-08-08,0.06559999999999999
1996-08-09,0.065
1996-08-12,0.0649
1996-08-13,0.06570000000000001
1996-08-14,0.0658
1996-08-15,0.0662
1996-08-16,0.06559999999999999
1996-08-19,0.0659
1996-08-20,0.0659
1996-08-21,0.0661
1996-08-22,0.0662
1996-08-23,0.0672
1996-08-26,0.068
1996-08-27,0.0678
1996-08-28,0.0679
1996-08-29,0.06860000000000001
1996-08-30,0.0696
1996-09-03,0.0692
1996-09-04,0.0694
1996-09-05,0.0698
1996-09-06,0.0694
1996-09-09,0.069
1996-09-10,0.0694
1996-09-11,0.0694
1996-09-12,0.0688
1996-09-13,0.0674
1996-09-16,0.0673
1996-09-17,0.0681
1996-09-18,0.0683
1996-09-19,0.0687
1996-09-20,0.06849999999999999
1996-09-23,0.0683
1996-09-24,0.0677
1996-09-25,0.06709999999999999
1996-09-26,0.0666
1996-09-27,0.0668
1996-09-30,0.0672
1996-10-01,0.0665
1996-10-02,0.0661
1996-10-03,0.0661
1996-10-04,0.06480000000000001
1996-10-07,0.0653
1996-10-08,0.0653
1996-10-09,0.0655
1996-10-10,0.0661
1996-10-11,0.0655
1996-10-15,0.06559999999999999
1996-10-16,0.06570000000000001
1996-10-17,0.06509999999999999
1996-10-18,0.065
1996-10-21,0.0652
1996-10-22,0.06559999999999999
1996-10-23,0.06559999999999999
1996-10-24,0.06570000000000001
1996-10-25,0.0654
1996-10-28,0.06559999999999999
1996-10-29,0.064
1996-10-30,0.064
1996-10-31,0.0637
1996-11-01,0.0638
1996-11-04,0.0636
1996-11-05,0.06280000000000001
1996-11-06,0.063
1996-11-07,0.0626
1996-11-08,0.0629
1996-11-12,0.061900000000000004
1996-11-13,0.062
1996-11-14,0.061500000000000006
1996-11-15,0.061900000000000004
1996-11-18,0.062
1996-11-19,0.0617
1996-11-20,0.061399999999999996
1996-11-21,0.061500000000000006
1996-11-22,0.061500000000000006
1996-11-25,0.0613
1996-11-26,0.0613
1996-11-27,0.061399999999999996
1996-11-29,0.060599999999999994
1996-12-02,0.0608
1996-12-03,0.060599999999999994
1996-12-04,0.0611
1996-12-05,0.0622
1996-12-06,0.0626
1996-12-09,0.0621
1996-12-10,0.0623
1996-12-11,0.0638
1996-12-12,0.064
1996-12-13,0.0633
1996-12-16,0.0639
1996-12-17,0.0642
1996-12-18,0.0646
1996-12-19,0.0636
1996-12-20,0.0635
1996-12-23,0.0634
1996-12-24,0.0636
1996-12-26,0.0635
1996-12-27,0.063
1996-12-30,0.06309999999999999
1996-12-31,0.0643
1997-01-02,0.0654
1997-01-03,0.0652
1997-01-06,0.0654
1997-01-07,0.06570000000000001
1997-01-08,0.066
1997-01-09,0.0652
1997-01-10,0.0663
1997-01-13,0.0663
1997-01-14,0.0653
1997-01-15,0.0653
1997-01-16,0.06570000000000001
1997-01-17,0.06559999999999999
1997-01-21,0.0652
1997-01-22,0.06559999999999999
1997-01-23,0.066
1997-01-24,0.0664
1997-01-27,0.0669
1997-01-28,0.0664
1997-01-29,0.0663
1997-01-30,0.0661
1997-01-31,0.0653
1997-02-03,0.0647
1997-02-04,0.0645
1997-02-05,0.0647
1997-02-06,0.0649
1997-02-07,0.0643
1997-02-10,0.0643
1997-02-11,0.0643
1997-02-12,0.0639
1997-02-13,0.0632
1997-02-14,0.06280000000000001
1997-02-18,0.06280000000000001
1997-02-19,0.063
1997-02-20,0.0638
1997-02-21,0.0636
1997-02-24,0.0639
1997-02-25,0.064
1997-02-26,0.06559999999999999
1997-02-27,0.0658
1997-02-28,0.06559999999999999
1997-03-03,0.0658
1997-03-04,0.066
1997-03-05,0.066
1997-03-06,0.0662
1997-03-07,0.06570000000000001
1997-03-10,0.06559999999999999
1997-03-11,0.06570000000000001
1997-03-12,0.066
1997-03-13,0.0672
1997-03-14,0.06709999999999999
1997-03-17,0.0672
1997-03-18,0.0672
1997-03-19,0.0674
1997-03-20,0.0675
1997-03-21,0.0674
1997-03-24,0.0672
1997-03-25,0.0675
1997-03-26,0.068
1997-03-27,0.069
1997-03-31,0.0692
1997-04-01,0.069
1997-04-02,0.0688
1997-04-03,0.06860000000000001
1997-04-04,0.0692
1997-04-07,0.0687
1997-04-08,0.0691
1997-04-09,0.0691
1997-04-10,0.0691
1997-04-11,0.0698
1997-04-14,0.0698
1997-04-15,0.0688
1997-04-16,0.069
1997-04-17,0.06860000000000001
1997-04-18,0.0684
1997-04-21,0.0687
1997-04-22,0.0684
1997-04-23,0.0689
1997-04-24,0.0693
1997-04-25,0.0694
1997-04-28,0.0692
1997-04-29,0.0677
1997-04-30,0.0672
1997-05-01,0.0669
1997-05-02,0.0668
1997-05-05,0.0667
1997-05-06,0.0667
1997-05-07,0.0676
1997-05-08,0.0672
1997-05-09,0.0667
1997-05-12,0.0665
1997-05-13,0.06709999999999999
1997-05-14,0.0668
1997-05-15,0.0667
1997-05-16,0.067
1997-05-19,0.06709999999999999
1997-05-20,0.067
1997-05-21,0.0674
1997-05-22,0.0676
1997-05-23,0.0674
1997-05-27,0.0679
1997-05-28,0.068
1997-05-29,0.0675
1997-05-30,0.0667
1997-06-02,0.0666
1997-06-03,0.0663
1997-06-04,0.0662
1997-06-05,0.0662
1997-06-06,0.06509999999999999
1997-06-09,0.0655
1997-06-10,0.06570000000000001
1997-06-11,0.06559999999999999
1997-06-12,0.06480000000000001
1997-06-13,0.0643
1997-06-16,0.064
1997-06-17,0.0643
1997-06-18,0.064
1997-06-19,0.064
1997-06-20,0.0637
1997-06-23,0.064
1997-06-24,0.0642
1997-06-25,0.0645
1997-06-26,0.065
1997-06-27,0.0646
1997-06-30,0.06509999999999999
1997-07-01,0.0645
1997-07-02,0.0642
1997-07-03,0.06309999999999999
1997-07-07,0.06269999999999999
1997-07-08,0.06269999999999999
1997-07-09,0.0625
1997-07-10,0.0626
1997-07-11,0.0623
1997-07-14,0.0626
1997-07-15,0.0626
1997-07-16,0.062
1997-07-17,0.061900000000000004
1997-07-18,0.062400000000000004
1997-07-21,0.06269999999999999
1997-07-22,0.061500000000000006
1997-07-23,0.061399999999999996
1997-07-24,0.0616
1997-07-25,0.061799999999999994
1997-07-28,0.0616
1997-07-29,0.0611
1997-07-30,0.0605
1997-07-31,0.0602
1997-08-01,0.062
1997-08-04,0.0623
1997-08-05,0.0623
1997-08-06,0.0621
1997-08-07,0.062400000000000004
1997-08-08,0.0638
1997-08-11,0.0636
1997-08-12,0.0639
1997-08-13,0.0636
1997-08-14,0.06269999999999999
1997-08-15,0.06269999999999999
1997-08-18,0.0621
1997-08-19,0.0621
1997-08-20,0.062400000000000004
1997-08-21,0.063
1997-08-22,0.0638
1997-08-25,0.0639
1997-08-26,0.0638
1997-08-27,0.0638
1997-08-28,0.063
1997-08-29,0.0634
1997-09-02,0.06309999999999999
1997-09-03,0.0633
1997-09-04,0.0633
1997-09-05,0.0637
1997-09-08,0.0633
1997-09-09,0.0634
1997-09-10,0.0637
1997-09-11,0.0639
1997-09-12,0.0629
1997-09-15,0.06280000000000001
1997-09-16,0.0611
1997-09-17,0.061
1997-09-18,0.0611
1997-09-19,0.060899999999999996
1997-09-22,0.060599999999999994
1997-09-23,0.061
1997-09-24,0.0604
1997-09-25,0.0613
1997-09-26,0.0608
1997-09-29,0.061
1997-09-30,0.061200000000000004
1997-10-01,0.0604
1997-10-02,0.0601
1997-10-03,0.0601
1997-10-06,0.0596
1997-10-07,0.0594
1997-10-08,0.0608
1997-10-09,0.060899999999999996
1997-10-10,0.061500000000000006
1997-10-14,0.060700000000000004
1997-10-15,0.061
1997-10-16,0.060899999999999996
1997-10-17,0.0617
1997-10-20,0.061500000000000006
1997-10-21,0.061399999999999996
1997-10-22,0.061200000000000004
1997-10-23,0.0604
1997-10-24,0.0601
1997-10-27,0.0591
1997-10-28,0.059800000000000006
1997-10-29,0.0591
1997-10-30,0.0584
1997-10-31,0.0584
1997-11-03,0.0591
1997-11-04,0.059500000000000004
1997-11-05,0.059500000000000004
1997-11-06,0.059000000000000004
1997-11-07,0.059000000000000004
1997-11-10,0.0591
1997-11-12,0.058899999999999994
1997-11-13,0.0587
1997-11-14,0.058600000000000006
1997-11-17,0.058499999999999996
1997-11-18,0.058499999999999996
1997-11-19,0.0582
1997-11-20,0.0584
1997-11-21,0.0582
1997-11-24,0.058600000000000006
1997-11-25,0.058499999999999996
1997-11-26,0.058600000000000006
1997-11-28,0.058600000000000006
1997-12-01,0.058600000000000006
1997-12-02,0.058600000000000006
1997-12-03,0.0583
1997-12-04,0.0584
1997-12-05,0.0592
1997-12-08,0.0596
1997-12-09,0.059500000000000004
1997-12-10,0.059000000000000004
1997-12-11,0.0582
1997-12-12,0.0574
1997-12-15,0.057800000000000004
1997-12-16,0.057699999999999994
1997-12-17,0.0581
1997-12-18,0.0576
1997-12-19,0.0572
1997-12-22,0.0572
1997-12-23,0.057300000000000004
1997-12-24,0.0576
1997-12-26,0.0575
1997-12-29,0.0576
1997-12-30,0.057999999999999996
1997-12-31,0.0575
1998-01-02,0.0567
1998-01-05,0.0552
1998-01-06,0.054900000000000004
1998-01-07,0.0555
1998-01-08,0.054900000000000004
1998-01-09,0.054000000000000006
1998-01-12,0.053899999999999997
1998-01-13,0.0541
1998-01-14,0.0545
1998-01-15,0.0548
1998-01-16,0.0554
1998-01-20,0.0557
1998-01-21,0.0554
1998-01-22,0.0556
1998-01-23,0.057
1998-01-26,0.056299999999999996
1998-01-27,0.057
1998-01-28,0.056900000000000006
1998-01-29,0.0558
1998-01-30,0.0553
1998-02-02,0.0557
1998-02-03,0.0556
1998-02-04,0.0557
1998-02-05,0.0562
1998-02-06,0.0562
1998-02-09,0.0565
1998-02-10,0.0564
1998-02-11,0.0553
1998-02-12,0.0552
1998-02-13,0.054900000000000004
1998-02-17,0.054400000000000004
1998-02-18,0.054900000000000004
1998-02-19,0.055099999999999996
1998-02-20,0.0554
1998-02-23,0.0558
1998-02-24,0.056900000000000006
1998-02-25,0.056299999999999996
1998-02-26,0.0565
1998-02-27,0.0562
1998-03-02,0.0572
1998-03-03,0.057699999999999994
1998-03-04,0.0576
1998-03-05,0.057800000000000004
1998-03-06,0.057300000000000004
1998-03-09,0.0567
1998-03-10,0.0567
1998-03-11,0.056299999999999996
1998-03-12,0.0556
1998-03-13,0.0558
1998-03-16,0.0554
1998-03-17,0.0556
1998-03-18,0.0558
1998-03-19,0.0558
1998-03-20,0.0557
1998-03-23,0.0557
1998-03-24,0.0558
1998-03-25,0.0564
1998-03-26,0.056799999999999996
1998-03-27,0.056799999999999996
1998-03-30,0.0572
1998-03-31,0.0567
1998-04-01,0.0562
1998-04-02,0.0556
1998-04-03,0.0547
1998-04-06,0.055099999999999996
1998-04-07,0.0553
1998-04-08,0.0558
1998-04-09,0.0559
1998-04-13,0.056600000000000004
1998-04-14,0.056299999999999996
1998-04-15,0.055999999999999994
1998-04-16,0.0559
1998-04-17,0.0559
1998-04-20,0.0565
1998-04-21,0.056799999999999996
1998-04-22,0.056799999999999996
1998-04-23,0.056900000000000006
1998-04-24,0.0567
1998-04-27,0.057999999999999996
1998-04-28,0.057999999999999996
1998-04-29,0.0581
1998-04-30,0.056799999999999996
1998-05-01,0.0567
1998-05-04,0.0567
1998-05-05,0.057
1998-05-06,0.0567
1998-05-07,0.0567
1998-05-08,0.0571
1998-05-11,0.0579
1998-05-12,0.057
1998-05-13,0.0564
1998-05-14,0.0567
1998-05-15,0.056799999999999996
1998-05-18,0.0564
1998-05-19,0.0565
1998-05-20,0.056100000000000004
1998-05-21,0.0565
1998-05-22,0.0564
1998-05-26,0.0559
1998-05-27,0.0556
1998-05-28,0.0558
1998-05-29,0.0556
1998-06-01,0.0553
1998-06-02,0.0556
1998-06-03,0.0557
1998-06-04,0.0559
1998-06-05,0.0558
1998-06-08,0.0558
1998-06-09,0.0559
1998-06-10,0.055099999999999996
1998-06-11,0.054400000000000004
1998-06-12,0.054299999999999994
1998-06-15,0.0538
1998-06-16,0.0545
1998-06-17,0.0554
1998-06-18,0.055
1998-06-19,0.0547
1998-06-22,0.0546
1998-06-23,0.0545
1998-06-24,0.0546
1998-06-25,0.0546
1998-06-26,0.0546
1998-06-29,0.0547
1998-06-30,0.054400000000000004
1998-07-01,0.054400000000000004
1998-07-02,0.0542
1998-07-06,0.053899999999999997
1998-07-07,0.0542
1998-07-08,0.054299999999999994
1998-07-09,0.0541
1998-07-10,0.0542
1998-07-13,0.0546
1998-07-14,0.054900000000000004
1998-07-15,0.0548
1998-07-16,0.055
1998-07-17,0.055099999999999996
1998-07-20,0.0548
1998-07-21,0.0545
1998-07-22,0.0546
1998-07-23,0.0545
1998-07-24,0.0545
1998-07-27,0.0547
1998-07-28,0.055
1998-07-29,0.0552
1998-07-30,0.055
1998-07-31,0.055
1998-08-03,0.0546
1998-08-04,0.054299999999999994
1998-08-05,0.054299999999999994
1998-08-06,0.054400000000000004
1998-08-07,0.054000000000000006
1998-08-10,0.0541
1998-08-11,0.0537
1998-08-12,0.054000000000000006
1998-08-13,0.054400000000000004
1998-08-14,0.054000000000000006
1998-08-17,0.054000000000000006
1998-08-18,0.0541
1998-08-19,0.0542
1998-08-20,0.0538
1998-08-21,0.053200000000000004
1998-08-24,0.053
1998-08-25,0.0525
1998-08-26,0.0526
1998-08-27,0.0512
1998-08-28,0.0509
1998-08-31,0.050499999999999996
1998-09-01,0.050499999999999996
1998-09-02,0.051
1998-09-03,0.050300000000000004
1998-09-04,0.050199999999999995
1998-09-08,0.0504
1998-09-09,0.0495
1998-09-10,0.047599999999999996
1998-09-11,0.048499999999999995
1998-09-14,0.0487
1998-09-15,0.049
1998-09-16,0.048799999999999996
1998-09-17,0.048
1998-09-18,0.047
1998-09-21,0.046900000000000004
1998-09-22,0.0473
1998-09-23,0.046900000000000004
1998-09-24,0.0464
1998-09-25,0.046
1998-09-28,0.0461
1998-09-29,0.045899999999999996
1998-09-30,0.0444
1998-10-01,0.0433
1998-10-02,0.0431
1998-10-05,0.0416
1998-10-06,0.0424
1998-10-07,0.0434
1998-10-08,0.045599999999999995
1998-10-09,0.04769999999999999
1998-10-13,0.0473
1998-10-14,0.0458
1998-10-15,0.0458
1998-10-16,0.0444
1998-10-19,0.0447
1998-10-20,0.045700000000000005
1998-10-21,0.045899999999999996
1998-10-22,0.0462
1998-10-23,0.047
1998-10-26,0.0473
1998-10-27,0.0463
1998-10-28,0.046
1998-10-29,0.0454
1998-10-30,0.0464
1998-11-02,0.04769999999999999
1998-11-03,0.0478
1998-11-04,0.0483
1998-11-05,0.0482
1998-11-06,0.0493
1998-11-09,0.048799999999999996
1998-11-10,0.0481
1998-11-12,0.04769999999999999
1998-11-13,0.0482
1998-11-16,0.048499999999999995
1998-11-17,0.0487
1998-11-18,0.048499999999999995
1998-11-19,0.048499999999999995
1998-11-20,0.0482
1998-11-23,0.0484
1998-11-24,0.048499999999999995
1998-11-25,0.0483
1998-11-27,0.0481
1998-11-30,0.047400000000000005
1998-12-01,0.0467
1998-12-02,0.045899999999999996
1998-12-03,0.0458
1998-12-04,0.0462
1998-12-07,0.046900000000000004
1998-12-08,0.046
1998-12-09,0.045599999999999995
1998-12-10,0.0453
1998-12-11,0.0461
1998-12-14,0.0458
1998-12-15,0.0462
1998-12-16,0.0458
1998-12-17,0.0458
1998-12-18,0.0458
1998-12-21,0.0464
1998-12-22,0.047
1998-12-23,0.0481
1998-12-24,0.048600000000000004
1998-12-28,0.0478
1998-12-29,0.0471
1998-12-30,0.04650000000000001
1998-12-31,0.04650000000000001
1999-01-04,0.046900000000000004
1999-01-05,0.047400000000000005
1999-01-06,0.0473
1999-01-07,0.04769999999999999
1999-01-08,0.048600000000000004
1999-01-11,0.049
1999-01-12,0.0482
1999-01-13,0.047400000000000005
1999-01-14,0.0463
1999-01-15,0.0466
1999-01-19,0.0471
1999-01-20,0.047599999999999996
1999-01-21,0.047
1999-01-22,0.0464
1999-01-25,0.0467
1999-01-26,0.046900000000000004
1999-01-27,0.046799999999999994
1999-01-28,0.0467
1999-01-29,0.0466
1999-02-01,0.0475
1999-02-02,0.0479
1999-02-03,0.0483
1999-02-04,0.0489
1999-02-05,0.049400000000000006
1999-02-08,0.049400000000000006
1999-02-09,0.049100000000000005
1999-02-10,0.049
1999-02-11,0.0493
1999-02-12,0.0506
1999-02-16,0.050300000000000004
1999-02-17,0.049800000000000004
1999-02-18,0.0504
1999-02-19,0.0507
1999-02-22,0.050300000000000004
1999-02-23,0.051
1999-02-24,0.0518
1999-02-25,0.053200000000000004
1999-02-26,0.0529
1999-03-01,0.054000000000000006
1999-03-02,0.0535
1999-03-03,0.053899999999999997
1999-03-04,0.0541
1999-03-05,0.053399999999999996
1999-03-08,0.0529
1999-03-09,0.0518
1999-03-10,0.052000000000000005
1999-03-11,0.0521
1999-03-12,0.0516
1999-03-15,0.051500000000000004
1999-03-16,0.051100000000000007
1999-03-17,0.051399999999999994
1999-03-18,0.051100000000000007
1999-03-19,0.051699999999999996
1999-03-22,0.0521
1999-03-23,0.052000000000000005
1999-03-24,0.051699999999999996
1999-03-25,0.0521
1999-03-26,0.0521
1999-03-29,0.0528
1999-03-30,0.0521
1999-03-31,0.0525
1999-04-01,0.0527
1999-04-02,0.052000000000000005
1999-04-05,0.052000000000000005
1999-04-06,0.0513
1999-04-07,0.051399999999999994
1999-04-08,0.050300000000000004
1999-04-09,0.050499999999999996
1999-04-12,0.0506
1999-04-13,0.0512
1999-04-14,0.0513
1999-04-15,0.0518
1999-04-16,0.052300000000000006
1999-04-19,0.0518
1999-04-20,0.0516
1999-04-21,0.051699999999999996
1999-04-22,0.0525
1999-04-23,0.0526
1999-04-26,0.052300000000000006
1999-04-27,0.052199999999999996
1999-04-28,0.0527
1999-04-29,0.052199999999999996
1999-04-30,0.0536
1999-05-03,0.0538
1999-05-04,0.0542
1999-05-05,0.054000000000000006
1999-05-06,0.0552
1999-05-07,0.0554
1999-05-10,0.0554
1999-05-11,0.0559
1999-05-12,0.055099999999999996
1999-05-13,0.0541
1999-05-14,0.0562
1999-05-17,0.056600000000000004
1999-05-18,0.056799999999999996
1999-05-19,0.055999999999999994
1999-05-20,0.055999999999999994
1999-05-21,0.0552
1999-05-24,0.055
1999-05-25,0.054900000000000004
1999-05-26,0.0555
1999-05-27,0.0562
1999-05-28,0.0564
1999-06-01,0.057800000000000004
1999-06-02,0.057999999999999996
1999-06-03,0.057999999999999996
1999-06-04,0.0582
1999-06-07,0.0581
1999-06-08,0.0583
1999-06-09,0.0587
1999-06-10,0.0592
1999-06-11,0.0602
1999-06-14,0.059800000000000006
1999-06-15,0.059800000000000006
1999-06-16,0.0594
1999-06-17,0.0579
1999-06-18,0.0584
1999-06-21,0.059000000000000004
1999-06-22,0.0594
1999-06-23,0.06
1999-06-24,0.0605
1999-06-25,0.0602
1999-06-28,0.0596
1999-06-29,0.0593
1999-06-30,0.0581
1999-07-01,0.058499999999999996
1999-07-02,0.0582
1999-07-06,0.0588
1999-07-07,0.0592
1999-07-08,0.058499999999999996
1999-07-09,0.0584
1999-07-12,0.0574
1999-07-13,0.0571
1999-07-14,0.0574
1999-07-15,0.0572
1999-07-16,0.056799999999999996
1999-07-19,0.056600000000000004
1999-07-20,0.0565
1999-07-21,0.056600000000000004
1999-07-22,0.057800000000000004
1999-07-23,0.0584
1999-07-26,0.058600000000000006
1999-07-27,0.0582
1999-07-28,0.0581
1999-07-29,0.0588
1999-07-30,0.0592
1999-08-02,0.0592
1999-08-03,0.059500000000000004
1999-08-04,0.0596
1999-08-05,0.0588
1999-08-06,0.0602
1999-08-09,0.0613
1999-08-10,0.0616
1999-08-11,0.0605
1999-08-12,0.0608
1999-08-13,0.059800000000000006
1999-08-16,0.059800000000000006
1999-08-17,0.058899999999999994
1999-08-18,0.0588
1999-08-19,0.059000000000000004
1999-08-20,0.0588
1999-08-23,0.058899999999999994
1999-08-24,0.058499999999999996
1999-08-25,0.057300000000000004
1999-08-26,0.0575
1999-08-27,0.058499999999999996
1999-08-30,0.059500000000000004
1999-08-31,0.059800000000000006
1999-09-01,0.0599
1999-09-02,0.0603
1999-09-03,0.058899999999999994
1999-09-07,0.059500000000000004
1999-09-08,0.0593
1999-09-09,0.059699999999999996
1999-09-10,0.058899999999999994
1999-09-13,0.0592
1999-09-14,0.0596
1999-09-15,0.0594
1999-09-16,0.059000000000000004
1999-09-17,0.0587
1999-09-20,0.0591
1999-09-21,0.0594
1999-09-22,0.0592
1999-09-23,0.0587
1999-09-24,0.0575
1999-09-27,0.0583
1999-09-28,0.058899999999999994
1999-09-29,0.059699999999999996
1999-09-30,0.059000000000000004
1999-10-01,0.06
1999-10-04,0.059500000000000004
1999-10-05,0.0602
1999-10-06,0.0604
1999-10-07,0.0605
1999-10-08,0.0604
1999-10-12,0.060700000000000004
1999-10-13,0.061200000000000004
1999-10-14,0.0617
1999-10-15,0.060899999999999996
1999-10-18,0.061200000000000004
1999-10-19,0.061799999999999994
1999-10-20,0.061900000000000004
1999-10-21,0.062
1999-10-22,0.0621
1999-10-25,0.0622
1999-10-26,0.062400000000000004
1999-10-27,0.061900000000000004
1999-10-28,0.061200000000000004
1999-10-29,0.0602
1999-11-01,0.060599999999999994
1999-11-02,0.0604
1999-11-03,0.0601
1999-11-04,0.059500000000000004
1999-11-05,0.0592
1999-11-08,0.059500000000000004
1999-11-09,0.059699999999999996
1999-11-10,0.06
1999-11-12,0.0593
1999-11-15,0.0594
1999-11-16,0.059699999999999996
1999-11-17,0.0604
1999-11-18,0.060599999999999994
1999-11-19,0.060700000000000004
1999-11-22,0.060899999999999996
1999-11-23,0.0608
1999-11-24,0.060899999999999996
1999-11-26,0.061200000000000004
1999-11-29,0.0621
1999-11-30,0.061799999999999994
1999-12-01,0.0621
1999-12-02,0.062400000000000004
1999-12-03,0.0617
1999-12-06,0.0616
1999-12-07,0.0611
1999-12-08,0.061500000000000006
1999-12-09,0.061399999999999996
1999-12-10,0.0608
1999-12-13,0.0611
1999-12-14,0.0622
1999-12-15,0.0625
1999-12-16,0.06309999999999999
1999-12-17,0.063
1999-12-20,0.0636
1999-12-21,0.0638
1999-12-22,0.0639
1999-12-23,0.0641
1999-12-27,0.064
1999-12-28,0.0643
1999-12-29,0.064
1999-12-30,0.0639
1999-12-31,0.0645
2000-01-03,0.0658
2000-01-04,0.0649
2000-01-05,0.0662
2000-01-06,0.06570000000000001
2000-01-07,0.0652
2000-01-10,0.06570000000000001
2000-01-11,0.0667
2000-01-12,0.0672
2000-01-13,0.0663
2000-01-14,0.0669
2000-01-18,0.0675
2000-01-19,0.0673
2000-01-20,0.0679
2000-01-21,0.0679
2000-01-24,0.0669
2000-01-25,0.067
2000-01-26,0.0669
2000-01-27,0.0668
2000-01-28,0.0666
2000-01-31,0.0668
2000-02-01,0.0662
2000-02-02,0.066
2000-02-03,0.0649
2000-02-04,0.0653
2000-02-07,0.0664
2000-02-08,0.0659
2000-02-09,0.06559999999999999
2000-02-10,0.0667
2000-02-11,0.0663
2000-02-14,0.06559999999999999
2000-02-15,0.06559999999999999
2000-02-16,0.06559999999999999
2000-02-17,0.0658
2000-02-18,0.0649
2000-02-22,0.0636
2000-02-23,0.0644
2000-02-24,0.0636
2000-02-25,0.0636
2000-02-28,0.0637
2000-02-29,0.0642
2000-03-01,0.0639
2000-03-02,0.064
2000-03-03,0.0639
2000-03-06,0.0642
2000-03-07,0.0639
2000-03-08,0.0638
2000-03-09,0.0635
2000-03-10,0.0639
2000-03-13,0.0636
2000-03-14,0.06309999999999999
2000-03-15,0.0629
2000-03-16,0.0626
2000-03-17,0.062
2000-03-20,0.061799999999999994
2000-03-21,0.0613
2000-03-22,0.0613
2000-03-23,0.0608
2000-03-24,0.062
2000-03-27,0.0621
2000-03-28,0.0617
2000-03-29,0.061799999999999994
2000-03-30,0.060599999999999994
2000-03-31,0.0603
2000-04-03,0.06
2000-04-04,0.059000000000000004
2000-04-05,0.059000000000000004
2000-04-06,0.0593
2000-04-07,0.058600000000000006
2000-04-10,0.057999999999999996
2000-04-11,0.058899999999999994
2000-04-12,0.059699999999999996
2000-04-13,0.0594
2000-04-14,0.058499999999999996
2000-04-17,0.0601
2000-04-18,0.0605
2000-04-19,0.0599
2000-04-20,0.0599
2000-04-24,0.06
2000-04-25,0.061399999999999996
2000-04-26,0.061399999999999996
2000-04-27,0.0623
2000-04-28,0.0623
2000-05-01,0.0629
2000-05-02,0.0632
2000-05-03,0.064
2000-05-04,0.0646
2000-05-05,0.06509999999999999
2000-05-08,0.06570000000000001
2000-05-09,0.0653
2000-05-10,0.0647
2000-05-11,0.0643
2000-05-12,0.06509999999999999
2000-05-15,0.0647
2000-05-16,0.0643
2000-05-17,0.06480000000000001
2000-05-18,0.06559999999999999
2000-05-19,0.06509999999999999
2000-05-22,0.0644
2000-05-23,0.0645
2000-05-24,0.0647
2000-05-25,0.0639
2000-05-26,0.0633
2000-05-30,0.0638
2000-05-31,0.0629
2000-06-01,0.062
2000-06-02,0.061500000000000006
2000-06-05,0.061200000000000004
2000-06-06,0.061399999999999996
2000-06-07,0.0613
2000-06-08,0.0613
2000-06-09,0.0613
2000-06-12,0.060899999999999996
2000-06-13,0.0611
2000-06-14,0.060599999999999994
2000-06-15,0.0605
2000-06-16,0.0599
2000-06-19,0.06
2000-06-20,0.0603
2000-06-21,0.0611
2000-06-22,0.061200000000000004
2000-06-23,0.061900000000000004
2000-06-26,0.0611
2000-06-27,0.061
2000-06-28,0.0611
2000-06-29,0.0604
2000-06-30,0.0603
2000-07-03,0.06
2000-07-05,0.0599
2000-07-06,0.0605
2000-07-07,0.0601
2000-07-10,0.0604
2000-07-11,0.060599999999999994
2000-07-12,0.060899999999999996
2000-07-13,0.0601
2000-07-14,0.061
2000-07-17,0.0617
2000-07-18,0.0616
2000-07-19,0.0616
2000-07-20,0.0601
2000-07-21,0.0601
2000-07-24,0.0604
2000-07-25,0.0604
2000-07-26,0.0604
2000-07-27,0.0602
2000-07-28,0.0604
2000-07-31,0.0604
2000-08-01,0.06
2000-08-02,0.059800000000000006
2000-08-03,0.059500000000000004
2000-08-04,0.0591
2000-08-07,0.059699999999999996
2000-08-08,0.0593
2000-08-09,0.0581
2000-08-10,0.0576
2000-08-11,0.0579
2000-08-14,0.057800000000000004
2000-08-15,0.0581
2000-08-16,0.0583
2000-08-17,0.0581
2000-08-18,0.057800000000000004
2000-08-21,0.0579
2000-08-22,0.057800000000000004
2000-08-23,0.057300000000000004
2000-08-24,0.057300000000000004
2000-08-25,0.057300000000000004
2000-08-28,0.057800000000000004
2000-08-29,0.0581
2000-08-30,0.0581
2000-08-31,0.057300000000000004
2000-09-01,0.056799999999999996
2000-09-05,0.056900000000000006
2000-09-06,0.0572
2000-09-07,0.0576
2000-09-08,0.057300000000000004
2000-09-11,0.057699999999999994
2000-09-12,0.057800000000000004
2000-09-13,0.0574
2000-09-14,0.0579
2000-09-15,0.0584
2000-09-18,0.0588
2000-09-19,0.058600000000000006
2000-09-20,0.0591
2000-09-21,0.0588
2000-09-22,0.058499999999999996
2000-09-25,0.0584
2000-09-26,0.0581
2000-09-27,0.0583
2000-09-28,0.0582
2000-09-29,0.057999999999999996
2000-10-02,0.0583
2000-10-03,0.0587
2000-10-04,0.059000000000000004
2000-10-05,0.0587
2000-10-06,0.0582
2000-10-10,0.057999999999999996
2000-10-11,0.057699999999999994
2000-10-12,0.057300000000000004
2000-10-13,0.057300000000000004
2000-10-16,0.0574
2000-10-17,0.056799999999999996
2000-10-18,0.056600000000000004
2000-10-19,0.056600000000000004
2000-10-20,0.0564
2000-10-23,0.0559
2000-10-24,0.056299999999999996
2000-10-25,0.0567
2000-10-26,0.056900000000000006
2000-10-27,0.0572
2000-10-30,0.0574
2000-10-31,0.057699999999999994
2000-11-01,0.0574
2000-11-02,0.0574
2000-11-03,0.0583
2000-11-06,0.0587
2000-11-07,0.0587
2000-11-08,0.0587
2000-11-09,0.0582
2000-11-10,0.0582
2000-11-13,0.057699999999999994
2000-11-14,0.0576
2000-11-15,0.0572
2000-11-16,0.056799999999999996
2000-11-17,0.0571
2000-11-20,0.056799999999999996
2000-11-21,0.0567
2000-11-22,0.0562
2000-11-24,0.056299999999999996
2000-11-27,0.0564
2000-11-28,0.0559
2000-11-29,0.0555
2000-11-30,0.0548
2000-12-01,0.0552
2000-12-04,0.0553
2000-12-05,0.054299999999999994
2000-12-06,0.053200000000000004
2000-12-07,0.053200000000000004
2000-12-08,0.0535
2000-12-11,0.0537
2000-12-12,0.0536
2000-12-13,0.0529
2000-12-14,0.052300000000000006
2000-12-15,0.052000000000000005
2000-12-18,0.051699999999999996
2000-12-19,0.0519
2000-12-20,0.0508
2000-12-21,0.050300000000000004
2000-12-22,0.050199999999999995
2000-12-26,0.0504
2000-12-27,0.051100000000000007
2000-12-28,0.0513
2000-12-29,0.0512
2001-01-02,0.0492
2001-01-03,0.051399999999999994
2001-01-04,0.050300000000000004
2001-01-05,0.0493
2001-01-08,0.049400000000000006
2001-01-09,0.049800000000000004
2001-01-10,0.051
2001-01-11,0.051399999999999994
2001-01-12,0.0525
2001-01-16,0.0524
2001-01-17,0.0519
2001-01-18,0.0512
2001-01-19,0.0519
2001-01-22,0.0525
2001-01-23,0.053
2001-01-24,0.0533
2001-01-25,0.0529
2001-01-26,0.0529
2001-01-29,0.053200000000000004
2001-01-30,0.0524
2001-01-31,0.0519
2001-02-01,0.051
2001-02-02,0.051699999999999996
2001-02-05,0.0518
2001-02-06,0.052199999999999996
2001-02-07,0.051
2001-02-08,0.051
2001-02-09,0.050300000000000004
2001-02-12,0.050499999999999996
2001-02-13,0.0507
2001-02-14,0.0513
2001-02-15,0.0519
2001-02-16,0.051100000000000007
2001-02-20,0.051100000000000007
2001-02-21,0.051399999999999994
2001-02-22,0.051500000000000004
2001-02-23,0.051
2001-02-26,0.050499999999999996
2001-02-27,0.0496
2001-02-28,0.0492
2001-03-01,0.0487
2001-03-02,0.0495
2001-03-05,0.049800000000000004
2001-03-06,0.0499
2001-03-07,0.0492
2001-03-08,0.0489
2001-03-09,0.0495
2001-03-12,0.0492
2001-03-13,0.0495
2001-03-14,0.0484
2001-03-15,0.0481
2001-03-16,0.0478
2001-03-19,0.0482
2001-03-20,0.0478
2001-03-21,0.04769999999999999
2001-03-22,0.0473
2001-03-23,0.048
2001-03-26,0.048499999999999995
2001-03-27,0.05
2001-03-28,0.049699999999999994
2001-03-29,0.049800000000000004
2001-03-30,0.0493
2001-04-02,0.049800000000000004
2001-04-03,0.049400000000000006
2001-04-04,0.049400000000000006
2001-04-05,0.049800000000000004
2001-04-06,0.0489
2001-04-09,0.0493
2001-04-10,0.0509
2001-04-11,0.0512
2001-04-12,0.051699999999999996
2001-04-16,0.0528
2001-04-17,0.0521
2001-04-18,0.051399999999999994
2001-04-19,0.0527
2001-04-20,0.0529
2001-04-23,0.052000000000000005
2001-04-24,0.052199999999999996
2001-04-25,0.0528
2001-04-26,0.052000000000000005
2001-04-27,0.053399999999999996
2001-04-30,0.0535
2001-05-01,0.053
2001-05-02,0.053099999999999994
2001-05-03,0.052199999999999996
2001-05-04,0.0521
2001-05-07,0.0521
2001-05-08,0.0524
2001-05-09,0.052000000000000005
2001-05-10,0.053099999999999994
2001-05-11,0.055099999999999996
2001-05-14,0.0546
2001-05-15,0.055
2001-05-16,0.0548
2001-05-17,0.0546
2001-05-18,0.0541
2001-05-21,0.0541
2001-05-22,0.0542
2001-05-23,0.0541
2001-05-24,0.0552
2001-05-25,0.0552
2001-05-29,0.0554
2001-05-30,0.0554
2001-05-31,0.054299999999999994
2001-06-01,0.053899999999999997
2001-06-04,0.0535
2001-06-05,0.0529
2001-06-06,0.0527
2001-06-07,0.0533
2001-06-08,0.0538
2001-06-11,0.053200000000000004
2001-06-12,0.0527
2001-06-13,0.0528
2001-06-14,0.0526
2001-06-15,0.0527
2001-06-18,0.0527
2001-06-19,0.0526
2001-06-20,0.0524
2001-06-21,0.052199999999999996
2001-06-22,0.051399999999999994
2001-06-25,0.0516
2001-06-26,0.0524
2001-06-27,0.0526
2001-06-28,0.0535
2001-06-29,0.0542
2001-07-02,0.0537
2001-07-03,0.0541
2001-07-05,0.054400000000000004
2001-07-06,0.0541
2001-07-09,0.0537
2001-07-10,0.053200000000000004
2001-07-11,0.053099999999999994
2001-07-12,0.0527
2001-07-13,0.0527
2001-07-16,0.0521
2001-07-17,0.052199999999999996
2001-07-18,0.0512
2001-07-19,0.0513
2001-07-20,0.051500000000000004
2001-07-23,0.0513
2001-07-24,0.0513
2001-07-25,0.052000000000000005
2001-07-26,0.0519
2001-07-27,0.0513
2001-07-30,0.051100000000000007
2001-07-31,0.0507
2001-08-01,0.051100000000000007
2001-08-02,0.051699999999999996
2001-08-03,0.052000000000000005
2001-08-06,0.0519
2001-08-07,0.052000000000000005
2001-08-08,0.0499
2001-08-09,0.0504
2001-08-10,0.0499
2001-08-13,0.049699999999999994
2001-08-14,0.049699999999999994
2001-08-15,0.05
2001-08-16,0.0495
2001-08-17,0.0484
2001-08-20,0.049100000000000005
2001-08-21,0.0487
2001-08-22,0.049100000000000005
2001-08-23,0.0489
2001-08-24,0.0493
2001-08-27,0.049400000000000006
2001-08-28,0.048499999999999995
2001-08-29,0.0478
2001-08-30,0.0479
2001-08-31,0.048499999999999995
2001-09-04,0.0499
2001-09-05,0.049699999999999994
2001-09-06,0.048600000000000004
2001-09-07,0.048
2001-09-10,0.0484
2001-09-13,0.0464
2001-09-14,0.045700000000000005
2001-09-17,0.0463
2001-09-18,0.0472
2001-09-19,0.046900000000000004
2001-09-20,0.0475
2001-09-21,0.047
2001-09-24,0.0473
2001-09-25,0.0472
2001-09-26,0.04650000000000001
2001-09-27,0.0458
2001-09-28,0.046
2001-10-01,0.0455
2001-10-02,0.0453
2001-10-03,0.045
2001-10-04,0.0453
2001-10-05,0.0452
2001-10-09,0.0462
2001-10-10,0.0461
2001-10-11,0.046900000000000004
2001-10-12,0.046799999999999994
2001-10-15,0.0462
2001-10-16,0.045899999999999996
2001-10-17,0.045899999999999996
2001-10-18,0.0458
2001-10-19,0.0463
2001-10-22,0.0463
2001-10-23,0.0466
2001-10-24,0.0461
2001-10-25,0.045599999999999995
2001-10-26,0.0453
2001-10-29,0.045
2001-10-30,0.0444
2001-10-31,0.043
2001-11-01,0.0424
2001-11-02,0.0437
2001-11-05,0.0431
2001-11-06,0.043
2001-11-07,0.042199999999999994
2001-11-08,0.0432
2001-11-09,0.0434
2001-11-13,0.0441
2001-11-14,0.0454
2001-11-15,0.0479
2001-11-16,0.049100000000000005
2001-11-19,0.048
2001-11-20,0.048799999999999996
2001-11-21,0.049800000000000004
2001-11-23,0.0504
2001-11-26,0.050499999999999996
2001-11-27,0.049800000000000004
2001-11-28,0.049800000000000004
2001-11-29,0.0479
2001-11-30,0.0478
2001-12-03,0.0475
2001-12-04,0.047
2001-12-05,0.0492
2001-12-06,0.0504
2001-12-07,0.052000000000000005
2001-12-10,0.051699999999999996
2001-12-11,0.0513
2001-12-12,0.050199999999999995
2001-12-13,0.0513
2001-12-14,0.0524
2001-12-17,0.0526
2001-12-18,0.0516
2001-12-19,0.0508
2001-12-20,0.0508
2001-12-21,0.0512
2001-12-24,0.0518
2001-12-26,0.052199999999999996
2001-12-27,0.0513
2001-12-28,0.051500000000000004
2001-12-31,0.0507
2002-01-02,0.052000000000000005
2002-01-03,0.0516
2002-01-04,0.0518
2002-01-07,0.0509
2002-01-08,0.051
2002-01-09,0.051
2002-01-10,0.05
2002-01-11,0.0492
2002-01-14,0.049100000000000005
2002-01-15,0.048799999999999996
2002-01-16,0.048799999999999996
2002-01-17,0.049800000000000004
2002-01-18,0.049400000000000006
2002-01-22,0.0496
2002-01-23,0.050499999999999996
2002-01-24,0.0507
2002-01-25,0.051
2002-01-28,0.0512
2002-01-29,0.050199999999999995
2002-01-30,0.050199999999999995
2002-01-31,0.0507
2002-02-01,0.050199999999999995
2002-02-04,0.049400000000000006
2002-02-05,0.0492
2002-02-06,0.0492
2002-02-07,0.0493
2002-02-08,0.049
2002-02-11,0.049100000000000005
2002-02-12,0.049699999999999994
2002-02-13,0.0501
2002-02-14,0.0495
2002-02-15,0.048600000000000004
2002-02-19,0.048799999999999996
2002-02-20,0.048799999999999996
2002-02-21,0.048799999999999996
2002-02-22,0.0484
2002-02-25,0.048600000000000004
2002-02-26,0.0493
2002-02-27,0.0484
2002-02-28,0.048799999999999996
2002-03-01,0.049800000000000004
2002-03-04,0.050199999999999995
2002-03-05,0.050199999999999995
2002-03-06,0.0506
2002-03-07,0.052199999999999996
2002-03-08,0.0533
2002-03-11,0.0533
2002-03-12,0.053200000000000004
2002-03-13,0.0528
2002-03-14,0.054000000000000006
2002-03-15,0.0535
2002-03-18,0.053200000000000004
2002-03-19,0.0533
2002-03-20,0.054000000000000006
2002-03-21,0.053899999999999997
2002-03-22,0.054000000000000006
2002-03-25,0.0541
2002-03-26,0.0535
2002-03-27,0.0535
2002-03-28,0.0542
2002-04-01,0.054400000000000004
2002-04-02,0.0536
2002-04-03,0.053
2002-04-04,0.0528
2002-04-05,0.052199999999999996
2002-04-08,0.0525
2002-04-09,0.052199999999999996
2002-04-10,0.0524
2002-04-11,0.052199999999999996
2002-04-12,0.0518
2002-04-15,0.051500000000000004
2002-04-16,0.052000000000000005
2002-04-17,0.0524
2002-04-18,0.052300000000000006
2002-04-19,0.0521
2002-04-22,0.0519
2002-04-23,0.0518
2002-04-24,0.051100000000000007
2002-04-25,0.051
2002-04-26,0.0508
2002-04-29,0.0513
2002-04-30,0.051100000000000007
2002-05-01,0.0508
2002-05-02,0.0513
2002-05-03,0.0508
2002-05-06,0.051
2002-05-07,0.0509
2002-05-08,0.0524
2002-05-09,0.052000000000000005
2002-05-10,0.051500000000000004
2002-05-13,0.052300000000000006
2002-05-14,0.053200000000000004
2002-05-15,0.0528
2002-05-16,0.052000000000000005
2002-05-17,0.0527
2002-05-20,0.0521
2002-05-21,0.0518
2002-05-22,0.0513
2002-05-23,0.0516
2002-05-24,0.0516
2002-05-28,0.0516
2002-05-29,0.051100000000000007
2002-05-30,0.0506
2002-05-31,0.0508
2002-06-03,0.0506
2002-06-04,0.0504
2002-06-05,0.0508
2002-06-06,0.0504
2002-06-07,0.051
2002-06-10,0.0507
2002-06-11,0.050199999999999995
2002-06-12,0.049800000000000004
2002-06-13,0.049400000000000006
2002-06-14,0.0483
2002-06-17,0.0489
2002-06-18,0.048799999999999996
2002-06-19,0.047599999999999996
2002-06-20,0.048499999999999995
2002-06-21,0.0479
2002-06-24,0.0487
2002-06-25,0.048799999999999996
2002-06-26,0.0475
2002-06-27,0.0484
2002-06-28,0.048600000000000004
2002-07-01,0.048499999999999995
2002-07-02,0.04769999999999999
2002-07-03,0.0478
2002-07-05,0.049
2002-07-08,0.0484
2002-07-09,0.0478
2002-07-10,0.0466
2002-07-11,0.0466
2002-07-12,0.0463
2002-07-15,0.0466
2002-07-16,0.0475
2002-07-17,0.0471
2002-07-18,0.0466
2002-07-19,0.0461
2002-07-22,0.0451
2002-07-23,0.0447
2002-07-24,0.0449
2002-07-25,0.0443
2002-07-26,0.0443
2002-07-29,0.0462
2002-07-30,0.04650000000000001
2002-07-31,0.0451
2002-08-01,0.0447
2002-08-02,0.0433
2002-08-05,0.0429
2002-08-06,0.044199999999999996
2002-08-07,0.0435
2002-08-08,0.044000000000000004
2002-08-09,0.042699999999999995
2002-08-12,0.042199999999999994
2002-08-13,0.0412
2002-08-14,0.0406
2002-08-15,0.0417
2002-08-16,0.0432
2002-08-19,0.0429
2002-08-20,0.0417
2002-08-21,0.042
2002-08-22,0.043
2002-08-23,0.0425
2002-08-26,0.042199999999999994
2002-08-27,0.0429
2002-08-28,0.042199999999999994
2002-08-29,0.0416
2002-08-30,0.0414
2002-09-03,0.0398
2002-09-04,0.039599999999999996
2002-09-05,0.0391
2002-09-06,0.0405
2002-09-09,0.0405
2002-09-10,0.04
2002-09-11,0.0407
2002-09-12,0.0398
2002-09-13,0.0392
2002-09-16,0.039
2002-09-17,0.0387
2002-09-18,0.038599999999999995
2002-09-19,0.0379
2002-09-20,0.0379
2002-09-23,0.037000000000000005
2002-09-24,0.0369
2002-09-25,0.0377
2002-09-26,0.0379
2002-09-27,0.0369
2002-09-30,0.0363
2002-10-01,0.037200000000000004
2002-10-02,0.0371
2002-10-03,0.037000000000000005
2002-10-04,0.0369
2002-10-07,0.0364
2002-10-08,0.0365
2002-10-09,0.0361
2002-10-10,0.0368
2002-10-11,0.0383
2002-10-15,0.0407
2002-10-16,0.0406
2002-10-17,0.0416
2002-10-18,0.0414
2002-10-21,0.0424
2002-10-22,0.042699999999999995
2002-10-23,0.0426
2002-10-24,0.0416
2002-10-25,0.0412
2002-10-28,0.040999999999999995
2002-10-29,0.0397
2002-10-30,0.039900000000000005
2002-10-31,0.0393
2002-11-01,0.0401
2002-11-04,0.0407
2002-11-05,0.040999999999999995
2002-11-06,0.0409
2002-11-07,0.0388
2002-11-08,0.0385
2002-11-12,0.0384
2002-11-13,0.0384
2002-11-14,0.0403
2002-11-15,0.0405
2002-11-18,0.04019999999999999
2002-11-19,0.039900000000000005
2002-11-20,0.0408
2002-11-21,0.0414
2002-11-22,0.0418
2002-11-25,0.04190000000000001
2002-11-26,0.0408
2002-11-27,0.0426
2002-11-29,0.042199999999999994
2002-12-02,0.042199999999999994
2002-12-03,0.0424
2002-12-04,0.0418
2002-12-05,0.041299999999999996
2002-12-06,0.0409
2002-12-09,0.0406
2002-12-10,0.0406
2002-12-11,0.0401
2002-12-12,0.0401
2002-12-13,0.0407
2002-12-16,0.0415
2002-12-17,0.041299999999999996
2002-12-18,0.0406
2002-12-19,0.039599999999999996
2002-12-20,0.0397
2002-12-23,0.0398
2002-12-24,0.0395
2002-12-26,0.0393
2002-12-27,0.0383
2002-12-30,0.0382
2002-12-31,0.0383
2003-01-02,0.0407
2003-01-03,0.0405
2003-01-06,0.0409
2003-01-07,0.0404
2003-01-08,0.04
2003-01-09,0.04190000000000001
2003-01-10,0.0416
2003-01-13,0.0415
2003-01-14,0.040999999999999995
2003-01-15,0.040999999999999995
2003-01-16,0.040999999999999995
2003-01-17,0.0405
2003-01-21,0.0401
2003-01-22,0.0395
2003-01-23,0.0398
2003-01-24,0.0394
2003-01-27,0.0398
2003-01-28,0.04
2003-01-29,0.0406
2003-01-30,0.04
2003-01-31,0.04
2003-02-03,0.0401
2003-02-04,0.039599999999999996
2003-02-05,0.04019999999999999
2003-02-06,0.0397
2003-02-07,0.039599999999999996
2003-02-10,0.039900000000000005
2003-02-11,0.0398
2003-02-12,0.0393
2003-02-13,0.038900000000000004
2003-02-14,0.0395
2003-02-18,0.0394
2003-02-19,0.0388
2003-02-20,0.0385
2003-02-21,0.039
2003-02-24,0.038599999999999995
2003-02-25,0.0381
2003-02-26,0.0378
2003-02-27,0.037599999999999995
2003-02-28,0.0371
2003-03-03,0.0368
2003-03-04,0.0365
2003-03-05,0.0363
2003-03-06,0.036699999999999997
2003-03-07,0.0363
2003-03-10,0.0359
2003-03-11,0.036000000000000004
2003-03-12,0.036000000000000004
2003-03-13,0.0374
2003-03-14,0.037200000000000004
2003-03-17,0.0382
2003-03-18,0.0391
2003-03-19,0.0398
2003-03-20,0.0401
2003-03-21,0.041100000000000005
2003-03-24,0.0398
2003-03-25,0.0397
2003-03-26,0.039599999999999996
2003-03-27,0.0395
2003-03-28,0.0392
2003-03-31,0.0383
2003-04-01,0.0384
2003-04-02,0.0394
2003-04-03,0.0393
2003-04-04,0.039599999999999996
2003-04-07,0.0403
2003-04-08,0.0395
2003-04-09,0.0393
2003-04-10,0.0395
2003-04-11,0.04
2003-04-14,0.0404
2003-04-15,0.0398
2003-04-16,0.039599999999999996
2003-04-17,0.0398
2003-04-21,0.04
2003-04-22,0.0401
2003-04-23,0.04019999999999999
2003-04-24,0.0393
2003-04-25,0.0391
2003-04-28,0.0392
2003-04-29,0.039599999999999996
2003-04-30,0.038900000000000004
2003-05-01,0.0388
2003-05-02,0.0394
2003-05-05,0.0392
2003-05-06,0.0384
2003-05-07,0.037200000000000004
2003-05-08,0.037000000000000005
2003-05-09,0.0369
2003-05-12,0.0364
2003-05-13,0.0363
2003-05-14,0.0353
2003-05-15,0.0353
2003-05-16,0.0346
2003-05-19,0.0346
2003-05-20,0.0338
2003-05-21,0.0339
2003-05-22,0.0334
2003-05-23,0.0334
2003-05-27,0.0341
2003-05-28,0.0344
2003-05-29,0.0334
2003-05-30,0.0337
2003-06-02,0.034300000000000004
2003-06-03,0.0334
2003-06-04,0.033
2003-06-05,0.0334
2003-06-06,0.0337
2003-06-09,0.0329
2003-06-10,0.032
2003-06-11,0.0321
2003-06-12,0.0318
2003-06-13,0.0313
2003-06-16,0.0318
2003-06-17,0.0327
2003-06-18,0.0337
2003-06-19,0.0335
2003-06-20,0.034
2003-06-23,0.0332
2003-06-24,0.0329
2003-06-25,0.0338
2003-06-26,0.0355
2003-06-27,0.0358
2003-06-30,0.0354
2003-07-01,0.0356
2003-07-02,0.0356
2003-07-03,0.036699999999999997
2003-07-07,0.0374
2003-07-08,0.0375
2003-07-09,0.0373
2003-07-10,0.037000000000000005
2003-07-11,0.0366
2003-07-14,0.0374
2003-07-15,0.0394
2003-07-16,0.0397
2003-07-17,0.0398
2003-07-18,0.04
2003-07-21,0.04190000000000001
2003-07-22,0.0417
2003-07-23,0.0412
2003-07-24,0.042
2003-07-25,0.042199999999999994
2003-07-28,0.0431
2003-07-29,0.044199999999999996
2003-07-30,0.0434
2003-07-31,0.0449
2003-08-01,0.0444
2003-08-04,0.0435
2003-08-05,0.0447
2003-08-06,0.0432
2003-08-07,0.043
2003-08-08,0.042699999999999995
2003-08-11,0.0438
2003-08-12,0.0437
2003-08-13,0.0458
2003-08-14,0.0455
2003-08-15,0.0455
2003-08-18,0.0449
2003-08-19,0.0438
2003-08-20,0.044500000000000005
2003-08-21,0.0453
2003-08-22,0.044800000000000006
2003-08-25,0.0453
2003-08-26,0.045
2003-08-27,0.0454
2003-08-28,0.044199999999999996
2003-08-29,0.044500000000000005
2003-09-02,0.0461
2003-09-03,0.046
2003-09-04,0.0452
2003-09-05,0.0435
2003-09-08,0.0441
2003-09-09,0.0437
2003-09-10,0.042800000000000005
2003-09-11,0.0435
2003-09-12,0.042699999999999995
2003-09-15,0.042800000000000005
2003-09-16,0.0429
2003-09-17,0.042
2003-09-18,0.04190000000000001
2003-09-19,0.0417
2003-09-22,0.0426
2003-09-23,0.0424
2003-09-24,0.0416
2003-09-25,0.0412
2003-09-26,0.0404
2003-09-29,0.0409
2003-09-30,0.039599999999999996
2003-10-01,0.039599999999999996
2003-10-02,0.0403
2003-10-03,0.0421
2003-10-06,0.0417
2003-10-07,0.042699999999999995
2003-10-08,0.042699999999999995
2003-10-09,0.0432
2003-10-10,0.0429
2003-10-14,0.0437
2003-10-15,0.0443
2003-10-16,0.0447
2003-10-17,0.0441
2003-10-20,0.0441
2003-10-21,0.0438
2003-10-22,0.0429
2003-10-23,0.0434
2003-10-24,0.0424
2003-10-27,0.043
2003-10-28,0.042300000000000004
2003-10-29,0.0431
2003-10-30,0.0436
2003-10-31,0.0433
2003-11-03,0.044000000000000004
2003-11-04,0.0433
2003-11-05,0.0438
2003-11-06,0.044500000000000005
2003-11-07,0.044800000000000006
2003-11-10,0.0449
2003-11-12,0.0444
2003-11-13,0.043
2003-11-14,0.042199999999999994
2003-11-17,0.0418
2003-11-18,0.0417
2003-11-19,0.0424
2003-11-20,0.0416
2003-11-21,0.0415
2003-11-24,0.042300000000000004
2003-11-25,0.04190000000000001
2003-11-26,0.0425
2003-11-28,0.0434
2003-12-01,0.044000000000000004
2003-12-02,0.0438
2003-12-03,0.0441
2003-12-04,0.0438
2003-12-05,0.042300000000000004
2003-12-08,0.0429
2003-12-09,0.0432
2003-12-10,0.043
2003-12-11,0.042699999999999995
2003-12-12,0.0426
2003-12-15,0.042800000000000005
2003-12-16,0.0424
2003-12-17,0.04190000000000001
2003-12-18,0.0416
2003-12-19,0.0415
2003-12-22,0.0418
2003-12-23,0.042800000000000005
2003-12-24,0.042
2003-12-26,0.0417
2003-12-29,0.0424
2003-12-30,0.0429
2003-12-31,0.042699999999999995
2004-01-02,0.0438
2004-01-05,0.0441
2004-01-06,0.0429
2004-01-07,0.042699999999999995
2004-01-08,0.042699999999999995
2004-01-09,0.041100000000000005
2004-01-12,0.041100000000000005
2004-01-13,0.0405
2004-01-14,0.0401
2004-01-15,0.039900000000000005
2004-01-16,0.0404
2004-01-20,0.0408
2004-01-21,0.0405
2004-01-22,0.039900000000000005
2004-01-23,0.0409
2004-01-26,0.0416
2004-01-27,0.041100000000000005
2004-01-28,0.042199999999999994
2004-01-29,0.042199999999999994
2004-01-30,0.0416
2004-02-02,0.0418
2004-02-03,0.041299999999999996
2004-02-04,0.0415
2004-02-05,0.042
2004-02-06,0.0412
2004-02-09,0.0409
2004-02-10,0.041299999999999996
2004-02-11,0.0405
2004-02-12,0.040999999999999995
2004-02-13,0.0405
2004-02-17,0.0405
2004-02-18,0.0405
2004-02-19,0.0405
2004-02-20,0.040999999999999995
2004-02-23,0.0405
2004-02-24,0.0404
2004-02-25,0.04019999999999999
2004-02-26,0.0405
2004-02-27,0.039900000000000005
2004-03-01,0.04
2004-03-02,0.0405
2004-03-03,0.0407
2004-03-04,0.0404
2004-03-05,0.0385
2004-03-08,0.0378
2004-03-09,0.0373
2004-03-10,0.0374
2004-03-11,0.0374
2004-03-12,0.0378
2004-03-15,0.0378
2004-03-16,0.037000000000000005
2004-03-17,0.0371
2004-03-18,0.037599999999999995
2004-03-19,0.038
2004-03-22,0.0374
2004-03-23,0.0373
2004-03-24,0.0373
2004-03-25,0.0375
2004-03-26,0.0385
2004-03-29,0.0391
2004-03-30,0.0391
2004-03-31,0.038599999999999995
2004-04-01,0.0391
2004-04-02,0.0415
2004-04-05,0.0424
2004-04-06,0.04190000000000001
2004-04-07,0.04190000000000001
2004-04-08,0.0421
2004-04-12,0.0425
2004-04-13,0.0435
2004-04-14,0.044000000000000004
2004-04-15,0.044199999999999996
2004-04-16,0.0437
2004-04-19,0.043899999999999995
2004-04-20,0.0443
2004-04-21,0.044500000000000005
2004-04-22,0.044000000000000004
2004-04-23,0.044800000000000006
2004-04-26,0.0446
2004-04-27,0.0443
2004-04-28,0.045
2004-04-29,0.0455
2004-04-30,0.0453
2004-05-03,0.0453
2004-05-04,0.045599999999999995
2004-05-05,0.0461
2004-05-06,0.0463
2004-05-07,0.0479
2004-05-10,0.0481
2004-05-11,0.0479
2004-05-12,0.0483
2004-05-13,0.048499999999999995
2004-05-14,0.0479
2004-05-17,0.047
2004-05-18,0.047400000000000005
2004-05-19,0.0479
2004-05-20,0.0472
2004-05-21,0.047599999999999996
2004-05-24,0.0475
2004-05-25,0.0473
2004-05-26,0.0467
2004-05-27,0.046
2004-05-28,0.0466
2004-06-01,0.0471
2004-06-02,0.047400000000000005
2004-06-03,0.0471
2004-06-04,0.0478
2004-06-07,0.0478
2004-06-08,0.0478
2004-06-09,0.0482
2004-06-10,0.0481
2004-06-14,0.0489
2004-06-15,0.046900000000000004
2004-06-16,0.047400000000000005
2004-06-17,0.0471
2004-06-18,0.0472
2004-06-21,0.047
2004-06-22,0.0472
2004-06-23,0.0471
2004-06-24,0.0466
2004-06-25,0.0466
2004-06-28,0.047599999999999996
2004-06-29,0.047
2004-06-30,0.0462
2004-07-01,0.045700000000000005
2004-07-02,0.044800000000000006
2004-07-06,0.0449
2004-07-07,0.045
2004-07-08,0.0449
2004-07-09,0.0449
2004-07-12,0.0446
2004-07-13,0.045
2004-07-14,0.045
2004-07-15,0.045
2004-07-16,0.0438
2004-07-19,0.0438
2004-07-20,0.0447
2004-07-21,0.045
2004-07-22,0.044800000000000006
2004-07-23,0.044500000000000005
2004-07-26,0.0449
2004-07-27,0.0462
2004-07-28,0.0461
2004-07-29,0.046
2004-07-30,0.045
2004-08-02,0.044800000000000006
2004-08-03,0.044500000000000005
2004-08-04,0.044500000000000005
2004-08-05,0.0443
2004-08-06,0.0424
2004-08-09,0.042800000000000005
2004-08-10,0.0432
2004-08-11,0.043
2004-08-12,0.042699999999999995
2004-08-13,0.042199999999999994
2004-08-16,0.0426
2004-08-17,0.0421
2004-08-18,0.042300000000000004
2004-08-19,0.042199999999999994
2004-08-20,0.0424
2004-08-23,0.042800000000000005
2004-08-24,0.042800000000000005
2004-08-25,0.0426
2004-08-26,0.042199999999999994
2004-08-27,0.042300000000000004
2004-08-30,0.04190000000000001
2004-08-31,0.041299999999999996
2004-09-01,0.041299999999999996
2004-09-02,0.042
2004-09-03,0.043
2004-09-07,0.0426
2004-09-08,0.0418
2004-09-09,0.042199999999999994
2004-09-10,0.04190000000000001
2004-09-13,0.0416
2004-09-14,0.0415
2004-09-15,0.0418
2004-09-16,0.0408
2004-09-17,0.0414
2004-09-20,0.0407
2004-09-21,0.0405
2004-09-22,0.04
2004-09-23,0.04019999999999999
2004-09-24,0.0404
2004-09-27,0.0401
2004-09-28,0.04019999999999999
2004-09-29,0.040999999999999995
2004-09-30,0.0414
2004-10-01,0.0421
2004-10-04,0.04190000000000001
2004-10-05,0.0418
2004-10-06,0.042300000000000004
2004-10-07,0.0426
2004-10-08,0.0415
2004-10-12,0.0412
2004-10-13,0.0409
2004-10-14,0.0403
2004-10-15,0.0407
2004-10-18,0.0407
2004-10-19,0.0407
2004-10-20,0.0401
2004-10-21,0.0401
2004-10-22,0.04
2004-10-25,0.039900000000000005
2004-10-26,0.0401
2004-10-27,0.041100000000000005
2004-10-28,0.0409
2004-10-29,0.0405
2004-11-01,0.041100000000000005
2004-11-02,0.040999999999999995
2004-11-03,0.0409
2004-11-04,0.040999999999999995
2004-11-05,0.0421
2004-11-08,0.042199999999999994
2004-11-09,0.042199999999999994
2004-11-10,0.0425
2004-11-12,0.042
2004-11-15,0.042
2004-11-16,0.0421
2004-11-17,0.0414
2004-11-18,0.0412
2004-11-19,0.042
2004-11-22,0.0418
2004-11-23,0.04190000000000001
2004-11-24,0.042
2004-11-26,0.0424
2004-11-29,0.0434
2004-11-30,0.0436
2004-12-01,0.0438
2004-12-02,0.044000000000000004
2004-12-03,0.042699999999999995
2004-12-06,0.0424
2004-12-07,0.042300000000000004
2004-12-08,0.0414
2004-12-09,0.04190000000000001
2004-12-10,0.0416
2004-12-13,0.0416
2004-12-14,0.0414
2004-12-15,0.0409
2004-12-16,0.04190000000000001
2004-12-17,0.0421
2004-12-20,0.0421
2004-12-21,0.0418
2004-12-22,0.0421
2004-12-23,0.042300000000000004
2004-12-27,0.043
2004-12-28,0.0431
2004-12-29,0.0433
2004-12-30,0.042699999999999995
2004-12-31,0.0424
2005-01-03,0.042300000000000004
2005-01-04,0.0429
2005-01-05,0.0429
2005-01-06,0.0429
2005-01-07,0.0429
2005-01-10,0.0429
2005-01-11,0.0426
2005-01-12,0.0425
2005-01-13,0.042
2005-01-14,0.042300000000000004
2005-01-18,0.0421
2005-01-19,0.042
2005-01-20,0.0417
2005-01-21,0.0416
2005-01-24,0.0414
2005-01-25,0.042
2005-01-26,0.0421
2005-01-27,0.042199999999999994
2005-01-28,0.0416
2005-01-31,0.0414
2005-02-01,0.0415
2005-02-02,0.0415
2005-02-03,0.0418
2005-02-04,0.0409
2005-02-07,0.0407
2005-02-08,0.0405
2005-02-09,0.04
2005-02-10,0.0407
2005-02-11,0.040999999999999995
2005-02-14,0.0408
2005-02-15,0.040999999999999995
2005-02-16,0.0416
2005-02-17,0.04190000000000001
2005-02-18,0.042699999999999995
2005-02-22,0.0429
2005-02-23,0.042699999999999995
2005-02-24,0.0429
2005-02-25,0.042699999999999995
2005-02-28,0.0436
2005-03-01,0.0438
2005-03-02,0.0438
2005-03-03,0.043899999999999995
2005-03-04,0.0432
2005-03-07,0.0431
2005-03-08,0.0438
2005-03-09,0.0452
2005-03-10,0.044800000000000006
2005-03-11,0.045599999999999995
2005-03-14,0.0452
2005-03-15,0.0454
2005-03-16,0.0452
2005-03-17,0.0447
2005-03-18,0.0451
2005-03-21,0.0453
2005-03-22,0.0463
2005-03-23,0.0461
2005-03-24,0.046
2005-03-28,0.0464
2005-03-29,0.046
2005-03-30,0.045599999999999995
2005-03-31,0.045
2005-04-01,0.0446
2005-04-04,0.0447
2005-04-05,0.044800000000000006
2005-04-06,0.0444
2005-04-07,0.0449
2005-04-08,0.045
2005-04-11,0.044500000000000005
2005-04-12,0.0438
2005-04-13,0.0438
2005-04-14,0.0437
2005-04-15,0.042699999999999995
2005-04-18,0.042699999999999995
2005-04-19,0.0421
2005-04-20,0.042199999999999994
2005-04-21,0.0432
2005-04-22,0.0426
2005-04-25,0.0426
2005-04-26,0.042800000000000005
2005-04-27,0.0425
2005-04-28,0.04190000000000001
2005-04-29,0.0421
2005-05-02,0.0421
2005-05-03,0.0421
2005-05-04,0.042
2005-05-05,0.04190000000000001
2005-05-06,0.042800000000000005
2005-05-09,0.0429
2005-05-10,0.042300000000000004
2005-05-11,0.0421
2005-05-12,0.0418
2005-05-13,0.0412
2005-05-16,0.041299999999999996
2005-05-17,0.0412
2005-05-18,0.0407
2005-05-19,0.041100000000000005
2005-05-20,0.041299999999999996
2005-05-23,0.0407
2005-05-24,0.0404
2005-05-25,0.0408
2005-05-26,0.0408
2005-05-27,0.0408
2005-05-31,0.04
2005-06-01,0.0391
2005-06-02,0.038900000000000004
2005-06-03,0.0398
2005-06-06,0.039599999999999996
2005-06-07,0.0392
2005-06-08,0.0395
2005-06-09,0.0398
2005-06-10,0.0405
2005-06-13,0.0409
2005-06-14,0.041299999999999996
2005-06-15,0.0412
2005-06-16,0.0409
2005-06-17,0.0409
2005-06-20,0.041100000000000005
2005-06-21,0.0406
2005-06-22,0.0395
2005-06-23,0.039599999999999996
2005-06-24,0.0392
2005-06-27,0.039
2005-06-28,0.0397
2005-06-29,0.039900000000000005
2005-06-30,0.0394
2005-07-01,0.0406
2005-07-05,0.041100000000000005
2005-07-06,0.0408
2005-07-07,0.0405
2005-07-08,0.041100000000000005
2005-07-11,0.041100000000000005
2005-07-12,0.0415
2005-07-13,0.0417
2005-07-14,0.04190000000000001
2005-07-15,0.0418
2005-07-18,0.042199999999999994
2005-07-19,0.042
2005-07-20,0.0417
2005-07-21,0.042800000000000005
2005-07-22,0.042300000000000004
2005-07-25,0.0425
2005-07-26,0.0424
2005-07-27,0.042699999999999995
2005-07-28,0.042
2005-07-29,0.042800000000000005
2005-08-01,0.0432
2005-08-02,0.0434
2005-08-03,0.043
2005-08-04,0.0432
2005-08-05,0.044000000000000004
2005-08-08,0.044199999999999996
2005-08-09,0.0441
2005-08-10,0.044000000000000004
2005-08-11,0.0432
2005-08-12,0.0424
2005-08-15,0.042699999999999995
2005-08-16,0.042300000000000004
2005-08-17,0.042800000000000005
2005-08-18,0.0421
2005-08-19,0.0421
2005-08-22,0.042199999999999994
2005-08-23,0.042
2005-08-24,0.04190000000000001
2005-08-25,0.0418
2005-08-26,0.042
2005-08-29,0.042
2005-08-30,0.0416
2005-08-31,0.04019999999999999
2005-09-01,0.04019999999999999
2005-09-02,0.0403
2005-09-06,0.0409
2005-09-07,0.0415
2005-09-08,0.0415
2005-09-09,0.0414
2005-09-12,0.0418
2005-09-13,0.0414
2005-09-14,0.0417
2005-09-15,0.042199999999999994
2005-09-16,0.0426
2005-09-19,0.0425
2005-09-20,0.0426
2005-09-21,0.04190000000000001
2005-09-22,0.04190000000000001
2005-09-23,0.0425
2005-09-26,0.043
2005-09-27,0.043
2005-09-28,0.0426
2005-09-29,0.0429
2005-09-30,0.0434
2005-10-03,0.043899999999999995
2005-10-04,0.0438
2005-10-05,0.0436
2005-10-06,0.0437
2005-10-07,0.0435
2005-10-11,0.043899999999999995
2005-10-12,0.044500000000000005
2005-10-13,0.044800000000000006
2005-10-14,0.044800000000000006
2005-10-17,0.045
2005-10-18,0.0449
2005-10-19,0.0447
2005-10-20,0.0446
2005-10-21,0.043899999999999995
2005-10-24,0.044500000000000005
2005-10-25,0.0454
2005-10-26,0.046
2005-10-27,0.045700000000000005
2005-10-28,0.0458
2005-10-31,0.045700000000000005
2005-11-01,0.0458
2005-11-02,0.0461
2005-11-03,0.04650000000000001
2005-11-04,0.0466
2005-11-07,0.04650000000000001
2005-11-08,0.045700000000000005
2005-11-09,0.0464
2005-11-10,0.0455
2005-11-14,0.0461
2005-11-15,0.045599999999999995
2005-11-16,0.0449
2005-11-17,0.0446
2005-11-18,0.045
2005-11-21,0.0446
2005-11-22,0.0443
2005-11-23,0.0447
2005-11-25,0.0443
2005-11-28,0.0441
2005-11-29,0.044800000000000006
2005-11-30,0.0449
2005-12-01,0.0452
2005-12-02,0.0452
2005-12-05,0.045700000000000005
2005-12-06,0.0449
2005-12-07,0.0452
2005-12-08,0.0447
2005-12-09,0.0454
2005-12-12,0.045599999999999995
2005-12-13,0.0454
2005-12-14,0.044500000000000005
2005-12-15,0.0447
2005-12-16,0.044500000000000005
2005-12-19,0.044500000000000005
2005-12-20,0.0447
2005-12-21,0.0449
2005-12-22,0.0444
2005-12-23,0.0438
2005-12-27,0.0434
2005-12-28,0.0438
2005-12-29,0.0437
2005-12-30,0.043899999999999995
2006-01-03,0.0437
2006-01-04,0.0436
2006-01-05,0.0436
2006-01-06,0.0438
2006-01-09,0.0438
2006-01-10,0.0443
2006-01-11,0.0446
2006-01-12,0.044199999999999996
2006-01-13,0.0436
2006-01-17,0.0434
2006-01-18,0.0434
2006-01-19,0.0438
2006-01-20,0.0437
2006-01-23,0.0436
2006-01-24,0.044000000000000004
2006-01-25,0.0449
2006-01-26,0.0453
2006-01-27,0.0452
2006-01-30,0.0454
2006-01-31,0.0453
2006-02-01,0.045700000000000005
2006-02-02,0.045700000000000005
2006-02-03,0.0454
2006-02-06,0.0455
2006-02-07,0.045700000000000005
2006-02-08,0.045599999999999995
2006-02-09,0.0454
2006-02-10,0.045899999999999996
2006-02-13,0.0458
2006-02-14,0.0462
2006-02-15,0.0461
2006-02-16,0.045899999999999996
2006-02-17,0.0454
2006-02-21,0.045700000000000005
2006-02-22,0.0453
2006-02-23,0.045599999999999995
2006-02-24,0.0458
2006-02-27,0.045899999999999996
2006-02-28,0.0455
2006-03-01,0.045899999999999996
2006-03-02,0.0464
2006-03-03,0.046799999999999994
2006-03-06,0.047400000000000005
2006-03-07,0.047400000000000005
2006-03-08,0.0473
2006-03-09,0.047400000000000005
2006-03-10,0.047599999999999996
2006-03-13,0.04769999999999999
2006-03-14,0.0471
2006-03-15,0.0473
2006-03-16,0.04650000000000001
2006-03-17,0.046799999999999994
2006-03-20,0.0466
2006-03-21,0.0471
2006-03-22,0.047
2006-03-23,0.0473
2006-03-24,0.0467
2006-03-27,0.047
2006-03-28,0.0479
2006-03-29,0.0481
2006-03-30,0.048600000000000004
2006-03-31,0.048600000000000004
2006-04-03,0.048799999999999996
2006-04-04,0.0487
2006-04-05,0.0484
2006-04-06,0.049
2006-04-07,0.049699999999999994
2006-04-10,0.049699999999999994
2006-04-11,0.0493
2006-04-12,0.049800000000000004
2006-04-13,0.050499999999999996
2006-04-17,0.0501
2006-04-18,0.0499
2006-04-19,0.0504
2006-04-20,0.0504
2006-04-21,0.0501
2006-04-24,0.0499
2006-04-25,0.0507
2006-04-26,0.0512
2006-04-27,0.0509
2006-04-28,0.0507
2006-05-01,0.051399999999999994
2006-05-02,0.0512
2006-05-03,0.051500000000000004
2006-05-04,0.0516
2006-05-05,0.0512
2006-05-08,0.0512
2006-05-09,0.0513
2006-05-10,0.0513
2006-05-11,0.051399999999999994
2006-05-12,0.0519
2006-05-15,0.051500000000000004
2006-05-16,0.051
2006-05-17,0.0516
2006-05-18,0.0508
2006-05-19,0.050499999999999996
2006-05-22,0.0504
2006-05-23,0.0507
2006-05-24,0.050300000000000004
2006-05-25,0.0507
2006-05-26,0.0506
2006-05-30,0.0509
2006-05-31,0.0512
2006-06-01,0.051100000000000007
2006-06-02,0.05
2006-06-05,0.050199999999999995
2006-06-06,0.0501
2006-06-07,0.050199999999999995
2006-06-08,0.05
2006-06-09,0.049800000000000004
2006-06-12,0.0499
2006-06-13,0.049699999999999994
2006-06-14,0.050499999999999996
2006-06-15,0.051
2006-06-16,0.0513
2006-06-19,0.051399999999999994
2006-06-20,0.051500000000000004
2006-06-21,0.0516
2006-06-22,0.052000000000000005
2006-06-23,0.052300000000000006
2006-06-26,0.0525
2006-06-27,0.0521
2006-06-28,0.0525
2006-06-29,0.052199999999999996
2006-06-30,0.051500000000000004
2006-07-03,0.051500000000000004
2006-07-05,0.052300000000000006
2006-07-06,0.0519
2006-07-07,0.051399999999999994
2006-07-10,0.0513
2006-07-11,0.051
2006-07-12,0.051
2006-07-13,0.0508
2006-07-14,0.0507
2006-07-17,0.0507
2006-07-18,0.0513
2006-07-19,0.0506
2006-07-20,0.050300000000000004
2006-07-21,0.050499999999999996
2006-07-24,0.050499999999999996
2006-07-25,0.0507
2006-07-26,0.0504
2006-07-27,0.0507
2006-07-28,0.05
2006-07-31,0.0499
2006-08-01,0.0499
2006-08-02,0.0496
2006-08-03,0.0496
2006-08-04,0.049100000000000005
2006-08-07,0.0493
2006-08-08,0.0493
2006-08-09,0.0492
2006-08-10,0.0493
2006-08-11,0.049699999999999994
2006-08-14,0.05
2006-08-15,0.0493
2006-08-16,0.0487
2006-08-17,0.0487
2006-08-18,0.0484
2006-08-21,0.0482
2006-08-22,0.0482
2006-08-23,0.0482
2006-08-24,0.0481
2006-08-25,0.0479
2006-08-28,0.048
2006-08-29,0.0479
2006-08-30,0.047599999999999996
2006-08-31,0.047400000000000005
2006-09-01,0.0473
2006-09-05,0.0478
2006-09-06,0.048
2006-09-07,0.048
2006-09-08,0.0478
2006-09-11,0.048
2006-09-12,0.0478
2006-09-13,0.04769999999999999
2006-09-14,0.0479
2006-09-15,0.048
2006-09-18,0.0481
2006-09-19,0.047400000000000005
2006-09-20,0.0473
2006-09-21,0.04650000000000001
2006-09-22,0.046
2006-09-25,0.045599999999999995
2006-09-26,0.045899999999999996
2006-09-27,0.046
2006-09-28,0.0463
2006-09-29,0.0464
2006-10-02,0.0462
2006-10-03,0.0462
2006-10-04,0.045700000000000005
2006-10-05,0.0461
2006-10-06,0.047
2006-10-10,0.0475
2006-10-11,0.0478
2006-10-12,0.0479
2006-10-13,0.0481
2006-10-16,0.0479
2006-10-17,0.0478
2006-10-18,0.04769999999999999
2006-10-19,0.0479
2006-10-20,0.0479
2006-10-23,0.0483
2006-10-24,0.0483
2006-10-25,0.0478
2006-10-26,0.0473
2006-10-27,0.046799999999999994
2006-10-30,0.046799999999999994
2006-10-31,0.0461
2006-11-01,0.045700000000000005
2006-11-02,0.046
2006-11-03,0.0472
2006-11-06,0.0471
2006-11-07,0.0466
2006-11-08,0.0464
2006-11-09,0.0462
2006-11-10,0.045899999999999996
2006-11-13,0.0461
2006-11-14,0.045700000000000005
2006-11-15,0.0461
2006-11-16,0.0466
2006-11-17,0.0461
2006-11-20,0.046
2006-11-21,0.0458
2006-11-22,0.045700000000000005
2006-11-24,0.0455
2006-11-27,0.0454
2006-11-28,0.0451
2006-11-29,0.0452
2006-11-30,0.0446
2006-12-01,0.0443
2006-12-04,0.0443
2006-12-05,0.044500000000000005
2006-12-06,0.044800000000000006
2006-12-07,0.0449
2006-12-08,0.045599999999999995
2006-12-11,0.0452
2006-12-12,0.0449
2006-12-13,0.0458
2006-12-14,0.046
2006-12-15,0.046
2006-12-18,0.046
2006-12-19,0.046
2006-12-20,0.046
2006-12-21,0.0455
2006-12-22,0.0463
2006-12-26,0.0461
2006-12-27,0.0466
2006-12-28,0.047
2006-12-29,0.0471
2007-01-02,0.046799999999999994
2007-01-03,0.0467
2007-01-04,0.0462
2007-01-05,0.04650000000000001
2007-01-08,0.0466
2007-01-09,0.0466
2007-01-10,0.046900000000000004
2007-01-11,0.047400000000000005
2007-01-12,0.04769999999999999
2007-01-16,0.0475
2007-01-17,0.0479
2007-01-18,0.0475
2007-01-19,0.0478
2007-01-22,0.047599999999999996
2007-01-23,0.0481
2007-01-24,0.0481
2007-01-25,0.0487
2007-01-26,0.048799999999999996
2007-01-29,0.049
2007-01-30,0.048799999999999996
2007-01-31,0.0483
2007-02-01,0.0484
2007-02-02,0.0483
2007-02-05,0.0481
2007-02-06,0.04769999999999999
2007-02-07,0.047400000000000005
2007-02-08,0.0473
2007-02-09,0.0479
2007-02-12,0.048
2007-02-13,0.0482
2007-02-14,0.047400000000000005
2007-02-15,0.047
2007-02-16,0.046900000000000004
2007-02-20,0.046799999999999994
2007-02-21,0.046900000000000004
2007-02-22,0.0473
2007-02-23,0.046799999999999994
2007-02-26,0.0463
2007-02-27,0.045
2007-02-28,0.045599999999999995
2007-03-01,0.045599999999999995
2007-03-02,0.0452
2007-03-05,0.0451
2007-03-06,0.0453
2007-03-07,0.045
2007-03-08,0.0451
2007-03-09,0.045899999999999996
2007-03-12,0.045599999999999995
2007-03-13,0.045
2007-03-14,0.0453
2007-03-15,0.0454
2007-03-16,0.0455
2007-03-19,0.0458
2007-03-20,0.045599999999999995
2007-03-21,0.0453
2007-03-22,0.046
2007-03-23,0.0462
2007-03-26,0.046
2007-03-27,0.0462
2007-03-28,0.0462
2007-03-29,0.0464
2007-03-30,0.04650000000000001
2007-04-02,0.04650000000000001
2007-04-03,0.0467
2007-04-04,0.0466
2007-04-05,0.046799999999999994
2007-04-06,0.047599999999999996
2007-04-09,0.0475
2007-04-10,0.0473
2007-04-11,0.047400000000000005
2007-04-12,0.047400000000000005
2007-04-13,0.047599999999999996
2007-04-16,0.047400000000000005
2007-04-17,0.046900000000000004
2007-04-18,0.0466
2007-04-19,0.046799999999999994
2007-04-20,0.046799999999999994
2007-04-23,0.0466
2007-04-24,0.0463
2007-04-25,0.0466
2007-04-26,0.046900000000000004
2007-04-27,0.0471
2007-04-30,0.0463
2007-05-01,0.0464
2007-05-02,0.04650000000000001
2007-05-03,0.046799999999999994
2007-05-04,0.04650000000000001
2007-05-07,0.0464
2007-05-08,0.0463
2007-05-09,0.0467
2007-05-10,0.04650000000000001
2007-05-11,0.0467
2007-05-14,0.046900000000000004
2007-05-15,0.0471
2007-05-16,0.0471
2007-05-17,0.047599999999999996
2007-05-18,0.0481
2007-05-21,0.0479
2007-05-22,0.0483
2007-05-23,0.048600000000000004
2007-05-24,0.048600000000000004
2007-05-25,0.048600000000000004
2007-05-29,0.048799999999999996
2007-05-30,0.048799999999999996
2007-05-31,0.049
2007-06-01,0.0495
2007-06-04,0.0493
2007-06-05,0.049800000000000004
2007-06-06,0.049699999999999994
2007-06-07,0.051100000000000007
2007-06-08,0.0512
2007-06-11,0.051399999999999994
2007-06-12,0.0526
2007-06-13,0.052000000000000005
2007-06-14,0.052300000000000006
2007-06-15,0.0516
2007-06-18,0.051500000000000004
2007-06-19,0.0509
2007-06-20,0.051399999999999994
2007-06-21,0.0516
2007-06-22,0.051399999999999994
2007-06-25,0.0509
2007-06-26,0.051
2007-06-27,0.0509
2007-06-28,0.0512
2007-06-29,0.050300000000000004
2007-07-02,0.05
2007-07-03,0.050499999999999996
2007-07-05,0.0516
2007-07-06,0.0519
2007-07-09,0.0516
2007-07-10,0.050300000000000004
2007-07-11,0.0509
2007-07-12,0.0513
2007-07-13,0.051100000000000007
2007-07-16,0.050499999999999996
2007-07-17,0.0508
2007-07-18,0.050199999999999995
2007-07-19,0.0504
2007-07-20,0.0496
2007-07-23,0.049699999999999994
2007-07-24,0.049400000000000006
2007-07-25,0.0492
2007-07-26,0.0479
2007-07-27,0.048
2007-07-30,0.0482
2007-07-31,0.0478
2007-08-01,0.047599999999999996
2007-08-02,0.04769999999999999
2007-08-03,0.0471
2007-08-06,0.0472
2007-08-07,0.04769999999999999
2007-08-08,0.0484
2007-08-09,0.0479
2007-08-10,0.0481
2007-08-13,0.0478
2007-08-14,0.0473
2007-08-15,0.046900000000000004
2007-08-16,0.046
2007-08-17,0.046799999999999994
2007-08-20,0.0464
2007-08-21,0.046
2007-08-22,0.0463
2007-08-23,0.0462
2007-08-24,0.0463
2007-08-27,0.046
2007-08-28,0.0453
2007-08-29,0.045700000000000005
2007-08-30,0.0451
2007-08-31,0.0454
2007-09-04,0.045599999999999995
2007-09-05,0.044800000000000006
2007-09-06,0.0451
2007-09-07,0.0438
2007-09-10,0.0434
2007-09-11,0.0437
2007-09-12,0.0441
2007-09-13,0.0449
2007-09-14,0.0447
2007-09-17,0.044800000000000006
2007-09-18,0.045
2007-09-19,0.0453
2007-09-20,0.046900000000000004
2007-09-21,0.0464
2007-09-24,0.0463
2007-09-25,0.0463
2007-09-26,0.0463
2007-09-27,0.0458
2007-09-28,0.045899999999999996
2007-10-01,0.045599999999999995
2007-10-02,0.0454
2007-10-03,0.0455
2007-10-04,0.0454
2007-10-05,0.04650000000000001
2007-10-09,0.0467
2007-10-10,0.04650000000000001
2007-10-11,0.0466
2007-10-12,0.047
2007-10-15,0.046900000000000004
2007-10-16,0.0466
2007-10-17,0.045700000000000005
2007-10-18,0.0452
2007-10-19,0.0441
2007-10-22,0.044199999999999996
2007-10-23,0.0441
2007-10-24,0.0436
2007-10-25,0.0437
2007-10-26,0.0441
2007-10-29,0.043899999999999995
2007-10-30,0.044000000000000004
2007-10-31,0.044800000000000006
2007-11-01,0.0436
2007-11-02,0.0431
2007-11-05,0.0435
2007-11-06,0.0438
2007-11-07,0.0434
2007-11-08,0.042800000000000005
2007-11-09,0.042300000000000004
2007-11-13,0.0426
2007-11-14,0.042800000000000005
2007-11-15,0.0417
2007-11-16,0.0415
2007-11-19,0.0407
2007-11-20,0.0406
2007-11-21,0.04
2007-11-23,0.0401
2007-11-26,0.0383
2007-11-27,0.0395
2007-11-28,0.0403
2007-11-29,0.0394
2007-11-30,0.0397
2007-12-03,0.038900000000000004
2007-12-04,0.038900000000000004
2007-12-05,0.0392
2007-12-06,0.04019999999999999
2007-12-07,0.0412
2007-12-10,0.0415
2007-12-11,0.0398
2007-12-12,0.0405
2007-12-13,0.0418
2007-12-14,0.0424
2007-12-17,0.042
2007-12-18,0.0414
2007-12-19,0.0406
2007-12-20,0.0404
2007-12-21,0.0418
2007-12-24,0.042300000000000004
2007-12-26,0.043
2007-12-27,0.0421
2007-12-28,0.041100000000000005
2007-12-31,0.0404
2008-01-02,0.0391
2008-01-03,0.0391
2008-01-04,0.0388
2008-01-07,0.038599999999999995
2008-01-08,0.038599999999999995
2008-01-09,0.0382
2008-01-10,0.0391
2008-01-11,0.0382
2008-01-14,0.0381
2008-01-15,0.037200000000000004
2008-01-16,0.0374
2008-01-17,0.0366
2008-01-18,0.0366
2008-01-22,0.0352
2008-01-23,0.0351
2008-01-24,0.0368
2008-01-25,0.0361
2008-01-28,0.0361
2008-01-29,0.0369
2008-01-30,0.0378
2008-01-31,0.036699999999999997
2008-02-01,0.0362
2008-02-04,0.0368
2008-02-05,0.0361
2008-02-06,0.0361
2008-02-07,0.0374
2008-02-08,0.0364
2008-02-11,0.0362
2008-02-12,0.0366
2008-02-13,0.037000000000000005
2008-02-14,0.0385
2008-02-15,0.037599999999999995
2008-02-19,0.038900000000000004
2008-02-20,0.0393
2008-02-21,0.0377
2008-02-22,0.0379
2008-02-25,0.0391
2008-02-26,0.0388
2008-02-27,0.0385
2008-02-28,0.0371
2008-02-29,0.0353
2008-03-03,0.0354
2008-03-04,0.0363
2008-03-05,0.037000000000000005
2008-03-06,0.0362
2008-03-07,0.0356
2008-03-10,0.0346
2008-03-11,0.036000000000000004
2008-03-12,0.0349
2008-03-13,0.0356
2008-03-14,0.0344
2008-03-17,0.0334
2008-03-18,0.0348
2008-03-19,0.0338
2008-03-20,0.0334
2008-03-24,0.0356
2008-03-25,0.0351
2008-03-26,0.0351
2008-03-27,0.0356
2008-03-28,0.0347
2008-03-31,0.0345
2008-04-01,0.035699999999999996
2008-04-02,0.036000000000000004
2008-04-03,0.0361
2008-04-04,0.035
2008-04-07,0.035699999999999996
2008-04-08,0.0358
2008-04-09,0.0349
2008-04-10,0.0355
2008-04-11,0.0349
2008-04-14,0.0353
2008-04-15,0.036000000000000004
2008-04-16,0.037200000000000004
2008-04-17,0.0375
2008-04-18,0.0377
2008-04-21,0.0375
2008-04-22,0.0374
2008-04-23,0.0377
2008-04-24,0.0387
2008-04-25,0.0391
2008-04-28,0.038599999999999995
2008-04-29,0.0385
2008-04-30,0.0377
2008-05-01,0.0378
2008-05-02,0.038900000000000004
2008-05-05,0.0388
2008-05-06,0.0393
2008-05-07,0.0387
2008-05-08,0.0379
2008-05-09,0.0377
2008-05-12,0.0378
2008-05-13,0.039
2008-05-14,0.0392
2008-05-15,0.0383
2008-05-16,0.0385
2008-05-19,0.0383
2008-05-20,0.0378
2008-05-21,0.0381
2008-05-22,0.0392
2008-05-23,0.0385
2008-05-27,0.0393
2008-05-28,0.0403
2008-05-29,0.0408
2008-05-30,0.0406
2008-06-02,0.0398
2008-06-03,0.0392
2008-06-04,0.0398
2008-06-05,0.0406
2008-06-06,0.0394
2008-06-09,0.04019999999999999
2008-06-10,0.041100000000000005
2008-06-11,0.040999999999999995
2008-06-12,0.042300000000000004
2008-06-13,0.042699999999999995
2008-06-16,0.0425
2008-06-17,0.042300000000000004
2008-06-18,0.0416
2008-06-19,0.042199999999999994
2008-06-20,0.0416
2008-06-23,0.04190000000000001
2008-06-24,0.040999999999999995
2008-06-25,0.0412
2008-06-26,0.0407
2008-06-27,0.039900000000000005
2008-06-30,0.039900000000000005
2008-07-01,0.0401
2008-07-02,0.039900000000000005
2008-07-03,0.039900000000000005
2008-07-07,0.0395
2008-07-08,0.0391
2008-07-09,0.0385
2008-07-10,0.0383
2008-07-11,0.039599999999999996
2008-07-14,0.039
2008-07-15,0.0387
2008-07-16,0.0397
2008-07-17,0.0407
2008-07-18,0.041100000000000005
2008-07-21,0.0409
2008-07-22,0.0414
2008-07-23,0.0416
2008-07-24,0.0403
2008-07-25,0.041299999999999996
2008-07-28,0.0406
2008-07-29,0.0409
2008-07-30,0.0407
2008-07-31,0.039900000000000005
2008-08-01,0.0397
2008-08-04,0.0398
2008-08-05,0.0404
2008-08-06,0.0406
2008-08-07,0.0392
2008-08-08,0.0394
2008-08-11,0.039900000000000005
2008-08-12,0.0391
2008-08-13,0.0394
2008-08-14,0.038900000000000004
2008-08-15,0.0384
2008-08-18,0.0382
2008-08-19,0.0383
2008-08-20,0.0379
2008-08-21,0.0384
2008-08-22,0.0387
2008-08-25,0.0379
2008-08-26,0.0379
2008-08-27,0.0377
2008-08-28,0.0379
2008-08-29,0.0383
2008-09-02,0.0374
2008-09-03,0.0371
2008-09-04,0.0364
2008-09-05,0.0366
2008-09-08,0.0366
2008-09-09,0.0362
2008-09-10,0.0365
2008-09-11,0.0364
2008-09-12,0.0374
2008-09-15,0.0347
2008-09-16,0.0348
2008-09-17,0.0341
2008-09-18,0.0354
2008-09-19,0.0378
2008-09-22,0.0383
2008-09-23,0.0385
2008-09-24,0.038
2008-09-25,0.0388
2008-09-26,0.0385
2008-09-29,0.0361
2008-09-30,0.0385
2008-10-01,0.0377
2008-10-02,0.0366
2008-10-03,0.0363
2008-10-06,0.0348
2008-10-07,0.035
2008-10-08,0.037200000000000004
2008-10-09,0.0384
2008-10-10,0.038900000000000004
2008-10-14,0.0408
2008-10-15,0.0404
2008-10-16,0.039900000000000005
2008-10-17,0.0398
2008-10-20,0.0391
2008-10-21,0.037599999999999995
2008-10-22,0.0365
2008-10-23,0.0363
2008-10-24,0.037599999999999995
2008-10-27,0.0379
2008-10-28,0.038900000000000004
2008-10-29,0.0393
2008-10-30,0.04
2008-10-31,0.0401
2008-11-03,0.039599999999999996
2008-11-04,0.0381
2008-11-05,0.0373
2008-11-06,0.0375
2008-11-07,0.0383
2008-11-10,0.0382
2008-11-12,0.0375
2008-11-13,0.0384
2008-11-14,0.037200000000000004
2008-11-17,0.0368
2008-11-18,0.0353
2008-11-19,0.0338
2008-11-20,0.031
2008-11-21,0.032
2008-11-24,0.0335
2008-11-25,0.0311
2008-11-26,0.029900000000000003
2008-11-28,0.029300000000000003
2008-12-01,0.027200000000000002
2008-12-02,0.0268
2008-12-03,0.026699999999999998
2008-12-04,0.0255
2008-12-05,0.026699999999999998
2008-12-08,0.0277
2008-12-09,0.026699999999999998
2008-12-10,0.0269
2008-12-11,0.0264
2008-12-12,0.026000000000000002
2008-12-15,0.0253
2008-12-16,0.023700000000000002
2008-12-17,0.022000000000000002
2008-12-18,0.0208
2008-12-19,0.0213
2008-12-22,0.0216
2008-12-23,0.0218
2008-12-24,0.022000000000000002
2008-12-26,0.0216
2008-12-29,0.0213
2008-12-30,0.021099999999999997
2008-12-31,0.0225
2009-01-02,0.0246
2009-01-05,0.024900000000000002
2009-01-06,0.025099999999999997
2009-01-07,0.0252
2009-01-08,0.024700000000000003
2009-01-09,0.024300000000000002
2009-01-12,0.023399999999999997
2009-01-13,0.0233
2009-01-14,0.022400000000000003
2009-01-15,0.0223
2009-01-16,0.0236
2009-01-20,0.024
2009-01-21,0.0256
2009-01-22,0.0262
2009-01-23,0.0265
2009-01-26,0.027000000000000003
2009-01-27,0.0259
2009-01-28,0.0271
2009-01-29,0.0287
2009-01-30,0.0287
2009-02-02,0.0276
2009-02-03,0.028900000000000002
2009-02-04,0.029500000000000002
2009-02-05,0.029500000000000002
2009-02-06,0.0305
2009-02-09,0.030699999999999998
2009-02-10,0.028999999999999998
2009-02-11,0.0278
2009-02-12,0.0275
2009-02-13,0.028900000000000002
2009-02-17,0.0264
2009-02-18,0.0274
2009-02-19,0.0285
2009-02-20,0.0278
2009-02-23,0.0278
2009-02-24,0.027999999999999997
2009-02-25,0.029500000000000002
2009-02-26,0.0298
2009-02-27,0.0302
2009-03-02,0.0291
2009-03-03,0.029300000000000003
2009-03-04,0.0301
2009-03-05,0.028300000000000002
2009-03-06,0.028300000000000002
2009-03-09,0.028900000000000002
2009-03-10,0.029900000000000003
2009-03-11,0.029500000000000002
2009-03-12,0.028900000000000002
2009-03-13,0.028900000000000002
2009-03-16,0.0297
2009-03-17,0.0302
2009-03-18,0.025099999999999997
2009-03-19,0.026099999999999998
2009-03-20,0.0265
2009-03-23,0.0268
2009-03-24,0.0268
2009-03-25,0.0281
2009-03-26,0.0276
2009-03-27,0.0278
2009-03-30,0.0273
2009-03-31,0.0271
2009-04-01,0.0268
2009-04-02,0.0277
2009-04-03,0.0291
2009-04-06,0.029500000000000002
2009-04-07,0.029300000000000003
2009-04-08,0.0286
2009-04-09,0.0296
2009-04-13,0.0288
2009-04-14,0.027999999999999997
2009-04-15,0.0282
2009-04-16,0.0286
2009-04-17,0.0298
2009-04-20,0.0288
2009-04-21,0.0294
2009-04-22,0.0298
2009-04-23,0.0296
2009-04-24,0.030299999999999997
2009-04-27,0.029500000000000002
2009-04-28,0.0305
2009-04-29,0.031200000000000002
2009-04-30,0.0316
2009-05-01,0.0321
2009-05-04,0.0319
2009-05-05,0.032
2009-05-06,0.0318
2009-05-07,0.0329
2009-05-08,0.0329
2009-05-11,0.0317
2009-05-12,0.0317
2009-05-13,0.0311
2009-05-14,0.031
2009-05-15,0.031400000000000004
2009-05-18,0.0322
2009-05-19,0.0325
2009-05-20,0.0319
2009-05-21,0.0335
2009-05-22,0.0345
2009-05-26,0.035
2009-05-27,0.0371
2009-05-28,0.036699999999999997
2009-05-29,0.0347
2009-06-01,0.0371
2009-06-02,0.0365
2009-06-03,0.0356
2009-06-04,0.037200000000000004
2009-06-05,0.0384
2009-06-08,0.0391
2009-06-09,0.038599999999999995
2009-06-10,0.0398
2009-06-11,0.0388
2009-06-12,0.0381
2009-06-15,0.037599999999999995
2009-06-16,0.036699999999999997
2009-06-17,0.0368
2009-06-18,0.038599999999999995
2009-06-19,0.0379
2009-06-22,0.037200000000000004
2009-06-23,0.0365
2009-06-24,0.037200000000000004
2009-06-25,0.0355
2009-06-26,0.0352
2009-06-29,0.0351
2009-06-30,0.0353
2009-07-01,0.0355
2009-07-02,0.0351
2009-07-06,0.0352
2009-07-07,0.0347
2009-07-08,0.0333
2009-07-09,0.0344
2009-07-10,0.0332
2009-07-13,0.0338
2009-07-14,0.035
2009-07-15,0.0363
2009-07-16,0.0359
2009-07-17,0.036699999999999997
2009-07-20,0.0361
2009-07-21,0.035
2009-07-22,0.0358
2009-07-23,0.037200000000000004
2009-07-24,0.037000000000000005
2009-07-27,0.0375
2009-07-28,0.037200000000000004
2009-07-29,0.0369
2009-07-30,0.036699999999999997
2009-07-31,0.0352
2009-08-03,0.0366
2009-08-04,0.037000000000000005
2009-08-05,0.038
2009-08-06,0.0379
2009-08-07,0.038900000000000004
2009-08-10,0.038
2009-08-11,0.0371
2009-08-12,0.037200000000000004
2009-08-13,0.0359
2009-08-14,0.0355
2009-08-17,0.0348
2009-08-18,0.0351
2009-08-19,0.0345
2009-08-20,0.0342
2009-08-21,0.0356
2009-08-24,0.0348
2009-08-25,0.0345
2009-08-26,0.0344
2009-08-27,0.0347
2009-08-28,0.0346
2009-08-31,0.034
2009-09-01,0.0338
2009-09-02,0.0329
2009-09-03,0.0333
2009-09-04,0.0345
2009-09-08,0.0347
2009-09-09,0.0348
2009-09-10,0.0336
2009-09-11,0.0334
2009-09-14,0.0342
2009-09-15,0.0347
2009-09-16,0.0348
2009-09-17,0.0342
2009-09-18,0.0349
2009-09-21,0.0349
2009-09-22,0.0346
2009-09-23,0.0344
2009-09-24,0.034
2009-09-25,0.0334
2009-09-28,0.0331
2009-09-29,0.0331
2009-09-30,0.0331
2009-10-01,0.0321
2009-10-02,0.032400000000000005
2009-10-05,0.032400000000000005
2009-10-06,0.0327
2009-10-07,0.0321
2009-10-08,0.0327
2009-10-09,0.034
2009-10-13,0.0334
2009-10-14,0.0345
2009-10-15,0.0349
2009-10-16,0.034300000000000004
2009-10-19,0.0341
2009-10-20,0.0335
2009-10-21,0.0342
2009-10-22,0.0344
2009-10-23,0.0351
2009-10-26,0.0359
2009-10-27,0.0349
2009-10-28,0.0344
2009-10-29,0.0353
2009-10-30,0.0341
2009-11-02,0.0345
2009-11-03,0.035
2009-11-04,0.035699999999999996
2009-11-05,0.035699999999999996
2009-11-06,0.0354
2009-11-09,0.0352
2009-11-10,0.035
2009-11-12,0.0345
2009-11-13,0.034300000000000004
2009-11-16,0.0333
2009-11-17,0.0333
2009-11-18,0.0336
2009-11-19,0.0335
2009-11-20,0.0336
2009-11-23,0.0337
2009-11-24,0.0332
2009-11-25,0.032799999999999996
2009-11-27,0.0321
2009-11-30,0.0321
2009-12-01,0.032799999999999996
2009-12-02,0.0332
2009-12-03,0.0339
2009-12-04,0.0348
2009-12-07,0.0344
2009-12-08,0.034
2009-12-09,0.0345
2009-12-10,0.0349
2009-12-11,0.0355
2009-12-14,0.0356
2009-12-15,0.036000000000000004
2009-12-16,0.0361
2009-12-17,0.035
2009-12-18,0.0355
2009-12-21,0.0369
2009-12-22,0.037599999999999995
2009-12-23,0.0377
2009-12-24,0.0382
2009-12-28,0.0385
2009-12-29,0.0382
2009-12-30,0.038
2009-12-31,0.0385
2010-01-04,0.0385
2010-01-05,0.0377
2010-01-06,0.0385
2010-01-07,0.0385
2010-01-08,0.0383
2010-01-11,0.0385
2010-01-12,0.0374
2010-01-13,0.038
2010-01-14,0.037599999999999995
2010-01-15,0.037000000000000005
2010-01-19,0.0373
2010-01-20,0.0368
2010-01-21,0.0362
2010-01-22,0.0362
2010-01-25,0.0366
2010-01-26,0.0365
2010-01-27,0.0366
2010-01-28,0.0368
2010-01-29,0.0363
2010-02-01,0.0368
2010-02-02,0.036699999999999997
2010-02-03,0.0373
2010-02-04,0.0362
2010-02-05,0.0359
2010-02-08,0.0362
2010-02-09,0.036699999999999997
2010-02-10,0.037200000000000004
2010-02-11,0.0373
2010-02-12,0.0369
2010-02-16,0.0366
2010-02-17,0.0374
2010-02-18,0.0379
2010-02-19,0.0378
2010-02-22,0.038
2010-02-23,0.0369
2010-02-24,0.037000000000000005
2010-02-25,0.0364
2010-02-26,0.0361
2010-03-01,0.0361
2010-03-02,0.0362
2010-03-03,0.0363
2010-03-04,0.0361
2010-03-05,0.0369
2010-03-08,0.037200000000000004
2010-03-09,0.0371
2010-03-10,0.0373
2010-03-11,0.0373
2010-03-12,0.0371
2010-03-15,0.0371
2010-03-16,0.0366
2010-03-17,0.0365
2010-03-18,0.0368
2010-03-19,0.037000000000000005
2010-03-22,0.036699999999999997
2010-03-23,0.0369
2010-03-24,0.0384
2010-03-25,0.0391
2010-03-26,0.038599999999999995
2010-03-29,0.0388
2010-03-30,0.0388
2010-03-31,0.0384
2010-04-01,0.038900000000000004
2010-04-02,0.039599999999999996
2010-04-05,0.0401
2010-04-06,0.0398
2010-04-07,0.038900000000000004
2010-04-08,0.0391
2010-04-09,0.039
2010-04-12,0.0387
2010-04-13,0.0384
2010-04-14,0.0388
2010-04-15,0.038599999999999995
2010-04-16,0.0379
2010-04-19,0.0383
2010-04-20,0.0382
2010-04-21,0.0377
2010-04-22,0.038
2010-04-23,0.0384
2010-04-26,0.0383
2010-04-27,0.0371
2010-04-28,0.038
2010-04-29,0.037599999999999995
2010-04-30,0.0369
2010-05-03,0.037200000000000004
2010-05-04,0.0363
2010-05-05,0.0358
2010-05-06,0.0341
2010-05-07,0.0345
2010-05-10,0.035699999999999996
2010-05-11,0.0356
2010-05-12,0.0356
2010-05-13,0.0355
2010-05-14,0.0344
2010-05-17,0.0347
2010-05-18,0.0338
2010-05-19,0.0336
2010-05-20,0.0325
2010-05-21,0.032
2010-05-24,0.0323
2010-05-25,0.0318
2010-05-26,0.0321
2010-05-27,0.0334
2010-05-28,0.0331
2010-06-01,0.0329
2010-06-02,0.0335
2010-06-03,0.0339
2010-06-04,0.032
2010-06-07,0.0317
2010-06-08,0.0318
2010-06-09,0.032
2010-06-10,0.0333
2010-06-11,0.032400000000000005
2010-06-14,0.032799999999999996
2010-06-15,0.0332
2010-06-16,0.0327
2010-06-17,0.0321
2010-06-18,0.032400000000000005
2010-06-21,0.0326
2010-06-22,0.0318
2010-06-23,0.0313
2010-06-24,0.031400000000000004
2010-06-25,0.031200000000000002
2010-06-28,0.0305
2010-06-29,0.0297
2010-06-30,0.0297
2010-07-01,0.0296
2010-07-02,0.03
2010-07-06,0.029500000000000002
2010-07-07,0.03
2010-07-08,0.0304
2010-07-09,0.030699999999999998
2010-07-12,0.0308
2010-07-13,0.0315
2010-07-14,0.030699999999999998
2010-07-15,0.03
2010-07-16,0.0296
2010-07-19,0.029900000000000003
2010-07-20,0.0298
2010-07-21,0.028999999999999998
2010-07-22,0.0296
2010-07-23,0.0302
2010-07-26,0.030299999999999997
2010-07-27,0.0308
2010-07-28,0.030299999999999997
2010-07-29,0.030299999999999997
2010-07-30,0.0294
2010-08-02,0.029900000000000003
2010-08-03,0.0294
2010-08-04,0.0298
2010-08-05,0.0294
2010-08-06,0.0286
2010-08-09,0.0286
2010-08-10,0.0279
2010-08-11,0.027200000000000002
2010-08-12,0.0274
2010-08-13,0.0268
2010-08-16,0.0258
2010-08-17,0.0264
2010-08-18,0.0264
2010-08-19,0.0258
2010-08-20,0.0262
2010-08-23,0.026000000000000002
2010-08-24,0.025
2010-08-25,0.0254
2010-08-26,0.025
2010-08-27,0.026600000000000002
2010-08-30,0.0254
2010-08-31,0.024700000000000003
2010-09-01,0.0258
2010-09-02,0.0263
2010-09-03,0.027200000000000002
2010-09-07,0.026099999999999998
2010-09-08,0.026600000000000002
2010-09-09,0.0277
2010-09-10,0.0281
2010-09-13,0.0274
2010-09-14,0.0268
2010-09-15,0.0274
2010-09-16,0.0277
2010-09-17,0.0275
2010-09-20,0.027200000000000002
2010-09-21,0.026099999999999998
2010-09-22,0.0256
2010-09-23,0.0256
2010-09-24,0.0262
2010-09-27,0.0254
2010-09-28,0.0248
2010-09-29,0.0252
2010-09-30,0.0253
2010-10-01,0.0254
2010-10-04,0.025
2010-10-05,0.025
2010-10-06,0.0241
2010-10-07,0.0241
2010-10-08,0.0241
2010-10-12,0.024399999999999998
2010-10-13,0.0246
2010-10-14,0.0252
2010-10-15,0.0259
2010-10-18,0.0252
2010-10-19,0.025
2010-10-20,0.025099999999999997
2010-10-21,0.025699999999999997
2010-10-22,0.0259
2010-10-25,0.0259
2010-10-26,0.026699999999999998
2010-10-27,0.0275
2010-10-28,0.0269
2010-10-29,0.0263
2010-11-01,0.026600000000000002
2010-11-02,0.0263
2010-11-03,0.026699999999999998
2010-11-04,0.0253
2010-11-05,0.0258
2010-11-08,0.026000000000000002
2010-11-09,0.027200000000000002
2010-11-10,0.0265
2010-11-12,0.0276
2010-11-15,0.0292
2010-11-16,0.0285
2010-11-17,0.028900000000000002
2010-11-18,0.028999999999999998
2010-11-19,0.0288
2010-11-22,0.027999999999999997
2010-11-23,0.0277
2010-11-24,0.029300000000000003
2010-11-26,0.0287
2010-11-29,0.028399999999999998
2010-11-30,0.0281
2010-12-01,0.0297
2010-12-02,0.0301
2010-12-03,0.030299999999999997
2010-12-06,0.029500000000000002
2010-12-07,0.0315
2010-12-08,0.0326
2010-12-09,0.0323
2010-12-10,0.0332
2010-12-13,0.0329
2010-12-14,0.0349
2010-12-15,0.0353
2010-12-16,0.0347
2010-12-17,0.0333
2010-12-20,0.0336
2010-12-21,0.0335
2010-12-22,0.0336
2010-12-23,0.0341
2010-12-27,0.0336
2010-12-28,0.035
2010-12-29,0.0335
2010-12-30,0.0338
2010-12-31,0.033
2011-01-03,0.0336
2011-01-04,0.0336
2011-01-05,0.035
2011-01-06,0.0344
2011-01-07,0.0334
2011-01-10,0.0332
2011-01-11,0.0337
2011-01-12,0.034
2011-01-13,0.0334
2011-01-14,0.0335
2011-01-18,0.0339
2011-01-19,0.0337
2011-01-20,0.0347
2011-01-21,0.0344
2011-01-24,0.034300000000000004
2011-01-25,0.0335
2011-01-26,0.0345
2011-01-27,0.0342
2011-01-28,0.0336
2011-01-31,0.0342
2011-02-01,0.0348
2011-02-02,0.0352
2011-02-03,0.0358
2011-02-04,0.0368
2011-02-07,0.0368
2011-02-08,0.0375
2011-02-09,0.0365
2011-02-10,0.037000000000000005
2011-02-11,0.0364
2011-02-14,0.0362
2011-02-15,0.0361
2011-02-16,0.0362
2011-02-17,0.0358
2011-02-18,0.0359
2011-02-22,0.0346
2011-02-23,0.0349
2011-02-24,0.0346
2011-02-25,0.0342
2011-02-28,0.0342
2011-03-01,0.0341
2011-03-02,0.0346
2011-03-03,0.0358
2011-03-04,0.0349
2011-03-07,0.0351
2011-03-08,0.0356
2011-03-09,0.0348
2011-03-10,0.0337
2011-03-11,0.034
2011-03-14,0.0336
2011-03-15,0.0333
2011-03-16,0.0322
2011-03-17,0.0325
2011-03-18,0.032799999999999996
2011-03-21,0.0334
2011-03-22,0.0334
2011-03-23,0.0336
2011-03-24,0.0342
2011-03-25,0.0346
2011-03-28,0.0347
2011-03-29,0.035
2011-03-30,0.0347
2011-03-31,0.0347
2011-04-01,0.0346
2011-04-04,0.0345
2011-04-05,0.035
2011-04-06,0.0356
2011-04-07,0.0358
2011-04-08,0.0359
2011-04-11,0.0359
2011-04-12,0.0352
2011-04-13,0.0349
2011-04-14,0.0351
2011-04-15,0.034300000000000004
2011-04-18,0.034
2011-04-19,0.0339
2011-04-20,0.034300000000000004
2011-04-21,0.0342
2011-04-25,0.0339
2011-04-26,0.0334
2011-04-27,0.0339
2011-04-28,0.0334
2011-04-29,0.0332
2011-05-02,0.0331
2011-05-03,0.032799999999999996
2011-05-04,0.0325
2011-05-05,0.0318
2011-05-06,0.0319
2011-05-09,0.0317
2011-05-10,0.0323
2011-05-11,0.0319
2011-05-12,0.0322
2011-05-13,0.0318
2011-05-16,0.0315
2011-05-17,0.031200000000000002
2011-05-18,0.0318
2011-05-19,0.0317
2011-05-20,0.0315
2011-05-23,0.0313
2011-05-24,0.031200000000000002
2011-05-25,0.0313
2011-05-26,0.030699999999999998
2011-05-27,0.030699999999999998
2011-05-31,0.0305
2011-06-01,0.0296
2011-06-02,0.0304
2011-06-03,0.029900000000000003
2011-06-06,0.0301
2011-06-07,0.0301
2011-06-08,0.0298
2011-06-09,0.0301
2011-06-10,0.029900000000000003
2011-06-13,0.03
2011-06-14,0.0311
2011-06-15,0.0298
2011-06-16,0.029300000000000003
2011-06-17,0.0294
2011-06-20,0.0297
2011-06-21,0.029900000000000003
2011-06-22,0.0301
2011-06-23,0.029300000000000003
2011-06-24,0.0288
2011-06-27,0.029500000000000002
2011-06-28,0.0305
2011-06-29,0.031400000000000004
2011-06-30,0.0318
2011-07-01,0.0322
2011-07-05,0.0316
2011-07-06,0.031200000000000002
2011-07-07,0.0317
2011-07-08,0.030299999999999997
2011-07-11,0.0294
2011-07-12,0.0292
2011-07-13,0.0292
2011-07-14,0.0298
2011-07-15,0.0294
2011-07-18,0.0294
2011-07-19,0.0291
2011-07-20,0.0296
2011-07-21,0.030299999999999997
2011-07-22,0.029900000000000003
2011-07-25,0.030299999999999997
2011-07-26,0.029900000000000003
2011-07-27,0.0301
2011-07-28,0.0298
2011-07-29,0.0282
2011-08-01,0.0277
2011-08-02,0.026600000000000002
2011-08-03,0.0264
2011-08-04,0.024700000000000003
2011-08-05,0.0258
2011-08-08,0.024
2011-08-09,0.022000000000000002
2011-08-10,0.0217
2011-08-11,0.023399999999999997
2011-08-12,0.022400000000000003
2011-08-15,0.0229
2011-08-16,0.0223
2011-08-17,0.0217
2011-08-18,0.0208
2011-08-19,0.0207
2011-08-22,0.021
2011-08-23,0.0215
2011-08-24,0.0229
2011-08-25,0.0223
2011-08-26,0.0219
2011-08-29,0.022799999999999997
2011-08-30,0.0219
2011-08-31,0.0223
2011-09-01,0.0215
2011-09-02,0.0202
2011-09-06,0.019799999999999998
2011-09-07,0.020499999999999997
2011-09-08,0.02
2011-09-09,0.019299999999999998
2011-09-12,0.0194
2011-09-13,0.02
2011-09-14,0.0203
2011-09-15,0.0209
2011-09-16,0.0208
2011-09-19,0.0197
2011-09-20,0.0195
2011-09-21,0.018799999999999997
2011-09-22,0.0172
2011-09-23,0.0184
2011-09-26,0.0191
2011-09-27,0.02
2011-09-28,0.0203
2011-09-29,0.0199
2011-09-30,0.0192
2011-10-03,0.018000000000000002
2011-10-04,0.0181
2011-10-05,0.0192
2011-10-06,0.020099999999999996
2011-10-07,0.021
2011-10-11,0.0218
2011-10-12,0.022400000000000003
2011-10-13,0.0219
2011-10-14,0.0226
2011-10-17,0.0218
2011-10-18,0.0219
2011-10-19,0.0218
2011-10-20,0.022000000000000002
2011-10-21,0.0223
2011-10-24,0.0225
2011-10-25,0.021400000000000002
2011-10-26,0.0223
2011-10-27,0.0242
2011-10-28,0.023399999999999997
2011-10-31,0.0217
2011-11-01,0.020099999999999996
2011-11-02,0.0203
2011-11-03,0.0209
2011-11-04,0.0206
2011-11-07,0.0204
2011-11-08,0.021
2011-11-09,0.02
2011-11-10,0.0204
2011-11-14,0.0204
2011-11-15,0.0206
2011-11-16,0.020099999999999996
2011-11-17,0.0196
2011-11-18,0.020099999999999996
2011-11-21,0.0197
2011-11-22,0.0194
2011-11-23,0.0189
2011-11-25,0.0197
2011-11-28,0.0197
2011-11-29,0.02
2011-11-30,0.0208
2011-12-01,0.021099999999999997
2011-12-02,0.020499999999999997
2011-12-05,0.0204
2011-12-06,0.0208
2011-12-07,0.0202
2011-12-08,0.0199
2011-12-09,0.0207
2011-12-12,0.0203
2011-12-13,0.0196
2011-12-14,0.0192
2011-12-15,0.0192
2011-12-16,0.018600000000000002
2011-12-19,0.0182
2011-12-20,0.0194
2011-12-21,0.019799999999999998
2011-12-22,0.0197
2011-12-23,0.0203
2011-12-27,0.0202
2011-12-28,0.019299999999999998
2011-12-29,0.0191
2011-12-30,0.0189
2012-01-03,0.0197
2012-01-04,0.02
2012-01-05,0.0202
2012-01-06,0.019799999999999998
2012-01-09,0.019799999999999998
2012-01-10,0.02
2012-01-11,0.019299999999999998
2012-01-12,0.0194
2012-01-13,0.0189
2012-01-17,0.0187
2012-01-18,0.0192
2012-01-19,0.020099999999999996
2012-01-20,0.020499999999999997
2012-01-23,0.0209
2012-01-24,0.0208
2012-01-25,0.020099999999999996
2012-01-26,0.0196
2012-01-27,0.019299999999999998
2012-01-30,0.0187
2012-01-31,0.0183
2012-02-01,0.0187
2012-02-02,0.018600000000000002
2012-02-03,0.0197
2012-02-06,0.019299999999999998
2012-02-07,0.02
2012-02-08,0.020099999999999996
2012-02-09,0.0204
2012-02-10,0.0196
2012-02-13,0.0199
2012-02-14,0.0192
2012-02-15,0.019299999999999998
2012-02-16,0.0199
2012-02-17,0.020099999999999996
2012-02-21,0.020499999999999997
2012-02-22,0.020099999999999996
2012-02-23,0.0199
2012-02-24,0.019799999999999998
2012-02-27,0.0192
2012-02-28,0.0194
2012-02-29,0.019799999999999998
2012-03-01,0.0203
2012-03-02,0.0199
2012-03-05,0.02
2012-03-06,0.0196
2012-03-07,0.019799999999999998
2012-03-08,0.0203
2012-03-09,0.0204
2012-03-12,0.0204
2012-03-13,0.021400000000000002
2012-03-14,0.0229
2012-03-15,0.0229
2012-03-16,0.0231
2012-03-19,0.0239
2012-03-20,0.023799999999999998
2012-03-21,0.0231
2012-03-22,0.0229
2012-03-23,0.0225
2012-03-26,0.0226
2012-03-27,0.022000000000000002
2012-03-28,0.022099999999999998
2012-03-29,0.0218
2012-03-30,0.0223
2012-04-02,0.0222
2012-04-03,0.023
2012-04-04,0.0225
2012-04-05,0.0219
2012-04-06,0.0207
2012-04-09,0.0206
2012-04-10,0.020099999999999996
2012-04-11,0.020499999999999997
2012-04-12,0.0208
2012-04-13,0.0202
2012-04-16,0.02
2012-04-17,0.0203
2012-04-18,0.02
2012-04-19,0.019799999999999998
2012-04-20,0.0199
2012-04-23,0.0196
2012-04-24,0.02
2012-04-25,0.020099999999999996
2012-04-26,0.019799999999999998
2012-04-27,0.0196
2012-04-30,0.0195
2012-05-01,0.019799999999999998
2012-05-02,0.0196
2012-05-03,0.0196
2012-05-04,0.0191
2012-05-07,0.0192
2012-05-08,0.018799999999999997
2012-05-09,0.0187
2012-05-10,0.0189
2012-05-11,0.0184
2012-05-14,0.0178
2012-05-15,0.0176
2012-05-16,0.0176
2012-05-17,0.017
2012-05-18,0.0171
2012-05-21,0.0175
2012-05-22,0.0179
2012-05-23,0.0173
2012-05-24,0.0177
2012-05-25,0.0175
2012-05-29,0.0174
2012-05-30,0.0163
2012-05-31,0.0159
2012-06-01,0.0147
2012-06-04,0.015300000000000001
2012-06-05,0.015700000000000002
2012-06-06,0.0166
2012-06-07,0.0166
2012-06-08,0.0165
2012-06-11,0.016
2012-06-12,0.0167
2012-06-13,0.0161
2012-06-14,0.016399999999999998
2012-06-15,0.016
2012-06-18,0.0159
2012-06-19,0.016399999999999998
2012-06-20,0.0165
2012-06-21,0.0163
2012-06-22,0.0169
2012-06-25,0.0163
2012-06-26,0.0166
2012-06-27,0.0165
2012-06-28,0.016
2012-06-29,0.0167
2012-07-02,0.0161
2012-07-03,0.0165
2012-07-05,0.016200000000000003
2012-07-06,0.015700000000000002
2012-07-09,0.015300000000000001
2012-07-10,0.015300000000000001
2012-07-11,0.0154
2012-07-12,0.015
2012-07-13,0.0152
2012-07-16,0.015
2012-07-17,0.015300000000000001
2012-07-18,0.0152
2012-07-19,0.0154
2012-07-20,0.0149
2012-07-23,0.0147
2012-07-24,0.0144
2012-07-25,0.0143
2012-07-26,0.014499999999999999
2012-07-27,0.0158
2012-07-30,0.015300000000000001
2012-07-31,0.0151
2012-08-01,0.015600000000000001
2012-08-02,0.0151
2012-08-03,0.016
2012-08-06,0.0159
2012-08-07,0.0166
2012-08-08,0.0168
2012-08-09,0.0169
2012-08-10,0.0165
2012-08-13,0.0165
2012-08-14,0.0173
2012-08-15,0.018000000000000002
2012-08-16,0.0183
2012-08-17,0.0181
2012-08-20,0.0182
2012-08-21,0.018000000000000002
2012-08-22,0.0171
2012-08-23,0.0168
2012-08-24,0.0168
2012-08-27,0.0165
2012-08-28,0.016399999999999998
2012-08-29,0.0166
2012-08-30,0.0163
2012-08-31,0.015700000000000002
2012-09-04,0.0159
2012-09-05,0.016
2012-09-06,0.0168
2012-09-07,0.0167
2012-09-10,0.0168
2012-09-11,0.017
2012-09-12,0.0177
2012-09-13,0.0175
2012-09-14,0.018799999999999997
2012-09-17,0.018500000000000003
2012-09-18,0.0182
2012-09-19,0.0179
2012-09-20,0.018000000000000002
2012-09-21,0.0177
2012-09-24,0.0174
2012-09-25,0.017
2012-09-26,0.016399999999999998
2012-09-27,0.0166
2012-09-28,0.0165
2012-10-01,0.016399999999999998
2012-10-02,0.016399999999999998
2012-10-03,0.016399999999999998
2012-10-04,0.017
2012-10-05,0.0175
2012-10-09,0.0174
2012-10-10,0.0172
2012-10-11,0.017
2012-10-12,0.0169
2012-10-15,0.017
2012-10-16,0.0175
2012-10-17,0.0183
2012-10-18,0.018600000000000002
2012-10-19,0.0179
2012-10-22,0.0183
2012-10-23,0.0179
2012-10-24,0.018000000000000002
2012-10-25,0.018600000000000002
2012-10-26,0.0178
2012-10-29,0.0174
2012-10-31,0.0172
2012-11-01,0.0175
2012-11-02,0.0175
2012-11-05,0.0172
2012-11-06,0.0178
2012-11-07,0.0168
2012-11-08,0.016200000000000003
2012-11-09,0.0161
2012-11-13,0.0159
2012-11-14,0.0159
2012-11-15,0.0158
2012-11-16,0.0158
2012-11-19,0.0161
2012-11-20,0.0166
2012-11-21,0.0169
2012-11-23,0.017
2012-11-26,0.0166
2012-11-27,0.016399999999999998
2012-11-28,0.0163
2012-11-29,0.016200000000000003
2012-11-30,0.016200000000000003
2012-12-03,0.0163
2012-12-04,0.016200000000000003
2012-12-05,0.016
2012-12-06,0.0159
2012-12-07,0.016399999999999998
2012-12-10,0.0163
2012-12-11,0.0166
2012-12-12,0.0172
2012-12-13,0.0174
2012-12-14,0.0172
2012-12-17,0.0178
2012-12-18,0.0184
2012-12-19,0.0182
2012-12-20,0.0181
2012-12-21,0.0177
2012-12-24,0.0179
2012-12-26,0.0177
2012-12-27,0.0174
2012-12-28,0.0173
2012-12-31,0.0178
2013-01-02,0.018600000000000002
2013-01-03,0.0192
2013-01-04,0.019299999999999998
2013-01-07,0.0192
2013-01-08,0.0189
2013-01-09,0.018799999999999997
2013-01-10,0.0191
2013-01-11,0.0189
2013-01-14,0.0189
2013-01-15,0.018600000000000002
2013-01-16,0.0184
2013-01-17,0.0189
2013-01-18,0.0187
2013-01-22,0.018600000000000002
2013-01-23,0.018600000000000002
2013-01-24,0.018799999999999997
2013-01-25,0.019799999999999998
2013-01-28,0.02
2013-01-29,0.0203
2013-01-30,0.0203
2013-01-31,0.0202
2013-02-01,0.0204
2013-02-04,0.02
2013-02-05,0.0204
2013-02-06,0.02
2013-02-07,0.0199
2013-02-08,0.0199
2013-02-11,0.0199
2013-02-12,0.0202
2013-02-13,0.020499999999999997
2013-02-14,0.02
2013-02-19,0.0203
2013-02-20,0.0202
2013-02-21,0.0199
2013-02-22,0.0197
2013-02-25,0.018799999999999997
2013-02-26,0.018799999999999997
2013-02-27,0.0191
2013-02-28,0.0189
2013-03-01,0.018600000000000002
2013-03-04,0.018799999999999997
2013-03-05,0.019
2013-03-06,0.0195
2013-03-07,0.02
2013-03-08,0.0206
2013-03-11,0.0207
2013-03-12,0.0203
2013-03-13,0.0204
2013-03-14,0.0204
2013-03-15,0.020099999999999996
2013-03-18,0.0196
2013-03-19,0.0192
2013-03-20,0.0196
2013-03-21,0.0195
2013-03-22,0.019299999999999998
2013-03-25,0.019299999999999998
2013-03-26,0.0192
2013-03-27,0.0187
2013-03-28,0.0187
2013-04-01,0.018600000000000002
2013-04-02,0.018799999999999997
2013-04-03,0.0183
2013-04-04,0.0178
2013-04-05,0.0172
2013-04-08,0.0176
2013-04-09,0.0178
2013-04-10,0.0184
2013-04-11,0.0182
2013-04-12,0.0175
2013-04-15,0.0172
2013-04-16,0.0175
2013-04-17,0.0173
2013-04-18,0.0172
2013-04-19,0.0173
2013-04-22,0.0172
2013-04-23,0.0174
2013-04-24,0.0173
2013-04-25,0.0174
2013-04-26,0.017
2013-04-29,0.017
2013-04-30,0.017
2013-05-01,0.0166
2013-05-02,0.0166
2013-05-03,0.0178
2013-05-06,0.018000000000000002
2013-05-07,0.0182
2013-05-08,0.0181
2013-05-09,0.0181
2013-05-10,0.019
2013-05-13,0.0192
2013-05-14,0.0196
2013-05-15,0.0194
2013-05-16,0.0187
2013-05-17,0.0195
2013-05-20,0.0197
2013-05-21,0.0194
2013-05-22,0.0203
2013-05-23,0.0202
2013-05-24,0.020099999999999996
2013-05-28,0.0215
2013-05-29,0.0213
2013-05-30,0.0213
2013-05-31,0.0216
2013-06-03,0.0213
2013-06-04,0.021400000000000002
2013-06-05,0.021
2013-06-06,0.0208
2013-06-07,0.0217
2013-06-10,0.0222
2013-06-11,0.022000000000000002
2013-06-12,0.0225
2013-06-13,0.0219
2013-06-14,0.021400000000000002
2013-06-17,0.0219
2013-06-18,0.022000000000000002
2013-06-19,0.0233
2013-06-20,0.0241
2013-06-21,0.0252
2013-06-24,0.025699999999999997
2013-06-25,0.026000000000000002
2013-06-26,0.0255
2013-06-27,0.024900000000000002
2013-06-28,0.0252
2013-07-01,0.025
2013-07-02,0.0248
2013-07-03,0.0252
2013-07-05,0.0273
2013-07-08,0.0265
2013-07-09,0.0265
2013-07-10,0.027000000000000003
2013-07-11,0.026000000000000002
2013-07-12,0.026099999999999998
2013-07-15,0.025699999999999997
2013-07-16,0.0255
2013-07-17,0.0252
2013-07-18,0.0256
2013-07-19,0.025
2013-07-22,0.025
2013-07-23,0.0253
2013-07-24,0.026099999999999998
2013-07-25,0.026099999999999998
2013-07-26,0.0258
2013-07-29,0.026099999999999998
2013-07-30,0.0263
2013-07-31,0.026000000000000002
2013-08-01,0.0274
2013-08-02,0.0263
2013-08-05,0.026699999999999998
2013-08-06,0.026699999999999998
2013-08-07,0.026099999999999998
2013-08-08,0.0258
2013-08-09,0.025699999999999997
2013-08-12,0.026099999999999998
2013-08-13,0.0271
2013-08-14,0.0271
2013-08-15,0.0277
2013-08-16,0.028399999999999998
2013-08-19,0.0288
2013-08-20,0.0282
2013-08-21,0.0287
2013-08-22,0.028999999999999998
2013-08-23,0.0282
2013-08-26,0.0279
2013-08-27,0.027200000000000002
2013-08-28,0.0278
2013-08-29,0.0275
2013-08-30,0.0278
2013-09-03,0.0286
2013-09-04,0.028999999999999998
2013-09-05,0.0298
2013-09-06,0.0294
2013-09-09,0.028999999999999998
2013-09-10,0.0296
2013-09-11,0.029300000000000003
2013-09-12,0.0292
2013-09-13,0.028999999999999998
2013-09-16,0.0288
2013-09-17,0.0286
2013-09-18,0.0269
2013-09-19,0.0276
2013-09-20,0.0275
2013-09-23,0.027200000000000002
2013-09-24,0.026699999999999998
2013-09-25,0.0263
2013-09-26,0.026600000000000002
2013-09-27,0.0264
2013-09-30,0.0264
2013-10-01,0.026600000000000002
2013-10-02,0.0263
2013-10-03,0.0262
2013-10-04,0.026600000000000002
2013-10-07,0.0265
2013-10-08,0.026600000000000002
2013-10-09,0.0268
2013-10-10,0.0271
2013-10-11,0.027000000000000003
2013-10-15,0.0275
2013-10-16,0.0269
2013-10-17,0.026099999999999998
2013-10-18,0.026000000000000002
2013-10-21,0.0263
2013-10-22,0.0254
2013-10-23,0.025099999999999997
2013-10-24,0.0253
2013-10-25,0.0253
2013-10-28,0.0254
2013-10-29,0.0253
2013-10-30,0.0255
2013-10-31,0.025699999999999997
2013-11-01,0.0265
2013-11-04,0.0263
2013-11-05,0.0269
2013-11-06,0.026699999999999998
2013-11-07,0.0263
2013-11-08,0.0277
2013-11-12,0.027999999999999997
2013-11-13,0.0275
2013-11-14,0.0269
2013-11-15,0.0271
2013-11-18,0.026699999999999998
2013-11-19,0.0271
2013-11-20,0.027999999999999997
2013-11-21,0.0279
2013-11-22,0.0275
2013-11-25,0.0274
2013-11-26,0.0271
2013-11-27,0.0274
2013-11-29,0.0275
2013-12-02,0.0281
2013-12-03,0.0279
2013-12-04,0.028399999999999998
2013-12-05,0.0288
2013-12-06,0.0288
2013-12-09,0.0286
2013-12-10,0.0281
2013-12-11,0.0286
2013-12-12,0.028900000000000002
2013-12-13,0.0288
2013-12-16,0.028900000000000002
2013-12-17,0.0285
2013-12-18,0.028900000000000002
2013-12-19,0.0294
2013-12-20,0.028900000000000002
2013-12-23,0.0294
2013-12-24,0.029900000000000003
2013-12-26,0.03
2013-12-27,0.0302
2013-12-30,0.029900000000000003
2013-12-31,0.0304
2014-01-02,0.03
2014-01-03,0.0301
2014-01-06,0.0298
2014-01-07,0.0296
2014-01-08,0.0301
2014-01-09,0.0297
2014-01-10,0.0288
2014-01-13,0.028399999999999998
2014-01-14,0.0288
2014-01-15,0.028999999999999998
2014-01-16,0.0286
2014-01-17,0.028399999999999998
2014-01-21,0.0285
2014-01-22,0.0287
2014-01-23,0.0279
2014-01-24,0.0275
2014-01-27,0.0278
2014-01-28,0.0277
2014-01-29,0.0269
2014-01-30,0.027200000000000002
2014-01-31,0.026699999999999998
2014-02-03,0.026099999999999998
2014-02-04,0.0264
2014-02-05,0.027000000000000003
2014-02-06,0.0273
2014-02-07,0.0271
2014-02-10,0.027000000000000003
2014-02-11,0.0275
2014-02-12,0.027999999999999997
2014-02-13,0.0273
2014-02-14,0.0275
2014-02-18,0.0271
2014-02-19,0.0273
2014-02-20,0.0276
2014-02-21,0.0273
2014-02-24,0.0275
2014-02-25,0.027000000000000003
2014-02-26,0.026699999999999998
2014-02-27,0.0265
2014-02-28,0.026600000000000002
2014-03-03,0.026000000000000002
2014-03-04,0.027000000000000003
2014-03-05,0.027000000000000003
2014-03-06,0.0274
2014-03-07,0.027999999999999997
2014-03-10,0.0279
2014-03-11,0.0277
2014-03-12,0.0273
2014-03-13,0.026600000000000002
2014-03-14,0.0265
2014-03-17,0.027000000000000003
2014-03-18,0.0268
2014-03-19,0.0278
2014-03-20,0.0279
2014-03-21,0.0275
2014-03-24,0.0274
2014-03-25,0.0275
2014-03-26,0.0271
2014-03-27,0.0269
2014-03-28,0.0273
2014-03-31,0.0273
2014-04-01,0.0277
2014-04-02,0.0282
2014-04-03,0.027999999999999997
2014-04-04,0.0274
2014-04-07,0.0271
2014-04-08,0.0269
2014-04-09,0.0271
2014-04-10,0.0265
2014-04-11,0.0263
2014-04-14,0.0265
2014-04-15,0.0264
2014-04-16,0.0265
2014-04-17,0.0273
2014-04-21,0.0273
2014-04-22,0.0273
2014-04-23,0.027000000000000003
2014-04-24,0.027000000000000003
2014-04-25,0.0268
2014-04-28,0.027000000000000003
2014-04-29,0.0271
2014-04-30,0.026699999999999998
2014-05-01,0.0263
2014-05-02,0.026000000000000002
2014-05-05,0.0263
2014-05-06,0.026099999999999998
2014-05-07,0.0262
2014-05-08,0.026099999999999998
2014-05-09,0.0262
2014-05-12,0.026600000000000002
2014-05-13,0.026099999999999998
2014-05-14,0.0254
2014-05-15,0.025
2014-05-16,0.0252
2014-05-19,0.0254
2014-05-20,0.0252
2014-05-21,0.0254
2014-05-22,0.0256
2014-05-23,0.0254
2014-05-27,0.0252
2014-05-28,0.024399999999999998
2014-05-29,0.0245
2014-05-30,0.0248
2014-06-02,0.0254
2014-06-03,0.026000000000000002
2014-06-04,0.026099999999999998
2014-06-05,0.0259
2014-06-06,0.026000000000000002
2014-06-09,0.0262
2014-06-10,0.0264
2014-06-11,0.0265
2014-06-12,0.0258
2014-06-13,0.026000000000000002
2014-06-16,0.026099999999999998
2014-06-17,0.026600000000000002
2014-06-18,0.026099999999999998
2014-06-19,0.0264
2014-06-20,0.0263
2014-06-23,0.0263
2014-06-24,0.0259
2014-06-25,0.025699999999999997
2014-06-26,0.0253
2014-06-27,0.0254
2014-06-30,0.0253
2014-07-01,0.0258
2014-07-02,0.0264
2014-07-03,0.0265
2014-07-07,0.0263
2014-07-08,0.0258
2014-07-09,0.025699999999999997
2014-07-10,0.0255
2014-07-11,0.0253
2014-07-14,0.0255
2014-07-15,0.0256
2014-07-16,0.0255
2014-07-17,0.024700000000000003
2014-07-18,0.025
2014-07-21,0.024900000000000002
2014-07-22,0.0248
2014-07-23,0.0248
2014-07-24,0.0252
2014-07-25,0.0248
2014-07-28,0.025
2014-07-29,0.024700000000000003
2014-07-30,0.025699999999999997
2014-07-31,0.0258
2014-08-01,0.0252
2014-08-04,0.025099999999999997
2014-08-05,0.024900000000000002
2014-08-06,0.024900000000000002
2014-08-07,0.024300000000000002
2014-08-08,0.024399999999999998
2014-08-11,0.024399999999999998
2014-08-12,0.0246
2014-08-13,0.024300000000000002
2014-08-14,0.024
2014-08-15,0.023399999999999997
2014-08-18,0.0239
2014-08-19,0.024
2014-08-20,0.024300000000000002
2014-08-21,0.0241
2014-08-22,0.024
2014-08-25,0.0239
2014-08-26,0.0239
2014-08-27,0.023700000000000002
2014-08-28,0.023399999999999997
2014-08-29,0.0235
2014-09-02,0.0242
2014-09-03,0.0241
2014-09-04,0.0245
2014-09-05,0.0246
2014-09-08,0.0248
2014-09-09,0.025
2014-09-10,0.0254
2014-09-11,0.0254
2014-09-12,0.0262
2014-09-15,0.026000000000000002
2014-09-16,0.026000000000000002
2014-09-17,0.0262
2014-09-18,0.0263
2014-09-19,0.0259
2014-09-22,0.025699999999999997
2014-09-23,0.0254
2014-09-24,0.025699999999999997
2014-09-25,0.0252
2014-09-26,0.0254
2014-09-29,0.025
2014-09-30,0.0252
2014-10-01,0.0242
2014-10-02,0.024399999999999998
2014-10-06,0.024300000000000002
2014-10-07,0.0236
2014-10-08,0.0235
2014-10-09,0.023399999999999997
2014-10-10,0.0231
2014-10-14,0.022099999999999998
2014-10-15,0.0215
2014-10-16,0.0217
2014-10-17,0.0222
2014-10-20,0.022000000000000002
2014-10-21,0.0223
2014-10-22,0.0225
2014-10-23,0.0229
2014-10-24,0.0229
2014-10-27,0.0227
2014-10-28,0.023
2014-10-29,0.023399999999999997
2014-10-30,0.0232
2014-10-31,0.0235
2014-11-03,0.0236
2014-11-04,0.0235
2014-11-05,0.0236
2014-11-06,0.0239
2014-11-07,0.0232
2014-11-10,0.023799999999999998
2014-11-12,0.023700000000000002
2014-11-13,0.0235
2014-11-14,0.0232
2014-11-17,0.023399999999999997
2014-11-18,0.0232
2014-11-19,0.0236
2014-11-20,0.023399999999999997
2014-11-21,0.0231
2014-11-24,0.023
2014-11-25,0.0227
2014-11-26,0.022400000000000003
2014-11-28,0.0218
2014-12-01,0.0222
2014-12-02,0.022799999999999997
2014-12-03,0.0229
2014-12-04,0.0225
2014-12-05,0.0231
2014-12-08,0.0226
2014-12-09,0.0222
2014-12-10,0.0218
2014-12-11,0.0219
2014-12-12,0.021
2014-12-15,0.0212
2014-12-16,0.0207
2014-12-17,0.021400000000000002
2014-12-18,0.0222
2014-12-19,0.0217
2014-12-22,0.0217
2014-12-23,0.0226
2014-12-24,0.0227
2014-12-26,0.0225
2014-12-29,0.0222
2014-12-30,0.022000000000000002
2014-12-31,0.0217
2015-01-05,0.0204
2015-01-06,0.0197
2015-01-07,0.0196
2015-01-08,0.0203
2015-01-09,0.019799999999999998
2015-01-12,0.0192
2015-01-13,0.0191
2015-01-14,0.018600000000000002
2015-01-15,0.0177
2015-01-16,0.0183
2015-01-20,0.0182
2015-01-21,0.0187
2015-01-22,0.019
2015-01-23,0.0181
2015-01-26,0.0183
2015-01-27,0.0183
2015-01-28,0.0173
2015-01-29,0.0177
2015-01-30,0.0168
2015-02-02,0.0168
2015-02-03,0.0179
2015-02-04,0.0181
2015-02-05,0.0183
2015-02-06,0.0195
2015-02-09,0.0196
2015-02-10,0.020099999999999996
2015-02-11,0.02
2015-02-12,0.0199
2015-02-13,0.0202
2015-02-17,0.021400000000000002
2015-02-18,0.0207
2015-02-19,0.021099999999999997
2015-02-20,0.0213
2015-02-23,0.0206
2015-02-24,0.0199
2015-02-25,0.0196
2015-02-26,0.0203
2015-02-27,0.02
2015-03-02,0.0208
2015-03-03,0.0212
2015-03-04,0.0212
2015-03-05,0.021099999999999997
2015-03-06,0.022400000000000003
2015-03-09,0.022000000000000002
2015-03-10,0.021400000000000002
2015-03-11,0.021099999999999997
2015-03-12,0.021
2015-03-13,0.0213
2015-03-16,0.021
2015-03-17,0.0206
2015-03-18,0.019299999999999998
2015-03-19,0.019799999999999998
2015-03-20,0.019299999999999998
2015-03-23,0.0192
2015-03-24,0.018799999999999997
2015-03-25,0.019299999999999998
2015-03-26,0.020099999999999996
2015-03-27,0.0195
2015-03-30,0.0196
2015-03-31,0.0194
2015-04-01,0.0187
2015-04-02,0.0192
2015-04-03,0.018500000000000003
2015-04-06,0.0192
2015-04-07,0.0189
2015-04-08,0.0192
2015-04-09,0.0197
2015-04-10,0.0196
2015-04-13,0.0194
2015-04-14,0.019
2015-04-15,0.0191
2015-04-16,0.019
2015-04-17,0.0187
2015-04-20,0.019
2015-04-21,0.0192
2015-04-22,0.0199
2015-04-23,0.0196
2015-04-24,0.019299999999999998
2015-04-27,0.0194
2015-04-28,0.02
2015-04-29,0.0206
2015-04-30,0.020499999999999997
2015-05-01,0.0212
2015-05-04,0.0216
2015-05-05,0.0219
2015-05-06,0.0225
2015-05-07,0.0218
2015-05-08,0.0216
2015-05-11,0.022799999999999997
2015-05-12,0.022799999999999997
2015-05-13,0.0227
2015-05-14,0.0223
2015-05-15,0.021400000000000002
2015-05-18,0.0223
2015-05-19,0.0227
2015-05-20,0.0226
2015-05-21,0.0219
2015-05-22,0.022099999999999998
2015-05-26,0.021400000000000002
2015-05-27,0.021400000000000002
2015-05-28,0.0213
2015-05-29,0.0212
2015-06-01,0.0219
2015-06-02,0.0227
2015-06-03,0.023799999999999998
2015-06-04,0.0231
2015-06-05,0.0241
2015-06-08,0.0239
2015-06-09,0.0242
2015-06-10,0.025
2015-06-11,0.0239
2015-06-12,0.0239
2015-06-15,0.0236
2015-06-16,0.0232
2015-06-17,0.0232
2015-06-18,0.0235
2015-06-19,0.0226
2015-06-22,0.023700000000000002
2015-06-23,0.0242
2015-06-24,0.023799999999999998
2015-06-25,0.024
2015-06-26,0.024900000000000002
2015-06-29,0.0233
2015-06-30,0.0235
2015-07-01,0.024300000000000002
2015-07-02,0.024
2015-07-06,0.023
2015-07-07,0.0227
2015-07-08,0.0222
2015-07-09,0.0232
2015-07-10,0.0242
2015-07-13,0.024399999999999998
2015-07-14,0.0241
2015-07-15,0.0236
2015-07-16,0.0236
2015-07-17,0.023399999999999997
2015-07-20,0.023799999999999998
2015-07-21,0.0235
2015-07-22,0.0233
2015-07-23,0.022799999999999997
2015-07-24,0.0227
2015-07-27,0.0223
2015-07-28,0.0226
2015-07-29,0.0229
2015-07-30,0.022799999999999997
2015-07-31,0.022000000000000002
2015-08-03,0.0216
2015-08-04,0.0223
2015-08-05,0.022799999999999997
2015-08-06,0.0223
2015-08-07,0.0218
2015-08-10,0.022400000000000003
2015-08-11,0.0215
2015-08-12,0.021400000000000002
2015-08-13,0.0219
2015-08-14,0.022000000000000002
2015-08-17,0.0216
2015-08-18,0.022000000000000002
2015-08-19,0.0212
2015-08-20,0.0209
2015-08-21,0.020499999999999997
2015-08-24,0.020099999999999996
2015-08-25,0.0212
2015-08-26,0.0218
2015-08-27,0.0218
2015-08-28,0.0219
2015-08-31,0.022099999999999998
2015-09-01,0.0217
2015-09-02,0.022000000000000002
2015-09-03,0.0218
2015-09-04,0.0213
2015-09-08,0.022000000000000002
2015-09-09,0.022099999999999998
2015-09-10,0.0223
2015-09-11,0.022000000000000002
2015-09-14,0.0218
2015-09-15,0.022799999999999997
2015-09-16,0.023
2015-09-17,0.022099999999999998
2015-09-18,0.0213
2015-09-21,0.022000000000000002
2015-09-22,0.021400000000000002
2015-09-23,0.0216
2015-09-24,0.0213
2015-09-25,0.0217
2015-09-28,0.021
2015-09-29,0.020499999999999997
2015-09-30,0.0206
2015-10-01,0.020499999999999997
2015-10-02,0.0199
2015-10-05,0.0207
2015-10-06,0.020499999999999997
2015-10-07,0.0208
2015-10-08,0.0212
2015-10-09,0.0212
2015-10-13,0.0206
2015-10-14,0.0199
2015-10-15,0.0204
2015-10-16,0.0204
2015-10-19,0.0204
2015-10-20,0.0208
2015-10-21,0.0204
2015-10-22,0.0204
2015-10-23,0.0209
2015-10-26,0.0207
2015-10-27,0.020499999999999997
2015-10-28,0.021
2015-10-29,0.0219
2015-10-30,0.0216
2015-11-02,0.022000000000000002
2015-11-03,0.0223
2015-11-04,0.0225
2015-11-05,0.0226
2015-11-06,0.023399999999999997
2015-11-09,0.0236
2015-11-10,0.0232
2015-11-12,0.0232
2015-11-13,0.022799999999999997
2015-11-16,0.0227
2015-11-17,0.0225
2015-11-18,0.0227
2015-11-19,0.022400000000000003
2015-11-20,0.0226
2015-11-23,0.0225
2015-11-24,0.022400000000000003
2015-11-25,0.0223
2015-11-27,0.0222
2015-11-30,0.022099999999999998
2015-12-01,0.0215
2015-12-02,0.0218
2015-12-03,0.0233
2015-12-04,0.022799999999999997
2015-12-07,0.0223
2015-12-08,0.022400000000000003
2015-12-09,0.0222
2015-12-10,0.022400000000000003
2015-12-11,0.0213
2015-12-14,0.0223
2015-12-15,0.022799999999999997
2015-12-16,0.023
2015-12-17,0.022400000000000003
2015-12-18,0.0219
2015-12-21,0.022000000000000002
2015-12-22,0.022400000000000003
2015-12-23,0.0227
2015-12-24,0.0225
2015-12-28,0.022400000000000003
2015-12-29,0.0232
2015-12-30,0.0231
2015-12-31,0.0227
2016-01-04,0.022400000000000003
2016-01-05,0.0225
2016-01-06,0.0218
2016-01-07,0.0216
2016-01-08,0.0213
2016-01-11,0.0217
2016-01-12,0.0212
2016-01-13,0.0208
2016-01-14,0.021
2016-01-15,0.0203
2016-01-19,0.0206
2016-01-20,0.020099999999999996
2016-01-21,0.0202
2016-01-22,0.0207
2016-01-25,0.0203
2016-01-26,0.020099999999999996
2016-01-27,0.0202
2016-01-28,0.02
2016-01-29,0.0194
2016-02-01,0.0197
2016-02-02,0.0187
2016-02-03,0.018799999999999997
2016-02-04,0.0187
2016-02-05,0.018600000000000002
2016-02-08,0.0175
2016-02-09,0.0174
2016-02-10,0.0171
2016-02-11,0.0163
2016-02-12,0.0174
2016-02-16,0.0178
2016-02-17,0.0181
2016-02-18,0.0175
2016-02-19,0.0176
2016-02-22,0.0177
2016-02-23,0.0174
2016-02-24,0.0175
2016-02-25,0.0171
2016-02-26,0.0176
2016-02-29,0.0174
2016-03-01,0.0183
2016-03-02,0.0184
2016-03-03,0.0183
2016-03-04,0.018799999999999997
2016-03-07,0.0191
2016-03-08,0.0183
2016-03-09,0.019
2016-03-10,0.019299999999999998
2016-03-11,0.019799999999999998
2016-03-14,0.0197
2016-03-15,0.0197
2016-03-16,0.0194
2016-03-17,0.0191
2016-03-18,0.018799999999999997
2016-03-21,0.0192
2016-03-22,0.0194
2016-03-23,0.018799999999999997
2016-03-24,0.0191
2016-03-28,0.0189
2016-03-29,0.0181
2016-03-30,0.0183
2016-03-31,0.0178
2016-04-01,0.0179
2016-04-04,0.0178
2016-04-05,0.0173
2016-04-06,0.0176
2016-04-07,0.017
2016-04-08,0.0172
2016-04-11,0.0173
2016-04-12,0.0179
2016-04-13,0.0177
2016-04-14,0.018000000000000002
2016-04-15,0.0176
2016-04-18,0.0178
2016-04-19,0.0179
2016-04-20,0.018500000000000003
2016-04-21,0.018799999999999997
2016-04-22,0.0189
2016-04-25,0.0191
2016-04-26,0.0194
2016-04-27,0.0187
2016-04-28,0.0184
2016-04-29,0.0183
2016-05-02,0.018799999999999997
2016-05-03,0.0181
2016-05-04,0.0179
2016-05-05,0.0176
2016-05-06,0.0179
2016-05-09,0.0177
2016-05-10,0.0177
2016-05-11,0.0173
2016-05-12,0.0175
2016-05-13,0.0171
2016-05-16,0.0175
2016-05-17,0.0176
2016-05-18,0.0187
2016-05-19,0.018500000000000003
2016-05-20,0.018500000000000003
2016-05-23,0.0184
2016-05-24,0.018600000000000002
2016-05-25,0.0187
2016-05-26,0.0183
2016-05-27,0.018500000000000003
2016-05-31,0.0184
2016-06-01,0.018500000000000003
2016-06-02,0.0181
2016-06-03,0.0171
2016-06-06,0.0173
2016-06-07,0.0172
2016-06-08,0.0171
2016-06-09,0.0168
2016-06-10,0.016399999999999998
2016-06-13,0.016200000000000003
2016-06-14,0.016200000000000003
2016-06-15,0.016
2016-06-16,0.015700000000000002
2016-06-17,0.016200000000000003
2016-06-20,0.0167
2016-06-21,0.0171
2016-06-22,0.0169
2016-06-23,0.0174
2016-06-24,0.015700000000000002
2016-06-27,0.0146
2016-06-28,0.0146
2016-06-29,0.015
2016-06-30,0.0149
2016-07-01,0.0146
2016-07-05,0.0137
2016-07-06,0.0138
2016-07-07,0.013999999999999999
2016-07-08,0.0137
2016-07-11,0.0143
2016-07-12,0.015300000000000001
2016-07-13,0.0148
2016-07-14,0.015300000000000001
2016-07-15,0.016
2016-07-18,0.0159
2016-07-19,0.015600000000000001
2016-07-20,0.0159
2016-07-21,0.015700000000000002
2016-07-22,0.015700000000000002
2016-07-25,0.0158
2016-07-26,0.015700000000000002
2016-07-27,0.0152
2016-07-28,0.0152
2016-07-29,0.0146
2016-08-01,0.0151
2016-08-02,0.0155
2016-08-03,0.0155
2016-08-04,0.0151
2016-08-05,0.0159
2016-08-08,0.0159
2016-08-09,0.0155
2016-08-10,0.015
2016-08-11,0.015700000000000002
2016-08-12,0.0151
2016-08-15,0.0155
2016-08-16,0.015700000000000002
2016-08-17,0.015600000000000001
2016-08-18,0.015300000000000001
2016-08-19,0.0158
2016-08-22,0.0155
2016-08-23,0.0155
2016-08-24,0.015600000000000001
2016-08-25,0.0158
2016-08-26,0.016200000000000003
2016-08-29,0.015700000000000002
2016-08-30,0.015700000000000002
2016-08-31,0.0158
2016-09-01,0.015700000000000002
2016-09-02,0.016
2016-09-06,0.0155
2016-09-07,0.0154
2016-09-08,0.0161
2016-09-09,0.0167
2016-09-12,0.0168
2016-09-13,0.0173
2016-09-14,0.017
2016-09-15,0.0171
2016-09-16,0.017
2016-09-19,0.017
2016-09-20,0.0169
2016-09-21,0.0166
2016-09-22,0.0163
2016-09-23,0.016200000000000003
2016-09-26,0.0159
2016-09-27,0.015600000000000001
2016-09-28,0.015700000000000002
2016-09-29,0.015600000000000001
2016-09-30,0.016
2016-10-03,0.0163
2016-10-04,0.0169
2016-10-05,0.0172
2016-10-06,0.0175
2016-10-07,0.0173
2016-10-11,0.0177
2016-10-12,0.0179
2016-10-13,0.0175
2016-10-14,0.018000000000000002
2016-10-17,0.0177
2016-10-18,0.0175
2016-10-19,0.0176
2016-10-20,0.0176
2016-10-21,0.0174
2016-10-24,0.0177
2016-10-25,0.0177
2016-10-26,0.0179
2016-10-27,0.018500000000000003
2016-10-28,0.018600000000000002
2016-10-31,0.0184
2016-11-01,0.0183
2016-11-02,0.0181
2016-11-03,0.0182
2016-11-04,0.0179
2016-11-07,0.0183
2016-11-08,0.018799999999999997
2016-11-09,0.0207
2016-11-10,0.0215
2016-11-14,0.0223
2016-11-15,0.0223
2016-11-16,0.0222
2016-11-17,0.0229
2016-11-18,0.023399999999999997
2016-11-21,0.0233
2016-11-22,0.0231
2016-11-23,0.0236
2016-11-25,0.0236
2016-11-28,0.0232
2016-11-29,0.023
2016-11-30,0.023700000000000002
2016-12-01,0.0245
2016-12-02,0.024
2016-12-05,0.0239
2016-12-06,0.0239
2016-12-07,0.023399999999999997
2016-12-08,0.024
2016-12-09,0.024700000000000003
2016-12-12,0.024900000000000002
2016-12-13,0.0248
2016-12-14,0.0254
2016-12-15,0.026000000000000002
2016-12-16,0.026000000000000002
2016-12-19,0.0254
2016-12-20,0.025699999999999997
2016-12-21,0.0255
2016-12-22,0.0255
2016-12-23,0.0255
2016-12-27,0.025699999999999997
2016-12-28,0.025099999999999997
2016-12-29,0.024900000000000002
2016-12-30,0.0245
2017-01-03,0.0245
2017-01-04,0.0246
2017-01-05,0.023700000000000002
2017-01-06,0.0242
2017-01-09,0.023799999999999998
2017-01-10,0.023799999999999998
2017-01-11,0.023799999999999998
2017-01-12,0.0236
2017-01-13,0.024
2017-01-17,0.0233
2017-01-18,0.0242
2017-01-19,0.024700000000000003
2017-01-20,0.0248
2017-01-23,0.0241
2017-01-24,0.024700000000000003
2017-01-25,0.0253
2017-01-26,0.025099999999999997
2017-01-27,0.024900000000000002
2017-01-30,0.024900000000000002
2017-01-31,0.0245
2017-02-01,0.0248
2017-02-02,0.0248
2017-02-03,0.024900000000000002
2017-02-06,0.0242
2017-02-07,0.024
2017-02-08,0.023399999999999997
2017-02-09,0.024
2017-02-10,0.0241
2017-02-13,0.024300000000000002
2017-02-14,0.024700000000000003
2017-02-15,0.025099999999999997
2017-02-16,0.0245
2017-02-17,0.0242
2017-02-21,0.024300000000000002
2017-02-22,0.0242
2017-02-23,0.023799999999999998
2017-02-24,0.0231
2017-02-27,0.0236
2017-02-28,0.0236
2017-03-01,0.0246
2017-03-02,0.024900000000000002
2017-03-03,0.024900000000000002
2017-03-06,0.024900000000000002
2017-03-07,0.0252
2017-03-08,0.025699999999999997
2017-03-09,0.026000000000000002
2017-03-10,0.0258
2017-03-13,0.0262
2017-03-14,0.026000000000000002
2017-03-15,0.025099999999999997
2017-03-16,0.0253
2017-03-17,0.025
2017-03-20,0.024700000000000003
2017-03-21,0.024300000000000002
2017-03-22,0.024
2017-03-23,0.0241
2017-03-24,0.024
2017-03-27,0.023799999999999998
2017-03-28,0.0242
2017-03-29,0.0239
2017-03-30,0.0242
2017-03-31,0.024
2017-04-03,0.0235
2017-04-04,0.0236
2017-04-05,0.023399999999999997
2017-04-06,0.023399999999999997
2017-04-07,0.023799999999999998
2017-04-10,0.023700000000000002
2017-04-11,0.0232
2017-04-12,0.022799999999999997
2017-04-13,0.022400000000000003
2017-04-17,0.0226
2017-04-18,0.0218
2017-04-19,0.022099999999999998
2017-04-20,0.022400000000000003
2017-04-21,0.022400000000000003
2017-04-24,0.022799999999999997
2017-04-25,0.0235
2017-04-26,0.0232
2017-04-27,0.023
2017-04-28,0.0229
2017-05-01,0.0233
2017-05-02,0.0229
2017-05-03,0.0233
2017-05-04,0.0236
2017-05-05,0.0236
2017-05-08,0.0239
2017-05-09,0.0242
2017-05-10,0.0241
2017-05-11,0.0239
2017-05-12,0.0233
2017-05-15,0.023399999999999997
2017-05-16,0.0233
2017-05-17,0.0222
2017-05-18,0.0223
2017-05-19,0.0223
2017-05-22,0.0225
2017-05-23,0.0229
2017-05-24,0.0226
2017-05-25,0.0225
2017-05-26,0.0225
2017-05-30,0.022099999999999998
2017-05-31,0.022099999999999998
2017-06-01,0.022099999999999998
2017-06-02,0.0215
2017-06-05,0.0218
2017-06-06,0.021400000000000002
2017-06-07,0.0218
2017-06-08,0.0219
2017-06-09,0.022099999999999998
2017-06-12,0.022099999999999998
2017-06-13,0.022099999999999998
2017-06-14,0.0215
2017-06-15,0.0216
2017-06-16,0.0216
2017-06-19,0.0219
2017-06-20,0.0216
2017-06-21,0.0216
2017-06-22,0.0215
2017-06-23,0.0215
2017-06-26,0.021400000000000002
2017-06-27,0.022099999999999998
2017-06-28,0.0222
2017-06-29,0.0227
2017-06-30,0.0231
2017-07-03,0.0235
2017-07-04,0.023479999999999997
2017-07-05,0.0233
2017-07-06,0.023700000000000002
2017-07-07,0.0239
2017-07-10,0.023799999999999998
2017-07-11,0.023700000000000002
2017-07-12,0.0233
2017-07-13,0.0235
2017-07-14,0.0233
2017-07-17,0.0231
2017-07-18,0.0227
2017-07-19,0.0227
2017-07-20,0.0227
2017-07-21,0.022400000000000003
2017-07-24,0.0226
2017-07-25,0.0233
2017-07-26,0.0229
2017-07-27,0.0232
2017-07-28,0.023
2017-07-31,0.023
2017-08-01,0.0226
2017-08-02,0.0227
2017-08-03,0.022400000000000003
2017-08-04,0.0227
2017-08-07,0.0226
2017-08-08,0.0229
2017-08-09,0.022400000000000003
2017-08-10,0.022000000000000002
2017-08-11,0.0219
2017-08-14,0.0222
2017-08-15,0.0227
2017-08-16,0.0223
2017-08-17,0.0219
2017-08-18,0.0219
2017-08-21,0.0218
2017-08-22,0.0222
2017-08-23,0.0217
2017-08-24,0.0219
2017-08-25,0.0217
2017-08-28,0.0216
2017-08-29,0.0213
2017-08-30,0.0215
2017-08-31,0.0212
2017-09-01,0.0216
2017-09-04,0.02166
2017-09-05,0.0207
2017-09-06,0.021
2017-09-07,0.020499999999999997
2017-09-08,0.0206
2017-09-11,0.021400000000000002
2017-09-12,0.0217
2017-09-13,0.022000000000000002
2017-09-14,0.022000000000000002
2017-09-15,0.022000000000000002
2017-09-18,0.0223
2017-09-19,0.022400000000000003
2017-09-20,0.022799999999999997
2017-09-21,0.0227
2017-09-22,0.0226
2017-09-25,0.0222
2017-09-26,0.022400000000000003
2017-09-27,0.0231
2017-09-28,0.0231
2017-09-29,0.0233
2017-10-02,0.023399999999999997
2017-10-03,0.0233
2017-10-04,0.0233
2017-10-05,0.0235
2017-10-06,0.023700000000000002
2017-10-09,0.023610000000000003
2017-10-10,0.0235
2017-10-11,0.0235
2017-10-12,0.0233
2017-10-13,0.022799999999999997
2017-10-16,0.023
2017-10-17,0.023
2017-10-18,0.023399999999999997
2017-10-19,0.0233
2017-10-20,0.0239
2017-10-23,0.023799999999999998
2017-10-24,0.0242
2017-10-25,0.024399999999999998
2017-10-26,0.0246
2017-10-27,0.0242
2017-10-30,0.023700000000000002
2017-10-31,0.023799999999999998
2017-11-01,0.023700000000000002
2017-11-02,0.0235
2017-11-03,0.023399999999999997
2017-11-06,0.0232
2017-11-07,0.0232
2017-11-08,0.0232
2017-11-09,0.0233
2017-11-10,0.024
2017-11-13,0.024
2017-11-14,0.023799999999999998
2017-11-15,0.0233
2017-11-16,0.023700000000000002
2017-11-17,0.0235
2017-11-20,0.023700000000000002
2017-11-21,0.0236
2017-11-22,0.0232
2017-11-24,0.023399999999999997
2017-11-27,0.0232
2017-11-28,0.023399999999999997
2017-11-29,0.023700000000000002
2017-11-30,0.0242
2017-12-01,0.023700000000000002
2017-12-04,0.023700000000000002
2017-12-05,0.0236
2017-12-06,0.0233
2017-12-07,0.023700000000000002
2017-12-08,0.023799999999999998
2017-12-11,0.0239
2017-12-12,0.024
2017-12-13,0.0236
2017-12-14,0.0235
2017-12-15,0.0235
2017-12-18,0.0239
2017-12-19,0.0246
2017-12-20,0.024900000000000002
2017-12-21,0.0248
2017-12-22,0.0248
2017-12-26,0.024700000000000003
2017-12-27,0.0242
2017-12-28,0.024300000000000002
2017-12-29,0.024
2018-01-02,0.0246
2018-01-03,0.024399999999999998
2018-01-04,0.0246
2018-01-05,0.024700000000000003
2018-01-08,0.024900000000000002
2018-01-09,0.0255
2018-01-10,0.0255
2018-01-11,0.0254
2018-01-12,0.0255
2018-01-16,0.0254
2018-01-17,0.025699999999999997
2018-01-18,0.0262
2018-01-19,0.0264
2018-01-22,0.026600000000000002
2018-01-23,0.0263
2018-01-24,0.0265
2018-01-25,0.0263
2018-01-26,0.026600000000000002
2018-01-29,0.027000000000000003
2018-01-30,0.0273
2018-01-31,0.027200000000000002
2018-02-01,0.0278
2018-02-02,0.028399999999999998
2018-02-05,0.0277
2018-02-06,0.0279
2018-02-07,0.028399999999999998
2018-02-08,0.0285
2018-02-09,0.028300000000000002
2018-02-12,0.0286
2018-02-13,0.028300000000000002
2018-02-14,0.0291
2018-02-15,0.028999999999999998
2018-02-16,0.0287
2018-02-20,0.0288
2018-02-21,0.0294
2018-02-22,0.0292
2018-02-23,0.0288
2018-02-26,0.0286
2018-02-27,0.028999999999999998
2018-02-28,0.0287
2018-03-01,0.0281
2018-03-02,0.0286
2018-03-05,0.0288
2018-03-06,0.0288
2018-03-07,0.028900000000000002
2018-03-08,0.0286
2018-03-09,0.028999999999999998
2018-03-12,0.0287
2018-03-13,0.028399999999999998
2018-03-14,0.0281
2018-03-15,0.0282
2018-03-16,0.0285
2018-03-19,0.0285
2018-03-20,0.028900000000000002
2018-03-21,0.028900000000000002
2018-03-22,0.028300000000000002
2018-03-23,0.0282
2018-03-26,0.0285
2018-03-27,0.0278
2018-03-28,0.0277
2018-03-29,0.0274
2018-04-02,0.0273
2018-04-03,0.0279
2018-04-04,0.0279
2018-04-05,0.028300000000000002
2018-04-06,0.0277
2018-04-09,0.0278
2018-04-10,0.027999999999999997
2018-04-11,0.0279
2018-04-12,0.028300000000000002
2018-04-13,0.0282
2018-04-16,0.028300000000000002
2018-04-17,0.0282
2018-04-18,0.0287
2018-04-19,0.0292
2018-04-20,0.0296
2018-04-23,0.0298
2018-04-24,0.03
2018-04-25,0.030299999999999997
2018-04-26,0.03
2018-04-27,0.0296
2018-04-30,0.029500000000000002
2018-05-01,0.0297
2018-05-02,0.0297
2018-05-03,0.0294
2018-05-04,0.029500000000000002
2018-05-07,0.029500000000000002
2018-05-08,0.0297
2018-05-09,0.03
2018-05-10,0.0297
2018-05-11,0.0297
2018-05-14,0.03
2018-05-15,0.0308
2018-05-16,0.030899999999999997
2018-05-17,0.0311
2018-05-18,0.030600000000000002
2018-05-21,0.030600000000000002
2018-05-22,0.030600000000000002
2018-05-23,0.0301
2018-05-24,0.0298
2018-05-25,0.029300000000000003
2018-05-29,0.0277
2018-05-30,0.028399999999999998
2018-05-31,0.028300000000000002
2018-06-01,0.028900000000000002
2018-06-04,0.0294
2018-06-05,0.0292
2018-06-06,0.0297
2018-06-07,0.029300000000000003
2018-06-08,0.029300000000000003
2018-06-11,0.0296
2018-06-12,0.0296
2018-06-13,0.0298
2018-06-14,0.0294
2018-06-15,0.029300000000000003
2018-06-18,0.0292
2018-06-19,0.028900000000000002
2018-06-20,0.029300000000000003
2018-06-21,0.028999999999999998
2018-06-22,0.028999999999999998
2018-06-25,0.0287
2018-06-26,0.0288
2018-06-27,0.028300000000000002
2018-06-28,0.028399999999999998
2018-06-29,0.0285
2018-07-02,0.0287
2018-07-03,0.028300000000000002
2018-07-05,0.028399999999999998
2018-07-06,0.0282
2018-07-09,0.0286
2018-07-10,0.0287
2018-07-11,0.0285
2018-07-12,0.0285
2018-07-13,0.028300000000000002
2018-07-16,0.0285
2018-07-17,0.0286
2018-07-18,0.0288
2018-07-19,0.028399999999999998
2018-07-20,0.028900000000000002
2018-07-23,0.0296
2018-07-24,0.029500000000000002
2018-07-25,0.0294
2018-07-26,0.0298
2018-07-27,0.0296
2018-07-30,0.0298
2018-07-31,0.0296
2018-08-01,0.03
2018-08-02,0.0298
2018-08-03,0.029500000000000002
2018-08-06,0.0294
2018-08-07,0.0298
2018-08-08,0.0296
2018-08-09,0.029300000000000003
2018-08-10,0.0287
2018-08-13,0.0288
2018-08-14,0.028900000000000002
2018-08-15,0.0286
2018-08-16,0.0287
2018-08-17,0.0287
2018-08-20,0.0282
2018-08-21,0.0285
2018-08-22,0.0282
2018-08-23,0.0282
2018-08-24,0.0282
2018-08-27,0.0285
2018-08-28,0.0288
2018-08-29,0.028900000000000002
2018-08-30,0.0286
2018-08-31,0.0286
2018-09-04,0.028999999999999998
2018-09-05,0.028999999999999998
2018-09-06,0.0288
2018-09-07,0.0294
2018-09-10,0.0294
2018-09-11,0.0298
2018-09-12,0.0297
2018-09-13,0.0297
2018-09-14,0.029900000000000003
2018-09-17,0.029900000000000003
2018-09-18,0.0305
2018-09-19,0.0308
2018-09-20,0.030699999999999998
2018-09-21,0.030699999999999998
2018-09-24,0.0308
2018-09-25,0.031
2018-09-26,0.030600000000000002
2018-09-27,0.030600000000000002
2018-09-28,0.0305
2018-10-01,0.030899999999999997
2018-10-02,0.0305
2018-10-03,0.0315
2018-10-04,0.0319
2018-10-05,0.0323
2018-10-09,0.0321
2018-10-10,0.0322
2018-10-11,0.031400000000000004
2018-10-12,0.0315
2018-10-15,0.0316
2018-10-16,0.0316
2018-10-17,0.0319
2018-10-18,0.0317
2018-10-19,0.032
2018-10-22,0.032
2018-10-23,0.0317
2018-10-24,0.031
2018-10-25,0.031400000000000004
2018-10-26,0.0308
2018-10-29,0.0308
2018-10-30,0.031200000000000002
2018-10-31,0.0315
2018-11-01,0.031400000000000004
2018-11-02,0.0322
2018-11-05,0.032
2018-11-06,0.0322
2018-11-07,0.0322
2018-11-08,0.032400000000000005
2018-11-09,0.0319
2018-11-13,0.031400000000000004
2018-11-14,0.031200000000000002
2018-11-15,0.0311
2018-11-16,0.0308
2018-11-19,0.030600000000000002
2018-11-20,0.030600000000000002
2018-11-21,0.030600000000000002
2018-11-23,0.0305
2018-11-26,0.030699999999999998
2018-11-27,0.030600000000000002
2018-11-28,0.030600000000000002
2018-11-29,0.030299999999999997
2018-11-30,0.0301
2018-12-03,0.0298
2018-12-04,0.0291
2018-12-06,0.0287
2018-12-07,0.0285
2018-12-10,0.0285
2018-12-11,0.028900000000000002
2018-12-12,0.0291
2018-12-13,0.0291
2018-12-14,0.028900000000000002
2018-12-17,0.0286
2018-12-18,0.0282
2018-12-19,0.0277
2018-12-20,0.0279
2018-12-21,0.0279
2018-12-24,0.0274
2018-12-26,0.0281
2018-12-27,0.0277
2018-12-28,0.027200000000000002
2018-12-31,0.0269
2019-01-02,0.026600000000000002
2019-01-03,0.0256
2019-01-04,0.026699999999999998
2019-01-07,0.027000000000000003
2019-01-08,0.0273
2019-01-09,0.0274
2019-01-10,0.0274
2019-01-11,0.0271
2019-01-14,0.0271
2019-01-15,0.027200000000000002
2019-01-16,0.0273
2019-01-17,0.0275
2019-01-18,0.0279
2019-01-22,0.0274
2019-01-23,0.0276
2019-01-24,0.027200000000000002
2019-01-25,0.0276
2019-01-28,0.0275
2019-01-29,0.027200000000000002
2019-01-30,0.027000000000000003
2019-01-31,0.0263
2019-02-01,0.027000000000000003
2019-02-04,0.0273
2019-02-05,0.0271
2019-02-06,0.027000000000000003
2019-02-07,0.0265
2019-02-08,0.0263
2019-02-11,0.0265
2019-02-12,0.0268
2019-02-13,0.0271
2019-02-14,0.026600000000000002
2019-02-15,0.026600000000000002
2019-02-19,0.0265
2019-02-20,0.0265
2019-02-21,0.0269
2019-02-22,0.0265
2019-02-25,0.026699999999999998
2019-02-26,0.0264
2019-02-27,0.0269
2019-02-28,0.0273
2019-03-01,0.0276
2019-03-04,0.027200000000000002
2019-03-05,0.027200000000000002
2019-03-06,0.0269
2019-03-07,0.0264
2019-03-08,0.0262
2019-03-11,0.0264
2019-03-12,0.026099999999999998
2019-03-13,0.026099999999999998
2019-03-14,0.0263
2019-03-15,0.0259
2019-03-18,0.026000000000000002
2019-03-19,0.026099999999999998
2019-03-20,0.0254
2019-03-21,0.0254
2019-03-22,0.024399999999999998
2019-03-25,0.024300000000000002
2019-03-26,0.0241
2019-03-27,0.0239
2019-03-28,0.0239
2019-03-29,0.0241
2019-04-01,0.024900000000000002
2019-04-02,0.0248
2019-04-03,0.0252
2019-04-04,0.025099999999999997
2019-04-05,0.025
2019-04-08,0.0252
2019-04-09,0.025099999999999997
2019-04-10,0.0248
2019-04-11,0.025099999999999997
2019-04-12,0.0256
2019-04-15,0.0255
2019-04-16,0.026000000000000002
2019-04-17,0.0259
2019-04-18,0.025699999999999997
2019-04-22,0.0259
2019-04-23,0.025699999999999997
2019-04-24,0.0253
2019-04-25,0.0254
2019-04-26,0.025099999999999997
2019-04-29,0.0254
2019-04-30,0.025099999999999997
2019-05-01,0.0252
2019-05-02,0.0255
2019-05-03,0.0254
2019-05-06,0.025099999999999997
2019-05-07,0.0245
2019-05-08,0.024900000000000002
2019-05-09,0.0245
2019-05-10,0.024700000000000003
2019-05-13,0.024
2019-05-14,0.0242
2019-05-15,0.023700000000000002
2019-05-16,0.024
2019-05-17,0.0239
2019-05-20,0.0241
2019-05-21,0.024300000000000002
2019-05-22,0.0239
2019-05-23,0.0231
2019-05-24,0.0232
2019-05-28,0.0226
2019-05-29,0.0225
2019-05-30,0.0222
2019-05-31,0.021400000000000002
2019-06-03,0.0207
2019-06-04,0.0212
2019-06-05,0.0212
2019-06-06,0.0212
2019-06-07,0.0209
2019-06-10,0.0215
2019-06-11,0.0215
2019-06-12,0.0213
2019-06-13,0.021
2019-06-14,0.0209
2019-06-17,0.0209
2019-06-18,0.0206
2019-06-19,0.0203
2019-06-20,0.020099999999999996
2019-06-21,0.0207
2019-06-24,0.0202
2019-06-25,0.02
2019-06-26,0.020499999999999997
2019-06-27,0.020099999999999996
2019-06-28,0.02
2019-07-01,0.0203
2019-07-02,0.019799999999999998
2019-07-03,0.0196
2019-07-05,0.0204
2019-07-08,0.020499999999999997
2019-07-09,0.0207
2019-07-10,0.0207
2019-07-11,0.0213
2019-07-12,0.0212
2019-07-15,0.0209
2019-07-16,0.0213
2019-07-17,0.0206
2019-07-18,0.0204
2019-07-19,0.020499999999999997
2019-07-22,0.020499999999999997
2019-07-23,0.0208
2019-07-24,0.020499999999999997
2019-07-25,0.0208
2019-07-26,0.0208
2019-07-29,0.0206
2019-07-30,0.0206
2019-07-31,0.0202
2019-08-01,0.019
2019-08-02,0.018600000000000002
2019-08-05,0.0175
2019-08-06,0.0173
2019-08-07,0.0171
2019-08-08,0.0172
2019-08-09,0.0174
2019-08-12,0.0165
2019-08-13,0.0168
2019-08-14,0.0159
2019-08-15,0.0152
2019-08-16,0.0155
2019-08-19,0.016
2019-08-20,0.0155
2019-08-21,0.0159
2019-08-22,0.016200000000000003
2019-08-23,0.0152
2019-08-26,0.0154
2019-08-27,0.0149
2019-08-28,0.0147
2019-08-29,0.015
2019-08-30,0.015
2019-09-03,0.0147
2019-09-04,0.0147
2019-09-05,0.015700000000000002
2019-09-06,0.0155
2019-09-09,0.0163
2019-09-10,0.0172
2019-09-11,0.0175
2019-09-12,0.0179
2019-09-13,0.019
2019-09-16,0.0184
2019-09-17,0.0181
2019-09-18,0.018000000000000002
2019-09-19,0.0179
2019-09-20,0.0174
2019-09-23,0.0172
2019-09-24,0.016399999999999998
2019-09-25,0.0173
2019-09-26,0.017
2019-09-27,0.0169
2019-09-30,0.0168
2019-10-01,0.0165
2019-10-02,0.016
2019-10-03,0.0154
2019-10-04,0.0152
2019-10-07,0.015600000000000001
2019-10-08,0.0154
2019-10-09,0.0159
2019-10-10,0.0167
2019-10-11,0.0176
2019-10-15,0.0177
2019-10-16,0.0175
2019-10-17,0.0176
2019-10-18,0.0176
2019-10-21,0.018000000000000002
2019-10-22,0.0178
2019-10-23,0.0177
2019-10-24,0.0177
2019-10-25,0.018000000000000002
2019-10-28,0.018500000000000003
2019-10-29,0.0184
2019-10-30,0.0178
2019-10-31,0.0169
2019-11-01,0.0173
2019-11-04,0.0179
2019-11-05,0.018600000000000002
2019-11-06,0.0181
2019-11-07,0.0192
2019-11-08,0.0194
2019-11-12,0.0192
2019-11-13,0.018799999999999997
2019-11-14,0.0182
2019-11-15,0.0184
2019-11-18,0.0181
2019-11-19,0.0179
2019-11-20,0.0173
2019-11-21,0.0177
2019-11-22,0.0177
2019-11-25,0.0176
2019-11-26,0.0174
2019-11-27,0.0177
2019-11-29,0.0178
2019-12-02,0.0183
2019-12-03,0.0172
2019-12-04,0.0177
2019-12-05,0.018000000000000002
2019-12-06,0.0184
2019-12-09,0.0183
2019-12-10,0.018500000000000003
2019-12-11,0.0179
2019-12-12,0.019
2019-12-13,0.0182
2019-12-16,0.0189
2019-12-17,0.0189
2019-12-18,0.0192
2019-12-19,0.0192
2019-12-20,0.0192
2019-12-23,0.019299999999999998
2019-12-24,0.019
2019-12-26,0.019
2019-12-27,0.018799999999999997
2019-12-30,0.019
2019-12-31,0.0192
2020-01-02,0.018799999999999997
2020-01-03,0.018000000000000002
2020-01-06,0.0181
2020-01-07,0.0183
2020-01-08,0.0187
2020-01-09,0.018500000000000003
2020-01-10,0.0183
2020-01-13,0.018500000000000003
2020-01-14,0.0182
2020-01-15,0.0179
2020-01-16,0.0181
2020-01-17,0.0184
2020-01-21,0.0178
2020-01-22,0.0177
2020-01-23,0.0174
2020-01-24,0.017
2020-01-27,0.0161
2020-01-28,0.0165
2020-01-29,0.016
2020-01-30,0.015700000000000002
2020-01-31,0.0151
2020-02-03,0.0154
2020-02-04,0.0161
2020-02-05,0.0166
2020-02-06,0.0165
2020-02-07,0.0159
2020-02-10,0.015600000000000001
2020-02-11,0.0159
2020-02-12,0.016200000000000003
2020-02-13,0.0161
2020-02-14,0.0159
2020-02-18,0.0155
2020-02-19,0.015600000000000001
2020-02-20,0.0152
2020-02-21,0.0146
2020-02-24,0.0138
2020-02-25,0.013300000000000001
2020-02-26,0.013300000000000001
2020-02-27,0.013000000000000001
2020-02-28,0.0113
2020-03-02,0.011000000000000001
2020-03-03,0.0102
2020-03-04,0.0102
2020-03-05,0.0092
2020-03-06,0.0074
2020-03-09,0.0054
2020-03-10,0.0076
2020-03-11,0.008199999999999999
2020-03-12,0.0088
2020-03-13,0.009399999999999999
2020-03-16,0.0073
2020-03-17,0.0102
2020-03-18,0.0118
2020-03-19,0.011200000000000002
2020-03-20,0.0092
2020-03-23,0.0076
2020-03-24,0.0084
2020-03-25,0.0088
2020-03-26,0.0083
2020-03-27,0.0072
2020-03-30,0.006999999999999999
2020-03-31,0.006999999999999999
2020-04-01,0.0062
2020-04-02,0.0063
2020-04-03,0.0062
2020-04-06,0.0067
2020-04-07,0.0075
2020-04-08,0.0077
2020-04-09,0.0073
2020-04-13,0.0076
2020-04-14,0.0076
2020-04-15,0.0063
2020-04-16,0.0060999999999999995
2020-04-17,0.006500000000000001
2020-04-20,0.0063
2020-04-21,0.0058
2020-04-22,0.0063
2020-04-23,0.0060999999999999995
2020-04-24,0.006
2020-04-27,0.0067
2020-04-28,0.0062
2020-04-29,0.0063
2020-04-30,0.0064
2020-05-01,0.0064
2020-05-04,0.0064
2020-05-05,0.0066
2020-05-06,0.0072
2020-05-07,0.0063
2020-05-08,0.0069
2020-05-11,0.0073
2020-05-12,0.0069
2020-05-13,0.0064
2020-05-14,0.0063
2020-05-15,0.0064
2020-05-18,0.0073
2020-05-19,0.006999999999999999
2020-05-20,0.0068000000000000005
2020-05-21,0.0068000000000000005
2020-05-22,0.0066
2020-05-26,0.0069
2020-05-27,0.0068000000000000005
2020-05-28,0.006999999999999999
2020-05-29,0.006500000000000001
2020-06-01,0.0066
2020-06-02,0.0068000000000000005
2020-06-03,0.0077
2020-06-04,0.008199999999999999
2020-06-05,0.0091
2020-06-08,0.0088
2020-06-09,0.0084
2020-06-10,0.0075
2020-06-11,0.0066
2020-06-12,0.0070999999999999995
2020-06-15,0.0070999999999999995
2020-06-16,0.0075
2020-06-17,0.0074
2020-06-18,0.0070999999999999995
2020-06-19,0.006999999999999999
2020-06-22,0.0070999999999999995
2020-06-23,0.0072
2020-06-24,0.0069
2020-06-25,0.0068000000000000005
2020-06-26,0.0064
2020-06-29,0.0064
2020-06-30,0.0066
2020-07-01,0.0069
2020-07-02,0.0068000000000000005
2020-07-06,0.0069
2020-07-07,0.006500000000000001
2020-07-08,0.0067
2020-07-09,0.0062
2020-07-10,0.006500000000000001
2020-07-13,0.0064
2020-07-14,0.0063
2020-07-15,0.0064
2020-07-16,0.0062
2020-07-17,0.0064
2020-07-20,0.0062
2020-07-21,0.0060999999999999995
2020-07-22,0.006
2020-07-23,0.0059
2020-07-24,0.0059
2020-07-27,0.0062
2020-07-28,0.0059
2020-07-29,0.0058
2020-07-30,0.0055000000000000005
2020-07-31,0.0055000000000000005
2020-08-03,0.005600000000000001
2020-08-04,0.0052
2020-08-05,0.0055000000000000005
2020-08-06,0.0055000000000000005
2020-08-07,0.005699999999999999
2020-08-10,0.0059
2020-08-11,0.0064
2020-08-12,0.0069
2020-08-13,0.0070999999999999995
2020-08-14,0.0070999999999999995
2020-08-17,0.0069
2020-08-18,0.0067
2020-08-19,0.0068000000000000005
2020-08-20,0.006500000000000001
2020-08-21,0.0064
2020-08-24,0.006500000000000001
2020-08-25,0.0069
2020-08-26,0.0069
2020-08-27,0.0074
2020-08-28,0.0074
2020-08-31,0.0072
2020-09-01,0.0068000000000000005
2020-09-02,0.0066
2020-09-03,0.0063
2020-09-04,0.0072
2020-09-08,0.0069
2020-09-09,0.0070999999999999995
2020-09-10,0.0068000000000000005
2020-09-11,0.0067
2020-09-14,0.0068000000000000005
2020-09-15,0.0068000000000000005
2020-09-16,0.0069
2020-09-17,0.0069
2020-09-18,0.006999999999999999
2020-09-21,0.0068000000000000005
2020-09-22,0.0068000000000000005
2020-09-23,0.0068000000000000005
2020-09-24,0.0067
2020-09-25,0.0066
2020-09-28,0.0067
2020-09-29,0.0066
2020-09-30,0.0069
2020-10-01,0.0068000000000000005
2020-10-02,0.006999999999999999
2020-10-05,0.0078000000000000005
2020-10-06,0.0076
2020-10-07,0.008100000000000001
2020-10-08,0.0078000000000000005
2020-10-09,0.0079
2020-10-13,0.0074
2020-10-14,0.0073
2020-10-15,0.0074
2020-10-16,0.0076
2020-10-19,0.0078000000000000005
2020-10-20,0.008100000000000001
2020-10-21,0.0083
2020-10-22,0.0087
2020-10-23,0.0085
2020-10-26,0.008100000000000001
2020-10-27,0.0079
2020-10-28,0.0079
2020-10-29,0.0085
2020-10-30,0.0088
2020-11-02,0.0087
2020-11-03,0.009000000000000001
2020-11-04,0.0078000000000000005
2020-11-05,0.0079
2020-11-06,0.0083
2020-11-09,0.0096
2020-11-10,0.0098
2020-11-12,0.0088
2020-11-13,0.0089
2020-11-16,0.0091
2020-11-17,0.0087
2020-11-18,0.0088
2020-11-19,0.0086
2020-11-20,0.0083
2020-11-23,0.0086
2020-11-24,0.0088
2020-11-25,0.0088
2020-11-27,0.0084
2020-11-30,0.0084
2020-12-01,0.0092
2020-12-02,0.0095
2020-12-03,0.0092
2020-12-04,0.0097
2020-12-07,0.009399999999999999
2020-12-08,0.0092
2020-12-09,0.0095
2020-12-10,0.0092
2020-12-11,0.009000000000000001
2020-12-14,0.009000000000000001
2020-12-15,0.0092
2020-12-16,0.0092
2020-12-17,0.009399999999999999
2020-12-18,0.0095
2020-12-21,0.0095
2020-12-22,0.009300000000000001
2020-12-23,0.0096
2020-12-24,0.009399999999999999
2020-12-28,0.009399999999999999
2020-12-29,0.009399999999999999
2020-12-30,0.009300000000000001
2020-12-31,0.009300000000000001
2021-01-04,0.009300000000000001
2021-01-05,0.0096
2021-01-06,0.0104
2021-01-07,0.0108
2021-01-08,0.0113
2021-01-11,0.0115
2021-01-12,0.0115
2021-01-13,0.011000000000000001
2021-01-14,0.0115
2021-01-15,0.0111
2021-01-19,0.011000000000000001
2021-01-20,0.011000000000000001
2021-01-21,0.011200000000000002
2021-01-22,0.011000000000000001
2021-01-25,0.0105
2021-01-26,0.0105
2021-01-27,0.0104
2021-01-28,0.010700000000000001
2021-01-29,0.0111
2021-02-01,0.0109
2021-02-02,0.011200000000000002
2021-02-03,0.0115
2021-02-04,0.0115
2021-02-05,0.011899999999999999
2021-02-08,0.011899999999999999
2021-02-09,0.0118
2021-02-10,0.0115
2021-02-11,0.0116
2021-02-12,0.012
2021-02-16,0.013000000000000001
2021-02-17,0.0129
2021-02-18,0.0129
2021-02-19,0.0134
2021-02-22,0.0137
2021-02-23,0.0137
2021-02-24,0.0138
2021-02-25,0.0154
2021-02-26,0.0144
2021-03-01,0.014499999999999999
2021-03-02,0.014199999999999999
2021-03-03,0.0147
2021-03-04,0.0154
2021-03-05,0.015600000000000001
2021-03-08,0.0159
2021-03-09,0.0155
2021-03-10,0.015300000000000001
2021-03-11,0.0154
2021-03-12,0.016399999999999998
2021-03-15,0.016200000000000003
2021-03-16,0.016200000000000003
2021-03-17,0.0163
2021-03-18,0.0171
2021-03-19,0.0174
2021-03-22,0.0169
2021-03-23,0.0163
2021-03-24,0.016200000000000003
2021-03-25,0.0163
2021-03-26,0.0167
2021-03-29,0.0173
2021-03-30,0.0173
2021-03-31,0.0174
2021-04-01,0.0169
2021-04-02,0.0172
2021-04-05,0.0173
2021-04-06,0.0167
2021-04-07,0.0168
2021-04-08,0.016399999999999998
2021-04-09,0.0167
2021-04-12,0.0169
2021-04-13,0.016399999999999998
2021-04-14,0.016399999999999998
2021-04-15,0.015600000000000001
2021-04-16,0.0159
2021-04-19,0.0161
2021-04-20,0.0158
2021-04-21,0.015700000000000002
2021-04-22,0.015700000000000002
2021-04-23,0.0158
2021-04-26,0.0158
2021-04-27,0.0163
2021-04-28,0.0163
2021-04-29,0.0165
2021-04-30,0.0165
2021-05-03,0.0163
2021-05-04,0.0161
2021-05-05,0.0159
2021-05-06,0.0158
2021-05-07,0.016
2021-05-10,0.0163
2021-05-11,0.016399999999999998
2021-05-12,0.0169
2021-05-13,0.0166
2021-05-14,0.0163
2021-05-17,0.016399999999999998
2021-05-18,0.016399999999999998
2021-05-19,0.0168
2021-05-20,0.0163
2021-05-21,0.0163
2021-05-24,0.0161
2021-05-25,0.015600000000000001
2021-05-26,0.0158
2021-05-27,0.0161
2021-05-28,0.0158
2021-06-01,0.016200000000000003
2021-06-02,0.0159
2021-06-03,0.0163
2021-06-04,0.015600000000000001
2021-06-07,0.015700000000000002
2021-06-08,0.015300000000000001
2021-06-09,0.015
2021-06-10,0.014499999999999999
2021-06-11,0.0147
2021-06-14,0.0151
2021-06-15,0.0151
2021-06-16,0.015700000000000002
2021-06-17,0.0152
2021-06-18,0.014499999999999999
2021-06-21,0.015
2021-06-22,0.0148
2021-06-23,0.015
2021-06-24,0.0149
2021-06-25,0.0154
2021-06-28,0.0149
2021-06-29,0.0149
2021-06-30,0.014499999999999999
2021-07-01,0.0148
2021-07-02,0.0144
2021-07-06,0.0137
2021-07-07,0.013300000000000001
2021-07-08,0.013000000000000001
2021-07-09,0.0137
2021-07-12,0.0138
2021-07-13,0.014199999999999999
2021-07-14,0.0137
2021-07-15,0.0131
2021-07-16,0.0131
2021-07-19,0.011899999999999999
2021-07-20,0.0123
2021-07-21,0.013000000000000001
2021-07-22,0.0127
2021-07-23,0.013000000000000001
2021-07-26,0.0129
2021-07-27,0.0125
2021-07-28,0.0126
2021-07-29,0.0128
2021-07-30,0.0124
2021-08-02,0.012
2021-08-03,0.011899999999999999
2021-08-04,0.011899999999999999
2021-08-05,0.0123
2021-08-06,0.0131
2021-08-09,0.013300000000000001
2021-08-10,0.013600000000000001
2021-08-11,0.013500000000000002
2021-08-12,0.013600000000000001
2021-08-13,0.0129
2021-08-16,0.0126
2021-08-17,0.0126
2021-08-18,0.0127
2021-08-19,0.0124
2021-08-20,0.0126
2021-08-23,0.0125
2021-08-24,0.0129
2021-08-25,0.013500000000000002
2021-08-26,0.0134
2021-08-27,0.0131
2021-08-30,0.0129
2021-08-31,0.013000000000000001
2021-09-01,0.0131
2021-09-02,0.0129
2021-09-03,0.013300000000000001
2021-09-07,0.0138
2021-09-08,0.013500000000000002
2021-09-09,0.013000000000000001
2021-09-10,0.013500000000000002
2021-09-13,0.013300000000000001
2021-09-14,0.0128
2021-09-15,0.0131
2021-09-16,0.0134
2021-09-17,0.0137
2021-09-20,0.0131
2021-09-21,0.013300000000000001
2021-09-22,0.0132
2021-09-23,0.0141
2021-09-24,0.0147
2021-09-27,0.0148
2021-09-28,0.0154
2021-09-29,0.0155
2021-09-30,0.0152
2021-10-01,0.0148
2021-10-04,0.0149
2021-10-05,0.0154
2021-10-06,0.015300000000000001
2021-10-07,0.0158
2021-10-08,0.0161
2021-10-12,0.0159
2021-10-13,0.015600000000000001
2021-10-14,0.0152
2021-10-15,0.0159
2021-10-18,0.0159
2021-10-19,0.0165
2021-10-20,0.0165
2021-10-21,0.0168
2021-10-22,0.0166
2021-10-25,0.016399999999999998
2021-10-26,0.0163
2021-10-27,0.0154
2021-10-28,0.015700000000000002
2021-10-29,0.0155
2021-11-01,0.0158
2021-11-02,0.015600000000000001
2021-11-03,0.016
2021-11-04,0.015300000000000001
2021-11-05,0.014499999999999999
2021-11-08,0.0151
2021-11-09,0.0146
2021-11-10,0.015600000000000001
2021-11-12,0.0158
2021-11-15,0.0163
2021-11-16,0.0163
2021-11-17,0.016
2021-11-18,0.0159
2021-11-19,0.0154
2021-11-22,0.0163
2021-11-23,0.0167
2021-11-24,0.016399999999999998
2021-11-26,0.0148
2021-11-29,0.0152
2021-11-30,0.0143
2021-12-01,0.0143
2021-12-02,0.0144
2021-12-03,0.013500000000000002
2021-12-06,0.0143
2021-12-07,0.0148
2021-12-08,0.0152
2021-12-09,0.0149
2021-12-10,0.0148
2021-12-13,0.014199999999999999
2021-12-14,0.0144
2021-12-15,0.0147
2021-12-16,0.0144
2021-12-17,0.0141
2021-12-20,0.0143
2021-12-21,0.0148
2021-12-22,0.0146
2021-12-23,0.015
2021-12-27,0.0148
2021-12-28,0.0149
2021-12-29,0.0155
2021-12-30,0.0152
2021-12-31,0.0152
2022-01-03,0.0163
2022-01-04,0.0166
2022-01-05,0.0171
2022-01-06,0.0173
2022-01-07,0.0176
2022-01-10,0.0178
2022-01-11,0.0175
2022-01-12,0.0174
2022-01-13,0.017
2022-01-14,0.0178
2022-01-18,0.0187
2022-01-19,0.0183
2022-01-20,0.0183
2022-01-21,0.0175
2022-01-24,0.0175
2022-01-25,0.0178
2022-01-26,0.018500000000000003
2022-01-27,0.0181
2022-01-28,0.0178
2022-01-31,0.0179
2022-02-01,0.0181
2022-02-02,0.0178
2022-02-03,0.0182
2022-02-04,0.019299999999999998
2022-02-07,0.0192
2022-02-08,0.0196
2022-02-09,0.0194
2022-02-10,0.0203
2022-02-11,0.0192
2022-02-14,0.019799999999999998
2022-02-15,0.020499999999999997
2022-02-16,0.0203
2022-02-17,0.0197
2022-02-18,0.0192
2022-02-22,0.0194
2022-02-23,0.0199
2022-02-24,0.0196
2022-02-25,0.0197
2022-02-28,0.0183
2022-03-01,0.0172
2022-03-02,0.018600000000000002
2022-03-03,0.018600000000000002
2022-03-04,0.0174
2022-03-07,0.0178
2022-03-08,0.018600000000000002
2022-03-09,0.0194
2022-03-10,0.019799999999999998
2022-03-11,0.02
2022-03-14,0.021400000000000002
2022-03-15,0.0215
2022-03-16,0.0219
2022-03-17,0.022000000000000002
2022-03-18,0.021400000000000002
2022-03-21,0.0232
2022-03-22,0.023799999999999998
2022-03-23,0.0232
2022-03-24,0.023399999999999997
2022-03-25,0.0248
2022-03-28,0.0246
2022-03-29,0.0241
2022-03-30,0.0235
2022-03-31,0.0232
2022-04-01,0.0239
2022-04-04,0.0242
2022-04-05,0.0254
2022-04-06,0.026099999999999998
2022-04-07,0.026600000000000002
2022-04-08,0.027200000000000002
2022-04-11,0.0279
2022-04-12,0.027200000000000002
2022-04-13,0.027000000000000003
2022-04-14,0.028300000000000002
2022-04-18,0.0285
2022-04-19,0.029300000000000003
2022-04-20,0.0285
2022-04-21,0.028999999999999998
2022-04-22,0.028999999999999998
2022-04-25,0.0281
2022-04-26,0.0277
2022-04-27,0.0282
2022-04-28,0.0285
2022-04-29,0.028900000000000002
2022-05-02,0.029900000000000003
2022-05-03,0.0297
2022-05-04,0.029300000000000003
2022-05-05,0.0305
2022-05-06,0.031200000000000002
2022-05-09,0.0305
2022-05-10,0.029900000000000003
2022-05-11,0.0291
2022-05-12,0.028399999999999998
2022-05-13,0.029300000000000003
2022-05-16,0.0288
2022-05-17,0.0298
2022-05-18,0.028900000000000002
2022-05-19,0.028399999999999998
2022-05-20,0.0278
2022-05-23,0.0286
2022-05-24,0.0276
2022-05-25,0.0275
2022-05-26,0.0275
2022-05-27,0.0274
2022-05-31,0.0285
2022-06-01,0.0294
2022-06-02,0.0292
2022-06-03,0.0296
2022-06-06,0.0304
2022-06-07,0.0298
2022-06-08,0.030299999999999997
2022-06-09,0.0304
2022-06-10,0.0315
2022-06-13,0.034300000000000004
2022-06-14,0.0349
2022-06-15,0.0333
2022-06-16,0.032799999999999996
2022-06-17,0.0325
2022-06-21,0.0331
2022-06-22,0.0316
2022-06-23,0.030899999999999997
2022-06-24,0.0313
2022-06-27,0.032
2022-06-28,0.032
2022-06-29,0.031
2022-06-30,0.0298
2022-07-01,0.0288
2022-07-05,0.0282
2022-07-06,0.029300000000000003
2022-07-07,0.0301
2022-07-08,0.030899999999999997
2022-07-11,0.029900000000000003
2022-07-12,0.0296
2022-07-13,0.0291
2022-07-14,0.0296
2022-07-15,0.029300000000000003
2022-07-18,0.0296
2022-07-19,0.0301
2022-07-20,0.0304
2022-07-21,0.0291
2022-07-22,0.0277
2022-07-25,0.0281
2022-07-26,0.0281
2022-07-27,0.0278
2022-07-28,0.0268
2022-07-29,0.026699999999999998
2022-08-01,0.026000000000000002
2022-08-02,0.0275
2022-08-03,0.0273
2022-08-04,0.0268
2022-08-05,0.028300000000000002
2022-08-08,0.0277
2022-08-09,0.027999999999999997
2022-08-10,0.0278
2022-08-11,0.0287
2022-08-12,0.028399999999999998
2022-08-15,0.0279
2022-08-16,0.0282
2022-08-17,0.028900000000000002
2022-08-18,0.0288
2022-08-19,0.0298
2022-08-22,0.030299999999999997
2022-08-23,0.0305
2022-08-24,0.0311
2022-08-25,0.030299999999999997
2022-08-26,0.0304
2022-08-29,0.031200000000000002
2022-08-30,0.0311
2022-08-31,0.0315
2022-09-01,0.0326
2022-09-02,0.032
2022-09-06,0.0333
2022-09-07,0.0327
2022-09-08,0.0329
2022-09-09,0.0333
2022-09-12,0.0337
2022-09-13,0.0342
2022-09-14,0.0341
2022-09-15,0.0345
2022-09-16,0.0345
2022-09-19,0.0349
2022-09-20,0.035699999999999996
2022-09-21,0.0351
2022-09-22,0.037000000000000005
2022-09-23,0.0369
2022-09-26,0.0388
2022-09-27,0.0397
2022-09-28,0.037200000000000004
2022-09-29,0.037599999999999995
2022-09-30,0.0383
2022-10-03,0.036699999999999997
2022-10-04,0.0362
2022-10-05,0.037599999999999995
2022-10-06,0.0383
2022-10-07,0.038900000000000004
2022-10-11,0.0393
2022-10-12,0.0391
2022-10-13,0.0397
2022-10-14,0.04
2022-10-17,0.04019999999999999
2022-10-18,0.0401
2022-10-19,0.0414
2022-10-20,0.0424
2022-10-21,0.0421
2022-10-24,0.0425
2022-10-25,0.040999999999999995
2022-10-26,0.0404
2022-10-27,0.039599999999999996
2022-10-28,0.04019999999999999
2022-10-31,0.040999999999999995
2022-11-01,0.0407
2022-11-02,0.040999999999999995
2022-11-03,0.0414
2022-11-04,0.0417
2022-11-07,0.042199999999999994
2022-11-08,0.0414
2022-11-09,0.0412
2022-11-10,0.0382
2022-11-14,0.0388
2022-11-15,0.038
2022-11-16,0.036699999999999997
2022-11-17,0.0377
2022-11-18,0.0382
2022-11-21,0.0383
2022-11-22,0.037599999999999995
2022-11-23,0.0371
2022-11-25,0.0368
2022-11-28,0.0369
2022-11-29,0.0375
2022-11-30,0.0368
2022-12-01,0.0353
2022-12-02,0.0351
2022-12-05,0.036000000000000004
2022-12-06,0.0351
2022-12-07,0.0342
2022-12-08,0.0348
2022-12-09,0.035699999999999996
2022-12-12,0.0361
2022-12-13,0.0351
2022-12-14,0.0349
2022-12-15,0.0344
2022-12-16,0.0348
2022-12-19,0.035699999999999996
2022-12-20,0.0369
2022-12-21,0.0368
2022-12-22,0.036699999999999997
2022-12-23,0.0375
2022-12-27,0.0384
2022-12-28,0.0388
2022-12-29,0.0383
2022-12-30,0.0388
2023-01-03,0.0379
2023-01-04,0.0369
2023-01-05,0.0371
2023-01-06,0.0355
2023-01-09,0.0353
2023-01-10,0.0361
2023-01-11,0.0354
2023-01-12,0.034300000000000004
2023-01-13,0.0349
2023-01-17,0.0353
2023-01-18,0.0337
2023-01-19,0.0339
2023-01-20,0.0348
2023-01-23,0.0352
2023-01-24,0.0346
2023-01-25,0.0346
2023-01-26,0.0349
2023-01-27,0.0352
2023-01-30,0.0355
2023-01-31,0.0352
2023-02-01,0.0339
2023-02-02,0.034
2023-02-03,0.0353
2023-02-06,0.0363
2023-02-07,0.036699999999999997
2023-02-08,0.0363
2023-02-09,0.036699999999999997
2023-02-10,0.0374
2023-02-13,0.037200000000000004
2023-02-14,0.0377
2023-02-15,0.0381
2023-02-16,0.038599999999999995
2023-02-17,0.0382
2023-02-21,0.0395
2023-02-22,0.0393
2023-02-23,0.0388
2023-02-24,0.0395
2023-02-27,0.0392
2023-02-28,0.0392
2023-03-01,0.0401
2023-03-02,0.0408
2023-03-03,0.0397
2023-03-06,0.0398
2023-03-07,0.0397
2023-03-08,0.0398
2023-03-09,0.0393
2023-03-10,0.037000000000000005
2023-03-13,0.0355
2023-03-14,0.0364
2023-03-15,0.0351
2023-03-16,0.0356
2023-03-17,0.0339
2023-03-20,0.0347
2023-03-21,0.0359
2023-03-22,0.0348
2023-03-23,0.0338
2023-03-24,0.0338
2023-03-27,0.0353
2023-03-28,0.0355
2023-03-29,0.035699999999999996
2023-03-30,0.0355
2023-03-31,0.0348
2023-04-03,0.034300000000000004
2023-04-04,0.0335
2023-04-05,0.033
2023-04-06,0.033
2023-04-07,0.0339
2023-04-10,0.0341
2023-04-11,0.034300000000000004
2023-04-12,0.0341
2023-04-13,0.0345
2023-04-14,0.0352
2023-04-17,0.036000000000000004
2023-04-18,0.0358
2023-04-19,0.036000000000000004
2023-04-20,0.0354
2023-04-21,0.035699999999999996
2023-04-24,0.0352
2023-04-25,0.034
2023-04-26,0.034300000000000004
2023-04-27,0.0353
2023-04-28,0.0344
2023-05-01,0.0359
2023-05-02,0.0344
2023-05-03,0.0338
2023-05-04,0.0337
2023-05-05,0.0344
2023-05-08,0.0352
2023-05-09,0.0353
2023-05-10,0.034300000000000004
2023-05-11,0.0339
2023-05-12,0.0346
2023-05-15,0.035
2023-05-16,0.0354
2023-05-17,0.035699999999999996
2023-05-18,0.0365
2023-05-19,0.037000000000000005
2023-05-22,0.037200000000000004
2023-05-23,0.037000000000000005
2023-05-24,0.0373
2023-05-25,0.0383
2023-05-26,0.038
2023-05-30,0.0369
2023-05-31,0.0364
2023-06-01,0.0361
2023-06-02,0.0369
2023-06-05,0.0369
2023-06-06,0.037000000000000005
2023-06-07,0.0379
2023-06-08,0.0373
2023-06-09,0.0375
2023-06-12,0.0373
2023-06-13,0.0384
2023-06-14,0.0383
2023-06-15,0.037200000000000004
2023-06-16,0.0377
2023-06-20,0.0374
2023-06-21,0.037200000000000004
2023-06-22,0.038
2023-06-23,0.0374
2023-06-26,0.037200000000000004
2023-06-27,0.0377
2023-06-28,0.0371
2023-06-29,0.0385
2023-06-30,0.0381
2023-07-03,0.038599999999999995
2023-07-05,0.0395
2023-07-06,0.0405
2023-07-07,0.0406
2023-07-10,0.0401
2023-07-11,0.039900000000000005
2023-07-12,0.038599999999999995
2023-07-13,0.037599999999999995
2023-07-14,0.0383
2023-07-17,0.0381
2023-07-18,0.038
2023-07-19,0.0375
2023-07-20,0.0385
2023-07-21,0.0384
2023-07-24,0.038599999999999995
2023-07-25,0.0391
2023-07-26,0.038599999999999995
2023-07-27,0.0401
2023-07-28,0.039599999999999996
2023-07-31,0.0397
2023-08-01,0.0405
2023-08-02,0.0408
2023-08-03,0.042
2023-08-04,0.0405
2023-08-07,0.0409
2023-08-08,0.04019999999999999
2023-08-09,0.04
2023-08-10,0.0409
2023-08-11,0.0416
2023-08-14,0.04190000000000001
2023-08-15,0.0421
2023-08-16,0.042800000000000005
2023-08-17,0.043
2023-08-18,0.0426
2023-08-21,0.0434
2023-08-22,0.0434
2023-08-23,0.04190000000000001
2023-08-24,0.042300000000000004
2023-08-25,0.0425
2023-08-28,0.042
2023-08-29,0.0412
2023-08-30,0.0412
2023-08-31,0.0409
2023-09-01,0.0418
2023-09-05,0.042699999999999995
2023-09-06,0.043
2023-09-07,0.042699999999999995
2023-09-08,0.0426
2023-09-11,0.0429
2023-09-12,0.042699999999999995
2023-09-13,0.0425
2023-09-14,0.0429
2023-09-15,0.0433
2023-09-18,0.0432
2023-09-19,0.0437
2023-09-20,0.0435
2023-09-21,0.0449
2023-09-22,0.0444
2023-09-25,0.0455
2023-09-26,0.045599999999999995
2023-09-27,0.0461
2023-09-28,0.045899999999999996
2023-09-29,0.045899999999999996
2023-10-02,0.046900000000000004
2023-10-03,0.0481
2023-10-04,0.0473
2023-10-05,0.0472
2023-10-06,0.0478
2023-10-10,0.0466
2023-10-11,0.0458
2023-10-12,0.047
2023-10-13,0.0463
2023-10-16,0.0471
2023-10-17,0.0483
2023-10-18,0.049100000000000005
2023-10-19,0.049800000000000004
2023-10-20,0.0493
2023-10-23,0.048600000000000004
2023-10-24,0.0483
2023-10-25,0.0495
2023-10-26,0.048600000000000004
2023-10-27,0.0484
2023-10-30,0.048799999999999996
2023-10-31,0.048799999999999996
2023-11-01,0.04769999999999999
2023-11-02,0.0467
2023-11-03,0.045700000000000005
2023-11-06,0.0467
2023-11-07,0.0458
2023-11-08,0.0449
2023-11-09,0.0462
2023-11-10,0.0461
2023-11-13,0.0463
2023-11-14,0.0444
2023-11-15,0.0453
2023-11-16,0.044500000000000005
2023-11-17,0.0444
2023-11-20,0.044199999999999996
2023-11-21,0.0441
2023-11-22,0.044199999999999996
2023-11-24,0.0447
2023-11-27,0.043899999999999995
2023-11-28,0.0434
2023-11-29,0.042699999999999995
2023-11-30,0.0437
2023-12-01,0.042199999999999994
2023-12-04,0.042800000000000005
2023-12-05,0.0418
2023-12-06,0.0412
2023-12-07,0.0414
2023-12-08,0.042300000000000004
2023-12-11,0.042300000000000004
2023-12-12,0.042
2023-12-13,0.0404
2023-12-14,0.0392
2023-12-15,0.0391
2023-12-18,0.0395
2023-12-19,0.0393
2023-12-20,0.038599999999999995
2023-12-21,0.038900000000000004
2023-12-22,0.039
2023-12-26,0.038900000000000004
2023-12-27,0.0379
2023-12-28,0.0384
2023-12-29,0.0388
2024-01-02,0.0395
2024-01-03,0.0391
2024-01-04,0.039900000000000005
2024-01-05,0.0405
2024-01-08,0.0401
2024-01-09,0.04019999999999999
2024-01-10,0.0404
2024-01-11,0.0398
2024-01-12,0.039599999999999996
2024-01-16,0.0407
2024-01-17,0.040999999999999995
2024-01-18,0.0414
2024-01-19,0.0415
2024-01-22,0.041100000000000005
2024-01-23,0.0414
2024-01-24,0.0418
2024-01-25,0.0414
2024-01-26,0.0415
2024-01-29,0.0408
2024-01-30,0.0406
2024-01-31,0.039900000000000005
2024-02-01,0.0387
2024-02-02,0.0403
2024-02-05,0.0417
2024-02-06,0.0409
2024-02-07,0.0409
2024-02-08,0.0415
2024-02-09,0.0417
2024-02-12,0.0417
2024-02-13,0.0431
2024-02-14,0.042699999999999995
2024-02-15,0.0424
2024-02-16,0.043
2024-02-20,0.042699999999999995
2024-02-21,0.0432
2024-02-22,0.0433
2024-02-23,0.0426
2024-02-26,0.042800000000000005
2024-02-27,0.0431
2024-02-28,0.042699999999999995
2024-02-29,0.0425
2024-03-01,0.04190000000000001
2024-03-04,0.042199999999999994
2024-03-05,0.041299999999999996
2024-03-06,0.041100000000000005
2024-03-07,0.0409
2024-03-08,0.0409
2024-03-11,0.040999999999999995
2024-03-12,0.0416
2024-03-13,0.04190000000000001
2024-03-14,0.0429
2024-03-15,0.0431
2024-03-18,0.0434
2024-03-19,0.043
2024-03-20,0.042699999999999995
2024-03-21,0.042699999999999995
2024-03-22,0.042199999999999994
2024-03-25,0.0425
2024-03-26,0.0424
2024-03-27,0.042
2024-03-28,0.042
2024-04-01,0.0433
2024-04-02,0.0436
2024-04-03,0.0436
2024-04-04,0.0431
2024-04-05,0.043899999999999995
2024-04-08,0.044199999999999996
2024-04-09,0.0436
2024-04-10,0.0455
2024-04-11,0.045599999999999995
2024-04-12,0.045
2024-04-15,0.0463
2024-04-16,0.0467
2024-04-17,0.045899999999999996
2024-04-18,0.0464
2024-04-19,0.0462
2024-04-22,0.0462
2024-04-23,0.0461
2024-04-24,0.04650000000000001
2024-04-25,0.047
2024-04-26,0.0467
2024-04-29,0.0463
2024-04-30,0.046900000000000004
2024-05-01,0.0463
2024-05-02,0.0458
2024-05-03,0.045
2024-05-06,0.0449
2024-05-07,0.0447
2024-05-08,0.044800000000000006
2024-05-09,0.044500000000000005
2024-05-10,0.045
2024-05-13,0.044800000000000006
2024-05-14,0.044500000000000005
2024-05-15,0.0436
2024-05-16,0.0438
2024-05-17,0.044199999999999996
2024-05-20,0.0444
2024-05-21,0.0441
2024-05-22,0.0443
2024-05-23,0.0447
2024-05-24,0.0446
2024-05-28,0.0454
2024-05-29,0.0461
2024-05-30,0.0455
2024-05-31,0.0451
2024-06-03,0.0441
2024-06-04,0.0433
2024-06-05,0.0429
2024-06-06,0.042800000000000005
2024-06-07,0.0443
2024-06-10,0.0447
2024-06-11,0.043899999999999995
2024-06-12,0.0431
2024-06-13,0.0424
2024-06-14,0.042
2024-06-17,0.042800000000000005
2024-06-18,0.042199999999999994
2024-06-20,0.0425
2024-06-21,0.0425
2024-06-24,0.0425
2024-06-25,0.042300000000000004
2024-06-26,0.0432
2024-06-27,0.0429
2024-06-28,0.0436
2024-07-01,0.044800000000000006
2024-07-02,0.0443
2024-07-03,0.0436
2024-07-05,0.042800000000000005
2024-07-08,0.042800000000000005
2024-07-09,0.043
2024-07-10,0.042800000000000005
2024-07-11,0.042
2024-07-12,0.0418
2024-07-15,0.042300000000000004
2024-07-16,0.0417
2024-07-17,0.0416
2024-07-18,0.042
2024-07-19,0.0425
2024-07-22,0.0426
2024-07-23,0.0425
2024-07-24,0.042800000000000005
2024-07-25,0.042699999999999995
2024-07-26,0.042
2024-07-29,0.0417
2024-07-30,0.0415
2024-07-31,0.0409
2024-08-01,0.039900000000000005
2024-08-02,0.038
2024-08-05,0.0378
2024-08-06,0.039
2024-08-07,0.039599999999999996
2024-08-08,0.039900000000000005
2024-08-09,0.0394
2024-08-12,0.039
2024-08-13,0.0385
2024-08-14,0.0383
2024-08-15,0.0392
2024-08-16,0.038900000000000004
2024-08-19,0.038599999999999995
2024-08-20,0.0382
2024-08-21,0.0379
2024-08-22,0.038599999999999995
2024-08-23,0.0381
2024-08-26,0.0382
2024-08-27,0.0383
2024-08-28,0.0384
2024-08-29,0.0387
2024-08-30,0.0391
2024-09-03,0.0384
2024-09-04,0.0377
2024-09-05,0.0373
2024-09-06,0.037200000000000004
2024-09-09,0.037000000000000005
2024-09-10,0.0365
2024-09-11,0.0365
2024-09-12,0.0368
2024-09-13,0.0366
2024-09-16,0.0363
2024-09-17,0.0365
2024-09-18,0.037000000000000005
2024-09-19,0.0373
2024-09-20,0.0373
2024-09-23,0.0375
2024-09-24,0.0374
2024-09-25,0.0379
2024-09-26,0.0379
2024-09-27,0.0375
2024-09-30,0.0381
2024-10-01,0.0374
2024-10-02,0.0379
2024-10-03,0.0385
2024-10-04,0.0398
2024-10-07,0.0403
2024-10-08,0.0404
2024-10-09,0.0406
2024-10-10,0.0409
2024-10-11,0.0408
2024-10-15,0.0403
2024-10-16,0.04019999999999999
2024-10-17,0.0409
2024-10-18,0.0408
2024-10-21,0.04190000000000001
2024-10-22,0.042
2024-10-23,0.0424
2024-10-24,0.0421
2024-10-25,0.0425
2024-10-28,0.042800000000000005
2024-10-29,0.042800000000000005
2024-10-30,0.0429
2024-10-31,0.042800000000000005
2024-11-01,0.0437
2024-11-04,0.0431
2024-11-05,0.0426
2024-11-06,0.044199999999999996
2024-11-07,0.0431
2024-11-08,0.043
2024-11-12,0.0443
2024-11-13,0.0444
2024-11-14,0.0443
2024-11-15,0.0443
2024-11-18,0.044199999999999996
2024-11-19,0.043899999999999995
2024-11-20,0.0441
2024-11-21,0.0443
2024-11-22,0.0441
2024-11-25,0.042699999999999995
2024-11-26,0.043
2024-11-27,0.0425
2024-11-29,0.0418
2024-12-02,0.04190000000000001
2024-12-03,0.042300000000000004
2024-12-04,0.04190000000000001
2024-12-05,0.0417
2024-12-06,0.0415
2024-12-09,0.042
2024-12-10,0.042199999999999994
2024-12-11,0.0426
2024-12-12,0.0432
2024-12-13,0.044000000000000004
2024-12-16,0.043899999999999995
2024-12-17,0.044000000000000004
2024-12-18,0.045
2024-12-19,0.045700000000000005
2024-12-20,0.0452
2024-12-23,0.045899999999999996
2024-12-24,0.045899999999999996
2024-12-26,0.0458
2024-12-27,0.0462
2024-12-30,0.0455
2024-12-31,0.0458
2025-01-02,0.045700000000000005
2025-01-03,0.046
2025-01-06,0.0462
2025-01-07,0.0467
2025-01-08,0.0467
2025-01-09,0.046799999999999994
2025-01-10,0.04769999999999999
2025-01-13,0.0479
2025-01-14,0.0478
2025-01-15,0.0466
2025-01-16,0.0461
2025-01-17,0.0461
2025-01-21,0.045700000000000005
2025-01-22,0.046
2025-01-23,0.04650000000000001
2025-01-24,0.0463
2025-01-27,0.0453
2025-01-28,0.0455
2025-01-29,0.0455
2025-01-30,0.0452
2025-01-31,0.0458
2025-02-03,0.0454
2025-02-04,0.0452
2025-02-05,0.0443
2025-02-06,0.044500000000000005
2025-02-07,0.0449
2025-02-10,0.0451
2025-02-11,0.0454
2025-02-12,0.0462
2025-02-13,0.0452
2025-02-14,0.0447
2025-02-18,0.0455
2025-02-19,0.0453
2025-02-20,0.045
2025-02-21,0.044199999999999996
2025-02-24,0.044000000000000004
2025-02-25,0.043
2025-02-26,0.0425
2025-02-27,0.0429
2025-02-28,0.0424
2025-03-03,0.0416
2025-03-04,0.042199999999999994
2025-03-05,0.042800000000000005
2025-03-06,0.0429
2025-03-07,0.0432
2025-03-10,0.042199999999999994
2025-03-11,0.042800000000000005
2025-03-12,0.0432
2025-03-13,0.042699999999999995
2025-03-14,0.0431
2025-03-17,0.0431
2025-03-18,0.0429
2025-03-19,0.0425
2025-03-20,0.0424
2025-03-21,0.0425
2025-03-24,0.0434
2025-03-25,0.0431
2025-03-26,0.0435
2025-03-27,0.0438
2025-03-28,0.042699999999999995
2025-03-31,0.042300000000000004
2025-04-01,0.0417
2025-04-02,0.042
2025-04-03,0.0406
2025-04-04,0.0401
2025-04-07,0.0415
2025-04-08,0.0426
2025-04-09,0.0434
2025-04-10,0.044000000000000004
2025-04-11,0.044800000000000006
2025-04-14,0.0438
2025-04-15,0.0435
2025-04-16,0.0429
2025-04-17,0.0434
2025-04-21,0.044199999999999996
2025-04-22,0.0441
2025-04-23,0.044000000000000004
2025-04-24,0.0432
2025-04-25,0.0429
2025-04-28,0.042300000000000004
2025-04-29,0.04190000000000001
2025-04-30,0.0417
2025-05-01,0.0425
2025-05-02,0.0433
2025-05-05,0.0436
2025-05-06,0.043
2025-05-07,0.0426
2025-05-08,0.0437
2025-05-09,0.0437
2025-05-12,0.044500000000000005
2025-05-13,0.0449
2025-05-14,0.0453
2025-05-15,0.044500000000000005
2025-05-16,0.0443
2025-05-19,0.0446
2025-05-20,0.044800000000000006
2025-05-21,0.0458
2025-05-22,0.0454
2025-05-23,0.0451
2025-05-27,0.0443
2025-05-28,0.0447
2025-05-29,0.0443
2025-05-30,0.0441
2025-06-02,0.0446
2025-06-03,0.0446
2025-06-04,0.0437
2025-06-05,0.044000000000000004
2025-06-06,0.0451
2025-06-09,0.0449
2025-06-10,0.0447
2025-06-11,0.0441
2025-06-12,0.0436
2025-06-13,0.0441
2025-06-16,0.0446
2025-06-17,0.043899999999999995
2025-06-18,0.0438
2025-06-20,0.0438
2025-06-23,0.0434
2025-06-24,0.043
2025-06-25,0.0429
2025-06-26,0.0426
2025-06-27,0.0429
2025-06-30,0.0424
2025-07-01,0.0426
2025-07-02,0.043
2025-07-03,0.0435
2025-07-07,0.044000000000000004
2025-07-08,0.044199999999999996
2025-07-09,0.0434
2025-07-10,0.0435
2025-07-11,0.0443
2025-07-14,0.0443
2025-07-15,0.045
2025-07-16,0.0446
2025-07-17,0.0447
2025-07-18,0.0444
2025-07-21,0.0438
2025-07-22,0.0435
2025-07-23,0.044000000000000004
2025-07-24,0.0443
2025-07-25,0.044000000000000004
2025-07-28,0.044199999999999996
2025-07-29,0.0434
2025-07-30,0.0438
2025-07-31,0.0437
2025-08-01,0.042300000000000004
2025-08-04,0.042199999999999994
2025-08-05,0.042199999999999994
2025-08-06,0.042199999999999994
2025-08-07,0.042300000000000004
2025-08-08,0.042699999999999995
2025-08-11,0.042699999999999995
2025-08-12,0.0429
2025-08-13,0.0424
2025-08-14,0.0429
2025-08-15,0.0433
2025-08-18,0.0434
2025-08-19,0.043
2025-08-20,0.0429
2025-08-21,0.0433
2025-08-22,0.0426
2025-08-25,0.042800000000000005
2025-08-26,0.0426
2025-08-27,0.0424
2025-08-28,0.042199999999999994
2025-08-29,0.042300000000000004
2025-09-02,0.042800000000000005
2025-09-03,0.042199999999999994
2025-09-04,0.0417
2025-09-05,0.040999999999999995
2025-09-08,0.0405
2025-09-09,0.0408
2025-09-10,0.0404
2025-09-11,0.0401
2025-09-12,0.0406
2025-09-15,0.0405
2025-09-16,0.0404
2025-09-17,0.0406
2025-09-18,0.041100000000000005
2025-09-19,0.0414
2025-09-22,0.0415
2025-09-23,0.0412
2025-09-24,0.0416
2025-09-25,0.0418
2025-09-26,0.042
2025-09-29,0.0415
2025-09-30,0.0416
2025-10-01,0.0412
2025-10-02,0.040999999999999995
2025-10-03,0.041299999999999996
2025-10-06,0.0418
2025-10-07,0.0414
2025-10-08,0.041299999999999996
2025-10-09,0.0414
2025-10-10,0.0405
2025-10-14,0.0403
2025-10-15,0.0405
2025-10-16,0.039900000000000005
2025-10-17,0.04019999999999999
2025-10-20,0.04
2025-10-21,0.0398
2025-10-22,0.0397
2025-10-23,0.0401
2025-10-24,0.04019999999999999
2025-10-27,0.0401
2025-10-28,0.039900000000000005
2025-10-29,0.0408
2025-10-30,0.041100000000000005
2025-10-31,0.041100000000000005
2025-11-03,0.041299999999999996
2025-11-04,0.040999999999999995
2025-11-05,0.0417
2025-11-06,0.041100000000000005
2025-11-07,0.041100000000000005
2025-11-10,0.041299999999999996
2025-11-12,0.0408
2025-11-13,0.041100000000000005
2025-11-14,0.0414
2025-11-17,0.041299999999999996
2025-11-18,0.0412
2025-11-19,0.041299999999999996
2025-11-20,0.040999999999999995
2025-11-21,0.0406
2025-11-24,0.0404
2025-11-25,0.0401
2025-11-26,0.04
2025-11-28,0.04019999999999999
2025-12-01,0.0409
2025-12-02,0.0409
2025-12-03,0.0406
2025-12-04,0.041100000000000005
2025-12-05,0.0414
2025-12-08,0.0417
2025-12-09,0.0418
2025-12-10,0.041299999999999996
2025-12-11,0.0414
2025-12-12,0.04190000000000001
2025-12-15,0.0418
2025-12-16,0.0415
2025-12-17,0.0416
2025-12-18,0.0412
2025-12-19,0.0416
2025-12-22,0.0417
2025-12-23,0.0418
2025-12-24,0.0415
2025-12-26,0.0414
2025-12-29,0.0412
2025-12-30,0.0414
2025-12-31,0.0418
2026-01-02,0.04190000000000001
2026-01-05,0.0417
2026-01-06,0.0418
2026-01-07,0.0415
2026-01-08,0.04190000000000001
2026-01-09,0.0418
2026-01-12,0.04190000000000001
2026-01-13,0.0418
2026-01-14,0.0415
2026-01-15,0.0417
2026-01-16,0.0424
2026-01-20,0.043
2026-01-21,0.0426
2026-01-22,0.0426
2026-01-23,0.0424
2026-01-26,0.042199999999999994
2026-01-27,0.0424
2026-01-28,0.0426
2026-01-29,0.0424
2026-01-30,0.0426
2026-02-02,0.0429
2026-02-03,0.042800000000000005
2026-02-04,0.0429
2026-02-05,0.0421
2026-02-06,0.042199999999999994
2026-02-09,0.042199999999999994
2026-02-10,0.0416
2026-02-11,0.0418
2026-02-12,0.0409
2026-02-13,0.0404
2026-02-17,0.0405
2026-02-18,0.0409
2026-02-19,0.0408
2026-02-20,0.0408
2026-02-23,0.0403
2026-02-24,0.0404
2026-02-25,0.0405
2026-02-26,0.04019999999999999
2026-02-27,0.0397
2026-03-02,0.0405
2026-03-03,0.0406
2026-03-04,0.0409
2026-03-05,0.041299999999999996
2026-03-06,0.0415
2026-03-09,0.0412
2026-03-10,0.0415
2026-03-11,0.0421
2026-03-12,0.042699999999999995
2026-03-13,0.042800000000000005
2026-03-16,0.042300000000000004
2026-03-17,0.042
2026-03-18,0.0426
2026-03-19,0.0425
2026-03-20,0.043899999999999995
2026-03-23,0.0434
2026-03-24,0.043899999999999995
2026-03-25,0.0433
2026-03-26,0.044199999999999996
2026-03-27,0.0444
2026-03-30,0.0435
2026-03-31,0.043
2026-04-01,0.0433
2026-04-02,0.0431
2026-04-03,0.0435
2026-04-06,0.0434
2026-04-07,0.0433
2026-04-08,0.0429
2026-04-09,0.0429
2026-04-10,0.0431
2026-04-13,0.043
2026-04-14,0.0426
2026-04-15,0.0429
2026-04-16,0.0432
2026-04-17,0.0426
2026-04-20,0.0426
2026-04-21,0.043
2026-04-22,0.043
2026-04-23,0.0434
2026-04-24,0.0431
2026-04-27,0.0435
2026-04-28,0.0436
2026-04-29,0.044199999999999996
2026-04-30,0.044000000000000004
2026-05-01,0.043899999999999995
2026-05-04,0.044500000000000005
2026-05-05,0.0443
2026-05-06,0.0436
2026-05-07,0.0441
2026-05-08,0.0438
2026-05-11,0.044199999999999996
2026-05-12,0.0446
2026-05-13,0.0446
2026-05-14,0.0447
2026-05-15,0.045899999999999996
2026-05-18,0.0461
2026-05-19,0.0467
2026-05-20,0.045700000000000005
2026-05-21,0.045700000000000005
2026-05-22,0.045599999999999995
2026-05-26,0.045
2026-05-27,0.044800000000000006
2026-05-28,0.044500000000000005
2026-05-29,0.044500000000000005
2026-06-01,0.0447
2026-06-02,0.0446
2026-06-03,0.0449
2026-06-04,0.0447
2026-06-05,0.0455
2026-06-08,0.045599999999999995
2026-06-09,0.0453
2026-06-10,0.0455
2026-06-11,0.044500000000000005
2026-06-12,0.044800000000000006
2026-06-15,0.0447
2026-06-16,0.0443
2026-06-17,0.0449
2026-06-18,0.0446
2026-06-22,0.0451
2026-06-23,0.045
2026-06-24,0.0441
2026-06-25,0.044000000000000004
2026-06-26,0.0438
2026-06-29,0.0438
2026-06-30,0.0444
2026-07-01,0.044800000000000006
2026-07-02,0.0449
2026-07-06,0.044800000000000006
2026-07-07,0.0455
2026-07-08,0.045599999999999995
2026-07-09,0.0454
2026-07-10,0.045599999999999995
2026-07-13,0.0462
2026-07-14,0.0458
2026-07-15,0.0455
2026-07-16,0.045700000000000005
2026-07-17,0.0455
2026-07-20,0.046
2026-07-21,0.0463
2026-07-22,0.0467
2026-07-23,0.0471
2026-07-24,0.046900000000000004
